-552.8310,5.5012,-59.7662,0.000085
-552.8673,5.5012,-60.0888,0.000179
-552.9036,5.5012,-60.4115,0.000275
-552.9359,5.5012,-60.6986,0.000351
-552.9761,5.5012,-61.0575,0.000462
-553.0124,5.5012,-61.3808,0.000551
-553.0527,5.5012,-61.7401,0.000659
-553.0890,5.5012,-62.0637,0.000750
-553.1252,5.5012,-62.3874,0.000847
-553.1575,5.5012,-62.6753,0.000928
-553.1897,5.5012,-62.9633,0.001013
-553.2260,5.5012,-63.2875,0.001103
-553.2582,5.5012,-63.5757,0.001185
-553.2946,5.5012,-63.9002,0.001280
-553.3268,5.5012,-64.1887,0.001362
-553.3632,5.5012,-64.5135,0.001457
-553.3997,5.5012,-64.8384,0.001550
-553.4360,5.5012,-65.1636,0.001641
-553.4763,5.5012,-65.5251,0.001746
-553.5126,5.5012,-65.8505,0.001836
-553.5448,5.5012,-66.1400,0.001923
-553.5851,5.5012,-66.5020,0.002026
-553.6173,5.5012,-66.7917,0.002107
-553.6576,5.5012,-67.1540,0.002210
-553.6938,5.5012,-67.4803,0.002307
-553.7342,5.5012,-67.8430,0.002415
-553.7664,5.5012,-68.1333,0.002495
-553.8067,5.5012,-68.4963,0.002595
-553.8430,5.5012,-68.8231,0.002695
-553.8755,5.5012,-69.1137,0.002768
-553.9121,5.5012,-69.4408,0.002866
-553.9526,5.5012,-69.8045,0.002968
-553.9933,5.5012,-70.1683,0.003075
-554.0259,5.5012,-70.4595,0.003153
-554.0667,5.5012,-70.8237,0.003263
-554.1035,5.5012,-71.1517,0.003355
-554.1444,5.5012,-71.5163,0.003464
-554.1812,5.5012,-71.8447,0.003552
-554.2221,5.5012,-72.2095,0.003656
-554.2548,5.5012,-72.5018,0.003744
-554.2875,5.5012,-72.7940,0.003827
-554.3243,5.5012,-73.1230,0.003921
-554.3611,5.5012,-73.4522,0.004017
-554.4022,5.5012,-73.8180,0.004121
-554.4393,5.5012,-74.1473,0.004214
-554.4726,5.5012,-74.4401,0.004299
-554.5145,5.5012,-74.8063,0.004404
-554.5480,5.5012,-75.0993,0.004485
-554.5859,5.5012,-75.4293,0.004585
-554.6281,5.5012,-75.7961,0.004688
-554.6619,5.5012,-76.0897,0.004776
-554.7045,5.5012,-76.4568,0.004877
-554.7429,5.5012,-76.7875,0.004976
-554.7812,5.5012,-77.1182,0.005072
-554.8198,5.5012,-77.4491,0.005165
-554.8587,5.5012,-77.7803,0.005259
-554.8932,5.5012,-78.0749,0.005343
-554.9365,5.5012,-78.4433,0.005445
-554.9755,5.5012,-78.7752,0.005543
-555.0188,5.5012,-79.1441,0.005655
-555.0624,5.5012,-79.5134,0.005756
-555.1016,5.5012,-79.8460,0.005852
-555.1453,5.5012,-80.2158,0.005959
-555.1844,5.5012,-80.5488,0.006056
-555.2240,5.5012,-80.8821,0.006151
-555.2679,5.5012,-81.2526,0.006259
-555.3075,5.5012,-81.5863,0.006355
-555.3470,5.5012,-81.9203,0.006447
-555.3823,5.5012,-82.2174,0.006539
-555.4219,5.5012,-82.5519,0.006633
-555.4658,5.5012,-82.9239,0.006737
-555.5098,5.5012,-83.2964,0.006844
-555.5449,5.5012,-83.5947,0.006933
-555.5845,5.5012,-83.9308,0.007029
-555.6240,5.5012,-84.2675,0.007129
-555.6680,5.5012,-84.6423,0.007236
-555.7075,5.5012,-84.9803,0.007331
-555.7427,5.5012,-85.2812,0.007419
-555.7827,5.5012,-85.6203,0.007516
-555.8271,5.5012,-85.9979,0.007624
-555.8627,5.5012,-86.3005,0.007712
-555.9026,5.5012,-86.6415,0.007810
-555.9427,5.5012,-86.9831,0.007912
-555.9783,5.5012,-87.2873,0.007994
-556.0229,5.5012,-87.6682,0.008105
-556.0674,5.5012,-88.0498,0.008216
-556.1120,5.5012,-88.4323,0.008323
-556.1566,5.5012,-88.8155,0.008436
-556.1969,5.5012,-89.1611,0.008535
-556.2371,5.5012,-89.5074,0.008638
-556.2817,5.5012,-89.8928,0.008748
-556.3174,5.5012,-90.2018,0.008834
-556.3622,5.5012,-90.5886,0.008947
-556.4068,5.5012,-90.9762,0.009063
-556.4470,5.5012,-91.3256,0.009160
-556.4916,5.5012,-91.7146,0.009271
-556.5272,5.5012,-92.0264,0.009364
-556.5718,5.5012,-92.4168,0.009475
-556.6164,5.5012,-92.8079,0.009584
-556.6565,5.5012,-93.1605,0.009687
-556.6966,5.5012,-93.5137,0.009787
-556.7324,5.5012,-93.8282,0.009881
-556.7769,5.5012,-94.2220,0.009990
-556.8171,5.5012,-94.5771,0.010098
-556.8528,5.5012,-94.8932,0.010189
-556.8973,5.5012,-95.2889,0.010316
-556.9374,5.5012,-95.6457,0.010454
-556.9731,5.5012,-95.9633,0.010557
-557.0178,5.5012,-96.3610,0.010638
-557.0535,5.5012,-96.6797,0.010678
-557.2229,5.5012,-98.1992,0.011169
-557.2677,5.5012,-98.6006,0.011267
-557.3036,5.5012,-98.9223,0.011348
-557.3484,5.5012,-99.3250,0.011447
-557.3889,5.5012,-99.6880,0.011543
-557.4250,5.5012,-100.0114,0.012035
-557.5880,5.5012,-101.4778,0.012059
-557.6292,5.5012,-101.8482,0.012132
-557.6703,5.5012,-102.2202,0.012231
-557.7166,5.5012,-102.6355,0.012400
-557.7629,5.5012,-103.0528,0.012537
-557.8094,5.5012,-103.4720,0.012652
-557.8517,5.5012,-103.8512,0.012765
-557.8987,5.5012,-104.2743,0.012886
-557.9412,5.5012,-104.6568,0.012996
-557.9793,5.5012,-104.9982,0.013097
-558.0222,5.5012,-105.3838,0.013207
-558.0703,5.5012,-105.8141,0.013330
-558.1185,5.5012,-106.2465,0.013451
-558.1668,5.5012,-106.6809,0.013583
-558.2108,5.5012,-107.0735,0.013693
-558.2596,5.5012,-107.5117,0.013821
-558.3085,5.5012,-107.9517,0.013949
-558.3529,5.5012,-108.3493,0.014063
-558.3974,5.5012,-108.7484,0.014171
-558.4420,5.5012,-109.1490,0.014294
-558.4816,5.5012,-109.5063,0.014396
-558.5217,5.5012,-109.8649,0.014500
-558.5667,5.5012,-110.2696,0.014613
-558.6118,5.5012,-110.6758,0.014726
-558.6572,5.5012,-111.0835,0.014850
-558.7028,5.5012,-111.4925,0.014963
-558.7484,5.5012,-111.9027,0.015089
-558.7991,5.5012,-112.3602,0.015218
-558.8448,5.5012,-112.7732,0.015335
-558.8961,5.5012,-113.2335,0.015468
-558.9421,5.5012,-113.6491,0.015586
-558.9933,5.5012,-114.1124,0.015715
-559.0446,5.5012,-114.5772,0.015857
-559.0910,5.5012,-114.9968,0.015978
-559.1376,5.5012,-115.4176,0.016097
-559.1791,5.5012,-115.7928,0.016202
-559.2258,5.5012,-116.2159,0.016325
-559.2673,5.5012,-116.5931,0.016436
-559.3090,5.5012,-116.9712,0.016547
-559.3613,5.5012,-117.4452,0.016677
-559.4138,5.5012,-117.9208,0.016818
-559.4610,5.5012,-118.3501,0.016943
-559.5082,5.5012,-118.7805,0.017068
-559.5557,5.5012,-119.2122,0.017188
-559.6034,5.5012,-119.6450,0.017317
-559.6512,5.5012,-120.0790,0.017441
-559.7043,5.5012,-120.5628,0.017581
-559.7574,5.5012,-121.0479,0.017719
-559.8056,5.5012,-121.4859,0.017843
-559.8485,5.5012,-121.8762,0.017958
-559.9022,5.5012,-122.3653,0.018102
-559.9559,5.5012,-122.8559,0.018242
-559.9992,5.5012,-123.2495,0.018353
-560.0535,5.5012,-123.7428,0.018495
-560.1024,5.5012,-124.1880,0.018620
-560.1459,5.5012,-124.5847,0.018740
-560.2004,5.5012,-125.0818,0.018878
-560.2553,5.5012,-125.5804,0.019025
-560.2993,5.5012,-125.9804,0.019138
-560.3432,5.5012,-126.3813,0.019254
-560.3927,5.5012,-126.8335,0.019387
-560.4369,5.5012,-127.2363,0.019500
-560.4869,5.5012,-127.6906,0.019630
-560.5424,5.5012,-128.1967,0.019779
-560.5980,5.5012,-128.7043,0.019923
-560.6483,5.5012,-129.1624,0.020052
-560.7045,5.5012,-129.6728,0.020202
-560.7550,5.5012,-130.1334,0.020336
-560.8055,5.5012,-130.5950,0.020467
-560.8617,5.5012,-131.1093,0.020617
-560.9183,5.5012,-131.6250,0.020760
-560.9751,5.5012,-132.1423,0.020907
-561.0319,5.5012,-132.6608,0.021058
-561.0775,5.5012,-133.0767,0.021175
-561.1349,5.5012,-133.5979,0.021334
-561.1865,5.5012,-134.0680,0.021465
-561.2439,5.5012,-134.5918,0.021619
-561.2899,5.5012,-135.0119,0.021741
-561.3420,5.5012,-135.4856,0.021876
-561.4000,5.5012,-136.0131,0.022027
-561.4579,5.5012,-136.5421,0.022179
-561.5102,5.5012,-137.0193,0.022318
-561.5629,5.5012,-137.4976,0.022457
-561.6097,5.5012,-137.9235,0.022577
-561.6625,5.5012,-138.4036,0.022715
-561.7094,5.5012,-138.8312,0.022839
-561.7681,5.5012,-139.3668,0.022996
-561.8272,5.5012,-139.9035,0.023145
-561.8746,5.5012,-140.3338,0.023271
-561.9340,5.5012,-140.8727,0.023426
-561.9877,5.5012,-141.3587,0.023570
-562.0476,5.5012,-141.9000,0.023723
-562.1014,5.5012,-142.3881,0.023861
-562.1614,5.5012,-142.9316,0.024016
-562.2216,5.5012,-143.4763,0.024175
-562.2760,5.5012,-143.9675,0.024314
-562.3364,5.5012,-144.5146,0.024475
-562.3969,5.5012,-145.0628,0.024631
-562.4513,5.5012,-145.5571,0.024774
-562.5119,5.5012,-146.1075,0.024935
-562.5607,5.5012,-146.5487,0.025059
-562.6218,5.5012,-147.1013,0.025220
-562.6829,5.5012,-147.6550,0.025379
-562.7382,5.5012,-148.1544,0.025521
-562.7936,5.5012,-148.6546,0.025664
-562.8553,5.5012,-149.2118,0.025823
-562.9047,5.5012,-149.6582,0.025954
-562.9664,5.5012,-150.2173,0.026113
-563.0286,5.5012,-150.7775,0.026277
-563.0911,5.5012,-151.3389,0.026438
-563.1536,5.5012,-151.9014,0.026603
-563.2039,5.5012,-152.3523,0.026731
-563.2670,5.5012,-152.9169,0.026892
-563.3238,5.5012,-153.4259,0.027038
-563.3809,5.5012,-153.9359,0.027185
-563.4447,5.5012,-154.5037,0.027350
-563.5085,5.5012,-155.0725,0.027512
-563.5727,5.5012,-155.6425,0.027677
-563.6307,5.5012,-156.1565,0.027824
-563.6953,5.5012,-156.7285,0.027990
-563.7473,5.5012,-157.1870,0.028121
-563.8126,5.5012,-157.7611,0.028283
-563.8649,5.5012,-158.2212,0.028419
-563.9307,5.5012,-158.7972,0.028584
-563.9968,5.5012,-159.3745,0.028752
-564.0565,5.5012,-159.8949,0.028901
-564.1097,5.5012,-160.3584,0.029033
-564.1765,5.5012,-160.9386,0.029199
-564.2436,5.5012,-161.5199,0.029367
-564.3110,5.5012,-162.1024,0.029535
-564.3785,5.5012,-162.6859,0.029706
-564.4396,5.5012,-163.2121,0.029854
-564.5076,5.5012,-163.7979,0.030023
-564.5757,5.5012,-164.3848,0.030193
-564.6374,5.5012,-164.9138,0.030344
-564.7060,5.5012,-165.5028,0.030512
-564.7749,5.5012,-166.0929,0.030685
-564.8372,5.5012,-166.6248,0.030836
-564.9063,5.5012,-167.2170,0.031007
-564.9688,5.5012,-167.7509,0.031160
-565.0315,5.5012,-168.2856,0.031315
-565.1013,5.5012,-168.8808,0.031486
-565.1642,5.5012,-169.4174,0.031640
-565.2344,5.5012,-170.0147,0.031814
-565.3048,5.5012,-170.6129,0.031984
-565.3683,5.5012,-171.1523,0.032141
-565.4391,5.5012,-171.7526,0.032314
-565.5031,5.5012,-172.2939,0.032469
-565.5742,5.5012,-172.8962,0.032642
-565.6313,5.5012,-173.3789,0.032780
-565.7028,5.5012,-173.9831,0.032957
-565.7601,5.5012,-174.4673,0.033094
-565.8317,5.5012,-175.0736,0.033270
-565.9036,5.5012,-175.6809,0.033443
-565.9612,5.5012,-176.1676,0.033582
-566.0333,5.5012,-176.7768,0.033758
-566.0909,5.5012,-177.2650,0.033899
-566.1630,5.5012,-177.8761,0.034075
-566.2350,5.5012,-178.4883,0.034249
-566.3076,5.5012,-179.1015,0.034427
-566.3802,5.5012,-179.7158,0.034603
-566.4384,5.5012,-180.2079,0.034746
-566.5037,5.5012,-180.7625,0.034906
-566.5764,5.5012,-181.3795,0.035080
-566.6422,5.5012,-181.9357,0.035242
-566.7154,5.5012,-182.5548,0.035421
-566.7886,5.5012,-183.1748,0.035598
-566.8547,5.5012,-183.7337,0.035760
-566.9282,5.5012,-184.3556,0.035941
-566.9872,5.5012,-184.8539,0.036081
-567.0611,5.5012,-185.4777,0.036262
-567.1276,5.5012,-186.0400,0.036421
-567.2015,5.5012,-186.6657,0.036604
-567.2680,5.5012,-187.2297,0.036764
-567.3275,5.5012,-187.7318,0.036906
-567.3870,5.5012,-188.2344,0.037055
-567.4615,5.5012,-188.8636,0.037233
-567.5359,5.5012,-189.4938,0.037416
-567.6105,5.5012,-190.1249,0.037597
-567.6852,5.5012,-190.7572,0.037777
-567.7453,5.5012,-191.2636,0.037925
-567.8204,5.5012,-191.8976,0.038108
-567.8954,5.5012,-192.5325,0.038285
-567.9630,5.5012,-193.1048,0.038449
-568.0381,5.5012,-193.7416,0.038635
-568.1058,5.5012,-194.3157,0.038799
-568.1661,5.5012,-194.8266,0.038947
-568.2338,5.5012,-195.4023,0.039114
-568.3089,5.5012,-196.0428,0.039293
-568.3840,5.5012,-196.6844,0.039479
-568.4438,5.5012,-197.1984,0.039627
-568.5184,5.5012,-197.8418,0.039810
-568.5931,5.5012,-198.4862,0.039997
-568.6676,5.5012,-199.1316,0.040180
-568.7272,5.5012,-199.6486,0.040331
-568.8014,5.5012,-200.2958,0.040514
-568.8753,5.5012,-200.9440,0.040698
-568.9344,5.5012,-201.4633,0.040852
-569.0082,5.5012,-202.1132,0.041035
-569.0744,5.5012,-202.6989,0.041200
-569.1330,5.5012,-203.2203,0.041353
-569.2062,5.5012,-203.8729,0.041536
-569.2792,5.5012,-204.5265,0.041725
-569.3518,5.5012,-205.1809,0.041912
-569.4172,5.5012,-205.7708,0.042080
-569.4823,5.5012,-206.3615,0.042251
-569.5543,5.5012,-207.0188,0.042438
-569.6191,5.5012,-207.6111,0.042608
-569.6907,5.5012,-208.2701,0.042797
-569.7621,5.5012,-208.9302,0.042983
-569.8260,5.5012,-209.5250,0.043153
-569.8826,5.5012,-210.0544,0.043303
-569.9390,5.5012,-210.5844,0.043458
-570.0023,5.5012,-211.1815,0.043630
-570.0724,5.5012,-211.8456,0.043817
-570.1423,5.5012,-212.5108,0.044007
-570.2119,5.5012,-213.1768,0.044197
-570.2745,5.5012,-213.7769,0.044366
-570.3438,5.5012,-214.4447,0.044559
-570.4058,5.5012,-215.0464,0.044728
-570.4611,5.5012,-215.5819,0.044877
-570.5298,5.5012,-216.2521,0.045072
-570.5982,5.5012,-216.9231,0.045262
-570.6530,5.5012,-217.4607,0.045417
-570.7213,5.5012,-218.1335,0.045605
-570.7823,5.5012,-218.7397,0.045778
-570.8500,5.5012,-219.4142,0.045970
-570.9178,5.5012,-220.0895,0.046165
-570.9718,5.5012,-220.6304,0.046317
-571.0389,5.5012,-221.3073,0.046511
-571.0994,5.5012,-221.9173,0.046680
-571.1596,5.5012,-222.5278,0.046851
-571.2262,5.5012,-223.2072,0.047050
-571.2794,5.5012,-223.7512,0.047205
-571.3460,5.5012,-224.4320,0.047399
-571.4122,5.5012,-225.1136,0.047590
-571.4650,5.5012,-225.6595,0.047746
-571.5243,5.5012,-226.2743,0.047918
-571.5833,5.5012,-226.8898,0.048096
-571.6421,5.5012,-227.5060,0.048268
-571.7009,5.5012,-228.1229,0.048448
-571.7662,5.5012,-228.8092,0.048639
-571.8311,5.5012,-229.4963,0.048832
-571.8828,5.5012,-230.0465,0.048989
-571.9474,5.5012,-230.7352,0.049185
-572.0117,5.5012,-231.4246,0.049381
-572.0758,5.5012,-232.1151,0.049580
-572.1398,5.5012,-232.8063,0.049769
-572.2034,5.5012,-233.4985,0.049974
-572.2668,5.5012,-234.1915,0.050159
-572.3237,5.5012,-234.8159,0.050340
-572.3739,5.5012,-235.3716,0.050498
-572.4364,5.5012,-236.0671,0.050690
-572.4984,5.5012,-236.7634,0.050894
-572.5536,5.5012,-237.3910,0.051064
-572.6145,5.5012,-238.0892,0.051269
-572.6746,5.5012,-238.7883,0.051459
-572.7339,5.5012,-239.4884,0.051655
-572.7865,5.5012,-240.1194,0.051843
-572.8441,5.5012,-240.8212,0.052035
-572.9007,5.5012,-241.5241,0.052235
-572.9509,5.5012,-242.1574,0.052414
-572.9949,5.5012,-242.7210,0.052574
-573.0436,5.5012,-243.3558,0.052748
-573.0968,5.5012,-244.0618,0.052957
-573.1437,5.5012,-244.6980,0.053129
-573.1899,5.5012,-245.3349,0.053306
-573.2352,5.5012,-245.9726,0.053485
-573.2748,5.5012,-246.5400,0.053644
-573.3185,5.5012,-247.1789,0.053823
-573.3658,5.5012,-247.8898,0.054019
-573.4030,5.5012,-248.4590,0.054183
-573.4438,5.5012,-249.1000,0.054363
-573.4794,5.5012,-249.6705,0.054524
-573.5184,5.5012,-250.3129,0.054704
-573.5608,5.5012,-251.0275,0.054901
-573.5938,5.5012,-251.5998,0.055061
-573.6299,5.5012,-252.2441,0.055251
-573.6613,5.5012,-252.8175,0.055409
-573.6996,5.5012,-253.5350,0.055617
-573.7329,5.5012,-254.1814,0.055791
-573.7688,5.5012,-254.9005,0.055999
-573.7999,5.5012,-255.5482,0.056184
-573.8302,5.5012,-256.1967,0.056360
-573.8562,5.5012,-256.7738,0.056527
-573.8876,5.5012,-257.4957,0.056726
-573.9149,5.5012,-258.1461,0.056910
-573.9381,5.5012,-258.7249,0.057075
-573.9634,5.5012,-259.3766,0.057259
-573.9850,5.5012,-259.9563,0.057424
-574.0084,5.5012,-260.6092,0.057609
-574.0283,5.5012,-261.1901,0.057761
-574.0543,5.5012,-261.9897,0.057996
-574.0743,5.5012,-262.6445,0.058173
-574.0953,5.5012,-263.3729,0.058377
-574.1130,5.5012,-264.0291,0.058564
-574.1278,5.5012,-264.6130,0.058728
-574.1450,5.5012,-265.3435,0.058928
-574.1576,5.5012,-265.9286,0.059091
-574.1706,5.5012,-266.5873,0.059280
-574.1835,5.5012,-267.3200,0.059487
-574.1926,5.5012,-267.9067,0.059654
-574.2015,5.5012,-268.5673,0.059841
-574.2083,5.5012,-269.1548,0.060002
-574.2143,5.5012,-269.8163,0.060187
-574.2192,5.5012,-270.5516,0.060398
-574.2222,5.5012,-271.2871,0.060603
-574.2230,5.5012,-271.8757,0.060775
-574.2219,5.5012,-272.6115,0.060975
-574.2196,5.5012,-273.1998,0.061145
-574.2154,5.5012,-273.8616,0.061331
-574.2093,5.5012,-274.5231,0.061510
-574.2014,5.5012,-275.1844,0.061699
-574.1907,5.5012,-275.9187,0.061911
-574.1790,5.5012,-276.5792,0.062088
-574.1671,5.5012,-277.1661,0.062254
-574.1519,5.5012,-277.8260,0.062438
-574.1369,5.5012,-278.4124,0.062611
-574.1161,5.5012,-279.1448,0.062817
-574.0978,5.5012,-279.7304,0.062982
-574.0729,5.5012,-280.4622,0.063179
-574.0515,5.5012,-281.0472,0.063343
-574.0225,5.5012,-281.7781,0.063553
-573.9912,5.5012,-282.5085,0.063761
-573.9576,5.5012,-283.2384,0.063971
-573.9255,5.5012,-283.8949,0.064160
-573.8955,5.5012,-284.4781,0.064314
-573.8558,5.5012,-285.2065,0.064517
-573.8223,5.5012,-285.7887,0.064684
-573.7828,5.5012,-286.4431,0.064874
-573.7414,5.5012,-287.0969,0.065051
-573.6979,5.5012,-287.7500,0.065244
-573.6526,5.5012,-288.4024,0.065418
-573.6107,5.5012,-288.9816,0.065584
-573.5560,5.5012,-289.7047,0.065796
-573.5047,5.5012,-290.3548,0.065971
-573.4514,5.5012,-291.0040,0.066163
-573.3961,5.5012,-291.6525,0.066338
-573.3323,5.5012,-292.3721,0.066548
-573.2658,5.5012,-293.0908,0.066739
-573.1970,5.5012,-293.8083,0.066951
-573.1256,5.5012,-294.5249,0.067151
-573.0593,5.5012,-295.1690,0.067331
-572.9833,5.5012,-295.8836,0.067533
-572.9127,5.5012,-296.5259,0.067718
-572.8318,5.5012,-297.2385,0.067916
-572.7570,5.5012,-297.8790,0.068094
-572.6715,5.5012,-298.5896,0.068297
-572.5837,5.5012,-299.2991,0.068508
-572.5026,5.5012,-299.9367,0.068680
-572.4102,5.5012,-300.6443,0.068885
-572.3154,5.5012,-301.3507,0.069081
-572.2378,5.5012,-301.9150,0.069245
-572.1385,5.5012,-302.6195,0.069442
-572.0472,5.5012,-303.2527,0.069627
-571.9539,5.5012,-303.8849,0.069807
-571.8481,5.5012,-304.5863,0.070006
-571.7399,5.5012,-305.2867,0.070203
-571.6293,5.5012,-305.9858,0.070399
-571.5165,5.5012,-306.6840,0.070601
-571.4130,5.5012,-307.3112,0.070778
-571.2959,5.5012,-308.0071,0.070977
-571.1766,5.5012,-308.7020,0.071179
-571.0551,5.5012,-309.3957,0.071369
-570.9563,5.5012,-309.9498,0.071531
-570.8308,5.5012,-310.6414,0.071733
-570.7031,5.5012,-311.3320,0.071925
-570.5733,5.5012,-312.0214,0.072120
-570.4413,5.5012,-312.7097,0.072324
-570.3073,5.5012,-313.3968,0.072517
-570.1711,5.5012,-314.0828,0.072720
-570.0328,5.5012,-314.7676,0.072900
-569.8926,5.5012,-315.4513,0.073103
-569.7645,5.5012,-316.0657,0.073281
-569.6204,5.5012,-316.7471,0.073480
-569.4741,5.5012,-317.4275,0.073671
-569.3259,5.5012,-318.1067,0.073871
-569.1909,5.5012,-318.7170,0.074052
-569.0695,5.5012,-319.2587,0.074212
-568.9314,5.5012,-319.8672,0.074376
-568.7761,5.5012,-320.5423,0.074569
-568.6506,5.5012,-321.0815,0.074721
-568.4922,5.5012,-321.7545,0.074924
-568.3482,5.5012,-322.3591,0.075098
-568.2030,5.5012,-322.9628,0.075271
-568.0565,5.5012,-323.5657,0.075446
-567.8926,5.5012,-324.2343,0.075644
-567.7604,5.5012,-324.7685,0.075796
-567.6109,5.5012,-325.3686,0.075973
-567.4772,5.5012,-325.9012,0.076127
-567.3259,5.5012,-326.4998,0.076304
-567.1907,5.5012,-327.0310,0.076455
-567.0377,5.5012,-327.6280,0.076626
-566.9012,5.5012,-328.1579,0.076779
-566.7297,5.5012,-328.8195,0.076976
-566.5576,5.5012,-329.4801,0.077167
-566.3847,5.5012,-330.1398,0.077365
-566.2459,5.5012,-330.6669,0.077517
-566.0894,5.5012,-331.2591,0.077684
-565.9325,5.5012,-331.8507,0.077862
-565.7754,5.5012,-332.4416,0.078038
-565.6006,5.5012,-333.0974,0.078232
-565.4609,5.5012,-333.6214,0.078375
-565.2861,5.5012,-334.2758,0.078575
-565.1288,5.5012,-334.8640,0.078741
-564.9891,5.5012,-335.3865,0.078895
-564.8494,5.5012,-335.9086,0.079043
-564.6749,5.5012,-336.5605,0.079243
-564.5004,5.5012,-337.2119,0.079431
-564.3438,5.5012,-337.7976,0.079593
-564.1698,5.5012,-338.4478,0.079788
-563.9958,5.5012,-339.0974,0.079978
-563.8219,5.5012,-339.7464,0.080174
-563.6828,5.5012,-340.2652,0.080326
-563.5090,5.5012,-340.9131,0.080514
-563.3357,5.5012,-341.5605,0.080705
-563.1624,5.5012,-342.2072,0.080902
-563.0237,5.5012,-342.7243,0.081048
-562.8677,5.5012,-343.3054,0.081219
-562.7121,5.5012,-343.8862,0.081395
-562.5566,5.5012,-344.4665,0.081560
-562.3839,5.5012,-345.1106,0.081746
-562.2285,5.5012,-345.6899,0.081914
-562.0558,5.5012,-346.3329,0.082113
-561.9006,5.5012,-346.9112,0.082278
-561.7457,5.5012,-347.4891,0.082447
-561.5735,5.5012,-348.1306,0.082632
-561.4014,5.5012,-348.7716,0.082820
-561.2640,5.5012,-349.2839,0.082974
-561.0925,5.5012,-349.9239,0.083158
-560.9382,5.5012,-350.4995,0.083326
-560.8010,5.5012,-351.0106,0.083482
-560.6296,5.5169,-351.6491,0.083667
-560.4576,5.5169,-352.2871,0.083863
-560.3187,5.5169,-352.7966,0.084003
-560.1453,5.5169,-353.4337,0.084195
-559.9896,5.5168,-354.0069,0.084360
-559.8165,5.5168,-354.6431,0.084546
-559.6599,5.5168,-355.2147,0.084715
-559.5197,5.5168,-355.7215,0.084864
-559.3791,5.5168,-356.2285,0.085017
-559.2208,5.5167,-356.7982,0.085178
-559.0452,5.5167,-357.4305,0.085375
-558.9048,5.5012,-357.9355,0.085517
-558.7473,5.5012,-358.5024,0.085680
-558.5737,5.5012,-359.1315,0.085867
-558.4349,5.5012,-359.6339,0.086016
-558.2783,5.5012,-360.1975,0.086180
-558.1214,5.5012,-360.7599,0.086350
-557.9651,5.5012,-361.3216,0.086512
-557.7925,5.5012,-361.9453,0.086695
-557.6380,5.5012,-362.5072,0.086864
-557.4841,5.5012,-363.0677,0.087027
-557.3469,5.5012,-363.5648,0.087173
-557.1921,5.5012,-364.1231,0.087338
-557.0371,5.5048,-364.6802,0.087502
-556.9055,5.5060,-365.1763,0.087649
-556.7506,5.5063,-365.7315,0.087810
-556.5966,5.5068,-366.2860,0.087976
-556.4422,5.5073,-366.8394,0.088132
-556.2709,5.5078,-367.4530,0.088319
-556.0998,5.5084,-368.0651,0.088496
-555.9628,5.5088,-368.5539,0.088640
-555.7914,5.5093,-369.1642,0.088825
-555.6204,5.5098,-369.7732,0.089001
-555.4492,5.5103,-370.3809,0.089178
-555.2950,5.5108,-370.9264,0.089340
-555.1238,5.5112,-371.5311,0.089521
-554.9695,5.5115,-372.0741,0.089680
-554.8151,5.5118,-372.6161,0.089833
-554.6779,5.5120,-373.0970,0.089980
-554.5064,5.5124,-373.6970,0.090156
-554.3350,5.5127,-374.2955,0.090335
-554.1807,5.5129,-374.8333,0.090492
-554.0092,5.5134,-375.4293,0.090670
-553.8375,5.5138,-376.0241,0.090845
-553.6829,5.5143,-376.5583,0.091005
-553.5283,5.5147,-377.0914,0.091161
-553.3564,5.5152,-377.6825,0.091323
-553.2018,5.5156,-378.2133,0.091495
-553.0300,5.5161,-378.8020,0.091668
-552.8922,5.5164,-379.2717,0.091802
-552.7547,5.5166,-379.7408,0.091940
-552.5829,5.5168,-380.3260,0.092114
-552.4108,5.5170,-380.9098,0.092286
-552.2561,5.5171,-381.4341,0.092440
-552.0844,5.5173,-382.0154,0.092612
-551.9471,5.5174,-382.4796,0.092751
-551.7756,5.5176,-383.0587,0.092922
-551.6213,5.5177,-383.5788,0.093075
-551.4503,5.5179,-384.1556,0.093243
-551.2791,5.5182,-384.7312,0.093413
-551.1083,5.5185,-385.3055,0.093584
-550.9718,5.5187,-385.7641,0.093719
-550.8181,5.5190,-386.2791,0.093879
-550.6646,5.5194,-386.7931,0.094028
-550.5112,5.5197,-387.3062,0.094179
-550.3409,5.5200,-387.8751,0.094352
-550.1706,5.5203,-388.4427,0.094519
-550.0175,5.5205,-388.9527,0.094667
-549.8475,5.5207,-389.5181,0.094834
-549.6776,5.5209,-390.0824,0.095002
-549.5419,5.5211,-390.5330,0.095137
-549.3724,5.5214,-391.0952,0.095303
-549.2028,5.5217,-391.6562,0.095470
-549.0331,5.5220,-392.2161,0.095636
-548.8976,5.5222,-392.6631,0.095776
-548.7283,5.5225,-393.2207,0.095932
-548.5593,5.5228,-393.7772,0.096103
-548.4072,5.5230,-394.2770,0.096252
-548.2382,5.5233,-394.8313,0.096414
-548.0692,5.5235,-395.3842,0.096580
-547.9005,5.5236,-395.9358,0.096743
-547.7320,5.5238,-396.4861,0.096909
-547.5804,5.5239,-396.9802,0.097055
-547.4122,5.5240,-397.5278,0.097219
-547.2441,5.5241,-398.0742,0.097382
-547.0765,5.5242,-398.6192,0.097542
-546.9090,5.5243,-399.1631,0.097706
-546.7753,5.5244,-399.5971,0.097835
-546.6083,5.5244,-400.1384,0.097996
-546.4414,5.5244,-400.6785,0.098158
-546.2914,5.5244,-401.1634,0.098299
-546.1251,5.5244,-401.7010,0.098462
-545.9590,5.5244,-402.2374,0.098622
-545.7932,5.5244,-402.7725,0.098779
-545.6276,5.5245,-403.3062,0.098940
-545.4787,5.5246,-403.7856,0.099083
-545.3137,5.5246,-404.3169,0.099240
-545.1488,5.5247,-404.8470,0.099396
-544.9844,5.5248,-405.3760,0.099555
-544.8530,5.5248,-405.7982,0.099681
-544.6890,5.5249,-406.3248,0.099839
-544.5254,5.5249,-406.8502,0.099995
-544.3947,5.5250,-407.2696,0.100122
-544.2317,5.5251,-407.7929,0.100275
-544.0850,5.5251,-408.2628,0.100416
-543.9226,5.5252,-408.7837,0.100569
-543.7765,5.5252,-409.2515,0.100708
-543.6146,5.5252,-409.7700,0.100859
-543.4529,5.5253,-410.2875,0.101016
-543.2917,5.5253,-410.8037,0.101173
-543.1467,5.5254,-411.2674,0.101309
-543.0021,5.5254,-411.7300,0.101445
-542.8416,5.5255,-412.2429,0.101598
-542.6974,5.5255,-412.7035,0.101737
-542.5375,5.5255,-413.2142,0.101886
-542.3938,5.5256,-413.6729,0.102021
-542.2504,5.5256,-414.1306,0.102158
-542.1071,5.5256,-414.5874,0.102296
-541.9481,5.5257,-415.0938,0.102444
-541.7892,5.5257,-415.5991,0.102595
-541.6306,5.5257,-416.1031,0.102740
-541.4880,5.5257,-416.5559,0.102877
-541.3297,5.5257,-417.0578,0.103026
-541.1874,5.5257,-417.5085,0.103160
-541.0295,5.5257,-418.0081,0.103308
-540.8875,5.5257,-418.4568,0.103441
-540.7298,5.5257,-418.9543,0.103588
-540.5724,5.5257,-419.4505,0.103734
-540.4310,5.5257,-419.8962,0.103868
-540.2739,5.5257,-420.3903,0.104009
-540.1328,5.5256,-420.8340,0.104143
-539.9760,5.5256,-421.3259,0.104285
-539.8193,5.5256,-421.8167,0.104431
-539.6628,5.5255,-422.3063,0.104576
-539.5066,5.5255,-422.7948,0.104720
-539.3505,5.5254,-423.2822,0.104863
-539.1943,5.5254,-423.7684,0.105010
-539.0541,5.5253,-424.2050,0.105137
-538.9139,5.5253,-424.6407,0.105264
-538.7894,5.5252,-425.0274,0.105374
-538.6336,5.5251,-425.5095,0.105520
-538.4932,5.5251,-425.9425,0.105651
-538.3373,5.5249,-426.4223,0.105787
-538.1813,5.5247,-426.9012,0.105924
-538.0410,5.5245,-427.3311,0.106055
-537.9005,5.5243,-427.7602,0.106181
-537.7445,5.5241,-428.2357,0.106321
-537.5886,5.5238,-428.7102,0.106456
-537.4639,5.5237,-429.0890,0.106569
-537.3237,5.5236,-429.5143,0.106691
-537.1837,5.5235,-429.9386,0.106817
-537.0280,5.5233,-430.4091,0.106955
-536.8724,5.5231,-430.8784,0.107093
-536.7168,5.5229,-431.3466,0.107225
-536.5767,5.5228,-431.7670,0.107347
-536.4207,5.5226,-432.2331,0.107485
-536.2802,5.5224,-432.6516,0.107601
-536.1239,5.5222,-433.1156,0.107740
-535.9988,5.5220,-433.4859,0.107849
-535.8578,5.5217,-433.9015,0.107967
-535.7323,5.5215,-434.2700,0.108070
-535.5909,5.5213,-434.6836,0.108186
-535.4648,5.5211,-435.0502,0.108295
-535.3068,5.5207,-435.5071,0.108423
-535.1483,5.5204,-435.9626,0.108554
-534.9896,5.5201,-436.4167,0.108683
-534.8299,5.5198,-436.8693,0.108809
-534.7018,5.5195,-437.2303,0.108919
-534.5410,5.5192,-437.6802,0.109043
-534.3795,5.5188,-438.1288,0.109168
-534.2169,5.5183,-438.5760,0.109297
-534.0699,5.5178,-438.9775,0.109410
-533.9386,5.5174,-439.3335,0.109509
-533.7900,5.5168,-439.7329,0.109621
-533.6571,5.5163,-440.0871,0.109722
-533.5065,5.5157,-440.4844,0.109832
-533.3716,5.5151,-440.8367,0.109931
-533.2015,5.5144,-441.2755,0.110049
-533.0296,5.5136,-441.7129,0.110171
-532.8558,5.5127,-442.1488,0.110301
-532.7155,5.5120,-442.4963,0.110397
-532.5562,5.5111,-442.8859,0.110504
-532.4131,5.5103,-443.2311,0.110601
-532.2507,5.5093,-443.6182,0.110707
-532.0862,5.5083,-444.0038,0.110815
-531.9385,5.5074,-444.3452,0.110912
-531.7705,5.5062,-444.7279,0.111016
-531.5944,5.5012,-445.1071,0.111122
-531.4415,5.5012,-445.4444,0.111220
-531.2478,5.5012,-445.8643,0.111331
-531.0502,5.5012,-446.2818,0.111453
-530.8896,5.5012,-446.6142,0.111542
-530.6860,5.5012,-447.0274,0.111660
-530.5209,5.5012,-447.3559,0.111751
-530.3115,5.5012,-447.7642,0.111867
-530.1198,5.5012,-448.1292,0.111968
-529.9036,5.5012,-448.5322,0.112090
-529.7285,5.5012,-448.8526,0.112175
-529.5289,5.5012,-449.2108,0.112279
-529.3044,5.5012,-449.6060,0.112394
-529.0997,5.5012,-449.9594,0.112494
-528.8925,5.5012,-450.3103,0.112594
-528.6594,5.5012,-450.6974,0.112703
-528.4235,5.5012,-451.0816,0.112820
-528.2087,5.5012,-451.4249,0.112914
-528.0157,5.5012,-451.7281,0.113004
-527.7717,5.5012,-452.1048,0.113120
-527.5245,5.5012,-452.4793,0.113221
-527.3243,5.5012,-452.7773,0.113310
-527.0714,5.5012,-453.1479,0.113426
-526.8152,5.5012,-453.5162,0.113536
-526.6079,5.5012,-453.8093,0.113628
-526.3723,5.5012,-454.1374,0.113728
-526.1342,5.5012,-454.4636,0.113824
-525.8937,5.5012,-454.7880,0.113923
-525.6235,5.5012,-455.1464,0.114033
-525.3502,5.5012,-455.5024,0.114135
-525.0740,5.5012,-455.8560,0.114247
-524.7946,5.5012,-456.2074,0.114355
-524.5406,5.5012,-456.5215,0.114464
-524.2842,5.5012,-456.8338,0.114555
-523.9965,5.5012,-457.1784,0.114659
-523.7058,5.5012,-457.5205,0.114781
-523.4416,5.5012,-457.8263,0.114874
-523.1750,5.5012,-458.1300,0.114971
-522.9360,5.5012,-458.3981,0.115064
-522.6649,5.5012,-458.6978,0.115165
-522.3914,5.5012,-458.9952,0.115265
-522.0847,5.5012,-459.3232,0.115366
-521.7750,5.5012,-459.6485,0.115481
-521.5251,5.5012,-459.9067,0.115563
-521.2103,5.5012,-460.2269,0.115667
-520.8924,5.5012,-460.5442,0.115787
-520.6039,5.5012,-460.8273,0.115881
-520.2806,5.5012,-461.1391,0.115998
-519.9545,5.5012,-461.4479,0.116095
-519.6586,5.5012,-461.7234,0.116195
-519.3939,5.5012,-461.9662,0.116286
-519.1273,5.5012,-462.2070,0.116373
-518.7916,5.5012,-462.5053,0.116477
-518.4532,5.5012,-462.8008,0.116586
-518.1122,5.5013,-463.0930,0.116691
-517.7687,5.5013,-463.3821,0.116807
-517.4572,5.5013,-463.6397,0.116906
-517.1088,5.5013,-463.9229,0.117010
-516.7578,5.5013,-464.2029,0.117116
-516.4044,5.5013,-464.4796,0.117224
-516.1199,5.5013,-464.6988,0.117306
-515.8338,5.5013,-464.9159,0.117401
-515.5101,5.5013,-465.1576,0.117491
-515.1479,5.5013,-465.4232,0.117606
-514.8566,5.5013,-465.6331,0.117696
-514.4902,5.5013,-465.8926,0.117803
-514.1213,5.5013,-466.1486,0.117908
-513.7501,5.5013,-466.4012,0.118020
-513.4141,5.5013,-466.6257,0.118107
-513.0385,5.5013,-466.8717,0.118220
-512.6607,5.5013,-467.1143,0.118319
-512.2806,5.5013,-467.3532,0.118428
-511.8986,5.5013,-467.5887,0.118536
-511.5143,5.5013,-467.8206,0.118645
-511.1280,5.5013,-468.0489,0.118752
-510.8176,5.5013,-468.2289,0.118834
-510.4669,5.5013,-468.4288,0.118934
-510.1146,5.5013,-468.6256,0.119041
-509.7608,5.5013,-468.8197,0.119139
-509.3660,5.5013,-469.0319,0.119248
-508.9694,5.5013,-469.2405,0.119364
-508.5711,5.5013,-469.4457,0.119475
-508.1712,5.5013,-469.6473,0.119582
-507.8098,5.5013,-469.8258,0.119679
-507.4068,5.5013,-470.0207,0.119787
-507.0020,5.5013,-470.2121,0.119895
-506.5958,5.5013,-470.3999,0.120007
-506.1879,5.5013,-470.5841,0.120122
-505.8195,5.5013,-470.7469,0.120218
-505.4499,5.5013,-470.9066,0.120315
-505.0378,5.5013,-471.0807,0.120418
-504.6242,5.5013,-471.2512,0.120535
-504.2508,5.5013,-471.4015,0.120625
-503.8346,5.5013,-471.5650,0.120734
-503.4170,5.5013,-471.7249,0.120836
-503.0400,5.5013,-471.8656,0.120937
-502.6199,5.5013,-472.0185,0.121047
-502.2830,5.5013,-472.1381,0.121135
-501.8606,5.5013,-472.2843,0.121248
-501.4371,5.5013,-472.4267,0.121349
-501.0550,5.5013,-472.5518,0.121438
-500.6718,5.5013,-472.6738,0.121537
-500.2451,5.5013,-472.8058,0.121649
-499.8172,5.5013,-472.9342,0.121750
-499.4742,5.5013,-473.0342,0.121839
-499.0444,5.5013,-473.1558,0.121949
-498.6568,5.5013,-473.2622,0.122043
-498.2684,5.5013,-473.3655,0.122144
-497.8793,5.5013,-473.4660,0.122235
-497.4460,5.5013,-473.5743,0.122344
-497.0989,5.5013,-473.6584,0.122418
-496.6642,5.5013,-473.7604,0.122537
-496.2723,5.5013,-473.8494,0.122629
-495.8798,5.5013,-473.9356,0.122721
-495.5304,5.5013,-474.0100,0.122806
-495.0929,5.5013,-474.1000,0.122916
-494.7423,5.5013,-474.1696,0.123000
-494.3034,5.5013,-474.2537,0.123108
-493.8637,5.5013,-474.3345,0.123206
-493.4233,5.5013,-474.4119,0.123312
-493.0262,5.5012,-474.4786,0.123416
-492.5844,5.5012,-474.5496,0.123527
-492.1418,5.5012,-474.6172,0.123625
-491.7872,5.5012,-474.6689,0.123713
-491.3434,5.5012,-474.7305,0.123824
-490.8989,5.5012,-474.7888,0.123937
-490.4537,5.5012,-474.8437,0.124039
-490.0079,5.5012,-474.8952,0.124151
-489.5615,5.5012,-474.9433,0.124262
-489.1592,5.5012,-474.9837,0.124363
-488.7116,5.5012,-475.0253,0.124477
-488.2635,5.5012,-475.0636,0.124589
-487.9046,5.5012,-475.0917,0.124683
-487.5005,5.5012,-475.1208,0.124776
-487.0511,5.5012,-475.1499,0.124895
-486.6913,5.5012,-475.1707,0.124986
-486.2862,5.5012,-475.1917,0.125086
-485.9259,5.5012,-475.2081,0.125173
-485.5204,5.5012,-475.2240,0.125284
-485.1146,5.5012,-475.2375,0.125386
-484.7538,5.5012,-475.2474,0.125479
-484.3477,5.5012,-475.2564,0.125571
-483.9866,5.5012,-475.2625,0.125667
-483.5803,5.5012,-475.2673,0.125766
-483.2190,5.5012,-475.2697,0.125861
-482.8125,5.5012,-475.2703,0.125966
-482.4510,5.5012,-475.2691,0.126057
-481.9990,5.5012,-475.2651,0.126179
-481.6373,5.5012,-475.2600,0.126265
-481.2303,5.5012,-475.2523,0.126368
-480.8684,5.5012,-475.2437,0.126465
-480.4610,5.5012,-475.2320,0.126561
-480.0989,5.5012,-475.2198,0.126662
-479.6913,5.5012,-475.2040,0.126764
-479.2836,5.5012,-475.1861,0.126872
-478.9211,5.5012,-475.1685,0.126970
-478.4679,5.5012,-475.1440,0.127080
-478.1052,5.5012,-475.1225,0.127177
-477.6972,5.5012,-475.0963,0.127276
-477.3345,5.5012,-475.0714,0.127379
-476.9264,5.5012,-475.0416,0.127482
-476.5636,5.5012,-475.0135,0.127574
-476.1555,5.5012,-474.9800,0.127676
-475.7928,5.5012,-474.9488,0.127773
-475.3847,5.5012,-474.9120,0.127876
-475.0219,5.5012,-474.8778,0.127972
-474.6137,5.5012,-474.8377,0.128079
-474.2056,5.5012,-474.7960,0.128192
-473.8427,5.5012,-474.7575,0.128281
-473.4345,5.5012,-474.7126,0.128389
-473.0262,5.5012,-474.6661,0.128496
-472.6633,5.5012,-474.6235,0.128596
-472.2550,5.5012,-474.5742,0.128705
-471.8920,5.5012,-474.5291,0.128801
-471.4383,5.5012,-474.4713,0.128917
-471.0752,5.5012,-474.4238,0.129015
-470.6667,5.5012,-474.3693,0.129126
-470.3034,5.5012,-474.3198,0.129224
-469.8946,5.5012,-474.2630,0.129334
-469.5309,5.5012,-474.2116,0.129424
-469.1216,5.5012,-474.1526,0.129538
-468.7120,5.5012,-474.0925,0.129654
-468.3477,5.5012,-474.0381,0.129748
-467.9376,5.5012,-473.9756,0.129859
-467.5272,5.5012,-473.9119,0.129972
-467.0709,5.5012,-473.8398,0.130100
-466.6142,5.5013,-473.7662,0.130224
-466.2029,5.5013,-473.6987,0.130337
-465.8371,5.5013,-473.6376,0.130439
-465.4253,5.5013,-473.5677,0.130548
-465.0132,5.5013,-473.4966,0.130664
-464.6008,5.5013,-473.4243,0.130769
-464.1882,5.5013,-473.3508,0.130883
-463.8212,5.5013,-473.2844,0.130999
-463.4081,5.5013,-473.2085,0.131111
-462.9473,5.5058,-473.1292,0.131234
-462.5797,5.5065,-473.0598,0.131334
-462.1660,5.5073,-472.9803,0.131454
-461.7058,5.5082,-472.8910,0.131579
-461.2454,5.5091,-472.8000,0.131707
-460.8769,5.5097,-472.7260,0.131813
-460.4160,5.5105,-472.6320,0.131938
-460.0470,5.5111,-472.5556,0.132043
-459.6316,5.5117,-472.4682,0.132160
-459.2622,5.5122,-472.3895,0.132260
-458.8002,5.5129,-472.2895,0.132391
-458.3842,5.5134,-472.1980,0.132511
-457.9682,5.5139,-472.1052,0.132625
-457.5982,5.5143,-472.0215,0.132730
-457.1820,5.5147,-471.9260,0.132848
-456.8119,5.5151,-471.8400,0.132956
-456.3954,5.5154,-471.7419,0.133070
-456.0250,5.5157,-471.6537,0.133177
-455.6083,5.5160,-471.5531,0.133287
-455.2378,5.5163,-471.4628,0.133395
-454.8209,5.5165,-471.3600,0.133512
-454.4502,5.5167,-471.2677,0.133622
-454.0331,5.5169,-471.1629,0.133732
-453.6159,5.5171,-471.0573,0.133852
-453.1985,5.5173,-470.9509,0.133971
-452.7811,5.5174,-470.8439,0.134097
-452.4099,5.5176,-470.7483,0.134198
-451.9920,5.5177,-470.6403,0.134312
-451.5740,5.5178,-470.5320,0.134440
-451.2022,5.5179,-470.4355,0.134538
-450.7838,5.5180,-470.3266,0.134659
-450.4115,5.5181,-470.2295,0.134765
-449.9924,5.5182,-470.1199,0.134881
-449.5264,5.5183,-469.9977,0.135016
-449.0600,5.5184,-469.8751,0.135145
-448.6866,5.5184,-469.7765,0.135255
-448.2662,5.5184,-469.6654,0.135375
-447.8455,5.5184,-469.5539,0.135497
-447.4712,5.5184,-469.4547,0.135605
-447.0498,5.5183,-469.3429,0.135722
-446.6280,5.5184,-469.2310,0.135843
-446.2059,5.5185,-469.1192,0.135963
-445.8304,5.5185,-469.0199,0.136068
-445.4076,5.5186,-468.9082,0.136192
-445.0313,5.5186,-468.8091,0.136300
-444.6076,5.5187,-468.6976,0.136422
-444.2307,5.5188,-468.5986,0.136531
-443.7589,5.5189,-468.4750,0.136664
-443.3339,5.5190,-468.3637,0.136790
-442.8612,5.5191,-468.2400,0.136921
-442.4825,5.5192,-468.1410,0.137032
-442.0561,5.5193,-468.0295,0.137156
-441.6767,5.5193,-467.9305,0.137262
-441.2495,5.5194,-467.8190,0.137388
-440.8218,5.5196,-467.7075,0.137510
-440.4414,5.5196,-467.6084,0.137623
-440.0605,5.5197,-467.5092,0.137727
-439.6317,5.5198,-467.3976,0.137853
-439.1548,5.5200,-467.2737,0.137989
-438.7729,5.5202,-467.1746,0.138099
-438.3907,5.5204,-467.0753,0.138210
-437.9605,5.5206,-466.9637,0.138336
-437.5777,5.5208,-466.8645,0.138449
-437.0989,5.5209,-466.7405,0.138583
-436.6195,5.5211,-466.6164,0.138722
-436.1877,5.5212,-466.5046,0.138844
-435.7554,5.5213,-466.3927,0.138974
-435.3709,5.5214,-466.2931,0.139086
-434.9381,5.5216,-466.1810,0.139213
-434.5048,5.5217,-466.0686,0.139339
-434.0230,5.5218,-465.9438,0.139475
-433.6373,5.5219,-465.8437,0.139588
-433.1548,5.5221,-465.7184,0.139731
-432.7685,5.5222,-465.6182,0.139840
-432.3335,5.5223,-465.5053,0.139968
-431.8498,5.5224,-465.3797,0.140112
-431.4142,5.5225,-465.2665,0.140238
-430.9782,5.5227,-465.1532,0.140362
-430.4934,5.5228,-465.0273,0.140506
-430.1052,5.5229,-464.9264,0.140619
-429.6682,5.5230,-464.8129,0.140746
-429.2795,5.5231,-464.7119,0.140861
-428.8419,5.5232,-464.5981,0.140986
-428.4039,5.5234,-464.4843,0.141118
-427.9657,5.5235,-464.3703,0.141241
-427.5271,5.5236,-464.2563,0.141371
-427.0881,5.5237,-464.1421,0.141502
-426.6001,5.5238,-464.0151,0.141641
-426.1116,5.5240,-463.8879,0.141788
-425.6227,5.5241,-463.7606,0.141931
-425.1824,5.5241,-463.6457,0.142061
-424.7417,5.5241,-463.5307,0.142196
-424.3497,5.5241,-463.4284,0.142308
-423.9084,5.5241,-463.3131,0.142435
-423.5159,5.5241,-463.2106,0.142551
-423.0248,5.5242,-463.0822,0.142697
-422.6317,5.5243,-462.9795,0.142808
-422.1893,5.5244,-462.8638,0.142943
-421.7956,5.5245,-462.7608,0.143057
-421.3526,5.5246,-462.6449,0.143188
-420.9091,5.5247,-462.5288,0.143320
-420.4654,5.5248,-462.4128,0.143453
-420.0214,5.5248,-462.2965,0.143580
-419.5771,5.5249,-462.1803,0.143713
-419.1819,5.5250,-462.0769,0.143828
-418.7370,5.5251,-461.9604,0.143963
-418.2422,5.5252,-461.8310,0.144108
-417.8461,5.5253,-461.7273,0.144224
-417.4003,5.5254,-461.6105,0.144356
-416.9048,5.5255,-461.4807,0.144503
-416.4091,5.5256,-461.3508,0.144647
-416.0125,5.5257,-461.2467,0.144764
-415.6157,5.5258,-461.1427,0.144879
-415.1692,5.5259,-461.0256,0.145010
-414.6730,5.5260,-460.8955,0.145160
-414.2263,5.5261,-460.7783,0.145290
-413.7794,5.5261,-460.6610,0.145421
-413.3326,5.5262,-460.5437,0.145554
-412.8362,5.5263,-460.4133,0.145701
-412.3896,5.5264,-460.2961,0.145830
-411.9926,5.5265,-460.1918,0.145946
-411.5463,5.5266,-460.0745,0.146078
-411.1495,5.5267,-459.9702,0.146195
-410.6539,5.5267,-459.8399,0.146339
-410.2082,5.5268,-459.7227,0.146468
-409.7630,5.5269,-459.6057,0.146599
-409.3184,5.5270,-459.4886,0.146727
-408.8251,5.5271,-459.3587,0.146872
-408.4311,5.5272,-459.2549,0.146986
-407.9885,5.5272,-459.1382,0.147117
-407.5468,5.5273,-459.0217,0.147245
-407.0572,5.5274,-458.8924,0.147387
-406.6174,5.5274,-458.7762,0.147517
-406.2272,5.5275,-458.6730,0.147630
-405.7891,5.5276,-458.5570,0.147757
-405.3033,5.5276,-458.4283,0.147894
-404.8187,5.5277,-458.2997,0.148035
-404.3351,5.5278,-458.1713,0.148174
-403.9008,5.5278,-458.0559,0.148299
-403.4674,5.5278,-457.9405,0.148427
-403.0349,5.5279,-457.8252,0.148549
-402.5554,5.5279,-457.6972,0.148690
-402.0769,5.5280,-457.5693,0.148830
-401.6950,5.5280,-457.4671,0.148940
-401.2661,5.5280,-457.3521,0.149062
-400.8855,5.5280,-457.2498,0.149170
-400.4582,5.5281,-457.1348,0.149293
-400.0791,5.5281,-457.0324,0.149399
-399.6534,5.5281,-456.9172,0.149522
-399.2286,5.5281,-456.8018,0.149646
-398.7576,5.5280,-456.6732,0.149780
-398.3816,5.5280,-456.5701,0.149889
-397.9126,5.5279,-456.4407,0.150020
-397.5383,5.5279,-456.3369,0.150126
-397.0247,5.5278,-456.1935,0.150271
-396.5591,5.5276,-456.0627,0.150404
-396.0946,5.5275,-455.9315,0.150536
-395.7239,5.5274,-455.8263,0.150636
-395.3078,5.5272,-455.7074,0.150754
-394.9386,5.5271,-455.6014,0.150860
-394.5242,5.5269,-455.4818,0.150973
-394.1108,5.5267,-455.3615,0.151089
-393.7441,5.5265,-455.2542,0.151189
-393.2868,5.5262,-455.1192,0.151316
-392.8308,5.5259,-454.9833,0.151443
-392.4214,5.5256,-454.8603,0.151553
-392.0583,5.5253,-454.7501,0.151654
-391.6509,5.5250,-454.6255,0.151762
-391.2895,5.5247,-454.5139,0.151862
-390.8840,5.5242,-454.3875,0.151974
-390.5244,5.5239,-454.2741,0.152068
-390.1208,5.5234,-454.1455,0.152179
-389.7630,5.5229,-454.0301,0.152276
-389.3615,5.5224,-453.8988,0.152384
-388.9612,5.5218,-453.7660,0.152491
-388.5621,5.5211,-453.6314,0.152598
-388.2085,5.5205,-453.5104,0.152697
-387.8117,5.5198,-453.3725,0.152803
-387.4601,5.5191,-453.2483,0.152897
-387.0659,5.5182,-453.1067,0.153003
-386.7167,5.5174,-452.9790,0.153101
-386.3253,5.5164,-452.8333,0.153204
-385.9785,5.5155,-452.7018,0.153297
-385.5900,5.5144,-452.5518,0.153401
-385.2030,5.5133,-452.3993,0.153506
-384.8604,5.5122,-452.2618,0.153595
-384.4766,5.5109,-452.1047,0.153705
-384.0945,5.5095,-451.9449,0.153801
-383.7142,5.5081,-451.7826,0.153908
-383.3778,5.5067,-451.6359,0.154000
-383.0028,5.5013,-451.4624,0.154105
-382.6697,5.5013,-451.3114,0.154194
-382.2554,5.5013,-451.1194,0.154307
-381.8850,5.5013,-450.9431,0.154410
-381.5168,5.5013,-450.7637,0.154508
-381.1912,5.5013,-450.6020,0.154597
-380.8271,5.5012,-450.4177,0.154695
-380.5055,5.5012,-450.2516,0.154784
-380.1461,5.5012,-450.0621,0.154885
-379.8286,5.5012,-449.8914,0.154972
-379.4734,5.5012,-449.6969,0.155073
-379.1206,5.5012,-449.5000,0.155167
-378.7700,5.5012,-449.3006,0.155265
-378.4601,5.5012,-449.1212,0.155352
-378.1131,5.5012,-448.9167,0.155452
-377.8062,5.5012,-448.7327,0.155538
-377.4626,5.5012,-448.5231,0.155632
-377.1585,5.5012,-448.3345,0.155719
-376.8181,5.5012,-448.1199,0.155814
-376.5169,5.5012,-447.9269,0.155896
-376.1798,5.5012,-447.7072,0.155996
-375.8816,5.5012,-447.5097,0.156079
-375.5476,5.5012,-447.2850,0.156174
-375.2523,5.5012,-447.0830,0.156259
-374.9214,5.5012,-446.8532,0.156355
-374.5924,5.5012,-446.6207,0.156446
-374.2651,5.5012,-446.3856,0.156543
-373.9756,5.5012,-446.1743,0.156627
-373.6516,5.5012,-445.9340,0.156716
-373.3295,5.5012,-445.6909,0.156815
-373.0447,5.5012,-445.4725,0.156893
-372.7262,5.5012,-445.2240,0.156987
-372.4449,5.5012,-445.0007,0.157068
-372.1307,5.5012,-444.7466,0.157162
-371.8537,5.5012,-444.5183,0.157242
-371.5109,5.5012,-444.2297,0.157348
-371.2394,5.5012,-443.9963,0.157427
-370.9372,5.5012,-443.7310,0.157517
-370.6384,5.5012,-443.4629,0.157609
-370.3430,5.5012,-443.1919,0.157701
-370.0512,5.5012,-442.9182,0.157794
-369.7631,5.5012,-442.6417,0.157879
-369.5099,5.5012,-442.3936,0.157962
-369.2597,5.5012,-442.1436,0.158041
-368.9816,5.5012,-441.8598,0.158128
-368.7372,5.5012,-441.6053,0.158207
-368.4653,5.5012,-441.3162,0.158300
-368.1966,5.5012,-441.0243,0.158387
-367.9018,5.5012,-440.6966,0.158489
-367.6688,5.5012,-440.4319,0.158563
-367.4098,5.5012,-440.1316,0.158661
-367.1823,5.5012,-439.8622,0.158741
-366.9295,5.5012,-439.5566,0.158828
-366.6800,5.5012,-439.2483,0.158917
-366.4339,5.5012,-438.9373,0.159005
-366.1913,5.5012,-438.6237,0.159098
-365.9785,5.5012,-438.3428,0.159178
-365.7424,5.5012,-438.0242,0.159265
-365.5356,5.5013,-437.7390,0.159347
-365.3315,5.5013,-437.4517,0.159428
-365.1055,5.5013,-437.1261,0.159519
-364.8831,5.5013,-436.7980,0.159604
-364.6885,5.5013,-436.5044,0.159693
-364.4732,5.5013,-436.1718,0.159776
-364.2617,5.5013,-435.8370,0.159865
-364.0768,5.5013,-435.5374,0.159945
-363.8724,5.5013,-435.1983,0.160030
-363.6939,5.5013,-434.8950,0.160117
-363.4968,5.5013,-434.5518,0.160204
-363.3035,5.5013,-434.2064,0.160298
-363.1142,5.5013,-433.8589,0.160386
-362.9492,5.5013,-433.5484,0.160460
-362.7672,5.5013,-433.1972,0.160553
-362.6087,5.5013,-432.8834,0.160624
-362.4341,5.5013,-432.5286,0.160723
-362.2634,5.5013,-432.1720,0.160803
-362.1148,5.5013,-431.8534,0.160887
-361.9512,5.5013,-431.4932,0.160974
-361.7913,5.5013,-431.1312,0.161064
-361.6351,5.5013,-430.7675,0.161154
-361.4993,5.5013,-430.4427,0.161231
-361.3500,5.5013,-430.0755,0.161320
-361.2044,5.5013,-429.7066,0.161407
-361.0623,5.5013,-429.3358,0.161495
-360.9392,5.5013,-429.0048,0.161577
-360.8041,5.5013,-428.6306,0.161664
-360.6728,5.5013,-428.2547,0.161752
-360.5591,5.5013,-427.9192,0.161828
-360.4348,5.5013,-427.5402,0.161912
-360.3142,5.5013,-427.1595,0.162006
-360.2101,5.5013,-426.8198,0.162083
-360.0964,5.5013,-426.4362,0.162175
-359.9864,5.5013,-426.0512,0.162263
-359.8917,5.5013,-425.7078,0.162340
-359.7886,5.5013,-425.3202,0.162430
-359.6891,5.5013,-424.9313,0.162519
-359.5931,5.5013,-424.5411,0.162608
-359.5007,5.5013,-424.1498,0.162694
-359.4118,5.5013,-423.7572,0.162785
-359.3265,5.5012,-423.3635,0.162872
-359.2536,5.5012,-423.0125,0.162956
-359.1836,5.5012,-422.6606,0.163033
-359.1082,5.5012,-422.2637,0.163120
-359.0443,5.5012,-421.9100,0.163202
-358.9757,5.5012,-421.5111,0.163291
-358.9109,5.5012,-421.1111,0.163384
-358.8563,5.5012,-420.7548,0.163465
-358.7983,5.5012,-420.3530,0.163551
-358.7441,5.5012,-419.9503,0.163645
-358.6990,5.5012,-419.5915,0.163725
-358.6518,5.5012,-419.1870,0.163815
-358.6083,5.5012,-418.7817,0.163907
-358.5686,5.5012,-418.3756,0.164000
-358.5327,5.5012,-417.9688,0.164093
-358.5040,5.5012,-417.6066,0.164173
-358.4751,5.5012,-417.1984,0.164263
-358.4501,5.5012,-416.7896,0.164356
-358.4289,5.5012,-416.3802,0.164451
-358.4131,5.5012,-416.0157,0.164536
-358.3990,5.5012,-415.6053,0.164631
-358.3885,5.5012,-415.1944,0.164722
-358.3816,5.5012,-414.7831,0.164816
-358.3784,5.5012,-414.3713,0.164917
-358.3788,5.5012,-413.9592,0.165008
-358.3827,5.5012,-413.5467,0.165100
-358.3901,5.5012,-413.1339,0.165195
-358.4010,5.5012,-412.7209,0.165295
-358.4155,5.5012,-412.3075,0.165385
-358.4334,5.5012,-411.8940,0.165485
-358.4549,5.5012,-411.4802,0.165578
-358.4769,5.5012,-411.1122,0.165667
-358.5049,5.5012,-410.6982,0.165761
-358.5364,5.5012,-410.2839,0.165858
-358.5674,5.5012,-409.9156,0.165940
-358.6054,5.5012,-409.5012,0.166037
-358.6469,5.5012,-409.0867,0.166143
-358.6917,5.5012,-408.6721,0.166234
-358.7400,5.5012,-408.2576,0.166329
-358.7915,5.5012,-407.8432,0.166425
-358.8464,5.5012,-407.4288,0.166532
-358.9044,5.5012,-407.0145,0.166628
-358.9656,5.5012,-406.6003,0.166720
-359.0299,5.5012,-406.1863,0.166815
-359.0972,5.5012,-405.7724,0.166918
-359.1676,5.5012,-405.3587,0.167010
-359.2409,5.5012,-404.9451,0.167113
-359.3086,5.5012,-404.5777,0.167199
-359.3875,5.5012,-404.1645,0.167299
-359.4695,5.5012,-403.7514,0.167402
-359.5448,5.5012,-403.3844,0.167484
-359.6323,5.5012,-402.9717,0.167587
-359.7227,5.5012,-402.5591,0.167687
-359.8161,5.5012,-402.1468,0.167789
-359.9124,5.5012,-401.7346,0.167888
-360.0117,5.5012,-401.3226,0.167985
-360.1139,5.5012,-400.9108,0.168086
-360.2189,5.5012,-400.4991,0.168186
-360.3148,5.5012,-400.1333,0.168276
-360.4253,5.5012,-399.7218,0.168375
-360.5259,5.5012,-399.3562,0.168471
-360.6419,5.5012,-398.9451,0.168569
-360.7607,5.5012,-398.5341,0.168671
-360.8688,5.5012,-398.1689,0.168767
-360.9930,5.5012,-397.7584,0.168866
-361.1202,5.5012,-397.3480,0.168971
-361.2357,5.5012,-396.9834,0.169063
-361.3682,5.5012,-396.5735,0.169169
-361.5035,5.5012,-396.1639,0.169274
-361.6415,5.5012,-395.7546,0.169379
-361.7979,5.5012,-395.3002,0.169499
-361.9251,5.5012,-394.9370,0.169592
-362.0704,5.5012,-394.5286,0.169704
-362.2180,5.5012,-394.1205,0.169812
-362.3678,5.5012,-393.7126,0.169917
-362.5026,5.5012,-393.3504,0.170016
-362.6562,5.5012,-392.9431,0.170124
-362.8119,5.5012,-392.5359,0.170231
-362.9518,5.5012,-392.1742,0.170329
-363.1108,5.5012,-391.7672,0.170446
-363.2714,5.5012,-391.3603,0.170551
-363.4334,5.5012,-390.9530,0.170663
-363.5969,5.5012,-390.5453,0.170776
-363.7617,5.5012,-390.1372,0.170887
-363.9280,5.5012,-389.7287,0.171008
-364.0957,5.5012,-389.3195,0.171122
-364.2457,5.5012,-388.9553,0.171217
-364.4154,5.5012,-388.5449,0.171340
-364.5860,5.5012,-388.1335,0.171455
-364.7573,5.5012,-387.7213,0.171575
-364.9292,5.5012,-387.3080,0.171694
-365.0826,5.5012,-386.9398,0.171800
-365.2556,5.5012,-386.5245,0.171923
-365.4293,5.5012,-386.1080,0.172040
-365.6034,5.5012,-385.6901,0.172162
-365.7779,5.5012,-385.2708,0.172295
-365.9528,5.5012,-384.8501,0.172420
-366.1280,5.5012,-384.4279,0.172550
-366.3034,5.5012,-384.0042,0.172678
-366.4789,5.5012,-383.5789,0.172803
-366.6544,5.5012,-383.1520,0.172939
-366.8105,5.5012,-382.7712,0.173058
-366.9861,5.5012,-382.3412,0.173193
-367.1616,5.5013,-381.9094,0.173336
-367.3175,5.5013,-381.5240,0.173458
-367.4927,5.5013,-381.0887,0.173596
-367.6483,5.5013,-380.7001,0.173713
-367.8230,5.5013,-380.2611,0.173859
-367.9974,5.5013,-379.8202,0.174004
-368.1525,5.5013,-379.4266,0.174136
-368.3267,5.5013,-378.9819,0.174282
-368.5006,5.5013,-378.5351,0.174426
-368.6743,5.5013,-378.0862,0.174568
-368.8285,5.5013,-377.6854,0.174698
-369.0016,5.5013,-377.2325,0.174852
-369.1552,5.5013,-376.8282,0.174991
-369.3277,5.5013,-376.3713,0.175136
-369.4807,5.5013,-375.9633,0.175274
-369.6525,5.5013,-375.5024,0.175422
-369.8048,5.5013,-375.0909,0.175563
-369.9757,5.5013,-374.6259,0.175715
-370.1273,5.5013,-374.2108,0.175850
-370.2973,5.5013,-373.7418,0.176007
-370.4668,5.5013,-373.2706,0.176161
-370.6170,5.5013,-372.8501,0.176297
-370.7852,5.5013,-372.3751,0.176454
-370.9528,5.5013,-371.8981,0.176608
-371.1195,5.5013,-371.4192,0.176771
-371.2853,5.5013,-370.9385,0.176923
-371.4319,5.5013,-370.5100,0.177065
-371.5957,5.5013,-370.0265,0.177221
-371.7404,5.5013,-369.5956,0.177360
-371.9019,5.5013,-369.1098,0.177520
-372.0443,5.5013,-368.6770,0.177662
-372.2030,5.5013,-368.1891,0.177824
-372.3602,5.5013,-367.7003,0.177978
-372.4986,5.5013,-367.2651,0.178119
-372.6525,5.5013,-366.7747,0.178276
-372.7876,5.5013,-366.3383,0.178413
-372.9377,5.5013,-365.8468,0.178578
-373.0856,5.5013,-365.3547,0.178732
-373.2311,5.5013,-364.8622,0.178888
-373.3742,5.5013,-364.3693,0.179043
-373.5149,5.5013,-363.8759,0.179207
-373.6378,5.5013,-363.4370,0.179339
-373.7736,5.5013,-362.9430,0.179494
-373.8921,5.5013,-362.5037,0.179630
-374.0229,5.5013,-362.0096,0.179797
-374.1509,5.5013,-361.5156,0.179945
-374.2623,5.5013,-361.0766,0.180083
-374.3850,5.5013,-360.5831,0.180234
-374.5049,5.5013,-360.0900,0.180387
-374.6091,5.5013,-359.6522,0.180524
-374.7238,5.5013,-359.1600,0.180679
-374.8356,5.5013,-358.6683,0.180837
-374.9447,5.5013,-358.1771,0.180984
-375.0393,5.5013,-357.7408,0.181118
-375.1434,5.5013,-357.2505,0.181268
-375.2448,5.5013,-356.7608,0.181420
-375.3328,5.5013,-356.3259,0.181554
-375.4294,5.5013,-355.8371,0.181697
-375.5236,5.5013,-355.3489,0.181851
-375.6154,5.5013,-354.8612,0.181996
-375.6948,5.5013,-354.4283,0.182124
-375.7820,5.5013,-353.9418,0.182281
-375.8669,5.5013,-353.4558,0.182425
-375.9405,5.5013,-353.0245,0.182555
-376.0211,5.5013,-352.5398,0.182698
-376.0994,5.5013,-352.0557,0.182842
-376.1754,5.5013,-351.5724,0.182989
-376.2493,5.5013,-351.0897,0.183139
-376.3131,5.5013,-350.6613,0.183265
-376.3828,5.5013,-350.1799,0.183411
-376.4430,5.5013,-349.7526,0.183536
-376.5086,5.5013,-349.2726,0.183679
-376.5722,5.5013,-348.7934,0.183820
-376.6269,5.5013,-348.3680,0.183946
-376.6866,5.5013,-347.8900,0.184088
-376.7443,5.5013,-347.4129,0.184234
-376.8000,5.5013,-346.9365,0.184371
-376.8478,5.5013,-346.5138,0.184496
-376.8999,5.5013,-346.0388,0.184641
-376.9501,5.5013,-345.5646,0.184783
-376.9984,5.5013,-345.0913,0.184919
-377.0396,5.5013,-344.6712,0.185045
-377.0841,5.5013,-344.1995,0.185185
-377.1265,5.5013,-343.7285,0.185324
-377.1624,5.5013,-343.3107,0.185452
-377.2009,5.5013,-342.8414,0.185585
-377.2373,5.5013,-342.3730,0.185723
-377.2715,5.5013,-341.9054,0.185863
-377.3002,5.5013,-341.4904,0.185987
-377.3305,5.5013,-341.0240,0.186128
-377.3556,5.5013,-340.6101,0.186243
-377.3818,5.5013,-340.1449,0.186383
-377.4057,5.5013,-339.6802,0.186520
-377.4274,5.5013,-339.2161,0.186654
-377.4469,5.5013,-338.7524,0.186792
-377.4641,5.5013,-338.2891,0.186929
-377.4777,5.5013,-337.8774,0.187052
-377.4908,5.5013,-337.4144,0.187188
-377.5018,5.5013,-336.9514,0.187328
-377.5097,5.5013,-336.5398,0.187444
-377.5165,5.5013,-336.0768,0.187584
-377.5211,5.5013,-335.6138,0.187717
-377.5233,5.5013,-335.1509,0.187858
-377.5232,5.5013,-334.6880,0.187988
-377.5212,5.5013,-334.2765,0.188116
-377.5168,5.5013,-333.8134,0.188252
-377.5109,5.5013,-333.4018,0.188372
-377.5021,5.5013,-332.9389,0.188508
-377.4910,5.5013,-332.4759,0.188648
-377.4777,5.5013,-332.0127,0.188777
-377.4619,5.5013,-331.5496,0.188916
-377.4439,5.5013,-331.0861,0.189051
-377.4258,5.5013,-330.6740,0.189178
-377.4032,5.5013,-330.2102,0.189316
-377.3783,5.5013,-329.7463,0.189450
-377.3540,5.5013,-329.3338,0.189572
-377.3244,5.5013,-328.8695,0.189706
-377.2923,5.5013,-328.4052,0.189844
-377.2576,5.5013,-327.9406,0.189981
-377.2246,5.5013,-327.5276,0.190103
-377.1852,5.5013,-327.0626,0.190246
-377.1479,5.5013,-326.6493,0.190363
-377.1035,5.5013,-326.1840,0.190503
-377.0513,5.5013,-325.6668,0.190657
-377.0071,5.5013,-325.2529,0.190777
-376.9549,5.5013,-324.7871,0.190915
-376.8999,5.5013,-324.3210,0.191054
-376.8486,5.5013,-323.9067,0.191178
-376.7881,5.5013,-323.4403,0.191314
-376.7246,5.5013,-322.9739,0.191453
-376.6657,5.5013,-322.5591,0.191578
-376.5966,5.5013,-322.0923,0.191716
-376.5244,5.5013,-321.6251,0.191856
-376.4577,5.5013,-321.2095,0.191979
-376.3798,5.5013,-320.7416,0.192120
-376.2989,5.5013,-320.2734,0.192261
-376.2244,5.5013,-319.8569,0.192389
-376.1376,5.5013,-319.3880,0.192526
-376.0478,5.5013,-318.9187,0.192666
-375.9549,5.5013,-318.4489,0.192807
-375.8697,5.5013,-318.0310,0.192933
-375.7708,5.5013,-317.5605,0.193073
-375.6690,5.5013,-317.0893,0.193220
-375.5760,5.5014,-316.6699,0.193344
-375.4685,5.5014,-316.1974,0.193487
-375.3582,5.5014,-315.7239,0.193629
-375.2578,5.5014,-315.3024,0.193756
-375.1421,5.5014,-314.8271,0.193900
-375.0236,5.5014,-314.3510,0.194041
-374.9023,5.5014,-313.8738,0.194186
-374.7921,5.5013,-313.4489,0.194317
-374.6514,5.5013,-312.9166,0.194481
-374.5365,5.5013,-312.4899,0.194611
-374.4048,5.5013,-312.0089,0.194757
-374.2704,5.5013,-311.5267,0.194901
-374.1487,5.5013,-311.0973,0.195033
-374.0093,5.5013,-310.6133,0.195180
-373.8831,5.5013,-310.1823,0.195313
-373.7386,5.5013,-309.6964,0.195462
-373.6079,5.5013,-309.2638,0.195597
-373.4583,5.5013,-308.7762,0.195747
-373.3059,5.5013,-308.2877,0.195898
-373.1682,5.5013,-307.8527,0.196029
-373.0107,5.5013,-307.3625,0.196183
-372.8505,5.5013,-306.8714,0.196334
-372.7057,5.5013,-306.4342,0.196470
-372.5403,5.5013,-305.9416,0.196622
-372.3719,5.5013,-305.4482,0.196777
-372.2009,5.5013,-304.9540,0.196933
-372.0466,5.5013,-304.5140,0.197066
-371.8703,5.5013,-304.0182,0.197220
-371.7112,5.5013,-303.5770,0.197357
-371.5297,5.5013,-303.0798,0.197517
-371.3659,5.5013,-302.6373,0.197655
-371.1790,5.5013,-302.1389,0.197811
-370.9892,5.5013,-301.6397,0.197969
-370.8182,5.5013,-301.1955,0.198111
-370.6230,5.5013,-300.6951,0.198272
-370.4250,5.5013,-300.1942,0.198425
-370.2242,5.5013,-299.6925,0.198586
-370.0432,5.5013,-299.2462,0.198732
-369.8368,5.5013,-298.7434,0.198889
-369.6276,5.5013,-298.2401,0.199050
-369.4156,5.5013,-297.7362,0.199210
-369.2248,5.5013,-297.2878,0.199354
-369.0075,5.5013,-296.7827,0.199516
-368.7875,5.5013,-296.2770,0.199678
-368.5897,5.5013,-295.8270,0.199823
-368.3645,5.5013,-295.3202,0.199989
-368.1367,5.5013,-294.8128,0.200156
-367.9318,5.5013,-294.3614,0.200297
-367.6988,5.5013,-293.8530,0.200463
-367.4630,5.5013,-293.3442,0.200632
-367.2245,5.5013,-292.8349,0.200797
-366.9832,5.5013,-292.3252,0.200963
-366.7391,5.5013,-291.8150,0.201129
-366.5199,5.5013,-291.3611,0.201278
-366.2706,5.5013,-290.8502,0.201449
-366.0468,5.5013,-290.3957,0.201596
-365.7923,5.5013,-289.8840,0.201762
-365.5351,5.5013,-289.3719,0.201935
-365.3042,5.5013,-288.9164,0.202086
-365.0418,5.5013,-288.4036,0.202257
-364.7768,5.5013,-287.8904,0.202426
-364.5389,5.5013,-287.4338,0.202581
-364.2690,5.5013,-286.9197,0.202752
-363.9965,5.5013,-286.4051,0.202927
-363.7215,5.5013,-285.8898,0.203095
-363.4442,5.5013,-285.3740,0.203268
-363.1647,5.5013,-284.8575,0.203445
-362.8829,5.5013,-284.3405,0.203620
-362.5989,5.5013,-283.8229,0.203796
-362.3444,5.5013,-283.3625,0.203944
-362.0560,5.5013,-282.8440,0.204124
-361.7977,5.5013,-282.3827,0.204285
-361.5050,5.5013,-281.8632,0.204457
-361.2430,5.5013,-281.4011,0.204616
-360.9460,5.5013,-280.8808,0.204790
-360.6469,5.5013,-280.3600,0.204969
-360.3455,5.5013,-279.8387,0.205154
-360.0420,5.5013,-279.3169,0.205329
-359.7364,5.5013,-278.7943,0.205506
-359.4289,5.5013,-278.2711,0.205685
-359.1194,5.5013,-277.7472,0.205864
-358.8427,5.5013,-277.2810,0.206032
-358.5298,5.5013,-276.7558,0.206211
-358.2148,5.5013,-276.2300,0.206392
-357.9334,5.5013,-275.7621,0.206555
-357.6149,5.5013,-275.2352,0.206736
-357.3302,5.5013,-274.7664,0.206897
-357.0081,5.5013,-274.2384,0.207082
-356.6841,5.5013,-273.7099,0.207265
-356.3945,5.5013,-273.2398,0.207428
-356.0667,5.5013,-272.7105,0.207611
-355.7369,5.5013,-272.1808,0.207801
-355.4050,5.5013,-271.6508,0.207981
-355.0710,5.5013,-271.1205,0.208171
-354.7349,5.5013,-270.5899,0.208357
-354.3966,5.5013,-270.0591,0.208545
-354.0941,5.5013,-269.5870,0.208711
-353.7515,5.5013,-269.0558,0.208895
-353.4452,5.5013,-268.5834,0.209060
-353.0983,5.5013,-268.0519,0.209252
-352.7881,5.5013,-267.5793,0.209418
-352.3976,5.5013,-266.9885,0.209627
-352.0438,5.5013,-266.4566,0.209816
-351.7273,5.5013,-265.9837,0.209986
-351.3690,5.5013,-265.4517,0.210175
-351.0083,5.5013,-264.9196,0.210366
-350.6857,5.5013,-264.4466,0.210535
-350.3204,5.5013,-263.9144,0.210721
-349.9526,5.5013,-263.3821,0.210915
-349.6237,5.5013,-262.9091,0.211086
-349.2514,5.5013,-262.3769,0.211279
-348.9184,5.5013,-261.9038,0.211445
-348.5415,5.5013,-261.3718,0.211642
-348.1622,5.5013,-260.8398,0.211833
-347.7378,5.5013,-260.2488,0.212049
-347.3105,5.5013,-259.6578,0.212265
-346.9664,5.5013,-259.1852,0.212444
-346.6205,5.5013,-258.7126,0.212616
-346.2289,5.5013,-258.1810,0.212810
-345.8788,5.5013,-257.7086,0.212984
-345.4826,5.5013,-257.1773,0.213176
-345.0839,5.5013,-256.6462,0.213371
-344.6828,5.5013,-256.1152,0.213569
-344.3242,5.5013,-255.6434,0.213742
-343.9184,5.5013,-255.1127,0.213939
-343.5557,5.5013,-254.6411,0.214120
-343.1454,5.5013,-254.1106,0.214318
-342.7789,5.5013,-253.6391,0.214493
-342.3642,5.5013,-253.1086,0.214690
-341.9474,5.5013,-252.5781,0.214891
-341.5751,5.5013,-252.1065,0.215071
-341.1542,5.5013,-251.5758,0.215268
-340.7783,5.5013,-251.1041,0.215447
-340.3535,5.5013,-250.5733,0.215648
-339.9265,5.5013,-250.0425,0.215847
-339.5452,5.5013,-249.5706,0.216029
-339.1144,5.5013,-249.0397,0.216228
-338.7297,5.5013,-248.5677,0.216408
-338.2950,5.5013,-248.0367,0.216608
-337.8096,5.5013,-247.4467,0.216841
-337.3217,5.5013,-246.8566,0.217057
-336.9297,5.5013,-246.3846,0.217238
-336.4867,5.5013,-245.8535,0.217444
-336.0913,5.5013,-245.3814,0.217624
-335.5948,5.5013,-244.7911,0.217850
-335.1461,5.5013,-244.2598,0.218058
-334.7455,5.5013,-243.7875,0.218240
-334.2932,5.5013,-243.2559,0.218442
-333.8895,5.5013,-242.7831,0.218628
-333.4338,5.5013,-242.2511,0.218832
-332.9764,5.5013,-241.7187,0.219038
-332.5685,5.5013,-241.2452,0.219220
-332.1079,5.5013,-240.7123,0.219424
-331.5943,5.5013,-240.1198,0.219655
-331.1819,5.5013,-239.6456,0.219839
-330.6646,5.5013,-239.0525,0.220069
-330.1454,5.5013,-238.4591,0.220304
-329.7286,5.5013,-237.9841,0.220487
-329.2582,5.5013,-237.4495,0.220696
-328.7337,5.5013,-236.8553,0.220929
-328.2072,5.5013,-236.2606,0.221163
-327.7847,5.5013,-235.7847,0.221348
-327.3079,5.5013,-235.2490,0.221558
-326.8827,5.5013,-234.7726,0.221744
-326.3496,5.5013,-234.1767,0.221979
-325.8682,5.5013,-233.6401,0.222190
-325.3316,5.5013,-233.0437,0.222422
-324.7930,5.5013,-232.4468,0.222661
-324.2526,5.5013,-231.8497,0.222900
-323.7103,5.5013,-231.2522,0.223131
-323.2751,5.5013,-230.7740,0.223322
-322.7842,5.5013,-230.2357,0.223537
-322.3466,5.5013,-229.7571,0.223726
-321.9078,5.5013,-229.2782,0.223913
-321.4128,5.5013,-228.7393,0.224133
-320.9715,5.5013,-228.2600,0.224327
-320.4736,5.5013,-227.7206,0.224538
-319.9743,5.5013,-227.1810,0.224752
-319.4177,5.5013,-226.5811,0.224994
-318.8594,5.5013,-225.9810,0.225232
-318.4113,5.5013,-225.5007,0.225424
-317.8497,5.5013,-224.9000,0.225666
-317.2863,5.5013,-224.2991,0.225907
-316.7776,5.5013,-223.7580,0.226125
-316.2676,5.5013,-223.2166,0.226339
-315.7561,5.5013,-222.6751,0.226558
-315.3002,5.5013,-222.1936,0.226755
-314.7859,5.5013,-221.6516,0.226972
-314.2703,5.5013,-221.1095,0.227190
-313.8107,5.5013,-220.6274,0.227382
-313.2923,5.5013,-220.0849,0.227600
-312.7147,5.5013,-219.4819,0.227849
-312.2512,5.5013,-218.9993,0.228041
-311.7286,5.5013,-218.4562,0.228263
-311.1462,5.5013,-217.8525,0.228508
-310.6790,5.5013,-217.3694,0.228704
-310.1520,5.5013,-216.8258,0.228922
-309.5649,5.5013,-216.2215,0.229173
-309.0940,5.5013,-215.7379,0.229364
-308.5628,5.5013,-215.1936,0.229582
-308.0896,5.5013,-214.7096,0.229779
-307.5559,5.5013,-214.1647,0.230002
-307.0211,5.5013,-213.6195,0.230226
-306.5446,5.5013,-213.1344,0.230421
-306.0074,5.5013,-212.5883,0.230661
-305.5290,5.5013,-212.1025,0.230844
-304.9897,5.5013,-211.5555,0.231070
-304.5094,5.5013,-211.0688,0.231271
-304.0283,5.5013,-210.5818,0.231468
-303.4257,5.5013,-209.9726,0.231715
-302.8824,5.5013,-209.4238,0.231941
-302.3985,5.5013,-208.9356,0.232141
-301.7926,5.5013,-208.3248,0.232390
-301.2464,5.5013,-207.7746,0.232617
-300.7600,5.5013,-207.2852,0.232815
-300.2120,5.5013,-206.7341,0.233036
-299.7242,5.5013,-206.2439,0.233240
-299.1747,5.5013,-205.6922,0.233470
-298.6245,5.5013,-205.1400,0.233694
-298.1349,5.5013,-204.6491,0.233896
-297.5834,5.5013,-204.0966,0.234117
-297.0928,5.5013,-203.6053,0.234320
-296.6017,5.5013,-203.1139,0.234524
-295.9873,5.5013,-202.4995,0.234774
-295.3724,5.5013,-201.8850,0.235021
-294.8184,5.5013,-201.3320,0.235252
-294.3257,5.5013,-200.8403,0.235449
-293.7093,5.5013,-200.2258,0.235701
-293.1542,5.5013,-199.6728,0.235928
-292.5988,5.5013,-199.1198,0.236156
-292.1048,5.5013,-198.6283,0.236352
-291.5487,5.5013,-198.0754,0.236580
-291.0542,5.5013,-197.5840,0.236780
-290.4356,5.5013,-196.9697,0.237029
-289.8787,5.5013,-196.4170,0.237256
-289.2594,5.5013,-195.8029,0.237506
-288.7636,5.5013,-195.3116,0.237707
-288.2057,5.5013,-194.7590,0.237930
-287.7095,5.5013,-194.2678,0.238129
-287.0889,5.5013,-193.6539,0.238380
-286.5300,5.5013,-193.1014,0.238607
-286.0330,5.5013,-192.6103,0.238806
-285.4735,5.5013,-192.0578,0.239032
-284.9761,5.5013,-191.5667,0.239231
-284.4161,5.5013,-191.0142,0.239457
-283.8560,5.5013,-190.4617,0.239682
-283.3578,5.5013,-189.9706,0.239880
-282.7349,5.5013,-189.3567,0.240132
-282.1740,5.5013,-188.8042,0.240356
-281.6752,5.5013,-188.3130,0.240556
-281.0514,5.5013,-187.6991,0.240809
-280.5523,5.5013,-187.2079,0.241006
-279.9905,5.5013,-186.6554,0.241229
-279.4911,5.5013,-186.1643,0.241432
-278.9290,5.5013,-185.6118,0.241654
-278.4293,5.5013,-185.1207,0.241855
-277.8669,5.5013,-184.5683,0.242080
-277.3668,5.5013,-184.0773,0.242282
-276.8041,5.5013,-183.5250,0.242507
-276.2412,5.5013,-182.9727,0.242730
-275.6155,5.5013,-182.3590,0.242981
-275.1147,5.5013,-181.8681,0.243183
-274.6139,5.5013,-181.3773,0.243379
-274.0503,5.5013,-180.8251,0.243606
-273.5493,5.5013,-180.3342,0.243808
-272.9853,5.5013,-179.7822,0.244033
-272.3586,5.5013,-179.1687,0.244280
-271.8571,5.5013,-178.6780,0.244484
-271.2928,5.5013,-178.1261,0.244709
-270.7913,5.5013,-177.6356,0.244911
-270.2896,5.5013,-177.1452,0.245111
-269.7250,5.5013,-176.5936,0.245335
-269.1606,5.5013,-176.0421,0.245562
-268.6588,5.5013,-175.5520,0.245760
-268.0316,5.5013,-174.9394,0.246014
-267.4671,5.5013,-174.3882,0.246237
-266.9654,5.5013,-173.8983,0.246437
-266.4008,5.5013,-173.3473,0.246665
-265.8364,5.5013,-172.7964,0.246888
-265.2721,5.5013,-172.2458,0.247116
-264.7706,5.5013,-171.7565,0.247312
-264.1440,5.5013,-171.1453,0.247564
-263.5178,5.5013,-170.5345,0.247815
-262.9544,5.5013,-169.9851,0.248038
-262.4540,5.5013,-169.4971,0.248238
-261.8912,5.5013,-168.9484,0.248461
-261.3288,5.5013,-168.4000,0.248686
-260.8291,5.5013,-167.9130,0.248884
-260.2050,5.5013,-167.3046,0.249135
-259.5812,5.5013,-166.6967,0.249384
-259.0203,5.5013,-166.1501,0.249610
-258.5220,5.5013,-165.6645,0.249804
-257.8994,5.5013,-165.0580,0.250054
-257.4018,5.5013,-164.5732,0.250253
-256.8422,5.5013,-164.0282,0.250474
-256.2210,5.5013,-163.4232,0.250724
-255.6623,5.5013,-162.8792,0.250947
-255.1661,5.5013,-162.3959,0.251142
-254.6083,5.5013,-161.8527,0.251364
-254.0508,5.5013,-161.3100,0.251587
-253.5557,5.5013,-160.8279,0.251785
-252.9991,5.5013,-160.2860,0.252007
-252.5047,5.5013,-159.8047,0.252202
-251.9490,5.5013,-159.2637,0.252424
-251.3320,5.5013,-158.6631,0.252670
-250.8388,5.5013,-158.1830,0.252868
-250.2845,5.5013,-157.6434,0.253089
-249.7921,5.5013,-157.1641,0.253287
-249.3002,5.5013,-156.6853,0.253480
-248.7473,5.5013,-156.1471,0.253700
-248.2564,5.5013,-155.6692,0.253896
-247.7046,5.5013,-155.1321,0.254117
-247.1535,5.5013,-154.5956,0.254334
-246.6640,5.5013,-154.1192,0.254532
-246.1140,5.5013,-153.5838,0.254751
-245.5036,5.5013,-152.9897,0.254995
-244.8939,5.5013,-152.3962,0.255237
-244.4067,5.5013,-151.9221,0.255430
-243.7986,5.5013,-151.3301,0.255673
-243.2519,5.5013,-150.7980,0.255891
-242.7060,5.5013,-150.2666,0.256109
-242.2213,5.5013,-149.7949,0.256300
-241.7372,5.5013,-149.3237,0.256493
-241.1933,5.5013,-148.7942,0.256714
-240.6500,5.5013,-148.2654,0.256927
-240.0471,5.5013,-147.6786,0.257171
-239.5053,5.5013,-147.1512,0.257384
-239.0243,5.5013,-146.6830,0.257579
-238.4838,5.5013,-146.1568,0.257792
-237.8840,5.5013,-145.5730,0.258032
-237.4048,5.5013,-145.1065,0.258223
-236.8065,5.5013,-144.5242,0.258462
-236.2689,5.5013,-144.0007,0.258675
-235.7318,5.5013,-143.4779,0.258889
-235.2551,5.5013,-143.0137,0.259079
-234.7193,5.5013,-142.4922,0.259293
-234.1843,5.5013,-141.9712,0.259502
-233.6499,5.5013,-141.4509,0.259717
-233.1162,5.5013,-140.9313,0.259930
-232.6423,5.5013,-140.4699,0.260120
-232.1099,5.5013,-139.9515,0.260332
-231.5782,5.5013,-139.4337,0.260545
-230.9880,5.5013,-138.8591,0.260783
-230.3988,5.5013,-138.2853,0.261016
-229.8103,5.5013,-137.7122,0.261250
-229.2813,5.5013,-137.1972,0.261462
-228.6944,5.5013,-136.6257,0.261698
-228.2254,5.5013,-136.1690,0.261886
-227.6983,5.5013,-135.6559,0.262094
-227.2304,5.5013,-135.2003,0.262280
-226.6462,5.5013,-134.6315,0.262514
-226.1210,5.5013,-134.1202,0.262724
-225.6548,5.5013,-133.6663,0.262908
-225.1308,5.5013,-133.1563,0.263118
-224.6656,5.5013,-132.7034,0.263304
-224.1429,5.5013,-132.1945,0.263512
-223.6787,5.5013,-131.7427,0.263699
-223.1571,5.5013,-131.2349,0.263907
-222.6940,5.5013,-130.7841,0.264090
-222.2313,5.5013,-130.3338,0.264274
-221.7114,5.5013,-129.8279,0.264483
-221.2497,5.5013,-129.3786,0.264666
-220.6733,5.5013,-128.8177,0.264897
-220.1552,5.5013,-128.3135,0.265103
-219.6951,5.5013,-127.8659,0.265288
-219.1782,5.5013,-127.3629,0.265492
-218.7191,5.5013,-126.9163,0.265680
-218.2032,5.5013,-126.4144,0.265883
-217.7451,5.5013,-125.9688,0.266068
-217.2304,5.5013,-125.4681,0.266270
-216.6591,5.5013,-124.9125,0.266498
-216.2025,5.5013,-124.4685,0.266681
-215.7464,5.5013,-124.0251,0.266861
-215.1769,5.5013,-123.4716,0.267089
-214.6081,5.5013,-122.9188,0.267315
-214.0967,5.5013,-122.4220,0.267518
-213.6425,5.5013,-121.9809,0.267700
-213.1887,5.5013,-121.5403,0.267880
-212.6787,5.5013,-121.0453,0.268084
-212.1692,5.5013,-120.5509,0.268286
-211.7167,5.5013,-120.1120,0.268469
-211.2081,5.5013,-119.6189,0.268670
-210.7000,5.5013,-119.1264,0.268873
-210.2488,5.5013,-118.6893,0.269053
-209.7417,5.5013,-118.1981,0.269253
-209.1787,5.5013,-117.6531,0.269478
-208.7288,5.5013,-117.2176,0.269657
-208.2231,5.5013,-116.7284,0.269858
-207.7739,5.5013,-116.2941,0.270037
-207.3250,5.5013,-115.8603,0.270215
-206.8205,5.5013,-115.3729,0.270415
-206.3723,5.5013,-114.9402,0.270595
-205.8126,5.5013,-114.4002,0.270815
-205.2534,5.5013,-113.8610,0.271038
-204.7506,5.5013,-113.3765,0.271238
-204.2482,5.5013,-112.8927,0.271438
-203.8020,5.5013,-112.4632,0.271615
-203.3004,5.5013,-111.9807,0.271814
-202.8549,5.5013,-111.5524,0.271989
-202.3542,5.5013,-111.0714,0.272189
-201.9096,5.5013,-110.6445,0.272365
-201.4101,5.5013,-110.1653,0.272563
-200.9116,5.5013,-109.6874,0.272761
-200.3589,5.5013,-109.1579,0.272980
-199.9177,5.5013,-108.7355,0.273155
-199.3672,5.5013,-108.2089,0.273373
-198.8729,5.5013,-107.7364,0.273568
-198.4343,5.5013,-107.3175,0.273742
-197.9418,5.5013,-106.8474,0.273939
-197.5049,5.5013,-106.4307,0.274112
-197.0142,5.5013,-105.9631,0.274304
-196.5789,5.5013,-105.5485,0.274474
-196.0359,5.5013,-105.0316,0.274688
-195.6024,5.5013,-104.6193,0.274860
-195.0616,5.5013,-104.1053,0.275073
-194.5759,5.5013,-103.6439,0.275264
-194.1449,5.5013,-103.2349,0.275435
-193.6611,5.5013,-102.7759,0.275625
-193.1783,5.5013,-102.3180,0.275816
-192.7499,5.5013,-101.9121,0.275984
-192.2156,5.5013,-101.4059,0.276195
-191.7890,5.5013,-101.0020,0.276363
-191.3101,5.5013,-100.5487,0.276550
-190.8322,5.5013,-100.0966,0.276739
-190.3024,5.5013,-99.5955,0.276947
-189.7739,5.5013,-99.0958,0.277156
-189.3520,5.5013,-98.6970,0.277321
-188.9309,5.5013,-98.2991,0.277488
-188.4057,5.5013,-97.8030,0.277694
-187.9341,5.5013,-97.3577,0.277878
-187.5158,5.5013,-96.9628,0.278043
-186.9940,5.5013,-96.4704,0.278249
-186.4735,5.5013,-95.9793,0.278453
-186.0580,5.5013,-95.5874,0.278619
-185.5914,5.5013,-95.1476,0.278804
-185.1259,5.5013,-94.7088,0.278981
-184.6614,5.5013,-94.2712,0.279169
-184.2493,5.5013,-93.8831,0.279328
-183.7354,5.5013,-93.3992,0.279529
-183.2226,5.5013,-92.9167,0.279731
-182.7111,5.5013,-92.4355,0.279932
-182.3027,5.5013,-92.0514,0.280093
-181.7934,5.5013,-91.5726,0.280294
-181.3360,5.5013,-91.1427,0.280472
-180.8795,5.5013,-90.7140,0.280649
-180.3736,5.5013,-90.2388,0.280850
-179.8687,5.5013,-89.7649,0.281047
-179.4154,5.5013,-89.3395,0.281225
-178.9631,5.5013,-88.9152,0.281403
-178.5618,5.5013,-88.5388,0.281559
-178.0613,5.5013,-88.0695,0.281756
-177.5620,5.5013,-87.6015,0.281951
-177.0639,5.5013,-87.1347,0.282147
-176.6662,5.5013,-86.7622,0.282303
-176.1702,5.5013,-86.2976,0.282498
-175.7248,5.5013,-85.8806,0.282672
-175.2804,5.5013,-85.4645,0.282847
-174.8370,5.5013,-85.0493,0.283020
-174.3455,5.5013,-84.5892,0.283214
-173.9041,5.5013,-84.1761,0.283388
-173.4148,5.5013,-83.7183,0.283578
-173.0242,5.5013,-83.3529,0.283731
-172.5856,5.5014,-82.9426,0.283902
-172.0995,5.5014,-82.4880,0.284091
-171.7115,5.5014,-82.1251,0.284243
-171.2758,5.5014,-81.7177,0.284414
-170.7929,5.5014,-81.2662,0.284603
-170.3593,5.5014,-80.8608,0.284773
-169.9266,5.5014,-80.4564,0.284943
-169.5428,5.5014,-80.0976,0.285092
-169.1120,5.5014,-79.6948,0.285261
-168.7298,5.5014,-79.3376,0.285412
-168.3007,5.5014,-78.9366,0.285581
-167.9201,5.5014,-78.5809,0.285728
-167.4928,5.5014,-78.1815,0.285897
-167.1137,5.5014,-77.8274,0.286044
-166.7354,5.5015,-77.4739,0.286191
-166.2636,5.5015,-77.0330,0.286375
-165.8400,5.5015,-76.6372,0.286541
-165.4173,5.5015,-76.2422,0.286707
-164.9441,5.5064,-75.8091,0.286889
-164.4762,5.5070,-75.3732,0.287073
-164.0098,5.5076,-74.9380,0.287255
-163.6373,5.5081,-74.5904,0.287401
-163.1725,5.5088,-74.1571,0.287583
-162.7553,5.5092,-73.7677,0.287747
-162.3854,5.5096,-73.4223,0.287892
-161.9699,5.5100,-73.0339,0.288056
-161.6015,5.5104,-72.6892,0.288198
-161.1880,5.5108,-72.3019,0.288361
-160.7299,5.5112,-71.8723,0.288538
-160.2733,5.5117,-71.4435,0.288717
-159.8185,5.5121,-71.0153,0.288896
-159.4556,5.5125,-70.6731,0.289039
-159.0485,5.5131,-70.2887,0.289198
-158.6877,5.5135,-69.9474,0.289341
-158.2379,5.5142,-69.5215,0.289516
-157.8344,5.5147,-69.1387,0.289676
-157.4768,5.5152,-68.7990,0.289816
-157.0758,5.5157,-68.4175,0.289976
-156.7205,5.5160,-68.0787,0.290116
-156.3218,5.5164,-67.6983,0.290273
-155.9244,5.5167,-67.3185,0.290429
-155.4844,5.5171,-66.8974,0.290601
-155.0461,5.5175,-66.4770,0.290774
-154.6529,5.5178,-66.0994,0.290930
-154.2609,5.5181,-65.7226,0.291085
-153.8269,5.5184,-65.3046,0.291256
-153.4375,5.5187,-64.9292,0.291411
-153.0925,5.5190,-64.5962,0.291547
-152.7484,5.5192,-64.2638,0.291684
-152.3624,5.5194,-63.8906,0.291837
-151.9774,5.5196,-63.5180,0.291989
-151.6359,5.5197,-63.1873,0.292125
-151.2528,5.5199,-62.8160,0.292276
-150.9130,5.5200,-62.4865,0.292410
-150.5317,5.5201,-62.1163,0.292562
-150.1507,5.5207,-61.7472,0.292714
-149.7291,5.5214,-61.3375,0.292881
-149.3508,5.5219,-60.9694,0.293031
-148.9315,5.5224,-60.5613,0.293196
-148.5970,5.5226,-60.2354,0.293327
-148.1799,5.5229,-59.8287,0.293494
-147.8473,5.5231,-59.5042,0.293625
-147.4743,5.5233,-59.1400,0.293775
-147.1441,5.5234,-58.8169,0.293905
-146.7735,5.5234,-58.4547,0.294052
-146.4453,5.5234,-58.1336,0.294182
-146.0775,5.5234,-57.7735,0.294327
-145.7112,5.5234,-57.4148,0.294472
-145.3869,5.5235,-57.0969,0.294599
-145.0236,5.5237,-56.7405,0.294743
-144.6619,5.5238,-56.3854,0.294886
-144.2619,5.5240,-55.9924,0.295045
-143.8640,5.5242,-55.6010,0.295200
-143.4680,5.5243,-55.2111,0.295357
-143.1527,5.5245,-54.9004,0.295481
-142.7995,5.5246,-54.5519,0.295620
-142.4090,5.5247,-54.1662,0.295774
-142.0981,5.5248,-53.8587,0.295895
-141.7498,5.5250,-53.5140,0.296034
-141.4417,5.5250,-53.2086,0.296156
-141.0967,5.5251,-52.8661,0.296289
-140.7534,5.5252,-52.5249,0.296424
-140.4496,5.5253,-52.2225,0.296542
-140.1097,5.5255,-51.8834,0.296677
-139.8091,5.5256,-51.5827,0.296796
-139.4727,5.5257,-51.2454,0.296926
-139.1013,5.5258,-50.8717,0.297072
-138.8059,5.5259,-50.5736,0.297188
-138.4754,5.5259,-50.2390,0.297317
-138.1832,5.5259,-49.9424,0.297431
-137.8564,5.5258,-49.6097,0.297561
-137.5675,5.5257,-49.3146,0.297672
-137.2444,5.5256,-48.9836,0.297800
-136.9233,5.5255,-48.6535,0.297926
-136.6395,5.5254,-48.3609,0.298036
-136.3221,5.5252,-48.0326,0.298160
-135.9720,5.5250,-47.6691,0.298295
-135.6245,5.5248,-47.3068,0.298429
-135.2797,5.5245,-46.9460,0.298565
-135.0058,5.5243,-46.6582,0.298670
-134.6997,5.5240,-46.3355,0.298788
-134.4295,5.5238,-46.0495,0.298892
-134.1276,5.5235,-45.7286,0.299010
-133.8611,5.5232,-45.4443,0.299114
-133.5636,5.5228,-45.1252,0.299229
-133.2684,5.5223,-44.8070,0.299342
-132.9754,5.5218,-44.4898,0.299457
-132.7169,5.5214,-44.2086,0.299556
-132.4283,5.5209,-43.8932,0.299669
-132.1419,5.5203,-43.5787,0.299781
-131.8893,5.5198,-43.2999,0.299877
-131.6073,5.5193,-42.9870,0.299989
-131.3587,5.5188,-42.7095,0.300085
-131.0812,5.5182,-42.3979,0.300191
-130.8367,5.5177,-42.1216,0.300285
-130.5640,5.5170,-41.8112,0.300395
-130.3237,5.5164,-41.5359,0.300489
-130.0559,5.5157,-41.2267,0.300592
-129.7613,5.5149,-40.8839,0.300706
-129.4698,5.5140,-40.5418,0.300819
-129.2103,5.5131,-40.2347,0.300919
-128.9533,5.5123,-39.9282,0.301022
-128.6988,5.5114,-39.6224,0.301124
-128.4747,5.5105,-39.3512,0.301213
-128.2526,5.5097,-39.0806,0.301298
-128.0052,5.5087,-38.7768,0.301396
-127.7874,5.5078,-38.5073,0.301484
-127.5717,5.5068,-38.2383,0.301566
-127.3314,5.5057,-37.9363,0.301665
-127.0982,5.5013,-37.6304,0.301760
-126.8889,5.5013,-37.3630,0.301843
-126.6563,5.5013,-37.0623,0.301933
-126.4523,5.5013,-36.7949,0.302017
-126.2257,5.5013,-36.4939,0.302113
-126.0021,5.5013,-36.1930,0.302199
-125.7818,5.5013,-35.8923,0.302292
-125.5648,5.5013,-35.5918,0.302379
-125.3749,5.5012,-35.3246,0.302462
-125.1645,5.5012,-35.0239,0.302553
-124.9803,5.5012,-34.7566,0.302632
-124.7765,5.5012,-34.4560,0.302719
-124.5761,5.5012,-34.1554,0.302807
-124.4011,5.5012,-33.8883,0.302883
-124.2077,5.5012,-33.5877,0.302969
-124.0181,5.5012,-33.2870,0.303055
-123.8527,5.5012,-33.0196,0.303131
-123.6703,5.5012,-32.7184,0.303216
-123.4914,5.5012,-32.4166,0.303299
-123.3160,5.5012,-32.1141,0.303386
-123.1441,5.5012,-31.8108,0.303468
-122.9754,5.5012,-31.5066,0.303550
-122.8282,5.5012,-31.2354,0.303624
-122.6657,5.5012,-30.9294,0.303706
-122.5064,5.5012,-30.6223,0.303786
-122.3676,5.5012,-30.3483,0.303862
-122.2146,5.5012,-30.0391,0.303944
-122.0652,5.5012,-29.7287,0.304021
-121.9354,5.5012,-29.4519,0.304096
-121.7927,5.5012,-29.1394,0.304180
-121.6690,5.5012,-28.8607,0.304251
-121.5334,5.5012,-28.5462,0.304329
-121.4159,5.5012,-28.2658,0.304400
-121.2874,5.5012,-27.9493,0.304478
-121.1628,5.5012,-27.6319,0.304561
-121.0421,5.5012,-27.3136,0.304642
-120.9381,5.5012,-27.0299,0.304711
-120.8249,5.5012,-26.7100,0.304791
-120.7275,5.5012,-26.4250,0.304861
-120.6217,5.5012,-26.1038,0.304938
-120.5309,5.5012,-25.8177,0.305007
-120.4324,5.5012,-25.4954,0.305082
-120.3481,5.5012,-25.2086,0.305149
-120.2568,5.5012,-24.8854,0.305228
-120.1789,5.5012,-24.5978,0.305298
-120.0949,5.5012,-24.2740,0.305375
-120.0061,5.5012,-23.9138,0.305460
-119.9384,5.5012,-23.6254,0.305524
-119.8659,5.5012,-23.3007,0.305603
-119.7971,5.5012,-22.9759,0.305675
-119.7392,5.5012,-22.6870,0.305743
-119.6710,5.5012,-22.3258,0.305828
-119.6136,5.5012,-22.0007,0.305903
-119.5543,5.5012,-21.6393,0.305980
-119.5100,5.5013,-21.3500,0.306051
-119.4588,5.5013,-20.9879,0.306133
-119.4164,5.5013,-20.6617,0.306206
-119.3817,5.5013,-20.3713,0.306272
-119.3461,5.5013,-20.0442,0.306350
-119.3107,5.5013,-19.6804,0.306428
-119.2854,5.5013,-19.3891,0.306496
-119.2604,5.5013,-19.0610,0.306570
-119.2411,5.5013,-18.7692,0.306633
-119.2227,5.5013,-18.4408,0.306708
-119.2077,5.5013,-18.1121,0.306784
-119.1973,5.5013,-17.8199,0.306843
-119.1887,5.5013,-17.4911,0.306920
-119.1840,5.5013,-17.1988,0.306981
-119.1818,5.5013,-16.8699,0.307054
-119.1830,5.5013,-16.5410,0.307129
-119.1868,5.5013,-16.2486,0.307193
-119.1943,5.5013,-15.9198,0.307268
-119.2038,5.5013,-15.6276,0.307339
-119.2176,5.5013,-15.2989,0.307414
-119.2327,5.5013,-15.0069,0.307479
-119.2529,5.5013,-14.6785,0.307554
-119.2736,5.5013,-14.3867,0.307619
-119.3002,5.5013,-14.0587,0.307696
-119.3301,5.5013,-13.7309,0.307770
-119.3596,5.5013,-13.4398,0.307839
-119.3959,5.5013,-13.1126,0.307913
-119.4310,5.5013,-12.8220,0.307981
-119.4688,5.5013,-12.5318,0.308049
-119.5145,5.5013,-12.2058,0.308122
-119.5637,5.5013,-11.8805,0.308199
-119.6164,5.5013,-11.5561,0.308280
-119.6661,5.5013,-11.2686,0.308344
-119.7252,5.5013,-10.9462,0.308418
-119.7805,5.5013,-10.6607,0.308488
-119.8460,5.5013,-10.3408,0.308560
-119.9070,5.5013,-10.0575,0.308622
-119.9787,5.5013,-9.7400,0.308696
-120.0536,5.5013,-9.4239,0.308769
-120.1230,5.5013,-9.1441,0.308831
-120.2132,5.5013,-8.7959,0.308911
-120.3073,5.5013,-8.4496,0.308984
-120.3953,5.5012,-8.1395,0.309055
-120.4967,5.5012,-7.7967,0.309127
-120.5805,5.5012,-7.5238,0.309188
-120.6777,5.5012,-7.2184,0.309253
-120.7779,5.5012,-6.9145,0.309323
-120.8927,5.5012,-6.5788,0.309397
-120.9871,5.5012,-6.3117,0.309460
-121.0961,5.5012,-6.0127,0.309530
-121.1954,5.5012,-5.7485,0.309593
-121.3098,5.5012,-5.4528,0.309658
-121.4403,5.5012,-5.1263,0.309735
-121.5472,5.5012,-4.8666,0.309794
-121.6700,5.5012,-4.5762,0.309865
-121.8098,5.5012,-4.2557,0.309943
-121.9529,5.5012,-3.9374,0.310020
-122.0698,5.5012,-3.6844,0.310085
-122.2189,5.5012,-3.3703,0.310161
-122.3558,5.5012,-3.0896,0.310232
-122.4797,5.5012,-2.8417,0.310294
-122.6216,5.5012,-2.5646,0.310363
-122.7498,5.5012,-2.3200,0.310427
-122.8965,5.5012,-2.0466,0.310496
-123.0456,5.5012,-1.7753,0.310566
-123.1803,5.5012,-1.5357,0.310626
-123.3341,5.5012,-1.2682,0.310696
-123.4728,5.5012,-1.0321,0.310756
-123.6311,5.5012,-0.7684,0.310821
-123.7739,5.5012,-0.5358,0.310883
-123.9366,5.5012,-0.2761,0.310951
-124.0832,5.5012,-0.0470,0.311012
-124.2503,5.5012,0.2087,0.311082
-124.4195,5.5012,0.4623,0.311149
-124.5718,5.5012,0.6859,0.311211
-124.7450,5.5012,0.9354,0.311276
-124.9202,5.5012,1.1828,0.311347
-125.0973,5.5012,1.4281,0.311411
-125.2763,5.5012,1.6713,0.311478
-125.4369,5.5012,1.8856,0.311541
-125.6192,5.5012,2.1249,0.311611
-125.7824,5.5012,2.3358,0.311668
-125.9675,5.5012,2.5712,0.311738
-126.1540,5.5012,2.8046,0.311804
-126.3418,5.5012,3.0362,0.311872
-126.5099,5.5012,3.2405,0.311931
-126.7004,5.5012,3.4685,0.311999
-126.8709,5.5012,3.6695,0.312060
-127.0640,5.5012,3.8939,0.312128
-127.2370,5.5012,4.0916,0.312189
-127.4329,5.5012,4.3123,0.312258
-127.6302,5.5012,4.5309,0.312327
-127.8288,5.5012,4.7476,0.312396
-128.0286,5.5012,4.9624,0.312464
-128.2295,5.5012,5.1753,0.312537
-128.4314,5.5012,5.3865,0.312607
-128.6116,5.5012,5.5726,0.312667
-128.8151,5.5012,5.7804,0.312737
-129.0193,5.5012,5.9866,0.312805
-129.2012,5.5012,6.1686,0.312867
-129.4063,5.5012,6.3719,0.312940
-129.6117,5.5012,6.5738,0.313008
-129.8173,5.5012,6.7745,0.313082
-130.0000,5.5012,6.9518,0.313141
-130.2057,5.5012,7.1503,0.313212
-130.4112,5.5012,7.3478,0.313284
-130.6165,5.5012,7.5445,0.313358
-130.8216,5.5012,7.7402,0.313431
-131.0263,5.5012,7.9352,0.313502
-131.2307,5.5012,8.1296,0.313575
-131.4120,5.5012,8.3018,0.313638
-131.6154,5.5012,8.4951,0.313712
-131.8183,5.5013,8.6880,0.313783
-132.0205,5.5013,8.8805,0.313857
-132.1997,5.5013,9.0514,0.313926
-132.4006,5.5013,9.2434,0.313996
-132.6009,5.5013,9.4352,0.314071
-132.8006,5.5013,9.6268,0.314147
-132.9774,5.5013,9.7970,0.314212
-133.1759,5.5013,9.9883,0.314287
-133.3738,5.5013,10.1795,0.314364
-133.5712,5.5013,10.3705,0.314436
-133.7462,5.5013,10.5402,0.314502
-133.9428,5.5013,10.7309,0.314578
-134.1172,5.5013,10.9002,0.314644
-134.3130,5.5012,11.0905,0.314721
-134.4867,5.5012,11.2594,0.314787
-134.6818,5.5012,11.4493,0.314864
-134.8981,5.5012,11.6600,0.314948
-135.0924,5.5012,11.8493,0.315022
-135.2647,5.5011,12.0175,0.315090
-135.4581,5.5011,12.2065,0.315167
-135.6511,5.5010,12.3953,0.315242
-135.8223,5.5009,12.5630,0.315309
-136.0145,5.5009,12.7515,0.315387
-136.2060,5.5008,12.9399,0.315464
-136.3969,5.5007,13.1281,0.315536
-136.5872,5.5006,13.3163,0.315612
-136.7556,5.5005,13.4835,0.315678
-136.9443,5.5003,13.6717,0.315755
-137.1321,5.5001,13.8600,0.315831
-137.2982,5.5000,14.0276,0.315900
-137.4841,5.4998,14.2162,0.315974
-137.6690,5.4996,14.4051,0.316048
-137.8323,5.4995,14.5732,0.316118
-138.0151,5.4993,14.7627,0.316192
-138.1966,5.4991,14.9523,0.316267
-138.3769,5.4988,15.1425,0.316344
-138.5561,5.4986,15.3331,0.316419
-138.7341,5.4983,15.5241,0.316495
-138.9108,5.4980,15.7155,0.316570
-139.0670,5.4978,15.8860,0.316637
-139.2414,5.4976,16.0782,0.316710
-139.4147,5.4974,16.2706,0.316787
-139.5677,5.4971,16.4422,0.316852
-139.7386,5.4967,16.6357,0.316926
-139.8894,5.4964,16.8082,0.316993
-140.0580,5.4960,17.0026,0.317069
-140.2253,5.4957,17.1976,0.317143
-140.3730,5.4954,17.3713,0.317209
-140.5381,5.4951,17.5671,0.317283
-140.6838,5.4948,17.7413,0.317350
-140.8468,5.4944,17.9379,0.317421
-140.9907,5.4940,18.1130,0.317491
-141.1516,5.4935,18.3104,0.317562
-141.3113,5.4931,18.5082,0.317638
-141.4523,5.4927,18.6843,0.317703
-141.6100,5.4923,18.8830,0.317777
-141.7491,5.4919,19.0598,0.317843
-141.9046,5.4916,19.2588,0.317916
-142.0419,5.4911,19.4362,0.317980
-142.1954,5.4905,19.6362,0.318054
-142.3308,5.4900,19.8143,0.318120
-142.4988,5.4894,20.0373,0.318201
-142.6489,5.4888,20.2384,0.318275
-142.7813,5.4883,20.4175,0.318341
-142.9294,5.4877,20.6192,0.318412
-143.0763,5.4872,20.8209,0.318485
-143.2221,5.4863,21.0233,0.318558
-143.3508,5.4855,21.2035,0.318624
-143.4785,5.4848,21.3840,0.318689
-143.6211,5.4839,21.5874,0.318762
-143.7467,5.4831,21.7684,0.318824
-143.8870,5.4822,21.9724,0.318900
-144.0260,5.4813,22.1764,0.318971
-144.1483,5.4803,22.3584,0.319036
-144.2845,5.4792,22.5635,0.319108
-144.4193,5.4780,22.7691,0.319180
-144.5379,5.4770,22.9522,0.319245
-144.6698,5.4759,23.1586,0.319317
-144.8002,5.4747,23.3657,0.319388
-144.9256,5.4782,23.5755,0.319460
-145.0390,5.4773,23.7603,0.319524
-145.1660,5.4763,23.9681,0.319595
-145.2777,5.4755,24.1532,0.319660
-145.4162,5.4743,24.3851,0.319738
-145.5390,5.4734,24.5944,0.319809
-145.6469,5.4726,24.7807,0.319872
-145.7672,5.4720,24.9923,0.319943
-145.8722,5.4717,25.1777,0.320005
-145.9904,5.4707,25.3881,0.320077
-146.0945,5.4699,25.5753,0.320140
-146.2101,5.4694,25.7873,0.320209
-146.3239,5.4685,25.9980,0.320282
-146.4368,5.4675,26.2098,0.320350
-146.5360,5.4667,26.4005,0.320413
-146.6465,5.4674,26.6129,0.320483
-146.7545,5.4660,26.8236,0.320553
-146.8624,5.4646,27.0364,0.320624
-146.9569,5.4647,27.2279,0.320684
-147.0610,5.4642,27.4401,0.320755
-147.1531,5.4631,27.6301,0.320817
-147.2551,5.4633,27.8474,0.320888
-147.3448,5.4646,28.0379,0.320949
-147.4430,5.4634,28.2499,0.321020
-147.5305,5.4624,28.4409,0.321081
-147.6276,5.4612,28.6556,0.321150
-147.7335,5.4597,28.8951,0.321228
-147.8269,5.4580,29.1106,0.321297
-147.9090,5.4564,29.3027,0.321357
-148.0001,5.4549,29.5192,0.321427
-148.0898,5.4534,29.7357,0.321495
-148.1684,5.4522,29.9284,0.321558
-148.2553,5.4509,30.1453,0.321626
-148.3503,5.4495,30.3866,0.321702
-148.4249,5.4484,30.5800,0.321764
-148.5164,5.4469,30.8213,0.321839
-148.5884,5.4454,31.0150,0.321899
-148.6678,5.4439,31.2340,0.321968
-148.7373,5.4430,31.4282,0.322029
-148.8141,5.4420,31.6468,0.322097
-148.8892,5.4406,31.8646,0.322165
-148.9554,5.4389,32.0596,0.322225
-149.0287,5.4371,32.2798,0.322293
-149.1006,5.4354,32.5004,0.322361
-149.1632,5.4340,32.6969,0.322421
-149.2324,5.4325,32.9186,0.322490
-149.2925,5.4312,33.1161,0.322551
-149.3591,5.4296,33.3383,0.322620
-149.4238,5.4279,33.5617,0.322688
-149.4801,5.4264,33.7607,0.322749
-149.5417,5.4247,33.9848,0.322816
-149.5953,5.4230,34.1848,0.322877
-149.6540,5.4210,34.4102,0.322945
-149.7110,5.4191,34.6363,0.323014
-149.7602,5.4174,34.8378,0.323074
-149.8140,5.4156,35.0649,0.323144
-149.8605,5.4140,35.2675,0.323206
-149.9105,5.4136,35.4974,0.323273
-149.9544,5.4132,35.7010,0.323335
-150.0026,5.4129,35.9305,0.323403
-150.0438,5.4120,36.1334,0.323465
-150.0844,5.4103,36.3382,0.323527
-150.1284,5.4082,36.5698,0.323597
-150.1754,5.4060,36.8280,0.323674
-150.2159,5.4040,37.0611,0.323744
-150.2548,5.4019,37.2946,0.323814
-150.2923,5.3998,37.5293,0.323884
-150.3322,5.3975,37.7909,0.323963
-150.3701,5.3953,38.0535,0.324040
-150.4049,5.3937,38.3188,0.324118
-150.4353,5.3934,38.5569,0.324189
-150.4641,5.3931,38.7958,0.324261
-150.4885,5.3929,39.0087,0.324323
-150.5171,5.3917,39.2739,0.324403
-150.5440,5.3897,39.5420,0.324481
-150.5638,5.3881,39.7571,0.324544
-150.5844,5.3865,39.9998,0.324616
-150.6057,5.3845,40.2696,0.324697
-150.6210,5.3826,40.4865,0.324760
-150.6368,5.3805,40.7312,0.324833
-150.6523,5.3783,41.0038,0.324913
-150.6632,5.3766,41.2225,0.324978
-150.6736,5.3749,41.4691,0.325051
-150.6814,5.3734,41.6888,0.325116
-150.6883,5.3718,41.9367,0.325189
-150.6926,5.3704,42.1573,0.325253
-150.6962,5.3688,42.4062,0.325329
-150.6979,5.3671,42.6835,0.325410
-150.6975,5.3658,42.9337,0.325484
-150.6944,5.3644,43.2124,0.325565
-150.6907,5.3635,43.4358,0.325632
-150.6841,5.3624,43.7156,0.325715
-150.6763,5.3615,43.9680,0.325789
-150.6661,5.3597,44.2475,0.325873
-150.6557,5.3579,44.4727,0.325940
-150.6144,5.3629,44.6973,0.326006
-150.5979,5.3619,44.9513,0.326082
-150.5796,5.3612,45.2052,0.326157
-150.5594,5.3606,45.4597,0.326232
-150.5398,5.3604,45.6863,0.326300
-150.5157,5.3606,45.9415,0.326376
-150.4926,5.3608,46.1679,0.326443
-150.4584,5.3635,46.4233,0.326521
-150.4319,5.3642,46.6508,0.326588
-150.3931,5.3687,46.9062,0.326666
-150.3636,5.3700,47.1311,0.326733
-150.3281,5.3690,47.3876,0.326810
-150.2867,5.3684,47.6731,0.326897
-150.2470,5.3684,47.9300,0.326972
-150.2110,5.3678,48.1566,0.327042
-150.1669,5.3666,48.4138,0.327121
-150.1263,5.3659,48.6428,0.327189
-150.0789,5.3654,48.9006,0.327268
-150.0362,5.3647,49.1282,0.327337
-149.9847,5.3631,49.3862,0.327413
-149.9254,5.3619,49.6730,0.327502
-149.8614,5.3623,49.9599,0.327588
-149.8036,5.3624,50.2173,0.327667
-149.7506,5.3622,50.4470,0.327738
-149.6965,5.3623,50.6770,0.327807
-149.6328,5.3634,50.9359,0.327886
-149.5761,5.3639,51.1640,0.327958
-149.4951,5.3627,51.4808,0.328055
-149.4348,5.3622,51.7116,0.328128
-149.3661,5.3615,51.9712,0.328207
-149.2948,5.3605,52.2291,0.328287
-149.2213,5.3590,52.4889,0.328367
-149.1377,5.3579,52.7777,0.328457
-149.0692,5.3573,53.0088,0.328528
-148.9904,5.3562,53.2679,0.328610
-148.9188,5.3555,53.4989,0.328684
-148.8365,5.3550,53.7590,0.328763
-148.7602,5.3561,53.9882,0.328836
-148.6837,5.3550,54.2192,0.328910
-148.5913,5.3471,54.5427,0.329011
-148.5125,5.3470,54.7743,0.329081
-148.4220,5.3465,55.0324,0.329166
-148.3391,5.3449,55.2634,0.329237
-148.2693,5.3372,55.5336,0.329321
-148.1733,5.3370,55.7940,0.329404
-148.0868,5.3368,56.0251,0.329478
-147.9876,5.3362,56.2854,0.329560
-147.8981,5.3358,56.5167,0.329635
-147.7958,5.3354,56.7766,0.329720
-147.7035,5.3352,57.0076,0.329796
-147.5979,5.3350,57.2673,0.329879
-147.5026,5.3349,57.4977,0.329953
-147.3938,5.3349,57.7562,0.330039
-147.2955,5.3350,57.9855,0.330113
-147.1835,5.3348,58.2425,0.330198
-147.0820,5.3345,58.4713,0.330274
-146.9787,5.3342,58.6997,0.330351
-146.8472,5.3340,58.9846,0.330443
-146.7405,5.3341,59.2118,0.330522
-146.6180,5.3339,59.4670,0.330608
-146.5073,5.3338,59.6933,0.330683
-146.3808,5.3339,59.9472,0.330770
-146.2661,5.3338,60.1727,0.330846
-146.1207,5.3341,60.4537,0.330944
-145.9726,5.3347,60.7337,0.331039
-145.8522,5.3350,60.9568,0.331117
-145.7128,5.3361,61.2078,0.331204
-145.5884,5.3378,61.4299,0.331281
-145.4623,5.3397,61.6514,0.331359
-145.3193,5.3403,61.8986,0.331447
-145.1736,5.3408,62.1463,0.331533
-145.0420,5.3413,62.3660,0.331613
-144.8918,5.3419,62.6120,0.331700
-144.7391,5.3426,62.8573,0.331789
-144.6019,5.3433,63.0745,0.331867
-144.4277,5.3442,63.3451,0.331969
-144.2508,5.3453,63.6146,0.332065
-144.1073,5.3463,63.8294,0.332145
-143.9239,5.3484,64.0972,0.332246
-143.7762,5.3507,64.3105,0.332323
-143.6089,5.3518,64.5485,0.332413
-143.4575,5.3527,64.7607,0.332497
-143.2839,5.3541,64.9990,0.332586
-143.1094,5.3562,65.2358,0.332674
-142.9514,5.3572,65.4465,0.332757
-142.7716,5.3584,65.6832,0.332848
-142.5892,5.3598,65.9196,0.332941
-142.4253,5.3610,66.1293,0.333026
-142.2592,5.3623,66.3386,0.333107
-142.0698,5.3640,66.5734,0.333199
-141.8563,5.3660,66.8336,0.333304
-141.6402,5.3680,67.0936,0.333411
-141.4647,5.3699,67.3007,0.333497
-141.3014,5.3700,67.5171,0.333581
-141.1001,5.3708,67.7549,0.333680
-140.8955,5.3756,67.9864,0.333778
-140.7118,5.3800,68.1918,0.333863
-140.5033,5.3848,68.4227,0.333962
-140.3156,5.3897,68.6281,0.334047
-140.1030,5.3954,68.8585,0.334149
-139.9121,5.4004,69.0629,0.334237
-139.6708,5.4067,69.3176,0.334346
-139.4272,5.4129,69.5712,0.334461
-139.2056,5.4187,69.7991,0.334563
-139.0068,5.4243,70.0007,0.334651
-138.7562,5.4314,70.2516,0.334768
-138.5281,5.4378,70.4762,0.334868
-138.3233,5.4434,70.6752,0.334960
-138.0906,5.4498,70.8980,0.335066
-137.8813,5.4557,71.0954,0.335157
-137.6440,5.4626,71.3160,0.335262
-137.4308,5.4689,71.5111,0.335354
-137.1889,5.4761,71.7294,0.335461
-136.9447,5.4832,71.9467,0.335568
-136.7256,5.4895,72.1388,0.335660
-136.4486,5.4978,72.3777,0.335780
-136.1689,5.5063,72.6146,0.335895
-135.9427,5.5132,72.8029,0.335993
-135.6863,5.5211,73.0134,0.336098
-135.4563,5.5281,73.1994,0.336194
-135.1660,5.5369,73.4306,0.336315
-134.9024,5.5453,73.6369,0.336424
-134.6364,5.5536,73.8416,0.336532
-134.3975,5.5611,74.0222,0.336633
-134.1270,5.5698,74.2240,0.336739
-133.8541,5.5784,74.4243,0.336850
-133.6093,5.5862,74.6013,0.336946
-133.3321,5.5954,74.7988,0.337059
-133.0215,5.6055,75.0164,0.337182
-132.7708,5.6136,75.1890,0.337283
-132.4546,5.6240,75.4028,0.337403
-132.1679,5.6334,75.5935,0.337517
-131.8465,5.6443,75.8037,0.337642
-131.5877,5.6531,75.9702,0.337745
-131.3271,5.6619,76.1353,0.337841
-131.0317,5.6718,76.3194,0.337953
-130.7341,5.6817,76.5016,0.338069
-130.4672,5.6908,76.6618,0.338170
-130.1660,5.7006,76.8405,0.338283
-129.8622,5.7102,77.0176,0.338398
-129.5561,5.7197,77.1930,0.338514
-129.2478,5.7292,77.3667,0.338627
-128.9373,5.7389,77.5385,0.338742
-128.6596,5.7476,77.6898,0.338847
-128.3804,5.7563,77.8396,0.338952
-128.0645,5.7661,78.0066,0.339066
-127.7111,5.7770,78.1900,0.339197
-127.3549,5.7881,78.3714,0.339326
-126.9965,5.7992,78.5502,0.339459
-126.7080,5.8081,78.6916,0.339560
-126.3815,5.8181,78.8488,0.339681
-126.0530,5.8282,79.0042,0.339798
-125.7594,5.8372,79.1405,0.339902
-125.4273,5.8474,79.2919,0.340023
-125.0934,5.8575,79.4413,0.340141
-124.7200,5.8688,79.6049,0.340276
-124.4195,5.8779,79.7339,0.340382
-124.0798,5.8881,79.8769,0.340499
-123.7763,5.8972,80.0022,0.340607
-123.3948,5.9086,80.1564,0.340743
-123.0110,5.9199,80.3079,0.340878
-122.7023,5.9290,80.4272,0.340986
-122.3144,5.9404,80.5736,0.341119
-121.9244,5.9517,80.7173,0.341252
-121.6107,5.9607,80.8302,0.341363
-121.2561,5.9709,80.9549,0.341486
-120.9394,5.9799,81.0639,0.341595
-120.5816,5.9900,81.1842,0.341717
-120.2620,5.9990,81.2891,0.341825
-119.9008,6.0090,81.4048,0.341950
-119.5783,6.0180,81.5057,0.342061
-119.2139,6.0279,81.6169,0.342185
-118.8070,6.0390,81.7376,0.342323
-118.4800,6.0479,81.8321,0.342439
-118.0694,6.0589,81.9477,0.342576
-117.6568,6.0698,82.0604,0.342713
-117.2421,6.0808,82.1703,0.342853
-116.9090,6.0895,82.2562,0.342964
-116.5328,6.0992,82.3508,0.343090
-116.1971,6.1079,82.4329,0.343203
-115.8179,6.1176,82.5232,0.343333
-115.4372,6.1272,82.6113,0.343457
-115.0975,6.1358,82.6880,0.343571
-114.7139,6.1454,82.7724,0.343698
-114.3717,6.1539,82.8459,0.343812
-113.9852,6.1634,82.9269,0.343940
-113.6405,6.1719,82.9975,0.344055
-113.2515,6.1814,83.0752,0.344184
-112.9046,6.1898,83.1430,0.344298
-112.5130,6.1993,83.2175,0.344431
-112.0764,6.2097,83.2983,0.344573
-111.7259,6.2179,83.3612,0.344687
-111.2854,6.2288,83.4380,0.344832
-110.8880,6.2400,83.5046,0.344965
-110.5348,6.2498,83.5620,0.345079
-110.1358,6.2606,83.6252,0.345207
-109.7349,6.2718,83.6863,0.345342
-109.3334,6.2834,83.7457,0.345474
-108.9311,6.2943,83.8030,0.345604
-108.5720,6.3038,83.8524,0.345724
-108.1666,6.3151,83.9060,0.345855
-107.8057,6.3253,83.9520,0.345976
-107.3993,6.3361,84.0017,0.346111
-106.9461,6.3481,84.0546,0.346260
-106.5835,6.3580,84.0949,0.346379
-106.1753,6.3692,84.1380,0.346513
-105.7219,6.3810,84.1832,0.346660
-105.3585,6.3905,84.2173,0.346778
-104.9954,6.4002,84.2497,0.346898
-104.5868,6.4111,84.2839,0.347032
-104.1331,6.4227,84.3193,0.347181
-103.6789,6.4344,84.3516,0.347330
-103.2250,6.4463,84.3811,0.347475
-102.7715,6.4580,84.4077,0.347625
-102.3181,6.4693,84.4314,0.347769
-101.8648,6.4809,84.4520,0.347918
-101.5027,6.4902,84.4665,0.348035
-101.1409,6.4994,84.4790,0.348152
-100.7345,6.5094,84.4909,0.348286
-100.3733,6.5184,84.4994,0.348402
-99.9224,6.5297,84.5074,0.348546
-99.5172,6.5398,84.5122,0.348675
-99.1575,6.5486,84.5144,0.348794
-98.7081,6.5596,84.5145,0.348938
-98.3043,6.5696,84.5122,0.349070
-97.8563,6.5806,84.5068,0.349212
-97.4985,6.5891,84.5004,0.349330
-97.0516,6.5999,84.4896,0.349474
-96.6948,6.6086,84.4789,0.349589
-96.2939,6.6183,84.4645,0.349719
-95.8493,6.6288,84.4456,0.349863
-95.4940,6.6373,84.4281,0.349974
-95.0951,6.6469,84.4062,0.350104
-94.7410,6.6553,84.3847,0.350219
-94.3876,6.6637,84.3613,0.350333
-93.9904,6.6729,84.3325,0.350462
-93.6380,6.6813,84.3049,0.350574
-93.1983,6.6917,84.2677,0.350716
-92.7596,6.7019,84.2275,0.350857
-92.3215,6.7120,84.1843,0.351000
-91.8845,6.7223,84.1381,0.351142
-91.4483,6.7324,84.0890,0.351283
-91.0568,6.7415,84.0423,0.351408
-90.6223,6.7514,83.9875,0.351548
-90.1889,6.7615,83.9299,0.351688
-89.7998,6.7705,83.8756,0.351815
-89.4545,6.7784,83.8253,0.351930
-89.0670,6.7871,83.7666,0.352051
-88.6371,6.7970,83.6984,0.352193
-88.2084,6.8068,83.6275,0.352334
-87.7808,6.8166,83.5537,0.352472
-87.3544,6.8262,83.4772,0.352614
-86.9713,6.8349,83.4057,0.352740
-86.5469,6.8446,83.3237,0.352877
-86.2083,6.8523,83.2561,0.352987
-85.7860,6.8617,83.1691,0.353127
-85.4068,6.8701,83.0881,0.353248
-85.0707,6.8778,83.0144,0.353361
-84.6935,6.8864,82.9292,0.353487
-84.2756,6.8958,82.8319,0.353622
-83.9423,6.9032,82.7520,0.353730
-83.5680,6.9115,82.6597,0.353853
-83.1535,6.9210,82.5547,0.353991
-82.7816,6.9294,82.4579,0.354111
-82.3697,6.9386,82.3477,0.354251
-81.9590,6.9477,82.2347,0.354388
-81.5494,6.9571,82.1186,0.354521
-81.1822,6.9656,82.0121,0.354643
-80.7755,6.9749,81.8912,0.354778
-80.3701,6.9839,81.7677,0.354910
-79.9658,6.9931,81.6410,0.355046
-79.6034,7.0016,81.5251,0.355168
-79.2822,7.0091,81.4202,0.355275
-78.8821,7.0181,81.2870,0.355407
-78.4833,7.0270,81.1511,0.355540
-78.0856,7.0364,81.0120,0.355673
-77.6898,7.0457,80.8708,0.355804
-77.3350,7.0540,80.7417,0.355926
-76.9419,7.0628,80.5959,0.356058
-76.5499,7.0718,80.4469,0.356192
-76.2378,7.0793,80.3263,0.356295
-75.8878,7.0877,80.1886,0.356414
-75.5780,7.0949,80.0648,0.356519
-75.2303,7.1027,79.9236,0.356635
-74.9220,7.1096,79.7958,0.356741
-74.5767,7.1181,79.6506,0.356859
-74.2709,7.1255,79.5199,0.356961
-73.8905,7.1344,79.3547,0.357092
-73.5111,7.1430,79.1870,0.357221
-73.1328,7.1516,79.0162,0.357352
-72.7562,7.1609,78.8434,0.357483
-72.3813,7.1701,78.6684,0.357611
-72.0446,7.1777,78.5088,0.357730
-71.7088,7.1852,78.3473,0.357845
-71.3368,7.1940,78.1646,0.357975
-71.0404,7.2014,78.0172,0.358079
-70.7085,7.2094,77.8498,0.358195
-70.4138,7.2161,77.6992,0.358298
-70.0831,7.2235,77.5280,0.358415
-69.7164,7.2320,77.3345,0.358543
-69.4243,7.2393,77.1784,0.358646
-69.0606,7.2481,76.9813,0.358775
-68.6972,7.2563,76.7816,0.358903
-68.3348,7.2644,76.5795,0.359033
-68.0453,7.2710,76.4151,0.359137
-67.7208,7.2792,76.2288,0.359252
-67.4336,7.2860,76.0619,0.359359
-67.0747,7.2941,75.8508,0.359487
-66.7167,7.3021,75.6373,0.359617
-66.3595,7.3100,75.4202,0.359747
-66.0394,7.3182,75.2232,0.359863
-65.7206,7.3253,75.0245,0.359981
-65.4374,7.3316,74.8461,0.360084
-65.0841,7.3394,74.6209,0.360214
-64.7321,7.3472,74.3930,0.360345
-64.3818,7.3556,74.1619,0.360476
-64.0323,7.3633,73.9288,0.360606
-63.7532,7.3694,73.7407,0.360711
-63.4749,7.3754,73.5511,0.360813
-63.1628,7.3822,73.3356,0.360932
-62.8176,7.3899,73.0932,0.361062
-62.5420,7.3958,72.8978,0.361166
-62.2330,7.4024,72.6759,0.361286
-61.9244,7.4089,72.4527,0.361403
-61.6510,7.4147,72.2524,0.361507
-61.3454,7.4210,72.0258,0.361623
-61.0058,7.4277,71.7695,0.361757
-60.7014,7.4339,71.5379,0.361874
-60.3979,7.4400,71.3046,0.361991
-60.1290,7.4455,71.0954,0.362096
-59.8286,7.4516,70.8589,0.362214
-59.5614,7.4561,70.6453,0.362319
-59.2622,7.4615,70.4040,0.362436
-58.9639,7.4670,70.1610,0.362554
-58.6671,7.4715,69.9160,0.362673
-58.4040,7.4760,69.6964,0.362776
-58.1090,7.4810,69.4473,0.362897
-57.8484,7.4851,69.2249,0.362999
-57.5229,7.4898,68.9432,0.363133
-57.1989,7.4950,68.6600,0.363265
-56.9405,7.4992,68.4318,0.363367
-56.6836,7.5026,68.2028,0.363474
-56.3947,7.5065,67.9418,0.363595
-56.0752,7.5114,67.6505,0.363724
-55.8205,7.5153,67.4158,0.363828
-55.5041,7.5192,67.1211,0.363960
-55.2196,7.5227,66.8526,0.364078
-54.9678,7.5263,66.6131,0.364183
-54.6855,7.5303,66.3419,0.364303
-54.4050,7.5340,66.0697,0.364421
-54.1560,7.5364,65.8257,0.364526
-53.8764,7.5399,65.5488,0.364645
-53.5980,7.5437,65.2709,0.364762
-53.3205,7.5474,64.9914,0.364879
-53.0751,7.5500,64.7424,0.364985
-52.7988,7.5524,64.4594,0.365102
-52.5232,7.5559,64.1756,0.365223
-52.2788,7.5590,63.9222,0.365331
-52.0044,7.5624,63.6360,0.365448
-51.7617,7.5646,63.3811,0.365552
-51.4581,7.5672,63.0596,0.365685
-51.2160,7.5700,62.8015,0.365790
-50.9444,7.5732,62.5100,0.365910
-50.7037,7.5760,62.2498,0.366015
-50.4342,7.5783,61.9564,0.366134
-50.1948,7.5801,61.6939,0.366241
-49.9259,7.5827,61.3968,0.366359
-49.6283,7.5859,61.0658,0.366492
-49.3612,7.5888,60.7666,0.366612
-49.1248,7.5908,60.5000,0.366718
-48.8588,7.5925,60.1984,0.366839
-48.6226,7.5945,59.9288,0.366946
-48.2986,7.5976,59.5573,0.367092
-48.0632,7.5999,59.2862,0.367199
-47.7696,7.6023,58.9467,0.367334
-47.5050,7.6039,58.6398,0.367453
-47.2697,7.6056,58.3658,0.367560
-47.0052,7.6079,58.0573,0.367680
-46.7407,7.6101,57.7481,0.367806
-46.5056,7.6122,57.4726,0.367908
-46.2415,7.6136,57.1624,0.368033
-46.0064,7.6148,56.8856,0.368143
-45.7125,7.6169,56.5385,0.368278
-45.4186,7.6191,56.1909,0.368412
-45.1539,7.6210,55.8774,0.368537
-44.8599,7.6226,55.5287,0.368671
-44.5945,7.6238,55.2141,0.368795
-44.3582,7.6251,54.9338,0.368903
-44.0917,7.6267,54.6185,0.369029
-43.8542,7.6281,54.3381,0.369137
-43.5863,7.6297,54.0227,0.369261
-43.3173,7.6307,53.7071,0.369384
-43.0775,7.6315,53.4264,0.369496
-42.8067,7.6328,53.1106,0.369620
-42.5351,7.6340,52.7949,0.369745
-42.2624,7.6352,52.4794,0.369869
-41.9892,7.6363,52.1642,0.369994
-41.6844,7.6371,51.8137,0.370132
-41.4093,7.6379,51.4983,0.370259
-41.1334,7.6387,51.1829,0.370384
-40.8875,7.6395,50.9027,0.370495
-40.5793,7.6404,50.5527,0.370636
-40.2700,7.6410,50.2027,0.370775
-39.9597,7.6415,49.8528,0.370914
-39.7108,7.6419,49.5729,0.371028
-39.4299,7.6424,49.2582,0.371153
-39.1483,7.6429,48.9436,0.371280
-38.8974,7.6432,48.6641,0.371393
-38.5828,7.6435,48.3148,0.371534
-38.2672,7.6437,47.9656,0.371674
-37.9507,7.6440,47.6165,0.371815
-37.6333,7.6442,47.2675,0.371959
-37.3151,7.6443,46.9188,0.372100
-37.0599,7.6443,46.6397,0.372214
-36.7722,7.6442,46.3258,0.372341
-36.5159,7.6441,46.0467,0.372455
-36.2271,7.6441,45.7328,0.372583
-35.9699,7.6440,45.4537,0.372696
-35.6802,7.6438,45.1400,0.372825
-35.4222,7.6434,44.8610,0.372939
-35.1316,7.6430,44.5474,0.373068
-34.8730,7.6427,44.2686,0.373182
-34.5494,7.6423,43.9204,0.373324
-34.2580,7.6419,43.6073,0.373455
-33.9339,7.6411,43.2598,0.373595
-33.6744,7.6405,42.9819,0.373710
-33.4147,7.6398,42.7042,0.373821
-33.1226,7.6391,42.3921,0.373952
-32.8629,7.6385,42.1151,0.374066
-32.5712,7.6377,41.8042,0.374193
-32.3120,7.6368,41.5282,0.374308
-32.0210,7.6357,41.2183,0.374436
-31.7308,7.6346,40.9090,0.374564
-31.4414,7.6335,40.6003,0.374691
-31.1849,7.6326,40.3263,0.374803
-30.8974,7.6314,40.0186,0.374930
-30.6425,7.6301,39.7452,0.375041
-30.3248,7.6284,39.4040,0.375181
-30.0084,7.6268,39.0631,0.375322
-29.6932,7.6252,38.7227,0.375461
-29.3793,7.6236,38.3829,0.375598
-29.0977,7.6217,38.0772,0.375724
-28.7861,7.6196,37.7379,0.375861
-28.5378,7.6180,37.4665,0.375973
-28.2597,7.6161,37.1613,0.376097
-27.9830,7.6143,36.8562,0.376204
-27.7078,7.6122,36.5514,0.376344
-27.4644,7.6102,36.2802,0.376452
-27.1919,7.6079,35.9750,0.376573
-26.8911,7.6053,35.6358,0.376708
-26.6222,7.6031,35.3305,0.376830
-26.3256,7.6005,34.9912,0.376966
-26.0603,7.5977,34.6856,0.377085
-25.7969,7.5950,34.3797,0.377207
-25.5643,7.5925,34.1076,0.377314
-25.3332,7.5901,33.8352,0.377420
-25.0753,7.5873,33.5284,0.377541
-24.8479,7.5848,33.2556,0.377647
-24.5938,7.5815,32.9481,0.377766
-24.3417,7.5782,32.6402,0.377884
-24.1193,7.5753,32.3661,0.377990
-23.8438,7.5717,32.0229,0.378122
-23.5983,7.5685,31.7136,0.378240
-23.3823,7.5652,31.4385,0.378344
-23.1412,7.5614,31.1282,0.378461
-22.9292,7.5580,30.8517,0.378565
-22.6935,7.5542,30.5399,0.378683
-22.4866,7.5508,30.2621,0.378786
-22.2573,7.5470,29.9492,0.378903
-22.0310,7.5426,29.6352,0.379019
-21.8327,7.5387,29.3556,0.379121
-21.6131,7.5343,29.0404,0.379236
-21.3974,7.5300,28.7244,0.379351
-21.1621,7.5252,28.3725,0.379478
-20.9544,7.5203,28.0554,0.379591
-20.7723,7.5158,27.7728,0.379693
-20.5930,7.5114,27.4896,0.379793
-20.3728,7.5058,27.1349,0.379920
-20.1359,7.4998,26.7439,0.380056
-19.9254,7.4938,26.3881,0.380181
-19.7597,7.4887,26.1025,0.380280
-19.5764,7.4830,25.7805,0.380392
-19.3967,7.4773,25.4574,0.380503
-19.2399,7.4723,25.1693,0.380602
-19.0861,7.4672,24.8809,0.380701
-18.9154,7.4606,24.5551,0.380812
-18.7477,7.4541,24.2283,0.380922
-18.6013,7.4483,23.9371,0.381019
-18.4397,7.4419,23.6086,0.381130
-18.2817,7.4354,23.2799,0.381240
-18.1431,7.4287,22.9864,0.381338
-18.0066,7.4221,22.6921,0.381436
-17.8391,7.4138,22.3226,0.381558
-17.6914,7.4064,21.9887,0.381667
-17.5631,7.3998,21.6915,0.381765
-17.4361,7.3922,21.3927,0.381863
-17.2957,7.3835,21.0555,0.381973
-17.1579,7.3749,20.7169,0.382082
-17.0377,7.3673,20.4150,0.382180
-16.9056,7.3585,20.0749,0.382289
-16.7749,7.3484,19.7328,0.382399
-16.6607,7.3395,19.4276,0.382497
-16.5345,7.3295,19.0829,0.382607
-16.4107,7.3196,18.7369,0.382717
-16.3032,7.3095,18.4291,0.382814
-16.1831,7.2977,18.0806,0.382926
-16.0781,7.2874,17.7696,0.383024
-15.9620,7.2757,17.4182,0.383134
-15.8486,7.2629,17.0665,0.383246
-15.7486,7.2504,16.7529,0.383346
-15.6373,7.2349,16.3974,0.383459
-15.5399,7.2212,16.0800,0.383558
-15.4309,7.2071,15.7208,0.383671
-15.3254,7.1931,15.3610,0.383785
-15.2361,7.1854,15.0379,0.383889
-15.1335,7.1728,14.6754,0.384003
-15.0313,7.1610,14.3108,0.384118
-14.9200,7.1483,13.9047,0.384247
-14.8106,7.1339,13.4969,0.384376
-14.7240,7.1220,13.1699,0.384480
-14.6283,7.1067,12.8002,0.384597
-14.5332,7.0901,12.4281,0.384714
-14.4289,7.0707,12.0134,0.384843
-14.3473,7.0522,11.6818,0.384949
-14.2555,7.0294,11.3064,0.385066
-14.1757,7.0083,10.9697,0.385170
-14.0772,6.9816,10.5471,0.385301
-13.9909,6.9540,10.1679,0.385419
-13.9150,6.9278,9.8265,0.385523
-13.8297,6.8980,9.4418,0.385639
-13.7564,6.8701,9.0949,0.385744
-13.6762,6.8421,8.7050,0.385863
-13.5897,6.8109,8.2695,0.385995
-13.5208,6.7864,7.9152,0.386099
-13.4373,6.7627,7.5177,0.386217
-13.3736,6.7466,7.1630,0.386323
-13.3038,6.7284,6.7621,0.386444
-13.2427,6.7121,6.4039,0.386549
-13.1671,6.6916,5.9539,0.386683
-13.0933,6.6710,5.5009,0.386819
-13.0290,6.6525,5.0904,0.386945
-12.9736,6.6367,4.7245,0.387057
-12.9130,6.6189,4.3114,0.387182
-12.8605,6.6031,3.9430,0.387297
-12.8029,6.5852,3.5271,0.387428
-12.7531,6.5691,3.1556,0.387542
-12.6987,6.5510,2.7357,0.387673
-12.6520,6.5349,2.3608,0.387790
-12.5958,6.5148,1.8896,0.387938
-12.5420,6.4956,1.4168,0.388086
-12.5005,6.4802,1.0371,0.388203
-12.4557,6.4627,0.6083,0.388337
-12.4175,6.4472,0.2256,0.388456
-12.3718,6.4276,-0.2549,0.388604
-12.3370,6.4119,-0.6409,0.388723
-12.2998,6.3942,-1.0774,0.388858
-12.2648,6.3775,-1.5151,0.388992
-12.2354,6.3627,-1.9055,0.389110
-12.2043,6.3459,-2.3462,0.389245
-12.1752,6.3290,-2.7887,0.389379
-12.1479,6.3120,-3.2329,0.389514
-12.1200,6.2931,-3.7285,0.389664
-12.0946,6.2747,-4.2271,0.389814
-12.0761,6.2605,-4.6268,0.389936
-12.0572,6.2445,-5.0780,0.390072
-12.0400,6.2284,-5.5308,0.390209
-12.0262,6.2140,-5.9348,0.390331
-12.0109,6.1959,-6.4415,0.390487
-12.0004,6.1817,-6.8491,0.390610
-11.9904,6.1665,-7.3085,0.390751
-11.9825,6.1513,-7.7693,0.390892
-11.9759,6.1344,-8.2829,0.391048
-11.9724,6.1208,-8.6952,0.391174
-11.9700,6.1037,-9.2124,0.391333
-11.9701,6.0874,-9.7322,0.391491
-11.9728,6.0716,-10.2531,0.391650
-11.9768,6.0589,-10.6711,0.391778
-11.9832,6.0446,-11.1425,0.391921
-11.9904,6.0318,-11.5628,0.392050
-11.9992,6.0190,-11.9850,0.392179
-12.0126,6.0044,-12.5134,0.392340
-12.0270,5.9912,-12.9902,0.392486
-12.0435,5.9780,-13.4680,0.392631
-12.0599,5.9662,-13.8936,0.392762
-12.0802,5.9529,-14.3735,0.392908
-12.1001,5.9420,-14.8017,0.393039
-12.1246,5.9299,-15.2836,0.393186
-12.1545,5.9165,-15.8200,0.393350
-12.1803,5.9057,-16.2499,0.393482
-12.2111,5.8936,-16.7343,0.393631
-12.2479,5.8814,-17.2743,0.393796
-12.2874,5.8693,-17.8147,0.393962
-12.3209,5.8596,-18.2475,0.394095
-12.3605,5.8486,-18.7349,0.394245
-12.3974,5.8393,-19.1693,0.394379
-12.4458,5.8286,-19.7118,0.394546
-12.4918,5.8189,-20.2001,0.394696
-12.5398,5.8092,-20.6885,0.394846
-12.5842,5.8006,-21.1225,0.394980
-12.6361,5.7920,-21.6113,0.395130
-12.6901,5.7836,-22.0993,0.395281
-12.7524,5.7743,-22.6413,0.395449
-12.8105,5.7658,-23.1287,0.395599
-12.8706,5.7584,-23.6165,0.395749
-12.9396,5.7504,-24.1573,0.395916
-13.0111,5.7424,-24.6977,0.396083
-13.0849,5.7345,-25.2383,0.396249
-13.1533,5.7285,-25.7239,0.396400
-13.2317,5.7217,-26.2630,0.396566
-13.3042,5.7157,-26.7477,0.396716
-13.3703,5.7106,-27.1788,0.396850
-13.4550,5.7051,-27.7165,0.397016
-13.5332,5.7001,-28.1999,0.397165
-13.6222,5.6946,-28.7365,0.397332
-13.6951,5.6908,-29.1659,0.397464
-13.7883,5.6864,-29.7014,0.397631
-13.8741,5.6825,-30.1828,0.397780
-13.9715,5.6784,-30.7176,0.397945
-14.0711,5.6749,-31.2513,0.398111
-14.1627,5.6719,-31.7310,0.398260
-14.2456,5.6691,-32.1571,0.398392
-14.3406,5.6667,-32.6362,0.398541
-14.4264,5.6647,-33.0613,0.398673
-14.5247,5.6624,-33.5390,0.398821
-14.6247,5.6603,-34.0164,0.398970
-14.7379,5.6584,-34.5459,0.399134
-14.8648,5.6563,-35.1274,0.399315
-14.9706,5.6549,-35.6029,0.399462
-15.0901,5.6535,-36.1302,0.399627
-15.1994,5.6522,-36.6041,0.399774
-15.3228,5.6510,-37.1302,0.399937
-15.4230,5.6501,-37.5504,0.400069
-15.5372,5.6491,-38.0227,0.400215
-15.6400,5.6482,-38.4420,0.400345
-15.7572,5.6472,-38.9131,0.400492
-15.8625,5.6463,-39.3315,0.400622
-15.9824,5.6451,-39.8015,0.400768
-16.0902,5.6440,-40.2190,0.400899
-16.2266,5.6426,-40.7402,0.401060
-16.3646,5.6407,-41.2605,0.401222
-16.4763,5.6391,-41.6764,0.401349
-16.6174,5.6369,-42.1953,0.401510
-16.7458,5.6343,-42.6622,0.401655
-16.8902,5.6315,-43.1802,0.401817
-17.0362,5.6274,-43.6969,0.401980
-17.1838,5.6233,-44.2136,0.402139
-17.3182,5.6191,-44.6775,0.402283
-17.4388,5.6151,-45.0898,0.402412
-17.5757,5.6107,-45.5530,0.402556
-17.7295,5.6056,-46.0668,0.402717
-17.8852,5.6008,-46.5802,0.402877
-18.0111,5.5972,-46.9901,0.403006
-18.1700,5.5926,-47.5016,0.403169
-18.3306,5.5879,-48.0123,0.403329
-18.4932,5.5836,-48.5226,0.403490
-18.6412,5.5799,-48.9809,0.403635
-18.7906,5.5761,-49.4383,0.403780
-18.9414,5.5722,-49.8952,0.403925
-19.0769,5.5691,-50.3010,0.404054
-19.2307,5.5657,-50.7564,0.404198
-19.3860,5.5623,-51.2110,0.404343
-19.5256,5.5592,-51.6143,0.404471
-19.6843,5.5560,-52.0675,0.404615
-19.8271,5.5533,-52.4693,0.404742
-20.0076,5.5499,-52.9703,0.404902
-20.1722,5.5468,-53.4201,0.405045
-20.3202,5.5442,-53.8194,0.405172
-20.4885,5.5416,-54.2674,0.405316
-20.6779,5.5386,-54.7640,0.405475
-20.8696,5.5355,-55.2593,0.405633
-21.0248,5.5334,-55.6550,0.405759
-21.2209,5.5308,-56.1480,0.405917
-21.3996,5.5284,-56.5908,0.406060
-21.5601,5.5263,-56.9834,0.406184
-21.7427,5.5241,-57.4244,0.406326
-21.9271,5.5221,-57.8640,0.406467
-22.0928,5.5203,-58.2539,0.406593
-22.3022,5.5180,-58.7401,0.406750
-22.4715,5.5164,-59.1283,0.406875
-22.6852,5.5145,-59.6121,0.407031
-22.8581,5.5130,-59.9982,0.407158
-23.0763,5.5110,-60.4795,0.407313
-23.2970,5.5094,-60.9597,0.407470
-23.5201,5.5078,-61.4383,0.407625
-23.7228,5.5064,-61.8679,0.407766
-23.9047,5.5051,-62.2491,0.407890
-24.1109,5.5040,-62.6768,0.408031
-24.2958,5.5029,-63.0561,0.408156
-24.4823,5.5019,-63.4348,0.408281
-24.6938,5.5007,-63.8601,0.408420
-24.9311,5.4997,-64.3314,0.408575
-25.1707,5.4987,-64.8018,0.408732
-25.3641,5.4979,-65.1774,0.408856
-25.5836,5.4970,-65.5994,0.408997
-25.8297,5.4962,-66.0675,0.409152
-26.0783,5.4955,-66.5346,0.409310
-26.2789,5.4949,-66.9078,0.409432
-26.5319,5.4942,-67.3737,0.409590
-26.7360,5.4938,-67.7458,0.409715
-26.9675,5.4933,-68.1638,0.409856
-27.1750,5.4929,-68.5349,0.409980
-27.4103,5.4925,-68.9519,0.410121
-27.6212,5.4922,-69.3221,0.410247
-27.8870,5.4919,-69.7843,0.410403
-28.1554,5.4916,-70.2459,0.410560
-28.3991,5.4914,-70.6607,0.410701
-28.6722,5.4913,-71.1210,0.410858
-28.9479,5.4911,-71.5807,0.411018
-29.2261,5.4911,-72.0398,0.411175
-29.4505,5.4911,-72.4067,0.411301
-29.7050,5.4911,-72.8190,0.411443
-29.9615,5.4911,-73.2308,0.411587
-30.1913,5.4911,-73.5966,0.411714
-30.4518,5.4912,-74.0076,0.411857
-30.7143,5.4914,-74.4181,0.411999
-30.9494,5.4915,-74.7827,0.412125
-31.2159,5.4917,-75.1924,0.412271
-31.5144,5.4919,-75.6471,0.412428
-31.7550,5.4921,-76.0105,0.412557
-32.0275,5.4923,-76.4189,0.412703
-32.2714,5.4926,-76.7816,0.412832
-32.6094,5.4929,-77.2798,0.413008
-32.8570,5.4932,-77.6418,0.413137
-33.1374,5.4935,-78.0487,0.413282
-33.3882,5.4938,-78.4101,0.413412
-33.6722,5.4942,-78.8163,0.413557
-33.9263,5.4945,-79.1773,0.413687
-34.2138,5.4948,-79.5830,0.413832
-34.5031,5.4952,-79.9886,0.413979
-34.7941,5.4956,-80.3939,0.414125
-35.0542,5.4959,-80.7541,0.414256
-35.3484,5.4963,-81.1592,0.414403
-35.6112,5.4966,-81.5191,0.414533
-35.9085,5.4970,-81.9238,0.414681
-36.2407,5.4974,-82.3733,0.414843
-36.5079,5.4977,-82.7327,0.414977
-36.8437,5.4981,-83.1818,0.415141
-37.1476,5.4985,-83.5858,0.415290
-37.4532,5.4988,-83.9895,0.415437
-37.7262,5.4991,-84.3482,0.415570
-38.0348,5.4994,-84.7515,0.415720
-38.3104,5.4997,-85.1099,0.415854
-38.6219,5.4999,-85.5129,0.416004
-38.9351,5.5002,-85.9158,0.416152
-39.2148,5.5004,-86.2737,0.416287
-39.5309,5.5006,-86.6761,0.416436
-39.8132,5.5008,-87.0336,0.416569
-40.1322,5.5009,-87.4356,0.416721
-40.4171,5.5011,-87.7927,0.416855
-40.7391,5.5012,-88.1943,0.417005
-41.0266,5.5012,-88.5510,0.417139
-41.3878,5.5013,-88.9966,0.417307
-41.7144,5.5013,-89.3974,0.417460
-42.0062,5.5013,-89.7534,0.417593
-42.3358,5.5013,-90.1536,0.417748
-42.6671,5.5013,-90.5534,0.417901
-42.9629,5.5013,-90.9086,0.418036
-43.3344,5.5013,-91.3522,0.418206
-43.6705,5.5013,-91.7510,0.418360
-43.9706,5.5013,-92.1052,0.418495
-44.3097,5.5013,-92.5033,0.418648
-44.6885,5.5013,-92.9451,0.418821
-44.9929,5.5013,-93.2982,0.418956
-45.3753,5.5013,-93.7391,0.419130
-45.6827,5.5013,-94.0914,0.419267
-46.0300,5.5013,-94.4873,0.419423
-46.3402,5.5013,-94.8389,0.419562
-46.6908,5.5013,-95.2339,0.419716
-47.0430,5.5013,-95.6285,0.419874
-47.3969,5.5013,-96.0226,0.420031
-47.7129,5.5013,-96.3724,0.420169
-48.1097,5.5013,-96.8092,0.420343
-48.4687,5.5013,-97.2018,0.420499
-48.7892,5.5013,-97.5503,0.420640
-49.1916,5.5013,-97.9853,0.420815
-49.5556,5.5013,-98.3764,0.420973
-49.8805,5.5013,-98.7235,0.421116
-50.2476,5.5013,-99.1136,0.421273
-50.6163,5.5013,-99.5032,0.421433
-50.9454,5.5013,-99.8490,0.421575
-51.3172,5.5013,-100.2377,0.421734
-51.6491,5.5013,-100.5828,0.421875
-52.0239,5.5013,-100.9706,0.422037
-52.4002,5.5013,-101.3581,0.422196
-52.7781,5.5013,-101.7451,0.422355
-53.1152,5.5013,-102.0889,0.422499
-53.4959,5.5013,-102.4754,0.422661
-53.8354,5.5013,-102.8187,0.422803
-54.2614,5.5013,-103.2475,0.422984
-54.6462,5.5013,-103.6332,0.423143
-55.0752,5.5013,-104.0616,0.423325
-55.4628,5.5013,-104.4469,0.423504
-55.8083,5.5013,-104.7892,0.423631
-56.1548,5.5013,-105.1313,0.423774
-56.5458,5.5013,-105.5161,0.423944
-56.9381,5.5013,-105.9006,0.424105
-57.2878,5.5013,-106.2422,0.424251
-57.6824,5.5013,-106.6264,0.424418
-58.0782,5.5013,-107.0104,0.424580
-58.4751,5.5013,-107.3943,0.424743
-58.8289,5.5013,-107.7355,0.424893
-59.2280,5.5013,-108.1193,0.425058
-59.5836,5.5013,-108.4604,0.425204
-60.0293,5.5013,-108.8869,0.425393
-60.4314,5.5013,-109.2709,0.425555
-60.7897,5.5013,-109.6123,0.425704
-61.1936,5.5013,-109.9966,0.425870
-61.5983,5.5013,-110.3812,0.426035
-61.9588,5.5013,-110.7233,0.426183
-62.3650,5.5013,-111.1084,0.426350
-62.7720,5.5013,-111.4937,0.426517
-63.1345,5.5013,-111.8365,0.426665
-63.5429,5.5013,-112.2223,0.426835
-63.9066,5.5013,-112.5655,0.426983
-64.3620,5.5013,-112.9949,0.427169
-64.8183,5.5013,-113.4246,0.427357
-65.2296,5.5013,-113.8118,0.427527
-65.5958,5.5013,-114.1563,0.427678
-66.0083,5.5013,-114.5443,0.427844
-66.3754,5.5013,-114.8897,0.427992
-66.7888,5.5013,-115.2786,0.428165
-67.1568,5.5013,-115.6249,0.428317
-67.6172,5.5013,-116.0583,0.428507
-68.0782,5.5013,-116.4924,0.428693
-68.4936,5.5013,-116.8836,0.428862
-68.8632,5.5013,-117.2318,0.429013
-69.3257,5.5013,-117.6676,0.429204
-69.7425,5.5013,-118.0604,0.429370
-70.1596,5.5013,-118.4537,0.429543
-70.6236,5.5013,-118.8914,0.429731
-71.0880,5.5013,-119.3297,0.429922
-71.5530,5.5013,-119.7687,0.430116
-72.0185,5.5013,-120.2084,0.430304
-72.3913,5.5013,-120.5605,0.430455
-72.8576,5.5013,-121.0014,0.430645
-73.3245,5.5013,-121.4428,0.430836
-73.6983,5.5013,-121.7965,0.430988
-74.1193,5.5013,-122.1949,0.431164
-74.5874,5.5013,-122.6383,0.431351
-75.0560,5.5013,-123.0823,0.431542
-75.4782,5.5013,-123.4825,0.431712
-75.9476,5.5013,-123.9278,0.431904
-76.4176,5.5013,-124.3739,0.432098
-76.8408,5.5013,-124.7759,0.432271
-77.2645,5.5013,-125.1785,0.432440
-77.7356,5.5013,-125.6265,0.432633
-78.2071,5.5013,-126.0753,0.432825
-78.6790,5.5013,-126.5247,0.433020
-79.0569,5.5013,-126.8849,0.433173
-79.4822,5.5013,-127.2906,0.433343
-79.9078,5.5013,-127.6970,0.433519
-80.2864,5.5013,-128.0588,0.433675
-80.7599,5.5013,-128.5117,0.433866
-81.2337,5.5013,-128.9655,0.434058
-81.7078,5.5013,-129.4200,0.434243
-82.0873,5.5013,-129.7843,0.434397
-82.5620,5.5013,-130.2403,0.434584
-83.0369,5.5013,-130.6972,0.434777
-83.5121,5.5013,-131.1549,0.434967
-83.9876,5.5013,-131.6134,0.435152
-84.4633,5.5013,-132.0728,0.435348
-84.9392,5.5013,-132.5331,0.435545
-85.3678,5.5013,-132.9481,0.435717
-85.7488,5.5013,-133.3177,0.435874
-86.2252,5.5013,-133.7806,0.436073
-86.7016,5.5013,-134.2446,0.436266
-87.1305,5.5013,-134.6630,0.436440
-87.6071,5.5013,-135.1289,0.436638
-88.0838,5.5013,-135.5958,0.436832
-88.4652,5.5013,-135.9701,0.436992
-88.8943,5.5013,-136.3919,0.437168
-89.3711,5.5013,-136.8615,0.437361
-89.7526,5.5013,-137.2379,0.437514
-90.1818,5.5013,-137.6621,0.437692
-90.5633,5.5013,-138.0397,0.437842
-90.9927,5.5013,-138.4652,0.438018
-91.4221,5.5013,-138.8912,0.438192
-91.8040,5.5013,-139.2703,0.438348
-92.2817,5.5013,-139.7447,0.438539
-92.7119,5.5013,-140.1722,0.438714
-93.1424,5.5013,-140.6000,0.438889
-93.6211,5.5013,-141.0760,0.439085
-94.1002,5.5013,-141.5526,0.439280
-94.5317,5.5013,-141.9819,0.439449
-95.0115,5.5013,-142.4596,0.439642
-95.4437,5.5013,-142.8900,0.439820
-95.8762,5.5013,-143.3210,0.439998
-96.2609,5.5013,-143.7045,0.440157
-96.6940,5.5013,-144.1364,0.440325
-97.1756,5.5013,-144.6169,0.440519
-97.5611,5.5013,-145.0018,0.440682
-97.9950,5.5013,-145.4354,0.440856
-98.4775,5.5013,-145.9178,0.441049
-98.8637,5.5013,-146.3041,0.441209
-99.3468,5.5013,-146.7877,0.441404
-99.7335,5.5013,-147.1750,0.441558
-100.2171,5.5013,-147.6597,0.441759
-100.6043,5.5013,-148.0480,0.441914
-101.0401,5.5013,-148.4852,0.442095
-101.4277,5.5013,-148.8743,0.442251
-101.8640,5.5013,-149.3125,0.442430
-102.3006,5.5013,-149.7511,0.442609
-102.6889,5.5013,-150.1414,0.442766
-103.1747,5.5013,-150.6298,0.442964
-103.6608,5.5013,-151.1187,0.443163
-104.0987,5.5013,-151.5591,0.443339
-104.5856,5.5013,-152.0489,0.443541
-105.0241,5.5013,-152.4901,0.443720
-105.5119,5.5013,-152.9808,0.443916
-105.9513,5.5013,-153.4228,0.444101
-106.3910,5.5013,-153.8651,0.444280
-106.8801,5.5013,-154.3569,0.444476
-107.3207,5.5013,-154.7999,0.444657
-107.7126,5.5013,-155.1938,0.444818
-108.1539,5.5013,-155.6374,0.444998
-108.5464,5.5013,-156.0318,0.445154
-108.9883,5.5013,-156.4758,0.445338
-109.4796,5.5013,-156.9693,0.445539
-109.9714,5.5013,-157.4632,0.445741
-110.4636,5.5013,-157.9573,0.445939
-110.9069,5.5013,-158.4023,0.446121
-111.3999,5.5013,-158.8969,0.446324
-111.8933,5.5013,-159.3919,0.446525
-112.3872,5.5013,-159.8871,0.446724
-112.8319,5.5013,-160.3330,0.446907
-113.3266,5.5013,-160.8288,0.447108
-113.7225,5.5013,-161.2257,0.447273
-114.1683,5.5013,-161.6723,0.447451
-114.5648,5.5013,-162.0696,0.447609
-115.0608,5.5013,-162.5664,0.447813
-115.5572,5.5013,-163.0636,0.448016
-116.0539,5.5013,-163.5610,0.448220
-116.5510,5.5013,-164.0587,0.448420
-117.0485,5.5013,-164.5568,0.448625
-117.5464,5.5013,-165.0552,0.448826
-117.9947,5.5013,-165.5040,0.449009
-118.4434,5.5013,-165.9531,0.449192
-118.8923,5.5013,-166.4025,0.449371
-119.2916,5.5013,-166.8021,0.449535
-119.7411,5.5013,-167.2520,0.449716
-120.1409,5.5013,-167.6521,0.449882
-120.5909,5.5013,-168.1024,0.450065
-121.0912,5.5013,-168.6031,0.450269
-121.5918,5.5013,-169.1040,0.450473
-122.0427,5.5013,-169.5552,0.450655
-122.5440,5.5013,-170.0568,0.450861
-123.0456,5.5013,-170.5588,0.451068
-123.5475,5.5013,-171.0611,0.451264
-123.9492,5.5013,-171.4631,0.451433
-124.4518,5.5013,-171.9660,0.451635
-124.8540,5.5013,-172.3685,0.451795
-125.3570,5.5013,-172.8719,0.452001
-125.8101,5.5013,-173.3253,0.452188
-126.2633,5.5013,-173.7789,0.452366
-126.7673,5.5013,-174.2833,0.452576
-127.2211,5.5013,-174.7375,0.452756
-127.7256,5.5013,-175.2424,0.452965
-128.2305,5.5013,-175.7477,0.453168
-128.7356,5.5013,-176.2533,0.453371
-129.1399,5.5013,-176.6580,0.453535
-129.5950,5.5013,-177.1135,0.453723
-130.0504,5.5013,-177.5693,0.453905
-130.5060,5.5013,-178.0253,0.454090
-130.9112,5.5013,-178.4308,0.454255
-131.3674,5.5013,-178.8874,0.454437
-131.8744,5.5013,-179.3949,0.454642
-132.2803,5.5013,-179.8011,0.454807
-132.7879,5.5013,-180.3091,0.455016
-133.2450,5.5013,-180.7666,0.455199
-133.7533,5.5013,-181.2752,0.455405
-134.2109,5.5013,-181.7332,0.455589
-134.7706,5.5013,-182.2933,0.455816
-135.2289,5.5013,-182.7519,0.456002
-135.7383,5.5013,-183.2617,0.456205
-136.1970,5.5013,-183.7208,0.456392
-136.6049,5.5013,-184.1291,0.456555
-137.0641,5.5013,-184.5887,0.456744
-137.5234,5.5013,-185.0487,0.456926
-137.9830,5.5013,-185.5089,0.457116
-138.3916,5.5013,-185.9182,0.457282
-138.9027,5.5013,-186.4302,0.457483
-139.3117,5.5013,-186.8400,0.457652
-139.8232,5.5013,-187.3526,0.457859
-140.3349,5.5013,-187.8655,0.458063
-140.8469,5.5013,-188.3788,0.458274
-141.3591,5.5013,-188.8924,0.458482
-141.8203,5.5013,-189.3550,0.458664
-142.2816,5.5013,-189.8178,0.458853
-142.7432,5.5013,-190.2809,0.459040
-143.1536,5.5013,-190.6928,0.459208
-143.5642,5.5013,-191.1049,0.459373
-144.0262,5.5013,-191.5688,0.459557
-144.4885,5.5013,-192.0329,0.459745
-145.0024,5.5013,-192.5488,0.459951
-145.4652,5.5013,-193.0134,0.460141
-145.9796,5.5013,-193.5298,0.460344
-146.3913,5.5013,-193.9432,0.460512
-146.9577,5.5013,-194.5119,0.460742
-147.4214,5.5013,-194.9774,0.460928
-147.8853,5.5013,-195.4431,0.461119
-148.2979,5.5013,-195.8572,0.461283
-148.8139,5.5013,-196.3750,0.461490
-149.2270,5.5013,-196.7895,0.461656
-149.6918,5.5013,-197.2560,0.461843
-150.1053,5.5013,-197.6708,0.462010
-150.5706,5.5013,-198.1376,0.462198
-151.0880,5.5013,-198.6565,0.462409
-151.6057,5.5013,-199.1757,0.462615
-152.0201,5.5013,-199.5912,0.462781
-152.5383,5.5013,-200.1108,0.462990
-153.0568,5.5013,-200.6306,0.463202
-153.5757,5.5013,-201.1507,0.463411
-154.0948,5.5013,-201.6710,0.463618
-154.6143,5.5013,-202.1915,0.463826
-155.0302,5.5013,-202.6080,0.463996
-155.4982,5.5013,-203.0768,0.464180
-156.0185,5.5013,-203.5980,0.464395
-156.4350,5.5013,-204.0150,0.464563
-156.9038,5.5013,-204.4844,0.464751
-157.3728,5.5013,-204.9539,0.464937
-157.8942,5.5013,-205.4757,0.465151
-158.4160,5.5013,-205.9978,0.465360
-158.9381,5.5013,-206.5201,0.465569
-159.3559,5.5013,-206.9381,0.465735
-159.8786,5.5013,-207.4608,0.465947
-160.2969,5.5013,-207.8791,0.466118
-160.8201,5.5013,-208.4021,0.466327
-161.2913,5.5013,-208.8730,0.466514
-161.8151,5.5013,-209.3964,0.466726
-162.2868,5.5013,-209.8676,0.466917
-162.7063,5.5013,-210.2867,0.467083
-163.1785,5.5013,-210.7582,0.467271
-163.6509,5.5013,-211.2299,0.467463
-164.1236,5.5013,-211.7018,0.467653
-164.5965,5.5013,-212.1739,0.467844
-165.0696,5.5013,-212.6462,0.468035
-165.5955,5.5013,-213.1710,0.468246
-166.0163,5.5013,-213.5909,0.468412
-166.4895,5.5013,-214.0631,0.468605
-167.0150,5.5013,-214.5875,0.468816
-167.5401,5.5013,-215.1114,0.469025
-168.0647,5.5013,-215.6348,0.469235
-168.4839,5.5013,-216.0531,0.469406
-168.9551,5.5013,-216.5231,0.469595
-169.3734,5.5013,-216.9403,0.469762
-169.8953,5.5013,-217.4609,0.469972
-170.3639,5.5013,-217.9283,0.470159
-170.8834,5.5013,-218.4464,0.470368
-171.3497,5.5013,-218.9115,0.470559
-171.8666,5.5013,-219.4270,0.470764
-172.3822,5.5013,-219.9412,0.470972
-172.8450,5.5013,-220.4028,0.471155
-173.3068,5.5013,-220.8634,0.471343
-173.7163,5.5013,-221.2719,0.471506
-174.1760,5.5013,-221.7305,0.471692
-174.5837,5.5013,-222.1373,0.471856
-175.0414,5.5013,-222.5939,0.472038
-175.4473,5.5013,-222.9989,0.472205
-175.9534,5.5013,-223.5042,0.472406
-176.4582,5.5013,-224.0082,0.472611
-176.8610,5.5013,-224.4106,0.472775
-177.3632,5.5013,-224.9125,0.472976
-177.7640,5.5013,-225.3131,0.473135
-178.2637,5.5013,-225.8129,0.473338
-178.7621,5.5013,-226.3115,0.473541
-179.1599,5.5013,-226.7095,0.473700
-179.6062,5.5013,-227.1564,0.473883
-180.0021,5.5013,-227.5529,0.474041
-180.4956,5.5013,-228.0474,0.474239
-180.9387,5.5013,-228.4914,0.474420
-181.3316,5.5013,-228.8853,0.474579
-181.8215,5.5013,-229.3766,0.474777
-182.3101,5.5013,-229.8667,0.474973
-182.7974,5.5013,-230.3556,0.475172
-183.2834,5.5013,-230.8434,0.475368
-183.6712,5.5013,-231.2327,0.475526
-184.1548,5.5013,-231.7184,0.475722
-184.6371,5.5013,-232.2028,0.475917
-185.1182,5.5013,-232.6861,0.476109
-185.5979,5.5013,-233.1683,0.476305
-185.9808,5.5013,-233.5532,0.476462
-186.4105,5.5013,-233.9853,0.476635
-186.7916,5.5013,-234.3687,0.476787
-187.2195,5.5013,-234.7990,0.476960
-187.6936,5.5013,-235.2762,0.477155
-188.1192,5.5013,-235.7046,0.477329
-188.5910,5.5013,-236.1796,0.477519
-189.0145,5.5013,-236.6061,0.477688
-189.4370,5.5013,-237.0316,0.477861
-189.9052,5.5013,-237.5034,0.478049
-190.3256,5.5013,-237.9271,0.478221
-190.6984,5.5013,-238.3029,0.478374
-191.1633,5.5013,-238.7717,0.478561
-191.5807,5.5013,-239.1926,0.478730
-191.9510,5.5013,-239.5659,0.478880
-192.3666,5.5013,-239.9850,0.479048
-192.8273,5.5013,-240.4495,0.479236
-193.2868,5.5013,-240.9128,0.479422
-193.6537,5.5013,-241.2825,0.479572
-194.1112,5.5013,-241.7436,0.479758
-194.5677,5.5013,-242.2035,0.479940
-194.9776,5.5013,-242.6164,0.480106
-195.3866,5.5013,-243.0283,0.480272
-195.7948,5.5013,-243.4392,0.480438
-196.2473,5.5013,-243.8946,0.480621
-196.6987,5.5013,-244.3488,0.480805
-197.1491,5.5013,-244.8018,0.480986
-197.5536,5.5013,-245.2083,0.481153
-197.9125,5.5013,-245.5688,0.481297
-198.3603,5.5013,-246.0183,0.481481
-198.8072,5.5013,-246.4665,0.481661
-199.2085,5.5013,-246.8687,0.481825
-199.6536,5.5013,-247.3145,0.482003
-200.0977,5.5013,-247.7589,0.482182
-200.5410,5.5013,-248.2021,0.482360
-200.9391,5.5013,-248.5999,0.482523
-201.3365,5.5013,-248.9967,0.482682
-201.6891,5.5013,-249.3485,0.482825
-202.0851,5.5013,-249.7433,0.482985
-202.4365,5.5013,-250.0934,0.483125
-202.8311,5.5013,-250.4863,0.483285
-203.2250,5.5013,-250.8782,0.483445
-203.6618,5.5013,-251.3124,0.483620
-204.0978,5.5013,-251.7455,0.483797
-204.5329,5.5013,-252.1773,0.483974
-204.9671,5.5013,-252.6079,0.484150
-205.3570,5.5013,-252.9944,0.484307
-205.7463,5.5013,-253.3800,0.484461
-206.1779,5.5013,-253.8074,0.484635
-206.6087,5.5013,-254.2335,0.484807
-206.9526,5.5013,-254.5736,0.484945
-207.3389,5.5013,-254.9554,0.485102
-207.6815,5.5013,-255.2941,0.485239
-208.0663,5.5013,-255.6742,0.485395
-208.4076,5.5013,-256.0115,0.485532
-208.7908,5.5013,-256.3902,0.485685
-209.1307,5.5013,-256.7261,0.485822
-209.5547,5.5013,-257.1451,0.485992
-209.9774,5.5013,-257.5631,0.486162
-210.3990,5.5013,-257.9800,0.486334
-210.8194,5.5013,-258.3959,0.486503
-211.2385,5.5013,-258.8107,0.486670
-211.6565,5.5013,-259.2245,0.486838
-211.9900,5.5013,-259.5547,0.486972
-212.3227,5.5013,-259.8843,0.487105
-212.6960,5.5013,-260.2542,0.487255
-213.0271,5.5013,-260.5824,0.487389
-213.3986,5.5013,-260.9507,0.487539
-213.7281,5.5013,-261.2773,0.487671
-214.1388,5.5013,-261.6846,0.487838
-214.5074,5.5013,-262.0501,0.487985
-214.8749,5.5013,-262.4146,0.488133
-215.2414,5.5013,-262.7779,0.488281
-215.6473,5.5013,-263.1801,0.488446
-215.9710,5.5013,-263.5006,0.488574
-216.3746,5.5013,-263.8996,0.488736
-216.7366,5.5013,-264.2572,0.488882
-217.0575,5.5013,-264.5738,0.489012
-217.4177,5.5013,-264.9285,0.489156
-217.7370,5.5013,-265.2424,0.489284
-218.0954,5.5013,-265.5941,0.489429
-218.4925,5.5013,-265.9830,0.489586
-218.8886,5.5013,-266.3698,0.489746
-219.2837,5.5013,-266.7546,0.489903
-219.6777,5.5013,-267.1374,0.490059
-219.9922,5.5013,-267.4421,0.490185
-220.3845,5.5013,-267.8212,0.490339
-220.7759,5.5013,-268.1983,0.490497
-221.1664,5.5013,-268.5733,0.490653
-221.4780,5.5013,-268.8719,0.490775
-221.8280,5.5013,-269.2062,0.490915
-222.1384,5.5013,-269.5020,0.491037
-222.4867,5.5013,-269.8331,0.491174
-222.8342,5.5013,-270.1625,0.491310
-223.1808,5.5013,-270.4902,0.491447
-223.5646,5.5013,-270.8522,0.491597
-223.9089,5.5013,-271.1761,0.491731
-224.2141,5.5013,-271.4624,0.491853
-224.5563,5.5013,-271.7829,0.491985
-224.8973,5.5013,-272.1014,0.492120
-225.2417,5.5056,-272.4134,0.492254
-225.5806,5.5061,-272.7275,0.492386
-225.8804,5.5066,-273.0056,0.492501
-226.2164,5.5071,-273.3169,0.492632
-226.5141,5.5076,-273.5921,0.492747
-226.8477,5.5081,-273.9000,0.492876
-227.1431,5.5086,-274.1722,0.492991
-227.5107,5.5093,-274.5107,0.493135
-227.8034,5.5098,-274.7800,0.493249
-228.1315,5.5103,-275.0815,0.493375
-228.4943,5.5109,-275.4150,0.493516
-228.8555,5.5115,-275.7464,0.493654
-229.1791,5.5120,-276.0431,0.493780
-229.5366,5.5126,-276.3708,0.493918
-229.8567,5.5132,-276.6643,0.494043
-230.1397,5.5137,-276.9241,0.494152
-230.4215,5.5141,-277.1829,0.494262
-230.7369,5.5147,-277.4728,0.494383
-231.0855,5.5153,-277.7935,0.494519
-231.3628,5.5157,-278.0488,0.494623
-231.7074,5.5163,-278.3665,0.494758
-232.0499,5.5168,-278.6826,0.494891
-232.3223,5.5173,-278.9343,0.494996
-232.6270,5.5177,-279.2163,0.495114
-232.9297,5.5181,-279.4969,0.495231
-233.2641,5.5185,-279.8073,0.495360
-233.5962,5.5188,-280.1162,0.495490
-233.9260,5.5191,-280.4238,0.495619
-234.2208,5.5194,-280.6994,0.495733
-234.4812,5.5196,-280.9436,0.495836
-234.7399,5.5198,-281.1869,0.495938
-235.0292,5.5200,-281.4597,0.496050
-235.2847,5.5202,-281.7013,0.496149
-235.6021,5.5204,-282.0023,0.496274
-235.8860,5.5206,-282.2722,0.496385
-236.1373,5.5207,-282.5115,0.496482
-236.4500,5.5209,-282.8101,0.496606
-236.6992,5.5210,-283.0485,0.496703
-237.0096,5.5213,-283.3461,0.496825
-237.2572,5.5214,-283.5840,0.496922
-237.5657,5.5216,-283.8810,0.497043
-237.8732,5.5218,-284.1777,0.497164
-238.1491,5.5220,-284.4447,0.497273
-238.3937,5.5221,-284.6819,0.497369
-238.6985,5.5223,-284.9781,0.497491
-238.9719,5.5224,-285.2447,0.497599
-239.2142,5.5225,-285.4815,0.497696
-239.4860,5.5226,-285.7480,0.497803
-239.7870,5.5226,-286.0440,0.497922
-240.0269,5.5227,-286.2809,0.498017
-240.3257,5.5227,-286.5771,0.498136
-240.5935,5.5227,-286.8437,0.498242
-240.8307,5.5226,-287.0807,0.498337
-241.0965,5.5225,-287.3472,0.498443
-241.3316,5.5224,-287.5839,0.498536
-241.5947,5.5223,-287.8499,0.498642
-241.8273,5.5222,-288.0860,0.498736
-242.0873,5.5220,-288.3511,0.498840
-242.3170,5.5219,-288.5861,0.498929
-242.5737,5.5217,-288.8498,0.499036
-242.8004,5.5215,-289.0836,0.499127
-243.0257,5.5213,-289.3168,0.499218
-243.3053,5.5210,-289.6076,0.499330
-243.5826,5.5207,-289.8976,0.499442
-243.8577,5.5204,-290.1868,0.499554
-244.0759,5.5198,-290.4173,0.499643
-244.3199,5.5190,-290.6763,0.499741
-244.5623,5.5182,-290.9348,0.499841
-244.7766,5.5174,-291.1643,0.499927
-245.0432,5.5165,-291.4510,0.500032
-245.2555,5.5157,-291.6804,0.500122
-245.4934,5.5148,-291.9386,0.500219
-245.7041,5.5140,-292.1682,0.500308
-245.9402,5.5131,-292.4265,0.500403
-246.2014,5.5120,-292.7135,0.500508
-246.4615,5.5109,-293.0005,0.500617
-246.6686,5.5101,-293.2302,0.500702
-246.9265,5.5090,-293.5173,0.500808
-247.1832,5.5078,-293.8045,0.500912
-247.4388,5.5067,-294.0918,0.501020
-247.6424,5.5058,-294.3216,0.501104
-247.8664,5.5013,-294.5847,0.501195
-248.0686,5.5013,-294.8145,0.501279
-248.2951,5.5013,-295.0731,0.501373
-248.5202,5.5013,-295.3319,0.501466
-248.7690,5.5013,-295.6197,0.501571
-248.9672,5.5013,-295.8501,0.501652
-249.2135,5.5013,-296.1379,0.501755
-249.4094,5.5013,-296.3681,0.501837
-249.6530,5.5013,-296.6559,0.501936
-249.8950,5.5013,-296.9436,0.502039
-250.1117,5.5013,-297.2025,0.502131
-250.3512,5.5013,-297.4903,0.502230
-250.5418,5.5012,-297.7206,0.502310
-250.7314,5.5012,-297.9510,0.502392
-250.9436,5.5012,-298.2104,0.502482
-251.1312,5.5012,-298.4413,0.502559
-251.3410,5.5012,-298.7015,0.502648
-251.5495,5.5012,-298.9621,0.502737
-251.7567,5.5012,-299.2231,0.502828
-251.9397,5.5012,-299.4555,0.502906
-252.1443,5.5012,-299.7175,0.502995
-252.3249,5.5012,-299.9510,0.503070
-252.5266,5.5012,-300.2141,0.503159
-252.7268,5.5012,-300.4780,0.503246
-252.9471,5.5012,-300.7721,0.503342
-253.1654,5.5012,-301.0670,0.503437
-253.3383,5.5012,-301.3037,0.503513
-253.5312,5.5012,-301.5706,0.503598
-253.7012,5.5012,-301.8086,0.503676
-253.8906,5.5012,-302.0769,0.503760
-254.0574,5.5012,-302.3159,0.503836
-254.2432,5.5012,-302.5857,0.503922
-254.4271,5.5012,-302.8562,0.504006
-254.5889,5.5012,-303.0972,0.504082
-254.7690,5.5012,-303.3691,0.504166
-254.9666,5.5012,-303.6722,0.504257
-255.1228,5.5012,-303.9154,0.504334
-255.3158,5.5012,-304.2202,0.504429
-255.5060,5.5012,-304.5259,0.504520
-255.6936,5.5012,-304.8326,0.504612
-255.8418,5.5012,-305.0786,0.504686
-256.0063,5.5012,-305.3559,0.504765
-256.1507,5.5012,-305.6030,0.504842
-256.3112,5.5012,-305.8817,0.504920
-256.4871,5.5012,-306.1924,0.505015
-256.6435,5.5012,-306.4732,0.505093
-256.7809,5.5012,-306.7236,0.505169
-256.9337,5.5012,-307.0065,0.505248
-257.0679,5.5012,-307.2589,0.505319
-257.2006,5.5012,-307.5123,0.505394
-257.3641,5.5012,-307.8305,0.505486
-257.5409,5.5012,-308.1824,0.505581
-257.6672,5.5012,-308.4394,0.505654
-257.7917,5.5012,-308.6973,0.505723
-257.9444,5.5012,-309.0208,0.505814
-258.0940,5.5012,-309.3455,0.505904
-258.2258,5.5012,-309.6386,0.505981
-258.3410,5.5012,-309.8997,0.506052
-258.4682,5.5012,-310.1942,0.506129
-258.5792,5.5012,-310.4565,0.506198
-258.7015,5.5012,-310.7521,0.506281
-258.8345,5.5012,-311.0813,0.506366
-258.9644,5.5012,-311.4112,0.506453
-259.0786,5.5012,-311.7086,0.506533
-259.1903,5.5012,-312.0067,0.506607
-259.3113,5.5012,-312.3384,0.506692
-259.4059,5.5012,-312.6042,0.506758
-259.5215,5.5012,-312.9370,0.506847
-259.6117,5.5012,-313.2036,0.506912
-259.7216,5.5012,-313.5372,0.506995
-259.8074,5.5012,-313.8045,0.507062
-259.9014,5.5012,-314.1056,0.507138
-259.9931,5.5012,-314.4070,0.507215
-260.0919,5.5012,-314.7422,0.507298
-260.1688,5.5012,-315.0107,0.507364
-260.2530,5.5012,-315.3129,0.507439
-260.3348,5.5012,-315.6153,0.507512
-260.4144,5.5012,-315.9179,0.507591
-260.4917,5.5012,-316.2206,0.507665
-260.5584,5.5012,-316.4897,0.507728
-260.6393,5.5012,-316.8263,0.507814
-260.7098,5.5012,-317.1293,0.507888
-260.7706,5.5012,-317.3987,0.507950
-260.8297,5.5012,-317.6684,0.508019
-260.8942,5.5012,-317.9718,0.508091
-260.9565,5.5012,-318.2754,0.508161
-261.0167,5.5012,-318.5791,0.508238
-261.0685,5.5012,-318.8492,0.508302
-261.1248,5.5012,-319.1531,0.508376
-261.1791,5.5012,-319.4571,0.508447
-261.2369,5.5012,-319.7950,0.508530
-261.2868,5.5012,-320.0992,0.508602
-261.3346,5.5012,-320.4035,0.508673
-261.3853,5.5012,-320.7417,0.508750
-261.4334,5.5012,-321.0799,0.508833
-261.4790,5.5012,-321.4181,0.508911
-261.5179,5.5012,-321.7225,0.508986
-261.5548,5.5012,-322.0269,0.509055
-261.5860,5.5012,-322.2973,0.509117
-261.6194,5.5012,-322.6013,0.509187
-261.6545,5.5012,-322.9390,0.509270
-261.6877,5.5012,-323.2764,0.509344
-261.7188,5.5012,-323.6136,0.509423
-261.7423,5.5012,-323.8832,0.509486
-261.7646,5.5012,-324.1528,0.509549
-261.7907,5.5012,-324.4896,0.509629
-261.8148,5.5012,-324.8262,0.509703
-261.8367,5.5012,-325.1626,0.509777
-261.8566,5.5012,-325.4988,0.509853
-261.8710,5.5012,-325.7678,0.509917
-261.8857,5.5012,-326.0701,0.509984
-261.8973,5.5012,-326.3388,0.510044
-261.9088,5.5012,-326.6409,0.510112
-261.9196,5.5012,-326.9763,0.510185
-261.9276,5.5012,-327.2780,0.510251
-261.9346,5.5012,-327.6130,0.510323
-261.9396,5.5012,-327.9478,0.510399
-261.9423,5.5012,-328.2490,0.510466
-261.9434,5.5012,-328.5833,0.510538
-261.9424,5.5012,-328.9173,0.510612
-261.9395,5.5012,-329.2510,0.510680
-261.9346,5.5012,-329.5845,0.510755
-261.9292,5.5012,-329.8510,0.510815
-261.9216,5.5012,-330.1507,0.510875
-261.9124,5.5012,-330.4500,0.510942
-261.9016,5.5012,-330.7491,0.511002
-261.8876,5.5012,-331.0812,0.511072
-261.8717,5.5012,-331.4129,0.511146
-261.8575,5.5012,-331.6780,0.511202
-261.8399,5.5012,-331.9760,0.511263
-261.8184,5.5012,-332.3068,0.511331
-261.7946,5.5012,-332.6372,0.511401
-261.7739,5.5012,-332.9013,0.511462
-261.7489,5.5012,-333.1982,0.511522
-261.7221,5.5012,-333.4947,0.511587
-261.6967,5.5012,-333.7579,0.511634
-261.6664,5.5012,-334.0537,0.511700
-261.6379,5.5012,-334.3164,0.511758
-261.6003,5.5012,-334.6443,0.511825
-261.5687,5.5012,-334.9062,0.511880
-261.5272,5.5012,-335.2332,0.511944
-261.4878,5.5012,-335.5270,0.512010
-261.4467,5.5012,-335.8205,0.512072
-261.4036,5.5012,-336.1135,0.512133
-261.3534,5.5012,-336.4385,0.512201
-261.3114,5.5012,-336.6982,0.512258
-261.2621,5.5012,-336.9899,0.512324
-261.2165,5.5012,-337.2487,0.512375
-261.1629,5.5012,-337.5394,0.512432
-261.1134,5.5012,-337.7972,0.512490
-261.0556,5.5012,-338.0867,0.512548
-260.9956,5.5012,-338.3755,0.512616
-260.9336,5.5012,-338.6635,0.512671
-260.8622,5.5012,-338.9827,0.512738
-260.7882,5.5012,-339.3010,0.512810
-260.7272,5.5012,-339.5549,0.512865
-260.6487,5.5012,-339.8714,0.512931
-260.5841,5.5012,-340.1238,0.512983
-260.5095,5.5012,-340.4070,0.513041
-260.4243,5.5012,-340.7206,0.513115
-260.3456,5.5012,-341.0019,0.513173
-260.2558,5.5012,-341.3134,0.513243
-260.1729,5.5012,-341.5928,0.513301
-260.0976,5.5012,-341.8403,0.513360
-260.0013,5.5012,-342.1486,0.513427
-259.9026,5.5012,-342.4557,0.513488
-259.8016,5.5012,-342.7617,0.513560
-259.7086,5.5012,-343.0361,0.513617
-259.6134,5.5012,-343.3095,0.513673
-259.5052,5.5012,-343.6122,0.513742
-259.4166,5.5012,-343.8532,0.513791
-259.3032,5.5012,-344.1531,0.513862
-259.1986,5.5012,-344.4217,0.513922
-259.1036,5.5012,-344.6594,0.513979
-258.9944,5.5012,-344.9254,0.514028
-258.8952,5.5012,-345.1606,0.514081
-258.7814,5.5012,-345.4240,0.514136
-258.6652,5.5012,-345.6859,0.514194
-258.5598,5.5012,-345.9174,0.514241
-258.4254,5.5012,-346.2051,0.514307
-258.3156,5.5012,-346.4339,0.514358
-258.1755,5.5012,-346.7180,0.514420
-258.0610,5.5012,-346.9438,0.514471
-257.9151,5.5012,-347.2241,0.514526
-257.7808,5.5012,-347.4745,0.514583
-257.6592,5.5012,-347.6956,0.514631
-257.5042,5.5012,-347.9697,0.514688
-257.3617,5.5012,-348.2144,0.514741
-257.2328,5.5012,-348.4301,0.514788
-257.0852,5.5012,-348.6707,0.514840
-256.9518,5.5012,-348.8829,0.514889
-256.7823,5.5012,-349.1458,0.514956
-256.6098,5.5012,-349.4059,0.515004
-256.4344,5.5012,-349.6635,0.515064
-256.2562,5.5012,-349.9183,0.515124
-256.0752,5.5012,-350.1704,0.515187
-255.9099,5.5012,-350.3949,0.515236
-255.7236,5.5012,-350.6418,0.515291
-255.5347,5.5012,-350.8858,0.515349
-255.3816,5.5012,-351.0790,0.515400
-255.1879,5.5012,-351.3180,0.515449
-255.0114,5.5012,-351.5306,0.515500
-254.8527,5.5012,-351.7178,0.515549
-254.6519,5.5012,-351.9494,0.515602
-254.4485,5.5012,-352.1785,0.515658
-254.2630,5.5012,-352.3827,0.515711
-254.0542,5.5012,-352.6071,0.515769
-253.8429,5.5012,-352.8289,0.515825
-253.6288,5.5012,-353.0481,0.515875
-253.4121,5.5012,-353.2648,0.515933
-253.1929,5.5012,-353.4788,0.515991
-253.0157,5.5012,-353.6480,0.516036
-252.8368,5.5012,-353.8154,0.516079
-252.6112,5.5012,-354.0220,0.516140
-252.3832,5.5012,-354.2256,0.516190
-252.1530,5.5012,-354.4261,0.516246
-251.9207,5.5012,-354.6232,0.516304
-251.7100,5.5012,-354.7979,0.516352
-251.4739,5.5012,-354.9889,0.516408
-251.2359,5.5012,-355.1765,0.516462
-250.9962,5.5012,-355.3609,0.516520
-250.7788,5.5012,-355.5241,0.516564
-250.5355,5.5012,-355.7021,0.516614
-250.2906,5.5012,-355.8767,0.516663
-250.0439,5.5012,-356.0481,0.516724
-249.8206,5.5012,-356.1995,0.516770
-249.5960,5.5012,-356.3481,0.516822
-249.3954,5.5012,-356.4779,0.516860
-249.1432,5.5012,-356.6371,0.516913
-248.8895,5.5012,-356.7930,0.516966
-248.6342,5.5012,-356.9456,0.517022
-248.3773,5.5012,-357.0951,0.517065
-248.1447,5.5012,-357.2269,0.517116
-247.8845,5.5012,-357.3705,0.517170
-247.6226,5.5012,-357.5110,0.517223
-247.3853,5.5012,-357.6349,0.517272
-247.1200,5.5012,-357.7696,0.517320
-246.9064,5.5012,-357.8752,0.517363
-246.6917,5.5012,-357.9789,0.517400
-246.4487,5.5012,-358.0931,0.517455
-246.2317,5.5012,-358.1924,0.517496
-245.9588,5.5012,-358.3139,0.517544
-245.7118,5.5012,-358.4205,0.517592
-245.4635,5.5012,-358.5244,0.517642
-245.2138,5.5012,-358.6258,0.517686
-244.9630,5.5012,-358.7246,0.517738
-244.6828,5.5012,-358.8312,0.517786
-244.4293,5.5012,-358.9243,0.517835
-244.2030,5.5012,-359.0048,0.517875
-243.9191,5.5012,-359.1024,0.517929
-243.6911,5.5012,-359.1780,0.517970
-243.4337,5.5012,-359.2604,0.518017
-243.2043,5.5012,-359.3312,0.518057
-242.9165,5.5012,-359.4166,0.518109
-242.6279,5.5012,-359.4985,0.518157
-242.3384,5.5012,-359.5769,0.518209
-242.0772,5.5012,-359.6443,0.518251
-241.7863,5.5012,-359.7160,0.518304
-241.5238,5.5012,-359.7774,0.518345
-241.2316,5.5012,-359.8422,0.518397
-240.9388,5.5012,-359.9034,0.518454
-240.6454,5.5012,-359.9611,0.518503
-240.3515,5.5012,-360.0152,0.518560
-240.1161,5.5012,-360.0558,0.518598
-239.8802,5.5012,-360.0943,0.518640
-239.6144,5.5012,-360.1349,0.518687
-239.3776,5.5012,-360.1687,0.518729
-239.0811,5.5012,-360.2078,0.518783
-238.7839,5.5012,-360.2436,0.518826
-238.5457,5.5012,-360.2697,0.518875
-238.2475,5.5012,-360.2994,0.518925
-237.9487,5.5012,-360.3257,0.518977
-237.6494,5.5012,-360.3487,0.519021
-237.4097,5.5012,-360.3646,0.519065
-237.1096,5.5012,-360.3815,0.519119
-236.8694,5.5012,-360.3926,0.519161
-236.5687,5.5012,-360.4035,0.519211
-236.2978,5.5012,-360.4105,0.519263
-235.9966,5.5012,-360.4151,0.519316
-235.7554,5.5012,-360.4164,0.519357
-235.4536,5.5012,-360.4149,0.519417
-235.1517,5.5012,-360.4101,0.519471
-234.8495,5.5012,-360.4019,0.519524
-234.5472,5.5012,-360.3904,0.519576
-234.2751,5.5012,-360.3770,0.519624
-233.9726,5.5012,-360.3589,0.519684
-233.7003,5.5012,-360.3398,0.519732
-233.3978,5.5012,-360.3152,0.519791
-233.1255,5.5012,-360.2902,0.519841
-232.8534,5.5012,-360.2624,0.519895
-232.5813,5.5012,-360.2317,0.519939
-232.2791,5.5012,-360.1945,0.519995
-231.9770,5.5012,-360.1538,0.520056
-231.6753,5.5012,-360.1097,0.520115
-231.3738,5.5012,-360.0622,0.520174
-231.0726,5.5012,-360.0114,0.520229
-230.8319,5.5012,-359.9683,0.520273
-230.5614,5.5012,-359.9174,0.520326
-230.2612,5.5012,-359.8579,0.520381
-230.0213,5.5012,-359.8081,0.520428
-229.7516,5.5012,-359.7499,0.520487
-229.4821,5.5012,-359.6894,0.520538
-229.2427,5.5012,-359.6337,0.520590
-228.9735,5.5012,-359.5688,0.520643
-228.7344,5.5012,-359.5092,0.520695
-228.4656,5.5012,-359.4400,0.520747
-228.2268,5.5012,-359.3764,0.520790
-227.9285,5.5012,-359.2943,0.520856
-227.6304,5.5012,-359.2094,0.520918
-227.3922,5.5012,-359.1392,0.520960
-227.0947,5.5012,-359.0487,0.521022
-226.7976,5.5012,-358.9553,0.521082
-226.5601,5.5012,-358.8785,0.521132
-226.2933,5.5012,-358.7900,0.521186
-226.0269,5.5012,-358.6992,0.521245
-225.7608,5.5012,-358.6063,0.521302
-225.5246,5.5012,-358.5219,0.521354
-225.2591,5.5012,-358.4250,0.521411
-225.0235,5.5012,-358.3372,0.521465
-224.7587,5.5012,-358.2365,0.521512
-224.4650,5.5012,-358.1221,0.521573
-224.1717,5.5012,-358.0052,0.521637
-223.9373,5.5012,-357.9099,0.521691
-223.6449,5.5012,-357.7884,0.521754
-223.4113,5.5012,-357.6893,0.521806
-223.1197,5.5012,-357.5630,0.521872
-222.8578,5.5012,-357.4471,0.521933
-222.6254,5.5012,-357.3423,0.521982
-222.3644,5.5012,-357.2223,0.522039
-222.1328,5.5012,-357.1138,0.522093
-221.8727,5.5012,-356.9898,0.522149
-221.6132,5.5012,-356.8636,0.522212
-221.3830,5.5012,-356.7498,0.522268
-221.0958,5.5012,-356.6053,0.522335
-220.8380,5.5012,-356.4732,0.522398
-220.6092,5.5012,-356.3542,0.522454
-220.3524,5.5012,-356.2187,0.522513
-220.1245,5.5012,-356.0966,0.522567
-219.8686,5.5012,-355.9577,0.522628
-219.6417,5.5012,-355.8327,0.522678
-219.3868,5.5012,-355.6905,0.522749
-219.1608,5.5012,-355.5626,0.522803
-218.9069,5.5012,-355.4171,0.522869
-218.6817,5.5012,-355.2863,0.522923
-218.4008,5.5012,-355.1208,0.522997
-218.1765,5.5012,-354.9869,0.523055
-217.9248,5.5012,-354.8346,0.523122
-217.7015,5.5012,-354.6978,0.523183
-217.4507,5.5012,-354.5423,0.523243
-217.2282,5.5012,-354.4026,0.523307
-216.9785,5.5012,-354.2439,0.523372
-216.7568,5.5012,-354.1014,0.523431
-216.5079,5.5012,-353.9397,0.523497
-216.2593,5.5012,-353.7765,0.523565
-216.0386,5.5012,-353.6301,0.523630
-215.7908,5.5012,-353.4641,0.523695
-215.5433,5.5012,-353.2967,0.523769
-215.2961,5.5012,-353.1279,0.523837
-215.0492,5.5012,-352.9577,0.523907
-214.8301,5.5012,-352.8051,0.523967
-214.5839,5.5012,-352.6322,0.524035
-214.3381,5.5012,-352.4577,0.524110
-214.0926,5.5012,-352.2818,0.524189
-213.8475,5.5012,-352.1044,0.524255
-213.6300,5.5012,-351.9455,0.524316
-213.3584,5.5012,-351.7454,0.524398
-213.1144,5.5012,-351.5638,0.524474
-212.8978,5.5012,-351.4014,0.524535
-212.6544,5.5012,-351.2174,0.524609
-212.4383,5.5012,-351.0528,0.524677
-212.1954,5.5012,-350.8666,0.524751
-211.9528,5.5013,-350.6792,0.524829
-211.7104,5.5013,-350.4905,0.524906
-211.4952,5.5013,-350.3217,0.524977
-211.2802,5.5013,-350.1519,0.525044
-211.0386,5.5013,-349.9597,0.525120
-210.7706,5.5013,-349.7445,0.525209
-210.5030,5.5013,-349.5277,0.525291
-210.2892,5.5013,-349.3529,0.525363
-210.0443,5.5058,-349.1594,0.525444
-209.8311,5.5067,-348.9824,0.525508
-209.5654,5.5079,-348.7593,0.525600
-209.3531,5.5088,-348.5797,0.525675
-209.1146,5.5098,-348.3763,0.525756
-208.8766,5.5107,-348.1715,0.525834
-208.6655,5.5115,-347.9883,0.525906
-208.4286,5.5124,-347.7808,0.525986
-208.2185,5.5132,-347.5952,0.526060
-207.9563,5.5141,-347.3615,0.526149
-207.7210,5.5149,-347.1497,0.526230
-207.5123,5.5155,-346.9602,0.526305
-207.2780,5.5163,-346.7459,0.526387
-207.0442,5.5169,-346.5304,0.526471
-206.8369,5.5175,-346.3378,0.526544
-206.6042,5.5181,-346.1199,0.526628
-206.3978,5.5187,-345.9253,0.526706
-206.1660,5.5192,-345.7053,0.526787
-205.9347,5.5197,-345.4840,0.526871
-205.7295,5.5202,-345.2865,0.526945
-205.4990,5.5207,-345.0633,0.527031
-205.2688,5.5211,-344.8392,0.527117
-205.0389,5.5216,-344.6142,0.527204
-204.8347,5.5220,-344.4135,0.527278
-204.6052,5.5224,-344.1870,0.527365
-204.4012,5.5227,-343.9850,0.527443
-204.1718,5.5231,-343.7570,0.527529
-203.9678,5.5235,-343.5537,0.527604
-203.7129,5.5240,-343.2987,0.527704
-203.4836,5.5245,-343.0682,0.527793
-203.2799,5.5249,-342.8627,0.527869
-203.0762,5.5253,-342.6563,0.527946
-202.8471,5.5257,-342.4232,0.528035
-202.6180,5.5261,-342.1893,0.528127
-202.4145,5.5264,-341.9805,0.528205
-202.1856,5.5268,-341.7448,0.528293
-201.9570,5.5271,-341.5080,0.528381
-201.7029,5.5274,-341.2439,0.528483
-201.4997,5.5276,-341.0318,0.528560
-201.2966,5.5278,-340.8189,0.528642
-201.0427,5.5281,-340.5518,0.528738
-200.7889,5.5283,-340.2834,0.528841
-200.5351,5.5285,-340.0139,0.528943
-200.3068,5.5287,-339.7702,0.529034
-200.1038,5.5288,-339.5529,0.529114
-199.8755,5.5289,-339.3074,0.529207
-199.6725,5.5290,-339.0885,0.529285
-199.4444,5.5291,-338.8413,0.529382
-199.2161,5.5290,-338.5931,0.529472
-199.0131,5.5290,-338.3717,0.529554
-198.7847,5.5289,-338.1216,0.529647
-198.5817,5.5288,-337.8986,0.529732
-198.3533,5.5286,-337.6468,0.529824
-198.1501,5.5285,-337.4221,0.529907
-197.9216,5.5283,-337.1684,0.530001
-197.6674,5.5282,-336.8855,0.530104
-197.4642,5.5281,-336.6582,0.530189
-197.2608,5.5279,-336.4303,0.530273
-197.0319,5.5278,-336.1730,0.530371
-196.8028,5.5276,-335.9150,0.530463
-196.5989,5.5274,-335.6849,0.530549
-196.3694,5.5272,-335.4253,0.530645
-196.1396,5.5270,-335.1650,0.530740
-195.9351,5.5269,-334.9330,0.530826
-195.6791,5.5266,-334.6420,0.530936
-195.4228,5.5264,-334.3501,0.531044
-195.1919,5.5261,-334.0865,0.531141
-194.9607,5.5259,-333.8221,0.531241
-194.7035,5.5256,-333.5272,0.531348
-194.4460,5.5253,-333.2313,0.531458
-194.2140,5.5250,-332.9641,0.531556
-194.0074,5.5248,-332.7258,0.531645
-193.7746,5.5245,-332.4570,0.531743
-193.5675,5.5243,-332.2174,0.531832
-193.3343,5.5241,-331.9470,0.531934
-193.1266,5.5239,-331.7060,0.532023
-192.8927,5.5236,-331.4342,0.532124
-192.6583,5.5234,-331.1617,0.532225
-192.3975,5.5231,-330.8579,0.532338
-192.1884,5.5228,-330.6141,0.532429
-191.9530,5.5225,-330.3392,0.532531
-191.7171,5.5222,-330.0635,0.532635
-191.4547,5.5218,-329.7563,0.532748
-191.2181,5.5215,-329.4790,0.532850
-191.0074,5.5212,-329.2319,0.532943
-190.7700,5.5208,-328.9534,0.533046
-190.5320,5.5205,-328.6744,0.533149
-190.3199,5.5202,-328.4261,0.533242
-190.0807,5.5199,-328.1462,0.533346
-189.8674,5.5196,-327.8971,0.533440
-189.6266,5.5193,-327.6164,0.533545
-189.3582,5.5189,-327.3039,0.533663
-189.1428,5.5186,-327.0535,0.533758
-188.9267,5.5184,-326.8026,0.533852
-188.6559,5.5181,-326.4883,0.533970
-188.3842,5.5176,-326.1734,0.534089
-188.1114,5.5171,-325.8575,0.534208
-187.8651,5.5167,-325.5726,0.534316
-187.5905,5.5162,-325.2552,0.534436
-187.3149,5.5157,-324.9370,0.534556
-187.0660,5.5152,-324.6499,0.534664
-186.7886,5.5147,-324.3300,0.534785
-186.5661,5.5143,-324.0736,0.534883
-186.2869,5.5137,-323.7522,0.535004
-186.0066,5.5131,-323.4298,0.535126
-185.7254,5.5128,-323.1066,0.535249
-185.4432,5.5124,-322.7826,0.535372
-185.1600,5.5121,-322.4576,0.535495
-184.9042,5.5117,-322.1643,0.535606
-184.6476,5.5114,-321.8702,0.535718
-184.3616,5.5111,-321.5426,0.535841
-184.0746,5.5107,-321.2140,0.535966
-183.8443,5.5105,-320.9504,0.536072
-183.5556,5.5101,-320.6200,0.536192
-183.2949,5.5098,-320.3218,0.536305
-183.0624,5.5096,-320.0562,0.536407
-182.7756,5.5003,-319.7190,0.536534
-182.5127,5.5003,-319.4186,0.536649
-182.2775,5.5003,-319.1513,0.536751
-182.0417,5.5003,-318.8834,0.536853
-181.7464,5.5003,-318.5474,0.536981
-181.5097,5.5003,-318.2779,0.537084
-181.2423,5.5003,-317.9739,0.537200
-181.0035,5.5003,-317.7034,0.537303
-180.7041,5.5003,-317.3646,0.537432
-180.4335,5.5003,-317.0590,0.537549
-180.1623,5.5003,-316.7526,0.537666
-179.9206,5.5003,-316.4796,0.537771
-179.6477,5.5003,-316.1720,0.537889
-179.4042,5.5002,-315.8981,0.537994
-179.0990,5.5002,-315.5545,0.538125
-178.7920,5.5003,-315.2107,0.538258
-178.5146,5.5003,-314.9005,0.538377
-178.2672,5.5003,-314.6244,0.538483
-177.9568,5.5004,-314.2784,0.538616
-177.7075,5.5004,-314.0011,0.538723
-177.4260,5.5004,-313.6888,0.538844
-177.1118,5.5005,-313.3410,0.538978
-176.8594,5.5005,-313.0622,0.539086
-176.5743,5.5005,-312.7481,0.539207
-176.3199,5.5006,-312.4684,0.539316
-176.0645,5.5006,-312.1883,0.539424
-175.7761,5.5006,-311.8727,0.539546
-175.4865,5.5007,-311.5564,0.539670
-175.2281,5.5007,-311.2748,0.539780
-174.9362,5.5007,-310.9573,0.539903
-174.6758,5.5007,-310.6744,0.540013
-174.3818,5.5008,-310.3555,0.540138
-174.1196,5.5008,-310.0712,0.540248
-173.8237,5.5008,-309.7507,0.540373
-173.4938,5.5009,-309.3934,0.540512
-173.2289,5.5009,-309.1069,0.540623
-172.8966,5.5009,-308.7479,0.540761
-172.5965,5.5009,-308.4239,0.540891
-172.3288,5.5010,-308.1353,0.541001
-172.0266,5.5010,-307.8098,0.541128
-171.7570,5.5010,-307.5198,0.541243
-171.4189,5.5011,-307.1565,0.541385
-171.0795,5.5011,-306.7923,0.541528
-170.7388,5.5011,-306.4270,0.541671
-170.4652,5.5011,-306.1342,0.541786
-170.1564,5.5012,-305.8039,0.541915
-169.8121,5.5012,-305.4361,0.542060
-169.5357,5.5012,-305.1412,0.542176
-169.2237,5.5012,-304.8085,0.542306
-168.9454,5.5012,-304.5122,0.542422
-168.6314,5.5013,-304.1781,0.542553
-168.3514,5.5013,-303.8805,0.542670
-168.0351,5.5013,-303.5452,0.542803
-167.7533,5.5013,-303.2462,0.542920
-167.3999,5.5013,-302.8715,0.543068
-167.0453,5.5013,-302.4957,0.543217
-166.6894,5.5013,-302.1190,0.543363
-166.3323,5.5013,-301.7412,0.543512
-165.9738,5.5013,-301.3624,0.543662
-165.6141,5.5013,-300.9825,0.543810
-165.3253,5.5013,-300.6778,0.543932
-164.9632,5.5013,-300.2959,0.544083
-164.6362,5.5013,-299.9513,0.544218
-164.2715,5.5013,-299.5674,0.544370
-163.9056,5.5013,-299.1825,0.544522
-163.6119,5.5013,-298.8737,0.544642
-163.2805,5.5013,-298.5255,0.544781
-162.9110,5.5013,-298.1376,0.544934
-162.5404,5.5013,-297.7485,0.545086
-162.2057,5.5013,-297.3973,0.545228
-161.8327,5.5013,-297.0060,0.545383
-161.4585,5.5013,-296.6136,0.545538
-161.1206,5.5013,-296.2594,0.545677
-160.7817,5.5013,-295.9044,0.545818
-160.4040,5.5013,-295.5088,0.545974
-160.0251,5.5013,-295.1122,0.546133
-159.6830,5.5013,-294.7542,0.546273
-159.3782,5.5013,-294.4352,0.546400
-159.0343,5.5013,-294.0756,0.546542
-158.6510,5.5013,-293.6748,0.546702
-158.3050,5.5013,-293.3132,0.546845
-157.9194,5.5013,-292.9104,0.547003
-157.5714,5.5013,-292.5469,0.547149
-157.2612,5.5013,-292.2231,0.547278
-156.8724,5.5013,-291.8174,0.547437
-156.4824,5.5013,-291.4104,0.547599
-156.0912,5.5013,-291.0024,0.547762
-155.6987,5.5013,-290.5934,0.547923
-155.3840,5.5013,-290.2654,0.548053
-154.9894,5.5013,-289.8544,0.548217
-154.5936,5.5013,-289.4423,0.548381
-154.1967,5.5013,-289.0291,0.548546
-153.7985,5.5013,-288.6148,0.548708
-153.3992,5.5013,-288.1995,0.548873
-152.9986,5.5013,-287.7831,0.549040
-152.5969,5.5013,-287.3657,0.549206
-152.1940,5.5013,-286.9471,0.549371
-151.8303,5.5013,-286.5695,0.549523
-151.4251,5.5013,-286.1490,0.549689
-151.0188,5.5013,-285.7274,0.549857
-150.6521,5.5013,-285.3470,0.550008
-150.2844,5.5013,-284.9657,0.550158
-149.9157,5.5013,-284.5836,0.550312
-149.5873,5.5013,-284.2433,0.550445
-149.1756,5.5013,-283.8169,0.550620
-148.7628,5.5013,-283.3896,0.550789
-148.3488,5.5013,-282.9611,0.550958
-147.9336,5.5013,-282.5317,0.551132
-147.5589,5.5013,-282.1444,0.551285
-147.1414,5.5013,-281.7131,0.551455
-146.7227,5.5013,-281.2808,0.551629
-146.3029,5.5013,-280.8476,0.551802
-145.9661,5.5013,-280.5004,0.551940
-145.5440,5.5013,-280.0655,0.552115
-145.1630,5.5013,-279.6733,0.552271
-144.8236,5.5013,-279.3241,0.552410
-144.4408,5.5013,-278.9305,0.552566
-144.0143,5.5013,-278.4922,0.552742
-143.6294,5.5013,-278.0970,0.552902
-143.2006,5.5013,-277.6571,0.553078
-142.8136,5.5013,-277.2603,0.553236
-142.4687,5.5013,-276.9071,0.553377
-142.0366,5.5013,-276.4647,0.553553
-141.6032,5.5013,-276.0213,0.553731
-141.2556,5.5013,-275.6661,0.553875
-140.8636,5.5013,-275.2657,0.554035
-140.5144,5.5013,-274.9092,0.554179
-140.0767,5.5013,-274.4629,0.554357
-139.6818,5.5013,-274.0604,0.554519
-139.3299,5.5013,-273.7020,0.554663
-138.8889,5.5013,-273.2532,0.554843
-138.4468,5.5013,-272.8036,0.555023
-138.0478,5.5013,-272.3981,0.555187
-137.6033,5.5013,-271.9467,0.555368
-137.1577,5.5013,-271.4946,0.555551
-136.7108,5.5013,-271.0414,0.555732
-136.2629,5.5013,-270.5875,0.555915
-135.8137,5.5013,-270.1327,0.556100
-135.4535,5.5013,-269.7681,0.556245
-135.0022,5.5013,-269.3117,0.556427
-134.6404,5.5013,-268.9459,0.556577
-134.2324,5.5013,-268.5337,0.556742
-133.8235,5.5013,-268.1208,0.556910
-133.3681,5.5013,-267.6611,0.557095
-132.9116,5.5013,-267.2005,0.557281
-132.4539,5.5013,-266.7390,0.557466
-132.0411,5.5013,-266.3230,0.557633
-131.5814,5.5013,-265.8598,0.557821
-131.2128,5.5013,-265.4886,0.557972
-130.7510,5.5013,-265.0238,0.558159
-130.2882,5.5013,-264.5581,0.558346
-129.8243,5.5013,-264.0916,0.558537
-129.3593,5.5013,-263.6241,0.558726
-128.9398,5.5013,-263.2026,0.558895
-128.5663,5.5013,-262.8274,0.559047
-128.1920,5.5013,-262.4516,0.559197
-127.7233,5.5013,-261.9811,0.559386
-127.3005,5.5013,-261.5569,0.559558
-126.8768,5.5013,-261.1319,0.559729
-126.4050,5.5013,-260.6589,0.559923
-125.9322,5.5013,-260.1851,0.560116
-125.5058,5.5013,-259.7578,0.560288
-125.0785,5.5013,-259.3299,0.560457
-124.6027,5.5013,-258.8536,0.560654
-124.2213,5.5013,-258.4719,0.560806
-123.7437,5.5013,-257.9941,0.560999
-123.3608,5.5013,-257.6113,0.561153
-122.8812,5.5013,-257.1319,0.561348
-122.4006,5.5013,-256.6517,0.561544
-121.9189,5.5013,-256.1706,0.561739
-121.4363,5.5013,-255.6887,0.561934
-121.0010,5.5013,-255.2543,0.562110
-120.5163,5.5013,-254.7708,0.562306
-120.0307,5.5013,-254.2864,0.562503
-119.5927,5.5013,-253.8498,0.562681
-119.1050,5.5013,-253.3639,0.562877
-118.6653,5.5013,-252.9259,0.563055
-118.2247,5.5013,-252.4872,0.563232
-117.7833,5.5013,-252.0478,0.563412
-117.2919,5.5013,-251.5588,0.563609
-116.7995,5.5013,-251.0690,0.563810
-116.3555,5.5013,-250.6274,0.563987
-115.8612,5.5013,-250.1360,0.564188
-115.3659,5.5013,-249.6437,0.564389
-114.8697,5.5013,-249.1506,0.564588
-114.4222,5.5013,-248.7061,0.564768
-113.9241,5.5013,-248.2114,0.564970
-113.4251,5.5013,-247.7158,0.565171
-112.9251,5.5013,-247.2194,0.565371
-112.4241,5.5013,-246.7222,0.565576
-111.9725,5.5013,-246.2741,0.565757
-111.5704,5.5013,-245.8752,0.565920
-111.0671,5.5013,-245.3759,0.566123
-110.5628,5.5013,-244.8758,0.566327
-110.0577,5.5013,-244.3749,0.566530
-109.6024,5.5013,-243.9234,0.566713
-109.0957,5.5013,-243.4211,0.566920
-108.5882,5.5013,-242.9179,0.567125
-108.0801,5.5013,-242.4142,0.567329
-107.6223,5.5013,-241.9603,0.567514
-107.1640,5.5013,-241.5059,0.567698
-106.6543,5.5013,-241.0005,0.567906
-106.1951,5.5013,-240.5451,0.568087
-105.6332,5.5013,-239.9879,0.568316
-105.1730,5.5013,-239.5315,0.568501
-104.6611,5.5013,-239.0238,0.568707
-104.1999,5.5013,-238.5664,0.568894
-103.6870,5.5013,-238.0576,0.569103
-103.1736,5.5013,-237.5483,0.569308
-102.6596,5.5013,-237.0384,0.569516
-102.1966,5.5013,-236.5790,0.569703
-101.6817,5.5013,-236.0680,0.569909
-101.1662,5.5013,-235.5565,0.570120
-100.6503,5.5013,-235.0444,0.570328
-100.1338,5.5013,-234.5318,0.570537
-99.6169,5.5013,-234.0186,0.570744
-99.1511,5.5013,-233.5563,0.570933
-98.6332,5.5013,-233.0420,0.571145
-98.1148,5.5013,-232.5272,0.571350
-97.6477,5.5013,-232.0635,0.571540
-97.1283,5.5013,-231.5477,0.571751
-96.6605,5.5013,-231.0830,0.571939
-96.1401,5.5013,-230.5661,0.572148
-95.6193,5.5013,-230.0487,0.572355
-95.0980,5.5013,-229.5308,0.572572
-94.6283,5.5013,-229.0642,0.572760
-94.1583,5.5013,-228.5971,0.572950
-93.6356,5.5013,-228.0777,0.573161
-93.1648,5.5013,-227.6097,0.573351
-92.6412,5.5013,-227.0893,0.573562
-92.1695,5.5013,-226.6204,0.573754
-91.6449,5.5013,-226.0990,0.573966
-91.1724,5.5013,-225.6292,0.574157
-90.6470,5.5013,-225.1067,0.574369
-90.1210,5.5013,-224.5837,0.574582
-89.5946,5.5013,-224.0602,0.574795
-89.1205,5.5013,-223.5886,0.574985
-88.6459,5.5013,-223.1165,0.575177
-88.1181,5.5013,-222.5915,0.575387
-87.6428,5.5013,-222.1185,0.575583
-87.1142,5.5013,-221.5925,0.575796
-86.5851,5.5013,-221.0660,0.576008
-86.1086,5.5013,-220.5917,0.576201
-85.5786,5.5013,-220.0642,0.576416
-85.1012,5.5013,-219.5890,0.576609
-84.5704,5.5013,-219.0605,0.576826
-84.0391,5.5013,-218.5315,0.577039
-83.5605,5.5013,-218.0550,0.577230
-83.0284,5.5013,-217.5251,0.577448
-82.4957,5.5013,-216.9946,0.577662
-82.0693,5.5013,-216.5699,0.577835
-81.5892,5.5013,-216.0917,0.578029
-81.0554,5.5013,-215.5599,0.578243
-80.5745,5.5013,-215.0808,0.578438
-80.0398,5.5013,-214.5481,0.578657
-79.5582,5.5013,-214.0682,0.578847
-79.0762,5.5013,-213.5879,0.579043
-78.5402,5.5013,-213.0537,0.579260
-78.0038,5.5013,-212.5191,0.579477
-77.4669,5.5013,-211.9839,0.579697
-76.9833,5.5013,-211.5019,0.579890
-76.4994,5.5013,-211.0195,0.580085
-76.0690,5.5013,-210.5903,0.580262
-75.5844,5.5013,-210.1071,0.580456
-75.0994,5.5013,-209.6236,0.580652
-74.5602,5.5013,-209.0858,0.580870
-74.0745,5.5013,-208.6013,0.581066
-73.5345,5.5013,-208.0626,0.581286
-72.9940,5.5013,-207.5234,0.581507
-72.5073,5.5013,-207.0377,0.581701
-71.9660,5.5013,-206.4975,0.581920
-71.4243,5.5013,-205.9568,0.582139
-70.8823,5.5013,-205.4157,0.582359
-70.4483,5.5013,-204.9824,0.582534
-69.9055,5.5013,-204.4404,0.582754
-69.4710,5.5013,-204.0064,0.582928
-68.9274,5.5013,-203.4635,0.583148
-68.4379,5.5013,-202.9745,0.583347
-67.8935,5.5013,-202.4308,0.583567
-67.3487,5.5013,-201.8866,0.583789
-66.8580,5.5013,-201.3964,0.583988
-66.3124,5.5013,-200.8513,0.584208
-65.7664,5.5013,-200.3059,0.584429
-65.2747,5.5013,-199.8145,0.584626
-64.7278,5.5013,-199.2682,0.584849
-64.1806,5.5013,-198.7213,0.585071
-63.6329,5.5013,-198.1741,0.585294
-63.0848,5.5013,-197.6264,0.585516
-62.5364,5.5013,-197.0782,0.585735
-62.0424,5.5013,-196.5844,0.585937
-61.4931,5.5013,-196.0354,0.586160
-60.9435,5.5013,-195.4858,0.586381
-60.3935,5.5013,-194.9357,0.586603
-59.8982,5.5013,-194.4403,0.586806
-59.3474,5.5013,-193.8893,0.587028
-58.7963,5.5013,-193.3380,0.587251
-58.2449,5.5013,-192.7861,0.587474
-57.7482,5.5013,-192.2890,0.587675
-57.1960,5.5013,-191.7363,0.587902
-56.6987,5.5013,-191.2384,0.588099
-56.2012,5.5013,-190.7402,0.588303
-55.6479,5.5013,-190.1862,0.588525
-55.0943,5.5013,-189.6318,0.588749
-54.5957,5.5013,-189.1324,0.588953
-54.0968,5.5013,-188.6327,0.589152
-53.5421,5.5013,-188.0771,0.589380
-52.9870,5.5013,-187.5211,0.589606
-52.4870,5.5013,-187.0203,0.589805
-51.9312,5.5013,-186.4634,0.590032
-51.3750,5.5013,-185.9061,0.590259
-50.8741,5.5013,-185.4042,0.590461
-50.3171,5.5013,-184.8461,0.590688
-49.7598,5.5013,-184.2875,0.590913
-49.2021,5.5013,-183.7286,0.591138
-48.6999,5.5013,-183.2251,0.591340
-48.1415,5.5013,-182.6653,0.591570
-47.5827,5.5013,-182.1051,0.591794
-47.0795,5.5013,-181.6006,0.592001
-46.5201,5.5013,-181.0396,0.592224
-45.9602,5.5013,-180.4782,0.592450
-45.5121,5.5013,-180.0287,0.592637
-44.9516,5.5013,-179.4666,0.592861
-44.4468,5.5013,-178.9603,0.593066
-43.8857,5.5013,-178.3972,0.593294
-43.3242,5.5013,-177.8338,0.593522
-42.7623,5.5013,-177.2700,0.593749
-42.2563,5.5013,-176.7622,0.593954
-41.6938,5.5013,-176.1976,0.594181
-41.1872,5.5013,-175.6891,0.594389
-40.6240,5.5013,-175.1237,0.594616
-40.0604,5.5013,-174.5579,0.594845
-39.4965,5.5013,-173.9917,0.595073
-38.9887,5.5013,-173.4817,0.595278
-38.4242,5.5013,-172.9147,0.595506
-37.9158,5.5013,-172.4041,0.595714
-37.3506,5.5013,-171.8364,0.595944
-36.8416,5.5013,-171.3251,0.596150
-36.2757,5.5013,-170.7566,0.596380
-35.7662,5.5013,-170.2446,0.596584
-35.1997,5.5013,-169.6753,0.596816
-34.6328,5.5013,-169.1056,0.597044
-34.1223,5.5013,-168.5926,0.597255
-33.5549,5.5013,-168.0222,0.597483
-32.9870,5.5013,-167.4513,0.597713
-32.4757,5.5013,-166.9373,0.597921
-31.9072,5.5013,-166.3657,0.598151
-31.3385,5.5013,-165.7937,0.598383
-30.8263,5.5013,-165.2786,0.598588
-30.3138,5.5013,-164.7632,0.598796
-29.7442,5.5013,-164.1902,0.599028
-29.1742,5.5013,-163.6167,0.599263
-28.6609,5.5013,-163.1003,0.599468
-28.0902,5.5013,-162.5261,0.599698
-27.5764,5.5013,-162.0090,0.599907
-27.0623,5.5013,-161.4916,0.600118
-26.5479,5.5013,-160.9739,0.600325
-25.9762,5.5013,-160.3983,0.600557
-25.4613,5.5013,-159.8799,0.600765
-24.8889,5.5013,-159.3036,0.600998
-24.3162,5.5013,-158.7268,0.601230
-23.8005,5.5013,-158.2075,0.601438
-23.2273,5.5013,-157.6300,0.601672
-22.7111,5.5013,-157.1100,0.601881
-22.1372,5.5013,-156.5318,0.602115
-21.5630,5.5013,-155.9534,0.602346
-20.9885,5.5013,-155.3746,0.602581
-20.4136,5.5013,-154.7955,0.602813
-19.8960,5.5013,-154.2740,0.603025
-19.3204,5.5013,-153.6944,0.603257
-18.7445,5.5013,-153.1144,0.603491
-18.1682,5.5013,-152.5343,0.603725
-17.5915,5.5013,-151.9540,0.603960
-17.0144,5.5013,-151.3736,0.604193
-16.4948,5.5013,-150.8510,0.604405
-15.9171,5.5013,-150.2704,0.604637
-15.3970,5.5013,-149.7477,0.604848
-14.8189,5.5013,-149.1670,0.605083
-14.2984,5.5013,-148.6444,0.605294
-13.7200,5.5013,-148.0639,0.605530
-13.1994,5.5013,-147.5416,0.605741
-12.6210,5.5013,-146.9615,0.605974
-12.0426,5.5013,-146.3818,0.606208
-11.5223,5.5013,-145.8606,0.606421
-11.0024,5.5013,-145.3399,0.606629
-10.4252,5.5013,-144.7621,0.606862
-9.8486,5.5013,-144.1852,0.607096
-9.3302,5.5013,-143.6667,0.607307
-8.7550,5.5013,-143.0916,0.607538
-8.1807,5.5013,-142.5178,0.607771
-7.6648,5.5013,-142.0026,0.607980
-7.0929,5.5013,-141.4317,0.608211
-6.5223,5.5013,-140.8625,0.608440
-5.9532,5.5013,-140.2950,0.608671
-5.4421,5.5013,-139.7857,0.608878
-4.8756,5.5013,-139.2213,0.609106
-4.3105,5.5013,-138.6586,0.609334
-3.7468,5.5013,-138.0976,0.609561
-3.2968,5.5013,-137.6499,0.609742
-2.7356,5.5013,-137.0918,0.609968
-2.2317,5.5013,-136.5907,0.610171
-1.6731,5.5013,-136.0356,0.610397
-1.1160,5.5013,-135.4819,0.610622
-0.6157,5.5013,-134.9850,0.610824
-0.0612,5.5013,-134.4344,0.611047
0.4918,5.5013,-133.8853,0.611270
0.9884,5.5013,-133.3924,0.611470
1.5388,5.5013,-132.8461,0.611692
2.0330,5.5013,-132.3558,0.611890
2.5807,5.5013,-131.8123,0.612112
3.0724,5.5013,-131.3244,0.612309
3.6174,5.5013,-130.7837,0.612529
4.1610,5.5013,-130.2445,0.612748
4.6491,5.5013,-129.7604,0.612944
5.1899,5.5013,-129.2238,0.613162
5.6755,5.5013,-128.7421,0.613357
6.2136,5.5013,-128.2080,0.613574
6.7502,5.5013,-127.6752,0.613790
7.2318,5.5013,-127.1966,0.613985
7.7121,5.5013,-126.7190,0.614179
8.2443,5.5013,-126.1894,0.614393
8.6688,5.5013,-125.7666,0.614563
9.1981,5.5013,-125.2390,0.614778
9.7257,5.5013,-124.7126,0.614990
10.1993,5.5013,-124.2398,0.615181
10.7239,5.5013,-123.7156,0.615394
11.2468,5.5013,-123.1926,0.615604
11.7162,5.5013,-122.7229,0.615794
12.2362,5.5013,-122.2022,0.616005
12.7547,5.5013,-121.6827,0.616215
13.2718,5.5013,-121.1646,0.616424
13.7873,5.5013,-120.6477,0.616633
14.3014,5.5013,-120.1320,0.616841
14.7628,5.5013,-119.6690,0.617028
15.2231,5.5013,-119.2070,0.617214
15.7332,5.5013,-118.6948,0.617421
16.2418,5.5013,-118.1839,0.617627
16.7491,5.5013,-117.6743,0.617833
17.2044,5.5013,-117.2168,0.618017
17.7091,5.5013,-116.7097,0.618222
18.1622,5.5013,-116.2544,0.618405
18.6644,5.5013,-115.7498,0.618608
19.1654,5.5013,-115.2465,0.618811
19.6650,5.5013,-114.7446,0.619014
20.1136,5.5013,-114.2941,0.619196
20.5613,5.5013,-113.8446,0.619378
21.0575,5.5013,-113.3466,0.619578
21.5031,5.5013,-112.8995,0.619758
21.9970,5.5013,-112.4040,0.619958
22.4406,5.5013,-111.9592,0.620138
22.9323,5.5013,-111.4663,0.620338
23.3738,5.5013,-111.0239,0.620516
23.8634,5.5013,-110.5336,0.620714
24.3517,5.5013,-110.0447,0.620912
24.7903,5.5013,-109.6058,0.621089
25.2279,5.5013,-109.1680,0.621267
25.6647,5.5013,-108.7313,0.621444
26.1005,5.5013,-108.2957,0.621619
26.5836,5.5013,-107.8130,0.621815
27.0657,5.5013,-107.3316,0.622010
27.4986,5.5013,-106.8995,0.622185
27.9786,5.5013,-106.4208,0.622378
28.4575,5.5013,-105.9434,0.622572
28.8877,5.5013,-105.5150,0.622745
29.3647,5.5013,-105.0404,0.622939
29.8407,5.5013,-104.5672,0.623130
30.3157,5.5013,-104.0955,0.623322
30.7897,5.5013,-103.6252,0.623513
31.2628,5.5013,-103.1564,0.623707
31.6406,5.5013,-102.7824,0.623856
32.0178,5.5013,-102.4094,0.624010
32.4885,5.5013,-101.9446,0.624198
32.9584,5.5013,-101.4813,0.624385
33.3806,5.5013,-101.0656,0.624555
33.8489,5.5013,-100.6052,0.624744
34.3164,5.5013,-100.1464,0.624930
34.7364,5.5013,-99.7348,0.625099
35.2024,5.5013,-99.2789,0.625285
35.6676,5.5013,-98.8247,0.625472
36.1320,5.5013,-98.3719,0.625657
36.5031,5.5013,-98.0109,0.625805
36.9662,5.5013,-97.5611,0.625990
37.3362,5.5013,-97.2024,0.626138
37.7981,5.5013,-96.7555,0.626322
38.2593,5.5013,-96.3102,0.626504
38.6738,5.5013,-95.9109,0.626670
39.1338,5.5013,-95.4686,0.626853
39.5931,5.5013,-95.0281,0.627035
40.0059,5.5013,-94.6329,0.627199
40.4640,5.5013,-94.1954,0.627380
40.9214,5.5013,-93.7594,0.627562
41.2868,5.5013,-93.4118,0.627708
41.6519,5.5013,-93.0652,0.627852
42.0621,5.5013,-92.6764,0.628014
42.4262,5.5013,-92.3318,0.628158
42.8354,5.5013,-91.9454,0.628317
43.2439,5.5013,-91.5601,0.628477
43.6972,5.5013,-91.1334,0.628655
44.1498,5.5013,-90.7081,0.628833
44.5564,5.5014,-90.3267,0.628992
45.0076,5.5014,-89.9043,0.629170
45.4579,5.5014,-89.4833,0.629346
45.8625,5.5014,-89.1058,0.629504
46.2216,5.5014,-88.7713,0.629645
46.6695,5.5014,-88.3544,0.629820
47.1165,5.5014,-87.9392,0.629994
47.5178,5.5014,-87.5668,0.630152
47.9182,5.5014,-87.1958,0.630309
48.3176,5.5014,-86.8262,0.630467
48.7600,5.5014,-86.4170,0.630637
49.2010,5.5014,-86.0096,0.630810
49.6405,5.5014,-85.6040,0.630980
50.0346,5.5014,-85.2405,0.631132
50.4709,5.5014,-84.8385,0.631301
50.9054,5.5015,-84.4384,0.631471
51.3381,5.5015,-84.0403,0.631638
51.7738,5.5067,-83.6495,0.631806
52.1599,5.5073,-83.2954,0.631957
52.5445,5.5079,-82.9427,0.632106
52.9275,5.5084,-82.5917,0.632254
53.3090,5.5090,-82.2423,0.632402
53.7308,5.5096,-81.8561,0.632567
54.1504,5.5103,-81.4718,0.632731
54.5679,5.5109,-81.0892,0.632892
54.9418,5.5114,-80.7465,0.633037
55.3551,5.5121,-80.3674,0.633196
55.7250,5.5126,-80.0281,0.633339
56.1337,5.5133,-79.6529,0.633497
56.5396,5.5140,-79.2795,0.633655
56.8625,5.5144,-78.9821,0.633781
57.2240,5.5150,-78.6488,0.633920
57.5436,5.5154,-78.3539,0.634045
57.9409,5.5160,-77.9868,0.634200
58.3356,5.5165,-77.6217,0.634354
58.6888,5.5170,-77.2945,0.634493
59.0787,5.5175,-76.9326,0.634636
59.4664,5.5181,-76.5726,0.634795
59.8513,5.5187,-76.2142,0.634944
60.2338,5.5193,-75.8576,0.635095
60.5758,5.5197,-75.5382,0.635226
60.9536,5.5201,-75.1847,0.635374
61.2916,5.5205,-74.8679,0.635507
61.5908,5.5209,-74.5871,0.635623
62.0005,5.5213,-74.2019,0.635783
62.2973,5.5217,-73.9223,0.635900
62.6670,5.5219,-73.5729,0.636047
62.9621,5.5221,-73.2938,0.636163
63.2932,5.5222,-72.9799,0.636294
63.6598,5.5223,-72.6315,0.636437
63.9886,5.5224,-72.3180,0.636568
64.3528,5.5227,-71.9698,0.636710
64.7156,5.5230,-71.6219,0.636853
65.0772,5.5232,-71.2742,0.636997
65.4374,5.5234,-70.9268,0.637139
65.7247,5.5236,-70.6490,0.637253
66.0828,5.5238,-70.3021,0.637395
66.4038,5.5241,-69.9900,0.637523
66.6883,5.5243,-69.7128,0.637637
67.0427,5.5245,-69.3665,0.637778
67.3958,5.5248,-69.0204,0.637919
67.7126,5.5249,-68.7092,0.638045
68.0633,5.5251,-68.3636,0.638185
68.4128,5.5253,-68.0184,0.638325
68.7262,5.5254,-67.7080,0.638451
69.0733,5.5256,-67.3634,0.638590
69.4193,5.5257,-67.0192,0.638729
69.7640,5.5258,-66.6754,0.638868
70.1077,5.5259,-66.3321,0.639005
70.4502,5.5260,-65.9891,0.639143
70.7575,5.5260,-65.6808,0.639266
71.0978,5.5261,-65.3386,0.639404
71.4371,5.5261,-64.9967,0.639541
71.7415,5.5262,-64.6894,0.639663
72.0786,5.5262,-64.3484,0.639800
72.3811,5.5262,-64.0418,0.639922
72.7162,5.5262,-63.7015,0.640058
73.0502,5.5262,-63.3616,0.640194
73.3167,5.5262,-63.0900,0.640302
73.6488,5.5261,-62.7508,0.640436
73.9798,5.5261,-62.4120,0.640570
74.2438,5.5260,-62.1413,0.640676
74.5072,5.5259,-61.8708,0.640783
74.8355,5.5259,-61.5331,0.640916
75.1627,5.5258,-61.1958,0.641048
75.4889,5.5257,-60.8589,0.641180
75.7491,5.5256,-60.5897,0.641285
76.0734,5.5254,-60.2536,0.641417
76.3967,5.5253,-59.9180,0.641546
76.6866,5.5252,-59.6164,0.641665
77.0076,5.5250,-59.2818,0.641793
77.3275,5.5248,-58.9479,0.641923
77.5824,5.5247,-58.6812,0.642027
77.9317,5.5245,-58.3153,0.642167
78.1848,5.5243,-58.0497,0.642268
78.4685,5.5241,-57.7514,0.642382
78.7512,5.5239,-57.4537,0.642495
79.0329,5.5237,-57.1565,0.642609
79.3448,5.5235,-56.8270,0.642733
79.6243,5.5232,-56.5310,0.642844
79.9337,5.5230,-56.2029,0.642968
80.2418,5.5227,-55.8755,0.643090
80.5484,5.5224,-55.5491,0.643211
80.7926,5.5221,-55.2885,0.643308
81.0966,5.5218,-54.9637,0.643430
81.3689,5.5214,-54.6722,0.643536
81.6398,5.5211,-54.3816,0.643643
81.9094,5.5207,-54.0919,0.643748
82.1775,5.5203,-53.8030,0.643854
82.4737,5.5200,-53.4832,0.643970
82.7385,5.5197,-53.1964,0.644073
83.0309,5.5193,-52.8790,0.644187
83.3213,5.5189,-52.5629,0.644300
83.6096,5.5185,-52.2482,0.644411
83.8388,5.5182,-51.9975,0.644501
84.1233,5.5178,-51.6855,0.644610
84.3494,5.5175,-51.4371,0.644696
84.6021,5.5171,-51.1588,0.644787
84.8251,5.5168,-50.9123,0.644878
85.0741,5.5164,-50.6361,0.644974
85.3211,5.5160,-50.3608,0.645067
85.5390,5.5157,-50.1168,0.645150
85.7821,5.5152,-49.8433,0.645241
86.0497,5.5146,-49.5402,0.645342
86.2618,5.5140,-49.2983,0.645423
86.4722,5.5135,-49.0571,0.645502
86.7066,5.5128,-48.7863,0.645591
86.9644,5.5120,-48.4861,0.645690
87.1685,5.5114,-48.2464,0.645767
87.4460,5.5104,-47.9177,0.645871
87.6952,5.5095,-47.6195,0.645966
87.8922,5.5088,-47.3813,0.646043
88.1115,5.5079,-47.1137,0.646125
88.3280,5.5069,-46.8463,0.646208
88.5181,5.5061,-46.6089,0.646280
88.7294,5.5051,-46.3421,0.646362
88.9104,5.5013,-46.1006,0.646438
89.1391,5.5013,-45.8047,0.646524
89.3640,5.5013,-45.5087,0.646612
89.5848,5.5013,-45.2122,0.646699
89.8020,5.5013,-44.9150,0.646788
89.9734,5.5013,-44.6766,0.646860
90.1633,5.5013,-44.4077,0.646935
90.3296,5.5013,-44.1677,0.647004
90.5138,5.5012,-43.8964,0.647081
90.6749,5.5012,-43.6540,0.647149
90.8534,5.5012,-43.3798,0.647226
91.0288,5.5012,-43.1042,0.647303
91.2202,5.5012,-42.7963,0.647388
91.3892,5.5012,-42.5179,0.647464
91.5733,5.5012,-42.2071,0.647549
91.7359,5.5012,-41.9262,0.647626
91.8955,5.5012,-41.6442,0.647701
92.0695,5.5012,-41.3298,0.647785
92.2397,5.5012,-41.0142,0.647869
92.4063,5.5012,-40.6975,0.647955
92.5693,5.5012,-40.3797,0.648036
92.7127,5.5012,-40.0928,0.648114
92.8687,5.5012,-39.7731,0.648192
92.9908,5.5012,-39.5166,0.648264
93.1105,5.5012,-39.2594,0.648329
93.2423,5.5012,-38.9694,0.648404
93.3852,5.5012,-38.6463,0.648490
93.5106,5.5012,-38.3547,0.648562
93.6463,5.5012,-38.0299,0.648645
93.7782,5.5012,-37.7042,0.648732
93.9063,5.5012,-37.3777,0.648811
94.0060,5.5012,-37.1158,0.648878
94.1150,5.5012,-36.8206,0.648949
94.2092,5.5012,-36.5577,0.649016
94.3232,5.5012,-36.2283,0.649096
94.4222,5.5010,-35.9312,0.649171
94.5075,5.5009,-35.6666,0.649238
94.6003,5.5008,-35.3685,0.649314
94.6899,5.5007,-35.0701,0.649389
94.7762,5.5006,-34.7712,0.649460
94.8683,5.5003,-34.4388,0.649541
94.9391,5.5000,-34.1724,0.649607
95.0244,5.4997,-33.8388,0.649690
95.1058,5.4994,-33.5043,0.649770
95.1835,5.4991,-33.1688,0.649853
95.2501,5.4986,-32.8664,0.649927
95.3209,5.4981,-32.5290,0.650009
95.3814,5.4977,-32.2247,0.650083
95.4326,5.4973,-31.9535,0.650150
95.4932,5.4969,-31.6136,0.650230
95.5389,5.4962,-31.3413,0.650298
95.5877,5.4956,-31.0338,0.650372
95.6334,5.4950,-30.7257,0.650445
95.6806,5.4945,-30.3825,0.650530
95.7239,5.4936,-30.0388,0.650609
95.7636,5.4927,-29.6937,0.650691
95.7994,5.4921,-29.3480,0.650777
95.8283,5.4915,-29.0362,0.650850
95.8540,5.4905,-28.7243,0.650928
95.8745,5.4898,-28.4459,0.650993
95.8944,5.4891,-28.1326,0.651069
95.9095,5.4885,-27.8537,0.651134
95.9233,5.4876,-27.5401,0.651214
95.9350,5.4867,-27.1907,0.651298
95.9427,5.4860,-26.8418,0.651377
95.9461,5.4853,-26.5280,0.651455
95.9463,5.4843,-26.2141,0.651535
95.9429,5.4836,-25.8652,0.651620
95.9355,5.4830,-25.5169,0.651703
95.9268,5.4823,-25.2383,0.651769
95.9157,5.4817,-24.9595,0.651839
95.8985,5.4812,-24.6112,0.651921
95.8799,5.4807,-24.2976,0.651994
95.8609,5.4803,-24.0189,0.652061
95.8368,5.4799,-23.7051,0.652134
95.8099,5.4796,-23.3914,0.652209
95.7801,5.4794,-23.0776,0.652284
95.7514,5.4792,-22.7987,0.652351
95.7125,5.4790,-22.4497,0.652436
95.6791,5.4792,-22.1707,0.652502
95.6390,5.4793,-21.8566,0.652576
95.5965,5.4794,-21.5422,0.652651
95.5566,5.4796,-21.2626,0.652714
95.5145,5.4800,-20.9822,0.652783
95.4593,5.4808,-20.6320,0.652862
95.4068,5.4815,-20.3163,0.652939
95.3516,5.4821,-20.0002,0.653012
95.2934,5.4829,-19.6829,0.653089
95.2397,5.4843,-19.4014,0.653159
95.1767,5.4856,-19.0841,0.653241
95.1034,5.4871,-18.7309,0.653322
95.0262,5.4887,-18.3762,0.653405
94.9626,5.4908,-18.0934,0.653476
94.8798,5.4934,-17.7389,0.653564
94.7934,5.4960,-17.3841,0.653653
94.7123,5.4984,-17.0641,0.653734
94.6284,5.5014,-16.7438,0.653817
94.5323,5.5059,-16.3882,0.653907
94.4429,5.5099,-16.0681,0.653990
94.3611,5.5135,-15.7835,0.654063
94.2666,5.5175,-15.4632,0.654147
94.1803,5.5212,-15.1783,0.654221
94.0809,5.5252,-14.8578,0.654307
93.9788,5.5292,-14.5371,0.654390
93.8858,5.5328,-14.2520,0.654467
93.7667,5.5373,-13.8957,0.654560
93.6441,5.5418,-13.5393,0.654654
93.5183,5.5463,-13.1830,0.654747
93.3891,5.5507,-12.8267,0.654844
93.2565,5.5551,-12.4705,0.654936
93.1204,5.5596,-12.1143,0.655033
93.0090,5.5632,-11.8296,0.655105
92.8955,5.5668,-11.5450,0.655184
92.7652,5.5708,-11.2252,0.655268
92.6171,5.5752,-10.8703,0.655366
92.4809,5.5792,-10.5512,0.655452
92.3263,5.5837,-10.1973,0.655545
92.1843,5.5877,-9.8793,0.655636
92.0396,5.5918,-9.5618,0.655720
91.8756,5.5962,-9.2096,0.655819
91.7422,5.5997,-8.9283,0.655894
91.5896,5.6037,-8.6123,0.655984
91.4345,5.6077,-8.2969,0.656071
91.2999,5.6153,-8.0135,0.656150
91.1404,5.6203,-7.6989,0.656237
90.9964,5.6247,-7.4197,0.656318
90.8324,5.6296,-7.1059,0.656405
90.6664,5.6345,-6.7923,0.656497
90.4984,5.6393,-6.4789,0.656587
90.3284,5.6441,-6.1659,0.656674
90.1758,5.6484,-5.8877,0.656756
90.0025,5.6531,-5.5749,0.656847
89.8472,5.6574,-5.2967,0.656926
89.6712,5.6621,-4.9837,0.657017
89.4940,5.6668,-4.6704,0.657111
89.3357,5.6709,-4.3918,0.657193
89.1566,5.6755,-4.0778,0.657284
88.9966,5.6795,-3.7982,0.657367
88.8157,5.6841,-3.4832,0.657462
88.6541,5.6881,-3.2027,0.657545
88.4713,5.6927,-2.8864,0.657638
88.3080,5.6968,-2.6045,0.657724
88.1231,5.7013,-2.2864,0.657819
87.9371,5.7059,-1.9674,0.657916
87.7289,5.7111,-1.6117,0.658025
87.5399,5.7157,-1.2905,0.658122
87.3707,5.7199,-1.0041,0.658207
87.1577,5.7251,-0.6451,0.658317
86.9428,5.7303,-0.2848,0.658428
86.7262,5.7354,0.0768,0.658538
86.5297,5.7401,0.4032,0.658640
86.3538,5.7443,0.6942,0.658727
86.1546,5.7490,1.0225,0.658831
85.9763,5.7531,1.3152,0.658918
85.7742,5.7578,1.6454,0.659023
85.5931,5.7619,1.9395,0.659113
85.3881,5.7665,2.2714,0.659217
85.1814,5.7711,2.6042,0.659324
84.9965,5.7752,2.9006,0.659413
84.7636,5.7802,3.2718,0.659531
84.5289,5.7853,3.6438,0.659649
84.2924,5.7904,4.0164,0.659767
84.0540,5.7955,4.3898,0.659885
83.8381,5.8003,4.7264,0.659992
83.6449,5.8045,5.0260,0.660087
83.4506,5.8087,5.3261,0.660182
83.2061,5.8140,5.7017,0.660304
82.9844,5.8186,6.0401,0.660411
82.7614,5.8232,6.3793,0.660522
82.5621,5.8273,6.6812,0.660619
82.3116,5.8323,7.0592,0.660738
82.1102,5.8364,7.3621,0.660840
81.8824,5.8409,7.7034,0.660948
81.6790,5.8449,8.0073,0.661050
81.4747,5.8490,8.3115,0.661147
81.2438,5.8535,8.6541,0.661261
80.9860,5.8585,9.0353,0.661386
80.7267,5.8635,9.4170,0.661512
80.5182,5.8676,9.7226,0.661613
80.2826,5.8721,10.0668,0.661728
80.0462,5.8766,10.4117,0.661840
79.8349,5.8808,10.7184,0.661944
79.5961,5.8854,11.0638,0.662060
79.3561,5.8900,11.4095,0.662175
79.1420,5.8941,11.7172,0.662277
78.9269,5.8982,12.0252,0.662383
78.6840,5.9028,12.3720,0.662502
78.4127,5.9080,12.7579,0.662630
78.1947,5.9122,13.0669,0.662735
77.9484,5.9170,13.4149,0.662854
77.6734,5.9222,13.8020,0.662986
77.4526,5.9264,14.1120,0.663090
77.2033,5.9312,14.4611,0.663212
76.9530,5.9359,14.8107,0.663330
76.7020,5.9406,15.1607,0.663449
76.4783,5.9448,15.4722,0.663556
76.2261,5.9496,15.8232,0.663677
75.9733,5.9543,16.1749,0.663798
75.7202,5.9591,16.5272,0.663919
75.4948,5.9633,16.8410,0.664029
75.2409,5.9683,17.1948,0.664149
74.9868,5.9734,17.5493,0.664272
74.7607,5.9779,17.8651,0.664381
74.4778,5.9835,18.2608,0.664517
74.1945,5.9892,18.6575,0.664654
73.9675,5.9937,18.9757,0.664764
73.7119,5.9988,19.3345,0.664889
73.4844,6.0034,19.6541,0.664998
73.2281,6.0086,20.0145,0.665122
73.0000,6.0132,20.3356,0.665234
72.7430,6.0183,20.6976,0.665358
72.4855,6.0236,21.0607,0.665485
72.2278,6.0293,21.4245,0.665611
71.9409,6.0357,21.8297,0.665752
71.6533,6.0421,22.2358,0.665892
71.4229,6.0473,22.5615,0.666005
71.1922,6.0524,22.8878,0.666118
70.9321,6.0582,23.2557,0.666246
70.6427,6.0647,23.6653,0.666387
70.3527,6.0711,24.0759,0.666530
70.1209,6.0766,24.4057,0.666645
69.8593,6.0828,24.7768,0.666773
69.6264,6.0883,25.1074,0.666888
69.3291,6.0822,25.5177,0.667030
69.0672,6.0887,25.8917,0.667161
68.8054,6.0952,26.2670,0.667291
68.5428,6.1017,26.6427,0.667420
68.2502,6.1091,27.0607,0.667565
67.9575,6.1166,27.4801,0.667712
67.7231,6.1227,27.8163,0.667828
67.4296,6.1302,28.2377,0.667973
67.1651,6.1371,28.6177,0.668105
66.9296,6.1433,28.9561,0.668223
66.6646,6.1504,29.3373,0.668354
66.4289,6.1568,29.6769,0.668472
66.1340,6.1647,30.1025,0.668621
65.8684,6.1719,30.4867,0.668753
65.6322,6.1785,30.8288,0.668871
65.3664,6.1860,31.2145,0.669003
65.0708,6.1942,31.6441,0.669152
64.7749,6.2025,32.0749,0.669300
64.4789,6.2112,32.5067,0.669451
64.2420,6.2181,32.8530,0.669572
63.9456,6.2268,33.2869,0.669723
63.6491,6.2355,33.7218,0.669873
63.3521,6.2446,34.1580,0.670023
63.0848,6.2528,34.5513,0.670159
62.8172,6.2610,34.9455,0.670295
62.5495,6.2692,35.3406,0.670432
62.2816,6.2777,35.7367,0.670569
62.0433,6.2853,36.0894,0.670690
61.7751,6.2940,36.4871,0.670828
61.5366,6.3016,36.8413,0.670949
61.2678,6.3104,37.2407,0.671087
61.0288,6.3185,37.5962,0.671210
60.7296,6.3286,38.0416,0.671363
60.4600,6.3376,38.4432,0.671501
60.1598,6.3479,38.8905,0.671655
59.8593,6.3585,39.3385,0.671809
59.5584,6.3691,39.7875,0.671963
59.2570,6.3798,40.2373,0.672118
59.0155,6.3886,40.5980,0.672242
58.7437,6.3987,41.0043,0.672382
58.5019,6.4076,41.3661,0.672507
58.2296,6.4177,41.7737,0.672647
57.9570,6.4282,42.1823,0.672788
57.6844,6.4388,42.5915,0.672928
57.3813,6.4506,43.0471,0.673085
57.0781,6.4625,43.5036,0.673241
56.8049,6.4737,43.9156,0.673383
56.5318,6.4849,44.3281,0.673525
56.2281,6.4974,44.7874,0.673682
55.9849,6.5076,45.1557,0.673808
55.6810,6.5205,45.6167,0.673966
55.3768,6.5334,46.0788,0.674125
55.1029,6.5452,46.4955,0.674268
54.8288,6.5569,46.9130,0.674411
54.5850,6.5675,47.2848,0.674537
54.2801,6.5807,47.7503,0.674696
53.9748,6.5939,48.2169,0.674854
53.6692,6.6072,48.6843,0.675016
53.3633,6.6206,49.1527,0.675174
53.0877,6.6327,49.5750,0.675320
52.8117,6.6448,49.9979,0.675465
52.5047,6.6583,50.4687,0.675626
52.1972,6.6718,50.9403,0.675787
51.8892,6.6854,51.4127,0.675948
51.5809,6.6991,51.8859,0.676110
51.2721,6.7128,52.3599,0.676272
50.9938,6.7251,52.7872,0.676418
50.7462,6.7362,53.1676,0.676547
50.4363,6.7500,53.6437,0.676710
50.1259,6.7638,54.1207,0.676873
49.8462,6.7764,54.5506,0.677019
49.5348,6.7903,55.0289,0.677183
49.2229,6.8043,55.5080,0.677346
48.9730,6.8155,55.8918,0.677477
48.6602,6.8296,56.3722,0.677641
48.3469,6.8437,56.8533,0.677805
48.0330,6.8578,57.3351,0.677970
47.7816,6.8692,57.7210,0.678102
47.4982,6.8820,58.1558,0.678250
47.2460,6.8934,58.5426,0.678382
46.9301,6.9077,59.0268,0.678548
46.6454,6.9206,59.4632,0.678696
46.3601,6.9335,59.9000,0.678845
46.0425,6.9479,60.3860,0.679012
45.7243,6.9624,60.8726,0.679178
45.4054,6.9769,61.3599,0.679345
45.0859,6.9914,61.8477,0.679511
44.8298,7.0030,62.2384,0.679645
44.5091,7.0176,62.7274,0.679812
44.1877,7.0323,63.2169,0.679979
43.8657,7.0469,63.7069,0.680147
43.6076,7.0587,64.0994,0.680281
43.3167,7.0720,64.5414,0.680433
43.0577,7.0838,64.9346,0.680567
42.7333,7.0986,65.4267,0.680736
42.4733,7.1105,65.8208,0.680870
42.1476,7.1253,66.3138,0.681040
41.8212,7.1402,66.8074,0.681209
41.5267,7.1537,67.2520,0.681361
41.1989,7.1687,67.7466,0.681531
40.8702,7.1837,68.2416,0.681701
40.5739,7.1972,68.6876,0.681854
40.2439,7.2123,69.1836,0.682024
39.9462,7.2259,69.6304,0.682178
39.6811,7.2380,70.0279,0.682314
39.3491,7.2532,70.5252,0.682485
39.0163,7.2683,71.0230,0.682656
38.7161,7.2821,71.4714,0.682811
38.3819,7.2973,71.9700,0.682982
38.0469,7.3126,72.4691,0.683154
37.7449,7.3264,72.9188,0.683309
37.4086,7.3418,73.4187,0.683482
37.1055,7.3556,73.8692,0.683637
36.7681,7.3710,74.3701,0.683809
36.4979,7.3834,74.7713,0.683947
36.1596,7.3989,75.2733,0.684121
35.8547,7.4128,75.7255,0.684277
35.5833,7.4252,76.1279,0.684415
35.2436,7.4408,76.6314,0.684589
34.9032,7.4564,77.1355,0.684763
34.5623,7.4720,77.6401,0.684937
34.2550,7.4860,78.0946,0.685094
33.9130,7.5017,78.6003,0.685269
33.5704,7.5174,79.1065,0.685444
33.2271,7.5331,79.6132,0.685619
32.8832,7.5489,80.1204,0.685794
32.5388,7.5647,80.6282,0.685970
32.2628,7.5773,81.0348,0.686110
31.9173,7.5931,81.5435,0.686286
31.6059,7.6074,82.0017,0.686444
31.2595,7.6233,82.5115,0.686621
30.9125,7.6392,83.0217,0.686797
30.6347,7.6520,83.4303,0.686938
30.2870,7.6679,83.9416,0.687116
29.9391,7.6839,84.4536,0.687293
29.6256,7.6983,84.9149,0.687452
29.2770,7.7143,85.4280,0.687630
28.9280,7.7304,85.9417,0.687807
28.5789,7.7464,86.4562,0.687986
28.2294,7.7626,86.9713,0.688164
27.8797,7.7787,87.4870,0.688342
27.5647,7.7932,87.9518,0.688503
27.2496,7.8078,88.4172,0.688664
26.8993,7.8240,88.9350,0.688843
26.6188,7.8370,89.3497,0.688987
26.3031,7.8516,89.8168,0.689147
25.9873,7.8662,90.2846,0.689310
25.6362,7.8825,90.8050,0.689489
25.2849,7.8988,91.3260,0.689669
24.9333,7.9152,91.8478,0.689850
24.6519,7.9283,92.2658,0.689995
24.3001,7.9447,92.7889,0.690176
23.9481,7.9611,93.3125,0.690356
23.6314,7.9758,93.7839,0.690519
23.3502,7.9890,94.2028,0.690662
22.9992,8.0054,94.7263,0.690842
22.6486,8.0218,95.2494,0.691022
22.2986,8.0381,95.7719,0.691203
21.9494,8.0545,96.2938,0.691381
21.6011,8.0708,96.8147,0.691561
21.2886,8.0855,97.2824,0.691722
20.9423,8.1017,97.8008,0.691901
20.5972,8.1180,98.3181,0.692079
20.2531,8.1341,98.8338,0.692257
19.9786,8.1470,99.2455,0.692400
19.6365,8.1631,99.7589,0.692575
19.3295,8.1776,100.2199,0.692734
19.0234,8.1920,100.6797,0.692891
18.6842,8.2080,101.1894,0.693065
18.3460,8.2239,101.6978,0.693240
18.0426,8.2382,102.1543,0.693398
17.7065,8.2541,102.6601,0.693571
17.3714,8.2699,103.1647,0.693744
17.0706,8.2841,103.6176,0.693900
16.7374,8.2999,104.1198,0.694072
16.4053,8.3156,104.6205,0.694245
16.0741,8.3312,105.1200,0.694416
15.7769,8.3453,105.5684,0.694569
15.4805,8.3593,106.0157,0.694723
15.1522,8.3749,106.5116,0.694893
14.8248,8.3904,107.0061,0.695063
14.5308,8.4043,107.4500,0.695215
14.2051,8.4197,107.9421,0.695385
13.8805,8.4351,108.4329,0.695552
13.5889,8.4489,108.8734,0.695704
13.2658,8.4641,109.3616,0.695870
12.9435,8.4794,109.8485,0.696036
12.6222,8.4946,110.3342,0.696202
12.3015,8.5098,110.8184,0.696368
12.0455,8.5219,111.2048,0.696500
11.7579,8.5354,111.6385,0.696648
11.5029,8.5475,112.0231,0.696779
11.1846,8.5625,112.5025,0.696944
10.8986,8.5760,112.9327,0.697091
10.5814,8.5909,113.4093,0.697253
10.2966,8.6043,113.8371,0.697400
10.0123,8.6176,114.2635,0.697545
9.6969,8.6324,114.7358,0.697707
9.4136,8.6456,115.1594,0.697851
9.1308,8.6589,115.5818,0.697996
8.8170,8.6735,116.0495,0.698156
8.5037,8.6881,116.5156,0.698314
8.1909,8.7026,116.9799,0.698473
7.9409,8.7142,117.3502,0.698601
7.6600,8.7272,117.7655,0.698741
7.4105,8.7386,118.1334,0.698866
7.1301,8.7515,118.5459,0.699008
6.8809,8.7629,118.9114,0.699134
6.6008,8.7758,119.3213,0.699273
6.3519,8.7871,119.6842,0.699397
6.0720,8.7998,120.0911,0.699537
5.8234,8.8111,120.4513,0.699659
5.5438,8.8237,120.8548,0.699798
5.2954,8.8348,121.2119,0.699920
5.0161,8.8473,121.6118,0.700057
4.7680,8.8583,121.9654,0.700178
4.4890,8.8707,122.3612,0.700314
4.2100,8.8829,122.7546,0.700448
3.9622,8.8938,123.1022,0.700567
3.6834,8.9059,123.4908,0.700701
3.4045,8.9179,123.8767,0.700835
3.0944,8.9312,124.3021,0.700981
2.8461,8.9417,124.6399,0.701098
2.5663,8.9534,125.0170,0.701229
2.2862,8.9651,125.3911,0.701356
2.0055,8.9767,125.7620,0.701487
1.7557,8.9869,126.0892,0.701599
1.4741,8.9982,126.4542,0.701726
1.1919,9.0094,126.8161,0.701853
0.9405,9.0194,127.1350,0.701964
0.6567,9.0305,127.4906,0.702088
0.3719,9.0414,127.8430,0.702213
0.0857,9.0522,128.1923,0.702338
-0.1700,9.0618,128.5003,0.702446
-0.4594,9.0725,128.8441,0.702569
-0.7182,9.0820,129.1473,0.702677
-1.0111,9.0924,129.4856,0.702801
-1.2730,9.1016,129.7841,0.702908
-1.6024,9.1131,130.1538,0.703043
-1.9341,9.1245,130.5199,0.703177
-2.2680,9.1357,130.8822,0.703312
-2.6040,9.1467,131.2410,0.703444
-2.9083,9.1567,131.5606,0.703563
-3.1802,9.1654,131.8421,0.703670
-3.4876,9.1751,132.1558,0.703786
-3.7623,9.1836,132.4321,0.703893
-4.0728,9.1930,132.7402,0.704009
-4.3501,9.2015,133.0113,0.704114
-4.6985,9.2118,133.3468,0.704245
-5.0488,9.2220,133.6785,0.704375
-5.4009,9.2320,134.0063,0.704502
-5.7549,9.2420,134.3305,0.704632
-6.0392,9.2499,134.5869,0.704735
-6.3963,9.2596,134.9041,0.704862
-6.6832,9.2673,135.1551,0.704964
-7.0071,9.2758,135.4346,0.705078
-7.2962,9.2834,135.6804,0.705180
-7.6226,9.2917,135.9541,0.705292
-7.9503,9.2999,136.2246,0.705408
-8.3158,9.3090,136.5217,0.705532
-8.6828,9.3178,136.8150,0.705658
-8.9775,9.3249,137.0468,0.705758
-9.3470,9.3336,137.3333,0.705884
-9.7180,9.3422,137.6160,0.706010
-10.0157,9.3489,137.8394,0.706108
-10.3516,9.3563,138.0879,0.706220
-10.6511,9.3629,138.3064,0.706320
-10.9889,9.3702,138.5492,0.706432
-11.2901,9.3767,138.7625,0.706529
-11.6297,9.3839,138.9996,0.706643
-11.9703,9.3909,139.2336,0.706753
-12.2737,9.3971,139.4393,0.706853
-12.6159,9.4039,139.6678,0.706963
-12.9588,9.4106,139.8935,0.707074
-13.3025,9.4173,140.1162,0.707184
-13.6086,9.4232,140.3118,0.707284
-13.9535,9.4297,140.5290,0.707393
-14.2607,9.4354,140.7198,0.707491
-14.6068,9.4417,140.9318,0.707599
-14.9148,9.4472,141.1180,0.707696
-15.2619,9.4534,141.3250,0.707806
-15.5708,9.4589,141.5067,0.707904
-15.9187,9.4649,141.7086,0.708016
-16.2671,9.4708,141.9079,0.708123
-16.5772,9.4760,142.0828,0.708221
-16.9264,9.4818,142.2772,0.708328
-17.2766,9.4876,142.4686,0.708436
-17.6267,9.4937,142.6577,0.708545
-17.9773,9.4998,142.8441,0.708655
-18.3282,9.5058,143.0278,0.708760
-18.6403,9.5110,143.1890,0.708855
-19.0307,9.5175,143.3878,0.708974
-19.3836,9.5258,143.5655,0.709082
-19.6960,9.5316,143.7179,0.709173
-20.0487,9.5377,143.8888,0.709277
-20.3625,9.5432,144.0386,0.709372
-20.7157,9.5492,144.2049,0.709477
-21.0706,9.5572,144.3701,0.709580
-21.3850,9.5651,144.5131,0.709671
-21.7385,9.5719,144.6691,0.709777
-22.0933,9.5783,144.8239,0.709881
-22.4483,9.5847,144.9765,0.709982
-22.8051,9.5935,145.1279,0.710087
-23.1209,9.6018,145.2588,0.710179
-23.4753,9.6099,145.4012,0.710278
-23.8705,9.6175,145.5575,0.710392
-24.1884,9.6239,145.6815,0.710483
-24.5440,9.6338,145.8176,0.710585
-24.8602,9.6426,145.9359,0.710678
-25.2149,9.6512,146.0646,0.710781
-25.5706,9.6587,146.1914,0.710882
-25.8885,9.6667,146.3031,0.710970
-26.2441,9.6773,146.4252,0.711074
-26.5996,9.6878,146.5443,0.711177
-26.9143,9.6957,146.6463,0.711265
-27.2694,9.7041,146.7597,0.711366
-27.5870,9.7145,146.8592,0.711455
-27.9814,9.7276,146.9796,0.711568
-28.3744,9.7396,147.0952,0.711680
-28.7288,9.7491,147.1972,0.711779
-29.0463,9.7604,147.2865,0.711867
-29.3610,9.7726,147.3732,0.711952
-29.7134,9.7858,147.4670,0.712053
-30.0669,9.7967,147.5589,0.712150
-30.4233,9.8094,147.6489,0.712248
-30.7366,9.8237,147.7267,0.712335
-31.0887,9.8396,147.8116,0.712430
-31.4381,9.8521,147.8928,0.712524
-31.7887,9.8645,147.9726,0.712620
-32.1040,9.8809,148.0418,0.712705
-32.4529,9.8995,148.1173,0.712804
-32.7594,9.9127,148.1810,0.712886
-33.1063,9.9267,148.2514,0.712979
-33.4183,9.9396,148.3117,0.713063
-33.7594,9.9569,148.3785,0.713162
-34.1071,9.9759,148.4417,0.713249
-34.4449,9.9917,148.5034,0.713352
-34.7523,10.0083,148.5547,0.713433
-35.0854,10.0296,148.6123,0.713527
-35.4218,10.0457,148.6672,0.713622
-35.7562,10.0617,148.7201,0.713718
-36.0888,10.0775,148.7711,0.713807
-36.3832,10.0918,148.8143,0.713890
-36.7125,10.1082,148.8610,0.713981
-37.0390,10.1250,148.9055,0.714072
-37.3270,10.1399,148.9429,0.714154
-37.6490,10.1565,148.9828,0.714242
-37.9688,10.1730,149.0207,0.714332
-38.2861,10.1893,149.0571,0.714419
-38.5665,10.2039,149.0880,0.714499
-38.8788,10.2207,149.1219,0.714584
-39.1887,10.2373,149.1545,0.714673
-39.4960,10.2538,149.1859,0.714758
-39.8008,10.2701,149.2161,0.714840
-40.1037,10.2864,149.2456,0.714924
-40.4050,10.3030,149.2743,0.715010
-40.7041,10.3197,149.3026,0.715091
-41.0018,10.3365,149.3305,0.715175
-41.2652,10.3512,149.3550,0.715248
-41.5603,10.3678,149.3824,0.715332
-41.8542,10.3843,149.4098,0.715415
-42.1150,10.3991,149.4341,0.715490
-42.4067,10.4160,149.4618,0.715572
-42.6973,10.4328,149.4895,0.715654
-42.9546,10.4478,149.5141,0.715727
-43.2428,10.4642,149.5417,0.715809
-43.5303,10.4806,149.5695,0.715892
-43.8167,10.4970,149.5972,0.715974
-44.1023,10.5137,149.6250,0.716056
-44.3859,10.5303,149.6528,0.716136
-44.6665,10.5463,149.6804,0.716215
-44.9454,10.5615,149.7078,0.716295
-45.1907,10.5749,149.7320,0.716366
-45.4635,10.5898,149.7592,0.716446
-45.7027,10.6029,149.7835,0.716512
-45.9689,10.6177,149.8103,0.716588
-46.2593,10.6344,149.8403,0.716672
-46.4866,10.6462,149.8640,0.716738
-46.7409,10.6590,149.8904,0.716812
-46.9916,10.6716,149.9167,0.716883
-47.2391,10.6840,149.9431,0.716954
-47.4567,10.6949,149.9667,0.717016
-47.6994,10.7071,149.9934,0.717087
-47.9401,10.7194,150.0211,0.717155
-48.1784,10.7317,150.0484,0.717224
-48.4133,10.7431,150.0757,0.717293
-48.6473,10.7540,150.1038,0.717361
-48.8796,10.7647,150.1322,0.717429
-49.0844,10.7742,150.1579,0.717487
-49.3129,10.7848,150.1873,0.717556
-49.5391,10.7953,150.2172,0.717621
-49.7381,10.8046,150.2442,0.717679
-49.9600,10.8149,150.2750,0.717741
-50.1800,10.8251,150.3064,0.717807
-50.3721,10.8326,150.3338,0.717863
-50.5886,10.8409,150.3664,0.717928
-50.8029,10.8490,150.3998,0.717990
-51.0156,10.8571,150.4340,0.718053
-51.2271,10.8652,150.4689,0.718116
-51.4378,10.8732,150.5050,0.718178
-51.6245,10.8803,150.5380,0.718233
-51.8383,10.8892,150.5746,0.718295
-52.0257,10.8997,150.6095,0.718350
-52.2343,10.9123,150.6496,0.718412
-52.4660,10.9263,150.6942,0.718481
-52.6514,10.9375,150.7305,0.718537
-52.8550,10.9458,150.7710,0.718600
-53.0402,10.9532,150.8089,0.718654
-53.2712,10.9624,150.8575,0.718723
-53.4790,10.9705,150.9024,0.718784
-53.6840,10.9772,150.9484,0.718847
-53.8678,10.9825,150.9888,0.718901
-54.0748,10.9881,151.0354,0.718964
-54.2814,10.9983,151.0876,0.719026
-54.4637,11.0042,151.1315,0.719081
-54.6661,11.0100,151.1814,0.719143
-54.8477,11.0144,151.2263,0.719198
-55.0517,11.0194,151.2785,0.719260
-55.2552,11.0243,151.3329,0.719323
-55.4351,11.0287,151.3829,0.719376
-55.6403,11.0342,151.4438,0.719439
-55.8412,11.0429,151.5027,0.719501
-56.0145,11.0492,151.5554,0.719556
-56.2150,11.0538,151.6159,0.719618
-56.4151,11.0583,151.6780,0.719679
-56.6176,11.0642,151.7449,0.719741
-56.8159,11.0722,151.8111,0.719804
-56.9877,11.0787,151.8704,0.719859
-57.1852,11.0835,151.9385,0.719919
-57.3608,11.0877,151.9999,0.719975
-57.5608,11.0943,152.0737,0.720037
-57.7570,11.1024,152.1459,0.720100
-57.9743,11.1114,152.2272,0.720167
-58.1433,11.1168,152.2917,0.720223
-58.3170,11.1205,152.3577,0.720279
-58.5165,11.1295,152.4376,0.720340
-58.7330,11.1395,152.5240,0.720410
-58.9229,11.1467,152.6017,0.720472
-59.0981,11.1523,152.6755,0.720527
-59.3133,11.1620,152.7650,0.720596
-59.5067,11.1708,152.8471,0.720660
-59.6966,11.1778,152.9294,0.720722
-59.8698,11.1843,153.0062,0.720777
-60.0838,11.1932,153.1013,0.720846
-60.2971,11.2022,153.1983,0.720916
-60.5076,11.2094,153.2961,0.720985
-60.7213,11.2180,153.3986,0.721055
-60.9333,11.2269,153.5003,0.721125
-61.1236,11.2350,153.5933,0.721188
-61.2923,11.2423,153.6773,0.721245
-61.4584,11.2489,153.7615,0.721300
-61.6471,11.2558,153.8591,0.721363
-61.8349,11.2629,153.9577,0.721426
-62.0221,11.2702,154.0582,0.721489
-62.1877,11.2768,154.1490,0.721545
-62.4138,11.2860,154.2760,0.721622
-62.5765,11.2918,154.3681,0.721678
-62.7600,11.2975,154.4756,0.721740
-62.9223,11.3028,154.5726,0.721797
-63.1042,11.3088,154.6837,0.721861
-63.2677,11.3170,154.7860,0.721916
-63.4457,11.3231,154.8971,0.721979
-63.6044,11.3288,155.0006,0.722036
-63.7850,11.3358,155.1213,0.722100
-63.9610,11.3460,155.2412,0.722162
-64.1149,11.3518,155.3440,0.722220
-64.2891,11.3583,155.4675,0.722283
-64.4621,11.3649,155.5932,0.722348
-64.6361,11.3745,155.7238,0.722411
-64.8231,11.3846,155.8646,0.722483
-64.9724,11.3914,155.9818,0.722539
-65.1396,11.3992,156.1154,0.722602
-65.3090,11.4087,156.2539,0.722668
-65.4744,11.4201,156.3916,0.722732
-65.6381,11.4299,156.5258,0.722796
-65.8022,11.4376,156.6679,0.722861
-65.9663,11.4453,156.8125,0.722925
-66.1337,11.4571,156.9638,0.722992
-66.2975,11.4695,157.1141,0.723058
-66.4613,11.4809,157.2611,0.723126
-66.6259,11.4897,157.4165,0.723193
-66.7936,11.5003,157.5786,0.723262
-66.9399,11.5120,157.7217,0.723321
-67.1045,11.5253,157.8855,0.723391
-67.2696,11.5382,158.0481,0.723460
-67.4167,11.5479,158.1982,0.723523
-67.6027,11.5643,158.3926,0.723603
-67.7683,11.5793,158.5674,0.723673
-67.9158,11.5927,158.7248,0.723737
-68.0819,11.6080,158.9043,0.723810
-68.2682,11.6249,159.1064,0.723891
-68.4010,11.6333,159.2627,0.723956
-68.5831,11.6510,159.4588,0.724032
-68.7309,11.6658,159.6281,0.724099
-68.8970,11.6824,159.8211,0.724174
-69.0446,11.6973,159.9947,0.724241
-69.2108,11.7142,160.1924,0.724317
-69.3771,11.7312,160.3931,0.724395
-69.5427,11.7484,160.5966,0.724473
-69.7053,11.7645,160.8037,0.724552
-69.8515,11.7791,160.9896,0.724624
-70.0339,11.7973,161.2252,0.724711
-70.1797,11.8120,161.4162,0.724783
-70.3615,11.8305,161.6580,0.724872
-70.5418,11.8477,161.9000,0.724963
-70.7223,11.8624,162.1490,0.725055
-70.8657,11.8743,162.3512,0.725136
-71.0260,11.8878,162.5816,0.725212
-71.1678,11.8998,162.7889,0.725290
-71.3267,11.9133,163.0248,0.725374
-71.4671,11.9252,163.2370,0.725452
-71.6416,11.9401,163.5059,0.725550
-71.7974,11.9535,163.7512,0.725634
-71.9692,11.9686,164.0279,0.725734
-72.1057,11.9808,164.2519,0.725811
-72.2586,11.9943,164.5065,0.725902
-72.3941,12.0063,164.7354,0.725982
-72.5291,12.0184,164.9666,0.726062
-72.6803,12.0320,165.2297,0.726155
-72.8305,12.0456,165.4961,0.726247
-72.9632,12.0579,165.7354,0.726330
-73.1118,12.0716,166.0072,0.726423
-73.2598,12.0853,166.2826,0.726519
-73.3910,12.0975,166.5302,0.726602
-73.5381,12.1113,166.8117,0.726700
-73.6685,12.1236,167.0647,0.726787
-73.8144,12.1375,167.3524,0.726886
-73.9601,12.1515,167.6433,0.726984
-74.0882,12.1636,167.9049,0.727074
-74.2334,12.1773,168.2019,0.727174
-74.3942,12.1927,168.5355,0.727289
-74.5223,12.2050,168.8052,0.727380
-74.6657,12.2186,169.1116,0.727483
-74.7930,12.2310,169.3866,0.727576
-74.9357,12.2449,169.6989,0.727680
-75.0620,12.2574,169.9791,0.727775
-75.2032,12.2715,170.2973,0.727881
-75.3277,12.2835,170.5822,0.727979
-75.4670,12.2975,170.9074,0.728086
-75.5903,12.3101,171.1984,0.728185
-75.7437,12.3259,171.5656,0.728304
-75.8808,12.3402,171.8994,0.728418
-76.0017,12.3526,172.1981,0.728514
-76.1522,12.3678,172.5768,0.728642
-76.3018,12.3838,172.9586,0.728770
-76.4360,12.3983,173.3054,0.728884
-76.5845,12.4145,173.6944,0.729011
-76.7025,12.4268,174.0076,0.729114
-76.8349,12.4406,174.3648,0.729232
-76.9670,12.4554,174.7242,0.729351
-77.0989,12.4701,175.0866,0.729471
-77.2160,12.4833,175.4112,0.729576
-77.3473,12.4975,175.7786,0.729697
-77.4640,12.5097,176.1084,0.729805
-77.5948,12.5247,176.4830,0.729929
-77.7258,12.5399,176.8596,0.730051
-77.8422,12.5534,177.1968,0.730163
-77.9874,12.5695,177.6208,0.730302
-78.1179,12.5834,178.0063,0.730429
-78.2478,12.5988,178.3954,0.730556
-78.3777,12.6142,178.7865,0.730685
-78.4929,12.6280,179.1366,0.730800
-78.6220,12.6426,179.5323,0.730931
-78.7365,12.6552,179.8873,0.731046
-78.8646,12.6706,180.2900,0.731179
-79.0066,12.6881,180.7397,0.731325
-79.1480,12.7055,181.1919,0.731473
-79.2608,12.7183,181.5569,0.731591
-79.4010,12.7346,182.0170,0.731743
-79.5406,12.7523,182.4792,0.731892
-79.6519,12.7665,182.8514,0.732012
-79.7765,12.7820,183.2717,0.732152
-79.9144,12.7982,183.7426,0.732306
-80.0375,12.8136,184.1701,0.732445
-80.1465,12.8280,184.5513,0.732567
-80.2686,12.8443,184.9825,0.732708
-80.3764,12.8578,185.3670,0.732834
-80.4971,12.8725,185.8027,0.732972
-80.6036,12.8865,186.1930,0.733096
-80.7231,12.9029,186.6334,0.733239
-80.8555,12.9212,187.1256,0.733395
-80.9740,12.9361,187.5702,0.733537
-81.0792,12.9494,187.9681,0.733663
-81.1969,12.9659,188.4189,0.733808
-81.3016,12.9807,188.8205,0.733936
-81.4320,12.9988,189.3241,0.734094
-81.5623,13.0156,189.8308,0.734255
-81.6917,13.0333,190.3406,0.734414
-81.8208,13.0521,190.8516,0.734572
-81.9492,13.0705,191.3636,0.734734
-82.0516,13.0840,191.7750,0.734860
-82.1659,13.0995,192.2397,0.735005
-82.2921,13.1183,192.7559,0.735163
-82.4050,13.1352,193.2210,0.735305
-82.5168,13.1510,193.6854,0.735447
-82.6402,13.1678,194.2024,0.735606
-82.7500,13.1844,194.6686,0.735748
-82.8711,13.2030,195.1855,0.735904
-82.9789,13.2193,195.6497,0.736046
-83.0740,13.2327,196.0629,0.736174
-83.1799,13.2483,196.5284,0.736314
-83.2732,13.2631,196.9408,0.736439
-83.3771,13.2796,197.4041,0.736576
-83.4683,13.2938,197.8143,0.736700
-83.5812,13.3103,198.3270,0.736853
-83.6926,13.3279,198.8395,0.737006
-83.8027,13.3460,199.3499,0.737159
-83.9112,13.3640,199.8583,0.737310
-84.0078,13.3787,200.3156,0.737454
-84.1138,13.3956,200.8235,0.737597
-84.2083,13.4116,201.2788,0.737733
-84.3119,13.4293,201.7835,0.737882
-84.3936,13.4430,202.1858,0.738002
-84.4849,13.4575,202.6382,0.738138
-84.5850,13.4747,203.1407,0.738284
-84.6842,13.4921,203.6412,0.738432
-84.7726,13.5078,204.0906,0.738566
-84.8503,13.5209,204.4887,0.738682
-84.9277,13.5337,204.8868,0.738800
-85.0331,13.5526,205.4335,0.738960
-85.1093,13.5663,205.8297,0.739075
-85.2039,13.5834,206.3239,0.739221
-85.2976,13.5994,206.8162,0.739365
-85.3907,13.6159,207.3086,0.739508
-85.4646,13.6294,207.7011,0.739623
-85.5565,13.6463,208.1907,0.739765
-85.6383,13.6613,208.6296,0.739892
-85.7197,13.6754,209.0681,0.740021
-85.7915,13.6885,209.4576,0.740133
-85.8719,13.7034,209.8942,0.740259
-85.9605,13.7199,210.3781,0.740401
-86.0308,13.7331,210.7644,0.740514
-86.1181,13.7487,211.2456,0.740654
-86.2048,13.7649,211.7266,0.740794
-86.2910,13.7812,212.2058,0.740934
-86.3765,13.7974,212.6839,0.741071
-86.4529,13.8117,213.1127,0.741195
-86.5374,13.8273,213.5888,0.741334
-86.6213,13.8433,214.0633,0.741471
-86.6964,13.8576,214.4892,0.741594
-86.7627,13.8703,214.8671,0.741704
-86.8367,13.8844,215.2908,0.741826
-86.9021,13.8967,215.6673,0.741935
-86.9834,13.9124,216.1364,0.742072
-87.0642,13.9280,216.6043,0.742205
-87.1443,13.9436,217.0710,0.742341
-87.2079,13.9559,217.4432,0.742450
-87.2870,13.9711,217.9079,0.742584
-87.3656,13.9865,218.3712,0.742717
-87.4436,14.0017,218.8333,0.742853
-87.5056,14.0139,219.2022,0.742960
-87.5672,14.0261,219.5701,0.743066
-87.6437,14.0411,220.0293,0.743197
-87.7122,14.0546,220.4414,0.743316
-87.7728,14.0666,220.8069,0.743423
-87.8405,14.0800,221.2172,0.743541
-87.9003,14.0919,221.5812,0.743647
-87.9746,14.1067,222.0350,0.743777
-88.0485,14.1214,222.4877,0.743908
-88.1167,14.1345,222.8936,0.744026
-88.1897,14.1488,223.3441,0.744158
-88.2623,14.1630,223.7934,0.744287
-88.3343,14.1771,224.2416,0.744415
-88.3988,14.1898,224.6439,0.744532
-88.4700,14.2038,225.0899,0.744659
-88.5406,14.2178,225.5347,0.744787
-88.6108,14.2317,225.9784,0.744928
-88.6735,14.2444,226.3767,0.745031
-88.7427,14.2583,226.8181,0.745159
-88.8046,14.2709,227.2145,0.745275
-88.8729,14.2848,227.6538,0.745402
-88.9408,14.2987,228.0920,0.745530
-89.0082,14.3126,228.5291,0.745655
-89.0752,14.3264,228.9650,0.745781
-89.1351,14.3389,229.3564,0.745894
-89.1947,14.3514,229.7469,0.746006
-89.2605,14.3652,230.1797,0.746132
-89.3129,14.3763,230.5252,0.746232
-89.3780,14.3900,230.9560,0.746356
-89.4364,14.4024,231.3428,0.746468
-89.4880,14.4135,231.6860,0.746568
-89.5458,14.4259,232.0711,0.746679
-89.5971,14.4369,232.4127,0.746777
-89.6610,14.4507,232.8387,0.746900
-89.7248,14.4644,233.2636,0.747024
-89.7884,14.4782,233.6875,0.747145
-89.8456,14.4906,234.0679,0.747255
-89.9089,14.5044,234.4895,0.747377
-89.9658,14.5167,234.8681,0.747486
-90.0287,14.5304,235.2878,0.747607
-90.0789,14.5415,235.6226,0.747704
-90.1290,14.5525,235.9568,0.747800
-90.1853,14.5648,236.3317,0.747909
-90.2476,14.5784,236.7473,0.748028
-90.3035,14.5908,237.1206,0.748136
-90.3655,14.6046,237.5342,0.748256
-90.4276,14.6184,237.9467,0.748375
-90.4834,14.6306,238.3169,0.748481
-90.5393,14.6429,238.6865,0.748589
-90.6013,14.6567,239.0960,0.748706
-90.6509,14.6678,239.4227,0.748801
-90.7130,14.6815,239.8301,0.748918
-90.7750,14.6951,240.2363,0.749035
-90.8369,14.7088,240.6417,0.749153
-90.8865,14.7199,240.9651,0.749246
-90.9422,14.7323,241.3280,0.749351
-91.0041,14.7460,241.7301,0.749467
-91.0597,14.7582,242.0914,0.749571
-91.1215,14.7721,242.4915,0.749686
-91.1832,14.7859,242.8906,0.749803
-91.2388,14.7983,243.2488,0.749905
-91.3004,14.8119,243.6456,0.750020
-91.3619,14.8257,244.0418,0.750134
-91.4235,14.8395,244.4367,0.750249
-91.4851,14.8532,244.8304,0.750363
-91.5343,14.8642,245.1446,0.750455
-91.5833,14.8751,245.4583,0.750545
-91.6385,14.8876,245.8102,0.750647
-91.6876,14.8986,246.1223,0.750737
-91.7489,14.9124,246.5115,0.750850
-91.8100,14.9261,246.8997,0.750962
-91.8712,14.9399,247.2867,0.751072
-91.9323,14.9537,247.6727,0.751184
-91.9853,14.9664,248.0196,0.751283
-92.0461,14.9804,248.4037,0.751394
-92.1073,14.9968,248.7880,0.751505
-92.1561,15.0100,249.0935,0.751594
-92.2112,15.0248,249.4364,0.751693
-92.2724,15.0413,249.8164,0.751803
-92.3211,15.0545,250.1197,0.751891
-92.3760,15.0693,250.4600,0.751990
-92.4248,15.0808,250.7616,0.752076
-92.4861,15.0969,251.1377,0.752186
-92.5483,15.1128,251.5123,0.752294
-92.6095,15.1282,251.8862,0.752401
-92.6697,15.1444,252.2602,0.752509
-92.7240,15.1595,252.5948,0.752606
-92.7773,15.1716,252.9267,0.752703
-92.8318,15.1837,253.2597,0.752799
-92.8920,15.1972,253.6288,0.752906
-92.9517,15.2106,253.9970,0.753012
-93.0052,15.2226,254.3274,0.753108
-93.0635,15.2362,254.6953,0.753214
-93.1107,15.2488,254.9873,0.753298
-93.1698,15.2644,255.3514,0.753404
-93.2288,15.2800,255.7147,0.753509
-93.2877,15.2955,256.0770,0.753614
-93.3405,15.3095,256.4023,0.753707
-93.3992,15.3249,256.7629,0.753813
-93.4570,15.3382,257.1210,0.753917
-93.5029,15.3499,257.4100,0.754000
-93.5616,15.3655,257.7680,0.754104
-93.6229,15.3801,258.1243,0.754207
-93.6760,15.3928,258.4460,0.754300
-93.7351,15.4069,258.8034,0.754405
-93.7823,15.4182,259.0894,0.754487
-93.8412,15.4323,259.4468,0.754590
-93.9002,15.4464,259.8043,0.754693
-93.9587,15.4618,260.1627,0.754795
-94.0182,15.4774,260.5200,0.754899
-94.0721,15.4914,260.8415,0.754991
-94.1319,15.5070,261.1988,0.755096
-94.1797,15.5191,261.4844,0.755179
-94.2399,15.5342,261.8417,0.755281
-94.2942,15.5478,262.1634,0.755375
-94.3428,15.5598,262.4493,0.755458
-94.4030,15.5751,262.8078,0.755561
-94.4583,15.5898,263.1294,0.755654
-94.5076,15.6029,263.4154,0.755737
-94.5698,15.6193,263.7729,0.755839
-94.6348,15.6353,264.1292,0.755942
-94.6854,15.6472,264.4153,0.756024
-94.7491,15.6622,264.7730,0.756126
-94.8133,15.6771,265.1308,0.756229
-94.8783,15.6921,265.4886,0.756332
-94.9445,15.7071,265.8464,0.756436
-95.0039,15.7207,266.1693,0.756529
-95.0645,15.7351,266.4908,0.756620
-95.1326,15.7510,266.8476,0.756723
-95.2010,15.7669,267.2047,0.756826
-95.2559,15.7796,267.4904,0.756908
-95.3249,15.7956,267.8477,0.757011
-95.3946,15.8115,268.2050,0.757113
-95.4652,15.8274,268.5620,0.757217
-95.5365,15.8431,268.9187,0.757319
-95.6009,15.8572,269.2413,0.757410
-95.6664,15.8727,269.5626,0.757503
-95.7399,15.8898,269.9195,0.757605
-95.8078,15.9050,270.2400,0.757697
-95.8757,15.9199,270.5609,0.757789
-95.9367,15.9332,270.8462,0.757870
-96.0059,15.9482,271.1669,0.757963
-96.0760,15.9632,271.4875,0.758055
-96.1388,15.9773,271.7729,0.758136
-96.2190,15.9950,272.1284,0.758237
-96.3004,16.0119,272.4832,0.758341
-96.3831,16.0288,272.8382,0.758442
-96.4500,16.0424,273.1220,0.758523
-96.5344,16.0593,273.4765,0.758622
-96.6195,16.0766,273.8313,0.758723
-96.7062,16.0945,274.1847,0.758824
-96.7853,16.1106,274.5023,0.758915
-96.8743,16.1285,274.8549,0.759016
-96.9553,16.1446,275.1721,0.759108
-97.0456,16.1609,275.5233,0.759208
-97.1191,16.1739,275.8048,0.759286
-97.1931,16.1869,276.0858,0.759368
-97.2847,16.2032,276.4381,0.759467
-97.3787,16.2209,276.7881,0.759569
-97.4738,16.2386,277.1376,0.759670
-97.5604,16.2545,277.4519,0.759759
-97.6577,16.2722,277.8007,0.759857
-97.7573,16.2890,278.1483,0.759958
-97.8562,16.3059,278.4964,0.760057
-97.9559,16.3227,278.8442,0.760157
-98.0365,16.3362,279.1224,0.760236
-98.1383,16.3530,279.4693,0.760334
-98.2311,16.3681,279.7810,0.760423
-98.3145,16.3814,280.0576,0.760504
-98.4082,16.3974,280.3698,0.760591
-98.5145,16.4152,280.7148,0.760690
-98.6222,16.4330,281.0593,0.760788
-98.7203,16.4490,281.3689,0.760875
-98.8306,16.4667,281.7124,0.760974
-98.9423,16.4843,282.0553,0.761071
-99.0435,16.5000,282.3621,0.761159
-99.1468,16.5138,282.6699,0.761246
-99.2512,16.5276,282.9770,0.761332
-99.3450,16.5399,283.2497,0.761410
-99.4518,16.5536,283.5558,0.761495
-99.5701,16.5697,283.8976,0.761592
-99.6674,16.5836,284.1685,0.761669
-99.7782,16.5991,284.4727,0.761756
-99.8905,16.6146,284.7765,0.761842
-100.0169,16.6317,285.1134,0.761937
-100.1449,16.6487,285.4496,0.762037
-100.2748,16.6657,285.7852,0.762128
-100.3933,16.6808,286.0864,0.762215
-100.5295,16.6967,286.4186,0.762309
-100.6650,16.7126,286.7514,0.762405
-100.8024,16.7285,287.0834,0.762497
-100.9415,16.7444,287.4144,0.762592
-101.0818,16.7603,287.7452,0.762684
-101.1958,16.7733,288.0086,0.762761
-101.3398,16.7895,288.3370,0.762855
-101.4851,16.8094,288.6640,0.762946
-101.6035,16.8219,288.9253,0.763020
-101.7530,16.8374,289.2509,0.763112
-101.9041,16.8529,289.5759,0.763204
-102.0571,16.8683,289.8998,0.763299
-102.2125,16.8836,290.2224,0.763390
-102.3704,16.8989,290.5438,0.763477
-102.4984,16.9111,290.8002,0.763554
-102.6440,16.9248,291.0878,0.763634
-102.7751,16.9368,291.3427,0.763706
-102.9410,16.9519,291.6600,0.763796
-103.0924,16.9653,291.9444,0.763878
-103.2287,16.9772,292.1963,0.763951
-103.4012,16.9920,292.5102,0.764040
-103.5760,17.0071,292.8224,0.764128
-103.7531,17.0217,293.1328,0.764218
-103.8963,17.0334,293.3803,0.764289
-104.0772,17.0479,293.6883,0.764375
-104.2603,17.0622,293.9947,0.764466
-104.4458,17.0767,294.2999,0.764555
-104.6147,17.0899,294.5728,0.764633
-104.7857,17.1030,294.8438,0.764716
-104.9391,17.1142,295.0840,0.764783
-105.1134,17.1267,295.3527,0.764863
-105.2698,17.1378,295.5903,0.764938
-105.4674,17.1517,295.8859,0.765023
-105.6671,17.1660,296.1786,0.765112
-105.8283,17.1772,296.4109,0.765182
-106.0319,17.1911,296.6983,0.765271
-106.2372,17.2043,296.9839,0.765355
-106.4443,17.2173,297.2671,0.765446
-106.6116,17.2282,297.4923,0.765514
-106.8221,17.2418,297.7708,0.765602
-107.0345,17.2553,298.0465,0.765688
-107.2057,17.2660,298.2652,0.765756
-107.4215,17.2787,298.5354,0.765844
-107.6174,17.2898,298.7779,0.765923
-107.7924,17.3004,298.9911,0.765990
-108.0126,17.3134,299.2552,0.766075
-108.2345,17.3262,299.5164,0.766160
-108.4356,17.3377,299.7494,0.766235
-108.6605,17.3500,300.0047,0.766323
-108.8876,17.3624,300.2593,0.766405
-109.1157,17.3751,300.5104,0.766489
-109.3454,17.3877,300.7588,0.766573
-109.5300,17.3976,300.9556,0.766637
-109.7625,17.4100,301.1991,0.766720
-109.9730,17.4211,301.4166,0.766792
-110.1615,17.4308,301.6085,0.766860
-110.3748,17.4416,301.8223,0.766937
-110.5899,17.4511,302.0343,0.767009
-110.8306,17.4616,302.2689,0.767093
-111.0731,17.4719,302.5017,0.767178
-111.3175,17.4821,302.7322,0.767260
-111.5391,17.4911,302.9379,0.767335
-111.7872,17.5011,303.1644,0.767419
-112.0371,17.5110,303.3888,0.767502
-112.2636,17.5198,303.5892,0.767575
-112.5168,17.5292,303.8094,0.767660
-112.7464,17.5373,304.0062,0.767735
-112.9516,17.5444,304.1797,0.767805
-113.1842,17.5524,304.3736,0.767872
-113.4178,17.5603,304.5649,0.767949
-113.6531,17.5679,304.7548,0.768025
-113.8901,17.5757,304.9433,0.768101
-114.1545,17.5841,305.1499,0.768183
-114.3941,17.5913,305.3344,0.768253
-114.6623,17.5998,305.5378,0.768340
-114.9317,17.6076,305.7380,0.768423
-115.2033,17.6154,305.9368,0.768502
-115.4760,17.6236,306.1326,0.768580
-115.7507,17.6312,306.3266,0.768660
-115.9996,17.6382,306.4996,0.768734
-116.2770,17.6460,306.6888,0.768813
-116.5283,17.6526,306.8575,0.768890
-116.8094,17.6603,307.0432,0.768964
-117.0915,17.6679,307.2258,0.769047
-117.3469,17.6743,307.3885,0.769118
-117.6326,17.6819,307.5674,0.769200
-117.9190,17.6894,307.7432,0.769278
-118.2072,17.6963,307.9170,0.769354
-118.4974,17.7040,308.0891,0.769434
-118.7882,17.7113,308.2577,0.769512
-119.0514,17.7174,308.4078,0.769584
-119.3162,17.7243,308.5566,0.769661
-119.6109,17.7316,308.7185,0.769737
-119.8478,17.7370,308.8468,0.769797
-120.1459,17.7445,309.0055,0.769882
-120.4446,17.7520,309.1613,0.769957
-120.7443,17.7586,309.3140,0.770035
-121.0161,17.7654,309.4505,0.770105
-121.3185,17.7730,309.5992,0.770186
-121.6218,17.7797,309.7449,0.770264
-121.9273,17.7873,309.8894,0.770346
-122.2028,17.7941,310.0168,0.770416
-122.5094,17.8010,310.1555,0.770491
-122.7875,17.8078,310.2793,0.770572
-123.0968,17.8154,310.4139,0.770641
-123.3446,17.8213,310.5191,0.770711
-123.5944,17.8271,310.6240,0.770770
-123.9066,17.8349,310.7520,0.770848
-124.2198,17.8425,310.8776,0.770924
-124.5345,17.8499,311.0006,0.771003
-124.8498,17.8578,311.1211,0.771082
-125.1345,17.8648,311.2274,0.771157
-125.4521,17.8724,311.3431,0.771235
-125.7703,17.8805,311.4562,0.771313
-126.0895,17.8884,311.5666,0.771388
-126.4100,17.8965,311.6746,0.771467
-126.6667,17.9032,311.7590,0.771528
-126.9561,17.9105,311.8520,0.771605
-127.2141,17.9170,311.9330,0.771669
-127.5376,17.9257,312.0319,0.771743
-127.8615,17.9341,312.1280,0.771824
-128.1212,17.9408,312.2030,0.771886
-128.4478,17.9500,312.2953,0.771967
-128.7077,17.9568,312.3657,0.772031
-129.0343,17.9654,312.4522,0.772110
-129.3302,17.9733,312.5287,0.772184
-129.6571,17.9829,312.6096,0.772263
-129.9199,17.9900,312.6728,0.772328
-130.2159,17.9978,312.7419,0.772402
-130.4808,18.0060,312.8023,0.772471
-130.7764,18.0145,312.8664,0.772541
-131.0732,18.0227,312.9289,0.772613
-131.3387,18.0301,312.9834,0.772670
-131.6027,18.0390,313.0353,0.772732
-131.9318,18.0484,313.0967,0.772809
-132.2619,18.0576,313.1562,0.772888
-132.5934,18.0687,313.2136,0.772964
-132.9219,18.0788,313.2664,0.773041
-133.1853,18.0863,313.3071,0.773101
-133.4830,18.0959,313.3517,0.773164
-133.7458,18.1052,313.3887,0.773223
-134.0727,18.1151,313.4314,0.773298
-134.3692,18.1240,313.4690,0.773364
-134.6309,18.1336,313.4999,0.773423
-134.9236,18.1439,313.5316,0.773482
-135.1844,18.1519,313.5586,0.773546
-135.5118,18.1628,313.5906,0.773615
-135.8043,18.1738,313.6166,0.773676
-136.1274,18.1850,313.6417,0.773745
-136.4530,18.1955,313.6656,0.773821
-136.7438,18.2069,313.6844,0.773878
-137.0338,18.2181,313.7009,0.773947
-137.3542,18.2286,313.7156,0.774019
-137.6130,18.2385,313.7268,0.774072
-137.9015,18.2500,313.7366,0.774137
-138.1572,18.2601,313.7433,0.774194
-138.4430,18.2697,313.7480,0.774261
-138.6998,18.2802,313.7517,0.774316
-138.9858,18.2920,313.7530,0.774382
-139.2395,18.3024,313.7521,0.774445
-139.5565,18.3140,313.7482,0.774523
-139.8720,18.3274,313.7417,0.774590
-140.1552,18.3394,313.7332,0.774659
-140.4048,18.3495,313.7227,0.774719
-140.6888,18.3611,313.7101,0.774781
-140.9386,18.3720,313.6964,0.774843
-141.2500,18.3855,313.6766,0.774909
-141.4966,18.3957,313.6581,0.774971
-141.7774,18.4081,313.6363,0.775038
-142.0241,18.4191,313.6147,0.775094
-142.3008,18.4315,313.5883,0.775160
-142.5460,18.4423,313.5629,0.775209
-142.8215,18.4549,313.5316,0.775269
-143.0651,18.4662,313.5026,0.775319
-143.3683,18.4803,313.4639,0.775381
-143.6721,18.4947,313.4228,0.775452
-143.9717,18.5091,313.3782,0.775519
-144.2412,18.5219,313.3362,0.775576
-144.4800,18.5332,313.2971,0.775626
-144.7494,18.5467,313.2513,0.775686
-144.9851,18.5587,313.2078,0.775739
-145.2506,18.5716,313.1575,0.775794
-145.4857,18.5831,313.1107,0.775844
-145.7511,18.5965,313.0561,0.775896
-146.0120,18.6106,312.9985,0.775957
-146.2730,18.6237,312.9388,0.776010
-146.5040,18.6352,312.8838,0.776061
-146.7644,18.6486,312.8197,0.776123
-146.9932,18.6615,312.7610,0.776177
-147.2197,18.6736,312.6999,0.776227
-147.4748,18.6866,312.6292,0.776285
-147.7008,18.6981,312.5641,0.776336
-147.9837,18.7141,312.4793,0.776403
-148.2628,18.7299,312.3910,0.776464
-148.5110,18.7429,312.3091,0.776524
-148.7315,18.7542,312.2351,0.776570
-148.9795,18.7683,312.1500,0.776630
-149.2234,18.7815,312.0624,0.776695
-149.4644,18.7926,311.9721,0.776749
-149.7053,18.8030,311.8786,0.776806
-149.9178,18.8121,311.7933,0.776857
-150.1559,18.8223,311.6951,0.776918
-150.4192,18.8334,311.5845,0.776978
-150.6287,18.8423,311.4953,0.777030
-150.8632,18.8521,311.3936,0.777084
-151.0693,18.8604,311.3016,0.777128
-151.2997,18.8692,311.1956,0.777190
-151.5030,18.8768,311.0991,0.777236
-151.7306,18.8853,310.9881,0.777299
-151.9283,18.8797,310.8875,0.777350
-152.1544,18.8847,310.7758,0.777405
-152.3795,18.8896,310.6632,0.777462
-152.5780,18.8939,310.5615,0.777510
-152.7991,18.8985,310.4445,0.777567
-153.0180,18.9031,310.3253,0.777615
-153.2113,18.9070,310.2178,0.777662
-153.4364,18.9159,310.0973,0.777724
-153.6223,18.9238,309.9911,0.777766
-153.8597,18.9277,309.8513,0.777827
-154.0485,18.9307,309.7386,0.777878
-154.2830,18.9343,309.5961,0.777938
-154.4923,18.9373,309.4659,0.777996
-154.6998,18.9402,309.3337,0.778052
-154.8885,18.9449,309.2145,0.778098
-155.0925,18.9524,309.0788,0.778148
-155.2897,18.9534,308.9456,0.778204
-155.4682,18.9539,308.8226,0.778253
-155.6680,18.9543,308.6832,0.778305
-155.8665,18.9546,308.5424,0.778358
-156.0633,18.9547,308.4004,0.778417
-156.2583,18.9546,308.2571,0.778471
-156.4516,18.9543,308.1126,0.778520
-156.6223,18.9540,307.9833,0.778564
-156.8119,18.9529,307.8368,0.778623
-157.0010,18.9517,307.6895,0.778674
-157.1682,18.9504,307.5576,0.778719
-157.3544,18.9486,307.4090,0.778773
-157.5194,18.9462,307.2755,0.778818
-157.7036,18.9435,307.1243,0.778873
-157.8662,18.9409,306.9888,0.778921
-158.0477,18.9378,306.8351,0.778976
-158.2277,18.9346,306.6800,0.779025
-158.3864,18.9316,306.5411,0.779074
-158.5637,18.9281,306.3839,0.779125
-158.7389,18.9239,306.2257,0.779176
-158.8942,18.9201,306.0842,0.779225
-159.0676,18.9158,305.9240,0.779278
-159.2395,18.9113,305.7628,0.779319
-159.3908,18.9069,305.6190,0.779374
-159.5600,18.9018,305.4560,0.779422
-159.7280,18.8966,305.2921,0.779473
-159.8947,18.8912,305.1274,0.779523
-160.0419,18.8863,304.9803,0.779573
-160.2064,18.8808,304.8141,0.779623
-160.3693,18.8750,304.6469,0.779676
-160.5312,18.8690,304.4789,0.779722
-160.6920,18.8629,304.3098,0.779776
-160.8337,18.8573,304.1586,0.779820
-160.9918,18.8510,303.9874,0.779869
-161.1485,18.8445,303.8151,0.779922
-161.2865,18.8386,303.6609,0.779966
-161.4404,18.8318,303.4863,0.780017
-161.5928,18.8249,303.3103,0.780072
-161.7438,18.8178,303.1330,0.780118
-161.8935,18.8106,302.9543,0.780171
-162.0250,18.8042,302.7943,0.780208
-162.1716,18.7968,302.6131,0.780266
-162.3006,18.7902,302.4510,0.780314
-162.4443,18.7825,302.2675,0.780359
-162.5866,18.7748,302.0829,0.780413
-162.7275,18.7669,301.8971,0.780464
-162.8669,18.7590,301.7103,0.780512
-163.0047,18.7510,301.5224,0.780563
-163.1259,18.7438,301.3545,0.780608
-163.2609,18.7355,301.1646,0.780659
-163.3951,18.7276,300.9733,0.780713
-163.5270,18.7197,300.7811,0.780761
-163.6428,18.7125,300.6093,0.780808
-163.7716,18.7042,300.4148,0.780859
-163.8987,18.6958,300.2192,0.780910
-164.0103,18.6882,300.0444,0.780958
-164.1343,18.6796,299.8467,0.781008
-164.2562,18.6699,299.6490,0.781065
-164.3769,18.6600,299.4492,0.781117
-164.4960,18.6499,299.2484,0.781166
-164.6015,18.6411,299.0686,0.781213
-164.7174,18.6315,298.8658,0.781263
-164.8315,18.6217,298.6620,0.781318
-164.9437,18.6118,298.4572,0.781374
-165.0421,18.6029,298.2742,0.781416
-165.1510,18.5928,298.0675,0.781474
-165.2581,18.5824,297.8598,0.781526
-165.3634,18.5720,297.6514,0.781579
-165.4656,18.5605,297.4446,0.781631
-165.5669,18.5472,297.2346,0.781685
-165.6664,18.5337,297.0237,0.781738
-165.7642,18.5203,296.8119,0.781787
-165.8488,18.5083,296.6232,0.781837
-165.9520,18.4933,296.3867,0.781897
-166.0426,18.4796,296.1732,0.781954
-166.1214,18.4673,295.9830,0.782001
-166.1986,18.4549,295.7924,0.782044
-166.2836,18.4408,295.5777,0.782097
-166.3665,18.4267,295.3625,0.782153
-166.4385,18.4140,295.1710,0.782197
-166.5172,18.3983,294.9568,0.782253
-166.5945,18.3822,294.7408,0.782305
-166.6699,18.3660,294.5245,0.782358
-166.7354,18.3514,294.3319,0.782405
-166.8073,18.3349,294.1151,0.782461
-166.8773,18.3184,293.8981,0.782510
-166.9456,18.3017,293.6808,0.782564
-167.0194,18.2831,293.4393,0.782624
-167.0842,18.2663,293.2218,0.782679
-167.1404,18.2513,293.0284,0.782722
-167.2021,18.2344,292.8106,0.782779
-167.2619,18.2170,292.5933,0.782833
-167.3204,18.1993,292.3752,0.782885
-167.3767,18.1813,292.1575,0.782938
-167.4321,18.1630,291.9390,0.782990
-167.4861,18.1446,291.7201,0.783045
-167.5387,18.1261,291.5005,0.783097
-167.5900,18.1075,291.2801,0.783152
-167.6398,18.0887,291.0589,0.783205
-167.6885,18.0699,290.8369,0.783259
-167.7357,18.0509,290.6142,0.783314
-167.7817,18.0317,290.3907,0.783369
-167.8265,18.0128,290.1658,0.783423
-167.8700,17.9940,289.9407,0.783479
-167.9115,17.9745,289.7157,0.783534
-167.9482,17.9569,289.5144,0.783581
-167.9883,17.9371,289.2873,0.783639
-168.0271,17.9171,289.0596,0.783696
-168.0645,17.8971,288.8314,0.783750
-168.0965,17.8792,288.6283,0.783800
-168.1310,17.8590,288.3997,0.783859
-168.1641,17.8388,288.1708,0.783914
-168.1922,17.8208,287.9672,0.783966
-168.2228,17.8013,287.7362,0.784022
-168.2510,17.7821,287.5077,0.784077
-168.2787,17.7623,287.2784,0.784137
-168.3054,17.7426,287.0493,0.784191
-168.3310,17.7228,286.8203,0.784249
-168.3557,17.7029,286.5912,0.784308
-168.3794,17.6831,286.3620,0.784363
-168.4022,17.6631,286.1327,0.784422
-168.4240,17.6432,285.9032,0.784481
-168.4427,17.6254,285.6991,0.784532
-168.4629,17.6054,285.4666,0.784592
-168.4816,17.5875,285.2375,0.784650
-168.4983,17.5833,285.0064,0.784707
-168.5143,17.5644,284.7759,0.784765
-168.5293,17.5456,284.5454,0.784823
-168.5426,17.5289,284.3401,0.784877
-168.5571,17.5100,284.1087,0.784936
-168.5712,17.4924,283.8741,0.784997
-168.5803,17.4590,283.6474,0.785057
-168.5927,17.4399,283.4162,0.785119
-168.6130,17.4187,283.1768,0.785178
-168.6229,17.4069,282.9459,0.785240
-168.6299,17.3959,282.7395,0.785293
-168.6326,17.3833,282.5068,0.785356
-168.6372,17.3726,282.3006,0.785409
-168.6417,17.3606,282.0687,0.785468
-168.6451,17.3499,281.8626,0.785522
-168.6481,17.3379,281.6316,0.785583
-168.6501,17.3256,281.3994,0.785643
-168.6505,17.3134,281.1681,0.785707
-168.6499,17.3013,280.9372,0.785768
-168.6482,17.2891,280.7066,0.785828
-168.6456,17.2769,280.4767,0.785891
-168.6422,17.2647,280.2471,0.785953
-168.6383,17.2524,280.0174,0.786016
-168.6343,17.2416,279.8134,0.786072
-168.6294,17.2293,279.5840,0.786133
-168.6237,17.2171,279.3551,0.786194
-168.6180,17.2062,279.1517,0.786250
-168.6109,17.1939,278.9231,0.786313
-168.6031,17.1816,278.6945,0.786374
-168.5954,17.1707,278.4912,0.786427
-168.5861,17.1583,278.2625,0.786489
-168.5770,17.1473,278.0592,0.786545
-168.5661,17.1349,277.8306,0.786608
-168.5543,17.1225,277.6019,0.786669
-168.5426,17.1095,277.3743,0.786734
-168.5291,17.0961,277.1458,0.786796
-168.5165,17.0842,276.9427,0.786850
-168.5016,17.0707,276.7145,0.786913
-168.4858,17.0572,276.4865,0.786976
-168.4672,17.0422,276.2336,0.787044
-168.4517,17.0302,276.0316,0.787100
-168.4337,17.0169,275.8039,0.787163
-168.4148,17.0040,275.5772,0.787225
-168.3971,16.9925,275.3760,0.787281
-168.3764,16.9796,275.1498,0.787342
-168.3549,16.9667,274.9239,0.787404
-168.3327,16.9538,274.6983,0.787465
-168.3123,16.9423,274.4981,0.787522
-168.2913,16.9290,274.2748,0.787582
-168.2672,16.9143,274.0503,0.787645
-168.2428,16.8995,273.8260,0.787706
-168.2206,16.8864,273.6270,0.787761
-168.1883,16.8723,273.4010,0.787822
-168.1618,16.8604,273.1775,0.787886
-168.1373,16.8498,272.9787,0.787942
-168.1089,16.8379,272.7547,0.788004
-168.0798,16.8259,272.5304,0.788065
-168.0532,16.8152,272.3307,0.788121
-168.0229,16.8032,272.1058,0.788184
-167.9940,16.7911,271.8824,0.788248
-167.9659,16.7787,271.6823,0.788303
-167.9336,16.7647,271.4569,0.788366
-167.9006,16.7507,271.2314,0.788428
-167.8668,16.7366,271.0058,0.788492
-167.8358,16.7241,270.8051,0.788550
-167.7949,16.7101,270.5765,0.788612
-167.7580,16.6992,270.3505,0.788676
-167.7275,16.6873,270.1532,0.788729
-167.6896,16.6728,269.9276,0.788795
-167.6519,16.6583,269.7020,0.788859
-167.6149,16.6442,269.4748,0.788923
-167.5762,16.6307,269.2486,0.788987
-167.5424,16.6172,269.0506,0.789044
-167.4996,16.6016,268.8231,0.789110
-167.4582,16.5868,268.5974,0.789174
-167.4163,16.5720,268.3719,0.789236
-167.3755,16.5537,268.1513,0.789301
-167.3329,16.5347,267.9260,0.789366
-167.2913,16.5206,267.7214,0.789421
-167.2443,16.5019,267.4743,0.789493
-167.2002,16.4831,267.2493,0.789559
-167.1606,16.4665,267.0495,0.789616
-167.1265,16.4533,266.8170,0.789680
-167.0818,16.4392,266.5916,0.789745
-167.0410,16.4265,266.3913,0.789802
-166.9892,16.4102,266.1439,0.789873
-166.9479,16.3950,265.9444,0.789931
-166.9009,16.3774,265.7190,0.789996
-166.8538,16.3597,265.4937,0.790061
-166.8052,16.3391,265.2725,0.790126
-166.7578,16.3174,265.0492,0.790191
-166.7094,16.2943,264.8239,0.790257
-166.6655,16.2734,264.6254,0.790315
-166.6163,16.2486,264.3999,0.790381
-166.5729,16.2272,264.2032,0.790439
-166.5221,16.1989,263.9784,0.790504
-166.4767,16.1738,263.7783,0.790563
-166.4260,16.1458,263.5525,0.790628
-166.3807,16.1211,263.3524,0.790687
-166.3292,16.0932,263.1271,0.790753
-166.2752,16.0707,262.8920,0.790819
-166.2282,16.0534,262.6907,0.790877
-166.1715,16.0313,262.4698,0.790943
-166.1180,16.0079,262.2444,0.791009
-166.0642,15.9853,262.0145,0.791074
-166.0114,15.9660,261.7881,0.791141
-165.9584,15.9466,261.5612,0.791206
-165.9108,15.9292,261.3597,0.791265
-165.8571,15.9096,261.1330,0.791331
-165.8031,15.8901,260.9060,0.791398
-165.7550,15.8729,260.7043,0.791457
-165.7011,15.8536,260.4767,0.791523
-165.6474,15.8342,260.2491,0.791590
-165.6000,15.8168,260.0463,0.791649
-165.5410,15.7953,259.7927,0.791724
-165.4818,15.7739,259.5394,0.791798
-165.4281,15.7546,259.3112,0.791865
-165.3797,15.7373,259.1085,0.791925
-165.3255,15.7177,258.8801,0.791992
-165.2773,15.7001,258.6768,0.792052
-165.2231,15.6804,258.4480,0.792118
-165.1689,15.6607,258.2191,0.792185
-165.1138,15.6404,257.9909,0.792253
-165.0652,15.6225,257.7859,0.792313
-165.0103,15.6025,257.5553,0.792381
-164.9553,15.5826,257.3241,0.792449
-164.9061,15.5648,257.1178,0.792509
-164.8508,15.5449,256.8841,0.792578
-164.8012,15.5275,256.6763,0.792638
-164.7450,15.5078,256.4415,0.792707
-164.6948,15.4903,256.2319,0.792769
-164.6374,15.4702,255.9954,0.792838
-164.5737,15.4478,255.7308,0.792916
-164.5223,15.4298,255.5179,0.792979
-164.4640,15.4094,255.2773,0.793049
-164.4117,15.3911,255.0622,0.793112
-164.3519,15.3705,254.8193,0.793183
-164.2708,15.3443,254.5504,0.793261
-164.2170,15.3266,254.3317,0.793326
-164.1555,15.3067,254.0844,0.793399
-164.0929,15.2868,253.8360,0.793470
-164.0366,15.2689,253.6141,0.793535
-163.9655,15.2465,253.3350,0.793617
-163.9010,15.2262,253.0824,0.793690
-163.8357,15.2060,252.8286,0.793763
-163.7693,15.1856,252.5742,0.793837
-163.7096,15.1674,252.3468,0.793903
-163.6415,15.1468,252.0900,0.793976
-163.5727,15.1261,251.8320,0.794050
-163.5110,15.1077,251.6014,0.794117
-163.4409,15.0868,251.3409,0.794194
-163.3780,15.0682,251.1083,0.794262
-163.3065,15.0473,250.8450,0.794336
-163.2424,15.0287,250.6100,0.794406
-163.1692,15.0076,250.3446,0.794483
-163.1038,14.9887,250.1071,0.794551
-163.0295,14.9672,249.8386,0.794629
-162.9628,14.9481,249.5986,0.794699
-162.8955,14.9289,249.3573,0.794768
-162.8189,14.9071,249.0842,0.794847
-162.7416,14.8855,248.8094,0.794928
-162.6633,14.8637,248.5329,0.795007
-162.5751,14.8393,248.2237,0.795096
-162.4950,14.8170,247.9430,0.795176
-162.4230,14.7971,247.6919,0.795248
-162.3411,14.7745,247.4075,0.795329
-162.2675,14.7543,247.1527,0.795401
-162.1839,14.7317,246.8645,0.795485
-162.1088,14.7115,246.6066,0.795561
-162.0234,14.6887,246.3147,0.795643
-161.9273,14.6629,245.9882,0.795736
-161.8497,14.6421,245.7250,0.795811
-161.7616,14.6185,245.4270,0.795897
-161.6725,14.5950,245.1267,0.795984
-161.5925,14.5741,244.8584,0.796060
-161.5016,14.5505,244.5547,0.796146
-161.4199,14.5293,244.2831,0.796226
-161.3165,14.5026,243.9416,0.796322
-161.2225,14.4783,243.6320,0.796411
-161.1381,14.4567,243.3548,0.796489
-161.0316,14.4297,243.0063,0.796588
-160.9346,14.4053,242.6905,0.796678
-160.8474,14.3835,242.4080,0.796761
-160.7482,14.3588,242.0878,0.796852
-160.6364,14.3308,241.7294,0.796954
-160.5459,14.3085,241.4397,0.797036
-160.4430,14.2833,241.1115,0.797133
-160.3387,14.2579,240.7805,0.797227
-160.2449,14.2351,240.4839,0.797312
-160.1380,14.2093,240.1476,0.797407
-160.0417,14.1862,239.8463,0.797492
-159.9322,14.1601,239.5047,0.797590
-159.8339,14.1368,239.1986,0.797676
-159.7219,14.1104,238.8516,0.797777
-159.6214,14.0868,238.5408,0.797865
-159.5071,14.0600,238.1886,0.797966
-159.4041,14.0362,237.8731,0.798057
-159.2873,14.0092,237.5156,0.798160
-159.1693,13.9820,237.1552,0.798263
-159.0635,13.9577,236.8325,0.798355
-158.9433,13.9301,236.4668,0.798461
-158.8217,13.9026,236.0977,0.798570
-158.7125,13.8780,235.7683,0.798660
-158.5886,13.8500,235.3944,0.798769
-158.4635,13.8218,235.0178,0.798879
-158.3514,13.7966,234.6810,0.798979
-158.2243,13.7684,234.2999,0.799089
-158.1106,13.7435,233.9611,0.799189
-157.9821,13.7151,233.5787,0.799302
-157.8675,13.6898,233.2383,0.799401
-157.7382,13.6614,232.8550,0.799523
-157.6084,13.6332,232.4708,0.799635
-157.4927,13.6085,232.1301,0.799737
-157.3623,13.5803,231.7464,0.799855
-157.2319,13.5521,231.3628,0.799972
-157.1160,13.5270,231.0220,0.800077
-156.9858,13.4991,230.6385,0.800195
-156.8558,13.4717,230.2564,0.800315
-156.7260,13.4438,229.8744,0.800437
-156.5966,13.4159,229.4928,0.800559
-156.4819,13.3911,229.1537,0.800668
-156.3531,13.3637,228.7722,0.800792
-156.2389,13.3396,228.4341,0.800902
-156.1106,13.3120,228.0537,0.801025
-155.9685,13.2813,227.6315,0.801171
-155.8551,13.2568,227.2939,0.801289
-155.7278,13.2296,226.9140,0.801412
-155.6008,13.2028,226.5352,0.801544
-155.4742,13.1755,226.1565,0.801680
-155.3620,13.1512,225.8202,0.801799
-155.2363,13.1239,225.4422,0.801931
-155.1110,13.0971,225.0642,0.802066
-154.9862,13.0704,224.6871,0.802206
-154.8756,13.0465,224.3527,0.802325
-154.7656,13.0225,224.0183,0.802445
-154.6288,12.9925,223.6010,0.802601
-154.5063,12.9659,223.2256,0.802738
-154.3981,12.9424,222.8927,0.802858
-154.2770,12.9159,222.5189,0.803000
-154.1568,12.8892,222.1456,0.803139
-154.0376,12.8626,221.7727,0.803274
-153.9326,12.8391,221.4414,0.803394
-153.8156,12.8128,221.0696,0.803530
-153.7000,12.7865,220.6985,0.803663
-153.5859,12.7601,220.3283,0.803800
-153.4734,12.7337,219.9588,0.803934
-153.3748,12.7103,219.6307,0.804057
-153.2657,12.6842,219.2625,0.804190
-153.1585,12.6580,218.8951,0.804324
-153.0648,12.6347,218.5692,0.804443
-152.9613,12.6084,218.2032,0.804576
-152.8711,12.5850,217.8783,0.804696
-152.7716,12.5589,217.5132,0.804830
-152.6742,12.5327,217.1489,0.804959
-152.5789,12.5065,216.7852,0.805096
-152.4859,12.4803,216.4222,0.805219
-152.4053,12.4569,216.1001,0.805336
-152.3168,12.4307,215.7384,0.805466
-152.2310,12.4045,215.3777,0.805588
-152.1480,12.3783,215.0180,0.805713
-152.0764,12.3549,214.6992,0.805823
-151.9985,12.3287,214.3417,0.805944
-151.9315,12.3054,214.0247,0.806048
-151.8587,12.2792,213.6691,0.806168
-151.7961,12.2559,213.3540,0.806270
-151.7280,12.2297,213.0006,0.806388
-151.6697,12.2064,212.6873,0.806490
-151.6064,12.1802,212.3360,0.806603
-151.5523,12.1569,212.0246,0.806700
-151.4938,12.1307,211.6750,0.806817
-151.4439,12.1075,211.3649,0.806911
-151.3899,12.0812,211.0164,0.807013
-151.3382,12.0549,210.6680,0.807124
-151.2888,12.0285,210.3196,0.807234
-151.2416,12.0021,209.9711,0.807340
-151.2015,11.9785,209.6612,0.807433
-151.1539,11.9490,209.2739,0.807552
-151.1134,11.9224,208.9253,0.807658
-151.0793,11.8986,208.6154,0.807749
-151.0391,11.8688,208.2280,0.807860
-151.0016,11.8389,207.8406,0.807979
-150.9702,11.8120,207.4919,0.808083
-150.9410,11.7850,207.1433,0.808186
-150.9169,11.7609,206.8335,0.808278
-150.8919,11.7338,206.4850,0.808382
-150.8690,11.7066,206.1368,0.808483
-150.8484,11.6794,205.7891,0.808586
-150.8301,11.6521,205.4421,0.808689
-150.8158,11.6280,205.1346,0.808783
-150.8021,11.6008,204.7895,0.808887
-150.7908,11.5736,204.4456,0.808989
-150.7829,11.5494,204.1409,0.809080
-150.7765,11.5222,203.7992,0.809183
-150.7730,11.4980,203.4964,0.809271
-150.7715,11.4678,203.1191,0.809386
-150.7729,11.4406,202.7808,0.809489
-150.7766,11.4135,202.4435,0.809592
-150.7827,11.3863,202.1070,0.809690
-150.7912,11.3591,201.7712,0.809794
-150.8006,11.3349,201.4730,0.809882
-150.8134,11.3075,201.1380,0.809985
-150.8284,11.2802,200.8032,0.810090
-150.8458,11.2529,200.4688,0.810190
-150.8631,11.2285,200.1718,0.810281
-150.8873,11.1980,199.8011,0.810392
-150.9086,11.1735,199.5048,0.810483
-150.9348,11.1459,199.1718,0.810582
-150.9666,11.1152,198.8023,0.810696
-150.9976,11.0876,198.4702,0.810796
-151.0270,11.0630,198.1754,0.810886
-151.0622,11.0353,197.8442,0.810987
-151.0954,11.0107,197.5504,0.811075
-151.1346,10.9829,197.2206,0.811176
-151.1761,10.9552,196.8916,0.811276
-151.2196,10.9274,196.5637,0.811379
-151.2652,10.8997,196.2366,0.811478
-151.3076,10.8751,195.9469,0.811567
-151.3572,10.8474,195.6219,0.811667
-151.4088,10.8197,195.2981,0.811767
-151.4563,10.7951,195.0114,0.811854
-151.5117,10.7675,194.6901,0.811952
-151.5626,10.7430,194.4057,0.812041
-151.6209,10.7162,194.0907,0.812139
-151.6815,10.6839,193.7742,0.812239
-151.7365,10.6553,193.4938,0.812321
-151.8015,10.6234,193.1795,0.812417
-151.8600,10.5955,192.9019,0.812503
-151.9278,10.5642,192.5916,0.812600
-151.9960,10.5310,192.2835,0.812696
-152.0675,10.4997,191.9772,0.812789
-152.1403,10.4685,191.6724,0.812885
-152.2062,10.4409,191.4031,0.812969
-152.2806,10.4097,191.1047,0.813063
-152.3579,10.3756,190.8064,0.813151
-152.4283,10.3467,190.5399,0.813237
-152.5007,10.3193,190.2774,0.813320
-152.6020,10.2818,189.9191,0.813430
-152.6751,10.2534,189.6633,0.813511
-152.7598,10.2196,189.3747,0.813602
-152.8363,10.1894,189.1171,0.813682
-152.9245,10.1593,188.8322,0.813772
-153.0144,10.1293,188.5495,0.813861
-153.1035,10.0973,188.2720,0.813949
-153.1848,10.0681,188.0253,0.814031
-153.2773,10.0353,187.7498,0.814115
-153.3715,10.0041,187.4736,0.814203
-153.4547,9.9789,187.2351,0.814278
-153.5509,9.9470,186.9671,0.814367
-153.6371,9.9187,186.7309,0.814442
-153.7349,9.8870,186.4672,0.814526
-153.8226,9.8590,186.2347,0.814600
-153.9118,9.8330,186.0009,0.814675
-154.0106,9.8029,185.7463,0.814757
-154.1119,9.7723,185.4923,0.814840
-154.2027,9.7453,185.2684,0.814912
-154.3055,9.7149,185.0183,0.814995
-154.4078,9.6852,184.7693,0.815073
-154.5124,9.6557,184.5242,0.815152
-154.6336,9.6319,184.2857,0.815231
-154.7521,9.6028,184.0197,0.815318
-154.8708,9.5739,183.7559,0.815405
-154.9650,9.5510,183.5472,0.815473
-155.0735,9.5245,183.3132,0.815550
-155.1705,9.5017,183.1084,0.815617
-155.2924,9.4734,182.8553,0.815700
-155.3993,9.4466,182.6315,0.815776
-155.4978,9.4228,182.4295,0.815842
-155.6083,9.3979,182.2073,0.815913
-155.7151,9.3737,181.9898,0.815985
-155.8138,9.3484,181.7963,0.816050
-155.9269,9.3213,181.5766,0.816124
-156.0403,9.2965,181.3610,0.816196
-156.1546,9.2717,181.1465,0.816268
-156.2701,9.2467,180.9327,0.816339
-156.3737,9.2246,180.7431,0.816404
-156.4912,9.1999,180.5308,0.816476
-156.6073,9.1741,180.3201,0.816547
-156.7137,9.1503,180.1320,0.816611
-156.8360,9.1242,179.9180,0.816683
-156.9543,9.1004,179.7091,0.816756
-157.0641,9.0753,179.5226,0.816819
-157.1886,9.0469,179.3136,0.816891
-157.3024,9.0232,179.1248,0.816955
-157.4299,8.9985,178.9163,0.817027
-157.5591,8.9736,178.7083,0.817099
-157.6894,8.9486,178.5011,0.817172
-157.8215,8.9242,178.2944,0.817242
-157.9545,8.8998,178.0896,0.817315
-158.0896,8.8752,177.8858,0.817387
-158.2112,8.8533,177.7052,0.817451
-158.3500,8.8294,177.5024,0.817524
-158.4910,8.8051,177.3018,0.817596
-158.6337,8.7808,177.1031,0.817668
-158.7785,8.7566,176.9057,0.817741
-158.9197,8.7318,176.7110,0.817814
-159.0512,8.7068,176.5378,0.817876
-159.2014,8.6787,176.3443,0.817949
-159.3570,8.6511,176.1492,0.818022
-159.5120,8.6275,175.9605,0.818094
-159.6695,8.6036,175.7736,0.818166
-159.8287,8.5796,175.5878,0.818239
-159.9902,8.5560,175.4021,0.818312
-160.1354,8.5351,175.2388,0.818377
-160.2822,8.5142,175.0769,0.818441
-160.4491,8.4907,174.8966,0.818515
-160.6167,8.4669,174.7181,0.818587
-160.7879,8.4422,174.5404,0.818660
-160.9420,8.4201,174.3827,0.818726
-161.1176,8.3951,174.2062,0.818799
-161.2931,8.3703,174.0291,0.818873
-161.4726,8.3446,173.8548,0.818947
-161.6544,8.3188,173.6817,0.819022
-161.8197,8.2954,173.5269,0.819088
-162.0076,8.2725,173.3551,0.819163
-162.1969,8.2496,173.1845,0.819238
-162.3883,8.2267,173.0149,0.819314
-162.5706,8.2071,172.8745,0.819382
-162.7668,8.1857,172.7074,0.819458
-162.9427,8.1666,172.5589,0.819526
-163.1437,8.1451,172.3933,0.819603
-163.3342,8.1292,172.2613,0.819672
-163.5401,8.1060,172.0985,0.819750
-163.7251,8.0855,171.9548,0.819819
-163.9592,8.0602,171.7770,0.819905
-164.1792,8.0412,171.6214,0.819984
-164.3716,8.0245,171.4814,0.820055
-164.5902,8.0058,171.3251,0.820134
-164.7855,7.9890,171.1864,0.820206
-165.0069,7.9693,171.0332,0.820286
-165.2322,7.9494,170.8803,0.820367
-165.4370,7.9329,170.7473,0.820438
-165.6641,7.9137,170.5993,0.820520
-165.8706,7.8936,170.4673,0.820592
-166.0941,7.8677,170.3095,0.820674
-166.3038,7.8447,170.1797,0.820747
-166.5455,7.8215,170.0331,0.820830
-166.7597,7.8025,169.9064,0.820903
-167.0369,7.7832,169.7575,0.820996
-167.2832,7.7656,169.6187,0.821080
-167.5030,7.7507,169.4969,0.821154
-167.7544,7.7355,169.3635,0.821239
-167.9733,7.7212,169.2464,0.821313
-168.2260,7.7005,169.1141,0.821399
-168.4523,7.6822,168.9977,0.821474
-168.7085,7.6620,168.8689,0.821558
-168.9386,7.6446,168.7572,0.821635
-169.2572,7.6215,168.6066,0.821739
-169.4915,7.6054,168.4999,0.821815
-169.7239,7.5886,168.3943,0.821892
-169.9893,7.5680,168.2761,0.821979
-170.2268,7.5501,168.1730,0.822055
-170.4922,7.5282,168.0545,0.822144
-170.7334,7.5097,167.9559,0.822221
-171.0026,7.4871,167.8363,0.822308
-171.2777,7.4676,167.7302,0.822397
-171.5496,7.4479,167.6049,0.822485
-171.7969,7.4341,167.5146,0.822563
-172.0767,7.4186,167.4147,0.822653
-172.3564,7.4019,167.3156,0.822742
-172.6081,7.3867,167.2303,0.822823
-172.8611,7.3713,167.1472,0.822902
-173.1497,7.3554,167.0568,0.822991
-173.4695,7.3392,166.9593,0.823091
-173.7908,7.3231,166.8645,0.823194
-174.0505,7.3104,166.7915,0.823275
-174.3416,7.2977,166.7109,0.823365
-174.6015,7.2864,166.6417,0.823446
-174.8944,7.2733,166.5667,0.823537
-175.1562,7.2607,166.5016,0.823619
-175.4531,7.2463,166.4316,0.823712
-175.7523,7.2319,166.3645,0.823805
-176.0195,7.2196,166.3081,0.823888
-176.3213,7.2062,166.2474,0.823982
-176.5908,7.1942,166.1960,0.824066
-176.8959,7.1811,166.1408,0.824159
-177.1680,7.1694,166.0943,0.824243
-177.4415,7.1577,166.0507,0.824327
-177.7858,7.1435,166.0000,0.824433
-178.1296,7.1291,165.9520,0.824540
-178.4793,7.1128,165.9095,0.824646
-178.7938,7.1009,165.8748,0.824740
-179.1450,7.0877,165.8410,0.824848
-179.4620,7.0762,165.8141,0.824946
-179.7450,7.0658,165.7929,0.825032
-180.0648,7.0541,165.7722,0.825131
-180.4219,7.0414,165.7536,0.825240
-180.7444,7.0299,165.7404,0.825338
-181.1048,7.0170,165.7298,0.825447
-181.4674,7.0040,165.7225,0.825559
-181.7962,6.9896,165.7124,0.825658
-182.0891,6.9811,165.7127,0.825746
-182.4203,6.9715,165.7161,0.825847
-182.7167,6.9630,165.7218,0.825937
-183.0512,6.9542,165.7304,0.826039
-183.3878,6.9452,165.7414,0.826143
-183.7265,6.9362,165.7551,0.826248
-184.0672,6.9271,165.7715,0.826350
-184.4102,6.9182,165.7904,0.826455
-184.7549,6.9096,165.8118,0.826561
-185.1013,6.9011,165.8354,0.826668
-185.4108,6.8935,165.8582,0.826759
-185.7610,6.8848,165.8860,0.826868
-186.0745,6.8772,165.9127,0.826965
-186.4289,6.8691,165.9447,0.827073
-186.7855,6.8609,165.9792,0.827182
-187.1043,6.8536,166.0117,0.827277
-187.4650,6.8453,166.0504,0.827388
-187.7875,6.8380,166.0868,0.827491
-188.1529,6.8303,166.1302,0.827601
-188.5200,6.8226,166.1761,0.827714
-188.8892,6.8149,166.2248,0.827826
-189.2604,6.8071,166.2765,0.827938
-189.5920,6.8000,166.3248,0.828043
-190.0097,6.7913,166.3890,0.828169
-190.4289,6.7840,166.4567,0.828298
-190.8079,6.7774,166.5208,0.828415
-191.1461,6.7715,166.5805,0.828521
-191.5276,6.7647,166.6506,0.828636
-191.9537,6.7567,166.7321,0.828769
-192.2960,6.7502,166.8000,0.828876
-192.6394,6.7436,166.8703,0.828985
-193.0269,6.7362,166.9525,0.829107
-193.3726,6.7294,167.0285,0.829213
-193.7626,6.7218,167.1172,0.829336
-194.1103,6.7149,167.1989,0.829442
-194.5024,6.7072,167.2941,0.829569
-194.8957,6.6994,167.3926,0.829691
-195.2899,6.6915,167.4947,0.829813
-195.7292,6.6827,167.6123,0.829953
-196.1696,6.6738,167.7344,0.830092
-196.5668,6.6658,167.8480,0.830218
-196.9207,6.6587,167.9520,0.830331
-197.3197,6.6506,168.0724,0.830459
-197.6750,6.6434,168.1825,0.830572
-198.0755,6.6352,168.3098,0.830700
-198.4321,6.6279,168.4260,0.830815
-198.8340,6.6196,168.5603,0.830947
-199.2367,6.6114,168.6982,0.831077
-199.6400,6.6030,168.8396,0.831209
-200.0441,6.5947,168.9848,0.831343
-200.4038,6.5872,169.1169,0.831462
-200.8090,6.5788,169.2688,0.831594
-201.1698,6.5712,169.4067,0.831712
-201.5762,6.5627,169.5653,0.831846
-201.9380,6.5552,169.7091,0.831968
-202.3457,6.5466,169.8742,0.832104
-202.7541,6.5380,170.0428,0.832238
-203.1177,6.5303,170.1954,0.832362
-203.5275,6.5217,170.3703,0.832497
-203.8923,6.5140,170.5284,0.832622
-204.3034,6.5053,170.7093,0.832758
-204.7152,6.4965,170.8934,0.832898
-205.0818,6.4887,171.0597,0.833022
-205.4949,6.4799,171.2498,0.833163
-205.8626,6.4721,171.4215,0.833288
-206.3227,6.4623,171.6396,0.833445
-206.7375,6.4534,171.8394,0.833588
-207.1066,6.4455,172.0196,0.833717
-207.5223,6.4366,172.2253,0.833859
-207.8924,6.4287,172.4108,0.833988
-208.3092,6.4197,172.6224,0.834131
-208.7266,6.4107,172.8370,0.834279
-209.0983,6.4027,173.0302,0.834406
-209.5171,6.3938,173.2503,0.834554
-209.9366,6.3847,173.4732,0.834702
-210.3103,6.3767,173.6735,0.834831
-210.7316,6.3676,173.9012,0.834984
-211.1539,6.3585,174.1313,0.835128
-211.5772,6.3494,174.3638,0.835280
-211.9544,6.3413,174.5723,0.835417
-212.3799,6.3321,174.8089,0.835565
-212.7592,6.3240,175.0209,0.835703
-213.1869,6.3148,175.2613,0.835854
-213.5681,6.3067,175.4765,0.835989
-213.9981,6.2974,175.7204,0.836149
-214.3813,6.2892,175.9387,0.836289
-214.7656,6.2810,176.1584,0.836430
-215.1990,6.2718,176.4072,0.836589
-215.5854,6.2636,176.6300,0.836730
-216.0211,6.2543,176.8824,0.836887
-216.5069,6.2439,177.1649,0.837067
-216.8964,6.2357,177.3926,0.837213
-217.3358,6.2265,177.6504,0.837380
-217.8254,6.2161,177.9390,0.837555
-218.2180,6.2078,178.1715,0.837702
-218.7102,6.1975,178.4643,0.837884
-219.2036,6.1871,178.7594,0.838068
-219.6983,6.1767,179.0568,0.838256
-220.0951,6.1684,179.2964,0.838404
-220.4928,6.1601,179.5376,0.838551
-220.9910,6.1498,179.8412,0.838740
-221.3905,6.1415,180.0858,0.838890
-221.8410,6.1321,180.3627,0.839060
-222.2925,6.1228,180.6416,0.839224
-222.7451,6.1135,180.9224,0.839400
-223.1483,6.1052,181.1736,0.839550
-223.6030,6.0959,181.4580,0.839724
-224.1095,6.0855,181.7762,0.839919
-224.6172,6.0752,182.0966,0.840117
-225.1263,6.0649,182.4194,0.840306
-225.6366,6.0545,182.7445,0.840499
-226.0970,6.0453,183.0391,0.840676
-226.6095,6.0350,183.3685,0.840874
-227.1231,6.0248,183.7002,0.841070
-227.5864,6.0155,184.0006,0.841248
-227.9990,6.0074,184.2693,0.841405
-228.4641,5.9982,184.5732,0.841588
-228.9301,5.9891,184.8788,0.841765
-229.3452,5.9809,185.1520,0.841923
-229.8132,5.9718,185.4609,0.842104
-230.3345,5.9618,185.8060,0.842302
-230.8572,5.9518,186.1531,0.842501
-231.2764,5.9437,186.4320,0.842659
-231.6968,5.9358,186.7122,0.842820
-232.1708,5.9269,187.0285,0.843007
-232.5933,5.9190,187.3108,0.843162
-233.1230,5.9090,187.6651,0.843362
-233.6543,5.8993,188.0208,0.843564
-234.1339,5.8906,188.3421,0.843747
-234.5614,5.8828,188.6286,0.843905
-235.0437,5.8741,188.9520,0.844080
-235.5273,5.8656,189.2765,0.844259
-236.0121,5.8571,189.6021,0.844443
-236.5524,5.8475,189.9651,0.844641
-237.0401,5.8393,190.2930,0.844818
-237.4746,5.8319,190.5853,0.844979
-238.0192,5.8227,190.9517,0.845180
-238.5656,5.8137,191.3196,0.845375
-239.1134,5.8048,191.6886,0.845576
-239.6079,5.7968,192.0218,0.845754
-240.1589,5.7881,192.3932,0.845956
-240.6561,5.7805,192.7286,0.846125
-241.0992,5.7737,193.0275,0.846291
-241.5992,5.7661,193.3647,0.846466
-242.1002,5.7589,193.7028,0.846639
-242.5469,5.7525,194.0040,0.846800
-243.1069,5.7446,194.3816,0.846998
-243.6684,5.7371,194.7601,0.847202
-244.2317,5.7295,195.1397,0.847396
-244.7403,5.7232,195.4823,0.847570
-245.2499,5.7170,195.8256,0.847755
-245.8181,5.7101,196.2084,0.847949
-246.2735,5.7054,196.5152,0.848110
-246.8441,5.6994,196.8996,0.848306
-247.4163,5.6933,197.2850,0.848502
-247.8756,5.6893,197.5942,0.848661
-248.3929,5.6850,197.9426,0.848836
-248.9114,5.6808,198.2917,0.849015
-249.4315,5.6772,198.6418,0.849195
-250.0100,5.6742,199.0311,0.849391
-250.5895,5.6711,199.4212,0.849589
-251.1123,5.6693,199.7729,0.849767
-251.6933,5.6674,200.1639,0.849968
-252.1582,5.6660,200.4767,0.850126
-252.7391,5.6641,200.8675,0.850319
-253.2615,5.6624,201.2191,0.850498
-253.7254,5.6610,201.5314,0.850654
-254.2466,5.6593,201.8823,0.850831
-254.7670,5.6576,202.2328,0.851010
-255.2285,5.6561,202.5438,0.851169
-255.7467,5.6545,202.8929,0.851346
-256.3210,5.6527,203.2800,0.851544
-256.8937,5.6508,203.6663,0.851736
-257.4078,5.6492,204.0131,0.851915
-257.9777,5.6474,204.3977,0.852105
-258.5460,5.6456,204.7814,0.852300
-259.1127,5.6438,205.1642,0.852493
-259.6214,5.6422,205.5081,0.852668
-260.0725,5.6408,205.8133,0.852819
-260.6349,5.6390,206.1940,0.853013
-261.1957,5.6372,206.5741,0.853205
-261.6991,5.6356,206.9156,0.853378
-262.1454,5.6342,207.2186,0.853527
-262.6462,5.6327,207.5591,0.853698
-263.1458,5.6311,207.8991,0.853874
-263.6992,5.6294,208.2763,0.854065
-264.2510,5.6276,208.6528,0.854250
-264.8012,5.6259,209.0288,0.854438
-265.3498,5.6242,209.4041,0.854629
-265.8968,5.6225,209.7788,0.854815
-266.3878,5.6210,210.1156,0.854985
-266.8775,5.6195,210.4518,0.855153
-267.4202,5.6178,210.8247,0.855336
-267.9614,5.6161,211.1971,0.855525
-268.3932,5.6148,211.4945,0.855674
-268.8779,5.6133,211.8285,0.855844
-269.3077,5.6120,212.1250,0.855988
-269.8437,5.6103,212.4950,0.856176
-270.3783,5.6087,212.8643,0.856358
-270.9114,5.6071,213.2328,0.856541
-271.3369,5.6058,213.5271,0.856688
-271.8675,5.6042,213.8944,0.856868
-272.2910,5.6029,214.1876,0.857018
-272.8192,5.6013,214.5534,0.857198
-273.2934,5.5999,214.8820,0.857364
-273.7085,5.6035,215.1819,0.857508
-274.1799,5.6029,215.5098,0.857668
-274.5985,5.6022,215.8003,0.857813
-275.0681,5.6016,216.1268,0.857973
-275.4848,5.6011,216.4167,0.858117
-276.0046,5.6004,216.7782,0.858296
-276.4713,5.5998,217.1026,0.858453
-276.9888,5.5992,217.4621,0.858632
-277.5055,5.5985,217.8205,0.858811
-277.9181,5.5979,218.1064,0.858952
-278.3813,5.5973,218.4272,0.859110
-278.8949,5.5966,218.7823,0.859287
-279.3049,5.5960,219.0651,0.859429
-279.7652,5.5953,219.3821,0.859586
-280.1736,5.5947,219.6626,0.859725
-280.6320,5.5939,219.9769,0.859881
-281.0387,5.5932,220.2548,0.860019
-281.4954,5.5924,220.5661,0.860176
-282.0015,5.5914,220.9099,0.860345
-282.4055,5.5906,221.1832,0.860485
-282.9092,5.5896,221.5229,0.860654
-283.4116,5.5885,221.8601,0.860824
-283.9126,5.5874,222.1951,0.860995
-284.4118,5.5865,222.5284,0.861164
-284.8104,5.5858,222.7929,0.861297
-285.2576,5.5850,223.0888,0.861450
-285.6541,5.5842,223.3502,0.861582
-286.0990,5.5833,223.6427,0.861733
-286.5424,5.5824,223.9334,0.861883
-286.9845,5.5814,224.2225,0.862031
-287.4251,5.5804,224.5101,0.862178
-287.8154,5.5795,224.7645,0.862310
-288.3018,5.5782,225.0802,0.862475
-288.7379,5.5768,225.3637,0.862622
-289.1726,5.5755,225.6462,0.862768
-289.6061,5.5741,225.9277,0.862913
-290.0385,5.5730,226.2085,0.863061
-290.4696,5.5720,226.4884,0.863207
-290.9474,5.5710,226.7985,0.863369
-291.3763,5.5700,227.0768,0.863515
-291.8517,5.5690,227.3852,0.863674
-292.2784,5.5680,227.6620,0.863819
-292.6567,5.5672,227.9074,0.863947
-293.1284,5.5662,228.2136,0.864104
-293.5520,5.5653,228.4882,0.864248
-293.9743,5.5645,228.7621,0.864391
-294.3954,5.5636,229.0353,0.864534
-294.8615,5.5626,229.3377,0.864691
-295.2795,5.5618,229.6089,0.864833
-295.7421,5.5609,229.9092,0.864989
-296.2024,5.5601,230.2080,0.865145
-296.6606,5.5592,230.5055,0.865299
-297.1163,5.5584,230.8015,0.865454
-297.4793,5.5576,231.0367,0.865575
-297.8857,5.5566,231.3006,0.865712
-298.2451,5.5558,231.5341,0.865833
-298.6475,5.5548,231.7955,0.865967
-299.0034,5.5540,232.0267,0.866086
-299.4461,5.5531,232.3143,0.866236
-299.8859,5.5522,232.6000,0.866382
-300.3231,5.5514,232.8839,0.866530
-300.7141,5.5506,233.1377,0.866657
-301.1457,5.5497,233.4179,0.866801
-301.5315,5.5490,233.6682,0.866930
-301.9570,5.5482,233.9446,0.867069
-302.3794,5.5475,234.2184,0.867210
-302.7149,5.5470,234.4358,0.867321
-303.0900,5.5464,234.6786,0.867444
-303.4212,5.5458,234.8930,0.867551
-303.7503,5.5453,235.1059,0.867659
-304.1588,5.5446,235.3701,0.867793
-304.5238,5.5440,235.6059,0.867910
-304.9265,5.5432,235.8655,0.868041
-305.2466,5.5425,236.0715,0.868144
-305.6047,5.5418,236.3014,0.868259
-305.9613,5.5410,236.5294,0.868374
-306.2772,5.5403,236.7309,0.868475
-306.5924,5.5397,236.9308,0.868575
-306.9466,5.5389,237.1540,0.868687
-307.2611,5.5382,237.3510,0.868786
-307.6147,5.5373,237.5709,0.868893
-307.9683,5.5365,237.7890,0.869003
-308.2823,5.5358,237.9812,0.869100
-308.6357,5.5350,238.1954,0.869212
-308.9889,5.5341,238.4075,0.869316
-309.3814,5.5330,238.6406,0.869437
-309.6955,5.5321,238.8251,0.869530
-310.0490,5.5310,239.0304,0.869635
-310.4420,5.5297,239.2558,0.869755
-310.8357,5.5283,239.4782,0.869871
-311.1513,5.5270,239.6537,0.869965
-311.5065,5.5254,239.8493,0.870070
-311.8228,5.5240,240.0213,0.870162
-312.1790,5.5223,240.2124,0.870265
-312.5357,5.5205,240.4012,0.870369
-312.9326,5.5185,240.6082,0.870483
-313.2504,5.5168,240.7716,0.870572
-313.5685,5.5151,240.9332,0.870666
-313.9665,5.5129,241.1326,0.870778
-314.3250,5.5109,241.3095,0.870877
-314.7285,5.5040,241.4959,0.870992
-315.0874,5.5037,241.6682,0.871091
-315.4868,5.5033,241.8567,0.871201
-315.8870,5.5030,242.0416,0.871309
-316.2878,5.5028,242.2233,0.871422
-316.6889,5.5025,242.4019,0.871532
-317.0098,5.5023,242.5426,0.871621
-317.4112,5.5021,242.7154,0.871725
-317.7728,5.5018,242.8681,0.871822
-318.0945,5.5017,243.0019,0.871910
-318.4968,5.5016,243.1664,0.872014
-318.8993,5.5015,243.3280,0.872122
-319.2616,5.5014,243.4708,0.872218
-319.5839,5.5013,243.5956,0.872303
-319.9871,5.5012,243.7487,0.872409
-320.3500,5.5012,243.8835,0.872503
-320.6725,5.5012,244.0008,0.872588
-321.0754,5.5012,244.1439,0.872693
-321.4779,5.5012,244.2828,0.872796
-321.8396,5.5012,244.4041,0.872886
-322.2008,5.5012,244.5217,0.872980
-322.5615,5.5012,244.6355,0.873071
-322.9215,5.5012,244.7456,0.873162
-323.2411,5.5012,244.8402,0.873236
-323.6001,5.5012,244.9430,0.873330
-323.9591,5.5012,245.0422,0.873419
-324.3181,5.5012,245.1380,0.873507
-324.6772,5.5012,245.2303,0.873593
-324.9965,5.5012,245.3095,0.873673
-325.3557,5.5012,245.3955,0.873765
-325.6751,5.5012,245.4691,0.873840
-326.0744,5.5012,245.5574,0.873937
-326.4337,5.5012,245.6333,0.874022
-326.7531,5.5012,245.6979,0.874100
-327.1523,5.5012,245.7749,0.874194
-327.5115,5.5012,245.8405,0.874285
-327.8308,5.5012,245.8960,0.874358
-328.2298,5.5012,245.9613,0.874458
-328.5490,5.5012,246.0104,0.874534
-328.9080,5.5012,246.0623,0.874617
-329.2270,5.5012,246.1053,0.874695
-329.5860,5.5012,246.1502,0.874781
-329.9054,5.5012,246.1869,0.874857
-330.2251,5.5012,246.2207,0.874932
-330.6253,5.5012,246.2588,0.875023
-331.0260,5.5012,246.2923,0.875119
-331.3870,5.5012,246.3184,0.875204
-331.7082,5.5012,246.3385,0.875278
-332.0698,5.5012,246.3577,0.875366
-332.4316,5.5012,246.3732,0.875451
-332.7534,5.5012,246.3838,0.875525
-333.1560,5.5012,246.3931,0.875618
-333.5588,5.5012,246.3978,0.875714
-333.9618,5.5012,246.3980,0.875807
-334.3649,5.5012,246.3936,0.875905
-334.6876,5.5012,246.3869,0.875975
-335.0910,5.5012,246.3743,0.876068
-335.4541,5.5012,246.3590,0.876155
-335.7769,5.5012,246.3424,0.876229
-336.1400,5.5012,246.3202,0.876315
-336.4627,5.5012,246.2973,0.876387
-336.8257,5.5012,246.2681,0.876475
-337.1886,5.5012,246.2351,0.876556
-337.5110,5.5012,246.2027,0.876628
-337.9138,5.5012,246.1581,0.876729
-338.2760,5.5012,246.1140,0.876810
-338.5978,5.5012,246.0717,0.876882
-338.9596,5.5012,246.0208,0.876975
-339.2809,5.5012,245.9725,0.877050
-339.6822,5.5012,245.9083,0.877140
-340.0431,5.5012,245.8469,0.877223
-340.3639,5.5012,245.7895,0.877299
-340.7244,5.5012,245.7218,0.877382
-341.0448,5.5012,245.6589,0.877455
-341.4049,5.5012,245.5849,0.877544
-341.7249,5.5012,245.5165,0.877616
-342.0846,5.5012,245.4364,0.877707
-342.4441,5.5012,245.3531,0.877791
-342.8035,5.5012,245.2667,0.877873
-343.1228,5.5012,245.1873,0.877952
-343.5220,5.5012,245.0845,0.878043
-343.8811,5.5012,244.9887,0.878135
-344.2002,5.5012,244.9010,0.878209
-344.5192,5.5012,244.8108,0.878285
-344.8778,5.5012,244.7065,0.878368
-345.2362,5.5012,244.5991,0.878452
-345.5944,5.5012,244.4886,0.878537
-345.9127,5.5012,244.3880,0.878618
-346.2706,5.5012,244.2719,0.878700
-346.6282,5.5012,244.1528,0.878788
-346.9458,5.5012,244.0444,0.878868
-347.3029,5.5012,243.9196,0.878951
-347.6993,5.5012,243.7773,0.879049
-348.0161,5.5012,243.6608,0.879126
-348.4118,5.5012,243.5117,0.879230
-348.8070,5.5012,243.3588,0.879322
-349.1623,5.5012,243.2179,0.879411
-349.4777,5.5012,243.0902,0.879494
-349.8715,5.5012,242.9270,0.879589
-350.2647,5.5012,242.7601,0.879690
-350.6573,5.5012,242.5894,0.879790
-350.9709,5.5012,242.4500,0.879869
-351.3232,5.5012,242.2902,0.879960
-351.6748,5.5012,242.1274,0.880050
-352.0259,5.5012,241.9613,0.880140
-352.3373,5.5012,241.8111,0.880218
-352.7259,5.5012,241.6198,0.880321
-353.0748,5.5012,241.4442,0.880408
-353.4615,5.5012,241.2453,0.880514
-353.8086,5.5012,241.0630,0.880604
-354.1930,5.5012,240.8567,0.880709
-354.5379,5.5012,240.6676,0.880793
-354.9199,5.5012,240.4539,0.880897
-355.3004,5.5012,240.2363,0.881004
-355.6039,5.5012,240.0594,0.881086
-355.9441,5.5012,239.8574,0.881181
-356.2455,5.5012,239.6752,0.881260
-356.5834,5.5012,239.4674,0.881353
-356.9573,5.5012,239.2328,0.881466
-357.2923,5.5012,239.0183,0.881549
-357.6259,5.5012,238.8008,0.881643
-357.9211,5.5012,238.6050,0.881727
-358.2885,5.5012,238.3567,0.881829
-358.6541,5.5012,238.1047,0.881939
-358.9813,5.5012,237.8748,0.882031
-359.2709,5.5012,237.6678,0.882120
-359.5952,5.5012,237.4322,0.882213
-359.9178,5.5012,237.1936,0.882309
-360.2031,5.5012,236.9790,0.882397
-360.5224,5.5012,236.7349,0.882493
-360.8401,5.5012,236.4877,0.882590
-361.1909,5.5012,236.2097,0.882694
-361.5049,5.5012,235.9565,0.882790
-361.8170,5.5012,235.7003,0.882890
-362.0928,5.5012,235.4702,0.882969
-362.4355,5.5012,235.1794,0.883082
-362.7760,5.5012,234.8850,0.883192
-363.0802,5.5012,234.6170,0.883286
-363.3489,5.5012,234.3766,0.883377
-363.6825,5.5012,234.0729,0.883485
-363.9475,5.5012,233.8275,0.883575
-364.2436,5.5012,233.5489,0.883673
-364.5050,5.5012,233.2990,0.883756
-364.7969,5.5012,233.0154,0.883859
-365.0866,5.5012,232.7291,0.883962
-365.3423,5.5012,232.4725,0.884047
-365.6278,5.5012,232.1815,0.884146
-365.8797,5.5012,231.9209,0.884234
-366.1611,5.5012,231.6256,0.884329
-366.4094,5.5012,231.3613,0.884414
-366.6869,5.5012,231.0621,0.884513
-366.9319,5.5012,230.7945,0.884604
-367.2059,5.5012,230.4919,0.884704
-367.4480,5.5012,230.2215,0.884793
-367.7187,5.5012,229.9157,0.884903
-367.9877,5.5012,229.6084,0.884994
-368.2255,5.5012,229.3339,0.885085
-368.5210,5.5012,228.9892,0.885195
-368.7853,5.5012,228.6775,0.885297
-369.0189,5.5012,228.3993,0.885384
-369.2803,5.5012,228.0852,0.885487
-369.5404,5.5012,227.7699,0.885591
-369.7706,5.5012,227.4889,0.885680
-370.0285,5.5012,227.1721,0.885780
-370.2570,5.5012,226.8899,0.885869
-370.5134,5.5012,226.5719,0.885974
-370.7407,5.5012,226.2888,0.886064
-370.9958,5.5012,225.9700,0.886164
-371.2222,5.5012,225.6861,0.886259
-371.4763,5.5012,225.3663,0.886366
-371.7299,5.5012,225.0460,0.886467
-371.9830,5.5012,224.7251,0.886571
-372.2356,5.5012,224.4036,0.886672
-372.4878,5.5012,224.0816,0.886776
-372.7115,5.5012,223.7951,0.886873
-372.9630,5.5012,223.4723,0.886979
-373.2143,5.5012,223.1494,0.887077
-373.4376,5.5012,222.8623,0.887179
-373.6888,5.5012,222.5394,0.887283
-373.9123,5.5012,222.2526,0.887375
-374.1642,5.5012,221.9301,0.887476
-374.4164,5.5012,221.6076,0.887586
-374.6970,5.5012,221.2495,0.887704
-374.9217,5.5012,220.9629,0.887804
-375.1747,5.5012,220.6405,0.887908
-375.4279,5.5012,220.3182,0.888022
-375.6814,5.5012,219.9958,0.888130
-375.9636,5.5012,219.6376,0.888247
-376.2179,5.5012,219.3153,0.888358
-376.4442,5.5012,219.0289,0.888464
-376.6993,5.5012,218.7068,0.888575
-376.9264,5.5012,218.4207,0.888669
-377.2108,5.5012,218.0631,0.888799
-377.4671,5.5012,217.7414,0.888910
-377.6954,5.5013,217.4555,0.889012
-377.9526,5.5013,217.1340,0.889126
-378.2104,5.5013,216.8128,0.889249
-378.4400,5.5013,216.5274,0.889351
-378.6988,5.5013,216.2066,0.889470
-378.9581,5.5013,215.8861,0.889591
-379.2182,5.5013,215.5659,0.889715
-379.4499,5.5013,215.2818,0.889823
-379.7114,5.5013,214.9625,0.889939
-379.9444,5.5013,214.6791,0.890045
-380.2073,5.5013,214.3608,0.890169
-380.4711,5.5013,214.0430,0.890295
-380.7063,5.5013,213.7610,0.890405
-380.9716,5.5013,213.4443,0.890528
-381.2379,5.5013,213.1282,0.890655
-381.4753,5.5013,212.8478,0.890769
-381.7431,5.5013,212.5329,0.890892
-381.9819,5.5013,212.2536,0.891011
-382.2514,5.5013,211.9398,0.891133
-382.5218,5.5013,211.6267,0.891260
-382.7929,5.5013,211.3142,0.891388
-383.0953,5.5013,210.9678,0.891530
-383.3987,5.5013,210.6221,0.891666
-383.6421,5.5013,210.3461,0.891786
-383.9475,5.5013,210.0018,0.891925
-384.2232,5.5013,209.6926,0.892055
-384.4690,5.5013,209.4184,0.892167
-384.7464,5.5013,209.1104,0.892292
-384.9937,5.5013,208.8373,0.892412
-385.2729,5.5013,208.5306,0.892535
-385.5216,5.5013,208.2585,0.892652
-385.8023,5.5013,207.9531,0.892784
-386.0526,5.5013,207.6821,0.892898
-386.3349,5.5013,207.3779,0.893029
-386.6181,5.5013,207.0745,0.893156
-386.8706,5.5013,206.8054,0.893262
-387.1873,5.5013,206.4698,0.893416
-387.4414,5.5013,206.2021,0.893525
-387.7282,5.5013,205.9016,0.893659
-388.0480,5.5013,205.5686,0.893802
-388.3367,5.5013,205.2697,0.893934
-388.6263,5.5013,204.9716,0.894064
-388.9167,5.5013,204.6745,0.894196
-389.1756,5.5013,204.4111,0.894313
-389.4676,5.5013,204.1159,0.894446
-389.7601,5.5013,203.8219,0.894574
-390.0205,5.5013,203.5617,0.894701
-390.3138,5.5013,203.2704,0.894829
-390.6075,5.5013,202.9805,0.894958
-390.8687,5.5013,202.7243,0.895086
-391.1957,5.5013,202.4057,0.895225
-391.5231,5.5013,202.0891,0.895374
-391.8182,5.5013,201.8060,0.895506
-392.0808,5.5013,201.5558,0.895628
-392.4095,5.5013,201.2450,0.895772
-392.7058,5.5013,200.9671,0.895904
-393.0024,5.5013,200.6912,0.896035
-393.2994,5.5013,200.4171,0.896172
-393.5638,5.5013,200.1749,0.896288
-393.8615,5.5013,199.9042,0.896416
-394.1264,5.5013,199.6652,0.896536
-394.4247,5.5013,199.3979,0.896666
-394.7234,5.5013,199.1324,0.896797
-394.9891,5.5013,198.8979,0.896913
-395.3216,5.5013,198.6068,0.897061
-395.5880,5.5013,198.3756,0.897177
-395.8878,5.5013,198.1171,0.897303
-396.1546,5.5013,197.8889,0.897415
-396.4549,5.5013,197.6339,0.897545
-396.7553,5.5013,197.3808,0.897673
-397.0893,5.5013,197.1018,0.897813
-397.3565,5.5013,196.8803,0.897925
-397.6572,5.5013,196.6329,0.898054
-397.9245,5.5013,196.4146,0.898163
-398.2253,5.5013,196.1709,0.898284
-398.5262,5.5013,195.9290,0.898409
-398.7936,5.5013,195.7157,0.898525
-399.0946,5.5013,195.4775,0.898644
-399.4291,5.5013,195.2152,0.898782
-399.6967,5.5013,195.0072,0.898895
-399.9979,5.5013,194.7752,0.899012
-400.2657,5.5013,194.5707,0.899119
-400.5671,5.5013,194.3427,0.899245
-400.8352,5.5013,194.1418,0.899349
-401.1371,5.5013,193.9177,0.899478
-401.4395,5.5013,193.6955,0.899593
-401.7085,5.5013,193.4997,0.899699
-402.0116,5.5013,193.2811,0.899814
-402.2813,5.5013,193.0886,0.899923
-402.5851,5.5013,192.8738,0.900043
-402.8893,5.5013,192.6611,0.900155
-403.1600,5.5013,192.4739,0.900258
-403.4651,5.5013,192.2653,0.900377
-403.7706,5.5013,192.0592,0.900495
-404.0425,5.5013,191.8780,0.900599
-404.3489,5.5013,191.6767,0.900713
-404.6557,5.5013,191.4780,0.900829
-404.9971,5.5013,191.2604,0.900956
-405.2707,5.5013,191.0887,0.901056
-405.5789,5.5013,190.8981,0.901169
-405.8875,5.5013,190.7101,0.901284
-406.1622,5.5013,190.5453,0.901378
-406.4716,5.5013,190.3625,0.901495
-406.7816,5.5013,190.1823,0.901605
-407.0920,5.5013,190.0049,0.901714
-407.3685,5.5013,189.8493,0.901815
-407.6455,5.5013,189.6959,0.901910
-407.9923,5.5013,189.5070,0.902037
-408.3399,5.5013,189.3213,0.902157
-408.6882,5.5012,189.1388,0.902282
-409.0023,5.5012,188.9772,0.902386
-409.2819,5.5012,188.8357,0.902489
-409.5968,5.5012,188.6789,0.902594
-409.9474,5.5012,188.5077,0.902714
-410.2283,5.5012,188.3731,0.902808
-410.5447,5.5012,188.2241,0.902917
-410.8616,5.5012,188.0776,0.903028
-411.1436,5.5012,187.9496,0.903121
-411.4260,5.5012,187.8235,0.903217
-411.7440,5.5012,187.6842,0.903321
-412.0270,5.5012,187.5625,0.903417
-412.3811,5.5012,187.4132,0.903538
-412.7356,5.5012,187.2672,0.903652
-413.0196,5.5012,187.1526,0.903745
-413.3393,5.5012,187.0262,0.903852
-413.6237,5.5012,186.9161,0.903947
-413.9438,5.5012,186.7948,0.904049
-414.2286,5.5012,186.6892,0.904144
-414.5493,5.5012,186.5731,0.904250
-414.8345,5.5012,186.4723,0.904340
-415.1556,5.5012,186.3616,0.904448
-415.4769,5.5012,186.2539,0.904549
-415.7982,5.5012,186.1492,0.904653
-416.1555,5.5012,186.0365,0.904768
-416.4415,5.5012,185.9492,0.904861
-416.7634,5.5012,185.8542,0.904965
-417.0497,5.5012,185.7726,0.905053
-417.3718,5.5012,185.6840,0.905158
-417.6582,5.5012,185.6082,0.905247
-417.9805,5.5012,185.5261,0.905350
-418.3388,5.5012,185.4389,0.905467
-418.6255,5.5012,185.3722,0.905553
-418.9481,5.5012,185.3003,0.905659
-419.2706,5.5012,185.2317,0.905759
-419.5573,5.5012,185.1735,0.905851
-419.9157,5.5012,185.1044,0.905961
-420.2382,5.5012,185.0457,0.906065
-420.5654,5.5083,184.9990,0.906163
-420.8526,5.5118,184.9527,0.906255
-421.1763,5.5157,184.9030,0.906356
-421.4639,5.5184,184.8612,0.906444
-421.7895,5.5213,184.8160,0.906545
-422.1525,5.5246,184.7693,0.906658
-422.4426,5.5263,184.7348,0.906750
-422.7708,5.5277,184.6977,0.906852
-423.0996,5.5286,184.6631,0.906952
-423.3935,5.5291,184.6344,0.907045
-423.7245,5.5301,184.6043,0.907148
-424.0549,5.5300,184.5771,0.907250
-424.4246,5.5292,184.5500,0.907365
-424.7954,5.5285,184.5264,0.907478
-425.0917,5.5270,184.5100,0.907569
-425.4270,5.5252,184.4944,0.907672
-425.8004,5.5233,184.4807,0.907785
-426.1371,5.5218,184.4715,0.907891
-426.4738,5.5195,184.4653,0.907993
-426.8120,5.5171,184.4622,0.908098
-427.1887,5.5145,184.4624,0.908214
-427.4902,5.5122,184.4654,0.908308
-427.8305,5.5096,184.4718,0.908410
-428.1335,5.5074,184.4801,0.908506
-428.4771,5.5012,184.4831,0.908611
-428.8193,5.5012,184.4981,0.908716
-429.1241,5.5012,184.5141,0.908809
-429.4673,5.5012,184.5348,0.908914
-429.7730,5.5012,184.5552,0.909009
-430.1560,5.5012,184.5834,0.909125
-430.5398,5.5012,184.6148,0.909241
-430.8858,5.5012,184.6459,0.909348
-431.1935,5.5012,184.6757,0.909442
-431.5786,5.5012,184.7158,0.909562
-431.8870,5.5012,184.7501,0.909655
-432.2344,5.5012,184.7910,0.909761
-432.5434,5.5012,184.8296,0.909856
-432.8915,5.5012,184.8755,0.909965
-433.2400,5.5012,184.9240,0.910072
-433.5888,5.5012,184.9750,0.910180
-433.9769,5.5012,185.0345,0.910298
-434.2876,5.5012,185.0843,0.910394
-434.6764,5.5012,185.1492,0.910514
-435.0655,5.5012,185.2172,0.910637
-435.4160,5.5012,185.2810,0.910744
-435.7278,5.5012,185.3398,0.910840
-436.1178,5.5012,185.4161,0.910959
-436.4299,5.5012,185.4794,0.911057
-436.8593,5.5012,185.5695,0.911190
-437.1719,5.5012,185.6374,0.911287
-437.5237,5.5012,185.7160,0.911396
-437.8366,5.5012,185.7879,0.911490
-438.1888,5.5012,185.8709,0.911599
-438.5023,5.5012,185.9465,0.911699
-438.8945,5.5012,186.0433,0.911820
-439.2480,5.5012,186.1323,0.911931
-439.5624,5.5012,186.2130,0.912029
-439.9167,5.5012,186.3053,0.912137
-440.2320,5.5012,186.3887,0.912235
-440.6267,5.5012,186.4946,0.912360
-440.9825,5.5012,186.5915,0.912466
-441.3387,5.5012,186.6898,0.912576
-441.6558,5.5012,186.7784,0.912674
-441.9733,5.5012,186.8679,0.912774
-442.3308,5.5012,186.9698,0.912885
-442.6888,5.5012,187.0731,0.912996
-443.0074,5.5012,187.1659,0.913097
-443.3662,5.5012,187.2715,0.913208
-443.7254,5.5012,187.3784,0.913320
-444.0450,5.5012,187.4744,0.913419
-444.3651,5.5012,187.5712,0.913516
-444.7256,5.5012,187.6812,0.913628
-445.0465,5.5012,187.7799,0.913729
-445.4081,5.5012,187.8916,0.913839
-445.7301,5.5012,187.9914,0.913939
-446.0929,5.5012,188.1043,0.914051
-446.4559,5.5012,188.2174,0.914160
-446.7789,5.5012,188.3182,0.914261
-447.1425,5.5012,188.4317,0.914373
-447.5065,5.5012,188.5452,0.914483
-447.8304,5.5012,188.6460,0.914579
-448.1950,5.5012,188.7591,0.914692
-448.5196,5.5012,188.8594,0.914788
-448.8852,5.5012,188.9720,0.914897
-449.2106,5.5012,189.0715,0.914994
-449.5772,5.5012,189.1827,0.915102
-449.9444,5.5012,189.2930,0.915213
-450.3531,5.5012,189.4146,0.915332
-450.7215,5.5012,189.5229,0.915435
-451.0495,5.5012,189.6183,0.915535
-451.4192,5.5012,189.7245,0.915643
-451.7895,5.5012,189.8294,0.915750
-452.1192,5.5012,189.9215,0.915844
-452.4907,5.5012,190.0237,0.915950
-452.8213,5.5012,190.1133,0.916046
-453.1938,5.5012,190.2128,0.916151
-453.5252,5.5012,190.3001,0.916246
-453.9398,5.5012,190.4077,0.916365
-454.3133,5.5012,190.5033,0.916471
-454.6455,5.5012,190.5873,0.916565
-455.0193,5.5012,190.6807,0.916669
-455.3517,5.5012,190.7628,0.916765
-455.7673,5.5012,190.8644,0.916881
-456.1830,5.5012,190.9648,0.916998
-456.5987,5.5012,191.0639,0.917114
-457.0144,5.5012,191.1618,0.917233
-457.3469,5.5012,191.2392,0.917325
-457.7208,5.5012,191.3255,0.917430
-458.1359,5.5012,191.4203,0.917546
-458.5091,5.5012,191.5048,0.917653
-458.9234,5.5012,191.5979,0.917768
-459.3372,5.5012,191.6903,0.917881
-459.7503,5.5012,191.7821,0.917999
-460.1216,5.5012,191.8642,0.918103
-460.4923,5.5012,191.9458,0.918208
-460.8626,5.5012,192.0270,0.918311
-461.2733,5.5012,192.1166,0.918425
-461.6834,5.5012,192.2054,0.918540
-462.0110,5.5012,192.2761,0.918631
-462.3789,5.5012,192.3550,0.918735
-462.7870,5.5012,192.4422,0.918846
-463.1943,5.5012,192.5288,0.918959
-463.5602,5.5012,192.6064,0.919063
-463.9659,5.5012,192.6920,0.919174
-464.3706,5.5012,192.7771,0.919287
-464.7745,5.5012,192.8617,0.919398
-465.1371,5.5012,192.9374,0.919499
-465.5392,5.5012,193.0211,0.919610
-465.9003,5.5012,193.0961,0.919707
-466.2606,5.5012,193.1706,0.919806
-466.6200,5.5012,193.2448,0.919904
-466.9786,5.5012,193.3186,0.920000
-467.2966,5.5012,193.3840,0.920088
-467.6932,5.5012,193.4656,0.920192
-468.0888,5.5012,193.5469,0.920299
-468.4834,5.5012,193.6280,0.920406
-468.8769,5.5012,193.7088,0.920509
-469.2303,5.5012,193.7812,0.920605
-469.6220,5.5012,193.8613,0.920709
-469.9347,5.5012,193.9251,0.920791
-470.3248,5.5012,194.0046,0.920892
-470.6362,5.5012,194.0678,0.920973
-470.9859,5.5012,194.1386,0.921067
-471.2962,5.5012,194.2012,0.921147
-471.6448,5.5012,194.2710,0.921233
-472.0316,5.5012,194.3479,0.921335
-472.4179,5.5012,194.4240,0.921432
-472.8043,5.5012,194.4992,0.921530
-473.1519,5.5012,194.5662,0.921618
-473.4998,5.5012,194.6324,0.921706
-473.8863,5.5012,194.7049,0.921801
-474.2343,5.5012,194.7692,0.921890
-474.5439,5.5012,194.8254,0.921961
-474.8925,5.5012,194.8875,0.922050
-475.2025,5.5012,194.9415,0.922123
-475.5515,5.5012,195.0009,0.922213
-475.9008,5.5012,195.0587,0.922294
-476.2115,5.5012,195.1089,0.922369
-476.5613,5.5012,195.1637,0.922451
-476.9502,5.5012,195.2225,0.922547
-477.3395,5.5012,195.2790,0.922638
-477.7292,5.5012,195.3331,0.922728
-478.0411,5.5012,195.3746,0.922801
-478.3923,5.5012,195.4193,0.922886
-478.7047,5.5012,195.4572,0.922958
-479.0953,5.5012,195.5021,0.923045
-479.4471,5.5012,195.5400,0.923131
-479.8385,5.5012,195.5792,0.923222
-480.1518,5.5012,195.6084,0.923285
-480.5438,5.5012,195.6421,0.923384
-480.8970,5.5012,195.6696,0.923462
-481.2505,5.5012,195.6945,0.923540
-481.5651,5.5012,195.7144,0.923608
-481.8799,5.5012,195.7321,0.923678
-482.2737,5.5012,195.7510,0.923769
-482.6285,5.5012,195.7649,0.923853
-482.9442,5.5012,195.7747,0.923921
-483.3390,5.5012,195.7836,0.924007
-483.7341,5.5012,195.7885,0.924090
-484.1294,5.5012,195.7894,0.924179
-484.5248,5.5012,195.7864,0.924273
-484.8411,5.5012,195.7810,0.924340
-485.1970,5.5012,195.7719,0.924421
-485.5132,5.5012,195.7610,0.924485
-485.8690,5.5012,195.7456,0.924566
-486.2246,5.5012,195.7269,0.924642
-486.5799,5.5012,195.7049,0.924717
-486.9745,5.5012,195.6766,0.924802
-487.3689,5.5012,195.6442,0.924889
-487.7629,5.5012,195.6076,0.924973
-488.1565,5.5012,195.5667,0.925059
-488.5497,5.5012,195.5215,0.925140
-488.8640,5.5012,195.4822,0.925207
-489.1778,5.5012,195.4401,0.925272
-489.5305,5.5012,195.3892,0.925352
-489.8827,5.5012,195.3346,0.925427
-490.2343,5.5012,195.2763,0.925505
-490.5462,5.5012,195.2213,0.925568
-490.8965,5.5012,195.1560,0.925640
-491.2072,5.5012,195.0948,0.925710
-491.5559,5.5012,195.0224,0.925779
-491.8651,5.5012,194.9548,0.925845
-492.2119,5.5012,194.8750,0.925925
-492.5575,5.5012,194.7912,0.925997
-492.9018,5.5012,194.7033,0.926068
-493.2827,5.5012,194.6008,0.926150
-493.6238,5.5012,194.5042,0.926223
-493.9634,5.5012,194.4035,0.926301
-494.3012,5.5012,194.2986,0.926375
-494.6373,5.5012,194.1898,0.926446
-494.9716,5.5012,194.0770,0.926516
-495.3408,5.5012,193.9472,0.926595
-495.6711,5.5012,193.8263,0.926677
-495.9995,5.5012,193.7016,0.926752
-496.3621,5.5012,193.5587,0.926830
-496.6863,5.5012,193.4260,0.926902
-497.0087,5.5012,193.2896,0.926973
-497.2938,5.5012,193.1651,0.927043
-497.6129,5.5012,193.0216,0.927111
-497.9303,5.5012,192.8742,0.927183
-498.2809,5.5012,192.7061,0.927260
-498.6294,5.5012,192.5333,0.927340
-498.9411,5.5012,192.3738,0.927414
-499.2166,5.5012,192.2289,0.927477
-499.5248,5.5012,192.0625,0.927551
-499.7972,5.5012,191.9114,0.927616
-500.1355,5.5012,191.7186,0.927699
-500.4714,5.5012,191.5212,0.927781
-500.7383,5.5012,191.3601,0.927843
-501.0697,5.5012,191.1547,0.927928
-501.3656,5.5012,190.9661,0.928006
-501.6269,5.5012,190.7955,0.928064
-501.8864,5.5012,190.6223,0.928132
-502.1763,5.5012,190.4241,0.928199
-502.4321,5.5012,190.2451,0.928263
-502.7177,5.5012,190.0408,0.928335
-502.9698,5.5012,189.8565,0.928400
-503.2511,5.5012,189.6463,0.928480
-503.5302,5.5012,189.4332,0.928555
-503.7763,5.5012,189.2413,0.928619
-504.0511,5.5012,189.0226,0.928691
-504.2934,5.5012,188.8258,0.928761
-504.5936,5.5012,188.5767,0.928846
-504.8318,5.5012,188.3748,0.928919
-505.0975,5.5012,188.1449,0.928993
-505.3317,5.5012,187.9382,0.929068
-505.5928,5.5012,187.7029,0.929144
-505.8801,5.5012,187.4382,0.929229
-506.1077,5.5012,187.2241,0.929299
-506.3613,5.5012,186.9808,0.929380
-506.6125,5.5012,186.7348,0.929457
-506.8337,5.5012,186.5141,0.929522
-507.0800,5.5012,186.2634,0.929601
-507.3510,5.5012,185.9820,0.929687
-507.5922,5.5012,185.7260,0.929766
-507.8571,5.5012,185.4387,0.929847
-508.1189,5.5012,185.1483,0.929938
-508.3774,5.5012,184.8549,0.930030
-508.5818,5.5012,184.6181,0.930098
-508.8593,5.5012,184.2895,0.930198
-509.0833,5.5012,184.0181,0.930275
-509.3289,5.5012,183.7140,0.930363
-509.5468,5.5012,183.4379,0.930432
-509.7381,5.5012,183.1908,0.930504
-509.9505,5.5012,182.9109,0.930585
-510.1600,5.5012,182.6290,0.930665
-510.3891,5.5012,182.3136,0.930747
-510.5696,5.5012,182.0595,0.930824
-510.7699,5.5012,181.7720,0.930902
-510.9454,5.5012,181.5150,0.930973
-511.1399,5.5012,181.2243,0.931053
-511.3104,5.5012,180.9646,0.931128
-511.4992,5.5012,180.6711,0.931205
-511.6647,5.5012,180.4090,0.931280
-511.8481,5.5012,180.1129,0.931365
-512.0286,5.5012,179.8155,0.931442
-512.1868,5.5012,179.5500,0.931512
-512.3624,5.5012,179.2501,0.931587
-512.5353,5.5012,178.9487,0.931672
-512.7059,5.5012,178.6459,0.931747
-512.8741,5.5012,178.3417,0.931832
-513.0215,5.5012,178.0702,0.931902
-513.1852,5.5012,177.7634,0.931994
-513.3465,5.5012,177.4554,0.932081
-513.4880,5.5012,177.1805,0.932160
-513.6450,5.5012,176.8701,0.932254
-513.7828,5.5012,176.5932,0.932337
-513.9357,5.5012,176.2803,0.932424
-514.0697,5.5012,176.0011,0.932511
-514.2347,5.5012,175.6508,0.932609
-514.3809,5.5012,175.3340,0.932705
-514.5088,5.5012,175.0514,0.932791
-514.6506,5.5012,174.7322,0.932881
-514.7900,5.5012,174.4118,0.932975
-514.9272,5.5012,174.0901,0.933069
-515.0769,5.5012,173.7312,0.933171
-515.1946,5.5012,173.4431,0.933249
-515.3249,5.5012,173.1180,0.933343
-515.4388,5.5012,172.8282,0.933422
-515.5649,5.5012,172.5014,0.933516
-515.6754,5.5012,172.2102,0.933593
-515.7977,5.5012,171.8819,0.933682
-515.9049,5.5012,171.5896,0.933767
-516.0239,5.5012,171.2601,0.933859
-516.1411,5.5012,170.9300,0.933943
-516.2565,5.5012,170.5992,0.934025
-516.3703,5.5012,170.2678,0.934120
-516.4824,5.5012,169.9357,0.934203
-516.5928,5.5012,169.6030,0.934298
-516.6898,5.5012,169.3066,0.934388
-516.7975,5.5012,168.9727,0.934470
-516.9040,5.5012,168.6380,0.934562
-516.9976,5.5012,168.3400,0.934642
-517.1021,5.5012,168.0042,0.934728
-517.1942,5.5012,167.7052,0.934813
-517.2969,5.5012,167.3682,0.934902
-517.3990,5.5012,167.0307,0.934990
-517.4892,5.5012,166.7303,0.935083
-517.5901,5.5012,166.3918,0.935158
-517.6908,5.5012,166.0528,0.935255
-517.7908,5.5012,165.7133,0.935339
-517.8905,5.5012,165.3730,0.935431
-517.9897,5.5012,165.0322,0.935530
-518.0776,5.5012,164.7288,0.935608
-518.1763,5.5012,164.3870,0.935700
-518.2639,5.5012,164.0827,0.935783
-518.3622,5.5012,163.7399,0.935865
-518.4496,5.5012,163.4347,0.935952
-518.5479,5.5012,163.0909,0.936046
-518.6462,5.5012,162.7467,0.936137
-518.7338,5.5012,162.4403,0.936218
-518.8325,5.5012,162.0952,0.936317
-518.9202,5.5012,161.7879,0.936401
-519.0187,5.5012,161.4417,0.936491
-519.1065,5.5012,161.1333,0.936572
-519.2050,5.5012,160.7858,0.936667
-519.3034,5.5012,160.4377,0.936759
-519.4127,5.5012,160.0500,0.936871
-519.4998,5.5012,159.7392,0.936955
-519.5977,5.5012,159.3887,0.937052
-519.7059,5.5012,158.9986,0.937158
-519.7924,5.5012,158.6859,0.937239
-519.8788,5.5012,158.3727,0.937326
-519.9757,5.5012,158.0196,0.937427
-520.0617,5.5012,157.7053,0.937512
-520.1584,5.5012,157.3511,0.937609
-520.2550,5.5012,156.9965,0.937705
-520.3513,5.5012,156.6415,0.937804
-520.4367,5.5012,156.3256,0.937893
-520.5324,5.5012,155.9698,0.937985
-520.6280,5.5012,155.6137,0.938084
-520.7126,5.5012,155.2967,0.938173
-520.8075,5.5012,154.9397,0.938272
-520.8915,5.5012,154.6221,0.938360
-520.9960,5.5012,154.2246,0.938468
-521.1002,5.5012,153.8267,0.938580
-521.2037,5.5012,153.4282,0.938689
-521.2864,5.5012,153.1093,0.938774
-521.3790,5.5012,152.7501,0.938876
-521.4611,5.5012,152.4307,0.938966
-521.5532,5.5012,152.0709,0.939063
-521.6449,5.5012,151.7110,0.939168
-521.7264,5.5012,151.3908,0.939253
-521.8180,5.5012,151.0304,0.939353
-521.9094,5.5012,150.6697,0.939456
-522.0010,5.5012,150.3085,0.939557
-522.1027,5.5012,149.9066,0.939668
-522.1843,5.5012,149.5847,0.939760
-522.2862,5.5012,149.1817,0.939870
-522.3780,5.5012,148.8185,0.939964
-522.4699,5.5012,148.4548,0.940075
-522.5518,5.5012,148.1310,0.940162
-522.6440,5.5012,147.7665,0.940265
-522.7363,5.5012,147.4012,0.940370
-522.8289,5.5012,147.0356,0.940470
-522.9114,5.5012,146.7101,0.940563
-523.0043,5.5012,146.3435,0.940666
-523.0870,5.5012,146.0171,0.940754
-523.1803,5.5012,145.6495,0.940859
-523.2633,5.5012,145.3222,0.940951
-523.3569,5.5012,144.9535,0.941057
-523.4402,5.5012,144.6254,0.941146
-523.5237,5.5012,144.2967,0.941240
-523.6177,5.5012,143.9265,0.941346
-523.7222,5.5012,143.5146,0.941452
-523.8060,5.5012,143.1846,0.941554
-523.9006,5.5012,142.8129,0.941659
-523.9847,5.5012,142.4820,0.941753
-524.0795,5.5012,142.1092,0.941859
-524.1640,5.5012,141.7774,0.941952
-524.2591,5.5012,141.4036,0.942057
-524.3437,5.5012,141.0708,0.942159
-524.4496,5.5012,140.6544,0.942275
-524.5558,5.5012,140.2371,0.942397
-524.6514,5.5012,139.8611,0.942498
-524.7365,5.5012,139.5264,0.942594
-524.8324,5.5012,139.1494,0.942700
-524.9285,5.5012,138.7717,0.942810
-525.0353,5.5012,138.3515,0.942935
-525.1422,5.5012,137.9307,0.943051
-525.2386,5.5012,137.5513,0.943156
-525.3246,5.5012,137.2136,0.943256
-525.4213,5.5012,136.8334,0.943363
-525.5072,5.5012,136.4948,0.943461
-525.6039,5.5012,136.1135,0.943572
-525.6899,5.5012,135.7741,0.943671
-525.7979,5.5012,135.3493,0.943789
-525.9059,5.5012,134.9238,0.943913
-525.9924,5.5012,134.5829,0.944012
-526.1006,5.5012,134.1564,0.944133
-526.1984,5.5012,133.7719,0.944249
-526.3070,5.5012,133.3439,0.944367
-526.4048,5.5012,132.9583,0.944473
-526.5137,5.5012,132.5293,0.944601
-526.6120,5.5012,132.1425,0.944714
-526.6993,5.5012,131.7983,0.944812
-526.7977,5.5012,131.4106,0.944924
-526.8960,5.5012,131.0224,0.945034
-526.9834,5.5012,130.6769,0.945129
-527.0822,5.5012,130.2877,0.945247
-527.1700,5.5012,129.9413,0.945350
-527.2689,5.5012,129.5511,0.945460
-527.3677,5.5012,129.1605,0.945573
-527.4778,5.5012,128.7259,0.945697
-527.5772,5.5012,128.3342,0.945809
-527.6877,5.5012,127.8984,0.945936
-527.7761,5.5012,127.5492,0.946038
-527.8755,5.5012,127.1560,0.946157
-527.9641,5.5012,126.8059,0.946254
-528.0640,5.5012,126.4116,0.946369
-528.1639,5.5012,126.0167,0.946482
-528.2526,5.5012,125.6652,0.946585
-528.3522,5.5012,125.2692,0.946700
-528.4407,5.5012,124.9167,0.946801
-528.5513,5.5012,124.4755,0.946928
-528.6616,5.5012,124.0337,0.947054
-528.7495,5.5012,123.6799,0.947157
-528.8484,5.5012,123.2815,0.947275
-528.9581,5.5012,122.8383,0.947402
-529.0457,5.5012,122.4833,0.947505
-529.1546,5.5012,122.0392,0.947633
-529.2524,5.5012,121.6389,0.947749
-529.3605,5.5012,121.1938,0.947878
-529.4574,5.5012,120.7926,0.947997
-529.5433,5.5012,120.4358,0.948101
-529.6395,5.5012,120.0340,0.948214
-529.7461,5.5012,119.5871,0.948344
-529.8310,5.5012,119.2293,0.948448
-529.9366,5.5012,118.7817,0.948579
-530.0419,5.5012,118.3336,0.948705
-530.1363,5.5012,117.9300,0.948825
-530.2406,5.5012,117.4813,0.948952
-530.3342,5.5012,117.0770,0.949070
-530.4376,5.5012,116.6274,0.949198
-530.5201,5.5012,116.2675,0.949303
-530.6227,5.5012,115.8172,0.949433
-530.7044,5.5012,115.4568,0.949538
-530.7958,5.5012,115.0510,0.949659
-530.8869,5.5012,114.6451,0.949777
-530.9774,5.5012,114.2389,0.949894
-531.0773,5.5012,113.7874,0.950025
-531.1765,5.5012,113.3356,0.950149
-531.2748,5.5012,112.8836,0.950284
-531.3724,5.5012,112.4313,0.950416
-531.4498,5.5012,112.0693,0.950521
-531.5363,5.5012,111.6618,0.950636
-531.6313,5.5012,111.2089,0.950769
-531.7068,5.5012,110.8464,0.950873
-531.7817,5.5012,110.4837,0.950980
-531.8654,5.5012,110.0756,0.951096
-531.9482,5.5012,109.6674,0.951214
-532.0214,5.5012,109.3043,0.951318
-532.1119,5.5012,108.8503,0.951451
-532.2015,5.5012,108.3962,0.951578
-532.2814,5.5012,107.9872,0.951699
-532.3693,5.5012,107.5327,0.951832
-532.4563,5.5012,107.0779,0.951961
-532.5423,5.5012,106.6230,0.952090
-532.6274,5.5012,106.1678,0.952221
-532.7031,5.5012,105.7580,0.952341
-532.7781,5.5012,105.3481,0.952461
-532.8442,5.5012,104.9837,0.952565
-532.9179,5.5012,104.5736,0.952683
-532.9910,5.5012,104.1634,0.952803
-533.0554,5.5012,103.7987,0.952906
-533.1351,5.5012,103.3427,0.953037
-533.2141,5.5012,102.8866,0.953169
-533.2922,5.5012,102.4305,0.953300
-533.3698,5.5012,101.9742,0.953432
-533.4314,5.5012,101.6092,0.953538
-533.5002,5.5012,101.1987,0.953653
-533.5611,5.5012,100.8337,0.953755
-533.6368,5.5012,100.3775,0.953890
-533.6972,5.5012,100.0125,0.953996
-533.7648,5.5012,99.6019,0.954111
-533.8320,5.5012,99.1913,0.954228
-533.8915,5.5012,98.8262,0.954336
-533.9655,5.5012,98.3699,0.954467
-534.0244,5.5012,98.0049,0.954570
-534.0977,5.5012,97.5484,0.954704
-534.1633,5.5012,97.1377,0.954822
-534.2360,5.5012,96.6812,0.954954
-534.2938,5.5012,96.3161,0.955064
-534.3588,5.5012,95.9053,0.955181
-534.4164,5.5012,95.5401,0.955284
-534.4884,5.5012,95.0838,0.955417
-534.5532,5.5012,94.6732,0.955535
-534.6254,5.5012,94.2169,0.955667
-534.6830,5.5012,93.8520,0.955769
-534.7479,5.5012,93.4414,0.955889
-534.8054,5.5012,93.0765,0.955994
-534.8774,5.5012,92.6204,0.956128
-534.9423,5.5012,92.2099,0.956247
-535.0071,5.5012,91.7994,0.956365
-535.0719,5.5012,91.3889,0.956482
-535.1367,5.5012,90.9783,0.956604
-535.2087,5.5012,90.5221,0.956732
-535.2807,5.5012,90.0658,0.956864
-535.3527,5.5012,89.6096,0.956995
-535.4103,5.5012,89.2443,0.957102
-535.4749,5.5012,88.8334,0.957219
-535.5392,5.5012,88.4224,0.957340
-535.6035,5.5012,88.0112,0.957457
-535.6745,5.5012,87.5544,0.957590
-535.7454,5.5012,87.0974,0.957719
-535.8091,5.5012,86.6860,0.957838
-535.8868,5.5012,86.1830,0.957986
-535.9501,5.5012,85.7715,0.958104
-536.0132,5.5012,85.3599,0.958224
-536.0828,5.5012,84.9025,0.958355
-536.1382,5.5012,84.5366,0.958459
-536.2002,5.5012,84.1249,0.958578
-536.2686,5.5012,83.6673,0.958711
-536.3297,5.5012,83.2555,0.958831
-536.3905,5.5012,82.8435,0.958948
-536.4510,5.5012,82.4316,0.959066
-536.5178,5.5012,81.9737,0.959198
-536.5844,5.5012,81.5159,0.959329
-536.6439,5.5012,81.1038,0.959448
-536.7097,5.5012,80.6459,0.959580
-536.7751,5.5012,80.1879,0.959710
-536.8401,5.5012,79.7299,0.959844
-536.8921,5.5012,79.3635,0.959949
-536.9504,5.5012,78.9511,0.960068
-537.0020,5.5012,78.5846,0.960176
-537.0601,5.5012,78.1722,0.960293
-537.1242,5.5012,77.7141,0.960427
-537.1755,5.5012,77.3474,0.960531
-537.2332,5.5012,76.9350,0.960649
-537.2974,5.5012,76.4767,0.960779
-537.3610,5.5012,76.0182,0.960912
-537.4119,5.5012,75.6514,0.961019
-537.4753,5.5012,75.1927,0.961151
-537.5382,5.5012,74.7339,0.961287
-537.6008,5.5012,74.2749,0.961416
-537.6567,5.5012,73.8617,0.961534
-537.7185,5.5012,73.4023,0.961667
-537.7674,5.5012,73.0347,0.961771
-537.8161,5.5012,72.6670,0.961878
-537.8765,5.5012,72.2072,0.962010
-537.9304,5.5012,71.7933,0.962129
-537.9780,5.5012,71.4253,0.962234
-538.0311,5.5012,71.0111,0.962353
-538.0837,5.5012,70.5969,0.962475
-538.1360,5.5012,70.1825,0.962594
-538.1879,5.5012,69.7681,0.962710
-538.2449,5.5012,69.3074,0.962842
-538.2958,5.5012,68.8927,0.962965
-538.3519,5.5012,68.4318,0.963096
-538.3964,5.5012,68.0631,0.963200
-538.4461,5.5012,67.6482,0.963319
-538.4901,5.5012,67.2794,0.963427
-538.5392,5.5012,66.8644,0.963546
-538.5881,5.5012,66.4494,0.963663
-538.6315,5.5012,66.0804,0.963770
-538.6798,5.5012,65.6654,0.963887
-538.7333,5.5012,65.2041,0.964019
-538.7864,5.5012,64.7428,0.964153
-538.8393,5.5012,64.2814,0.964286
-538.8920,5.5012,63.8199,0.964416
-538.9392,5.5012,63.4046,0.964535
-538.9863,5.5012,62.9893,0.964656
-539.0385,5.5012,62.5278,0.964786
-539.0852,5.5012,62.1122,0.964906
-539.1318,5.5012,61.6966,0.965027
-539.1729,5.5012,61.3272,0.965133
-539.2189,5.5012,60.9115,0.965251
-539.2597,5.5012,60.5419,0.965357
-539.3104,5.5012,60.0798,0.965488
-539.3608,5.5012,59.6177,0.965623
-539.4108,5.5012,59.1554,0.965756
-539.4605,5.5012,58.6931,0.965888
-539.5001,5.5012,58.3232,0.965992
-539.5444,5.5012,57.9070,0.966114
-539.5839,5.5012,57.5371,0.966219
-539.6233,5.5012,57.1671,0.966327
-539.6674,5.5012,56.7510,0.966445
-539.7067,5.5012,56.3812,0.966550
-539.7511,5.5012,55.9652,0.966667
-539.7906,5.5012,55.5954,0.966775
-539.8351,5.5012,55.1794,0.966897
-539.8748,5.5012,54.8096,0.967002
-539.9246,5.5012,54.3474,0.967137
-539.9695,5.5012,53.9314,0.967254
-540.0095,5.5012,53.5617,0.967358
-540.0596,5.5012,53.0996,0.967493
-540.1001,5.5012,52.7299,0.967596
-540.1508,5.5012,52.2677,0.967730
-540.2017,5.5012,51.8057,0.967861
-540.2530,5.5012,51.3437,0.967996
-540.3047,5.5012,50.8816,0.968126
-540.3464,5.5012,50.5120,0.968235
-540.3934,5.5012,50.0963,0.968356
-540.4462,5.5012,49.6343,0.968489
-540.4938,5.5012,49.2185,0.968607
-540.5365,5.5012,48.8489,0.968711
-540.5901,5.5012,48.3868,0.968842
-540.6440,5.5012,47.9247,0.968975
-540.6980,5.5012,47.4625,0.969109
-540.7469,5.5012,47.0465,0.969225
-540.7958,5.5012,46.6303,0.969345
-540.8501,5.5012,46.1679,0.969481
-540.8990,5.5012,45.7516,0.969604
-540.9537,5.5012,45.2890,0.969736
-541.0085,5.5012,44.8263,0.969867
-541.0523,5.5012,44.4560,0.969973
-541.1017,5.5012,44.0395,0.970090
-541.1511,5.5012,43.6229,0.970212
-541.2061,5.5012,43.1598,0.970346
-541.2611,5.5012,42.6966,0.970479
-541.3160,5.5012,42.2333,0.970612
-541.3710,5.5012,41.7699,0.970747
-541.4204,5.5012,41.3528,0.970864
-541.4698,5.5012,40.9357,0.970986
-541.5248,5.5012,40.4721,0.971117
-541.5742,5.5012,40.0548,0.971235
-541.6292,5.5012,39.5911,0.971371
-541.6786,5.5012,39.1737,0.971487
-541.7280,5.5012,38.7563,0.971606
-541.7720,5.5012,38.3852,0.971717
-541.8214,5.5012,37.9676,0.971835
-541.8654,5.5012,37.5964,0.971941
-541.9203,5.5012,37.1323,0.972072
-541.9752,5.5012,36.6682,0.972207
-542.0302,5.5012,36.2040,0.972345
-542.0851,5.5012,35.7397,0.972473
-542.1345,5.5012,35.3218,0.972595
-542.1895,5.5012,34.8573,0.972727
-542.2444,5.5012,34.3929,0.972863
-542.2993,5.5012,33.9283,0.972993
-542.3488,5.5012,33.5102,0.973116
-542.3927,5.5012,33.1384,0.973223
-542.4421,5.5012,32.7201,0.973345
-542.4971,5.5012,32.2553,0.973476
-542.5520,5.5012,31.7904,0.973612
-542.6069,5.5012,31.3255,0.973744
-542.6509,5.5012,30.9535,0.973849
-542.7058,5.5012,30.4884,0.973988
-542.7498,5.5012,30.1163,0.974091
-542.7992,5.5012,29.6976,0.974211
-542.8486,5.5012,29.2788,0.974332
-542.8981,5.5012,28.8600,0.974450
-542.9530,5.5012,28.3946,0.974585
-542.9969,5.5012,28.0222,0.974694
-543.0464,5.5012,27.6032,0.974817
-543.0958,5.5012,27.1842,0.974938
-543.1450,5.5012,26.7650,0.975059
-543.1996,5.5012,26.2992,0.975189
-543.2542,5.5012,25.8332,0.975327
-543.3085,5.5012,25.3671,0.975459
-543.3627,5.5012,24.9008,0.975594
-543.4058,5.5012,24.5278,0.975700
-543.4542,5.5012,24.1081,0.975825
-543.5080,5.5012,23.6416,0.975957
-543.5618,5.5012,23.1750,0.976091
-543.6149,5.5012,22.7084,0.976225
-543.6574,5.5012,22.3349,0.976334
-543.7053,5.5012,21.9148,0.976454
-543.7581,5.5012,21.4479,0.976591
-543.8107,5.5012,20.9809,0.976726
-543.8633,5.5012,20.5137,0.976863
-543.9158,5.5012,20.0463,0.976990
-543.9679,5.5012,19.5788,0.977125
-544.0095,5.5012,19.2048,0.977238
-544.0511,5.5012,18.8307,0.977343
-544.0978,5.5012,18.4097,0.977467
-544.1391,5.5012,18.0354,0.977575
-544.1907,5.5012,17.5675,0.977704
-544.2370,5.5012,17.1463,0.977827
-544.2783,5.5012,16.7718,0.977942
-544.3249,5.5012,16.3506,0.978061
-544.3664,5.5012,15.9761,0.978167
-544.4183,5.5012,15.5081,0.978299
-544.4705,5.5012,15.0398,0.978435
-544.5227,5.5012,14.5715,0.978574
-544.5646,5.5012,14.1968,0.978680
-544.6171,5.5012,13.7284,0.978814
-544.6696,5.5012,13.2597,0.978950
-544.7116,5.5012,12.8848,0.979054
-544.7641,5.5012,12.4159,0.979193
-544.8112,5.5012,11.9937,0.979317
-544.8531,5.5012,11.6184,0.979430
-544.9056,5.5012,11.1492,0.979557
-544.9529,5.5012,10.7268,0.979681
-544.9949,5.5012,10.3512,0.979784
-545.0474,5.5012,9.8818,0.979921
-545.0999,5.5012,9.4122,0.980060
-545.1523,5.5012,8.9425,0.980201
-545.1996,5.5012,8.5197,0.980322
-545.2521,5.5012,8.0500,0.980455
-545.3046,5.5012,7.5800,0.980592
-545.3519,5.5012,7.1571,0.980714
-545.3992,5.5012,6.7340,0.980838
-545.4467,5.5012,6.3109,0.980957
-545.4891,5.5012,5.9349,0.981066
-545.5370,5.5012,5.5118,0.981192
-545.5798,5.5012,5.1357,0.981297
-545.6279,5.5012,4.7125,0.981419
-545.6708,5.5012,4.3363,0.981525
-545.7191,5.5012,3.9130,0.981649
-545.7731,5.5012,3.4427,0.981780
-545.8163,5.5012,3.0662,0.981892
-545.8704,5.5012,2.5957,0.982030
-545.9246,5.5012,2.1249,0.982166
-545.9733,5.5012,1.7013,0.982289
-546.0222,5.5012,1.2776,0.982413
-546.0712,5.5012,0.8537,0.982535
-546.1149,5.5012,0.4769,0.982644
-546.1696,5.5012,0.0059,0.982781
-546.2187,5.5012,-0.4181,0.982899
-546.2625,5.5012,-0.7952,0.983008
-546.3174,5.5012,-1.2665,0.983143
-546.3724,5.5012,-1.7378,0.983282
-546.4273,5.5012,-2.2094,0.983420
-546.4822,5.5012,-2.6810,0.983553
-546.5317,5.5012,-3.1057,0.983680
-546.5866,5.5012,-3.5775,0.983812
-546.6415,5.5012,-4.0496,0.983947
-546.6965,5.5012,-4.5216,0.984090
-546.7514,5.5012,-4.9937,0.984224
-546.7953,5.5012,-5.3715,0.984336
-546.8447,5.5012,-5.7966,0.984454
-546.8941,5.5012,-6.2217,0.984577
-546.9435,5.5012,-6.6469,0.984698
-546.9984,5.5012,-7.1195,0.984832
-547.0533,5.5012,-7.5921,0.984973
-547.1082,5.5012,-8.0649,0.985108
-547.1628,5.5012,-8.5378,0.985243
-547.2173,5.5012,-9.0108,0.985386
-547.2716,5.5012,-9.4840,0.985516
-547.3205,5.5012,-9.9099,0.985642
-547.3748,5.5012,-10.3832,0.985781
-547.4235,5.5012,-10.8093,0.985899
-547.4666,5.5012,-11.1881,0.986007
-547.5153,5.5012,-11.6143,0.986136
-547.5639,5.5012,-12.0406,0.986252
-547.6122,5.5012,-12.4670,0.986381
-547.6660,5.5012,-12.9409,0.986518
-547.7089,5.5012,-13.3201,0.986630
-547.7571,5.5012,-13.7466,0.986754
-547.8106,5.5012,-14.2207,0.986887
-547.8640,5.5012,-14.6949,0.987020
-547.9120,5.5012,-15.1217,0.987150
-547.9653,5.5012,-15.5962,0.987282
-548.0182,5.5012,-16.0706,0.987426
-548.0658,5.5012,-16.4978,0.987546
-548.1080,5.5012,-16.8775,0.987661
-548.1554,5.5012,-17.3049,0.987782
-548.2081,5.5012,-17.7798,0.987916
-548.2607,5.5012,-18.2547,0.988055
-548.3026,5.5012,-18.6347,0.988164
-548.3547,5.5012,-19.1099,0.988306
-548.4067,5.5012,-19.5853,0.988443
-548.4587,5.5012,-20.0607,0.988577
-548.5002,5.5012,-20.4411,0.988689
-548.5518,5.5012,-20.9166,0.988828
-548.6032,5.5012,-21.3922,0.988963
-548.6547,5.5012,-21.8680,0.989103
-548.6957,5.5012,-22.2486,0.989213
-548.7419,5.5012,-22.6769,0.989337
-548.7879,5.5012,-23.1053,0.989464
-548.8289,5.5012,-23.4859,0.989570
-548.8801,5.5012,-23.9619,0.989712
-548.9211,5.5012,-24.3426,0.989822
-548.9673,5.5012,-24.7710,0.989944
-549.0087,5.5012,-25.1517,0.990053
-549.0554,5.5012,-25.5800,0.990180
-549.1074,5.5012,-26.0560,0.990318
-549.1594,5.5012,-26.5322,0.990453
-549.2115,5.5012,-27.0084,0.990592
-549.2635,5.5012,-27.4847,0.990734
-549.3052,5.5012,-27.8657,0.990846
-549.3522,5.5012,-28.2944,0.990967
-549.3941,5.5012,-28.6756,0.991080
-549.4466,5.5012,-29.1522,0.991214
-549.4991,5.5012,-29.6288,0.991355
-549.5463,5.5012,-30.0578,0.991477
-549.5989,5.5012,-30.5345,0.991617
-549.6515,5.5012,-31.0114,0.991756
-549.6935,5.5012,-31.3929,0.991864
-549.7462,5.5012,-31.8699,0.992004
-549.7992,5.5012,-32.3469,0.992141
-549.8523,5.5012,-32.8239,0.992278
-549.8948,5.5012,-33.2055,0.992389
-549.9480,5.5012,-33.6827,0.992527
-549.9960,5.5012,-34.1122,0.992644
-550.0439,5.5012,-34.5419,0.992774
-550.0865,5.5012,-34.9238,0.992883
-550.1396,5.5012,-35.4014,0.993028
-550.1927,5.5012,-35.8791,0.993160
-550.2405,5.5012,-36.3091,0.993287
-550.2936,5.5012,-36.7869,0.993424
-550.3467,5.5012,-37.2647,0.993564
-550.3998,5.5012,-37.7426,0.993699
-550.4423,5.5012,-38.1250,0.993812
-550.4954,5.5012,-38.6031,0.993954
-550.5485,5.5012,-39.0813,0.994088
-550.6016,5.5012,-39.5594,0.994224
-550.6494,5.5012,-39.9898,0.994349
-550.6972,5.5012,-40.4203,0.994479
-550.7504,5.5012,-40.8987,0.994617
-550.7983,5.5012,-41.3292,0.994743
-550.8514,5.5012,-41.8079,0.994878
-550.8992,5.5012,-42.2386,0.995008
-550.9523,5.5012,-42.7173,0.995139
-551.0001,5.5012,-43.1481,0.995265
-551.0533,5.5012,-43.6269,0.995407
-551.1064,5.5012,-44.1058,0.995534
-551.1489,5.5012,-44.4890,0.995652
-551.1913,5.5012,-44.8723,0.995766
-551.2391,5.5012,-45.3035,0.995892
-551.2816,5.5012,-45.6868,0.995999
-551.3346,5.5012,-46.1661,0.996138
-551.3823,5.5012,-46.5975,0.996275
-551.4354,5.5012,-47.0769,0.996406
-551.4830,5.5012,-47.5084,0.996537
-551.5361,5.5012,-47.9879,0.996674
-551.5890,5.5012,-48.4676,0.996813
-551.6364,5.5012,-48.8995,0.996942
-551.6836,5.5012,-49.3314,0.997067
-551.7308,5.5012,-49.7634,0.997183
-551.7728,5.5012,-50.1475,0.997292
-551.8146,5.5012,-50.5316,0.997411
-551.8616,5.5012,-50.9638,0.997538
-551.9086,5.5012,-51.3960,0.997665
-551.9503,5.5012,-51.7803,0.997774
-552.0024,5.5012,-52.2606,0.997916
-552.0543,5.5012,-52.7410,0.998052
-552.0958,5.5012,-53.1255,0.998170
-552.1477,5.5012,-53.6060,0.998307
-552.1996,5.5012,-54.0866,0.998449
-552.2411,5.5012,-54.4711,0.998558
-552.2878,5.5012,-54.9037,0.998682
-552.3397,5.5012,-55.3843,0.998824
-552.3915,5.5012,-55.8652,0.998961
-552.4331,5.5012,-56.2499,0.999072
-552.4799,5.5012,-56.6827,0.999199
-552.5215,5.5012,-57.0676,0.999311
-552.5684,5.5012,-57.5006,0.999438
-552.6206,5.5012,-57.9818,0.999574
-552.6677,5.5012,-58.4150,0.999707
-552.7202,5.5012,-58.8964,0.999842
-552.7727,5.5012,-59.3780,0.999974
