-552.5379,5.5012,-61.1812,0.000305
-552.6240,5.5012,-61.9405,0.000502
-552.7207,5.5012,-62.7952,0.000724
-552.8176,5.5012,-63.6504,0.000942
-552.9041,5.5012,-64.4110,0.001136
-553.0013,5.5012,-65.2672,0.001351
-553.0877,5.5012,-66.0286,0.001547
-553.1957,5.5012,-66.9810,0.001792
-553.2930,5.5012,-67.8386,0.002011
-553.4010,5.5012,-68.7920,0.002255
-553.4875,5.5012,-69.5553,0.002452
-553.5961,5.5012,-70.5098,0.002692
-553.7047,5.5012,-71.4650,0.002936
-553.8024,5.5012,-72.3251,0.003159
-553.8893,5.5012,-73.0900,0.003353
-553.9871,5.5012,-73.9510,0.003570
-554.0740,5.5012,-74.7168,0.003772
-554.1718,5.5012,-75.5786,0.003990
-554.2588,5.5012,-76.3451,0.004185
-554.3567,5.5012,-77.2078,0.004403
-554.4440,5.5012,-77.9751,0.004605
-554.5424,5.5012,-78.8387,0.004825
-554.6298,5.5012,-79.6068,0.005023
-554.7281,5.5012,-80.4714,0.005245
-554.8373,5.5012,-81.4324,0.005490
-554.9247,5.5012,-82.2018,0.005689
-555.0231,5.5012,-83.0677,0.005911
-555.1105,5.5012,-83.8378,0.006109
-555.2089,5.5012,-84.7046,0.006330
-555.2964,5.5012,-85.4754,0.006531
-555.3951,5.5012,-86.3431,0.006754
-555.4830,5.5012,-87.1147,0.006952
-555.5818,5.5012,-87.9833,0.007178
-555.6697,5.5012,-88.7556,0.007378
-555.7906,5.5012,-89.8182,0.007647
-555.8785,5.5012,-90.5914,0.007848
-555.9665,5.5012,-91.3650,0.008043
-556.0764,5.5012,-92.3325,0.008289
-556.1754,5.5012,-93.2037,0.008514
-556.2858,5.5012,-94.1723,0.008765
-556.3853,5.5012,-95.0444,0.009022
-556.4736,5.5012,-95.8200,0.009226
-556.5620,5.5012,-96.5960,0.009275
-556.7609,5.5012,-98.3432,0.009843
-556.8492,5.5012,-99.1203,0.010016
-556.9487,5.5012,-99.9950,0.010467
-557.0592,5.5012,-100.9673,0.010491
-557.1478,5.5012,-101.7456,0.010671
-557.2477,5.5012,-102.6216,0.010935
-557.3366,5.5012,-103.4005,0.011137
-557.4477,5.5012,-104.3748,0.011389
-557.5477,5.5012,-105.2521,0.011617
-557.6476,5.5012,-106.1299,0.011841
-557.7476,5.5012,-107.0079,0.012068
-557.8587,5.5012,-107.9841,0.012318
-557.9476,5.5012,-108.7655,0.012519
-558.0475,5.5012,-109.6449,0.012744
-558.1364,5.5012,-110.4269,0.012945
-558.2365,5.5012,-111.3072,0.013169
-558.3365,5.5012,-112.1879,0.013401
-558.4481,5.5012,-113.1668,0.013649
-558.5374,5.5012,-113.9504,0.013851
-558.6268,5.5012,-114.7343,0.014054
-558.7273,5.5012,-115.6166,0.014281
-558.8390,5.5012,-116.5974,0.014531
-558.9395,5.5012,-117.4806,0.014758
-559.0400,5.5012,-118.3641,0.014987
-559.1406,5.5012,-119.2482,0.015214
-559.2299,5.5012,-120.0343,0.015414
-559.3417,5.5012,-121.0174,0.015667
-559.4426,5.5012,-121.9027,0.015895
-559.5324,5.5012,-122.6899,0.016100
-559.6335,5.5012,-123.5759,0.016328
-559.7458,5.5012,-124.5608,0.016581
-559.8581,5.5012,-125.5462,0.016828
-559.9479,5.5012,-126.3350,0.017041
-560.0378,5.5012,-127.1240,0.017238
-560.1501,5.5012,-128.1107,0.017487
-560.2624,5.5012,-129.0980,0.017746
-560.3635,5.5012,-129.9870,0.017973
-560.4534,5.5012,-130.7775,0.018176
-560.5544,5.5012,-131.6672,0.018407
-560.6443,5.5012,-132.4584,0.018607
-560.7341,5.5012,-133.2499,0.018813
-560.8354,5.5012,-134.1407,0.019038
-560.9370,5.5012,-135.0319,0.019270
-561.0273,5.5012,-135.8245,0.019473
-561.1401,5.5012,-136.8155,0.019726
-561.2531,5.5012,-137.8071,0.019982
-561.3434,5.5012,-138.6007,0.020184
-561.4676,5.5012,-139.6924,0.020466
-561.5692,5.5012,-140.5861,0.020696
-561.6708,5.5012,-141.4802,0.020923
-561.7612,5.5012,-142.2752,0.021126
-561.8741,5.5012,-143.2694,0.021384
-561.9870,5.5012,-144.2641,0.021638
-562.0886,5.5012,-145.1598,0.021862
-562.1790,5.5012,-145.9562,0.022072
-562.2808,5.5012,-146.8526,0.022295
-562.3829,5.5012,-147.7493,0.022532
-562.4851,5.5012,-148.6464,0.022759
-562.5986,5.5012,-149.6437,0.023018
-562.7122,5.5012,-150.6414,0.023271
-562.8030,5.5012,-151.4399,0.023478
-562.9052,5.5012,-152.3385,0.023705
-563.0073,5.5012,-153.2376,0.023938
-563.1208,5.5012,-154.2370,0.024193
-563.2230,5.5012,-155.1368,0.024426
-563.3365,5.5012,-156.1372,0.024681
-563.4274,5.5012,-156.9377,0.024887
-563.5296,5.5012,-157.8387,0.025118
-563.6204,5.5012,-158.6398,0.025324
-563.7342,5.5012,-159.6416,0.025579
-563.8482,5.5012,-160.6439,0.025837
-563.9623,5.5012,-161.6467,0.026094
-564.0765,5.5012,-162.6499,0.026352
-564.1792,5.5012,-163.5532,0.026583
-564.2933,5.5012,-164.5573,0.026838
-564.4075,5.5012,-165.5618,0.027100
-564.5216,5.5012,-166.5667,0.027353
-564.6358,5.5012,-167.5721,0.027615
-564.7388,5.5012,-168.4773,0.027842
-564.8306,5.5012,-169.2822,0.028050
-564.9338,5.5012,-170.1881,0.028284
-565.0371,5.5012,-171.0943,0.028516
-565.1519,5.5012,-172.1017,0.028771
-565.2666,5.5012,-173.1095,0.029028
-565.3813,5.5012,-174.1177,0.029289
-565.4846,5.5012,-175.0255,0.029522
-565.5764,5.5012,-175.8327,0.029729
-565.6797,5.5012,-176.7410,0.029962
-565.7715,5.5012,-177.5484,0.030169
-565.8748,5.5012,-178.4563,0.030398
-565.9666,5.5012,-179.2627,0.030606
-566.0697,5.5012,-180.1689,0.030840
-566.1611,5.5012,-180.9735,0.031042
-566.2638,5.5012,-181.8776,0.031275
-566.3665,5.5012,-182.7801,0.031507
-566.4802,5.5012,-183.7808,0.031760
-566.5710,5.5012,-184.5799,0.031967
-566.6730,5.5012,-185.4770,0.032197
-566.7858,5.5012,-186.4717,0.032450
-566.8759,5.5012,-187.2658,0.032653
-566.9880,5.5012,-188.2565,0.032909
-567.0776,5.5012,-189.0474,0.033111
-567.1782,5.5012,-189.9354,0.033336
-567.2895,5.5012,-190.9200,0.033590
-567.3784,5.5012,-191.7061,0.033793
-567.4781,5.5012,-192.5887,0.034018
-567.5775,5.5012,-193.4696,0.034243
-567.6658,5.5012,-194.2510,0.034443
-567.7648,5.5012,-195.1285,0.034664
-567.8747,5.5012,-196.1013,0.034915
-567.9625,5.5012,-196.8779,0.035115
-568.0719,5.5012,-197.8468,0.035361
-568.1812,5.5012,-198.8135,0.035608
-568.2685,5.5012,-199.5854,0.035805
-568.3663,5.5012,-200.4521,0.036028
-568.4748,5.5012,-201.4130,0.036270
-568.5613,5.5012,-202.1802,0.036470
-568.6584,5.5012,-203.0417,0.036693
-568.7554,5.5012,-203.9014,0.036912
-568.8521,5.5012,-204.7594,0.037130
-568.9487,5.5012,-205.6157,0.037348
-569.0449,5.5012,-206.4703,0.037569
-569.1409,5.5012,-207.3232,0.037789
-569.2261,5.5012,-208.0798,0.037978
-569.3217,5.5012,-208.9295,0.038195
-569.4065,5.5012,-209.6833,0.038387
-569.5123,5.5012,-210.6238,0.038629
-569.6073,5.5012,-211.4684,0.038845
-569.6915,5.5012,-212.2177,0.039036
-569.7964,5.5012,-213.1526,0.039277
-569.8906,5.5012,-213.9922,0.039491
-569.9741,5.5012,-214.7371,0.039680
-570.0678,5.5012,-215.5736,0.039894
-570.1612,5.5012,-216.4085,0.040110
-570.2440,5.5012,-217.1492,0.040294
-570.3369,5.5012,-217.9810,0.040507
-570.4192,5.5012,-218.7189,0.040696
-570.5117,5.5012,-219.5476,0.040906
-570.5937,5.5012,-220.2828,0.041094
-570.6960,5.5012,-221.1999,0.041329
-570.7877,5.5012,-222.0237,0.041539
-570.8693,5.5012,-222.7544,0.041729
-570.9609,5.5012,-223.5750,0.041934
-571.0420,5.5012,-224.3032,0.042119
-571.1332,5.5012,-225.1207,0.042330
-571.2244,5.5012,-225.9367,0.042540
-571.3049,5.5012,-226.6608,0.042728
-571.3955,5.5012,-227.4738,0.042931
-571.4858,5.5012,-228.2852,0.043136
-571.5858,5.5012,-229.1850,0.043370
-571.6855,5.5012,-230.0829,0.043598
-571.7651,5.5012,-230.7998,0.043778
-571.8743,5.5012,-231.7834,0.044030
-571.9535,5.5012,-232.4973,0.044208
-572.0424,5.5012,-233.2989,0.044416
-572.1212,5.5012,-234.0102,0.044598
-572.2095,5.5012,-234.8090,0.044798
-572.2880,5.5012,-235.5177,0.044982
-572.3758,5.5012,-236.3136,0.045185
-572.4536,5.5012,-237.0200,0.045368
-572.5406,5.5012,-237.8130,0.045569
-572.6275,5.5012,-238.6048,0.045770
-572.7042,5.5012,-239.3073,0.045948
-572.7900,5.5012,-240.0962,0.046144
-572.8659,5.5012,-240.7963,0.046322
-572.9600,5.5012,-241.6699,0.046545
-573.0438,5.5012,-242.4547,0.046746
-573.1177,5.5012,-243.1510,0.046924
-573.2001,5.5012,-243.9333,0.047121
-573.2815,5.5012,-244.7142,0.047318
-573.3529,5.5012,-245.4073,0.047496
-573.4320,5.5012,-246.1858,0.047691
-573.5099,5.5012,-246.9630,0.047884
-573.5779,5.5012,-247.6528,0.048062
-573.6532,5.5012,-248.4277,0.048256
-573.7269,5.5012,-249.2012,0.048458
-573.7911,5.5012,-249.8878,0.048628
-573.8694,5.5012,-250.7445,0.048840
-573.9383,5.5012,-251.5142,0.049044
-573.9980,5.5012,-252.1974,0.049216
-574.0564,5.5012,-252.8796,0.049385
-574.1203,5.5012,-253.6458,0.049580
-574.1823,5.5012,-254.4106,0.049767
-574.2357,5.5012,-255.0895,0.049945
-574.2937,5.5012,-255.8521,0.050137
-574.3434,5.5012,-256.5290,0.050304
-574.3973,5.5012,-257.2893,0.050497
-574.4434,5.5012,-257.9641,0.050666
-574.4930,5.5012,-258.7220,0.050861
-574.5351,5.5012,-259.3947,0.051028
-574.5803,5.5012,-260.1502,0.051218
-574.6185,5.5012,-260.8208,0.051387
-574.6592,5.5012,-261.5740,0.051578
-574.7015,5.5012,-262.4093,0.051785
-574.7332,5.5012,-263.0765,0.051956
-574.7662,5.5012,-263.8258,0.052140
-574.7969,5.5012,-264.5738,0.052332
-574.8248,5.5012,-265.3207,0.052520
-574.8502,5.5012,-266.0660,0.052706
-574.8705,5.5012,-266.7276,0.052870
-574.8909,5.5012,-267.4706,0.053062
-574.9088,5.5012,-268.2122,0.053242
-574.9240,5.5012,-268.9524,0.053430
-574.9353,5.5012,-269.6093,0.053589
-574.9465,5.5012,-270.4289,0.053797
-574.9540,5.5012,-271.1651,0.053987
-574.9592,5.5012,-271.9815,0.054189
-574.9612,5.5012,-272.6333,0.054359
-574.9609,5.5012,-273.4466,0.054555
-574.9583,5.5012,-274.0960,0.054725
-574.9529,5.5012,-274.8253,0.054906
-574.9461,5.5012,-275.4723,0.055066
-574.9361,5.5012,-276.1989,0.055246
-574.9236,5.5012,-276.9241,0.055430
-574.9103,5.5012,-277.5676,0.055591
-574.8931,5.5012,-278.2901,0.055771
-574.8712,5.5012,-279.0913,0.055975
-574.8514,5.5012,-279.7308,0.056138
-574.8240,5.5012,-280.5288,0.056334
-574.7968,5.5012,-281.2455,0.056517
-574.7707,5.5012,-281.8813,0.056674
-574.7427,5.5012,-282.5160,0.056831
-574.7050,5.5012,-283.3077,0.057032
-574.6646,5.5012,-284.0977,0.057226
-574.6257,5.5012,-284.8071,0.057408
-574.5892,5.5012,-285.4365,0.057569
-574.5461,5.5012,-286.1431,0.057745
-574.4956,5.5012,-286.9265,0.057943
-574.4478,5.5012,-287.6301,0.058118
-574.4034,5.5012,-288.2542,0.058274
-574.3516,5.5012,-288.9549,0.058456
-574.3036,5.5012,-289.5766,0.058606
-574.2415,5.5012,-290.3519,0.058796
-574.1767,5.5012,-291.1254,0.058997
-574.1232,5.5012,-291.7430,0.059146
-574.0540,5.5012,-292.5132,0.059346
-573.9899,5.5012,-293.2048,0.059516
-573.9311,5.5012,-293.8184,0.059671
-573.8709,5.5012,-294.4308,0.059824
-573.8015,5.5012,-295.1183,0.059994
-573.7300,5.5012,-295.8044,0.060172
-573.6650,5.5012,-296.4129,0.060323
-573.5901,5.5012,-297.0962,0.060492
-573.5046,5.5012,-297.8537,0.060688
-573.4348,5.5012,-298.4584,0.060838
-573.3455,5.5012,-299.2125,0.061030
-573.2632,5.5012,-299.8897,0.061201
-573.1698,5.5012,-300.6404,0.061392
-573.0936,5.5012,-301.2397,0.061541
-573.0062,5.5012,-301.9125,0.061708
-572.9271,5.5012,-302.5093,0.061860
-572.8466,5.5012,-303.1050,0.062007
-572.7546,5.5012,-303.7736,0.062179
-572.6611,5.5012,-304.4409,0.062341
-572.5764,5.5012,-305.0327,0.062496
-572.4796,5.5012,-305.6972,0.062662
-572.3923,5.5012,-306.2866,0.062812
-572.2925,5.5012,-306.9484,0.062976
-572.2025,5.5012,-307.5353,0.063129
-572.0997,5.5012,-308.1943,0.063294
-571.9953,5.5012,-308.8518,0.063459
-571.8892,5.5012,-309.5079,0.063628
-571.7936,5.5012,-310.0898,0.063778
-571.6844,5.5012,-310.7432,0.063941
-571.5859,5.5012,-311.3227,0.064091
-571.4735,5.5012,-311.9733,0.064255
-571.3591,5.5012,-312.6225,0.064418
-571.2560,5.5012,-313.1982,0.064567
-571.1381,5.5012,-313.8445,0.064731
-571.0182,5.5012,-314.4893,0.064894
-570.9102,5.5012,-315.0612,0.065037
-570.7867,5.5012,-315.7032,0.065203
-570.6755,5.5012,-316.2726,0.065348
-570.5342,5.5012,-316.9825,0.065530
-570.4196,5.5012,-317.5491,0.065672
-570.2888,5.5012,-318.1850,0.065835
-570.1708,5.5012,-318.7490,0.065982
-570.0363,5.5012,-319.3820,0.066142
-569.9150,5.5012,-319.9433,0.066284
-569.7767,5.5012,-320.5733,0.066449
-569.6365,5.5012,-321.2017,0.066608
-569.5099,5.5012,-321.7589,0.066750
-569.3657,5.5012,-322.3842,0.066907
-569.2192,5.5012,-323.0080,0.067069
-569.0873,5.5012,-323.5610,0.067214
-568.9368,5.5012,-324.1816,0.067371
-568.7670,5.5012,-324.8693,0.067545
-568.6292,5.5012,-325.4178,0.067688
-568.4722,5.5012,-326.0334,0.067845
-568.2952,5.5012,-326.7153,0.068020
-568.1518,5.5012,-327.2594,0.068161
-567.9885,5.5012,-327.8698,0.068321
-567.8234,5.5012,-328.4783,0.068476
-567.6566,5.5012,-329.0851,0.068632
-567.5070,5.5012,-329.6231,0.068773
-567.3375,5.5012,-330.2266,0.068930
-567.1667,5.5012,-330.8285,0.069081
-566.9950,5.5012,-331.4287,0.069246
-566.8223,5.5012,-332.0274,0.069393
-566.6683,5.5012,-332.5582,0.069532
-566.4943,5.5012,-333.1539,0.069689
-566.3393,5.5012,-333.6822,0.069827
-566.1646,5.5012,-334.2752,0.069983
-565.9895,5.5012,-334.8667,0.070136
-565.8338,5.5012,-335.3915,0.070272
-565.6588,5.5012,-335.9807,0.070428
-565.5035,5.5012,-336.5034,0.070568
-565.3288,5.5012,-337.0903,0.070719
-565.1738,5.5012,-337.6111,0.070854
-564.9997,5.5012,-338.1960,0.071003
-564.8257,5.5012,-338.7797,0.071160
-564.6712,5.5012,-339.2977,0.071295
-564.4979,5.5012,-339.8795,0.071442
-564.3248,5.5012,-340.4603,0.071602
-564.1523,5.5012,-341.0401,0.071751
-563.9991,5.5012,-341.5547,0.071887
-563.8271,5.5012,-342.1326,0.072039
-563.6747,5.5012,-342.6454,0.072170
-563.5226,5.5012,-343.1577,0.072307
-563.3519,5.5012,-343.7330,0.072460
-563.1627,5.5012,-344.3712,0.072623
-563.0118,5.5012,-344.8809,0.072759
-562.8425,5.5012,-345.4533,0.072915
-562.6736,5.5012,-346.0249,0.073060
-562.5238,5.5012,-346.5322,0.073197
-562.3558,5.5012,-347.1020,0.073345
-562.2070,5.5012,-347.6078,0.073477
-562.0213,5.5012,-348.2390,0.073644
-561.8547,5.5012,-348.8061,0.073791
-561.6701,5.5012,-349.4352,0.073960
-561.5229,5.5012,-349.9375,0.074090
-561.3393,5.5012,-350.5644,0.074256
-561.1926,5.5012,-351.0648,0.074386
-561.0282,5.5012,-351.6277,0.074535
-560.8827,5.5012,-352.1281,0.074665
-560.7198,5.5012,-352.6906,0.074816
-560.5753,5.5012,-353.1891,0.074944
-560.3944,5.5012,-353.8109,0.075111
-560.2310,5.5012,-354.3692,0.075256
-560.0494,5.5012,-354.9883,0.075420
-559.8860,5.5012,-355.5444,0.075566
-559.7231,5.5012,-356.0997,0.075716
-559.5425,5.5012,-356.7155,0.075878
-559.3692,5.5056,-357.3322,0.076040
-559.2267,5.5060,-357.8230,0.076170
-559.0661,5.5064,-358.3741,0.076316
-558.9235,5.5068,-358.8634,0.076443
-558.7812,5.5072,-359.3522,0.076572
-558.6213,5.5076,-359.9013,0.076719
-558.4795,5.5080,-360.3886,0.076845
-558.3201,5.5085,-360.9359,0.076990
-558.1604,5.5086,-361.4820,0.077134
-558.0191,5.5088,-361.9672,0.077267
-557.8427,5.5090,-362.5733,0.077424
-557.6664,5.5092,-363.1781,0.077587
-557.4905,5.5094,-363.7816,0.077745
-557.3146,5.5096,-364.3839,0.077908
-557.1739,5.5098,-364.8647,0.078033
-556.9980,5.5100,-365.4647,0.078190
-556.8406,5.5104,-366.0039,0.078333
-556.7003,5.5108,-366.4821,0.078459
-556.5424,5.5111,-367.0193,0.078604
-556.3671,5.5114,-367.6152,0.078761
-556.2096,5.5117,-368.1505,0.078902
-556.0697,5.5119,-368.6255,0.079028
-555.8948,5.5122,-369.2183,0.079186
-555.7199,5.5125,-369.8100,0.079343
-555.5625,5.5128,-370.3415,0.079484
-555.3878,5.5131,-370.9311,0.079642
-555.2308,5.5132,-371.4606,0.079781
-555.0563,5.5134,-372.0481,0.079937
-554.8994,5.5135,-372.5758,0.080076
-554.7598,5.5136,-373.0441,0.080203
-554.5854,5.5138,-373.6285,0.080356
-554.4288,5.5139,-374.1534,0.080497
-554.2897,5.5140,-374.6194,0.080621
-554.1335,5.5142,-375.1428,0.080758
-553.9600,5.5144,-375.7231,0.080913
-553.8210,5.5147,-376.1866,0.081038
-553.6650,5.5150,-376.7073,0.081177
-553.5264,5.5153,-377.1693,0.081296
-553.3705,5.5156,-377.6884,0.081436
-553.2319,5.5159,-378.1489,0.081559
-553.0589,5.5162,-378.7236,0.081713
-552.9205,5.5165,-379.1826,0.081837
-552.7649,5.5165,-379.6980,0.081975
-552.6270,5.5166,-380.1555,0.082094
-552.4547,5.5167,-380.7264,0.082245
-552.3170,5.5167,-381.1824,0.082370
-552.1624,5.5168,-381.6945,0.082502
-552.0080,5.5169,-382.2059,0.082638
-551.8365,5.5169,-382.7729,0.082789
-551.6656,5.5170,-383.3391,0.082939
-551.5120,5.5171,-383.8478,0.083073
-551.3416,5.5173,-384.4120,0.083224
-551.1713,5.5175,-384.9752,0.083376
-551.0013,5.5177,-385.5374,0.083524
-550.8486,5.5179,-386.0426,0.083660
-550.7129,5.5182,-386.4909,0.083776
-550.5436,5.5185,-387.0504,0.083928
-550.4083,5.5187,-387.4973,0.084046
-550.2561,5.5190,-387.9992,0.084179
-550.1210,5.5192,-388.4446,0.084298
-549.9694,5.5193,-388.9450,0.084432
-549.8178,5.5195,-389.4446,0.084566
-549.6500,5.5197,-389.9988,0.084713
-549.4821,5.5199,-390.5520,0.084860
-549.3481,5.5201,-390.9938,0.084975
-549.1808,5.5204,-391.5453,0.085125
-549.0136,5.5206,-392.0957,0.085270
-548.8466,5.5209,-392.6451,0.085417
-548.7132,5.5211,-393.0840,0.085536
-548.5798,5.5213,-393.5223,0.085653
-548.4135,5.5216,-394.0692,0.085797
-548.2640,5.5218,-394.5605,0.085926
-548.1313,5.5221,-394.9966,0.086042
-547.9659,5.5222,-395.5408,0.086188
-547.8005,5.5224,-396.0841,0.086332
-547.6517,5.5225,-396.5723,0.086461
-547.4869,5.5227,-397.1137,0.086607
-547.3221,5.5228,-397.6542,0.086749
-547.1577,5.5229,-398.1938,0.086892
-546.9935,5.5231,-398.7324,0.087037
-546.8293,5.5232,-399.2701,0.087179
-546.6656,5.5234,-399.8067,0.087322
-546.5021,5.5234,-400.3424,0.087465
-546.3712,5.5234,-400.7703,0.087578
-546.2408,5.5235,-401.1976,0.087692
-546.0778,5.5235,-401.7309,0.087835
-545.9150,5.5235,-402.2632,0.087976
-545.7526,5.5236,-402.7947,0.088117
-545.5902,5.5238,-403.3253,0.088261
-545.4442,5.5239,-403.8019,0.088387
-545.2985,5.5240,-404.2778,0.088508
-545.1364,5.5241,-404.8058,0.088655
-544.9907,5.5242,-405.2802,0.088781
-544.8129,5.5243,-405.8589,0.088932
-544.6838,5.5244,-406.2790,0.089045
-544.5223,5.5245,-406.8034,0.089183
-544.3771,5.5246,-407.2745,0.089310
-544.2159,5.5247,-407.7971,0.089448
-544.0709,5.5248,-408.2666,0.089575
-543.9100,5.5249,-408.7873,0.089711
-543.7488,5.5250,-409.3072,0.089848
-543.5877,5.5250,-409.8260,0.089987
-543.4266,5.5251,-410.3439,0.090125
-543.2653,5.5251,-410.8609,0.090264
-543.1198,5.5252,-411.3255,0.090386
-542.9744,5.5252,-411.7892,0.090511
-542.8128,5.5252,-412.3034,0.090649
-542.6831,5.5252,-412.7142,0.090757
-542.5372,5.5252,-413.1755,0.090880
-542.3911,5.5252,-413.6360,0.091003
-542.2288,5.5252,-414.1468,0.091136
-542.0826,5.5252,-414.6056,0.091262
-541.9199,5.5251,-415.1144,0.091394
-541.7731,5.5251,-415.5714,0.091519
-541.6263,5.5250,-416.0277,0.091639
-541.4630,5.5249,-416.5338,0.091775
-541.2993,5.5248,-417.0388,0.091909
-541.1354,5.5247,-417.5428,0.092043
-541.0043,5.5246,-417.9453,0.092151
-540.8566,5.5245,-418.3973,0.092271
-540.7251,5.5244,-418.7984,0.092380
-540.5771,5.5243,-419.2489,0.092497
-540.4455,5.5242,-419.6487,0.092605
-540.2807,5.5240,-420.1475,0.092732
-540.1323,5.5238,-420.5955,0.092853
-539.9838,5.5236,-421.0428,0.092975
-539.8185,5.5234,-421.5388,0.093109
-539.6531,5.5232,-422.0339,0.093236
-539.5040,5.5230,-422.4786,0.093357
-539.3716,5.5228,-422.8732,0.093462
-539.2057,5.5226,-423.3656,0.093595
-539.0562,5.5224,-423.8080,0.093712
-538.9232,5.5222,-424.2006,0.093820
-538.7737,5.5219,-424.6414,0.093934
-538.6405,5.5217,-425.0326,0.094040
-538.4905,5.5214,-425.4720,0.094157
-538.3237,5.5211,-425.9594,0.094283
-538.1902,5.5209,-426.3486,0.094386
-538.0231,5.5205,-426.8340,0.094518
-537.8892,5.5201,-427.2218,0.094623
-537.7217,5.5197,-427.7057,0.094751
-537.5541,5.5193,-428.1886,0.094880
-537.3861,5.5188,-428.6705,0.095007
-537.2349,5.5185,-429.1034,0.095121
-537.1004,5.5182,-429.4876,0.095225
-536.9153,5.5177,-430.0149,0.095361
-536.7636,5.5174,-430.4454,0.095477
-536.6286,5.5170,-430.8275,0.095578
-536.4598,5.5166,-431.3041,0.095702
-536.2906,5.5162,-431.7799,0.095828
-536.1553,5.5158,-432.1598,0.095928
-535.9859,5.5154,-432.6339,0.096057
-535.8163,5.5149,-433.1070,0.096181
-535.6465,5.5144,-433.5791,0.096304
-535.4935,5.5140,-434.0032,0.096418
-535.3575,5.5136,-434.3796,0.096516
-535.2213,5.5132,-434.7555,0.096613
-535.0676,5.5127,-435.1775,0.096723
-534.9310,5.5123,-435.5520,0.096822
-534.7773,5.5118,-435.9726,0.096934
-534.6231,5.5113,-436.3925,0.097045
-534.4859,5.5108,-436.7651,0.097138
-534.3313,5.5103,-437.1836,0.097252
-534.1763,5.5098,-437.6013,0.097355
-534.0034,5.5093,-438.0644,0.097476
-533.8646,5.5087,-438.4341,0.097574
-533.7079,5.5081,-438.8493,0.097682
-533.5679,5.5076,-439.2178,0.097781
-533.3923,5.5068,-439.6773,0.097894
-533.2335,5.5062,-440.0900,0.098002
-533.0916,5.5055,-440.4561,0.098093
-532.9256,5.5012,-440.8651,0.098198
-532.7651,5.5012,-441.2752,0.098310
-532.6032,5.5012,-441.6844,0.098416
-532.4582,5.5012,-442.0475,0.098503
-532.2758,5.5012,-442.4997,0.098622
-532.1288,5.5012,-442.8605,0.098715
-531.9623,5.5012,-443.2653,0.098818
-531.7762,5.5012,-443.7139,0.098927
-531.6259,5.5012,-444.0718,0.099019
-531.4557,5.5012,-444.4734,0.099126
-531.3034,5.5012,-444.8293,0.099211
-531.1306,5.5012,-445.2287,0.099313
-530.9755,5.5012,-445.5826,0.099398
-530.7996,5.5012,-445.9796,0.099499
-530.6219,5.5012,-446.3752,0.099594
-530.4625,5.5012,-446.7259,0.099682
-530.2814,5.5012,-447.1190,0.099778
-530.0981,5.5012,-447.5107,0.099871
-529.9333,5.5012,-447.8578,0.099962
-529.7249,5.5012,-448.2897,0.100068
-529.5132,5.5012,-448.7195,0.100168
-529.3199,5.5012,-449.1046,0.100269
-529.1459,5.5012,-449.4453,0.100358
-528.9476,5.5012,-449.8268,0.100450
-528.7687,5.5012,-450.1642,0.100534
-528.5649,5.5012,-450.5418,0.100629
-528.3812,5.5012,-450.8757,0.100717
-528.1720,5.5012,-451.2493,0.100807
-527.9835,5.5012,-451.5794,0.100891
-527.7686,5.5012,-451.9486,0.100989
-527.5509,5.5012,-452.3154,0.101078
-527.3057,5.5012,-452.7202,0.101188
-527.0820,5.5012,-453.0818,0.101280
-526.8555,5.5012,-453.4410,0.101369
-526.6006,5.5012,-453.8371,0.101479
-526.3425,5.5012,-454.2301,0.101576
-526.1335,5.5012,-454.5421,0.101664
-525.8959,5.5012,-454.8908,0.101761
-525.6824,5.5012,-455.1985,0.101835
-525.4124,5.5012,-455.5803,0.101942
-525.1939,5.5012,-455.8833,0.102023
-524.9454,5.5012,-456.2215,0.102121
-524.6940,5.5012,-456.5568,0.102211
-524.4396,5.5012,-456.8893,0.102299
-524.2109,5.5012,-457.1823,0.102383
-523.9508,5.5012,-457.5089,0.102471
-523.7170,5.5012,-457.7968,0.102558
-523.4216,5.5012,-458.1529,0.102658
-523.1826,5.5012,-458.4349,0.102743
-522.9110,5.5012,-458.7492,0.102835
-522.6366,5.5012,-459.0602,0.102921
-522.3595,5.5012,-459.3678,0.103019
-522.0796,5.5012,-459.6721,0.103101
-521.8286,5.5012,-459.9398,0.103189
-521.5120,5.5012,-460.2706,0.103289
-521.1921,5.5012,-460.5973,0.103392
-520.9341,5.5012,-460.8556,0.103469
-520.6414,5.5012,-461.1428,0.103559
-520.3134,5.5012,-461.4580,0.103656
-520.0488,5.5012,-461.7070,0.103739
-519.7490,5.5012,-461.9839,0.103829
-519.4805,5.5012,-462.2270,0.103909
-519.1425,5.5012,-462.5271,0.104009
-518.8701,5.5012,-462.7641,0.104085
-518.5274,5.5012,-463.0565,0.104182
-518.1475,5.5012,-463.3732,0.104290
-517.8694,5.5012,-463.6003,0.104364
-517.5547,5.5012,-463.8526,0.104450
-517.2378,5.5013,-464.1016,0.104543
-516.9543,5.5013,-464.3205,0.104620
-516.6334,5.5013,-464.5638,0.104707
-516.3464,5.5013,-464.7775,0.104787
-516.0215,5.5013,-465.0152,0.104876
-515.6582,5.5013,-465.2758,0.104960
-515.3657,5.5013,-465.4817,0.105044
-514.9978,5.5013,-465.7357,0.105138
-514.6275,5.5013,-465.9863,0.105239
-514.2548,5.5013,-466.2332,0.105333
-513.8796,5.5013,-466.4767,0.105430
-513.5019,5.5013,-466.7166,0.105529
-513.1980,5.5013,-466.9060,0.105602
-512.8159,5.5013,-467.1395,0.105695
-512.4701,5.5013,-467.3466,0.105787
-512.1610,5.5013,-467.5284,0.105862
-511.7725,5.5013,-467.7522,0.105957
-511.4600,5.5013,-467.9286,0.106036
-511.1068,5.5013,-468.1243,0.106122
-510.7912,5.5013,-468.2957,0.106196
-510.4345,5.5013,-468.4858,0.106283
-510.0362,5.5013,-468.6935,0.106378
-509.6357,5.5013,-468.8976,0.106474
-509.2737,5.5013,-469.0781,0.106563
-508.9100,5.5013,-469.2557,0.106650
-508.5448,5.5013,-469.4305,0.106735
-508.1782,5.5013,-469.6025,0.106816
-507.8102,5.5013,-469.7717,0.106909
-507.4407,5.5013,-469.9382,0.106995
-507.1112,5.5013,-470.0841,0.107072
-506.6976,5.5013,-470.2635,0.107166
-506.2823,5.5013,-470.4398,0.107269
-505.8650,5.5013,-470.6130,0.107368
-505.5298,5.5013,-470.7493,0.107447
-505.1090,5.5013,-470.9169,0.107548
-504.6863,5.5013,-471.0812,0.107644
-504.3041,5.5013,-471.2263,0.107738
-503.8777,5.5013,-471.3846,0.107835
-503.4493,5.5013,-471.5398,0.107939
-503.1052,5.5013,-471.6615,0.108014
-502.7599,5.5013,-471.7812,0.108100
-502.3700,5.5013,-471.9133,0.108185
-501.9350,5.5013,-472.0570,0.108289
-501.4982,5.5013,-472.1974,0.108386
-501.1036,5.5013,-472.3210,0.108481
-500.6634,5.5013,-472.4554,0.108579
-500.3099,5.5013,-472.5607,0.108661
-499.9554,5.5013,-472.6641,0.108742
-499.5551,5.5013,-472.7784,0.108839
-499.1086,5.5013,-472.9024,0.108939
-498.6603,5.5013,-473.0236,0.109041
-498.3002,5.5013,-473.1184,0.109127
-497.8937,5.5013,-473.2227,0.109219
-497.5311,5.5013,-473.3135,0.109303
-497.1216,5.5013,-473.4133,0.109398
-496.7565,5.5013,-473.4999,0.109483
-496.2983,5.5013,-473.6053,0.109590
-495.8383,5.5013,-473.7078,0.109698
-495.3764,5.5013,-473.8071,0.109806
-495.0056,5.5013,-473.8844,0.109886
-494.5406,5.5013,-473.9780,0.109992
-494.0737,5.5013,-474.0685,0.110108
-493.6051,5.5013,-474.1558,0.110213
-493.2289,5.5013,-474.2232,0.110302
-492.8044,5.5013,-474.2966,0.110401
-492.3785,5.5013,-474.3671,0.110498
-491.9989,5.5012,-474.4275,0.110589
-491.5707,5.5012,-474.4928,0.110691
-491.0935,5.5012,-474.5620,0.110796
-490.7107,5.5012,-474.6148,0.110888
-490.2307,5.5012,-474.6776,0.110999
-489.7494,5.5012,-474.7368,0.111109
-489.3633,5.5012,-474.7816,0.111194
-488.9279,5.5012,-474.8291,0.111298
-488.4429,5.5012,-474.8784,0.111409
-487.9566,5.5012,-474.9241,0.111527
-487.4691,5.5012,-474.9659,0.111641
-487.0781,5.5012,-474.9967,0.111727
-486.6374,5.5012,-475.0284,0.111830
-486.2448,5.5012,-475.0541,0.111916
-485.8024,5.5012,-475.0800,0.112030
-485.4085,5.5012,-475.1003,0.112117
-484.9648,5.5012,-475.1203,0.112220
-484.5206,5.5012,-475.1371,0.112322
-484.0758,5.5012,-475.1508,0.112420
-483.6800,5.5012,-475.1602,0.112518
-483.1847,5.5012,-475.1686,0.112634
-482.7385,5.5012,-475.1729,0.112737
-482.2918,5.5012,-475.1740,0.112846
-481.8447,5.5012,-475.1720,0.112946
-481.4470,5.5012,-475.1676,0.113035
-480.9991,5.5012,-475.1596,0.113138
-480.6008,5.5012,-475.1499,0.113240
-480.1523,5.5012,-475.1360,0.113341
-479.7035,5.5012,-475.1189,0.113444
-479.2545,5.5012,-475.0988,0.113558
-478.8553,5.5012,-475.0783,0.113646
-478.4059,5.5012,-475.0527,0.113748
-478.0064,5.5012,-475.0276,0.113847
-477.5569,5.5012,-474.9969,0.113955
-477.1571,5.5012,-474.9674,0.114046
-476.7073,5.5012,-474.9320,0.114150
-476.2574,5.5012,-474.8942,0.114260
-475.8574,5.5012,-474.8586,0.114349
-475.4073,5.5012,-474.8163,0.114457
-474.9570,5.5012,-474.7716,0.114561
-474.5566,5.5012,-474.7299,0.114654
-474.1062,5.5012,-474.6809,0.114766
-473.6556,5.5012,-474.6296,0.114872
-473.2049,5.5012,-474.5761,0.114977
-472.8042,5.5012,-474.5267,0.115071
-472.3535,5.5012,-474.4695,0.115180
-471.9027,5.5012,-474.4106,0.115289
-471.5019,5.5012,-474.3568,0.115383
-471.0509,5.5012,-474.2951,0.115486
-470.6500,5.5012,-474.2392,0.115588
-470.1988,5.5012,-474.1750,0.115696
-469.7975,5.5012,-474.1170,0.115788
-469.3460,5.5012,-474.0505,0.115902
-468.8942,5.5012,-473.9828,0.116007
-468.4924,5.5012,-473.9215,0.116103
-468.0402,5.5012,-473.8513,0.116214
-467.5876,5.5012,-473.7798,0.116329
-467.1851,5.5012,-473.7152,0.116421
-466.7824,5.5012,-473.6495,0.116517
-466.3291,5.5012,-473.5743,0.116627
-465.8251,5.5012,-473.4893,0.116757
-465.3207,5.5013,-473.4027,0.116874
-464.8665,5.5013,-473.3234,0.116988
-464.4626,5.5013,-473.2518,0.117087
-463.9574,5.5013,-473.1609,0.117215
-463.5024,5.5013,-473.0777,0.117328
-463.0977,5.5013,-473.0026,0.117426
-462.6423,5.5013,-472.9170,0.117539
-462.1866,5.5013,-472.8300,0.117653
-461.7814,5.5013,-472.7517,0.117751
-461.3759,5.5013,-472.6724,0.117849
-460.9178,5.5060,-472.5888,0.117962
-460.4106,5.5069,-472.4871,0.118089
-460.0046,5.5076,-472.4046,0.118196
-459.5475,5.5083,-472.3108,0.118308
-459.0901,5.5091,-472.2156,0.118416
-458.5818,5.5098,-472.1083,0.118544
-458.1748,5.5104,-472.0211,0.118648
-457.7166,5.5110,-471.9217,0.118761
-457.3092,5.5115,-471.8322,0.118861
-456.8506,5.5121,-471.7303,0.118978
-456.3919,5.5126,-471.6270,0.119095
-455.9330,5.5131,-471.5224,0.119210
-455.4741,5.5135,-471.4164,0.119328
-455.0661,5.5139,-471.3210,0.119426
-454.6069,5.5143,-471.2124,0.119540
-454.1476,5.5147,-471.1027,0.119660
-453.7391,5.5150,-471.0042,0.119761
-453.2794,5.5153,-470.8923,0.119875
-452.7685,5.5156,-470.7664,0.120006
-452.3596,5.5158,-470.6646,0.120111
-451.8995,5.5160,-470.5491,0.120227
-451.4903,5.5162,-470.4453,0.120333
-451.0299,5.5164,-470.3275,0.120450
-450.5693,5.5165,-470.2087,0.120568
-450.1086,5.5166,-470.0889,0.120685
-449.6477,5.5167,-469.9683,0.120802
-449.2379,5.5168,-469.8604,0.120909
-448.7767,5.5169,-469.7385,0.121027
-448.3667,5.5169,-469.6296,0.121133
-447.9051,5.5169,-469.5069,0.121253
-447.4945,5.5168,-469.3974,0.121356
-447.0323,5.5168,-469.2739,0.121475
-446.6212,5.5168,-469.1639,0.121577
-446.1585,5.5168,-469.0397,0.121694
-445.7469,5.5168,-468.9290,0.121804
-445.2835,5.5169,-468.8040,0.121923
-444.8713,5.5169,-468.6925,0.122031
-444.4072,5.5169,-468.5667,0.122151
-443.9428,5.5168,-468.4406,0.122268
-443.4780,5.5168,-468.3140,0.122391
-442.9611,5.5168,-468.1730,0.122524
-442.5473,5.5168,-468.0599,0.122631
-442.0814,5.5167,-467.9325,0.122755
-441.6670,5.5167,-467.8191,0.122859
-441.1484,5.5167,-467.6772,0.122994
-440.6295,5.5166,-467.5350,0.123128
-440.1619,5.5166,-467.4070,0.123252
-439.7460,5.5165,-467.2929,0.123362
-439.2776,5.5165,-467.1644,0.123481
-438.8608,5.5165,-467.0502,0.123589
-438.3917,5.5166,-466.9214,0.123713
-437.9221,5.5166,-466.7923,0.123835
-437.4522,5.5166,-466.6631,0.123957
-437.0341,5.5166,-466.5482,0.124068
-436.6156,5.5165,-466.4330,0.124176
-436.0921,5.5165,-466.2888,0.124314
-435.6205,5.5164,-466.1589,0.124436
-435.0960,5.5163,-466.0145,0.124576
-434.6235,5.5163,-465.8845,0.124699
-434.2031,5.5162,-465.7687,0.124808
-433.7823,5.5162,-465.6530,0.124919
-433.3086,5.5161,-465.5226,0.125041
-432.8871,5.5161,-465.4067,0.125155
-432.4125,5.5160,-465.2762,0.125278
-431.9903,5.5160,-465.1600,0.125389
-431.5148,5.5159,-465.0293,0.125515
-431.0390,5.5159,-464.8984,0.125640
-430.5097,5.5158,-464.7528,0.125779
-430.0859,5.5158,-464.6363,0.125890
-429.5557,5.5157,-464.4904,0.126030
-429.0249,5.5157,-464.3445,0.126171
-428.4935,5.5156,-464.1983,0.126310
-428.0148,5.5156,-464.0666,0.126435
-427.5356,5.5155,-463.9348,0.126561
-427.0027,5.5154,-463.7881,0.126700
-426.4691,5.5154,-463.6413,0.126842
-425.9350,5.5153,-463.4944,0.126984
-425.4003,5.5153,-463.3474,0.127123
-424.9721,5.5152,-463.2297,0.127237
-424.4900,5.5151,-463.0970,0.127363
-424.0610,5.5150,-462.9790,0.127475
-423.5779,5.5149,-462.8463,0.127604
-423.1479,5.5148,-462.7281,0.127717
-422.7178,5.5147,-462.6099,0.127830
-422.1794,5.5147,-462.4619,0.127970
-421.6405,5.5146,-462.3137,0.128113
-421.1010,5.5145,-462.1653,0.128255
-420.6150,5.5145,-462.0316,0.128383
-420.1824,5.5144,-461.9126,0.128497
-419.6953,5.5144,-461.7786,0.128625
-419.2618,5.5143,-461.6594,0.128738
-418.7737,5.5143,-461.5251,0.128867
-418.2850,5.5142,-461.3906,0.128995
-417.7958,5.5142,-461.2559,0.129123
-417.3060,5.5141,-461.1210,0.129252
-416.8156,5.5141,-460.9860,0.129382
-416.2702,5.5140,-460.8358,0.129524
-415.7787,5.5139,-460.7004,0.129652
-415.2321,5.5139,-460.5497,0.129798
-414.7943,5.5138,-460.4289,0.129912
-414.2464,5.5137,-460.2778,0.130055
-413.7527,5.5137,-460.1415,0.130184
-413.3134,5.5136,-460.0203,0.130298
-412.8188,5.5136,-459.8836,0.130427
-412.3787,5.5135,-459.7619,0.130543
-411.8830,5.5134,-459.6248,0.130674
-411.3869,5.5133,-459.4873,0.130801
-410.9454,5.5133,-459.3648,0.130918
-410.3933,5.5132,-459.2115,0.131063
-409.8410,5.5131,-459.0580,0.131206
-409.3441,5.5130,-458.9196,0.131335
-408.9024,5.5129,-458.7963,0.131450
-408.4609,5.5128,-458.6729,0.131563
-407.9644,5.5127,-458.5339,0.131695
-407.4681,5.5126,-458.3946,0.131822
-407.0273,5.5124,-458.2705,0.131938
-406.5321,5.5123,-458.1306,0.132064
-406.0376,5.5121,-457.9904,0.132192
-405.5441,5.5120,-457.8496,0.132322
-405.0513,5.5118,-457.7083,0.132448
-404.6142,5.5116,-457.5822,0.132561
-404.1232,5.5113,-457.4397,0.132689
-403.6876,5.5111,-457.3124,0.132799
-403.1985,5.5108,-457.1685,0.132926
-402.7645,5.5106,-457.0402,0.133037
-402.2773,5.5102,-456.8952,0.133165
-401.7909,5.5099,-456.7495,0.133289
-401.3596,5.5096,-456.6196,0.133400
-400.8754,5.5092,-456.4729,0.133527
-400.4457,5.5088,-456.3419,0.133635
-399.9635,5.5084,-456.1940,0.133759
-399.5357,5.5080,-456.0620,0.133871
-399.0555,5.5076,-455.9129,0.133995
-398.5764,5.5071,-455.7632,0.134120
-398.0984,5.5066,-455.6129,0.134239
-397.6743,5.5061,-455.4789,0.134352
-397.1982,5.5055,-455.3274,0.134472
-396.7775,5.5013,-455.1866,0.134580
-396.3032,5.5013,-455.0346,0.134704
-395.8818,5.5013,-454.8987,0.134811
-395.4617,5.5013,-454.7620,0.134920
-394.9904,5.5013,-454.6071,0.135040
-394.4682,5.5013,-454.4339,0.135172
-393.9993,5.5013,-454.2771,0.135295
-393.5833,5.5013,-454.1372,0.135400
-393.1163,5.5013,-453.9793,0.135518
-392.6504,5.5013,-453.8206,0.135639
-392.1855,5.5013,-453.6613,0.135757
-391.7732,5.5013,-453.5190,0.135861
-391.3104,5.5013,-453.3581,0.135981
-390.9000,5.5012,-453.2145,0.136088
-390.4394,5.5012,-453.0522,0.136203
-389.9799,5.5012,-452.8891,0.136318
-389.5727,5.5012,-452.7434,0.136419
-389.1158,5.5012,-452.5787,0.136536
-388.6606,5.5012,-452.4132,0.136651
-388.2572,5.5012,-452.2653,0.136751
-387.8051,5.5012,-452.0979,0.136864
-387.3550,5.5012,-451.9295,0.136980
-386.9068,5.5012,-451.7599,0.137093
-386.4609,5.5012,-451.5891,0.137200
-386.0664,5.5012,-451.4363,0.137300
-385.6248,5.5012,-451.2632,0.137409
-385.2343,5.5012,-451.1082,0.137509
-384.7971,5.5012,-450.9326,0.137613
-384.3623,5.5012,-450.7555,0.137721
-383.9300,5.5012,-450.5768,0.137828
-383.5478,5.5012,-450.4165,0.137922
-383.1204,5.5012,-450.2343,0.138032
-382.6955,5.5012,-450.0500,0.138131
-382.2731,5.5012,-449.8633,0.138238
-381.8529,5.5012,-449.6738,0.138339
-381.4347,5.5012,-449.4812,0.138445
-381.0186,5.5012,-449.2854,0.138546
-380.6045,5.5012,-449.0862,0.138647
-380.1927,5.5012,-448.8835,0.138750
-379.8285,5.5012,-448.7003,0.138842
-379.4210,5.5012,-448.4906,0.138938
-379.0161,5.5012,-448.2770,0.139041
-378.6137,5.5012,-448.0594,0.139141
-378.2582,5.5012,-447.8626,0.139234
-377.8609,5.5012,-447.6372,0.139330
-377.4661,5.5012,-447.4074,0.139433
-377.0708,5.5012,-447.1718,0.139530
-376.7200,5.5012,-446.9580,0.139615
-376.3279,5.5012,-446.7136,0.139719
-375.9394,5.5012,-446.4648,0.139820
-375.5547,5.5012,-446.2111,0.139918
-375.1740,5.5012,-445.9527,0.140012
-374.7974,5.5012,-445.6898,0.140111
-374.4250,5.5012,-445.4225,0.140212
-374.0976,5.5012,-445.1811,0.140296
-373.7336,5.5012,-444.9052,0.140393
-373.3743,5.5012,-444.6243,0.140491
-373.0198,5.5012,-444.3388,0.140584
-372.6317,5.5012,-444.0162,0.140687
-372.3257,5.5012,-443.7541,0.140772
-371.9864,5.5012,-443.4549,0.140865
-371.6523,5.5012,-443.1512,0.140961
-371.3599,5.5012,-442.8777,0.141046
-371.0360,5.5012,-442.5659,0.141129
-370.7176,5.5012,-442.2502,0.141224
-370.4047,5.5012,-441.9304,0.141315
-370.0972,5.5012,-441.6068,0.141407
-369.7953,5.5013,-441.2796,0.141498
-369.4990,5.5013,-440.9489,0.141587
-369.2401,5.5013,-440.6520,0.141666
-368.9540,5.5013,-440.3149,0.141758
-368.6729,5.5013,-439.9743,0.141849
-368.3966,5.5013,-439.6301,0.141938
-368.1551,5.5013,-439.3213,0.142021
-367.8877,5.5013,-438.9706,0.142110
-367.6248,5.5013,-438.6162,0.142203
-367.3664,5.5013,-438.2584,0.142293
-367.1124,5.5013,-437.8969,0.142386
-366.8627,5.5013,-437.5318,0.142473
-366.6175,5.5013,-437.1631,0.142569
-366.3765,5.5013,-436.7906,0.142658
-366.1400,5.5013,-436.4147,0.142748
-365.9077,5.5013,-436.0352,0.142843
-365.6799,5.5013,-435.6523,0.142929
-365.4563,5.5013,-435.2661,0.143021
-365.2613,5.5013,-434.9200,0.143102
-365.0460,5.5013,-434.5276,0.143194
-364.8348,5.5013,-434.1323,0.143280
-364.6279,5.5013,-433.7339,0.143376
-364.4251,5.5013,-433.3326,0.143468
-364.2265,5.5013,-432.9286,0.143561
-364.0321,5.5013,-432.5216,0.143646
-363.8418,5.5013,-432.1119,0.143738
-363.6557,5.5013,-431.6995,0.143831
-363.4738,5.5013,-431.2843,0.143926
-363.2961,5.5013,-430.8663,0.144018
-363.1417,5.5013,-430.4925,0.144097
-362.9719,5.5013,-430.0692,0.144193
-362.8244,5.5013,-429.6906,0.144273
-362.6625,5.5013,-429.2621,0.144367
-362.5047,5.5013,-428.8306,0.144458
-362.3680,5.5013,-428.4448,0.144544
-362.2180,5.5013,-428.0077,0.144633
-362.0722,5.5013,-427.5678,0.144730
-361.9306,5.5013,-427.1250,0.144826
-361.7932,5.5013,-426.6794,0.144919
-361.6600,5.5013,-426.2311,0.145018
-361.5170,5.5013,-425.7298,0.145120
-361.3925,5.5013,-425.2758,0.145218
-361.2720,5.5013,-424.8194,0.145319
-361.1428,5.5013,-424.3092,0.145421
-361.0307,5.5013,-423.8476,0.145520
-360.8991,5.5013,-423.2802,0.145644
-360.7845,5.5013,-422.7613,0.145753
-360.6855,5.5013,-422.2919,0.145850
-360.5801,5.5013,-421.7677,0.145965
-360.4895,5.5013,-421.2936,0.146065
-360.4029,5.5013,-420.8171,0.146163
-360.3293,5.5013,-420.3918,0.146250
-360.2418,5.5013,-419.8576,0.146363
-360.1675,5.5013,-419.3746,0.146461
-360.0973,5.5013,-418.8894,0.146569
-360.0313,5.5013,-418.4023,0.146670
-359.9696,5.5013,-417.9135,0.146778
-359.9185,5.5013,-417.4775,0.146869
-359.8651,5.5013,-416.9858,0.146971
-359.8164,5.5012,-416.4928,0.147081
-359.7769,5.5012,-416.0539,0.147167
-359.7370,5.5012,-415.5591,0.147280
-359.7017,5.5012,-415.0636,0.147383
-359.6711,5.5012,-414.5672,0.147487
-359.6452,5.5012,-414.0701,0.147597
-359.6239,5.5012,-413.5724,0.147701
-359.6073,5.5012,-413.0740,0.147807
-359.5951,5.5012,-412.5752,0.147917
-359.5872,5.5012,-412.0759,0.148026
-359.5834,5.5012,-411.5208,0.148149
-359.5844,5.5012,-411.0208,0.148255
-359.5892,5.5012,-410.5205,0.148361
-359.5968,5.5012,-410.0755,0.148462
-359.6091,5.5012,-409.5746,0.148577
-359.6252,5.5012,-409.0734,0.148680
-359.6454,5.5012,-408.5720,0.148789
-359.6695,5.5012,-408.0703,0.148910
-359.6976,5.5012,-407.5684,0.149018
-359.7258,5.5012,-407.1220,0.149122
-359.7612,5.5012,-406.6196,0.149233
-359.8006,5.5012,-406.1171,0.149345
-359.8438,5.5012,-405.6141,0.149455
-359.8965,5.5012,-405.0550,0.149590
-359.9421,5.5012,-404.6074,0.149691
-359.9971,5.5012,-404.1036,0.149808
-360.0560,5.5012,-403.5995,0.149921
-360.1188,5.5012,-403.0951,0.150036
-360.1855,5.5012,-402.5904,0.150161
-360.2560,5.5012,-402.0856,0.150271
-360.3304,5.5012,-401.5803,0.150389
-360.4087,5.5012,-401.0746,0.150506
-360.4814,5.5012,-400.6244,0.150616
-360.5766,5.5012,-400.0609,0.150753
-360.6559,5.5012,-399.6094,0.150859
-360.7484,5.5012,-399.1008,0.150976
-360.8444,5.5012,-398.5913,0.151100
-360.9550,5.5012,-398.0241,0.151234
-361.0581,5.5012,-397.5126,0.151356
-361.1645,5.5012,-397.0001,0.151477
-361.2739,5.5012,-396.4861,0.151601
-361.3865,5.5012,-395.9707,0.151727
-361.5021,5.5012,-395.4538,0.151849
-361.6208,5.5012,-394.9353,0.151977
-361.7287,5.5012,-394.4731,0.152091
-361.8529,5.5012,-393.9514,0.152216
-361.9799,5.5012,-393.4279,0.152345
-362.1244,5.5012,-392.8442,0.152487
-362.2422,5.5012,-392.3755,0.152607
-362.3923,5.5012,-391.7874,0.152753
-362.5298,5.5012,-391.2558,0.152880
-362.6696,5.5012,-390.7220,0.153012
-362.8273,5.5012,-390.1262,0.153166
-362.9553,5.5012,-389.6476,0.153287
-363.1012,5.5012,-389.1070,0.153417
-363.2490,5.5012,-388.5642,0.153551
-363.3987,5.5012,-388.0190,0.153691
-363.5504,5.5012,-387.4714,0.153831
-363.6866,5.5012,-386.9828,0.153953
-363.8413,5.5012,-386.4320,0.154092
-363.9969,5.5012,-385.8821,0.154233
-364.1538,5.5012,-385.3320,0.154375
-364.3123,5.5012,-384.7802,0.154519
-364.4716,5.5012,-384.2286,0.154659
-364.6325,5.5012,-383.6751,0.154796
-364.7950,5.5012,-383.1190,0.154947
-364.9592,5.5012,-382.5602,0.155085
-365.1249,5.5012,-381.9987,0.155237
-365.2922,5.5012,-381.4344,0.155377
-365.4422,5.5012,-380.9304,0.155511
-365.6124,5.5012,-380.3607,0.155659
-365.7841,5.5012,-379.7881,0.155810
-365.9380,5.5012,-379.2768,0.155940
-366.1125,5.5012,-378.6989,0.156089
-366.2689,5.5012,-378.1828,0.156223
-366.4459,5.5013,-377.5995,0.156378
-366.6242,5.5013,-377.0133,0.156535
-366.8036,5.5013,-376.4243,0.156687
-366.9839,5.5013,-375.8323,0.156846
-367.1649,5.5013,-375.2380,0.156997
-367.3462,5.5013,-374.6417,0.157159
-367.5075,5.5013,-374.1102,0.157297
-367.6890,5.5013,-373.5112,0.157454
-367.8703,5.5013,-372.9111,0.157618
-368.0313,5.5013,-372.3771,0.157762
-368.2121,5.5013,-371.7758,0.157920
-368.3726,5.5013,-371.2408,0.158060
-368.5528,5.5013,-370.6386,0.158218
-368.7325,5.5013,-370.0359,0.158379
-368.8918,5.5013,-369.5000,0.158520
-369.0704,5.5013,-368.8968,0.158681
-369.2483,5.5013,-368.2935,0.158841
-369.4058,5.5013,-367.7573,0.158987
-369.6017,5.5013,-367.0872,0.159163
-369.7771,5.5013,-366.4844,0.159324
-369.9322,5.5013,-365.9486,0.159466
-370.1057,5.5013,-365.3461,0.159628
-370.2781,5.5013,-364.7438,0.159790
-370.4493,5.5013,-364.1420,0.159954
-370.6189,5.5013,-363.5410,0.160111
-370.7868,5.5013,-362.9411,0.160272
-370.9529,5.5013,-362.3426,0.160434
-371.1169,5.5013,-361.7457,0.160596
-371.2611,5.5013,-361.2163,0.160739
-371.4213,5.5013,-360.6220,0.160899
-371.5794,5.5013,-360.0289,0.161061
-371.7526,5.5013,-359.3711,0.161235
-371.9061,5.5013,-358.7802,0.161395
-372.0574,5.5013,-358.1895,0.161555
-372.2072,5.5013,-357.5970,0.161717
-372.3552,5.5013,-357.0037,0.161878
-372.4848,5.5013,-356.4769,0.162019
-372.6283,5.5013,-355.8854,0.162181
-372.7536,5.5013,-355.3610,0.162324
-372.9073,5.5013,-354.7074,0.162500
-373.0280,5.5013,-354.1863,0.162635
-373.1611,5.5013,-353.6021,0.162796
-373.2915,5.5013,-353.0200,0.162953
-373.4191,5.5013,-352.4402,0.163111
-373.5439,5.5013,-351.8626,0.163265
-373.6525,5.5013,-351.3512,0.163402
-373.7719,5.5013,-350.7780,0.163556
-373.8886,5.5013,-350.2069,0.163707
-374.0026,5.5013,-349.6381,0.163862
-374.1137,5.5013,-349.0715,0.164013
-374.2222,5.5013,-348.5072,0.164166
-374.3279,5.5013,-347.9452,0.164318
-374.4310,5.5013,-347.3857,0.164461
-374.5202,5.5013,-346.8907,0.164596
-374.6180,5.5013,-346.3369,0.164742
-374.7131,5.5013,-345.7863,0.164890
-374.8053,5.5013,-345.2390,0.165033
-374.8949,5.5013,-344.6955,0.165181
-374.9817,5.5013,-344.1557,0.165322
-375.0658,5.5013,-343.6197,0.165463
-375.1472,5.5013,-343.0876,0.165607
-375.2260,5.5013,-342.5594,0.165742
-375.3022,5.5013,-342.0352,0.165882
-375.3758,5.5013,-341.5153,0.166023
-375.4389,5.5013,-341.0565,0.166140
-375.5077,5.5013,-340.5445,0.166274
-375.5740,5.5013,-340.0366,0.166412
-375.6310,5.5013,-339.5887,0.166528
-375.6995,5.5013,-339.0336,0.166677
-375.7523,5.5013,-338.5932,0.166792
-375.8095,5.5013,-338.1017,0.166920
-375.8645,5.5013,-337.6146,0.167047
-375.9172,5.5013,-337.1316,0.167179
-375.9677,5.5013,-336.6528,0.167299
-376.0160,5.5013,-336.1784,0.167429
-376.0668,5.5013,-335.6562,0.167562
-376.1053,5.5013,-335.2424,0.167668
-376.1462,5.5013,-334.7806,0.167791
-376.1846,5.5013,-334.3221,0.167911
-376.2203,5.5013,-333.8661,0.168033
-376.2535,5.5013,-333.4124,0.168151
-376.2839,5.5013,-332.9607,0.168269
-376.3115,5.5013,-332.5110,0.168387
-376.3388,5.5013,-332.0135,0.168518
-376.3604,5.5013,-331.5675,0.168631
-376.3790,5.5013,-331.1228,0.168751
-376.3945,5.5013,-330.6790,0.168867
-376.4070,5.5013,-330.2363,0.168985
-376.4161,5.5013,-329.7946,0.169098
-376.4224,5.5013,-329.3050,0.169228
-376.4246,5.5013,-328.9142,0.169332
-376.4240,5.5013,-328.4754,0.169443
-376.4202,5.5013,-328.0376,0.169557
-376.4132,5.5013,-327.6009,0.169676
-376.4044,5.5013,-327.2135,0.169777
-376.3915,5.5014,-326.7786,0.169891
-376.3755,5.5014,-326.3448,0.170005
-376.3564,5.5014,-325.9120,0.170121
-376.3342,5.5014,-325.4802,0.170236
-376.3088,5.5014,-325.0495,0.170351
-376.2804,5.5014,-324.6195,0.170461
-376.2489,5.5014,-324.1899,0.170575
-376.2144,5.5014,-323.7605,0.170689
-376.1769,5.5014,-323.3314,0.170803
-376.1364,5.5014,-322.9026,0.170917
-376.0929,5.5014,-322.4740,0.171026
-376.0519,5.5014,-322.0932,0.171132
-375.9974,5.5014,-321.6171,0.171254
-375.9513,5.5014,-321.2359,0.171357
-375.8907,5.5014,-320.7586,0.171482
-375.8398,5.5014,-320.3761,0.171584
-375.7802,5.5014,-319.9450,0.171702
-375.7178,5.5014,-319.5129,0.171815
-375.6528,5.5014,-319.0801,0.171931
-375.5851,5.5014,-318.6463,0.172049
-375.5147,5.5014,-318.2117,0.172162
-375.4417,5.5014,-317.7764,0.172275
-375.3658,5.5014,-317.3402,0.172395
-375.2874,5.5014,-316.9033,0.172510
-375.2062,5.5014,-316.4656,0.172626
-375.1224,5.5014,-316.0273,0.172746
-375.0359,5.5014,-315.5882,0.172862
-374.9466,5.5014,-315.1484,0.172984
-374.8546,5.5014,-314.7080,0.173101
-374.7599,5.5014,-314.2670,0.173219
-374.6734,5.5014,-313.8745,0.173327
-374.5735,5.5014,-313.4322,0.173449
-374.4708,5.5014,-312.9895,0.173564
-374.3652,5.5014,-312.5462,0.173686
-374.2569,5.5014,-312.1024,0.173807
-374.1457,5.5014,-311.6581,0.173926
-374.0317,5.5014,-311.2132,0.174050
-373.9148,5.5014,-310.7679,0.174171
-373.8085,5.5013,-310.3717,0.174281
-373.6862,5.5013,-309.9256,0.174400
-373.5610,5.5013,-309.4791,0.174526
-373.4329,5.5013,-309.0319,0.174649
-373.3018,5.5013,-308.5840,0.174772
-373.1828,5.5013,-308.1848,0.174880
-373.0460,5.5013,-307.7346,0.175009
-372.9060,5.5013,-307.2827,0.175134
-372.7790,5.5013,-306.8798,0.175247
-372.6166,5.5013,-306.3741,0.175384
-372.4669,5.5013,-305.9171,0.175512
-372.3139,5.5013,-305.4582,0.175641
-372.1576,5.5013,-304.9973,0.175770
-371.9979,5.5013,-304.5345,0.175904
-371.8532,5.5013,-304.1214,0.176016
-371.6872,5.5013,-303.6549,0.176147
-371.5178,5.5013,-303.1865,0.176279
-371.3452,5.5013,-302.7161,0.176414
-371.1693,5.5013,-302.2438,0.176551
-370.9901,5.5013,-301.7696,0.176684
-370.8282,5.5013,-301.3464,0.176802
-370.6223,5.5013,-300.8154,0.176954
-370.4335,5.5013,-300.3354,0.177092
-370.2416,5.5013,-299.8535,0.177233
-370.0465,5.5013,-299.3697,0.177369
-369.8484,5.5013,-298.8839,0.177512
-369.6470,5.5013,-298.3963,0.177652
-369.4425,5.5013,-297.9070,0.177791
-369.2580,5.5013,-297.4704,0.177921
-369.0474,5.5013,-296.9777,0.178061
-368.8336,5.5013,-296.4832,0.178206
-368.6407,5.5013,-296.0423,0.178332
-368.4205,5.5013,-295.5443,0.178479
-368.1969,5.5013,-295.0443,0.178628
-367.9698,5.5013,-294.5421,0.178773
-367.7393,5.5013,-294.0377,0.178923
-367.5052,5.5013,-293.5309,0.179075
-367.2677,5.5013,-293.0219,0.179222
-367.0266,5.5013,-292.5103,0.179375
-366.7818,5.5013,-291.9964,0.179525
-366.5333,5.5013,-291.4800,0.179680
-366.2811,5.5013,-290.9614,0.179834
-366.0251,5.5013,-290.4404,0.179994
-365.7945,5.5013,-289.9753,0.180130
-365.5314,5.5013,-289.4500,0.180285
-365.2646,5.5013,-288.9224,0.180440
-364.9940,5.5013,-288.3925,0.180602
-364.7196,5.5013,-287.8604,0.180759
-364.4415,5.5013,-287.3261,0.180926
-364.1595,5.5013,-286.7897,0.181088
-363.9057,5.5013,-286.3110,0.181230
-363.6165,5.5013,-285.7705,0.181396
-363.2907,5.5013,-285.1673,0.181575
-362.9936,5.5013,-284.6222,0.181747
-362.6927,5.5013,-284.0749,0.181910
-362.3884,5.5013,-283.5262,0.182076
-362.0824,5.5013,-282.9790,0.182244
-361.7744,5.5013,-282.4332,0.182410
-361.4633,5.5013,-281.8861,0.182581
-361.1504,5.5013,-281.3397,0.182749
-360.8698,5.5013,-280.8532,0.182896
-360.5511,5.5013,-280.3043,0.183063
-360.2289,5.5013,-279.7536,0.183231
-359.9397,5.5013,-279.2627,0.183383
-359.6113,5.5013,-278.7088,0.183552
-359.2795,5.5013,-278.1532,0.183729
-358.9445,5.5013,-277.5959,0.183896
-358.6061,5.5013,-277.0367,0.184077
-358.2644,5.5013,-276.4759,0.184243
-357.9193,5.5013,-275.9132,0.184423
-357.5709,5.5013,-275.3488,0.184594
-357.2189,5.5013,-274.7824,0.184773
-356.9032,5.5013,-274.2775,0.184933
-356.5448,5.5013,-273.7078,0.185110
-356.1829,5.5013,-273.1364,0.185294
-355.8175,5.5013,-272.5631,0.185468
-355.4897,5.5013,-272.0521,0.185633
-355.1177,5.5013,-271.4756,0.185815
-354.7422,5.5013,-270.8973,0.185997
-354.4053,5.5013,-270.3819,0.186165
-354.0230,5.5013,-269.8005,0.186349
-353.6371,5.5013,-269.2174,0.186543
-353.2475,5.5013,-268.6326,0.186728
-352.8544,5.5013,-268.0461,0.186920
-352.5019,5.5013,-267.5233,0.187092
-352.1018,5.5013,-266.9336,0.187281
-351.6981,5.5013,-266.3421,0.187480
-351.2907,5.5013,-265.7490,0.187672
-350.9254,5.5013,-265.2205,0.187846
-350.5110,5.5013,-264.6244,0.188042
-350.1395,5.5013,-264.0931,0.188220
-349.7180,5.5013,-263.4941,0.188419
-349.2928,5.5013,-262.8935,0.188621
-348.9117,5.5013,-262.3584,0.188795
-348.4793,5.5013,-261.7550,0.189005
-348.0432,5.5013,-261.1501,0.189204
-347.6032,5.5013,-260.5439,0.189403
-347.2090,5.5013,-260.0037,0.189588
-346.7618,5.5013,-259.3948,0.189790
-346.3108,5.5013,-258.7845,0.189993
-345.9067,5.5013,-258.2410,0.190176
-345.4484,5.5013,-257.6283,0.190388
-344.9861,5.5013,-257.0143,0.190593
-344.5720,5.5013,-256.4674,0.190777
-344.1548,5.5013,-255.9196,0.190957
-343.6816,5.5013,-255.3022,0.191169
-343.2046,5.5013,-254.6837,0.191379
-342.7236,5.5013,-254.0640,0.191594
-342.2927,5.5013,-253.5122,0.191779
-341.8041,5.5013,-252.8904,0.191989
-341.3117,5.5013,-252.2675,0.192204
-340.8152,5.5013,-251.6435,0.192413
-340.3706,5.5013,-251.0880,0.192607
-339.8667,5.5013,-250.4620,0.192820
-339.4154,5.5013,-249.9047,0.193011
-338.9039,5.5013,-249.2768,0.193228
-338.4460,5.5013,-248.7178,0.193422
-337.9270,5.5013,-248.0879,0.193634
-337.4041,5.5013,-247.4570,0.193851
-336.9360,5.5013,-246.8954,0.194039
-336.4058,5.5013,-246.2627,0.194265
-335.9311,5.5013,-245.6994,0.194455
-335.3934,5.5013,-245.0647,0.194674
-334.8518,5.5013,-244.4290,0.194895
-334.3064,5.5013,-243.7923,0.195114
-333.7572,5.5013,-243.1546,0.195335
-333.2042,5.5013,-242.5158,0.195562
-332.7094,5.5013,-241.9471,0.195758
-332.2117,5.5013,-241.3776,0.195954
-331.6483,5.5013,-240.7359,0.196178
-331.0811,5.5013,-240.0930,0.196406
-330.5740,5.5013,-239.5208,0.196603
-329.9999,5.5013,-238.8759,0.196830
-329.4223,5.5013,-238.2299,0.197054
-328.8412,5.5013,-237.5828,0.197282
-328.3215,5.5013,-237.0067,0.197485
-327.7336,5.5013,-236.3575,0.197717
-327.2081,5.5013,-235.7794,0.197922
-326.5473,5.5013,-235.0556,0.198175
-325.9490,5.5013,-234.4029,0.198407
-325.4142,5.5013,-233.8217,0.198615
-324.8097,5.5013,-233.1669,0.198843
-324.2041,5.5013,-232.5132,0.199076
-323.5981,5.5013,-231.8611,0.199307
-323.0576,5.5013,-231.2812,0.199519
-322.4489,5.5013,-230.6296,0.199746
-321.8391,5.5013,-229.9781,0.199978
-321.2267,5.5013,-229.3254,0.200208
-320.6804,5.5013,-228.7442,0.200416
-320.0635,5.5013,-228.0892,0.200647
-319.5131,5.5013,-227.5059,0.200856
-318.8918,5.5013,-226.8485,0.201093
-318.2682,5.5013,-226.1897,0.201324
-317.6424,5.5013,-225.5296,0.201563
-317.0843,5.5013,-224.9417,0.201764
-316.4544,5.5013,-224.2789,0.202005
-315.8927,5.5013,-223.6885,0.202215
-315.3293,5.5013,-223.0971,0.202425
-314.6936,5.5013,-222.4303,0.202660
-314.1268,5.5013,-221.8364,0.202878
-313.4873,5.5013,-221.1669,0.203114
-312.9170,5.5013,-220.5706,0.203327
-312.2736,5.5013,-219.8983,0.203563
-311.7000,5.5013,-219.2996,0.203779
-311.0529,5.5013,-218.6245,0.204021
-310.4037,5.5013,-217.9480,0.204258
-309.8250,5.5013,-217.3455,0.204474
-309.1720,5.5013,-216.6663,0.204718
-308.4441,5.5013,-215.9100,0.204986
-307.7869,5.5013,-215.2278,0.205230
-307.2010,5.5013,-214.6203,0.205448
-306.5401,5.5013,-213.9355,0.205692
-305.8033,5.5013,-213.1730,0.205968
-305.2122,5.5013,-212.5619,0.206186
-304.5454,5.5013,-211.8733,0.206433
-303.9511,5.5013,-211.2602,0.206651
-303.2809,5.5013,-210.5694,0.206900
-302.6837,5.5013,-209.9546,0.207121
-302.0103,5.5013,-209.2621,0.207371
-301.4105,5.5013,-208.6459,0.207595
-300.7343,5.5013,-207.9520,0.207841
-300.0565,5.5013,-207.2572,0.208091
-299.3017,5.5013,-206.4844,0.208369
-298.6965,5.5013,-205.8656,0.208593
-298.0142,5.5013,-205.1686,0.208844
-297.4064,5.5013,-204.5485,0.209068
-296.6451,5.5013,-203.7725,0.209353
-295.8818,5.5013,-202.9957,0.209631
-295.1932,5.5013,-202.2958,0.209882
-294.5031,5.5013,-201.5952,0.210137
-293.8884,5.5013,-200.9719,0.210364
-293.1954,5.5013,-200.2700,0.210624
-292.5782,5.5013,-199.6455,0.210843
-291.8823,5.5013,-198.9422,0.211100
-291.1849,5.5013,-198.2383,0.211358
-290.4083,5.5013,-197.4553,0.211643
-289.7856,5.5013,-196.8283,0.211876
-289.0837,5.5013,-196.1223,0.212127
-288.4585,5.5013,-195.4941,0.212358
-287.7538,5.5013,-194.7867,0.212615
-287.0476,5.5013,-194.0787,0.212880
-286.4186,5.5013,-193.4488,0.213105
-285.7096,5.5013,-192.7395,0.213365
-285.0781,5.5013,-192.1085,0.213599
-284.3662,5.5013,-191.3979,0.213858
-283.6529,5.5013,-190.6867,0.214116
-283.0176,5.5013,-190.0539,0.214349
-282.3014,5.5013,-189.3414,0.214611
-281.5838,5.5013,-188.6282,0.214869
-280.8648,5.5013,-187.9143,0.215130
-280.2245,5.5013,-187.2791,0.215357
-279.5027,5.5013,-186.5637,0.215619
-278.7797,5.5013,-185.8476,0.215885
-277.9748,5.5013,-185.0508,0.216181
-277.3296,5.5013,-184.4127,0.216410
-276.6026,5.5013,-183.6939,0.216671
-275.9554,5.5013,-183.0544,0.216907
-275.2260,5.5013,-182.3340,0.217172
-274.5767,5.5013,-181.6929,0.217407
-273.8450,5.5013,-180.9709,0.217670
-273.1121,5.5013,-180.2479,0.217932
-272.3781,5.5013,-179.5241,0.218198
-271.7246,5.5013,-178.8799,0.218436
-270.9884,5.5013,-178.1543,0.218702
-270.2510,5.5013,-177.4278,0.218966
-269.4304,5.5013,-176.6195,0.219259
-268.6084,5.5013,-175.8100,0.219557
-267.9498,5.5013,-175.1616,0.219796
-267.2079,5.5013,-174.4312,0.220064
-266.5475,5.5013,-173.7812,0.220295
-265.8034,5.5013,-173.0491,0.220568
-265.1412,5.5013,-172.3974,0.220801
-264.3951,5.5013,-171.6634,0.221075
-263.6481,5.5013,-170.9285,0.221339
-262.9831,5.5013,-170.2744,0.221578
-262.2340,5.5013,-169.5376,0.221849
-261.5672,5.5013,-168.8819,0.222088
-260.8161,5.5013,-168.1434,0.222359
-260.1475,5.5013,-167.4861,0.222598
-259.3944,5.5013,-166.7457,0.222871
-258.6403,5.5013,-166.0044,0.223138
-257.8850,5.5013,-165.2621,0.223408
-257.0448,5.5013,-164.4362,0.223711
-256.2875,5.5013,-163.6918,0.223980
-255.6135,5.5013,-163.0293,0.224225
-254.8543,5.5013,-162.2831,0.224498
-254.1786,5.5013,-161.6190,0.224743
-253.4175,5.5013,-160.8709,0.225010
-252.6555,5.5013,-160.1219,0.225287
-251.8925,5.5013,-159.3718,0.225557
-251.0436,5.5013,-158.5374,0.225865
-250.2785,5.5013,-157.7853,0.226136
-249.5976,5.5013,-157.1160,0.226384
-248.8307,5.5013,-156.3622,0.226653
-248.1482,5.5013,-155.6913,0.226901
-247.3796,5.5013,-154.9357,0.227175
-246.6955,5.5013,-154.2633,0.227419
-245.9252,5.5013,-153.5060,0.227695
-245.1542,5.5013,-152.7482,0.227972
-244.3826,5.5013,-151.9898,0.228249
-243.6965,5.5013,-151.3154,0.228491
-242.8387,5.5013,-150.4724,0.228798
-242.1527,5.5013,-149.7981,0.229044
-241.2955,5.5013,-148.9556,0.229349
-240.6105,5.5013,-148.2824,0.229593
-239.8407,5.5013,-147.5259,0.229867
-239.1574,5.5013,-146.8543,0.230107
-238.3897,5.5013,-146.0999,0.230385
-237.6233,5.5013,-145.3467,0.230656
-236.7734,5.5013,-144.5117,0.230959
-236.0100,5.5013,-143.7616,0.231232
-235.2481,5.5013,-143.0131,0.231502
-234.5720,5.5013,-142.3488,0.231743
-233.8127,5.5013,-141.6030,0.232013
-233.0548,5.5013,-140.8587,0.232281
-232.3823,5.5013,-140.1982,0.232520
-231.6270,5.5013,-139.4566,0.232792
-230.7895,5.5013,-138.6343,0.233092
-230.1207,5.5013,-137.9777,0.233326
-229.3696,5.5013,-137.2404,0.233594
-228.6199,5.5013,-136.5047,0.233859
-227.8717,5.5013,-135.7705,0.234127
-227.2078,5.5013,-135.1193,0.234363
-226.4624,5.5013,-134.3882,0.234626
-225.8012,5.5013,-133.7399,0.234860
-225.0590,5.5013,-133.0122,0.235125
-224.3185,5.5013,-132.2865,0.235387
-223.5798,5.5013,-131.5627,0.235653
-222.9248,5.5013,-130.9211,0.235884
-222.1898,5.5013,-130.2013,0.236144
-221.4569,5.5013,-129.4837,0.236404
-220.7261,5.5013,-128.7685,0.236667
-219.9975,5.5013,-128.0556,0.236924
-219.2712,5.5013,-127.3451,0.237182
-218.6273,5.5013,-126.7156,0.237412
-217.9052,5.5013,-126.0097,0.237666
-217.2652,5.5013,-125.3843,0.237896
-216.5474,5.5013,-124.6831,0.238150
-215.9113,5.5013,-124.0620,0.238375
-215.1189,5.5013,-123.2885,0.238657
-214.4871,5.5013,-122.6720,0.238884
-213.7786,5.5013,-121.9811,0.239133
-213.1510,5.5013,-121.3693,0.239356
-212.4472,5.5013,-120.6835,0.239607
-211.7457,5.5013,-120.0005,0.239855
-211.0467,5.5013,-119.3201,0.240102
-210.4274,5.5013,-118.7176,0.240322
-209.7330,5.5013,-118.0423,0.240569
-209.1177,5.5013,-117.4443,0.240787
-208.4277,5.5013,-116.7741,0.241034
-207.8164,5.5013,-116.1806,0.241249
-207.2071,5.5013,-115.5893,0.241464
-206.5239,5.5013,-114.9267,0.241706
-205.9187,5.5013,-114.3401,0.241922
-205.2403,5.5013,-113.6828,0.242163
-204.5642,5.5013,-113.0281,0.242402
-203.9651,5.5013,-112.4484,0.242613
-203.2934,5.5013,-111.7986,0.242852
-202.6982,5.5013,-111.2234,0.243061
-202.0300,5.5013,-110.5779,0.243299
-201.3630,5.5013,-109.9340,0.243536
-200.6243,5.5013,-109.2216,0.243797
-200.0358,5.5013,-108.6543,0.244003
-199.3762,5.5013,-108.0191,0.244238
-198.7923,5.5013,-107.4570,0.244444
-198.1380,5.5013,-106.8276,0.244675
-197.5585,5.5013,-106.2706,0.244880
-196.9087,5.5013,-105.6464,0.245110
-196.2606,5.5013,-105.0244,0.245338
-195.6142,5.5013,-104.4044,0.245566
-195.0407,5.5013,-103.8548,0.245769
-194.3969,5.5013,-103.2381,0.245995
-193.7544,5.5013,-102.6233,0.246223
-193.1133,5.5013,-102.0102,0.246448
-192.5446,5.5013,-101.4667,0.246649
-191.9061,5.5013,-100.8569,0.246873
-191.2689,5.5013,-100.2489,0.247098
-190.7038,5.5013,-99.7100,0.247296
-190.0696,5.5013,-99.1055,0.247520
-189.5073,5.5013,-98.5700,0.247717
-188.8765,5.5013,-97.9696,0.247940
-188.3174,5.5013,-97.4378,0.248135
-187.6904,5.5013,-96.8417,0.248355
-187.0654,5.5013,-96.2480,0.248575
-186.4427,5.5013,-95.6567,0.248794
-185.8909,5.5013,-95.1332,0.248989
-185.2722,5.5013,-94.5465,0.249205
-184.6559,5.5013,-93.9624,0.249421
-184.0419,5.5013,-93.3810,0.249636
-183.4984,5.5013,-92.8664,0.249829
-182.8895,5.5013,-92.2903,0.250042
-182.3504,5.5013,-91.7807,0.250233
-181.7467,5.5013,-91.2101,0.250442
-181.1458,5.5013,-90.6424,0.250651
-180.6139,5.5013,-90.1402,0.250837
-180.0183,5.5013,-89.5780,0.251048
-179.4913,5.5013,-89.0807,0.251231
-178.9010,5.5013,-88.5241,0.251437
-178.3136,5.5013,-87.9703,0.251643
-177.7939,5.5013,-87.4804,0.251827
-177.2119,5.5013,-86.9321,0.252028
-176.6970,5.5013,-86.4470,0.252209
-176.1205,5.5013,-85.9040,0.252410
-175.6104,5.5013,-85.4238,0.252589
-175.0392,5.5013,-84.8861,0.252789
-174.5338,5.5013,-84.4106,0.252967
-173.9681,5.5013,-83.8782,0.253163
-173.4675,5.5013,-83.4074,0.253340
-172.9693,5.5013,-82.9387,0.253513
-172.4113,5.5013,-82.4140,0.253707
-171.8563,5.5013,-81.8921,0.253902
-171.3653,5.5013,-81.4305,0.254074
-170.8155,5.5013,-80.9138,0.254266
-170.2686,5.5013,-80.3999,0.254457
-169.7246,5.5013,-79.8886,0.254647
-169.2433,5.5013,-79.4364,0.254816
-168.7045,5.5013,-78.9303,0.255005
-168.1685,5.5013,-78.4269,0.255194
-167.6944,5.5013,-77.9817,0.255359
-167.1051,5.5014,-77.4282,0.255565
-166.5776,5.5014,-76.9331,0.255749
-166.1113,5.5014,-76.4953,0.255911
-165.5894,5.5014,-76.0055,0.256094
-165.1280,5.5014,-75.5725,0.256255
-164.5546,5.5014,-75.0345,0.256455
-163.9850,5.5014,-74.5000,0.256653
-163.4755,5.5014,-74.0221,0.256833
-163.0251,5.5014,-73.5997,0.256989
-162.5214,5.5014,-73.1272,0.257165
-162.0762,5.5014,-72.7097,0.257321
-161.5782,5.5014,-72.2428,0.257495
-161.1382,5.5015,-71.8303,0.257649
-160.5916,5.5015,-71.3178,0.257838
-160.0487,5.5015,-70.8090,0.258030
-159.6172,5.5015,-70.4046,0.258179
-159.1298,5.5057,-69.9571,0.258350
-158.6497,5.5065,-69.5090,0.258517
-158.2258,5.5072,-69.1126,0.258666
-157.7516,5.5079,-68.6693,0.258830
-157.3324,5.5086,-68.2776,0.258976
-156.8637,5.5093,-67.8397,0.259137
-156.4497,5.5099,-67.4528,0.259283
-155.9866,5.5105,-67.0201,0.259445
-155.5266,5.5111,-66.5899,0.259604
-155.0190,5.5117,-66.1149,0.259781
-154.6158,5.5122,-65.7373,0.259921
-154.1155,5.5128,-65.2682,0.260096
-153.6194,5.5134,-64.8023,0.260267
-153.2253,5.5138,-64.4319,0.260406
-152.7850,5.5143,-64.0174,0.260560
-152.3964,5.5147,-63.6511,0.260697
-151.9141,5.5151,-63.1961,0.260867
-151.4833,5.5154,-62.7892,0.261015
-151.1031,5.5157,-62.4297,0.261148
-150.6784,5.5160,-62.0276,0.261296
-150.2562,5.5164,-61.6283,0.261442
-149.8841,5.5171,-61.2751,0.261571
-149.4682,5.5179,-60.8798,0.261718
-149.1005,5.5185,-60.5299,0.261846
-148.6884,5.5190,-60.1372,0.261989
-148.2777,5.5194,-59.7455,0.262134
-147.9138,5.5198,-59.3979,0.262262
-147.5054,5.5202,-59.0074,0.262406
-147.1432,5.5205,-58.6606,0.262531
-146.7368,5.5207,-58.2707,0.262674
-146.3761,5.5208,-57.9247,0.262799
-145.9711,5.5209,-57.5358,0.262941
-145.5221,5.5211,-57.1041,0.263098
-145.1637,5.5214,-56.7592,0.263224
-144.7614,5.5217,-56.3715,0.263364
-144.3600,5.5221,-55.9842,0.263505
-143.9149,5.5224,-55.5543,0.263662
-143.5598,5.5227,-55.2107,0.263786
-143.1610,5.5229,-54.8244,0.263927
-142.8074,5.5232,-54.4812,0.264051
-142.3665,5.5235,-54.0525,0.264206
-141.9708,5.5237,-53.6669,0.264344
-141.6200,5.5239,-53.3243,0.264467
-141.2267,5.5241,-52.9392,0.264604
-140.8784,5.5242,-52.5973,0.264726
-140.4881,5.5244,-52.2133,0.264866
-140.1001,5.5247,-51.8299,0.265000
-139.7570,5.5249,-51.4900,0.265123
-139.3733,5.5251,-51.1084,0.265259
-139.0342,5.5252,-50.7701,0.265379
-138.6551,5.5254,-50.3904,0.265512
-138.3201,5.5254,-50.0536,0.265630
-137.9455,5.5254,-49.6755,0.265763
-137.6147,5.5253,-49.3401,0.265879
-137.2446,5.5252,-48.9633,0.266012
-136.9174,5.5251,-48.6284,0.266129
-136.5509,5.5250,-48.2517,0.266261
-136.1863,5.5248,-47.8749,0.266391
-135.8635,5.5246,-47.5397,0.266505
-135.5019,5.5244,-47.1624,0.266634
-135.1420,5.5241,-46.7849,0.266761
-134.8233,5.5238,-46.4492,0.266881
-134.4268,5.5234,-46.0292,0.267018
-134.1113,5.5231,-45.6932,0.267133
-133.7583,5.5227,-45.3154,0.267261
-133.4079,5.5222,-44.9378,0.267387
-133.0986,5.5217,-44.6028,0.267500
-132.7534,5.5211,-44.2265,0.267623
-132.4495,5.5205,-43.8928,0.267731
-132.1110,5.5198,-43.5183,0.267855
-131.7763,5.5191,-43.1446,0.267977
-131.4823,5.5184,-42.8134,0.268083
-131.1555,5.5177,-42.4418,0.268203
-130.8329,5.5168,-42.0712,0.268321
-130.5148,5.5159,-41.7016,0.268438
-130.2014,5.5150,-41.3330,0.268556
-129.8927,5.5139,-40.9654,0.268673
-129.6224,5.5129,-40.6394,0.268773
-129.3230,5.5118,-40.2733,0.268888
-129.0285,5.5105,-39.9081,0.268997
-128.7392,5.5092,-39.5435,0.269108
-128.4551,5.5078,-39.1797,0.269217
-128.2070,5.5064,-38.8568,0.269313
-127.9375,5.5013,-38.4898,0.269421
-127.6681,5.5013,-38.1276,0.269527
-127.4035,5.5013,-37.7644,0.269630
-127.1437,5.5013,-37.3995,0.269735
-126.9162,5.5013,-37.0736,0.269825
-126.6637,5.5013,-36.7055,0.269930
-126.4152,5.5012,-36.3358,0.270034
-126.1440,5.5012,-35.9226,0.270147
-125.9044,5.5012,-35.5483,0.270248
-125.6952,5.5012,-35.2138,0.270336
-125.4638,5.5012,-34.8354,0.270435
-125.2370,5.5012,-34.4550,0.270533
-125.0148,5.5012,-34.0725,0.270633
-124.7976,5.5012,-33.6877,0.270729
-124.6088,5.5012,-33.3438,0.270815
-124.4013,5.5012,-32.9549,0.270910
-124.1989,5.5012,-32.5641,0.271007
-124.0232,5.5012,-32.2152,0.271090
-123.8305,5.5012,-31.8209,0.271183
-123.6430,5.5012,-31.4249,0.271281
-123.4607,5.5012,-31.0274,0.271374
-123.3030,5.5012,-30.6726,0.271457
-123.1306,5.5012,-30.2722,0.271553
-122.9817,5.5012,-29.9151,0.271635
-122.8192,5.5012,-29.5121,0.271726
-122.6792,5.5012,-29.1527,0.271809
-122.5267,5.5012,-28.7473,0.271901
-122.3796,5.5012,-28.3406,0.271998
-122.2379,5.5012,-27.9328,0.272089
-122.1165,5.5012,-27.5693,0.272169
-121.9851,5.5012,-27.1593,0.272259
-121.8594,5.5012,-26.7483,0.272357
-121.7395,5.5012,-26.3363,0.272447
-121.6253,5.5012,-25.9233,0.272535
-121.5169,5.5012,-25.5094,0.272628
-121.4143,5.5012,-25.0948,0.272715
-121.3280,5.5012,-24.7257,0.272796
-121.2364,5.5012,-24.3099,0.272883
-121.1506,5.5013,-23.8935,0.272973
-121.0792,5.5013,-23.5231,0.273050
-121.0045,5.5013,-23.1060,0.273136
-120.9356,5.5013,-22.6886,0.273225
-120.8794,5.5013,-22.3174,0.273301
-120.8218,5.5013,-21.8997,0.273385
-120.7701,5.5013,-21.4819,0.273468
-120.7292,5.5013,-21.1106,0.273537
-120.6887,5.5013,-20.6929,0.273624
-120.6540,5.5013,-20.2755,0.273707
-120.6282,5.5013,-19.9048,0.273779
-120.6045,5.5013,-19.4880,0.273859
-120.5867,5.5013,-19.0717,0.273938
-120.5747,5.5013,-18.6559,0.274018
-120.5689,5.5013,-18.2867,0.274092
-120.5677,5.5013,-17.8715,0.274170
-120.5721,5.5013,-17.4566,0.274250
-120.5807,5.5013,-17.0880,0.274321
-120.5958,5.5013,-16.6737,0.274399
-120.6138,5.5013,-16.3057,0.274473
-120.6394,5.5013,-15.8920,0.274552
-120.6669,5.5013,-15.5248,0.274619
-120.7031,5.5013,-15.1121,0.274700
-120.7399,5.5013,-14.7458,0.274769
-120.7865,5.5013,-14.3343,0.274851
-120.8387,5.5013,-13.9236,0.274929
-120.8898,5.5013,-13.5592,0.275002
-120.9525,5.5013,-13.1501,0.275082
-121.0208,5.5013,-12.7420,0.275163
-121.0947,5.5013,-12.3350,0.275241
-121.1650,5.5013,-11.9744,0.275314
-121.2494,5.5013,-11.5705,0.275397
-121.3290,5.5013,-11.2130,0.275477
-121.4239,5.5013,-10.8127,0.275559
-121.5128,5.5013,-10.4586,0.275633
-121.6179,5.5013,-10.0623,0.275717
-121.7158,5.5013,-9.7118,0.275796
-121.8310,5.5013,-9.3197,0.275888
-121.9514,5.5013,-8.9299,0.275974
-122.0771,5.5013,-8.5424,0.276061
-122.2081,5.5013,-8.1569,0.276149
-122.3288,5.5013,-7.8160,0.276233
-122.4696,5.5013,-7.4343,0.276321
-122.5991,5.5013,-7.0967,0.276400
-122.7495,5.5013,-6.7190,0.276490
-122.8876,5.5013,-6.3851,0.276567
-123.0477,5.5013,-6.0115,0.276659
-123.2129,5.5013,-5.6402,0.276752
-123.3830,5.5013,-5.2713,0.276842
-123.5579,5.5013,-4.9048,0.276932
-123.7376,5.5013,-4.5407,0.277019
-123.9221,5.5013,-4.1790,0.277108
-124.1110,5.5012,-3.8198,0.277200
-124.3262,5.5012,-3.4235,0.277300
-124.5245,5.5012,-3.0693,0.277389
-124.7271,5.5012,-2.7173,0.277483
-124.9108,5.5012,-2.4061,0.277561
-125.1214,5.5012,-2.0579,0.277648
-125.3362,5.5012,-1.7114,0.277743
-125.5551,5.5012,-1.3666,0.277833
-125.7531,5.5012,-1.0614,0.277916
-125.9797,5.5012,-0.7194,0.278008
-126.2102,5.5012,-0.3787,0.278097
-126.4448,5.5012,-0.0393,0.278190
-126.6833,5.5012,0.2991,0.278284
-126.9257,5.5012,0.6365,0.278380
-127.1721,5.5012,0.9732,0.278477
-127.4503,5.5012,1.3465,0.278583
-127.6762,5.5012,1.6446,0.278670
-127.9340,5.5012,1.9795,0.278768
-128.1955,5.5012,2.3140,0.278867
-128.4606,5.5012,2.6481,0.278964
-128.7292,5.5012,2.9820,0.279066
-129.0010,5.5012,3.3157,0.279168
-129.2760,5.5012,3.6495,0.279271
-129.5539,5.5012,3.9833,0.279373
-129.8345,5.5012,4.3173,0.279479
-130.1178,5.5012,4.6516,0.279583
-130.4035,5.5012,4.9863,0.279689
-130.6918,5.5012,5.3216,0.279795
-130.9822,5.5012,5.6572,0.279903
-131.2743,5.5012,5.9928,0.280013
-131.5676,5.5012,6.3279,0.280123
-131.8618,5.5012,6.6621,0.280232
-132.1565,5.5012,6.9953,0.280341
-132.4513,5.5012,7.3273,0.280452
-132.7463,5.5013,7.6581,0.280562
-133.0412,5.5013,7.9878,0.280674
-133.3031,5.5013,8.2798,0.280771
-133.5976,5.5013,8.6073,0.280882
-133.8916,5.5013,8.9339,0.280992
-134.1851,5.5013,9.2594,0.281104
-134.4777,5.5013,9.5838,0.281216
-134.7693,5.5013,9.9072,0.281321
-135.0596,5.5012,10.2296,0.281436
-135.3486,5.5012,10.5511,0.281542
-135.6682,5.5012,10.9072,0.281667
-135.9225,5.5012,11.1913,0.281762
-136.2073,5.5011,11.5103,0.281871
-136.4906,5.5010,11.8286,0.281980
-136.7722,5.5009,12.1462,0.282088
-137.0522,5.5008,12.4632,0.282197
-137.2998,5.5006,12.7447,0.282292
-137.5768,5.5004,13.0613,0.282400
-137.8524,5.5002,13.3783,0.282509
-138.1264,5.5000,13.6956,0.282618
-138.3988,5.4997,14.0136,0.282726
-138.6723,5.4994,14.3355,0.282834
-138.9458,5.4991,14.6600,0.282944
-139.2174,5.4987,14.9854,0.283054
-139.4865,5.4983,15.3115,0.283161
-139.7527,5.4979,15.6381,0.283272
-140.0157,5.4975,15.9651,0.283381
-140.2754,5.4971,16.2922,0.283490
-140.5034,5.4966,16.5834,0.283586
-140.7565,5.4960,16.9113,0.283695
-141.0058,5.4955,17.2396,0.283802
-141.2514,5.4950,17.5683,0.283911
-141.4666,5.4945,17.8605,0.284008
-141.7056,5.4937,18.1899,0.284111
-141.9414,5.4930,18.5204,0.284218
-142.1738,5.4924,18.8519,0.284326
-142.4029,5.4918,19.1846,0.284432
-142.6534,5.4908,19.5553,0.284549
-142.8508,5.4899,19.8532,0.284646
-143.0695,5.4890,20.1894,0.284751
-143.2848,5.4880,20.5269,0.284854
-143.4968,5.4870,20.8652,0.284962
-143.6826,5.4857,21.1670,0.285054
-143.8888,5.4842,21.5076,0.285160
-144.0921,5.4828,21.8492,0.285265
-144.2927,5.4813,22.1913,0.285368
-144.4904,5.4794,22.5345,0.285473
-144.6638,5.4777,22.8403,0.285565
-144.8564,5.4757,23.1850,0.285673
-145.0465,5.4738,23.5307,0.285778
-145.2339,5.4715,23.8764,0.285881
-145.4140,5.4736,24.2264,0.285986
-145.5958,5.4724,24.5737,0.286090
-145.7554,5.4713,24.8829,0.286182
-145.9317,5.4709,25.2317,0.286284
-146.1064,5.4697,25.5807,0.286388
-146.2586,5.4693,25.8916,0.286479
-146.4280,5.4679,26.2416,0.286583
-146.5948,5.4683,26.5943,0.286687
-146.7399,5.4671,26.9044,0.286777
-146.9018,5.4668,27.2577,0.286879
-147.0602,5.4659,27.6080,0.286982
-147.1993,5.4670,27.9240,0.287070
-147.3519,5.4674,28.2738,0.287174
-147.5036,5.4657,28.6257,0.287275
-147.6523,5.4638,28.9781,0.287377
-147.7824,5.4615,29.2921,0.287467
-147.9258,5.4592,29.6459,0.287567
-148.0506,5.4573,29.9604,0.287658
-148.1880,5.4554,30.3142,0.287760
-148.3226,5.4535,30.6686,0.287860
-148.4395,5.4513,30.9832,0.287949
-148.5682,5.4493,31.3389,0.288050
-148.6801,5.4479,31.6548,0.288138
-148.8024,5.4454,32.0093,0.288238
-148.9221,5.4425,32.3653,0.288338
-149.0262,5.4401,32.6818,0.288426
-149.1403,5.4375,33.0382,0.288525
-149.2515,5.4346,33.3941,0.288624
-149.3591,5.4316,33.7507,0.288723
-149.4520,5.4290,34.0675,0.288810
-149.5537,5.4254,34.4245,0.288910
-149.6520,5.4220,34.7816,0.289008
-149.7363,5.4191,35.0991,0.289095
-149.8269,5.4172,35.4581,0.289193
-149.9148,5.4161,35.8156,0.289290
-149.9990,5.4143,36.1719,0.289388
-150.0718,5.4109,36.4901,0.289475
-150.1505,5.4072,36.8495,0.289571
-150.2255,5.4034,37.2094,0.289670
-150.2891,5.3999,37.5300,0.289757
-150.3569,5.3961,37.8912,0.289854
-150.4207,5.3926,38.2532,0.289953
-150.4794,5.3913,38.6173,0.290050
-150.5351,5.3903,38.9804,0.290149
-150.5863,5.3878,39.3419,0.290247
-150.6287,5.3848,39.6651,0.290332
-150.6723,5.3817,40.0290,0.290432
-150.7120,5.3784,40.3923,0.290528
-150.7432,5.3751,40.7158,0.290616
-150.7745,5.3716,41.0796,0.290712
-150.7989,5.3687,41.4033,0.290798
-150.8227,5.3657,41.7678,0.290895
-150.8425,5.3628,42.1322,0.290994
-150.8564,5.3600,42.4577,0.291081
-150.8686,5.3573,42.8241,0.291179
-150.8759,5.3550,43.1500,0.291265
-150.8798,5.3525,43.5188,0.291364
-150.8804,5.3505,43.8878,0.291464
-150.8761,5.3481,44.2978,0.291572
-150.8687,5.3446,44.6673,0.291671
-150.8582,5.3416,44.9971,0.291758
-150.8420,5.3389,45.3694,0.291859
-150.8243,5.3373,45.7001,0.291948
-150.8000,5.3358,46.0723,0.292047
-150.7706,5.3339,46.4450,0.292148
-150.7384,5.3332,46.8181,0.292248
-150.7021,5.3324,47.1898,0.292348
-150.6658,5.3303,47.5225,0.292438
-150.6215,5.3285,47.8970,0.292540
-150.5732,5.3268,48.2719,0.292640
-150.5211,5.3243,48.6478,0.292740
-150.4644,5.3218,49.0249,0.292844
-150.4102,5.3198,49.3609,0.292935
-150.3455,5.3174,49.7396,0.293039
-150.2761,5.3152,50.1193,0.293143
-150.2107,5.3134,50.4572,0.293235
-150.1322,5.3124,50.8374,0.293339
-150.0496,5.3117,51.2165,0.293445
-149.9726,5.3106,51.5522,0.293537
-149.8819,5.3097,51.9295,0.293642
-149.7869,5.3088,52.3049,0.293745
-149.6877,5.3072,52.6796,0.293851
-149.5956,5.3057,53.0119,0.293942
-149.4877,5.3048,53.3851,0.294048
-149.3750,5.3049,53.7568,0.294154
-149.2582,5.3057,54.1269,0.294258
-149.1375,5.3052,54.4955,0.294364
-149.0253,5.3060,54.8245,0.294457
-148.8967,5.3069,55.1924,0.294563
-148.7631,5.3065,55.5610,0.294671
-148.6406,5.3063,55.8884,0.294764
-148.4989,5.3063,56.2560,0.294870
-148.3691,5.3061,56.5823,0.294967
-148.2191,5.3060,56.9486,0.295075
-148.0818,5.3061,57.2735,0.295170
-147.9232,5.3064,57.6384,0.295279
-147.7601,5.3070,58.0025,0.295386
-147.6115,5.3077,58.3248,0.295483
-147.4204,5.3081,58.7271,0.295604
-147.2442,5.3085,59.0880,0.295714
-147.0835,5.3091,59.4082,0.295810
-146.8992,5.3102,59.7667,0.295923
-146.7101,5.3108,60.1239,0.296033
-146.5384,5.3113,60.4408,0.296132
-146.3409,5.3122,60.7963,0.296245
-146.1396,5.3135,61.1502,0.296355
-145.9568,5.3146,61.4639,0.296455
-145.7220,5.3179,61.8552,0.296581
-145.5327,5.3191,62.1656,0.296679
-145.3152,5.3205,62.5152,0.296793
-145.0940,5.3219,62.8636,0.296909
-144.8685,5.3234,63.2110,0.297023
-144.6392,5.3251,63.5569,0.297138
-144.4318,5.3268,63.8632,0.297239
-144.1946,5.3289,64.2063,0.297353
-143.9791,5.3315,64.5102,0.297458
-143.7354,5.3332,64.8492,0.297572
-143.4869,5.3351,65.1881,0.297689
-143.2623,5.3370,65.4872,0.297793
-143.0232,5.3365,65.8385,0.297912
-142.7630,5.3420,66.1736,0.298032
-142.5293,5.3473,66.4699,0.298138
-142.2634,5.3533,66.8019,0.298254
-142.0242,5.3586,67.0962,0.298363
-141.7521,5.3647,67.4266,0.298483
-141.4770,5.3717,67.7552,0.298604
-141.1986,5.3786,68.0819,0.298725
-140.9170,5.3854,68.4066,0.298845
-140.6636,5.3915,68.6939,0.298953
-140.3754,5.3992,69.0151,0.299077
-140.1164,5.4062,69.2987,0.299183
-139.7886,5.4149,69.6510,0.299322
-139.4898,5.4226,69.9658,0.299447
-139.2209,5.4302,70.2441,0.299554
-138.9152,5.4388,70.5545,0.299681
-138.6407,5.4466,70.8284,0.299794
-138.3284,5.4553,71.1344,0.299917
-138.0476,5.4633,71.4047,0.300030
-137.7288,5.4727,71.7062,0.300157
-137.4061,5.4823,72.0048,0.300280
-137.1166,5.4909,72.2680,0.300394
-136.7874,5.5006,72.5617,0.300522
-136.4923,5.5098,72.8203,0.300634
-136.1571,5.5201,73.1083,0.300763
-135.8560,5.5294,73.3617,0.300876
-135.4764,5.5411,73.6750,0.301024
-135.1309,5.5521,73.9539,0.301149
-134.8215,5.5621,74.1990,0.301265
-134.4704,5.5732,74.4717,0.301392
-134.0760,5.5858,74.7707,0.301536
-133.7577,5.5962,75.0072,0.301653
-133.3971,5.6082,75.2700,0.301782
-133.0334,5.6202,75.5294,0.301909
-132.7075,5.6309,75.7571,0.302031
-132.3376,5.6430,76.0099,0.302162
-131.9647,5.6558,76.2594,0.302294
-131.6311,5.6673,76.4781,0.302413
-131.2531,5.6802,76.7208,0.302548
-130.9146,5.6915,76.9335,0.302667
-130.5305,5.7043,77.1693,0.302798
-130.1877,5.7153,77.3757,0.302922
-129.7988,5.7276,77.6048,0.303058
-129.4509,5.7385,77.8053,0.303179
-129.0565,5.7509,78.0274,0.303322
-128.7039,5.7620,78.2214,0.303444
-128.3046,5.7745,78.4359,0.303590
-127.9028,5.7869,78.6464,0.303733
-127.4982,5.7996,78.8533,0.303873
-127.0912,5.8122,79.0562,0.304016
-126.7273,5.8234,79.2332,0.304148
-126.3612,5.8345,79.4071,0.304279
-125.9472,5.8473,79.5989,0.304431
-125.4844,5.8613,79.8072,0.304592
-125.0654,5.8739,79.9905,0.304744
-124.6909,5.8851,80.1500,0.304877
-124.2675,5.8978,80.3255,0.305026
-123.8893,5.9090,80.4780,0.305162
-123.5093,5.9202,80.6271,0.305297
-123.0319,5.9341,80.8089,0.305464
-122.6000,5.9466,80.9681,0.305621
-122.2144,5.9577,81.1060,0.305753
-121.7786,5.9701,81.2570,0.305901
-121.3408,5.9824,81.4037,0.306057
-120.9499,5.9933,81.5305,0.306191
-120.5576,6.0042,81.6538,0.306328
-120.0651,6.0177,81.8031,0.306493
-119.6199,6.0297,81.9329,0.306645
-119.1728,6.0416,82.0583,0.306799
-118.7739,6.0522,82.1663,0.306936
-118.3235,6.0641,82.2837,0.307087
-117.9217,6.0745,82.3846,0.307223
-117.4681,6.0861,82.4944,0.307379
-117.0130,6.0976,82.6002,0.307532
-116.5562,6.1092,82.7023,0.307685
-116.0979,6.1206,82.8004,0.307834
-115.6383,6.1318,82.8946,0.307983
-115.1772,6.1431,82.9851,0.308131
-114.7661,6.1530,83.0622,0.308267
-114.3025,6.1640,83.1454,0.308416
-113.8893,6.1737,83.2161,0.308548
-113.4232,6.1846,83.2918,0.308694
-113.0080,6.1942,83.3560,0.308824
-112.5397,6.2049,83.4246,0.308969
-112.0704,6.2155,83.4894,0.309118
-111.6522,6.2247,83.5438,0.309245
-111.1798,6.2363,83.6016,0.309390
-110.7075,6.2488,83.6545,0.309538
-110.2870,6.2595,83.6985,0.309666
-109.8124,6.2716,83.7445,0.309814
-109.3373,6.2846,83.7868,0.309956
-108.8616,6.2965,83.8254,0.310102
-108.3839,6.3085,83.8604,0.310246
-107.9059,6.3211,83.8919,0.310388
-107.4807,6.3318,83.9169,0.310514
-107.0007,6.3436,83.9420,0.310652
-106.5203,6.3559,83.9641,0.310797
-106.0393,6.3681,83.9831,0.310938
-105.5568,6.3797,83.9991,0.311076
-105.1276,6.3905,84.0109,0.311203
-104.6441,6.4026,84.0213,0.311342
-104.2140,6.4130,84.0281,0.311468
-103.7290,6.4248,84.0327,0.311608
-103.2436,6.4367,84.0345,0.311746
-102.7579,6.4485,84.0331,0.311883
-102.2712,6.4601,84.0285,0.312022
-101.8385,6.4705,84.0219,0.312147
-101.3512,6.4822,84.0115,0.312283
-100.8635,6.4937,83.9976,0.312421
-100.4298,6.5040,83.9826,0.312544
-99.9415,6.5155,83.9624,0.312681
-99.5075,6.5257,83.9416,0.312804
-99.0193,6.5415,83.9015,0.312938
-98.5856,6.5530,83.8738,0.313056
-98.0978,6.5660,83.8398,0.313194
-97.6641,6.5776,83.8068,0.313317
-97.1761,6.5908,83.7663,0.313451
-96.7423,6.6025,83.7272,0.313571
-96.2546,6.6159,83.6799,0.313704
-95.7673,6.6289,83.6290,0.313839
-95.2792,6.6409,83.5749,0.313972
-94.8454,6.6517,83.5241,0.314090
-94.3577,6.6639,83.4635,0.314223
-93.8702,6.6761,83.3993,0.314355
-93.4373,6.6871,83.3392,0.314475
-92.8962,6.7015,83.2593,0.314621
-92.4108,6.7147,83.1845,0.314755
-91.9788,6.7248,83.1150,0.314871
-91.4931,6.7362,83.0337,0.315003
-91.0618,6.7464,82.9583,0.315119
-90.5773,6.7580,82.8701,0.315250
-90.0932,6.7699,82.7774,0.315381
-89.6637,6.7809,82.6925,0.315497
-89.1808,6.7935,82.5936,0.315628
-88.6991,6.8048,82.4913,0.315759
-88.2701,6.8145,82.3974,0.315876
-87.7877,6.8256,82.2882,0.316007
-87.2518,6.8380,82.1624,0.316151
-86.8233,6.8482,82.0580,0.316269
-86.3415,6.8599,81.9374,0.316397
-85.9133,6.8704,81.8271,0.316513
-85.4320,6.8820,81.6996,0.316645
-85.0033,6.8914,81.5831,0.316762
-84.5207,6.9021,81.4485,0.316895
-84.0379,6.9130,81.3099,0.317026
-83.6088,6.9227,81.1839,0.317144
-83.0723,6.9347,81.0216,0.317293
-82.5892,6.9457,80.8715,0.317424
-82.1596,6.9555,80.7349,0.317542
-81.6764,6.9661,80.5779,0.317676
-81.2464,6.9755,80.4351,0.317793
-80.7626,6.9861,80.2709,0.317928
-80.3324,6.9957,80.1219,0.318045
-79.8485,7.0071,79.9497,0.318181
-79.4184,7.0175,79.7943,0.318300
-78.9345,7.0294,79.6161,0.318436
-78.5052,7.0394,79.4549,0.318557
-78.0212,7.0497,79.2699,0.318691
-77.5909,7.0589,79.1022,0.318813
-77.1069,7.0694,78.9101,0.318950
-76.6771,7.0789,78.7361,0.319071
-76.1939,7.0898,78.5364,0.319207
-75.7111,7.1009,78.3332,0.319346
-75.2826,7.1105,78.1497,0.319468
-74.8536,7.1193,77.9630,0.319590
-74.3712,7.1293,77.7492,0.319728
-73.9427,7.1383,77.5560,0.319851
-73.5147,7.1473,77.3597,0.319974
-73.0337,7.1577,77.1351,0.320116
-72.6068,7.1671,76.9315,0.320240
-72.1268,7.1781,76.6996,0.320380
-71.6480,7.1880,76.4642,0.320521
-71.2221,7.1963,76.2514,0.320645
-70.6903,7.2068,75.9809,0.320803
-70.2125,7.2165,75.7335,0.320942
-69.7357,7.2263,75.4818,0.321085
-69.3062,7.2314,75.2641,0.321212
-68.8305,7.2435,75.0054,0.321353
-68.4086,7.2540,74.7714,0.321481
-67.9344,7.2660,74.5049,0.321623
-67.5135,7.2767,74.2651,0.321749
-67.0404,7.2888,73.9924,0.321894
-66.6205,7.2986,73.7467,0.322021
-66.1486,7.3105,73.4673,0.322166
-65.7300,7.3211,73.2158,0.322293
-65.2606,7.3324,72.9300,0.322439
-64.8435,7.3420,72.6715,0.322569
-64.3753,7.3537,72.3780,0.322714
-63.9081,7.3653,72.0807,0.322860
-63.4943,7.3743,71.8139,0.322990
-63.0291,7.3848,71.5086,0.323135
-62.5653,7.3961,71.2002,0.323281
-62.1546,7.4054,70.9234,0.323412
-61.7443,7.4140,70.6431,0.323544
-61.2836,7.4239,70.3232,0.323692
-60.8755,7.4336,70.0363,0.323823
-60.4184,7.4423,69.7107,0.323972
-59.9617,7.4509,69.3800,0.324119
-59.5574,7.4582,69.0838,0.324251
-59.1031,7.4661,68.7464,0.324400
-58.6507,7.4740,68.4050,0.324548
-58.2497,7.4805,68.0982,0.324681
-57.8000,7.4878,67.7497,0.324831
-57.3521,7.4948,67.3972,0.324980
-56.9050,7.5015,67.0412,0.325131
-56.5087,7.5074,66.7216,0.325266
-56.0646,7.5135,66.3585,0.325417
-55.6217,7.5197,65.9917,0.325567
-55.2292,7.5253,65.6628,0.325702
-54.8382,7.5299,65.3309,0.325837
-54.3991,7.5357,64.9541,0.325989
-53.9613,7.5415,64.5740,0.326142
-53.5738,7.5456,64.2339,0.326276
-53.1383,7.5508,63.8466,0.326429
-52.7040,7.5561,63.4568,0.326583
-52.2715,7.5609,63.0646,0.326736
-51.8393,7.5651,62.6680,0.326888
-51.4563,7.5694,62.3135,0.327025
-51.0264,7.5743,61.9120,0.327179
-50.6458,7.5773,61.5530,0.327314
-50.2180,7.5814,61.1452,0.327470
-49.7442,7.5863,60.6894,0.327640
-49.3667,7.5896,60.3226,0.327778
-48.9424,7.5926,59.9062,0.327933
-48.5663,7.5961,59.5342,0.328069
-48.0972,7.6004,59.0662,0.328243
-47.6765,7.6032,58.6426,0.328398
-47.3027,7.6057,58.2630,0.328535
-46.8830,7.6092,57.8341,0.328690
-46.4643,7.6124,57.4033,0.328847
-46.0457,7.6146,56.9696,0.329006
-45.6276,7.6172,56.5334,0.329161
-45.2097,7.6201,56.0954,0.329320
-44.8388,7.6224,55.7047,0.329458
-44.4678,7.6239,55.3121,0.329598
-44.0504,7.6262,54.8684,0.329754
-43.6795,7.6283,54.4727,0.329895
-43.2626,7.6303,54.0261,0.330053
-42.8454,7.6317,53.5776,0.330211
-42.4280,7.6335,53.1272,0.330368
-42.0569,7.6351,52.7258,0.330510
-41.6393,7.6366,52.2730,0.330671
-41.2211,7.6377,51.8186,0.330829
-40.8025,7.6389,51.3629,0.330991
-40.4300,7.6400,50.9569,0.331132
-40.0107,7.6409,50.4991,0.331292
-39.5444,7.6417,49.9891,0.331473
-39.1713,7.6423,49.5804,0.331617
-38.7051,7.6431,49.0690,0.331796
-38.2857,7.6435,48.6083,0.331959
-37.8669,7.6438,48.1475,0.332120
-37.4951,7.6441,47.7381,0.332265
-37.0314,7.6443,47.2266,0.332447
-36.6150,7.6442,46.7668,0.332614
-36.2458,7.6441,46.3587,0.332761
-35.8317,7.6440,45.9003,0.332924
-35.4647,7.6439,45.4936,0.333072
-35.0529,7.6433,45.0368,0.333238
-34.5969,7.6427,44.5302,0.333421
-34.2333,7.6422,44.1258,0.333572
-33.8258,7.6415,43.6720,0.333738
-33.3747,7.6404,43.1690,0.333925
-33.0153,7.6395,42.7677,0.334073
-32.6128,7.6385,42.3176,0.334242
-32.2567,7.6374,41.9190,0.334390
-31.8579,7.6359,41.4719,0.334557
-31.5052,7.6345,41.0759,0.334705
-31.1105,7.6330,40.6322,0.334871
-30.7617,7.6316,40.2396,0.335021
-30.3716,7.6296,39.7997,0.335184
-30.0269,7.6278,39.4106,0.335330
-29.6419,7.6258,38.9752,0.335492
-29.2597,7.6238,38.5423,0.335656
-28.9227,7.6215,38.1600,0.335800
-28.5466,7.6189,37.7322,0.335963
-28.1742,7.6164,37.3074,0.336124
-27.7649,7.6136,36.8388,0.336305
-27.4411,7.6109,36.4669,0.336446
-27.1204,7.6081,36.0971,0.336589
-26.7635,7.6051,35.6840,0.336747
-26.4109,7.6020,35.2740,0.336905
-26.0244,7.5983,34.8222,0.337082
-25.6427,7.5942,34.3738,0.337257
-25.2662,7.5903,33.9290,0.337432
-24.9688,7.5871,33.5758,0.337569
-24.6384,7.5832,33.1815,0.337720
-24.3119,7.5790,32.7898,0.337873
-23.9892,7.5748,32.4004,0.338022
-23.7053,7.5712,32.0554,0.338153
-23.3888,7.5670,31.6681,0.338300
-23.1094,7.5626,31.3237,0.338430
-22.7957,7.5578,30.9346,0.338574
-22.4829,7.5529,30.5434,0.338718
-22.2069,7.5486,30.1952,0.338846
-21.8997,7.5431,29.8037,0.338987
-21.5955,7.5374,29.4118,0.339129
-21.2951,7.5317,29.0196,0.339267
-21.0313,7.5267,28.6707,0.339389
-20.7390,7.5207,28.2780,0.339526
-20.4506,7.5141,27.8841,0.339664
-20.1667,7.5076,27.4893,0.339798
-19.9186,7.5019,27.1374,0.339917
-19.6449,7.4950,26.7409,0.340050
-19.3760,7.4875,26.3426,0.340182
-19.1414,7.4809,25.9875,0.340299
-18.8829,7.4735,25.5865,0.340430
-18.6310,7.4658,25.1844,0.340560
-18.4117,7.4582,24.8253,0.340676
-18.1706,7.4498,24.4197,0.340805
-17.9616,7.4423,24.0578,0.340918
-17.7333,7.4336,23.6496,0.341046
-17.5107,7.4238,23.2392,0.341175
-17.3181,7.4153,22.8730,0.341288
-17.1076,7.4057,22.4596,0.341415
-16.9044,7.3955,22.0453,0.341543
-16.7283,7.3857,21.6752,0.341654
-16.5360,7.3747,21.2575,0.341780
-16.3705,7.3651,20.8851,0.341891
-16.1910,7.3531,20.4657,0.342017
-16.0355,7.3419,20.0913,0.342128
-15.8662,7.3294,19.6690,0.342253
-15.7208,7.3183,19.2928,0.342364
-15.5633,7.3038,18.8698,0.342487
-15.4105,7.2893,18.4449,0.342612
-15.2796,7.2765,18.0660,0.342722
-15.1386,7.2609,17.6394,0.342848
-15.0012,7.2445,17.2103,0.342974
-14.8687,7.2269,16.7809,0.343099
-14.7395,7.2091,16.3465,0.343223
-14.6172,7.1950,15.9120,0.343348
-14.5124,7.1805,15.5260,0.343460
-14.3962,7.1639,15.0866,0.343584
-14.2968,7.1515,14.6973,0.343694
-14.1879,7.1349,14.2548,0.343819
-14.0810,7.1189,13.8081,0.343943
-13.9776,7.1008,13.3626,0.344066
-13.8761,7.0823,12.9112,0.344191
-13.7764,7.0611,12.4614,0.344315
-13.6897,7.0415,12.0566,0.344425
-13.5925,7.0162,11.6015,0.344550
-13.5000,6.9895,11.1405,0.344676
-13.4039,6.9608,10.6801,0.344803
-13.3231,6.9336,10.2664,0.344915
-13.2246,6.8997,9.7449,0.345056
-13.1359,6.8674,9.2776,0.345183
-13.0509,6.8341,8.8041,0.345312
-12.9781,6.8047,8.3742,0.345427
-12.8896,6.7804,7.8397,0.345573
-12.8119,6.7583,7.3554,0.345704
-12.7445,6.7386,6.9224,0.345820
-12.6703,6.7163,6.4321,0.345952
-12.5975,6.6937,5.9380,0.346087
-12.5334,6.6735,5.4953,0.346206
-12.4630,6.6509,4.9926,0.346344
-12.4021,6.6315,4.5434,0.346467
-12.3355,6.6096,4.0358,0.346605
-12.2708,6.5876,3.5257,0.346743
-12.2009,6.5630,2.9550,0.346899
-12.1393,6.5406,2.4370,0.347041
-12.0857,6.5206,1.9729,0.347167
-12.0338,6.5015,1.5052,0.347294
-11.9710,6.4776,0.9178,0.347453
-11.9167,6.4560,0.3859,0.347596
-11.8584,6.4318,-0.2092,0.347756
-11.8133,6.4123,-0.6887,0.347883
-11.7642,6.3905,-1.2327,0.348029
-11.7172,6.3697,-1.7797,0.348174
-11.6773,6.3511,-2.2687,0.348306
-11.6301,6.3276,-2.8834,0.348471
-11.5943,6.3088,-3.3764,0.348602
-11.5525,6.2853,-3.9923,0.348767
-11.5216,6.2677,-4.4873,0.348899
-11.4893,6.2478,-5.0469,0.349049
-11.4595,6.2279,-5.6072,0.349198
-11.4293,6.2057,-6.2328,0.349366
-11.4072,6.1878,-6.7359,0.349501
-11.3848,6.1688,-7.3058,0.349652
-11.3673,6.1521,-7.8142,0.349787
-11.3503,6.1332,-8.3887,0.349939
-11.3361,6.1142,-8.9658,0.350093
-11.3257,6.0972,-9.4811,0.350231
-11.3165,6.0795,-10.0646,0.350388
-11.3104,6.0618,-10.6502,0.350544
-11.3076,6.0460,-11.1728,0.350683
-11.3075,6.0241,-11.8946,0.350876
-11.3107,6.0072,-12.4891,0.351035
-11.3168,5.9907,-13.0858,0.351193
-11.3250,5.9760,-13.6184,0.351336
-11.3372,5.9594,-14.2198,0.351496
-11.3506,5.9452,-14.7572,0.351640
-11.3687,5.9300,-15.3637,0.351801
-11.3900,5.9148,-15.9728,0.351963
-11.4117,5.9012,-16.5162,0.352108
-11.4392,5.8866,-17.1306,0.352272
-11.4663,5.8743,-17.6783,0.352417
-11.5001,5.8605,-18.2968,0.352581
-11.5329,5.8482,-18.8486,0.352728
-11.5777,5.8338,-19.5416,0.352912
-11.6216,5.8214,-20.1673,0.353080
-11.6746,5.8076,-20.8653,0.353268
-11.7200,5.7969,-21.4263,0.353417
-11.7807,5.7848,-22.1293,0.353604
-11.8458,5.7727,-22.8351,0.353793
-11.9012,5.7631,-23.4023,0.353944
-11.9667,5.7537,-24.0415,0.354114
-12.0282,5.7452,-24.6111,0.354266
-12.1008,5.7357,-25.2529,0.354438
-12.1772,5.7277,-25.8955,0.354609
-12.2575,5.7197,-26.5369,0.354781
-12.3321,5.7126,-27.1061,0.354933
-12.4197,5.7060,-27.7455,0.355104
-12.5111,5.6994,-28.3825,0.355274
-12.5955,5.6936,-28.9470,0.355425
-12.6830,5.6890,-29.5102,0.355576
-12.7853,5.6838,-30.1412,0.355746
-12.8795,5.6792,-30.7006,0.355896
-12.9891,5.6752,-31.3273,0.356064
-13.0901,5.6717,-31.8825,0.356211
-13.2074,5.6680,-32.5052,0.356379
-13.3151,5.6653,-33.0564,0.356527
-13.4401,5.6623,-33.6743,0.356696
-13.5691,5.6598,-34.2901,0.356863
-13.6872,5.6578,-34.8352,0.357010
-13.8238,5.6557,-35.4463,0.357174
-13.9644,5.6540,-36.0548,0.357339
-14.0926,5.6526,-36.5936,0.357486
-14.2573,5.6510,-37.2645,0.357668
-14.4266,5.6495,-37.9322,0.357849
-14.5654,5.6484,-38.4641,0.357994
-14.7251,5.6471,-39.0602,0.358157
-14.8886,5.6458,-39.6539,0.358318
-15.0747,5.6440,-40.3112,0.358499
-15.2655,5.6422,-40.9660,0.358678
-15.4215,5.6402,-41.4885,0.358821
-15.6005,5.6380,-42.0746,0.358982
-15.7627,5.6353,-42.5938,0.359124
-15.9486,5.6321,-43.1766,0.359285
-16.1381,5.6278,-43.7571,0.359446
-16.3527,5.6226,-44.4009,0.359623
-16.5276,5.6179,-44.9139,0.359767
-16.7502,5.6116,-45.5536,0.359944
-16.9544,5.6060,-46.1274,0.360103
-17.1391,5.6012,-46.6360,0.360245
-17.3503,5.5962,-47.2062,0.360406
-17.5892,5.5905,-47.8376,0.360583
-17.7835,5.5859,-48.3413,0.360726
-18.0055,5.5813,-48.9063,0.360886
-18.2058,5.5772,-49.4070,0.361029
-18.4342,5.5725,-49.9686,0.361189
-18.6920,5.5677,-50.5909,0.361366
-18.9011,5.5640,-51.0872,0.361507
-19.1391,5.5597,-51.6440,0.361667
-19.3802,5.5556,-52.1996,0.361828
-19.5970,5.5523,-52.6920,0.361970
-19.8435,5.5485,-53.2446,0.362129
-20.1209,5.5443,-53.8572,0.362307
-20.3451,5.5414,-54.3458,0.362448
-20.6000,5.5380,-54.8942,0.362608
-20.8287,5.5350,-55.3805,0.362748
-21.0885,5.5320,-55.9265,0.362907
-21.3214,5.5294,-56.4105,0.363049
-21.5856,5.5264,-56.9539,0.363207
-21.8521,5.5237,-57.4962,0.363366
-22.1206,5.5211,-58.0371,0.363524
-22.3611,5.5188,-58.5168,0.363665
-22.6334,5.5164,-59.0555,0.363824
-22.8770,5.5145,-59.5330,0.363963
-23.1835,5.5121,-60.1285,0.364140
-23.4613,5.5100,-60.6632,0.364297
-23.7096,5.5084,-61.1372,0.364437
-23.9907,5.5066,-61.6693,0.364596
-24.2420,5.5050,-62.1412,0.364736
-24.5579,5.5034,-62.7295,0.364911
-24.8120,5.5021,-63.1989,0.365051
-25.0995,5.5007,-63.7259,0.365209
-25.3563,5.4996,-64.1930,0.365348
-25.6466,5.4985,-64.7173,0.365505
-25.9385,5.4973,-65.2403,0.365661
-26.1993,5.4966,-65.7042,0.365800
-26.4613,5.4958,-66.1668,0.365939
-26.7575,5.4949,-66.6861,0.366096
-27.0884,5.4942,-67.2616,0.366269
-27.3544,5.4936,-67.7207,0.366409
-27.6551,5.4930,-68.2359,0.366564
-27.9237,5.4926,-68.6928,0.366703
-28.1935,5.4923,-69.1485,0.366841
-28.4985,5.4919,-69.6598,0.366998
-28.8052,5.4916,-70.1696,0.367151
-29.0791,5.4915,-70.6214,0.367291
-29.3889,5.4913,-71.1282,0.367446
-29.6657,5.4912,-71.5773,0.367584
-29.9789,5.4912,-72.0808,0.367739
-30.2940,5.4912,-72.5824,0.367895
-30.5758,5.4912,-73.0268,0.368032
-30.8947,5.4913,-73.5247,0.368188
-31.1801,5.4914,-73.9657,0.368325
-31.5033,5.4916,-74.4599,0.368479
-31.8288,5.4918,-74.9522,0.368634
-32.1202,5.4921,-75.3883,0.368772
-32.4503,5.4923,-75.8772,0.368927
-32.7830,5.4926,-76.3647,0.369082
-33.0809,5.4929,-76.7968,0.369219
-33.4187,5.4933,-77.2817,0.369373
-33.7593,5.4937,-77.7655,0.369530
-34.0646,5.4940,-78.1946,0.369670
-34.4107,5.4944,-78.6764,0.369824
-34.7600,5.4949,-79.1576,0.369981
-35.1123,5.4953,-79.6381,0.370138
-35.4282,5.4957,-80.0648,0.370277
-35.7864,5.4961,-80.5442,0.370433
-36.1075,5.4965,-80.9699,0.370573
-36.4717,5.4970,-81.4485,0.370732
-36.8391,5.4974,-81.9269,0.370889
-37.1683,5.4978,-82.3520,0.371030
-37.5416,5.4983,-82.8304,0.371189
-37.9181,5.4987,-83.3089,0.371350
-38.2554,5.4990,-83.7342,0.371496
-38.6379,5.4994,-84.2129,0.371656
-39.0235,5.4998,-84.6916,0.371817
-39.4123,5.5001,-85.1704,0.371981
-39.8043,5.5004,-85.6493,0.372145
-40.1554,5.5006,-86.0750,0.372288
-40.5535,5.5008,-86.5540,0.372452
-40.9099,5.5010,-86.9799,0.372600
-41.3140,5.5012,-87.4591,0.372766
-41.7212,5.5012,-87.9384,0.372933
-42.0860,5.5013,-88.3648,0.373077
-42.4993,5.5013,-88.8448,0.373247
-42.9158,5.5013,-89.3253,0.373415
-43.3354,5.5013,-89.8063,0.373585
-43.7578,5.5013,-90.2878,0.373754
-44.1832,5.5013,-90.7701,0.373923
-44.6113,5.5013,-91.2531,0.374093
-45.0422,5.5013,-91.7368,0.374263
-45.4276,5.5013,-92.1673,0.374418
-45.8638,5.5013,-92.6521,0.374590
-46.2538,5.5013,-93.0837,0.374745
-46.6951,5.5013,-93.5697,0.374918
-47.0897,5.5013,-94.0022,0.375074
-47.5361,5.5013,-94.4894,0.375248
-47.9352,5.5013,-94.9230,0.375402
-48.3867,5.5013,-95.4115,0.375582
-48.7902,5.5013,-95.8463,0.375737
-49.2467,5.5013,-96.3360,0.375915
-49.6545,5.5013,-96.7720,0.376073
-50.1159,5.5013,-97.2630,0.376249
-50.5798,5.5013,-97.7548,0.376432
-51.0462,5.5013,-98.2472,0.376610
-51.5153,5.5013,-98.7402,0.376789
-51.9344,5.5013,-99.1790,0.376951
-52.4611,5.5013,-99.7282,0.377151
-52.9378,5.5013,-100.2232,0.377335
-53.3637,5.5013,-100.6638,0.377497
-53.8452,5.5013,-101.1602,0.377680
-54.3291,5.5013,-101.6573,0.377863
-54.8155,5.5013,-102.1552,0.378047
-55.2498,5.5013,-102.5986,0.378212
-55.7405,5.5013,-103.0982,0.378394
-56.2335,5.5013,-103.5989,0.378581
-56.6736,5.5013,-104.0447,0.378744
-57.1708,5.5013,-104.5471,0.378930
-57.6702,5.5013,-105.0505,0.379119
-58.1717,5.5013,-105.5548,0.379307
-58.6193,5.5013,-106.0039,0.379475
-59.1249,5.5013,-106.5100,0.379663
-59.6327,5.5013,-107.0171,0.379852
-60.0858,5.5013,-107.4687,0.380021
-60.5974,5.5013,-107.9777,0.380210
-61.1110,5.5013,-108.4879,0.380401
-61.6266,5.5013,-108.9992,0.380593
-62.0865,5.5013,-109.4549,0.380763
-62.6055,5.5013,-109.9687,0.380952
-63.0682,5.5013,-110.4267,0.381143
-63.5904,5.5013,-110.9432,0.381318
-64.1143,5.5013,-111.4611,0.381514
-64.6399,5.5013,-111.9804,0.381711
-65.1084,5.5013,-112.4431,0.381884
-65.6370,5.5013,-112.9651,0.382080
-66.1081,5.5013,-113.4302,0.382257
-66.6396,5.5013,-113.9549,0.382452
-67.1132,5.5013,-114.4226,0.382626
-67.6474,5.5013,-114.9502,0.382824
-68.1235,5.5013,-115.4205,0.383004
-68.6603,5.5013,-115.9510,0.383204
-69.1386,5.5013,-116.4238,0.383379
-69.6764,5.5013,-116.9557,0.383580
-70.1538,5.5013,-117.4283,0.383756
-70.6919,5.5013,-117.9613,0.383954
-71.2307,5.5013,-118.4954,0.384159
-71.7694,5.5013,-119.0300,0.384356
-72.2489,5.5013,-119.5062,0.384534
-72.7892,5.5013,-120.0434,0.384737
-73.2701,5.5013,-120.5222,0.384912
-73.8121,5.5013,-121.0622,0.385116
-74.4152,5.5013,-121.6640,0.385344
-75.0194,5.5013,-122.2676,0.385566
-75.5036,5.5013,-122.7519,0.385747
-76.1096,5.5013,-123.3589,0.385972
-76.7167,5.5013,-123.9678,0.386200
-77.2031,5.5013,-124.4562,0.386377
-77.7510,5.5013,-125.0071,0.386583
-78.3608,5.5013,-125.6210,0.386811
-78.9104,5.5013,-126.1751,0.387014
-79.3996,5.5013,-126.6690,0.387200
-80.0120,5.5013,-127.2879,0.387424
-80.5639,5.5013,-127.8465,0.387633
-81.1780,5.5013,-128.4689,0.387862
-81.6700,5.5013,-128.9682,0.388047
-82.1625,5.5013,-129.4686,0.388233
-82.7173,5.5013,-130.0330,0.388439
-83.2111,5.5013,-130.5359,0.388624
-83.7673,5.5013,-131.1030,0.388834
-84.3244,5.5013,-131.6714,0.389043
-84.8823,5.5013,-132.2410,0.389248
-85.3790,5.5013,-132.7484,0.389435
-85.9386,5.5013,-133.3202,0.389648
-86.4992,5.5013,-133.8931,0.389856
-86.9983,5.5013,-134.4031,0.390044
-87.5608,5.5013,-134.9780,0.390251
-88.0616,5.5013,-135.4899,0.390438
-88.6260,5.5013,-136.0667,0.390652
-89.1287,5.5013,-136.5803,0.390841
-89.6951,5.5013,-137.1590,0.391050
-90.1996,5.5013,-137.6742,0.391238
-90.8314,5.5013,-138.3194,0.391475
-91.4012,5.5013,-138.9010,0.391685
-91.9087,5.5013,-139.4188,0.391875
-92.4807,5.5013,-140.0022,0.392091
-93.0538,5.5013,-140.5864,0.392300
-93.5641,5.5013,-141.1064,0.392493
-94.1391,5.5013,-141.6920,0.392703
-94.7150,5.5013,-142.2781,0.392918
-95.3557,5.5013,-142.9301,0.393155
-95.9332,5.5013,-143.5173,0.393372
-96.4470,5.5013,-144.0396,0.393561
-97.0257,5.5013,-144.6277,0.393776
-97.5405,5.5013,-145.1507,0.393965
-98.1202,5.5013,-145.7394,0.394178
-98.7004,5.5013,-146.3286,0.394394
-99.2165,5.5013,-146.8525,0.394586
-99.7977,5.5013,-147.4423,0.394799
-100.3147,5.5013,-147.9669,0.394992
-100.8968,5.5013,-148.5574,0.395203
-101.4794,5.5013,-149.1483,0.395418
-102.0625,5.5013,-149.7395,0.395629
-102.7109,5.5013,-150.3968,0.395870
-103.2301,5.5013,-150.9230,0.396063
-103.8146,5.5013,-151.5153,0.396275
-104.3346,5.5013,-152.0421,0.396467
-104.9851,5.5013,-152.7010,0.396707
-105.5710,5.5013,-153.2944,0.396917
-106.0922,5.5013,-153.8222,0.397109
-106.7442,5.5013,-154.4823,0.397349
-107.3316,5.5013,-155.0768,0.397565
-107.8540,5.5013,-155.6055,0.397751
-108.4422,5.5013,-156.2007,0.397967
-109.0309,5.5013,-156.7962,0.398182
-109.6201,5.5013,-157.3921,0.398392
-110.1441,5.5013,-157.9221,0.398585
-110.7341,5.5013,-158.5186,0.398804
-111.2590,5.5013,-159.0491,0.398997
-111.9156,5.5013,-159.7128,0.399233
-112.5070,5.5013,-160.3104,0.399451
-113.1646,5.5013,-160.9748,0.399686
-113.6911,5.5013,-161.5067,0.399879
-114.2838,5.5013,-162.1054,0.400098
-114.8111,5.5013,-162.6379,0.400289
-115.4706,5.5013,-163.3039,0.400525
-116.0647,5.5013,-163.9037,0.400740
-116.6592,5.5013,-164.5039,0.400954
-117.1881,5.5013,-165.0376,0.401147
-117.7834,5.5013,-165.6384,0.401363
-118.3129,5.5013,-166.1728,0.401556
-118.9754,5.5013,-166.8411,0.401795
-119.5720,5.5013,-167.4431,0.402013
-120.2354,5.5013,-168.1122,0.402249
-120.7666,5.5013,-168.6479,0.402442
-121.3645,5.5013,-169.2509,0.402658
-121.8963,5.5013,-169.7872,0.402847
-122.4950,5.5013,-170.3908,0.403065
-123.1608,5.5013,-171.0619,0.403303
-123.7603,5.5013,-171.6661,0.403522
-124.2936,5.5013,-172.2035,0.403713
-124.8938,5.5013,-172.8082,0.403931
-125.4943,5.5013,-173.4129,0.404145
-126.0283,5.5013,-173.9507,0.404335
-126.6292,5.5013,-174.5556,0.404554
-127.1636,5.5013,-175.0935,0.404745
-127.7651,5.5013,-175.6986,0.404960
-128.3668,5.5013,-176.3037,0.405178
-128.9019,5.5013,-176.8417,0.405369
-129.5042,5.5013,-177.4469,0.405586
-130.1068,5.5013,-178.0522,0.405799
-130.6427,5.5013,-178.5902,0.405993
-131.1789,5.5013,-179.1282,0.406184
-131.7824,5.5013,-179.7334,0.406402
-132.3862,5.5013,-180.3387,0.406614
-132.9232,5.5013,-180.8767,0.406809
-133.5277,5.5013,-181.4819,0.407026
-134.1326,5.5013,-182.0871,0.407238
-134.6705,5.5013,-182.6250,0.407435
-135.2760,5.5013,-183.2302,0.407648
-135.8819,5.5013,-183.8353,0.407864
-136.4881,5.5013,-184.4404,0.408081
-137.0273,5.5013,-184.9783,0.408273
-137.6342,5.5013,-185.5833,0.408488
-138.3089,5.5013,-186.2555,0.408729
-138.8490,5.5013,-186.7931,0.408920
-139.4568,5.5013,-187.3978,0.409135
-139.9973,5.5013,-187.9353,0.409329
-140.6056,5.5013,-188.5398,0.409546
-141.2143,5.5013,-189.1442,0.409761
-141.7555,5.5013,-189.6814,0.409954
-142.3647,5.5013,-190.2857,0.410171
-143.0419,5.5013,-190.9570,0.410411
-143.7194,5.5013,-191.6282,0.410650
-144.3973,5.5013,-192.2992,0.410893
-144.9398,5.5013,-192.8360,0.411087
-145.4826,5.5013,-193.3728,0.411279
-146.0934,5.5013,-193.9766,0.411497
-146.6365,5.5013,-194.5132,0.411690
-147.2478,5.5013,-195.1169,0.411907
-147.7914,5.5013,-195.6535,0.412102
-148.4031,5.5013,-196.2572,0.412318
-149.0150,5.5013,-196.8610,0.412536
-149.5590,5.5013,-197.3976,0.412728
-150.1711,5.5013,-198.0014,0.412946
-150.8515,5.5013,-198.6723,0.413189
-151.3958,5.5013,-199.2091,0.413382
-152.0762,5.5013,-199.8800,0.413625
-152.7566,5.5013,-200.5510,0.413867
-153.3689,5.5013,-201.1550,0.414087
-153.9132,5.5013,-201.6918,0.414280
-154.5255,5.5013,-202.2958,0.414497
-155.0696,5.5013,-202.8325,0.414691
-155.6814,5.5013,-203.4361,0.414911
-156.2927,5.5013,-204.0395,0.415127
-156.8356,5.5013,-204.5754,0.415321
-157.4458,5.5013,-205.1777,0.415538
-158.0551,5.5013,-205.7795,0.415756
-158.6634,5.5013,-206.3804,0.415972
-159.3378,5.5013,-207.0468,0.416214
-159.8762,5.5013,-207.5789,0.416405
-160.4806,5.5013,-208.1766,0.416623
-161.0168,5.5013,-208.7069,0.416814
-161.6187,5.5013,-209.3024,0.417028
-162.2860,5.5013,-209.9629,0.417268
-162.8186,5.5013,-210.4904,0.417458
-163.4166,5.5013,-211.0829,0.417670
-163.9469,5.5013,-211.6088,0.417861
-164.5422,5.5013,-212.1995,0.418074
-165.0702,5.5013,-212.7237,0.418261
-165.6629,5.5013,-213.3126,0.418475
-166.1886,5.5013,-213.8353,0.418663
-166.8442,5.5013,-214.4876,0.418897
-167.4327,5.5013,-215.0737,0.419108
-167.9546,5.5013,-215.5938,0.419295
-168.6055,5.5013,-216.2430,0.419529
-169.1898,5.5013,-216.8262,0.419739
-169.8375,5.5013,-217.4730,0.419972
-170.3544,5.5013,-217.9895,0.420159
-170.9992,5.5013,-218.6341,0.420389
-171.5780,5.5013,-219.2131,0.420599
-172.2197,5.5013,-219.8552,0.420830
-172.7319,5.5013,-220.3680,0.421015
-173.3070,5.5013,-220.9439,0.421221
-173.8809,5.5013,-221.5188,0.421428
-174.4535,5.5013,-222.0927,0.421635
-175.0882,5.5013,-222.7291,0.421864
-175.7215,5.5013,-223.3642,0.422092
-176.2902,5.5013,-223.9347,0.422297
-176.9206,5.5013,-224.5674,0.422524
-177.5495,5.5013,-225.1988,0.422752
-178.0517,5.5013,-225.7030,0.422932
-178.6780,5.5013,-226.3321,0.423157
-179.2405,5.5013,-226.8971,0.423362
-179.7395,5.5013,-227.3985,0.423543
-180.2376,5.5013,-227.8991,0.423723
-180.7969,5.5013,-228.4613,0.423924
-181.2931,5.5013,-228.9601,0.424104
-181.8502,5.5013,-229.5202,0.424307
-182.3445,5.5013,-230.0173,0.424482
-182.8995,5.5013,-230.5754,0.424685
-183.5149,5.5013,-231.1943,0.424909
-184.0061,5.5013,-231.6885,0.425085
-184.5578,5.5013,-232.2434,0.425285
-185.1694,5.5013,-232.8586,0.425506
-185.6576,5.5013,-233.3498,0.425683
-186.2057,5.5013,-233.9013,0.425883
-186.7525,5.5013,-234.4516,0.426082
-187.2376,5.5013,-234.9397,0.426255
-187.7821,5.5013,-235.4875,0.426451
-188.3252,5.5013,-236.0340,0.426649
-188.8068,5.5013,-236.5187,0.426822
-189.2874,5.5013,-237.0023,0.426995
-189.8267,5.5013,-237.5450,0.427190
-190.4242,5.5013,-238.1463,0.427407
-190.9009,5.5013,-238.6262,0.427579
-191.4953,5.5013,-239.2243,0.427794
-192.0878,5.5013,-239.8206,0.428009
-192.6785,5.5013,-240.4152,0.428223
-193.2674,5.5013,-241.0079,0.428434
-193.7959,5.5013,-241.5398,0.428626
-194.2644,5.5013,-242.0115,0.428797
-194.7901,5.5013,-242.5406,0.428986
-195.3145,5.5013,-243.0684,0.429176
-195.8373,5.5013,-243.5947,0.429365
-196.3587,5.5013,-244.1195,0.429555
-196.8786,5.5013,-244.6429,0.429741
-197.4545,5.5013,-245.2227,0.429951
-197.9143,5.5013,-245.6855,0.430117
-198.4304,5.5013,-246.2049,0.430303
-198.8882,5.5013,-246.6654,0.430469
-199.4592,5.5013,-247.2396,0.430676
-200.0295,5.5013,-247.8128,0.430882
-200.5424,5.5013,-248.3281,0.431067
-200.9970,5.5013,-248.7847,0.431233
-201.5067,5.5013,-249.2964,0.431409
-202.0144,5.5013,-249.8059,0.431602
-202.4639,5.5013,-250.2568,0.431761
-203.0235,5.5013,-250.8178,0.431963
-203.5249,5.5013,-251.3202,0.432144
-204.0795,5.5013,-251.8757,0.432345
-204.6315,5.5013,-252.4281,0.432543
-205.1809,5.5013,-252.9776,0.432740
-205.6185,5.5013,-253.4151,0.432900
-206.1088,5.5013,-253.9049,0.433076
-206.5429,5.5013,-254.3383,0.433231
-207.0293,5.5013,-254.8235,0.433407
-207.4598,5.5013,-255.2527,0.433562
-207.9422,5.5013,-255.7331,0.433735
-208.4756,5.5013,-256.2639,0.433929
-208.9004,5.5013,-256.6864,0.434083
-209.4291,5.5013,-257.2116,0.434272
-209.9027,5.5013,-257.6818,0.434442
-210.3741,5.5013,-258.1494,0.434609
-210.7912,5.5013,-258.5628,0.434759
-211.2067,5.5013,-258.9743,0.434910
-211.6720,5.5013,-259.4348,0.435076
-212.1864,5.5013,-259.9434,0.435259
-212.5960,5.5013,-260.3481,0.435407
-213.0547,5.5013,-260.8009,0.435571
-213.4605,5.5013,-261.2012,0.435717
-213.9150,5.5013,-261.6490,0.435880
-214.3674,5.5013,-262.0941,0.436042
-214.7677,5.5013,-262.4876,0.436185
-215.2160,5.5013,-262.9277,0.436344
-215.6127,5.5013,-263.3166,0.436488
-216.0571,5.5013,-263.7514,0.436647
-216.4504,5.5013,-264.1356,0.436789
-216.9398,5.5013,-264.6128,0.436961
-217.4268,5.5013,-265.0865,0.437132
-217.8630,5.5013,-265.5100,0.437289
-218.3453,5.5013,-265.9772,0.437461
-218.8253,5.5013,-266.4411,0.437630
-219.2075,5.5013,-266.8098,0.437766
-219.6357,5.5013,-267.2220,0.437917
-220.0620,5.5013,-267.6315,0.438068
-220.4393,5.5013,-267.9932,0.438202
-220.8620,5.5013,-268.3976,0.438352
-221.2361,5.5013,-268.7548,0.438484
-221.6553,5.5013,-269.1541,0.438631
-222.0263,5.5013,-269.5067,0.438763
-222.3958,5.5013,-269.8573,0.438892
-222.8097,5.5013,-270.2491,0.439038
-223.1761,5.5013,-270.5952,0.439164
-223.5865,5.5013,-270.9820,0.439308
-223.9496,5.5013,-271.3235,0.439437
-224.3563,5.5013,-271.7051,0.439580
-224.7161,5.5013,-272.0421,0.439706
-225.1190,5.5013,-272.4186,0.439847
-225.5199,5.5013,-272.7924,0.439986
-225.9187,5.5013,-273.1635,0.440123
-226.2715,5.5013,-273.4912,0.440246
-226.6664,5.5039,-273.8573,0.440383
-227.1077,5.5065,-274.2559,0.440533
-227.4548,5.5070,-274.5763,0.440655
-227.8864,5.5078,-274.9741,0.440806
-228.2727,5.5084,-275.3296,0.440940
-228.6566,5.5091,-275.6824,0.441073
-228.9959,5.5096,-275.9940,0.441189
-229.3753,5.5102,-276.3423,0.441318
-229.7105,5.5108,-276.6502,0.441434
-230.0853,5.5114,-276.9947,0.441563
-230.4163,5.5120,-277.2992,0.441677
-230.7861,5.5126,-277.6397,0.441804
-231.1532,5.5132,-277.9782,0.441933
-231.5174,5.5138,-278.3146,0.442058
-231.9186,5.5144,-278.6862,0.442195
-232.2768,5.5150,-279.0186,0.442320
-232.6321,5.5155,-279.3492,0.442441
-232.9455,5.5158,-279.6416,0.442548
-233.2955,5.5161,-279.9691,0.442670
-233.6428,5.5164,-280.2952,0.442791
-233.9497,5.5166,-280.5844,0.442896
-234.2931,5.5169,-280.9092,0.443014
-234.6345,5.5171,-281.2336,0.443131
-234.9366,5.5172,-281.5219,0.443236
-235.2748,5.5174,-281.8462,0.443353
-235.6115,5.5175,-282.1705,0.443470
-235.9467,5.5176,-282.4948,0.443588
-236.2804,5.5177,-282.8194,0.443701
-236.6128,5.5178,-283.1441,0.443818
-236.9071,5.5179,-283.4327,0.443920
-237.2368,5.5180,-283.7576,0.444033
-237.5651,5.5180,-284.0826,0.444150
-237.8920,5.5181,-284.4076,0.444265
-238.2175,5.5181,-284.7328,0.444378
-238.5056,5.5180,-285.0219,0.444478
-238.8284,5.5180,-285.3473,0.444592
-239.1142,5.5179,-285.6366,0.444692
-239.4344,5.5178,-285.9620,0.444804
-239.7532,5.5177,-286.2878,0.444916
-240.0354,5.5176,-286.5773,0.445016
-240.3514,5.5173,-286.9032,0.445127
-240.6312,5.5171,-287.1930,0.445227
-240.9794,5.5167,-287.5553,0.445348
-241.3259,5.5163,-287.9177,0.445472
-241.6363,5.5160,-288.2440,0.445582
-241.9111,5.5156,-288.5340,0.445678
-242.2531,5.5152,-288.8966,0.445801
-242.5594,5.5147,-289.2231,0.445907
-242.8305,5.5143,-289.5133,0.446003
-243.1343,5.5138,-289.8399,0.446110
-243.4032,5.5133,-290.1301,0.446206
-243.7045,5.5128,-290.4567,0.446315
-243.9709,5.5118,-290.7468,0.446405
-244.2697,5.5107,-291.0733,0.446513
-244.6001,5.5093,-291.4362,0.446629
-244.8962,5.5081,-291.7628,0.446734
-245.1584,5.5070,-292.0530,0.446830
-245.4521,5.5058,-292.3794,0.446933
-245.7081,5.5013,-292.6741,0.447024
-245.9998,5.5013,-293.0001,0.447126
-246.2580,5.5013,-293.2902,0.447215
-246.5467,5.5013,-293.6171,0.447318
-246.8341,5.5013,-293.9446,0.447422
-247.1197,5.5013,-294.2723,0.447522
-247.4033,5.5012,-294.6002,0.447620
-247.6848,5.5012,-294.9284,0.447718
-247.9330,5.5012,-295.2204,0.447807
-248.2100,5.5012,-295.5493,0.447905
-248.4847,5.5012,-295.8784,0.448002
-248.7569,5.5012,-296.2076,0.448100
-248.9968,5.5012,-296.5005,0.448185
-249.2643,5.5012,-296.8304,0.448283
-249.5291,5.5012,-297.1607,0.448379
-249.7912,5.5012,-297.4915,0.448471
-250.0505,5.5012,-297.8227,0.448568
-250.2786,5.5012,-298.1175,0.448649
-250.5324,5.5012,-298.4497,0.448743
-250.7832,5.5012,-298.7824,0.448833
-251.0308,5.5012,-299.1156,0.448927
-251.2481,5.5012,-299.4120,0.449011
-251.4892,5.5012,-299.7454,0.449102
-251.7269,5.5012,-300.0789,0.449192
-251.9610,5.5012,-300.4124,0.449284
-252.1660,5.5012,-300.7086,0.449364
-252.3932,5.5012,-301.0419,0.449452
-252.5921,5.5012,-301.3380,0.449534
-252.8123,5.5012,-301.6710,0.449622
-253.0050,5.5012,-301.9668,0.449701
-253.2184,5.5012,-302.2993,0.449786
-253.4050,5.5012,-302.5947,0.449866
-253.6115,5.5012,-302.9266,0.449955
-253.7920,5.5012,-303.2214,0.450029
-253.9919,5.5012,-303.5531,0.450114
-254.1886,5.5012,-303.8850,0.450202
-254.3609,5.5012,-304.1805,0.450277
-254.5518,5.5012,-304.5135,0.450360
-254.7398,5.5012,-304.8473,0.450445
-254.9247,5.5012,-305.1819,0.450526
-255.0866,5.5012,-305.4801,0.450603
-255.2659,5.5012,-305.8163,0.450690
-255.4421,5.5012,-306.1534,0.450771
-255.5962,5.5012,-306.4537,0.450849
-255.7855,5.5012,-306.8299,0.450937
-255.9343,5.5012,-307.1315,0.451013
-256.0988,5.5012,-307.4714,0.451097
-256.2426,5.5012,-307.7740,0.451167
-256.4014,5.5012,-308.1151,0.451253
-256.5402,5.5012,-308.4188,0.451322
-256.6935,5.5012,-308.7609,0.451405
-256.8438,5.5012,-309.1036,0.451488
-256.9749,5.5012,-309.4086,0.451559
-257.1195,5.5012,-309.7522,0.451640
-257.2457,5.5012,-310.0580,0.451716
-257.4001,5.5012,-310.4407,0.451808
-257.5359,5.5012,-310.7856,0.451886
-257.6541,5.5012,-311.0925,0.451956
-257.7844,5.5012,-311.4381,0.452036
-257.8977,5.5012,-311.7455,0.452110
-258.0088,5.5012,-312.0533,0.452180
-258.1310,5.5012,-312.3998,0.452260
-258.2371,5.5012,-312.7080,0.452332
-258.3538,5.5012,-313.0550,0.452416
-258.4677,5.5012,-313.4021,0.452494
-258.5664,5.5012,-313.7109,0.452567
-258.6748,5.5012,-314.0584,0.452644
-258.7687,5.5012,-314.3675,0.452713
-258.8717,5.5012,-314.7153,0.452796
-258.9609,5.5012,-315.0246,0.452866
-259.0584,5.5012,-315.3727,0.452943
-259.1428,5.5012,-315.6821,0.453011
-259.2249,5.5012,-315.9916,0.453087
-259.3146,5.5012,-316.3397,0.453164
-259.3920,5.5012,-316.6493,0.453233
-259.4765,5.5012,-316.9975,0.453312
-259.5581,5.5012,-317.3457,0.453390
-259.6283,5.5012,-317.6552,0.453458
-259.7047,5.5012,-318.0032,0.453532
-259.7783,5.5012,-318.3512,0.453609
-259.8569,5.5012,-318.7376,0.453695
-259.9247,5.5012,-319.0854,0.453771
-259.9827,5.5012,-319.3943,0.453845
-260.0522,5.5012,-319.7802,0.453921
-260.1053,5.5012,-320.0889,0.453993
-260.1626,5.5012,-320.4359,0.454064
-260.2112,5.5012,-320.7441,0.454134
-260.2691,5.5012,-321.1291,0.454215
-260.3183,5.5012,-321.4753,0.454293
-260.3600,5.5012,-321.7828,0.454356
-260.4043,5.5012,-322.1283,0.454430
-260.4415,5.5012,-322.4353,0.454496
-260.4809,5.5012,-322.7803,0.454564
-260.5179,5.5012,-323.1249,0.454640
-260.5485,5.5012,-323.4308,0.454703
-260.5840,5.5012,-323.8129,0.454786
-260.6134,5.5012,-324.1562,0.454858
-260.6374,5.5012,-324.4610,0.454918
-260.6646,5.5012,-324.8416,0.455001
-260.6910,5.5012,-325.2595,0.455095
-260.7079,5.5012,-325.5630,0.455152
-260.7246,5.5012,-325.9040,0.455224
-260.7374,5.5012,-326.2067,0.455287
-260.7495,5.5012,-326.5466,0.455363
-260.7581,5.5012,-326.8484,0.455422
-260.7656,5.5012,-327.1873,0.455493
-260.7708,5.5012,-327.5257,0.455562
-260.7732,5.5012,-327.8260,0.455622
-260.7735,5.5012,-328.1633,0.455696
-260.7718,5.5012,-328.4627,0.455756
-260.7676,5.5012,-328.7990,0.455823
-260.7607,5.5012,-329.1347,0.455892
-260.7522,5.5012,-329.4327,0.455952
-260.7400,5.5012,-329.7674,0.456022
-260.7249,5.5012,-330.1014,0.456090
-260.7092,5.5012,-330.3978,0.456143
-260.6888,5.5012,-330.7306,0.456218
-260.6682,5.5012,-331.0257,0.456274
-260.6425,5.5012,-331.3569,0.456342
-260.6139,5.5012,-331.6873,0.456410
-260.5862,5.5012,-331.9803,0.456469
-260.5524,5.5012,-332.3090,0.456536
-260.5201,5.5012,-332.6005,0.456594
-260.4811,5.5012,-332.9274,0.456657
-260.4442,5.5012,-333.2173,0.456712
-260.3950,5.5012,-333.5784,0.456788
-260.3478,5.5012,-333.9024,0.456854
-260.3036,5.5012,-334.1895,0.456912
-260.2512,5.5012,-334.5116,0.456974
-260.1960,5.5012,-334.8326,0.457036
-260.1314,5.5012,-335.1879,0.457111
-260.0773,5.5012,-335.4711,0.457165
-260.0137,5.5012,-335.7887,0.457229
-259.9473,5.5012,-336.1050,0.457295
-259.8859,5.5012,-336.3851,0.457351
-259.8143,5.5012,-336.6991,0.457411
-259.7485,5.5012,-336.9770,0.457464
-259.6719,5.5012,-337.2884,0.457530
-259.5838,5.5012,-337.6328,0.457597
-259.5017,5.5012,-337.9413,0.457657
-259.4265,5.5012,-338.2144,0.457713
-259.3397,5.5012,-338.5201,0.457779
-259.2604,5.5012,-338.7907,0.457829
-259.1687,5.5012,-339.0938,0.457890
-259.0745,5.5012,-339.3954,0.457948
-258.9886,5.5012,-339.6622,0.458004
-258.8895,5.5012,-339.9610,0.458064
-258.7880,5.5012,-340.2581,0.458126
-258.6956,5.5012,-340.5209,0.458176
-258.5774,5.5012,-340.8475,0.458246
-258.4438,5.5012,-341.2045,0.458320
-258.3444,5.5012,-341.4625,0.458373
-258.2432,5.5012,-341.7191,0.458425
-258.1140,5.5012,-342.0381,0.458491
-257.9687,5.5012,-342.3864,0.458559
-257.8609,5.5012,-342.6381,0.458614
-257.7375,5.5012,-342.9197,0.458669
-257.6260,5.5012,-343.1684,0.458723
-257.4986,5.5012,-343.4465,0.458779
-257.3692,5.5012,-343.7228,0.458838
-257.2378,5.5012,-343.9975,0.458894
-257.1192,5.5012,-344.2403,0.458948
-256.9688,5.5012,-344.5419,0.459009
-256.8159,5.5012,-344.8415,0.459070
-256.6606,5.5012,-345.1391,0.459141
-256.4868,5.5012,-345.4641,0.459209
-256.3586,5.5012,-345.6989,0.459258
-256.2288,5.5012,-345.9324,0.459306
-256.0644,5.5012,-346.2224,0.459366
-255.9145,5.5012,-346.4817,0.459427
-255.7796,5.5012,-346.7106,0.459475
-255.6260,5.5012,-346.9666,0.459531
-255.4880,5.5012,-347.1926,0.459581
-255.3309,5.5012,-347.4453,0.459639
-255.1721,5.5012,-347.6963,0.459692
-255.0114,5.5012,-347.9455,0.459746
-254.8489,5.5012,-348.1929,0.459796
-254.6846,5.5012,-348.4386,0.459849
-254.5184,5.5012,-348.6825,0.459901
-254.3693,5.5012,-348.8977,0.459955
-254.1997,5.5012,-349.1381,0.460010
-254.0282,5.5012,-349.3767,0.460058
-253.8743,5.5012,-349.5871,0.460108
-253.6994,5.5012,-349.8221,0.460160
-253.5226,5.5012,-350.0551,0.460209
-253.3440,5.5012,-350.2860,0.460265
-253.1637,5.5012,-350.5149,0.460318
-253.0019,5.5012,-350.7167,0.460362
-252.8183,5.5012,-350.9417,0.460422
-252.6331,5.5012,-351.1645,0.460467
-252.4461,5.5012,-351.3851,0.460527
-252.2786,5.5012,-351.5793,0.460565
-252.0886,5.5012,-351.7956,0.460616
-251.9183,5.5012,-351.9859,0.460664
-251.7252,5.5012,-352.1977,0.460713
-251.5522,5.5012,-352.3838,0.460759
-251.3561,5.5012,-352.5909,0.460810
-251.1584,5.5012,-352.7955,0.460860
-250.9814,5.5012,-352.9753,0.460906
-250.7810,5.5012,-353.1752,0.460958
-250.5790,5.5012,-353.3726,0.461009
-250.3984,5.5012,-353.5458,0.461056
-250.1938,5.5012,-353.7383,0.461106
-249.9880,5.5012,-353.9281,0.461159
-249.8041,5.5012,-354.0946,0.461198
-249.6192,5.5012,-354.2590,0.461246
-249.4101,5.5012,-354.4413,0.461299
-249.1766,5.5012,-354.6405,0.461350
-248.9418,5.5012,-354.8364,0.461405
-248.7532,5.5012,-354.9907,0.461452
-248.5401,5.5012,-355.1616,0.461499
-248.3023,5.5012,-355.3484,0.461554
-248.1114,5.5012,-355.4954,0.461596
-247.8958,5.5012,-355.6581,0.461645
-247.7036,5.5012,-355.8005,0.461689
-247.4866,5.5012,-355.9583,0.461738
-247.2448,5.5012,-356.1303,0.461790
-247.0507,5.5012,-356.2656,0.461835
-246.8318,5.5012,-356.4153,0.461883
-246.5879,5.5012,-356.5784,0.461934
-246.3433,5.5012,-356.7383,0.461990
-246.1227,5.5012,-356.8795,0.462035
-245.8770,5.5012,-357.0334,0.462085
-245.6307,5.5012,-357.1840,0.462148
-245.4333,5.5012,-357.3021,0.462181
-245.2108,5.5012,-357.4326,0.462232
-245.0128,5.5012,-357.5466,0.462271
-244.7897,5.5012,-357.6723,0.462318
-244.5661,5.5012,-357.7956,0.462366
-244.3671,5.5012,-357.9031,0.462408
-244.1428,5.5012,-358.0218,0.462452
-243.9430,5.5012,-358.1253,0.462496
-243.7178,5.5012,-358.2396,0.462539
-243.4669,5.5012,-358.3639,0.462594
-243.2154,5.5012,-358.4854,0.462647
-242.9633,5.5012,-358.6040,0.462694
-242.7612,5.5012,-358.6970,0.462738
-242.5080,5.5012,-358.8106,0.462789
-242.2798,5.5012,-358.9106,0.462839
-242.0765,5.5012,-358.9975,0.462875
-241.8475,5.5012,-359.0931,0.462926
-241.6182,5.5012,-359.1865,0.462968
-241.3887,5.5012,-359.2775,0.463013
-241.1846,5.5012,-359.3563,0.463058
-240.9550,5.5012,-359.4427,0.463101
-240.6999,5.5012,-359.5359,0.463154
-240.4702,5.5012,-359.6170,0.463197
-240.2661,5.5012,-359.6870,0.463241
-240.0366,5.5012,-359.7632,0.463284
-239.8327,5.5012,-359.8290,0.463324
-239.6034,5.5012,-359.9007,0.463369
-239.3998,5.5012,-359.9622,0.463409
-239.1709,5.5012,-360.0292,0.463453
-238.9423,5.5012,-360.0937,0.463496
-238.7138,5.5012,-360.1558,0.463546
-238.4856,5.5012,-360.2154,0.463587
-238.2325,5.5012,-360.2788,0.463636
-238.0301,5.5012,-360.3275,0.463677
-237.8025,5.5012,-360.3800,0.463716
-237.6002,5.5012,-360.4248,0.463760
-237.3474,5.5012,-360.4784,0.463806
-237.1452,5.5012,-360.5192,0.463843
-236.9179,5.5012,-360.5629,0.463892
-236.7159,5.5012,-360.6000,0.463927
-236.4887,5.5012,-360.6396,0.463971
-236.2869,5.5012,-360.6731,0.464005
-236.0601,5.5012,-360.7086,0.464050
-235.8586,5.5012,-360.7383,0.464091
-235.6322,5.5012,-360.7698,0.464129
-235.4060,5.5012,-360.7991,0.464173
-235.1550,5.5012,-360.8291,0.464221
-234.9544,5.5012,-360.8512,0.464259
-234.7541,5.5012,-360.8717,0.464293
-234.5290,5.5012,-360.8927,0.464339
-234.3292,5.5012,-360.9096,0.464376
-234.1048,5.5012,-360.9268,0.464414
-233.8808,5.5012,-360.9418,0.464458
-233.6325,5.5012,-360.9560,0.464503
-233.4095,5.5012,-360.9668,0.464541
-233.2116,5.5012,-360.9746,0.464579
-232.9895,5.5012,-360.9816,0.464622
-232.7925,5.5012,-360.9861,0.464657
-232.5713,5.5012,-360.9893,0.464695
-232.3262,5.5012,-360.9906,0.464746
-232.1063,5.5012,-360.9897,0.464786
-231.9112,5.5012,-360.9873,0.464822
-231.7166,5.5012,-360.9835,0.464853
-231.4741,5.5012,-360.9765,0.464899
-231.2563,5.5012,-360.9683,0.464939
-231.0630,5.5012,-360.9594,0.464981
-230.8460,5.5012,-360.9477,0.465017
-230.6534,5.5012,-360.9358,0.465053
-230.4368,5.5012,-360.9206,0.465090
-230.2444,5.5012,-360.9055,0.465129
-230.0283,5.5012,-360.8868,0.465170
-229.8124,5.5012,-360.8663,0.465214
-229.6207,5.5012,-360.8466,0.465253
-229.4053,5.5012,-360.8226,0.465293
-229.2143,5.5012,-360.7998,0.465330
-229.0000,5.5012,-360.7724,0.465370
-228.8100,5.5012,-360.7466,0.465405
-228.6206,5.5012,-360.7194,0.465447
-228.4084,5.5012,-360.6872,0.465484
-228.1735,5.5012,-360.6493,0.465532
-227.9865,5.5012,-360.6175,0.465563
-227.7536,5.5012,-360.5759,0.465612
-227.5451,5.5012,-360.5367,0.465648
-227.3606,5.5012,-360.5006,0.465688
-227.1540,5.5012,-360.4584,0.465727
-226.9485,5.5012,-360.4146,0.465769
-226.7667,5.5012,-360.3744,0.465805
-226.5408,5.5012,-360.3223,0.465848
-226.3163,5.5012,-360.2685,0.465892
-226.1154,5.5012,-360.2184,0.465933
-225.9158,5.5012,-360.1669,0.465974
-225.6953,5.5012,-360.1080,0.466019
-225.4981,5.5012,-360.0535,0.466062
-225.3237,5.5012,-360.0038,0.466094
-225.1072,5.5012,-359.9402,0.466143
-224.9136,5.5012,-359.8816,0.466184
-224.7425,5.5012,-359.8283,0.466216
-224.5511,5.5012,-359.7671,0.466259
-224.3821,5.5012,-359.7117,0.466293
-224.1931,5.5012,-359.6481,0.466333
-224.0261,5.5012,-359.5905,0.466367
-223.8187,5.5012,-359.5172,0.466412
-223.6539,5.5012,-359.4574,0.466445
-223.4493,5.5012,-359.3814,0.466488
-223.2665,5.5012,-359.3117,0.466527
-223.1051,5.5012,-359.2488,0.466564
-222.9048,5.5012,-359.1689,0.466604
-222.7456,5.5012,-359.1041,0.466643
-222.5679,5.5012,-359.0301,0.466680
-222.3914,5.5012,-358.9551,0.466723
-222.2163,5.5012,-358.8792,0.466757
-222.0618,5.5012,-358.8112,0.466793
-221.8702,5.5012,-358.7255,0.466835
-221.7180,5.5012,-358.6565,0.466869
-221.5480,5.5012,-358.5788,0.466910
-221.3791,5.5012,-358.5008,0.466947
-221.2112,5.5012,-358.4226,0.466986
-221.0626,5.5012,-358.3529,0.467020
-220.8961,5.5012,-358.2740,0.467059
-220.7300,5.5012,-358.1946,0.467097
-220.5828,5.5012,-358.1235,0.467131
-220.4174,5.5012,-358.0428,0.467167
-220.2525,5.5012,-357.9614,0.467206
-220.0878,5.5012,-357.8791,0.467246
-219.9418,5.5012,-357.8053,0.467284
-219.7778,5.5012,-357.7214,0.467322
-219.6140,5.5012,-357.6366,0.467362
-219.4507,5.5012,-357.5510,0.467400
-219.2876,5.5012,-357.4645,0.467439
-219.1249,5.5012,-357.3771,0.467477
-218.9804,5.5013,-357.2988,0.467514
-218.8183,5.5013,-357.2100,0.467554
-218.6564,5.5013,-357.1204,0.467595
-218.5128,5.5013,-357.0402,0.467630
-218.3515,5.5013,-356.9491,0.467674
-218.2083,5.5013,-356.8676,0.467710
-218.0476,5.5013,-356.7750,0.467748
-217.8872,5.5013,-356.6816,0.467789
-217.7449,5.5013,-356.5978,0.467825
-217.5851,5.5013,-356.5028,0.467866
-217.4256,5.5013,-356.4068,0.467911
-217.2665,5.5013,-356.3099,0.467950
-217.1079,5.5013,-356.2122,0.467993
-216.9673,5.5013,-356.1245,0.468031
-216.8099,5.5013,-356.0251,0.468073
-216.6534,5.5013,-355.9249,0.468115
-216.5151,5.5013,-355.8352,0.468150
-216.3604,5.5013,-355.7339,0.468192
-216.2238,5.5013,-355.6434,0.468229
-216.0711,5.5013,-355.5412,0.468273
-215.9362,5.5013,-355.4500,0.468309
-215.7809,5.5088,-355.3515,0.468353
-215.6312,5.5096,-355.2477,0.468394
-215.4823,5.5104,-355.1432,0.468436
-215.3337,5.5112,-355.0383,0.468479
-215.1854,5.5119,-354.9329,0.468520
-215.0374,5.5127,-354.8266,0.468564
-214.9063,5.5133,-354.7315,0.468603
-214.7594,5.5140,-354.6236,0.468645
-214.6128,5.5147,-354.5147,0.468688
-214.4829,5.5153,-354.4172,0.468726
-214.3370,5.5159,-354.3065,0.468770
-214.2079,5.5165,-354.2075,0.468807
-214.0630,5.5171,-354.0951,0.468850
-213.9347,5.5177,-353.9944,0.468890
-213.7910,5.5183,-353.8803,0.468932
-213.6476,5.5188,-353.7654,0.468978
-213.5049,5.5194,-353.6497,0.469022
-213.3628,5.5199,-353.5333,0.469067
-213.2214,5.5204,-353.4164,0.469111
-213.0966,5.5208,-353.3119,0.469151
-212.9569,5.5213,-353.1939,0.469193
-212.8180,5.5217,-353.0754,0.469239
-212.6799,5.5221,-352.9566,0.469282
-212.5425,5.5226,-352.8376,0.469326
-212.4059,5.5230,-352.7185,0.469371
-212.2697,5.5234,-352.5992,0.469415
-212.1338,5.5239,-352.4794,0.469459
-211.9980,5.5243,-352.3592,0.469503
-211.8620,5.5247,-352.2382,0.469549
-211.7414,5.5252,-352.1302,0.469588
-211.6057,5.5256,-352.0080,0.469634
-211.4700,5.5261,-351.8853,0.469679
-211.3344,5.5265,-351.7618,0.469724
-211.1987,5.5270,-351.6378,0.469771
-211.0630,5.5274,-351.5132,0.469815
-210.9273,5.5278,-351.3880,0.469861
-210.8065,5.5282,-351.2762,0.469902
-210.6707,5.5285,-351.1499,0.469948
-210.5501,5.5288,-351.0371,0.469990
-210.4140,5.5291,-350.9096,0.470035
-210.2778,5.5294,-350.7815,0.470081
-210.1567,5.5296,-350.6670,0.470123
-210.0205,5.5299,-350.5374,0.470170
-209.8841,5.5301,-350.4071,0.470217
-209.7630,5.5303,-350.2906,0.470260
-209.6266,5.5305,-350.1588,0.470308
-209.4902,5.5308,-350.0263,0.470355
-209.3538,5.5311,-349.8932,0.470402
-209.2325,5.5313,-349.7742,0.470444
-209.1113,5.5316,-349.6547,0.470487
-208.9748,5.5318,-349.5196,0.470535
-208.8383,5.5320,-349.3839,0.470583
-208.7170,5.5322,-349.2626,0.470627
-208.5957,5.5324,-349.1409,0.470670
-208.4593,5.5326,-349.0033,0.470719
-208.3229,5.5328,-348.8651,0.470768
-208.2016,5.5330,-348.7417,0.470811
-208.0650,5.5332,-348.6022,0.470860
-207.9435,5.5333,-348.4775,0.470904
-207.8069,5.5334,-348.3365,0.470954
-207.6702,5.5336,-348.1945,0.471003
-207.5182,5.5337,-348.0360,0.471058
-207.3814,5.5338,-347.8925,0.471108
-207.2597,5.5339,-347.7643,0.471152
-207.1228,5.5340,-347.6193,0.471203
-206.9704,5.5341,-347.4576,0.471259
-206.8484,5.5341,-347.3275,0.471305
-206.7107,5.5342,-347.1804,0.471355
-206.5879,5.5343,-347.0490,0.471400
-206.4493,5.5343,-346.9002,0.471451
-206.3100,5.5343,-346.7504,0.471503
-206.1855,5.5344,-346.6164,0.471549
-206.0448,5.5344,-346.4647,0.471602
-205.9034,5.5344,-346.3120,0.471654
-205.7770,5.5345,-346.1753,0.471701
-205.6341,5.5345,-346.0204,0.471755
-205.4745,5.5345,-345.8470,0.471814
-205.3140,5.5345,-345.6720,0.471875
-205.1526,5.5345,-345.4954,0.471935
-205.0228,5.5345,-345.3531,0.471984
-204.8595,5.5344,-345.1736,0.472046
-204.7115,5.5344,-345.0106,0.472102
-204.5791,5.5344,-344.8645,0.472152
-204.4293,5.5344,-344.6989,0.472209
-204.2617,5.5343,-344.5131,0.472273
-204.1267,5.5343,-344.3631,0.472324
-203.9740,5.5342,-344.1931,0.472383
-203.8203,5.5341,-344.0215,0.472441
-203.6827,5.5341,-343.8678,0.472494
-203.5098,5.5341,-343.6741,0.472560
-203.3530,5.5341,-343.4982,0.472619
-203.2128,5.5341,-343.3406,0.472673
-203.0540,5.5341,-343.1619,0.472734
-202.9119,5.5341,-343.0018,0.472789
-202.7510,5.5341,-342.8201,0.472850
-202.6069,5.5341,-342.6572,0.472905
-202.4433,5.5340,-342.4721,0.472968
-202.2601,5.5339,-342.2642,0.473038
-202.0938,5.5339,-342.0751,0.473102
-201.9261,5.5338,-341.8840,0.473167
-201.7572,5.5337,-341.6909,0.473232
-201.5679,5.5336,-341.4741,0.473305
-201.3962,5.5335,-341.2769,0.473372
-201.2038,5.5334,-341.0554,0.473447
-201.0099,5.5333,-340.8316,0.473522
-200.8341,5.5331,-340.6283,0.473590
-200.6374,5.5330,-340.4002,0.473667
-200.4790,5.5328,-340.2161,0.473729
-200.2798,5.5327,-339.9839,0.473806
-200.0992,5.5325,-339.7730,0.473876
-199.9376,5.5323,-339.5840,0.473940
-199.7548,5.5322,-339.3697,0.474012
-199.5707,5.5320,-339.1536,0.474084
-199.3856,5.5318,-338.9357,0.474156
-199.2199,5.5315,-338.7405,0.474221
-199.0323,5.5311,-338.5192,0.474295
-198.8435,5.5307,-338.2963,0.474369
-198.6744,5.5304,-338.0966,0.474436
-198.4828,5.5301,-337.8701,0.474511
-198.2897,5.5297,-337.6418,0.474588
-198.1167,5.5294,-337.4373,0.474656
-197.9206,5.5290,-337.2055,0.474733
-197.7450,5.5287,-336.9979,0.474803
-197.5461,5.5283,-336.7624,0.474882
-197.3680,5.5280,-336.5514,0.474951
-197.1663,5.5277,-336.3121,0.475031
-196.9631,5.5273,-336.0708,0.475111
-196.7585,5.5269,-335.8275,0.475192
-196.5753,5.5266,-335.6096,0.475264
-196.3679,5.5262,-335.3625,0.475345
-196.1823,5.5258,-335.1412,0.475419
-195.9487,5.5254,-334.8624,0.475511
-195.7605,5.5250,-334.6375,0.475585
-195.5474,5.5246,-334.3826,0.475670
-195.3568,5.5242,-334.1543,0.475747
-195.1410,5.5238,-333.8958,0.475832
-194.9239,5.5234,-333.6354,0.475917
-194.7053,5.5229,-333.3733,0.476005
-194.4852,5.5225,-333.1094,0.476092
-194.2883,5.5221,-332.8735,0.476171
-194.0651,5.5217,-332.6065,0.476260
-193.8404,5.5212,-332.3380,0.476349
-193.6137,5.5208,-332.0679,0.476438
-193.4110,5.5205,-331.8264,0.476518
-193.1813,5.5202,-331.5531,0.476608
-192.9499,5.5198,-331.2782,0.476700
-192.6908,5.5194,-330.9708,0.476803
-192.4821,5.5191,-330.7234,0.476886
-192.2456,5.5187,-330.4435,0.476979
-192.0339,5.5184,-330.1934,0.477063
-191.7941,5.5180,-329.9105,0.477157
-191.5795,5.5177,-329.6576,0.477242
-191.3363,5.5173,-329.3716,0.477336
-191.0914,5.5170,-329.0840,0.477433
-190.8448,5.5166,-328.7947,0.477528
-190.6241,5.5163,-328.5362,0.477615
-190.3741,5.5160,-328.2439,0.477712
-190.1504,5.5157,-327.9826,0.477800
-189.8972,5.5153,-327.6871,0.477900
-189.6137,5.5150,-327.3568,0.478010
-189.3854,5.5147,-327.0911,0.478099
-189.0981,5.5143,-326.7572,0.478212
-188.8376,5.5140,-326.4549,0.478312
-188.6048,5.5137,-326.1850,0.478404
-188.3410,5.5132,-325.8796,0.478506
-188.1051,5.5128,-325.6068,0.478597
-187.8381,5.5123,-325.2984,0.478701
-187.5692,5.5118,-324.9883,0.478807
-187.3288,5.5114,-324.7114,0.478901
-187.0565,5.5109,-324.3984,0.479006
-186.8131,5.5105,-324.1189,0.479102
-186.5376,5.5100,-323.8028,0.479207
-186.2604,5.5095,-323.4851,0.479316
-186.0122,5.5091,-323.2014,0.479411
-185.7315,5.5088,-322.8807,0.479519
-185.4805,5.5085,-322.5943,0.479615
-185.1964,5.5082,-322.2705,0.479728
-184.9107,5.5079,-321.9450,0.479836
-184.6232,5.5075,-321.6178,0.479949
-184.3664,5.5073,-321.3255,0.480049
-184.0759,5.5070,-320.9949,0.480163
-183.7838,5.5067,-320.6626,0.480275
-183.4901,5.5063,-320.3286,0.480388
-183.1947,5.5060,-319.9929,0.480504
-182.8691,5.5003,-319.6137,0.480631
-182.6037,5.5003,-319.3123,0.480735
-182.3031,5.5002,-318.9717,0.480850
-182.0347,5.5002,-318.6673,0.480954
-181.7315,5.5002,-318.3231,0.481073
-181.4606,5.5002,-318.0154,0.481179
-181.1545,5.5002,-317.6674,0.481295
-180.8808,5.5002,-317.3570,0.481402
-180.5717,5.5003,-317.0060,0.481522
-180.2960,5.5003,-316.6924,0.481629
-179.9845,5.5004,-316.3379,0.481750
-179.6717,5.5004,-315.9818,0.481871
-179.3572,5.5005,-315.6241,0.481995
-179.0410,5.5005,-315.2647,0.482119
-178.7586,5.5006,-314.9438,0.482229
-178.4749,5.5006,-314.6217,0.482340
-178.1186,5.5007,-314.2172,0.482480
-177.7243,5.5007,-313.7700,0.482633
-177.4360,5.5008,-313.4433,0.482745
-177.1463,5.5008,-313.1154,0.482859
-176.8189,5.5009,-312.7450,0.482986
-176.4897,5.5009,-312.3731,0.483115
-176.1589,5.5010,-311.9998,0.483241
-175.8633,5.5010,-311.6667,0.483358
-175.5291,5.5011,-311.2908,0.483489
-175.1930,5.5011,-310.9135,0.483615
-174.8551,5.5012,-310.5348,0.483745
-174.5532,5.5012,-310.1970,0.483864
-174.2118,5.5012,-309.8157,0.483997
-173.9067,5.5013,-309.4757,0.484114
-173.5614,5.5013,-309.0922,0.484246
-173.2532,5.5013,-308.7500,0.484365
-172.9047,5.5013,-308.3636,0.484498
-172.5153,5.5013,-307.9329,0.484648
-172.2020,5.5013,-307.5870,0.484771
-171.8478,5.5013,-307.1967,0.484907
-171.5314,5.5013,-306.8487,0.485027
-171.1735,5.5013,-306.4559,0.485163
-170.8138,5.5013,-306.0619,0.485302
-170.4924,5.5013,-305.7105,0.485424
-170.1290,5.5013,-305.3139,0.485563
-169.7636,5.5013,-304.9161,0.485701
-169.4372,5.5013,-304.5616,0.485827
-169.0681,5.5013,-304.1614,0.485967
-168.6969,5.5013,-303.7601,0.486108
-168.2822,5.5013,-303.3128,0.486263
-167.9486,5.5013,-302.9539,0.486390
-167.5715,5.5013,-302.5491,0.486533
-167.2346,5.5013,-302.1882,0.486661
-166.8537,5.5013,-301.7811,0.486804
-166.4707,5.5013,-301.3729,0.486948
-166.1287,5.5013,-301.0089,0.487076
-165.7421,5.5013,-300.5984,0.487221
-165.3535,5.5013,-300.1866,0.487367
-164.9630,5.5013,-299.7735,0.487513
-164.6142,5.5013,-299.4054,0.487644
-164.2201,5.5013,-298.9900,0.487790
-163.8680,5.5013,-298.6198,0.487922
-163.4702,5.5013,-298.2021,0.488070
-163.0704,5.5013,-297.7832,0.488219
-162.6239,5.5013,-297.3164,0.488385
-162.1750,5.5013,-296.8480,0.488551
-161.7689,5.5013,-296.4253,0.488703
-161.4064,5.5013,-296.0485,0.488839
-160.9967,5.5013,-295.6234,0.488990
-160.5851,5.5013,-295.1972,0.489143
-160.2176,5.5013,-294.8173,0.489278
-159.8023,5.5013,-294.3888,0.489432
-159.4316,5.5013,-294.0069,0.489569
-159.0128,5.5013,-293.5760,0.489724
-158.5454,5.5013,-293.0958,0.489895
-158.0756,5.5013,-292.6140,0.490070
-157.6036,5.5013,-292.1307,0.490243
-157.1295,5.5013,-291.6457,0.490418
-156.6532,5.5013,-291.1591,0.490592
-156.2708,5.5013,-290.7687,0.490733
-155.7909,5.5013,-290.2793,0.490907
-155.4056,5.5013,-289.8866,0.491049
-154.9708,5.5013,-289.4435,0.491209
-154.5346,5.5013,-288.9992,0.491371
-154.1457,5.5013,-288.6031,0.491511
-153.7068,5.5013,-288.1563,0.491672
-153.2176,5.5013,-287.6584,0.491853
-152.8250,5.5013,-287.2590,0.491997
-152.3328,5.5013,-286.7584,0.492175
-151.9379,5.5013,-286.3568,0.492321
-151.4430,5.5013,-285.8536,0.492501
-150.9467,5.5013,-285.3490,0.492683
-150.4491,5.5013,-284.8433,0.492865
-149.9503,5.5013,-284.3362,0.493048
-149.4503,5.5013,-283.8280,0.493232
-149.0494,5.5013,-283.4206,0.493378
-148.6477,5.5013,-283.0124,0.493524
-148.1949,5.5013,-282.5523,0.493691
-147.7915,5.5013,-282.1425,0.493836
-147.2863,5.5013,-281.6293,0.494022
-146.7798,5.5013,-281.1150,0.494209
-146.2722,5.5013,-280.5994,0.494393
-145.7632,5.5013,-280.0828,0.494576
-145.2531,5.5013,-279.5650,0.494765
-144.8441,5.5013,-279.1500,0.494916
-144.3318,5.5013,-278.6302,0.495100
-143.9211,5.5013,-278.2136,0.495251
-143.4581,5.5013,-277.7440,0.495416
-143.0458,5.5013,-277.3258,0.495568
-142.5810,5.5013,-276.8545,0.495738
-142.1670,5.5013,-276.4347,0.495889
-141.6485,5.5013,-275.9089,0.496076
-141.2329,5.5013,-275.4875,0.496226
-140.8165,5.5013,-275.0653,0.496378
-140.2428,5.5013,-274.4835,0.496587
-139.7724,5.5013,-274.0065,0.496760
-139.3011,5.5013,-273.5285,0.496930
-138.7763,5.5013,-272.9964,0.497121
-138.3557,5.5013,-272.5698,0.497273
-137.8290,5.5013,-272.0356,0.497465
-137.4068,5.5013,-271.6074,0.497618
-136.9310,5.5013,-271.1247,0.497792
-136.5073,5.5013,-270.6950,0.497945
-136.0298,5.5013,-270.2107,0.498119
-135.5513,5.5013,-269.7256,0.498292
-135.0719,5.5013,-269.2397,0.498465
-134.6450,5.5013,-268.8071,0.498621
-134.1102,5.5013,-268.2656,0.498815
-133.5741,5.5013,-267.7232,0.499010
-133.0368,5.5013,-267.1800,0.499205
-132.4983,5.5013,-266.6358,0.499397
-131.9584,5.5013,-266.0907,0.499594
-131.5256,5.5013,-265.6541,0.499751
-131.0378,5.5013,-265.1622,0.499928
-130.4945,5.5013,-264.6148,0.500126
-130.0044,5.5013,-264.1214,0.500302
-129.5133,5.5013,-263.6274,0.500481
-129.0211,5.5013,-263.1328,0.500659
-128.4730,5.5013,-262.5823,0.500857
-127.9237,5.5013,-262.0311,0.501056
-127.4281,5.5013,-261.5343,0.501235
-126.9315,5.5013,-261.0369,0.501414
-126.3785,5.5013,-260.4834,0.501612
-125.8241,5.5013,-259.9292,0.501814
-125.2685,5.5013,-259.3742,0.502015
-124.7115,5.5013,-258.8185,0.502214
-124.2650,5.5013,-258.3734,0.502374
-123.7617,5.5013,-257.8720,0.502556
-123.2573,5.5013,-257.3699,0.502743
-122.6957,5.5013,-256.8112,0.502938
-122.1329,5.5013,-256.2518,0.503143
-121.6817,5.5013,-255.8036,0.503305
-121.1167,5.5013,-255.2425,0.503506
-120.5506,5.5013,-254.6806,0.503711
-119.9833,5.5013,-254.1177,0.503917
-119.5287,5.5013,-253.6667,0.504081
-118.9594,5.5013,-253.1021,0.504282
-118.3890,5.5013,-252.5366,0.504488
-117.8747,5.5013,-252.0269,0.504671
-117.4168,5.5013,-251.5731,0.504837
-116.9009,5.5013,-251.0620,0.505024
-116.4416,5.5013,-250.6069,0.505189
-115.8665,5.5013,-250.0373,0.505393
-115.2904,5.5013,-249.4668,0.505601
-114.7710,5.5013,-248.9524,0.505786
-114.1930,5.5013,-248.3800,0.505993
-113.7298,5.5013,-247.9214,0.506160
-113.0920,5.5013,-247.2899,0.506389
-112.5692,5.5013,-246.7723,0.506576
-112.0457,5.5013,-246.2539,0.506763
-111.5796,5.5013,-245.7924,0.506931
-110.9963,5.5013,-245.2147,0.507141
-110.3537,5.5013,-244.5782,0.507372
-109.8857,5.5013,-244.1145,0.507540
-109.3000,5.5013,-243.5341,0.507748
-108.8310,5.5013,-243.0692,0.507918
-108.1853,5.5013,-242.4289,0.508149
-107.7151,5.5013,-241.9626,0.508319
-107.1268,5.5013,-241.3790,0.508530
-106.5379,5.5013,-240.7944,0.508742
-106.0074,5.5013,-240.2676,0.508931
-105.4174,5.5013,-239.6815,0.509144
-104.8269,5.5013,-239.0946,0.509357
-104.2950,5.5013,-238.5656,0.509548
-103.8219,5.5013,-238.0948,0.509719
-103.2895,5.5013,-237.5646,0.509909
-102.6975,5.5013,-236.9748,0.510123
-102.1053,5.5013,-236.3844,0.510335
-101.5128,5.5013,-235.7933,0.510549
-100.9202,5.5013,-235.2016,0.510762
-100.3868,5.5013,-234.6685,0.510954
-99.8533,5.5013,-234.1351,0.511146
-99.3197,5.5013,-233.6012,0.511338
-98.7268,5.5013,-233.0076,0.511552
-98.1338,5.5013,-232.4135,0.511766
-97.6000,5.5013,-231.8783,0.511959
-97.1255,5.5013,-231.4023,0.512131
-96.5917,5.5013,-230.8665,0.512323
-96.1171,5.5013,-230.3899,0.512494
-95.6425,5.5013,-229.9130,0.512665
-95.0493,5.5013,-229.3166,0.512881
-94.4560,5.5013,-228.7198,0.513094
-93.8627,5.5013,-228.1226,0.513310
-93.3288,5.5013,-227.5848,0.513503
-92.7948,5.5013,-227.0468,0.513696
-92.3202,5.5013,-226.5682,0.513868
-91.7862,5.5013,-226.0296,0.514060
-91.3117,5.5013,-225.5507,0.514232
-90.7779,5.5013,-225.0118,0.514426
-90.3034,5.5013,-224.5327,0.514597
-89.7696,5.5013,-223.9936,0.514792
-89.2358,5.5013,-223.4545,0.514984
-88.7020,5.5013,-222.9154,0.515176
-88.1684,5.5013,-222.3765,0.515369
-87.6943,5.5013,-221.8977,0.515541
-87.1019,5.5013,-221.2995,0.515758
-86.5098,5.5013,-220.7015,0.515973
-86.0363,5.5013,-220.2234,0.516144
-85.5038,5.5013,-219.6857,0.516336
-84.9123,5.5013,-219.0886,0.516551
-84.3211,5.5013,-218.4918,0.516765
-83.8483,5.5013,-218.0146,0.516936
-83.3756,5.5013,-217.5376,0.517108
-82.8439,5.5013,-217.0013,0.517300
-82.3125,5.5013,-216.4652,0.517493
-81.8402,5.5013,-215.9890,0.517663
-81.2500,5.5013,-215.3940,0.517877
-80.6600,5.5013,-214.7993,0.518090
-80.1291,5.5013,-214.2644,0.518283
-79.5394,5.5013,-213.6704,0.518496
-79.0089,5.5013,-213.1361,0.518688
-78.4784,5.5013,-212.6021,0.518880
-77.8892,5.5013,-212.0091,0.519093
-77.3591,5.5013,-211.4757,0.519285
-76.8879,5.5013,-211.0019,0.519456
-76.4169,5.5013,-210.5282,0.519626
-75.8871,5.5013,-209.9957,0.519817
-75.4163,5.5013,-209.5226,0.519987
-74.8867,5.5013,-208.9906,0.520179
-74.4161,5.5013,-208.5179,0.520349
-73.8279,5.5013,-207.9274,0.520561
-73.3575,5.5013,-207.4553,0.520732
-72.8284,5.5013,-206.9244,0.520922
-72.2407,5.5013,-206.3349,0.521135
-71.7118,5.5013,-205.8046,0.521325
-71.1244,5.5013,-205.2157,0.521538
-70.5371,5.5013,-204.6272,0.521750
-70.0673,5.5013,-204.1567,0.521919
-69.5390,5.5013,-203.6275,0.522110
-69.0694,5.5013,-203.1575,0.522279
-68.5413,5.5013,-202.6289,0.522469
-68.0133,5.5013,-202.1006,0.522660
-67.4854,5.5013,-201.5726,0.522850
-66.8989,5.5013,-200.9863,0.523063
-66.3126,5.5013,-200.4003,0.523274
-65.7265,5.5013,-199.8147,0.523484
-65.1990,5.5013,-199.2879,0.523675
-64.6131,5.5013,-198.7030,0.523886
-64.1445,5.5013,-198.2353,0.524055
-63.5588,5.5013,-197.6509,0.524266
-62.9733,5.5013,-197.0669,0.524477
-62.4464,5.5013,-196.5416,0.524666
-61.9782,5.5013,-196.0748,0.524836
-61.4516,5.5013,-195.5500,0.525025
-60.8666,5.5013,-194.9671,0.525235
-60.3402,5.5013,-194.4428,0.525425
-59.7555,5.5013,-193.8605,0.525635
-59.1710,5.5013,-193.2786,0.525845
-58.7034,5.5013,-192.8132,0.526013
-58.1192,5.5013,-192.2318,0.526222
-57.5351,5.5013,-191.6506,0.526431
-56.9511,5.5013,-191.0697,0.526643
-56.3674,5.5013,-190.4891,0.526854
-55.7839,5.5013,-189.9088,0.527065
-55.3171,5.5013,-189.4447,0.527231
-54.7922,5.5013,-188.9228,0.527420
-54.2675,5.5013,-188.4012,0.527609
-53.6845,5.5013,-187.8218,0.527818
-53.1018,5.5013,-187.2427,0.528028
-52.5193,5.5013,-186.6639,0.528238
-51.9369,5.5013,-186.0853,0.528447
-51.4130,5.5013,-185.5648,0.528635
-50.8310,5.5013,-184.9867,0.528844
-50.2492,5.5013,-184.4088,0.529054
-49.7257,5.5013,-183.8888,0.529242
-49.2606,5.5013,-183.4268,0.529408
-48.7957,5.5013,-182.9649,0.529576
-48.2728,5.5013,-182.4453,0.529764
-47.6921,5.5013,-181.8680,0.529972
-47.2277,5.5013,-181.4063,0.530139
-46.6476,5.5013,-180.8292,0.530348
-46.1258,5.5013,-180.3098,0.530536
-45.5463,5.5013,-179.7327,0.530744
-44.9673,5.5013,-179.1557,0.530953
-44.4464,5.5013,-178.6365,0.531139
-43.8680,5.5013,-178.0595,0.531348
-43.2900,5.5013,-177.4826,0.531556
-42.7125,5.5013,-176.9057,0.531764
-42.2507,5.5013,-176.4442,0.531930
-41.6739,5.5013,-175.8673,0.532138
-41.0975,5.5013,-175.2904,0.532346
-40.5791,5.5013,-174.7712,0.532533
-40.0035,5.5013,-174.1942,0.532741
-39.4284,5.5013,-173.6172,0.532949
-38.9111,5.5013,-173.0979,0.533136
-38.3368,5.5013,-172.5209,0.533343
-37.7628,5.5013,-171.9440,0.533551
-37.2466,5.5013,-171.4248,0.533737
-36.6734,5.5013,-170.8480,0.533944
-36.1005,5.5013,-170.2713,0.534152
-35.6425,5.5013,-169.8100,0.534317
-35.1275,5.5013,-169.2911,0.534503
-34.5556,5.5013,-168.7146,0.534711
-34.0412,5.5013,-168.1958,0.534897
-33.4699,5.5013,-167.6194,0.535104
-32.8989,5.5013,-167.0432,0.535310
-32.3852,5.5013,-166.5248,0.535497
-31.8148,5.5013,-165.9488,0.535703
-31.2446,5.5013,-165.3730,0.535910
-30.7886,5.5013,-164.9125,0.536076
-30.2189,5.5013,-164.3370,0.536282
-29.6494,5.5013,-163.7617,0.536488
-29.1370,5.5013,-163.2441,0.536674
-28.5679,5.5013,-162.6691,0.536880
-27.9990,5.5013,-162.0944,0.537087
-27.4871,5.5013,-161.5774,0.537272
-26.9185,5.5013,-161.0031,0.537478
-26.3501,5.5013,-160.4290,0.537684
-25.8386,5.5013,-159.9126,0.537869
-25.2705,5.5013,-159.3390,0.538076
-24.7593,5.5013,-158.8229,0.538261
-24.1915,5.5013,-158.2498,0.538467
-23.6237,5.5013,-157.6768,0.538672
-23.1129,5.5013,-157.1615,0.538857
-22.5454,5.5013,-156.5890,0.539062
-22.0348,5.5013,-156.0740,0.539248
-21.4676,5.5013,-155.5021,0.539453
-20.9572,5.5013,-154.9875,0.539638
-20.3902,5.5013,-154.4161,0.539843
-19.8232,5.5013,-153.8449,0.540048
-19.3131,5.5013,-153.3311,0.540233
-18.7463,5.5013,-152.7604,0.540438
-18.2364,5.5013,-152.2471,0.540623
-17.6698,5.5013,-151.6770,0.540828
-17.1033,5.5013,-151.1071,0.541033
-16.5370,5.5013,-150.5375,0.541237
-16.0839,5.5013,-150.0820,0.541402
-15.6310,5.5013,-149.6267,0.541565
-15.0648,5.5013,-149.0578,0.541770
-14.4987,5.5013,-148.4892,0.541975
-14.0459,5.5013,-148.0345,0.542138
-13.4800,5.5013,-147.4664,0.542343
-12.9142,5.5013,-146.8986,0.542546
-12.4050,5.5013,-146.3878,0.542728
-11.8393,5.5013,-145.8204,0.542933
-11.2737,5.5013,-145.2534,0.543139
-10.7647,5.5013,-144.7433,0.543324
-10.2558,5.5013,-144.2334,0.543507
-9.6904,5.5013,-143.6671,0.543711
-9.1251,5.5013,-143.1010,0.543916
-8.6164,5.5013,-142.5918,0.544099
-8.0512,5.5013,-142.0263,0.544303
-7.4861,5.5013,-141.4610,0.544507
-6.9211,5.5013,-140.8960,0.544710
-6.4126,5.5013,-140.3878,0.544894
-5.8478,5.5013,-139.8233,0.545097
-5.2830,5.5013,-139.2590,0.545301
-4.7747,5.5013,-138.7515,0.545484
-4.2100,5.5013,-138.1877,0.545688
-3.6455,5.5013,-137.6243,0.545891
-3.0809,5.5013,-137.0611,0.546095
-2.6294,5.5013,-136.6107,0.546257
-2.0650,5.5013,-136.0480,0.546460
-1.5571,5.5013,-135.5417,0.546643
-0.9928,5.5013,-134.9795,0.546847
-0.4286,5.5013,-134.4175,0.547050
0.0791,5.5013,-133.9120,0.547232
0.6432,5.5013,-133.3504,0.547435
1.2071,5.5013,-132.7891,0.547639
1.7710,5.5013,-132.2280,0.547841
2.2783,5.5013,-131.7231,0.548024
2.7856,5.5013,-131.2184,0.548207
3.3491,5.5013,-130.6577,0.548409
3.7998,5.5013,-130.2092,0.548571
4.3630,5.5013,-129.6489,0.548773
4.9261,5.5013,-129.0886,0.548976
5.4890,5.5013,-128.5285,0.549179
5.9955,5.5013,-128.0246,0.549361
6.5580,5.5013,-127.4647,0.549564
7.0642,5.5013,-126.9610,0.549745
7.6265,5.5013,-126.4014,0.549948
8.1885,5.5013,-125.8418,0.550150
8.7503,5.5013,-125.2824,0.550352
9.3118,5.5013,-124.7233,0.550554
9.8728,5.5013,-124.1645,0.550756
10.3211,5.5013,-123.7178,0.550918
10.7690,5.5013,-123.2715,0.551079
11.2722,5.5013,-122.7698,0.551261
11.8304,5.5013,-122.2133,0.551461
12.3317,5.5013,-121.7133,0.551642
12.8317,5.5013,-121.2145,0.551822
13.3859,5.5013,-120.6616,0.552021
13.8833,5.5013,-120.1652,0.552200
14.4346,5.5013,-119.6151,0.552399
14.9294,5.5013,-119.1212,0.552577
15.4779,5.5013,-118.5740,0.552775
15.9703,5.5013,-118.0827,0.552952
16.4616,5.5013,-117.5926,0.553129
16.8973,5.5013,-117.1580,0.553286
17.4949,5.5013,-116.5620,0.553501
17.9826,5.5013,-116.0757,0.553677
18.5232,5.5013,-115.5368,0.553872
19.0086,5.5013,-115.0531,0.554046
19.4928,5.5013,-114.5706,0.554221
20.0296,5.5013,-114.0359,0.554414
20.5116,5.5013,-113.5560,0.554588
21.0457,5.5013,-113.0242,0.554780
21.5785,5.5013,-112.4941,0.554971
22.0037,5.5013,-112.0711,0.555124
22.4809,5.5013,-111.5966,0.555296
22.9041,5.5013,-111.1760,0.555448
23.4845,5.5013,-110.5996,0.555657
23.9580,5.5013,-110.1297,0.555827
24.4826,5.5013,-109.6095,0.556015
24.9012,5.5013,-109.1948,0.556166
25.4230,5.5013,-108.6783,0.556355
25.8912,5.5013,-108.2153,0.556519
26.3064,5.5013,-107.8052,0.556672
26.8239,5.5013,-107.2946,0.556855
27.2367,5.5013,-106.8878,0.557003
27.6999,5.5013,-106.4319,0.557169
28.1619,5.5013,-105.9779,0.557334
28.5715,5.5013,-105.5760,0.557480
29.0310,5.5013,-105.1256,0.557644
29.4893,5.5013,-104.6770,0.557809
29.8957,5.5013,-104.2799,0.557953
30.3516,5.5013,-103.8350,0.558116
30.8064,5.5013,-103.3919,0.558278
31.3102,5.5013,-102.9018,0.558457
31.8126,5.5013,-102.4141,0.558636
32.2634,5.5013,-101.9770,0.558796
32.7132,5.5013,-101.5417,0.558956
33.2120,5.5013,-101.0599,0.559133
33.7098,5.5013,-100.5798,0.559309
34.1571,5.5013,-100.1492,0.559468
34.6533,5.5013,-99.6723,0.559643
35.0992,5.5013,-99.2446,0.559802
35.5938,5.5013,-98.7708,0.559976
36.0383,5.5013,-98.3458,0.560133
36.5313,5.5013,-97.8751,0.560307
36.9743,5.5013,-97.4527,0.560463
37.4657,5.5013,-96.9850,0.560636
37.9562,5.5013,-96.5187,0.560809
38.3969,5.5013,-96.1004,0.560964
38.8857,5.5013,-95.6370,0.561135
39.3249,5.5013,-95.2213,0.561290
39.8120,5.5013,-94.7607,0.561461
40.2497,5.5013,-94.3475,0.561614
40.6866,5.5013,-93.9354,0.561768
41.1711,5.5013,-93.4787,0.561938
41.6063,5.5013,-93.0689,0.562090
42.0888,5.5013,-92.6147,0.562259
42.5704,5.5013,-92.1617,0.562430
43.0029,5.5013,-91.7552,0.562580
43.4824,5.5013,-91.3046,0.562748
43.9609,5.5013,-90.8553,0.562914
44.4383,5.5013,-90.4072,0.563081
44.9147,5.5014,-89.9603,0.563247
45.3900,5.5014,-89.5146,0.563414
45.7694,5.5014,-89.1588,0.563546
46.1481,5.5014,-88.8038,0.563678
46.5733,5.5014,-88.4052,0.563826
47.0446,5.5014,-87.9633,0.563991
47.5148,5.5014,-87.5226,0.564155
47.9369,5.5014,-87.1269,0.564302
48.4046,5.5014,-86.6884,0.564466
48.8711,5.5014,-86.2511,0.564629
49.3360,5.5014,-85.8152,0.564792
49.7994,5.5014,-85.3807,0.564954
50.2150,5.5014,-84.9909,0.565098
50.6292,5.5014,-84.6022,0.565244
51.0879,5.5014,-84.1718,0.565404
51.4535,5.5014,-83.8285,0.565532
51.9091,5.5015,-83.4007,0.565693
52.3630,5.5015,-82.9743,0.565852
52.8151,5.5015,-82.5494,0.566009
53.2207,5.5045,-82.1683,0.566149
53.6746,5.5068,-81.7515,0.566306
54.1220,5.5073,-81.3312,0.566462
54.5680,5.5077,-80.9123,0.566618
55.0126,5.5082,-80.4948,0.566773
55.4114,5.5086,-80.1200,0.566912
55.8089,5.5091,-79.7462,0.567052
56.2495,5.5096,-79.3317,0.567205
56.6011,5.5100,-79.0005,0.567329
57.0395,5.5104,-78.5869,0.567481
57.4766,5.5109,-78.1740,0.567635
57.8688,5.5113,-77.8030,0.567773
58.3029,5.5117,-77.3913,0.567925
58.7355,5.5121,-76.9800,0.568078
59.1665,5.5124,-76.5691,0.568230
59.5103,5.5127,-76.2408,0.568350
59.8956,5.5131,-75.8717,0.568484
60.3219,5.5135,-75.4625,0.568635
60.6615,5.5137,-75.1357,0.568753
60.9997,5.5140,-74.8096,0.568873
61.3783,5.5142,-74.4437,0.569008
61.7549,5.5144,-74.0788,0.569141
62.0879,5.5146,-73.7555,0.569258
62.5019,5.5148,-73.3528,0.569406
62.9132,5.5150,-72.9517,0.569553
63.3218,5.5150,-72.5522,0.569698
63.6877,5.5149,-72.1942,0.569828
64.0922,5.5150,-71.7983,0.569972
64.4943,5.5151,-71.4044,0.570115
64.8543,5.5153,-71.0515,0.570242
65.2124,5.5154,-70.7001,0.570370
65.5689,5.5155,-70.3503,0.570497
65.9628,5.5156,-69.9634,0.570638
66.2764,5.5157,-69.6552,0.570750
66.6277,5.5159,-69.3101,0.570875
66.9771,5.5161,-68.9664,0.571001
67.3634,5.5163,-68.5863,0.571137
67.7093,5.5165,-68.2458,0.571260
68.0916,5.5167,-67.8693,0.571395
68.4719,5.5169,-67.4947,0.571531
68.8503,5.5171,-67.1218,0.571666
69.1894,5.5173,-66.7875,0.571787
69.5648,5.5174,-66.4173,0.571922
69.9015,5.5176,-66.0852,0.572042
70.1999,5.5178,-65.7908,0.572149
70.5347,5.5179,-65.4604,0.572268
70.8315,5.5181,-65.1674,0.572373
71.1275,5.5182,-64.8751,0.572478
71.4967,5.5184,-64.5105,0.572609
71.8280,5.5186,-64.1831,0.572728
72.1585,5.5187,-63.8564,0.572845
72.5248,5.5189,-63.4943,0.572975
72.8901,5.5191,-63.1330,0.573105
73.2181,5.5192,-62.8085,0.573220
73.5816,5.5194,-62.4488,0.573350
73.9440,5.5195,-62.0899,0.573479
74.2694,5.5197,-61.7675,0.573594
74.6299,5.5198,-61.4103,0.573721
74.9531,5.5200,-61.0897,0.573836
75.2393,5.5201,-60.8058,0.573936
75.5597,5.5202,-60.4876,0.574050
75.9136,5.5203,-60.1359,0.574174
76.2302,5.5205,-59.8210,0.574286
76.5796,5.5206,-59.4732,0.574409
76.8918,5.5207,-59.1622,0.574518
77.2019,5.5208,-58.8531,0.574628
77.5098,5.5209,-58.5458,0.574734
77.8493,5.5210,-58.2067,0.574851
78.1526,5.5211,-57.9035,0.574956
78.5203,5.5211,-57.5354,0.575084
78.8187,5.5212,-57.2363,0.575186
79.1149,5.5213,-56.9390,0.575290
79.4090,5.5213,-56.6435,0.575390
79.6687,5.5214,-56.3822,0.575479
79.9915,5.5214,-56.0571,0.575588
80.2803,5.5214,-55.7656,0.575686
80.5359,5.5215,-55.5074,0.575772
80.8535,5.5214,-55.1854,0.575881
81.1695,5.5213,-54.8645,0.575987
81.4209,5.5212,-54.6085,0.576072
81.7335,5.5211,-54.2893,0.576177
82.0442,5.5210,-53.9710,0.576279
82.3222,5.5209,-53.6853,0.576374
82.5986,5.5208,-53.4002,0.576466
82.8731,5.5207,-53.1158,0.576560
83.1155,5.5206,-52.8635,0.576641
83.3862,5.5204,-52.5804,0.576729
83.6844,5.5202,-52.2665,0.576827
83.9209,5.5200,-52.0158,0.576907
84.1847,5.5198,-51.7342,0.576992
84.4172,5.5195,-51.4842,0.577070
84.6761,5.5193,-51.2031,0.577154
84.9040,5.5190,-50.9535,0.577230
85.1577,5.5186,-50.6727,0.577314
85.3808,5.5183,-50.4233,0.577387
85.6290,5.5178,-50.1426,0.577469
85.8469,5.5173,-49.8932,0.577542
86.0892,5.5166,-49.6125,0.577622
86.3282,5.5158,-49.3316,0.577703
86.5637,5.5150,-49.0504,0.577780
86.7702,5.5142,-48.8003,0.577850
86.9992,5.5132,-48.5186,0.577927
87.1996,5.5123,-48.2679,0.577997
87.4461,5.5111,-47.9543,0.578079
87.6640,5.5099,-47.6716,0.578153
87.8547,5.5088,-47.4200,0.578220
88.0658,5.5075,-47.1362,0.578295
88.2508,5.5062,-46.8831,0.578361
88.4558,5.5047,-46.5974,0.578434
88.6310,5.5013,-46.3381,0.578498
88.8304,5.5013,-46.0503,0.578573
89.0264,5.5013,-45.7607,0.578644
89.1977,5.5013,-45.5019,0.578708
89.3875,5.5013,-45.2094,0.578778
89.5538,5.5013,-44.9483,0.578843
89.7582,5.5012,-44.6208,0.578924
89.9187,5.5012,-44.3578,0.578987
90.0961,5.5012,-44.0608,0.579059
90.2512,5.5012,-43.7960,0.579124
90.4230,5.5012,-43.4972,0.579194
90.5733,5.5012,-43.2309,0.579254
90.7215,5.5012,-42.9641,0.579318
90.8855,5.5012,-42.6633,0.579390
91.0289,5.5012,-42.3953,0.579454
91.1875,5.5012,-42.0931,0.579527
91.3433,5.5012,-41.7902,0.579599
91.4794,5.5012,-41.5203,0.579661
91.6464,5.5012,-41.1822,0.579739
91.8099,5.5012,-40.8433,0.579820
91.9700,5.5012,-40.5036,0.579900
92.1265,5.5012,-40.1631,0.579982
92.2796,5.5012,-39.8218,0.580059
92.3996,5.5012,-39.5484,0.580124
92.5173,5.5012,-39.2744,0.580187
92.6614,5.5012,-38.9315,0.580270
92.8021,5.5012,-38.5879,0.580351
92.9257,5.5012,-38.2782,0.580422
93.0332,5.5012,-38.0025,0.580486
93.1515,5.5012,-37.6918,0.580559
93.2543,5.5012,-37.4153,0.580625
93.3796,5.5012,-37.0691,0.580705
93.4892,5.5012,-36.7571,0.580778
93.6075,5.5012,-36.4098,0.580857
93.7219,5.5012,-36.0618,0.580939
93.8107,5.5012,-35.7832,0.581001
93.8971,5.5010,-35.5040,0.581067
94.0016,5.5009,-35.1547,0.581148
94.0922,5.5008,-34.8400,0.581220
94.1702,5.5007,-34.5599,0.581284
94.2550,5.5006,-34.2446,0.581356
94.3276,5.5002,-33.9644,0.581419
94.4067,5.4999,-33.6486,0.581488
94.4744,5.4996,-33.3679,0.581555
94.5557,5.4993,-33.0169,0.581633
94.6330,5.4990,-32.6660,0.581710
94.7067,5.4982,-32.3149,0.581791
94.7769,5.4977,-31.9636,0.581864
94.8434,5.4973,-31.6124,0.581941
94.9060,5.4967,-31.2616,0.582020
94.9594,5.4959,-30.9457,0.582088
95.0153,5.4952,-30.5945,0.582165
95.0625,5.4947,-30.2789,0.582237
95.1018,5.4942,-29.9987,0.582298
95.1478,5.4930,-29.6483,0.582373
95.1864,5.4923,-29.3328,0.582438
95.2180,5.4918,-29.0528,0.582499
95.2473,5.4912,-28.7734,0.582562
95.2807,5.4900,-28.4238,0.582639
95.3079,5.4892,-28.1093,0.582708
95.3294,5.4887,-27.8302,0.582769
95.3485,5.4879,-27.5516,0.582828
95.3692,5.4868,-27.2030,0.582902
95.3847,5.4861,-26.8900,0.582975
95.3983,5.4854,-26.5429,0.583047
95.4083,5.4843,-26.1960,0.583125
95.4137,5.4837,-25.9186,0.583187
95.4168,5.4832,-25.6419,0.583244
95.4175,5.4825,-25.3313,0.583314
95.4154,5.4818,-25.0210,0.583381
95.4111,5.4812,-24.7455,0.583439
95.4026,5.4807,-24.4021,0.583514
95.3932,5.4803,-24.1279,0.583572
95.3784,5.4799,-23.7858,0.583645
95.3622,5.4796,-23.4787,0.583709
95.3456,5.4794,-23.2064,0.583769
95.3246,5.4792,-22.9009,0.583836
95.3011,5.4790,-22.5958,0.583903
95.2783,5.4792,-22.3257,0.583965
95.2505,5.4793,-22.0225,0.584031
95.2204,5.4794,-21.7202,0.584092
95.1880,5.4796,-21.4187,0.584158
95.1571,5.4799,-21.1508,0.584215
95.1204,5.4807,-20.8511,0.584277
95.0858,5.4812,-20.5853,0.584340
95.0448,5.4819,-20.2871,0.584402
95.0017,5.4825,-19.9898,0.584468
94.9613,5.4835,-19.7254,0.584528
94.9145,5.4849,-19.4299,0.584592
94.8655,5.4861,-19.1347,0.584657
94.8203,5.4872,-18.8728,0.584717
94.7676,5.4884,-18.5784,0.584780
94.7186,5.4904,-18.3165,0.584837
94.6619,5.4925,-18.0228,0.584905
94.6097,5.4943,-17.7620,0.584965
94.5489,5.4964,-17.4687,0.585034
94.4858,5.4987,-17.1753,0.585098
94.4282,5.5011,-16.9155,0.585160
94.3609,5.5046,-16.6224,0.585226
94.2842,5.5086,-16.2980,0.585303
94.2208,5.5118,-16.0388,0.585365
94.1558,5.5150,-15.7800,0.585426
94.0637,5.5194,-15.4245,0.585509
93.9947,5.5226,-15.1663,0.585570
93.9242,5.5258,-14.9086,0.585631
93.8428,5.5293,-14.6189,0.585698
93.7688,5.5325,-14.3620,0.585758
93.6836,5.5360,-14.0734,0.585826
93.5963,5.5396,-13.7853,0.585895
93.5072,5.5431,-13.4978,0.585961
93.4164,5.5467,-13.2111,0.586031
93.3340,5.5498,-12.9567,0.586094
93.2398,5.5532,-12.6713,0.586159
93.1438,5.5567,-12.3865,0.586229
93.0569,5.5598,-12.1339,0.586289
92.9464,5.5637,-11.8191,0.586363
92.8563,5.5668,-11.5678,0.586426
92.7533,5.5703,-11.2859,0.586491
92.6602,5.5733,-11.0358,0.586550
92.5536,5.5768,-10.7550,0.586621
92.4453,5.5802,-10.4750,0.586686
92.3474,5.5833,-10.2266,0.586745
92.2356,5.5867,-9.9478,0.586814
92.1220,5.5902,-9.6697,0.586881
92.0195,5.5932,-9.4231,0.586944
91.9024,5.5966,-9.1463,0.587011
91.7968,5.5996,-8.9009,0.587069
91.6764,5.6030,-8.6254,0.587135
91.5736,5.6108,-8.3776,0.587198
91.4500,5.6154,-8.1035,0.587264
91.3248,5.6199,-7.8300,0.587333
91.2123,5.6239,-7.5873,0.587393
91.0845,5.6284,-7.3146,0.587461
90.9552,5.6329,-7.0424,0.587530
90.8244,5.6373,-6.7706,0.587596
90.6920,5.6417,-6.4993,0.587665
90.5731,5.6456,-6.2584,0.587725
90.4378,5.6499,-5.9876,0.587794
90.3008,5.6542,-5.7173,0.587863
90.1776,5.6580,-5.4773,0.587925
90.0375,5.6622,-5.2078,0.587991
89.9116,5.6660,-4.9686,0.588052
89.7843,5.6697,-4.7298,0.588112
89.6397,5.6738,-4.4615,0.588179
89.4935,5.6778,-4.1939,0.588248
89.3622,5.6814,-3.9562,0.588309
89.2130,5.6853,-3.6893,0.588380
89.0624,5.6892,-3.4229,0.588448
88.9105,5.6930,-3.1569,0.588518
88.7573,5.6969,-2.8913,0.588585
88.6029,5.7007,-2.6260,0.588655
88.4475,5.7045,-2.3612,0.588724
88.2913,5.7083,-2.0965,0.588793
88.1515,5.7117,-1.8616,0.588855
87.9936,5.7155,-1.5974,0.588927
87.8349,5.7193,-1.3336,0.588994
87.6932,5.7226,-1.0990,0.589057
87.5332,5.7264,-0.8352,0.589127
87.3724,5.7301,-0.5712,0.589199
87.2289,5.7334,-0.3364,0.589262
87.0668,5.7372,-0.0720,0.589333
86.9039,5.7409,0.1927,0.589405
86.7583,5.7442,0.4282,0.589467
86.5937,5.7480,0.6934,0.589539
86.4282,5.7517,0.9591,0.589611
86.2616,5.7554,1.2251,0.589683
86.0941,5.7591,1.4915,0.589757
85.9255,5.7627,1.7581,0.589829
85.7562,5.7663,2.0251,0.589903
85.5860,5.7700,2.2926,0.589976
85.4341,5.7732,2.5308,0.590043
85.2625,5.7768,2.7992,0.590116
85.0904,5.7804,3.0683,0.590192
84.9177,5.7841,3.3381,0.590266
84.7636,5.7873,3.5786,0.590333
84.5897,5.7910,3.8499,0.590408
84.4151,5.7946,4.1222,0.590485
84.2592,5.7979,4.3651,0.590555
84.0833,5.8018,4.6391,0.590631
83.9065,5.8057,4.9140,0.590708
83.7487,5.8091,5.1590,0.590778
83.5704,5.8130,5.4354,0.590854
83.4110,5.8164,5.6816,0.590926
83.2311,5.8202,5.9597,0.591007
83.0705,5.8236,6.2076,0.591074
82.8890,5.8274,6.4874,0.591156
82.7270,5.8308,6.7368,0.591227
82.5438,5.8346,7.0182,0.591307
82.3803,5.8380,7.2692,0.591378
82.1954,5.8418,7.5523,0.591461
82.0096,5.8456,7.8363,0.591544
81.8436,5.8490,8.0895,0.591616
81.6559,5.8529,8.3751,0.591699
81.4883,5.8563,8.6298,0.591772
81.2989,5.8602,8.9170,0.591856
81.1086,5.8640,9.2052,0.591939
80.9386,5.8675,9.4620,0.592015
80.7467,5.8714,9.7521,0.592100
80.5752,5.8749,10.0104,0.592176
80.3813,5.8790,10.3018,0.592261
80.1863,5.8830,10.5940,0.592345
80.0122,5.8866,10.8544,0.592424
79.8153,5.8906,11.1481,0.592511
79.6394,5.8942,11.4099,0.592588
79.4405,5.8982,11.7051,0.592676
79.2629,5.9018,11.9682,0.592755
79.0621,5.9059,12.2649,0.592843
78.8603,5.9099,12.5623,0.592933
78.6575,5.9140,12.8607,0.593020
78.4764,5.9177,13.1265,0.593099
78.2717,5.9219,13.4262,0.593188
78.0889,5.9256,13.6933,0.593269
77.8824,5.9298,13.9945,0.593360
77.6979,5.9336,14.2629,0.593440
77.4894,5.9378,14.5656,0.593532
77.3032,5.9415,14.8352,0.593615
77.0928,5.9458,15.1393,0.593706
76.9050,5.9495,15.4102,0.593788
76.6691,5.9542,15.7498,0.593891
76.4558,5.9584,16.0561,0.593985
76.2416,5.9627,16.3632,0.594078
76.0264,5.9669,16.6711,0.594171
75.8103,5.9712,16.9798,0.594266
75.5933,5.9756,17.2895,0.594361
75.3996,5.9796,17.5652,0.594445
75.1809,5.9841,17.8762,0.594539
74.9857,5.9881,18.1533,0.594624
74.7653,5.9925,18.4657,0.594719
74.5685,5.9965,18.7441,0.594805
74.3711,6.0006,19.0232,0.594891
74.1481,6.0051,19.3378,0.594987
73.9243,6.0096,19.6533,0.595084
73.7246,6.0136,19.9343,0.595171
73.4990,6.0181,20.2512,0.595268
73.2726,6.0227,20.5690,0.595365
73.0706,6.0267,20.8521,0.595453
72.8426,6.0313,21.1713,0.595551
72.6135,6.0362,21.4915,0.595650
72.4093,6.0407,21.7767,0.595738
72.1787,6.0457,22.0982,0.595838
71.9473,6.0508,22.4204,0.595938
71.7409,6.0552,22.7076,0.596026
71.5080,6.0603,23.0314,0.596127
71.2749,6.0655,23.3567,0.596227
71.0668,6.0702,23.6460,0.596317
70.8320,6.0756,23.9723,0.596419
70.5966,6.0809,24.2995,0.596520
70.3869,6.0857,24.5912,0.596611
70.1503,6.0911,24.9202,0.596713
69.9131,6.0966,25.2501,0.596817
69.6703,6.0804,25.5778,0.596920
69.4324,6.0861,25.9097,0.597022
69.2212,6.0913,26.2061,0.597116
68.9823,6.0971,26.5401,0.597220
68.7697,6.1023,26.8376,0.597311
68.5292,6.1082,27.1728,0.597416
68.3154,6.1136,27.4716,0.597510
68.0745,6.1197,27.8093,0.597614
67.8596,6.1252,28.1105,0.597708
67.6169,6.1313,28.4502,0.597814
67.4002,6.1368,28.7525,0.597909
67.1554,6.1432,29.0930,0.598015
66.9100,6.1496,29.4341,0.598122
66.6639,6.1561,29.7762,0.598229
66.4174,6.1625,30.1194,0.598336
66.1978,6.1683,30.4252,0.598432
65.9500,6.1750,30.7702,0.598539
65.7294,6.1810,31.0773,0.598636
65.4807,6.1877,31.4237,0.598744
65.2593,6.1938,31.7324,0.598841
65.0099,6.2006,32.0807,0.598951
64.7877,6.2068,32.3915,0.599048
64.5097,6.2147,32.7810,0.599170
64.2589,6.2218,33.1328,0.599280
63.9797,6.2298,33.5250,0.599403
63.7277,6.2370,33.8792,0.599514
63.5033,6.2437,34.1950,0.599612
63.2504,6.2512,34.5513,0.599724
62.9970,6.2587,34.9087,0.599836
62.7429,6.2663,35.2673,0.599948
62.5166,6.2731,35.5871,0.600048
62.2614,6.2811,35.9478,0.600161
62.0340,6.2881,36.2696,0.600262
61.7775,6.2961,36.6327,0.600375
61.4917,6.3050,37.0378,0.600502
61.2049,6.3143,37.4446,0.600629
60.9750,6.3218,37.7711,0.600731
60.6868,6.3312,38.1807,0.600859
60.4267,6.3397,38.5507,0.600975
60.1948,6.3474,38.8809,0.601077
59.9334,6.3563,39.2534,0.601194
59.6713,6.3653,39.6273,0.601310
59.4377,6.3733,39.9607,0.601414
59.2036,6.3813,40.2952,0.601519
58.9395,6.3908,40.6730,0.601636
58.7042,6.3992,41.0098,0.601741
58.4389,6.4088,41.3899,0.601860
58.2025,6.4173,41.7289,0.601965
57.9358,6.4271,42.1118,0.602084
57.6983,6.4361,42.4531,0.602191
57.4305,6.4463,42.8383,0.602310
57.1919,6.4553,43.1819,0.602417
56.9227,6.4656,43.5698,0.602537
56.6530,6.4764,43.9590,0.602658
56.4128,6.4860,44.3060,0.602766
56.1419,6.4968,44.6978,0.602888
55.9004,6.5065,45.0473,0.602996
55.6283,6.5177,45.4416,0.603118
55.3555,6.5290,45.8372,0.603241
55.1125,6.5391,46.1902,0.603350
54.8384,6.5504,46.5884,0.603474
54.5331,6.5632,47.0326,0.603611
54.2882,6.5734,47.3891,0.603721
53.9813,6.5862,47.8362,0.603860
53.6734,6.5992,48.2850,0.603998
53.3646,6.6122,48.7354,0.604138
53.0859,6.6240,49.1422,0.604263
52.8065,6.6359,49.5502,0.604389
52.5264,6.6477,49.9596,0.604516
52.2767,6.6584,50.3246,0.604629
51.9950,6.6704,50.7364,0.604755
51.7125,6.6824,51.1494,0.604882
51.4607,6.6932,51.5177,0.604996
51.1450,6.7067,51.9793,0.605139
50.8601,6.7189,52.3961,0.605268
50.5426,6.7326,52.8607,0.605411
50.2879,6.7436,53.2334,0.605526
50.0006,6.7559,53.6539,0.605656
49.7447,6.7670,54.0288,0.605771
49.4561,6.7795,54.4517,0.605902
49.1989,6.7906,54.8286,0.606018
48.9090,6.8032,55.2539,0.606149
48.6184,6.8158,55.6804,0.606281
48.3595,6.8271,56.0607,0.606398
48.0352,6.8412,56.5374,0.606545
47.7426,6.8540,56.9678,0.606677
47.4819,6.8654,57.3514,0.606796
47.1552,6.8797,57.8324,0.606944
46.8278,6.8941,58.3149,0.607093
46.5323,6.9071,58.7506,0.607227
46.2691,6.9187,59.1388,0.607346
45.9392,6.9332,59.6256,0.607496
45.6084,6.9478,60.1139,0.607646
45.3099,6.9610,60.5547,0.607782
45.0107,6.9743,60.9967,0.607918
44.7107,6.9875,61.4399,0.608054
44.4435,6.9994,61.8349,0.608177
44.1757,7.0113,62.2309,0.608298
43.8737,7.0247,62.6775,0.608436
43.5373,7.0397,63.1752,0.608589
43.2676,7.0517,63.5745,0.608712
42.9635,7.0653,64.0247,0.608850
42.6586,7.0789,64.4761,0.608989
42.3871,7.0910,64.8785,0.609113
42.0809,7.1048,65.3323,0.609253
41.8082,7.1170,65.7366,0.609378
41.5349,7.1293,66.1419,0.609501
41.2269,7.1430,66.5990,0.609642
40.9525,7.1554,67.0063,0.609767
40.6087,7.1709,67.5167,0.609923
40.3330,7.1833,67.9261,0.610050
40.0223,7.1973,68.3879,0.610193
39.7108,7.2114,68.8508,0.610336
39.3987,7.2255,69.3149,0.610478
39.1207,7.2381,69.7284,0.610605
38.7724,7.2538,70.2467,0.610764
38.4931,7.2665,70.6623,0.610891
38.1783,7.2808,71.1309,0.611035
37.8277,7.2967,71.6531,0.611194
37.4762,7.3127,72.1766,0.611356
37.1591,7.3272,72.6490,0.611503
36.8765,7.3401,73.0698,0.611632
36.5580,7.3545,73.5444,0.611777
36.2387,7.3691,74.0201,0.611924
35.9543,7.3821,74.4437,0.612054
35.6335,7.3968,74.9214,0.612202
35.2763,7.4130,75.4536,0.612365
34.9898,7.4262,75.8802,0.612495
34.6668,7.4410,76.3612,0.612643
34.3790,7.4542,76.7896,0.612777
34.0186,7.4706,77.3264,0.612943
33.6933,7.4855,77.8106,0.613091
33.4035,7.4989,78.2419,0.613225
33.0767,7.5139,78.7280,0.613373
32.7855,7.5271,79.1612,0.613507
32.4572,7.5422,79.6493,0.613657
32.1280,7.5574,80.1385,0.613808
31.8347,7.5709,80.5741,0.613942
31.4673,7.5876,81.1199,0.614112
31.0988,7.6046,81.6668,0.614280
30.7662,7.6199,82.1601,0.614431
30.3959,7.6369,82.7092,0.614599
30.0989,7.6505,83.1497,0.614737
29.8012,7.6642,83.5908,0.614873
29.4655,7.6797,84.0879,0.615029
29.0916,7.6968,84.6413,0.615199
28.7543,7.7123,85.1407,0.615353
28.4537,7.7261,85.5852,0.615492
28.1148,7.7418,86.0862,0.615646
27.8130,7.7556,86.5323,0.615784
27.4726,7.7712,87.0353,0.615941
27.1693,7.7852,87.4831,0.616078
26.8654,7.7992,87.9316,0.616217
26.4847,7.8166,88.4931,0.616392
26.1795,7.8306,88.9434,0.616533
25.7971,7.8483,89.5071,0.616705
25.4138,7.8659,90.0718,0.616882
25.0683,7.8817,90.5808,0.617039
24.7606,7.8958,91.0342,0.617179
24.4139,7.9118,91.5448,0.617339
24.0667,7.9279,92.0562,0.617497
23.7190,7.9437,92.5683,0.617655
23.3708,7.9598,93.0814,0.617814
23.0607,7.9741,93.5379,0.617957
22.6726,7.9920,94.1095,0.618133
22.2839,8.0097,94.6820,0.618311
21.9725,8.0241,95.1407,0.618453
21.5826,8.0421,95.7149,0.618631
21.1921,8.0601,96.2899,0.618810
20.8009,8.0780,96.8661,0.618988
20.4092,8.0961,97.4431,0.619167
20.0560,8.1125,97.9632,0.619327
19.6631,8.1304,98.5421,0.619507
19.2695,8.1486,99.1218,0.619685
18.8753,8.1668,99.7024,0.619866
18.5200,8.1831,100.2257,0.620027
18.1247,8.2013,100.8083,0.620208
17.8080,8.2160,101.2749,0.620354
17.4115,8.2343,101.8590,0.620535
17.0145,8.2524,102.4439,0.620716
16.6168,8.2708,103.0301,0.620898
16.2584,8.2874,103.5582,0.621061
15.8597,8.3057,104.1457,0.621243
15.4603,8.3240,104.7345,0.621425
15.1003,8.3407,105.2650,0.621589
14.7399,8.3574,105.7963,0.621753
14.2987,8.3775,106.4466,0.621955
13.9775,8.3924,106.9202,0.622101
13.5753,8.4110,107.5130,0.622284
13.1728,8.4294,108.1064,0.622468
12.7698,8.4479,108.7008,0.622651
12.3665,8.4666,109.2955,0.622835
11.9629,8.4851,109.8907,0.623019
11.5994,8.5018,110.4271,0.623185
11.1952,8.5205,111.0236,0.623368
10.7909,8.5392,111.6205,0.623553
10.4268,8.5557,112.1585,0.623718
10.1030,8.5707,112.6370,0.623866
9.7386,8.5876,113.1757,0.624033
9.4146,8.6025,113.6548,0.624180
9.0499,8.6192,114.1945,0.624347
8.6446,8.6380,114.7946,0.624531
8.2797,8.6548,115.3350,0.624697
7.8741,8.6733,115.9362,0.624883
7.4684,8.6922,116.5379,0.625068
7.0627,8.7109,117.1400,0.625253
6.7381,8.7257,117.6222,0.625403
6.3324,8.7445,118.2257,0.625588
5.9674,8.7615,118.7692,0.625755
5.5621,8.7801,119.3737,0.625940
5.2379,8.7952,119.8581,0.626089
4.8734,8.8122,120.4034,0.626256
4.5496,8.8271,120.8885,0.626406
4.1855,8.8440,121.4351,0.626574
3.8620,8.8591,121.9213,0.626723
3.4579,8.8780,122.5297,0.626909
3.0540,8.8967,123.1392,0.627096
2.6504,8.9157,123.7493,0.627282
2.2874,8.9327,124.2990,0.627451
1.9246,8.9496,124.8495,0.627620
1.5218,8.9685,125.4619,0.627807
1.1193,8.9874,126.0751,0.627994
0.7975,9.0025,126.5663,0.628144
0.4758,9.0178,127.0580,0.628294
0.1141,9.0348,127.6116,0.628463
-0.2475,9.0518,128.1661,0.628632
-0.6491,9.0709,128.7827,0.628820
-1.0104,9.0880,129.3383,0.628989
-1.4116,9.1070,129.9564,0.629178
-1.8126,9.1261,130.5753,0.629364
-2.2133,9.1450,131.1949,0.629553
-2.6139,9.1641,131.8152,0.629743
-2.9341,9.1794,132.3119,0.629893
-3.2942,9.1965,132.8714,0.630062
-3.6941,9.2157,133.4938,0.630252
-4.0937,9.2347,134.1168,0.630442
-4.4133,9.2501,134.6158,0.630593
-4.7726,9.2674,135.1778,0.630764
-5.1316,9.2845,135.7403,0.630934
-5.5303,9.3038,136.3661,0.631123
-5.9288,9.3229,136.9926,0.631313
-6.3270,9.3421,137.6198,0.631502
-6.7249,9.3613,138.2478,0.631692
-7.1225,9.3806,138.8766,0.631882
-7.4405,9.3960,139.3801,0.632034
-7.8376,9.4152,140.0101,0.632224
-8.1551,9.4307,140.5147,0.632377
-8.5120,9.4481,141.0830,0.632549
-8.8291,9.4635,141.5886,0.632701
-9.1856,9.4809,142.1581,0.632873
-9.5418,9.4984,142.7281,0.633044
-9.9373,9.5177,143.3621,0.633233
-10.3325,9.5371,143.9969,0.633427
-10.6484,9.5527,144.5053,0.633577
-11.0430,9.5721,145.1415,0.633770
-11.4373,9.5916,145.7784,0.633962
-11.7913,9.6079,146.3513,0.634134
-12.1460,9.6208,146.9252,0.634306
-12.4611,9.6322,147.4366,0.634460
-12.8152,9.6451,148.0126,0.634633
-13.1302,9.6569,148.5250,0.634786
-13.4682,9.6764,149.1136,0.634959
-13.8203,9.6957,149.6912,0.635131
-14.1724,9.7150,150.2693,0.635304
-14.5675,9.7436,150.9172,0.635498
-14.8865,9.7685,151.4227,0.635652
-15.2010,9.7879,151.9375,0.635804
-15.5559,9.8096,152.5170,0.635979
-15.9515,9.8337,153.1611,0.636172
-16.3469,9.8578,153.8051,0.636364
-16.7017,9.8795,154.3850,0.636538
-17.0968,9.9046,155.0309,0.636730
-17.4520,9.9302,155.6103,0.636904
-17.8062,9.9550,156.1921,0.637078
-18.1999,9.9825,156.8386,0.637271
-18.5151,10.0045,157.3559,0.637424
-18.8731,10.0320,157.9429,0.637599
-19.2305,10.0623,158.5189,0.637773
-19.5851,10.0895,159.1017,0.637948
-19.9781,10.1197,159.7492,0.638141
-20.3314,10.1470,160.3330,0.638315
-20.7257,10.1792,160.9834,0.638510
-21.1194,10.2116,161.6341,0.638703
-21.4748,10.2410,162.2196,0.638877
-21.7911,10.2680,162.7373,0.639032
-22.1482,10.2983,163.3198,0.639206
-22.4667,10.3258,163.8383,0.639362
-22.8250,10.3571,164.4217,0.639538
-23.1836,10.3887,165.0056,0.639711
-23.5026,10.4173,165.5248,0.639867
-23.8618,10.4505,166.1076,0.640042
-24.1816,10.4798,166.6255,0.640197
-24.5420,10.5128,167.2078,0.640372
-24.9431,10.5495,167.8544,0.640565
-25.3446,10.5861,168.5006,0.640759
-25.6662,10.6154,169.0173,0.640914
-26.0283,10.6484,169.5982,0.641088
-26.3505,10.6779,170.1140,0.641244
-26.7134,10.7109,170.6939,0.641418
-27.0362,10.7403,171.2089,0.641572
-27.3996,10.7734,171.7880,0.641747
-27.7632,10.8064,172.3667,0.641921
-28.0865,10.8358,172.8809,0.642075
-28.4501,10.8688,173.4590,0.642250
-28.8540,10.9043,174.1007,0.642443
-29.2582,10.9395,174.7426,0.642637
-29.6624,10.9747,175.3843,0.642831
-30.0665,11.0100,176.0258,0.643024
-30.4302,11.0417,176.6029,0.643198
-30.7939,11.0734,177.1798,0.643372
-31.1170,11.1011,177.6924,0.643527
-31.5210,11.1357,178.3333,0.643721
-31.9248,11.1703,178.9741,0.643914
-32.3286,11.2049,179.6148,0.644104
-32.7322,11.2395,180.2553,0.644297
-33.0549,11.2671,180.7676,0.644453
-33.4582,11.3017,181.4080,0.644648
-33.8612,11.3361,182.0483,0.644841
-34.2640,11.3702,182.6887,0.645034
-34.6263,11.4010,183.2650,0.645209
-35.0285,11.4352,183.9055,0.645401
-35.4303,11.4694,184.5459,0.645594
-35.8318,11.5036,185.1863,0.645787
-36.1928,11.5344,185.7627,0.645961
-36.5935,11.5685,186.4032,0.646154
-36.9538,11.5992,186.9797,0.646328
-37.3537,11.6331,187.6204,0.646520
-37.6733,11.6602,188.1331,0.646675
-38.0723,11.6942,188.7740,0.646867
-38.4709,11.7281,189.4151,0.647060
-38.8690,11.7621,190.0563,0.647253
-39.2667,11.7960,190.6976,0.647446
-39.5844,11.8232,191.2108,0.647599
-39.9812,11.8570,191.8523,0.647794
-40.3774,11.8907,192.4941,0.647988
-40.7337,11.9210,193.0719,0.648161
-41.1291,11.9547,193.7139,0.648353
-41.5240,11.9884,194.3562,0.648543
-41.8397,12.0153,194.8700,0.648698
-42.1945,12.0456,195.4482,0.648871
-42.5097,12.0726,195.9623,0.649025
-42.9032,12.1057,196.6047,0.649217
-43.2968,12.1384,197.2475,0.649410
-43.6902,12.1711,197.8903,0.649603
-44.0440,12.2005,198.4689,0.649776
-44.4370,12.2332,199.1118,0.649967
-44.7512,12.2588,199.6258,0.650122
-45.1047,12.2874,200.2044,0.650294
-45.4188,12.3129,200.7187,0.650449
-45.8110,12.3447,201.3611,0.650640
-46.2028,12.3765,202.0030,0.650832
-46.5940,12.4082,202.6442,0.651025
-46.9066,12.4334,203.1565,0.651178
-47.2967,12.4649,203.7963,0.651369
-47.6863,12.4963,204.4351,0.651560
-48.0363,12.5245,205.0092,0.651732
-48.3858,12.5527,205.5825,0.651903
-48.7347,12.5809,206.1550,0.652074
-49.1217,12.6121,206.7900,0.652264
-49.5079,12.6434,207.4239,0.652454
-49.8546,12.6715,207.9933,0.652622
-50.2006,12.6997,208.5613,0.652793
-50.5457,12.7277,209.1280,0.652963
-50.8518,12.7526,209.6306,0.653114
-51.1953,12.7806,210.1947,0.653282
-51.4998,12.8053,210.6948,0.653433
-51.8794,12.8362,211.3184,0.653617
-52.2578,12.8675,211.9400,0.653803
-52.6351,12.8987,212.5596,0.653988
-52.9361,12.9236,213.0540,0.654136
-53.3114,12.9546,213.6702,0.654318
-53.6483,12.9824,214.2233,0.654485
-54.0215,13.0133,214.8360,0.654668
-54.3936,13.0440,215.4469,0.654851
-54.7647,13.0750,216.0561,0.655032
-55.1345,13.1063,216.6633,0.655213
-55.5032,13.1377,217.2685,0.655394
-55.7974,13.1626,217.7514,0.655539
-56.1643,13.1938,218.3533,0.655719
-56.5300,13.2248,218.9534,0.655897
-56.8947,13.2558,219.5516,0.656076
-57.2220,13.2836,220.0885,0.656237
-57.5849,13.3147,220.6836,0.656415
-57.9103,13.3434,221.2174,0.656575
-58.2709,13.3752,221.8086,0.656751
-58.6304,13.4069,222.3980,0.656928
-58.9889,13.4385,222.9856,0.657103
-59.2750,13.4637,223.4544,0.657242
-59.5960,13.4920,223.9804,0.657400
-59.8807,13.5171,224.4468,0.657543
-60.2357,13.5484,225.0282,0.657714
-60.5900,13.5810,225.6080,0.657888
-60.9076,13.6104,226.1280,0.658042
-61.2597,13.6430,226.7038,0.658214
-61.6107,13.6755,227.2778,0.658386
-61.9608,13.7080,227.8500,0.658557
-62.2751,13.7371,228.3634,0.658710
-62.6233,13.7693,228.9323,0.658881
-62.9012,13.7950,229.3860,0.659016
-63.2476,13.8268,229.9514,0.659186
-63.5587,13.8553,230.4588,0.659338
-63.8345,13.8805,230.9086,0.659472
-64.1783,13.9120,231.4693,0.659640
-64.5213,13.9434,232.0282,0.659807
-64.8291,13.9716,232.5297,0.659957
-65.1360,13.9989,233.0294,0.660108
-65.4423,14.0260,233.5281,0.660256
-65.7818,14.0560,234.0805,0.660422
-66.1203,14.0859,234.6313,0.660587
-66.4241,14.1127,235.1255,0.660737
-66.7608,14.1425,235.6729,0.660900
-67.0295,14.1662,236.1095,0.661032
-67.3311,14.1928,236.5995,0.661178
-67.5984,14.2163,237.0337,0.661308
-67.8986,14.2424,237.5210,0.661452
-68.2311,14.2712,238.0608,0.661613
-68.5626,14.3000,238.5987,0.661776
-68.8931,14.3287,239.1348,0.661936
-69.1897,14.3545,239.6157,0.662082
-69.5182,14.3830,240.1483,0.662240
-69.8457,14.4114,240.6790,0.662399
-70.1720,14.4397,241.2079,0.662558
-70.4972,14.4679,241.7350,0.662714
-70.8213,14.4958,242.2602,0.662874
-71.1441,14.5235,242.7835,0.663031
-71.4016,14.5457,243.2008,0.663157
-71.6902,14.5705,243.6687,0.663296
-71.9778,14.5952,244.1350,0.663436
-72.2644,14.6198,244.5997,0.663575
-72.5815,14.6471,245.1140,0.663729
-72.8972,14.6743,245.6262,0.663882
-73.1488,14.6959,246.0345,0.664005
-73.4620,14.7229,246.5430,0.664157
-73.7737,14.7497,247.0494,0.664308
-74.0838,14.7762,247.5535,0.664459
-74.3615,14.8001,248.0055,0.664595
-74.6072,14.8211,248.4057,0.664715
-74.9129,14.8474,248.9039,0.664865
-75.1562,14.8683,249.3008,0.664983
-75.4287,14.8917,249.7456,0.665117
-75.7300,14.9177,250.2377,0.665264
-76.0297,14.9435,250.7276,0.665412
-76.3279,14.9691,251.2151,0.665556
-76.6245,14.9947,251.7004,0.665701
-76.8902,15.0175,252.1352,0.665830
-77.1841,15.0428,252.6162,0.665974
-77.4181,15.0630,252.9994,0.666089
-77.6803,15.0855,253.4289,0.666216
-77.9415,15.1080,253.8569,0.666345
-78.1729,15.1279,254.2363,0.666459
-78.4036,15.1478,254.6146,0.666572
-78.6623,15.1701,255.0390,0.666700
-78.9487,15.1948,255.5090,0.666839
-79.2341,15.2193,255.9776,0.666980
-79.4897,15.2401,256.3975,0.667106
-79.7733,15.2629,256.8634,0.667243
-80.0559,15.2855,257.3278,0.667382
-80.3374,15.3081,257.7908,0.667520
-80.5619,15.3261,258.1599,0.667630
-80.8416,15.3485,258.6201,0.667768
-81.1204,15.3708,259.0788,0.667904
-81.3978,15.3930,259.5354,0.668040
-81.6746,15.4140,259.9915,0.668176
-81.9229,15.4330,260.4005,0.668298
-82.1705,15.4519,260.8084,0.668420
-82.3901,15.4687,261.1702,0.668527
-82.6637,15.4896,261.6212,0.668661
-82.9366,15.5105,262.0710,0.668796
-83.2087,15.5313,262.5195,0.668929
-83.4799,15.5520,262.9667,0.669062
-83.7500,15.5727,263.4131,0.669194
-83.9658,15.5894,263.7690,0.669301
-84.2348,15.6102,264.2127,0.669432
-84.4762,15.6289,264.6111,0.669551
-84.6903,15.6455,264.9643,0.669654
-84.9306,15.6641,265.3607,0.669772
-85.1437,15.6806,265.7122,0.669875
-85.3827,15.6992,266.1068,0.669992
-85.6212,15.7177,266.5004,0.670109
-85.8854,15.7385,266.9364,0.670239
-86.1479,15.7601,267.3722,0.670368
-86.4106,15.7818,267.8057,0.670495
-86.6726,15.8033,268.2380,0.670623
-86.9339,15.8248,268.6691,0.670750
-87.1947,15.8463,269.0990,0.670876
-87.4549,15.8677,269.5275,0.671003
-87.6627,15.8847,269.8694,0.671104
-87.9220,15.9060,270.2955,0.671231
-88.1549,15.9250,270.6779,0.671342
-88.3874,15.9441,271.0595,0.671454
-88.6454,15.9652,271.4828,0.671580
-88.8774,15.9842,271.8634,0.671692
-89.1094,16.0032,272.2437,0.671804
-89.3414,16.0222,272.6239,0.671917
-89.5471,16.0398,272.9623,0.672017
-89.8047,16.0622,273.3843,0.672141
-90.0625,16.0846,273.8060,0.672264
-90.3205,16.1071,274.2278,0.672389
-90.5529,16.1273,274.6075,0.672500
-90.7598,16.1452,274.9452,0.672600
-90.9928,16.1654,275.3253,0.672710
-91.2257,16.1855,275.7061,0.672820
-91.4337,16.2038,276.0445,0.672918
-91.6945,16.2267,276.4679,0.673042
-91.9301,16.2473,276.8496,0.673155
-92.1402,16.2656,277.1893,0.673254
-92.3774,16.2863,277.5719,0.673366
-92.6416,16.3089,277.9966,0.673491
-92.8804,16.3278,278.3817,0.673604
-93.0947,16.3452,278.7236,0.673704
-93.3099,16.3627,279.0663,0.673803
-93.5531,16.3824,279.4527,0.673914
-93.7704,16.3999,279.7970,0.674017
-94.0160,16.4197,280.1848,0.674130
-94.2353,16.4373,280.5303,0.674231
-94.4834,16.4571,280.9197,0.674343
-94.7330,16.4770,281.3101,0.674459
-94.9561,16.4946,281.6577,0.674560
-95.2084,16.5145,282.0494,0.674673
-95.4904,16.5367,282.4856,0.674800
-95.7173,16.5545,282.8351,0.674904
-95.9453,16.5722,283.1852,0.675005
-96.2321,16.5945,283.6236,0.675135
-96.5201,16.6161,284.0618,0.675263
-96.7813,16.6340,284.4581,0.675379
-97.0727,16.6545,284.9000,0.675508
-97.3075,16.6710,285.2536,0.675612
-97.5732,16.6896,285.6521,0.675728
-97.8404,16.7081,286.0511,0.675846
-98.0793,16.7246,286.4062,0.675949
-98.3796,16.7453,286.8508,0.676081
-98.6517,16.7639,287.2517,0.676201
-98.8949,16.7804,287.6084,0.676300
-99.2005,16.8011,288.0544,0.676431
-99.4767,16.8196,288.4554,0.676552
-99.7540,16.8381,288.8554,0.676668
-100.0013,16.8545,289.2102,0.676776
-100.2800,16.8724,289.6079,0.676892
-100.5284,16.8882,289.9602,0.677000
-100.8083,16.9059,290.3549,0.677114
-101.0890,16.9235,290.7477,0.677229
-101.3394,16.9389,291.0952,0.677332
-101.6219,16.9562,291.4843,0.677451
-101.9053,16.9733,291.8716,0.677560
-102.1897,16.9904,292.2568,0.677675
-102.5066,17.0091,292.6823,0.677804
-102.7925,17.0305,293.0631,0.677916
-103.0480,17.0454,293.3996,0.678016
-103.3688,17.0639,293.8176,0.678143
-103.6902,17.0825,294.2333,0.678269
-103.9483,17.0976,294.5642,0.678369
-104.2397,17.1142,294.9333,0.678482
-104.5321,17.1307,295.3006,0.678592
-104.7929,17.1452,295.6252,0.678692
-105.0874,17.1616,295.9888,0.678800
-105.3497,17.1767,296.3096,0.678900
-105.6461,17.1934,296.6675,0.679010
-105.9766,17.2112,297.0631,0.679132
-106.2421,17.2253,297.3776,0.679227
-106.5421,17.2421,297.7297,0.679337
-106.8097,17.2570,298.0399,0.679437
-107.1122,17.2734,298.3856,0.679545
-107.3821,17.2872,298.6914,0.679637
-107.6874,17.3035,299.0337,0.679745
-107.9596,17.3182,299.3352,0.679841
-108.2674,17.3346,299.6716,0.679948
-108.5422,17.3490,299.9683,0.680045
-108.8534,17.3648,300.2992,0.680146
-109.1658,17.3814,300.6281,0.680257
-109.4451,17.3960,300.9184,0.680348
-109.7616,17.4124,301.2428,0.680456
-110.1154,17.4306,301.6011,0.680571
-110.4716,17.4479,301.9561,0.680688
-110.8312,17.4636,302.3105,0.680807
-111.1210,17.4761,302.5928,0.680902
-111.4128,17.4886,302.8737,0.680997
-111.7437,17.5025,303.1879,0.681101
-112.0773,17.5163,303.5001,0.681209
-112.3761,17.5284,303.7756,0.681306
-112.7151,17.5411,304.0844,0.681414
-113.0187,17.5524,304.3574,0.681507
-113.3628,17.5652,304.6623,0.681616
-113.7100,17.5776,304.9656,0.681722
-114.0596,17.5899,305.2657,0.681832
-114.3731,17.6007,305.5314,0.681928
-114.7275,17.6128,305.8271,0.682036
-115.1247,17.6261,306.1533,0.682155
-115.5239,17.6391,306.4752,0.682274
-115.8457,17.6497,306.7307,0.682368
-116.1685,17.6599,306.9828,0.682463
-116.5344,17.6715,307.2646,0.682566
-116.8605,17.6818,307.5115,0.682657
-117.2712,17.6946,307.8177,0.682774
-117.6421,17.7061,308.0890,0.682873
-117.9740,17.7161,308.3283,0.682968
-118.3484,17.7278,308.5936,0.683069
-118.7254,17.7389,308.8566,0.683172
-119.1033,17.7507,309.1154,0.683270
-119.4411,17.7604,309.3432,0.683361
-119.8656,17.7738,309.6247,0.683479
-120.2927,17.7860,309.9029,0.683592
-120.6356,17.7970,310.1224,0.683681
-121.0227,17.8082,310.3659,0.683789
-121.4128,17.8204,310.6077,0.683887
-121.8037,17.8320,310.8455,0.683996
-122.1539,17.8428,311.0555,0.684087
-122.5483,17.8551,311.2878,0.684189
-122.9018,17.8655,311.4929,0.684285
-123.3002,17.8785,311.7203,0.684387
-123.6555,17.8889,311.9194,0.684480
-124.0582,17.9021,312.1420,0.684585
-124.5063,17.9159,312.3845,0.684703
-124.9128,17.9293,312.6009,0.684812
-125.3195,17.9423,312.8132,0.684909
-125.7293,17.9556,313.0239,0.685023
-126.1848,17.9709,313.2533,0.685141
-126.5521,17.9828,313.4354,0.685230
-126.9656,17.9973,313.6370,0.685341
-127.3338,18.0090,313.8131,0.685434
-127.7510,18.0241,314.0101,0.685544
-128.1214,18.0370,314.1818,0.685639
-128.5413,18.0517,314.3737,0.685747
-128.9612,18.0671,314.5625,0.685852
-129.3829,18.0819,314.7487,0.685960
-129.8054,18.0980,314.9323,0.686067
-130.2768,18.1150,315.1335,0.686186
-130.7018,18.1317,315.3118,0.686292
-131.1748,18.1493,315.5063,0.686412
-131.6038,18.1666,315.6799,0.686521
-131.9849,18.1819,315.8315,0.686612
-132.4631,18.2007,316.0182,0.686737
-132.8463,18.2167,316.1653,0.686832
-133.2791,18.2339,316.3283,0.686940
-133.7605,18.2547,316.5067,0.687062
-134.1457,18.2706,316.6464,0.687165
-134.5826,18.2896,316.8026,0.687274
-135.0188,18.3089,316.9555,0.687384
-135.4078,18.3255,317.0891,0.687487
-135.8939,18.3477,317.2531,0.687613
-136.3325,18.3668,317.3976,0.687726
-136.7220,18.3852,317.5237,0.687827
-137.2078,18.4078,317.6776,0.687951
-137.6960,18.4304,317.8287,0.688075
-138.0849,18.4493,317.9466,0.688180
-138.5226,18.4694,318.0760,0.688292
-139.0078,18.4936,318.2166,0.688411
-139.4913,18.5167,318.3528,0.688543
-139.8804,18.5362,318.4600,0.688637
-140.3157,18.5584,318.5773,0.688751
-140.7030,18.5768,318.6788,0.688845
-141.1373,18.5996,318.7905,0.688955
-141.5230,18.6198,318.8872,0.689052
-141.9570,18.6411,318.9930,0.689162
-142.3417,18.6618,319.0849,0.689251
-142.7246,18.6820,319.1740,0.689355
-143.1582,18.7039,319.2723,0.689456
-143.6371,18.7302,319.3781,0.689586
-144.0661,18.7523,319.4697,0.689689
-144.4499,18.7730,319.5495,0.689783
-144.8787,18.7971,319.6365,0.689889
-145.3054,18.8192,319.7206,0.690001
-145.7345,18.8430,319.8027,0.690109
-146.1605,18.8675,319.8825,0.690211
-146.5843,18.8894,319.9597,0.690325
-147.0102,18.9137,320.0354,0.690434
-147.3860,18.9358,320.1010,0.690529
-147.8065,18.9580,320.1726,0.690636
-148.2290,18.9821,320.2429,0.690742
-148.6016,19.0044,320.3041,0.690838
-149.0186,19.0272,320.3712,0.690946
-149.4374,19.0505,320.4371,0.691045
-149.8056,19.0719,320.4946,0.691139
-150.2676,19.0985,320.5648,0.691254
-150.6811,19.1231,320.6265,0.691363
-151.0934,19.1475,320.6867,0.691462
-151.5045,19.1717,320.7455,0.691565
-151.8683,19.1930,320.7968,0.691655
-152.2769,19.2161,320.8531,0.691759
-152.6839,19.2392,320.9085,0.691858
-153.0892,19.2621,320.9628,0.691961
-153.4480,19.2824,321.0102,0.692051
-153.8497,19.3047,321.0630,0.692151
-154.2499,19.3264,321.1150,0.692247
-154.6044,19.3455,321.1609,0.692335
-155.0016,19.3668,321.2122,0.692434
-155.3533,19.3857,321.2576,0.692522
-155.7472,19.4070,321.3083,0.692629
-156.1386,19.4268,321.3585,0.692725
-156.4857,19.4445,321.4033,0.692813
-156.8748,19.4642,321.4537,0.692911
-157.2632,19.4840,321.5042,0.693010
-157.6480,19.5037,321.5547,0.693107
-158.0329,19.5225,321.6059,0.693205
-158.3740,19.5392,321.6513,0.693287
-158.7569,19.5579,321.7027,0.693387
-159.0963,19.5745,321.7484,0.693474
-159.5189,19.5952,321.8054,0.693579
-159.8984,19.6134,321.8574,0.693677
-160.2349,19.6298,321.9043,0.693762
-160.6124,19.6481,321.9565,0.693859
-160.9878,19.6658,322.0083,0.693957
-161.3221,19.6817,322.0554,0.694044
-161.6960,19.6997,322.1090,0.694134
-162.0687,19.7177,322.1632,0.694231
-162.3988,19.7336,322.2119,0.694312
-162.7679,19.7504,322.2668,0.694410
-163.1379,19.7669,322.3236,0.694509
-163.5051,19.7848,322.3823,0.694601
-163.8708,19.8027,322.4423,0.694693
-164.1946,19.8186,322.4966,0.694780
-164.5563,19.8350,322.5578,0.694873
-164.8779,19.8489,322.6143,0.694957
-165.2405,19.8652,322.6796,0.695054
-165.5596,19.8817,322.7394,0.695132
-165.9165,19.9002,322.8078,0.695227
-166.2330,19.9158,322.8698,0.695307
-166.5879,19.9333,322.9405,0.695405
-166.9408,19.9496,323.0126,0.695495
-167.2538,19.9636,323.0776,0.695574
-167.6055,19.9782,323.1531,0.695668
-167.9557,19.9929,323.2303,0.695759
-168.2655,20.0058,323.3002,0.695843
-168.6124,20.0197,323.3795,0.695936
-168.9973,20.0339,323.4695,0.696040
-169.3039,20.0453,323.5430,0.696118
-169.6479,20.0580,323.6271,0.696213
-169.9528,20.0695,323.7031,0.696290
-170.2937,20.0812,323.7892,0.696382
-170.5964,20.0916,323.8673,0.696463
-170.9341,20.1110,323.9788,0.696554
-171.2707,20.1277,324.0687,0.696644
-171.5699,20.1417,324.1501,0.696724
-171.9025,20.1566,324.2402,0.696815
-172.2414,20.1716,324.3336,0.696904
-172.5387,20.1858,324.4174,0.696985
-172.9089,20.2004,324.5215,0.697085
-173.2048,20.2134,324.6072,0.697166
-173.5368,20.2279,324.7041,0.697255
-173.8322,20.2413,324.7909,0.697333
-174.1994,20.2577,324.8990,0.697431
-174.6037,20.2743,325.0196,0.697542
-174.8952,20.2859,325.1066,0.697621
-175.2648,20.2988,325.2193,0.697720
-175.5935,20.3140,325.3214,0.697811
-175.8820,20.3229,325.4100,0.697889
-176.2124,20.3361,325.5138,0.697977
-176.5022,20.3484,325.6056,0.698058
-176.8293,20.3616,325.7107,0.698144
-177.1186,20.3746,325.8049,0.698223
-177.4079,20.3883,325.9005,0.698303
-177.7317,20.4039,326.0083,0.698391
-178.0904,20.4202,326.1279,0.698489
-178.4497,20.4351,326.2497,0.698590
-178.8080,20.4523,326.3710,0.698686
-179.0945,20.4633,326.4706,0.698764
-179.4546,20.4794,326.5968,0.698864
-179.7751,20.4937,326.7097,0.698952
-180.0620,20.5063,326.8123,0.699029
-180.3835,20.5220,326.9287,0.699119
-180.6691,20.5363,327.0332,0.699198
-180.9900,20.5522,327.1518,0.699286
-181.3473,20.5703,327.2854,0.699385
-181.7045,20.5887,327.4201,0.699484
-181.9894,20.6033,327.5275,0.699562
-182.3113,20.6181,327.6509,0.699653
-182.6703,20.6354,327.7901,0.699750
-182.9925,20.6512,327.9160,0.699840
-183.3156,20.6666,328.0438,0.699929
-183.6046,20.6822,328.1592,0.700009
-183.9290,20.7000,328.2898,0.700101
-184.2174,20.7158,328.4069,0.700180
-184.5441,20.7331,328.5415,0.700273
-184.8345,20.7497,328.6617,0.700353
-185.1618,20.7680,328.7982,0.700446
-185.5275,20.7893,328.9528,0.700548
-185.8196,20.8063,329.0768,0.700631
-186.1496,20.8251,329.2183,0.700722
-186.4805,20.8440,329.3614,0.700815
-186.8492,20.8652,329.5224,0.700921
-187.2183,20.8863,329.6852,0.701026
-187.5921,20.8863,329.8435,0.701129
-187.9263,20.9042,329.9942,0.701224
-188.2240,20.9201,330.1298,0.701307
-188.5590,20.9380,330.2843,0.701406
-188.9309,20.9582,330.4591,0.701511
-189.2284,20.9745,330.6000,0.701596
-189.5636,20.9929,330.7597,0.701693
-189.8612,21.0092,330.9033,0.701777
-190.2335,21.0298,331.0848,0.701886
-190.5325,21.0465,331.2319,0.701971
-190.9069,21.0675,331.4171,0.702079
-191.2817,21.0886,331.6037,0.702188
-191.6568,21.1097,331.7919,0.702296
-191.9572,21.1267,331.9440,0.702383
-192.2952,21.1460,332.1166,0.702482
-192.6335,21.1654,332.2910,0.702582
-192.9720,21.1848,332.4671,0.702677
-193.2731,21.2021,332.6249,0.702766
-193.6120,21.2216,332.8039,0.702866
-193.9512,21.2413,332.9845,0.702965
-194.2529,21.2589,333.1463,0.703053
-194.5926,21.2787,333.3299,0.703154
-194.8949,21.2963,333.4943,0.703243
-195.2729,21.3184,333.7016,0.703354
-195.6514,21.3406,333.9108,0.703466
-195.9922,21.3606,334.1006,0.703567
-196.3712,21.3830,334.3133,0.703680
-196.7505,21.4054,334.5279,0.703792
-197.1300,21.4279,334.7443,0.703904
-197.4339,21.4459,334.9189,0.703996
-197.8521,21.4709,335.1608,0.704122
-198.1563,21.4891,335.3381,0.704212
-198.4989,21.5096,335.5390,0.704315
-198.8416,21.5301,335.7413,0.704418
-199.1845,21.5506,335.9454,0.704520
-199.5657,21.5736,336.1737,0.704638
-199.9472,21.5966,336.4039,0.704750
-200.3290,21.6197,336.6359,0.704865
-200.6345,21.6381,336.8228,0.704958
-201.0167,21.6613,337.0582,0.705074
-201.3609,21.6823,337.2715,0.705178
-201.6672,21.7010,337.4622,0.705273
-202.0120,21.7220,337.6781,0.705377
-202.3186,21.7408,337.8711,0.705470
-202.6640,21.7617,338.0894,0.705577
-203.0097,21.7829,338.3092,0.705681
-203.3557,21.8041,338.5303,0.705786
-203.7019,21.8253,338.7526,0.705893
-204.0099,21.8443,338.9513,0.705989
-204.3950,21.8678,339.2011,0.706107
-204.7803,21.8915,339.4530,0.706225
-205.1273,21.9130,339.6810,0.706332
-205.4743,21.9345,339.9104,0.706440
-205.8216,21.9561,340.1411,0.706549
-206.1302,21.9751,340.3472,0.706644
-206.4777,21.9965,340.5807,0.706751
-206.8637,22.0205,340.8414,0.706872
-207.2110,22.0422,341.0774,0.706981
-207.5196,22.0615,341.2882,0.707076
-207.8280,22.0807,341.5000,0.707173
-208.1752,22.1021,341.7398,0.707282
-208.5607,22.1262,342.0075,0.707403
-208.9076,22.1480,342.2499,0.707511
-209.2929,22.1722,342.5207,0.707633
-209.6779,22.1962,342.7930,0.707755
-210.0246,22.2178,343.0397,0.707865
-210.3326,22.2371,343.2599,0.707963
-210.6791,22.2589,343.5089,0.708071
-210.9870,22.2782,343.7313,0.708170
-211.3335,22.3001,343.9825,0.708281
-211.6799,22.3216,344.2351,0.708391
-211.9879,22.3410,344.4604,0.708490
-212.3345,22.3628,344.7151,0.708600
-212.6425,22.3822,344.9424,0.708697
-212.9893,22.4041,345.1991,0.708811
-213.2975,22.4233,345.4280,0.708908
-213.6446,22.4451,345.6870,0.709021
-213.9532,22.4646,345.9177,0.709120
-214.3391,22.4889,346.2072,0.709242
-214.6480,22.5084,346.4397,0.709343
-214.9954,22.5301,346.7020,0.709454
-215.3818,22.5543,346.9951,0.709578
-215.7684,22.5786,347.2890,0.709703
-216.0777,22.5981,347.5250,0.709803
-216.4258,22.6200,347.7915,0.709916
-216.7351,22.6392,348.0292,0.710016
-217.0833,22.6610,348.2975,0.710130
-217.4704,22.6852,348.5966,0.710256
-217.7801,22.7047,348.8368,0.710357
-218.1670,22.7289,349.1380,0.710482
-218.5545,22.7529,349.4408,0.710608
-218.9419,22.7771,349.7445,0.710735
-219.2519,22.7964,349.9883,0.710836
-219.6395,22.8206,350.2942,0.710963
-219.9492,22.8397,350.5398,0.711064
-220.2981,22.8612,350.8170,0.711179
-220.6081,22.8804,351.0643,0.711280
-220.9567,22.9020,351.3435,0.711395
-221.3050,22.9235,351.6239,0.711510
-221.6920,22.9472,351.9368,0.711637
-222.0015,22.9662,352.1880,0.711740
-222.3883,22.9900,352.5034,0.711868
-222.7745,23.0137,352.8204,0.711996
-223.1609,23.0371,353.1387,0.712125
-223.5470,23.0607,353.4585,0.712253
-223.8558,23.0795,353.7154,0.712356
-224.1641,23.0981,353.9733,0.712460
-224.5497,23.1213,354.2969,0.712588
-224.8966,23.1421,354.5893,0.712705
-225.2042,23.1607,354.8498,0.712808
-225.5507,23.1806,355.1446,0.712925
-225.9355,23.2029,355.4735,0.713055
-226.3199,23.2252,355.8038,0.713184
-226.7043,23.2483,356.1363,0.713314
-227.0877,23.2723,356.4697,0.713445
-227.4323,23.2939,356.7709,0.713562
-227.7767,23.3155,357.0732,0.713679
-228.1593,23.3404,357.4110,0.713810
-228.5410,23.3657,357.7500,0.713941
-228.8842,23.3884,358.0564,0.714058
-229.2652,23.4137,358.3984,0.714190
-229.6075,23.4373,358.7075,0.714308
-229.9114,23.4583,358.9831,0.714413
-230.2530,23.4820,359.2943,0.714532
-230.6320,23.5083,359.6414,0.714663
-230.9728,23.5326,359.9555,0.714782
-231.3131,23.5571,360.2705,0.714901
-231.6528,23.5816,360.5867,0.715020
-231.9923,23.6061,360.9041,0.715139
-232.3688,23.6333,361.2581,0.715271
-232.7449,23.6607,361.6136,0.715404
-233.1205,23.6882,361.9706,0.715537
-233.4581,23.7129,362.2932,0.715656
-233.7952,23.7379,362.6172,0.715776
-234.0944,23.7602,362.9059,0.715883
-234.4306,23.7853,363.2318,0.716002
-234.7664,23.8105,363.5589,0.716123
-235.1387,23.8381,363.9238,0.716256
-235.5108,23.8659,364.2901,0.716391
-235.8824,23.8937,364.6578,0.716524
-236.2532,23.9214,365.0266,0.716659
-236.5498,23.9432,365.3232,0.716766
-236.9202,23.9707,365.6948,0.716901
-237.2163,23.9927,365.9930,0.717008
-237.5859,24.0202,366.3665,0.717143
-237.9186,24.0442,366.7043,0.717264
-238.2143,24.0657,367.0051,0.717372
-238.6205,24.0954,367.4198,0.717521
-238.9158,24.1170,367.7224,0.717629
-239.2843,24.1429,368.1014,0.717764
-239.6530,24.1690,368.4818,0.717900
-240.0214,24.1952,368.8634,0.718035
-240.3889,24.2208,369.2454,0.718171
-240.6832,24.2402,369.5524,0.718281
-241.0510,24.2645,369.9372,0.718417
-241.4186,24.2892,370.3234,0.718553
-241.7123,24.3091,370.6331,0.718662
-242.0792,24.3340,371.0210,0.718799
-242.4457,24.3590,371.4101,0.718935
-242.7754,24.3816,371.7612,0.719059
-243.0684,24.4016,372.0741,0.719168
-243.4345,24.4269,372.4663,0.719305
-243.8002,24.4523,372.8595,0.719443
-244.1656,24.4777,373.2538,0.719581
-244.5309,24.5032,373.6493,0.719719
-244.8958,24.5288,374.0457,0.719857
-245.2241,24.5519,374.4034,0.719981
-245.5522,24.5750,374.7620,0.720105
-245.9166,24.6009,375.1616,0.720243
-246.2080,24.6217,375.4819,0.720354
-246.5355,24.6451,375.8430,0.720479
-246.8265,24.6660,376.1647,0.720590
-247.1902,24.6921,376.5678,0.720729
-247.5173,24.7156,376.9314,0.720854
-247.8805,24.7418,377.3364,0.720993
-248.1709,24.7628,377.6611,0.721104
-248.5338,24.7891,378.0680,0.721244
-248.8964,24.8155,378.4758,0.721384
-249.2226,24.8393,378.8437,0.721509
-249.5848,24.8658,379.2534,0.721649
-249.9469,24.8923,379.6640,0.721789
-250.3086,24.9189,380.0757,0.721929
-250.6702,24.9455,380.4884,0.722070
-250.9593,24.9668,380.8192,0.722182
-251.3205,24.9935,381.2337,0.722323
-251.6453,25.0177,381.6075,0.722449
-252.0060,25.0445,382.0238,0.722590
-252.3303,25.0687,382.3994,0.722717
-252.6905,25.0957,382.8176,0.722859
-253.0505,25.1227,383.2368,0.723000
-253.3383,25.1443,383.5728,0.723113
-253.6979,25.1714,383.9938,0.723255
-254.0575,25.1986,384.4156,0.723397
-254.3813,25.2230,384.7961,0.723526
-254.6692,25.2448,385.1347,0.723639
-254.9933,25.2694,385.5162,0.723767
-255.2816,25.2913,385.8557,0.723880
-255.5701,25.3131,386.1956,0.723994
-255.8949,25.3378,386.5786,0.724122
-256.2560,25.3653,387.0046,0.724264
-256.5811,25.3901,387.3885,0.724393
-256.9426,25.4177,387.8157,0.724536
-257.3043,25.4454,388.2435,0.724679
-257.5936,25.4676,388.5862,0.724794
-257.9554,25.4954,389.0151,0.724937
-258.2812,25.5204,389.4015,0.725065
-258.6430,25.5482,389.8314,0.725210
-258.9323,25.5706,390.1755,0.725325
-259.2574,25.5957,390.5626,0.725455
-259.5460,25.6180,390.9067,0.725569
-259.8701,25.6431,391.2939,0.725699
-260.1579,25.6654,391.6380,0.725813
-260.5169,25.6933,392.0680,0.725956
-260.8394,25.7184,392.4550,0.726084
-261.1614,25.7435,392.8419,0.726213
-261.4744,25.7704,393.2196,0.726341
-261.7600,25.7968,393.5793,0.726456
-262.1151,25.8258,394.0090,0.726600
-262.3987,25.8489,394.3527,0.726714
-262.7526,25.8778,394.7827,0.726856
-263.1053,25.9072,395.2123,0.726997
-263.4222,25.9335,395.5988,0.727124
-263.7029,25.9574,395.9420,0.727238
-264.0175,25.9846,396.3283,0.727367
-264.3315,26.0115,396.7139,0.727494
-264.6443,26.0377,397.0983,0.727620
-264.9216,26.0613,397.4406,0.727733
-265.2313,26.0918,397.8308,0.727859
-265.5367,26.1204,398.2109,0.727985
-265.8784,26.1473,398.6300,0.728124
-266.2210,26.1761,399.0570,0.728264
-266.5252,26.2033,399.4385,0.728388
-266.7941,26.2274,399.7766,0.728499
-267.0956,26.2544,400.1565,0.728622
-267.4293,26.2844,400.5779,0.728760
-267.6951,26.3084,400.9144,0.728869
-267.9595,26.3327,401.2505,0.728979
-268.2560,26.3596,401.6279,0.729102
-268.5840,26.3895,402.0466,0.729237
-268.9103,26.4197,402.4643,0.729373
-269.2346,26.4503,402.8814,0.729508
-269.5255,26.4771,403.2560,0.729628
-269.8149,26.5045,403.6301,0.729749
-270.1352,26.5345,404.0453,0.729883
-270.4533,26.5644,404.4587,0.730016
-270.7387,26.5904,404.8302,0.730136
-271.0550,26.6200,405.2433,0.730267
-271.3374,26.6476,405.6145,0.730386
-271.5869,26.6717,405.9426,0.730492
-271.8670,26.6980,406.3119,0.730610
-272.1461,26.7244,406.6806,0.730725
-272.4545,26.7540,407.0901,0.730856
-272.7306,26.7808,407.4574,0.730971
-273.0054,26.8074,407.8242,0.731086
-273.2791,26.8337,408.1900,0.731203
-273.5213,26.8572,408.5152,0.731304
-273.8222,26.8865,408.9200,0.731429
-274.0619,26.9096,409.2429,0.731532
-274.3302,26.9351,409.6054,0.731643
-274.5968,26.9615,409.9687,0.731758
-274.8318,26.9850,410.2880,0.731855
-275.0956,27.0109,410.6476,0.731968
-275.3580,27.0367,411.0054,0.732075
-275.6191,27.0625,411.3628,0.732186
-275.8788,27.0882,411.7180,0.732294
-276.1088,27.1107,412.0331,0.732391
-276.3666,27.1362,412.3864,0.732501
-276.6239,27.1612,412.7386,0.732607
-276.8521,27.1836,413.0512,0.732705
-277.1082,27.2087,413.4018,0.732810
-277.3918,27.2365,413.7900,0.732926
-277.6751,27.2634,414.1772,0.733043
-277.9016,27.2849,414.4861,0.733138
-278.1553,27.3093,414.8328,0.733242
-278.3798,27.3314,415.1403,0.733334
-278.6326,27.3555,415.4849,0.733436
-278.8848,27.3795,415.8286,0.733539
-279.1086,27.4008,416.1334,0.733629
-279.3599,27.4248,416.4752,0.733731
-279.5828,27.4459,416.7782,0.733821
-279.8336,27.4695,417.1179,0.733922
-280.0560,27.4903,417.4191,0.734009
-280.3140,27.5093,417.7523,0.734109
-280.5367,27.5307,418.0515,0.734198
-280.7881,27.5548,418.3868,0.734297
-281.0406,27.5789,418.7205,0.734394
-281.2652,27.5998,419.0155,0.734480
-281.5192,27.6234,419.3452,0.734577
-281.7741,27.6469,419.6731,0.734675
-282.0300,27.6703,419.9990,0.734773
-282.2583,27.6911,420.2872,0.734855
-282.5156,27.7137,420.6099,0.734952
-282.7742,27.7368,420.9303,0.735045
-283.0048,27.7572,421.2133,0.735130
-283.2653,27.7800,421.5295,0.735224
-283.4980,27.8002,421.8088,0.735307
-283.7897,27.8242,422.1560,0.735413
-284.0248,27.8441,422.4319,0.735495
-284.2908,27.8665,422.7404,0.735587
-284.5587,27.8887,423.0471,0.735679
-284.7986,27.9084,423.3179,0.735764
-285.0699,27.9294,423.6204,0.735855
-285.3435,27.9505,423.9225,0.735944
-285.5884,27.9698,424.1884,0.736024
-285.8661,27.9913,424.4855,0.736118
-286.1461,28.0128,424.7801,0.736211
-286.4282,28.0335,425.0719,0.736300
-286.7445,28.0558,425.3941,0.736402
-287.0634,28.0781,425.7145,0.736507
-287.3853,28.1012,426.0307,0.736605
-287.7103,28.1240,426.3434,0.736703
-287.9723,28.1416,426.5905,0.736784
-288.2364,28.1586,426.8362,0.736866
-288.5692,28.1797,427.1402,0.736963
-288.9050,28.2006,427.4406,0.737064
-289.2098,28.2195,427.7083,0.737154
-289.4830,28.2366,427.9425,0.737234
-289.7922,28.2548,428.2026,0.737322
-290.0691,28.2707,428.4316,0.737406
-290.3827,28.2883,428.6866,0.737489
-290.7337,28.3077,428.9661,0.737592
-291.0515,28.3248,429.2145,0.737679
-291.4077,28.3432,429.4859,0.737774
-291.7293,28.3570,429.7256,0.737868
-292.0169,28.3682,429.9367,0.737943
-292.3786,28.3820,430.1985,0.738038
-292.7062,28.3942,430.4309,0.738126
-293.0729,28.4076,430.6852,0.738226
-293.3681,28.4181,430.8857,0.738297
-293.7393,28.4310,431.1327,0.738396
-294.0760,28.4437,431.3520,0.738481
-294.3765,28.4543,431.5440,0.738557
-294.7165,28.4659,431.7567,0.738645
-295.0202,28.4761,431.9429,0.738717
-295.4018,28.4886,432.1719,0.738816
-295.7086,28.4984,432.3522,0.738889
-296.0948,28.5112,432.5743,0.738990
-296.4824,28.5242,432.7912,0.739083
-296.7943,28.5339,432.9621,0.739162
-297.1859,28.5458,433.1720,0.739254
-297.5399,28.5564,433.3575,0.739343
-297.8558,28.5656,433.5197,0.739411
-298.2133,28.5764,433.6992,0.739502
-298.5720,28.5875,433.8746,0.739588
-298.8920,28.5969,434.0272,0.739664
-299.2537,28.6070,434.1962,0.739751
-299.5762,28.6159,434.3437,0.739823
-299.9807,28.6267,434.5243,0.739921
-300.3469,28.6369,434.6836,0.740011
-300.7549,28.6484,434.8558,0.740107
-301.1645,28.6594,435.0232,0.740196
-301.5346,28.6688,435.1706,0.740283
-301.9472,28.6791,435.3305,0.740383
-302.2787,28.6873,435.4557,0.740461
-302.6523,28.6970,435.5929,0.740551
-303.0689,28.7076,435.7407,0.740644
-303.4031,28.7157,435.8556,0.740715
-303.7804,28.7245,435.9817,0.740808
-304.2006,28.7341,436.1180,0.740900
-304.5802,28.7430,436.2372,0.740987
-305.0028,28.7529,436.3650,0.741077
-305.3842,28.7616,436.4760,0.741166
-305.7665,28.7700,436.5833,0.741253
-306.1497,28.7781,436.6873,0.741336
-306.4915,28.7852,436.7771,0.741416
-306.9191,28.7946,436.8851,0.741514
-307.3478,28.8037,436.9883,0.741605
-307.7343,28.8116,437.0773,0.741687
-308.0786,28.8185,437.1534,0.741763
-308.4665,28.8260,437.2358,0.741846
-308.8123,28.8330,437.3061,0.741919
-309.2448,28.8416,437.3897,0.742010
-309.6780,28.8499,437.4687,0.742101
-310.1120,28.8580,437.5431,0.742191
-310.5466,28.8658,437.6132,0.742283
-310.9822,28.8740,437.6790,0.742375
-311.4180,28.8820,437.7401,0.742466
-311.7671,28.8882,437.7855,0.742538
-312.2038,28.8957,437.8383,0.742629
-312.5535,28.9016,437.8773,0.742699
-312.9914,28.9092,437.9222,0.742788
-313.3855,28.9160,437.9586,0.742869
-313.7360,28.9219,437.9877,0.742941
-314.1306,28.9283,438.0171,0.743023
-314.5253,28.9345,438.0428,0.743107
-314.9645,28.9417,438.0672,0.743189
-315.4035,28.9489,438.0869,0.743281
-315.8425,28.9558,438.1020,0.743373
-316.2378,28.9618,438.1117,0.743452
-316.6770,28.9683,438.1183,0.743539
-317.0727,28.9745,438.1204,0.743614
-317.4678,28.9807,438.1188,0.743695
-317.9068,28.9873,438.1124,0.743780
-318.3456,28.9937,438.1017,0.743869
-318.7403,28.9992,438.0882,0.743943
-319.1353,29.0052,438.0711,0.744023
-319.5736,29.0118,438.0477,0.744106
-320.0114,29.0182,438.0196,0.744194
-320.4490,29.0243,437.9872,0.744279
-320.8423,29.0296,437.9542,0.744361
-321.2797,29.0362,437.9132,0.744439
-321.6723,29.0420,437.8724,0.744521
-322.1080,29.0481,437.8226,0.744606
-322.5431,29.0540,437.7686,0.744693
-322.9783,29.0598,437.7100,0.744776
-323.3254,29.0651,437.6600,0.744843
-323.7153,29.0709,437.6002,0.744919
-324.1479,29.0769,437.5294,0.745010
-324.5365,29.0822,437.4621,0.745086
-324.9683,29.0878,437.3830,0.745176
-325.3984,29.0945,437.2996,0.745260
-325.7848,29.1002,437.2206,0.745340
-326.2130,29.1063,437.1285,0.745421
-326.5975,29.1115,437.0420,0.745506
-326.9821,29.1166,436.9519,0.745575
-327.3651,29.1227,436.8584,0.745658
-327.7046,29.1279,436.7722,0.745728
-328.0857,29.1336,436.6717,0.745807
-328.4236,29.1384,436.5795,0.745880
-328.8027,29.1435,436.4725,0.745955
-329.1399,29.1485,436.3741,0.746025
-329.5172,29.1547,436.2603,0.746104
-329.9349,29.1613,436.1293,0.746191
-330.2681,29.1663,436.0214,0.746256
-330.6831,29.1722,435.8826,0.746343
-331.0978,29.1782,435.7391,0.746427
-331.4276,29.1839,435.6214,0.746493
-331.7974,29.1901,435.4854,0.746572
-332.1248,29.1954,435.3615,0.746647
-332.4917,29.2009,435.2186,0.746717
-332.8169,29.2056,435.0887,0.746790
-333.1824,29.2113,434.9386,0.746864
-333.5454,29.2179,434.7853,0.746947
-333.8665,29.2235,434.6456,0.747014
-334.2659,29.2301,434.4667,0.747097
-334.6237,29.2356,434.3018,0.747177
-335.0195,29.2414,434.1143,0.747266
-335.4140,29.2486,433.9211,0.747348
-335.7268,29.2544,433.7633,0.747417
-336.0381,29.2599,433.6023,0.747482
-336.3861,29.2656,433.4177,0.747561
-336.7707,29.2716,433.2083,0.747646
-337.1148,29.2768,433.0160,0.747724
-337.4197,29.2827,432.8408,0.747790
-337.7592,29.2893,432.6408,0.747864
-338.0588,29.2948,432.4597,0.747929
-338.3939,29.3005,432.2527,0.748005
-338.7268,29.3059,432.0422,0.748080
-339.0210,29.3105,431.8521,0.748149
-339.3503,29.3165,431.6336,0.748223
-339.6399,29.3224,431.4368,0.748289
-339.9629,29.3287,431.2115,0.748363
-340.2834,29.3344,430.9824,0.748440
-340.6012,29.3398,430.7495,0.748513
-340.9162,29.3449,430.5127,0.748582
-341.1942,29.3492,430.2975,0.748649
-341.5023,29.3557,430.0522,0.748718
-341.8062,29.3616,429.8025,0.748797
-342.0730,29.3663,429.5770,0.748862
-342.3694,29.3713,429.3198,0.748935
-342.6617,29.3758,429.0589,0.749006
-342.9494,29.3800,428.7939,0.749072
-343.2329,29.3841,428.5237,0.749144
-343.4799,29.3889,428.2809,0.749212
-343.7527,29.3936,428.0040,0.749276
-344.0209,29.3977,427.7234,0.749349
-344.2553,29.4010,427.4713,0.749410
-344.4858,29.4040,427.2165,0.749478
-344.7403,29.4069,426.9264,0.749550
-344.9897,29.4099,426.6315,0.749620
-345.2058,29.4136,426.3675,0.749683
-345.4438,29.4168,426.0670,0.749752
-345.6767,29.4197,425.7635,0.749821
-345.8795,29.4219,425.4916,0.749876
-346.1027,29.4240,425.1830,0.749951
-346.3203,29.4257,424.8716,0.750018
-346.5326,29.4275,424.5561,0.750086
-346.7157,29.4299,424.2744,0.750150
-346.9168,29.4319,423.9546,0.750211
-347.1133,29.4336,423.6321,0.750284
-347.3054,29.4349,423.3073,0.750353
-347.4929,29.4359,422.9800,0.750420
-347.6758,29.4365,422.6503,0.750494
-347.8545,29.4377,422.3168,0.750557
-348.0278,29.4392,421.9825,0.750630
-348.1971,29.4403,421.6459,0.750691
-348.3624,29.4411,421.3075,0.750762
-348.5240,29.4416,420.9672,0.750831
-348.6817,29.4418,420.6249,0.750898
-348.8352,29.4418,420.2807,0.750965
-348.9681,29.4427,419.9720,0.751028
-349.1132,29.4435,419.6240,0.751098
-349.2541,29.4439,419.2741,0.751170
-349.3759,29.4441,418.9616,0.751233
-349.5093,29.4440,418.6083,0.751295
-349.6242,29.4436,418.2928,0.751363
-349.7494,29.4430,417.9361,0.751434
-349.8700,29.4434,417.5767,0.751504
-349.9859,29.4434,417.2166,0.751572
-350.0851,29.4432,416.8953,0.751640
-350.1927,29.4427,416.5326,0.751709
-350.2962,29.4418,416.1687,0.751776
-350.3951,29.4407,415.8035,0.751850
-350.4894,29.4398,415.4362,0.751921
-350.5788,29.4393,415.0685,0.751996
-350.6542,29.4386,414.7408,0.752058
-350.7349,29.4375,414.3713,0.752128
-350.8112,29.4361,414.0008,0.752201
-350.8829,29.4345,413.6295,0.752272
-350.9499,29.4325,413.2576,0.752345
-351.0052,29.4313,412.9258,0.752409
-351.0625,29.4299,412.5529,0.752482
-351.1148,29.4282,412.1798,0.752556
-351.1623,29.4262,411.8068,0.752627
-351.2095,29.4236,411.3923,0.752706
-351.2466,29.4209,411.0195,0.752777
-351.2784,29.4182,410.6461,0.752851
-351.3050,29.4159,410.2738,0.752922
-351.3264,29.4134,409.9019,0.752995
-351.3430,29.4105,409.5305,0.753072
-351.3537,29.4077,409.2008,0.753138
-351.3613,29.4042,408.8304,0.753209
-351.3639,29.4004,408.4608,0.753281
-351.3616,29.3971,408.0911,0.753354
-351.3544,29.3937,407.7231,0.753427
-351.3424,29.3900,407.3558,0.753499
-351.3260,29.3861,406.9895,0.753573
-351.3052,29.3818,406.6239,0.753641
-351.2799,29.3773,406.2593,0.753718
-351.2500,29.3727,405.8947,0.753787
-351.2114,29.3680,405.4914,0.753867
-351.1720,29.3635,405.1294,0.753943
-351.1282,29.3587,404.7684,0.754016
-351.0802,29.3537,404.4084,0.754091
-351.0280,29.3484,404.0493,0.754163
-350.9781,29.3434,403.7311,0.754230
-350.9178,29.3381,403.3737,0.754302
-350.8533,29.3328,403.0180,0.754378
-350.7845,29.3273,402.6635,0.754455
-350.7117,29.3214,402.3102,0.754528
-350.6350,29.3154,401.9583,0.754602
-350.5542,29.3091,401.6075,0.754679
-350.4597,29.3019,401.2190,0.754760
-350.3703,29.2958,400.8713,0.754839
-350.2770,29.2893,400.5251,0.754910
-350.1799,29.2827,400.1803,0.754986
-350.0792,29.2758,399.8370,0.755066
-349.9750,29.2688,399.4952,0.755140
-349.8550,29.2607,399.1170,0.755226
-349.7432,29.2535,398.7776,0.755307
-349.6280,29.2463,398.4397,0.755384
-349.5094,29.2389,398.1029,0.755462
-349.3877,29.2313,397.7672,0.755540
-349.2629,29.2235,397.4323,0.755620
-349.1205,29.2147,397.0612,0.755708
-348.9890,29.2066,396.7282,0.755788
-348.8544,29.1987,396.3963,0.755868
-348.7167,29.1905,396.0655,0.755951
-348.5602,29.1813,395.6991,0.756037
-348.4163,29.1728,395.3703,0.756122
-348.2699,29.1642,395.0423,0.756202
-348.1208,29.1555,394.7152,0.756285
-347.9691,29.1468,394.3889,0.756366
-347.8147,29.1380,394.0636,0.756448
-347.6578,29.1290,393.7390,0.756529
-347.4983,29.1199,393.4153,0.756614
-347.3360,29.1106,393.0924,0.756697
-347.1712,29.1014,392.7701,0.756782
-347.0034,29.0920,392.4489,0.756864
-346.8329,29.0825,392.1286,0.756948
-346.6790,29.0739,391.8446,0.757025
-346.5032,29.0641,391.5260,0.757108
-346.3048,29.0529,391.1731,0.757202
-346.1234,29.0430,390.8563,0.757289
-345.9599,29.0340,390.5758,0.757364
-345.7733,29.0238,390.2614,0.757450
-345.5841,29.0134,389.9481,0.757535
-345.3922,29.0028,389.6360,0.757620
-345.2193,28.9932,389.3595,0.757697
-345.0225,28.9825,389.0494,0.757782
-344.8231,28.9718,388.7408,0.757868
-344.6210,28.9609,388.4335,0.757956
-344.4164,28.9498,388.1277,0.758043
-344.2094,28.9384,387.8229,0.758128
-343.9998,28.9268,387.5195,0.758215
-343.7881,28.9153,387.2169,0.758303
-343.5502,28.9026,386.8824,0.758403
-343.3338,28.8910,386.5826,0.758492
-343.1156,28.8793,386.2839,0.758581
-342.8952,28.8672,385.9858,0.758671
-342.6729,28.8549,385.6884,0.758759
-342.4487,28.8428,385.3913,0.758850
-342.2475,28.8322,385.1281,0.758930
-342.0191,28.8201,384.8329,0.759020
-341.7884,28.8078,384.5384,0.759111
-341.5575,28.7946,384.2464,0.759203
-341.3224,28.7778,383.9530,0.759295
-341.1119,28.7622,383.6932,0.759376
-340.8728,28.7443,383.4006,0.759470
-340.6312,28.7261,383.1089,0.759561
-340.3870,28.7078,382.8181,0.759656
-340.1400,28.6899,382.5280,0.759748
-339.8914,28.6714,382.2397,0.759843
-339.6684,28.6547,381.9834,0.759925
-339.4154,28.6357,381.6954,0.760020
-339.1601,28.6165,381.4079,0.760114
-338.9023,28.5976,381.1216,0.760209
-338.6714,28.5802,380.8675,0.760295
-338.4096,28.5606,380.5825,0.760390
-338.1457,28.5408,380.2978,0.760486
-337.8798,28.5209,380.0134,0.760580
-337.6115,28.5009,379.7297,0.760679
-337.3767,28.4878,379.4713,0.760765
-337.1049,28.4686,379.1876,0.760863
-336.8311,28.4492,378.9042,0.760961
-336.5551,28.4296,378.6207,0.761059
-336.2770,28.4098,378.3372,0.761158
-335.9965,28.3898,378.0538,0.761259
-335.7452,28.3719,377.8021,0.761347
-335.4604,28.3515,377.5189,0.761448
-335.2050,28.3332,377.2672,0.761537
-334.9152,28.3120,376.9849,0.761638
-334.6236,28.2905,376.7016,0.761740
-334.3625,28.2712,376.4493,0.761830
-334.0338,28.2474,376.1334,0.761945
-333.7692,28.2283,375.8803,0.762035
-333.4695,28.2066,375.5952,0.762142
-333.1344,28.1824,375.2779,0.762256
-332.8644,28.1629,375.0233,0.762351
-332.5590,28.1408,374.7361,0.762456
-332.2516,28.1185,374.4480,0.762563
-331.9418,28.0957,374.1604,0.762665
-331.6651,28.0752,373.9034,0.762765
-331.3169,28.0494,373.5811,0.762884
-331.0367,28.0286,373.3224,0.762978
-330.7197,28.0051,373.0307,0.763089
-330.4003,27.9820,372.7379,0.763198
-330.1148,27.9615,372.4773,0.763295
-329.7917,27.9382,372.1832,0.763407
-329.4668,27.9148,371.8881,0.763517
-329.1401,27.8912,371.5919,0.763629
-328.8478,27.8700,371.3282,0.763730
-328.5176,27.8459,371.0301,0.763837
-328.1855,27.8217,370.7308,0.763955
-327.8888,27.8000,370.4637,0.764054
-327.5533,27.7755,370.1618,0.764168
-327.2535,27.7536,369.8925,0.764271
-326.9140,27.7290,369.5882,0.764385
-326.6106,27.7073,369.3168,0.764490
-326.2292,27.6801,368.9761,0.764620
-325.8839,27.6554,368.6680,0.764736
-325.5753,27.6333,368.3931,0.764841
-325.2253,27.6078,368.0841,0.764960
-324.8739,27.5820,367.7723,0.765077
-324.5598,27.5589,367.4939,0.765184
-324.2044,27.5328,367.1792,0.765306
-323.8469,27.5065,366.8633,0.765427
-323.4872,27.4801,366.5461,0.765550
-323.1652,27.4571,366.2626,0.765659
-322.8015,27.4313,365.9424,0.765780
-322.4763,27.4083,365.6568,0.765890
-322.0675,27.3793,365.2984,0.766028
-321.6968,27.3529,364.9749,0.766153
-321.3659,27.3292,364.6857,0.766265
-320.9915,27.3024,364.3589,0.766390
-320.6152,27.2754,364.0309,0.766520
-320.2368,27.2483,363.7016,0.766646
-319.8564,27.2210,363.3708,0.766776
-319.4738,27.1942,363.0381,0.766907
-319.1325,27.1704,362.7413,0.767024
-318.7466,27.1436,362.4060,0.767153
-318.3588,27.1166,362.0692,0.767282
-318.0123,27.0925,361.7686,0.767402
-317.6644,27.0682,361.4666,0.767519
-317.2711,27.0408,361.1254,0.767651
-316.9197,27.0163,360.8211,0.767772
-316.5227,26.9885,360.4772,0.767903
-316.1682,26.9638,360.1702,0.768026
-315.7671,26.9363,359.8232,0.768163
-315.3195,26.9059,359.4363,0.768313
-314.9596,26.8814,359.1253,0.768433
-314.5529,26.8538,358.7740,0.768572
-314.1435,26.8256,358.4227,0.768709
-313.7328,26.7970,358.0685,0.768848
-313.3203,26.7682,357.7128,0.768988
-312.9520,26.7425,357.3954,0.769112
-312.5360,26.7135,357.0372,0.769253
-312.1644,26.6882,356.7171,0.769379
-311.7452,26.6604,356.3561,0.769519
-311.3712,26.6355,356.0341,0.769647
-310.9487,26.6075,355.6707,0.769786
-310.5718,26.5825,355.3465,0.769914
-310.1459,26.5541,354.9810,0.770059
-309.7660,26.5287,354.6547,0.770186
-309.3370,26.5001,354.2864,0.770329
-308.9063,26.4713,353.9168,0.770475
-308.5217,26.4458,353.5870,0.770607
-308.0878,26.4176,353.2151,0.770751
-307.6521,26.3893,352.8419,0.770897
-307.2633,26.3640,352.5092,0.771024
-306.7755,26.3323,352.0919,0.771191
-306.3345,26.3037,351.7151,0.771338
-305.9411,26.2781,351.3792,0.771471
-305.4968,26.2493,351.0000,0.771622
-305.1005,26.2235,350.6620,0.771754
-304.6536,26.1937,350.2812,0.771905
-304.2543,26.1665,349.9411,0.772038
-303.8037,26.1358,349.5575,0.772190
-303.4016,26.1084,349.2156,0.772325
-302.9478,26.0775,348.8298,0.772476
-302.4921,26.0464,348.4434,0.772628
-302.0857,26.0185,348.0984,0.772765
-301.6269,25.9871,347.7093,0.772918
-301.1664,25.9555,347.3191,0.773075
-300.7555,25.9269,346.9712,0.773211
-300.3432,25.8982,346.6225,0.773348
-299.8260,25.8622,346.1853,0.773521
-299.3588,25.8296,345.7907,0.773678
-298.8897,25.7970,345.3949,0.773834
-298.4712,25.7678,345.0426,0.773973
-297.9990,25.7347,344.6447,0.774132
-297.5778,25.7052,344.2900,0.774271
-297.0496,25.6680,343.8455,0.774447
-296.6255,25.6381,343.4889,0.774587
-296.1466,25.6043,343.0866,0.774749
-295.6662,25.5703,342.6833,0.774907
-295.1841,25.5363,342.2787,0.775069
-294.7542,25.5060,341.9182,0.775214
-294.2151,25.4680,341.4659,0.775391
-293.7280,25.4339,341.0580,0.775554
-293.2938,25.4031,340.6948,0.775699
-292.8035,25.3682,340.2848,0.775864
-292.2570,25.3293,339.8280,0.776044
-291.8182,25.2981,339.4615,0.776192
-291.3231,25.2629,339.0482,0.776352
-290.8262,25.2276,338.6338,0.776520
-290.3832,25.1961,338.2646,0.776668
-289.8834,25.1603,337.8486,0.776831
-289.3818,25.1232,337.4312,0.776999
-288.8786,25.0860,337.0126,0.777167
-288.4299,25.0529,336.6397,0.777316
-287.7943,25.0045,336.1231,0.777520
-287.2416,24.9622,335.6616,0.777709
-286.6750,24.9206,335.1913,0.777896
-286.2198,24.8867,334.8144,0.778047
-285.6485,24.8444,334.3428,0.778235
-285.1324,24.8062,333.9177,0.778409
-284.6725,24.7719,333.5389,0.778560
-284.1536,24.7331,333.1118,0.778729
-283.6334,24.6943,332.6837,0.778901
-283.1697,24.6598,332.3028,0.779053
-282.6467,24.6207,331.8733,0.779230
-282.1224,24.5815,331.4431,0.779400
-281.5969,24.5424,331.0125,0.779573
-281.1290,24.5073,330.6291,0.779728
-280.6021,24.4678,330.1975,0.779902
-280.0747,24.4287,329.7660,0.780075
-279.6062,24.3939,329.3826,0.780228
-279.0791,24.3547,328.9515,0.780403
-278.6106,24.3198,328.5685,0.780559
-278.0842,24.2813,328.1386,0.780730
-277.5582,24.2425,327.7092,0.780904
-277.0914,24.2080,327.3282,0.781057
-276.5668,24.1701,326.9004,0.781228
-276.0432,24.1321,326.4736,0.781404
-275.5785,24.0983,326.0949,0.781552
-275.0566,24.0607,325.6701,0.781726
-274.5355,24.0228,325.2461,0.781896
-274.0729,23.9893,324.8698,0.782046
-273.5534,23.9519,324.4475,0.782216
-273.0923,23.9185,324.0730,0.782368
-272.5742,23.8811,323.6524,0.782538
-272.0570,23.8440,323.2328,0.782704
-271.5980,23.8109,322.8607,0.782858
-271.0824,23.7739,322.4430,0.783025
-270.5677,23.7369,322.0263,0.783196
-270.1108,23.7042,321.6568,0.783341
-269.5978,23.6674,321.2421,0.783508
-269.0856,23.6308,320.8284,0.783675
-268.6311,23.5985,320.4615,0.783826
-268.1206,23.5622,320.0498,0.783992
-267.6111,23.5259,319.6393,0.784159
-267.1024,23.4895,319.2297,0.784324
-266.6510,23.4573,318.8665,0.784471
-266.1439,23.4211,318.4589,0.784635
-265.5815,23.3811,318.0072,0.784818
-265.1324,23.3492,317.6467,0.784963
-264.6278,23.3135,317.2423,0.785127
-264.1241,23.2778,316.8390,0.785291
-263.6770,23.2461,316.4813,0.785435
-263.1746,23.2107,316.0800,0.785598
-262.7288,23.1793,315.7242,0.785745
-262.2277,23.1439,315.3251,0.785907
-261.7271,23.1086,314.9272,0.786068
-261.2268,23.0735,314.5306,0.786231
-260.7268,23.0385,314.1356,0.786390
-260.2825,23.0074,313.7859,0.786534
-259.7825,22.9727,313.3940,0.786691
-259.3382,22.9419,313.0474,0.786836
-258.8384,22.9074,312.6592,0.786993
-258.3385,22.8729,312.2728,0.787154
-257.8386,22.8387,311.8880,0.787311
-257.3942,22.8083,311.5476,0.787453
-256.8942,22.7742,311.1665,0.787613
-256.4496,22.7440,310.8292,0.787752
-255.9494,22.7103,310.4516,0.787908
-255.4491,22.6766,310.0761,0.788065
-255.0043,22.6468,309.7440,0.788207
-254.5035,22.6134,309.3721,0.788365
-254.0027,22.5803,309.0025,0.788521
-253.5015,22.5473,308.6351,0.788674
-253.0559,22.5180,308.3103,0.788812
-252.5542,22.4854,307.9466,0.788970
-252.1082,22.4566,307.6255,0.789108
-251.5503,22.4206,307.2265,0.789281
-251.0479,22.3885,306.8694,0.789434
-250.5453,22.3567,306.5149,0.789586
-250.0984,22.3284,306.2016,0.789725
-249.5952,22.2971,305.8509,0.789879
-249.0914,22.2659,305.5024,0.790029
-248.5869,22.2348,305.1560,0.790186
-248.1375,22.2074,304.8493,0.790320
-247.6312,22.1767,304.5063,0.790473
-247.1239,22.1460,304.1651,0.790627
-246.6153,22.1157,303.8255,0.790780
-246.1625,22.0889,303.5255,0.790914
-245.5953,22.0550,303.1531,0.791085
-245.0833,22.0251,302.8196,0.791236
-244.5704,21.9952,302.4887,0.791389
-244.0570,21.9649,302.1606,0.791540
-243.5997,21.9384,301.8705,0.791673
-243.0851,21.9089,301.5472,0.791829
-242.5703,21.8792,301.2271,0.791978
-242.1120,21.8523,300.9445,0.792112
-241.5959,21.8230,300.6287,0.792264
-241.0796,21.7939,300.3161,0.792410
-240.5632,21.7640,300.0067,0.792565
-240.0459,21.7341,299.6993,0.792713
-239.5859,21.7084,299.4287,0.792844
-239.0686,21.6796,299.1275,0.792995
-238.6082,21.6530,298.8619,0.793129
-238.0896,21.6233,298.5652,0.793276
-237.6288,21.5979,298.3042,0.793406
-237.1105,21.5687,298.0138,0.793554
-236.5916,21.5390,297.7259,0.793700
-236.1298,21.5130,297.4717,0.793832
-235.6109,21.4845,297.1895,0.793980
-235.0912,21.4549,296.9098,0.794125
-234.6291,21.4287,296.6635,0.794256
-234.1086,21.3998,296.3883,0.794401
-233.5887,21.3710,296.1167,0.794546
-233.0681,21.3415,295.8476,0.794694
-232.6053,21.3154,295.6106,0.794823
-232.0840,21.2868,295.3458,0.794968
-231.5635,21.2576,295.0847,0.795111
-231.1002,21.2316,294.8544,0.795244
-230.5790,21.2023,294.5977,0.795385
-230.1157,21.1768,294.3715,0.795511
-229.5944,21.1476,294.1196,0.795657
-229.1309,21.1217,293.8978,0.795786
-228.6094,21.0926,293.6505,0.795929
-228.0881,21.0635,293.4055,0.796074
-227.5668,21.0343,293.1629,0.796217
-227.0454,21.0051,292.9232,0.796360
-226.5240,20.9760,292.6857,0.796504
-226.0610,20.9497,292.4765,0.796631
-225.5401,20.9206,292.2436,0.796772
-225.0196,20.8916,292.0132,0.796914
-224.5572,20.8659,291.8105,0.797041
-224.0377,20.8359,291.5843,0.797181
-223.5184,20.8071,291.3606,0.797323
-222.9998,20.7783,291.1390,0.797464
-222.5400,20.7524,290.9443,0.797587
-222.0220,20.7225,290.7257,0.797730
-221.5051,20.6938,290.5096,0.797871
-220.9889,20.6652,290.2955,0.798012
-220.5315,20.6388,290.1075,0.798134
-220.0158,20.6092,289.8959,0.798279
-219.5014,20.5808,289.6869,0.798415
-218.9883,20.5525,289.4803,0.798554
-218.4747,20.5217,289.2749,0.798696
-218.0177,20.4961,289.0924,0.798818
-217.5049,20.4679,288.8897,0.798955
-217.0507,20.4421,288.7115,0.799080
-216.5381,20.4114,288.5106,0.799219
-216.0268,20.3834,288.3118,0.799357
-215.5729,20.3586,288.1361,0.799481
-215.0642,20.3283,287.9405,0.799620
-214.6103,20.3021,287.7657,0.799741
-214.1013,20.2745,287.5712,0.799880
-213.5933,20.2467,287.3782,0.800015
-213.0856,20.2185,287.1864,0.800152
-212.6350,20.1932,287.0170,0.800274
-212.1286,20.1643,286.8271,0.800411
-211.6230,20.1354,286.6380,0.800550
-211.1188,20.1052,286.4500,0.800685
-210.6708,20.0782,286.2833,0.800806
-210.1683,20.0464,286.0972,0.800943
-209.6662,20.0145,285.9110,0.801076
-209.2214,19.9855,285.7463,0.801198
-208.7216,19.9528,285.5614,0.801335
-208.2238,19.9185,285.3776,0.801468
-207.7816,19.8879,285.2138,0.801588
-207.2854,19.8537,285.0298,0.801721
-206.8459,19.8231,284.8671,0.801843
-206.3521,19.7873,284.6838,0.801978
-205.8584,19.7523,284.5004,0.802110
-205.3666,19.7185,284.3174,0.802245
-204.9312,19.6876,284.1556,0.802360
-204.3871,19.6479,283.9530,0.802511
-203.8424,19.6116,283.7498,0.802656
-203.3555,19.5795,283.5681,0.802791
-202.8148,19.5414,283.3660,0.802935
-202.3268,19.5081,283.1832,0.803068
-201.8418,19.4790,283.0010,0.803203
-201.3591,19.4495,282.8198,0.803330
-200.9302,19.4212,282.6584,0.803449
-200.4488,19.3893,282.4767,0.803581
-199.9674,19.3594,282.2947,0.803712
-199.4899,19.3302,282.1138,0.803842
-199.0133,19.2989,281.9327,0.803973
-198.5913,19.2711,281.7719,0.804089
-198.1188,19.2393,281.5916,0.804219
-197.7005,19.2107,281.4316,0.804334
-197.2317,19.1779,281.2515,0.804464
-196.8167,19.1488,281.0913,0.804580
-196.3530,19.1146,280.9117,0.804705
-195.8900,19.0798,280.7319,0.804839
-195.4803,19.0494,280.5722,0.804950
-195.0215,19.0154,280.3925,0.805082
-194.6175,18.9830,280.2332,0.805192
-194.1619,18.9465,280.0532,0.805318
-193.7092,18.9113,279.8734,0.805445
-193.3087,18.8801,279.7134,0.805557
-192.8619,18.8430,279.5337,0.805683
-192.4147,18.8065,279.3534,0.805811
-191.9702,18.7705,279.1732,0.805935
-191.5770,18.7386,279.0129,0.806046
-191.1375,18.7020,278.8327,0.806170
-190.7481,18.6695,278.6724,0.806286
-190.3122,18.6330,278.4921,0.806405
-189.9271,18.6007,278.3318,0.806515
-189.4970,18.5648,278.1519,0.806641
-189.1169,18.5321,277.9918,0.806746
-188.6918,18.4954,277.8120,0.806863
-188.2697,18.4590,277.6324,0.806984
-187.8972,18.4272,277.4734,0.807091
-187.4810,18.3904,277.2941,0.807209
-187.0679,18.3539,277.1147,0.807328
-186.6580,18.3179,276.9364,0.807446
-186.2520,18.2817,276.7595,0.807559
-185.8944,18.2498,276.6022,0.807664
-185.4957,18.2142,276.4262,0.807776
-185.1011,18.1789,276.2515,0.807890
-184.7540,18.1479,276.0972,0.807988
-184.3698,18.1110,275.9260,0.808098
-183.9864,18.0761,275.7546,0.808209
-183.6514,18.0457,275.6036,0.808306
-183.2791,18.0119,275.4353,0.808410
-182.9522,17.9823,275.2870,0.808507
-182.5916,17.9461,275.1231,0.808610
-182.2704,17.9140,274.9774,0.808698
-181.9170,17.8815,274.8146,0.808803
-181.5692,17.8495,274.6535,0.808900
-181.2645,17.8215,274.5121,0.808990
-180.9291,17.7888,274.3562,0.809087
-180.5959,17.7544,274.2012,0.809183
-180.2319,17.7168,274.0308,0.809288
-179.9442,17.6896,273.8954,0.809369
-179.6289,17.6602,273.7452,0.809460
-179.3534,17.6345,273.6139,0.809538
-179.0505,17.6047,273.4692,0.809631
-178.7502,17.5737,273.3257,0.809717
-178.4875,17.5465,273.1994,0.809794
-178.1986,17.5165,273.0588,0.809875
-177.9138,17.4869,272.9194,0.809959
-177.6370,17.4607,272.7818,0.810040
-177.3657,17.4350,272.6461,0.810119
-177.1304,17.4119,272.5280,0.810188
-176.8687,17.3852,272.3961,0.810265
-176.6113,17.3589,272.2652,0.810341
-176.3849,17.3357,272.1486,0.810406
-176.1318,17.3097,272.0168,0.810483
-175.8801,17.2838,271.8843,0.810556
-175.6298,17.2579,271.7511,0.810632
-175.3512,17.2300,271.6023,0.810713
-175.1311,17.2085,271.4828,0.810779
-174.8838,17.1840,271.3475,0.810852
-174.6100,17.1567,271.1960,0.810935
-174.3917,17.1349,271.0735,0.811001
-174.1199,17.1077,270.9186,0.811083
-173.9034,17.0860,270.7935,0.811148
-173.6608,17.0616,270.6512,0.811220
-173.4194,17.0372,270.5077,0.811296
-173.2057,17.0153,270.3788,0.811360
-172.9665,16.9907,270.2322,0.811434
-172.7276,16.9665,270.0839,0.811508
-172.5166,16.9453,269.9509,0.811575
-172.2832,16.9193,269.8003,0.811647
-172.0499,16.8914,269.6514,0.811721
-171.8414,16.8633,269.5149,0.811787
-171.6093,16.8353,269.3457,0.811861
-171.3778,16.8110,269.1870,0.811936
-171.1498,16.7870,269.0280,0.812009
-170.9140,16.7633,268.8646,0.812083
-170.6891,16.7460,268.7018,0.812157
-170.4639,16.7274,268.5366,0.812230
-170.2397,16.7098,268.3687,0.812305
-170.0167,16.6939,268.1975,0.812379
-169.8252,16.6802,268.0449,0.812443
-169.6114,16.6642,267.8707,0.812516
-169.3991,16.6467,267.6928,0.812590
-169.2139,16.6287,267.5365,0.812655
-169.0078,16.6082,267.3549,0.812728
-168.8072,16.5867,267.1776,0.812801
-168.6089,16.5607,266.9926,0.812874
-168.4313,16.5371,266.8219,0.812939
-168.2392,16.5152,266.6352,0.813011
-168.0517,16.4927,266.4422,0.813084
-167.8672,16.4709,266.2488,0.813155
-167.6862,16.4475,266.0513,0.813227
-167.5279,16.4267,265.8740,0.813290
-167.3531,16.4030,265.6727,0.813362
-167.1800,16.3776,265.4718,0.813433
-167.0296,16.3537,265.2875,0.813496
-166.8466,16.3236,265.0561,0.813576
-166.7022,16.2976,264.8669,0.813639
-166.5422,16.2684,264.6517,0.813712
-166.4016,16.2418,264.4609,0.813774
-166.2320,16.2075,264.2212,0.813853
-166.0825,16.1734,264.0001,0.813924
-165.9363,16.1393,263.7767,0.813996
-165.7926,16.1051,263.5508,0.814068
-165.6289,16.0725,263.3268,0.814139
-165.4890,16.0492,263.0820,0.814212
-165.3543,16.0322,262.8465,0.814283
-165.2372,16.0167,262.6345,0.814347
-165.1085,15.9990,262.3926,0.814420
-164.9817,15.9811,262.1495,0.814491
-164.8702,15.9651,261.9323,0.814555
-164.7454,15.9468,261.6858,0.814630
-164.6212,15.9284,261.4366,0.814702
-164.4987,15.9096,261.1847,0.814775
-164.3782,15.8908,260.9310,0.814848
-164.2590,15.8717,260.6750,0.814923
-164.1407,15.8524,260.4166,0.814997
-164.0110,15.8306,260.1266,0.815079
-163.8961,15.8108,259.8629,0.815155
-163.7951,15.7929,259.6260,0.815221
-163.6829,15.7724,259.3565,0.815295
-163.5717,15.7516,259.0839,0.815376
-163.4615,15.7306,258.8083,0.815452
-163.3524,15.7094,258.5298,0.815526
-163.2443,15.6879,258.2483,0.815606
-163.1371,15.6660,257.9637,0.815683
-163.0305,15.6440,257.6761,0.815761
-162.9362,15.6241,257.4181,0.815833
-162.8307,15.6016,257.1248,0.815911
-162.7259,15.5788,256.8282,0.815992
-162.6214,15.5556,256.5284,0.816076
-162.5171,15.5322,256.2254,0.816157
-162.4128,15.5085,255.9191,0.816240
-162.3085,15.4845,255.6097,0.816326
-162.2041,15.4602,255.2965,0.816412
-162.0994,15.4361,254.9814,0.816495
-161.9948,15.4113,254.6624,0.816582
-161.8901,15.3863,254.3404,0.816672
-161.7851,15.3610,254.0152,0.816758
-161.6798,15.3355,253.6870,0.816849
-161.5740,15.3096,253.3552,0.816942
-161.4679,15.2842,253.0212,0.817034
-161.3616,15.2578,252.6834,0.817129
-161.2553,15.2312,252.3424,0.817223
-161.1488,15.2043,251.9979,0.817316
-161.0420,15.1771,251.6501,0.817414
-160.9467,15.1528,251.3373,0.817501
-160.8394,15.1258,250.9833,0.817599
-160.7321,15.0977,250.6250,0.817698
-160.6248,15.0694,250.2632,0.817798
-160.5173,15.0408,249.8979,0.817902
-160.4092,15.0117,249.5283,0.818004
-160.3129,14.9866,249.1972,0.818097
-160.2038,14.9574,248.8218,0.818199
-160.0943,14.9276,248.4420,0.818307
-159.9843,14.8975,248.0584,0.818414
-159.8737,14.8671,247.6709,0.818523
-159.7623,14.8372,247.2789,0.818630
-159.6501,14.8066,246.8840,0.818740
-159.5376,14.7752,246.4844,0.818856
-159.4247,14.7435,246.0807,0.818968
-159.3112,14.7116,245.6723,0.819085
-159.2100,14.6838,245.3062,0.819187
-159.0954,14.6515,244.8911,0.819304
-158.9932,14.6222,244.5180,0.819408
-158.8779,14.5889,244.0941,0.819529
-158.7619,14.5559,243.6653,0.819652
-158.6582,14.5267,243.2817,0.819760
-158.5410,14.4925,242.8452,0.819880
-158.4233,14.4580,242.4043,0.820008
-158.3051,14.4232,241.9584,0.820135
-158.1864,14.3891,241.5087,0.820262
-158.0802,14.3579,241.1058,0.820382
-157.9471,14.3179,240.5961,0.820520
-157.8267,14.2818,240.1319,0.820652
-157.7059,14.2463,239.6636,0.820787
-157.5979,14.2139,239.2438,0.820908
-157.4760,14.1765,238.7663,0.821044
-157.3673,14.1430,238.3371,0.821164
-157.2447,14.1061,237.8505,0.821303
-157.1352,14.0727,237.4144,0.821428
-157.0116,14.0339,236.9186,0.821569
-156.9014,13.9993,236.4731,0.821698
-156.7773,13.9611,235.9683,0.821845
-156.6528,13.9220,235.4597,0.821990
-156.5145,13.8777,234.8900,0.822155
-156.3903,13.8383,234.3738,0.822302
-156.2664,13.7991,233.8565,0.822455
-156.1431,13.7588,233.3374,0.822606
-156.0341,13.7229,232.8750,0.822738
-155.9124,13.6836,232.3548,0.822888
-155.7916,13.6440,231.8351,0.823042
-155.6850,13.6082,231.3730,0.823175
-155.5661,13.5683,230.8530,0.823326
-155.4484,13.5291,230.3339,0.823477
-155.3447,13.4939,229.8733,0.823610
-155.2162,13.4494,229.2978,0.823783
-155.1017,13.4102,228.7798,0.823936
-154.9886,13.3711,228.2629,0.824092
-154.8889,13.3359,227.8046,0.824228
-154.7781,13.2962,227.2892,0.824381
-154.6567,13.2532,226.7184,0.824555
-154.5491,13.2143,226.2068,0.824710
-154.4547,13.1795,225.7533,0.824845
-154.3501,13.1407,225.2445,0.825001
-154.2474,13.1025,224.7382,0.825155
-154.1576,13.0684,224.2903,0.825287
-154.0475,13.0256,223.7326,0.825455
-153.9505,12.9877,223.2327,0.825605
-153.8555,12.9500,222.7355,0.825754
-153.7625,12.9123,222.2407,0.825902
-153.6814,12.8787,221.8026,0.826038
-153.5920,12.8414,221.3115,0.826180
-153.5046,12.8043,220.8229,0.826325
-153.4190,12.7672,220.3364,0.826472
-153.3351,12.7301,219.8513,0.826612
-153.2621,12.6974,219.4211,0.826740
-153.1816,12.6607,218.9387,0.826881
-153.1028,12.6240,218.4578,0.827022
-153.0342,12.5914,218.0316,0.827146
-152.9587,12.5549,217.5532,0.827281
-152.8849,12.5186,217.0765,0.827422
-152.8208,12.4864,216.6542,0.827541
-152.7505,12.4502,216.1808,0.827680
-152.6820,12.4141,215.7092,0.827811
-152.6155,12.3783,215.2394,0.827942
-152.5582,12.3464,214.8235,0.828061
-152.4955,12.3107,214.3573,0.828192
-152.4349,12.2751,213.8930,0.828322
-152.3765,12.2396,213.4306,0.828450
-152.3143,12.2002,212.9185,0.828599
-152.2664,12.1688,212.5099,0.828710
-152.2148,12.1333,212.0510,0.828841
-152.1653,12.0979,211.5926,0.828966
-152.1180,12.0626,211.1347,0.829097
-152.0729,12.0271,210.6772,0.829223
-152.0299,11.9917,210.2200,0.829348
-151.9935,11.9601,209.8139,0.829462
-151.9545,11.9247,209.3573,0.829588
-151.9177,11.8891,208.9012,0.829715
-151.8830,11.8536,208.4453,0.829841
-151.8540,11.8220,208.0404,0.829956
-151.8233,11.7863,207.5851,0.830076
-151.7918,11.7468,207.0798,0.830216
-151.7656,11.7111,206.6255,0.830339
-151.7417,11.6755,206.1719,0.830466
-151.7222,11.6438,205.7696,0.830577
-151.7024,11.6082,205.3182,0.830696
-151.6849,11.5727,204.8687,0.830823
-151.6698,11.5374,204.4211,0.830946
-151.6571,11.5021,203.9760,0.831068
-151.6470,11.4669,203.5336,0.831188
-151.6394,11.4319,203.0940,0.831310
-151.6345,11.3972,202.6576,0.831428
-151.6324,11.3664,202.2723,0.831535
-151.6327,11.3319,201.8418,0.831653
-151.6356,11.2976,201.4145,0.831770
-151.6421,11.2597,200.9435,0.831900
-151.6509,11.2258,200.5233,0.832017
-151.6609,11.1958,200.1527,0.832118
-151.6747,11.1623,199.7394,0.832234
-151.6908,11.1291,199.3299,0.832346
-151.7072,11.0997,198.9693,0.832440
-151.7279,11.0668,198.5676,0.832556
-151.7509,11.0343,198.1701,0.832664
-151.7763,11.0021,197.7769,0.832775
-151.8038,10.9701,197.3883,0.832881
-151.8302,10.9420,197.0466,0.832975
-151.8620,10.9105,196.6664,0.833080
-151.8961,10.8793,196.2907,0.833181
-151.9325,10.8485,195.9195,0.833288
-151.9757,10.8146,195.5125,0.833402
-152.0168,10.7843,195.1508,0.833497
-152.0552,10.7576,194.8332,0.833589
-152.1002,10.7279,194.4801,0.833686
-152.1472,10.6984,194.1314,0.833784
-152.1963,10.6658,193.7907,0.833881
-152.2404,10.6360,193.4876,0.833963
-152.2916,10.6027,193.1493,0.834060
-152.3454,10.5695,192.8133,0.834153
-152.4002,10.5338,192.4822,0.834247
-152.4583,10.4990,192.1481,0.834340
-152.5190,10.4659,191.8179,0.834428
-152.5814,10.4330,191.4893,0.834523
-152.6443,10.3985,191.1649,0.834616
-152.7031,10.3662,190.8756,0.834696
-152.7796,10.3273,190.5125,0.834799
-152.8438,10.2980,190.2248,0.834880
-152.9167,10.2647,189.9050,0.834972
-152.9926,10.2282,189.5844,0.835065
-153.0617,10.1957,189.3005,0.835146
-153.1416,10.1606,188.9790,0.835236
-153.2243,10.1280,188.6618,0.835326
-153.2977,10.0966,188.3840,0.835404
-153.3837,10.0604,188.0704,0.835496
-153.4716,10.0243,187.7580,0.835583
-153.5620,9.9901,187.4438,0.835673
-153.6528,9.9563,187.1368,0.835764
-153.7364,9.9247,186.8637,0.835843
-153.8321,9.8891,186.5580,0.835931
-153.9405,9.8496,186.2194,0.836028
-154.0277,9.8202,185.9487,0.836105
-154.1293,9.7852,185.6473,0.836194
-154.2329,9.7503,185.3474,0.836281
-154.3265,9.7191,185.0815,0.836357
-154.4324,9.6843,184.7815,0.836445
-154.5616,9.6505,184.4625,0.836532
-154.6710,9.6217,184.1918,0.836617
-154.7863,9.5898,183.8976,0.836704
-154.9035,9.5579,183.6039,0.836790
-155.0218,9.5253,183.3110,0.836875
-155.1442,9.4933,183.0206,0.836962
-155.2697,9.4615,182.7334,0.837050
-155.3952,9.4275,182.4480,0.837133
-155.5393,9.3928,182.1343,0.837227
-155.6671,9.3618,181.8579,0.837310
-155.8022,9.3267,181.5801,0.837392
-155.9231,9.2992,181.3387,0.837469
-156.0607,9.2686,181.0704,0.837548
-156.2003,9.2377,180.8051,0.837630
-156.3418,9.2074,180.5434,0.837709
-156.4827,9.1773,180.2868,0.837792
-156.6274,9.1450,180.0320,0.837871
-156.7752,9.1147,179.7762,0.837950
-156.9032,9.0891,179.5550,0.838022
-157.0541,9.0552,179.3065,0.838099
-157.2267,9.0199,179.0292,0.838186
-157.3831,8.9903,178.7838,0.838267
-157.5419,8.9606,178.5392,0.838345
-157.7032,8.9312,178.2955,0.838424
-157.8660,8.9022,178.0542,0.838504
-158.0312,8.8729,177.8144,0.838583
-158.1802,8.8469,177.6012,0.838651
-158.3490,8.8185,177.3631,0.838731
-158.5206,8.7896,177.1267,0.838809
-158.6945,8.7606,176.8924,0.838887
-158.8652,8.7321,176.6613,0.838966
-159.0426,8.6987,176.4302,0.839045
-159.2222,8.6652,176.2004,0.839122
-159.4072,8.6356,175.9693,0.839201
-159.5929,8.6072,175.7454,0.839279
-159.7806,8.5788,175.5240,0.839357
-159.9702,8.5511,175.3036,0.839437
-160.1615,8.5234,175.0861,0.839515
-160.3547,8.4958,174.8715,0.839592
-160.5486,8.4685,174.6609,0.839670
-160.7456,8.4398,174.4535,0.839746
-160.9221,8.4144,174.2712,0.839816
-161.1239,8.3863,174.0665,0.839892
-161.3217,8.3584,173.8665,0.839968
-161.5249,8.3293,173.6692,0.840043
-161.7300,8.3002,173.4745,0.840118
-161.9174,8.2765,173.3014,0.840187
-162.1273,8.2510,173.1107,0.840261
-162.3391,8.2256,172.9223,0.840337
-162.5541,8.2003,172.7357,0.840413
-162.7700,8.1764,172.5522,0.840488
-163.0122,8.1499,172.3504,0.840572
-163.2076,8.1286,172.1906,0.840640
-163.4266,8.1036,172.0122,0.840715
-163.6248,8.0805,171.8562,0.840782
-163.8497,8.0546,171.6834,0.840858
-164.0811,8.0298,171.5113,0.840933
-164.2847,8.0113,171.3616,0.841000
-164.5152,7.9905,171.1954,0.841076
-164.7211,7.9720,171.0494,0.841142
-164.9537,7.9503,170.8881,0.841218
-165.1884,7.9286,170.7284,0.841293
-165.4250,7.9068,170.5709,0.841369
-165.6624,7.8847,170.4155,0.841444
-165.9023,7.8623,170.2631,0.841519
-166.1435,7.8399,170.1135,0.841595
-166.3590,7.8202,169.9813,0.841660
-166.6029,7.7985,169.8361,0.841737
-166.8209,7.7793,169.7090,0.841803
-167.0762,7.7581,169.5764,0.841878
-167.2968,7.7426,169.4542,0.841944
-167.5742,7.7234,169.3053,0.842027
-167.8320,7.7085,169.1847,0.842103
-168.1096,7.6877,169.0432,0.842186
-168.3350,7.6704,168.9306,0.842252
-168.5900,7.6513,168.8067,0.842327
-168.8378,7.6304,168.6666,0.842402
-169.0953,7.6129,168.5494,0.842476
-169.3538,7.5954,168.4344,0.842551
-169.5831,7.5799,168.3328,0.842618
-169.8435,7.5615,168.2219,0.842693
-170.1050,7.5431,168.1137,0.842767
-170.3384,7.5267,168.0200,0.842834
-170.6313,7.5065,167.9046,0.842917
-170.8969,7.4884,167.8048,0.842992
-171.1343,7.4723,167.7180,0.843058
-171.4057,7.4551,167.6226,0.843134
-171.6458,7.4418,167.5402,0.843200
-171.9175,7.4269,167.4499,0.843276
-172.1896,7.4118,167.3604,0.843352
-172.4348,7.3971,167.2835,0.843420
-172.7127,7.3804,167.1991,0.843496
-172.9628,7.3654,167.1261,0.843565
-173.2464,7.3509,167.0478,0.843642
-173.4990,7.3383,166.9797,0.843710
-173.7850,7.3242,166.9052,0.843788
-174.0745,7.3105,166.8339,0.843867
-174.3314,7.2995,166.7723,0.843936
-174.6216,7.2872,166.7060,0.844015
-174.9119,7.2745,166.6430,0.844093
-175.1710,7.2621,166.5888,0.844162
-175.4643,7.2480,166.5311,0.844242
-175.7263,7.2356,166.4826,0.844312
-176.0217,7.2224,166.4316,0.844391
-176.3176,7.2095,166.3837,0.844470
-176.6143,7.1967,166.3388,0.844550
-176.9120,7.1842,166.2967,0.844629
-177.1777,7.1729,166.2620,0.844700
-177.4780,7.1602,166.2261,0.844780
-177.7471,7.1494,166.1968,0.844851
-178.0489,7.1362,166.1653,0.844932
-178.3544,7.1221,166.1382,0.845013
-178.6296,7.1108,166.1169,0.845085
-178.9385,7.0993,166.0966,0.845166
-179.2141,7.0895,166.0813,0.845239
-179.5256,7.0783,166.0670,0.845321
-179.8040,7.0683,166.0567,0.845395
-180.1193,7.0573,166.0486,0.845478
-180.4358,7.0464,166.0434,0.845561
-180.7544,7.0352,166.0419,0.845646
-181.0742,7.0239,166.0427,0.845732
-181.3968,7.0115,166.0477,0.845816
-181.7226,7.0005,166.0559,0.845902
-182.0491,6.9897,166.0675,0.845988
-182.3407,6.9799,166.0800,0.846064
-182.6720,6.9690,166.0978,0.846152
-183.0049,6.9586,166.1184,0.846241
-183.3400,6.9481,166.1422,0.846329
-183.6774,6.9377,166.1690,0.846417
-183.9790,6.9285,166.1954,0.846497
-184.3226,6.9150,166.2209,0.846590
-184.6667,6.9064,166.2565,0.846680
-185.0130,6.8978,166.2952,0.846771
-185.3616,6.8890,166.3367,0.846863
-185.7127,6.8801,166.3808,0.846957
-186.0275,6.8726,166.4226,0.847040
-186.3834,6.8643,166.4727,0.847136
-186.7416,6.8559,166.5257,0.847231
-187.1024,6.8475,166.5816,0.847328
-187.4655,6.8390,166.6402,0.847425
-187.7908,6.8318,166.6948,0.847514
-188.1586,6.8239,166.7588,0.847612
-188.4878,6.8168,166.8181,0.847700
-188.8609,6.8087,166.8878,0.847801
-189.2370,6.8005,166.9603,0.847903
-189.5740,6.7931,167.0270,0.847993
-189.9569,6.7861,167.1054,0.848098
-190.3419,6.7793,167.1862,0.848201
-190.7302,6.7725,167.2701,0.848307
-191.1209,6.7657,167.3566,0.848415
-191.4714,6.7589,167.4360,0.848506
-191.8689,6.7513,167.5282,0.848617
-192.2699,6.7435,167.6235,0.848726
-192.6293,6.7366,167.7108,0.848823
-193.0368,6.7285,167.8123,0.848935
-193.4473,6.7204,167.9171,0.849049
-193.8145,6.7131,168.0132,0.849149
-194.2305,6.7047,168.1245,0.849264
-194.6499,6.6963,168.2391,0.849378
-195.0727,6.6878,168.3572,0.849497
-195.4988,6.6792,168.4787,0.849614
-195.9281,6.6705,168.6036,0.849732
-196.3605,6.6618,168.7319,0.849850
-196.7961,6.6529,168.8634,0.849972
-197.2350,6.6440,168.9982,0.850093
-197.6280,6.6360,169.1208,0.850203
-198.0732,6.6269,169.2616,0.850328
-198.5216,6.6178,169.4057,0.850455
-198.9229,6.6096,169.5365,0.850567
-199.3773,6.6003,169.6868,0.850693
-199.8350,6.5909,169.8403,0.850822
-200.2957,6.5815,169.9971,0.850951
-200.7079,6.5730,170.1392,0.851067
-201.1747,6.5634,170.3022,0.851196
-201.6444,6.5537,170.4685,0.851330
-202.0645,6.5451,170.6191,0.851449
-202.5399,6.5353,170.7918,0.851586
-203.0184,6.5254,170.9680,0.851720
-203.4461,6.5166,171.1275,0.851842
-203.9301,6.5066,171.3102,0.851976
-204.4712,6.4954,171.5174,0.852129
-204.9067,6.4863,171.6864,0.852251
-205.3992,6.4762,171.8799,0.852394
-205.8393,6.4671,172.0550,0.852518
-206.2817,6.4579,172.2330,0.852644
-206.7818,6.4475,172.4368,0.852789
-207.2847,6.4371,172.6443,0.852932
-207.7337,6.4278,172.8318,0.853061
-208.2411,6.4173,173.0464,0.853206
-208.6939,6.4078,173.2402,0.853335
-209.2056,6.3973,173.4619,0.853482
-209.7194,6.3866,173.6872,0.853628
-210.2354,6.3759,173.9165,0.853778
-210.6960,6.3663,174.1234,0.853912
-211.2160,6.3555,174.3599,0.854064
-211.6801,6.3459,174.5734,0.854198
-212.2040,6.3350,174.8173,0.854348
-212.6716,6.3253,175.0374,0.854484
-213.1994,6.3144,175.2887,0.854639
-213.7293,6.3034,175.5439,0.854793
-214.2020,6.2936,175.7740,0.854931
-214.7357,6.2825,176.0366,0.855086
-215.2117,6.2727,176.2733,0.855225
-215.7489,6.2616,176.5432,0.855382
-216.2879,6.2504,176.8170,0.855542
-216.8288,6.2393,177.0948,0.855699
-217.3110,6.2294,177.3451,0.855842
-217.7947,6.2194,177.5984,0.855984
-218.4011,6.2069,177.9195,0.856164
-218.9487,6.1957,178.2128,0.856324
-219.4979,6.1844,178.5101,0.856489
-219.9874,6.1744,178.7777,0.856631
-220.4783,6.1643,179.0485,0.856779
-221.0319,6.1531,179.3569,0.856941
-221.5871,6.1417,179.6694,0.857109
-222.0819,6.1316,179.9505,0.857258
-222.6402,6.1203,180.2707,0.857424
-223.1998,6.1090,180.5948,0.857592
-223.7610,6.0977,180.9229,0.857760
-224.3239,6.0863,181.2551,0.857929
-224.8253,6.0763,181.5536,0.858082
-225.3911,6.0650,181.8932,0.858252
-225.9584,6.0536,182.2366,0.858423
-226.5275,6.0424,182.5838,0.858597
-227.0347,6.0324,182.8955,0.858750
-227.6071,6.0210,183.2495,0.858925
-228.1814,6.0097,183.6071,0.859100
-228.6933,5.9998,183.9278,0.859257
-229.2709,5.9886,184.2919,0.859434
-229.8503,5.9773,184.6594,0.859610
-230.4306,5.9663,185.0297,0.859786
-231.0095,5.9552,185.4013,0.859963
-231.5875,5.9442,185.7745,0.860141
-232.1026,5.9346,186.1087,0.860299
-232.6816,5.9238,186.4860,0.860478
-233.2615,5.9130,186.8653,0.860657
-233.7784,5.9035,187.2047,0.860815
-234.3614,5.8930,187.5888,0.860995
-234.8810,5.8835,187.9322,0.861155
-235.4022,5.8742,188.2774,0.861318
-235.9900,5.8639,188.6679,0.861497
-236.5140,5.8547,189.0169,0.861658
-237.2369,5.8422,189.4996,0.861885
-237.7641,5.8333,189.8526,0.862045
-238.3589,5.8232,190.2518,0.862231
-238.8892,5.8144,190.6084,0.862393
-239.4874,5.8048,191.0115,0.862580
-240.0872,5.7951,191.4166,0.862766
-240.6220,5.7867,191.7784,0.862931
-241.2252,5.7775,192.1873,0.863118
-241.7628,5.7692,192.5525,0.863285
-242.4369,5.7595,193.0112,0.863493
-243.0452,5.7507,193.4261,0.863682
-243.7234,5.7413,193.8895,0.863892
-244.2673,5.7340,194.2619,0.864061
-244.8811,5.7260,194.6828,0.864251
-245.4279,5.7193,195.0585,0.864422
-246.0446,5.7118,195.4830,0.864613
-246.6634,5.7051,195.9097,0.864805
-247.2835,5.6986,196.3382,0.864997
-247.9052,5.6920,196.7686,0.865189
-248.4596,5.6874,197.1531,0.865362
-249.0843,5.6823,197.5872,0.865557
-249.7808,5.6773,198.0722,0.865773
-250.4786,5.6736,198.5592,0.865991
-251.0386,5.6707,198.9507,0.866166
-251.6695,5.6686,199.3928,0.866363
-252.2316,5.6668,199.7874,0.866538
-252.8652,5.6647,200.2329,0.866736
-253.4999,5.6627,200.6801,0.866934
-254.1354,5.6606,201.1286,0.867133
-254.7711,5.6586,201.5781,0.867330
-255.4070,5.6565,202.0284,0.867530
-256.0422,5.6544,202.4790,0.867729
-256.6766,5.6524,202.9296,0.867927
-257.3099,5.6503,203.3802,0.868125
-257.9418,5.6483,203.8303,0.868324
-258.5020,5.6465,204.2299,0.868500
-259.1304,5.6444,204.6788,0.868697
-259.6874,5.6427,205.0772,0.868869
-260.3120,5.6406,205.5245,0.869068
-260.8654,5.6389,205.9213,0.869240
-261.4860,5.6369,206.3667,0.869435
-262.1041,5.6349,206.8109,0.869627
-262.7198,5.6329,207.2538,0.869823
-263.2648,5.6312,207.6462,0.869995
-263.8755,5.6292,208.0862,0.870186
-264.4833,5.6273,208.5245,0.870379
-265.0882,5.6254,208.9610,0.870568
-265.6231,5.6237,209.3473,0.870737
-266.2219,5.6218,209.7800,0.870924
-266.7514,5.6201,210.1629,0.871090
-267.3439,5.6183,210.5915,0.871276
-267.8678,5.6166,210.9707,0.871442
-268.4542,5.6148,211.3951,0.871626
-268.9727,5.6132,211.7705,0.871789
-269.5531,5.6114,212.1906,0.871972
-270.0663,5.6098,212.5619,0.872132
-270.6408,5.6080,212.9773,0.872313
-271.1488,5.6064,213.3443,0.872473
-271.7174,5.6047,213.7547,0.872651
-272.2828,5.6029,214.1622,0.872828
-272.8452,5.6012,214.5666,0.873005
-273.3431,5.6014,214.9237,0.873161
-273.8934,5.6039,215.3301,0.873333
-274.3855,5.6034,215.6810,0.873488
-274.9363,5.6029,216.0731,0.873660
-275.5450,5.6024,216.5052,0.873848
-276.0897,5.6019,216.8905,0.874019
-276.5715,5.6014,217.2303,0.874169
-277.1124,5.6008,217.6102,0.874337
-277.5925,5.6003,217.9462,0.874486
-278.1306,5.5996,218.3215,0.874653
-278.6661,5.5989,218.6935,0.874817
-279.1405,5.5983,219.0215,0.874961
-279.6726,5.5975,219.3877,0.875126
-280.2034,5.5966,219.7512,0.875289
-280.7328,5.5957,220.1122,0.875451
-281.2025,5.5948,220.4313,0.875595
-281.7883,5.5936,220.8278,0.875775
-282.2560,5.5927,221.1432,0.875918
-282.8397,5.5914,221.5353,0.876096
-283.4224,5.5902,221.9252,0.876273
-283.9457,5.5891,222.2749,0.876431
-284.4684,5.5882,222.6223,0.876591
-284.9325,5.5874,222.9297,0.876731
-285.4537,5.5864,223.2742,0.876890
-285.9740,5.5854,223.6173,0.877048
-286.4358,5.5844,223.9210,0.877187
-286.9543,5.5833,224.2616,0.877345
-287.5291,5.5821,224.6386,0.877519
-288.1029,5.5806,225.0136,0.877691
-288.5607,5.5793,225.3132,0.877830
-289.1318,5.5775,225.6865,0.878003
-289.7016,5.5758,226.0586,0.878172
-290.1565,5.5748,226.3555,0.878309
-290.6671,5.5737,226.6884,0.878466
-291.1768,5.5726,227.0203,0.878616
-291.7417,5.5714,227.3880,0.878786
-292.1927,5.5704,227.6812,0.878922
-292.6989,5.5694,228.0103,0.879074
-293.2040,5.5683,228.3380,0.879223
-293.7078,5.5673,228.6644,0.879375
-294.1545,5.5664,228.9534,0.879508
-294.6555,5.5653,229.2771,0.879659
-295.0993,5.5643,229.5634,0.879788
-295.6521,5.5632,229.9193,0.879952
-296.2571,5.5619,230.3081,0.880132
-296.8045,5.5608,230.6590,0.880293
-297.3494,5.5595,231.0070,0.880454
-297.7833,5.5583,231.2839,0.880582
-298.2693,5.5570,231.5936,0.880723
-298.7533,5.5556,231.9012,0.880863
-299.1818,5.5544,232.1730,0.880991
-299.6620,5.5533,232.4766,0.881130
-300.1402,5.5521,232.7780,0.881270
-300.5637,5.5510,233.0439,0.881392
-301.0385,5.5497,233.3410,0.881531
-301.5117,5.5485,233.6358,0.881666
-302.0360,5.5470,233.9609,0.881816
-302.4543,5.5460,234.2196,0.881936
-302.9240,5.5447,234.5083,0.882067
-303.3927,5.5434,234.7950,0.882202
-303.8087,5.5423,235.0481,0.882317
-304.2758,5.5409,235.3308,0.882448
-304.7421,5.5394,235.6114,0.882579
-305.1561,5.5380,235.8589,0.882697
-305.6213,5.5364,236.1352,0.882823
-306.0861,5.5346,236.4091,0.882952
-306.5504,5.5328,236.6803,0.883079
-306.9631,5.5312,236.9193,0.883190
-307.4275,5.5293,237.1851,0.883314
-307.8407,5.5276,237.4187,0.883428
-308.3062,5.5257,237.6784,0.883552
-308.7726,5.5238,237.9345,0.883676
-309.1880,5.5220,238.1590,0.883787
-309.6565,5.5198,238.4079,0.883910
-310.1263,5.5174,238.6527,0.884033
-310.5450,5.5152,238.8666,0.884141
-311.0220,5.5087,239.0952,0.884263
-311.4425,5.5081,239.3019,0.884369
-311.9171,5.5075,239.5296,0.884493
-312.3936,5.5069,239.7517,0.884612
-312.8182,5.5064,239.9448,0.884718
-313.2965,5.5058,240.1571,0.884840
-313.7223,5.5054,240.3415,0.884946
-314.1488,5.5049,240.5217,0.885052
-314.6298,5.5044,240.7195,0.885168
-315.0582,5.5041,240.8908,0.885274
-315.5411,5.5036,241.0784,0.885389
-315.9709,5.5033,241.2407,0.885497
-316.4553,5.5029,241.4180,0.885612
-316.9405,5.5026,241.5895,0.885728
-317.3726,5.5024,241.7370,0.885829
-317.8595,5.5021,241.8974,0.885945
-318.2928,5.5018,242.0350,0.886048
-318.7810,5.5016,242.1845,0.886161
-319.2697,5.5015,242.3280,0.886274
-319.7045,5.5014,242.4506,0.886377
-320.1940,5.5013,242.5829,0.886491
-320.6294,5.5012,242.6956,0.886589
-321.0650,5.5012,242.8038,0.886686
-321.5552,5.5012,242.9198,0.886801
-322.1000,5.5012,243.0419,0.886924
-322.5905,5.5012,243.1456,0.887031
-323.0809,5.5012,243.2433,0.887139
-323.5168,5.5012,243.3254,0.887236
-324.0074,5.5012,243.4122,0.887347
-324.4437,5.5012,243.4845,0.887444
-324.9345,5.5012,243.5604,0.887554
-325.4254,5.5012,243.6306,0.887660
-325.9165,5.5012,243.6949,0.887771
-326.3530,5.5012,243.7473,0.887865
-326.7895,5.5012,243.7952,0.887963
-327.2806,5.5012,243.8437,0.888065
-327.7170,5.5012,243.8819,0.888165
-328.2625,5.5012,243.9235,0.888283
-328.7534,5.5012,243.9550,0.888388
-329.1897,5.5013,243.9782,0.888484
-329.6805,5.5013,243.9991,0.888594
-330.1166,5.5013,244.0130,0.888687
-330.6072,5.5013,244.0234,0.888793
-331.0977,5.5013,244.0283,0.888900
-331.5338,5.5013,244.0280,0.888999
-332.0244,5.5013,244.0227,0.889105
-332.5153,5.5013,244.0120,0.889211
-332.9520,5.5013,243.9981,0.889310
-333.4438,5.5013,243.9775,0.889417
-333.9907,5.5013,243.9484,0.889537
-334.4288,5.5013,243.9205,0.889639
-334.9221,5.5013,243.8842,0.889744
-335.4160,5.5013,243.8426,0.889851
-335.8554,5.5013,243.8013,0.889955
-336.3501,5.5013,243.7498,0.890065
-336.7902,5.5013,243.6998,0.890164
-337.2855,5.5013,243.6387,0.890274
-337.7260,5.5013,243.5800,0.890375
-338.2218,5.5013,243.5093,0.890483
-338.7729,5.5013,243.4248,0.890611
-339.2690,5.5013,243.3434,0.890724
-339.7101,5.5013,243.2670,0.890825
-340.2063,5.5013,243.1762,0.890935
-340.7577,5.5013,243.0696,0.891064
-341.2540,5.5013,242.9685,0.891178
-341.8052,5.5013,242.8502,0.891310
-342.2461,5.5013,242.7512,0.891408
-342.7419,5.5013,242.6350,0.891519
-343.1825,5.5013,242.5276,0.891629
-343.6778,5.5013,242.4021,0.891738
-344.1728,5.5013,242.2717,0.891855
-344.6126,5.5013,242.1515,0.891961
-345.1068,5.5013,242.0117,0.892074
-345.6006,5.5013,241.8671,0.892189
-346.0939,5.5013,241.7176,0.892308
-346.5867,5.5013,241.5634,0.892425
-347.0241,5.5013,241.4225,0.892524
-347.5157,5.5013,241.2597,0.892639
-348.0066,5.5013,241.0925,0.892758
-348.4425,5.5013,240.9402,0.892860
-348.9323,5.5013,240.7648,0.892978
-349.4215,5.5013,240.5852,0.893091
-349.8557,5.5013,240.4220,0.893196
-350.3435,5.5013,240.2342,0.893313
-350.7766,5.5013,240.0637,0.893416
-351.2631,5.5013,239.8679,0.893534
-351.7488,5.5013,239.6677,0.893648
-352.2338,5.5013,239.4633,0.893769
-352.6642,5.5013,239.2780,0.893870
-353.2012,5.5013,239.0416,0.894000
-353.6836,5.5013,238.8243,0.894118
-354.2185,5.5013,238.5779,0.894250
-354.6456,5.5013,238.3770,0.894357
-355.0720,5.5013,238.1728,0.894461
-355.6037,5.5012,237.9129,0.894594
-356.0812,5.5012,237.6744,0.894713
-356.5048,5.5012,237.4589,0.894822
-356.9801,5.5012,237.2125,0.894942
-357.4543,5.5012,236.9620,0.895058
-357.9274,5.5012,236.7073,0.895181
-358.3992,5.5012,236.4485,0.895302
-358.8697,5.5012,236.1856,0.895419
-359.2869,5.5012,235.9484,0.895532
-359.7551,5.5012,235.6779,0.895656
-360.1701,5.5012,235.4340,0.895761
-360.6357,5.5012,235.1558,0.895885
-361.0999,5.5012,234.8737,0.896005
-361.5114,5.5012,234.6197,0.896117
-361.9729,5.5012,234.3301,0.896242
-362.3820,5.5012,234.0695,0.896356
-362.8408,5.5012,233.7727,0.896479
-363.2982,5.5012,233.4721,0.896604
-363.7541,5.5012,233.1678,0.896731
-364.1582,5.5012,232.8942,0.896842
-364.6113,5.5012,232.5829,0.896967
-365.0630,5.5012,232.2680,0.897093
-365.4632,5.5012,231.9850,0.897208
-365.9120,5.5012,231.6631,0.897335
-366.3594,5.5012,231.3377,0.897460
-366.8051,5.5012,231.0087,0.897590
-367.2985,5.5012,230.6388,0.897730
-367.7899,5.5012,230.2645,0.897872
-368.1816,5.5012,229.9619,0.897987
-368.5719,5.5012,229.6565,0.898100
-369.0095,5.5012,229.3095,0.898233
-369.4453,5.5012,228.9589,0.898359
-369.8795,5.5012,228.6048,0.898486
-370.2639,5.5012,228.2871,0.898605
-370.6946,5.5012,227.9263,0.898736
-371.1236,5.5012,227.5620,0.898865
-371.5980,5.5012,227.1532,0.899013
-372.0230,5.5012,226.7816,0.899143
-372.4462,5.5012,226.4065,0.899272
-372.8207,5.5012,226.0703,0.899391
-373.2402,5.5012,225.6888,0.899521
-373.6577,5.5012,225.3039,0.899658
-374.0272,5.5012,224.9590,0.899771
-374.4410,5.5012,224.5679,0.899901
-374.8528,5.5012,224.1735,0.900041
-375.2173,5.5012,223.8203,0.900157
-375.6254,5.5012,223.4200,0.900290
-376.0316,5.5012,223.0167,0.900431
-376.4360,5.5012,222.6106,0.900564
-376.7940,5.5012,222.2474,0.900686
-377.1951,5.5012,221.8364,0.900816
-377.5947,5.5012,221.4231,0.900958
-377.9930,5.5012,221.0079,0.901095
-378.3462,5.5012,220.6373,0.901215
-378.7426,5.5012,220.2188,0.901354
-379.0942,5.5012,219.8456,0.901477
-379.4893,5.5012,219.4244,0.901615
-379.8839,5.5012,219.0021,0.901756
-380.2781,5.5012,218.5787,0.901900
-380.6722,5.5012,218.1544,0.902041
-381.0663,5.5012,217.7291,0.902179
-381.4606,5.5012,217.3031,0.902323
-381.8551,5.5012,216.8763,0.902468
-382.2060,5.5012,216.4965,0.902594
-382.6013,5.5012,216.0685,0.902740
-382.9530,5.5012,215.6878,0.902865
-383.3493,5.5012,215.2589,0.903014
-383.7021,5.5012,214.8773,0.903144
-384.0995,5.5012,214.4478,0.903293
-384.4531,5.5012,214.0658,0.903420
-384.8514,5.5012,213.6359,0.903569
-385.2499,5.5012,213.2061,0.903721
-385.6042,5.5012,212.8244,0.903851
-386.0027,5.5012,212.3955,0.904005
-386.4011,5.5012,211.9673,0.904151
-386.7991,5.5012,211.5399,0.904305
-387.1966,5.5012,211.1137,0.904456
-387.5933,5.5012,210.6890,0.904610
-387.9890,5.5012,210.2660,0.904760
-388.3398,5.5012,209.8915,0.904893
-388.7332,5.5012,209.4722,0.905046
-389.1254,5.5012,209.0550,0.905196
-389.4728,5.5012,208.6860,0.905325
-389.8624,5.5012,208.2730,0.905477
-390.2508,5.5012,207.8624,0.905625
-390.5950,5.5012,207.4993,0.905754
-390.9811,5.5012,207.0931,0.905909
-391.3660,5.5012,206.6895,0.906054
-391.7074,5.5012,206.3329,0.906183
-392.0905,5.5012,205.9342,0.906330
-392.4726,5.5012,205.5383,0.906477
-392.8538,5.5012,205.1454,0.906618
-393.1917,5.5012,204.7987,0.906750
-393.5709,5.5012,204.4116,0.906893
-393.9070,5.5012,204.0704,0.907020
-394.2838,5.5012,203.6898,0.907165
-394.7010,5.5012,203.2710,0.907324
-395.1165,5.5012,202.8566,0.907475
-395.4477,5.5012,202.5283,0.907604
-395.8190,5.5012,202.1624,0.907743
-396.1479,5.5012,201.8402,0.907865
-396.5168,5.5012,201.4813,0.908001
-396.8843,5.5012,201.1261,0.908140
-397.2100,5.5012,200.8136,0.908258
-397.5751,5.5012,200.4654,0.908395
-397.9391,5.5012,200.1210,0.908526
-398.2617,5.5012,199.8180,0.908645
-398.6237,5.5012,199.4803,0.908777
-398.9451,5.5012,199.1829,0.908893
-399.3060,5.5012,198.8512,0.909025
-399.6265,5.5012,198.5591,0.909138
-399.9865,5.5012,198.2334,0.909268
-400.3061,5.5012,197.9465,0.909383
-400.6652,5.5012,197.6268,0.909509
-400.9841,5.5012,197.3453,0.909625
-401.3424,5.5012,197.0317,0.909751
-401.7003,5.5012,196.7213,0.909873
-402.0576,5.5012,196.4143,0.910003
-402.4143,5.5012,196.1108,0.910126
-402.7701,5.5012,195.8108,0.910250
-403.0856,5.5012,195.5472,0.910362
-403.4004,5.5012,195.2864,0.910468
-403.7536,5.5012,194.9963,0.910588
-404.1060,5.5012,194.7098,0.910711
-404.4186,5.5012,194.4579,0.910817
-404.7702,5.5012,194.1772,0.910934
-405.1220,5.5012,193.8993,0.911056
-405.4349,5.5012,193.6544,0.911160
-405.7875,5.5012,193.3813,0.911279
-406.1406,5.5012,193.1107,0.911401
-406.4944,5.5012,192.8428,0.911515
-406.8489,5.5012,192.5775,0.911631
-407.2041,5.5012,192.3149,0.911751
-407.5204,5.5012,192.0839,0.911856
-407.8770,5.5012,191.8268,0.911973
-408.2343,5.5012,191.5727,0.912086
-408.5926,5.5012,191.3219,0.912203
-408.9518,5.5012,191.0743,0.912317
-409.2719,5.5012,190.8570,0.912422
-409.6328,5.5012,190.6158,0.912536
-409.9944,5.5012,190.3781,0.912648
-410.3563,5.5012,190.1444,0.912763
-410.7180,5.5012,189.9149,0.912879
-411.0388,5.5012,189.7147,0.912977
-411.3986,5.5012,189.4940,0.913091
-411.7566,5.5012,189.2784,0.913200
-412.1127,5.5012,189.0680,0.913309
-412.4664,5.5012,188.8629,0.913420
-412.8175,5.5012,188.6631,0.913526
-413.1273,5.5012,188.4901,0.913620
-413.4732,5.5012,188.3006,0.913724
-413.7783,5.5012,188.1367,0.913814
-414.1187,5.5012,187.9574,0.913919
-414.4561,5.5012,187.7833,0.914016
-414.7535,5.5012,187.6330,0.914106
-415.0852,5.5012,187.4688,0.914199
-415.4138,5.5012,187.3099,0.914299
-415.7391,5.5012,187.1562,0.914394
-416.0613,5.5012,187.0079,0.914487
-416.3804,5.5012,186.8649,0.914580
-416.6962,5.5012,186.7274,0.914671
-416.9741,5.5012,186.6098,0.914752
-417.2838,5.5012,186.4828,0.914840
-417.5911,5.5012,186.3611,0.914928
-417.8968,5.5012,186.2443,0.915013
-418.2018,5.5012,186.1320,0.915101
-418.4727,5.5012,186.0358,0.915178
-418.7776,5.5012,185.9312,0.915262
-419.0885,5.5059,185.8379,0.915349
-419.3597,5.5088,185.7530,0.915424
-419.6655,5.5121,185.6600,0.915509
-419.9717,5.5155,185.5702,0.915594
-420.2443,5.5187,185.4931,0.915670
-420.5507,5.5217,185.4104,0.915755
-420.8582,5.5244,185.3311,0.915839
-421.1318,5.5269,185.2637,0.915915
-421.4390,5.5296,185.1917,0.915998
-421.7477,5.5314,185.1222,0.916084
-422.0228,5.5330,185.0629,0.916158
-422.3320,5.5348,184.9996,0.916242
-422.6080,5.5353,184.9458,0.916318
-422.9545,5.5358,184.8823,0.916412
-423.2671,5.5355,184.8290,0.916497
-423.5810,5.5356,184.7788,0.916580
-423.8943,5.5357,184.7323,0.916667
-424.1747,5.5344,184.6936,0.916742
-424.4906,5.5331,184.6534,0.916825
-424.8073,5.5319,184.6168,0.916909
-425.1236,5.5296,184.5838,0.916995
-425.4418,5.5274,184.5545,0.917079
-425.7254,5.5255,184.5314,0.917155
-426.0456,5.5235,184.5087,0.917240
-426.4022,5.5208,184.4874,0.917334
-426.6898,5.5183,184.4731,0.917412
-427.0153,5.5156,184.4600,0.917499
-427.3424,5.5129,184.4497,0.917585
-427.6353,5.5102,184.4431,0.917664
-427.9666,5.5073,184.4382,0.917751
-428.3021,5.5012,184.4268,0.917840
-428.6376,5.5012,184.4271,0.917929
-428.9752,5.5012,184.4302,0.918020
-429.3148,5.5012,184.4357,0.918109
-429.6567,5.5012,184.4435,0.918198
-429.9629,5.5012,184.4524,0.918281
-430.3483,5.5012,184.4664,0.918384
-430.6976,5.5012,184.4821,0.918476
-431.0493,5.5012,184.5004,0.918569
-431.3639,5.5012,184.5187,0.918654
-431.7202,5.5012,184.5417,0.918747
-432.0391,5.5012,184.5644,0.918832
-432.4003,5.5012,184.5925,0.918929
-432.7238,5.5012,184.6199,0.919015
-433.0905,5.5012,184.6533,0.919113
-433.4602,5.5012,184.6894,0.919213
-433.8331,5.5012,184.7283,0.919311
-434.2092,5.5012,184.7699,0.919414
-434.5883,5.5012,184.8143,0.919516
-434.9280,5.5012,184.8560,0.919609
-435.3132,5.5012,184.9056,0.919711
-435.6582,5.5012,184.9521,0.919806
-436.0929,5.5012,185.0131,0.919923
-436.4875,5.5012,185.0710,0.920028
-436.8851,5.5012,185.1317,0.920136
-437.2411,5.5012,185.1880,0.920232
-437.5996,5.5012,185.2466,0.920330
-438.0057,5.5012,185.3152,0.920441
-438.3692,5.5012,185.3786,0.920539
-438.7811,5.5012,185.4526,0.920650
-439.1960,5.5012,185.5294,0.920766
-439.5673,5.5012,185.6001,0.920868
-439.9879,5.5012,185.6821,0.920980
-440.4115,5.5012,185.7669,0.921096
-440.8860,5.5012,185.8643,0.921225
-441.3162,5.5012,185.9547,0.921343
-441.7013,5.5012,186.0375,0.921446
-442.1375,5.5012,186.1331,0.921564
-442.5280,5.5012,186.2205,0.921670
-442.9702,5.5012,186.3215,0.921790
-443.3660,5.5012,186.4138,0.921899
-443.8142,5.5012,186.5203,0.922019
-444.2154,5.5012,186.6174,0.922128
-444.6697,5.5012,186.7294,0.922249
-445.1272,5.5012,186.8444,0.922372
-445.5367,5.5012,186.9490,0.922481
-446.0522,5.5012,187.0830,0.922620
-446.4676,5.5012,187.1928,0.922731
-446.8857,5.5012,187.3049,0.922843
-447.4122,5.5012,187.4483,0.922984
-447.8896,5.5012,187.5802,0.923112
-448.3707,5.5012,187.7150,0.923237
-448.8013,5.5012,187.8371,0.923355
-449.2891,5.5012,187.9771,0.923485
-449.7257,5.5012,188.1039,0.923601
-450.2204,5.5012,188.2491,0.923732
-450.7189,5.5012,188.3970,0.923866
-451.2211,5.5012,188.5475,0.924000
-451.6708,5.5012,188.6834,0.924119
-452.1803,5.5012,188.8385,0.924256
-452.6937,5.5012,188.9957,0.924392
-453.1531,5.5012,189.1371,0.924515
-453.6725,5.5012,189.2978,0.924652
-454.1936,5.5012,189.4596,0.924789
-454.6574,5.5012,189.6042,0.924912
-455.1792,5.5012,189.7671,0.925051
-455.6428,5.5012,189.9120,0.925172
-456.1635,5.5012,190.0748,0.925311
-456.6254,5.5012,190.2193,0.925432
-457.1437,5.5012,190.3814,0.925569
-457.7178,5.5012,190.5607,0.925721
-458.1758,5.5012,190.7035,0.925839
-458.6898,5.5012,190.8633,0.925975
-459.2025,5.5012,191.0220,0.926109
-459.6571,5.5012,191.1621,0.926227
-460.1675,5.5012,191.3184,0.926358
-460.6201,5.5012,191.4560,0.926476
-461.1843,5.5012,191.6258,0.926621
-461.6342,5.5012,191.7596,0.926737
-462.1386,5.5012,191.9076,0.926864
-462.5852,5.5012,192.0367,0.926978
-463.0853,5.5012,192.1790,0.927103
-463.5829,5.5012,192.3178,0.927228
-464.0226,5.5012,192.4382,0.927338
-464.5144,5.5012,192.5702,0.927461
-464.9489,5.5012,192.6843,0.927568
-465.4344,5.5012,192.8090,0.927686
-465.9164,5.5012,192.9299,0.927806
-466.3418,5.5012,193.0340,0.927909
-466.7644,5.5012,193.1351,0.928011
-467.2885,5.5012,193.2570,0.928137
-467.8078,5.5012,193.3742,0.928261
-468.3224,5.5012,193.4867,0.928385
-468.8322,5.5012,193.5945,0.928505
-469.2869,5.5012,193.6874,0.928613
-469.7381,5.5012,193.7768,0.928719
-470.1367,5.5012,193.8533,0.928812
-470.5334,5.5012,193.9273,0.928903
-470.9776,5.5012,194.0074,0.929009
-471.4196,5.5012,194.0845,0.929108
-471.8110,5.5012,194.1505,0.929199
-472.2498,5.5012,194.2221,0.929299
-472.6873,5.5012,194.2907,0.929398
-473.0752,5.5012,194.3495,0.929487
-473.5107,5.5012,194.4131,0.929585
-473.8972,5.5012,194.4675,0.929673
-474.3797,5.5012,194.5326,0.929781
-474.8134,5.5012,194.5885,0.929878
-475.1984,5.5012,194.6361,0.929966
-475.6310,5.5012,194.6871,0.930061
-476.0152,5.5012,194.7301,0.930146
-476.4470,5.5012,194.7758,0.930241
-476.8784,5.5012,194.8186,0.930334
-477.3093,5.5012,194.8583,0.930429
-477.7398,5.5012,194.8949,0.930525
-478.1697,5.5012,194.9280,0.930620
-478.6465,5.5012,194.9608,0.930723
-479.0270,5.5012,194.9837,0.930805
-479.4540,5.5012,195.0059,0.930892
-479.8327,5.5012,195.0223,0.930977
-480.2575,5.5012,195.0370,0.931069
-480.6811,5.5012,195.0475,0.931154
-481.0566,5.5012,195.0532,0.931237
-481.4778,5.5012,195.0555,0.931324
-481.8511,5.5012,195.0538,0.931403
-482.2701,5.5012,195.0475,0.931491
-482.6417,5.5012,195.0381,0.931570
-483.0590,5.5012,195.0231,0.931656
-483.4753,5.5012,195.0034,0.931743
-483.8906,5.5012,194.9791,0.931827
-484.2588,5.5012,194.9536,0.931907
-484.7178,5.5012,194.9165,0.932001
-485.0839,5.5012,194.8828,0.932076
-485.4946,5.5012,194.8406,0.932163
-485.9498,5.5012,194.7883,0.932257
-486.3134,5.5012,194.7425,0.932334
-486.6764,5.5012,194.6932,0.932407
-487.0843,5.5012,194.6335,0.932486
-487.4464,5.5012,194.5766,0.932566
-487.8536,5.5012,194.5084,0.932650
-488.2603,5.5012,194.4356,0.932738
-488.6667,5.5012,194.3583,0.932822
-489.0727,5.5012,194.2764,0.932907
-489.4331,5.5012,194.1997,0.932982
-489.7930,5.5012,194.1193,0.933057
-490.1970,5.5012,194.0245,0.933143
-490.5998,5.5012,193.9250,0.933229
-490.9569,5.5012,193.8327,0.933305
-491.4015,5.5012,193.7121,0.933395
-491.7559,5.5012,193.6116,0.933475
-492.1529,5.5012,193.4943,0.933554
-492.5921,5.5012,193.3586,0.933649
-492.9419,5.5012,193.2460,0.933723
-493.3337,5.5012,193.1151,0.933811
-493.7236,5.5012,192.9798,0.933892
-494.0687,5.5012,192.8558,0.933965
-494.4552,5.5012,192.7121,0.934057
-494.8398,5.5012,192.5640,0.934136
-495.1801,5.5012,192.4286,0.934211
-495.6034,5.5012,192.2547,0.934303
-496.0243,5.5012,192.0753,0.934393
-496.3593,5.5012,191.9279,0.934474
-496.7755,5.5012,191.7390,0.934567
-497.1893,5.5012,191.5446,0.934656
-497.5594,5.5012,191.3652,0.934742
-497.8865,5.5012,191.2021,0.934817
-498.2523,5.5012,191.0146,0.934909
-498.5756,5.5012,190.8443,0.934981
-498.9370,5.5012,190.6488,0.935065
-499.2960,5.5012,190.4490,0.935152
-499.6130,5.5012,190.2678,0.935229
-499.9672,5.5012,190.0601,0.935317
-500.3576,5.5012,189.8244,0.935408
-500.7062,5.5012,189.6079,0.935494
-501.0904,5.5012,189.3626,0.935590
-501.4332,5.5012,189.1375,0.935678
-501.7356,5.5012,188.9341,0.935754
-502.0733,5.5012,188.7015,0.935840
-502.4084,5.5012,188.4648,0.935929
-502.7040,5.5012,188.2510,0.936003
-503.0343,5.5012,188.0066,0.936092
-503.3983,5.5012,187.7303,0.936187
-503.6873,5.5012,187.5056,0.936263
-504.0456,5.5012,187.2202,0.936364
-504.3652,5.5012,186.9591,0.936452
-504.6819,5.5012,186.6941,0.936537
-505.0302,5.5012,186.3952,0.936633
-505.3402,5.5012,186.1223,0.936724
-505.6469,5.5012,185.8458,0.936812
-505.9503,5.5012,185.5656,0.936903
-506.2172,5.5012,185.3136,0.936978
-506.5141,5.5012,185.0269,0.937060
-506.7751,5.5012,184.7691,0.937141
-507.0655,5.5012,184.4761,0.937222
-507.3524,5.5012,184.1798,0.937307
-507.6360,5.5012,183.8802,0.937393
-507.9163,5.5012,183.5775,0.937490
-508.1934,5.5012,183.2717,0.937580
-508.4370,5.5012,182.9974,0.937653
-508.7081,5.5012,182.6860,0.937741
-508.9465,5.5012,182.4066,0.937827
-509.2411,5.5012,182.0542,0.937920
-509.5317,5.5012,181.6981,0.938020
-509.7899,5.5012,181.3746,0.938106
-510.0168,5.5012,181.0845,0.938189
-510.2687,5.5012,180.7555,0.938280
-510.5172,5.5012,180.4238,0.938369
-510.7350,5.5012,180.1267,0.938449
-510.9765,5.5012,179.7900,0.938541
-511.2143,5.5012,179.4510,0.938634
-511.4482,5.5012,179.1097,0.938720
-511.6527,5.5012,178.8045,0.938808
-511.9040,5.5012,178.4205,0.938909
-512.1260,5.5012,178.0726,0.938995
-512.3201,5.5012,177.7617,0.939076
-512.5346,5.5012,177.4100,0.939170
-512.7219,5.5012,177.0957,0.939247
-512.9288,5.5012,176.7404,0.939335
-513.1318,5.5012,176.3833,0.939422
-513.3308,5.5012,176.0246,0.939517
-513.5046,5.5012,175.7043,0.939601
-513.6969,5.5012,175.3425,0.939684
-513.8858,5.5012,174.9794,0.939773
-514.0715,5.5012,174.6148,0.939868
-514.2543,5.5012,174.2490,0.939956
-514.4343,5.5012,173.8820,0.940052
-514.6116,5.5012,173.5138,0.940136
-514.7864,5.5012,173.1447,0.940230
-514.9399,5.5012,172.8157,0.940312
-515.1105,5.5012,172.4446,0.940397
-515.2789,5.5012,172.0725,0.940487
-515.4455,5.5012,171.6994,0.940577
-515.6103,5.5012,171.3253,0.940678
-515.7734,5.5012,170.9501,0.940766
-515.9168,5.5012,170.6158,0.940841
-516.0767,5.5012,170.2387,0.940937
-516.2347,5.5012,169.8605,0.941035
-516.3911,5.5012,169.4811,0.941123
-516.5456,5.5012,169.1006,0.941218
-516.6816,5.5012,168.7613,0.941304
-516.8329,5.5012,168.3785,0.941395
-516.9659,5.5012,168.0372,0.941479
-517.1140,5.5012,167.6522,0.941575
-517.2440,5.5012,167.3089,0.941658
-517.3888,5.5012,166.9216,0.941754
-517.5160,5.5012,166.5764,0.941841
-517.6574,5.5012,166.1870,0.941943
-517.7971,5.5012,165.7964,0.942034
-517.9199,5.5012,165.4484,0.942119
-518.0564,5.5012,165.0558,0.942217
-518.1912,5.5012,164.6621,0.942316
-518.3242,5.5012,164.2675,0.942413
-518.4556,5.5012,163.8718,0.942511
-518.5854,5.5012,163.4751,0.942611
-518.7136,5.5012,163.0775,0.942707
-518.8264,5.5012,162.7232,0.942789
-518.9517,5.5012,162.3238,0.942892
-519.0757,5.5012,161.9234,0.942988
-519.1849,5.5012,161.5667,0.943077
-519.3067,5.5012,161.1645,0.943173
-519.4277,5.5012,160.7613,0.943274
-519.5477,5.5012,160.3571,0.943371
-519.6675,5.5046,159.9518,0.943473
-519.7960,5.5060,159.5481,0.943570
-519.9143,5.5065,159.1407,0.943676
-520.0320,5.5069,158.7320,0.943777
-520.1493,5.5072,158.3219,0.943879
-520.2529,5.5075,157.9564,0.943968
-520.3688,5.5078,157.5438,0.944067
-520.4712,5.5081,157.1759,0.944160
-520.5857,5.5083,156.7607,0.944261
-520.6870,5.5085,156.3906,0.944353
-520.8004,5.5086,155.9728,0.944456
-520.9131,5.5087,155.5538,0.944559
-521.0255,5.5088,155.1331,0.944667
-521.1374,5.5089,154.7103,0.944767
-521.2484,5.5089,154.2863,0.944868
-521.3586,5.5089,153.8611,0.944974
-521.4680,5.5088,153.4348,0.945079
-521.5766,5.5087,153.0073,0.945189
-521.6846,5.5086,152.5786,0.945292
-521.7922,5.5084,152.1487,0.945397
-521.8993,5.5082,151.7175,0.945502
-521.9941,5.5080,151.3333,0.945595
-522.1006,5.5078,150.9000,0.945703
-522.2067,5.5075,150.4654,0.945810
-522.3008,5.5073,150.0781,0.945913
-522.4062,5.5070,149.6412,0.946012
-522.5114,5.5067,149.2031,0.946125
-522.6165,5.5063,148.7637,0.946236
-522.7216,5.5059,148.3221,0.946346
-522.8178,5.5052,147.8768,0.946454
-522.9231,5.5012,147.4337,0.946566
-523.0396,5.5012,146.9407,0.946686
-523.1435,5.5012,146.4958,0.946800
-523.2354,5.5012,146.0994,0.946903
-523.3389,5.5012,145.6526,0.947014
-523.4429,5.5012,145.2047,0.947126
-523.5359,5.5012,144.8059,0.947228
-523.6409,5.5012,144.3563,0.947340
-523.7348,5.5012,143.9560,0.947439
-523.8408,5.5012,143.5047,0.947556
-523.9473,5.5012,143.0524,0.947670
-524.0542,5.5012,142.5991,0.947786
-524.1498,5.5012,142.1953,0.947887
-524.2578,5.5012,141.7401,0.948004
-524.3665,5.5012,141.2839,0.948122
-524.4758,5.5012,140.8267,0.948238
-524.5733,5.5012,140.4195,0.948342
-524.6836,5.5012,139.9604,0.948459
-524.7945,5.5012,139.5004,0.948580
-524.8936,5.5012,139.0905,0.948682
-525.0057,5.5012,138.6285,0.948804
-525.1309,5.5012,138.1140,0.948935
-525.2568,5.5012,137.5982,0.949069
-525.3582,5.5012,137.1847,0.949175
-525.4726,5.5012,136.7185,0.949296
-525.5876,5.5012,136.2514,0.949419
-525.6904,5.5012,135.8353,0.949526
-525.8066,5.5012,135.3662,0.949649
-525.9233,5.5012,134.8962,0.949771
-526.0406,5.5012,134.4250,0.949894
-526.1584,5.5012,133.9528,0.950019
-526.2765,5.5012,133.4794,0.950140
-526.3951,5.5012,133.0049,0.950264
-526.5010,5.5012,132.5821,0.950375
-526.6202,5.5012,132.1052,0.950498
-526.7397,5.5012,131.6270,0.950623
-526.8594,5.5012,131.1476,0.950749
-526.9658,5.5012,130.7204,0.950862
-527.0857,5.5012,130.2386,0.950987
-527.2057,5.5012,129.7556,0.951114
-527.3124,5.5012,129.3252,0.951227
-527.4325,5.5012,128.8397,0.951353
-527.5527,5.5012,128.3530,0.951482
-527.6727,5.5012,127.8649,0.951610
-527.7925,5.5012,127.3755,0.951737
-527.9120,5.5012,126.8848,0.951866
-528.0179,5.5012,126.4474,0.951980
-528.1370,5.5012,125.9541,0.952110
-528.2554,5.5012,125.4594,0.952239
-528.3603,5.5012,125.0184,0.952354
-528.4779,5.5012,124.5211,0.952483
-528.5819,5.5012,124.0779,0.952599
-528.6986,5.5012,123.5781,0.952730
-528.8020,5.5012,123.1328,0.952846
-528.9178,5.5012,122.6304,0.952979
-529.0332,5.5012,122.1269,0.953111
-529.1481,5.5012,121.6221,0.953243
-529.2625,5.5012,121.1160,0.953375
-529.3638,5.5012,120.6650,0.953493
-529.4774,5.5012,120.1565,0.953626
-529.5779,5.5012,119.7034,0.953743
-529.6905,5.5012,119.1925,0.953877
-529.7902,5.5012,118.7373,0.953996
-529.9020,5.5012,118.2238,0.954130
-530.0134,5.5012,117.7090,0.954264
-530.1120,5.5012,117.2501,0.954383
-530.2103,5.5012,116.7899,0.954504
-530.3205,5.5012,116.2708,0.954639
-530.4303,5.5012,115.7500,0.954775
-530.5396,5.5012,115.2277,0.954910
-530.6485,5.5012,114.7037,0.955047
-530.7449,5.5012,114.2364,0.955169
-530.8528,5.5012,113.7093,0.955305
-530.9482,5.5012,113.2393,0.955427
-531.0550,5.5012,112.7089,0.955565
-531.1610,5.5012,112.1769,0.955703
-531.2548,5.5012,111.7027,0.955825
-531.3712,5.5012,111.1079,0.955980
-531.4868,5.5012,110.5112,0.956135
-531.5787,5.5012,110.0324,0.956258
-531.6815,5.5012,109.4922,0.956397
-531.7836,5.5012,108.9504,0.956537
-531.8851,5.5012,108.4070,0.956677
-531.9749,5.5012,107.9226,0.956802
-532.0753,5.5012,107.3763,0.956943
-532.1751,5.5012,106.8284,0.957085
-532.2747,5.5012,106.2790,0.957228
-532.3737,5.5012,105.7282,0.957370
-532.4613,5.5012,105.2372,0.957497
-532.5596,5.5012,104.6835,0.957640
-532.6465,5.5012,104.1900,0.957768
-532.7549,5.5012,103.5715,0.957926
-532.8519,5.5012,103.0133,0.958071
-532.9379,5.5012,102.5158,0.958198
-533.0342,5.5012,101.9547,0.958342
-533.1196,5.5012,101.4547,0.958471
-533.2151,5.5012,100.8907,0.958614
-533.3104,5.5012,100.3252,0.958763
-533.3947,5.5012,99.8212,0.958891
-533.4891,5.5012,99.2529,0.959035
-533.5831,5.5012,98.6830,0.959185
-533.6664,5.5012,98.1752,0.959314
-533.7596,5.5012,97.6026,0.959460
-533.8628,5.5012,96.9646,0.959626
-533.9449,5.5012,96.4528,0.959757
-534.0371,5.5012,95.8758,0.959904
-534.1187,5.5012,95.3615,0.960039
-534.2100,5.5012,94.7817,0.960187
-534.3010,5.5012,94.2004,0.960335
-534.3815,5.5012,93.6825,0.960470
-534.4819,5.5012,93.0336,0.960634
-534.5620,5.5012,92.5133,0.960769
-534.6621,5.5012,91.8614,0.960938
-534.7521,5.5012,91.2733,0.961084
-534.8422,5.5012,90.6840,0.961240
-534.9224,5.5012,90.1591,0.961374
-535.0127,5.5012,89.5672,0.961527
-535.0931,5.5012,89.0400,0.961661
-535.1836,5.5012,88.4456,0.961816
-535.2842,5.5012,87.7837,0.961986
-535.3647,5.5012,87.2529,0.962123
-535.4554,5.5012,86.6544,0.962278
-535.5361,5.5012,86.1211,0.962413
-535.6267,5.5012,85.5199,0.962567
-535.7173,5.5012,84.9172,0.962723
-535.8076,5.5012,84.3132,0.962877
-535.8876,5.5012,83.7750,0.963017
-535.9776,5.5012,83.1682,0.963174
-536.0676,5.5012,82.5601,0.963329
-536.1474,5.5012,82.0184,0.963469
-536.2373,5.5012,81.4078,0.963629
-536.3170,5.5012,80.8637,0.963771
-536.4065,5.5012,80.2505,0.963924
-536.4960,5.5012,79.6361,0.964084
-536.5955,5.5012,78.9518,0.964260
-536.6752,5.5012,78.4032,0.964405
-536.7648,5.5012,77.7847,0.964564
-536.8544,5.5012,77.1650,0.964725
-536.9340,5.5012,76.6130,0.964871
-537.0231,5.5012,75.9907,0.965029
-537.1121,5.5012,75.3669,0.965189
-537.2011,5.5012,74.7417,0.965348
-537.2998,5.5012,74.0456,0.965526
-537.3784,5.5012,73.4874,0.965675
-537.4761,5.5012,72.7880,0.965853
-537.5539,5.5012,72.2273,0.966004
-537.6412,5.5012,71.5952,0.966164
-537.7184,5.5012,71.0323,0.966308
-537.8051,5.5012,70.3976,0.966477
-537.8817,5.5012,69.8323,0.966622
-537.9675,5.5012,69.1951,0.966783
-538.0434,5.5012,68.6277,0.966931
-538.1284,5.5012,67.9879,0.967098
-538.2130,5.5012,67.3468,0.967258
-538.2971,5.5012,66.7045,0.967425
-538.3807,5.5012,66.0607,0.967594
-538.4548,5.5012,65.4874,0.967742
-538.5378,5.5012,64.8413,0.967908
-538.6295,5.5012,64.1219,0.968092
-538.7025,5.5012,63.5452,0.968239
-538.7844,5.5012,62.8952,0.968405
-538.8747,5.5012,62.1714,0.968596
-538.9465,5.5012,61.5913,0.968742
-539.0270,5.5012,60.9374,0.968910
-539.0983,5.5012,60.3550,0.969056
-539.1692,5.5012,59.7717,0.969208
-539.2485,5.5012,59.1142,0.969377
-539.3275,5.5012,58.4556,0.969547
-539.3973,5.5012,57.8689,0.969700
-539.4840,5.5012,57.1342,0.969886
-539.5616,5.5012,56.4717,0.970056
-539.6303,5.5012,55.8817,0.970208
-539.7072,5.5012,55.2167,0.970377
-539.7921,5.5012,54.4765,0.970565
-539.8597,5.5012,53.8832,0.970718
-539.9355,5.5012,53.2147,0.970889
-540.0110,5.5012,52.5451,0.971064
-540.0865,5.5012,51.8743,0.971232
-540.1536,5.5012,51.2772,0.971383
-540.2291,5.5012,50.6044,0.971557
-540.3049,5.5012,49.9305,0.971731
-540.3723,5.5012,49.3306,0.971886
-540.4485,5.5012,48.6547,0.972060
-540.5164,5.5012,48.0529,0.972217
-540.5930,5.5012,47.3747,0.972384
-540.6782,5.5012,46.6200,0.972581
-540.7550,5.5012,45.9396,0.972756
-540.8237,5.5012,45.3338,0.972909
-540.9011,5.5012,44.6512,0.973086
-540.9703,5.5012,44.0436,0.973244
-541.0484,5.5012,43.3589,0.973419
-541.1182,5.5012,42.7494,0.973576
-541.1971,5.5012,42.0627,0.973750
-541.2674,5.5012,41.4513,0.973905
-541.3469,5.5012,40.7626,0.974082
-541.4267,5.5012,40.0727,0.974260
-541.4980,5.5012,39.4584,0.974417
-541.5786,5.5012,38.7664,0.974597
-541.6503,5.5012,38.1503,0.974762
-541.7316,5.5012,37.4562,0.974935
-541.8222,5.5012,36.6837,0.975133
-541.8950,5.5012,36.0647,0.975293
-541.9771,5.5012,35.3672,0.975468
-542.0503,5.5012,34.7464,0.975632
-542.1329,5.5012,34.0469,0.975810
-542.2066,5.5012,33.4241,0.975970
-542.2899,5.5012,32.7225,0.976152
-542.3641,5.5012,32.0980,0.976306
-542.4480,5.5012,31.3945,0.976490
-542.5228,5.5012,30.7682,0.976653
-542.6071,5.5012,30.0628,0.976836
-542.6822,5.5012,29.4350,0.976995
-542.7670,5.5012,28.7277,0.977175
-542.8613,5.5012,27.9408,0.977380
-542.9371,5.5012,27.3104,0.977542
-543.0130,5.5012,26.6793,0.977701
-543.1079,5.5012,25.8894,0.977906
-543.1936,5.5012,25.1773,0.978091
-543.2889,5.5012,24.3852,0.978292
-543.3653,5.5012,23.7506,0.978456
-543.4515,5.5012,23.0358,0.978637
-543.5282,5.5012,22.3997,0.978799
-543.6144,5.5012,21.6834,0.978986
-543.7007,5.5012,20.9663,0.979173
-543.7869,5.5012,20.2485,0.979353
-543.8636,5.5012,19.6098,0.979519
-543.9401,5.5012,18.9707,0.979685
-544.0262,5.5012,18.2512,0.979869
-544.1216,5.5012,17.4511,0.980075
-544.2074,5.5012,16.7306,0.980262
-544.3026,5.5012,15.9295,0.980466
-544.3784,5.5012,15.2884,0.980629
-544.4730,5.5012,14.4867,0.980838
-544.5582,5.5012,13.7648,0.981019
-544.6334,5.5012,13.1229,0.981186
-544.7180,5.5012,12.4007,0.981371
-544.8022,5.5012,11.6782,0.981557
-544.8769,5.5012,11.0359,0.981720
-544.9606,5.5012,10.3131,0.981904
-545.0533,5.5012,9.5097,0.982112
-545.1271,5.5012,8.8668,0.982278
-545.2100,5.5012,8.1439,0.982462
-545.2833,5.5012,7.5017,0.982628
-545.3561,5.5012,6.8598,0.982791
-545.4376,5.5012,6.1381,0.982979
-545.5184,5.5012,5.4168,0.983162
-545.5898,5.5012,4.7761,0.983330
-545.6696,5.5012,4.0557,0.983513
-545.7401,5.5012,3.4157,0.983677
-545.8188,5.5012,2.6961,0.983860
-545.8970,5.5012,1.9771,0.984044
-545.9662,5.5012,1.3383,0.984211
-546.0436,5.5012,0.6203,0.984392
-546.1205,5.5012,-0.0973,0.984574
-546.1887,5.5012,-0.7346,0.984741
-546.2650,5.5012,-1.4511,0.984923
-546.3413,5.5012,-2.1671,0.985106
-546.4089,5.5012,-2.8029,0.985270
-546.4849,5.5012,-3.5178,0.985451
-546.5523,5.5012,-4.1528,0.985616
-546.6281,5.5012,-4.8667,0.985803
-546.6954,5.5012,-5.5008,0.985967
-546.7708,5.5012,-6.2137,0.986145
-546.8461,5.5012,-6.9260,0.986327
-546.9215,5.5012,-7.6378,0.986511
-546.9886,5.5012,-8.2701,0.986674
-547.0643,5.5012,-8.9809,0.986854
-547.1317,5.5012,-9.6122,0.987015
-547.1990,5.5012,-10.2431,0.987177
-547.2753,5.5012,-10.9523,0.987359
-547.3430,5.5012,-11.5824,0.987526
-547.4194,5.5012,-12.2906,0.987704
-547.4872,5.5012,-12.9197,0.987873
-547.5556,5.5012,-13.5483,0.988033
-547.6326,5.5012,-14.2551,0.988211
-547.7098,5.5012,-14.9612,0.988394
-547.7788,5.5012,-15.5885,0.988554
-547.8567,5.5012,-16.2937,0.988737
-547.9351,5.5012,-16.9983,0.988917
-548.0050,5.5012,-17.6241,0.989075
-548.0928,5.5012,-18.4059,0.989278
-548.1635,5.5012,-19.0308,0.989435
-548.2432,5.5012,-19.7333,0.989617
-548.3145,5.5012,-20.3574,0.989774
-548.3950,5.5012,-21.0590,0.989960
-548.4758,5.5012,-21.7600,0.990139
-548.5480,5.5012,-22.3827,0.990295
-548.6296,5.5012,-23.0828,0.990475
-548.7205,5.5012,-23.8602,0.990680
-548.7934,5.5012,-24.4816,0.990837
-548.8757,5.5012,-25.1803,0.991018
-548.9581,5.5012,-25.8785,0.991195
-549.0317,5.5012,-26.4987,0.991353
-549.1146,5.5012,-27.1959,0.991536
-549.1976,5.5012,-27.8926,0.991718
-549.2717,5.5012,-28.5116,0.991873
-549.3458,5.5012,-29.1301,0.992030
-549.4293,5.5012,-29.8255,0.992210
-549.5129,5.5012,-30.5204,0.992394
-549.5872,5.5012,-31.1377,0.992549
-549.6708,5.5012,-31.8318,0.992733
-549.7636,5.5012,-32.6025,0.992925
-549.8471,5.5012,-33.2956,0.993101
-549.9213,5.5012,-33.9113,0.993262
-550.0048,5.5012,-34.6035,0.993441
-550.0883,5.5012,-35.2952,0.993618
-550.1718,5.5012,-35.9866,0.993793
-550.2642,5.5012,-36.7541,0.993992
-550.3380,5.5012,-37.3678,0.994141
-550.4117,5.5012,-37.9812,0.994309
-550.5039,5.5012,-38.7474,0.994509
-550.5868,5.5012,-39.4365,0.994681
-550.6605,5.5012,-40.0487,0.994835
-550.7434,5.5012,-40.7370,0.995018
-550.8260,5.5012,-41.4251,0.995188
-550.8992,5.5012,-42.0363,0.995355
-550.9811,5.5012,-42.7237,0.995531
-551.0629,5.5012,-43.4108,0.995706
-551.1351,5.5012,-44.0212,0.995863
-551.2161,5.5012,-44.7077,0.996038
-551.2877,5.5012,-45.3176,0.996195
-551.3677,5.5012,-46.0034,0.996372
-551.4385,5.5012,-46.6127,0.996530
-551.5176,5.5012,-47.2979,0.996710
-551.5875,5.5012,-47.9066,0.996862
-551.6656,5.5012,-48.5912,0.997044
-551.7345,5.5012,-49.1993,0.997200
-551.8116,5.5012,-49.8831,0.997374
-551.8798,5.5012,-50.4906,0.997534
-551.9560,5.5012,-51.1736,0.997711
-552.0319,5.5012,-51.8562,0.997886
-552.1076,5.5012,-52.5382,0.998063
-552.1747,5.5012,-53.1441,0.998218
-552.2501,5.5012,-53.8253,0.998394
-552.3254,5.5012,-54.5060,0.998574
-552.4090,5.5012,-55.2618,0.998767
-552.4759,5.5012,-55.8660,0.998926
-552.5510,5.5012,-56.5454,0.999103
-552.6175,5.5012,-57.1490,0.999254
-552.6923,5.5012,-57.8276,0.999433
-552.7589,5.5012,-58.4306,0.999585
-552.8336,5.5012,-59.1085,0.999775
-552.9000,5.5012,-59.7108,0.999934
