-394.1992,5.0100,216.3363,0.000783
-393.1407,5.0000,216.5709,0.001228
-392.0887,5.0000,216.8037,0.001663
-391.1599,5.0000,217.0095,0.002050
-390.1212,5.0000,217.2395,0.002474
-389.0893,5.0000,217.4680,0.002899
-388.0653,5.0000,217.6947,0.003319
-387.0488,5.0000,217.9196,0.003738
-386.0396,5.0000,218.1429,0.004150
-385.0378,5.0000,218.3646,0.004562
-384.0432,5.0000,218.5846,0.004968
-383.0560,5.0000,218.8031,0.005375
-382.0762,5.0000,219.0199,0.005782
-381.2116,5.0000,219.2113,0.006133
-380.2458,5.0000,219.4251,0.006533
-379.2874,5.0000,219.6374,0.006932
-378.4418,5.0000,219.8247,0.007287
-377.4973,5.0000,220.0341,0.007677
-376.6639,5.0000,220.2188,0.008028
-375.7333,5.0000,220.4252,0.008418
-374.8100,5.0000,220.6301,0.008806
-373.8942,5.0000,220.8335,0.009192
-372.8850,5.0000,221.0577,0.009617
-371.9845,5.0000,221.2578,0.009994
-371.1902,5.0000,221.4345,0.010333
-370.3035,5.0000,221.6319,0.010703
-369.4241,5.0000,221.8277,0.011074
-368.5519,5.0000,222.0221,0.011443
-367.6870,5.0000,222.2150,0.011809
-366.9242,5.0000,222.3852,0.012129
-366.0727,5.0000,222.5753,0.012488
-365.2283,5.0000,222.7639,0.012847
-364.3909,5.0000,222.9511,0.013203
-363.5604,5.0000,223.1369,0.013549
-362.8280,5.0000,223.3008,0.013859
-362.0103,5.0000,223.4837,0.014211
-361.1991,5.0000,223.6652,0.014572
-360.3940,5.0000,223.8451,0.014964
-359.6827,5.0000,224.0040,0.015055
-358.0916,5.0000,224.3591,0.015890
-357.2984,5.0000,224.5359,0.016173
-356.5057,5.0000,224.7125,0.016912
-354.9207,5.0000,225.0652,0.017126
-354.2162,5.0000,225.2218,0.017516
-353.5116,5.0000,225.3783,0.017817
-352.6306,5.0000,225.5738,0.018187
-351.8375,5.0000,225.7496,0.018530
-351.0442,5.0000,225.9254,0.018868
-350.3387,5.0000,226.0815,0.019170
-349.5448,5.0000,226.2570,0.019502
-348.7504,5.0000,226.4325,0.019840
-347.9557,5.0000,226.6079,0.020181
-347.1606,5.0000,226.7832,0.020519
-346.3650,5.0000,226.9584,0.020854
-345.6574,5.0000,227.1140,0.021157
-344.8610,5.0000,227.2891,0.021498
-344.1527,5.0000,227.4446,0.021798
-343.2668,5.0000,227.6389,0.022176
-342.5576,5.0000,227.7943,0.022476
-341.6705,5.0000,227.9885,0.022858
-340.9604,5.0000,228.1438,0.023162
-340.1611,5.0000,228.3183,0.023500
-339.3611,5.0000,228.4929,0.023837
-338.5607,5.0000,228.6673,0.024176
-337.8488,5.0000,228.8224,0.024482
-337.0473,5.0000,228.9967,0.024825
-336.2452,5.0000,229.1710,0.025163
-335.4426,5.0000,229.3451,0.025500
-334.7287,5.0000,229.4999,0.025815
-333.9251,5.0000,229.6740,0.026152
-333.1208,5.0000,229.8481,0.026492
-332.3160,5.0000,230.0222,0.026831
-331.6001,5.0000,230.1772,0.027135
-330.7942,5.0000,230.3519,0.027476
-329.9878,5.0000,230.5267,0.027822
-329.1809,5.0000,230.7018,0.028163
-328.4632,5.0000,230.8577,0.028473
-327.6552,5.0000,231.0333,0.028813
-326.8468,5.0000,231.2091,0.029149
-326.1277,5.0000,231.3656,0.029460
-325.3184,5.0000,231.5420,0.029804
-324.5085,5.0000,231.7187,0.030149
-323.6982,5.0000,231.8956,0.030486
-322.8873,5.0000,232.0729,0.030843
-322.1660,5.0000,232.2308,0.031142
-321.3539,5.0000,232.4087,0.031480
-320.5414,5.0000,232.5871,0.031828
-319.8185,5.0000,232.7461,0.032135
-319.0047,5.0000,232.9255,0.032480
-318.1903,5.0000,233.1053,0.032826
-317.4658,5.0000,233.2657,0.033141
-316.6502,5.0000,233.4466,0.033482
-315.9247,5.0000,233.6079,0.033789
-315.1078,5.0000,233.7898,0.034136
-314.3811,5.0000,233.9521,0.034441
-313.5629,5.0000,234.1351,0.034791
-312.7440,5.0000,234.3188,0.035138
-312.0154,5.0000,234.4826,0.035448
-311.1950,5.0000,234.6674,0.035797
-310.4651,5.0000,234.8323,0.036105
-309.6432,5.0000,235.0183,0.036451
-308.9120,5.0000,235.1842,0.036768
-308.0885,5.0000,235.3715,0.037114
-306.8976,5.0000,235.6431,0.037619
-306.0721,5.0000,235.8319,0.037970
-305.3376,5.0000,236.0000,0.038286
-304.5105,5.0000,236.1893,0.038629
-303.7746,5.0000,236.3575,0.038947
-302.9459,5.0000,236.5468,0.039298
-302.1162,5.0000,236.7359,0.039649
-301.3780,5.0000,236.9037,0.039962
-300.5467,5.0000,237.0922,0.040322
-299.8068,5.0000,237.2596,0.040631
-298.9735,5.0000,237.4475,0.040988
-298.2320,5.0000,237.6142,0.041297
-297.3967,5.0000,237.8014,0.041655
-296.5604,5.0000,237.9881,0.042011
-295.8162,5.0000,238.1537,0.042321
-295.0710,5.0000,238.3189,0.042640
-294.3250,5.0000,238.4838,0.042954
-293.4847,5.0000,238.6688,0.043311
-292.2689,5.0000,238.9354,0.043827
-291.5195,5.0000,239.0993,0.044141
-290.6754,5.0000,239.2838,0.044499
-289.8303,5.0000,239.4685,0.044859
-289.0782,5.0000,239.6330,0.045175
-288.2310,5.0000,239.8183,0.045531
-287.3828,5.0000,240.0039,0.045889
-286.5338,5.0000,240.1899,0.046248
-285.6837,5.0000,240.3762,0.046615
-284.9272,5.0000,240.5421,0.046935
-284.0755,5.0100,240.7296,0.047298
-283.2227,5.0100,240.9175,0.047657
-282.4639,5.0100,241.0852,0.047978
-281.6097,5.0100,241.2743,0.048336
-280.8497,5.0100,241.4429,0.048664
-279.9940,5.0100,241.6332,0.049027
-279.0421,5.0100,241.8454,0.049427
-278.1845,5.0100,242.0370,0.049786
-277.4215,5.0100,242.2078,0.050117
-276.5623,5.0100,242.4003,0.050471
-275.7979,5.0100,242.5720,0.050792
-274.9372,5.0100,242.7656,0.051165
-274.1713,5.0100,242.9381,0.051486
-273.3090,5.0100,243.1328,0.051851
-272.4457,5.0100,243.3280,0.052215
-271.6777,5.0100,243.5020,0.052539
-270.8130,5.0100,243.6983,0.052909
-269.9474,5.0100,243.8952,0.053285
-269.1772,5.0100,244.0706,0.053606
-268.3100,5.0100,244.2685,0.053969
-267.5385,5.0100,244.4449,0.054298
-266.6696,5.0100,244.6439,0.054661
-265.8000,5.0100,244.8435,0.055032
-264.9296,5.0100,245.0436,0.055405
-264.1552,5.0100,245.2220,0.055731
-263.2832,5.0100,245.4232,0.056095
-262.5074,5.0100,245.6026,0.056428
-261.6339,5.0100,245.8049,0.056800
-260.7596,5.0100,246.0077,0.057166
-259.8844,5.0100,246.2112,0.057537
-259.0085,5.0100,246.4152,0.057913
-258.1317,5.0100,246.6198,0.058282
-257.3517,5.0100,246.8021,0.058617
-256.4734,5.0100,247.0078,0.058987
-255.6920,5.0100,247.1911,0.059318
-254.8121,5.0100,247.3979,0.059683
-254.0293,5.0100,247.5822,0.060024
-253.1480,5.0100,247.7901,0.060399
-252.3638,5.0100,247.9754,0.060728
-251.0884,5.0100,248.2773,0.061271
-250.2044,5.0100,248.4868,0.061653
-249.4180,5.0100,248.6732,0.061978
-248.5325,5.0100,248.8829,0.062364
-247.7447,5.0100,249.0693,0.062694
-246.8576,5.0100,249.2788,0.063071
-245.9696,5.0100,249.4882,0.063446
-245.1796,5.0100,249.6742,0.063787
-244.2899,5.0100,249.8835,0.064160
-243.3993,5.0100,250.0925,0.064547
-242.4085,5.0100,250.3246,0.064960
-241.6151,5.0100,250.5103,0.065306
-240.7215,5.0100,250.7192,0.065676
-239.9265,5.0100,250.9050,0.066016
-239.0311,5.0100,251.1142,0.066395
-238.1348,5.0100,251.3234,0.066778
-237.3372,5.0100,251.5095,0.067113
-236.4391,5.0100,251.7191,0.067498
-235.5401,5.0100,251.9287,0.067880
-234.6401,5.0100,252.1385,0.068254
-233.8394,5.0100,252.3251,0.068604
-232.9377,5.0000,252.5348,0.068987
-232.0353,5.0000,252.7446,0.069373
-231.1320,5.0000,252.9545,0.069753
-230.3283,5.0000,253.1409,0.070096
-229.4233,5.0000,253.3506,0.070480
-228.5172,5.0000,253.5603,0.070856
-227.7110,5.0000,253.7469,0.071203
-226.8030,5.0000,253.9569,0.071588
-225.8942,5.0000,254.1669,0.071971
-224.6811,5.0000,254.4471,0.072472
-223.7702,5.0000,254.6574,0.072869
-222.8585,5.0000,254.8680,0.073261
-221.9459,5.0000,255.0788,0.073641
-221.1340,5.0000,255.2664,0.073986
-220.2198,5.0000,255.4777,0.074371
-219.4064,5.0000,255.6656,0.074720
-218.4906,5.0000,255.8773,0.075106
-217.5739,5.0000,256.0892,0.075495
-216.6564,5.0000,256.3014,0.075889
-215.8401,5.0000,256.4902,0.076233
-214.9210,5.0000,256.7028,0.076615
-213.6942,5.0000,256.9866,0.077146
-212.7731,5.0000,257.1998,0.077543
-211.8512,5.0000,257.4133,0.077927
-211.0310,5.0000,257.6032,0.078271
-210.1075,5.0000,257.8171,0.078669
-209.1831,5.0000,258.0313,0.079063
-208.3607,5.0000,258.2219,0.079400
-207.4348,5.0000,258.4366,0.079789
-206.5080,5.0000,258.6516,0.080184
-205.6835,5.0000,258.8429,0.080533
-204.7551,5.0000,259.0583,0.080932
-203.8260,5.0000,259.2740,0.081327
-202.9993,5.0000,259.4659,0.081674
-202.1720,5.0000,259.6581,0.082030
-201.2407,5.0000,259.8745,0.082428
-200.3093,5.0000,260.0910,0.082813
-199.4817,5.0000,260.2834,0.083175
-198.5517,5.0000,260.4998,0.083565
-197.6233,5.0000,260.7159,0.083957
-196.6975,5.0000,260.9315,0.084349
-195.7751,5.0000,261.1466,0.084733
-194.9588,5.0000,261.3372,0.085081
-194.0447,5.0000,261.5510,0.085469
-193.1355,5.0000,261.7641,0.085850
-192.2313,5.0000,261.9764,0.086234
-191.4320,5.0000,262.1644,0.086574
-190.5378,5.0000,262.3751,0.086951
-189.6491,5.0000,262.5849,0.087318
-188.7660,5.0000,262.7939,0.087698
-187.8884,5.0000,263.0020,0.088062
-187.1130,5.0000,263.1862,0.088398
-186.2460,5.0000,263.3926,0.088759
-185.3846,5.0000,263.5983,0.089120
-184.2447,5.0000,263.8712,0.089597
-183.3963,5.0000,264.0748,0.089955
-182.5535,5.0000,264.2776,0.090317
-181.7162,5.0000,264.4797,0.090665
-180.9796,4.9961,264.6577,0.090977
-180.1523,4.9875,264.8578,0.091330
-179.3305,4.9790,265.0572,0.091675
-178.1531,4.9668,265.3435,0.092170
-177.4336,4.9593,265.5190,0.092478
-176.6288,4.9509,265.7158,0.092817
-175.8296,4.9426,265.9119,0.093157
-175.1237,4.9451,266.0855,0.093453
-174.3351,4.9370,266.2807,0.093787
-173.6385,4.9299,266.4532,0.094074
-172.8604,4.9218,266.6465,0.094408
-172.0890,4.9138,266.8387,0.094732
-171.4066,4.9067,267.0096,0.095027
-170.6418,4.8987,267.2017,0.095346
-169.8788,4.8907,267.3940,0.095675
-169.2016,4.8837,267.5651,0.095964
-168.4409,4.8758,267.7578,0.096283
-167.7659,4.8687,267.9293,0.096573
-167.0076,4.8608,268.1223,0.096901
-166.2505,4.8529,268.3155,0.097214
-165.5789,4.8459,268.4874,0.097507
-164.9089,4.8389,268.6592,0.097786
-164.1578,4.8311,268.8524,0.098104
-163.4100,4.8233,269.0451,0.098424
-162.6659,4.8155,269.2372,0.098733
-161.9262,4.8078,269.4287,0.099051
-161.2726,4.8010,269.5983,0.099332
-160.5420,4.7934,269.7881,0.099643
-159.8164,4.7757,269.9767,0.099952
-159.1761,4.7690,270.1434,0.100224
-158.4629,4.7616,270.3294,0.100523
-157.8359,4.7550,270.4931,0.100806
-157.1371,4.7477,270.6757,0.101101
-156.4454,4.7405,270.8567,0.101397
-155.7614,4.7333,271.0352,0.101691
-155.1595,4.7270,271.1920,0.101950
-154.4891,4.7200,271.3658,0.102229
-153.8255,4.7131,271.5367,0.102520
-153.1686,4.7062,271.7049,0.102805
-152.5184,4.6994,271.8701,0.103087
-151.8750,4.6927,272.0322,0.103372
-151.2383,4.6860,272.1913,0.103657
-150.6781,4.6801,272.3303,0.103903
-150.0541,4.6736,272.4836,0.104183
-149.4368,4.6671,272.6338,0.104443
-148.6241,4.6586,272.8289,0.104803
-147.9557,4.6517,272.9870,0.105111
-147.4267,4.6462,273.1102,0.105343
-146.8376,4.6401,273.2453,0.105617
-146.2549,4.6341,273.3768,0.105877
-145.6786,4.6281,273.5043,0.106138
-144.9199,4.6201,273.6685,0.106501
-144.3582,4.6143,273.7870,0.106752
-143.8028,4.6085,273.9015,0.107008
-143.3143,4.6034,273.9999,0.107236
-142.6507,4.5964,274.1297,0.107558
-142.1146,4.5909,274.2311,0.107816
-141.6432,4.5860,274.3176,0.108041
-141.1185,4.5806,274.4106,0.108294
-140.5425,4.5746,274.5085,0.108574
-140.0868,4.5699,274.5830,0.108795
-139.5792,4.5647,274.6625,0.109052
-139.0766,4.5595,274.7378,0.109306
-138.5780,4.5543,274.8090,0.109551
-138.1374,4.5497,274.8690,0.109775
-137.6439,4.5446,274.9330,0.110018
-136.9884,4.5378,275.0130,0.110356
-136.4979,4.5327,275.0691,0.110607
-136.0627,4.5282,275.1164,0.110828
-135.5739,4.5231,275.1666,0.111078
-135.0859,4.5180,275.2139,0.111319
-134.5988,4.5130,275.2582,0.111573
-134.1665,4.5086,275.2952,0.111799
-133.7351,4.5041,275.3300,0.112014
-133.1974,4.4985,275.3705,0.112280
-132.7146,4.4931,275.4043,0.112514
-132.2869,4.4883,275.4323,0.112736
-131.8073,4.4830,275.4613,0.112969
-131.3295,4.4877,275.4880,0.113207
-130.9065,4.4830,275.5094,0.113405
-130.4324,4.4777,275.5312,0.113639
-129.9602,4.4724,275.5508,0.113868
-129.5424,4.4678,275.5661,0.114064
-129.0682,4.4674,275.5351,0.114294
-128.6035,4.4698,275.5464,0.114509
-128.2489,4.4560,275.5735,0.114674
-127.7391,4.4527,275.5791,0.114924
-127.2845,4.4501,275.5800,0.115130
-126.8331,4.4477,275.5775,0.115350
-126.3697,4.4723,275.5509,0.115559
-125.9923,4.4444,275.5589,0.115735
-125.5371,4.4695,275.5230,0.115937
-125.1040,4.4505,275.5224,0.116146
-124.7217,4.4676,275.5013,0.116323
-124.2964,4.4408,275.4683,0.116509
-123.8847,4.4377,275.4586,0.116703
-123.5098,4.4127,275.4258,0.116878
-123.0953,4.3221,275.3860,0.117066
-122.5862,4.3142,275.3316,0.117294
-122.1739,4.3094,275.2818,0.117479
-121.8114,4.3061,275.2323,0.117647
-121.4510,4.3037,275.1775,0.117811
-121.0048,4.3020,275.1020,0.118007
-120.6071,4.3004,275.0275,0.118194
-120.2122,4.2990,274.9459,0.118373
-119.8209,4.2979,274.8580,0.118552
-119.3085,4.2967,274.7310,0.118789
-118.9302,4.2968,274.6277,0.118957
-118.5570,4.2960,274.5156,0.119137
-118.2267,4.2943,274.4089,0.119297
-117.8566,4.2917,274.2838,0.119466
-117.4468,4.2882,274.1397,0.119658
-117.1190,4.2856,274.0204,0.119813
-116.7536,4.2833,273.8830,0.119988
-116.4302,4.2807,273.7575,0.120143
-116.0279,4.2771,273.5952,0.120334
-115.7083,4.2740,273.4607,0.120489
-115.3517,4.2706,273.3044,0.120659
-114.9977,4.2680,273.1421,0.120835
-114.6870,4.2674,272.9942,0.120986
-114.3029,4.2673,272.8036,0.121178
-113.9612,4.2682,272.6267,0.121345
-113.6232,4.2700,272.4451,0.121520
-113.2888,4.2726,272.2588,0.121686
-112.9945,4.2756,272.0896,0.121837
-112.6660,4.2798,271.8951,0.122003
-112.3412,4.2852,271.6970,0.122168
-112.0195,4.2910,271.4951,0.122338
-111.7360,4.2962,271.3127,0.122485
-111.4202,4.3019,271.1043,0.122653
-111.1419,4.3066,270.9164,0.122795
-110.8326,4.3111,270.7024,0.122964
-110.5261,4.3140,270.4847,0.123127
-110.2234,4.3294,270.2643,0.123290
-109.9239,4.3472,270.0406,0.123452
-109.6609,4.3746,269.8398,0.123596
-109.3693,4.3820,269.6102,0.123758
-108.9797,4.3925,269.2288,0.123987
-108.6974,4.4017,268.9910,0.124149
-108.4326,4.3663,268.7911,0.124291
-108.1542,4.3788,268.5514,0.124451
-107.9371,4.3836,268.3306,0.124591
-107.6363,4.3568,268.0903,0.124749
-107.4195,4.3622,267.8714,0.124889
-107.1448,4.3316,267.6365,0.125047
-106.8831,4.3244,267.3845,0.125205
-106.6622,4.3323,267.1315,0.125343
-106.4217,4.3373,266.8832,0.125498
-106.2053,4.3315,266.6487,0.125636
-105.9671,4.3260,266.3803,0.125789
-105.7056,4.3022,266.1113,0.125945
-105.5191,4.3066,265.8714,0.126082
-105.2917,4.3009,265.5963,0.126238
-105.0461,4.2871,265.3124,0.126390
-104.8486,4.2994,265.0270,0.126546
-104.6521,4.2948,264.7717,0.126683
-104.4297,4.2700,264.5168,0.126821
-104.2117,4.2852,264.1908,0.126994
-103.9923,4.2808,263.8968,0.127151
-103.7568,4.2453,263.6155,0.127306
-103.5455,4.2580,263.2928,0.127462
-103.3599,4.2691,263.0377,0.127600
-103.1100,4.1881,262.7677,0.127758
-102.9176,4.1762,262.4980,0.127898
-102.7011,4.1624,262.1935,0.128054
-102.4850,4.1483,261.8872,0.128213
-102.2702,4.1341,261.5785,0.128371
-102.0797,4.1215,261.3030,0.128514
-101.8657,4.1076,260.9892,0.128671
-101.6758,4.0958,260.7071,0.128816
-101.4370,4.0821,260.3526,0.128994
-101.2455,4.0720,260.0671,0.129139
-101.0304,4.0616,259.7433,0.129302
-100.8393,4.0531,259.4527,0.129445
-100.6245,4.0442,259.1243,0.129609
-100.4321,4.0356,258.8300,0.129758
-100.2142,4.0264,258.4975,0.129925
-99.9948,4.0174,258.1637,0.130090
-99.7737,4.0084,257.8286,0.130257
-99.5510,3.9990,257.4920,0.130425
-99.3517,3.9899,257.1913,0.130573
-99.1263,3.9789,256.8517,0.130742
-98.8995,3.9668,256.5103,0.130913
-98.6717,3.9535,256.1673,0.131084
-98.4684,3.9406,255.8610,0.131238
-98.2389,3.9249,255.5148,0.131409
-98.0084,3.9081,255.1672,0.131584
-97.7774,3.8904,254.8177,0.131757
-97.5716,3.8741,254.5059,0.131913
-97.3393,3.8551,254.1530,0.132091
-97.1064,3.8362,253.7982,0.132269
-96.8730,3.8178,253.4414,0.132446
-96.6390,3.8002,253.0827,0.132627
-96.4304,3.7855,252.7621,0.132786
-96.1951,3.7702,252.3996,0.132964
-95.9592,3.7561,252.0357,0.133147
-95.7232,3.7433,251.6712,0.133327
-95.4874,3.7316,251.3069,0.133507
-95.2783,3.7219,250.9840,0.133665
-95.0180,3.7104,250.5821,0.133868
-94.7850,3.7001,250.2226,0.134048
-94.5789,3.6908,249.9050,0.134205
-94.3229,3.6786,249.5110,0.134399
-94.0938,3.6667,249.1590,0.134575
-93.8912,3.6553,248.8484,0.134730
-93.6645,3.6414,248.5015,0.134900
-93.4636,3.6280,248.1952,0.135053
-93.2384,3.6121,247.8531,0.135226
-93.0138,3.5954,247.5137,0.135396
-92.7896,3.5782,247.1770,0.135563
-92.5654,3.5607,246.8432,0.135730
-92.3411,3.5433,246.5121,0.135891
-92.1415,3.5281,246.2202,0.136039
-91.9166,3.5117,245.8946,0.136200
-91.6912,3.4961,245.5719,0.136359
-91.4652,3.4816,245.2520,0.136517
-91.2383,3.4684,244.9353,0.136672
-91.0102,3.4564,244.6216,0.136826
-90.7801,3.4457,244.3103,0.136980
-90.5737,3.4374,244.0355,0.137113
-90.3652,3.4297,243.7621,0.137243
-90.1546,3.4223,243.4898,0.137379
-89.8875,3.4132,243.1509,0.137547
-89.6437,3.4051,242.8472,0.137697
-89.3966,3.3967,242.5448,0.137844
-89.1463,3.3876,242.2436,0.137990
-88.9209,3.3789,241.9768,0.138120
-88.6641,3.3681,241.6776,0.138265
-88.4038,3.3561,241.3793,0.138412
-88.1695,3.3444,241.1150,0.138543
-87.9026,3.3301,240.8185,0.138690
-87.6627,3.3166,240.5553,0.138822
-87.3892,3.3007,240.2605,0.138968
-87.1113,3.2851,239.9659,0.139109
-86.8308,3.2698,239.6734,0.139253
-86.5458,3.2542,239.3821,0.139399
-86.2890,3.2407,239.1243,0.139525
-85.9965,3.2261,238.8355,0.139668
-85.6999,3.2125,238.5481,0.139809
-85.3994,3.2000,238.2623,0.139953
-85.1289,3.1899,238.0096,0.140078
-84.8210,3.1797,237.7271,0.140217
-84.5092,3.1706,237.4465,0.140355
-84.1935,3.1624,237.1677,0.140496
-83.8737,3.1548,236.8905,0.140634
-83.5485,3.1504,236.6147,0.140773
-83.2203,3.1460,236.3427,0.140911
-82.8881,3.1409,236.0732,0.141044
-82.5520,3.1349,235.8060,0.141179
-82.2123,3.1276,235.5411,0.141312
-81.8688,3.1191,235.2785,0.141452
-81.5217,3.1092,235.0186,0.141578
-81.1710,3.0979,234.7614,0.141711
-80.7786,3.1213,234.4775,0.141858
-80.4140,3.0740,234.2319,0.141983
-80.0500,3.0639,233.9880,0.142110
-79.6831,3.0540,233.7499,0.142239
-79.2723,3.0436,233.4916,0.142369
-78.8972,3.1026,233.2709,0.142493
-78.5190,3.0971,233.0564,0.142611
-78.1377,3.0920,232.8502,0.142731
-77.7102,3.0865,232.6307,0.142856
-77.3207,3.0824,232.4417,0.142969
-76.9285,3.0787,232.2609,0.143080
-76.5332,3.0754,232.0877,0.143192
-76.0925,3.0720,231.9044,0.143313
-75.6954,3.0581,231.7467,0.143422
-75.2976,3.0549,231.5974,0.143530
-74.8555,3.0514,231.4417,0.143644
-74.4563,3.0488,231.3113,0.143744
-74.0577,3.0469,231.1902,0.143851
-73.6144,3.0449,231.0673,0.143957
-73.2595,3.0433,230.9776,0.144047
-72.8162,3.0413,230.8762,0.144151
-72.4180,3.0395,230.7947,0.144253
-72.0210,3.0377,230.7223,0.144347
-71.6261,3.0357,230.6588,0.144439
-71.1898,3.0335,230.5992,0.144540
-70.8003,3.0316,230.5556,0.144627
-70.4132,3.0298,230.5210,0.144710
-70.0286,3.0279,230.4953,0.144797
-69.6467,3.0261,230.4783,0.144887
-69.2676,3.0242,230.4699,0.144968
-68.8934,3.0206,230.4693,0.145053
-68.5211,3.0171,230.4773,0.145134
-68.1123,3.0133,230.4965,0.145218
-67.7487,3.0099,230.5229,0.145291
-67.3892,3.0065,230.5579,0.145361
-67.0339,3.0031,230.6015,0.145436
-66.6831,2.9996,230.6534,0.145508
-66.3358,2.9959,230.7136,0.145581
-65.9925,2.9925,230.7823,0.145656
-65.6530,2.9994,230.8599,0.145723
-65.3544,2.9963,230.9365,0.145785
-64.9858,2.9924,231.0416,0.145856
-64.6584,2.9890,231.1447,0.145927
-64.3359,2.9859,231.2555,0.145989
-64.0172,2.9830,231.3738,0.146050
-63.7037,2.9806,231.4995,0.146121
-63.3947,2.9782,231.6328,0.146186
-63.0906,2.9761,231.7732,0.146249
-62.7911,2.9739,231.9210,0.146318
-62.4964,2.9718,232.0756,0.146375
-62.2063,2.9697,232.2369,0.146442
-61.8895,2.9572,232.4234,0.146514
-61.6399,2.9553,232.5774,0.146570
-61.3634,2.9531,232.7561,0.146637
-61.0623,2.9509,232.9616,0.146702
-60.7966,2.9489,233.1523,0.146767
-60.5357,2.9470,233.3483,0.146829
-60.2797,2.9450,233.5495,0.146895
-60.0288,2.9430,233.7558,0.146963
-59.7830,2.9411,233.9669,0.147022
-59.5160,2.9389,234.2069,0.147099
-59.2816,2.9368,234.4270,0.147157
-59.0520,2.9342,234.6516,0.147228
-58.8273,2.9414,234.8802,0.147293
-58.6088,2.9388,235.1131,0.147351
-58.3953,2.9363,235.3497,0.147412
-58.1873,2.9337,235.5900,0.147473
-57.9628,2.9309,235.8613,0.147546
-57.7663,2.9283,236.1088,0.147618
-57.5758,2.9256,236.3596,0.147678
-57.3905,2.9229,236.6137,0.147752
-57.2115,2.9108,236.8703,0.147817
-57.0353,2.8724,237.1294,0.147890
-56.8644,2.8706,237.3902,0.147951
-56.6806,2.8692,237.6812,0.148024
-56.5210,2.8681,237.9456,0.148087
-56.3671,2.8672,238.2124,0.148150
-56.2189,2.8663,238.4816,0.148222
-56.0764,2.8653,238.7529,0.148288
-55.9397,2.8640,239.0262,0.148365
-55.8084,2.8624,239.3016,0.148427
-55.6825,2.8603,239.5791,0.148500
-55.5619,2.8577,239.8584,0.148570
-55.4459,2.8544,240.1401,0.148636
-55.3353,2.8506,240.4237,0.148703
-55.2307,2.8459,240.7078,0.148773
-55.1319,2.8406,240.9920,0.148839
-55.0485,2.8355,241.2444,0.148909
-54.9589,2.8293,241.5283,0.148981
-54.8740,2.8228,241.8127,0.149058
-54.7942,2.8160,242.0983,0.149132
-54.7201,2.8090,242.3857,0.149204
-54.6519,2.8019,242.6747,0.149273
-54.5898,2.7949,242.9656,0.149343
-54.5395,2.7888,243.2253,0.149411
-54.4882,2.7821,243.5188,0.149486
-54.4426,2.7759,243.8134,0.149561
-54.4016,2.7700,244.1087,0.149644
-54.3651,2.7647,244.4045,0.149724
-54.3325,2.7597,244.7005,0.149801
-54.3083,2.7558,244.9644,0.149865
-54.2860,2.7519,245.2616,0.149941
-54.2690,2.7487,245.5591,0.150019
-54.2568,2.7461,245.8568,0.150103
-54.2486,2.7441,246.1546,0.150182
-54.2444,2.7427,246.4516,0.150271
-54.2438,2.7417,246.7479,0.150353
-54.2474,2.7412,247.0441,0.150440
-54.2550,2.7410,247.3080,0.150512
-54.2692,2.7410,247.6052,0.150597
-54.2893,2.7412,247.9024,0.150684
-54.3145,2.7414,248.1996,0.150765
-54.3435,2.7415,248.4968,0.150859
-54.3721,2.7415,248.7608,0.150940
-54.4121,2.7412,249.0912,0.151047
-54.4475,2.7407,249.3556,0.151126
-54.4911,2.7397,249.6531,0.151215
-54.5332,2.7384,249.9175,0.151301
-54.5898,2.7362,250.2484,0.151404
-54.6440,2.7336,250.5471,0.151494
-54.7014,2.7303,250.8457,0.151590
-54.7626,2.7265,251.1436,0.151681
-54.8276,2.7221,251.4404,0.151777
-54.8955,2.7172,251.7368,0.151870
-54.9659,2.7118,252.0332,0.151965
-55.0378,2.7058,252.3298,0.152057
-55.1039,2.7002,252.5939,0.152143
-55.1801,2.6936,252.8914,0.152237
-55.2585,2.6868,253.1897,0.152336
-55.3387,2.6801,253.4883,0.152430
-55.4102,2.6742,253.7545,0.152519
-55.4908,2.6678,254.0544,0.152616
-55.5720,2.6616,254.3548,0.152714
-55.6541,2.6557,254.6559,0.152815
-55.7373,2.6501,254.9576,0.152913
-55.8219,2.6449,255.2600,0.153013
-55.8980,2.6407,255.5296,0.153106
-55.9935,2.6358,255.8680,0.153220
-56.0797,2.6319,256.1741,0.153323
-56.1662,2.6283,256.4817,0.153429
-56.2435,2.6254,256.7563,0.153524
-56.3306,2.6224,257.0667,0.153626
-56.4180,2.6195,257.3788,0.153738
-56.5053,2.6167,257.6924,0.153844
-56.5830,2.6142,257.9727,0.153942
-56.6806,2.6110,258.3250,0.154063
-56.7688,2.6079,258.6441,0.154175
-56.8475,2.6048,258.9294,0.154277
-56.9367,2.6010,259.2520,0.154391
-57.0262,2.5968,259.5766,0.154507
-57.1166,2.5920,259.9030,0.154624
-57.1977,2.5873,260.1949,0.154729
-57.2896,2.5815,260.5250,0.154851
-57.3822,2.5753,260.8570,0.154972
-57.4757,2.5686,261.1907,0.155094
-57.5699,2.5615,261.5263,0.155222
-57.6648,2.5542,261.8639,0.155347
-57.7603,2.5468,262.2033,0.155478
-57.8455,2.5402,262.5069,0.155591
-57.9420,2.5329,262.8503,0.155719
-58.0284,2.5267,263.1571,0.155839
-58.1264,2.5201,263.5042,0.155976
-58.2697,2.5116,264.0092,0.156170
-58.3588,2.5071,264.3219,0.156293
-58.4602,2.5029,264.6755,0.156432
-58.5626,2.4995,265.0312,0.156573
-58.6545,2.4972,265.3488,0.156701
-58.7708,2.4952,265.7480,0.156860
-58.8767,2.4943,266.1093,0.157006
-58.9840,2.4940,266.4723,0.157152
-59.0926,2.4941,266.8371,0.157301
-59.2026,2.4946,267.2037,0.157453
-59.3141,2.4951,267.5720,0.157603
-59.4144,2.4954,267.9007,0.157738
-59.5285,2.4953,268.2722,0.157892
-59.6310,2.4948,268.6038,0.158029
-59.7477,2.4933,268.9783,0.158184
-59.8919,2.4903,269.4383,0.158374
-59.9978,2.4870,269.7744,0.158513
-60.1178,2.4822,270.1541,0.158670
-60.2251,2.4769,270.4931,0.158811
-60.3465,2.4699,270.8760,0.158971
-60.4685,2.4619,271.2607,0.159133
-60.5910,2.4529,271.6472,0.159293
-60.7002,2.4445,271.9922,0.159439
-60.8370,2.4334,272.4255,0.159620
-60.9464,2.4243,272.7738,0.159767
-61.0695,2.4141,273.1676,0.159932
-61.1787,2.4053,273.5193,0.160081
-61.3014,2.3960,273.9170,0.160250
-61.4101,2.3882,274.2722,0.160397
-61.5320,2.3803,274.6739,0.160567
-61.6534,2.3733,275.0777,0.160735
-61.7743,2.3673,275.4837,0.160909
-61.8947,2.3620,275.8918,0.161080
-62.0014,2.3580,276.2566,0.161234
-62.1213,2.3541,276.6689,0.161409
-62.2279,2.3509,277.0372,0.161565
-62.3478,2.3474,277.4535,0.161742
-62.4546,2.3443,277.8252,0.161898
-62.5750,2.3405,278.2454,0.162076
-62.6956,2.3363,278.6675,0.162256
-62.8166,2.3313,279.0917,0.162435
-62.9245,2.3263,279.4704,0.162597
-63.0464,2.3199,279.8983,0.162778
-63.1551,2.3135,280.2803,0.162941
-63.2780,2.3058,280.7118,0.163124
-63.4014,2.2975,281.1453,0.163310
-63.4979,2.2908,281.4838,0.163452
-63.6363,2.2812,281.9694,0.163659
-63.8034,2.2701,282.5554,0.163909
-63.9293,2.2625,282.9972,0.164099
-64.0557,2.2557,283.4408,0.164286
-64.1828,2.2496,283.8866,0.164477
-64.3106,2.2448,284.3345,0.164666
-64.4391,2.2411,284.7843,0.164862
-64.5685,2.2385,285.2360,0.165052
-64.6844,2.2370,285.6390,0.165223
-64.8160,2.2360,286.0942,0.165420
-64.9487,2.2353,286.5512,0.165616
-65.0829,2.2345,287.0099,0.165812
-65.2033,2.2334,287.4189,0.165987
-65.3400,2.2313,287.8806,0.166184
-65.4627,2.2285,288.2923,0.166363
-65.6019,2.2238,288.7570,0.166561
-65.7422,2.2175,289.2233,0.166763
-65.8678,2.2103,289.6390,0.166942
-66.0099,2.2006,290.1083,0.167145
-66.1529,2.1894,290.5792,0.167347
-66.2805,2.1783,290.9991,0.167529
-66.4085,2.1665,291.4203,0.167712
-66.5529,2.1527,291.8958,0.167918
-66.6975,2.1390,292.3733,0.168122
-66.9068,2.1202,293.0661,0.168420
-67.0356,2.1096,293.4938,0.168606
-67.1803,2.0988,293.9751,0.168814
-67.3249,2.0891,294.4567,0.169022
-67.5334,2.0779,295.1522,0.169323
-67.6616,2.0726,295.5800,0.169507
-67.8056,2.0676,296.0611,0.169714
-67.9334,2.0638,296.4884,0.169897
-68.0769,2.0599,296.9688,0.170103
-68.2042,2.0564,297.3957,0.170287
-68.3628,2.0516,297.9295,0.170515
-68.4894,2.0471,298.3571,0.170699
-68.6316,2.0412,298.8388,0.170907
-68.7579,2.0350,299.2678,0.171094
-68.8998,2.0270,299.7517,0.171304
-69.0417,2.0181,300.2368,0.171512
-69.1835,2.0085,300.7234,0.171723
-69.3096,1.9997,301.1572,0.171907
-69.4515,1.9896,301.6467,0.172119
-69.5937,1.9799,302.1379,0.172331
-69.7204,1.9719,302.5760,0.172520
-69.8632,1.9637,303.0705,0.172735
-70.0063,1.9556,303.5660,0.172949
-70.1501,1.9484,304.0640,0.173164
-70.2784,1.9430,304.5081,0.173355
-70.4233,1.9379,305.0095,0.173569
-70.5690,1.9334,305.5124,0.173788
-70.7155,1.9292,306.0170,0.174003
-70.9286,1.9224,306.7487,0.174317
-71.0607,1.9172,307.2005,0.174512
-71.2101,1.9100,307.7102,0.174732
-71.3602,1.9010,308.2214,0.174952
-71.4942,1.8914,308.6769,0.175153
-71.6453,1.8786,309.1908,0.175372
-71.8473,1.8587,309.8782,0.175668
-71.9989,1.8421,310.3956,0.175893
-72.1504,1.8247,310.9145,0.176114
-72.3015,1.8071,311.4352,0.176341
-72.4357,1.7917,311.8994,0.176541
-72.5859,1.7742,312.4229,0.176767
-72.7360,1.7581,312.9489,0.176995
-72.8692,1.7453,313.4182,0.177196
-73.0188,1.7329,313.9481,0.177426
-73.1684,1.7225,314.4800,0.177653
-73.3014,1.7150,314.9545,0.177854
-73.4348,1.7086,315.4305,0.178060
-73.5854,1.7026,315.9678,0.178288
-73.7199,1.6976,316.4469,0.178495
-73.8721,1.6920,316.9873,0.178728
-74.0254,1.6858,317.5292,0.178965
-74.1454,1.6801,317.9517,0.179144
-74.3180,1.6706,318.5566,0.179403
-74.4570,1.6615,319.0418,0.179611
-74.5967,1.6511,319.5280,0.179824
-74.7723,1.6366,320.1374,0.180084
-74.9134,1.6241,320.6262,0.180296
-75.0726,1.6091,321.1771,0.180534
-75.2148,1.5956,321.6684,0.180744
-75.3753,1.5810,322.2226,0.180985
-75.5365,1.5672,322.7785,0.181224
-75.6804,1.5561,323.2740,0.181440
-75.8431,1.5448,323.8330,0.181678
-76.0066,1.5348,324.3938,0.181922
-76.1528,1.5266,324.8936,0.182137
-76.3182,1.5177,325.4573,0.182379
-76.4847,1.5087,326.0226,0.182622
-76.6336,1.4999,326.5262,0.182843
-76.7834,1.4901,327.0309,0.183059
-76.9718,1.4756,327.6632,0.183331
-77.1233,1.4622,328.1702,0.183553
-77.2947,1.4451,328.7419,0.183800
-77.4668,1.4260,329.3148,0.184050
-77.6970,1.3986,330.0807,0.184377
-77.8701,1.3775,330.6568,0.184626
-78.0434,1.3569,331.2346,0.184877
-78.1976,1.3396,331.7494,0.185100
-78.3712,1.3221,332.3292,0.185352
-78.5450,1.3072,332.9090,0.185600
-78.7185,1.2949,333.4882,0.185852
-78.8919,1.2853,334.0664,0.186102
-79.0461,1.2786,334.5797,0.186322
-79.2197,1.2726,335.1561,0.186570
-79.3740,1.2679,335.6675,0.186791
-79.5477,1.2626,336.2417,0.187037
-79.7213,1.2565,336.8148,0.187288
-79.9524,1.2463,337.5775,0.187615
-80.1253,1.2371,338.1479,0.187861
-80.2978,1.2257,338.7172,0.188108
-80.4699,1.2124,339.2856,0.188351
-80.6226,1.1993,339.7902,0.188571
-80.7941,1.1838,340.3569,0.188815
-80.9655,1.1679,340.9233,0.189057
-81.1371,1.1525,341.4899,0.189300
-81.3091,1.1380,342.0567,0.189542
-81.4623,1.1261,342.5610,0.189758
-81.6350,1.1141,343.1288,0.189999
-81.8080,1.1036,343.6969,0.190241
-81.9812,1.0940,344.2648,0.190481
-82.1356,1.0863,344.7699,0.190692
-82.3091,1.0796,345.3360,0.190929
-82.4825,1.0722,345.9007,0.191166
-82.6364,1.0647,346.4005,0.191375
-82.8090,1.0548,346.9593,0.191605
-82.9806,1.0432,347.5137,0.191837
-83.1509,1.0300,348.0632,0.192059
-83.3199,1.0154,348.6078,0.192284
-83.4690,1.0016,349.0879,0.192477
-83.6357,0.9858,349.6237,0.192692
-83.8013,0.9703,350.1550,0.192907
-83.9474,0.9573,350.6233,0.193091
-84.1109,0.9441,351.1459,0.193299
-84.2557,0.9367,351.6077,0.193476
-84.4170,0.9305,352.1204,0.193677
-84.5770,0.9265,352.6273,0.193872
-84.7360,0.9244,353.1283,0.194064
-84.8937,0.9241,353.6229,0.194248
-85.0505,0.9250,354.1112,0.194432
-85.2064,0.9265,354.5928,0.194612
-85.3442,0.9281,355.0154,0.194768
-85.4985,0.9296,355.4852,0.194943
-85.6350,0.9302,355.8979,0.195090
-85.7709,0.9301,356.3061,0.195241
-85.9405,0.9292,356.8121,0.195425
-86.0751,0.9292,357.2104,0.195566
-86.2264,0.9277,357.6529,0.195725
-86.3780,0.9249,358.0891,0.195879
-86.5305,0.9210,358.5192,0.196032
-86.6670,0.9168,358.8966,0.196162
-86.8217,0.9115,359.3158,0.196309
-86.9775,0.9061,359.7293,0.196455
-87.1343,0.9009,360.1367,0.196594
-87.2747,0.8966,360.4938,0.196715
-87.4340,0.8924,360.8901,0.196848
-87.5769,0.8895,361.2378,0.196973
-87.7396,0.8883,361.6252,0.197103
-87.9033,0.8891,362.0054,0.197232
-88.0499,0.8907,362.3384,0.197343
-88.2344,0.8934,362.7476,0.197483
-88.3828,0.8960,363.0698,0.197587
-88.5508,0.8994,363.4268,0.197710
-88.7016,0.9025,363.7394,0.197819
-88.8739,0.9058,364.0862,0.197932
-89.0491,0.9089,364.4284,0.198055
-89.2270,0.9114,364.7658,0.198160
-89.3874,0.9131,365.0620,0.198277
-89.5705,0.9141,365.3929,0.198383
-89.7563,0.9160,365.7181,0.198504
-89.9246,0.9169,366.0037,0.198598
-90.1180,0.9416,366.3205,0.198712
-90.3182,0.9439,366.6312,0.198822
-90.5239,0.9462,366.9373,0.198939
-90.7361,0.9391,367.2385,0.199056
-90.9520,0.9415,367.5359,0.199157
-91.1985,0.9443,367.8603,0.199290
-91.4003,0.9465,368.1153,0.199389
-91.6330,0.9493,368.3978,0.199499
-91.8704,0.9528,368.6745,0.199607
-92.0856,0.9559,368.9158,0.199711
-92.3311,0.9590,369.1803,0.199815
-92.5800,0.9622,369.4390,0.199933
-92.8050,0.9650,369.6641,0.200033
-93.0628,0.9682,369.9117,0.200139
-93.3252,0.9714,370.1529,0.200253
-93.5623,0.9742,370.3616,0.200344
-93.8321,0.9772,370.5891,0.200447
-94.0755,0.9793,370.7860,0.200547
-94.3522,0.9816,371.0013,0.200652
-94.6008,0.9836,371.1872,0.200748
-94.8837,0.9859,371.3900,0.200862
-95.1379,0.9880,371.5645,0.200961
-95.4271,0.9903,371.7542,0.201065
-95.7196,0.9926,371.9365,0.201167
-96.0153,0.9949,372.1114,0.201277
-96.2804,0.9970,372.2607,0.201365
-96.5478,0.9991,372.4040,0.201464
-96.8493,1.0002,372.5573,0.201563
-97.1545,1.0005,372.7043,0.201674
-97.5640,1.0009,372.8891,0.201807
-97.8730,1.0012,373.0190,0.201918
-98.1837,1.0015,373.1410,0.202014
-98.4612,1.0017,373.2426,0.202106
-98.9148,1.0122,373.3935,0.202246
-99.1951,1.0124,373.4776,0.202340
-99.5117,1.0124,373.5648,0.202445
-99.8291,1.0124,373.6442,0.202532
-100.1113,1.0124,373.7081,0.202624
-100.4294,0.9724,373.7731,0.202719
-100.7474,0.9715,373.8323,0.202808
-101.0288,0.9710,373.8798,0.202901
-101.3450,0.9705,373.9271,0.202986
-101.6611,0.9702,373.9677,0.203090
-101.9770,0.9700,374.0015,0.203179
-102.2928,0.9697,374.0285,0.203269
-102.5730,0.9695,374.0468,0.203351
-102.8882,0.9691,374.0612,0.203442
-103.2035,0.9686,374.0691,0.203535
-103.4838,0.9680,374.0709,0.203616
-103.8002,0.9671,374.0673,0.203708
-104.1178,0.9661,374.0580,0.203790
-104.4361,0.9651,374.0433,0.203881
-104.7523,0.9644,374.0229,0.203982
-105.0660,0.9635,373.9969,0.204068
-105.3774,0.9626,373.9660,0.204156
-105.6868,0.9618,373.9305,0.204245
-105.9609,0.9612,373.8953,0.204327
-106.2689,0.9606,373.8512,0.204410
-106.5764,0.9602,373.8025,0.204504
-106.8837,0.9600,373.7490,0.204591
-107.1904,0.9601,373.6909,0.204682
-107.4964,0.9604,373.6290,0.204773
-107.8015,0.9610,373.5640,0.204858
-108.0719,0.9617,373.5040,0.204940
-108.3754,0.9627,373.4345,0.205044
-108.6784,0.9638,373.3632,0.205122
-108.9811,0.9650,373.2902,0.205216
-109.2849,0.9668,373.2155,0.205311
-109.6212,0.9695,373.1314,0.205418
-109.8903,0.9715,373.0631,0.205503
-110.1934,0.9736,372.9852,0.205595
-110.4970,0.9753,372.9063,0.205691
-110.8012,0.9766,372.8262,0.205792
-111.1060,0.9775,372.7449,0.205894
-111.3776,0.9779,372.6714,0.205981
-111.7178,0.9778,372.5782,0.206094
-112.0247,0.9772,372.4927,0.206191
-112.3325,0.9761,372.4058,0.206293
-112.6066,0.9747,372.3274,0.206395
-112.9502,0.9725,372.2277,0.206496
-113.2603,0.9702,372.1364,0.206603
-113.5713,0.9676,372.0437,0.206713
-113.8832,0.9649,371.9496,0.206820
-114.1961,0.9622,371.8543,0.206931
-114.4750,0.9599,371.7685,0.207029
-114.7913,0.9578,371.6703,0.207141
-115.1070,0.9578,371.5714,0.207249
-115.4238,0.9584,371.4712,0.207357
-115.7062,0.9594,371.3811,0.207463
-116.0250,0.9613,371.2786,0.207575
-116.3447,0.9639,371.1749,0.207691
-116.6299,0.9669,371.0818,0.207794
-116.9874,0.9717,370.9640,0.207923
-117.3103,0.9769,370.8565,0.208042
-117.5981,0.9821,370.7599,0.208151
-117.9589,0.9895,370.6376,0.208284
-118.2482,0.9959,370.5388,0.208398
-118.5384,1.0026,370.4389,0.208506
-118.9022,1.0114,370.3128,0.208640
-119.2308,1.0195,370.1984,0.208764
-119.5237,1.0266,370.0961,0.208883
-119.9279,1.0362,369.9543,0.209038
-120.2597,1.0435,369.8376,0.209161
-120.6298,1.0510,369.7072,0.209310
-120.9642,1.0570,369.5894,0.209436
-121.3016,1.0627,369.4703,0.209565
-121.6383,1.0695,369.3514,0.209700
-121.9762,1.0754,369.2321,0.209835
-122.3154,1.0806,369.1124,0.209967
-122.6179,1.0847,369.0058,0.210093
-122.9595,1.0886,368.8858,0.210226
-123.3024,1.0921,368.7658,0.210372
-123.6467,1.0953,368.6461,0.210506
-123.9924,1.0984,368.5270,0.210650
-124.3396,1.1015,368.4084,0.210793
-124.6884,1.1048,368.2907,0.210934
-124.9998,1.1080,368.1866,0.211062
-125.3516,1.1121,368.0699,0.211208
-125.7050,1.1167,367.9536,0.211356
-126.0602,1.1220,367.8376,0.211506
-126.3773,1.1272,367.7348,0.211631
-126.7357,1.1337,367.6190,0.211784
-127.0957,1.1408,367.5030,0.211932
-127.4574,1.1484,367.3866,0.212085
-127.8206,1.1563,367.2697,0.212242
-128.1852,1.1644,367.1519,0.212396
-128.5058,1.1957,367.0479,0.212532
-128.8790,1.1796,366.9267,0.212684
-129.2480,1.1890,366.8080,0.212843
-129.6178,1.1978,366.6877,0.213001
-129.9891,1.2060,366.5670,0.213155
-130.3620,1.2134,366.4461,0.213319
-130.7364,1.2201,366.3251,0.213475
-131.0704,1.2253,366.2174,0.213619
-131.4475,1.2304,366.0962,0.213779
-131.8260,1.2348,365.9748,0.213940
-132.2060,1.2388,365.8534,0.214103
-132.5450,1.2420,365.7455,0.214247
-132.9279,1.2455,365.6244,0.214410
-133.3124,1.2492,365.5033,0.214580
-133.6986,1.2533,365.3824,0.214743
-134.0866,1.2580,365.2616,0.214907
-134.4765,1.2636,365.1411,0.215075
-134.8681,1.2702,365.0203,0.215242
-135.2178,1.2772,364.9129,0.215393
-135.6129,1.2862,364.7917,0.215559
-135.9656,1.2953,364.6834,0.215708
-136.3640,1.3067,364.5609,0.215881
-136.7640,1.3193,364.4374,0.216051
-137.1656,1.3327,364.3130,0.216220
-137.4790,1.3437,364.2155,0.216356
-137.9738,1.3621,364.0606,0.216571
-138.3346,1.3760,363.9471,0.216724
-138.7419,1.3914,363.8183,0.216900
-139.3325,1.4126,363.6302,0.217156
-139.6973,1.4248,363.5133,0.217309
-140.1090,1.4376,363.3806,0.217483
-140.5219,1.4491,363.2468,0.217662
-140.9361,1.4595,363.1118,0.217836
-141.3517,1.4686,362.9758,0.218024
-141.7685,1.4768,362.8388,0.218200
-142.1867,1.4840,362.7008,0.218385
-142.6064,1.4907,362.5620,0.218564
-143.0274,1.4971,362.4224,0.218751
-143.4030,1.5028,362.2978,0.218914
-143.8740,1.5103,362.1412,0.219120
-144.2997,1.5176,361.9998,0.219300
-144.7269,1.5258,361.8580,0.219491
-145.1080,1.5338,361.7314,0.219654
-145.5382,1.5438,361.5887,0.219836
-145.9700,1.5547,361.4455,0.220025
-146.4035,1.5665,361.3018,0.220219
-146.8385,1.5788,361.1577,0.220408
-147.2750,1.5914,361.0132,0.220599
-147.7137,1.6046,360.8680,0.220789
-148.1044,1.6163,360.7387,0.220959
-148.5453,1.6289,360.5926,0.221147
-148.9878,1.6407,360.4460,0.221346
-149.4319,1.6515,360.2990,0.221535
-149.9274,1.6622,360.1351,0.221753
-150.3755,1.6706,359.9872,0.221946
-150.7758,1.6773,359.8557,0.222124
-151.2285,1.6842,359.7076,0.222320
-151.6840,1.6907,359.5595,0.222524
-152.1425,1.6972,359.4118,0.222718
-152.6041,1.7041,359.2643,0.222920
-153.0690,1.7119,359.1171,0.223123
-153.4851,1.7200,358.9865,0.223299
-153.9565,1.7305,358.8399,0.223509
-154.4313,1.7428,358.6935,0.223716
-154.9097,1.7571,358.5471,0.223922
-155.3914,1.7731,358.4004,0.224129
-155.8766,1.7908,358.2530,0.224344
-156.3652,1.8097,358.1048,0.224551
-156.8023,1.8272,357.9720,0.224740
-157.2971,1.8472,357.8216,0.224950
-157.7949,1.8669,357.6698,0.225169
-158.2395,1.8837,357.5338,0.225362
-158.7986,1.9041,357.3623,0.225603
-159.2476,1.9190,357.2242,0.225796
-159.8115,1.9356,357.0505,0.226040
-160.3216,1.9486,356.8932,0.226269
-160.8343,1.9600,356.7354,0.226489
-161.3494,1.9701,356.5769,0.226709
-161.8097,1.9785,356.4357,0.226912
-162.3302,1.9875,356.2765,0.227140
-162.8539,1.9969,356.1171,0.227364
-163.3812,2.0070,355.9574,0.227592
-163.9124,2.0184,355.7974,0.227820
-164.3879,2.0296,355.6549,0.228034
-164.9268,2.0438,355.4943,0.228260
-165.4699,2.0593,355.3333,0.228499
-166.2004,2.0816,355.1178,0.228815
-166.7527,2.0989,354.9554,0.229052
-167.3704,2.1179,354.7743,0.229320
-167.9298,2.1344,354.6104,0.229560
-168.4295,2.1480,354.4642,0.229779
-168.9939,2.1620,354.2987,0.230024
-169.5591,2.1745,354.1318,0.230270
-170.0605,2.1845,353.9826,0.230485
-170.6861,2.1965,353.7952,0.230751
-171.4343,2.2108,353.5695,0.231073
-171.9940,2.2221,353.3996,0.231310
-172.5523,2.2347,353.2293,0.231556
-173.0474,2.2474,353.0775,0.231768
-173.6030,2.2638,352.9062,0.232007
-174.1572,2.2823,352.7345,0.232248
-174.7098,2.3029,352.5621,0.232481
-175.3220,2.3278,352.3699,0.232752
-175.8712,2.3512,352.1962,0.232989
-176.3580,2.3723,352.0412,0.233198
-176.9041,2.3956,351.8660,0.233436
-177.5088,2.4200,351.6705,0.233695
-178.0513,2.4400,351.4937,0.233932
-178.5323,2.4559,351.3360,0.234142
-179.0718,2.4716,351.1580,0.234374
-179.6099,2.4849,350.9794,0.234611
-180.1472,2.4964,350.8003,0.234847
-180.6839,2.5064,350.6206,0.235081
-181.2205,2.5157,350.4405,0.235309
-181.6976,2.5239,350.2802,0.235517
-182.2345,2.5337,350.0995,0.235753
-182.7718,2.5446,349.9185,0.235984
-183.3097,2.5572,349.7370,0.236223
-183.7880,2.5703,349.5753,0.236433
-184.3863,2.5884,349.3726,0.236690
-184.9252,2.6062,349.1895,0.236929
-185.4644,2.6249,349.0057,0.237164
-186.0040,2.6438,348.8212,0.237397
-186.5439,2.6624,348.6361,0.237634
-187.0840,2.6801,348.4501,0.237866
-187.6243,2.6964,348.2635,0.238106
-188.1047,2.7097,348.0971,0.238313
-188.7056,2.7246,347.8887,0.238575
-189.2468,2.7366,347.7008,0.238812
-189.7282,2.7467,347.5337,0.239023
-190.2101,2.7565,347.3665,0.239235
-190.8131,2.7694,347.1577,0.239502
-191.4170,2.7836,346.9490,0.239762
-191.9009,2.7966,346.7822,0.239977
-192.4461,2.8133,346.5947,0.240215
-192.9923,2.8322,346.4071,0.240451
-193.5394,2.8534,346.2195,0.240689
-194.0265,2.8737,346.0527,0.240906
-194.6362,2.9005,345.8440,0.241169
-195.1246,2.9223,345.6769,0.241385
-195.6748,2.9465,345.4889,0.241625
-196.2256,2.9696,345.3009,0.241866
-196.7771,2.9909,345.1131,0.242105
-197.3276,3.0072,344.9261,0.242348
-197.8192,3.0190,344.7597,0.242564
-198.3727,3.0300,344.5728,0.242805
-198.9270,3.0391,344.3865,0.243047
-199.4821,3.0467,344.2012,0.243291
-199.9765,3.0529,344.0377,0.243505
-200.5337,3.0599,343.8550,0.243749
-201.0923,3.0675,343.6740,0.243993
-201.7148,3.0774,343.4746,0.244261
-202.2140,3.0868,343.3162,0.244479
-202.7772,3.0990,343.1390,0.244727
-203.3418,3.1128,342.9624,0.244975
-203.9078,3.1278,342.7861,0.245218
-204.4752,3.1436,342.6102,0.245461
-205.0438,3.1593,342.4344,0.245708
-205.5500,3.1729,342.2785,0.245925
-206.1840,3.1886,342.0838,0.246204
-206.7554,3.2012,341.9091,0.246448
-207.3277,3.2123,341.7349,0.246698
-207.9010,3.2220,341.5615,0.246941
-208.4751,3.2307,341.3889,0.247186
-209.1140,3.2400,341.1984,0.247462
-209.6900,3.2489,341.0281,0.247712
-210.2024,3.2577,340.8778,0.247936
-210.7149,3.2679,340.7285,0.248151
-211.3553,3.2829,340.5433,0.248429
-211.9310,3.2988,340.3778,0.248674
-212.5061,3.3169,340.2133,0.248921
-213.0802,3.3368,340.0495,0.249166
-213.5899,3.3554,339.9044,0.249386
-214.1622,3.3767,339.7416,0.249627
-214.6701,3.3954,339.5971,0.249846
-215.3037,3.4173,339.4166,0.250119
-215.8094,3.4332,339.2723,0.250333
-216.3773,3.4488,339.1099,0.250577
-216.9439,3.4619,338.9478,0.250819
-217.5093,3.4725,338.7857,0.251059
-218.0109,3.4800,338.6417,0.251273
-218.5740,3.4868,338.4798,0.251511
-219.1360,3.4925,338.3181,0.251756
-219.6969,3.4980,338.1566,0.251989
-220.2566,3.5040,337.9951,0.252235
-220.8151,3.5111,337.8334,0.252472
-221.3106,3.5187,337.6895,0.252684
-221.8672,3.5291,337.5273,0.252920
-222.4235,3.5413,337.3649,0.253153
-222.9799,3.5553,337.2022,0.253401
-223.5366,3.5705,337.0390,0.253634
-224.0938,3.5864,336.8754,0.253873
-224.6513,3.6025,336.7112,0.254113
-225.2094,3.6181,336.5464,0.254352
-225.7057,3.6312,336.3995,0.254561
-226.2646,3.6449,336.2337,0.254800
-226.8241,3.6571,336.0673,0.255037
-227.3842,3.6681,335.9005,0.255278
-227.9452,3.6781,335.7334,0.255521
-228.5071,3.6877,335.5662,0.255762
-229.0074,3.6964,335.4175,0.255982
-229.5714,3.7068,335.2501,0.256219
-230.1367,3.7185,335.0827,0.256457
-230.7033,3.7319,334.9153,0.256702
-231.2713,3.7473,334.7477,0.256948
-231.7772,3.7625,334.5987,0.257166
-232.3477,3.7812,334.4307,0.257413
-232.9194,3.8009,334.2622,0.257652
-233.4922,3.8210,334.0930,0.257897
-234.0661,3.8408,333.9229,0.258142
-234.6409,3.8593,333.7521,0.258389
-235.2159,3.8758,333.5807,0.258628
-235.7908,3.8898,333.4090,0.258878
-236.3012,3.9000,333.2561,0.259097
-236.8745,3.9090,333.0844,0.259339
-237.4465,3.9159,332.9129,0.259586
-238.0173,3.9211,332.7419,0.259835
-238.5236,3.9252,332.5904,0.260046
-239.0921,3.9297,332.4206,0.260294
-239.6593,3.9350,332.2518,0.260531
-240.2248,3.9418,332.0838,0.260775
-240.7257,3.9496,331.9352,0.260989
-241.2870,3.9603,331.7691,0.261224
-241.8456,3.9732,331.6038,0.261471
-242.3397,3.9862,331.4576,0.261671
-242.8928,4.0022,331.2938,0.261906
-243.4429,4.0191,331.1308,0.262148
-243.9897,4.0362,330.9685,0.262380
-244.5333,4.0528,330.8070,0.262614
-245.0737,4.0685,330.6462,0.262841
-245.6108,4.0829,330.4863,0.263071
-246.1446,4.0957,330.3273,0.263307
-246.6165,4.1059,330.1867,0.263500
-247.1444,4.1163,330.0295,0.263729
-247.6693,4.1259,329.8732,0.263952
-248.1914,4.1351,329.7179,0.264178
-248.6532,4.1433,329.5804,0.264366
-249.1134,4.1520,329.4435,0.264571
-249.6869,4.1639,329.2728,0.264817
-250.1448,4.1744,329.1364,0.265010
-250.6589,4.1875,328.9832,0.265229
-251.1151,4.2002,328.8472,0.265423
-251.6272,4.2156,328.6943,0.265637
-252.1383,4.2317,328.5415,0.265861
-252.6486,4.2480,328.3887,0.266080
-253.1585,4.2642,328.2357,0.266291
-253.6113,4.2780,328.0995,0.266486
-254.1206,4.2924,327.9460,0.266702
-254.6297,4.3051,327.7923,0.266925
-255.1388,4.3160,327.6385,0.267143
-255.6480,4.3248,327.4847,0.267355
-256.1573,4.3317,327.3311,0.267576
-256.6102,4.3365,327.1949,0.267768
-257.1199,4.3407,327.0422,0.267990
-257.6298,4.3442,326.8902,0.268207
-258.1401,4.3477,326.7390,0.268423
-258.6505,4.3517,326.5887,0.268645
-259.1037,4.3562,326.4560,0.268841
-259.6129,4.3627,326.3077,0.269053
-260.1207,4.3710,326.1606,0.269271
-260.6268,4.3812,326.0146,0.269487
-261.0746,4.3919,325.8860,0.269674
-261.5754,4.4055,325.7425,0.269884
-262.0730,4.4204,325.6003,0.270101
-262.5672,4.4362,325.4593,0.270311
-263.0036,4.4506,325.3348,0.270494
-263.4911,4.4667,325.1957,0.270700
-264.0285,4.4838,325.0420,0.270939
-264.5082,4.4981,324.9046,0.271128
-264.9314,4.5099,324.7831,0.271313
-265.4039,4.5220,324.6472,0.271520
-265.8725,4.5327,324.5119,0.271702
-266.3886,4.5432,324.3623,0.271936
-266.7981,4.5507,324.2431,0.272105
-267.2551,4.5585,324.1093,0.272303
-267.7083,4.5659,323.9756,0.272491
-268.1576,4.5732,323.8417,0.272687
-268.6029,4.5807,323.7075,0.272880
-268.9954,4.5878,323.5876,0.273039
-269.4331,4.5964,323.4521,0.273228
-269.8669,4.6057,323.3157,0.273404
-270.2965,4.6159,323.1783,0.273591
-270.6748,4.6254,323.0552,0.273755
-271.0965,4.6366,322.9156,0.273929
-271.5141,4.6483,322.7750,0.274111
-271.9272,4.6601,322.6331,0.274289
-272.3359,4.6719,322.4900,0.274463
-272.7405,4.6833,322.3457,0.274637
-273.1410,4.6941,322.2002,0.274808
-273.4937,4.7030,322.0697,0.274959
-273.8874,4.7121,321.9216,0.275133
-274.3211,4.7208,321.7550,0.275315
-274.6648,4.7472,321.6197,0.275474
-275.0497,4.7553,321.4649,0.275638
-275.3900,4.7625,321.3255,0.275786
-275.8129,4.7713,321.1488,0.275979
-276.1497,4.7782,321.0053,0.276127
-276.5270,4.7765,320.8416,0.276292
-276.9026,4.7842,320.6766,0.276454
-277.2759,4.7919,320.5100,0.276624
-277.6062,4.7987,320.3601,0.276770
-277.9763,4.8064,320.1891,0.276945
-278.3445,4.8140,320.0154,0.277109
-278.7106,4.8217,319.8393,0.277274
-279.0342,4.8284,319.6806,0.277414
-279.3559,4.8352,319.5200,0.277567
-279.7549,4.8436,319.3165,0.277750
-280.0713,4.8497,319.1520,0.277893
-280.4252,4.8567,318.9644,0.278051
-280.7763,4.8635,318.7745,0.278211
-281.1247,4.8704,318.5822,0.278378
-281.4320,4.8765,318.4091,0.278526
-281.7749,4.8832,318.2122,0.278688
-282.1153,4.8899,318.0132,0.278840
-282.4528,4.8965,317.8125,0.279005
-282.7878,4.9031,317.6100,0.279166
-283.1196,4.9094,317.4061,0.279329
-283.4495,4.9151,317.2004,0.279479
-283.7406,4.9201,317.0164,0.279619
-284.0659,4.9258,316.8080,0.279780
-284.3891,4.9314,316.5980,0.279931
-284.7105,4.9370,316.3862,0.280093
-285.0303,4.9426,316.1726,0.280248
-285.3488,4.9482,315.9570,0.280406
-285.6306,4.9532,315.7637,0.280550
-285.9457,4.9586,315.5451,0.280702
-286.2603,4.9632,315.3242,0.280850
-286.5737,4.9679,315.1017,0.281014
-286.8859,4.9725,314.8775,0.281167
-287.1626,4.9766,314.6769,0.281306
-287.4730,4.9812,314.4498,0.281460
-287.8167,4.9864,314.1958,0.281630
-288.0910,4.9905,313.9915,0.281773
-288.3647,4.9946,313.7863,0.281911
-288.7063,4.9997,313.5287,0.282082
-289.0119,5.0027,313.2968,0.282238
-289.3184,5.0055,313.0631,0.282391
-289.6243,5.0084,312.8286,0.282547
-289.9297,5.0112,312.5930,0.282703
-290.2346,5.0141,312.3564,0.282867
-290.5390,5.0169,312.1187,0.283019
-290.8091,5.0195,311.9066,0.283160
-291.1123,5.0223,311.6674,0.283320
-291.4145,5.0252,311.4279,0.283470
-291.7136,5.0268,311.1896,0.283627
-292.0130,5.0271,310.9513,0.283779
-292.3106,5.0275,310.7143,0.283929
-292.6391,5.0279,310.4532,0.284100
-292.9329,5.0282,310.2209,0.284249
-293.2252,5.0286,309.9914,0.284407
-293.5484,5.0289,309.7398,0.284567
-293.8380,5.0293,309.5168,0.284714
-294.1267,5.0296,309.2968,0.284863
-294.4131,5.0284,309.0807,0.285011
-294.6997,5.0271,308.8669,0.285154
-295.0169,5.0256,308.6328,0.285315
-295.2697,5.0245,308.4482,0.285448
-295.5847,5.0230,308.2207,0.285606
-295.8672,5.0218,308.0192,0.285749
-296.1491,5.0205,307.8209,0.285889
-296.4302,5.0192,307.6257,0.286033
-296.7102,5.0175,307.4341,0.286168
-297.0213,5.0154,307.2246,0.286326
-297.3008,5.0136,307.0396,0.286466
-297.5799,5.0117,306.8578,0.286601
-297.8586,5.0098,306.6794,0.286739
-298.1370,5.0080,306.5042,0.286875
-298.4464,5.0060,306.3133,0.287029
-298.7249,5.0041,306.1447,0.287162
-299.0044,5.0028,305.9788,0.287295
-299.2837,5.0016,305.8159,0.287434
-299.5949,5.0002,305.6383,0.287585
-299.8762,5.0088,305.4817,0.287716
-300.1580,5.0077,305.3279,0.287853
-300.4410,4.9702,305.1772,0.287990
-300.7247,4.9674,305.0290,0.288124
-301.0088,4.9651,304.8835,0.288255
-301.2955,4.9650,304.7408,0.288390
-301.5819,4.9657,304.6051,0.288526
-301.9012,4.9672,304.4607,0.288675
-302.1891,4.9690,304.3358,0.288805
-302.4774,4.9713,304.2154,0.288940
-302.7660,4.9739,304.0986,0.289076
-303.0871,4.9771,303.9730,0.289223
-303.3793,4.9810,303.8627,0.289357
-303.6695,4.9870,303.7579,0.289488
-303.9602,4.9929,303.6579,0.289618
-304.2518,4.9985,303.5621,0.289750
-304.5435,5.0038,303.4704,0.289879
-304.8365,5.0090,303.3828,0.290011
-305.1281,5.0142,303.2981,0.290138
-305.4539,5.0199,303.2080,0.290284
-305.7128,5.0251,303.1399,0.290399
-306.0041,5.0304,303.0674,0.290532
-306.2953,5.0351,302.9995,0.290658
-306.5862,5.0392,302.9362,0.290786
-306.8783,5.0433,302.8783,0.290913
-307.1685,5.0476,302.8241,0.291043
-307.4577,5.0515,302.7746,0.291169
-307.7470,5.0548,302.7299,0.291294
-308.0358,5.0579,302.6901,0.291422
-308.3239,5.0610,302.6553,0.291548
-308.6114,5.0642,302.6256,0.291671
-308.8981,5.0674,302.6008,0.291797
-309.1532,5.0708,302.5843,0.291906
-309.4381,5.0754,302.5694,0.292031
-309.7201,5.0786,302.5597,0.292155
-310.0031,5.0819,302.5550,0.292277
-310.2540,5.0853,302.5546,0.292384
-310.5354,5.0895,302.5584,0.292506
-310.7849,5.0938,302.5656,0.292617
-311.0646,5.0991,302.5778,0.292736
-311.3436,5.1049,302.5944,0.292855
-311.6217,5.1113,302.6153,0.292976
-311.8355,5.1166,302.6343,0.293069
-312.1436,5.1220,302.6652,0.293200
-312.4209,5.1273,302.6963,0.293322
-312.6980,5.1329,302.7303,0.293441
-312.9445,5.1382,302.7628,0.293544
-313.2528,5.1450,302.8068,0.293680
-313.4688,5.1499,302.8396,0.293771
-313.8088,5.1577,302.8943,0.293918
-314.0873,5.1640,302.9418,0.294040
-314.3353,5.1696,302.9858,0.294143
-314.6117,5.1742,303.0369,0.294261
-314.8918,5.1771,303.0899,0.294383
-315.1102,5.1791,303.1320,0.294479
-315.4231,5.1817,303.1935,0.294612
-315.7057,5.1836,303.2501,0.294729
-315.9890,5.1851,303.3080,0.294855
-316.2418,5.1860,303.3605,0.294960
-316.5585,5.1867,303.4273,0.295098
-316.8446,5.1868,303.4888,0.295216
-317.0997,5.1866,303.5443,0.295326
-317.3878,5.1860,303.6078,0.295451
-317.6741,5.1833,303.6717,0.295576
-317.9647,5.1795,303.7368,0.295695
-318.2562,5.1755,303.8031,0.295820
-318.5166,5.1718,303.8624,0.295931
-318.8110,5.1675,303.9295,0.296055
-319.1070,5.1632,303.9966,0.296180
-319.4048,5.1590,304.0632,0.296314
-319.6713,5.1553,304.1219,0.296418
-319.9727,5.1513,304.1873,0.296547
-320.2761,5.1475,304.2519,0.296675
-320.5811,5.1440,304.3157,0.296803
-320.9895,5.1387,304.3990,0.296973
-321.2998,5.1755,304.4587,0.297104
-321.6121,5.1718,304.5186,0.297228
-321.9262,5.1678,304.5767,0.297361
-322.2069,5.1536,304.6283,0.297480
-322.5248,5.1493,304.6854,0.297607
-322.8445,5.1450,304.7419,0.297735
-323.1302,5.1411,304.7922,0.297856
-323.4538,5.1368,304.8486,0.297992
-323.7794,5.1324,304.9044,0.298119
-324.1066,5.1279,304.9597,0.298257
-324.4351,5.1228,305.0132,0.298398
-324.7303,5.1178,305.0592,0.298513
-325.0649,5.1120,305.1095,0.298646
-325.4023,5.1062,305.1584,0.298788
-325.7421,5.1004,305.2065,0.298921
-326.0462,5.0952,305.2485,0.299057
-326.3906,5.0893,305.2948,0.299194
-326.7372,5.0834,305.3396,0.299335
-327.0474,5.0781,305.3780,0.299455
-327.3986,5.0722,305.4196,0.299603
-327.7522,5.0662,305.4592,0.299744
-328.0680,5.0607,305.4929,0.299878
-328.4261,5.0539,305.5291,0.300026
-328.7865,5.0472,305.5637,0.300165
-329.1491,5.0404,305.5966,0.300317
-329.4327,5.0351,305.6211,0.300434
-329.8401,5.0274,305.6545,0.300588
-330.1681,5.0213,305.6798,0.300728
-330.5391,5.0143,305.7067,0.300877
-330.8707,5.0081,305.7294,0.301014
-331.2040,5.0018,305.7508,0.301145
-331.6231,4.9940,305.7761,0.301315
-331.9603,4.9876,305.7950,0.301450
-332.3416,4.9804,305.8149,0.301603
-332.7250,4.9732,305.8336,0.301759
-333.1105,4.9659,305.8510,0.301905
-333.4550,4.9593,305.8654,0.302053
-333.8445,4.9520,305.8807,0.302205
-334.2361,4.9446,305.8950,0.302361
-334.6299,4.9372,305.9078,0.302520
-334.9818,4.9306,305.9182,0.302660
-335.3797,4.9232,305.9287,0.302819
-335.7798,4.9157,305.9378,0.302982
-336.1820,4.9082,305.9455,0.303138
-336.5864,4.9007,305.9518,0.303302
-336.9934,4.8933,305.9567,0.303472
-337.4022,4.8861,305.9601,0.303636
-337.7674,4.8797,305.9618,0.303780
-338.1804,4.8725,305.9623,0.303940
-338.5954,4.8652,305.9613,0.304107
-338.9662,4.8587,305.9591,0.304263
-339.3853,4.8514,305.9551,0.304427
-339.8065,4.8440,305.9495,0.304592
-340.2298,4.8366,305.9424,0.304771
-340.6553,4.8291,305.9338,0.304939
-341.0828,4.8216,305.9239,0.305114
-341.4644,4.8150,305.9137,0.305264
-341.8956,4.8076,305.9009,0.305437
-342.2806,4.8009,305.8885,0.305594
-342.7159,4.7937,305.8734,0.305765
-343.1530,4.7866,305.8571,0.305947
-343.5431,4.7802,305.8419,0.306104
-343.9838,4.7729,305.8239,0.306279
-344.3772,4.7663,305.8070,0.306435
-344.8713,4.7582,305.7847,0.306638
-345.2684,4.7516,305.7659,0.306797
-345.7170,4.7441,305.7436,0.306974
-346.1175,4.7375,305.7228,0.307141
-346.7717,4.7266,305.6870,0.307402
-347.2271,4.7191,305.6606,0.307590
-347.6336,4.7123,305.6362,0.307747
-348.0929,4.7047,305.6074,0.307934
-348.5029,4.6979,305.5807,0.308103
-348.9661,4.6902,305.5495,0.308293
-349.3794,4.6834,305.5207,0.308454
-349.8464,4.6757,305.4870,0.308645
-350.3153,4.6680,305.4520,0.308835
-350.7338,4.6611,305.4198,0.309010
-351.2065,4.6533,305.3822,0.309196
-351.6812,4.6454,305.3432,0.309388
-352.1049,4.6383,305.3073,0.309562
-352.5834,4.6304,305.2656,0.309753
-353.0638,4.6224,305.2225,0.309954
-353.5461,4.6143,305.1779,0.310147
-353.9766,4.6072,305.1371,0.310319
-354.4626,4.5991,305.0898,0.310519
-355.1137,4.5883,305.0244,0.310789
-355.6043,4.5801,304.9736,0.310985
-356.0968,4.5719,304.9212,0.311183
-356.5361,4.5647,304.8735,0.311373
-357.0874,4.5556,304.8124,0.311594
-357.6411,4.5465,304.7495,0.311823
-358.1413,4.5382,304.6914,0.312020
-358.5876,4.5309,304.6386,0.312207
-359.0914,4.5225,304.5782,0.312409
-359.5970,4.5141,304.5162,0.312615
-360.1046,4.5057,304.4527,0.312826
-360.5573,4.4981,304.3951,0.313009
-361.0684,4.4896,304.3289,0.313223
-361.5814,4.4811,304.2612,0.313438
-362.0962,4.4725,304.1921,0.313644
-362.5555,4.4648,304.1294,0.313837
-363.0738,4.4562,304.0575,0.314051
-363.5941,4.4476,303.9840,0.314264
-364.1161,4.4390,303.9091,0.314473
-364.6399,4.4303,303.8328,0.314696
-365.1071,4.4226,303.7639,0.314882
-365.6343,4.4139,303.6852,0.315099
-366.1634,4.4052,303.6053,0.315317
-366.6352,4.3974,303.5333,0.315517
-367.1677,4.3886,303.4510,0.315731
-367.7019,4.3798,303.3676,0.315955
-368.2381,4.3710,303.2828,0.316180
-368.7761,4.3620,303.1969,0.316400
-369.2558,4.3541,303.1193,0.316597
-369.7972,4.3451,303.0307,0.316829
-370.4010,4.3350,302.9307,0.317079
-370.8856,4.3269,302.8495,0.317279
-371.4325,4.3178,302.7568,0.317503
-371.9813,4.3087,302.6629,0.317733
-372.4705,4.3007,302.5782,0.317931
-373.0226,4.2916,302.4816,0.318167
-373.5765,4.2825,302.3837,0.318394
-374.1322,4.2734,302.2845,0.318629
-374.6896,4.2642,302.1841,0.318856
-375.1866,4.2560,302.0940,0.319062
-375.7473,4.2468,301.9914,0.319293
-376.3725,4.2365,301.8763,0.319554
-376.8742,4.2282,301.7833,0.319762
-377.4403,4.2189,301.6776,0.320002
-377.9456,4.2106,301.5829,0.320215
-378.5168,4.2012,301.4752,0.320448
-379.0915,4.1917,301.3663,0.320692
-379.6699,4.1821,301.2565,0.320930
-380.1869,4.1735,301.1576,0.321148
-380.7720,4.1638,301.0453,0.321390
-381.3608,4.1541,300.9319,0.321643
-381.8873,4.1455,300.8299,0.321858
-382.4832,4.1358,300.7141,0.322109
-383.0160,4.1271,300.6101,0.322335
-383.6190,4.1172,300.4920,0.322585
-384.4965,4.1028,300.3190,0.322951
-385.1086,4.0928,300.1977,0.323209
-385.6558,4.0839,300.0888,0.323435
-386.2749,4.0737,299.9651,0.323698
-386.8283,4.0647,299.8542,0.323931
-387.4545,4.0544,299.7283,0.324195
-388.0843,4.0441,299.6009,0.324456
-388.6472,4.0349,299.4866,0.324693
-389.2840,4.0245,299.3567,0.324960
-389.8532,4.0152,299.2401,0.325197
-390.4970,4.0046,299.1078,0.325464
-391.1451,3.9947,298.9739,0.325738
-391.7963,3.9851,298.8387,0.326014
-392.5243,3.9745,298.6870,0.326318
-393.1100,3.9659,298.5643,0.326565
-393.7724,3.9562,298.4250,0.326839
-394.3643,3.9475,298.3000,0.327085
-395.0334,3.9377,298.1581,0.327371
-395.7061,3.9278,298.0148,0.327647
-396.3070,3.9190,297.8863,0.327905
-396.9865,3.9090,297.7404,0.328190
-397.6697,3.8990,297.5931,0.328478
-398.2800,3.8900,297.4610,0.328732
-398.9701,3.8799,297.3109,0.329025
-399.6637,3.8697,297.1595,0.329313
-400.2834,3.8606,297.0236,0.329576
-400.9839,3.8503,296.8694,0.329877
-401.6880,3.8399,296.7137,0.330172
-402.3168,3.8307,296.5740,0.330432
-403.0275,3.8202,296.4155,0.330733
-403.7405,3.8097,296.2556,0.331035
-404.4538,3.7992,296.0945,0.331334
-405.0870,3.7899,295.9507,0.331593
-405.7980,3.7794,295.7881,0.331900
-406.5075,3.7690,295.6250,0.332196
-407.1371,3.7597,295.4792,0.332460
-407.8439,3.7493,295.3146,0.332765
-408.4710,3.7400,295.1675,0.333028
-409.1751,3.7296,295.0014,0.333322
-409.8777,3.7193,294.8345,0.333618
-410.5787,3.7089,294.6668,0.333913
-411.2782,3.6986,294.4982,0.334208
-411.8988,3.6894,294.3476,0.334473
-412.5954,3.6791,294.1775,0.334759
-413.2134,3.6700,294.0255,0.335025
-413.9071,3.6597,293.8538,0.335324
-414.5994,3.6495,293.6813,0.335609
-415.2901,3.6393,293.5079,0.335909
-415.9792,3.6290,293.3337,0.336197
-416.5906,3.6200,293.1781,0.336460
-417.2007,3.6109,293.0219,0.336718
-417.9617,3.5996,292.8259,0.337037
-418.5691,3.5906,292.6686,0.337294
-419.2511,3.5805,292.4911,0.337582
-419.9315,3.5704,292.3132,0.337869
-420.6106,3.5603,292.1349,0.338161
-421.3634,3.5491,291.9363,0.338484
-421.9644,3.5402,291.7771,0.338739
-422.6391,3.5302,291.5976,0.339021
-423.3125,3.5202,291.4177,0.339307
-423.9844,3.5102,291.2374,0.339597
-424.6549,3.5002,291.0568,0.339880
-425.3242,3.4902,290.8758,0.340163
-425.9178,3.4814,290.7147,0.340417
-426.5845,3.4715,290.5332,0.340704
-427.2498,3.4616,290.3514,0.340984
-427.9137,3.4517,290.1693,0.341265
-428.5765,3.4418,289.9870,0.341546
-429.2385,3.4319,289.8043,0.341830
-429.9001,3.4220,289.6211,0.342113
-430.4882,3.4133,289.4578,0.342363
-431.1500,3.4034,289.2736,0.342652
-431.8123,3.3935,289.0887,0.342927
-432.4753,3.3836,288.9035,0.343213
-433.1387,3.3737,288.7178,0.343497
-433.8030,3.3638,288.5319,0.343780
-434.4682,3.3539,288.3462,0.344062
-434.9862,3.3462,288.2019,0.344285
-435.7272,3.3351,287.9964,0.344604
-436.3954,3.3252,287.8120,0.344888
-437.0648,3.3152,287.6282,0.345174
-437.7356,3.3052,287.4450,0.345461
-438.4076,3.2952,287.2623,0.345748
-439.0810,3.2852,287.0803,0.346037
-439.7559,3.2751,286.8989,0.346322
-440.3570,3.2662,286.7381,0.346581
-441.0347,3.2561,286.5576,0.346869
-441.7139,3.2460,286.3774,0.347159
-442.4704,3.2348,286.1776,0.347486
-443.1529,3.2246,285.9980,0.347776
-443.8369,3.2144,285.8185,0.348068
-444.4463,3.2054,285.6591,0.348333
-445.1333,3.1952,285.4795,0.348626
-445.8987,3.1838,285.2800,0.348951
-446.5124,3.1747,285.1201,0.349210
-447.2045,3.1645,284.9401,0.349505
-447.8982,3.1542,284.7599,0.349802
-448.4388,3.1461,284.6196,0.350031
-449.2130,3.1347,284.4188,0.350360
-449.9115,3.1243,284.2379,0.350655
-450.5337,3.1151,284.0767,0.350925
-451.2351,3.1047,283.8951,0.351223
-451.9383,3.0942,283.7133,0.351520
-452.6430,3.0838,283.5311,0.351823
-453.3493,3.0733,283.3486,0.352125
-453.9784,3.0639,283.1861,0.352394
-454.6877,3.0534,283.0029,0.352697
-455.3987,3.0429,282.8194,0.352999
-456.1113,3.0323,282.6355,0.353303
-456.8257,3.0217,282.4512,0.353607
-457.4621,3.0123,282.2871,0.353878
-458.0999,3.0028,282.1227,0.354151
-458.8994,2.9920,281.9166,0.354491
-459.6204,2.9824,281.7308,0.354797
-460.3431,2.9729,281.5447,0.355106
-460.9869,2.9644,281.3790,0.355381
-461.7128,2.9548,281.1922,0.355691
-462.4403,2.9452,281.0050,0.356004
-463.1695,2.9356,280.8174,0.356313
-463.8190,2.9270,280.6504,0.356590
-464.5513,2.9174,280.4622,0.356901
-465.2853,2.9077,280.2736,0.357214
-466.0210,2.8980,280.0845,0.357528
-466.7583,2.8882,279.8952,0.357843
-467.4151,2.8796,279.7265,0.358124
-468.1556,2.8698,279.5364,0.358441
-468.8152,2.8611,279.3672,0.358721
-469.4760,2.8524,279.1976,0.359002
-470.2210,2.8425,279.0065,0.359318
-470.9677,2.8327,278.8149,0.359637
-471.7160,2.8228,278.6230,0.359958
-472.3825,2.8140,278.4521,0.360241
-473.1339,2.8041,278.2595,0.360563
-473.8031,2.7952,278.0880,0.360850
-474.5575,2.7853,277.8947,0.361170
-475.6500,2.7708,277.6153,0.361638
-476.4085,2.7609,277.4216,0.361960
-477.1685,2.7512,277.2282,0.362286
-477.8456,2.7425,277.0564,0.362571
-478.6087,2.7327,276.8632,0.362898
-479.3735,2.7229,276.6700,0.363224
-480.1400,2.7131,276.4769,0.363550
-480.8228,2.7044,276.3054,0.363843
-481.5926,2.6945,276.1124,0.364170
-482.3640,2.6847,275.9196,0.364502
-483.1372,2.6748,275.7270,0.364828
-483.8255,2.6660,275.5560,0.365122
-484.6005,2.6561,275.3640,0.365452
-485.3753,2.6462,275.1726,0.365782
-486.1494,2.6363,274.9819,0.366111
-486.8365,2.6275,274.8132,0.366404
-487.6082,2.6176,274.6242,0.366732
-488.3784,2.6078,274.4359,0.367061
-489.0614,2.5990,274.2692,0.367353
-489.8267,2.5892,274.0822,0.367679
-490.5881,2.5795,273.8959,0.368004
-491.2609,2.5709,273.7309,0.368288
-492.0132,2.5613,273.5461,0.368607
-492.7607,2.5519,273.3622,0.368924
-493.5030,2.5427,273.1792,0.369240
-494.1585,2.5346,273.0172,0.369518
-494.8911,2.5256,272.8358,0.369829
-495.5381,2.5176,272.6751,0.370105
-496.2610,2.5087,272.4953,0.370412
-496.9788,2.4998,272.3163,0.370716
-497.6123,2.4920,272.1579,0.370988
-498.3200,2.4833,271.9804,0.371289
-499.0223,2.4746,271.8038,0.371586
-499.7193,2.4660,271.6279,0.371886
-500.3344,2.4584,271.4723,0.372143
-501.0213,2.4500,271.2979,0.372436
-501.7030,2.4415,271.1243,0.372725
-502.3044,2.4341,270.9707,0.372981
-502.9760,2.4258,270.7986,0.373267
-503.6422,2.4176,270.6273,0.373551
-504.2299,2.4103,270.4757,0.373802
-504.8861,2.4022,270.3060,0.374079
-505.5368,2.3942,270.1371,0.374360
-506.1822,2.3862,269.9691,0.374637
-506.8221,2.3783,269.8022,0.374909
-507.4569,2.3707,269.6362,0.375181
-508.0164,2.3641,269.4899,0.375416
-508.6409,2.3567,269.3267,0.375681
-509.2600,2.3494,269.1652,0.375949
-509.8741,2.3422,269.0053,0.376210
-510.4835,2.3350,268.8471,0.376468
-511.0885,2.3279,268.6903,0.376727
-511.6235,2.3216,268.5520,0.376955
-512.2234,2.3145,268.3972,0.377212
-512.8217,2.3075,268.2430,0.377466
-513.3524,2.3012,268.1062,0.377693
-514.0145,2.2934,267.9352,0.377976
-514.5433,2.2872,267.7985,0.378203
-515.1371,2.2802,267.6444,0.378457
-515.6642,2.2740,267.5074,0.378683
-516.2562,2.2670,267.3533,0.378933
-516.7814,2.2608,267.2164,0.379158
-517.3714,2.2539,267.0623,0.379409
-517.8950,2.2477,266.9255,0.379633
-518.7440,2.2377,266.7031,0.379996
-519.2654,2.2316,266.5664,0.380218
-519.8510,2.2247,266.4127,0.380469
-520.3708,2.2188,266.2760,0.380691
-520.9543,2.2124,266.1223,0.380940
-521.5368,2.2059,265.9686,0.381187
-521.9891,2.2009,265.8491,0.381382
-522.5696,2.1945,265.6956,0.381630
-523.1492,2.1881,265.5421,0.381877
-523.7277,2.1818,265.3887,0.382125
-524.2409,2.1761,265.2523,0.382344
-524.8171,2.1697,265.0989,0.382588
-525.3917,2.1634,264.9458,0.382832
-525.9008,2.1578,264.8098,0.383052
-526.4712,2.1614,264.6570,0.383295
-526.9757,2.1559,264.5217,0.383512
-527.5404,2.1496,264.3699,0.383751
-528.1016,2.1434,264.2185,0.383995
-528.5974,2.1380,264.0845,0.384206
-529.1516,2.1320,263.9344,0.384441
-529.6411,2.1267,263.8014,0.384652
-530.2490,2.1201,263.6358,0.384909
-530.7925,2.1142,263.4873,0.385143
-531.2725,2.1090,263.3559,0.385346
-531.8093,2.1035,263.2086,0.385578
-532.3425,2.0980,263.0619,0.385807
-532.8723,2.0925,262.9159,0.386033
-533.3405,2.0877,262.7865,0.386232
-533.8643,2.0823,262.6414,0.386455
-534.3847,2.0770,262.4968,0.386676
-534.8445,2.0724,262.3687,0.386875
-535.3587,2.0672,262.2249,0.387094
-535.8697,2.0621,262.0815,0.387314
-536.3212,2.0576,261.9541,0.387506
-536.8262,2.0525,261.8108,0.387722
-537.3282,2.0474,261.6673,0.387937
-537.7717,2.0430,261.5393,0.388127
-538.2678,2.0380,261.3950,0.388339
-538.9791,2.0310,261.1858,0.388644
-539.4136,2.0268,261.0567,0.388831
-539.8994,2.0222,260.9112,0.389038
-540.3823,2.0176,260.7654,0.389245
-540.8621,2.0018,260.6198,0.389449
-541.3396,1.9977,260.4733,0.389656
-541.7606,1.9946,260.3427,0.389833
-542.2313,1.9911,260.1949,0.390035
-542.6470,1.9880,260.0627,0.390213
-543.1116,1.9845,259.9127,0.390416
-543.5731,1.9810,259.7614,0.390611
-544.0314,1.9776,259.6087,0.390807
-544.4359,1.9745,259.4721,0.390981
-544.8877,1.9711,259.3172,0.391175
-545.3361,1.9678,259.1610,0.391366
-545.7317,1.9648,259.0210,0.391534
-546.1735,1.9614,258.8619,0.391727
-546.6118,1.9581,258.7014,0.391915
-546.9984,1.9552,258.5575,0.392081
-547.4299,1.9519,258.3941,0.392268
-547.8579,1.9487,258.2294,0.392452
-548.2823,1.9454,258.0634,0.392634
-548.7047,1.9438,257.8958,0.392815
-549.1218,1.9429,257.7273,0.392994
-549.4895,1.9421,257.5764,0.393153
-549.8998,1.9411,257.4055,0.393333
-550.3066,1.9402,257.2335,0.393509
-550.7098,1.9393,257.0605,0.393685
-551.0652,1.9385,256.9058,0.393838
-551.4615,1.9377,256.7307,0.394014
-551.8542,1.9368,256.5542,0.394186
-552.2000,1.9360,256.3963,0.394339
-552.5856,1.9351,256.2173,0.394508
-552.9677,1.9343,256.0367,0.394674
-553.3043,1.9335,255.8749,0.394829
-553.6816,1.9348,255.6906,0.394992
-554.0533,1.9366,255.5049,0.395160
-554.3810,1.9383,255.3380,0.395308
-554.7468,1.9401,255.1481,0.395470
-555.1096,1.9420,254.9562,0.395636
-555.4300,1.9436,254.7836,0.395779
-555.7883,1.9454,254.5871,0.395941
-556.1445,1.9472,254.3879,0.396101
-556.4988,1.9491,254.1860,0.396263
-556.8140,1.9516,254.0035,0.396406
-557.1648,1.9559,253.7957,0.396568
-557.5139,1.9601,253.5844,0.396722
-557.8616,1.9644,253.3694,0.396886
-558.2077,1.9686,253.1507,0.397051
-558.5524,1.9728,252.9287,0.397212
-558.8955,1.9770,252.7034,0.397373
-559.2370,1.9810,252.4748,0.397532
-559.5394,1.9845,252.2690,0.397678
-559.8783,1.9884,252.0345,0.397833
-560.2158,1.9924,251.7964,0.397998
-560.5520,1.9964,251.5552,0.398164
-560.8841,2.0000,251.3117,0.398322
-561.2178,2.0000,251.0638,0.398483
-561.5503,2.0000,250.8129,0.398644
-561.8815,2.0000,250.5592,0.398807
-562.2115,2.0000,250.3024,0.398968
-562.5400,2.0000,250.0421,0.399134
-562.8670,2.0000,249.7781,0.399300
-563.1897,1.9968,249.5120,0.399465
-563.5137,1.9929,249.2411,0.399630
-563.8365,1.9890,248.9672,0.399796
-564.1580,1.9851,248.6900,0.399958
-564.4778,1.9812,248.4093,0.400126
-564.8313,1.9769,248.0931,0.400314
-565.1104,1.9714,247.8388,0.400464
-565.4247,1.9642,247.5472,0.400631
-565.7376,1.9569,247.2525,0.400798
-566.0486,1.9496,246.9547,0.400970
-566.3572,1.9423,246.6536,0.401136
-566.6606,1.9322,246.3515,0.401316
-566.9641,1.9220,246.0454,0.401480
-567.2630,1.9121,245.7374,0.401653
-567.5582,1.9022,245.4277,0.401815
-567.8479,1.8906,245.1182,0.401989
-568.1354,1.8792,244.8067,0.402157
-568.4166,1.8685,244.4954,0.402323
-568.6934,1.8580,244.1833,0.402488
-568.9646,1.8487,243.8720,0.402652
-569.2307,1.8395,243.5609,0.402813
-569.4916,1.8299,243.2509,0.402973
-569.7491,1.8216,242.9380,0.403141
-569.9999,1.8158,242.6283,0.403300
-570.2458,1.8101,242.3194,0.403459
-570.4869,1.8043,242.0115,0.403618
-570.7247,1.7993,241.7030,0.403772
-570.9821,1.7965,241.3644,0.403947
-571.2094,1.7940,241.0616,0.404097
-571.4331,1.7916,240.7607,0.404253
-571.6532,1.7892,240.4622,0.404408
-571.8708,1.7880,240.1647,0.404561
-572.0846,1.7873,239.8708,0.404712
-572.2955,1.7867,239.5791,0.404863
-572.5035,1.7861,239.2894,0.405011
-572.6863,1.7855,239.0333,0.405147
-572.9127,1.7854,238.7139,0.405303
-573.1139,1.7859,238.4285,0.405450
-573.3132,1.7863,238.1441,0.405593
-573.4890,1.7867,237.8923,0.405721
-573.6854,1.7872,237.6104,0.405863
-573.9024,1.7878,237.2989,0.406019
-574.0748,1.7887,237.0520,0.406147
-574.2678,1.7897,236.7769,0.406287
-574.4601,1.7907,236.5052,0.406422
-574.6519,1.7917,236.2373,0.406561
-574.8434,1.7927,235.9733,0.406696
-575.0135,1.7937,235.7423,0.406816
-575.2257,1.7948,235.4585,0.406968
-575.4166,1.7959,235.2078,0.407098
-575.6077,1.7969,234.9618,0.407232
-575.7773,1.7978,234.7475,0.407344
-575.9901,1.7984,234.4846,0.407492
-576.1818,1.7989,234.2532,0.407618
-576.3739,1.7995,234.0269,0.407743
-576.5451,1.7999,233.8303,0.407854
-576.7381,1.8000,233.6146,0.407979
-576.9321,1.8000,233.4042,0.408101
-577.1270,1.8000,233.1996,0.408223
-577.3229,1.8000,233.0011,0.408348
-577.5198,1.8000,232.8088,0.408463
-577.7177,1.8000,232.6228,0.408577
-577.8943,1.8000,232.4627,0.408682
-578.1160,1.8000,232.2697,0.408812
-578.3161,1.8100,232.1026,0.408927
-578.4949,1.8100,231.9597,0.409027
-578.7296,1.8207,231.8119,0.409137
-578.9599,1.8431,231.6644,0.409259
-579.1621,1.8581,231.5237,0.409368
-579.3316,1.8418,231.3869,0.409463
-579.5329,1.8564,231.2549,0.409566
-579.7056,1.8696,231.1715,0.409661
-579.9371,1.8400,231.0174,0.409776
-580.1161,1.8497,230.9142,0.409868
-580.3241,1.8578,230.8261,0.409973
-580.5241,1.8645,230.7175,0.410070
-580.6918,1.8499,230.5781,0.410173
-580.8925,1.8430,230.5170,0.410260
-581.1136,1.8512,230.4172,0.410368
-581.2581,1.8533,230.3746,0.410441
-581.4705,1.8531,230.2988,0.410545
-581.6818,1.8304,230.2138,0.410640
-581.8640,1.8342,230.1693,0.410732
-582.0602,1.8292,230.1122,0.410824
-582.2479,1.8256,230.0616,0.410913
-582.4221,1.8175,230.0193,0.410996
-582.6233,1.8167,229.9336,0.411087
-582.8196,1.8169,229.8964,0.411174
-583.0157,1.8171,229.8651,0.411265
-583.2133,1.8074,229.8379,0.411353
-583.3879,1.8073,229.8150,0.411432
-583.6059,1.8070,229.7889,0.411532
-583.8016,1.8067,229.7702,0.411618
-583.9969,1.8065,229.7560,0.411708
-584.1700,1.8063,229.7458,0.411787
-584.3640,1.8060,229.7364,0.411874
-584.5567,1.8058,229.7299,0.411964
-584.7261,1.8052,229.7274,0.412041
-584.9161,1.8046,229.7295,0.412122
-585.0849,1.8040,229.7367,0.412205
-585.2748,1.8034,229.7498,0.412288
-585.4647,1.8027,229.7666,0.412374
-585.6339,1.8021,229.7847,0.412448
-585.8240,1.8014,229.8076,0.412534
-586.0132,1.8007,229.8333,0.412619
-586.1805,1.8001,229.8591,0.412695
-586.3672,1.7991,229.8915,0.412778
-586.6160,1.7977,229.9399,0.412891
-586.8019,1.7966,229.9792,0.412980
-586.9877,1.7956,230.0213,0.413061
-587.1528,1.7947,230.0615,0.413143
-587.3382,1.7937,230.1095,0.413228
-587.5233,1.7926,230.1603,0.413313
-587.6876,1.7917,230.2077,0.413385
-587.8723,1.7906,230.2636,0.413481
-588.0568,1.7895,230.3224,0.413570
-588.2405,1.7884,230.3838,0.413657
-588.4039,1.7873,230.4409,0.413734
-588.5876,1.7860,230.5075,0.413824
-588.7709,1.7848,230.5769,0.413911
-588.9539,1.7835,230.6489,0.414006
-589.1165,1.7824,230.7152,0.414085
-589.2990,1.7812,230.7921,0.414176
-589.4611,1.7801,230.8628,0.414259
-589.6433,1.7788,230.9446,0.414348
-589.8254,1.7776,231.0288,0.414442
-590.0685,1.7759,231.1444,0.414567
-590.2712,1.7745,231.2434,0.414668
-590.4337,1.7734,231.3242,0.414749
-590.6172,1.7720,231.4165,0.414847
-590.8014,1.7707,231.5100,0.414944
-590.9657,1.7695,231.5943,0.415026
-591.1515,1.7681,231.6901,0.415126
-591.3383,1.7667,231.7869,0.415218
-591.5053,1.7655,231.8737,0.415300
-591.6943,1.7641,231.9723,0.415400
-591.8634,1.7628,232.0607,0.415486
-592.0336,1.7615,232.1498,0.415572
-592.3342,1.7593,232.3073,0.415727
-592.5076,1.7580,232.3980,0.415808
-592.6824,1.7567,232.4893,0.415897
-592.8807,1.7552,232.5925,0.415996
-593.0809,1.7537,232.6961,0.416097
-593.2606,1.7524,232.7885,0.416193
-593.4648,1.7508,232.8927,0.416291
-593.6479,1.7495,232.9854,0.416380
-593.8558,1.7479,233.0899,0.416479
-594.0660,1.7463,233.1944,0.416583
-594.2547,1.7449,233.2873,0.416675
-594.4693,1.7433,233.3917,0.416781
-594.6620,1.7419,233.4843,0.416871
-594.8566,1.7404,233.5766,0.416969
-595.1027,1.7386,233.6915,0.417083
-595.3016,1.7371,233.7830,0.417166
-595.5278,1.7355,233.8854,0.417278
-595.7310,1.7340,233.9758,0.417376
-596.0652,1.7315,234.1214,0.417523
-596.2735,1.7300,234.2102,0.417622
-596.5103,1.7283,234.3094,0.417723
-596.7495,1.7265,234.4077,0.417825
-597.0724,1.7242,234.5373,0.417974
-597.3176,1.7225,234.6331,0.418079
-597.5656,1.7207,234.7276,0.418185
-597.7883,1.7191,234.8103,0.418280
-598.0415,1.7173,234.9019,0.418377
-598.2690,1.7158,234.9818,0.418462
-598.5278,1.7140,235.0697,0.418571
-598.7899,1.7122,235.1557,0.418681
-599.0255,1.7106,235.2303,0.418770
-599.2941,1.7088,235.3120,0.418875
-599.5663,1.7069,235.3914,0.418979
-599.8421,1.7051,235.4683,0.419081
-600.0905,1.7035,235.5344,0.419179
-600.3734,1.7017,235.6060,0.419283
-600.6281,1.7000,235.6674,0.419379
-600.9183,1.6982,235.7335,0.419485
-601.2122,1.6964,235.7966,0.419588
-601.5099,1.6945,235.8565,0.419698
-601.7775,1.6928,235.9069,0.419792
-602.0823,1.6908,235.9601,0.419903
-602.3907,1.6888,236.0096,0.420012
-602.6681,1.6870,236.0502,0.420111
-603.1249,1.6840,236.1092,0.420273
-603.4097,1.6822,236.1408,0.420372
-603.7336,1.6800,236.1720,0.420484
-604.0610,1.6778,236.1981,0.420596
-604.3547,1.6759,236.2171,0.420696
-604.6883,1.6737,236.2333,0.420805
-604.9874,1.6717,236.2432,0.420918
-605.3268,1.6695,236.2490,0.421025
-605.6691,1.6672,236.2491,0.421149
-605.9756,1.6652,236.2443,0.421251
-606.3233,1.6630,236.2337,0.421367
-606.6340,1.6609,236.2195,0.421468
-606.9861,1.6585,236.1975,0.421584
-607.4986,1.6550,236.1551,0.421757
-607.8162,1.6529,236.1226,0.421865
-608.1755,1.6504,236.0801,0.421984
-608.5366,1.6480,236.0313,0.422099
-608.8590,1.6458,235.9824,0.422204
-609.2231,1.6433,235.9212,0.422329
-609.5889,1.6407,235.8535,0.422450
-609.9560,1.6380,235.7790,0.422567
-610.2836,1.6357,235.7074,0.422674
-610.6528,1.6333,235.6201,0.422799
-611.0229,1.6308,235.5262,0.422912
-611.3526,1.6286,235.4370,0.423026
-611.7242,1.6261,235.3304,0.423150
-612.0965,1.6237,235.2171,0.423275
-612.4277,1.6215,235.1109,0.423390
-612.8009,1.6190,234.9852,0.423515
-613.1743,1.6165,234.8531,0.423640
-613.5483,1.6141,234.7148,0.423771
-613.8806,1.6121,234.5860,0.423880
-614.2549,1.6101,234.4349,0.424012
-614.7533,1.6076,234.2234,0.424193
-615.1270,1.6057,234.0566,0.424319
-615.5002,1.6037,233.8831,0.424456
-615.8314,1.6020,233.7232,0.424576
-616.2023,1.6000,233.5374,0.424711
-616.5737,1.5963,233.3450,0.424850
-616.9444,1.5923,233.1459,0.424991
-617.2731,1.5887,232.9636,0.425111
-617.6423,1.5847,232.7524,0.425248
-618.0103,1.5806,232.5347,0.425387
-618.3758,1.5757,232.3112,0.425538
-618.7006,1.5701,232.1065,0.425665
-619.0648,1.5638,231.8703,0.425816
-619.4278,1.5571,231.6285,0.425955
-619.7492,1.5511,231.4079,0.426088
-620.1091,1.5443,231.1537,0.426235
-620.4680,1.5381,230.8929,0.426381
-620.8243,1.5325,230.6264,0.426535
-621.1395,1.5274,230.3843,0.426666
-621.4926,1.5218,230.1064,0.426822
-621.8051,1.5167,229.8545,0.426962
-622.1547,1.5110,229.5660,0.427115
-622.4663,1.5061,229.3035,0.427254
-622.8127,1.5040,229.0046,0.427412
-623.1570,1.5020,228.7001,0.427566
-623.4993,1.4999,228.3900,0.427728
-623.8398,1.4979,228.0744,0.427889
-624.1410,1.4960,227.7894,0.428037
-624.4780,1.4940,227.4639,0.428205
-624.8527,1.4942,227.0932,0.428388
-625.1481,1.4972,226.7939,0.428536
-625.4780,1.5006,226.4516,0.428706
-625.8055,1.5041,226.1037,0.428873
-626.1307,1.5075,225.7504,0.429046
-626.4539,1.5110,225.3918,0.429216
-626.7745,1.5145,225.0281,0.429397
-627.0942,1.5184,224.6556,0.429566
-627.3743,1.5275,224.3236,0.429729
-627.6860,1.5377,223.9445,0.429911
-627.9947,1.5480,223.5597,0.430090
-628.3003,1.5584,223.1694,0.430272
-628.6027,1.5688,222.7739,0.430458
-628.9353,1.5805,222.3286,0.430666
-629.1983,1.5898,221.9682,0.430829
-629.4926,1.6007,221.5556,0.431014
-629.7812,1.6170,221.1414,0.431207
-630.0650,1.6333,220.7224,0.431396
-630.3743,1.6514,220.2518,0.431613
-630.6472,1.6678,219.8242,0.431800
-630.9144,1.6843,219.3930,0.431987
-631.1764,1.7009,218.9598,0.432189
-631.4040,1.7156,218.5734,0.432359
-631.6543,1.7321,218.1375,0.432551
-631.8998,1.7511,217.6985,0.432741
-632.1121,1.7685,217.3082,0.432915
-632.3453,1.7881,216.8676,0.433102
-632.5731,1.8076,216.4254,0.433294
-632.7706,1.8249,216.0313,0.433467
-632.9877,1.8443,215.5869,0.433659
-633.1992,1.8636,215.1420,0.433843
-633.4049,1.8831,214.6962,0.434045
-633.5839,1.9006,214.3002,0.434213
-633.7816,1.9214,213.8525,0.434405
-633.9739,1.9435,213.4052,0.434593
-634.1412,1.9631,213.0064,0.434774
-634.3258,1.9851,212.5566,0.434963
-634.4867,2.0047,212.1560,0.435130
-634.6647,2.0267,211.7044,0.435322
-634.8591,2.0511,211.2018,0.435541
-635.0312,2.0730,210.7488,0.435731
-635.1816,2.0929,210.3448,0.435908
-635.3497,2.1155,209.8901,0.436101
-635.5165,2.1398,209.4328,0.436294
-635.6811,2.1651,208.9760,0.436495
-635.8432,2.1902,208.5180,0.436687
-636.0054,2.2150,208.0586,0.436881
-636.1669,2.2398,207.5981,0.437077
-636.3099,2.2619,207.1877,0.437253
-636.4880,2.2896,206.6734,0.437476
-636.6300,2.3119,206.2608,0.437654
-636.7893,2.3369,205.7954,0.437853
-636.9480,2.3620,205.3287,0.438055
-637.0894,2.3852,204.9108,0.438230
-637.2300,2.4103,204.4938,0.438412
-637.3878,2.4386,204.0234,0.438607
-637.5275,2.4635,203.6042,0.438791
-637.7036,2.4945,203.0789,0.439017
-637.8450,2.5193,202.6576,0.439197
-638.0046,2.5473,202.1825,0.439404
-638.1649,2.5754,201.7063,0.439613
-638.3079,2.6004,201.2819,0.439796
-638.4694,2.6286,200.8034,0.440005
-638.6135,2.6538,200.3768,0.440190
-638.7765,2.6834,199.8941,0.440401
-638.9396,2.7144,199.4115,0.440610
-639.0852,2.7421,198.9813,0.440800
-639.2490,2.7730,198.4960,0.441010
-639.4139,2.8040,198.0093,0.441220
-639.5795,2.8351,197.5213,0.441433
-639.7457,2.8662,197.0318,0.441646
-639.8939,2.8940,196.5956,0.441837
-640.0612,2.9253,196.1036,0.442052
-640.2291,2.9567,195.6103,0.442268
-640.3975,2.9882,195.1155,0.442485
-640.5493,3.0224,194.6683,0.442678
-640.7186,3.0652,194.1715,0.442896
-640.8894,3.1087,193.6732,0.443114
-641.0600,3.1523,193.1736,0.443332
-641.2313,3.1961,192.6727,0.443552
-641.3842,3.2351,192.2263,0.443746
-641.5566,3.2791,191.7230,0.443967
-641.7101,3.3183,191.2746,0.444164
-641.8831,3.3625,190.7690,0.444384
-642.0562,3.4058,190.2628,0.444606
-642.2313,3.4502,189.7545,0.444826
-642.3859,3.4898,189.3017,0.445027
-642.5601,3.5345,188.7909,0.445251
-642.7338,3.5895,188.2791,0.445477
-642.8890,3.6294,187.8223,0.445675
-643.0637,3.6745,187.3068,0.445902
-643.2383,3.7197,186.7897,0.446125
-643.4129,3.7649,186.2713,0.446350
-643.5682,3.8053,185.8093,0.446552
-643.7429,3.8508,185.2882,0.446779
-643.8979,3.8914,184.8236,0.446981
-644.0721,3.9371,184.2993,0.447208
-644.2457,3.9830,183.7733,0.447435
-644.3997,4.0238,183.3042,0.447640
-644.5728,4.0699,182.7750,0.447872
-644.7452,4.1162,182.2440,0.448102
-644.9745,4.1780,181.5335,0.448410
-645.1459,4.2245,180.9987,0.448641
-645.2977,4.2659,180.5219,0.448847
-645.4677,4.3127,179.9840,0.449081
-645.6371,4.3595,179.4443,0.449311
-645.7872,4.4012,178.9633,0.449519
-645.9556,4.4483,178.4205,0.449747
-646.1047,4.4902,177.9368,0.449958
-646.2720,4.5375,177.3911,0.450190
-646.4204,4.5796,176.9048,0.450401
-646.5869,4.6271,176.3563,0.450639
-646.7343,4.6694,175.8676,0.450847
-646.8999,4.7170,175.3162,0.451088
-647.1382,4.7861,174.5171,0.451424
-647.2845,4.8287,174.0238,0.451639
-647.4486,4.8767,173.4674,0.451875
-647.6123,4.9249,172.9095,0.452115
-647.7755,4.9731,172.3501,0.452352
-647.9202,5.0161,171.8516,0.452569
-648.0826,5.0646,171.2893,0.452804
-648.2445,5.1131,170.7255,0.453046
-648.3879,5.1568,170.2228,0.453253
-648.5487,5.2060,169.6560,0.453502
-648.7087,5.2562,169.0870,0.453743
-648.8677,5.3067,168.5167,0.453984
-649.0258,5.3575,167.9446,0.454218
-649.1882,5.3956,167.3721,0.454467
-649.3446,5.4462,166.7987,0.454708
-649.4995,5.4967,166.2252,0.454951
-649.6528,5.5472,165.6517,0.455195
-649.7875,5.5920,165.1420,0.455404
-649.9370,5.6421,164.5686,0.455652
-650.0845,5.6918,163.9949,0.455891
-650.2140,5.7358,163.4852,0.456111
-650.3577,5.7853,162.9119,0.456349
-650.4992,5.8347,162.3388,0.456594
-650.6230,5.8785,161.8296,0.456804
-650.7590,5.9280,161.2560,0.457046
-650.8939,5.9784,160.6836,0.457289
-651.0117,6.0232,160.1751,0.457499
-651.1561,6.0772,159.5405,0.457760
-651.2700,6.1201,159.0323,0.457971
-651.3961,6.1683,158.4609,0.458207
-651.5337,6.2217,157.8265,0.458479
-651.6403,6.2645,157.3180,0.458691
-651.7599,6.3140,156.7474,0.458928
-651.8644,6.3579,156.2403,0.459134
-651.9929,6.4128,155.6061,0.459400
-652.1062,6.4604,155.0363,0.459635
-652.2058,6.5023,154.5286,0.459846
-652.3165,6.5495,153.9573,0.460085
-652.4254,6.5966,153.3856,0.460320
-652.5192,6.6400,152.8760,0.460532
-652.6249,6.6887,152.3034,0.460764
-652.7288,6.7374,151.7299,0.461002
-652.8309,6.7862,151.1556,0.461235
-652.9313,6.8333,150.5816,0.461472
-653.0195,6.8746,150.0696,0.461683
-653.1159,6.9213,149.4921,0.461923
-653.2119,6.9692,148.9148,0.462159
-653.3055,7.0171,148.3366,0.462389
-653.3969,7.0651,147.7573,0.462625
-653.4759,7.1078,147.2414,0.462833
-653.5623,7.1559,146.6599,0.463071
-653.6458,7.2018,146.0784,0.463310
-653.7263,7.2481,145.4943,0.463542
-653.8049,7.2949,144.9100,0.463777
-653.8807,7.3417,144.3248,0.464022
-653.9533,7.3886,143.7385,0.464251
-654.0153,7.4302,143.2165,0.464464
-654.0823,7.4771,142.6284,0.464701
-654.1462,7.5229,142.0405,0.464925
-654.2075,7.5677,141.4506,0.465170
-654.2582,7.6076,140.9256,0.465384
-654.3143,7.6527,140.3345,0.465620
-654.3674,7.6978,139.7428,0.465861
-654.4124,7.7379,139.2162,0.466071
-654.4548,7.7781,138.6889,0.466280
-654.4999,7.8231,138.0953,0.466517
-654.5450,7.8725,137.4349,0.466778
-654.5961,7.9305,136.6407,0.467089
-654.6310,7.9740,136.0442,0.467330
-654.6629,8.0176,135.4472,0.467564
-654.6887,8.0563,134.9159,0.467773
-654.7150,8.0999,134.3176,0.468015
-654.7382,8.1435,133.7186,0.468252
-654.7582,8.1872,133.1190,0.468488
-654.7736,8.2260,132.5856,0.468693
-654.7867,8.2688,131.9853,0.468924
-654.7983,8.3115,131.3840,0.469166
-654.8068,8.3542,130.7821,0.469411
-654.8120,8.3975,130.1792,0.469644
-654.8136,8.4409,129.5760,0.469880
-654.8114,8.4843,128.9720,0.470125
-654.8060,8.5229,128.4346,0.470337
-654.7958,8.5663,127.8293,0.470575
-654.7800,8.6089,127.2241,0.470814
-654.7607,8.6525,126.6174,0.471056
-654.7369,8.6961,126.0108,0.471291
-654.7084,8.7398,125.4038,0.471538
-654.6754,8.7835,124.7965,0.471779
-654.6377,8.8272,124.1890,0.472011
-654.5941,8.8711,123.5812,0.472254
-654.5528,8.9105,123.0412,0.472474
-654.5022,8.9548,122.4336,0.472720
-654.4408,9.0041,121.7585,0.472985
-654.3878,9.0435,121.2185,0.473203
-654.3314,9.0830,120.6785,0.473403
-654.2561,9.1323,120.0037,0.473666
-654.1835,9.1788,119.3955,0.473917
-654.1066,9.2256,118.7887,0.474160
-654.0344,9.2671,118.2494,0.474375
-653.9490,9.3139,117.6429,0.474619
-653.8594,9.3607,117.0366,0.474856
-653.7653,9.4078,116.4298,0.475106
-653.6680,9.4575,115.8239,0.475349
-653.5656,9.5071,115.2189,0.475577
-653.4590,9.5568,114.6142,0.475839
-653.3483,9.6065,114.0098,0.476077
-653.2475,9.6507,113.4729,0.476298
-653.1291,9.7001,112.8693,0.476532
-653.0068,9.7494,112.2662,0.476778
-652.8808,9.7988,111.6637,0.477031
-652.7508,9.8481,111.0616,0.477275
-652.6318,9.8919,110.5267,0.477496
-652.4792,9.9442,109.8596,0.477758
-652.3547,9.9854,109.3255,0.477983
-652.2102,10.0317,108.7250,0.478231
-652.0620,10.0779,108.1249,0.478472
-651.9103,10.1241,107.5254,0.478723
-651.7724,10.1651,106.9929,0.478942
-651.6144,10.2086,106.3956,0.479188
-651.4523,10.2513,105.7972,0.479427
-651.2867,10.2939,105.1992,0.479677
-651.1366,10.3318,104.6682,0.479899
-650.9648,10.3743,104.0713,0.480147
-650.7888,10.4165,103.4750,0.480397
-650.6089,10.4586,102.8790,0.480633
-650.4460,10.4960,102.3497,0.480865
-650.2599,10.5363,101.7563,0.481121
-650.0698,10.5749,101.1618,0.481367
-649.8982,10.6091,100.6340,0.481591
-649.7020,10.6475,100.0408,0.481849
-649.5024,10.6859,99.4481,0.482092
-649.2994,10.7242,98.8560,0.482353
-649.0931,10.7625,98.2644,0.482600
-648.8837,10.8006,97.6733,0.482854
-648.6713,10.8388,97.0828,0.483116
-648.4802,10.8726,96.5585,0.483330
-648.2629,10.9107,95.9691,0.483590
-648.0426,10.9476,95.3817,0.483846
-647.8469,10.9794,94.8579,0.484071
-647.6238,11.0151,94.2695,0.484327
-647.3989,11.0507,93.6812,0.484578
-647.1974,11.0824,93.1585,0.484813
-646.9688,11.1180,92.5706,0.485064
-646.7383,11.1536,91.9826,0.485321
-646.5319,11.1853,91.4598,0.485551
-646.2982,11.2209,90.8714,0.485809
-646.0628,11.2565,90.2827,0.486071
-645.8261,11.2921,89.6937,0.486333
-645.5883,11.3277,89.1042,0.486585
-645.3481,11.3633,88.5147,0.486839
-645.1344,11.3945,87.9897,0.487074
-644.8925,11.4297,87.3986,0.487331
-644.6491,11.4648,86.8071,0.487586
-644.4041,11.4997,86.2149,0.487847
-644.1848,11.5307,85.6881,0.488079
-643.9363,11.5655,85.0950,0.488343
-643.6860,11.6004,84.5014,0.488606
-643.4622,11.6315,83.9733,0.488836
-643.2087,11.6664,83.3787,0.489103
-642.9535,11.7014,82.7836,0.489368
-642.6967,11.7364,82.1881,0.489638
-642.4382,11.7714,81.5920,0.489900
-642.2072,11.8025,81.0617,0.490129
-641.9457,11.8375,80.4645,0.490403
-641.6813,11.8722,79.8680,0.490665
-641.4465,11.9026,79.3361,0.490902
-641.1813,11.9369,78.7371,0.491170
-640.9149,11.9713,78.1374,0.491435
-640.6472,12.0056,77.5371,0.491702
-640.3781,12.0400,76.9361,0.491973
-640.1379,12.0707,76.4014,0.492209
-639.8666,12.1052,75.7990,0.492480
-639.5940,12.1398,75.1960,0.492760
-639.3507,12.1705,74.6593,0.492996
-639.0758,12.2052,74.0548,0.493266
-638.7690,12.2438,73.3823,0.493572
-638.4917,12.2785,72.7762,0.493843
-638.2441,12.3095,72.2369,0.494082
-637.9645,12.3443,71.6294,0.494357
-637.6835,12.3792,71.0212,0.494631
-637.4013,12.4141,70.4122,0.494904
-637.1472,12.4448,69.8718,0.495150
-636.8626,12.4789,69.2614,0.495423
-636.5768,12.5130,68.6505,0.495708
-636.3220,12.5433,68.1075,0.495950
-636.0349,12.5773,67.4974,0.496222
-635.7478,12.6113,66.8891,0.496503
-635.4611,12.6451,66.2836,0.496765
-635.1754,12.6787,65.6818,0.497046
-634.8908,12.7121,65.0844,0.497315
-634.6074,12.7452,64.4912,0.497584
-634.3568,12.7745,63.9677,0.497821
-634.0759,12.8073,63.3829,0.498085
-633.7964,12.8398,62.8025,0.498349
-633.5184,12.8720,62.2266,0.498607
-633.2418,12.9041,61.6551,0.498868
-632.9970,12.9323,61.1508,0.499099
-632.7229,12.9639,60.5875,0.499352
-632.4501,12.9952,60.0287,0.499609
-632.2088,13.0229,59.5356,0.499836
-631.9385,13.0538,58.9850,0.500085
-631.6671,13.0835,58.4401,0.500334
-631.3992,13.1131,57.8978,0.500578
-631.1326,13.1425,57.3596,0.500822
-630.8967,13.1684,56.8846,0.501045
-630.5740,13.2038,56.2368,0.501339
-630.3405,13.2294,55.7693,0.501551
-630.0500,13.2611,55.1895,0.501817
-629.8187,13.2863,54.7290,0.502027
-629.5597,13.3144,54.2146,0.502261
-629.3019,13.3424,53.7040,0.502498
-629.0453,13.3701,53.1973,0.502728
-628.7898,13.3977,52.6944,0.502959
-628.5634,13.4218,52.2505,0.503164
-628.3094,13.4487,51.7546,0.503381
-628.0559,13.4755,51.2627,0.503613
-627.8310,13.4991,50.8287,0.503812
-627.5501,13.5284,50.2907,0.504059
-627.3256,13.5517,49.8638,0.504254
-627.0731,13.5777,49.3872,0.504470
-626.8207,13.6036,48.9147,0.504691
-626.5679,13.6292,48.4462,0.504903
-626.3428,13.6519,48.0330,0.505097
-626.0868,13.6770,47.5730,0.505311
-625.8597,13.6989,47.1652,0.505501
-625.5740,13.7263,46.6579,0.505733
-625.3149,13.7509,46.2031,0.505940
-625.0538,13.7755,45.7497,0.506154
-624.7908,13.8000,45.2975,0.506369
-624.5259,13.8246,44.8463,0.506577
-624.2589,13.8491,44.3960,0.506793
-623.9898,13.8737,43.9465,0.507003
-623.7186,13.8983,43.4975,0.507209
-623.4454,13.9229,43.0489,0.507418
-623.1700,13.9475,42.6007,0.507634
-622.9236,13.9688,42.2031,0.507823
-622.6442,13.9924,41.7555,0.508036
-622.3625,14.0160,41.3080,0.508246
-622.0786,14.0396,40.8608,0.508461
-621.8242,14.0607,40.4635,0.508644
-621.5356,14.0844,40.0168,0.508859
-621.2443,14.1081,39.5706,0.509072
-620.9827,14.1292,39.1742,0.509258
-620.6854,14.1530,38.7289,0.509474
-620.3849,14.1769,38.2843,0.509681
-620.1151,14.1981,37.8898,0.509873
-619.8082,14.2220,37.4469,0.510083
-619.4979,14.2459,37.0049,0.510303
-619.1843,14.2699,36.5639,0.510511
-618.8673,14.2939,36.1239,0.510727
-618.5827,14.3152,35.7337,0.510914
-618.2595,14.3392,35.2958,0.511129
-617.9318,14.3634,34.8596,0.511348
-617.6398,14.3835,34.4739,0.511531
-617.3063,14.4043,34.0403,0.511750
-617.0084,14.4227,33.6547,0.511932
-616.6705,14.4434,33.2219,0.512148
-616.3295,14.4642,32.7902,0.512365
-615.9851,14.4850,32.3599,0.512574
-615.6375,14.5058,31.9308,0.512794
-615.2863,14.5267,31.5029,0.513007
-614.9711,14.5453,31.1237,0.513197
-614.6133,14.5663,30.6985,0.513409
-614.2518,14.5873,30.2748,0.513620
-613.8867,14.6083,29.8528,0.513841
-613.5590,14.6270,29.4793,0.514028
-613.1882,14.6441,29.0633,0.514238
-612.8546,14.6582,28.6934,0.514432
-612.4347,14.6758,28.2347,0.514674
-612.0968,14.6898,27.8716,0.514863
-611.7571,14.7038,27.5128,0.515051
-611.3733,14.7194,27.1154,0.515260
-610.9869,14.7347,26.7260,0.515469
-610.5558,14.7514,26.3012,0.515700
-610.2090,14.7647,25.9686,0.515886
-609.8193,14.7776,25.6051,0.516084
-609.4257,14.7859,25.2468,0.516288
-609.0752,14.7932,24.9344,0.516469
-608.6808,14.8014,24.5899,0.516664
-608.2864,14.8095,24.2534,0.516859
-607.9357,14.8166,23.9619,0.517037
-607.5406,14.8246,23.6427,0.517233
-607.1433,14.8326,23.3326,0.517422
-606.7909,14.8370,23.0670,0.517586
-606.3893,14.8391,22.7725,0.517765
-605.9866,14.8411,22.4854,0.517949
-605.5828,14.8432,22.2054,0.518137
-605.1782,14.8453,21.9328,0.518320
-604.7727,14.8472,21.6680,0.518502
-604.4103,14.8487,21.4397,0.518663
-604.0005,14.8492,21.1916,0.518842
-603.6333,14.8495,20.9773,0.518999
-603.1712,14.8499,20.7185,0.519188
-602.7527,14.8503,20.4943,0.519371
-602.3322,14.8504,20.2780,0.519545
-601.9561,14.8503,20.0927,0.519700
-601.5287,14.8523,19.8900,0.519865
-601.1006,14.8561,19.6967,0.520036
-600.7177,14.8595,19.5315,0.520187
-600.2845,14.8633,19.3531,0.520363
-599.8491,14.8673,19.1827,0.520526
-599.4120,14.8712,19.0193,0.520690
-598.9736,14.8751,18.8624,0.520865
-598.5814,14.8796,18.7269,0.521012
-598.1410,14.8862,18.5811,0.521183
-597.6985,14.8929,18.4413,0.521349
-597.2549,14.9001,18.3060,0.521516
-596.8097,14.9073,18.1748,0.521688
-596.3627,14.9145,18.0472,0.521861
-595.9140,14.9217,17.9228,0.522035
-595.4647,14.9287,17.8013,0.522207
-595.0128,14.9351,17.6824,0.522383
-594.5597,14.9418,17.5654,0.522561
-594.1555,14.9477,17.4633,0.522714
-593.6990,14.9544,17.3505,0.522889
-593.2405,14.9611,17.2398,0.523071
-592.7802,14.9678,17.1314,0.523254
-592.3702,14.9730,17.0374,0.523413
-591.9063,14.9781,16.9329,0.523596
-591.4403,14.9833,16.8305,0.523773
-590.9724,14.9884,16.7303,0.523960
-590.5026,14.9936,16.6324,0.524148
-590.0833,14.9983,16.5474,0.524312
-589.6098,15.0035,16.4541,0.524495
-589.1888,15.0059,16.3735,0.524659
-588.7114,15.0088,16.2846,0.524845
-588.2322,15.0116,16.1979,0.525034
-587.7512,15.0145,16.1137,0.525227
-587.2682,15.0173,16.0320,0.525417
-586.7834,15.0202,15.9529,0.525606
-586.3527,15.0220,15.8848,0.525779
-585.8643,15.0220,15.8101,0.525973
-585.3741,15.0220,15.7374,0.526164
-584.8822,15.0220,15.6668,0.526360
-584.4435,15.0220,15.6059,0.526532
-583.9484,15.0221,15.5396,0.526730
-583.4514,15.0221,15.4755,0.526922
-583.0099,15.0216,15.4206,0.527099
-582.5093,15.0186,15.3609,0.527293
-582.0069,15.0157,15.3035,0.527492
-581.5587,15.0130,15.2546,0.527670
-581.0527,15.0101,15.2024,0.527867
-580.5447,15.0071,15.1532,0.528067
-580.0917,15.0044,15.1121,0.528246
-579.5229,15.0009,15.0646,0.528468
-579.0084,14.9983,15.0254,0.528673
-578.4924,14.9959,14.9897,0.528874
-577.9747,14.9936,14.9575,0.529078
-577.5130,14.9915,14.9317,0.529261
-576.9922,14.9891,14.9058,0.529466
-576.4698,14.9868,14.8832,0.529670
-575.9459,14.9844,14.8635,0.529879
-575.4193,14.9825,14.8469,0.530087
-575.0096,14.9820,14.8358,0.530248
-574.4231,14.9814,14.8228,0.530478
-573.9525,14.9809,14.8146,0.530665
-573.4219,14.9803,14.8075,0.530878
-572.9490,14.9797,14.8032,0.531065
-572.3564,14.9791,14.8002,0.531303
-571.8218,14.9785,14.8000,0.531517
-571.2872,14.9756,14.8019,0.531731
-570.8096,14.9729,14.8055,0.531922
-570.2709,14.9699,14.8118,0.532137
-569.7307,14.9668,14.8205,0.532354
-569.2491,14.9641,14.8304,0.532546
-568.7059,14.9610,14.8440,0.532762
-568.1610,14.9579,14.8603,0.532981
-567.6179,14.9525,14.8786,0.533198
-567.0701,14.9436,14.8998,0.533417
-566.5819,14.9356,14.9207,0.533612
-566.0314,14.9267,14.9466,0.533832
-565.4793,14.9176,14.9756,0.534051
-564.9255,14.9086,15.0081,0.534272
-564.4318,14.9005,15.0402,0.534470
-563.9366,14.8924,15.0753,0.534668
-563.3201,14.8809,15.1233,0.534916
-562.7601,14.8641,15.1709,0.535139
-562.1992,14.8472,15.2218,0.535364
-561.6996,14.8322,15.2698,0.535563
-561.1365,14.8152,15.3272,0.535788
-560.5093,14.7963,15.3955,0.536041
-560.0061,14.7811,15.4535,0.536243
-559.3754,14.7620,15.5301,0.536496
-558.7433,14.7429,15.6110,0.536749
-558.1777,14.7238,15.6862,0.536978
-557.6073,14.6986,15.7641,0.537211
-557.0995,14.6762,15.8350,0.537418
-556.5274,14.6508,15.9163,0.537650
-555.9543,14.6255,15.9993,0.537883
-555.4435,14.6028,16.0744,0.538093
-554.8675,14.5773,16.1606,0.538330
-554.2897,14.5517,16.2484,0.538565
-553.7105,14.5260,16.3381,0.538801
-553.2590,14.5059,16.4089,0.538987
-552.6125,14.4772,16.5115,0.539252
-552.0334,14.4479,16.6043,0.539490
-551.4492,14.4140,16.6986,0.539733
-550.8634,14.3801,16.7938,0.539971
-550.2762,14.3461,16.8901,0.540216
-549.6874,14.3121,16.9874,0.540460
-549.0967,14.2779,17.0856,0.540706
-548.5040,14.2436,17.1851,0.540952
-547.9756,14.2130,17.2744,0.541169
-547.3795,14.1785,17.3759,0.541417
-546.7150,14.1400,17.4901,0.541691
-546.1151,14.1052,17.5940,0.541938
-545.5136,14.0704,17.6991,0.542189
-544.9103,14.0354,17.8052,0.542439
-544.3080,13.9976,17.9120,0.542687
-543.6344,13.9531,18.0321,0.542967
-543.0262,13.9130,18.1413,0.543220
-542.4842,13.8772,18.2393,0.543448
-541.8729,13.8368,18.3509,0.543701
-541.2595,13.7965,18.4633,0.543957
-540.6444,13.7559,18.5771,0.544211
-540.0960,13.7198,18.6793,0.544441
-539.4777,13.6791,18.7955,0.544695
-538.8585,13.6383,18.9128,0.544950
-538.2396,13.5975,19.0310,0.545209
-537.6907,13.5613,19.1366,0.545438
-537.0761,13.5207,19.2556,0.545693
-536.3979,13.4760,19.3880,0.545976
-535.7925,13.4360,19.5072,0.546229
-535.1933,13.3953,19.6260,0.546481
-534.5978,13.3536,19.7448,0.546726
-534.0076,13.3123,19.8634,0.546971
-533.4874,13.2759,19.9687,0.547190
-532.9072,13.2353,20.0868,0.547433
-532.3320,13.1950,20.2048,0.547672
-531.7622,13.1552,20.3231,0.547910
-531.1974,13.1159,20.4406,0.548147
-530.6380,13.0768,20.5579,0.548380
-530.0833,13.0381,20.6750,0.548612
-529.5942,13.0040,20.7790,0.548818
-529.0475,12.9658,20.8959,0.549045
-528.5038,12.9279,21.0130,0.549275
-527.9028,12.8859,21.1433,0.549528
-527.4238,12.8525,21.2478,0.549727
-526.8869,12.8150,21.3657,0.549949
-526.4109,12.7817,21.4708,0.550151
-525.8768,12.7444,21.5895,0.550375
-525.3445,12.7066,21.7084,0.550599
-524.8129,12.6685,21.8279,0.550826
-524.2825,12.6305,21.9478,0.551048
-523.7530,12.5925,22.0681,0.551270
-523.2242,12.5546,22.1898,0.551492
-522.7547,12.5211,22.2977,0.551691
-522.2278,12.4836,22.4197,0.551917
-521.7027,12.4462,22.5420,0.552138
-521.1800,12.4089,22.6644,0.552357
-520.7180,12.3760,22.7733,0.552550
-520.2019,12.3392,22.8956,0.552767
-519.6904,12.3027,23.0174,0.552983
-519.1839,12.2666,23.1388,0.553194
-518.6824,12.2308,23.2596,0.553408
-518.2408,12.1993,23.3663,0.553592
-517.7493,12.1643,23.4858,0.553801
-517.2631,12.1296,23.6045,0.554011
-516.7828,12.0953,23.7223,0.554209
-516.3085,12.0615,23.8389,0.554410
-515.8405,12.0281,23.9541,0.554609
-515.3789,11.9952,24.0678,0.554799
-514.9235,11.9630,24.1804,0.554995
-514.4747,11.9314,24.2900,0.555183
-514.0811,11.9036,24.3853,0.555352
-513.6443,11.8728,24.4898,0.555534
-513.2139,11.8425,24.5915,0.555718
-512.7898,11.8126,24.6902,0.555899
-512.3721,11.7832,24.7860,0.556072
-511.9608,11.7542,24.8789,0.556244
-511.6004,11.7289,24.9590,0.556394
-511.2006,11.7007,25.0445,0.556560
-510.8073,11.6729,25.1292,0.556729
-510.4199,11.6456,25.2110,0.556895
-510.0375,11.6187,25.2902,0.557053
-509.6589,11.5920,25.3666,0.557211
-509.2833,11.5656,25.4404,0.557370
-508.9101,11.5394,25.5119,0.557525
-508.5802,11.5162,25.5734,0.557665
-508.2112,11.4903,25.6405,0.557820
-507.8441,11.4646,25.7054,0.557978
-507.4784,11.4391,25.7693,0.558130
-507.1577,11.4179,25.8236,0.558266
-506.7994,11.3942,25.8829,0.558416
-506.4832,11.3733,25.9340,0.558550
-506.0931,11.3476,25.9955,0.558715
-505.7451,11.3246,26.0486,0.558858
-505.4380,11.3044,26.0942,0.558994
-505.0952,11.2818,26.1439,0.559143
-504.7552,11.2593,26.1936,0.559292
-504.4178,11.2371,26.2399,0.559438
-504.1200,11.2174,26.2796,0.559565
-503.7875,11.1955,26.3227,0.559716
-503.4577,11.1737,26.3641,0.559859
-503.1310,11.1521,26.4036,0.560000
-502.8073,11.1308,26.4411,0.560140
-502.4868,11.1096,26.4764,0.560287
-502.2048,11.0910,26.5057,0.560415
-501.9256,11.0726,26.5330,0.560546
-501.5805,11.0498,26.5641,0.560701
-501.2738,11.0296,26.5891,0.560841
-501.0043,11.0119,26.6090,0.560966
-500.7015,10.9930,26.6288,0.561109
-500.4052,10.9761,26.6456,0.561245
-500.1118,10.9596,26.6613,0.561381
-499.8225,10.9437,26.6723,0.561524
-499.5682,10.9297,26.6797,0.561653
-499.2854,10.9141,26.6855,0.561797
-499.0058,10.8987,26.6885,0.561931
-498.7295,10.8834,26.6887,0.562072
-498.4865,10.8700,26.6866,0.562201
-498.2160,10.8551,26.6816,0.562358
-497.9484,10.8403,26.6736,0.562496
-497.6830,10.8256,26.6627,0.562641
-497.4491,10.8126,26.6508,0.562774
-497.1880,10.7981,26.6350,0.562928
-496.9293,10.7838,26.6168,0.563077
-496.7014,10.7712,26.5985,0.563211
-496.4479,10.7571,26.5755,0.563365
-496.1942,10.7434,26.5495,0.563526
-495.9753,10.7337,26.5244,0.563665
-495.7334,10.7230,26.4933,0.563817
-495.5223,10.7136,26.4631,0.563950
-495.2895,10.7033,26.4263,0.564100
-495.0615,10.6932,26.3867,0.564254
-494.8628,10.6843,26.3493,0.564379
-494.6437,10.6746,26.3049,0.564521
-494.4292,10.6650,26.2582,0.564674
-494.2192,10.6556,26.2097,0.564815
-494.0121,10.6466,26.1617,0.564960
-493.8325,10.6390,26.1154,0.565079
-493.6336,10.6306,26.0617,0.565226
-493.4377,10.6223,26.0059,0.565369
-493.2657,10.6149,25.9547,0.565506
-493.0714,10.6193,25.8919,0.565645
-492.8824,10.6134,25.8308,0.565790
-492.7141,10.6088,25.7749,0.565922
-492.4476,10.6052,25.6344,0.566139
-492.2509,10.5986,25.5902,0.566281
-492.0915,10.6064,25.5298,0.566409
-491.9286,10.6182,25.4406,0.566549
-491.7734,10.6230,25.3771,0.566688
-491.6012,10.6288,25.3039,0.566838
-491.4317,10.6350,25.2288,0.566977
-491.2493,10.6079,25.1684,0.567119
-491.1024,10.6170,25.1002,0.567231
-490.9406,10.6273,25.0207,0.567362
-490.7896,10.6247,24.9638,0.567488
-490.6343,10.5854,24.8783,0.567615
-490.4822,10.5332,24.7938,0.567727
-490.3480,10.5302,24.7166,0.567835
-490.2005,10.5266,24.6279,0.567943
-490.0570,10.5232,24.5372,0.568048
-489.9331,10.5203,24.4536,0.568152
-489.7984,10.5165,24.3587,0.568259
-489.6791,10.5106,24.2704,0.568356
-489.5488,10.4973,24.1728,0.568463
-489.4140,10.4865,24.0727,0.568565
-489.3043,10.4790,23.9850,0.568646
-489.1837,10.4709,23.8855,0.568743
-489.0651,10.4629,23.7852,0.568825
-488.9699,10.4536,23.7036,0.568923
-488.8344,10.4267,23.5879,0.569012
-488.7241,10.4173,23.4821,0.569097
-488.6172,10.4079,23.3729,0.569185
-488.5139,10.3987,23.2602,0.569278
-488.4044,10.3887,23.1337,0.569381
-488.3181,10.3808,23.0297,0.569463
-488.2181,10.4186,22.9024,0.569536
-488.1234,10.4686,22.7874,0.569616
-488.0345,10.4510,22.6693,0.569698
-487.9772,10.4329,22.5428,0.569773
-487.9030,10.4289,22.4375,0.569844
-487.8210,10.4246,22.3189,0.569920
-487.7628,10.4221,22.2092,0.570004
-487.6861,10.4093,22.0878,0.570078
-487.6123,10.3970,21.9743,0.570158
-487.4951,10.3636,21.8342,0.570233
-487.4600,10.3527,21.7373,0.570293
-487.3953,10.3420,21.6091,0.570358
-487.3123,10.3380,21.4771,0.570439
-487.2594,10.3319,21.3430,0.570505
-487.2165,10.3264,21.2227,0.570574
-487.1695,10.3204,21.0870,0.570647
-487.1247,10.3144,20.9512,0.570718
-487.0887,10.2933,20.8159,0.570792
-487.0508,10.2870,20.6951,0.570848
-487.0096,10.2800,20.5578,0.570921
-486.9713,10.2736,20.4213,0.570991
-486.9344,10.2670,20.2875,0.571050
-486.9013,10.2594,20.1504,0.571115
-486.8711,10.2518,20.0127,0.571183
-486.8441,10.2441,19.8744,0.571254
-486.8206,10.2366,19.7357,0.571319
-486.8004,10.2290,19.5967,0.571394
-486.7828,10.2215,19.4570,0.571465
-486.7695,10.2149,19.3330,0.571519
-486.7577,10.2067,19.1795,0.571595
-486.7506,10.2000,19.0587,0.571658
-486.7409,10.1921,18.9215,0.571724
-486.7309,10.1842,18.7849,0.571792
-486.7226,10.1763,18.6492,0.571858
-486.7180,10.1686,18.5141,0.571923
-486.7164,10.1603,18.3829,0.571993
-486.7212,10.1511,18.2476,0.572053
-486.7300,10.1418,18.1116,0.572131
-486.7427,10.1326,17.9745,0.572190
-486.7584,10.1234,17.8375,0.572257
-486.7758,10.1142,17.7014,0.572325
-486.7968,10.1035,17.5732,0.572391
-486.8189,10.0917,17.4389,0.572456
-486.8433,10.0799,17.3051,0.572522
-486.8692,10.0682,17.1717,0.572591
-486.8967,10.0565,17.0387,0.572657
-486.9236,10.0457,16.9118,0.572722
-486.9555,10.0315,16.7795,0.572788
-486.9904,10.0173,16.6474,0.572855
-487.0271,10.0004,16.4958,0.572926
-487.0681,9.9944,16.3644,0.572990
-487.1072,9.9891,16.2483,0.573056
-487.1644,9.9819,16.0894,0.573138
-487.2361,9.9734,15.9023,0.573242
-487.2822,9.9682,15.7874,0.573301
-487.3360,9.9623,15.6586,0.573366
-487.3918,9.9565,15.5302,0.573439
-487.4501,9.9507,15.4024,0.573496
-487.5111,9.9450,15.2753,0.573564
-487.5674,9.9399,15.1628,0.573629
-487.6331,9.9343,15.0370,0.573692
-487.7010,9.9287,14.9117,0.573761
-487.7710,9.9231,14.7869,0.573830
-487.8427,9.9175,14.6626,0.573899
-487.9160,9.9119,14.5388,0.573964
-487.9916,9.9064,14.4156,0.574029
-488.0622,9.9015,14.3058,0.574092
-488.1437,9.8960,14.1824,0.574160
-488.2267,9.8906,14.0593,0.574228
-488.3115,9.8851,13.9366,0.574298
-488.4000,9.8796,13.8132,0.574369
-488.4891,9.8740,13.6903,0.574436
-488.5808,9.8682,13.5679,0.574508
-488.6754,9.8627,13.4430,0.574583
-488.7715,9.8576,13.3191,0.574654
-488.8681,9.8524,13.1950,0.574722
-488.9681,9.8472,13.0695,0.574797
-489.0591,9.8425,12.9573,0.574868
-489.1747,9.8366,12.8166,0.574945
-489.2812,9.8313,12.6888,0.575024
-489.3896,9.8259,12.5599,0.575109
-489.4999,9.8205,12.4297,0.575186
-489.6122,9.8150,12.2982,0.575269
-489.7137,9.8101,12.1801,0.575335
-489.8427,9.8039,12.0308,0.575427
-489.9609,9.7982,11.8946,0.575496
-490.0811,9.7925,11.7569,0.575599
-490.2034,9.7867,11.6172,0.575681
-490.3276,9.7808,11.4757,0.575766
-490.4680,9.7741,11.3160,0.575866
-490.5962,9.7681,11.1699,0.575957
-490.7261,9.7619,11.0215,0.576048
-490.8578,9.7556,10.8707,0.576146
-490.9909,9.7492,10.7173,0.576239
-491.1257,9.7427,10.5611,0.576340
-491.2617,9.7361,10.4020,0.576430
-491.3992,9.7293,10.2397,0.576540
-491.5362,9.7220,10.0739,0.576637
-491.6758,9.7144,9.9051,0.576744
-491.8165,9.7074,9.7317,0.576851
-491.9739,9.6996,9.5370,0.576975
-492.1010,9.6933,9.3789,0.577071
-492.2455,9.6861,9.1986,0.577183
-492.3919,9.6788,9.0162,0.577301
-492.5402,9.6715,8.8318,0.577417
-492.6905,9.6640,8.6453,0.577531
-492.8431,9.6565,8.4569,0.577650
-492.9980,9.6489,8.2665,0.577780
-493.1551,9.6412,8.0740,0.577904
-493.3147,9.6334,7.8794,0.578022
-493.4588,9.6264,7.7045,0.578135
-493.6417,9.6176,7.4834,0.578284
-493.8090,9.6095,7.2818,0.578417
-493.9585,9.6022,7.0994,0.578537
-494.1500,9.5931,6.8703,0.578690
-494.3251,9.5848,6.6617,0.578821
-494.5031,9.5764,6.4509,0.578971
-494.6842,9.5679,6.2383,0.579109
-494.8686,9.5593,6.0239,0.579256
-495.0353,9.5517,5.8320,0.579386
-495.2252,9.5433,5.6135,0.579540
-495.4416,9.5337,5.3704,0.579707
-495.6401,9.5250,5.1501,0.579855
-495.8421,9.5163,4.9283,0.580000
-496.0247,9.5084,4.7299,0.580152
-496.2335,9.4995,4.5052,0.580303
-496.4457,9.4904,4.2789,0.580464
-496.6857,9.4803,4.0254,0.580641
-496.8808,9.4721,3.8211,0.580787
-497.1034,9.4628,3.5894,0.580946
-497.3041,9.4545,3.3819,0.581089
-497.5586,9.4440,3.1204,0.581271
-497.7913,9.4344,2.8829,0.581436
-498.0272,9.4247,2.6434,0.581602
-498.2664,9.4149,2.4018,0.581759
-498.5086,9.4050,2.1580,0.581942
-498.7540,9.3950,1.9120,0.582108
-499.0025,9.3850,1.6639,0.582272
-499.2270,9.3760,1.4423,0.582423
-499.5084,9.3645,1.1605,0.582613
-499.7664,9.3541,0.9061,0.582778
-500.0275,9.3437,0.6496,0.582950
-500.3213,9.3320,0.3625,0.583142
-500.5891,9.3214,0.1020,0.583314
-500.8602,9.3106,-0.1603,0.583486
-501.1344,9.2998,-0.4245,0.583654
-501.3809,9.2901,-0.6609,0.583814
-501.6612,9.2791,-0.9287,0.583982
-501.9764,9.2667,-1.2285,0.584171
-502.2312,9.2568,-1.4703,0.584317
-502.5208,9.2455,-1.7445,0.584487
-502.8132,9.2341,-2.0210,0.584660
-503.0755,9.2238,-2.2689,0.584812
-503.3732,9.2122,-2.5501,0.584982
-503.6720,9.1999,-2.8347,0.585154
-503.9753,9.1872,-3.1215,0.585329
-504.2811,9.1751,-3.4105,0.585497
-504.6239,9.1615,-3.7346,0.585696
-504.9352,9.1491,-4.0291,0.585869
-505.2491,9.1367,-4.3260,0.586046
-505.5303,9.1255,-4.5920,0.586208
-505.8489,9.1129,-4.8935,0.586390
-506.1703,9.1001,-5.1974,0.586562
-506.4942,9.0873,-5.5037,0.586740
-506.8208,9.0743,-5.8124,0.586922
-507.1499,9.0612,-6.1237,0.587107
-507.4443,9.0495,-6.4027,0.587268
-507.7766,9.0360,-6.7199,0.587444
-508.1124,9.0220,-7.0394,0.587635
-508.4504,9.0078,-7.3619,0.587815
-508.7852,8.9892,-7.6825,0.588013
-509.0886,8.9671,-7.9737,0.588180
-509.4312,8.9422,-8.3031,0.588374
-509.7750,8.9172,-8.6345,0.588560
-510.1205,8.8920,-8.9682,0.588749
-510.4684,8.8666,-9.3052,0.588942
-510.8190,8.8409,-9.6464,0.589135
-511.1335,8.8179,-9.9533,0.589314
-511.4891,8.7919,-10.3028,0.589494
-511.8075,8.7692,-10.6173,0.589677
-512.2064,8.7417,-11.0137,0.589886
-512.6074,8.7137,-11.4141,0.590109
-512.9295,8.6910,-11.7379,0.590285
-513.2927,8.6654,-12.1048,0.590484
-513.6559,8.6397,-12.4737,0.590684
-513.9781,8.6169,-12.8028,0.590864
-514.3393,8.5912,-13.1733,0.591065
-514.6995,8.5666,-13.5450,0.591267
-515.0569,8.5433,-13.9161,0.591470
-515.4126,8.5196,-14.2870,0.591664
-515.7661,8.4958,-14.6587,0.591863
-516.1178,8.4722,-15.0308,0.592065
-516.4672,8.4486,-15.4031,0.592254
-516.7755,8.4277,-15.7338,0.592434
-517.1189,8.4043,-16.1053,0.592628
-517.4971,8.3806,-16.5182,0.592839
-517.8323,8.3599,-16.8874,0.593024
-518.1265,8.3413,-17.2154,0.593195
-518.4533,8.3204,-17.5838,0.593385
-518.7757,8.2997,-17.9514,0.593567
-519.0935,8.2792,-18.3185,0.593747
-519.3718,8.2610,-18.6444,0.593906
-519.6815,8.2412,-19.0120,0.594089
-519.9846,8.2235,-19.3782,0.594263
-520.2824,8.2059,-19.7442,0.594440
-520.5745,8.1882,-20.1111,0.594617
-520.8293,8.1725,-20.4376,0.594760
-521.1412,8.1530,-20.8462,0.594953
-521.4155,8.1357,-21.2145,0.595113
-521.6538,8.1203,-21.5423,0.595263
-521.9167,8.1043,-21.9130,0.595430
-522.1715,8.0899,-22.2832,0.595581
-522.4191,8.0753,-22.6542,0.595742
-522.6593,8.0607,-23.0266,0.595905
-522.8923,8.0463,-23.3999,0.596056
-523.0933,8.0336,-23.7323,0.596192
-523.3125,8.0195,-24.1068,0.596345
-523.5240,8.0054,-24.4815,0.596491
-523.7293,7.9936,-24.8588,0.596641
-523.9249,7.9834,-25.2346,0.596790
-524.0919,7.9744,-25.5698,0.596919
-524.2928,7.9631,-25.9900,0.597078
-524.4468,7.9541,-26.3275,0.597208
-524.6315,7.9429,-26.7505,0.597365
-524.7733,7.9341,-27.0896,0.597489
-524.9263,7.9241,-27.4717,0.597631
-525.0900,7.9162,-27.8996,0.597782
-525.2284,7.9100,-28.2842,0.597926
-525.3463,7.9047,-28.6278,0.598048
-525.4723,7.8988,-29.0164,0.598181
-525.5923,7.8929,-29.4071,0.598324
-525.6942,7.8876,-29.7559,0.598441
-525.8035,7.8817,-30.1499,0.598584
-525.9080,7.8767,-30.5472,0.598720
-525.9953,7.8738,-30.8998,0.598842
-526.0876,7.8705,-31.2982,0.598978
-526.1740,7.8673,-31.6982,0.599122
-526.2548,7.8640,-32.1000,0.599262
-526.3220,7.8611,-32.4586,0.599387
-526.3929,7.8579,-32.8635,0.599525
-526.4595,7.8552,-33.2706,0.599664
-526.5201,7.8533,-33.6781,0.599806
-526.5756,7.8513,-34.0868,0.599938
-526.6260,7.8494,-34.4967,0.600076
-526.6671,7.8476,-34.8621,0.600208
-526.7089,7.8457,-35.2745,0.600353
-526.7614,7.8423,-35.8719,0.600555
-526.7891,7.8399,-36.2412,0.600692
-526.8160,7.8373,-36.6577,0.600832
-526.8364,7.8350,-37.0291,0.600962
-526.8548,7.8325,-37.4480,0.601107
-526.8685,7.8299,-37.8685,0.601259
-526.8766,7.8252,-38.2411,0.601383
-526.8821,7.8196,-38.6640,0.601532
-526.8837,7.8141,-39.0885,0.601682
-526.8810,7.8085,-39.5148,0.601826
-526.8752,7.8036,-39.8955,0.601960
-526.8636,7.7976,-40.3228,0.602125
-526.8397,7.7849,-40.9453,0.602338
-526.8199,7.7769,-41.3304,0.602480
-526.7935,7.7678,-41.7654,0.602638
-526.7622,7.7586,-42.2020,0.602793
-526.7257,7.7493,-42.6397,0.602948
-526.6699,7.7352,-43.2250,0.603156
-526.6213,7.7245,-43.6644,0.603317
-526.5739,7.7149,-44.0571,0.603456
-526.5154,7.7041,-44.4985,0.603623
-526.4514,7.6935,-44.9387,0.603780
-526.3907,7.6843,-45.3279,0.603913
-526.3162,7.6736,-45.7658,0.604069
-526.2266,7.6616,-46.2517,0.604251
-526.1502,7.6520,-46.6398,0.604382
-526.0590,7.6412,-47.0754,0.604549
-525.9731,7.6325,-47.4631,0.604691
-525.8715,7.6235,-47.8966,0.604854
-525.7648,7.6141,-48.3288,0.605012
-525.6649,7.6055,-48.7121,0.605157
-525.5474,7.5959,-49.1422,0.605308
-525.4250,7.5863,-49.5709,0.605469
-525.2969,7.5779,-50.0000,0.605637
-525.1639,7.5709,-50.4259,0.605800
-525.0411,7.5645,-50.8036,0.605945
-524.8983,7.5574,-51.2276,0.606112
-524.7515,7.5500,-51.6508,0.606273
-524.6166,7.5433,-52.0266,0.606421
-524.3894,7.5329,-52.6385,0.606667
-524.2455,7.5288,-53.0135,0.606808
-524.0790,7.5242,-53.4349,0.606977
-523.9081,7.5195,-53.8560,0.607158
-523.7330,7.5149,-54.2772,0.607318
-523.5737,7.5107,-54.6517,0.607473
-523.3909,7.5060,-55.0730,0.607643
-523.2034,7.5010,-55.4943,0.607819
-523.0109,7.4977,-55.9168,0.607989
-522.8151,7.4951,-56.3380,0.608159
-522.6148,7.4924,-56.7591,0.608341
-522.4103,7.4897,-57.1803,0.608517
-522.2017,7.4870,-57.6016,0.608700
-522.0128,7.4846,-57.9761,0.608854
-521.7964,7.4818,-58.3974,0.609031
-521.5755,7.4792,-58.8193,0.609211
-521.3759,7.4778,-59.1934,0.609371
-521.1473,7.4762,-59.6142,0.609558
-520.9404,7.4748,-59.9880,0.609703
-520.7034,7.4732,-60.4084,0.609891
-520.4618,7.4717,-60.8285,0.610065
-520.2157,7.4701,-61.2481,0.610256
-519.9650,7.4685,-61.6672,0.610432
-519.7382,7.4671,-62.0391,0.610599
-519.4780,7.4663,-62.4574,0.610779
-519.2134,7.4658,-62.8744,0.610954
-518.9741,7.4654,-63.2443,0.611116
-518.7003,7.4649,-63.6595,0.611302
-518.4529,7.4644,-64.0279,0.611461
-518.1697,7.4639,-64.4413,0.611642
-517.9141,7.4635,-64.8077,0.611812
-517.6223,7.4629,-65.2181,0.611992
-517.3254,7.4626,-65.6260,0.612173
-517.0582,7.4630,-65.9854,0.612341
-516.7537,7.4635,-66.3859,0.612520
-516.4449,7.4640,-66.7821,0.612706
-516.1668,7.4644,-67.1307,0.612861
-515.8501,7.4649,-67.5186,0.613040
-515.5652,7.4653,-67.8595,0.613208
-515.2411,7.4657,-68.2387,0.613379
-514.9500,7.4662,-68.5717,0.613538
-514.6190,7.4666,-68.9417,0.613717
-514.3212,7.4678,-69.2670,0.613876
-513.8320,7.4697,-69.7867,0.614133
-513.5271,7.4709,-70.1013,0.614290
-513.1808,7.4722,-70.4506,0.614466
-512.7139,7.4740,-70.9084,0.614701
-512.3600,7.4753,-71.2458,0.614874
-512.0428,7.4764,-71.5413,0.615038
-511.6831,7.4777,-71.8689,0.615213
-511.3608,7.4789,-72.1559,0.615368
-510.9950,7.4808,-72.4742,0.615538
-510.6266,7.4829,-72.7870,0.615717
-510.2967,7.4847,-73.0606,0.615873
-509.9229,7.4867,-73.3635,0.616050
-509.5466,7.4887,-73.6613,0.616220
-509.2101,7.4905,-73.9219,0.616378
-508.8294,7.4925,-74.2103,0.616554
-508.4891,7.4943,-74.4624,0.616713
-508.0611,7.4965,-74.7722,0.616911
-507.7163,7.4982,-75.0159,0.617062
-507.3253,7.5003,-75.2865,0.617239
-506.9318,7.5034,-75.5522,0.617413
-506.5795,7.5061,-75.7849,0.617572
-506.1804,7.5091,-76.0428,0.617741
-505.7783,7.5122,-76.2966,0.617915
-505.3733,7.5152,-76.5464,0.618096
-505.0112,7.5179,-76.7648,0.618253
-504.6009,7.5204,-77.0072,0.618430
-504.1878,7.5229,-77.2457,0.618605
-503.7721,7.5254,-77.4804,0.618781
-503.3537,7.5279,-77.7113,0.618960
-502.9325,7.5304,-77.9387,0.619130
-502.5092,7.5322,-78.1619,0.619310
-502.1304,7.5335,-78.3580,0.619469
-501.7020,7.5349,-78.5757,0.619647
-501.2714,7.5363,-78.7905,0.619824
-500.8867,7.5375,-78.9789,0.619980
-500.4527,7.5388,-79.1874,0.620154
-500.0155,7.5386,-79.3936,0.620337
-499.5757,7.5384,-79.5971,0.620516
-499.1829,7.5382,-79.7758,0.620678
-498.7880,7.5380,-79.9524,0.620835
-498.2913,7.5377,-80.1700,0.621035
-497.8926,7.5366,-80.3409,0.621198
-497.4402,7.5344,-80.5314,0.621381
-497.0357,7.5324,-80.6984,0.621552
-496.5780,7.5301,-80.8838,0.621727
-496.1688,7.5281,-81.0462,0.621890
-495.7055,7.5258,-81.2258,0.622076
-495.2926,7.5218,-81.3822,0.622240
-494.8238,7.5171,-81.5558,0.622430
-494.3520,7.5123,-81.7262,0.622614
-493.8771,7.5076,-81.8930,0.622811
-493.4525,7.5034,-82.0381,0.622973
-492.9708,7.4992,-82.1980,0.623162
-492.4871,7.4962,-82.3535,0.623349
-492.0545,7.4936,-82.4882,0.623522
-491.5649,7.4906,-82.6360,0.623713
-491.1273,7.4880,-82.7639,0.623883
-490.6324,7.4849,-82.9041,0.624072
-489.9654,7.4859,-83.0850,0.624335
-489.4638,7.4874,-83.2150,0.624532
-488.9594,7.4891,-83.3406,0.624731
-488.5087,7.4905,-83.4488,0.624904
-487.9991,7.4922,-83.5667,0.625105
-487.2574,7.4964,-83.7298,0.625396
-486.7418,7.4999,-83.8374,0.625603
-486.2237,7.5035,-83.9405,0.625806
-485.7032,7.5071,-84.0393,0.626009
-485.2383,7.5103,-84.1235,0.626191
-484.7135,7.5136,-84.2142,0.626402
-484.2446,7.5161,-84.2912,0.626582
-483.7150,7.5190,-84.3736,0.626790
-483.1831,7.5219,-84.4516,0.626998
-482.7086,7.5245,-84.5170,0.627184
-482.1724,7.5274,-84.5862,0.627397
-481.6356,7.5296,-84.6506,0.627612
-481.0950,7.5298,-84.7105,0.627817
-480.6126,7.5299,-84.7600,0.628008
-480.0680,7.5300,-84.8114,0.628220
-479.5820,7.5301,-84.8532,0.628413
-479.0333,7.5302,-84.8954,0.628625
-478.4823,7.5304,-84.9327,0.628841
-477.9931,7.5293,-84.9617,0.629031
-477.1911,7.5235,-85.0011,0.629349
-476.6337,7.5195,-85.0231,0.629568
-476.0746,7.5154,-85.0406,0.629786
-475.3264,7.5100,-85.0568,0.630078
-474.7630,7.5060,-85.0637,0.630302
-474.1976,7.5019,-85.0663,0.630516
-473.6296,7.4985,-85.0646,0.630740
-473.1240,7.4961,-85.0597,0.630940
-472.4903,7.4931,-85.0490,0.631185
-471.9821,7.4907,-85.0369,0.631384
-471.4088,7.4880,-85.0199,0.631609
-470.8340,7.4853,-84.9992,0.631836
-470.2576,7.4826,-84.9750,0.632062
-469.6796,7.4798,-84.9474,0.632294
-469.1000,7.4771,-84.9163,0.632523
-468.5835,7.4746,-84.8857,0.632729
-468.0008,7.4718,-84.8481,0.632958
-467.4166,7.4690,-84.8070,0.633195
-466.8308,7.4663,-84.7627,0.633430
-466.3076,7.4638,-84.7205,0.633636
-465.7189,7.4631,-84.6704,0.633871
-465.1943,7.4625,-84.6234,0.634080
-464.6027,7.4617,-84.5678,0.634319
-464.0096,7.4610,-84.5096,0.634555
-463.4150,7.4603,-84.4489,0.634794
-462.8190,7.4596,-84.3858,0.635037
-462.2216,7.4589,-84.3203,0.635279
-461.6892,7.4582,-84.2603,0.635491
-461.0888,7.4575,-84.1904,0.635737
-460.4869,7.4568,-84.1182,0.635979
-459.9505,7.4561,-84.0521,0.636196
-459.3456,7.4554,-83.9755,0.636441
-458.7392,7.4546,-83.8968,0.636686
-458.1989,7.4540,-83.8251,0.636906
-457.6573,7.4533,-83.7518,0.637126
-457.0466,7.4526,-83.6676,0.637371
-456.4343,7.4518,-83.5818,0.637621
-455.8888,7.4512,-83.5041,0.637844
-455.2736,7.4504,-83.4152,0.638096
-454.6568,7.4497,-83.3250,0.638347
-454.0385,7.4489,-83.2334,0.638599
-453.2115,7.4479,-83.1092,0.638937
-452.5889,7.4473,-83.0144,0.639190
-452.0345,7.4473,-82.9290,0.639418
-451.4091,7.4473,-82.8315,0.639673
-450.7821,7.4473,-82.7327,0.639928
-450.2234,7.4472,-82.6437,0.640160
-449.5932,7.4472,-82.5422,0.640418
-448.9613,7.4472,-82.4393,0.640675
-448.3278,7.4472,-82.3351,0.640935
-447.7633,7.4472,-82.2411,0.641168
-447.1267,7.4471,-82.1341,0.641429
-446.4883,7.4471,-82.0255,0.641690
-445.8484,7.4471,-81.9155,0.641957
-445.2067,7.4471,-81.8039,0.642222
-444.5635,7.4470,-81.6909,0.642488
-443.9904,7.4470,-81.5892,0.642724
-443.4160,7.4470,-81.4862,0.642962
-442.6961,7.4470,-81.3559,0.643259
-442.1189,7.4469,-81.2502,0.643499
-441.4680,7.4469,-81.1299,0.643768
-440.8881,7.4469,-81.0217,0.644009
-440.2341,7.4469,-80.8986,0.644280
-439.5787,7.4468,-80.7741,0.644555
-438.9220,7.4468,-80.6483,0.644826
-438.2650,7.4468,-80.5213,0.645099
-437.6085,7.4468,-80.3934,0.645371
-437.0256,7.4468,-80.2789,0.645615
-436.2981,7.4467,-80.1348,0.645919
-435.7169,7.4467,-80.0188,0.646162
-435.0638,7.4467,-79.8877,0.646436
-434.4116,7.4467,-79.7558,0.646707
-433.7604,7.4471,-79.6233,0.646981
-433.1824,7.4473,-79.5049,0.647224
-432.2442,7.4478,-79.3116,0.647616
-431.6671,7.4481,-79.1919,0.647860
-431.0178,7.4485,-79.0565,0.648131
-430.3681,7.4488,-78.9203,0.648404
-429.7180,7.4592,-78.7829,0.648675
-429.0672,7.4595,-78.6447,0.648948
-428.4157,7.4598,-78.5055,0.649222
-427.7636,7.4601,-78.3658,0.649497
-427.1110,7.4605,-78.2257,0.649772
-426.5301,7.4608,-78.1008,0.650016
-425.8758,7.4611,-77.9600,0.650291
-425.2932,7.4614,-77.8349,0.650534
-424.6367,7.4617,-77.6941,0.650814
-423.9792,7.4621,-77.5533,0.651090
-423.3205,7.4624,-77.4125,0.651368
-422.6606,7.4628,-77.2716,0.651647
-421.9995,7.4631,-77.1306,0.651926
-421.4108,7.4634,-77.0052,0.652172
-420.8211,7.4637,-76.8797,0.652422
-420.0826,7.4641,-76.7229,0.652732
-419.3427,7.4645,-76.5662,0.653045
-418.7495,7.4648,-76.4409,0.653295
-418.0810,7.4651,-76.2999,0.653576
-417.4113,7.4655,-76.1590,0.653860
-416.7403,7.4659,-76.0182,0.654142
-416.0680,7.4663,-75.8774,0.654426
-415.3944,7.4667,-75.7366,0.654708
-414.7196,7.4671,-75.5959,0.654992
-414.0434,7.4675,-75.4553,0.655277
-413.4413,7.4679,-75.3304,0.655532
-412.8382,7.4682,-75.2055,0.655785
-411.9315,7.4689,-75.0183,0.656167
-411.2501,7.4693,-74.8779,0.656456
-410.5673,7.4699,-74.7377,0.656741
-409.8833,7.4704,-74.5976,0.657031
-409.1979,7.4708,-74.4575,0.657319
-408.5879,7.4713,-74.3331,0.657577
-407.9013,7.4379,-74.1935,0.657866
-407.2913,7.4447,-74.0698,0.658122
-406.6061,7.4502,-73.9308,0.658412
-405.9221,7.4530,-73.7919,0.658699
-405.2393,7.4531,-73.6526,0.658988
-404.6330,7.4512,-73.5282,0.659243
-403.8765,7.4471,-73.3721,0.659561
-403.2724,7.4431,-73.2470,0.659814
-402.5943,7.4388,-73.1058,0.660100
-401.6173,7.4343,-72.9010,0.660511
-401.0176,7.4331,-72.7744,0.660764
-400.3442,7.4334,-72.6312,0.661047
-399.6722,7.4350,-72.4874,0.661330
-399.0761,7.4372,-72.3588,0.661580
-398.4070,7.4399,-72.2136,0.661862
-397.5174,7.4426,-72.0187,0.662238
-396.8521,7.4433,-71.8719,0.662520
-396.2620,7.4426,-71.7409,0.662766
-395.5997,7.4403,-71.5932,0.663048
-394.9388,7.4368,-71.4449,0.663326
-394.3527,7.4332,-71.3129,0.663572
-393.6947,7.4293,-71.1640,0.663851
-393.0381,7.4263,-71.0149,0.664128
-392.4557,7.4251,-70.8824,0.664375
-391.8017,7.4258,-70.7332,0.664651
-391.2216,7.4286,-70.6003,0.664897
-390.5703,7.4341,-70.4505,0.665173
-389.9208,7.4415,-70.3003,0.665447
-389.2736,7.4502,-70.1498,0.665720
-388.7009,7.4582,-70.0159,0.665964
-388.0600,7.4666,-69.8652,0.666236
-387.4232,7.4732,-69.7146,0.666503
-386.8605,7.4771,-69.5812,0.666743
-386.2314,7.4787,-69.4316,0.667008
-385.6064,7.4773,-69.2825,0.667275
-384.9854,7.4730,-69.1342,0.667538
-384.3687,7.4665,-68.9866,0.667802
-383.7572,7.4915,-68.8396,0.668061
-383.2178,7.4920,-68.7097,0.668290
-382.6146,7.4926,-68.5643,0.668545
-382.0155,7.4931,-68.4194,0.668800
-381.4202,7.4937,-68.2752,0.669051
-380.8284,7.4942,-68.1316,0.669301
-380.2415,7.4947,-67.9894,0.669550
-379.6588,7.4953,-67.8485,0.669800
-379.0791,7.4958,-67.7079,0.670038
-378.5023,7.4963,-67.5674,0.670292
-377.9282,7.4969,-67.4272,0.670536
-377.4201,7.4973,-67.3030,0.670751
-376.8511,7.4979,-67.1639,0.670993
-376.3478,7.4983,-67.0408,0.671208
-375.7848,7.4988,-66.9030,0.671449
-375.2253,7.4993,-66.7660,0.671683
-374.7314,7.4998,-66.6449,0.671894
-373.9965,7.4905,-66.4648,0.672205
-373.3908,7.4910,-66.3159,0.672464
-372.9109,7.4915,-66.1980,0.672669
-372.3763,7.4920,-66.0665,0.672894
-371.9059,7.4924,-65.9507,0.673093
-371.3820,7.4929,-65.8217,0.673316
-370.8640,7.4934,-65.6937,0.673536
-370.3527,7.4938,-65.5676,0.673754
-369.9037,7.4943,-65.4569,0.673946
-369.4047,7.4947,-65.3337,0.674158
-368.9122,7.4952,-65.2119,0.674366
-368.4264,7.4956,-65.0916,0.674573
-367.9471,7.4961,-64.9726,0.674775
-367.5266,7.4965,-64.8681,0.674952
-367.0598,7.4969,-64.7519,0.675152
-366.6504,7.4973,-64.6499,0.675323
-366.1960,7.4977,-64.5365,0.675519
-365.7481,7.4981,-64.4247,0.675709
-365.3068,7.4985,-64.3144,0.675896
-364.8719,7.4989,-64.2055,0.676081
-364.4909,7.4993,-64.1100,0.676242
-364.0683,7.4996,-64.0040,0.676421
-363.6504,7.5002,-63.8989,0.676598
-363.2856,7.5025,-63.8071,0.676754
-362.8808,7.5051,-63.7051,0.676925
-362.5255,7.5073,-63.6155,0.677074
-362.1299,7.5098,-63.5158,0.677242
-361.7374,7.5123,-63.4167,0.677408
-361.3903,7.5145,-63.3291,0.677554
-361.0015,7.5169,-63.2308,0.677720
-360.6143,7.5194,-63.1328,0.677882
-360.2284,7.5218,-63.0351,0.678047
-359.8436,7.5242,-62.9375,0.678207
-359.5023,7.5263,-62.8509,0.678353
-359.1194,7.5284,-62.7532,0.678513
-358.7373,7.5305,-62.6557,0.678675
-358.3560,7.5326,-62.5579,0.678834
-358.0179,7.5344,-62.4703,0.678977
-357.6387,7.5365,-62.3707,0.679135
-357.2607,7.5386,-62.2699,0.679294
-356.8841,7.5404,-62.1678,0.679449
-356.5086,7.5423,-62.0643,0.679603
-355.9690,7.5445,-61.9117,0.679830
-355.6380,7.5457,-61.8164,0.679965
-355.2670,7.5471,-61.7075,0.680119
-354.8974,7.5484,-61.5968,0.680269
-354.5701,7.5496,-61.4967,0.680403
-354.2038,7.5506,-61.3821,0.680553
-353.8387,7.5513,-61.2647,0.680703
-353.5155,7.5519,-61.1580,0.680835
-353.1543,7.5521,-61.0347,0.680982
-352.8342,7.5522,-60.9228,0.681112
-352.4759,7.5523,-60.7935,0.681258
-352.1198,7.5524,-60.6603,0.681403
-351.7671,7.5513,-60.5238,0.681548
-351.4153,7.5497,-60.3825,0.681692
-351.1045,7.5483,-60.2533,0.681817
-350.7198,7.5458,-60.0863,0.681979
-350.4138,7.5437,-59.9487,0.682105
-350.0755,7.5405,-59.7909,0.682250
-349.7369,7.5336,-59.6262,0.682388
-349.4013,7.5268,-59.4570,0.682528
-349.1072,7.5197,-59.3026,0.682652
-348.7675,7.5160,-59.1183,0.682792
-348.4431,7.5220,-58.9326,0.682930
-348.0882,7.5288,-58.7170,0.683084
-347.8089,7.5342,-58.5383,0.683203
-347.4986,7.5399,-58.3313,0.683337
-347.1837,7.5591,-58.1119,0.683470
-346.9175,7.5769,-57.9161,0.683586
-346.5911,7.5991,-57.6644,0.683732
-346.3351,7.6168,-57.4580,0.683845
-346.0539,7.6367,-57.2215,0.683969
-345.8112,7.6538,-57.0070,0.684087
-345.5119,7.6759,-56.7336,0.684227
-345.2502,7.6970,-56.4843,0.684357
-344.9941,7.7180,-56.2316,0.684481
-344.7715,7.7366,-56.0041,0.684597
-344.5268,7.7575,-55.7442,0.684724
-344.2616,7.7806,-55.4499,0.684863
-344.0546,7.7990,-55.2097,0.684978
-343.8015,7.8218,-54.9047,0.685116
-343.5596,7.8414,-54.5942,0.685262
-343.3226,7.8593,-54.2756,0.685408
-343.1155,7.8754,-53.9850,0.685532
-342.9145,7.8913,-53.6908,0.685653
-342.7197,7.9071,-53.3925,0.685783
-342.5313,7.9229,-53.0898,0.685903
-342.3694,7.9367,-52.8170,0.686011
-342.1558,7.9557,-52.4361,0.686165
-341.9885,7.9715,-52.1202,0.686284
-341.8147,7.9807,-51.7703,0.686426
-341.6599,7.9880,-51.4475,0.686552
-341.5269,7.9944,-51.1592,0.686666
-341.3670,8.0024,-50.7966,0.686802
-341.2297,8.0094,-50.4677,0.686925
-341.1136,8.0155,-50.1728,0.687035
-340.9634,8.0238,-49.7633,0.687185
-340.8495,8.0306,-49.4236,0.687310
-340.7424,8.0382,-49.0817,0.687433
-340.6425,8.0457,-48.7365,0.687562
-340.5539,8.0428,-48.3976,0.687686
-340.4653,8.0387,-48.0483,0.687811
-340.3905,8.0350,-47.7374,0.687922
-340.3025,8.0304,-47.3482,0.688068
-340.2286,8.0262,-46.9972,0.688192
-340.1532,8.0215,-46.6057,0.688330
-340.0982,8.0176,-46.2911,0.688451
-340.0359,8.0128,-45.8959,0.688589
-339.9857,8.0085,-45.5379,0.688717
-339.9426,8.0053,-45.1759,0.688846
-339.9070,8.0027,-44.8537,0.688959
-339.8687,7.9989,-44.4511,0.689102
-339.8390,7.9934,-44.0855,0.689231
-339.8142,7.9880,-43.7194,0.689362
-339.7944,7.9825,-43.3530,0.689488
-339.7793,7.9771,-42.9859,0.689617
-339.7689,7.9716,-42.6180,0.689750
-339.7635,7.9662,-42.2490,0.689878
-339.7631,7.9607,-41.8788,0.690006
-339.7701,7.9553,-41.5062,0.690139
-339.7802,7.9515,-41.1336,0.690265
-339.7958,7.9477,-40.7599,0.690391
-339.8167,7.9481,-40.3810,0.690519
-339.8438,7.9494,-40.0053,0.690651
-339.8727,7.9506,-39.6709,0.690763
-339.9105,7.9520,-39.2940,0.690889
-339.9536,7.9535,-38.9167,0.691022
-340.0074,7.9552,-38.4972,0.691160
-340.0612,7.9567,-38.1195,0.691285
-340.1134,7.9582,-37.7836,0.691399
-340.1712,7.9602,-37.4475,0.691512
-340.2484,7.9631,-37.0285,0.691648
-340.3248,7.9667,-36.6489,0.691773
-340.4074,7.9728,-36.2722,0.691902
-340.4971,7.9791,-35.8957,0.692027
-340.5941,7.9854,-35.5197,0.692148
-340.6858,7.9910,-35.1861,0.692259
-340.7953,7.9974,-34.8117,0.692379
-340.9112,8.0039,-34.4386,0.692502
-341.0334,8.0105,-34.0671,0.692625
-341.1620,8.0172,-33.6972,0.692747
-341.2969,8.0239,-33.3292,0.692869
-341.4389,8.0312,-32.9618,0.692985
-341.6043,8.0408,-32.5572,0.693122
-341.7430,8.0485,-32.2352,0.693226
-341.9058,8.0573,-31.8751,0.693341
-342.0757,8.0661,-31.5173,0.693462
-342.2521,8.0752,-31.1618,0.693582
-342.4355,8.0844,-30.8094,0.693698
-342.6255,8.0937,-30.4600,0.693817
-342.8217,8.1030,-30.1137,0.693940
-343.0239,8.1120,-29.7710,0.694052
-343.2089,8.1198,-29.4687,0.694159
-343.4227,8.1286,-29.1316,0.694278
-343.6426,8.1374,-28.7979,0.694403
-343.8688,8.1463,-28.4675,0.694535
-344.1017,8.1552,-28.1408,0.694671
-344.3408,8.1642,-27.8179,0.694788
-344.5843,8.1726,-27.5009,0.694917
-344.8352,8.1779,-27.1860,0.695055
-345.0915,8.1831,-26.8745,0.695195
-345.3237,8.1878,-26.6008,0.695322
-345.5901,8.1931,-26.2967,0.695458
-345.8625,8.1985,-25.9972,0.695603
-346.1404,8.2040,-25.7017,0.695749
-346.4566,8.2104,-25.3796,0.695915
-346.7150,8.2155,-25.1263,0.696045
-347.0447,8.2219,-24.8148,0.696209
-347.3162,8.2287,-24.5674,0.696338
-347.6246,8.2391,-24.2975,0.696483
-347.9394,8.2495,-24.0337,0.696626
-348.2602,8.2598,-23.7762,0.696770
-348.5497,8.2690,-23.5525,0.696894
-348.8807,8.2798,-23.3063,0.697032
-349.2158,8.2909,-23.0657,0.697165
-349.5551,8.3020,-22.8308,0.697317
-349.8602,8.3119,-22.6269,0.697437
-350.2073,8.3230,-22.4033,0.697573
-350.5593,8.3341,-22.1858,0.697708
-350.9146,8.3460,-21.9741,0.697846
-351.2327,8.3558,-21.7920,0.697967
-351.5959,8.3653,-21.5913,0.698103
-351.9627,8.3748,-21.3963,0.698234
-352.3330,8.3842,-21.2071,0.698369
-352.6652,8.3926,-21.0441,0.698483
-353.0432,8.4024,-20.8675,0.698615
-353.4232,8.4127,-20.6981,0.698750
-353.7629,8.4217,-20.5541,0.698861
-354.1446,8.4287,-20.4013,0.698988
-354.5309,8.4348,-20.2542,0.699110
-354.8754,8.4402,-20.1296,0.699230
-355.2642,8.4461,-19.9964,0.699354
-355.6541,8.4521,-19.8713,0.699482
-356.0456,8.4581,-19.7551,0.699612
-356.3937,8.4639,-19.6585,0.699720
-356.8297,8.4712,-19.5473,0.699860
-357.1795,8.4769,-19.4658,0.699974
-357.5266,8.4796,-19.3925,0.700083
-357.9650,8.4817,-19.3075,0.700222
-358.3592,8.4836,-19.2386,0.700348
-358.7525,8.4855,-19.1772,0.700468
-359.1014,8.4871,-19.1294,0.700581
-359.4930,8.4889,-19.0836,0.700704
-359.8839,8.4907,-19.0460,0.700828
-360.2746,8.4927,-19.0170,0.700952
-360.6212,8.4945,-18.9977,0.701060
-361.0107,8.4966,-18.9834,0.701185
-361.3998,8.4986,-18.9767,0.701306
-361.7870,8.5001,-18.9776,0.701429
-362.1746,8.5005,-18.9854,0.701555
-362.5610,8.5008,-18.9996,0.701678
-362.9035,8.5011,-19.0171,0.701787
-363.2879,8.5015,-19.0422,0.701912
-363.6716,8.5018,-19.0727,0.702035
-364.0549,8.5022,-19.1087,0.702161
-364.4377,8.5025,-19.1498,0.702282
-364.7776,8.5028,-19.1901,0.702394
-365.1599,8.5032,-19.2395,0.702521
-365.5420,8.5036,-19.2926,0.702649
-365.8815,8.5039,-19.3426,0.702769
-366.3063,8.5051,-19.4085,0.702913
-366.6454,8.5061,-19.4638,0.703029
-367.0269,8.5072,-19.5286,0.703162
-367.4084,8.5084,-19.5958,0.703297
-367.7902,8.5096,-19.6652,0.703437
-368.0871,8.5105,-19.7205,0.703541
-368.5114,8.5119,-19.8015,0.703694
-368.8925,8.5131,-19.8763,0.703833
-369.2306,8.5141,-19.9441,0.703960
-369.6108,8.5157,-20.0221,0.704103
-369.9896,8.5177,-20.1020,0.704243
-370.4095,8.5199,-20.1929,0.704404
-370.7448,8.5217,-20.2674,0.704530
-371.1225,8.5238,-20.3530,0.704677
-371.5039,8.5258,-20.4412,0.704822
-371.8870,8.5279,-20.5318,0.704969
-372.2714,8.5300,-20.6247,0.705116
-372.6572,8.5324,-20.7197,0.705269
-373.0418,8.5352,-20.8165,0.705418
-373.3825,8.5376,-20.9038,0.705552
-373.8066,8.5407,-21.0141,0.705720
-374.1866,8.5434,-21.1145,0.705871
-374.5224,8.5458,-21.2041,0.706004
-374.8975,8.5486,-21.3053,0.706155
-375.2692,8.5513,-21.4067,0.706303
-375.6372,8.5542,-21.5080,0.706455
-375.9608,8.5568,-21.5978,0.706590
-376.3607,8.5600,-21.7098,0.706751
-376.7164,8.5628,-21.8100,0.706896
-377.0679,8.5656,-21.9096,0.707044
-377.4152,8.5684,-22.0087,0.707188
-377.7583,8.5711,-22.1069,0.707332
-378.0972,8.5739,-22.2045,0.707472
-378.3946,8.5762,-22.2902,0.707595
-378.7252,8.5787,-22.3854,0.707734
-379.0517,8.5812,-22.4789,0.707867
-379.3740,8.5837,-22.5705,0.708002
-379.6923,8.5861,-22.6599,0.708134
-380.0067,8.5884,-22.7469,0.708265
-380.3175,8.5908,-22.8314,0.708398
-380.6247,8.5931,-22.9136,0.708527
-380.9284,8.5954,-22.9935,0.708654
-381.2290,8.5976,-23.0709,0.708782
-381.5265,8.5999,-23.1461,0.708913
-381.8221,8.6029,-23.2193,0.709043
-382.1147,8.6060,-23.2901,0.709168
-382.4055,8.6091,-23.3589,0.709296
-382.6950,8.6121,-23.4256,0.709424
-382.9834,8.6152,-23.4903,0.709555
-383.2708,8.6181,-23.5528,0.709688
-383.5573,8.6211,-23.6134,0.709812
-383.8433,8.6240,-23.6719,0.709943
-384.0972,8.6266,-23.7222,0.710060
-384.3837,8.6297,-23.7769,0.710193
-384.6376,8.6330,-23.8238,0.710316
-384.9234,8.6367,-23.8749,0.710446
-385.2095,8.6403,-23.9240,0.710580
-385.4959,8.6440,-23.9711,0.710716
-385.7828,8.6477,-24.0164,0.710854
-386.0384,8.6510,-24.0545,0.710977
-386.2941,8.6544,-24.0914,0.711097
-386.6141,8.6587,-24.1353,0.711250
-386.8703,8.6621,-24.1685,0.711371
-387.1598,8.6667,-24.2035,0.711511
-387.4478,8.6716,-24.2359,0.711648
-387.7347,8.6762,-24.2644,0.711786
-388.0202,8.6806,-24.2904,0.711920
-388.3035,8.6850,-24.3131,0.712054
-388.5531,8.6889,-24.3303,0.712169
-388.8311,8.6932,-24.3462,0.712298
-389.1362,8.6980,-24.3594,0.712440
-389.4087,8.7028,-24.3671,0.712568
-389.6765,8.7079,-24.3712,0.712692
-389.9115,8.7125,-24.3716,0.712806
-390.1725,8.7176,-24.3684,0.712925
-390.4298,8.7226,-24.3616,0.713045
-390.6554,8.7270,-24.3526,0.713151
-390.9326,8.7322,-24.3367,0.713282
-391.1787,8.7366,-24.3195,0.713400
-391.4209,8.7532,-24.3022,0.713512
-391.6593,8.7575,-24.2787,0.713626
-391.8683,8.7613,-24.2555,0.713725
-392.1183,8.7644,-24.2053,0.713834
-392.3337,8.7818,-24.1525,0.713944
-392.5565,8.7955,-24.1175,0.714051
-392.7754,8.8095,-24.0798,0.714153
-392.9959,8.8287,-24.0349,0.714259
-393.2107,8.8146,-24.0135,0.714362
-393.3969,8.8291,-23.9746,0.714450
-393.6253,8.8474,-23.9215,0.714565
-393.8117,8.8657,-23.8474,0.714668
-394.0070,8.8390,-23.8383,0.714766
-394.2246,8.8510,-23.7539,0.714861
-394.3991,8.8698,-23.7206,0.714960
-394.5907,8.8688,-23.6578,0.715056
-394.7803,8.8583,-23.5915,0.715152
-394.9888,8.8214,-23.5144,0.715260
-395.1595,8.7974,-23.4479,0.715343
-395.3387,8.7997,-23.3717,0.715437
-395.5222,8.8033,-23.2887,0.715530
-395.6945,8.8108,-23.2040,0.715621
-395.8782,8.8152,-23.1057,0.715723
-396.0464,8.8191,-23.0136,0.715814
-396.2122,8.8233,-22.9182,0.715903
-396.3573,8.8271,-22.8317,0.715983
-396.5189,8.8314,-22.7314,0.716072
-396.6785,8.8359,-22.6273,0.716161
-396.8359,8.8407,-22.5189,0.716248
-396.9942,8.8483,-22.4007,0.716338
-397.1476,8.8575,-22.2852,0.716428
-397.2893,8.9454,-22.1816,0.716515
-397.4033,8.9683,-22.0302,0.716600
-397.5491,8.9665,-21.9072,0.716690
-397.6956,8.9645,-21.7853,0.716776
-397.8351,8.9546,-21.6771,0.716861
-397.9791,8.9450,-21.5554,0.716948
-398.1157,8.9327,-21.4507,0.717034
-398.3148,8.9175,-21.3332,0.717121
-398.4563,8.9183,-21.2055,0.717206
-398.5940,8.9089,-21.0751,0.717293
-398.7281,8.9093,-20.9404,0.717379
-398.8579,8.9098,-20.8019,0.717467
-398.9696,8.9102,-20.6754,0.717544
-399.0919,8.9107,-20.5289,0.717630
-399.2114,8.9111,-20.3763,0.717721
-399.3387,8.9117,-20.2024,0.717819
-399.4495,8.9122,-20.0418,0.717908
-399.5559,8.9127,-19.8798,0.717995
-399.6613,8.9132,-19.7169,0.718083
-399.7688,8.9130,-19.5584,0.718173
-399.8770,8.9122,-19.3988,0.718260
-399.9820,8.9115,-19.2382,0.718348
-400.0817,8.9108,-19.0760,0.718436
-400.1860,8.9099,-18.8938,0.718533
-400.2646,8.9093,-18.7471,0.718611
-400.3486,8.9085,-18.5812,0.718696
-400.4365,8.9077,-18.3965,0.718793
-400.5111,8.9069,-18.2300,0.718880
-400.5812,8.9062,-18.0632,0.718965
-400.6684,8.9052,-17.8383,0.719079
-400.7219,8.9046,-17.6844,0.719152
-400.7957,8.9034,-17.4246,0.719278
-400.8394,8.9026,-17.2414,0.719359
-400.8765,8.9019,-17.0784,0.719436
-400.9162,8.9011,-16.8955,0.719522
-400.9523,8.9003,-16.7121,0.719603
-400.9842,8.8991,-16.5295,0.719689
-401.0124,8.8976,-16.3454,0.719772
-401.0373,8.8961,-16.1607,0.719857
-401.0593,8.8945,-15.9749,0.719945
-401.0786,8.8930,-15.7881,0.720027
-401.0952,8.8914,-15.6002,0.720114
-401.1089,8.8899,-15.4114,0.720198
-401.1191,8.8883,-15.2214,0.720283
-401.1256,8.8867,-15.0303,0.720369
-401.1287,8.8851,-14.8380,0.720457
-401.1288,8.8835,-14.6444,0.720543
-401.1260,8.8818,-14.4494,0.720633
-401.1197,8.8800,-14.2308,0.720733
-401.1115,8.8783,-14.0323,0.720825
-401.1022,8.8768,-13.8544,0.720906
-401.0895,8.8750,-13.6525,0.720999
-401.0744,8.8733,-13.4486,0.721092
-401.0549,8.8713,-13.2198,0.721193
-401.0349,8.8696,-13.0116,0.721295
-401.0128,8.8678,-12.8011,0.721384
-400.9886,8.8659,-12.5884,0.721483
-400.9627,8.8641,-12.3732,0.721582
-400.9351,8.8622,-12.1558,0.721682
-400.9091,8.8603,-11.9598,0.721770
-400.8785,8.8580,-11.7366,0.721874
-400.8501,8.8560,-11.5356,0.721963
-400.8134,8.8535,-11.2808,0.722077
-400.7791,8.8511,-11.0482,0.722187
-400.7479,8.8490,-10.8386,0.722277
-400.7117,8.8466,-10.5997,0.722379
-400.6747,8.8442,-10.3575,0.722497
-400.6365,8.8418,-10.1120,0.722607
-400.5975,8.8393,-9.8632,0.722714
-400.5575,8.8367,-9.6109,0.722824
-400.5212,8.8345,-9.3840,0.722919
-400.4796,8.8319,-9.1256,0.723031
-400.4367,8.8292,-8.8641,0.723150
-400.3927,8.8265,-8.5993,0.723261
-400.3421,8.8235,-8.3017,0.723390
-400.3001,8.8210,-8.0609,0.723496
-400.2513,8.8183,-7.7873,0.723616
-400.2007,8.8154,-7.5108,0.723737
-400.1485,8.8126,-7.2313,0.723859
-400.0947,8.8097,-6.9489,0.723980
-400.0394,8.8068,-6.6635,0.724109
-399.9889,8.8042,-6.4074,0.724220
-399.9306,8.8010,-6.1167,0.724353
-399.8773,8.7981,-5.8556,0.724464
-399.8160,8.7948,-5.5591,0.724598
-399.7532,8.7915,-5.2597,0.724729
-399.6962,8.7885,-4.9910,0.724850
-399.6307,8.7851,-4.6858,0.724987
-399.5639,8.7816,-4.3776,0.725132
-399.4653,8.7766,-3.9268,0.725326
-399.4037,8.7735,-3.6462,0.725456
-399.3335,8.7699,-3.3275,0.725602
-399.2703,8.7667,-3.0417,0.725732
-399.1983,8.7631,-2.7171,0.725886
-399.1253,8.7594,-2.3895,0.726035
-399.0515,8.7557,-2.0589,0.726181
-398.9766,8.7519,-1.7252,0.726338
-398.9091,8.7486,-1.4262,0.726478
-398.8322,8.7447,-1.0870,0.726627
-398.7541,8.7409,-0.7449,0.726785
-398.6749,8.7370,-0.3999,0.726953
-398.6035,8.7335,-0.0908,0.727091
-398.5222,8.7295,0.2595,0.727250
-398.4490,8.7257,0.5736,0.727397
-398.3660,8.7213,0.9298,0.727566
-398.2822,8.7170,1.2891,0.727730
-398.1978,8.7126,1.6516,0.727901
-398.1129,8.7082,2.0173,0.728073
-398.0276,8.7037,2.3861,0.728245
-397.9421,8.6992,2.7582,0.728412
-397.8659,8.6951,3.0915,0.728566
-397.7797,8.6905,3.4694,0.728742
-397.6931,8.6859,3.8504,0.728932
-397.6060,8.6812,4.2344,0.729102
-397.5183,8.6765,4.6213,0.729289
-397.4400,8.6723,4.9677,0.729451
-397.3513,8.6675,5.3601,0.729637
-397.2718,8.6633,5.7114,0.729795
-397.1816,8.6584,6.1092,0.729987
-397.0907,8.6535,6.5099,0.730172
-396.9993,8.6483,6.9131,0.730354
-396.9173,8.6436,7.2742,0.730527
-396.8245,8.6381,7.6831,0.730730
-396.7309,8.6327,8.0949,0.730919
-396.6472,8.6278,8.4633,0.731087
-396.5522,8.6222,8.8804,0.731294
-396.4563,8.6167,9.3002,0.731483
-396.3594,8.6110,9.7227,0.731694
-396.2612,8.6054,10.1477,0.731887
-396.1727,8.6003,10.5277,0.732068
-396.0718,8.5946,10.9575,0.732274
-395.9694,8.5888,11.3898,0.732478
-395.8770,8.5836,11.7761,0.732660
-395.7715,8.5778,12.2131,0.732860
-395.6764,8.5726,12.6034,0.733056
-395.5682,8.5659,13.0433,0.733257
-395.4586,8.5592,13.4844,0.733480
-395.3480,8.5526,13.9252,0.733685
-395.2489,8.5466,14.3163,0.733878
-395.1367,8.5399,14.7549,0.734084
-395.0234,8.5332,15.1920,0.734287
-394.9219,8.5272,15.5793,0.734473
-394.8068,8.5206,16.0134,0.734682
-394.6905,8.5139,16.4459,0.734898
-394.5862,8.5080,16.8290,0.735083
-394.4544,8.5006,17.3059,0.735316
-394.3479,8.4932,17.6844,0.735505
-394.2264,8.4846,18.1101,0.735711
-394.1036,8.4760,18.5340,0.735919
-393.9788,8.4674,18.9560,0.736134
-393.8519,8.4587,19.3762,0.736343
-393.7225,8.4500,19.7955,0.736550
-393.5909,8.4414,20.2145,0.736758
-393.4718,8.4336,20.5871,0.736944
-393.3363,8.4232,21.0045,0.737149
-393.2134,8.4127,21.3781,0.737335
-393.0731,8.4008,21.7992,0.737548
-392.9304,8.3889,22.2209,0.737758
-392.7851,8.3769,22.6432,0.737960
-392.6534,8.3662,23.0190,0.738139
-392.5030,8.3540,23.4398,0.738345
-392.3314,8.3372,23.9099,0.738578
-392.1908,8.3236,24.2861,0.738764
-392.0293,8.3083,24.7096,0.738968
-391.8454,8.2913,25.1802,0.739196
-391.6951,8.2771,25.5551,0.739373
-391.5221,8.2597,25.9794,0.739582
-391.3449,8.2425,26.4031,0.739786
-391.1843,8.2271,26.7799,0.739968
-390.9997,8.2099,27.2043,0.740178
-390.8112,8.1931,27.6284,0.740378
-390.6189,8.1767,28.0532,0.740587
-390.4441,8.1623,28.4302,0.740770
-390.2427,8.1467,28.8569,0.740974
-390.0381,8.1342,29.2810,0.741176
-389.8292,8.1218,29.7051,0.741386
-389.6160,8.1096,30.1287,0.741599
-389.4217,8.0992,30.5081,0.741777
-389.2006,8.0917,30.9312,0.741981
-388.9753,8.0843,31.3531,0.742185
-388.7464,8.0769,31.7730,0.742398
-388.5143,8.0698,32.1900,0.742603
-388.2786,8.0660,32.6059,0.742811
-388.0674,8.0629,32.9707,0.742989
-387.8268,8.0593,33.3775,0.743195
-387.5829,8.0662,33.7808,0.743397
-387.3354,8.0642,34.1803,0.743600
-387.0407,8.0671,34.5580,0.743801
-386.7953,8.0732,34.9515,0.744002
-386.5378,8.0844,35.3333,0.744208
-386.2881,8.0736,35.7188,0.744403
-385.9969,8.0935,36.0978,0.744600
-385.7468,8.0837,36.4781,0.744802
-385.4876,8.1069,36.7849,0.744975
-385.2285,8.1128,37.2006,0.745193
-384.9795,8.0951,37.5162,0.745368
-384.6991,8.0741,37.8700,0.745565
-384.4169,8.0516,38.2209,0.745749
-384.1323,8.0578,38.5690,0.745945
-383.8451,8.0310,38.9137,0.746136
-383.5551,8.0418,39.2544,0.746331
-383.2282,8.0504,39.5563,0.746517
-382.9319,8.0486,39.8827,0.746705
-382.6758,8.0440,40.1561,0.746876
-382.3702,8.0253,40.4654,0.747061
-382.0856,7.9826,40.8127,0.747249
-381.7576,7.9613,41.0917,0.747433
-381.4090,7.9367,41.3884,0.747639
-381.0982,7.9033,41.6876,0.747826
-380.8017,7.8826,42.0111,0.748007
-380.4790,7.8667,42.2934,0.748191
-380.1525,7.8388,42.5681,0.748378
-379.8240,7.8219,42.8395,0.748558
-379.4932,7.8051,43.1040,0.748736
-379.1591,7.7897,43.3602,0.748913
-378.8226,7.7748,43.6058,0.749094
-378.4795,7.7593,43.8413,0.749269
-378.1313,7.7438,44.0683,0.749447
-377.7790,7.7283,44.2886,0.749623
-377.4215,7.7146,44.5050,0.749801
-377.0222,7.7006,44.7385,0.749992
-376.6595,7.6880,44.9439,0.750166
-376.3336,7.6764,45.1230,0.750323
-375.9226,7.6618,45.3432,0.750515
-375.5471,7.6498,45.5403,0.750688
-375.1709,7.6405,45.7338,0.750861
-374.7916,7.6311,45.9255,0.751035
-374.4096,7.6216,46.1164,0.751206
-374.0248,7.6120,46.3072,0.751378
-373.6375,7.6023,46.4990,0.751553
-373.2451,7.5961,46.6943,0.751728
-372.8540,7.5909,46.8907,0.751899
-372.5486,7.5869,47.0457,0.752039
-372.1549,7.5818,47.2480,0.752213
-371.7159,7.5761,47.4768,0.752408
-371.2739,7.5705,47.7111,0.752604
-370.9211,7.5688,47.9010,0.752760
-370.4796,7.5666,48.1430,0.752961
-370.0819,7.5647,48.3654,0.753144
-369.7283,7.5630,48.5668,0.753301
-369.3306,7.5610,48.7975,0.753481
-368.9321,7.5592,49.0332,0.753663
-368.5348,7.5587,49.2731,0.753840
-368.1382,7.5582,49.5180,0.754030
-367.7425,7.5577,49.7681,0.754212
-367.3476,7.5572,50.0233,0.754390
-366.9539,7.5567,50.2839,0.754570
-366.5617,7.5561,50.5495,0.754752
-366.1714,7.5553,50.8203,0.754932
-365.7841,7.5546,51.0958,0.755114
-365.4432,7.5539,51.3439,0.755278
-365.0221,7.5531,51.6581,0.755472
-364.6480,7.5523,51.9447,0.755647
-364.2804,7.5509,52.2333,0.755822
-363.9179,7.5483,52.5247,0.755987
-363.5619,7.5457,52.8176,0.756165
-363.2130,7.5431,53.1119,0.756323
-362.8338,7.5403,53.4404,0.756507
-362.5003,7.5377,53.7377,0.756664
-362.1759,7.5339,54.0349,0.756818
-361.8567,7.5281,54.3351,0.756969
-361.5443,7.5223,54.6364,0.757124
-361.2393,7.5167,54.9385,0.757270
-360.9424,7.5110,55.2417,0.757418
-360.6222,7.5049,55.5801,0.757573
-360.3446,7.4991,55.8835,0.757721
-360.0729,7.4895,56.1910,0.757859
-359.7789,7.4790,56.5337,0.758016
-359.5221,7.4697,56.8430,0.758149
-359.2452,7.4594,57.1869,0.758293
-359.0052,7.4503,57.4971,0.758428
-358.7742,7.4414,57.8083,0.758560
-358.5529,7.4317,58.1181,0.758683
-358.3362,7.4198,58.4321,0.758793
-358.1270,7.4082,58.7480,0.758920
-357.9240,7.3967,59.0657,0.759042
-357.7065,7.3839,59.4210,0.759174
-357.5390,7.3738,59.7067,0.759278
-357.3571,7.3625,60.0298,0.759395
-357.1816,7.3512,60.3545,0.759508
-356.9947,7.3376,60.7155,0.759636
-356.8490,7.3257,61.0071,0.759737
-356.6883,7.3126,61.3371,0.759845
-356.5344,7.3001,61.6689,0.759959
-356.3858,7.2876,62.0027,0.760064
-356.2423,7.2751,62.3384,0.760178
-356.1034,7.2626,62.6761,0.760291
-355.9542,7.2488,63.0537,0.760416
-355.8246,7.2357,63.3952,0.760529
-355.6987,7.2223,63.7396,0.760636
-355.5765,7.2088,64.0861,0.760748
-355.4713,7.1969,64.3959,0.760846
-355.3548,7.1837,64.7468,0.760955
-355.2439,7.1711,65.0996,0.761068
-355.1366,7.1584,65.4546,0.761176
-355.0330,7.1457,65.8119,0.761284
-354.9438,7.1350,66.1319,0.761380
-354.8473,7.1229,66.4936,0.761490
-354.7546,7.1109,66.8576,0.761611
-354.6656,7.0987,67.2238,0.761714
-354.5714,7.0853,67.6334,0.761843
-354.5068,7.0760,67.9221,0.761928
-354.4207,7.0634,68.3362,0.762049
-354.3155,7.0499,68.8809,0.762217
-354.2483,7.0412,69.2593,0.762333
-354.1922,7.0335,69.5975,0.762436
-354.1330,7.0248,69.9800,0.762541
-354.0780,7.0160,70.3646,0.762654
-354.0262,7.0077,70.7515,0.762765
-353.9845,7.0005,71.0966,0.762869
-353.9415,6.9964,71.4902,0.762989
-353.9071,6.9931,71.8384,0.763083
-353.8733,6.9890,72.2321,0.763206
-353.8471,6.9853,72.5837,0.763289
-353.8220,6.9812,72.9809,0.763412
-353.8018,6.9770,73.3794,0.763522
-353.7870,6.9729,73.7787,0.763636
-353.7784,6.9705,74.1805,0.763751
-353.7761,6.9696,74.5350,0.763858
-353.7799,6.9686,74.9329,0.763971
-353.7903,6.9676,75.3298,0.764083
-353.8070,6.9666,75.7257,0.764192
-353.8275,6.9656,76.0767,0.764295
-353.8569,6.9645,76.4702,0.764403
-353.8931,6.9635,76.8618,0.764513
-353.9366,6.9633,77.2527,0.764623
-353.9809,6.9640,77.5967,0.764720
-354.0439,6.9648,78.0237,0.764842
-354.1075,6.9655,78.4049,0.764948
-354.1693,6.9661,78.7410,0.765031
-354.2447,6.9667,79.1157,0.765137
-354.3263,6.9674,79.4867,0.765236
-354.4140,6.9680,79.8537,0.765343
-354.4971,6.9686,80.1763,0.765430
-354.5964,6.9700,80.5358,0.765528
-354.7013,6.9715,80.8904,0.765633
-354.7994,6.9728,81.2019,0.765714
-354.9148,6.9742,81.5489,0.765818
-355.0358,6.9755,81.8921,0.765920
-355.1623,6.9769,82.2315,0.766014
-355.2942,6.9782,82.5673,0.766116
-355.4159,6.9794,82.8626,0.766209
-355.5579,6.9808,83.1918,0.766309
-355.7053,6.9822,83.5181,0.766405
-355.8578,6.9837,83.8413,0.766500
-355.9978,6.9850,84.1263,0.766584
-356.1600,6.9864,84.4446,0.766692
-356.3271,6.9877,84.7605,0.766785
-356.4993,6.9891,85.0738,0.766890
-356.6564,6.9903,85.3502,0.766986
-356.8174,6.9916,85.6247,0.767075
-357.0240,6.9931,85.9651,0.767187
-357.2147,6.9944,86.2684,0.767286
-357.3886,6.9950,86.5363,0.767385
-357.5888,6.9957,86.8354,0.767484
-357.8168,6.9964,87.1648,0.767610
-358.0272,6.9971,87.4586,0.767714
-358.2183,6.9977,87.7175,0.767809
-358.4380,6.9983,88.0062,0.767915
-358.6624,6.9990,88.2921,0.768013
-358.8659,6.9996,88.5438,0.768111
-359.0985,6.9997,88.8235,0.768228
-359.3364,6.9990,89.1012,0.768339
-359.5787,6.9983,89.3759,0.768450
-359.7980,6.9976,89.6175,0.768547
-360.0491,6.9970,89.8863,0.768658
-360.3049,6.9963,90.1518,0.768768
-360.5362,6.9956,90.3850,0.768868
-360.8008,6.9949,90.6441,0.768972
-361.0398,6.9943,90.8715,0.769071
-361.3123,6.9928,91.1238,0.769178
-361.5898,6.9912,91.3729,0.769289
-361.8717,6.9897,91.6183,0.769403
-362.1579,6.9881,91.8598,0.769508
-362.4159,6.9867,92.0713,0.769608
-362.7102,6.9852,92.3053,0.769715
-362.9754,6.9838,92.5100,0.769820
-363.2777,6.9822,92.7365,0.769937
-363.5500,6.9808,92.9344,0.770043
-363.8255,6.9794,93.1289,0.770151
-364.1393,6.9778,93.3438,0.770274
-364.4570,6.9763,93.5543,0.770391
-364.7787,6.9747,93.7603,0.770519
-365.0677,6.9733,93.9396,0.770620
-365.3965,6.9717,94.1370,0.770751
-365.7291,6.9702,94.3301,0.770876
-366.0653,6.9688,94.5182,0.771007
-366.3678,6.9681,94.6815,0.771120
-366.7109,6.9675,94.8603,0.771236
-367.0575,6.9668,95.0343,0.771351
-367.4074,6.9661,95.2033,0.771473
-367.7604,6.9654,95.3674,0.771589
-368.0768,6.9648,95.5094,0.771699
-368.4356,6.9641,95.6646,0.771821
-368.7971,6.9635,95.8150,0.771948
-369.1628,6.9631,95.9607,0.772074
-369.5302,6.9640,96.1010,0.772197
-369.9004,6.9649,96.2361,0.772326
-370.2319,6.9657,96.3519,0.772440
-370.6073,6.9666,96.4772,0.772571
-370.9852,6.9675,96.5974,0.772698
-371.3656,6.9683,96.7123,0.772826
-371.7055,6.9691,96.8103,0.772935
-372.0900,6.9699,96.9156,0.773066
-372.4765,6.9708,97.0157,0.773197
-372.8668,6.9730,97.1109,0.773325
-373.2577,6.9760,97.2006,0.773453
-373.6507,6.9790,97.2851,0.773590
-374.0018,6.9816,97.3557,0.773700
-374.3984,6.9846,97.4302,0.773838
-374.7967,6.9875,97.4992,0.773974
-375.1521,6.9901,97.5564,0.774090
-375.5980,6.9933,97.6219,0.774236
-375.9559,6.9959,97.6695,0.774354
-376.3598,6.9988,97.7181,0.774487
-376.7633,7.0005,97.7615,0.774620
-377.1695,7.0013,97.8001,0.774757
-377.4862,7.0020,97.8269,0.774863
-377.9397,7.0030,97.8601,0.775013
-378.3491,7.0038,97.8850,0.775146
-378.7139,7.0045,97.9034,0.775270
-379.1707,7.0055,97.9214,0.775421
-379.5828,7.0063,97.9334,0.775563
-379.9958,7.0072,97.9413,0.775701
-380.4097,7.0080,97.9451,0.775840
-380.8214,7.0055,97.9451,0.775980
-381.2362,7.0026,97.9416,0.776121
-381.6052,7.0001,97.9357,0.776247
-382.0211,6.9972,97.9256,0.776391
-382.4378,6.9943,97.9117,0.776534
-382.8553,6.9914,97.8941,0.776676
-383.3201,6.9882,97.8704,0.776840
-383.7393,6.9853,97.8455,0.776981
-384.1594,6.9823,97.8169,0.777128
-384.5348,6.9807,97.7885,0.777258
-384.9561,6.9794,97.7532,0.777408
-385.3780,6.9781,97.7144,0.777559
-385.8004,6.9768,97.6725,0.777708
-386.1762,6.9757,97.6328,0.777842
-386.5995,6.9843,97.5850,0.777994
-387.0234,6.9831,97.5344,0.778149
-387.4489,6.9820,97.4809,0.778303
-387.8737,6.9822,97.4251,0.778462
-388.2990,6.9825,97.3670,0.778616
-388.7267,6.9843,97.3060,0.778778
-389.1175,6.9886,97.2955,0.778918
-389.5441,6.9983,97.2311,0.779076
-389.9712,7.0078,97.1655,0.779238
-390.3990,7.0170,97.0978,0.779400
-390.8275,7.0259,97.0275,0.779567
-391.2086,7.0336,96.9631,0.779712
-391.6469,7.0340,96.8630,0.779878
-392.0678,7.0499,96.8116,0.780047
-392.5082,7.0405,96.7080,0.780213
-392.8816,7.0644,96.6611,0.780366
-393.3090,7.0432,96.5584,0.780534
-393.7949,7.0590,96.4658,0.780721
-394.1968,7.0948,96.4026,0.780875
-394.6123,7.0791,96.2965,0.781044
-395.0641,7.1163,96.2222,0.781217
-395.4803,7.1036,96.1119,0.781391
-395.9329,7.1369,96.0337,0.781562
-396.3496,7.1276,95.9184,0.781738
-396.8032,7.1565,95.8363,0.781910
-397.1887,7.1853,95.7447,0.782069
-397.6258,7.1717,95.6432,0.782243
-398.0597,7.2037,95.5371,0.782422
-398.4291,7.1830,95.4252,0.782584
-398.8833,7.2178,95.3346,0.782763
-399.3156,7.2125,95.2031,0.782944
-399.6950,7.2308,95.1145,0.783103
-400.0984,7.2655,95.0222,0.783264
-400.5706,7.2835,94.8964,0.783463
-401.0083,7.2990,94.7792,0.783645
-401.4077,7.2988,94.6492,0.783804
-401.8358,7.3279,94.5551,0.783992
-402.2850,7.3283,94.4114,0.784172
-402.7136,7.3586,94.3176,0.784356
-403.1640,7.3580,94.1742,0.784543
-403.5932,7.3896,94.0813,0.784730
-404.0459,7.3880,93.9375,0.784917
-404.4771,7.4208,93.8444,0.785103
-404.8719,7.4350,93.7400,0.785273
-405.2676,7.4491,93.6351,0.785439
-405.7145,7.4653,93.5179,0.785628
-406.1227,7.4755,93.3870,0.785795
-406.5632,7.4959,93.2950,0.785988
-406.9556,7.4918,93.1441,0.786159
-407.4111,7.4713,93.0244,0.786352
-407.8643,7.5001,92.9062,0.786545
-408.2676,7.5697,92.8011,0.786717
-408.7258,7.5924,92.6800,0.786913
-409.1857,7.6151,92.5593,0.787108
-409.6481,7.6384,92.4381,0.787302
-410.1112,7.6623,92.3166,0.787498
-410.5242,7.6836,92.2083,0.787673
-410.9901,7.7077,92.0865,0.787871
-411.4572,7.7318,91.9652,0.788069
-411.8732,7.7532,91.8580,0.788249
-412.3425,7.7774,91.7368,0.788450
-412.8137,7.7916,91.6155,0.788651
-413.2332,7.8132,91.5072,0.788828
-413.7070,7.8376,91.3852,0.789030
-414.2354,7.8648,91.2497,0.789256
-414.6068,7.8839,91.1549,0.789414
-415.0858,7.9086,91.0333,0.789618
-415.5667,7.9334,90.9120,0.789824
-416.0496,7.9583,90.7909,0.790030
-416.5355,7.9844,90.6697,0.790233
-417.0216,8.0118,90.5488,0.790442
-417.4550,8.0363,90.4413,0.790626
-417.9442,8.0639,90.3202,0.790833
-418.4348,8.0915,90.1990,0.791043
-418.9270,8.1192,90.0775,0.791251
-419.3658,8.1439,89.9696,0.791437
-419.8609,8.1718,89.8483,0.791648
-420.3576,8.1997,89.7270,0.791859
-420.8559,8.2277,89.6057,0.792067
-421.3557,8.2559,89.4844,0.792283
-421.8014,8.2809,89.3767,0.792470
-422.3042,8.3092,89.2555,0.792685
-422.8086,8.3375,89.1343,0.792900
-423.3146,8.3660,89.0132,0.793116
-423.8222,8.3945,88.8920,0.793332
-424.3314,8.4231,88.7707,0.793547
-424.8421,8.4518,88.6493,0.793765
-425.2974,8.4774,88.5413,0.793959
-425.8110,8.5062,88.4196,0.794175
-426.3262,8.5352,88.2979,0.794395
-426.7866,8.5614,88.1893,0.794587
-427.3046,8.5925,88.0674,0.794809
-427.8819,8.6272,87.9318,0.795050
-428.3451,8.6550,87.8233,0.795247
-428.8677,8.6864,87.7011,0.795471
-429.3334,8.7143,87.5924,0.795669
-429.9172,8.7494,87.4564,0.795918
-430.4441,8.7810,87.3337,0.796139
-430.9136,8.8092,87.2245,0.796341
-431.4432,8.8409,87.1016,0.796566
-431.9743,8.8728,86.9785,0.796791
-432.4476,8.9012,86.8690,0.796993
-432.9815,8.9332,86.7456,0.797219
-433.5168,8.9653,86.6221,0.797446
-434.0536,8.9974,86.4985,0.797676
-434.5320,9.0261,86.3885,0.797877
-435.0715,9.0584,86.2646,0.798105
-435.7931,9.1017,86.0993,0.798411
-436.3359,9.1342,85.9751,0.798642
-436.8795,9.1667,85.8510,0.798874
-437.4230,9.1993,85.7271,0.799103
-437.9660,9.2318,85.6036,0.799332
-438.5088,9.2651,85.4802,0.799559
-439.0490,9.2992,85.3575,0.799791
-439.5280,9.3294,85.2489,0.799994
-440.0654,9.3633,85.1270,0.800222
-440.6012,9.3970,85.0055,0.800452
-441.1355,9.4307,84.8844,0.800675
-441.6682,9.4643,84.7636,0.800899
-442.1403,9.4941,84.6565,0.801100
-442.7288,9.5312,84.5230,0.801350
-443.2571,9.5645,84.4031,0.801573
-443.7262,9.5941,84.2967,0.801770
-444.2536,9.6273,84.1771,0.801995
-444.7811,9.6605,84.0575,0.802221
-445.3085,9.6938,83.9378,0.802442
-445.8362,9.7270,83.8181,0.802664
-446.3639,9.7603,83.6983,0.802884
-446.8332,9.7898,83.5918,0.803088
-447.3612,9.8231,83.4719,0.803309
-447.8307,9.8527,83.3653,0.803510
-448.3591,9.8860,83.2453,0.803733
-448.8877,9.9193,83.1252,0.803956
-449.4165,9.9526,83.0050,0.804180
-449.8868,9.9823,82.8981,0.804379
-450.4161,10.0156,82.7777,0.804605
-450.9457,10.0490,82.6573,0.804828
-451.4174,10.0797,82.5501,0.805028
-452.0063,10.1183,82.4161,0.805274
-452.4776,10.1493,82.3088,0.805477
-453.0082,10.1841,82.1880,0.805702
-453.5392,10.2189,82.0672,0.805929
-454.0115,10.2499,81.9596,0.806125
-454.5431,10.2848,81.8386,0.806351
-455.0750,10.3197,81.7174,0.806576
-455.6073,10.3547,81.5961,0.806801
-456.0808,10.3857,81.4882,0.807002
-456.6139,10.4207,81.3667,0.807226
-457.0881,10.4519,81.2586,0.807425
-457.6812,10.4908,81.1233,0.807680
-458.2155,10.5258,81.0014,0.807907
-458.6907,10.5570,80.8929,0.808110
-459.2258,10.5921,80.7707,0.808338
-459.7019,10.6234,80.6619,0.808534
-460.2378,10.6586,80.5393,0.808766
-460.7147,10.6899,80.4301,0.808968
-461.2515,10.7251,80.3070,0.809197
-461.7888,10.7604,80.1835,0.809419
-462.3266,10.7957,80.0596,0.809654
-462.8648,10.8310,79.9355,0.809882
-463.4035,10.8664,79.8110,0.810111
-463.8826,10.8978,79.7001,0.810312
-464.4214,10.9332,79.5752,0.810545
-464.9594,10.9686,79.4504,0.810771
-465.4978,11.0050,79.3252,0.811001
-465.9781,11.0376,79.2134,0.811202
-466.5171,11.0741,79.0879,0.811430
-466.9949,11.1066,78.9767,0.811636
-467.5311,11.1429,78.8519,0.811861
-468.0659,11.1792,78.7277,0.812088
-468.5400,11.2114,78.6176,0.812287
-469.0721,11.2475,78.4945,0.812514
-469.5438,11.2795,78.3857,0.812715
-470.0732,11.3154,78.2641,0.812939
-470.6013,11.3512,78.1434,0.813169
-471.0696,11.3829,78.0372,0.813364
-471.5952,11.4185,77.9188,0.813586
-472.3522,11.4698,77.7499,0.813908
-472.8167,11.5012,77.6470,0.814107
-473.3384,11.5365,77.5321,0.814330
-473.8595,11.5718,77.4182,0.814549
-474.3803,11.6070,77.3051,0.814771
-474.8430,11.6383,77.2053,0.814966
-475.3636,11.6735,77.0936,0.815183
-475.8843,11.7087,76.9827,0.815409
-476.3473,11.7400,76.8847,0.815603
-476.8684,11.7752,76.7750,0.815824
-477.3318,11.8064,76.6781,0.816023
-477.8535,11.8417,76.5696,0.816242
-478.3757,11.8769,76.4616,0.816464
-478.8983,11.9121,76.3543,0.816689
-479.4214,11.9474,76.2475,0.816907
-479.9450,11.9827,76.1412,0.817132
-480.4667,12.0155,76.0361,0.817357
-481.1673,12.0565,75.8958,0.817656
-481.6935,12.0872,75.7908,0.817882
-482.2205,12.1180,75.6859,0.818098
-482.7483,12.1489,75.5809,0.818322
-483.2768,12.1798,75.4754,0.818545
-483.8061,12.2107,75.3692,0.818768
-484.2772,12.2383,75.2743,0.818975
-484.8080,12.2694,75.1670,0.819193
-485.3394,12.3005,75.0593,0.819425
-485.8716,12.3316,74.9511,0.819654
-486.3452,12.3593,74.8547,0.819856
-486.8786,12.3906,74.7457,0.820077
-487.3530,12.4183,74.6486,0.820282
-487.8878,12.4493,74.5389,0.820510
-488.4231,12.4802,74.4288,0.820737
-488.9594,12.5113,74.3182,0.820967
-489.4368,12.5390,74.2197,0.821172
-489.9746,12.5703,74.1082,0.821401
-490.4535,12.5981,74.0087,0.821610
-490.9932,12.6294,73.8962,0.821835
-491.4738,12.6573,73.7957,0.822045
-492.0156,12.6888,73.6822,0.822276
-492.5585,12.7204,73.5681,0.822508
-493.0420,12.7485,73.4662,0.822716
-493.5869,12.7802,73.3511,0.822945
-494.1328,12.8119,73.2354,0.823181
-494.6191,12.8398,73.1321,0.823391
-495.1673,12.8712,73.0153,0.823626
-495.6557,12.8992,72.9112,0.823830
-496.2061,12.9309,72.7934,0.824073
-496.7578,12.9627,72.6749,0.824311
-497.2494,12.9910,72.5690,0.824524
-497.8039,13.0230,72.4493,0.824756
-498.3600,13.0550,72.3289,0.824992
-498.8557,13.0836,72.2215,0.825209
-499.4150,13.1158,72.1003,0.825450
-499.9759,13.1481,71.9789,0.825691
-500.5384,13.1805,71.8574,0.825929
-501.0395,13.2090,71.7496,0.826148
-501.6052,13.2411,71.6284,0.826392
-502.1728,13.2732,71.5079,0.826638
-502.7420,13.3056,71.3874,0.826879
-503.2494,13.3345,71.2807,0.827099
-503.8220,13.3671,71.1610,0.827348
-504.3964,13.3998,71.0416,0.827592
-504.9727,13.4325,70.9226,0.827842
-505.4865,13.4618,70.8170,0.828064
-506.0662,13.4947,70.6987,0.828310
-506.5831,13.5241,70.5937,0.828532
-507.1658,13.5569,70.4761,0.828781
-507.7495,13.5897,70.3591,0.829032
-508.2683,13.6188,70.2557,0.829252
-508.8513,13.6515,70.1402,0.829506
-509.4331,13.6841,70.0257,0.829757
-510.0131,13.7166,69.9123,0.830002
-510.5906,13.7490,69.8002,0.830244
-511.1011,13.7775,69.7020,0.830467
-511.6085,13.8058,69.6047,0.830684
-512.1750,13.8373,69.4967,0.830925
-512.7370,13.8686,69.3904,0.831165
-513.2939,13.8994,69.2857,0.831402
-513.8464,13.9298,69.1827,0.831641
-514.3944,13.9601,69.0812,0.831880
-514.8778,13.9867,68.9923,0.832086
-515.4177,14.0165,68.8937,0.832311
-515.9536,14.0460,68.7965,0.832545
-516.4272,14.0721,68.7113,0.832745
-516.9575,14.1012,68.6167,0.832970
-517.4858,14.1301,68.5229,0.833198
-517.9543,14.1558,68.4403,0.833397
-518.4824,14.1852,68.3479,0.833621
-519.0081,14.2168,68.2565,0.833848
-519.5342,14.2485,68.1657,0.834072
-520.0605,14.2801,68.0755,0.834299
-520.5287,14.3083,67.9958,0.834494
-521.0559,14.3400,67.9066,0.834724
-521.5249,14.3682,67.8277,0.834920
-522.1115,14.4033,67.7304,0.835171
-522.6399,14.4347,67.6427,0.835397
-523.1101,14.4626,67.5652,0.835594
-523.7009,14.4986,67.4687,0.835847
-524.2306,14.5344,67.3827,0.836077
-524.7014,14.5663,67.3068,0.836277
-525.2307,14.6021,67.2221,0.836504
-525.7587,14.6378,67.1384,0.836736
-526.2261,14.6694,67.0650,0.836933
-526.7484,14.7047,66.9838,0.837163
-527.4944,14.7546,66.8709,0.837483
-527.9487,14.7846,66.8027,0.837680
-528.4556,14.8183,66.7279,0.837902
-528.9574,14.8521,66.6555,0.838123
-529.4547,14.8856,66.5855,0.838338
-529.9473,14.9187,66.5179,0.838556
-530.4356,14.9516,66.4527,0.838770
-530.8659,14.9805,66.3968,0.838963
-531.3459,15.0128,66.3364,0.839172
-531.8219,15.0448,66.2785,0.839390
-532.4501,15.0862,66.2072,0.839667
-532.9146,15.1153,66.1562,0.839876
-533.3784,15.1418,66.1083,0.840084
-533.8383,15.1682,66.0634,0.840289
-534.2441,15.1915,66.0261,0.840473
-534.6976,15.2175,65.9876,0.840675
-535.1476,15.2433,65.9531,0.840880
-535.5944,15.2689,65.9228,0.841081
-535.9890,15.2916,65.8994,0.841259
-536.4274,15.3256,65.8758,0.841458
-536.8651,15.3484,65.8581,0.841656
-537.2959,15.3692,65.8442,0.841853
-537.6777,15.3856,65.8339,0.842026
-538.1042,15.4040,65.8255,0.842216
-538.5257,15.4209,65.8200,0.842410
-538.9448,15.4371,65.8180,0.842599
-539.3148,15.4514,65.8193,0.842767
-539.7289,15.4675,65.8250,0.842954
-540.1407,15.4834,65.8349,0.843141
-540.5485,15.4990,65.8492,0.843334
-540.9114,15.5108,65.8657,0.843493
-541.3184,15.5241,65.8884,0.843684
-541.6741,15.5027,65.9123,0.843847
-542.0799,15.5088,65.9419,0.844032
-542.4851,15.5147,65.9742,0.844218
-542.8901,15.5205,66.0096,0.844406
-543.2494,15.5255,66.0439,0.844572
-543.6536,15.5311,66.0859,0.844759
-544.0132,15.5362,66.1263,0.844925
-544.4183,15.5421,66.1760,0.845113
-544.8239,15.5481,66.2292,0.845302
-545.2302,15.5545,66.2857,0.845486
-545.6375,15.5612,66.3444,0.845676
-546.0462,15.5683,66.4045,0.845868
-546.3649,15.5742,66.4520,0.846016
-546.8153,15.5772,66.5198,0.846228
-547.2279,15.5760,66.5823,0.846424
-547.6419,15.5751,66.6452,0.846618
-548.0109,15.5744,66.7015,0.846793
-548.4737,15.5734,66.7724,0.847014
-548.8453,15.5725,66.8295,0.847185
-549.2649,15.5711,66.8940,0.847388
-549.6863,15.5692,66.9588,0.847583
-550.1094,15.5667,67.0239,0.847777
-550.5340,15.5635,67.0893,0.847974
-550.9128,15.5599,67.1478,0.848151
-551.3403,15.5551,67.2140,0.848355
-551.7692,15.5495,67.2807,0.848561
-552.1948,15.5430,67.3471,0.848759
-552.6257,15.5292,67.4154,0.848964
-553.0096,15.5166,67.4771,0.849153
-553.4434,15.5464,67.5476,0.849362
-553.8766,15.5375,67.6198,0.849563
-554.3121,15.5275,67.6941,0.849764
-554.6999,15.5186,67.7616,0.849952
-555.1854,15.5074,67.8484,0.850176
-555.5746,15.4984,67.9203,0.850360
-556.0141,15.4811,67.9996,0.850565
-556.4529,15.4713,68.0864,0.850769
-556.8917,15.4614,68.1772,0.850969
-557.3310,15.4514,68.2715,0.851181
-557.7709,15.4414,68.3691,0.851387
-558.2115,15.4312,68.4702,0.851590
-558.6511,15.4195,68.5743,0.851797
-559.0934,15.4067,68.6822,0.852001
-559.4875,15.3953,68.7808,0.852183
-559.9323,15.3811,68.8903,0.852386
-560.3785,15.3664,69.0072,0.852591
-560.8264,15.3516,69.1271,0.852801
-561.2258,15.3383,69.2357,0.852984
-561.6766,15.3233,69.3600,0.853191
-562.1290,15.3081,69.4864,0.853397
-562.5327,15.2945,69.6004,0.853584
-562.9883,15.2792,69.7305,0.853797
-563.4456,15.2637,69.8628,0.853997
-563.8533,15.2499,69.9822,0.854193
-564.3133,15.2342,70.1187,0.854392
-564.7740,15.2184,70.2573,0.854604
-565.1852,15.2033,70.3824,0.854798
-565.6492,15.1862,70.5252,0.855007
-566.0630,15.1710,70.6537,0.855196
-566.5300,15.1537,70.7957,0.855415
-566.9983,15.1345,70.9441,0.855626
-567.4680,15.1152,71.0947,0.855843
-567.8868,15.0978,71.2302,0.856035
-568.4117,15.0760,71.4020,0.856278
-568.8850,15.0563,71.5584,0.856497
-569.3582,15.0365,71.7163,0.856712
-569.7781,15.0188,71.8573,0.856910
-570.2493,14.9990,72.0165,0.857121
-570.7191,14.9792,72.1763,0.857343
-571.1866,14.9592,72.3364,0.857565
-571.6003,14.9413,72.4789,0.857756
-572.0626,14.9213,72.6391,0.857970
-572.5215,14.9013,72.7989,0.858185
-572.9764,14.8817,72.9546,0.858395
-573.3773,14.8628,73.0957,0.858581
-573.8243,14.8416,73.2538,0.858791
-574.2672,14.8206,73.4114,0.858999
-574.6573,14.8021,73.5509,0.859181
-575.1404,14.7791,73.7248,0.859401
-575.5707,14.7585,73.8806,0.859604
-575.9499,14.7404,74.0188,0.859787
-576.3727,14.7201,74.1738,0.859980
-576.7905,14.6999,74.3280,0.860178
-577.2053,14.6784,74.4823,0.860379
-577.7976,14.6476,74.7050,0.860652
-578.1579,14.6288,74.8420,0.860823
-578.5594,14.6077,74.9962,0.861019
-578.9567,14.5867,75.1508,0.861208
-579.3063,14.5681,75.2885,0.861366
-579.6956,14.5473,75.4439,0.861566
-580.0820,14.5274,75.5984,0.861753
-580.4630,14.5076,75.7549,0.861932
-580.7980,14.4901,75.8946,0.862098
-581.1707,14.4705,76.0523,0.862268
-581.5393,14.4509,76.2108,0.862447
-581.8608,14.4328,76.3510,0.862605
-582.2214,14.4099,76.5106,0.862779
-582.5781,14.3871,76.6708,0.862956
-583.0471,14.3569,76.8856,0.863181
-583.3937,14.3343,77.0479,0.863348
-583.7362,14.3118,77.2115,0.863514
-584.0751,14.2892,77.3765,0.863671
-584.3737,14.2692,77.5245,0.863827
-584.7075,14.2468,77.6922,0.863997
-585.0386,14.2244,77.8619,0.864152
-585.3313,14.2044,78.0143,0.864299
-585.6589,14.1818,78.1874,0.864465
-585.9816,14.1572,78.3606,0.864630
-586.3062,14.1303,78.5372,0.864789
-586.6299,14.1032,78.7158,0.864952
-586.9170,14.0791,78.8762,0.865102
-587.2392,14.0519,79.0588,0.865268
-587.5607,14.0244,79.2440,0.865429
-587.8751,13.9975,79.4479,0.865592
-588.1594,13.9756,79.6177,0.865740
-588.4781,13.9503,79.8110,0.865899
-588.7972,13.9020,80.0081,0.866067
-589.0960,13.9148,80.2444,0.866231
-589.4117,13.8931,80.4515,0.866399
-589.6932,13.8737,80.6354,0.866545
-590.0308,13.8293,80.8317,0.866719
-590.3125,13.8220,81.0192,0.866870
-590.6060,13.8127,81.2493,0.867039
-590.9413,13.7603,81.4543,0.867202
-591.2567,13.7527,81.6737,0.867375
-591.5712,13.7454,81.8979,0.867555
-591.9009,13.6478,82.1091,0.867725
-592.2115,13.5899,82.3374,0.867902
-592.4921,13.5050,82.5516,0.868071
-592.7675,13.4729,82.7593,0.868226
-593.0739,13.4347,82.9927,0.868396
-593.3458,13.4009,83.2071,0.868562
-593.6827,13.3597,83.4803,0.868754
-594.1190,13.3115,83.8438,0.869006
-594.4153,13.2793,84.1001,0.869188
-594.7072,13.2450,84.3594,0.869369
-594.9666,13.2138,84.5957,0.869537
-595.2558,13.1760,84.8630,0.869715
-595.5421,13.1346,85.1401,0.869898
-595.7935,13.0969,85.3912,0.870062
-596.0740,13.0534,85.6773,0.870244
-596.3579,13.0108,85.9656,0.870428
-596.6052,12.9741,86.2224,0.870595
-596.9124,12.9274,86.5452,0.870801
-597.1559,12.8897,86.8045,0.870961
-597.4275,12.8469,87.0977,0.871144
-597.6667,12.8070,87.3559,0.871317
-597.9326,12.7607,87.6524,0.871498
-598.1956,12.7148,87.9512,0.871681
-598.4562,12.6696,88.2525,0.871864
-598.6897,12.6321,88.5235,0.872028
-598.9469,12.5928,88.8304,0.872219
-599.2027,12.5546,89.1399,0.872406
-599.4715,12.5744,89.4749,0.872584
-599.6606,12.6023,89.7614,0.872750
-599.9095,12.5696,90.0808,0.872939
-600.1759,12.4995,90.3918,0.873128
-600.3726,12.4764,90.6734,0.873292
-600.6426,12.4016,90.9817,0.873483
-600.8946,12.3566,91.3024,0.873674
-601.1023,12.3204,91.6157,0.873833
-601.3981,12.2798,91.8987,0.874015
-601.6492,12.2414,92.2223,0.874214
-601.8961,12.1928,92.5480,0.874400
-602.1393,12.1541,92.8779,0.874584
-602.3769,12.1153,93.2116,0.874779
-602.5836,12.0806,93.5132,0.874941
-602.8103,12.0417,93.8580,0.875130
-603.0297,12.0026,94.2081,0.875320
-603.2421,11.9634,94.5634,0.875517
-603.4255,11.9284,94.8837,0.875686
-603.6266,11.8889,95.2477,0.875873
-603.8228,11.8494,95.6149,0.876065
-604.0145,11.8098,95.9845,0.876252
-604.1815,11.7746,96.3147,0.876418
-604.3674,11.7349,96.6867,0.876608
-604.5479,11.6948,97.0618,0.876796
-604.7248,11.6546,97.4388,0.876993
-604.8975,11.6144,97.8178,0.877179
-605.0663,11.5742,98.1990,0.877362
-605.2314,11.5338,98.5827,0.877549
-605.3759,11.4978,98.9261,0.877716
-605.5372,11.4570,99.3164,0.877909
-605.6967,11.4174,99.7089,0.878103
-605.8376,11.3820,100.0606,0.878272
-605.9956,11.3419,100.4591,0.878456
-606.1357,11.3061,100.8159,0.878634
-606.2928,11.2655,101.2203,0.878827
-606.4496,11.2247,101.6276,0.879014
-606.6060,11.1837,102.0382,0.879211
-606.7444,11.1469,102.4058,0.879379
-606.8995,11.1054,102.8225,0.879584
-607.0367,11.0682,103.1958,0.879751
-607.2073,11.0215,103.6660,0.879970
-607.3428,10.9839,104.0452,0.880151
-607.4944,10.9413,104.4750,0.880345
-607.6451,10.8984,104.9081,0.880542
-607.7783,10.8601,105.2961,0.880723
-607.9274,10.8167,105.7359,0.880921
-608.0782,10.7733,106.1792,0.881130
-608.2280,10.7309,106.6255,0.881323
-608.3582,10.6931,107.0257,0.881512
-608.5034,10.6502,107.4791,0.881718
-608.6476,10.6071,107.9360,0.881934
-608.7748,10.5685,108.3451,0.882116
-608.9170,10.5248,108.8086,0.882323
-609.0580,10.4808,109.2755,0.882540
-609.1979,10.4366,109.7460,0.882753
-609.3212,10.3970,110.1671,0.882945
-609.4589,10.3521,110.6444,0.883163
-609.5953,10.3070,111.1253,0.883374
-609.7303,10.2616,111.6098,0.883597
-609.8641,10.2158,112.0981,0.883818
-609.9818,10.1749,112.5353,0.884015
-610.1133,10.1304,113.0322,0.884243
-610.2430,10.0860,113.5316,0.884471
-610.3715,10.0414,114.0349,0.884693
-610.4984,9.9965,114.5419,0.884943
-610.6101,9.9563,114.9956,0.885138
-610.7345,9.9109,115.5094,0.885364
-610.8575,9.8652,116.0269,0.885608
-610.9675,9.8242,116.4901,0.885819
-611.1411,9.7587,117.2487,0.886159
-611.2728,9.7079,117.8375,0.886428
-611.3773,9.6687,118.3151,0.886643
-611.4925,9.6281,118.8512,0.886893
-611.5929,9.5920,119.3294,0.887102
-611.7166,9.5465,119.9316,0.887386
-611.8140,9.5102,120.4133,0.887598
-611.9204,9.4700,120.9550,0.887855
-612.0248,9.4297,121.4973,0.888096
-612.1281,9.3962,122.0479,0.888343
-612.2181,9.3684,122.5348,0.888563
-612.3175,9.3370,123.0849,0.888814
-612.4150,9.3054,123.6373,0.889063
-612.5106,9.2737,124.1921,0.889315
-612.5942,9.2455,124.6873,0.889542
-612.6867,9.2133,125.2465,0.889784
-612.7677,9.1844,125.7457,0.890020
-612.8574,9.1519,126.3095,0.890272
-612.9456,9.1192,126.8757,0.890523
-613.0228,9.0900,127.3810,0.890747
-613.1080,9.0571,127.9518,0.890991
-613.1913,9.0241,128.5251,0.891249
-613.2639,8.9946,129.0368,0.891474
-613.3436,8.9613,129.6148,0.891734
-613.4127,8.9315,130.1307,0.891957
-613.4886,8.8978,130.7134,0.892209
-613.5625,8.8639,131.2985,0.892478
-613.6343,8.8300,131.8861,0.892740
-613.6966,8.7997,132.4104,0.892972
-613.7719,8.7619,133.0684,0.893261
-613.8300,8.7315,133.5969,0.893489
-613.8931,8.6971,134.1936,0.893751
-613.9533,8.6627,134.7926,0.894019
-614.0106,8.6281,135.3935,0.894292
-614.0587,8.5972,135.9290,0.894515
-614.1094,8.5624,136.5320,0.894774
-614.1563,8.5277,137.1345,0.895045
-614.1948,8.4969,137.6690,0.895283
-614.2345,8.4625,138.2680,0.895556
-614.2708,8.4284,138.8639,0.895817
-614.3026,8.3945,139.4556,0.896073
-614.3275,8.3647,139.9779,0.896305
-614.3517,8.3314,140.5614,0.896560
-614.3718,8.2983,141.1401,0.896819
-614.3922,8.2544,141.9049,0.897156
-614.4028,8.2219,142.4732,0.897410
-614.4089,8.1931,142.9744,0.897632
-614.4122,8.1611,143.5338,0.897878
-614.4118,8.1294,144.0883,0.898129
-614.4083,8.1015,144.5771,0.898337
-614.4009,8.0703,145.1220,0.898590
-614.3907,8.0395,145.6622,0.898829
-614.3764,8.0093,146.1970,0.899074
-614.3607,7.9825,146.6680,0.899277
-614.3373,7.9493,147.2512,0.899546
-614.3126,7.9197,147.7706,0.899782
-614.2886,7.8936,148.2277,0.899990
-614.2570,7.8645,148.7370,0.900214
-614.2214,7.8356,149.2407,0.900445
-614.1865,7.8103,149.6838,0.900655
-614.1432,7.7820,150.1770,0.900879
-614.0955,7.7544,150.6650,0.901104
-614.0493,7.7307,151.0932,0.901297
-613.9940,7.7049,151.5699,0.901516
-613.9329,7.6796,152.0399,0.901730
-613.8745,7.6574,152.4525,0.901921
-613.8046,7.6327,152.9108,0.902146
-613.7298,7.6083,153.3628,0.902348
-613.6594,7.5869,153.7599,0.902535
-613.5759,7.5640,154.2000,0.902737
-613.4871,7.5414,154.6333,0.902943
-613.3931,7.5191,155.0600,0.903144
-613.2959,7.4975,155.4812,0.903337
-613.2039,7.4793,155.8487,0.903514
-613.0954,7.4591,156.2553,0.903704
-612.9948,7.4410,156.6101,0.903872
-612.8766,7.4205,157.0031,0.904062
-612.7534,7.4003,157.3889,0.904250
-612.6235,7.3898,157.7675,0.904421
-612.5055,7.3730,158.0971,0.904592
-612.3683,7.3371,158.4626,0.904766
-612.1854,7.3785,158.8147,0.904943
-612.0388,7.3713,159.1644,0.905116
-611.9034,7.3305,159.5246,0.905289
-611.7483,7.3354,159.8622,0.905454
-611.6135,7.3371,160.2010,0.905620
-611.4503,7.2665,160.5281,0.905787
-611.3041,7.2362,160.8173,0.905936
-611.1246,7.1731,161.1111,0.906102
-610.9552,7.1522,161.4322,0.906264
-610.7831,7.1324,161.7510,0.906428
-610.6114,7.1094,162.0606,0.906593
-610.4522,7.0878,162.3387,0.906739
-610.2670,7.0648,162.6496,0.906897
-610.1038,7.0465,162.9166,0.907040
-609.9136,7.0254,163.2171,0.907198
-609.7170,7.0055,163.5152,0.907358
-609.5264,7.0250,163.8318,0.907520
-609.2914,7.0622,164.0747,0.907677
-609.1320,7.0316,164.3562,0.907812
-608.8707,6.9909,164.5725,0.907972
-608.6437,6.9786,164.8351,0.908126
-608.4279,6.9202,165.1085,0.908284
-608.2111,6.9085,165.3111,0.908425
-607.9772,6.8841,165.5698,0.908580
-607.7700,6.8233,165.8335,0.908742
-607.5322,6.7882,166.0890,0.908895
-607.2888,6.7692,166.3050,0.909036
-607.0618,6.7432,166.5493,0.909194
-606.7980,6.7006,166.8203,0.909372
-606.6133,6.6454,167.0999,0.909514
-606.3582,6.6194,167.3385,0.909669
-606.0990,6.5828,167.5691,0.909828
-605.8338,6.5565,167.7951,0.909988
-605.5934,6.5330,167.9904,0.910134
-605.2863,6.5035,168.2286,0.910307
-604.9976,6.4766,168.4393,0.910473
-604.7064,6.4555,168.6413,0.910626
-604.4096,6.4344,168.8387,0.910793
-604.1446,6.4152,169.0125,0.910931
-603.8394,6.3924,169.2034,0.911095
-603.4955,6.3669,169.4119,0.911278
-603.1823,6.3438,169.5969,0.911444
-602.8651,6.3206,169.7794,0.911609
-602.5392,6.2971,169.9620,0.911777
-602.2140,6.2800,170.1398,0.911941
-601.9215,6.2648,170.2956,0.912090
-601.5891,6.2476,170.4680,0.912261
-601.2530,6.2303,170.6378,0.912429
-600.9136,6.2129,170.8055,0.912592
-600.6101,6.1973,170.9539,0.912751
-600.2636,6.1788,171.1180,0.912920
-599.9135,6.1602,171.2805,0.913087
-599.5594,6.1415,171.4416,0.913258
-599.2367,6.1278,171.5854,0.913412
-598.8751,6.1151,171.7441,0.913589
-598.5098,6.1023,171.9012,0.913766
-598.1407,6.0893,172.0568,0.913937
-597.8096,6.0777,172.1940,0.914100
-597.4336,6.0646,172.3470,0.914273
-597.0540,6.0514,172.4989,0.914454
-596.7134,6.0396,172.6330,0.914619
-596.2837,6.0247,172.7994,0.914821
-595.9373,6.0125,172.9320,0.914976
-595.5405,5.9989,173.0806,0.915162
-595.1433,5.9894,173.2271,0.915345
-594.7872,5.9808,173.3560,0.915511
-594.3832,5.9711,173.4996,0.915698
-593.9756,5.9614,173.6416,0.915889
-593.5647,5.9516,173.7822,0.916073
-593.1965,5.9428,173.9062,0.916244
-592.7792,5.9329,174.0448,0.916435
-592.3586,5.9228,174.1824,0.916628
-591.9347,5.9128,174.3192,0.916825
-591.5076,5.9026,174.4550,0.917013
-591.0774,5.8924,174.5902,0.917209
-590.6420,5.8844,174.7247,0.917406
-590.2538,5.8775,174.8430,0.917579
-589.8140,5.8697,174.9749,0.917779
-589.3709,5.8618,175.1057,0.917976
-588.9247,5.8539,175.2353,0.918171
-588.4753,5.8459,175.3639,0.918373
-588.0228,5.8378,175.4916,0.918575
-587.5673,5.8298,175.6184,0.918775
-587.1086,5.8216,175.7444,0.918977
-586.6984,5.8144,175.8556,0.919152
-586.2341,5.8062,175.9799,0.919360
-585.7654,5.7985,176.1038,0.919568
-585.2949,5.7924,176.2261,0.919771
-584.8741,5.7869,176.3340,0.919955
-584.3976,5.7807,176.4544,0.920171
-583.9182,5.7744,176.5739,0.920374
-583.4359,5.7681,176.6927,0.920586
-583.0046,5.7625,176.7978,0.920773
-582.5167,5.7562,176.9155,0.920986
-582.0805,5.7505,177.0197,0.921177
-581.5871,5.7441,177.1366,0.921387
-581.0907,5.7377,177.2530,0.921605
-580.5910,5.7312,177.3691,0.921817
-580.1439,5.7255,177.4720,0.922008
-579.6361,5.7207,177.5876,0.922229
-579.1252,5.7160,177.7027,0.922445
-578.6676,5.7117,177.8047,0.922649
-578.1489,5.7070,177.9191,0.922869
-577.6844,5.7027,178.0206,0.923072
-577.1581,5.6979,178.1346,0.923296
-576.6870,5.6935,178.2359,0.923502
-576.1531,5.6886,178.3498,0.923730
-575.6752,5.6843,178.4511,0.923937
-575.1337,5.6793,178.5650,0.924169
-574.6490,5.6748,178.6662,0.924376
-574.0999,5.6698,178.7800,0.924614
-573.5457,5.6654,178.8937,0.924849
-573.0505,5.6624,178.9945,0.925067
-572.4896,5.6590,179.1077,0.925307
-571.9245,5.6556,179.2207,0.925550
-571.3555,5.6522,179.3335,0.925788
-570.8464,5.6491,179.4336,0.926016
-570.2700,5.6457,179.5460,0.926263
-569.7543,5.6426,179.6458,0.926483
-569.1705,5.6391,179.7578,0.926731
-568.3203,5.6339,179.9194,0.927093
-567.7929,5.6308,180.0186,0.927320
-567.1959,5.6272,180.1300,0.927576
-566.6609,5.6244,180.2291,0.927803
-566.0563,5.6224,180.3402,0.928062
-565.4476,5.6204,180.4512,0.928328
-564.9030,5.6185,180.5498,0.928556
-564.2180,5.6163,180.6731,0.928853
-563.6664,5.6144,180.7719,0.929083
-563.0422,5.6123,180.8833,0.929351
-562.4841,5.6105,180.9828,0.929591
-561.8527,5.6084,181.0953,0.929857
-561.2173,5.6062,181.2085,0.930130
-560.6493,5.6043,181.3098,0.930373
-560.0066,5.6022,181.4245,0.930641
-559.3600,5.6000,181.5401,0.930926
-558.7815,5.5990,181.6436,0.931170
-558.1277,5.5979,181.7608,0.931445
-557.5432,5.5968,181.8656,0.931693
-556.9559,5.5958,181.9711,0.931939
-556.2176,5.5945,182.1039,0.932257
-555.6237,5.5935,182.2109,0.932511
-554.9522,5.5923,182.3321,0.932798
-554.3523,5.5913,182.4406,0.933056
-553.6739,5.5901,182.5634,0.933343
-552.9918,5.5889,182.6871,0.933633
-552.3823,5.5878,182.7979,0.933890
-551.6932,5.5866,182.9234,0.934186
-550.6913,5.5849,183.1062,0.934607
-549.9933,5.5837,183.2340,0.934909
-549.3695,5.5926,183.3486,0.935175
-548.5853,5.5912,183.4928,0.935506
-547.9550,5.5901,183.6088,0.935778
-547.2429,5.5889,183.7401,0.936076
-546.6070,5.5878,183.8575,0.936347
-545.8884,5.5865,183.9905,0.936646
-545.1661,5.5853,184.1244,0.936953
-544.4400,5.5840,184.2593,0.937257
-543.7913,5.5829,184.3801,0.937533
-543.0596,5.5816,184.5166,0.937845
-542.0822,5.5799,184.6994,0.938254
-541.3484,5.5786,184.8370,0.938564
-540.6160,5.5773,184.9747,0.938872
-539.8845,5.5760,185.1125,0.939175
-539.2336,5.5749,185.2354,0.939452
-538.4999,5.5736,185.3741,0.939759
-537.7650,5.5723,185.5134,0.940073
-537.1105,5.5712,185.6377,0.940348
-536.3729,5.5699,185.7780,0.940656
-535.7161,5.5687,185.9032,0.940936
-534.9759,5.5675,186.0445,0.941245
-534.2343,5.5662,186.1864,0.941558
-533.4913,5.5649,186.3288,0.941874
-532.7471,5.5636,186.4718,0.942183
-532.0015,5.5623,186.6150,0.942497
-531.3376,5.5611,186.7425,0.942769
-530.5894,5.5598,186.8860,0.943094
-529.8398,5.5585,187.0294,0.943411
-529.1723,5.5573,187.1569,0.943691
-528.4200,5.5560,187.3004,0.944008
-527.6664,5.5547,187.4438,0.944320
-526.9952,5.5535,187.5713,0.944610
-526.2388,5.5522,187.7146,0.944919
-525.4810,5.5509,187.8579,0.945244
-524.8062,5.5497,187.9852,0.945527
-524.0455,5.5484,188.1283,0.945846
-523.3682,5.5472,188.2555,0.946134
-522.5198,5.5457,188.4143,0.946494
-521.8398,5.5445,188.5412,0.946776
-521.0734,5.5432,188.6838,0.947101
-520.3055,5.5418,188.8262,0.947419
-519.5361,5.5405,188.9685,0.947750
-518.7653,5.5391,189.1105,0.948066
-517.9929,5.5378,189.2524,0.948389
-517.2190,5.5364,189.3941,0.948713
-516.4435,5.5351,189.5361,0.949037
-515.7529,5.5339,189.6627,0.949319
-514.9745,5.5325,189.8058,0.949653
-514.1946,5.5312,189.9499,0.949985
-513.0656,5.5292,190.1603,0.950463
-512.2821,5.5278,190.3077,0.950786
-511.5846,5.5266,190.4400,0.951078
-510.7113,5.5251,190.6070,0.951446
-510.0115,5.5239,190.7421,0.951742
-509.2232,5.5225,190.8954,0.952070
-508.4338,5.5211,191.0504,0.952403
-507.6432,5.5197,191.2068,0.952739
-506.8516,5.5183,191.3646,0.953071
-506.1469,5.5171,191.5060,0.953367
-505.3532,5.5157,191.6665,0.953696
-504.6468,5.5145,191.8102,0.953996
-503.9395,5.5133,191.9550,0.954289
-503.0542,5.5117,192.1376,0.954670
-502.3449,5.5105,192.2849,0.954967
-501.4586,5.5061,192.4701,0.955338
-500.6585,5.5012,192.6383,0.955676
-499.8575,5.4963,192.8076,0.956014
-499.1444,5.4918,192.9591,0.956316
-498.3411,5.4869,193.1308,0.956652
-497.5365,5.4819,193.3036,0.956989
-496.8202,5.4775,193.4583,0.957293
-495.9236,5.4719,193.6529,0.957674
-495.2052,5.4675,193.8097,0.957976
-494.3960,5.4625,193.9872,0.958312
-493.5855,5.4574,194.1658,0.958656
-492.8642,5.4530,194.3255,0.958965
-491.9613,5.4474,194.5263,0.959345
-491.2384,5.4429,194.6878,0.959654
-490.4252,5.4379,194.8703,0.959995
-489.6125,5.4328,195.0536,0.960339
-488.8007,5.4278,195.2374,0.960679
-487.9901,5.4228,195.4218,0.961021
-487.1808,5.4177,195.6065,0.961365
-486.3728,5.4127,195.7916,0.961705
-485.6557,5.4083,195.9561,0.962009
-484.9395,5.4038,196.1207,0.962312
-484.1351,5.3988,196.3055,0.962650
-483.3321,5.3939,196.4897,0.962991
-482.5301,5.3889,196.6731,0.963330
-481.7292,5.3839,196.8557,0.963670
-481.0183,5.3795,197.0173,0.963967
-480.2196,5.3746,197.1983,0.964308
-479.1562,5.3680,197.4382,0.964753
-478.3598,5.3630,197.6171,0.965094
-477.6527,5.3586,197.7756,0.965391
-476.8581,5.3537,197.9532,0.965730
-476.1526,5.3493,198.1107,0.966015
-475.3597,5.3444,198.2874,0.966360
-474.3042,5.3379,198.5225,0.966803
-473.5135,5.3330,198.6985,0.967137
-472.3733,5.3259,198.9520,0.967621
-471.6726,5.3216,199.1078,0.967914
-470.8854,5.3167,199.2828,0.968247
-470.0991,5.3118,199.4577,0.968576
-469.3139,5.3070,199.6323,0.968915
-468.5298,5.3021,199.8068,0.969242
-467.8337,5.2978,199.9618,0.969537
-467.1384,5.2935,200.1167,0.969829
-466.2705,5.2881,200.3101,0.970198
-465.5772,5.2838,200.4648,0.970493
-464.7982,5.2790,200.6387,0.970815
-464.0204,5.2742,200.8126,0.971150
-463.3299,5.2699,200.9671,0.971441
-462.5541,5.2651,201.1407,0.971765
-461.7796,5.2603,201.3141,0.972093
-461.0919,5.2560,201.4679,0.972380
-460.3193,5.2512,201.6404,0.972709
-459.5479,5.2464,201.8123,0.973038
-458.8630,5.2422,201.9645,0.973324
-458.0934,5.2374,202.1351,0.973645
-457.3249,5.2327,202.3051,0.973975
-456.6426,5.2285,202.4555,0.974264
-455.8760,5.2237,202.6240,0.974584
-455.1103,5.2190,202.7918,0.974912
-454.3456,5.2142,202.9588,0.975239
-453.6666,5.2100,203.1067,0.975521
-452.9036,5.2053,203.2723,0.975846
-452.1415,5.2006,203.4372,0.976166
-451.4649,5.1964,203.5832,0.976453
-450.7045,5.1917,203.7470,0.976780
-449.9450,5.1870,203.9103,0.977102
-449.1864,5.1823,204.0733,0.977420
-448.5128,5.1781,204.2180,0.977705
-447.6720,5.1729,204.3987,0.978055
-447.0001,5.1688,204.5431,0.978353
-446.2452,5.1641,204.7054,0.978670
-445.4913,5.1595,204.8676,0.978987
-444.8220,5.1553,205.0116,0.979272
-444.0699,5.1507,205.1735,0.979590
-443.3189,5.1460,205.3353,0.979908
-442.5689,5.1414,205.4969,0.980230
-441.9031,5.1373,205.6405,0.980511
-441.1551,5.1326,205.8020,0.980825
-440.4910,5.1285,205.9455,0.981106
-439.7449,5.1239,206.1068,0.981424
-438.9998,5.1193,206.2681,0.981742
-438.2558,5.1147,206.4293,0.982053
-437.5953,5.1106,206.5726,0.982333
-436.8532,5.1060,206.7338,0.982648
-436.1945,5.1019,206.8770,0.982926
-435.4544,5.0974,207.0380,0.983233
-434.7974,5.0933,207.1812,0.983513
-434.0592,5.0887,207.3421,0.983826
-433.4039,5.0847,207.4852,0.984102
-432.6677,5.0801,207.6461,0.984410
-431.9325,5.0756,207.8070,0.984725
-431.2798,5.0715,207.9499,0.984999
-430.6280,5.0675,208.0928,0.985283
-429.8956,5.0629,208.2536,0.985587
-429.1642,5.0584,208.4143,0.985897
-428.2717,5.0529,208.6106,0.986276
-427.4616,5.0479,208.7891,0.986618
-426.7337,5.0434,208.9496,0.986926
-426.0874,5.0394,209.0923,0.987203
-425.3614,5.0349,209.2528,0.987512
-424.7168,5.0309,209.3954,0.987778
-423.9926,5.0264,209.5558,0.988085
-423.2694,5.0219,209.7161,0.988388
-422.6274,5.0179,209.8586,0.988662
-421.9062,5.0135,210.0188,0.988968
-421.1840,5.0100,210.1794,0.989271
-420.5446,5.0100,210.3219,0.989548
-419.8263,5.0100,210.4821,0.989852
-419.1090,5.0100,210.6423,0.990155
-418.4722,5.0100,210.7846,0.990427
-417.7567,5.0100,210.9446,0.990729
-417.1217,5.0100,211.0867,0.990999
-416.4084,5.0100,211.2465,0.991301
-415.7751,5.0100,211.3885,0.991565
-415.0637,5.0100,211.5482,0.991872
-414.3533,5.0100,211.7079,0.992173
-413.7227,5.0100,211.8498,0.992439
-413.0142,5.0100,212.0093,0.992734
-412.3067,5.0100,212.1689,0.993039
-411.6787,5.0100,212.3106,0.993306
-411.0515,5.0100,212.4523,0.993575
-410.3468,5.0100,212.6116,0.993880
-409.6431,5.0100,212.7709,0.994182
-408.9404,5.0100,212.9302,0.994481
-408.3167,5.0100,213.0717,0.994747
-407.6159,5.0100,213.2308,0.995044
-406.9939,5.0100,213.3722,0.995309
-406.2950,5.0100,213.5312,0.995621
-405.5972,5.0100,213.6902,0.995915
-404.9777,5.0100,213.8314,0.996185
-404.3589,5.0100,213.9726,0.996450
-403.6638,5.0100,214.1315,0.996751
-402.9697,5.0100,214.2902,0.997048
-402.3536,5.0100,214.4312,0.997313
-401.6613,5.0100,214.5897,0.997605
-401.0470,5.0100,214.7303,0.997867
-400.3566,5.0100,214.8881,0.998161
-399.6673,5.0100,215.0453,0.998455
-398.9788,5.0100,215.2019,0.998751
-398.2914,5.0100,215.3580,0.999043
-397.3761,5.0100,215.5655,0.999429
-396.6907,5.0100,215.7204,0.999713
