-396.3162,5.0100,226.1398,0.000651
-395.1340,5.0000,226.4188,0.001156
-394.0591,5.0000,226.6714,0.001620
-392.9837,5.0000,226.9227,0.002088
-391.9080,5.0000,227.1727,0.002555
-391.0471,5.0000,227.3718,0.002930
-389.9711,5.0000,227.6195,0.003400
-389.0028,5.0000,227.8413,0.003819
-388.1420,5.0000,228.0376,0.004202
-387.1738,5.0000,228.2576,0.004626
-386.0980,5.0000,228.5011,0.005098
-385.1297,5.0000,228.7194,0.005519
-384.1614,5.0000,228.9368,0.005934
-383.3007,5.0000,229.1295,0.006311
-382.4399,5.0000,229.3215,0.006681
-381.4713,5.0000,229.5368,0.007096
-380.5026,5.0000,229.7514,0.007513
-379.6413,5.0000,229.9415,0.007885
-378.6722,5.0000,230.1549,0.008296
-377.7030,5.0000,230.3675,0.008704
-376.8412,5.0000,230.5560,0.009069
-375.8716,5.0000,230.7675,0.009481
-375.0096,5.0000,230.9551,0.009846
-374.0396,5.0000,231.1655,0.010256
-373.1773,5.0000,231.3520,0.010620
-372.2071,5.0000,231.5615,0.011032
-371.2368,5.0000,231.7705,0.011436
-370.2664,5.0000,231.9792,0.011841
-369.4038,5.0000,232.1646,0.012209
-368.5412,5.0000,232.3497,0.012575
-367.5706,5.0000,232.5578,0.012981
-366.6001,5.0000,232.7658,0.013391
-365.7372,5.0000,232.9505,0.013758
-364.3348,5.0000,233.2507,0.014344
-363.3636,5.0000,233.4589,0.014845
-362.3922,5.0000,233.6674,0.015055
-360.1245,5.0000,234.1562,0.016101
-359.1523,5.0000,234.3669,0.016912
-358.1797,5.0000,234.5783,0.016926
-357.2067,5.0000,234.7906,0.017285
-356.3415,5.0000,234.9800,0.017712
-355.3678,5.0000,235.1940,0.018125
-354.5020,5.0000,235.3850,0.018490
-353.5275,5.0000,235.6008,0.018898
-352.5526,5.0000,235.8177,0.019311
-351.6856,5.0000,236.0114,0.019677
-350.7100,5.0000,236.2303,0.020088
-349.8423,5.0000,236.4258,0.020457
-348.8658,5.0000,236.6469,0.020869
-347.8889,5.0000,236.8690,0.021279
-346.9116,5.0000,237.0923,0.021697
-345.6078,5.0000,237.3918,0.022248
-344.6295,5.0000,237.6178,0.022660
-343.6507,5.0000,237.8447,0.023079
-342.7801,5.0000,238.0472,0.023444
-341.9092,5.0000,238.2502,0.023810
-340.8199,5.0000,238.5049,0.024277
-339.8391,5.0000,238.7350,0.024692
-338.8576,5.0000,238.9659,0.025107
-337.5482,5.0000,239.2749,0.025662
-336.5656,5.0000,239.5075,0.026080
-335.6917,5.0000,239.7148,0.026449
-334.7080,5.0000,239.9487,0.026866
-333.7239,5.0000,240.1833,0.027284
-332.8486,5.0000,240.3923,0.027655
-331.8636,5.0000,240.6281,0.028076
-330.4404,5.0000,240.9695,0.028679
-329.5648,5.0000,241.1801,0.029050
-328.5802,5.0000,241.4173,0.029470
-327.1594,5.0000,241.7600,0.030070
-326.2859,5.0000,241.9709,0.030444
-325.3040,5.0000,242.2079,0.030861
-324.3231,5.0000,242.4447,0.031279
-323.3430,5.0000,242.6812,0.031692
-322.0378,5.0000,242.9960,0.032242
-321.0599,5.0000,243.2318,0.032663
-320.0831,5.0000,243.4674,0.033076
-319.2157,5.0000,243.6766,0.033448
-318.3490,5.0000,243.8857,0.033812
-317.3749,5.0000,244.1207,0.034225
-316.4015,5.0000,244.3554,0.034642
-315.5368,5.0000,244.5639,0.035010
-314.5645,5.0000,244.7981,0.035416
-313.5925,5.0000,245.0321,0.035830
-312.6207,5.0000,245.2657,0.036242
-311.7570,5.0000,245.4733,0.036612
-310.7853,5.0000,245.7065,0.037024
-309.8136,5.0000,245.9396,0.037435
-308.8417,5.0000,246.1724,0.037850
-307.9777,5.0000,246.3792,0.038218
-307.0054,5.0000,246.6117,0.038628
-306.0328,5.0000,246.8440,0.039043
-304.7354,5.0000,247.1534,0.039594
-303.8700,5.0000,247.3594,0.039961
-302.8959,5.0000,247.5910,0.040375
-301.9212,5.0000,247.8224,0.040790
-301.0542,5.0000,248.0278,0.041153
-300.0782,5.0000,248.2585,0.041572
-299.1013,5.0000,248.4889,0.041985
-298.1233,5.0000,248.7190,0.042397
-297.2528,5.0000,248.9234,0.042771
-296.2721,5.0000,249.1530,0.043185
-295.3989,5.0000,249.3572,0.043555
-294.4146,5.0000,249.5871,0.043973
-293.4283,5.0000,249.8172,0.044394
-292.5499,5.0000,250.0222,0.044763
-291.5598,5.0000,250.2532,0.045184
-290.6779,5.0000,250.4588,0.045558
-289.6839,5.0000,250.6906,0.045981
-288.3554,5.0000,251.0004,0.046546
-287.3565,5.0000,251.2333,0.046965
-286.3555,5.0000,251.4667,0.047392
-285.4640,5.0000,251.6745,0.047770
-284.4591,5.0000,251.9088,0.048198
-283.5640,5.0000,252.1175,0.048579
-282.1060,5.0000,252.4575,0.049199
-281.0941,5.0000,252.6936,0.049628
-280.1929,5.0000,252.9039,0.050008
-279.1770,5.0000,253.1410,0.050437
-278.2723,5.0000,253.3523,0.050824
-277.2525,5.0000,253.5904,0.051257
-276.2306,5.0000,253.8291,0.051690
-275.3206,5.0000,254.0418,0.052074
-274.2948,5.0000,254.2815,0.052510
-273.3812,5.0000,254.4950,0.052895
-272.3511,5.0000,254.7352,0.053336
-270.9741,5.0000,255.0553,0.053920
-269.9384,5.0000,255.2950,0.054363
-268.9003,5.0000,255.5341,0.054800
-267.9756,5.0000,255.7463,0.055190
-266.9329,5.0000,255.9844,0.055635
-266.0042,5.0000,256.1957,0.056029
-264.9572,5.0000,256.4328,0.056471
-263.9080,5.0000,256.6696,0.056915
-262.9736,5.0000,256.8796,0.057310
-261.9204,5.0000,257.1158,0.057757
-260.9825,5.0000,257.3255,0.058152
-259.9255,5.0000,257.5615,0.058600
-258.8665,5.0000,257.7975,0.059047
-257.9235,5.0000,258.0072,0.059448
-256.8606,5.0000,258.2433,0.059896
-255.7957,5.0000,258.4796,0.060348
-254.8473,5.0000,258.6896,0.060750
-253.7785,5.0000,258.9261,0.061199
-252.3502,5.0000,259.2419,0.061803
-251.2765,5.0000,259.4791,0.062260
-249.7221,5.0000,259.8225,0.062916
-248.7635,5.0000,260.0343,0.063322
-247.6831,5.0000,260.2730,0.063781
-246.3599,5.0000,260.5655,0.064341
-245.1543,5.0000,260.8321,0.064851
-244.3090,5.0000,261.0191,0.065204
-243.2203,5.0000,261.2600,0.065671
-241.6443,5.0000,261.6090,0.066337
-240.6724,5.0000,261.8244,0.066747
-238.3578,5.0000,262.3377,0.067727
-237.2583,5.0000,262.5817,0.068194
-236.1570,5.0000,262.8265,0.068659
-235.1764,5.0000,263.0448,0.069072
-234.1945,5.0000,263.2638,0.069490
-232.5957,5.0000,263.6214,0.070171
-231.4866,5.0000,263.8702,0.070639
-230.3758,5.0000,264.1201,0.071111
-229.2632,5.0000,264.3712,0.071580
-228.2727,5.0000,264.5953,0.072003
-227.2808,5.0000,264.8203,0.072421
-226.1631,5.0000,265.0746,0.072894
-224.5457,5.0000,265.4438,0.073580
-223.5495,5.0000,265.6718,0.074004
-222.4291,5.0000,265.9287,0.074480
-221.3100,5.0000,266.1858,0.074952
-220.3174,5.0000,266.4141,0.075374
-219.2045,5.0000,266.6705,0.075844
-218.0970,5.0000,266.9261,0.076314
-216.5087,5.0000,267.2933,0.076990
-214.9354,5.0000,267.6582,0.077657
-213.9749,5.0000,267.8815,0.078064
-212.9015,5.0000,268.1315,0.078523
-211.9539,5.0000,268.3526,0.078924
-210.8955,5.0000,268.5999,0.079373
-209.3814,5.0000,268.9547,0.080014
-207.8850,5.0000,269.3061,0.080653
-206.9731,5.0000,269.5208,0.081037
-205.9554,5.0000,269.7608,0.081470
-204.9464,5.0000,269.9992,0.081893
-204.0567,5.0000,270.2098,0.082273
-202.9541,5.0000,270.4714,0.082741
-201.9709,5.0000,270.7052,0.083159
-201.1040,5.0000,270.9117,0.083527
-200.1370,5.0000,271.1427,0.083936
-199.1784,5.0000,271.3721,0.084345
-198.2282,5.0000,271.6000,0.084750
-197.2864,5.0000,271.8264,0.085148
-196.3529,5.0000,272.0515,0.085544
-195.4276,5.0000,272.2750,0.085938
-194.5106,5.0000,272.4971,0.086329
-193.3004,5.0000,272.7909,0.086846
-192.4021,5.0000,273.0096,0.087225
-191.5113,5.0000,273.2269,0.087610
-190.3336,5.0000,273.5152,0.088107
-189.4557,5.0000,273.7307,0.088480
-188.6776,5.0000,273.9223,0.088812
-187.8038,5.0000,274.1379,0.089184
-186.9313,5.0000,274.3536,0.089557
-186.0599,5.0000,274.5695,0.089927
-185.2863,5.0000,274.7616,0.090257
-184.4171,5.0000,274.9778,0.090629
-183.5523,4.9925,275.1932,0.090998
-182.6857,4.9835,275.4096,0.091369
-181.9171,4.9755,275.6017,0.091697
-181.0549,4.9666,275.8174,0.092065
-180.1958,4.9577,276.0326,0.092431
-179.4354,4.9498,276.2233,0.092757
-178.5840,4.9409,276.4369,0.093118
-177.7371,4.9322,276.6497,0.093478
-176.6144,4.9205,276.9323,0.093958
-175.7770,4.9118,277.1435,0.094316
-174.9431,4.9032,277.3541,0.094666
-174.2045,4.8955,277.5410,0.094987
-173.3767,4.8869,277.7506,0.095339
-172.5521,4.8784,277.9596,0.095690
-171.7307,4.8699,278.1681,0.096040
-171.0031,4.8624,278.3529,0.096352
-170.1875,4.8539,278.5603,0.096701
-169.4650,4.8464,278.7441,0.097005
-168.6550,4.8381,278.9505,0.097353
-167.8479,4.8297,279.1562,0.097697
-167.0438,4.8214,279.3614,0.098041
-166.3317,4.8141,279.5432,0.098342
-165.5339,4.8059,279.7470,0.098684
-164.7402,4.7977,279.9500,0.099024
-164.0388,4.7905,280.1295,0.099322
-163.2549,4.7824,280.3303,0.099655
-162.4772,4.7744,280.5295,0.099986
-161.7060,4.7665,280.7270,0.100317
-161.0263,4.7595,280.9009,0.100608
-160.3522,4.7526,281.0733,0.100893
-159.5175,4.7440,281.2862,0.101248
-158.8561,4.7373,281.4545,0.101529
-158.1189,4.7298,281.6415,0.101844
-157.4695,4.7231,281.8057,0.102118
-156.7458,4.7157,281.9881,0.102425
-156.1085,4.7092,282.1483,0.102693
-155.3983,4.7020,282.3263,0.102995
-154.6951,4.6949,282.5019,0.103296
-153.9987,4.6878,282.6751,0.103591
-153.3850,4.6816,282.8272,0.103846
-152.7000,4.6747,282.9964,0.104138
-152.0951,4.6686,283.1450,0.104391
-151.4183,4.6618,283.3104,0.104677
-150.7449,4.6550,283.4739,0.104960
-150.0749,4.6483,283.6354,0.105243
-149.4819,4.6423,283.7772,0.105492
-148.8192,4.6357,283.9346,0.105770
-148.1609,4.6291,284.0895,0.106047
-147.5071,4.6226,284.2416,0.106321
-146.9307,4.6169,284.3746,0.106560
-146.2165,4.6098,284.5378,0.106858
-145.5796,4.6036,284.6818,0.107120
-145.0184,4.5980,284.8073,0.107351
-144.1164,4.5892,285.0062,0.107719
-143.5675,4.5838,285.1254,0.107946
-142.9557,4.5778,285.2564,0.108198
-142.4169,4.5725,285.3701,0.108415
-141.8159,4.5666,285.4947,0.108658
-141.2203,4.5608,285.6158,0.108905
-140.6955,4.5558,285.7205,0.109113
-140.1103,4.5503,285.8349,0.109347
-139.5947,4.5454,285.9334,0.109554
-139.0196,4.5399,286.0406,0.109781
-138.4503,4.5345,286.1436,0.110008
-137.8880,4.5291,286.2426,0.110224
-137.0858,4.5215,286.3772,0.110536
-136.5971,4.5169,286.4547,0.110729
-136.0524,4.5117,286.5370,0.110938
-135.5131,4.5066,286.6139,0.111148
-134.9788,4.5016,286.6855,0.111353
-134.4495,4.4964,286.7519,0.111550
-133.9824,4.4918,286.8065,0.111727
-133.4603,4.4868,286.8633,0.111927
-132.9413,4.4818,286.9151,0.112121
-132.4825,4.4773,286.9572,0.112292
-131.7983,4.4707,287.0139,0.112545
-131.3448,4.4664,287.0475,0.112712
-130.7808,4.4609,287.0851,0.112922
-130.2759,4.4561,287.1147,0.113103
-129.8293,4.4518,287.1379,0.113269
-129.3295,4.4470,287.1603,0.113454
-128.8325,4.4420,287.1788,0.113633
-128.3378,4.4368,287.1935,0.113816
-127.8457,4.4317,287.2048,0.113996
-127.4106,4.4272,287.2114,0.114153
-126.9236,4.4223,287.2152,0.114324
-126.4393,4.4174,287.2152,0.114497
-125.9576,4.4125,287.2114,0.114677
-125.5316,4.4082,287.2050,0.114829
-125.0549,4.4033,287.1945,0.114993
-124.6334,4.3991,287.1820,0.115147
-124.1617,4.3942,287.1644,0.115310
-123.7447,4.3899,287.1455,0.115454
-123.2780,4.3851,287.1202,0.115621
-122.8141,4.3803,287.0905,0.115783
-122.3528,4.3756,287.0564,0.115950
-121.8945,4.3711,287.0170,0.116110
-121.4391,4.3666,286.9726,0.116277
-121.0368,4.3626,286.9289,0.116410
-120.5870,4.3582,286.8750,0.116566
-120.1398,4.3540,286.8161,0.116725
-119.6958,4.3502,286.7524,0.116875
-119.3031,4.3468,286.6918,0.117017
-118.8637,4.3429,286.6190,0.117171
-118.4751,4.3395,286.5503,0.117304
-118.0398,4.3358,286.4686,0.117461
-117.6072,4.3323,286.3814,0.117614
-117.1772,4.3287,286.2888,0.117763
-116.0901,4.3218,286.0265,0.118145
-115.6702,4.3195,285.9138,0.118298
-115.2530,4.3172,285.7955,0.118450
-114.8845,4.3151,285.6859,0.118571
-114.4722,4.3129,285.5577,0.118722
-114.0626,4.3107,285.4242,0.118864
-113.7006,4.3088,285.3014,0.118993
-113.2947,4.3067,285.1580,0.119144
-112.9369,4.3061,285.0267,0.119276
-112.5366,4.3054,284.8740,0.119426
-112.1384,4.3047,284.7160,0.119563
-111.7425,4.3040,284.5530,0.119708
-111.3488,4.3033,284.3851,0.119860
-111.0008,4.3027,284.2318,0.119980
-110.6116,4.3020,284.0548,0.120130
-110.2249,4.3013,283.8732,0.120270
-109.8832,4.3007,283.7078,0.120403
-109.5012,4.3001,283.5172,0.120542
-109.1629,4.3005,283.3432,0.120674
-108.7854,4.3010,283.1434,0.120813
-108.4519,4.3015,282.9617,0.120940
-108.0791,4.3021,282.7527,0.121080
-107.7088,4.3027,282.5392,0.121228
-107.3410,4.3033,282.3212,0.121370
-107.0162,4.3038,282.1240,0.121503
-106.6532,4.3044,281.8980,0.121646
-106.3326,4.3049,281.6938,0.121768
-105.8946,4.3060,281.4072,0.121947
-105.5392,4.3071,281.1682,0.122089
-105.2252,4.3082,280.9521,0.122219
-104.8743,4.3094,280.7049,0.122361
-104.5259,4.3106,280.4533,0.122513
-104.2182,4.3117,280.2261,0.122634
-103.8745,4.3129,279.9666,0.122783
-103.3830,4.3147,279.5839,0.122997
-103.0472,4.3153,279.3139,0.123139
-102.7148,4.3158,279.0393,0.123278
-102.4227,4.3163,278.7915,0.123418
-102.0981,4.3169,278.5086,0.123555
-101.8133,4.3174,278.2534,0.123682
-101.4971,4.3179,277.9621,0.123829
-101.1856,4.3185,277.6667,0.123979
-100.8798,4.3180,277.3683,0.124132
-100.5773,4.3164,277.0654,0.124282
-100.3449,4.3152,276.8276,0.124400
-100.0175,4.3135,276.4849,0.124558
-99.7592,4.3120,276.2077,0.124693
-99.4720,4.3104,275.8929,0.124845
-99.2197,4.3090,275.6105,0.124970
-98.9404,4.3072,275.2916,0.125123
-98.6932,4.3030,275.0043,0.125264
-98.3870,4.2978,274.6425,0.125431
-98.1140,4.2931,274.3142,0.125589
-97.8734,4.2888,274.0207,0.125725
-97.6049,4.2839,273.6880,0.125888
-97.3679,4.2795,273.3904,0.126024
-97.1026,4.2746,273.0538,0.126182
-96.8695,4.2697,272.7548,0.126324
-96.6061,4.2613,272.4147,0.126482
-96.3724,4.2538,272.1111,0.126630
-96.1101,4.2453,271.7678,0.126794
-95.8482,4.2368,271.4227,0.126958
-95.6158,4.2291,271.1143,0.127101
-95.3546,4.2205,270.7653,0.127272
-95.0937,4.2118,270.4141,0.127438
-94.8328,4.2031,270.0605,0.127608
-94.6030,4.1932,269.7466,0.127762
-94.3422,4.1802,269.3886,0.127933
-94.0813,4.1670,269.0283,0.128104
-93.8206,4.1541,268.6652,0.128281
-93.5597,4.1411,268.3000,0.128456
-93.3278,4.1295,267.9731,0.128616
-93.0668,4.1164,267.6030,0.128791
-92.8054,4.1033,267.2304,0.128969
-92.5724,4.0916,266.8973,0.129131
-92.2804,4.0768,266.4787,0.129330
-92.0477,4.0620,266.1441,0.129495
-91.7537,4.0430,265.7214,0.129706
-91.5185,4.0279,265.3806,0.129866
-91.2524,4.0113,264.9960,0.130052
-90.9857,3.9946,264.6090,0.130239
-90.7183,3.9779,264.2196,0.130423
-90.3612,3.9554,263.6969,0.130682
-90.0937,3.9385,263.3034,0.130870
-89.8273,3.9217,262.9100,0.131060
-89.5921,3.9068,262.5616,0.131226
-89.3313,3.8881,262.1730,0.131416
-89.0721,3.8691,261.7866,0.131594
-88.8446,3.8524,261.4463,0.131759
-88.5928,3.8345,261.0659,0.131940
-88.3162,3.8150,260.6493,0.132142
-87.9632,3.7900,260.1150,0.132397
-87.7231,3.7730,259.7499,0.132571
-87.4862,3.7562,259.3886,0.132741
-87.2526,3.7396,259.0310,0.132911
-87.0477,3.7250,258.7165,0.133060
-86.8202,3.7088,258.3663,0.133228
-86.5969,3.6915,258.0209,0.133389
-86.3756,3.6742,257.6786,0.133549
-86.1571,3.6570,257.3398,0.133714
-85.9422,3.6404,257.0036,0.133872
-85.7288,3.6245,256.6725,0.134029
-85.5170,3.6088,256.3445,0.134182
-85.3076,3.5932,256.0209,0.134338
-85.0997,3.5778,255.7008,0.134495
-84.8930,3.5625,255.3840,0.134643
-84.6877,3.5473,255.0706,0.134796
-84.5061,3.5340,254.7951,0.134922
-84.2804,3.5174,254.4549,0.135088
-84.0791,3.5025,254.1532,0.135232
-83.9008,3.4890,253.8880,0.135364
-83.7011,3.4739,253.5935,0.135506
-83.5024,3.4590,253.3030,0.135648
-83.3053,3.4443,253.0153,0.135789
-83.1083,3.4303,252.7329,0.135939
-82.9339,3.4180,252.4853,0.136064
-82.7384,3.4043,252.2102,0.136202
-82.5435,3.3907,251.9388,0.136349
-82.3492,3.3771,251.6709,0.136498
-82.1552,3.3637,251.4061,0.136651
-81.9611,3.3503,251.1441,0.136799
-81.7667,3.3369,250.8848,0.136944
-81.5711,3.3239,250.6276,0.137099
-81.3977,3.3128,250.4013,0.137255
-81.2023,3.3004,250.1490,0.137398
-81.0064,3.2879,249.8992,0.137563
-80.8102,3.2755,249.6519,0.137733
-80.6136,3.2635,249.4066,0.137925
-80.4160,3.2517,249.1651,0.138092
-80.2178,3.2399,248.9267,0.138276
-80.0408,3.2294,248.7175,0.138448
-79.8187,3.2163,248.4597,0.138659
-79.6178,3.2045,248.2315,0.138857
-79.4357,3.1951,248.0310,0.139055
-79.2326,3.1857,247.8103,0.139272
-79.0055,3.1752,247.5700,0.139498
-78.8227,3.1668,247.3815,0.139709
-78.5928,3.1564,247.1507,0.139970
-78.3845,3.1475,246.9466,0.140198
-78.1983,3.1397,246.7697,0.145397
-76.5026,3.0827,245.3514,0.142078
-76.3071,3.0775,245.2106,0.142251
-76.0838,3.0722,245.0571,0.142429
-75.8610,3.0679,244.9092,0.142617
-75.6367,3.0635,244.7669,0.142790
-75.4110,3.0591,244.6301,0.142971
-75.1586,3.0543,244.4849,0.143155
-74.9548,3.0510,244.3734,0.143307
-74.7240,3.0479,244.2553,0.143458
-74.5173,3.0541,244.1579,0.143596
-74.2855,3.0515,244.0533,0.143754
-74.0527,3.0489,243.9563,0.143906
-73.8194,3.0462,243.8662,0.144056
-73.5853,3.0432,243.7831,0.144196
-73.3769,3.0406,243.7149,0.144321
-73.1170,3.0372,243.6381,0.144472
-72.9082,3.0339,243.5831,0.144591
-72.6759,3.0291,243.5275,0.144729
-72.4432,3.0234,243.4787,0.144862
-72.2100,3.0176,243.4369,0.144992
-71.9777,3.0119,243.4026,0.145121
-71.7719,3.0069,243.3796,0.145236
-71.5412,3.0014,243.3606,0.145366
-71.3123,2.9872,243.3471,0.145486
-71.0846,2.9818,243.3418,0.145606
-70.8573,2.9765,243.3426,0.145729
-70.6312,2.9727,243.3517,0.145849
-70.4350,2.9706,243.3655,0.145953
-70.2176,2.9680,243.3890,0.146071
-70.0029,2.9651,243.4220,0.146181
-69.7915,2.9622,243.4619,0.146292
-69.5834,2.9593,243.5079,0.146395
-69.4015,2.9567,243.5541,0.146490
-69.1770,2.9540,243.6201,0.146604
-69.0013,2.9522,243.6779,0.146699
-68.8071,2.9501,243.7481,0.146800
-68.6165,2.9479,243.8236,0.146897
-68.4500,2.9460,243.8954,0.146984
-68.2661,2.9438,243.9802,0.147079
-68.0854,2.9412,244.0708,0.147173
-67.9278,2.9389,244.1551,0.147254
-67.7547,2.9361,244.2535,0.147348
-67.5851,2.9332,244.3562,0.147438
-67.4193,2.9303,244.4625,0.147528
-67.2578,2.9274,244.5728,0.147615
-67.1177,2.9248,244.6744,0.147693
-66.9808,2.9222,244.7789,0.147767
-66.8305,2.9192,244.8996,0.147852
-66.6842,2.9163,245.0235,0.147938
-66.5577,2.9138,245.1363,0.148013
-66.4207,2.9100,245.2622,0.148096
-66.2864,2.9051,245.3947,0.148182
-66.1559,2.9002,245.5298,0.148262
-66.0437,2.8958,245.6523,0.148335
-65.9218,2.8910,245.7925,0.148416
-65.8170,2.8867,245.9193,0.148487
-65.7033,2.8818,246.0640,0.148567
-65.5941,2.8770,246.2109,0.148648
-65.4892,2.8722,246.3598,0.148728
-65.4012,2.8680,246.4913,0.148797
-65.3047,2.8616,246.6436,0.148875
-65.2224,2.8560,246.7803,0.148945
-65.1216,2.8488,246.9475,0.149031
-65.0375,2.8406,247.1041,0.149109
-64.9575,2.8323,247.2621,0.149186
-64.8816,2.8241,247.4212,0.149264
-64.7801,2.8122,247.6530,0.149374
-64.7155,2.8039,247.8146,0.149451
-64.6596,2.7987,247.9691,0.149518
-64.6034,2.7958,248.1324,0.149594
-64.5515,2.7930,248.2965,0.149669
-64.5086,2.7905,248.4428,0.149735
-64.4639,2.7877,248.6081,0.149811
-64.4230,2.7849,248.7741,0.149886
-64.3898,2.7825,248.9225,0.149952
-64.3562,2.7797,249.0903,0.150027
-64.3264,2.7769,249.2590,0.150101
-64.3032,2.7744,249.4097,0.150168
-64.2833,2.7719,249.5612,0.150235
-64.2630,2.7688,249.7516,0.150319
-64.2503,2.7663,249.9048,0.150386
-64.2398,2.7635,250.0779,0.150462
-64.2334,2.7607,250.2518,0.150538
-64.2310,2.7582,250.4071,0.150605
-64.2323,2.7554,250.5825,0.150682
-64.2363,2.7529,250.7391,0.150750
-64.2455,2.7502,250.9157,0.150827
-64.2586,2.7475,251.0928,0.150904
-64.2737,2.7450,251.2507,0.150973
-64.2945,2.7423,251.4286,0.151050
-64.3167,2.7399,251.5871,0.151119
-64.3460,2.7372,251.7656,0.151196
-64.3758,2.7347,251.9244,0.151266
-64.4137,2.7320,252.1033,0.151343
-64.4511,2.7296,252.2623,0.151412
-64.4976,2.7269,252.4412,0.151490
-64.5488,2.7242,252.6200,0.151567
-64.5981,2.7218,252.7786,0.151637
-64.6582,2.7191,252.9571,0.151714
-64.7227,2.7164,253.1354,0.151792
-64.7915,2.7138,253.3135,0.151869
-64.8566,2.7115,253.4717,0.151938
-64.9241,2.7092,253.6301,0.152008
-65.0028,2.7065,253.8083,0.152087
-65.0762,2.7041,253.9671,0.152157
-65.1616,2.7015,254.1465,0.152234
-65.2499,2.6990,254.3260,0.152315
-65.3306,2.6968,254.4864,0.152385
-65.4235,2.6942,254.6678,0.152465
-65.5183,2.6917,254.8505,0.152546
-65.6037,2.6894,255.0143,0.152619
-65.7010,2.6868,255.2002,0.152699
-65.7995,2.6841,255.3882,0.152782
-65.8876,2.6818,255.5571,0.152856
-65.9872,2.6791,255.7495,0.152940
-66.0868,2.6764,255.9442,0.153026
-66.1867,2.6736,256.1411,0.153113
-66.2873,2.6708,256.3400,0.153198
-66.3893,2.6680,256.5407,0.153288
-66.4927,2.6652,256.7431,0.153380
-66.5969,2.6623,256.9477,0.153469
-66.6898,2.6597,257.1315,0.153552
-66.8059,2.6565,257.3642,0.153658
-66.8987,2.6538,257.5529,0.153740
-67.0027,2.6508,257.7678,0.153838
-67.1059,2.6476,257.9856,0.153936
-67.2090,2.6444,258.2063,0.154035
-67.3116,2.6411,258.4300,0.154141
-67.4024,2.6381,258.6313,0.154230
-67.5044,2.6347,258.8609,0.154340
-67.6060,2.6313,259.0939,0.154448
-67.6963,2.6282,259.3039,0.154544
-67.8093,2.6243,259.5702,0.154666
-67.9000,2.6211,259.7863,0.154765
-68.0022,2.6174,260.0327,0.154884
-68.0932,2.6142,260.2546,0.154991
-68.1956,2.6104,260.5075,0.155108
-68.2868,2.6071,260.7352,0.155217
-68.3894,2.6032,260.9946,0.155334
-68.4924,2.5994,261.2572,0.155461
-68.5958,2.5954,261.5231,0.155588
-68.6881,2.5919,261.7620,0.155702
-68.7924,2.5879,262.0336,0.155829
-68.8974,2.5839,262.3083,0.155958
-68.9914,2.5804,262.5548,0.156073
-69.0981,2.5764,262.8348,0.156209
-69.2056,2.5723,263.1176,0.156342
-69.3137,2.5682,263.4031,0.156479
-69.4234,2.5640,263.6913,0.156612
-69.5220,2.5602,263.9497,0.156735
-69.6344,2.5558,264.2431,0.156872
-69.7484,2.5515,264.5392,0.157013
-69.8510,2.5476,264.8050,0.157137
-69.9812,2.5426,265.1407,0.157290
-70.0867,2.5386,265.4120,0.157417
-70.2068,2.5341,265.7202,0.157562
-70.3283,2.5295,266.0317,0.157706
-70.4244,2.5259,266.2761,0.157818
-70.5622,2.5208,266.6291,0.157980
-70.6874,2.5161,266.9505,0.158129
-70.8137,2.5114,267.2755,0.158280
-70.9267,2.5072,267.5674,0.158413
-71.0542,2.5023,267.8996,0.158573
-71.1820,2.4975,268.2357,0.158721
-71.2958,2.4931,268.5379,0.158864
-71.4238,2.4881,268.8818,0.159025
-71.5517,2.4830,269.2296,0.159188
-71.6796,2.4779,269.5815,0.159350
-71.8495,2.4709,270.0568,0.159574
-72.0343,2.4631,270.5792,0.159821
-72.1624,2.4576,270.9454,0.159987
-72.2763,2.4527,271.2741,0.160146
-72.4046,2.4471,271.6474,0.160314
-72.5330,2.4414,272.0245,0.160488
-72.6615,2.4358,272.4052,0.160672
-72.7757,2.4307,272.7468,0.160830
-72.9042,2.4249,273.1346,0.161012
-73.0184,2.4197,273.4824,0.161177
-73.1468,2.4138,273.8772,0.161360
-73.2609,2.4085,274.2313,0.161526
-73.4034,2.4018,274.6780,0.161731
-73.5173,2.3965,275.0386,0.161899
-73.6454,2.3903,275.4477,0.162080
-73.7734,2.3842,275.8604,0.162267
-73.8873,2.3787,276.2301,0.162439
-74.0158,2.3724,276.6492,0.162632
-74.1303,2.3668,277.0247,0.162801
-74.2597,2.3605,277.4501,0.163000
-74.3896,2.3541,277.8789,0.163190
-74.5201,2.3477,278.3110,0.163388
-74.6512,2.3412,278.7465,0.163578
-74.7676,2.3353,279.1365,0.163755
-74.9583,2.3256,279.7760,0.164044
-75.0760,2.3196,280.1731,0.164219
-75.2236,2.3120,280.6734,0.164447
-75.3419,2.3058,281.0768,0.164624
-75.4753,2.2987,281.5338,0.164825
-75.5942,2.2924,281.9430,0.165011
-75.7281,2.2851,282.4066,0.165217
-75.8475,2.2786,282.8217,0.165392
-75.9821,2.2713,283.2920,0.165603
-76.1170,2.2639,283.7657,0.165809
-76.2372,2.2573,284.1897,0.165994
-76.3576,2.2506,284.6164,0.166181
-76.4935,2.2431,285.0997,0.166386
-76.6298,2.2355,285.5864,0.166592
-76.7665,2.2279,286.0765,0.166808
-76.8883,2.2210,286.5150,0.166999
-77.0258,2.2133,287.0116,0.167209
-77.1789,2.2046,287.5673,0.167448
-77.3018,2.1976,288.0149,0.167644
-77.4403,2.1897,288.5217,0.167859
-77.6101,2.1800,289.1458,0.168131
-77.7648,2.1711,289.7176,0.168372
-77.9039,2.1630,290.2358,0.168590
-78.0282,2.1557,290.6994,0.168793
-78.1683,2.1471,291.2237,0.169014
-78.2931,2.1392,291.6928,0.169217
-78.4340,2.1302,292.2237,0.169443
-78.5596,2.1222,292.6984,0.169651
-78.7013,2.1131,293.2355,0.169876
-78.8278,2.1050,293.7157,0.170083
-78.9708,2.0958,294.2590,0.170313
-79.0985,2.0876,294.7445,0.170522
-79.2426,2.0783,295.2939,0.170754
-79.3878,2.0690,295.8464,0.170996
-79.5175,2.0606,296.3401,0.171210
-79.6640,2.0512,296.8987,0.171448
-79.7785,2.0438,297.3353,0.171633
-79.9924,2.0300,298.1513,0.171980
-80.1412,2.0205,298.7195,0.172220
-80.2735,2.0119,299.2249,0.172439
-80.4232,2.0023,299.7967,0.172682
-80.6392,1.9867,300.6222,0.173036
-80.7720,1.9769,301.1296,0.173252
-80.9214,1.9659,301.7005,0.173492
-81.0714,1.9549,302.2739,0.173735
-81.2726,1.9401,303.0425,0.174060
-81.4243,1.9289,303.6220,0.174309
-81.5766,1.9177,304.2040,0.174553
-81.7127,1.9077,304.7235,0.174775
-81.8664,1.8964,305.3104,0.175026
-82.0036,1.8863,305.8342,0.175251
-82.1586,1.8749,306.4258,0.175504
-82.3143,1.8635,307.0201,0.175754
-82.4531,1.8533,307.5505,0.175978
-82.6102,1.8418,308.1496,0.176238
-82.7501,1.8314,308.6838,0.176464
-82.9084,1.8188,309.2877,0.176723
-83.0498,1.8074,309.8266,0.176954
-83.2094,1.7946,310.4352,0.177213
-83.3697,1.7818,311.0464,0.177473
-83.5128,1.7703,311.5919,0.177701
-83.6564,1.7588,312.1393,0.177934
-83.8186,1.7459,312.7578,0.178199
-83.9816,1.7328,313.3788,0.178466
-84.1271,1.7212,313.9328,0.178705
-84.2731,1.7095,314.4887,0.178939
-84.4744,1.6934,315.2550,0.179265
-84.6210,1.6817,315.8124,0.179505
-84.7674,1.6699,316.3694,0.179735
-85.0050,1.6509,317.2727,0.180119
-85.1509,1.6390,317.8273,0.180352
-85.3148,1.6254,318.4503,0.180615
-85.4601,1.6133,319.0022,0.180851
-85.6228,1.5998,319.6198,0.181113
-85.7664,1.5879,320.1650,0.181346
-85.9267,1.5746,320.7734,0.181601
-86.0681,1.5629,321.3096,0.181824
-86.2258,1.5498,321.9078,0.182080
-86.3649,1.5383,322.4350,0.182301
-86.5201,1.5254,323.0231,0.182548
-86.6741,1.5127,323.6057,0.182797
-86.8100,1.5015,324.1188,0.183015
-86.9620,1.4889,324.6905,0.183255
-87.0962,1.4778,325.1935,0.183468
-87.2465,1.4655,325.7538,0.183709
-87.3798,1.4546,326.2467,0.183911
-87.5294,1.4425,326.7956,0.184152
-87.6619,1.4318,327.2784,0.184352
-87.8765,1.4147,328.0533,0.184675
-88.0080,1.4043,328.5242,0.184881
-88.1556,1.3928,329.0486,0.185105
-88.3025,1.3814,329.5676,0.185329
-88.4327,1.3713,330.0245,0.185521
-88.5788,1.3601,330.5340,0.185739
-88.7084,1.3502,330.9835,0.185932
-88.8541,1.3391,331.4860,0.186141
-88.9835,1.3294,331.9306,0.186331
-89.1292,1.3184,332.4293,0.186548
-89.2589,1.3086,332.8718,0.186734
-89.4049,1.2977,333.3694,0.186948
-89.5997,1.2830,334.0332,0.187232
-89.7460,1.2720,334.5317,0.187443
-89.8926,1.2613,335.0312,0.187664
-90.0231,1.2519,335.4754,0.187849
-90.1702,1.2414,335.9756,0.188066
-90.3176,1.2308,336.4765,0.188284
-90.4489,1.2214,336.9222,0.188478
-90.5805,1.2121,337.3684,0.188673
-90.7287,1.2015,337.8708,0.188898
-90.8773,1.1909,338.3734,0.189120
-91.0258,1.1803,338.8757,0.189348
-91.1579,1.1709,339.3216,0.189550
-91.3063,1.1604,339.8221,0.189776
-91.4545,1.1498,340.3210,0.190008
-91.5859,1.1405,340.7629,0.190223
-91.7337,1.1301,341.2580,0.190454
-91.8650,1.1209,341.6958,0.190676
-92.0130,1.1106,342.1862,0.190928
-92.1445,1.1027,342.6180,0.191142
-92.3091,1.0930,343.1529,0.191439
-92.4406,1.0852,343.5764,0.191662
-92.5887,1.0765,344.0481,0.191923
-92.7203,1.0688,344.4633,0.192154
-92.8682,1.0603,344.9255,0.192418
-92.9997,1.0527,345.3321,0.192664
-93.1477,1.0443,345.7847,0.192919
-93.2959,1.0360,346.2322,0.193177
-93.4444,1.0277,346.6745,0.193435
-93.5768,1.0205,347.0631,0.193655
-93.7263,1.0124,347.4953,0.193913
-93.8596,1.0053,347.8749,0.194125
-94.0109,0.9981,348.2983,0.194363
-94.1626,0.9926,348.7145,0.194593
-94.2986,0.9877,349.0795,0.194801
-94.4529,0.9822,349.4846,0.195016
-94.6088,0.9769,349.8835,0.195228
-94.7665,0.9716,350.2764,0.195439
-94.9261,0.9663,350.6630,0.195633
-95.0696,0.9617,351.0013,0.195815
-95.2331,0.9566,351.3757,0.196015
-95.3803,0.9521,351.7029,0.196185
-95.5479,0.9472,352.0648,0.196362
-95.6992,0.9427,352.3806,0.196539
-95.8919,0.9385,352.7693,0.196741
-96.0476,0.9364,353.0725,0.196895
-96.2458,0.9339,353.4428,0.197087
-96.4069,0.9319,353.7323,0.197242
-96.5908,0.9296,354.0510,0.197410
-96.7564,0.9277,354.3280,0.197557
-96.9450,0.9255,354.6328,0.197717
-97.1359,0.9234,354.9300,0.197875
-97.3075,0.9215,355.1880,0.198021
-97.5027,0.9194,355.4713,0.198177
-97.6793,0.9190,355.7194,0.198312
-97.8782,0.9199,355.9885,0.198458
-98.0567,0.9208,356.2212,0.198593
-98.2591,0.9217,356.4759,0.198745
-98.4629,0.9226,356.7233,0.198890
-98.6451,0.9234,356.9371,0.199013
-98.8511,0.9350,357.1714,0.199155
-99.0124,0.9362,357.3497,0.199264
-99.2488,0.9294,357.5931,0.199416
-99.4578,0.9346,357.8069,0.199553
-99.7369,0.9410,358.0811,0.199731
-99.9482,0.9459,358.2775,0.199862
-100.1605,0.9508,358.4666,0.199987
-100.3497,0.9553,358.6286,0.200098
-100.5630,0.9603,358.8040,0.200224
-100.7286,0.9633,358.9353,0.200324
-100.9663,0.9688,359.1148,0.200459
-101.1803,0.9737,359.2692,0.200580
-101.3923,0.9771,359.4168,0.200699
-101.6072,0.9801,359.5583,0.200819
-101.8223,0.9830,359.6923,0.200934
-102.0140,0.9855,359.8057,0.201033
-102.2067,0.9881,359.9146,0.201134
-102.4493,0.9912,360.0450,0.201261
-102.6692,0.9940,360.1574,0.201372
-102.8660,0.9965,360.2532,0.201475
-103.0856,0.9994,360.3561,0.201591
-103.2847,0.9998,360.4443,0.201686
-103.5098,1.0003,360.5395,0.201801
-103.7109,1.0008,360.6206,0.201903
-103.9383,1.0012,360.7080,0.202017
-104.1672,1.0117,360.7902,0.202128
-104.3718,1.0120,360.8602,0.202225
-104.6035,1.0123,360.9351,0.202333
-104.8101,1.0124,360.9986,0.202437
-105.0445,1.0124,361.0665,0.202552
-105.2793,1.0122,361.1301,0.202662
-105.4893,1.0017,361.1829,0.202763
-105.7275,1.0004,361.2395,0.202878
-105.9402,0.9992,361.2865,0.202975
-106.1805,0.9979,361.3347,0.203095
-106.4220,0.9966,361.3781,0.203211
-106.6376,0.9955,361.4130,0.203310
-106.8541,0.9944,361.4448,0.203411
-107.1260,0.9929,361.4803,0.203538
-107.3727,0.9922,361.5090,0.203655
-107.5920,0.9918,361.5312,0.203757
-107.8397,0.9914,361.5529,0.203874
-108.0885,0.9909,361.5713,0.203987
-108.3105,0.9905,361.5851,0.204091
-108.5613,0.9900,361.5976,0.204211
-108.8132,0.9894,361.6071,0.204324
-109.0661,0.9889,361.6137,0.204443
-109.2919,0.9884,361.6169,0.204546
-109.5468,0.9879,361.6173,0.204669
-109.8054,0.9878,361.6140,0.204790
-110.0627,0.9892,361.6065,0.204910
-110.2922,0.9904,361.5966,0.205014
-110.5512,0.9918,361.5823,0.205134
-110.8111,0.9932,361.5648,0.205259
-111.0719,0.9946,361.5445,0.205383
-111.3047,0.9959,361.5242,0.205492
-111.5677,0.9973,361.4989,0.205617
-111.9202,0.9992,361.4618,0.205778
-112.1861,1.0006,361.4317,0.205898
-112.4534,1.0020,361.3998,0.206024
-112.6921,1.0033,361.3701,0.206137
-112.9619,1.0047,361.3354,0.206267
-113.2329,1.0062,361.2990,0.206390
-113.4771,1.0075,361.2658,0.206505
-113.7815,1.0112,361.2226,0.206651
-114.0265,1.0142,361.1874,0.206762
-114.3038,1.0176,361.1467,0.206894
-114.5831,1.0210,361.1049,0.207026
-114.8329,1.0240,361.0668,0.207138
-115.1159,1.0275,361.0228,0.207275
-115.3691,1.0306,360.9828,0.207392
-115.6557,1.0342,360.9365,0.207528
-115.9442,1.0377,360.8890,0.207660
-116.2346,1.0413,360.8400,0.207801
-116.4941,1.0445,360.7951,0.207927
-116.7878,1.0481,360.7432,0.208060
-117.0502,1.0514,360.6956,0.208187
-117.3471,1.0550,360.6404,0.208329
-117.6458,1.0587,360.5834,0.208466
-117.9461,1.0625,360.5246,0.208604
-118.2483,1.0662,360.4639,0.208752
-118.5523,1.0700,360.4014,0.208894
-118.8259,1.0742,360.3439,0.209020
-119.1334,1.0800,360.2782,0.209173
-119.4085,1.0852,360.2185,0.209298
-119.7197,1.0911,360.1498,0.209447
-119.9980,1.0963,360.0876,0.209579
-120.3129,1.1023,360.0162,0.209733
-120.6297,1.1083,359.9431,0.209878
-120.9129,1.1136,359.8769,0.210017
-121.2334,1.1197,359.8007,0.210167
-121.5558,1.1258,359.7228,0.210318
-121.8437,1.1312,359.6514,0.210451
-122.1701,1.1372,359.5699,0.210609
-122.5352,1.1439,359.4774,0.210778
-122.8293,1.1493,359.4017,0.210916
-123.1624,1.1554,359.3148,0.211067
-123.4605,1.1609,359.2361,0.211207
-123.7981,1.1671,359.1457,0.211364
-124.1381,1.1734,359.0536,0.211521
-124.4423,1.1790,358.9703,0.211663
-124.8250,1.1861,358.8640,0.211839
-125.1333,1.1918,358.7772,0.211989
-125.4821,1.1983,358.6777,0.212143
-125.8345,1.2059,358.5757,0.212300
-126.1486,1.2131,358.4839,0.212445
-126.5437,1.2221,358.3668,0.212627
-126.8619,1.2294,358.2715,0.212771
-127.2220,1.2377,358.1625,0.212928
-127.5038,1.2441,358.0766,0.213058
-127.9090,1.2534,357.9523,0.213249
-128.2354,1.2609,357.8515,0.213391
-128.6048,1.2694,357.7365,0.213556
-128.9769,1.2779,357.6205,0.213722
-129.3516,1.2864,357.5033,0.213897
-129.6867,1.2940,357.3979,0.214050
-130.0661,1.3026,357.2780,0.214216
-130.4480,1.3113,357.1566,0.214387
-130.8324,1.3200,357.0336,0.214566
-131.1761,1.3279,356.9228,0.214716
-131.5651,1.3368,356.7967,0.214892
-131.9568,1.3457,356.6689,0.215072
-132.3071,1.3537,356.5540,0.215226
-132.6595,1.3618,356.4376,0.215387
-133.0584,1.3709,356.3050,0.215569
-133.4600,1.3801,356.1706,0.215751
-133.8647,1.3894,356.0342,0.215932
-134.2262,1.3984,355.9117,0.216092
-134.6355,1.4085,355.7721,0.216277
-135.0473,1.4187,355.6306,0.216467
-135.4617,1.4290,355.4872,0.216649
-135.8323,1.4382,355.3582,0.216815
-136.2516,1.4487,355.2112,0.217006
-136.6734,1.4592,355.0624,0.217190
-137.0979,1.4698,354.9117,0.217381
-137.4775,1.4792,354.7762,0.217554
-137.9550,1.4911,354.6049,0.217769
-138.3878,1.5020,354.4492,0.217960
-138.7749,1.5116,354.3094,0.218132
-139.2134,1.5225,354.1514,0.218330
-139.6550,1.5335,353.9923,0.218519
-140.0502,1.5433,353.8501,0.218697
-140.4976,1.5544,353.6892,0.218893
-140.8979,1.5644,353.5453,0.219071
-141.3509,1.5757,353.3824,0.219273
-141.8069,1.5870,353.2184,0.219472
-142.2657,1.5984,353.0534,0.219671
-142.6760,1.6086,352.9058,0.219852
-143.1404,1.6201,352.7388,0.220053
-143.6081,1.6323,352.5708,0.220257
-144.0786,1.6445,352.4021,0.220467
-144.4993,1.6555,352.2515,0.220653
-144.9756,1.6680,352.0815,0.220865
-145.4548,1.6805,351.9107,0.221069
-145.9371,1.6930,351.7392,0.221278
-146.4223,1.7057,351.5671,0.221491
-146.9104,1.7184,351.3942,0.221707
-147.4016,1.7312,351.2206,0.221925
-147.8956,1.7441,351.0462,0.222141
-148.3926,1.7570,350.8712,0.222357
-148.8369,1.7686,350.7150,0.222551
-149.3954,1.7832,350.5190,0.222795
-149.8447,1.7948,350.3613,0.222988
-150.3528,1.8081,350.1831,0.223213
-150.8067,1.8199,350.0238,0.223416
-151.3199,1.8333,349.8435,0.223643
-151.7784,1.8452,349.6823,0.223837
-152.2968,1.8587,349.5000,0.224061
-152.8179,1.8723,349.3167,0.224289
-153.3418,1.8859,349.1322,0.224532
-153.8685,1.8996,348.9467,0.224757
-154.3393,1.9123,348.7809,0.224961
-154.8713,1.9266,348.5934,0.225194
-155.4062,1.9410,348.4049,0.225423
-155.9438,1.9555,348.2155,0.225664
-156.4843,1.9700,348.0251,0.225900
-156.9672,1.9830,347.8549,0.226116
-157.5130,1.9977,347.6627,0.226353
-158.0617,2.0124,347.4695,0.226589
-158.6131,2.0273,347.2754,0.226834
-159.1674,2.0422,347.0803,0.227073
-159.6626,2.0555,346.9061,0.227292
-160.2222,2.0706,346.7093,0.227525
-160.7846,2.0857,346.5114,0.227775
-161.2870,2.0992,346.3348,0.227999
-161.8549,2.1145,346.1353,0.228243
-162.4256,2.1298,345.9350,0.228489
-162.9993,2.1453,345.7340,0.228746
-163.5760,2.1608,345.5323,0.228993
-164.0911,2.1746,345.3525,0.229221
-164.6735,2.1902,345.1498,0.229467
-165.2590,2.2060,344.9467,0.229726
-165.7819,2.2201,344.7657,0.229955
-166.3731,2.2363,344.5616,0.230212
-166.9672,2.2527,344.3571,0.230475
-167.5643,2.2691,344.1521,0.230736
-168.1643,2.2855,343.9467,0.230997
-168.7673,2.3021,343.7409,0.231256
-169.3731,2.3187,343.5346,0.231510
-169.9139,2.3335,343.3507,0.231756
-170.5247,2.3503,343.1430,0.232020
-171.1382,2.3671,342.9344,0.232285
-171.7544,2.3840,342.7247,0.232551
-172.3042,2.3991,342.5375,0.232799
-172.9253,2.4162,342.3260,0.233071
-173.5491,2.4333,342.1134,0.233340
-174.1755,2.4505,341.8998,0.233616
-174.8046,2.4677,341.6853,0.233890
-175.4365,2.4851,341.4697,0.234164
-176.0710,2.5025,341.2530,0.234439
-176.7082,2.5200,341.0353,0.234717
-177.2768,2.5356,340.8409,0.234975
-178.2054,2.5611,340.5233,0.235370
-178.8515,2.5788,340.3020,0.235656
-179.4284,2.5949,340.1049,0.235903
-180.0796,2.6131,339.8816,0.236194
-180.7334,2.6314,339.6572,0.236478
-181.3900,2.6498,339.4318,0.236770
-182.1225,2.6703,339.1800,0.237081
-182.7110,2.6868,338.9777,0.237347
-183.3754,2.7054,338.7491,0.237631
-184.0426,2.7241,338.5193,0.237921
-184.7125,2.7429,338.2886,0.238214
-185.3103,2.7597,338.0826,0.238483
-185.9856,2.7786,337.8500,0.238776
-186.5883,2.7955,337.6425,0.239036
-187.3452,2.8167,337.3824,0.239364
-187.9532,2.8337,337.1734,0.239629
-188.6403,2.8529,336.9376,0.239941
-189.2536,2.8701,336.7274,0.240199
-189.9467,2.8895,336.4906,0.240507
-190.6429,2.9090,336.2534,0.240802
-191.2645,2.9264,336.0424,0.241079
-191.9668,2.9460,335.8048,0.241381
-192.6724,2.9657,335.5670,0.241688
-193.3795,2.9855,335.3298,0.242000
-194.0078,3.0025,335.1204,0.242277
-194.7178,3.0188,334.8844,0.242581
-195.4267,3.0352,334.6497,0.242887
-196.1349,3.0515,334.4166,0.243192
-196.8436,3.0678,334.1847,0.243499
-197.5543,3.0842,333.9536,0.243812
-198.2672,3.1006,333.7231,0.244119
-198.9821,3.1170,333.4935,0.244431
-199.6192,3.1317,333.2901,0.244702
-200.3377,3.1482,333.0620,0.245023
-201.0582,3.1647,332.8348,0.245334
-201.7805,3.1813,332.6083,0.245645
-202.5048,3.1979,332.3827,0.245962
-203.2310,3.2145,332.1579,0.246274
-203.9592,3.2312,331.9339,0.246591
-204.6893,3.2479,331.7109,0.246910
-205.3398,3.2628,331.5132,0.247193
-206.0733,3.2796,331.2915,0.247519
-206.8085,3.2964,331.0703,0.247837
-207.5454,3.3132,330.8493,0.248156
-208.2016,3.3282,330.6531,0.248445
-209.0236,3.3469,330.4078,0.248813
-209.6826,3.3619,330.2113,0.249097
-210.3429,3.3769,330.0145,0.249385
-211.0873,3.3938,329.7927,0.249705
-211.8336,3.4108,329.5705,0.250033
-212.5816,3.4278,329.3479,0.250360
-213.3314,3.4449,329.1248,0.250693
-213.9995,3.4601,328.9260,0.250984
-214.6690,3.4753,328.7269,0.251272
-215.4240,3.4925,328.5023,0.251603
-216.1807,3.5097,328.2773,0.251931
-216.9393,3.5269,328.0518,0.252263
-217.6998,3.5442,327.8256,0.252593
-218.7165,3.5673,327.5232,0.253045
-219.4812,3.5847,327.2957,0.253370
-220.2478,3.6022,327.0676,0.253703
-220.9306,3.6177,326.8644,0.254009
-221.7006,3.6351,326.6353,0.254340
-222.4724,3.6525,326.4056,0.254672
-223.2460,3.6700,326.1753,0.255008
-224.0214,3.6876,325.9445,0.255345
-224.7986,3.7052,325.7132,0.255685
-225.5777,3.7228,325.4814,0.256025
-226.3586,3.7404,325.2490,0.256364
-227.0542,3.7562,325.0419,0.256662
-227.8385,3.7739,324.8085,0.257003
-228.6246,3.7917,324.5746,0.257344
-229.4126,3.8095,324.3401,0.257689
-230.2023,3.8274,324.1050,0.258032
-230.9058,3.8433,323.8957,0.258338
-232.1404,3.8712,323.5283,0.258871
-233.0248,3.8911,323.2652,0.259260
-233.9115,3.9111,323.0013,0.259647
-234.8004,3.9311,322.7369,0.260028
-235.6024,3.9491,322.4983,0.260375
-236.3167,3.9651,322.2858,0.260678
-237.2116,3.9852,322.0196,0.261068
-238.0188,4.0034,321.7794,0.261417
-238.8278,4.0216,321.5386,0.261775
-239.6386,4.0398,321.2972,0.262129
-240.4511,4.0580,321.0552,0.262475
-241.1747,4.0743,320.8396,0.262790
-242.0808,4.0947,320.5695,0.263180
-242.8969,4.1130,320.3262,0.263532
-243.7127,4.1312,320.0829,0.263883
-244.5270,4.1494,319.8399,0.264238
-245.3384,4.1675,319.5977,0.264592
-246.1460,4.1855,319.3567,0.264936
-246.8600,4.2014,319.1434,0.265244
-247.6586,4.2192,318.9048,0.265586
-248.4520,4.2369,318.6676,0.265931
-249.2400,4.2545,318.4318,0.266270
-250.0226,4.2719,318.1976,0.266609
-250.7996,4.2893,317.9649,0.266944
-251.5710,4.3065,317.7336,0.267273
-252.3368,4.3235,317.5039,0.267601
-253.0128,4.3385,317.3009,0.267898
-253.7682,4.3551,317.0739,0.268217
-254.5179,4.3717,316.8483,0.268544
-255.2620,4.3881,316.6243,0.268856
-256.0006,4.4044,316.4017,0.269183
-256.7336,4.4206,316.1807,0.269499
-257.4611,4.4367,315.9611,0.269815
-258.1829,4.4526,315.7428,0.270123
-258.8991,4.4684,315.5257,0.270434
-259.6097,4.4842,315.3099,0.270735
-260.2366,4.4980,315.1190,0.271007
-260.9366,4.5136,314.9051,0.271307
-261.6311,4.5291,314.6920,0.271606
-262.3200,4.5444,314.4796,0.271904
-262.9280,4.5578,314.2912,0.272168
-263.6072,4.5729,314.0797,0.272461
-264.2816,4.5879,313.8684,0.272757
-264.8770,4.6011,313.6807,0.273010
-265.5428,4.6159,313.4693,0.273301
-266.1311,4.6290,313.2813,0.273557
-266.7889,4.6436,313.0695,0.273839
-267.4428,4.6584,312.8572,0.274122
-268.0924,4.6732,312.6445,0.274405
-268.7378,4.6877,312.4310,0.274684
-269.3082,4.7005,312.2410,0.274933
-269.9459,4.7149,312.0266,0.275214
-270.6497,4.7308,311.7874,0.275520
-271.2090,4.7434,311.5953,0.275766
-271.8342,4.7575,311.3783,0.276040
-272.3862,4.7700,311.1843,0.276281
-273.0031,4.7839,310.9648,0.276558
-273.6152,4.7977,310.7432,0.276826
-274.2227,4.8112,310.5200,0.277090
-274.7586,4.8231,310.3198,0.277331
-275.4229,4.8379,310.0670,0.277627
-276.0149,4.8507,309.8369,0.277886
-276.5370,4.8617,309.6298,0.278122
-277.1836,4.8754,309.3678,0.278413
-277.7595,4.8874,309.1284,0.278676
-278.3297,4.8992,308.8859,0.278929
-278.8932,4.9105,308.6400,0.279191
-279.3281,4.9183,308.4460,0.279383
-279.9430,4.9293,308.1651,0.279667
-280.4900,4.9392,307.9084,0.279922
-281.0304,4.9489,307.6476,0.280171
-281.5636,4.9582,307.3830,0.280421
-282.0327,4.9649,307.1439,0.280640
-282.5542,4.9725,306.8710,0.280884
-283.0688,4.9800,306.5940,0.281132
-283.5761,4.9874,306.3126,0.281370
-284.0760,4.9947,306.0266,0.281610
-284.5672,5.0012,305.7368,0.281847
-284.9992,5.0050,305.4749,0.282056
-285.4260,5.0088,305.2100,0.282264
-286.1072,5.0150,304.7733,0.282600
-286.5185,5.0187,304.5006,0.282805
-286.9740,5.0229,304.1899,0.283030
-287.4202,5.0267,303.8765,0.283257
-287.8615,5.0272,303.5583,0.283475
-288.2487,5.0276,303.2729,0.283668
-288.7257,5.0282,302.9132,0.283907
-289.1012,5.0286,302.6230,0.284101
-289.4713,5.0290,302.3310,0.284291
-289.9274,5.0296,301.9635,0.284518
-290.3319,5.0279,301.6320,0.284724
-290.7341,5.0261,301.2994,0.284929
-291.1333,5.0242,300.9673,0.285129
-291.5310,5.0224,300.6360,0.285330
-291.9287,5.0206,300.3066,0.285532
-292.3267,5.0187,299.9799,0.285723
-292.6818,5.0164,299.6919,0.285895
-293.1269,5.0135,299.3357,0.286110
-293.4842,5.0111,299.0544,0.286279
-293.8879,5.0085,298.7425,0.286464
-294.2939,5.0059,298.4365,0.286652
-294.6575,5.0036,298.1697,0.286815
-295.0688,5.0019,297.8766,0.286998
-295.4835,5.0002,297.5911,0.287182
-295.9015,4.9986,297.3134,0.287361
-296.3230,4.9969,297.0439,0.287542
-296.7950,4.9951,296.7542,0.287740
-297.2244,4.9947,296.5019,0.287919
-297.6556,4.9957,296.2600,0.288094
-298.0898,4.9967,296.0279,0.288274
-298.4781,4.9975,295.8296,0.288432
-298.9171,4.9985,295.6154,0.288607
-299.4072,4.9995,295.3881,0.288794
-299.8029,5.0018,295.2139,0.288954
-300.2471,5.0063,295.0288,0.289128
-300.6935,5.0108,294.8547,0.289288
-301.1417,5.0155,294.6907,0.289451
-301.5916,5.0201,294.5364,0.289633
-302.0431,5.0247,294.3916,0.289802
-302.4974,5.0297,294.2556,0.289969
-302.9515,5.0365,294.1296,0.290134
-303.4066,5.0434,294.0141,0.290299
-303.8624,5.0502,293.9089,0.290470
-304.3193,5.0573,293.8137,0.290631
-304.7258,5.0637,293.7365,0.290784
-305.1837,5.0708,293.6583,0.290941
-305.5910,5.0772,293.5966,0.291090
-306.0488,5.0845,293.5362,0.291257
-306.5060,5.0918,293.4856,0.291417
-306.9624,5.0990,293.4445,0.291585
-307.4181,5.1063,293.4131,0.291757
-307.8221,5.1130,293.3924,0.291897
-308.2753,5.1206,293.3780,0.292059
-308.7260,5.1275,293.3733,0.292224
-309.1762,5.1335,293.3776,0.292375
-309.6243,5.1395,293.3908,0.292543
-310.0702,5.1455,293.4126,0.292715
-310.5138,5.1514,293.4431,0.292869
-310.9064,5.1569,293.4779,0.293012
-311.3455,5.1631,293.5249,0.293175
-311.7342,5.1686,293.5736,0.293321
-312.1679,5.1729,293.6357,0.293480
-312.6017,5.1765,293.7042,0.293634
-313.0336,5.1800,293.7783,0.293790
-313.4635,5.1836,293.8573,0.293950
-313.8915,5.1872,293.9410,0.294111
-314.4597,5.1921,294.0580,0.294327
-314.8844,5.1958,294.1490,0.294485
-315.3059,5.1991,294.2417,0.294646
-315.7297,5.1992,294.3359,0.294809
-316.1063,5.1993,294.4203,0.294956
-316.4828,5.1994,294.5053,0.295099
-316.9066,5.1995,294.6013,0.295264
-317.3309,5.1996,294.6976,0.295427
-317.7088,5.1997,294.7831,0.295574
-318.1350,5.1998,294.8793,0.295743
-318.5625,5.2000,294.9750,0.295916
-318.9412,5.1984,295.0591,0.296060
-319.3715,5.1949,295.1535,0.296234
-319.8033,5.1915,295.2467,0.296414
-320.2369,5.1880,295.3388,0.296581
-320.6722,5.1845,295.4295,0.296754
-321.1094,5.1810,295.5185,0.296928
-321.5485,5.1775,295.6057,0.297107
-321.9406,5.1744,295.6817,0.297274
-322.3818,5.1695,295.7653,0.297458
-322.8271,5.1632,295.8474,0.297635
-323.2248,5.1576,295.9189,0.297801
-323.7242,5.1506,296.0067,0.298007
-324.1761,5.1443,296.0837,0.298195
-324.6304,5.1380,296.1590,0.298387
-325.0360,5.1324,296.2243,0.298556
-325.4434,5.1267,296.2882,0.298727
-325.9025,5.1185,296.3583,0.298913
-326.3654,5.1099,296.4268,0.299107
-326.7787,5.1023,296.4863,0.299281
-327.2460,5.0937,296.5517,0.299473
-327.6632,5.0860,296.6083,0.299657
-328.1346,5.0773,296.6705,0.299843
-328.5557,5.0694,296.7240,0.300018
-329.0308,5.0603,296.7823,0.300218
-329.5090,5.0502,296.8387,0.300420
-329.9359,5.0411,296.8876,0.300601
-330.4179,5.0311,296.9403,0.300802
-330.9018,5.0210,296.9910,0.301000
-331.3333,5.0119,297.0344,0.301182
-331.8191,5.0018,297.0808,0.301383
-332.2508,4.9928,297.1201,0.301567
-332.7366,4.9826,297.1618,0.301769
-333.1684,4.9736,297.1968,0.301948
-333.6543,4.9635,297.2337,0.302151
-334.1400,4.9534,297.2680,0.302358
-334.5719,4.9444,297.2964,0.302540
-335.0606,4.9343,297.3261,0.302743
-335.4994,4.9252,297.3511,0.302927
-335.9971,4.9148,297.3769,0.303134
-336.4974,4.9044,297.3994,0.303346
-337.0001,4.9045,297.4171,0.303561
-337.5040,4.8949,297.4312,0.303771
-338.0094,4.8853,297.4417,0.303985
-338.4602,4.8769,297.4478,0.304173
-338.9692,4.8674,297.4518,0.304386
-339.4804,4.8579,297.4523,0.304601
-339.9938,4.8484,297.4499,0.304815
-340.5093,4.7905,297.4457,0.305030
-340.9689,4.7794,297.4396,0.305227
-341.4291,4.7687,297.4320,0.305418
-342.0060,4.7563,297.4193,0.305662
-342.5270,4.7467,297.4042,0.305880
-342.9920,4.7390,297.3875,0.306074
-343.5182,4.7312,297.3652,0.306298
-344.0469,4.7244,297.3397,0.306522
-344.5191,4.7190,297.3138,0.306715
-345.0530,4.7135,297.2809,0.306940
-345.5897,4.7086,297.2451,0.307165
-346.1288,4.7039,297.2068,0.307392
-346.6098,4.6996,297.1714,0.307594
-347.1529,4.6943,297.1304,0.307825
-347.6983,4.6883,297.0883,0.308053
-348.2459,4.6812,297.0450,0.308279
-348.7957,4.6727,297.0006,0.308507
-349.3476,4.6627,296.9551,0.308740
-349.8399,4.6524,296.9135,0.308947
-350.3962,4.6651,296.8659,0.309182
-350.9550,4.6555,296.8170,0.309418
-351.7663,4.6415,296.7446,0.309755
-352.2677,4.6328,296.6990,0.309961
-352.8338,4.6230,296.6467,0.310202
-353.4017,4.6132,296.5926,0.310438
-353.9711,4.6034,296.5361,0.310678
-354.5420,4.5935,296.4774,0.310917
-355.1145,4.5837,296.4160,0.311158
-355.6885,4.5738,296.3518,0.311395
-356.2641,4.5639,296.2843,0.311641
-356.8411,4.5439,296.2136,0.311881
-357.4195,4.5339,296.1395,0.312124
-357.9997,4.5239,296.0625,0.312369
-358.5171,4.5150,295.9913,0.312588
-359.1009,4.5049,295.9083,0.312832
-359.6866,4.4948,295.8228,0.313079
-360.2091,4.4857,295.7450,0.313301
-360.7990,4.4755,295.6557,0.313553
-361.3251,4.4664,295.5747,0.313770
-361.9191,4.4562,295.4816,0.314023
-362.5153,4.4459,295.3865,0.314271
-363.0469,4.4369,295.3003,0.314496
-363.6469,4.4266,295.2017,0.314751
-364.2490,4.4163,295.1010,0.315004
-364.8532,4.4059,294.9983,0.315263
-365.4595,4.3954,294.8936,0.315516
-366.0679,4.3850,294.7870,0.315772
-366.6786,4.3744,294.6786,0.316030
-367.2915,4.3639,294.5685,0.316288
-367.8383,4.3544,294.4696,0.316521
-368.4558,4.3438,294.3572,0.316782
-369.0757,4.3331,294.2437,0.317042
-369.6981,4.3223,294.1289,0.317306
-370.2533,4.3128,294.0259,0.317535
-370.8802,4.3021,293.9087,0.317806
-371.5093,4.2914,293.7900,0.318067
-372.1405,4.2806,293.6696,0.318335
-372.7739,4.2698,293.5475,0.318604
-373.3387,4.2602,293.4377,0.318841
-373.9762,4.2492,293.3123,0.319110
-374.6159,4.2382,293.1852,0.319376
-375.1864,4.2284,293.0706,0.319623
-375.8303,4.2174,292.9402,0.319893
-376.4766,4.2062,292.8080,0.320167
-377.0529,4.1963,292.6892,0.320410
-377.7037,4.1851,292.5540,0.320689
-378.2841,4.1751,292.4325,0.320935
-378.9392,4.1639,292.2945,0.321210
-379.5969,4.1526,292.1548,0.321491
-380.2568,4.1414,292.0137,0.321773
-380.8454,4.1314,291.8869,0.322018
-381.5099,4.1201,291.7430,0.322304
-382.1767,4.1087,291.5976,0.322587
-382.7714,4.0986,291.4672,0.322840
-383.4428,4.0871,291.3194,0.323125
-384.0416,4.0768,291.1869,0.323378
-384.7175,4.0652,291.0367,0.323668
-385.3959,4.0536,290.8852,0.323953
-386.0009,4.0432,290.7497,0.324210
-386.6841,4.0315,290.5963,0.324504
-387.3698,4.0198,290.4421,0.324792
-388.0581,4.0080,290.2871,0.325079
-388.7497,3.9966,290.1314,0.325377
-389.3661,3.9875,289.9928,0.325639
-390.0622,3.9772,289.8364,0.325933
-390.7609,3.9669,289.6795,0.326231
-391.3840,3.9577,289.5396,0.326491
-392.0872,3.9473,289.3816,0.326790
-392.7925,3.9368,289.2227,0.327091
-393.4213,3.9275,289.0806,0.327356
-394.1308,3.9170,288.9198,0.327653
-394.8425,3.9065,288.7577,0.327957
-395.5563,3.8959,288.5944,0.328266
-396.2723,3.8853,288.4299,0.328578
-396.9906,3.8747,288.2641,0.328875
-397.7110,3.8640,288.0969,0.329184
-398.3533,3.8545,287.9473,0.329454
-399.0779,3.8438,287.7776,0.329764
-399.8048,3.8330,287.6065,0.330070
-400.5338,3.8222,287.4341,0.330382
-401.2651,3.8113,287.2602,0.330696
-401.9170,3.8016,287.1044,0.330977
-402.6524,3.7907,286.9277,0.331291
-403.3901,3.7798,286.7496,0.331608
-404.0476,3.7700,286.5900,0.331884
-404.7893,3.7590,286.4091,0.332200
-405.5333,3.7479,286.2266,0.332518
-406.2794,3.7368,286.0427,0.332837
-407.0278,3.7257,285.8574,0.333160
-407.7784,3.7146,285.6708,0.333484
-408.5313,3.7034,285.4828,0.333801
-409.2867,3.6921,285.2935,0.334127
-410.0443,3.6809,285.1028,0.334448
-410.7198,3.6708,284.9322,0.334731
-411.4819,3.6595,284.7390,0.335060
-412.2464,3.6481,284.5444,0.335392
-413.0135,3.6366,284.3485,0.335717
-413.7834,3.6251,284.1516,0.336050
-414.5558,3.6136,283.9538,0.336371
-415.3310,3.6021,283.7554,0.336711
-416.0224,3.5918,283.5787,0.337005
-416.8887,3.5789,283.3581,0.337374
-417.5827,3.5686,283.1821,0.337677
-418.4525,3.5556,282.9622,0.338050
-419.1477,3.5453,282.7872,0.338346
-419.9289,3.5337,282.5913,0.338678
-420.7104,3.5221,282.3959,0.339016
-421.4940,3.5104,282.2006,0.339346
-422.1924,3.5000,282.0270,0.339646
-422.9802,3.4883,281.8317,0.339983
-423.8578,3.4753,281.6148,0.340352
-424.5618,3.4648,281.4414,0.340656
-425.4438,3.4517,281.2250,0.341033
-426.1509,3.4412,281.0521,0.341337
-426.9480,3.4293,280.8577,0.341669
-427.7468,3.4175,280.6635,0.342015
-428.4581,3.4069,280.4908,0.342317
-429.2598,3.3950,280.2964,0.342663
-430.0628,3.3831,280.1015,0.343005
-430.7779,3.3725,279.9280,0.343312
-431.5836,3.3606,279.7322,0.343660
-432.3909,3.3486,279.5361,0.343996
-433.1097,3.3379,279.3613,0.344307
-434.0098,3.3245,279.1422,0.344688
-434.7312,3.3138,278.9665,0.344992
-435.5442,3.3017,278.7683,0.345345
-436.3587,3.2896,278.5695,0.345697
-437.2655,3.2762,278.3479,0.346083
-437.9922,3.2654,278.1700,0.346391
-438.8111,3.2532,277.9693,0.346747
-439.6316,3.2410,277.7679,0.347099
-440.4535,3.2288,277.5657,0.347450
-441.1853,3.2180,277.3855,0.347760
-442.0100,3.2057,277.1821,0.348117
-442.8362,3.1934,276.9780,0.348471
-443.6639,3.1811,276.7731,0.348825
-444.4008,3.1702,276.5905,0.349143
-445.2312,3.1578,276.3842,0.349489
-446.0631,3.1455,276.1774,0.349852
-446.8962,3.1331,275.9698,0.350206
-447.6377,3.1220,275.7848,0.350528
-448.4727,3.1096,275.5760,0.350890
-449.3089,3.0972,275.3667,0.351246
-450.0530,3.0861,275.1801,0.351560
-450.8912,3.0736,274.9696,0.351922
-451.7303,3.0611,274.7584,0.352280
-452.4771,3.0500,274.5702,0.352600
-453.3182,3.0375,274.3579,0.352956
-454.1603,3.0250,274.1449,0.353316
-455.0038,3.0124,273.9312,0.353686
-455.8491,2.9998,273.7166,0.354044
-456.6955,2.9888,273.5015,0.354405
-457.5435,2.9777,273.2856,0.354768
-458.3933,2.9667,273.0688,0.355132
-459.2448,2.9555,272.8512,0.355501
-460.0981,2.9444,272.6328,0.355866
-460.9532,2.9332,272.4135,0.356237
-461.8103,2.9220,272.1933,0.356601
-462.5737,2.9120,271.9970,0.356932
-463.4344,2.9008,271.7752,0.357300
-464.2971,2.8895,271.5526,0.357669
-465.0657,2.8795,271.3540,0.357998
-465.8360,2.8694,271.1546,0.358326
-466.7044,2.8581,270.9295,0.358700
-467.5749,2.8467,270.7034,0.359075
-468.3505,2.8365,270.5017,0.359403
-469.2251,2.8251,270.2737,0.359774
-470.1017,2.8136,270.0448,0.360150
-470.9805,2.8021,269.8148,0.360529
-471.8615,2.7906,269.5839,0.360911
-472.6463,2.7803,269.3778,0.361250
-473.5313,2.7688,269.1450,0.361635
-474.4185,2.7573,268.9109,0.362006
-475.3078,2.7460,268.6759,0.362389
-476.1993,2.7346,268.4398,0.362771
-477.0929,2.7232,268.2027,0.363148
-477.8890,2.7131,267.9910,0.363496
-478.7866,2.7016,267.7518,0.363882
-479.5864,2.6914,267.5384,0.364220
-480.4883,2.6799,267.2973,0.364611
-481.3926,2.6684,267.0556,0.365000
-482.2993,2.6568,266.8134,0.365389
-483.1074,2.6465,266.5979,0.365740
-484.0187,2.6348,266.3551,0.366130
-484.9328,2.6232,266.1122,0.366518
-485.8491,2.6115,265.8692,0.366915
-486.7681,2.5998,265.6261,0.367308
-487.6894,2.5880,265.3828,0.367707
-488.5103,2.5776,265.1666,0.368058
-489.4361,2.5658,264.9233,0.368456
-490.3643,2.5540,264.6797,0.368845
-491.2946,2.5425,264.4360,0.369249
-492.2273,2.5310,264.1921,0.369655
-493.1621,2.5195,263.9480,0.370055
-493.9950,2.5093,263.7308,0.370411
-495.0386,2.4964,263.4590,0.370854
-495.8755,2.4861,263.2414,0.371216
-496.8190,2.4745,262.9962,0.371621
-497.7646,2.4628,262.7505,0.372026
-498.7124,2.4512,262.5042,0.372430
-499.5565,2.4408,262.2845,0.372787
-500.5081,2.4291,262.0367,0.373204
-501.4618,2.4173,261.7879,0.373608
-502.3112,2.4068,261.5660,0.373970
-503.6948,2.3898,261.2038,0.374565
-504.6552,2.3780,260.9518,0.374975
-505.6178,2.3665,260.6986,0.375389
-506.5823,2.3551,260.4444,0.375796
-507.4413,2.3450,260.2174,0.376175
-508.4095,2.3336,259.9610,0.376581
-509.3792,2.3221,259.7034,0.376999
-510.3495,2.3107,259.4449,0.377414
-511.2119,2.3005,259.2147,0.377785
-512.1813,2.2891,258.9551,0.378195
-513.1491,2.2777,258.6953,0.378612
-514.1141,2.2663,258.4355,0.379028
-515.0751,2.2549,258.1760,0.379435
-516.0308,2.2436,257.9173,0.379843
-516.8752,2.2337,257.6883,0.380211
-517.8195,2.2225,257.4317,0.380614
-518.6534,2.2132,257.2047,0.380972
-519.5853,2.2029,256.9506,0.381368
-520.5106,2.1926,256.6978,0.381763
-521.4293,2.1824,256.4462,0.382152
-522.2405,2.1734,256.2236,0.382506
-523.1470,2.1633,255.9745,0.382893
-524.0470,2.1533,255.7267,0.383284
-524.8414,2.1445,255.5076,0.383629
-525.7289,2.1346,255.2624,0.384017
-526.6099,2.1248,255.0187,0.384389
-527.4843,2.1151,254.7765,0.384760
-528.2560,2.1065,254.5623,0.385096
-529.1182,2.0969,254.3227,0.385479
-529.9736,2.0882,254.0847,0.385847
-530.7285,2.0806,253.8744,0.386179
-531.7581,2.0701,253.5871,0.386620
-532.5006,2.0625,253.3796,0.386941
-533.6965,2.0503,253.0448,0.387482
-534.4257,2.0429,252.8404,0.387801
-535.2400,2.0346,252.6119,0.388155
-536.0478,2.0264,252.3849,0.388523
-536.7606,2.0191,252.1843,0.388848
-537.5566,2.0110,251.9602,0.389198
-538.3461,2.0030,251.7376,0.389568
-539.1301,1.9963,251.5163,0.389927
-539.9070,1.9904,251.2969,0.390290
-540.6776,1.9846,251.0789,0.390661
-541.3572,1.9794,250.8864,0.390986
-542.1158,1.9737,250.6712,0.391356
-542.8680,1.9680,250.4577,0.391722
-543.5314,1.9630,250.2691,0.392049
-544.2714,1.9574,250.0586,0.392422
-545.0049,1.9518,249.8497,0.392799
-545.7314,1.9463,249.6425,0.393156
-546.4525,1.9434,249.4366,0.393504
-547.1646,1.9418,249.2326,0.393841
-547.7910,1.9405,249.0522,0.394131
-548.4109,1.9391,248.8725,0.394405
-549.1767,1.9374,248.6486,0.394755
-549.8566,1.9359,248.4477,0.395072
-550.4536,1.9346,248.2695,0.395328
-551.1189,1.9339,248.0688,0.395629
-551.7004,1.9368,247.8913,0.395894
-552.6290,1.9415,247.6021,0.396308
-553.1899,1.9443,247.4230,0.396573
-553.8796,1.9477,247.1978,0.396878
-554.6915,1.9546,246.9242,0.397260
-555.2851,1.9621,246.7175,0.397525
-555.8030,1.9685,246.5313,0.397771
-556.3755,1.9756,246.3192,0.398040
-556.8760,1.9819,246.1286,0.398267
-557.4300,1.9889,245.9127,0.398515
-558.0341,1.9965,245.6718,0.398791
-558.5056,2.0000,245.4804,0.399008
-559.0319,2.0000,245.2633,0.399243
-559.5507,2.0000,245.0470,0.399472
-559.9493,2.0000,244.8796,0.399651
-560.5073,1.9973,244.6436,0.399905
-561.0043,1.9911,244.4311,0.400121
-561.4952,1.9850,244.2199,0.400339
-561.9802,1.9791,244.0104,0.400543
-562.4540,1.9708,243.8050,0.400752
-562.9227,1.9591,243.5998,0.400951
-563.3343,1.9493,243.4195,0.401129
-563.7873,1.9388,243.2198,0.401322
-564.2349,1.9248,243.0206,0.401513
-564.6741,1.9095,242.8258,0.401698
-565.1064,1.8943,242.6309,0.401881
-565.4842,1.8815,242.4603,0.402040
-565.9022,1.8673,242.2705,0.402214
-566.3139,1.8540,242.0830,0.402388
-566.6700,1.8448,241.9188,0.402539
-567.0621,1.8345,241.7364,0.402704
-567.4451,1.8244,241.5564,0.402863
-567.8211,1.8186,241.3759,0.403019
-568.1450,1.8137,241.2207,0.403158
-568.5000,1.8083,241.0486,0.403307
-568.8449,1.8031,240.8790,0.403457
-569.1815,1.7991,240.7095,0.403598
-569.4710,1.7973,240.5629,0.403724
-569.7876,1.7952,240.4003,0.403860
-570.1288,1.7930,240.2224,0.404022
-570.4265,1.7911,240.0648,0.404149
-570.7153,1.7892,239.9095,0.404279
-570.9963,1.7881,239.7549,0.404408
-571.2683,1.7877,239.6033,0.404528
-571.5323,1.7872,239.4528,0.404663
-571.8163,1.7867,239.2859,0.404796
-572.0358,1.7863,239.1517,0.404896
-572.3005,1.7858,238.9814,0.405027
-572.5300,1.7853,238.8244,0.405147
-572.7525,1.7854,238.6621,0.405266
-572.9672,1.7857,238.4959,0.405387
-573.1977,1.7861,238.3056,0.405509
-573.3976,1.7864,238.1294,0.405627
-573.5693,1.7867,237.9691,0.405733
-573.7750,1.7870,237.7643,0.405861
-573.9693,1.7874,237.5551,0.405981
-574.1162,1.7879,237.3845,0.406088
-574.2720,1.7887,237.1903,0.406198
-574.4355,1.7895,236.9712,0.406318
-574.5759,1.7902,236.7714,0.406434
-574.6961,1.7909,236.5923,0.406525
-574.8411,1.7917,236.3664,0.406643
-574.9670,1.7924,236.1615,0.406751
-575.1018,1.7933,235.9321,0.406880
-575.2186,1.7941,235.7243,0.406987
-575.3313,1.7949,235.5154,0.407087
-575.4515,1.7957,235.2817,0.407201
-575.5439,1.7964,235.0936,0.407302
-575.6550,1.7973,234.8569,0.407411
-575.7509,1.7979,234.6427,0.407514
-575.8441,1.7983,234.4265,0.407618
-575.9346,1.7987,234.2088,0.407720
-576.0228,1.7991,233.9896,0.407822
-576.1089,1.7995,233.7690,0.407920
-576.1935,1.8000,233.5473,0.408019
-576.2762,1.8000,233.3248,0.408110
-576.3580,1.8000,233.1008,0.408209
-576.4389,1.8000,232.8756,0.408303
-576.5193,1.8000,232.6494,0.408402
-576.6000,1.8000,232.4223,0.408498
-576.6719,1.8000,232.2200,0.408576
-576.7445,1.8000,232.0171,0.408661
-576.8359,1.8000,231.7629,0.408766
-576.9097,1.8000,231.5588,0.408845
-576.9937,1.8000,231.3287,0.408941
-577.0788,1.8000,231.0979,0.409032
-577.1656,1.8000,230.8669,0.409118
-577.2444,1.8000,230.6612,0.409200
-577.3453,1.8000,230.4040,0.409294
-577.4283,1.8000,230.1981,0.409374
-577.5247,1.8000,229.9666,0.409462
-577.6242,1.8000,229.7354,0.409549
-577.7151,1.8000,229.5302,0.409627
-577.8204,1.8000,229.2997,0.409712
-577.9293,1.8000,229.0699,0.409798
-578.0422,1.8000,228.8409,0.409885
-578.1591,1.8000,228.6129,0.409971
-578.2666,1.8000,228.4113,0.410044
-578.3918,1.8000,228.1859,0.410128
-578.5215,1.8000,227.9620,0.410210
-578.6556,1.8000,227.7399,0.410299
-578.7789,1.8000,227.5440,0.410375
-578.9218,1.8002,227.3260,0.410460
-579.0861,1.8005,227.0867,0.410555
-579.2388,1.8007,226.8739,0.410638
-579.3784,1.8010,226.6868,0.410711
-579.5397,1.8013,226.4790,0.410801
-579.7055,1.8018,226.2742,0.410878
-579.8759,1.8022,226.0727,0.410966
-580.0510,1.8027,225.8749,0.411049
-580.2306,1.8031,225.6810,0.411133
-580.4148,1.8036,225.4912,0.411215
-580.6036,1.8039,225.3058,0.411301
-580.7969,1.8043,225.1249,0.411387
-580.9944,1.8047,224.9486,0.411468
-581.1962,1.8050,224.7773,0.411552
-581.4020,1.8054,224.6108,0.411635
-581.6115,1.8058,224.4493,0.411715
-581.8247,1.8062,224.2928,0.411800
-582.0411,1.8064,224.1413,0.411882
-582.2610,1.8065,223.9948,0.411963
-582.4841,1.8067,223.8532,0.412049
-582.7101,1.8068,223.7165,0.412126
-582.9389,1.8070,223.5848,0.412210
-583.1962,1.8072,223.4443,0.412305
-583.4304,1.8073,223.3232,0.412392
-583.6667,1.8073,223.2073,0.412475
-583.9054,1.8072,223.0967,0.412554
-584.1462,1.8070,222.9914,0.412639
-584.3890,1.8068,222.8915,0.412722
-584.6609,1.8066,222.7867,0.412811
-584.8799,1.8064,222.7077,0.412885
-585.1553,1.8062,222.6150,0.412976
-585.3768,1.8060,222.5457,0.413047
-585.6274,1.8058,222.4729,0.413133
-585.8786,1.8054,222.4054,0.413215
-586.1599,1.8047,222.3369,0.413305
-586.4144,1.8041,222.2807,0.413383
-586.6705,1.8035,222.2299,0.413467
-586.8993,1.8030,222.1891,0.413542
-587.1580,1.8024,222.1482,0.413624
-587.4178,1.8017,222.1125,0.413709
-587.6787,1.8011,222.0820,0.413792
-587.9407,1.8005,222.0568,0.413872
-588.2030,1.7997,222.0367,0.413960
-588.4372,1.7988,222.0233,0.414032
-588.7013,1.7977,222.0128,0.414111
-588.9659,1.7966,222.0073,0.414195
-589.2311,1.7956,222.0064,0.414279
-589.4672,1.7946,222.0096,0.414356
-589.7330,1.7935,222.0176,0.414438
-589.9994,1.7924,222.0302,0.414527
-590.2365,1.7914,222.0454,0.414605
-590.5035,1.7903,222.0667,0.414695
-590.8003,1.7891,222.0957,0.414788
-591.0678,1.7877,222.1268,0.414875
-591.3058,1.7864,222.1583,0.414955
-591.5737,1.7850,222.1980,0.415043
-591.8415,1.7836,222.2425,0.415138
-592.0796,1.7823,222.2858,0.415223
-592.3474,1.7808,222.3386,0.415314
-592.5853,1.7795,222.3892,0.415395
-592.8528,1.7780,222.4500,0.415487
-593.1202,1.7766,222.5149,0.415585
-593.3575,1.7752,222.5758,0.415665
-593.6243,1.7737,222.6479,0.415762
-593.8910,1.7720,222.7236,0.415859
-594.1575,1.7703,222.8027,0.415953
-594.3941,1.7688,222.8757,0.416042
-594.6306,1.7673,222.9514,0.416131
-594.8964,1.7656,223.0393,0.416230
-595.1619,1.7639,223.1302,0.416335
-595.3979,1.7623,223.2134,0.416421
-595.6631,1.7606,223.3095,0.416526
-595.9284,1.7588,223.4083,0.416626
-596.1638,1.7573,223.4984,0.416720
-596.4286,1.7555,223.6020,0.416822
-596.6641,1.7538,223.6963,0.416916
-596.9290,1.7519,223.8046,0.417025
-597.1643,1.7501,223.9028,0.417124
-597.4291,1.7482,224.0154,0.417228
-597.6645,1.7465,224.1171,0.417325
-597.9293,1.7446,224.2331,0.417435
-598.1644,1.7429,224.3376,0.417534
-598.4284,1.7409,224.4562,0.417646
-598.6918,1.7390,224.5759,0.417759
-598.9253,1.7373,224.6832,0.417857
-599.1868,1.7352,224.8047,0.417967
-599.4473,1.7331,224.9270,0.418082
-599.7067,1.7311,225.0497,0.418192
-599.9363,1.7293,225.1588,0.418295
-600.1938,1.7272,225.2815,0.418414
-600.4502,1.7252,225.4039,0.418526
-600.7059,1.7232,225.5256,0.418638
-600.9609,1.7310,225.6468,0.418754
-601.1871,1.7292,225.7538,0.418860
-601.4406,1.7173,225.8733,0.418972
-601.6660,1.7155,225.9779,0.419074
-601.9192,1.7134,226.0938,0.419188
-602.1442,1.7115,226.1946,0.419293
-602.3972,1.7094,226.3056,0.419405
-602.6504,1.7073,226.4140,0.419517
-602.8758,1.7055,226.5081,0.419621
-603.1302,1.7034,226.6112,0.419738
-603.3854,1.7013,226.7113,0.419853
-603.6126,1.6994,226.7972,0.419955
-603.8694,1.6970,226.8904,0.420069
-604.1274,1.6946,226.9800,0.420184
-604.5023,1.6911,227.1026,0.420356
-604.7637,1.6887,227.1822,0.420471
-604.9973,1.6866,227.2491,0.420575
-605.2617,1.6842,227.3199,0.420691
-605.5269,1.6819,227.3859,0.420812
-605.7943,1.6790,227.4471,0.420932
-606.0334,1.6864,227.4976,0.421034
-606.3037,1.6835,227.5497,0.421154
-606.5452,1.6810,227.5927,0.421261
-606.8183,1.6781,227.6373,0.421381
-607.0623,1.6755,227.6735,0.421489
-607.3379,1.6725,227.7102,0.421607
-607.6147,1.6465,227.7426,0.421729
-607.8669,1.6635,227.7437,0.421838
-608.1512,1.6757,227.7451,0.421960
-608.4002,1.6784,227.7608,0.422068
-608.7122,1.6827,227.7742,0.422205
-608.9538,1.6660,227.7988,0.422314
-609.2355,1.6638,227.8026,0.422437
-609.5022,1.6695,227.7829,0.422548
-609.7837,1.6827,227.7767,0.422670
-610.0326,1.6647,227.7865,0.422780
-610.3302,1.6726,227.7526,0.422918
-610.5836,1.6768,227.7169,0.423027
-611.0156,1.6541,227.6865,0.423216
-611.2612,1.6590,227.6525,0.423327
-611.5533,1.6692,227.5813,0.423467
-611.9142,1.6351,227.5314,0.423626
-612.1551,1.6289,227.4788,0.423735
-612.4290,1.6297,227.3878,0.423859
-612.7074,1.6164,227.3401,0.423981
-612.9534,1.6145,227.2601,0.424102
-613.1743,1.6097,227.2301,0.424199
-613.4648,1.6063,227.1306,0.424336
-613.6954,1.6034,227.0446,0.424445
-613.9515,1.5894,226.9401,0.424567
-614.2050,1.5857,226.8293,0.424687
-614.4547,1.5820,226.7118,0.424810
-614.6736,1.5787,226.6025,0.424920
-614.9147,1.5736,226.4749,0.425041
-615.1810,1.5675,226.3242,0.425176
-615.3911,1.5623,226.1995,0.425284
-615.6248,1.5563,226.0526,0.425407
-615.8301,1.5510,225.9168,0.425512
-616.0580,1.5450,225.7587,0.425635
-616.2592,1.5399,225.6126,0.425745
-616.6025,1.5328,225.3471,0.425936
-616.7950,1.5287,225.1891,0.426044
-617.0089,1.5241,225.0068,0.426169
-617.2201,1.5196,224.8201,0.426295
-617.4058,1.5154,224.6511,0.426403
-617.6125,1.5103,224.4558,0.426527
-617.8202,1.5059,224.2533,0.426658
-618.0232,1.5043,224.0490,0.426787
-618.2017,1.5028,223.8637,0.426900
-618.4005,1.5012,223.6510,0.427026
-618.5974,1.4995,223.4341,0.427153
-618.7924,1.4979,223.2132,0.427287
-618.9858,1.4962,222.9885,0.427420
-619.1564,1.4947,222.7857,0.427537
-619.3467,1.4931,222.5538,0.427674
-619.5385,1.4944,222.3146,0.427804
-619.7046,1.4969,222.1009,0.427927
-619.8893,1.4996,221.8566,0.428062
-620.0720,1.5024,221.6082,0.428202
-620.2331,1.5049,221.3841,0.428326
-620.4130,1.5077,221.1286,0.428464
-620.5919,1.5105,220.8693,0.428610
-620.7501,1.5131,220.6357,0.428737
-620.9276,1.5160,220.3695,0.428880
-621.1074,1.5209,220.0954,0.429033
-621.2836,1.5291,219.8216,0.429172
-621.4394,1.5365,219.5751,0.429303
-621.6140,1.5448,219.2944,0.429460
-621.7875,1.5534,219.0095,0.429619
-621.9611,1.5623,218.7217,0.429763
-622.1150,1.5703,218.4630,0.429915
-622.2877,1.5793,218.1686,0.430057
-622.4597,1.5884,217.8705,0.430224
-622.6311,1.5976,217.5685,0.430378
-622.7845,1.6085,217.2938,0.430526
-622.9540,1.6219,216.9845,0.430690
-623.1221,1.6354,216.6712,0.430855
-623.2888,1.6490,216.3540,0.431010
-623.4543,1.6627,216.0331,0.431186
-623.6188,1.6765,215.7084,0.431359
-623.7637,1.6893,215.4159,0.431507
-623.9266,1.7039,215.0843,0.431673
-624.0889,1.7186,214.7490,0.431848
-624.2504,1.7334,214.4100,0.432027
-624.4119,1.7500,214.0661,0.432200
-624.5721,1.7669,213.7201,0.432375
-624.7316,1.7839,213.3706,0.432550
-624.8727,1.7992,213.0569,0.432709
-625.0309,1.8164,212.7008,0.432885
-625.2579,1.8416,212.1803,0.433158
-625.4136,1.8596,211.8150,0.433341
-625.5691,1.8778,211.4471,0.433513
-625.7065,1.8942,211.1173,0.433680
-625.8606,1.9129,210.7418,0.433863
-626.0132,1.9333,210.3642,0.434048
-626.1647,1.9537,209.9831,0.434236
-626.3151,1.9743,209.5986,0.434429
-626.5305,2.0043,209.0372,0.434694
-626.6785,2.0253,208.6446,0.434869
-626.8256,2.0464,208.2486,0.435056
-626.9550,2.0656,207.8932,0.435223
-627.1008,2.0875,207.4911,0.435404
-627.2462,2.1096,207.0856,0.435596
-627.3920,2.1325,206.6756,0.435789
-627.5373,2.1569,206.2638,0.435990
-627.6666,2.1788,205.8951,0.436143
-627.8124,2.2036,205.4774,0.436349
-627.9417,2.2256,205.1037,0.436518
-628.0884,2.2502,204.6803,0.436712
-628.2356,2.2750,204.2541,0.436918
-628.3830,2.2999,203.8250,0.437110
-628.5310,2.3250,203.3931,0.437309
-628.6793,2.3502,202.9583,0.437514
-628.8115,2.3728,202.5694,0.437701
-628.9614,2.4005,202.1276,0.437898
-629.0947,2.4256,201.7338,0.438087
-629.2624,2.4571,201.2385,0.438310
-629.3972,2.4826,200.8397,0.438507
-629.5488,2.5110,200.3884,0.438718
-629.6850,2.5363,199.9846,0.438901
-629.8388,2.5650,199.5276,0.439126
-629.9761,2.5906,199.1187,0.439315
-630.1310,2.6196,198.6557,0.439524
-630.2692,2.6456,198.2415,0.439730
-630.4252,2.6756,197.7707,0.439939
-630.5639,2.7041,197.3508,0.440142
-630.7198,2.7363,196.8750,0.440365
-630.8756,2.7688,196.3957,0.440594
-631.0308,2.8015,195.9130,0.440804
-631.1870,2.8339,195.4268,0.441038
-631.3431,2.8666,194.9371,0.441268
-631.4819,2.8959,194.4990,0.441469
-631.6385,2.9290,194.0029,0.441694
-631.7605,2.9549,193.6147,0.441873
-631.9352,2.9921,193.0563,0.442133
-632.0938,3.0301,192.5471,0.442357
-632.2168,3.0607,192.1508,0.442536
-632.3932,3.1046,191.5807,0.442796
-632.5358,3.1401,191.1213,0.442996
-632.7129,3.1856,190.5436,0.443265
-632.8727,3.2269,190.0200,0.443496
-633.0152,3.2637,189.5520,0.443711
-633.1758,3.3054,189.0224,0.443946
-633.3369,3.3472,188.4900,0.444196
-633.4807,3.3841,188.0137,0.444406
-633.6428,3.4259,187.4748,0.444649
-633.8055,3.4679,186.9326,0.444888
-633.9518,3.5058,186.4475,0.445098
-634.1155,3.5492,185.8987,0.445358
-634.2615,3.5880,185.4080,0.445601
-634.4262,3.6319,184.8527,0.445853
-634.5914,3.6761,184.2940,0.446098
-634.7386,3.7149,183.7950,0.446336
-634.9046,3.7587,183.2300,0.446587
-635.0710,3.8027,182.6619,0.446845
-635.2948,3.8621,181.8992,0.447186
-635.4622,3.9076,181.3234,0.447467
-635.6301,3.9534,180.7441,0.447700
-635.7798,3.9943,180.2263,0.447936
-635.9484,4.0402,179.6411,0.448207
-636.0988,4.0806,179.1177,0.448442
-636.2684,4.1264,178.5257,0.448707
-636.4382,4.1723,177.9305,0.448971
-636.5895,4.2133,177.3988,0.449217
-636.7612,4.2606,176.7973,0.449486
-636.9132,4.3029,176.2598,0.449734
-637.0845,4.3508,175.6520,0.449987
-637.2369,4.3927,175.1093,0.450241
-637.4090,4.4398,174.4951,0.450514
-637.5812,4.4870,173.8776,0.450789
-637.7346,4.5292,173.3260,0.451034
-637.9074,4.5769,172.7023,0.451314
-638.0626,4.6202,172.1450,0.451570
-638.2360,4.6694,171.5150,0.451835
-638.3901,4.7129,170.9528,0.452094
-638.5642,4.7610,170.3162,0.452371
-638.7192,4.8039,169.7476,0.452633
-638.8936,4.8524,169.1049,0.452906
-639.0488,4.8957,168.5308,0.453156
-639.3013,4.9665,167.5923,0.453579
-639.4584,5.0113,167.0111,0.453832
-639.6354,5.0679,166.3490,0.454121
-639.7900,5.1246,165.7615,0.454379
-639.9653,5.1899,165.0986,0.454683
-640.1409,5.2556,164.4322,0.454975
-640.3168,5.3215,163.7623,0.455261
-640.4733,5.3804,163.1643,0.455528
-640.6494,5.4469,162.4888,0.455823
-640.8257,5.5133,161.8116,0.456117
-640.9819,5.5715,161.2052,0.456376
-641.1594,5.6377,160.5220,0.456674
-641.3175,5.6967,159.9126,0.456942
-641.4958,5.7634,159.2246,0.457239
-641.6747,5.8303,158.5337,0.457539
-641.8359,5.8900,157.9180,0.457811
-642.0128,5.9570,157.2247,0.458108
-642.1911,6.0232,156.5292,0.458415
-642.3685,6.0893,155.8352,0.458716
-642.5448,6.1552,155.1427,0.459018
-642.7009,6.2137,154.5283,0.459286
-642.8754,6.2793,153.8385,0.459589
-643.0487,6.3448,153.1499,0.459883
-643.1998,6.4033,152.5390,0.460153
-643.3705,6.4677,151.8530,0.460458
-643.5397,6.5319,151.1683,0.460740
-643.6886,6.5889,150.5609,0.461007
-643.8542,6.6528,149.8787,0.461311
-644.0885,6.7453,148.8944,0.461731
-644.2311,6.8030,148.2912,0.461998
-644.3881,6.8659,147.6136,0.462292
-644.5447,6.9284,146.9367,0.462588
-644.6822,6.9839,146.3361,0.462847
-644.8350,7.0462,145.6614,0.463138
-644.9857,7.1083,144.9879,0.463429
-645.1176,7.1636,144.3900,0.463689
-645.3273,7.2525,143.4210,0.464108
-645.4547,7.3068,142.8257,0.464362
-645.5955,7.3677,142.1571,0.464647
-645.7334,7.4285,141.4897,0.464931
-645.8677,7.4891,140.8235,0.465220
-645.9836,7.5425,140.2326,0.465478
-646.1089,7.6012,139.5691,0.465762
-646.2303,7.6597,138.9065,0.466048
-646.3342,7.7115,138.3186,0.466302
-646.4579,7.7761,137.5853,0.466602
-646.5514,7.8274,137.0007,0.466857
-646.6505,7.8843,136.3453,0.467139
-646.7411,7.9391,135.6937,0.467413
-646.8264,7.9936,135.0454,0.467691
-646.8878,8.0357,134.5438,0.467906
-646.9678,8.0954,133.8317,0.468210
-647.0580,8.1724,132.9134,0.468596
-647.1039,8.2190,132.3530,0.468830
-647.1503,8.2698,131.7251,0.469102
-647.1893,8.3202,131.1006,0.469363
-647.2172,8.3648,130.5482,0.469602
-647.2414,8.4152,129.9291,0.469866
-647.2579,8.4653,129.3125,0.470126
-647.2660,8.5097,128.7660,0.470358
-647.2663,8.5581,128.1540,0.470616
-647.2608,8.6061,127.5429,0.470876
-647.2498,8.6489,127.0009,0.471102
-647.2304,8.6971,126.3928,0.471364
-647.2038,8.7451,125.7861,0.471623
-647.1741,8.7877,125.2479,0.471846
-647.1330,8.8348,124.6442,0.472106
-647.0917,8.8762,124.1079,0.472330
-647.0391,8.9227,123.5053,0.472590
-646.9868,8.9640,122.9703,0.472816
-646.9217,9.0104,122.3691,0.473068
-646.8585,9.0517,121.8354,0.473299
-646.7807,9.0978,121.2363,0.473554
-646.6972,9.1436,120.6378,0.473805
-646.6178,9.1843,120.1067,0.474030
-646.5227,9.2300,119.5102,0.474285
-646.4332,9.2707,118.9808,0.474514
-646.2782,9.3367,118.1220,0.474883
-646.1770,9.3768,117.5949,0.475111
-646.0586,9.4216,117.0022,0.475362
-645.9353,9.4664,116.4102,0.475619
-645.8187,9.5139,115.8864,0.475842
-645.6903,9.5511,115.2945,0.476099
-645.5547,9.5941,114.7051,0.476352
-645.4300,9.6321,114.1814,0.476575
-645.2855,9.6747,113.5929,0.476831
-645.1363,9.7174,113.0053,0.477091
-645.0000,9.7546,112.4844,0.477316
-644.8433,9.7957,111.8990,0.477571
-644.6808,9.8362,111.3145,0.477827
-644.5323,9.8722,110.7958,0.478053
-644.3604,9.9126,110.2132,0.478310
-644.1833,9.9529,109.6319,0.478565
-644.0220,9.9879,109.1165,0.478794
-643.8362,10.0272,108.5373,0.479051
-643.6455,10.0665,107.9592,0.479303
-643.4510,10.1054,107.3820,0.479561
-643.2512,10.1440,106.8055,0.479819
-642.9781,10.1954,106.0380,0.480154
-642.7686,10.2338,105.4631,0.480418
-642.5555,10.2719,104.8889,0.480673
-642.3630,10.3054,104.3782,0.480903
-642.1189,10.3473,103.7398,0.481186
-641.9210,10.3808,103.2288,0.481416
-641.6961,10.4185,102.6535,0.481670
-641.4688,10.4562,102.0776,0.481932
-641.2649,10.4898,101.5649,0.482160
-641.0340,10.5276,100.9870,0.482413
-640.8011,10.5655,100.4080,0.482683
-640.5927,10.5992,99.8920,0.482910
-640.3566,10.6373,99.3099,0.483168
-640.1188,10.6748,98.7264,0.483435
-639.8788,10.7124,98.1405,0.483700
-639.6371,10.7500,97.5526,0.483965
-639.4205,10.7836,97.0282,0.484194
-639.1749,10.8215,96.4365,0.484459
-638.9273,10.8595,95.8427,0.484731
-638.5938,10.9104,95.0481,0.485086
-638.3413,10.9487,94.4499,0.485362
-638.1151,10.9828,93.9165,0.485604
-637.8585,11.0213,93.3147,0.485866
-637.5131,11.0728,92.5094,0.486231
-637.2504,11.1118,91.9033,0.486513
-636.9866,11.1511,91.2952,0.486783
-636.7503,11.1861,90.7530,0.487028
-636.5123,11.2211,90.2093,0.487281
-636.2426,11.2605,89.5957,0.487556
-635.9689,11.2995,88.9814,0.487853
-635.7255,11.3340,88.4326,0.488089
-635.4498,11.3729,87.8133,0.488379
-635.1721,11.4119,87.1919,0.488656
-634.9238,11.4467,86.6378,0.488912
-634.6426,11.4860,86.0123,0.489201
-634.3912,11.5210,85.4545,0.489456
-634.1383,11.5562,84.8950,0.489717
-633.8521,11.5959,84.2634,0.490002
-633.5643,11.6357,83.6298,0.490296
-633.3068,11.6712,83.0648,0.490554
-633.0154,11.7112,82.4272,0.490841
-632.7222,11.7514,81.7876,0.491140
-632.4272,11.7917,81.1461,0.491437
-632.1633,11.8277,80.5742,0.491695
-631.8646,11.8684,79.9290,0.491988
-631.5615,11.9088,79.2837,0.492289
-631.2584,11.9490,78.6351,0.492593
-630.9870,11.9849,78.0573,0.492868
-630.6794,12.0253,77.4057,0.493170
-630.3694,12.0659,76.7525,0.493474
-630.0917,12.1020,76.1706,0.493735
-629.6364,12.1610,75.2219,0.494179
-629.3182,12.2020,74.5630,0.494492
-629.0334,12.2385,73.9759,0.494759
-628.6748,12.2843,73.2398,0.495107
-628.3859,12.3211,72.6492,0.495389
-628.0589,12.3625,71.9829,0.495706
-627.7298,12.4042,71.3148,0.496028
-627.3986,12.4459,70.6446,0.496336
-627.0652,12.4878,69.9726,0.496662
-626.7672,12.5251,69.3736,0.496937
-626.4299,12.5672,68.6980,0.497263
-626.0883,12.6096,68.0219,0.497581
-625.7469,12.6514,67.3425,0.497921
-625.4034,12.6933,66.6613,0.498244
-625.0963,12.7307,66.0543,0.498547
-624.7488,12.7729,65.3698,0.498871
-624.3992,12.8152,64.6835,0.499218
-624.0865,12.8530,64.0719,0.499505
-623.7328,12.8955,63.3822,0.499848
-623.3770,12.9382,62.6906,0.500196
-623.0588,12.9763,62.0742,0.500496
-622.6588,13.0241,61.3017,0.500873
-622.2966,13.0672,60.6046,0.501225
-621.9323,13.1104,59.9057,0.501580
-621.6069,13.1490,59.2833,0.501894
-621.1989,13.1971,58.5052,0.502273
-620.8721,13.2356,57.8842,0.502591
-620.5049,13.2787,57.1884,0.502941
-620.1389,13.3216,56.4968,0.503287
-619.8148,13.3596,55.8861,0.503595
-619.4496,13.4013,55.2054,0.503944
-619.0881,13.4424,54.5287,0.504289
-618.7680,13.4787,53.9318,0.504593
-618.4095,13.5193,53.2654,0.504920
-618.0527,13.5596,52.6045,0.505251
-617.7368,13.5951,52.0215,0.505558
-617.3829,13.6348,51.3708,0.505882
-617.0307,13.6743,50.7253,0.506207
-616.6800,13.7134,50.0852,0.506540
-616.3309,13.7522,49.4503,0.506852
-616.0220,13.7865,48.8905,0.507142
-615.6761,13.8248,48.2658,0.507464
-615.3317,13.8628,47.6465,0.507775
-615.0269,13.8963,47.1005,0.508047
-614.6855,13.9330,46.4920,0.508363
-614.3831,13.9651,45.9553,0.508629
-614.0818,13.9969,45.4230,0.508909
-613.7068,14.0363,44.7638,0.509250
-613.4072,14.0671,44.2426,0.509510
-613.0726,14.1014,43.6606,0.509805
-612.7393,14.1354,43.0846,0.510103
-612.4441,14.1653,42.5779,0.510360
-612.1130,14.1987,42.0137,0.510648
-611.8193,14.2282,41.5177,0.510908
-611.4895,14.2610,40.9660,0.511187
-611.1599,14.2936,40.4212,0.511467
-610.8306,14.3258,39.8834,0.511741
-610.5010,14.3577,39.3530,0.512020
-610.1721,14.3874,38.8316,0.512290
-609.8786,14.4119,38.3726,0.512528
-609.5483,14.4392,37.8629,0.512791
-609.2177,14.4662,37.3607,0.513054
-608.9235,14.4899,36.9208,0.513278
-608.5908,14.5159,36.4344,0.513534
-608.2577,14.5417,35.9552,0.513783
-607.9605,14.5643,35.5359,0.514002
-607.6248,14.5895,35.0723,0.514258
-607.2876,14.6145,34.6177,0.514493
-606.9866,14.6364,34.2212,0.514703
-606.6481,14.6583,33.7865,0.514935
-606.3063,14.6766,33.3568,0.515174
-605.9637,14.6948,32.9344,0.515404
-605.6588,14.7108,32.5654,0.515605
-605.3152,14.7285,32.1583,0.515835
-605.0092,14.7441,31.8045,0.516032
-604.6628,14.7610,31.4167,0.516246
-604.3156,14.7776,31.0380,0.516466
-603.9664,14.7939,30.6693,0.516683
-603.6573,14.8035,30.3531,0.516871
-603.3048,14.8124,29.9998,0.517082
-602.9511,14.8212,29.6527,0.517293
-602.5964,14.8300,29.3116,0.517500
-602.2415,14.8386,28.9774,0.517706
-601.9261,14.8463,28.6868,0.517889
-601.5746,14.8538,28.3730,0.518090
-601.2193,14.8547,28.0645,0.518290
-600.9026,14.8556,27.7968,0.518465
-600.5450,14.8565,27.5028,0.518661
-600.2252,14.8574,27.2484,0.518835
-599.8218,14.8584,26.9399,0.519053
-599.4971,14.8582,26.7013,0.519225
-599.1271,14.8571,26.4393,0.519416
-598.7955,14.8561,26.2124,0.519587
-598.4193,14.8550,25.9634,0.519780
-598.0398,14.8538,25.7208,0.519973
-597.6962,14.8546,25.5082,0.520143
-597.3099,14.8587,25.2781,0.520335
-596.9202,14.8629,25.0563,0.520527
-596.5270,14.8671,24.8423,0.520717
-596.1748,14.8708,24.6581,0.520888
-595.7754,14.8750,24.4568,0.521079
-595.4152,14.8802,24.2814,0.521247
-594.9634,14.8894,24.0707,0.521459
-594.5524,14.8978,23.8872,0.521652
-594.1838,14.9053,23.7289,0.521820
-593.7658,14.9138,23.5556,0.522013
-593.3445,14.9223,23.3870,0.522205
-592.9209,14.9304,23.2233,0.522396
-592.5405,14.9375,23.0816,0.522568
-592.1102,14.9456,22.9258,0.522761
-591.6770,14.9537,22.7739,0.522953
-591.2897,14.9610,22.6422,0.523125
-590.8516,14.9691,22.4980,0.523321
-590.4127,14.9754,22.3584,0.523516
-589.9695,14.9815,22.2227,0.523711
-589.5740,14.9871,22.1052,0.523884
-589.1266,14.9934,21.9774,0.524080
-588.6774,14.9997,21.8546,0.524276
-588.2288,15.0048,21.7384,0.524473
-587.7767,15.0079,21.6277,0.524669
-587.3741,15.0107,21.5339,0.524844
-586.9202,15.0139,21.4341,0.525040
-586.4657,15.0172,21.3402,0.525236
-586.0104,15.0205,21.2526,0.525432
-585.6075,15.0220,21.1805,0.525606
-585.1002,15.0220,21.0966,0.525823
-584.6430,15.0220,21.0270,0.526019
-584.2359,15.0220,20.9700,0.526192
-583.7768,15.0221,20.9114,0.526388
-583.2653,15.0221,20.8535,0.526607
-582.8573,15.0220,20.8127,0.526780
-582.3951,15.0189,20.7725,0.526975
-581.9835,15.0162,20.7413,0.527150
-581.5195,15.0131,20.7112,0.527345
-581.1060,15.0103,20.6892,0.527521
-580.6400,15.0072,20.6701,0.527717
-580.1729,15.0041,20.6571,0.527915
-579.7050,15.0010,20.6500,0.528112
-579.2879,14.9986,20.6484,0.528289
-578.8184,14.9963,20.6521,0.528488
-578.3478,14.9939,20.6615,0.528685
-577.8760,14.9915,20.6762,0.528884
-577.4029,14.9891,20.6959,0.529084
-576.9811,14.9870,20.7172,0.529260
-576.5052,14.9846,20.7451,0.529462
-576.0263,14.9825,20.7770,0.529663
-575.5470,14.9819,20.8124,0.529864
-575.1196,14.9814,20.8470,0.530043
-574.6371,14.9809,20.8891,0.530247
-574.1528,14.9803,20.9343,0.530448
-573.6667,14.9797,20.9823,0.530654
-572.9614,14.9788,21.0565,0.530950
-572.5269,14.9777,21.1046,0.531134
-572.0347,14.9748,21.1611,0.531341
-571.5409,14.9718,21.2198,0.531549
-571.1004,14.9692,21.2739,0.531735
-570.6032,14.9662,21.3371,0.531941
-570.1044,14.9632,21.4028,0.532155
-569.6039,14.9601,21.4712,0.532367
-569.1577,14.9575,21.5343,0.532556
-568.6016,14.9507,21.6157,0.532794
-568.1525,14.9431,21.6834,0.532985
-567.6459,14.9345,21.7617,0.533200
-567.1375,14.9259,21.8424,0.533416
-566.6841,14.9181,21.9163,0.533608
-566.1726,14.9094,22.0022,0.533829
-565.6596,14.9006,22.0909,0.534049
-565.1449,14.8918,22.1826,0.534273
-564.5754,14.8808,22.2871,0.534523
-564.1151,14.8667,22.3737,0.534722
-563.5955,14.8507,22.4732,0.534948
-563.1319,14.8364,22.5630,0.535150
-562.6083,14.8202,22.6658,0.535378
-562.0825,14.8039,22.7702,0.535607
-561.5543,14.7876,22.8757,0.535838
-561.0234,14.7712,22.9819,0.536070
-560.4898,14.7547,23.0885,0.536302
-559.9537,14.7381,23.1953,0.536538
-559.4197,14.7178,23.3014,0.536774
-558.8801,14.6936,23.4081,0.537008
-558.3394,14.6695,23.5146,0.537246
-557.7973,14.6452,23.6210,0.537481
-557.2542,14.6209,23.7272,0.537719
-556.5888,14.5912,23.8568,0.538009
-556.0431,14.5668,23.9631,0.538245
-555.4962,14.5423,24.0696,0.538485
-555.0091,14.5205,24.1645,0.538699
-554.4601,14.4960,24.2715,0.538936
-553.9100,14.4714,24.3787,0.539178
-553.4247,14.4454,24.4733,0.539391
-552.8732,14.4131,24.5808,0.539630
-552.3818,14.3844,24.6765,0.539839
-551.8895,14.3556,24.7722,0.540054
-551.3345,14.3232,24.8801,0.540293
-550.7779,14.2906,24.9885,0.540536
-550.2197,14.2579,25.0974,0.540781
-549.7222,14.2288,25.1948,0.540992
-549.1611,14.1960,25.3052,0.541237
-548.5986,14.1631,25.4165,0.541484
-548.0345,14.1301,25.5289,0.541730
-547.4691,14.0970,25.6426,0.541980
-546.9653,14.0674,25.7446,0.542202
-546.3970,14.0341,25.8608,0.542444
-545.8297,13.9981,25.9778,0.542695
-545.2585,13.9601,26.0967,0.542940
-544.6854,13.9219,26.2167,0.543189
-544.1745,13.8878,26.3243,0.543416
-543.5980,13.8493,26.4469,0.543664
-543.0194,13.8107,26.5710,0.543916
-542.4388,13.7719,26.6966,0.544171
-541.9210,13.7374,26.8095,0.544397
-541.3362,13.6983,26.9378,0.544648
-540.7493,13.6591,27.0675,0.544907
-540.2258,13.6241,27.1839,0.545133
-539.6346,13.5845,27.3161,0.545389
-539.0413,13.5448,27.4496,0.545655
-538.4457,13.5050,27.5844,0.545913
-537.9142,13.4694,27.7053,0.546142
-537.3143,13.4293,27.8425,0.546399
-536.7131,13.3877,27.9806,0.546664
-536.1088,13.3453,28.1200,0.546928
-535.5021,13.3027,28.2605,0.547186
-534.8252,13.2552,28.4179,0.547483
-534.2816,13.2171,28.5446,0.547719
-533.6676,13.1740,28.6881,0.547983
-533.0512,13.1308,28.8325,0.548254
-532.5012,13.0922,28.9616,0.548488
-531.8801,13.0486,29.1074,0.548758
-531.2565,13.0048,29.2539,0.549024
-530.6302,12.9608,29.4009,0.549290
-530.0014,12.9167,29.5483,0.549562
-529.3701,12.8724,29.6961,0.549834
-528.7365,12.8279,29.8445,0.550104
-528.1003,12.7833,29.9933,0.550378
-527.4617,12.7385,30.1425,0.550651
-526.8923,12.6984,30.2760,0.550898
-526.2501,12.6532,30.4258,0.551172
-525.6079,12.6081,30.5755,0.551445
-524.9673,12.5630,30.7252,0.551722
-524.3294,12.5182,30.8733,0.551992
-523.6954,12.4737,31.0198,0.552265
-523.1355,12.4344,31.1483,0.552505
-522.5098,12.3905,31.2906,0.552769
-521.8884,12.3469,31.4305,0.553035
-521.2716,12.3036,31.5679,0.553300
-520.7273,12.2654,31.6881,0.553531
-520.1193,12.2228,31.8211,0.553786
-519.5163,12.1805,31.9517,0.554046
-518.9181,12.1386,32.0801,0.554301
-518.3243,12.0970,32.2068,0.554548
-517.7354,12.0560,32.3305,0.554802
-517.1507,12.0163,32.4520,0.555045
-516.5712,11.9774,32.5710,0.555297
-515.9965,11.9388,32.6877,0.555536
-515.4897,11.9048,32.7895,0.555747
-514.9238,11.8669,32.9018,0.555987
-514.3004,11.8251,33.0241,0.556251
-513.8055,11.7919,33.1201,0.556459
-513.2522,11.7548,33.2262,0.556683
-512.7624,11.7220,33.3191,0.556898
-512.2124,11.6852,33.4223,0.557127
-511.6630,11.6484,33.5242,0.557357
-511.1749,11.6157,33.6138,0.557559
-510.6259,11.5789,33.7135,0.557792
-510.0769,11.5422,33.8121,0.558024
-509.5888,11.5095,33.8996,0.558226
-509.0397,11.4731,33.9962,0.558450
-508.4883,11.4368,34.0920,0.558680
-508.0008,11.4080,34.1758,0.558881
-507.4539,11.3757,34.2688,0.559102
-506.9701,11.3472,34.3501,0.559295
-506.4294,11.3153,34.4400,0.559519
-505.8933,11.2836,34.5280,0.559732
-505.4210,11.2557,34.6048,0.559923
-504.8365,11.2212,34.6986,0.560158
-504.3159,11.1905,34.7810,0.560367
-503.8005,11.1601,34.8614,0.560572
-503.3467,11.1333,34.9312,0.560756
-502.7852,11.1002,35.0161,0.560975
-502.3407,11.0740,35.0821,0.561154
-501.8455,11.0451,35.1550,0.561352
-501.3556,11.0166,35.2248,0.561543
-500.8661,10.9910,35.2922,0.561724
-500.4389,10.9724,35.3496,0.561896
-499.9104,10.9494,35.4180,0.562101
-499.4395,10.9289,35.4764,0.562279
-498.9734,10.9086,35.5316,0.562455
-498.5628,10.8907,35.5778,0.562611
-498.1055,10.8708,35.6265,0.562781
-497.6534,10.8511,35.6715,0.562950
-497.2561,10.8338,35.7085,0.563098
-496.8139,10.8146,35.7467,0.563260
-496.3772,10.7956,35.7809,0.563421
-495.9927,10.7792,35.8091,0.563556
-495.5643,10.7611,35.8349,0.563712
-495.1352,10.7438,35.8556,0.563862
-494.7143,10.7323,35.8715,0.564010
-494.2967,10.7209,35.8822,0.564154
-493.8826,10.7096,35.8879,0.564298
-493.5174,10.6996,35.8889,0.564424
-493.1099,10.6884,35.8854,0.564565
-492.7059,10.6773,35.8770,0.564701
-492.3502,10.6676,35.8652,0.564817
-491.9538,10.6567,35.8469,0.564948
-491.5617,10.6459,35.8233,0.565079
-491.1738,10.6351,35.7961,0.565205
-490.8321,10.6254,35.7657,0.565312
-490.4513,10.6145,35.7261,0.565431
-490.0697,10.6087,35.6797,0.565550
-489.6971,10.6038,35.6276,0.565667
-489.3287,10.5989,35.5698,0.565780
-489.0051,10.5945,35.5140,0.565878
-488.6454,10.5897,35.4466,0.565988
-488.3300,10.5854,35.3828,0.566082
-487.9797,10.5806,35.3067,0.566186
-487.6725,10.5763,35.2353,0.566278
-487.2941,10.5711,35.1411,0.566387
-486.9959,10.5669,35.0619,0.566474
-486.6259,10.5641,34.9563,0.566580
-486.3365,10.5633,34.8688,0.566659
-486.0151,10.5623,34.7658,0.566747
-485.7342,10.5614,34.6710,0.566830
-485.3889,10.5604,34.5489,0.566926
-485.0504,10.5594,34.4223,0.567023
-484.7856,10.5587,34.3182,0.567099
-484.4933,10.5578,34.1971,0.567178
-484.2064,10.5570,34.0716,0.567263
-483.9256,10.5560,33.9422,0.567336
-483.6807,10.5551,33.8238,0.567412
-483.4106,10.5541,33.6871,0.567485
-483.1754,10.5532,33.5623,0.567552
-482.9160,10.5522,33.4182,0.567630
-482.6621,10.5512,33.2701,0.567700
-482.4135,10.5503,33.1178,0.567776
-482.1697,10.5493,32.9618,0.567847
-481.9349,10.5452,32.8057,0.567925
-481.7001,10.5392,32.6422,0.567993
-481.4950,10.5338,32.4935,0.568063
-481.2682,10.5278,32.3221,0.568131
-481.0703,10.5224,32.1655,0.568190
-480.8277,10.5157,31.9645,0.568274
-480.6378,10.5102,31.7987,0.568330
-480.4282,10.5040,31.6077,0.568396
-480.2261,10.4963,31.4163,0.568470
-480.0225,10.4867,31.2166,0.568540
-479.8244,10.4772,31.0130,0.568607
-479.6512,10.4687,30.8279,0.568672
-479.4601,10.4591,30.6148,0.568740
-479.2524,10.4484,30.3721,0.568819
-479.0899,10.4397,30.1735,0.568882
-478.9107,10.4300,29.9457,0.568961
-478.7346,10.4203,29.7126,0.569028
-478.5629,10.4114,29.4756,0.569100
-478.4134,10.4034,29.2612,0.569166
-478.2488,10.3943,29.0155,0.569228
-478.0883,10.3853,28.7654,0.569297
-477.9322,10.3762,28.5110,0.569373
-477.7973,10.3680,28.2814,0.569439
-477.6498,10.3586,28.0205,0.569504
-477.5065,10.3487,27.7534,0.569579
-477.3684,10.3395,27.4829,0.569654
-477.2352,10.3302,27.2082,0.569731
-477.1210,10.3219,26.9606,0.569800
-476.9973,10.3126,26.6784,0.569877
-476.8787,10.3033,26.3927,0.569954
-476.7776,10.2950,26.1357,0.570018
-476.6689,10.2857,25.8432,0.570095
-476.5769,10.2767,25.5812,0.570166
-476.4679,10.2655,25.2489,0.570253
-476.3874,10.2567,24.9806,0.570332
-476.3033,10.2468,24.6767,0.570422
-476.2263,10.2369,24.3710,0.570507
-476.1563,10.2271,24.0639,0.570590
-476.0934,10.2173,23.7559,0.570670
-476.0435,10.2087,23.4816,0.570748
-475.9749,10.1946,23.0359,0.570870
-475.9362,10.1848,22.7269,0.570965
-475.9040,10.1747,22.4191,0.571053
-475.8799,10.1642,22.1108,0.571144
-475.8629,10.1539,21.8030,0.571231
-475.8538,10.1447,21.5301,0.571304
-475.8502,10.1356,21.2578,0.571378
-475.8528,10.1255,20.9524,0.571476
-475.8610,10.1166,20.6818,0.571544
-475.8767,10.1065,20.3788,0.571632
-475.8992,10.0965,20.0769,0.571722
-475.9283,10.0866,19.7766,0.571812
-475.9641,10.0768,19.4777,0.571899
-476.0067,10.0671,19.1799,0.571987
-476.0499,10.0585,18.9159,0.572062
-476.1041,10.0489,18.6196,0.572141
-476.1642,10.0394,18.3241,0.572230
-476.2278,10.0300,18.0298,0.572316
-476.2986,10.0194,17.7353,0.572405
-476.3655,10.0101,17.4738,0.572482
-476.4456,9.9996,17.1788,0.572571
-476.5306,9.9902,16.8852,0.572660
-476.6208,9.9808,16.5919,0.572746
-476.7161,9.9714,16.2990,0.572833
-476.8165,9.9620,16.0065,0.572922
-476.9097,9.9537,15.7469,0.572996
-477.0189,9.9444,15.4551,0.573082
-477.1318,9.9351,15.1634,0.573173
-477.2498,9.9260,14.8723,0.573268
-477.3721,9.9168,14.5817,0.573362
-477.4844,9.9087,14.3237,0.573436
-477.6146,9.8996,14.0339,0.573543
-477.7489,9.8905,13.7445,0.573642
-477.8874,9.8814,13.4554,0.573737
-478.0300,9.8723,13.1666,0.573838
-478.1767,9.8634,12.8777,0.573938
-478.3275,9.8546,12.5894,0.574039
-478.4649,9.8468,12.3334,0.574128
-478.6222,9.8379,12.0453,0.574237
-478.7846,9.8288,11.7577,0.574344
-478.9508,9.8196,11.4703,0.574448
-479.1208,9.8104,11.1829,0.574555
-479.2946,9.8013,10.8956,0.574667
-479.4521,9.7931,10.6403,0.574757
-479.6327,9.7839,10.3531,0.574877
-479.8167,9.7747,10.0658,0.574992
-480.0042,9.7654,9.7784,0.575097
-480.1739,9.7572,9.5226,0.575204
-480.3680,9.7479,9.2347,0.575315
-480.5655,9.7386,8.9463,0.575431
-480.7440,9.7303,8.6897,0.575530
-480.9482,9.7210,8.4001,0.575651
-481.1559,9.7122,8.1106,0.575768
-481.3435,9.7044,7.8529,0.575879
-481.5823,9.6945,7.5303,0.576014
-481.8011,9.6856,7.2394,0.576140
-482.0236,9.6767,6.9481,0.576261
-482.2497,9.6678,6.6563,0.576391
-482.4524,9.6598,6.3960,0.576505
-482.7114,9.6492,6.0707,0.576649
-482.9481,9.6396,5.7774,0.576775
-483.1884,9.6300,5.4835,0.576911
-483.4323,9.6203,5.1892,0.577039
-483.6797,9.6106,4.8944,0.577180
-483.9307,9.6009,4.5991,0.577316
-484.1852,9.5911,4.3033,0.577460
-484.4432,9.5812,4.0070,0.577603
-484.7338,9.5703,3.6770,0.577758
-484.9991,9.5604,3.3787,0.577900
-485.2375,9.5522,3.1136,0.578032
-485.5089,9.5430,2.8148,0.578182
-485.7835,9.5337,2.5152,0.578331
-486.0612,9.5244,2.2147,0.578479
-486.3419,9.5150,1.9134,0.578631
-486.6255,9.5056,1.6112,0.578786
-486.9118,9.4961,1.3080,0.578945
-487.1996,9.4860,1.0031,0.579101
-487.4915,9.4758,0.6979,0.579262
-487.7861,9.4656,0.3916,0.579421
-488.0836,9.4553,0.0841,0.579586
-488.3839,9.4450,-0.2244,0.579750
-488.6873,9.4346,-0.5340,0.579921
-488.9937,9.4241,-0.8446,0.580083
-489.3033,9.4136,-1.1563,0.580254
-489.6161,9.4031,-1.4689,0.580427
-489.8968,9.3936,-1.7475,0.580582
-490.2159,9.3833,-2.0625,0.580754
-490.5379,9.3734,-2.3779,0.580930
-490.8630,9.3634,-2.6944,0.581106
-491.1911,9.3534,-3.0118,0.581286
-491.5219,9.3433,-3.3304,0.581470
-491.8553,9.3331,-3.6503,0.581649
-492.1900,9.3226,-3.9723,0.581837
-492.5280,9.3119,-4.2951,0.582019
-492.8683,9.3010,-4.6195,0.582206
-493.2106,9.2901,-4.9457,0.582397
-493.5550,9.2792,-5.2736,0.582585
-493.9014,9.2682,-5.6035,0.582777
-494.2111,9.2583,-5.8983,0.582946
-494.5614,9.2472,-6.2317,0.583140
-494.9140,9.2360,-6.5670,0.583334
-495.2687,9.2247,-6.9043,0.583532
-495.6255,9.2134,-7.2434,0.583730
-495.9446,9.2032,-7.5465,0.583909
-496.3463,9.1912,-7.9280,0.584134
-496.6693,9.1816,-8.2345,0.584317
-497.0349,9.1708,-8.5811,0.584518
-497.4026,9.1599,-8.9297,0.584725
-497.7724,9.1490,-9.2802,0.584935
-498.1435,9.1378,-9.6332,0.585142
-498.4758,9.1277,-9.9481,0.585330
-498.8513,9.1163,-10.3040,0.585550
-499.2278,9.1049,-10.6608,0.585756
-499.6045,9.0934,-11.0179,0.585973
-499.9391,9.0833,-11.3351,0.586162
-500.3146,9.0718,-11.6912,0.586377
-500.6889,9.0605,-12.0462,0.586595
-501.0614,9.0491,-12.3998,0.586810
-501.4315,9.0379,-12.7517,0.587014
-501.7984,9.0267,-13.1014,0.587231
-502.1617,9.0156,-13.4488,0.587440
-502.5209,9.0046,-13.7941,0.587650
-502.8687,8.9853,-14.1306,0.587857
-503.1816,8.9620,-14.4347,0.588043
-503.5311,8.9359,-14.7750,0.588244
-503.8778,8.9099,-15.1137,0.588451
-504.2213,8.8842,-15.4512,0.588657
-504.5607,8.8586,-15.7880,0.588859
-504.8962,8.8331,-16.1249,0.589064
-505.1915,8.8105,-16.4255,0.589248
-505.5210,8.7850,-16.7652,0.589457
-505.8491,8.7604,-17.1075,0.589668
-506.1747,8.7362,-17.4517,0.589872
-506.4982,8.7120,-17.7984,0.590081
-506.7841,8.6905,-18.1089,0.590261
-507.1042,8.6662,-18.4607,0.590469
-507.4581,8.6392,-18.8543,0.590703
-507.7753,8.6147,-19.2104,0.590908
-508.0911,8.5900,-19.5693,0.591115
-508.3716,8.5685,-19.8909,0.591303
-508.6850,8.5453,-20.2542,0.591513
-508.9969,8.5220,-20.6199,0.591729
-509.2730,8.5013,-20.9470,0.591922
-509.5824,8.4780,-21.3170,0.592127
-509.8907,8.4546,-21.6888,0.592343
-510.1978,8.4308,-22.0611,0.592557
-510.5027,8.4070,-22.4339,0.592767
-510.7391,8.3894,-22.7240,0.592938
-511.0725,8.3652,-23.1350,0.593171
-511.3361,8.3461,-23.4615,0.593356
-511.6616,8.3224,-23.8665,0.593589
-511.9503,8.3012,-24.2282,0.593791
-512.2354,8.2799,-24.5863,0.594000
-512.4854,8.2610,-24.9028,0.594180
-512.7633,8.2402,-25.2570,0.594385
-513.0366,8.2208,-25.6072,0.594585
-513.3352,8.1996,-25.9926,0.594809
-513.5417,8.1851,-26.2599,0.594957
-513.8315,8.1648,-26.6382,0.595175
-514.0878,8.1467,-26.9751,0.595371
-514.3395,8.1289,-27.3086,0.595564
-514.5870,8.1113,-27.6396,0.595756
-514.8022,8.0969,-27.9305,0.595920
-515.0392,8.0809,-28.2550,0.596090
-515.2712,8.0651,-28.5766,0.596287
-515.4968,8.0498,-28.8954,0.596459
-515.6923,8.0365,-29.1767,0.596617
-515.9296,8.0201,-29.5252,0.596809
-516.1365,8.0055,-29.8362,0.596980
-516.3380,7.9927,-30.1466,0.597151
-516.5098,7.9825,-30.4188,0.597302
-516.6961,7.9712,-30.7230,0.597464
-516.8757,7.9601,-31.0250,0.597627
-517.0475,7.9495,-31.3247,0.597789
-517.2125,7.9391,-31.6224,0.597946
-517.3710,7.9289,-31.9183,0.598099
-517.5087,7.9204,-32.1833,0.598238
-517.6564,7.9137,-32.4783,0.598390
-517.7989,7.9070,-32.7739,0.598538
-517.9218,7.9011,-33.0375,0.598673
-518.0562,7.8945,-33.3347,0.598824
-518.1876,7.8879,-33.6330,0.598973
-518.3145,7.8818,-33.9322,0.599122
-518.4390,7.8765,-34.2350,0.599271
-518.5587,7.8727,-34.5370,0.599414
-518.6618,7.8694,-34.8066,0.599551
-518.7988,7.8747,-35.1793,0.599728
-518.8951,7.8715,-35.4517,0.599861
-518.9622,7.8690,-35.7831,0.599999
-519.0803,7.8645,-36.0790,0.600149
-519.1669,7.8663,-36.3535,0.600276
-519.2465,7.8752,-36.6867,0.600421
-519.3351,7.8973,-36.9963,0.600562
-519.4276,7.8857,-37.2633,0.600685
-519.4848,7.8983,-37.5629,0.600828
-519.5550,7.9130,-37.8917,0.600975
-519.6358,7.8863,-38.1639,0.601099
-519.7025,7.9011,-38.4763,0.601237
-519.7632,7.9163,-38.7896,0.601378
-519.8357,7.8829,-39.0848,0.601516
-519.8807,7.8917,-39.3643,0.601646
-519.9286,7.9001,-39.6788,0.601783
-519.9669,7.8955,-39.9585,0.601902
-520.0046,7.8799,-40.2733,0.602042
-520.0403,7.8584,-40.6230,0.602194
-520.0668,7.8399,-40.9369,0.602331
-520.0378,7.8548,-41.2213,0.602450
-520.0513,7.8587,-41.5333,0.602588
-520.0749,7.8142,-41.8444,0.602727
-520.0734,7.8201,-42.1533,0.602858
-520.0424,7.8254,-42.4201,0.602978
-520.0460,7.7787,-42.7325,0.603116
-520.0225,7.7814,-43.0751,0.603266
-519.9988,7.7838,-43.3504,0.603387
-519.9619,7.7409,-43.6616,0.603526
-519.9001,7.7385,-43.9618,0.603664
-519.8577,7.7356,-44.2738,0.603800
-519.8176,7.7337,-44.5384,0.603923
-519.7786,7.6994,-44.8723,0.604063
-519.7019,7.6988,-45.1678,0.604206
-519.6719,7.6777,-45.5060,0.604345
-519.5864,7.6472,-45.7671,0.604469
-519.5071,7.6339,-46.0818,0.604611
-519.3943,7.6337,-46.4014,0.604753
-519.3137,7.6183,-46.7038,0.604899
-519.2274,7.6056,-46.9822,0.605027
-519.1251,7.5921,-47.2925,0.605168
-519.0571,7.5837,-47.6252,0.605315
-518.9435,7.5763,-47.9358,0.605462
-518.8368,7.5700,-48.2115,0.605589
-518.7104,7.5629,-48.5214,0.605737
-518.5777,7.5457,-48.8308,0.605883
-518.4376,7.5384,-49.1404,0.606030
-518.2890,7.5321,-49.4529,0.606180
-518.1525,7.5283,-49.7288,0.606313
-517.9921,7.5238,-50.0388,0.606463
-517.8260,7.5193,-50.3479,0.606612
-517.6538,7.5147,-50.6563,0.606767
-517.4961,7.5106,-50.9299,0.606895
-517.3140,7.5060,-51.2376,0.607052
-517.1274,7.5013,-51.5454,0.607203
-516.9359,7.4982,-51.8555,0.607364
-516.7418,7.4957,-52.1652,0.607518
-516.5668,7.4935,-52.4418,0.607654
-516.3676,7.4909,-52.7550,0.607813
-516.1888,7.4886,-53.0355,0.607956
-515.9863,7.4859,-53.3537,0.608118
-515.7377,7.4827,-53.7465,0.608310
-515.5336,7.4800,-54.0711,0.608480
-515.3280,7.4782,-54.3993,0.608638
-515.1220,7.4768,-54.7288,0.608809
-514.9147,7.4754,-55.0601,0.608971
-514.7057,7.4739,-55.3925,0.609138
-514.5180,7.4726,-55.6889,0.609289
-514.3041,7.4711,-56.0229,0.609455
-514.0875,7.4696,-56.3575,0.609630
-513.8674,7.4681,-56.6926,0.609804
-513.6686,7.4668,-56.9908,0.609961
-513.4407,7.4663,-57.3272,0.610139
-513.2087,7.4658,-57.6630,0.610317
-512.9718,7.4654,-57.9986,0.610500
-512.7572,7.4649,-58.2966,0.610654
-512.5108,7.4645,-58.6315,0.610841
-512.2593,7.4640,-58.9661,0.611031
-512.0027,7.4635,-59.3005,0.611217
-511.7413,7.4631,-59.6349,0.611406
-511.4749,7.4626,-59.9695,0.611607
-511.2337,7.4628,-60.2679,0.611778
-510.9276,7.4633,-60.6411,0.611998
-510.6476,7.4638,-60.9779,0.612197
-510.3634,7.4642,-61.3157,0.612394
-510.1073,7.4646,-61.6167,0.612576
-509.8153,7.4651,-61.9562,0.612777
-509.5190,7.4656,-62.2962,0.612988
-509.2519,7.4660,-62.5988,0.613180
-508.9473,7.4664,-62.9394,0.613384
-508.6377,7.4673,-63.2806,0.613595
-508.3239,7.4686,-63.6213,0.613813
-508.0409,7.4698,-63.9241,0.614002
-507.7182,7.4712,-64.2645,0.614213
-507.4275,7.4723,-64.5669,0.614407
-507.0960,7.4737,-64.9069,0.614628
-506.7975,7.4749,-65.2090,0.614821
-506.4574,7.4762,-65.5484,0.615035
-506.1127,7.4776,-65.8874,0.615259
-505.7630,7.4790,-66.2256,0.615477
-505.4081,7.4811,-66.5631,0.615695
-505.0887,7.4830,-66.8616,0.615891
-504.7244,7.4852,-67.1958,0.616110
-504.3960,7.4871,-67.4910,0.616309
-504.0215,7.4893,-67.8211,0.616531
-503.6415,7.4916,-68.1488,0.616752
-503.2992,7.4935,-68.4378,0.616953
-502.9092,7.4958,-68.7597,0.617179
-502.5150,7.4980,-69.0769,0.617402
-502.1176,7.5003,-69.3884,0.617625
-501.7181,7.5030,-69.6927,0.617845
-501.3610,7.5053,-69.9571,0.618039
-500.9568,7.5080,-70.2476,0.618258
-500.5955,7.5103,-70.4993,0.618454
-500.1870,7.5128,-70.7754,0.618667
-499.8218,7.5147,-71.0148,0.618859
-499.3628,7.5171,-71.3064,0.619098
-498.9937,7.5190,-71.5337,0.619286
-498.5766,7.5211,-71.7834,0.619499
-498.1583,7.5225,-72.0267,0.619713
-497.7378,7.5237,-72.2644,0.619927
-497.3622,7.5249,-72.4708,0.620115
-496.9373,7.5261,-72.6981,0.620325
-496.5100,7.5270,-72.9199,0.620536
-496.1266,7.5269,-73.1135,0.620720
-495.6438,7.5267,-73.3506,0.620955
-495.2058,7.5266,-73.5594,0.621163
-494.7646,7.5265,-73.7635,0.621373
-494.3703,7.5346,-73.9402,0.621560
-493.9230,7.5327,-74.1347,0.621770
-493.5229,7.5309,-74.3042,0.621957
-493.0704,7.5285,-74.4909,0.622170
-492.6152,7.5251,-74.6733,0.622378
-492.2078,7.5214,-74.8321,0.622562
-491.6948,7.5164,-75.0259,0.622799
-491.2816,7.5126,-75.1771,0.622987
-490.8138,7.5089,-75.3430,0.623199
-490.3957,7.5061,-75.4862,0.623388
-489.9226,7.5032,-75.6425,0.623601
-489.4463,7.5004,-75.7939,0.623812
-488.9659,7.4985,-75.9405,0.624025
-488.5354,7.4986,-76.0669,0.624216
-488.0486,7.4996,-76.2040,0.624429
-487.5592,7.4912,-76.3355,0.624642
-487.0667,7.4927,-76.4622,0.624858
-486.6250,7.4941,-76.5706,0.625050
-486.1262,7.4975,-76.6875,0.625267
-485.3999,7.5024,-76.8468,0.625582
-484.9497,7.5054,-76.9395,0.625777
-484.4407,7.5087,-77.0387,0.625995
-483.9294,7.5117,-77.1331,0.626214
-483.4147,7.5144,-77.2226,0.626434
-482.9547,7.5168,-77.2978,0.626632
-482.4343,7.5196,-77.3775,0.626853
-481.9112,7.5222,-77.4517,0.627077
-481.3869,7.5241,-77.5206,0.627301
-480.9176,7.5242,-77.5771,0.627502
-480.3875,7.5243,-77.6358,0.627726
-479.9141,7.5244,-77.6836,0.627927
-479.3791,7.5245,-77.7321,0.628152
-478.6620,7.5246,-77.7877,0.628456
-478.1237,7.5220,-77.8226,0.628684
-477.5813,7.5181,-77.8514,0.628914
-477.0369,7.5142,-77.8750,0.629143
-476.5512,7.5108,-77.8913,0.629350
-476.0026,7.5069,-77.9038,0.629580
-475.4516,7.5029,-77.9100,0.629812
-474.8979,7.4993,-77.9096,0.630045
-474.4050,7.4970,-77.9038,0.630252
-473.8489,7.4944,-77.8907,0.630486
-473.2931,7.4918,-77.8707,0.630722
-472.7971,7.4894,-77.8476,0.630932
-472.2383,7.4868,-77.8156,0.631167
-471.6810,7.4841,-77.7772,0.631403
-471.1253,7.4815,-77.7327,0.631637
-470.5694,7.4788,-77.6822,0.631872
-470.0739,7.4765,-77.6325,0.632080
-469.5149,7.4738,-77.5714,0.632317
-468.9539,7.4711,-77.5051,0.632555
-468.4534,7.4687,-77.4421,0.632763
-467.8883,7.4660,-77.3668,0.633003
-467.3196,7.4641,-77.2869,0.633242
-466.8130,7.4635,-77.2126,0.633456
-466.2402,7.4628,-77.1252,0.633696
-465.6644,7.4621,-77.0343,0.633937
-465.1496,7.4614,-76.9508,0.634152
-464.5668,7.4607,-76.8543,0.634399
-463.9804,7.4600,-76.7551,0.634649
-463.4560,7.4594,-76.6648,0.634868
-462.8625,7.4586,-76.5609,0.635117
-462.2654,7.4579,-76.4544,0.635369
-461.7317,7.4572,-76.3576,0.635594
-461.1280,7.4565,-76.2462,0.635847
-460.5208,7.4558,-76.1321,0.636104
-459.7060,7.4548,-75.9758,0.636448
-459.0910,7.4540,-75.8555,0.636714
-458.5415,7.4533,-75.7463,0.636943
-457.9201,7.4526,-75.6211,0.637205
-457.2953,7.4518,-75.4933,0.637471
-456.7370,7.4511,-75.3776,0.637710
-456.1056,7.4503,-75.2454,0.637978
-455.4704,7.4496,-75.1112,0.638251
-454.9025,7.4489,-74.9905,0.638493
-454.2597,7.4481,-74.8534,0.638766
-453.6132,7.4481,-74.7152,0.639043
-453.0352,7.4481,-74.5915,0.639291
-452.4540,7.4481,-74.4671,0.639541
-451.7232,7.4480,-74.3105,0.639853
-451.0614,7.4480,-74.1685,0.640138
-450.4701,7.4480,-74.0417,0.640391
-449.8013,7.4480,-73.8981,0.640677
-449.2037,7.4479,-73.7699,0.640933
-448.6032,7.4479,-73.6409,0.641193
-447.9242,7.4479,-73.4951,0.641484
-446.9369,7.4479,-73.2830,0.641911
-446.3254,7.4478,-73.1516,0.642173
-445.6340,7.4478,-73.0032,0.642469
-444.7063,7.4478,-72.8043,0.642870
-444.0060,7.4477,-72.6545,0.643171
-442.9877,7.4477,-72.4375,0.643611
-442.2781,7.4477,-72.2869,0.643919
-441.6440,7.4477,-72.1527,0.644191
-440.9271,7.4476,-72.0016,0.644502
-440.2064,7.4476,-71.8502,0.644810
-439.5626,7.4476,-71.7154,0.645084
-438.8349,7.4476,-71.5632,0.645396
-438.1036,7.4475,-71.4106,0.645712
-437.3688,7.4475,-71.2571,0.646029
-436.3010,7.4475,-71.0342,0.646487
-435.3089,7.4480,-70.8270,0.646915
-434.6439,7.4484,-70.6881,0.647194
-433.8924,7.4488,-70.5313,0.647522
-433.1374,7.4492,-70.3737,0.647842
-432.3787,7.4495,-70.2154,0.648169
-431.6164,7.4499,-70.0563,0.648492
-430.9359,7.4503,-69.9143,0.648784
-430.1669,7.4507,-69.7537,0.649113
-429.0500,7.4513,-69.5203,0.649589
-428.2723,7.4517,-69.3576,0.649923
-427.5782,7.4520,-69.2122,0.650217
-426.7939,7.4524,-69.0479,0.650556
-426.0936,7.4528,-68.9012,0.650850
-425.2143,7.4532,-68.7171,0.651231
-424.4190,7.4536,-68.5510,0.651573
-423.6199,7.4541,-68.3847,0.651913
-422.7276,7.4545,-68.1999,0.652296
-422.0104,7.4549,-68.0521,0.652604
-420.6576,7.4556,-67.7753,0.653187
-419.7501,7.4560,-67.5910,0.653573
-418.9296,7.4565,-67.4254,0.653928
-418.1055,7.4569,-67.2600,0.654280
-417.2780,7.4573,-67.0947,0.654634
-416.5395,7.4577,-66.9478,0.654953
-415.6127,7.4582,-66.7645,0.655353
-414.7752,7.4587,-66.5998,0.655712
-413.9356,7.4593,-66.4357,0.656073
-413.0949,7.4600,-66.2724,0.656427
-412.2543,7.4606,-66.1100,0.656790
-411.4146,7.4613,-65.9485,0.657146
-410.2973,7.4622,-65.7347,0.657620
-409.4613,7.4628,-65.5753,0.657976
-408.6271,7.4635,-65.4166,0.658331
-407.8880,7.4641,-65.2762,0.658646
-407.0603,7.4647,-65.1190,0.658995
-406.3292,7.4653,-64.9802,0.659307
-405.5126,7.4659,-64.8253,0.659650
-404.7029,7.4666,-64.6718,0.659993
-403.9891,7.4671,-64.5365,0.660295
-403.1931,7.4678,-64.3856,0.660638
-402.4046,7.4684,-64.2361,0.660968
-401.6239,7.4690,-64.0880,0.661304
-400.8513,7.4696,-63.9414,0.661628
-400.1715,7.4701,-63.8124,0.661915
-399.3315,7.4708,-63.6527,0.662271
-398.6675,7.4713,-63.5264,0.662548
-397.9291,7.4719,-63.3857,0.662863
-397.2000,7.4725,-63.2465,0.663169
-396.5597,7.4730,-63.1240,0.663441
-395.8482,7.4736,-62.9875,0.663740
-394.9142,7.4743,-62.8077,0.664139
-394.2249,7.4748,-62.6742,0.664423
-393.5453,7.4754,-62.5416,0.664715
-392.8754,7.4759,-62.4097,0.665001
-392.2150,7.4764,-62.2781,0.665279
-391.5641,7.4769,-62.1470,0.665557
-390.9931,7.4774,-62.0309,0.665797
-390.3591,7.4780,-61.9006,0.666065
-389.7332,7.4785,-61.7705,0.666334
-389.1834,7.4790,-61.6552,0.666560
-388.5718,7.4796,-61.5258,0.666822
-387.9669,7.4802,-61.3968,0.667076
-387.4340,7.4806,-61.2825,0.667304
-386.8395,7.4812,-61.1542,0.667555
-386.3155,7.4817,-61.0405,0.667780
-385.7309,7.4822,-60.9128,0.668029
-385.1516,7.4827,-60.7855,0.668275
-384.5775,7.4833,-60.6584,0.668519
-384.0087,7.4838,-60.5316,0.668757
-383.4452,7.4843,-60.4050,0.668995
-382.9487,7.4847,-60.2928,0.669210
-382.3952,7.4853,-60.1668,0.669441
-381.9079,7.4857,-60.0553,0.669649
-381.3650,7.4862,-59.9302,0.669880
-380.8870,7.4866,-59.8193,0.670084
-380.3549,7.4871,-59.6950,0.670310
-379.8292,7.4876,-59.5715,0.670533
-379.3102,7.4881,-59.4487,0.670754
-378.6286,7.4887,-59.2863,0.671045
-378.1254,7.4892,-59.1655,0.671260
-377.6310,7.4896,-59.0462,0.671471
-377.1987,7.4900,-58.9414,0.671652
-376.7191,7.4905,-58.8243,0.671854
-376.2470,7.4909,-58.7084,0.672055
-375.7808,7.4913,-58.5932,0.672253
-375.3709,7.4917,-58.4913,0.672431
-374.9149,7.4921,-58.3773,0.672622
-374.5138,7.4925,-58.2765,0.672792
-374.0675,7.4929,-58.1638,0.672985
-373.6263,7.4933,-58.0518,0.673172
-373.1906,7.4937,-57.9407,0.673361
-372.8079,7.4941,-57.8426,0.673524
-372.3824,7.4945,-57.7330,0.673706
-371.9625,7.4949,-57.6240,0.673886
-371.5939,7.4952,-57.5278,0.674044
-371.1844,7.4956,-57.4201,0.674219
-370.7806,7.4960,-57.3130,0.674393
-370.3825,7.4963,-57.2065,0.674564
-370.0336,7.4967,-57.1123,0.674715
-369.6465,7.4970,-57.0069,0.674878
-369.3076,7.4973,-56.9136,0.675024
-368.9319,7.4977,-56.8090,0.675190
-368.6030,7.4980,-56.7163,0.675329
-368.2386,7.4983,-56.6121,0.675486
-367.8798,7.4987,-56.5078,0.675646
-367.5262,7.4990,-56.4035,0.675802
-367.0620,7.4994,-56.2640,0.676002
-366.7187,7.4998,-56.1591,0.676153
-366.3790,7.5002,-56.0538,0.676304
-366.0801,7.5007,-55.9599,0.676436
-365.7469,7.5013,-55.8536,0.676584
-365.4529,7.5018,-55.7583,0.676712
-365.1242,7.5024,-55.6501,0.676861
-364.8335,7.5029,-55.5533,0.676994
-364.5086,7.5037,-55.4428,0.677139
-364.1857,7.5046,-55.3309,0.677287
-363.8645,7.5054,-55.2178,0.677432
-363.5800,7.5064,-55.1158,0.677565
-363.2610,7.5075,-54.9996,0.677708
-362.9428,7.5087,-54.8817,0.677856
-362.6603,7.5097,-54.7754,0.677986
-362.3782,7.5107,-54.6676,0.678122
-362.0263,7.5120,-54.5308,0.678291
-361.7452,7.5130,-54.4195,0.678422
-361.4294,7.5142,-54.2925,0.678572
-361.1487,7.5157,-54.1773,0.678714
-360.8342,7.5176,-54.0459,0.678872
-360.5552,7.5193,-53.9271,0.679011
-360.2420,7.5213,-53.7912,0.679164
-359.9643,7.5230,-53.6683,0.679309
-359.6534,7.5249,-53.5262,0.679482
-359.3440,7.5271,-53.3828,0.679641
-359.0699,7.5292,-53.2525,0.679790
-358.7674,7.5327,-53.1040,0.680177
-358.1725,7.5391,-52.7998,0.680308
-357.5631,7.5460,-52.4666,0.680677
-357.2811,7.5492,-52.3044,0.680862
-357.0016,7.5536,-52.1385,0.681038
-356.7294,7.5589,-51.9703,0.681217
-356.4901,7.5629,-51.8186,0.681370
-356.2249,7.5674,-51.6452,0.681549
-355.9637,7.5719,-51.4691,0.681722
-355.7349,7.5758,-51.3104,0.681881
-355.5093,7.5798,-51.1497,0.682029
-355.2299,7.5873,-50.9447,0.682215
-354.9851,7.5941,-50.7583,0.682387
-354.7463,7.6004,-50.5687,0.682558
-354.5105,7.6064,-50.3765,0.682731
-354.2789,7.6124,-50.1812,0.682892
-354.0761,7.6177,-50.0050,0.683054
-353.8489,7.6266,-49.8021,0.683248
-353.6290,7.6354,-49.5969,0.683429
-353.4139,7.6446,-49.3871,0.683619
-353.2041,7.6541,-49.1741,0.683820
-352.9996,7.6636,-48.9573,0.684033
-352.7983,7.6740,-48.7354,0.684234
-352.6059,7.6859,-48.5112,0.684422
-352.4204,7.6982,-48.2826,0.684600
-352.2426,7.7106,-48.0517,0.684799
-352.0909,7.7216,-47.8439,0.684958
-351.9274,7.7338,-47.6076,0.685136
-351.7709,7.7467,-47.3684,0.685304
-351.6390,7.7588,-47.1527,0.685469
-351.4991,7.7729,-46.9103,0.685657
-351.3677,7.7868,-46.6659,0.685868
-351.2445,7.8006,-46.4197,0.686065
-351.1309,7.8236,-46.1709,0.686264
-351.0368,7.8360,-45.9479,0.686428
-350.9380,7.8502,-45.6950,0.686624
-350.8452,7.8644,-45.4405,0.686822
-350.7686,7.8770,-45.2125,0.687006
-350.6884,7.8659,-44.9543,0.687095
-350.2679,7.9620,-43.0136,0.691493
-350.1752,8.0174,-40.3663,0.691495
-350.1985,8.0205,-40.0925,0.691757
-350.2275,8.0237,-39.8191,0.691997
-350.2621,8.0273,-39.5459,0.692252
-350.3021,8.0313,-39.2729,0.692472
-350.3471,8.0357,-39.0004,0.692687
-350.3973,8.0405,-38.7280,0.692901
-350.4529,8.0460,-38.4566,0.693093
-350.5127,8.0508,-38.1841,0.693283
-350.5693,8.0555,-37.9417,0.693445
-350.6366,8.0612,-37.6688,0.693632
-350.6997,8.0666,-37.4262,0.693783
-350.7830,8.0737,-37.1227,0.693937
-350.8534,8.0797,-36.8799,0.694088
-350.9364,8.0866,-36.6066,0.694232
-351.0241,8.0940,-36.3332,0.694372
-351.1152,8.1008,-36.0609,0.694498
-351.1999,8.1065,-35.8188,0.694606
-351.3095,8.1133,-35.5159,0.694752
-351.4005,8.1186,-35.2738,0.694865
-351.4946,8.1237,-35.0320,0.694970
-351.6166,8.1296,-34.7304,0.695104
-351.7308,8.1345,-34.4599,0.695212
-351.8492,8.1389,-34.1905,0.695330
-351.9863,8.1429,-33.8937,0.695461
-352.0998,8.1453,-33.6569,0.695562
-352.2322,8.1475,-33.3924,0.695679
-352.3697,8.1494,-33.1302,0.695796
-352.5125,8.1509,-32.8707,0.695912
-352.6438,8.1520,-32.6428,0.696013
-352.7967,8.1522,-32.3909,0.696133
-352.9548,8.1519,-32.1413,0.696257
-353.1181,8.1517,-31.8954,0.696377
-353.2884,8.1532,-31.6514,0.696498
-353.4430,8.1559,-31.4396,0.696604
-353.6428,8.1597,-31.1798,0.696741
-353.8287,8.1637,-30.9511,0.696866
-354.0212,8.1688,-30.7268,0.696993
-354.2210,8.1792,-30.5052,0.697119
-354.4004,8.1888,-30.3136,0.697230
-354.6308,8.2015,-30.0794,0.697368
-354.7959,8.2108,-29.9189,0.697469
-355.0368,8.2246,-29.6941,0.697610
-355.2836,8.3026,-29.4800,0.697740
-355.5114,8.3337,-29.3424,0.697867
-355.7205,8.3424,-29.1800,0.697981
-355.9579,8.3398,-28.9711,0.698111
-356.1946,8.3604,-28.8165,0.698243
-356.4610,8.3724,-28.6184,0.698387
-356.6706,8.3827,-28.4705,0.698502
-356.9044,8.3749,-28.2745,0.698632
-357.1384,8.3881,-28.0782,0.698761
-357.3862,8.3988,-27.9073,0.698891
-357.6677,8.4108,-27.7227,0.699034
-357.8974,8.4199,-27.5811,0.699150
-358.1611,8.4297,-27.4292,0.699281
-358.4256,8.4290,-27.2856,0.699411
-358.6950,8.4362,-27.1485,0.699540
-358.9674,8.4434,-27.0190,0.699669
-359.2425,8.4507,-26.8968,0.699799
-359.4888,8.4571,-26.7938,0.699914
-359.7682,8.4644,-26.6838,0.700043
-360.0510,8.4717,-26.5798,0.700173
-360.3320,8.4785,-26.4844,0.700303
-360.5895,8.4805,-26.4047,0.700419
-360.8822,8.4828,-26.3208,0.700549
-361.1772,8.4852,-26.2425,0.700679
-361.4403,8.4875,-26.1771,0.700795
-361.7377,8.4900,-26.1092,0.700925
-362.1700,8.4936,-26.0225,0.701113
-362.4376,8.4959,-25.9765,0.701228
-362.7736,8.4987,-25.9275,0.701373
-363.0412,8.5001,-25.8958,0.701489
-363.3457,8.5005,-25.8666,0.701620
-363.6509,8.5008,-25.8438,0.701750
-363.9228,8.5011,-25.8286,0.701866
-364.2640,8.5015,-25.8167,0.702012
-364.5380,8.5018,-25.8127,0.702128
-364.8474,8.5021,-25.8141,0.702260
-365.1580,8.5024,-25.8213,0.702392
-365.4698,8.5028,-25.8340,0.702524
-365.7828,8.5031,-25.8518,0.702657
-366.0623,8.5035,-25.8717,0.702775
-366.3783,8.5038,-25.8984,0.702910
-366.6968,8.5046,-25.9292,0.703045
-366.9811,8.5056,-25.9604,0.703167
-367.3030,8.5068,-25.9995,0.703305
-367.6274,8.5079,-26.0428,0.703443
-367.9542,8.5091,-26.0900,0.703583
-368.2468,8.5101,-26.1353,0.703708
-368.5783,8.5113,-26.1899,0.703849
-368.9125,8.5126,-26.2484,0.703993
-369.2492,8.5138,-26.3109,0.704138
-369.5514,8.5150,-26.3699,0.704268
-369.8928,8.5170,-26.4403,0.704415
-370.2365,8.5191,-26.5150,0.704564
-370.5825,8.5212,-26.5940,0.704714
-370.8919,8.5230,-26.6678,0.704848
-371.2420,8.5252,-26.7550,0.704999
-371.5942,8.5274,-26.8462,0.705152
-371.9486,8.5297,-26.9416,0.705307
-372.3055,8.5321,-27.0413,0.705462
-372.6639,8.5349,-27.1452,0.705620
-373.0244,8.5378,-27.2534,0.705778
-373.3466,8.5403,-27.3530,0.705918
-373.7109,8.5432,-27.4688,0.706080
-374.0772,8.5462,-27.5887,0.706240
-374.4450,8.5493,-27.7119,0.706402
-374.8146,8.5524,-27.8383,0.706564
-375.1857,8.5557,-27.9677,0.706729
-375.5171,8.5586,-28.0850,0.706873
-375.8917,8.5618,-28.2190,0.707039
-376.2683,8.5651,-28.3547,0.707206
-376.6467,8.5685,-28.4916,0.707371
-376.9845,8.5715,-28.6142,0.707520
-377.3661,8.5750,-28.7525,0.707686
-377.7491,8.5782,-28.8910,0.707855
-378.1340,8.5815,-29.0294,0.708025
-378.5206,8.5847,-29.1674,0.708193
-378.9089,8.5880,-29.3045,0.708360
-379.2554,8.5909,-29.4253,0.708510
-379.6468,8.5942,-29.5597,0.708677
-380.0399,8.5975,-29.6923,0.708847
-380.4348,8.6009,-29.8227,0.709014
-380.7870,8.6041,-29.9364,0.709163
-381.1848,8.6077,-30.0617,0.709329
-381.5841,8.6112,-30.1839,0.709494
-381.9849,8.6148,-30.3028,0.709655
-382.3871,8.6184,-30.4183,0.709821
-382.7908,8.6220,-30.5303,0.709983
-383.1958,8.6257,-30.6387,0.710143
-383.5573,8.6289,-30.7320,0.710281
-383.9646,8.6332,-30.8333,0.710440
-384.3277,8.6370,-30.9202,0.710580
-384.7378,8.6414,-31.0145,0.710736
-385.1494,8.6457,-31.1045,0.710888
-385.5628,8.6499,-31.1906,0.711043
-385.9318,8.6536,-31.2634,0.711179
-386.3486,8.6578,-31.3405,0.711333
-386.7670,8.6620,-31.4119,0.711482
-387.1866,8.6667,-31.4770,0.711630
-387.6059,8.6715,-31.5352,0.711779
-388.0244,8.6763,-31.5860,0.711927
-388.4412,8.6811,-31.6291,0.712075
-388.8553,8.6858,-31.6643,0.712221
-389.2205,8.6900,-31.6889,0.712347
-389.6278,8.6946,-31.7090,0.712488
-390.0308,8.6993,-31.7205,0.712627
-390.4294,8.7043,-31.7234,0.712762
-390.8231,8.7092,-31.7185,0.712894
-391.2121,8.7141,-31.7053,0.713027
-391.5961,8.7189,-31.6839,0.713155
-391.9747,8.7236,-31.6547,0.713281
-392.3068,8.7278,-31.6223,0.713391
-392.6751,8.7325,-31.5787,0.713513
-392.9977,8.7366,-31.5337,0.713620
-393.3947,8.7421,-31.4690,0.713748
-393.7454,8.7469,-31.4026,0.713867
-394.0524,8.7512,-31.3370,0.713966
-394.4300,8.7564,-31.2459,0.714086
-394.7281,8.7604,-31.1662,0.714187
-395.0226,8.7642,-31.0804,0.714285
-395.4219,8.7696,-30.9522,0.714415
-395.7439,8.7740,-30.8385,0.714521
-396.0618,8.7784,-30.7167,0.714619
-396.3755,8.7828,-30.5872,0.714724
-396.6850,8.7871,-30.4502,0.714826
-396.9903,8.7915,-30.3061,0.714930
-397.2911,8.7958,-30.1551,0.715031
-397.5867,8.7999,-29.9967,0.715131
-397.8783,8.8044,-29.8314,0.715232
-398.1643,8.8088,-29.6597,0.715327
-398.4454,8.8133,-29.4815,0.715423
-398.7214,8.8178,-29.2972,0.715519
-399.0216,8.8228,-29.0849,0.715635
-399.2867,8.8273,-28.8884,0.715735
-399.5462,8.8323,-28.6854,0.715837
-399.7727,8.8365,-28.5009,0.715926
-400.0225,8.8412,-28.2881,0.716026
-400.2670,8.8459,-28.0699,0.716124
-400.5325,8.8512,-27.8214,0.716232
-400.7403,8.8554,-27.6181,0.716323
-400.9691,8.8601,-27.3850,0.716426
-401.1919,8.8643,-27.1472,0.716536
-401.4106,8.8682,-26.9049,0.716633
-401.6476,8.8725,-26.6304,0.716746
-401.8556,8.8765,-26.3789,0.716851
-402.0365,8.8800,-26.1519,0.716945
-402.2576,8.8844,-25.8638,0.717067
-402.4514,8.8880,-25.6019,0.717175
-402.6418,8.8905,-25.3352,0.717280
-402.8288,8.8929,-25.0653,0.717386
-403.0123,8.8953,-24.7919,0.717492
-403.1922,8.8977,-24.5150,0.717600
-403.3687,8.9002,-24.2348,0.717714
-403.5418,8.9027,-23.9513,0.717817
-403.7118,8.9051,-23.6648,0.717930
-403.8965,8.9075,-23.3448,0.718054
-404.0602,8.9081,-23.0526,0.718164
-404.2213,8.9087,-22.7575,0.718276
-404.3798,8.9093,-22.4595,0.718390
-404.5354,8.9099,-22.1586,0.718502
-404.6884,8.9105,-21.8550,0.718618
-404.8554,8.9113,-21.5146,0.718750
-405.0193,8.9120,-21.1708,0.718877
-405.1483,8.9126,-20.8934,0.718983
-405.3069,8.9133,-20.5436,0.719114
-405.4467,8.9125,-20.2277,0.719230
-405.5844,8.9114,-19.9073,0.719351
-405.7341,8.9101,-19.5479,0.719487
-405.8658,8.9089,-19.2216,0.719611
-406.0084,8.9076,-18.8559,0.719742
-406.1329,8.9064,-18.5242,0.719868
-406.2538,8.9052,-18.1899,0.719989
-406.3837,8.9039,-17.8154,0.720135
-406.4962,8.9027,-17.4757,0.720263
-406.6042,8.9015,-17.1333,0.720383
-406.7079,8.9004,-16.7884,0.720506
-406.8176,8.8980,-16.4039,0.720650
-406.9116,8.8955,-16.0544,0.720777
-407.0011,8.8929,-15.7027,0.720903
-407.0860,8.8903,-15.3489,0.721030
-407.1661,8.8876,-14.9930,0.721158
-407.2498,8.8847,-14.5951,0.721301
-407.3203,8.8820,-14.2350,0.721434
-407.3930,8.8790,-13.8326,0.721583
-407.4536,8.8763,-13.4686,0.721711
-407.5096,8.8736,-13.1028,0.721851
-407.5611,8.8708,-12.7355,0.721979
-407.6082,8.8681,-12.3668,0.722122
-407.6511,8.8653,-11.9967,0.722260
-407.6899,8.8625,-11.6253,0.722396
-407.7247,8.8591,-11.2533,0.722538
-407.7557,8.8555,-10.8795,0.722676
-407.7826,8.8520,-10.5044,0.722827
-407.8056,8.8485,-10.1280,0.722968
-407.8248,8.8449,-9.7505,0.723112
-407.8400,8.8413,-9.3717,0.723259
-407.8515,8.8377,-8.9919,0.723405
-407.8591,8.8341,-8.6108,0.723555
-407.8629,8.8305,-8.2287,0.723700
-407.8629,8.8269,-7.8454,0.723849
-407.8583,8.8229,-7.4184,0.724012
-407.8514,8.8196,-7.0758,0.724149
-407.8401,8.8160,-6.6894,0.724303
-407.8251,8.8123,-6.3019,0.724448
-407.8066,8.8086,-5.9134,0.724600
-407.7872,8.8053,-5.5672,0.724734
-407.7591,8.8009,-5.1336,0.724901
-407.7335,8.7971,-4.7855,0.725038
-407.7016,8.7929,-4.3929,0.725190
-407.6704,8.7891,-4.0432,0.725330
-407.6278,8.7844,-3.6051,0.725494
-407.5912,8.7806,-3.2538,0.725633
-407.5475,8.7763,-2.8579,0.725790
-407.4962,8.7715,-2.4170,0.725959
-407.4535,8.7677,-2.0636,0.726103
-407.4041,8.7634,-1.6652,0.726264
-407.3593,8.7595,-1.3103,0.726406
-407.3081,8.7552,-0.9103,0.726561
-407.2563,8.7508,-0.5093,0.726724
-407.2041,8.7464,-0.1072,0.726884
-407.1517,8.7420,0.2962,0.727046
-407.0992,8.7376,0.7009,0.727212
-407.0527,8.7337,1.0618,0.727356
-407.0006,8.7291,1.4690,0.727521
-406.9486,8.7242,1.8782,0.727687
-406.8967,8.7194,2.2892,0.727855
-406.8446,8.7145,2.7020,0.728023
-406.7922,8.7096,3.1167,0.728189
-406.7392,8.7047,3.5335,0.728361
-406.6915,8.7002,3.9057,0.728512
-406.6367,8.6953,4.3263,0.728686
-406.5806,8.6903,4.7491,0.728856
-406.5228,8.6852,5.1741,0.729031
-406.4631,8.6802,5.6010,0.729207
-406.4016,8.6751,6.0301,0.729379
-406.3452,8.6705,6.4132,0.729534
-406.2726,8.6648,6.8943,0.729737
-406.2052,8.6596,7.3295,0.729908
-406.1437,8.6550,7.7179,0.730068
-406.0649,8.6489,8.2054,0.730269
-406.0005,8.6533,8.5976,0.730429
-405.9250,8.6478,9.0405,0.730613
-405.8471,8.6422,9.4854,0.730795
-405.7666,8.6364,9.9320,0.730979
-405.6923,8.6313,10.3306,0.731139
-405.6059,8.6255,10.7807,0.731323
-405.5162,8.6196,11.2326,0.731511
-405.4151,8.6057,11.8433,0.731759
-405.3292,8.6090,12.3550,0.731967
-405.2297,8.6054,12.8124,0.732155
-405.1132,8.5938,13.2283,0.732319
-405.0331,8.5970,13.6774,0.732510
-404.9032,8.5805,14.1318,0.732697
-404.8139,8.5851,14.5960,0.732888
-404.7005,8.5778,15.0534,0.733080
-404.5975,8.5709,15.4595,0.733245
-404.4792,8.5628,15.9176,0.733436
-404.3579,8.5543,16.3766,0.733624
-404.2476,8.5464,16.7854,0.733797
-404.0601,8.5358,17.2864,0.734008
-403.9279,8.5290,17.7480,0.734199
-403.7912,8.5218,18.2102,0.734391
-403.6505,8.5146,18.6729,0.734585
-403.5225,8.5080,19.0833,0.734756
-403.3747,8.4998,19.5448,0.734946
-403.2233,8.4818,20.0046,0.735138
-403.0867,8.4740,20.4122,0.735309
-402.9298,8.4654,20.8688,0.735496
-402.7697,8.4567,21.3237,0.735692
-402.6065,8.4481,21.7770,0.735884
-402.4404,8.4394,22.2289,0.736072
-402.2715,8.4307,22.6796,0.736258
-402.1195,8.4207,23.0775,0.736432
-401.9463,8.4091,23.5263,0.736619
-401.7713,8.3976,23.9745,0.736807
-401.5947,8.3860,24.4225,0.736998
-401.4155,8.3740,24.8711,0.737189
-401.2338,8.3620,25.3205,0.737377
-400.9880,8.3438,25.9193,0.737637
-400.8004,8.3288,26.3710,0.737823
-400.6104,8.3138,26.8238,0.738020
-400.4397,8.3006,27.2276,0.738194
-400.2447,8.2859,27.6825,0.738385
-400.0694,8.2718,28.0866,0.738558
-399.8692,8.2552,28.5435,0.738756
-399.6662,8.2386,29.0017,0.738947
-399.4607,8.2219,29.4617,0.739144
-399.2751,8.2078,29.8718,0.739322
-399.0398,8.1910,30.3847,0.739535
-398.8486,8.1775,30.7959,0.739712
-398.6300,8.1623,31.2595,0.739915
-398.4319,8.1488,31.6749,0.740097
-398.2060,8.1378,32.1402,0.740292
-397.9752,8.1268,32.6059,0.740497
-397.7396,8.1157,33.0719,0.740696
-397.5262,8.1058,33.4863,0.740877
-397.2528,8.0960,34.0069,0.741108
-397.0304,8.0901,34.4216,0.741281
-396.7750,8.0836,34.8873,0.741482
-396.5436,8.0778,35.3000,0.741669
-396.2490,8.0705,35.8139,0.741895
-396.0083,8.0671,36.2249,0.742078
-395.7339,8.0639,36.6825,0.742283
-395.4860,8.0611,37.0867,0.742462
-395.2028,8.0581,37.5378,0.742669
-394.9149,8.0553,37.9862,0.742865
-394.6562,8.0541,38.3808,0.743049
-394.3611,8.0528,38.8210,0.743249
-394.0620,8.0515,39.2569,0.743448
-393.7929,8.0504,39.6409,0.743627
-393.4865,8.0491,40.0690,0.743824
-393.2111,8.0479,40.4461,0.744006
-392.8977,8.0466,40.8663,0.744200
-392.5806,8.0453,41.2821,0.744404
-392.2964,8.0436,41.6472,0.744574
-391.9725,8.0403,42.0548,0.744776
-391.6453,8.0370,42.4583,0.744971
-391.3147,8.0337,42.8574,0.745166
-391.0180,8.0308,43.2085,0.745335
-390.6827,8.0237,43.5978,0.745544
-390.3430,8.0167,43.9845,0.745731
-390.0388,8.0105,44.3249,0.745902
-389.6551,8.0028,44.7461,0.746127
-389.1913,7.9892,45.2437,0.746387
-388.8387,7.9775,45.6153,0.746587
-388.4831,7.9659,45.9850,0.746784
-388.1241,7.9542,46.3528,0.746982
-387.7636,7.9407,46.7174,0.747188
-387.3981,7.9257,47.0810,0.747389
-387.0707,7.9123,47.4034,0.747563
-386.6988,7.8974,47.7643,0.747765
-386.3232,7.8824,48.1236,0.747968
-385.9445,7.8668,48.4810,0.748183
-385.5626,7.8506,48.8372,0.748389
-385.1764,7.8342,49.1919,0.748596
-384.7867,7.8177,49.5453,0.748808
-384.3936,7.8012,49.8972,0.749018
-383.9966,7.7853,50.2481,0.749229
-383.5966,7.7695,50.5972,0.749448
-383.1932,7.7536,50.9450,0.749663
-382.7868,7.7373,51.2918,0.749881
-382.3755,7.7210,51.6378,0.750108
-381.9620,7.7067,51.9818,0.750333
-381.5451,7.6922,52.3244,0.750558
-381.1251,7.6778,52.6657,0.750784
-380.7492,7.6649,52.9681,0.750990
-380.3223,7.6509,53.3083,0.751217
-379.8947,7.6396,53.6457,0.751446
-379.4652,7.6282,53.9806,0.751673
-378.9869,7.6156,54.3499,0.751922
-378.6039,7.6055,54.6427,0.752125
-378.1229,7.5959,55.0064,0.752374
-377.6930,7.5895,55.3280,0.752597
-377.2646,7.5832,55.6449,0.752821
-376.8383,7.5769,55.9571,0.753034
-376.4121,7.5706,56.2657,0.753258
-376.0371,7.5684,56.5348,0.753448
-375.6176,7.5660,56.8326,0.753665
-375.2008,7.5636,57.1256,0.753878
-374.7414,7.5610,57.4458,0.754112
-374.3305,7.5591,57.7300,0.754323
-373.9694,7.5585,57.9787,0.754509
-373.5671,7.5579,58.2547,0.754718
-373.1696,7.5573,58.5270,0.754921
-372.7770,7.5567,58.7962,0.755130
-372.3900,7.5560,59.0626,0.755328
-372.0084,7.5551,59.3271,0.755535
-371.6327,7.5542,59.5897,0.755733
-371.2630,7.5533,59.8506,0.755934
-370.8992,7.5524,60.1099,0.756128
-370.5431,7.5507,60.3666,0.756327
-370.1918,7.5475,60.6233,0.756519
-369.8471,7.5443,60.8789,0.756714
-369.5466,7.5513,61.1055,0.756885
-369.2166,7.5476,61.3595,0.757071
-368.8592,7.5420,61.6413,0.757281
-368.5793,7.5362,61.8669,0.757445
-368.2702,7.5289,62.1212,0.757627
-367.9678,7.5216,62.3756,0.757807
-367.6753,7.5135,62.6288,0.757985
-367.3933,7.5039,62.8816,0.758155
-367.0883,7.4908,63.1641,0.758351
-366.8497,7.4794,63.3913,0.758501
-366.5593,7.4652,63.6757,0.758688
-366.3351,7.4534,63.9024,0.758838
-366.0923,7.4395,64.1572,0.759003
-365.8577,7.4238,64.4143,0.759167
-365.6076,7.4055,64.6991,0.759337
-365.3906,7.3891,64.9569,0.759499
-365.1825,7.3728,65.2146,0.759654
-364.9824,7.3562,65.4726,0.759808
-364.7920,7.3389,65.7297,0.759960
-364.6107,7.3213,65.9875,0.760107
-364.4376,7.3037,66.2453,0.760250
-364.2740,7.2863,66.5035,0.760396
-364.1188,7.2691,66.7618,0.760532
-363.9740,7.2520,67.0222,0.760676
-363.8235,7.2330,67.3140,0.760828
-363.6960,7.1835,67.5776,0.760966
-363.5891,7.1702,67.8146,0.761086
-363.4745,7.1554,68.0831,0.761223
-363.3660,7.1404,68.3531,0.761362
-363.3032,7.1667,68.6432,0.761493
-363.2152,7.1533,68.9189,0.761630
-363.1108,7.1328,69.2026,0.761763
-363.0681,7.1311,69.4771,0.761892
-363.0067,7.1220,69.7598,0.762028
-362.9333,7.0905,70.0367,0.762159
-362.8805,7.0795,70.3222,0.762292
-362.8474,7.0778,70.6267,0.762426
-362.7578,7.0549,70.9043,0.762559
-362.7487,7.0557,71.1692,0.762675
-362.7365,7.0576,71.4485,0.762809
-362.7172,7.0523,71.7067,0.762928
-362.6817,7.0200,72.0311,0.763074
-362.6703,7.0141,72.3231,0.763202
-362.6876,7.0266,72.6310,0.763337
-362.6877,7.0331,72.8602,0.763439
-362.6980,7.0284,73.2045,0.763596
-362.7104,7.0238,73.4622,0.763714
-362.7330,7.0188,73.7872,0.763859
-362.7341,7.0008,74.0650,0.763974
-362.7830,7.0119,74.3378,0.764102
-362.8148,7.0099,74.5959,0.764216
-362.8351,6.9884,74.9038,0.764344
-362.8847,6.9921,75.1735,0.764473
-362.9283,6.9903,75.4287,0.764585
-363.0009,7.0011,75.7245,0.764712
-363.0401,6.9924,76.0136,0.764837
-363.1169,6.9999,76.2426,0.764950
-363.1874,7.0000,76.5214,0.765075
-363.2443,6.9860,76.8196,0.765199
-363.3265,6.9900,77.0752,0.765324
-363.4111,6.9894,77.3503,0.765448
-363.5201,6.9987,77.6331,0.765573
-363.6096,6.9992,77.8929,0.765696
-363.6996,6.9999,78.1353,0.765808
-363.8062,7.0014,78.4068,0.765933
-363.9132,6.9937,78.7133,0.766072
-364.0543,6.9959,79.0373,0.766225
-364.1893,6.9952,79.3345,0.766364
-364.3011,6.9954,79.5885,0.766477
-364.4745,7.0010,79.8873,0.766630
-364.5702,7.0009,80.1744,0.766756
-364.7130,7.0026,80.4367,0.766883
-364.8605,7.0042,80.6972,0.767009
-364.9959,7.0053,80.9277,0.767123
-365.1523,7.0064,81.1850,0.767250
-365.3131,7.0073,81.4409,0.767377
-365.4603,7.0082,81.6670,0.767492
-365.6307,7.0089,81.9194,0.767623
-365.8048,6.9999,82.1686,0.767749
-365.9851,6.9988,82.4168,0.767879
-366.1499,6.9978,82.6355,0.767995
-366.3397,6.9967,82.8789,0.768126
-366.5342,6.9957,83.1197,0.768254
-366.7340,6.9946,83.3580,0.768389
-366.9382,6.9928,83.5916,0.768520
-367.1485,6.9904,83.8222,0.768651
-367.3633,6.9879,84.0484,0.768783
-367.5826,6.9854,84.2698,0.768915
-367.7811,6.9835,84.4626,0.769031
-368.0077,6.9814,84.6732,0.769163
-368.2125,6.9794,84.8551,0.769279
-368.4203,6.9773,85.0318,0.769394
-368.6841,6.9747,85.2449,0.769540
-368.9258,6.9727,85.4300,0.769669
-369.1713,6.9708,85.6071,0.769798
-369.3649,6.9693,85.7398,0.769897
-369.6459,6.9680,85.9220,0.770040
-369.9014,6.9671,86.0776,0.770167
-370.1598,6.9662,86.2256,0.770296
-370.4209,6.9655,86.3656,0.770422
-370.6555,6.9648,86.4836,0.770535
-370.9224,6.9640,86.6094,0.770661
-371.1924,6.9633,86.7282,0.770786
-371.4676,6.9636,86.8409,0.770913
-371.7130,6.9645,86.9349,0.771025
-371.9919,6.9655,87.0339,0.771150
-372.2423,6.9664,87.1161,0.771262
-372.5264,6.9673,87.2020,0.771388
-372.8130,6.9682,87.2812,0.771513
-373.1021,6.9692,87.3541,0.771639
-373.3611,6.9700,87.4139,0.771752
-373.6548,6.9709,87.4756,0.771879
-373.9529,6.9736,87.5318,0.772007
-374.2184,6.9762,87.5767,0.772117
-374.4858,6.9788,87.6171,0.772231
-374.8228,6.9820,87.6612,0.772373
-375.1284,6.9850,87.6956,0.772500
-375.4019,6.9876,87.7221,0.772616
-375.6775,6.9902,87.7449,0.772731
-376.0247,6.9936,87.7683,0.772877
-376.3401,6.9966,87.7844,0.773007
-376.6225,6.9995,87.7953,0.773126
-376.9401,7.0007,87.8034,0.773259
-377.2626,7.0015,87.8076,0.773394
-377.5876,7.0023,87.8082,0.773532
-377.9154,7.0031,87.8053,0.773665
-378.2462,7.0039,87.7990,0.773803
-378.5802,7.0048,87.7898,0.773945
-378.9175,7.0056,87.7778,0.774085
-379.2202,7.0064,87.7651,0.774216
-379.5640,7.0073,87.7489,0.774361
-379.9080,7.0080,87.7309,0.774507
-380.2588,7.0052,87.7109,0.774659
-380.5733,7.0027,87.6916,0.774799
-380.9303,6.9999,87.6678,0.774954
-381.2908,6.9970,87.6416,0.775108
-381.6141,6.9944,87.6159,0.775251
-381.9809,6.9915,87.5839,0.775413
-382.3507,6.9885,87.5485,0.775572
-382.6819,6.9859,87.5142,0.775721
-383.0571,6.9829,87.4724,0.775890
-383.4370,6.9808,87.4268,0.776066
-383.8184,6.9795,87.3779,0.776238
-384.2031,6.9782,87.3256,0.776419
-384.5476,6.9771,87.2766,0.776578
-384.9384,6.9758,87.2190,0.776761
-385.3324,6.9745,87.1591,0.776946
-385.7299,6.9732,87.0972,0.777141
-386.0860,6.9720,87.0407,0.777316
-386.4901,6.9706,86.9757,0.777508
-386.8976,6.9693,86.9090,0.777703
-387.3129,6.9715,86.8405,0.777903
-387.7274,6.9759,86.7708,0.778106
-388.1454,6.9804,86.6993,0.778306
-388.5195,6.9843,86.6344,0.778489
-388.9434,6.9888,86.5598,0.778699
-389.3704,6.9934,86.4836,0.778904
-389.7525,6.9974,86.4145,0.779095
-390.1851,7.0020,86.3352,0.779310
-390.6206,7.0067,86.2543,0.779529
-391.0590,7.0113,86.1716,0.779738
-391.4511,7.0155,86.0967,0.779927
-391.9496,7.0244,85.9999,0.780166
-392.3471,7.0352,85.9214,0.780356
-392.7969,7.0475,85.8311,0.780570
-393.2497,7.0598,85.7386,0.780794
-393.6548,7.0709,85.6552,0.780997
-394.1132,7.0834,85.5598,0.781219
-394.5745,7.0959,85.4629,0.781444
-395.0387,7.1086,85.3649,0.781678
-395.5057,7.1213,85.2653,0.781895
-395.9232,7.1327,85.1758,0.782095
-396.3958,7.1456,85.0740,0.782323
-396.8714,7.1586,84.9710,0.782547
-397.3502,7.1717,84.8668,0.782771
-397.8366,7.1881,84.7605,0.782996
-398.2675,7.2066,84.6660,0.783196
-398.7549,7.2275,84.5586,0.783424
-399.1908,7.2461,84.4620,0.783630
-399.6838,7.2673,84.3521,0.783858
-400.1244,7.2861,84.2534,0.784060
-400.6227,7.3075,84.1413,0.784288
-401.1236,7.3290,84.0281,0.784515
-401.6273,7.3506,83.9141,0.784742
-402.0772,7.3698,83.8120,0.784941
-402.5862,7.3917,83.6963,0.785165
-403.0981,7.4136,83.5796,0.785398
-403.6130,7.4357,83.4621,0.785626
-404.0732,7.4554,83.3569,0.785832
-404.5937,7.4778,83.2377,0.786061
-405.1170,7.5003,83.1173,0.786296
-405.5873,7.5251,83.0092,0.786507
-406.1159,7.5528,82.8872,0.786743
-406.6474,7.5806,82.7643,0.786979
-407.1818,7.6087,82.6404,0.787216
-407.6591,7.6337,82.5296,0.787427
-408.1987,7.6620,82.4042,0.787672
-408.7410,7.6904,82.2781,0.787907
-409.2254,7.7158,82.1657,0.788125
-409.7732,7.7445,82.0389,0.788364
-410.3240,7.7733,81.9119,0.788605
-410.8781,7.8024,81.7849,0.788845
-411.3732,7.8283,81.6718,0.789065
-411.9331,7.8576,81.5446,0.789316
-412.4961,7.8871,81.4174,0.789565
-412.9990,7.9134,81.3041,0.789783
-413.5675,7.9431,81.1767,0.790035
-414.1388,7.9730,81.0492,0.790285
-414.6504,8.0022,80.9354,0.790513
-415.2269,8.0349,80.8073,0.790763
-415.8054,8.0678,80.6789,0.791022
-416.3858,8.1008,80.5498,0.791276
-416.9680,8.1338,80.4203,0.791525
-417.4869,8.1632,80.3046,0.791755
-418.0722,8.1965,80.1738,0.792003
-418.6592,8.2298,80.0424,0.792269
-419.1825,8.2595,79.9250,0.792484
-419.7729,8.2930,79.7924,0.792737
-420.3650,8.3266,79.6592,0.792997
-420.9585,8.3603,79.5254,0.793247
-421.5530,8.3941,79.3912,0.793507
-422.0821,8.4241,79.2715,0.793739
-422.6776,8.4580,79.1366,0.793994
-423.2735,8.4918,79.0013,0.794246
-424.0684,8.5370,78.8205,0.794583
-424.7322,8.5759,78.6692,0.794864
-425.3290,8.6119,78.5328,0.795120
-425.8597,8.6439,78.4114,0.795340
-426.4571,8.6800,78.2744,0.795596
-427.0548,8.7161,78.1371,0.795848
-427.6532,8.7522,77.9999,0.796103
-428.1859,8.7843,77.8782,0.796333
-428.7863,8.8205,77.7415,0.796582
-429.3881,8.8568,77.6054,0.796841
-429.9914,8.8931,77.4700,0.797096
-430.5962,8.9296,77.3353,0.797345
-431.2025,8.9661,77.2012,0.797601
-431.7428,8.9986,77.0826,0.797832
-432.3519,9.0352,76.9498,0.798088
-432.9624,9.0720,76.8177,0.798340
-433.5744,9.1088,76.6863,0.798597
-434.1878,9.1456,76.5556,0.798858
-434.8027,9.1826,76.4255,0.799117
-435.2819,9.2113,76.3249,0.799319
-435.9686,9.2527,76.1814,0.799609
-436.5872,9.2916,76.0528,0.799864
-437.2070,9.3306,75.9243,0.800128
-437.7588,9.3652,75.8099,0.800362
-438.3805,9.4043,75.6809,0.800624
-439.0031,9.4434,75.5511,0.800885
-439.6267,9.4826,75.4207,0.801150
-440.2511,9.5219,75.2897,0.801414
-440.8071,9.5568,75.1726,0.801648
-441.5033,9.6006,75.0256,0.801943
-442.0612,9.6357,74.9072,0.802179
-442.6902,9.6752,74.7735,0.802448
-443.2502,9.7105,74.6539,0.802680
-443.8813,9.7502,74.5188,0.802942
-444.5136,9.7899,74.3828,0.803214
-445.1471,9.8298,74.2461,0.803486
-445.7112,9.8653,74.1238,0.803723
-446.4177,9.9098,73.9701,0.804023
-446.9839,9.9455,73.8463,0.804259
-447.6219,9.9856,73.7062,0.804535
-448.2611,10.0259,73.5653,0.804802
-448.9022,10.0667,73.4233,0.805074
-449.4723,10.1040,73.2965,0.805316
-450.1148,10.1460,73.1531,0.805585
-450.7585,10.1881,73.0087,0.805860
-451.4034,10.2302,72.8634,0.806133
-452.0494,10.2725,72.7172,0.806408
-452.6965,10.3148,72.5701,0.806685
-453.2727,10.3525,72.4386,0.806928
-453.9220,10.3950,72.2899,0.807197
-454.5725,10.4376,72.1404,0.807480
-455.2242,10.4802,71.9900,0.807750
-455.8044,10.5182,71.8557,0.807998
-456.4584,10.5610,71.7037,0.808277
-457.1134,10.6039,71.5509,0.808557
-457.7697,10.6469,71.3972,0.808831
-458.4271,10.6900,71.2426,0.809115
-459.0856,10.7332,71.0872,0.809390
-459.7453,10.7764,70.9310,0.809672
-460.3327,10.8149,70.7914,0.809924
-460.9946,10.8583,70.6335,0.810204
-461.5839,10.8970,70.4924,0.810453
-462.2479,10.9406,70.3329,0.810736
-462.9138,10.9846,70.1724,0.811022
-463.5061,11.0246,70.0294,0.811267
-464.1738,11.0697,69.8679,0.811553
-464.8429,11.1149,69.7061,0.811841
-465.5135,11.1602,69.5442,0.812126
-466.1857,11.2056,69.3825,0.812411
-466.7846,11.2461,69.2390,0.812665
-467.4598,11.2917,69.0780,0.812950
-468.1366,11.3374,68.9174,0.813238
-468.8149,11.3831,68.7572,0.813527
-469.4192,11.4239,68.6152,0.813782
-470.1005,11.4699,68.4559,0.814074
-470.7832,11.5159,68.2972,0.814360
-471.4674,11.5620,68.1389,0.814648
-472.0768,11.6031,67.9988,0.814911
-472.7638,11.6494,67.8416,0.815199
-473.4524,11.6958,67.6851,0.815488
-474.1425,11.7422,67.5290,0.815779
-474.8344,11.7888,67.3734,0.816071
-475.5280,11.8355,67.2184,0.816363
-476.2232,11.8823,67.0638,0.816658
-476.8426,11.9239,66.9268,0.816916
-477.5410,11.9709,66.7729,0.817209
-478.2386,12.0156,66.6199,0.817506
-478.9403,12.0569,66.4662,0.817799
-479.6433,12.0983,66.3125,0.818095
-480.2693,12.1352,66.1759,0.818360
-481.0537,12.1813,66.0048,0.818687
-481.6828,12.2184,65.8677,0.818952
-482.3922,12.2601,65.7132,0.819251
-483.1032,12.3020,65.5583,0.819549
-483.8159,12.3440,65.4031,0.819853
-484.5303,12.3860,65.2476,0.820155
-485.1664,12.4233,65.1091,0.820422
-485.8839,12.4647,64.9529,0.820721
-486.6032,12.5064,64.7965,0.821026
-487.3242,12.5481,64.6396,0.821328
-487.9665,12.5854,64.4998,0.821598
-488.6908,12.6273,64.3421,0.821902
-489.4168,12.6694,64.1840,0.822207
-490.1446,12.7115,64.0255,0.822512
-490.7930,12.7491,63.8842,0.822788
-491.5240,12.7915,63.7249,0.823096
-492.2564,12.8333,63.5652,0.823407
-492.9910,12.8750,63.4053,0.823711
-493.7272,12.9169,63.2446,0.824027
-494.4650,12.9589,63.0836,0.824333
-495.1224,12.9963,62.9401,0.824610
-495.8636,13.0384,62.7782,0.824922
-496.6065,13.0807,62.6160,0.825234
-497.2683,13.1183,62.4714,0.825512
-498.0145,13.1607,62.3082,0.825829
-498.7620,13.2027,62.1448,0.826141
-499.4283,13.2397,61.9993,0.826426
-500.1793,13.2815,61.8349,0.826741
-500.9321,13.3234,61.6701,0.827055
-501.6866,13.3654,61.5048,0.827375
-502.4428,13.4075,61.3391,0.827696
-503.2008,13.4497,61.1730,0.828015
-503.8760,13.4873,61.0249,0.828300
-504.6372,13.5296,60.8580,0.828618
-505.3996,13.5710,60.6907,0.828939
-506.1639,13.6123,60.5231,0.829261
-506.9286,13.6538,60.3558,0.829585
-507.6077,13.6907,60.2070,0.829870
-508.3702,13.7321,60.0403,0.830189
-509.1307,13.7734,59.8741,0.830511
-509.8886,13.8145,59.7087,0.830832
-510.6427,13.8555,59.5442,0.831149
-511.3089,13.8909,59.3991,0.831428
-512.0543,13.9300,59.2371,0.831744
-512.7944,13.9689,59.0768,0.832056
-513.5293,14.0075,58.9187,0.832362
-514.1780,14.0417,58.7799,0.832634
-514.9023,14.0799,58.6261,0.832937
-515.6210,14.1177,58.4751,0.833239
-516.3340,14.1553,58.3266,0.833538
-517.0420,14.1932,58.1806,0.833836
-517.6654,14.2277,58.0532,0.834093
-518.3613,14.2662,57.9125,0.834387
-519.0514,14.3044,57.7747,0.834677
-519.6601,14.3380,57.6553,0.834930
-520.3396,14.3751,57.5234,0.835215
-521.0135,14.4119,57.3950,0.835495
-521.9037,14.4604,57.2296,0.835863
-522.5663,14.4976,57.1100,0.836137
-523.2218,14.5365,56.9950,0.836413
-523.8000,14.5708,56.8966,0.836651
-524.4452,14.6091,56.7900,0.836916
-525.0140,14.6426,56.6997,0.837151
-525.6487,14.6794,56.6009,0.837410
-526.2776,14.7159,56.5061,0.837667
-526.9006,14.7520,56.4152,0.837921
-527.4496,14.7839,56.3376,0.838147
-528.0619,14.8193,56.2539,0.838396
-528.6686,14.8544,56.1741,0.838645
-529.2696,14.8892,56.0984,0.838887
-529.8648,14.9236,56.0266,0.839129
-530.3887,14.9537,55.9674,0.839342
-530.9730,14.9867,55.9031,0.839577
-531.4875,15.0157,55.8491,0.839785
-532.0610,15.0480,55.7922,0.840015
-532.6269,15.0788,55.7393,0.840242
-533.1895,15.1070,55.6903,0.840471
-533.7464,15.1349,55.6450,0.840694
-534.2975,15.1624,55.6036,0.840917
-534.8434,15.1898,55.5663,0.841133
-535.3246,15.2139,55.5367,0.841325
-535.8626,15.2406,55.5082,0.841539
-536.3984,15.2668,55.4824,0.841752
-536.9323,15.2930,55.4602,0.841967
-537.4014,15.3153,55.4432,0.842154
-537.9319,15.3347,55.4272,0.842366
-538.4599,15.3540,55.4140,0.842578
-538.9852,15.3732,55.4037,0.842787
-539.4498,15.3903,55.3971,0.842972
-539.9695,15.4093,55.3931,0.843179
-540.4863,15.4283,55.3928,0.843386
-540.9438,15.4450,55.3956,0.843570
-541.4561,15.4636,55.4028,0.843773
-541.9664,15.4821,55.4133,0.843976
-542.4698,15.4996,55.4268,0.844178
-542.9207,15.5085,55.4415,0.844357
-543.4265,15.5185,55.4603,0.844559
-543.9306,15.5285,55.4815,0.844758
-544.4334,15.5384,55.5054,0.844958
-544.9355,15.5484,55.5322,0.845159
-545.4374,15.5583,55.5626,0.845360
-545.8278,15.5661,55.5888,0.845516
-546.3857,15.5772,55.6302,0.845735
-546.8878,15.5873,55.6721,0.845937
-547.2779,15.5951,55.7076,0.846091
-547.8346,15.6064,55.7628,0.846310
-548.4972,15.6117,55.8344,0.846578
-549.0521,15.6149,55.8985,0.846799
-549.5508,15.6178,55.9594,0.846997
-549.9933,15.6205,56.0163,0.847173
-550.4906,15.6227,56.0822,0.847373
-550.9876,15.6249,56.1536,0.847570
-551.4844,15.6271,56.2289,0.847770
-551.9257,15.6291,56.2990,0.847947
-552.4216,15.6312,56.3815,0.848147
-552.9167,15.6334,56.4675,0.848344
-553.3560,15.6353,56.5468,0.848521
-553.8495,15.6374,56.6389,0.848717
-554.3398,15.6372,56.7335,0.848915
-554.8322,15.6355,56.8309,0.849114
-555.2695,15.6340,56.9194,0.849289
-555.7613,15.6322,57.0214,0.849490
-556.1984,15.6307,57.1143,0.849667
-556.6899,15.6289,57.2183,0.849864
-557.1816,15.6258,57.3281,0.850067
-557.6735,15.6226,57.4404,0.850270
-558.1110,15.6197,57.5422,0.850448
-558.6578,15.6161,57.6720,0.850674
-559.0956,15.6131,57.7777,0.850853
-559.5880,15.6098,57.8986,0.851056
-560.0808,15.6064,58.0215,0.851256
-560.5192,15.6034,58.1326,0.851442
-561.0114,15.5983,58.2590,0.851645
-561.5054,15.5926,58.3875,0.851848
-561.9450,15.5876,58.5033,0.852030
-562.3849,15.5825,58.6206,0.852213
-562.8802,15.5768,58.7544,0.852420
-563.4313,15.5704,58.9053,0.852650
-563.8727,15.5646,59.0237,0.852835
-564.3700,15.5570,59.1629,0.853043
-564.8127,15.5502,59.2880,0.853232
-565.3113,15.5426,59.4301,0.853438
-565.8107,15.5349,59.5737,0.853648
-566.2552,15.5280,59.7025,0.853835
-566.9790,15.5167,59.9146,0.854143
-567.4245,15.5096,60.0468,0.854328
-567.9275,15.5002,60.1973,0.854541
-568.4315,15.4907,60.3495,0.854753
-568.9363,15.4811,60.5035,0.854965
-569.4420,15.4715,60.6593,0.855179
-569.9485,15.4618,60.8170,0.855395
-570.3994,15.4531,60.9588,0.855585
-570.9080,15.4431,61.1161,0.855802
-571.3605,15.4328,61.2611,0.855994
-571.8704,15.4210,61.4263,0.856212
-572.3244,15.4104,61.5752,0.856401
-572.8358,15.3984,61.7452,0.856620
-573.3478,15.3863,61.9181,0.856837
-573.8606,15.3741,62.0942,0.857056
-574.3732,15.3607,62.2735,0.857272
-574.8299,15.3481,62.4361,0.857466
-575.3441,15.3337,62.6225,0.857688
-575.8015,15.3208,62.7913,0.857878
-576.3165,15.3061,62.9849,0.858100
-576.8315,15.2912,63.1823,0.858317
-577.3465,15.2762,63.3838,0.858537
-577.8046,15.2616,63.5628,0.858737
-578.3769,15.2425,63.7951,0.858981
-578.8346,15.2271,63.9843,0.859175
-579.4058,15.2075,64.2250,0.859428
-579.8616,15.1918,64.4208,0.859623
-580.3710,15.1735,64.6438,0.859840
-580.8796,15.1526,64.8706,0.860063
-581.3857,15.1316,65.1004,0.860286
-581.8332,15.1129,65.3072,0.860482
-582.3339,15.0917,65.5424,0.860704
-582.8315,15.0704,65.7785,0.860920
-583.2712,15.0504,65.9917,0.861111
-583.7629,15.0279,66.2336,0.861328
-584.2514,15.0053,66.4771,0.861543
-584.7366,14.9827,66.7222,0.861760
-585.2184,14.9600,66.9686,0.861976
-585.6439,14.9399,67.1887,0.862161
-586.1160,14.9124,67.4356,0.862375
-586.6411,14.8801,67.7127,0.862607
-587.0584,14.8542,67.9352,0.862793
-587.5251,14.8251,68.1865,0.863011
-587.9372,14.7993,68.4110,0.863192
-588.3979,14.7702,68.6651,0.863404
-588.8559,14.7410,68.9213,0.863608
-589.3111,14.7118,69.1795,0.863819
-589.9138,14.6728,69.5272,0.864091
-590.3621,14.6435,69.7907,0.864302
-590.7535,14.6118,70.0242,0.864479
-591.1964,14.5745,70.2908,0.864685
-591.6364,14.5371,70.5592,0.864888
-592.0259,14.5039,70.7988,0.865064
-592.4614,14.4661,71.0722,0.865270
-592.8944,14.4281,71.3489,0.865474
-593.3253,14.3899,71.6297,0.865679
-593.7064,14.3558,71.8829,0.865855
-594.1331,14.3171,72.1718,0.866060
-594.5540,14.2769,72.4628,0.866263
-594.9286,14.2368,72.7261,0.866448
-595.3477,14.1916,73.0254,0.866648
-595.7646,14.1463,73.3280,0.866851
-596.1791,14.1008,73.6343,0.867052
-596.5917,14.0550,73.9447,0.867253
-596.9566,14.0141,74.2244,0.867436
-597.3657,13.9677,74.5434,0.867640
-597.7733,13.9211,74.8670,0.867844
-598.1327,13.8779,75.1571,0.868020
-598.5367,13.8278,75.4885,0.868230
-598.8943,13.7831,75.7862,0.868409
-599.2950,13.7326,76.1249,0.868618
-599.6939,13.6818,76.4677,0.868813
-600.0912,13.6307,76.8147,0.869025
-600.4431,13.5850,77.1269,0.869202
-600.8372,13.5334,77.4826,0.869415
-601.1864,13.4875,77.8030,0.869598
-601.5770,13.4361,78.1676,0.869801
-601.9653,13.3844,78.5368,0.870008
-602.3516,13.3324,78.9106,0.870219
-602.6931,13.2860,79.2465,0.870401
-603.0328,13.2393,79.5859,0.870587
-603.4127,13.1866,79.9719,0.870791
-603.7484,13.1397,80.3183,0.870981
-604.1245,13.0869,80.7139,0.871187
-604.4964,13.0376,81.1124,0.871396
-604.8241,12.9937,81.4704,0.871583
-605.1898,12.9440,81.8775,0.871787
-605.5120,12.8997,82.2429,0.871973
-605.8715,12.8497,82.6579,0.872181
-606.1881,12.8051,83.0303,0.872376
-606.5416,12.7552,83.4526,0.872575
-606.8519,12.7108,83.8315,0.872765
-607.1974,12.6608,84.2615,0.872973
-607.5400,12.6126,84.6973,0.873188
-607.8401,12.5702,85.0875,0.873376
-608.1734,12.5223,85.5310,0.873585
-608.5021,12.4742,85.9790,0.873795
-608.7902,12.4313,86.3810,0.873987
-609.1097,12.3830,86.8372,0.874198
-609.4239,12.3345,87.2974,0.874411
-609.6987,12.2914,87.7096,0.874600
-610.0038,12.2424,88.1756,0.874812
-610.3024,12.1932,88.6461,0.875019
-610.5628,12.1494,89.0672,0.875217
-610.8503,12.1004,89.5445,0.875432
-611.1316,12.0521,90.0247,0.875646
-611.3762,12.0091,90.4542,0.875834
-611.6454,11.9607,90.9404,0.876045
-611.8792,11.9176,91.3751,0.876237
-612.1656,11.8641,91.9211,0.876477
-612.4154,11.8161,92.4158,0.876688
-612.6319,11.7733,92.8577,0.876879
-612.8693,11.7253,93.3575,0.877089
-613.0751,11.6825,93.8041,0.877281
-613.3007,11.6344,94.3093,0.877493
-613.5443,11.5808,94.8737,0.877745
-613.7341,11.5380,95.3277,0.877926
-613.9193,11.4951,95.7838,0.878117
-614.1230,11.4476,96.3001,0.878332
-614.3214,11.4009,96.8183,0.878550
-614.5148,11.3541,97.3391,0.878776
-614.7037,11.3072,97.8624,0.878984
-614.8682,11.2655,98.3296,0.879186
-615.0717,11.2128,98.9151,0.879425
-615.2298,11.1702,99.3866,0.879622
-615.3854,11.1276,99.8600,0.879818
-615.5765,11.0742,100.4546,0.880071
-615.7455,11.0259,100.9928,0.880295
-615.8933,10.9828,101.4736,0.880500
-616.0568,10.9342,102.0174,0.880731
-616.1997,10.8909,102.5033,0.880925
-616.3577,10.8419,103.0528,0.881155
-616.5132,10.7928,103.6065,0.881384
-616.6658,10.7457,104.1621,0.881619
-616.8156,10.6985,104.7207,0.881850
-616.9627,10.6510,105.2821,0.882082
-617.0918,10.6087,105.7835,0.882287
-617.2349,10.5610,106.3501,0.882524
-617.3779,10.5130,106.9183,0.882761
-617.5170,10.4639,107.4900,0.882997
-617.6389,10.4202,108.0003,0.883213
-617.7742,10.3707,108.5769,0.883452
-617.9077,10.3211,109.1564,0.883690
-618.0390,10.2714,109.7385,0.883936
-618.1683,10.2214,110.3234,0.884166
-618.2818,10.1768,110.8456,0.884391
-618.4079,10.1285,111.4369,0.884627
-618.5321,10.0802,112.0297,0.884871
-618.6552,10.0318,112.6248,0.885116
-618.7639,9.9886,113.1557,0.885336
-618.8721,9.9453,113.6884,0.885559
-619.0084,9.8913,114.3569,0.885828
-619.1290,9.8432,114.9606,0.886081
-619.2490,9.7950,115.5667,0.886335
-619.3550,9.7519,116.1075,0.886552
-619.4738,9.7033,116.7182,0.886806
-619.5790,9.6627,117.2659,0.887034
-619.6962,9.6188,117.8817,0.887287
-619.8127,9.5747,118.5001,0.887544
-619.9163,9.5355,119.0521,0.887773
-620.0316,9.4918,119.6751,0.888030
-620.1461,9.4478,120.3005,0.888292
-620.2606,9.4066,120.9322,0.888547
-620.3734,9.3706,121.5613,0.888808
-620.4725,9.3385,122.1202,0.889037
-620.5707,9.3066,122.6777,0.889264
-620.6914,9.2670,123.3711,0.889551
-620.7983,9.2315,123.9909,0.889809
-620.8918,9.1998,124.5385,0.890032
-620.9953,9.1644,125.1505,0.890283
-621.0971,9.1292,125.7585,0.890541
-621.1966,9.0944,126.3622,0.890788
-621.2831,9.0637,126.8956,0.891006
-621.3779,9.0295,127.4918,0.891251
-621.4601,8.9992,128.0185,0.891464
-621.5499,8.9653,128.6074,0.891712
-621.6368,8.9317,129.1924,0.891949
-621.7116,8.9020,129.7091,0.892161
-621.7928,8.8688,130.2868,0.892396
-621.8712,8.8359,130.8609,0.892629
-621.9376,8.8070,131.3682,0.892842
-622.0090,8.7747,131.9354,0.893072
-622.0763,8.7426,132.4992,0.893298
-622.1396,8.7107,133.0595,0.893525
-622.1923,8.6826,133.5547,0.893726
-622.2476,8.6511,134.1087,0.893946
-622.2986,8.6200,134.6599,0.894174
-622.3405,8.5925,135.1476,0.894369
-622.3837,8.5618,135.6948,0.894586
-622.4229,8.5310,136.2407,0.894817
-622.4584,8.5004,136.7858,0.895029
-622.4907,8.4699,137.3304,0.895247
-622.5162,8.4429,137.8140,0.895441
-622.5418,8.4126,138.3579,0.895660
-622.5645,8.3823,138.9019,0.895875
-622.5842,8.3519,139.4458,0.896098
-622.5995,8.3250,139.9290,0.896289
-622.6141,8.2952,140.4727,0.896509
-622.6259,8.2657,141.0153,0.896720
-622.6351,8.2362,141.5567,0.896937
-622.6417,8.2068,142.0963,0.897157
-622.6456,8.1776,142.6336,0.897358
-622.6470,8.1518,143.1088,0.897556
-622.6460,8.1229,143.6402,0.897765
-622.6427,8.0942,144.1680,0.897980
-622.6384,8.0689,144.6341,0.898166
-622.6307,8.0408,145.1547,0.898362
-622.6207,8.0129,145.6713,0.898566
-622.6100,7.9893,146.1279,0.898751
-622.5958,7.9633,146.6366,0.898957
-622.5795,7.9376,147.1412,0.899158
-622.5630,7.9148,147.5863,0.899329
-622.5450,7.8923,148.0283,0.899496
-622.5229,7.8670,148.5220,0.899692
-622.4987,7.8420,149.0122,0.899877
-622.4724,7.8172,149.4989,0.900065
-622.4437,7.7925,149.9823,0.900253
-622.4130,7.7680,150.4625,0.900442
-622.3799,7.7460,150.9420,0.900617
-622.3466,7.7273,151.3636,0.900781
-622.3058,7.7065,151.8351,0.900964
-622.2614,7.6857,152.3035,0.901137
-622.2130,7.6651,152.7687,0.901315
-622.1606,7.6446,153.2310,0.901490
-622.1107,7.6265,153.6393,0.901650
-622.0503,7.6062,154.0958,0.901811
-621.9854,7.5860,154.5510,0.901987
-621.9236,7.5701,154.9521,0.902134
-621.8501,7.5526,155.4017,0.902310
-621.7701,7.5357,155.8482,0.902468
-621.6943,7.5206,156.2432,0.902615
-621.6040,7.5038,156.6853,0.902777
-621.5080,7.4870,157.1248,0.902950
-621.4182,7.4721,157.5136,0.903091
-621.3120,7.4553,157.9488,0.903251
-621.1999,7.4393,158.3826,0.903410
-621.0955,7.4253,158.7663,0.903554
-620.9723,7.4096,159.1969,0.903717
-620.8430,7.3938,159.6266,0.903876
-620.7089,7.3784,160.0564,0.904041
-620.5837,7.3650,160.4368,0.904189
-620.4374,7.3500,160.8640,0.904346
-620.2855,7.3347,161.2897,0.904507
-620.1457,7.3207,161.6677,0.904655
-619.9091,7.2979,162.2804,0.904888
-619.7381,7.2821,162.7035,0.905048
-619.5612,7.2663,163.1256,0.905214
-619.3155,7.2451,163.6866,0.905431
-619.1255,7.2287,164.1055,0.905591
-618.9277,7.2113,164.5233,0.905762
-618.7238,7.1938,164.9398,0.905924
-618.5144,7.1761,165.3553,0.906087
-618.3217,7.1604,165.7225,0.906238
-618.0733,7.1406,166.1789,0.906423
-617.8701,7.1234,166.5390,0.906566
-617.6346,7.1028,166.9466,0.906740
-617.3925,7.0825,167.3495,0.906908
-617.1440,7.0620,167.7497,0.907068
-616.9177,7.0438,168.1027,0.907218
-616.6566,7.0232,168.4965,0.907386
-616.4186,7.0049,168.8435,0.907538
-616.1771,6.9840,169.1854,0.907680
-615.8680,6.9567,169.6130,0.907875
-615.5828,6.9322,169.9932,0.908041
-615.2917,6.9076,170.3698,0.908203
-614.9944,6.8830,170.7424,0.908368
-614.6906,6.8583,171.1109,0.908543
-614.4154,6.8361,171.4344,0.908688
-614.1011,6.8100,171.7962,0.908856
-613.7783,6.7825,172.1537,0.909030
-613.4493,6.7549,172.5073,0.909201
-613.1145,6.7272,172.8568,0.909366
-612.7737,6.6994,173.2021,0.909539
-612.4660,6.6746,173.5055,0.909696
-612.1129,6.6476,173.8437,0.909855
-611.7543,6.6214,174.1766,0.910024
-611.4304,6.5980,174.4686,0.910174
-611.0602,6.5716,174.7928,0.910345
-610.6859,6.5447,175.1132,0.910518
-610.3042,6.5170,175.4279,0.910688
-609.9175,6.4892,175.7378,0.910862
-609.5670,6.4663,176.0110,0.911023
-609.1699,6.4426,176.3118,0.911190
-608.7674,6.4189,176.6076,0.911365
-608.3596,6.3950,176.8987,0.911534
-607.9467,6.3711,177.1853,0.911716
-607.5290,6.3471,177.4674,0.911897
-607.1546,6.3258,177.7159,0.912048
-606.7286,6.3021,177.9891,0.912231
-606.2961,6.2825,178.2599,0.912413
-605.8605,6.2633,178.5230,0.912602
-605.4200,6.2440,178.7811,0.912783
-604.9750,6.2247,179.0345,0.912960
-604.5261,6.2052,179.2834,0.913147
-604.1238,6.1878,179.5011,0.913311
-603.6172,6.1661,179.7683,0.913520
-603.2090,6.1486,179.9780,0.913690
-602.7431,6.1304,180.2111,0.913885
-602.2759,6.1162,180.4380,0.914065
-601.8042,6.1019,180.6598,0.914262
-601.3282,6.0876,180.8765,0.914460
-600.8484,6.0732,181.0882,0.914659
-600.3655,6.0586,181.2955,0.914858
-599.9334,6.0455,181.4753,0.915030
-599.4446,6.0307,181.6730,0.915233
-598.9532,6.0159,181.8662,0.915425
-598.4587,6.0010,182.0551,0.915629
-597.9585,5.9898,182.2408,0.915825
-597.4573,5.9789,182.4218,0.916025
-596.9531,5.9680,182.5992,0.916237
-596.4462,5.9570,182.7738,0.916440
-595.9366,5.9461,182.9456,0.916644
-595.3677,5.9340,183.1339,0.916875
-594.8533,5.9230,183.3013,0.917087
-594.3365,5.9120,183.4669,0.917293
-593.8751,5.9022,183.6129,0.917490
-593.3517,5.8912,183.7763,0.917695
-592.8267,5.8825,183.9378,0.917915
-592.3574,5.8747,184.0799,0.918110
-591.8264,5.8659,184.2382,0.918331
-591.2925,5.8570,184.3949,0.918552
-590.7555,5.8481,184.5502,0.918770
-590.2155,5.8392,184.7039,0.918991
-589.6725,5.8302,184.8564,0.919220
-589.1874,5.8222,184.9910,0.919420
-588.6384,5.8130,185.1412,0.919639
-588.0864,5.8039,185.2901,0.919870
-587.5918,5.7967,185.4217,0.920079
-587.0335,5.7897,185.5681,0.920308
-586.4720,5.7827,185.7130,0.920545
-585.9070,5.7756,185.8565,0.920775
-585.3389,5.7686,185.9983,0.921008
-584.7673,5.7614,186.1385,0.921247
-584.2567,5.7551,186.2616,0.921457
-583.6792,5.7479,186.3983,0.921699
-583.0983,5.7406,186.5331,0.921939
-582.5790,5.7341,186.6512,0.922152
-581.9918,5.7268,186.7819,0.922398
-581.4001,5.7210,186.9107,0.922643
-580.8060,5.7156,187.0370,0.922888
-580.2088,5.7103,187.1610,0.923134
-579.6085,5.7049,187.2831,0.923376
-579.0051,5.6995,187.4033,0.923622
-578.4665,5.6946,187.5089,0.923850
-577.8580,5.6892,187.6264,0.924095
-577.2468,5.6837,187.7427,0.924346
-576.6329,5.6782,187.8578,0.924603
-576.0847,5.6733,187.9592,0.924824
-575.4654,5.6677,188.0721,0.925083
-574.8422,5.6636,188.1839,0.925336
-574.2170,5.6599,188.2942,0.925595
-573.5887,5.6561,188.4032,0.925851
-573.0280,5.6528,188.4991,0.926083
-572.3943,5.6490,188.6060,0.926340
-571.7580,5.6452,188.7119,0.926604
-571.1901,5.6418,188.8052,0.926839
-570.5486,5.6380,188.9093,0.927106
-569.9044,5.6341,189.0125,0.927366
-569.3295,5.6307,189.1035,0.927606
-568.6800,5.6268,189.2051,0.927871
-568.0997,5.6241,189.2951,0.928112
-567.4453,5.6219,189.3958,0.928379
-566.7883,5.6196,189.4965,0.928654
-566.1290,5.6174,189.5976,0.928926
-565.4676,5.6152,189.6994,0.929202
-564.8040,5.6130,189.8022,0.929472
-564.2123,5.6110,189.8944,0.929715
-563.5446,5.6087,189.9992,0.929994
-562.8744,5.6065,190.1053,0.930275
-562.2020,5.6042,190.2126,0.930551
-561.5269,5.6019,190.3211,0.930833
-560.8486,5.5998,190.4311,0.931116
-560.1683,5.5986,190.5424,0.931399
-559.5614,5.5976,190.6425,0.931652
-558.8761,5.5964,190.7565,0.931934
-558.1882,5.5952,190.8720,0.932224
-557.4979,5.5940,190.9891,0.932509
-556.8049,5.5927,191.1077,0.932801
-556.1868,5.5917,191.2144,0.933062
-555.4891,5.5904,191.3359,0.933352
-554.7888,5.5892,191.4590,0.933643
-554.0859,5.5880,191.5837,0.933941
-553.3806,5.5867,191.7100,0.934236
-552.6725,5.5855,191.8379,0.934528
-551.9620,5.5842,191.9675,0.934828
-551.2489,5.5930,192.0987,0.935128
-550.5330,5.5917,192.2316,0.935429
-549.8146,5.5905,192.3662,0.935733
-549.1743,5.5893,192.4870,0.936001
-548.4514,5.5881,192.6241,0.936304
-547.8066,5.5869,192.7471,0.936573
-547.0789,5.5857,192.8868,0.936878
-546.3484,5.5844,193.0279,0.937187
-545.5337,5.5830,193.1863,0.937534
-544.8796,5.5818,193.3144,0.937806
-544.1412,5.5805,193.4598,0.938119
-543.4828,5.5793,193.5902,0.938396
-542.7397,5.5780,193.7383,0.938710
-541.9941,5.5767,193.8878,0.939026
-541.2459,5.5754,194.0385,0.939342
-540.4952,5.5741,194.1904,0.939660
-539.7418,5.5728,194.3433,0.939979
-538.9856,5.5714,194.4974,0.940293
-538.2268,5.5701,194.6523,0.940616
-537.4652,5.5688,194.8080,0.940937
-536.7009,5.5674,194.9643,0.941260
-535.9338,5.5661,195.1211,0.941582
-535.2496,5.5648,195.2608,0.941871
-534.4772,5.5635,195.4185,0.942195
-533.7021,5.5621,195.5766,0.942521
-532.9244,5.5607,195.7351,0.942852
-532.1439,5.5594,195.8940,0.943178
-531.4479,5.5581,196.0355,0.943474
-530.6625,5.5568,196.1953,0.943806
-529.8745,5.5554,196.3556,0.944139
-529.0839,5.5540,196.5164,0.944476
-528.2914,5.5526,196.6777,0.944807
-527.4987,5.5512,196.8389,0.945139
-526.7919,5.5500,196.9827,0.945437
-525.9977,5.5486,197.1442,0.945773
-525.2046,5.5472,197.3055,0.946107
-524.4124,5.5458,197.4666,0.946443
-523.7067,5.5445,197.6101,0.946741
-522.9109,5.5431,197.7720,0.947075
-522.1136,5.5417,197.9342,0.947413
-521.3152,5.5403,198.0967,0.947746
-520.5165,5.5389,198.2593,0.948083
-519.8066,5.5376,198.4039,0.948385
-519.0081,5.5362,198.5665,0.948720
-518.2101,5.5348,198.7289,0.949057
-517.4130,5.5334,198.8913,0.949391
-516.7053,5.5322,199.0354,0.949693
-515.9102,5.5308,199.1974,0.950029
-515.1162,5.5294,199.3593,0.950361
-514.4114,5.5281,199.5029,0.950660
-513.5316,5.5266,199.6824,0.951031
-512.8287,5.5254,199.8258,0.951326
-512.0391,5.5240,199.9869,0.951658
-511.2506,5.5226,200.1479,0.951993
-510.5506,5.5213,200.2908,0.952289
-509.8515,5.5201,200.4336,0.952582
-509.0661,5.5187,200.5940,0.952917
-508.2817,5.5173,200.7543,0.953247
-507.4985,5.5160,200.9144,0.953576
-506.8032,5.5147,201.0565,0.953871
-506.0220,5.5134,201.2163,0.954200
-505.3286,5.5121,201.3582,0.954492
-504.5495,5.5108,201.5176,0.954819
-503.8593,5.5084,201.6589,0.955114
-503.0822,5.5036,201.8180,0.955440
-502.3062,5.4988,201.9770,0.955766
-501.5314,5.4941,202.1357,0.956093
-500.8436,5.4898,202.2767,0.956384
-500.0704,5.4850,202.4351,0.956707
-499.2977,5.4803,202.5934,0.957038
-498.5251,5.4755,202.7518,0.957361
-497.7525,5.4707,202.9103,0.957686
-496.9796,5.4659,203.0689,0.958015
-496.2924,5.4617,203.2100,0.958301
-495.5191,5.4569,203.3688,0.958626
-494.7455,5.4521,203.5277,0.958958
-493.9717,5.4473,203.6867,0.959286
-493.1975,5.4426,203.8458,0.959612
-492.5093,5.4383,203.9874,0.959901
-491.7350,5.4335,204.1473,0.960229
-490.9606,5.4287,204.3083,0.960556
-490.1865,5.4239,204.4707,0.960884
-489.4985,5.4197,204.6166,0.961174
-488.7245,5.4149,204.7822,0.961503
-487.9506,5.4101,204.9496,0.961830
-487.1765,5.4053,205.1185,0.962158
-486.4883,5.4010,205.2703,0.962448
-485.7135,5.3962,205.4424,0.962781
-484.9381,5.3914,205.6158,0.963107
-484.0755,5.3861,205.8093,0.963474
-483.2979,5.3813,205.9841,0.963807
-482.6055,5.3770,206.1397,0.964097
-481.8253,5.3721,206.3147,0.964428
-481.0435,5.3673,206.4894,0.964761
-480.4344,5.3635,206.6252,0.965018
-479.5629,5.3581,206.8189,0.965388
-478.7772,5.3532,206.9930,0.965722
-478.0777,5.3489,207.1477,0.966019
-477.2022,5.3434,207.3411,0.966387
-476.5008,5.3391,207.4961,0.966682
-475.7109,5.3342,207.6708,0.967018
-474.9200,5.3293,207.8458,0.967348
-474.2160,5.3249,208.0016,0.967650
-473.4231,5.3200,208.1772,0.967992
-472.6290,5.3151,208.3529,0.968323
-471.9221,5.3107,208.5091,0.968619
-471.1256,5.3058,208.6850,0.968957
-470.3280,5.3008,208.8611,0.969301
-469.5292,5.2959,209.0375,0.969638
-468.8183,5.2915,209.1947,0.969940
-468.0175,5.2865,209.3720,0.970276
-467.2157,5.2815,209.5499,0.970615
-466.4127,5.2766,209.7285,0.970959
-465.6088,5.2716,209.9077,0.971301
-464.8037,5.2666,210.0877,0.971643
-463.9976,5.2616,210.2683,0.971985
-463.1902,5.2566,210.4496,0.972323
-462.3818,5.2516,210.6317,0.972668
-461.5723,5.2465,210.8146,0.973012
-460.7616,5.2415,210.9982,0.973353
-460.0400,5.2370,211.1621,0.973664
-459.2273,5.2320,211.3473,0.974006
-458.4133,5.2269,211.5332,0.974353
-457.5983,5.2219,211.7200,0.974700
-456.7820,5.2168,211.9076,0.975046
-456.0556,5.2123,212.0751,0.975351
-455.2372,5.2072,212.2643,0.975697
-454.5089,5.2027,212.4331,0.976007
-453.6884,5.1976,212.6239,0.976354
-452.8668,5.1925,212.8156,0.976706
-452.0440,5.1874,213.0081,0.977055
-451.3117,5.1828,213.1799,0.977366
-450.3950,5.1771,213.3955,0.977753
-449.6606,5.1725,213.5687,0.978066
-448.8333,5.1674,213.7643,0.978419
-448.0968,5.1628,213.9388,0.978728
-447.2673,5.1577,214.1359,0.979082
-446.4365,5.1525,214.3337,0.979433
-445.6046,5.1473,214.5324,0.979785
-444.8642,5.1427,214.7096,0.980101
-444.0301,5.1375,214.9097,0.980455
-443.1948,5.1323,215.1105,0.980808
-442.4514,5.1277,215.2898,0.981124
-441.6139,5.1225,215.4921,0.981480
-440.7753,5.1172,215.6952,0.981837
-440.0289,5.1126,215.8764,0.982154
-439.1880,5.1074,216.0810,0.982514
-438.4396,5.1027,216.2635,0.982828
-437.5966,5.0974,216.4695,0.983186
-436.7523,5.0922,216.6761,0.983548
-435.9066,5.0869,216.8832,0.983906
-435.1537,5.0822,217.0675,0.984229
-434.3052,5.0769,217.2749,0.984589
-433.4552,5.0716,217.4822,0.984953
-432.6035,5.0663,217.6890,0.985312
-431.8451,5.0616,217.8725,0.985633
-430.9904,5.0563,218.0786,0.985995
-430.1342,5.0510,218.2840,0.986363
-429.2764,5.0456,218.4889,0.986724
-428.4171,5.0403,218.6933,0.987087
-427.6520,5.0355,218.8745,0.987411
-426.7900,5.0302,219.0778,0.987780
-426.0226,5.0254,219.2581,0.988106
-425.1580,5.0200,219.4604,0.988468
-424.2920,5.0146,219.6623,0.988836
-423.4229,5.0100,219.8643,0.989207
-422.6507,5.0100,220.0430,0.989530
-421.7808,5.0100,220.2437,0.989899
-420.9095,5.0100,220.4440,0.990271
-420.0368,5.0100,220.6440,0.990633
-419.1630,5.0100,220.8437,0.991007
-418.3853,5.0100,221.0210,0.991338
-417.5093,5.0100,221.2204,0.991703
-416.6321,5.0100,221.4197,0.992073
-415.7536,5.0100,221.6189,0.992445
-414.9716,5.0100,221.7958,0.992781
-413.9926,5.0100,222.0169,0.993191
-413.2084,5.0100,222.1938,0.993521
-412.3250,5.0100,222.3929,0.993893
-411.4405,5.0100,222.5920,0.994265
-410.5547,5.0100,222.7913,0.994640
-409.7664,5.0100,222.9686,0.994976
-408.8785,5.0100,223.1683,0.995339
-407.9893,5.0100,223.3682,0.995715
-407.0990,5.0100,223.5683,0.996090
-406.3066,5.0100,223.7464,0.996419
-405.4141,5.0100,223.9470,0.996795
-404.6197,5.0100,224.1255,0.997126
-403.7249,5.0100,224.3266,0.997504
-402.8290,5.0100,224.5279,0.997879
-402.0320,5.0100,224.7071,0.998218
-400.7370,5.0100,224.9982,0.998759
-399.8411,5.0100,225.1997,0.999137
-398.9465,5.0100,225.4008,0.999516
-398.1524,5.0100,225.5795,0.999849
