-552.9050,5.5012,-60.8373,0.000225
-552.9539,5.5012,-61.2686,0.000335
-553.0028,5.5012,-61.6998,0.000456
-553.0463,5.5012,-62.0832,0.000548
-553.0952,5.5012,-62.5146,0.000656
-553.1495,5.5012,-62.9940,0.000772
-553.1984,5.5012,-63.4255,0.000897
-553.2418,5.5012,-63.8091,0.000986
-553.2907,5.5012,-64.2406,0.001097
-553.3396,5.5012,-64.6723,0.001205
-553.3885,5.5012,-65.1040,0.001316
-553.4320,5.5012,-65.4877,0.001417
-553.4810,5.5012,-65.9195,0.001524
-553.5298,5.5012,-66.3514,0.001637
-553.5788,5.5012,-66.7834,0.001748
-553.6278,5.5012,-67.2154,0.001858
-553.6768,5.5012,-67.6473,0.001969
-553.7260,5.5012,-68.0794,0.002074
-553.7697,5.5012,-68.4635,0.002174
-553.8243,5.5012,-68.9437,0.002298
-553.8735,5.5012,-69.3759,0.002410
-553.9229,5.5012,-69.8082,0.002522
-553.9724,5.5012,-70.2405,0.002631
-554.0163,5.5012,-70.6248,0.002731
-554.0657,5.5012,-71.0573,0.002837
-554.1152,5.5012,-71.4898,0.002947
-554.1646,5.5012,-71.9225,0.003058
-554.2086,5.5012,-72.3070,0.003159
-554.2580,5.5012,-72.7400,0.003273
-554.3074,5.5012,-73.1727,0.003384
-554.3569,5.5012,-73.6058,0.003490
-554.4063,5.5012,-74.0387,0.003598
-554.4557,5.5012,-74.4719,0.003711
-554.5052,5.5012,-74.9050,0.003824
-554.5546,5.5012,-75.3381,0.003930
-554.6041,5.5012,-75.7714,0.004046
-554.6535,5.5012,-76.2048,0.004146
-554.7030,5.5012,-76.6382,0.004267
-554.7470,5.5012,-77.0235,0.004365
-554.7964,5.5012,-77.4572,0.004475
-554.8459,5.5012,-77.8906,0.004588
-554.8954,5.5012,-78.3244,0.004699
-554.9450,5.5012,-78.7582,0.004811
-554.9944,5.5012,-79.1920,0.004923
-555.0439,5.5012,-79.6259,0.005026
-555.0881,5.5012,-80.0115,0.005134
-555.1379,5.5012,-80.4456,0.005239
-555.1933,5.5012,-80.9278,0.005363
-555.2432,5.5012,-81.3620,0.005474
-555.2877,5.5012,-81.7480,0.005570
-555.3376,5.5012,-82.1824,0.005688
-555.3875,5.5012,-82.6168,0.005794
-555.4375,5.5012,-83.0514,0.005907
-555.4875,5.5012,-83.4860,0.006022
-555.5375,5.5012,-83.9207,0.006134
-555.5875,5.5012,-84.3556,0.006249
-555.6319,5.5012,-84.7422,0.006339
-555.6819,5.5012,-85.1773,0.006455
-555.7319,5.5012,-85.6124,0.006564
-555.7819,5.5012,-86.0477,0.006681
-555.8318,5.5012,-86.4830,0.006790
-555.8818,5.5012,-86.9185,0.006901
-555.9318,5.5012,-87.3540,0.007013
-555.9818,5.5012,-87.7896,0.007121
-556.0318,5.5012,-88.2253,0.007236
-556.0818,5.5012,-88.6611,0.007351
-556.1262,5.5012,-89.0486,0.007447
-556.1763,5.5012,-89.4846,0.007560
-556.2263,5.5012,-89.9206,0.007665
-556.2762,5.5012,-90.3567,0.007785
-556.3262,5.5012,-90.7930,0.007895
-556.3707,5.5012,-91.1809,0.007996
-556.4207,5.5012,-91.6173,0.008109
-556.4763,5.5012,-92.1023,0.008236
-556.5207,5.5012,-92.4905,0.008328
-556.5707,5.5012,-92.9271,0.008445
-556.6207,5.5012,-93.3639,0.008557
-556.6707,5.5012,-93.8009,0.008667
-556.7208,5.5012,-94.2378,0.008779
-556.7711,5.5012,-94.6749,0.008892
-556.8214,5.5012,-95.1121,0.009004
-556.8659,5.5012,-95.5006,0.009106
-556.9161,5.5012,-95.9380,0.009214
-556.9664,5.5012,-96.3754,0.009363
-557.0168,5.5012,-96.8129,0.009487
-557.0616,5.5012,-97.2020,0.009562
-557.1119,5.5012,-97.6397,0.009583
-557.2625,5.5012,-98.9534,0.010011
-557.3126,5.5012,-99.3915,0.010114
-557.3628,5.5012,-99.8297,0.010205
-557.4130,5.5012,-100.2680,0.010299
-557.4575,5.5012,-100.6576,0.010719
-557.6025,5.5012,-101.9246,0.010734
-557.6528,5.5012,-102.3632,0.010818
-557.7031,5.5012,-102.8020,0.010943
-557.7535,5.5012,-103.2408,0.011088
-557.8037,5.5012,-103.6798,0.011202
-557.8541,5.5012,-104.1188,0.011315
-557.9046,5.5012,-104.5579,0.011433
-557.9551,5.5012,-104.9971,0.011537
-558.0057,5.5012,-105.4363,0.011653
-558.0562,5.5012,-105.8758,0.011768
-558.1066,5.5012,-106.3154,0.011877
-558.1514,5.5012,-106.7062,0.011979
-558.2014,5.5012,-107.1459,0.012095
-558.2514,5.5012,-107.5858,0.012201
-558.3014,5.5012,-108.0257,0.012317
-558.3458,5.5012,-108.4169,0.012415
-558.3958,5.5012,-108.8570,0.012529
-558.4514,5.5012,-109.3461,0.012659
-558.5012,5.5012,-109.7864,0.012765
-558.5510,5.5012,-110.2268,0.012879
-558.6008,5.5012,-110.6673,0.012996
-558.6505,5.5012,-111.1079,0.013106
-558.6999,5.5012,-111.5487,0.013220
-558.7493,5.5012,-111.9895,0.013333
-558.7930,5.5012,-112.3815,0.013441
-558.8422,5.5012,-112.8225,0.013551
-558.8913,5.5012,-113.2637,0.013665
-558.9349,5.5012,-113.6559,0.013755
-558.9839,5.5012,-114.0972,0.013871
-559.0328,5.5012,-114.5387,0.013986
-559.0814,5.5012,-114.9801,0.014103
-559.1245,5.5012,-115.3727,0.014197
-559.1729,5.5012,-115.8145,0.014314
-559.2213,5.5012,-116.2563,0.014428
-559.2697,5.5012,-116.6983,0.014535
-559.3176,5.5012,-117.1403,0.014657
-559.3655,5.5012,-117.5824,0.014766
-559.4082,5.5012,-117.9755,0.014866
-559.4560,5.5012,-118.4177,0.014978
-559.5037,5.5012,-118.8601,0.015100
-559.5511,5.5012,-119.3026,0.015211
-559.5933,5.5012,-119.6960,0.015310
-559.6407,5.5012,-120.1386,0.015423
-559.6880,5.5012,-120.5813,0.015532
-559.7300,5.5012,-120.9750,0.015630
-559.7772,5.5012,-121.4178,0.015753
-559.8242,5.5012,-121.8608,0.015861
-559.8712,5.5012,-122.3038,0.015975
-559.9182,5.5012,-122.7469,0.016089
-559.9651,5.5012,-123.1900,0.016205
-560.0119,5.5012,-123.6332,0.016320
-560.0586,5.5012,-124.0766,0.016432
-560.1053,5.5012,-124.5200,0.016546
-560.1468,5.5012,-124.9142,0.016646
-560.1935,5.5012,-125.3577,0.016759
-560.2351,5.5012,-125.7519,0.016854
-560.2820,5.5012,-126.1955,0.016969
-560.3288,5.5012,-126.6391,0.017088
-560.3756,5.5012,-127.0828,0.017199
-560.4227,5.5012,-127.5266,0.017317
-560.4699,5.5012,-127.9704,0.017427
-560.5119,5.5012,-128.3650,0.017533
-560.5591,5.5012,-128.8089,0.017644
-560.6064,5.5012,-129.2529,0.017755
-560.6538,5.5012,-129.6969,0.017873
-560.7012,5.5012,-130.1411,0.017987
-560.7485,5.5012,-130.5854,0.018101
-560.7906,5.5012,-130.9803,0.018198
-560.8380,5.5012,-131.4248,0.018320
-560.8856,5.5012,-131.8692,0.018430
-560.9332,5.5012,-132.3137,0.018540
-560.9810,5.5012,-132.7582,0.018655
-561.0235,5.5012,-133.1534,0.018756
-561.0714,5.5012,-133.5980,0.018872
-561.1193,5.5012,-134.0428,0.018991
-561.1672,5.5012,-134.4877,0.019100
-561.2151,5.5012,-134.9327,0.019214
-561.2630,5.5012,-135.3777,0.019328
-561.3109,5.5012,-135.8229,0.019438
-561.3533,5.5012,-136.2186,0.019544
-561.4066,5.5012,-136.7133,0.019667
-561.4493,5.5012,-137.1091,0.019768
-561.4974,5.5012,-137.5544,0.019888
-561.5402,5.5012,-137.9504,0.019990
-561.5886,5.5012,-138.3958,0.020105
-561.6369,5.5012,-138.8413,0.020214
-561.6852,5.5012,-139.2869,0.020331
-561.7283,5.5012,-139.6829,0.020434
-561.7769,5.5012,-140.1286,0.020545
-561.8308,5.5012,-140.6240,0.020679
-561.8793,5.5012,-141.0698,0.020784
-561.9280,5.5012,-141.5157,0.020904
-561.9768,5.5012,-141.9617,0.021016
-562.0203,5.5012,-142.3582,0.021116
-562.0691,5.5012,-142.8043,0.021230
-562.1180,5.5012,-143.2505,0.021349
-562.1614,5.5012,-143.6471,0.021446
-562.2103,5.5012,-144.0935,0.021561
-562.2592,5.5012,-144.5400,0.021675
-562.3027,5.5012,-144.9369,0.021779
-562.3516,5.5012,-145.3835,0.021892
-562.4005,5.5012,-145.8302,0.022010
-562.4493,5.5012,-146.2769,0.022121
-562.4982,5.5012,-146.7236,0.022231
-562.5471,5.5012,-147.1706,0.022352
-562.5960,5.5012,-147.6175,0.022466
-562.6449,5.5012,-148.0645,0.022577
-562.6884,5.5012,-148.4619,0.022684
-562.7372,5.5012,-148.9091,0.022797
-562.7862,5.5012,-149.3562,0.022914
-562.8297,5.5012,-149.7538,0.023011
-562.8785,5.5012,-150.2011,0.023129
-562.9274,5.5012,-150.6485,0.023250
-562.9709,5.5012,-151.0463,0.023347
-563.0198,5.5012,-151.4938,0.023459
-563.0687,5.5012,-151.9414,0.023574
-563.1176,5.5012,-152.3891,0.023687
-563.1610,5.5012,-152.7871,0.023795
-563.2153,5.5012,-153.2846,0.023920
-563.2589,5.5012,-153.6827,0.024021
-563.3079,5.5012,-154.1306,0.024135
-563.3569,5.5012,-154.5785,0.024256
-563.4006,5.5012,-154.9767,0.024353
-563.4498,5.5012,-155.4248,0.024469
-563.4991,5.5012,-155.8728,0.024580
-563.5430,5.5012,-156.2712,0.024685
-563.5924,5.5012,-156.7194,0.024799
-563.6418,5.5012,-157.1677,0.024912
-563.6858,5.5012,-157.5663,0.025019
-563.7353,5.5012,-158.0147,0.025135
-563.7847,5.5012,-158.4632,0.025252
-563.8342,5.5012,-158.9118,0.025363
-563.8837,5.5012,-159.3605,0.025482
-563.9332,5.5012,-159.8092,0.025591
-563.9826,5.5012,-160.2580,0.025709
-564.0266,5.5012,-160.6570,0.025809
-564.0762,5.5012,-161.1059,0.025926
-564.1257,5.5012,-161.5548,0.026039
-564.1698,5.5012,-161.9539,0.026142
-564.2194,5.5012,-162.4029,0.026256
-564.2690,5.5012,-162.8520,0.026370
-564.3133,5.5012,-163.2511,0.026476
-564.3633,5.5012,-163.7003,0.026590
-564.4133,5.5012,-164.1495,0.026707
-564.4633,5.5012,-164.5988,0.026823
-564.5134,5.5012,-165.0481,0.026934
-564.5635,5.5012,-165.4976,0.027048
-564.6135,5.5012,-165.9471,0.027166
-564.6636,5.5012,-166.3967,0.027282
-564.7191,5.5012,-166.8964,0.027412
-564.7635,5.5012,-167.2961,0.027514
-564.8135,5.5012,-167.7459,0.027628
-564.8636,5.5012,-168.1958,0.027744
-564.9136,5.5012,-168.6457,0.027855
-564.9636,5.5012,-169.0956,0.027978
-565.0082,5.5012,-169.4956,0.028073
-565.0583,5.5012,-169.9457,0.028192
-565.1085,5.5012,-170.3957,0.028308
-565.1587,5.5012,-170.8459,0.028420
-565.2033,5.5012,-171.2460,0.028528
-565.2593,5.5012,-171.7463,0.028656
-565.3041,5.5012,-172.1466,0.028761
-565.3546,5.5012,-172.5969,0.028872
-565.4051,5.5012,-173.0474,0.028985
-565.4500,5.5012,-173.4479,0.029090
-565.5004,5.5012,-173.8985,0.029201
-565.5453,5.5012,-174.2990,0.029304
-565.5958,5.5012,-174.7497,0.029421
-565.6464,5.5012,-175.2005,0.029541
-565.6969,5.5012,-175.6513,0.029656
-565.7418,5.5012,-176.0521,0.029761
-565.7924,5.5012,-176.5029,0.029878
-565.8430,5.5012,-176.9539,0.029990
-565.8936,5.5012,-177.4051,0.030102
-565.9442,5.5012,-177.8561,0.030219
-565.9948,5.5012,-178.3074,0.030334
-566.0397,5.5012,-178.7086,0.030440
-566.0902,5.5012,-179.1599,0.030558
-566.1351,5.5012,-179.5611,0.030659
-566.1857,5.5012,-180.0126,0.030774
-566.2362,5.5012,-180.4641,0.030896
-566.2811,5.5012,-180.8655,0.030996
-566.3317,5.5012,-181.3169,0.031105
-566.3822,5.5012,-181.7686,0.031227
-566.4271,5.5012,-182.1702,0.031328
-566.4777,5.5012,-182.6220,0.031440
-566.5282,5.5012,-183.0738,0.031554
-566.5787,5.5012,-183.5256,0.031673
-566.6293,5.5012,-183.9776,0.031793
-566.6798,5.5012,-184.4296,0.031902
-566.7247,5.5012,-184.8314,0.032007
-566.7753,5.5012,-185.2835,0.032123
-566.8258,5.5012,-185.7355,0.032242
-566.8763,5.5012,-186.1877,0.032351
-566.9213,5.5012,-186.5898,0.032456
-566.9718,5.5012,-187.0421,0.032574
-567.0223,5.5012,-187.4944,0.032688
-567.0673,5.5012,-187.8966,0.032790
-567.1178,5.5012,-188.3490,0.032905
-567.1683,5.5012,-188.8016,0.033013
-567.2189,5.5012,-189.2541,0.033138
-567.2695,5.5012,-189.7067,0.033250
-567.3200,5.5012,-190.1593,0.033371
-567.3651,5.5012,-190.5616,0.033471
-567.4158,5.5012,-191.0143,0.033580
-567.4667,5.5012,-191.4671,0.033701
-567.5120,5.5012,-191.8696,0.033797
-567.5629,5.5012,-192.3224,0.033920
-567.6140,5.5012,-192.7753,0.034030
-567.6594,5.5012,-193.1779,0.034137
-567.7104,5.5012,-193.6310,0.034246
-567.7615,5.5012,-194.0841,0.034364
-567.8126,5.5012,-194.5373,0.034482
-567.8636,5.5012,-194.9905,0.034595
-567.9147,5.5012,-195.4438,0.034710
-567.9658,5.5012,-195.8971,0.034830
-568.0169,5.5012,-196.3505,0.034944
-568.0680,5.5012,-196.8039,0.035054
-568.1134,5.5012,-197.2070,0.035160
-568.1645,5.5012,-197.6605,0.035275
-568.2156,5.5012,-198.1141,0.035383
-568.2610,5.5012,-198.5173,0.035486
-568.3121,5.5012,-198.9710,0.035608
-568.3575,5.5012,-199.3743,0.035711
-568.4086,5.5012,-199.8281,0.035827
-568.4597,5.5012,-200.2819,0.035945
-568.5051,5.5012,-200.6853,0.036044
-568.5562,5.5012,-201.1393,0.036158
-568.6072,5.5012,-201.5932,0.036270
-568.6583,5.5012,-202.0472,0.036392
-568.7094,5.5012,-202.5012,0.036499
-568.7606,5.5012,-202.9553,0.036618
-568.8116,5.5012,-203.4094,0.036741
-568.8628,5.5012,-203.8636,0.036856
-568.9082,5.5012,-204.2674,0.036950
-568.9593,5.5012,-204.7217,0.037063
-569.0105,5.5012,-205.1759,0.037181
-569.0560,5.5012,-205.5798,0.037279
-569.1072,5.5012,-206.0341,0.037402
-569.1584,5.5012,-206.4886,0.037513
-569.2098,5.5012,-206.9430,0.037631
-569.2554,5.5012,-207.3469,0.037732
-569.3069,5.5012,-207.8014,0.037847
-569.3585,5.5012,-208.2559,0.037957
-569.4102,5.5012,-208.7105,0.038081
-569.4618,5.5012,-209.1652,0.038192
-569.5135,5.5012,-209.6199,0.038309
-569.5594,5.5012,-210.0242,0.038413
-569.6111,5.5012,-210.4791,0.038528
-569.6628,5.5012,-210.9338,0.038645
-569.7088,5.5012,-211.3382,0.038744
-569.7606,5.5012,-211.7931,0.038856
-569.8123,5.5012,-212.2481,0.038975
-569.8584,5.5012,-212.6526,0.039079
-569.9103,5.5012,-213.1076,0.039191
-569.9624,5.5012,-213.5626,0.039300
-570.0146,5.5012,-214.0176,0.039420
-570.0668,5.5012,-214.4727,0.039541
-570.1190,5.5012,-214.9279,0.039655
-570.1712,5.5012,-215.3831,0.039768
-570.2177,5.5012,-215.7878,0.039873
-570.2700,5.5012,-216.2432,0.039990
-570.3165,5.5012,-216.6479,0.040089
-570.3688,5.5012,-217.1033,0.040201
-570.4210,5.5012,-217.5588,0.040325
-570.4678,5.5012,-217.9637,0.040423
-570.5204,5.5012,-218.4191,0.040540
-570.5731,5.5012,-218.8746,0.040658
-570.6259,5.5012,-219.3302,0.040770
-570.6787,5.5012,-219.7857,0.040882
-570.7316,5.5012,-220.2414,0.041000
-570.7845,5.5012,-220.6971,0.041116
-570.8374,5.5012,-221.1529,0.041236
-570.8844,5.5012,-221.5580,0.041341
-570.9373,5.5012,-222.0138,0.041450
-570.9904,5.5012,-222.4697,0.041568
-571.0436,5.5012,-222.9256,0.041683
-571.0909,5.5012,-223.3309,0.041782
-571.1442,5.5012,-223.7868,0.041906
-571.1976,5.5012,-224.2428,0.042011
-571.2449,5.5012,-224.6483,0.042120
-571.2982,5.5012,-225.1045,0.042222
-571.3516,5.5012,-225.5607,0.042346
-571.4049,5.5012,-226.0170,0.042466
-571.4583,5.5012,-226.4732,0.042578
-571.5116,5.5012,-226.9296,0.042695
-571.5649,5.5012,-227.3860,0.042810
-571.6182,5.5012,-227.8424,0.042930
-571.6716,5.5012,-228.2989,0.043040
-571.7249,5.5012,-228.7554,0.043159
-571.7722,5.5012,-229.1610,0.043260
-571.8256,5.5012,-229.6172,0.043379
-571.8790,5.5012,-230.0732,0.043492
-571.9325,5.5012,-230.5291,0.043610
-571.9799,5.5012,-230.9342,0.043711
-572.0334,5.5012,-231.3898,0.043830
-572.0870,5.5012,-231.8452,0.043938
-572.1404,5.5012,-232.3005,0.044054
-572.1940,5.5012,-232.7555,0.044166
-572.2476,5.5012,-233.2105,0.044286
-572.3015,5.5012,-233.6653,0.044402
-572.3553,5.5012,-234.1199,0.044519
-572.4031,5.5012,-234.5240,0.044622
-572.4570,5.5012,-234.9785,0.044730
-572.5108,5.5012,-235.4328,0.044844
-572.5646,5.5012,-235.8871,0.044964
-572.6125,5.5012,-236.2908,0.045062
-572.6663,5.5012,-236.7448,0.045176
-572.7202,5.5012,-237.1988,0.045287
-572.7740,5.5012,-237.6525,0.045413
-572.8277,5.5012,-238.1062,0.045520
-572.8812,5.5012,-238.5596,0.045634
-572.9346,5.5012,-239.0126,0.045746
-572.9882,5.5012,-239.4650,0.045861
-573.0475,5.5012,-239.9668,0.045992
-573.1008,5.5012,-240.4174,0.046104
-573.1481,5.5012,-240.8173,0.046199
-573.2014,5.5012,-241.2664,0.046321
-573.2545,5.5012,-241.7146,0.046431
-573.3073,5.5012,-242.1619,0.046545
-573.3539,5.5012,-242.5587,0.046642
-573.4061,5.5012,-243.0044,0.046754
-573.4582,5.5012,-243.4492,0.046858
-573.5101,5.5012,-243.8932,0.046972
-573.5619,5.5012,-244.3363,0.047084
-573.6133,5.5012,-244.7785,0.047197
-573.6647,5.5012,-245.2200,0.047303
-573.7158,5.5012,-245.6606,0.047412
-573.7665,5.5012,-246.1004,0.047522
-573.8171,5.5012,-246.5393,0.047638
-573.8618,5.5012,-246.9287,0.047733
-573.9117,5.5012,-247.3661,0.047839
-573.9616,5.5012,-247.8026,0.047955
-574.0056,5.5012,-248.1900,0.048050
-574.0548,5.5012,-248.6249,0.048150
-574.1037,5.5012,-249.0591,0.048263
-574.1523,5.5012,-249.4926,0.048371
-574.2006,5.5012,-249.9251,0.048481
-574.2484,5.5012,-250.3569,0.048588
-574.2959,5.5012,-250.7879,0.048697
-574.3429,5.5012,-251.2182,0.048801
-574.3945,5.5012,-251.6955,0.048923
-574.4404,5.5012,-252.1242,0.049020
-574.4856,5.5012,-252.5523,0.049128
-574.5254,5.5012,-252.9321,0.049219
-574.5695,5.5012,-253.3587,0.049334
-574.6130,5.5012,-253.7846,0.049438
-574.6558,5.5012,-254.2098,0.049539
-574.6934,5.5012,-254.5872,0.049630
-574.7350,5.5012,-255.0109,0.049737
-574.7761,5.5012,-255.4339,0.049846
-574.8166,5.5012,-255.8562,0.049946
-574.8564,5.5012,-256.2776,0.050057
-574.8956,5.5012,-256.6984,0.050156
-574.9298,5.5012,-257.0717,0.050247
-574.9720,5.5012,-257.5375,0.050364
-575.0095,5.5012,-257.9559,0.050466
-575.0423,5.5012,-258.3271,0.050560
-575.0787,5.5012,-258.7441,0.050660
-575.1144,5.5012,-259.1603,0.050759
-575.1495,5.5012,-259.5758,0.050861
-575.1840,5.5012,-259.9906,0.050964
-575.2141,5.5012,-260.3586,0.051052
-575.2473,5.5012,-260.7720,0.051160
-575.2800,5.5012,-261.1846,0.051261
-575.3120,5.5012,-261.5965,0.051362
-575.3400,5.5012,-261.9619,0.051449
-575.3709,5.5012,-262.3723,0.051557
-575.4047,5.5012,-262.8275,0.051658
-575.4344,5.5012,-263.2364,0.051766
-575.4634,5.5012,-263.6445,0.051860
-575.4889,5.5012,-264.0066,0.051949
-575.5168,5.5012,-264.4133,0.052050
-575.5442,5.5012,-264.8193,0.052157
-575.5681,5.5012,-265.1795,0.052238
-575.5945,5.5012,-265.5841,0.052339
-575.6203,5.5012,-265.9879,0.052438
-575.6456,5.5012,-266.3910,0.052542
-575.6675,5.5012,-266.7487,0.052626
-575.6918,5.5012,-267.1504,0.052731
-575.7155,5.5012,-267.5513,0.052820
-575.7387,5.5012,-267.9515,0.052922
-575.7615,5.5012,-268.3509,0.053016
-575.7863,5.5012,-268.7938,0.053128
-575.8057,5.5012,-269.1476,0.053214
-575.8270,5.5012,-269.5448,0.053311
-575.8478,5.5012,-269.9413,0.053408
-575.8680,5.5012,-270.3370,0.053507
-575.8878,5.5012,-270.7321,0.053597
-575.9073,5.5012,-271.1262,0.053698
-575.9265,5.5012,-271.5197,0.053791
-575.9452,5.5012,-271.9125,0.053887
-575.9636,5.5012,-272.3046,0.053989
-575.9796,5.5012,-272.6524,0.054064
-575.9971,5.5012,-273.0431,0.054165
-576.0142,5.5012,-273.4331,0.054262
-576.0308,5.5012,-273.8224,0.054360
-576.0488,5.5012,-274.2542,0.054458
-576.0643,5.5012,-274.6421,0.054560
-576.0793,5.5012,-275.0295,0.054652
-576.0922,5.5012,-275.3732,0.054735
-576.1059,5.5012,-275.7593,0.054824
-576.1190,5.5012,-276.1448,0.054924
-576.1310,5.5012,-276.5298,0.055005
-576.1411,5.5012,-276.8715,0.055105
-576.1515,5.5012,-277.2553,0.055191
-576.1608,5.5012,-277.6386,0.055288
-576.1692,5.5012,-278.0212,0.055379
-576.1765,5.5012,-278.4033,0.055477
-576.1828,5.5012,-278.7848,0.055565
-576.1880,5.5012,-279.1656,0.055661
-576.1921,5.5012,-279.5458,0.055747
-576.1951,5.5012,-279.9253,0.055843
-576.1970,5.5012,-280.3043,0.055935
-576.1978,5.5012,-280.6405,0.056014
-576.1976,5.5012,-281.0181,0.056108
-576.1965,5.5012,-281.3950,0.056206
-576.1943,5.5012,-281.7712,0.056288
-576.1912,5.5012,-282.1467,0.056381
-576.1870,5.5012,-282.5215,0.056475
-576.1824,5.5012,-282.8540,0.056555
-576.1763,5.5012,-283.2274,0.056652
-576.1693,5.5012,-283.6002,0.056737
-576.1613,5.5012,-283.9722,0.056828
-576.1523,5.5012,-284.3436,0.056918
-576.1423,5.5012,-284.7142,0.057004
-576.1327,5.5012,-285.0430,0.057091
-576.1210,5.5012,-285.4123,0.057174
-576.1083,5.5012,-285.7808,0.057271
-576.0947,5.5012,-286.1486,0.057367
-576.0817,5.5012,-286.4750,0.057445
-576.0663,5.5012,-286.8416,0.057526
-576.0501,5.5012,-287.2072,0.057613
-576.0331,5.5012,-287.5723,0.057714
-576.0172,5.5012,-287.8963,0.057788
-575.9987,5.5012,-288.2603,0.057880
-575.9796,5.5012,-288.6238,0.057964
-575.9598,5.5012,-288.9869,0.058057
-575.9395,5.5012,-289.3497,0.058145
-575.9186,5.5012,-289.7121,0.058233
-575.8972,5.5012,-290.0740,0.058319
-575.8751,5.5012,-290.4356,0.058408
-575.8550,5.5012,-290.7568,0.058490
-575.8317,5.5012,-291.1177,0.058579
-575.8105,5.5012,-291.4382,0.058654
-575.7861,5.5012,-291.7985,0.058735
-575.7610,5.5012,-292.1584,0.058828
-575.7354,5.5012,-292.5180,0.058920
-575.7120,5.5012,-292.8373,0.059001
-575.6851,5.5012,-293.1962,0.059090
-575.6605,5.5012,-293.5150,0.059165
-575.6324,5.5012,-293.8732,0.059253
-575.6038,5.5012,-294.2310,0.059347
-575.5744,5.5012,-294.5886,0.059428
-575.5411,5.5012,-294.9854,0.059530
-575.5104,5.5012,-295.3422,0.059623
-575.4791,5.5012,-295.6987,0.059710
-575.4506,5.5012,-296.0154,0.059785
-575.4180,5.5012,-296.3713,0.059872
-575.3845,5.5012,-296.7269,0.059958
-575.3541,5.5012,-297.0427,0.060040
-575.3190,5.5012,-297.3978,0.060135
-575.2870,5.5012,-297.7131,0.060203
-575.2500,5.5012,-298.0675,0.060308
-575.2076,5.5012,-298.4609,0.060388
-575.1683,5.5012,-298.8146,0.060480
-575.1325,5.5012,-299.1287,0.060567
-575.0911,5.5012,-299.4816,0.060647
-575.0487,5.5012,-299.8342,0.060742
-575.0102,5.5012,-300.1473,0.060819
-574.9659,5.5012,-300.4991,0.060900
-574.9207,5.5012,-300.8504,0.060993
-574.8795,5.5012,-301.1624,0.061078
-574.8323,5.5012,-301.5130,0.061157
-574.7896,5.5012,-301.8243,0.061241
-574.7405,5.5012,-302.1744,0.061323
-574.6906,5.5012,-302.5244,0.061411
-574.6398,5.5012,-302.8743,0.061504
-574.5938,5.5012,-303.1852,0.061592
-574.5412,5.5012,-303.5350,0.061664
-574.4876,5.5012,-303.8849,0.061754
-574.4330,5.5012,-304.2350,0.061850
-574.3774,5.5012,-304.5853,0.061938
-574.3209,5.5012,-304.9358,0.062018
-574.2699,5.5012,-305.2474,0.062098
-574.2115,5.5012,-305.5982,0.062192
-574.1588,5.5012,-305.9101,0.062269
-574.0984,5.5012,-306.2613,0.062358
-574.0441,5.5012,-306.5736,0.062438
-573.9820,5.5012,-306.9253,0.062532
-573.9188,5.5012,-307.2773,0.062626
-573.8619,5.5012,-307.5905,0.062691
-573.7968,5.5012,-307.9432,0.062791
-573.7307,5.5012,-308.2964,0.062880
-573.6635,5.5012,-308.6503,0.062971
-573.5952,5.5012,-309.0047,0.063063
-573.5258,5.5012,-309.3596,0.063146
-573.4631,5.5012,-309.6757,0.063231
-573.3917,5.5012,-310.0319,0.063322
-573.3191,5.5012,-310.3886,0.063419
-573.2537,5.5012,-310.7061,0.063491
-573.1789,5.5012,-311.0641,0.063590
-573.1116,5.5012,-311.3826,0.063665
-573.0347,5.5012,-311.7416,0.063758
-572.9567,5.5012,-312.1012,0.063849
-572.8865,5.5012,-312.4212,0.063940
-572.8064,5.5012,-312.7820,0.064029
-572.7251,5.5012,-313.1432,0.064115
-572.6426,5.5012,-313.5050,0.064209
-572.5590,5.5012,-313.8674,0.064301
-572.4837,5.5012,-314.1898,0.064385
-572.3979,5.5012,-314.5526,0.064480
-572.3112,5.5012,-314.9153,0.064574
-572.2330,5.5012,-315.2376,0.064657
-572.1440,5.5012,-315.6003,0.064747
-572.0540,5.5012,-315.9630,0.064840
-571.9730,5.5012,-316.2853,0.064923
-571.8808,5.5012,-316.6477,0.065008
-571.7875,5.5012,-317.0101,0.065104
-571.6932,5.5012,-317.3725,0.065204
-571.5978,5.5012,-317.7347,0.065301
-571.5012,5.5012,-318.0971,0.065384
-571.4036,5.5012,-318.4596,0.065490
-571.3049,5.5012,-318.8223,0.065569
-571.2163,5.5012,-319.1450,0.065660
-571.1156,5.5012,-319.5082,0.065755
-571.0138,5.5012,-319.8718,0.065852
-570.9110,5.5012,-320.2357,0.065953
-570.8188,5.5012,-320.5594,0.066027
-570.7142,5.5012,-320.9240,0.066125
-570.6085,5.5012,-321.2888,0.066217
-570.5019,5.5012,-321.6538,0.066313
-570.3944,5.5012,-322.0193,0.066411
-570.2861,5.5012,-322.3851,0.066502
-570.1769,5.5012,-322.7511,0.066599
-570.0669,5.5012,-323.1175,0.066693
-569.9561,5.5012,-323.4843,0.066790
-569.8446,5.5012,-323.8514,0.066887
-569.7448,5.5012,-324.1781,0.066964
-569.6318,5.5012,-324.5459,0.067066
-569.5179,5.5012,-324.9142,0.067156
-569.4031,5.5012,-325.2827,0.067253
-569.3005,5.5012,-325.6106,0.067341
-569.1842,5.5012,-325.9798,0.067437
-569.0672,5.5012,-326.3495,0.067538
-568.9495,5.5012,-326.7194,0.067636
-568.8312,5.5012,-327.0897,0.067724
-568.7125,5.5012,-327.4603,0.067824
-568.5933,5.5012,-327.8314,0.067921
-568.4735,5.5012,-328.2028,0.068013
-568.3400,5.5012,-328.6160,0.068118
-568.2194,5.5012,-328.9883,0.068222
-568.1121,5.5012,-329.3196,0.068304
-567.9774,5.5012,-329.7343,0.068424
-567.8695,5.5012,-330.0665,0.068504
-567.7479,5.5012,-330.4406,0.068605
-567.6261,5.5012,-330.8152,0.068704
-567.5042,5.5012,-331.1903,0.068811
-567.3820,5.5012,-331.5659,0.068895
-567.2597,5.5012,-331.9421,0.068994
-567.1510,5.5012,-332.2768,0.069085
-567.0285,5.5012,-332.6537,0.069177
-566.9060,5.5012,-333.0308,0.069280
-566.7835,5.5012,-333.4081,0.069382
-566.6610,5.5012,-333.7858,0.069477
-566.5385,5.5012,-334.1637,0.069577
-566.4160,5.5012,-334.5419,0.069671
-566.2935,5.5012,-334.9202,0.069775
-566.1844,5.5012,-335.2568,0.069861
-566.0617,5.5012,-335.6356,0.069962
-565.9391,5.5012,-336.0147,0.070056
-565.8166,5.5012,-336.3941,0.070163
-565.7076,5.5012,-336.7316,0.070245
-565.5851,5.5012,-337.1115,0.070352
-565.4626,5.5012,-337.4916,0.070443
-565.3538,5.5012,-337.8298,0.070537
-565.2314,5.5012,-338.2105,0.070629
-565.1092,5.5012,-338.5915,0.070734
-564.9869,5.5012,-338.9727,0.070839
-564.8647,5.5012,-339.3542,0.070932
-564.7426,5.5012,-339.7361,0.071039
-564.6342,5.5012,-340.0756,0.071120
-564.5122,5.5012,-340.4579,0.071220
-564.4038,5.5012,-340.7981,0.071316
-564.2819,5.5012,-341.1809,0.071416
-564.1600,5.5012,-341.5641,0.071512
-564.0520,5.5012,-341.9049,0.071600
-563.9307,5.5012,-342.2886,0.071709
-563.8096,5.5012,-342.6725,0.071805
-563.6887,5.5012,-343.0568,0.071914
-563.5682,5.5012,-343.4414,0.072004
-563.4612,5.5012,-343.7836,0.072099
-563.3409,5.5012,-344.1688,0.072201
-563.2210,5.5012,-344.5544,0.072303
-563.1145,5.5012,-344.8974,0.072387
-562.9948,5.5012,-345.2836,0.072486
-562.8752,5.5012,-345.6700,0.072598
-562.7559,5.5012,-346.0569,0.072691
-562.6366,5.5012,-346.4439,0.072792
-562.5308,5.5012,-346.7883,0.072881
-562.3987,5.5012,-347.2192,0.072994
-562.2931,5.5012,-347.5642,0.073090
-562.1741,5.5012,-347.9525,0.073188
-562.0555,5.5012,-348.3411,0.073282
-561.9370,5.5012,-348.7299,0.073395
-561.8185,5.5012,-349.1190,0.073495
-561.7000,5.5012,-349.5083,0.073599
-561.5814,5.5012,-349.8979,0.073698
-561.4629,5.5012,-350.2878,0.073799
-561.3577,5.5012,-350.6346,0.073893
-561.2395,5.5012,-351.0248,0.073999
-561.1214,5.5012,-351.4153,0.074094
-561.0033,5.5012,-351.8061,0.074200
-560.8983,5.5012,-352.1535,0.074296
-560.7802,5.5012,-352.5447,0.074392
-560.6623,5.5012,-352.9361,0.074494
-560.5445,5.5012,-353.3277,0.074597
-560.4399,5.5012,-353.6760,0.074685
-560.3223,5.5012,-354.0679,0.074790
-560.2048,5.5012,-354.4601,0.074889
-560.0872,5.5012,-354.8525,0.075003
-559.9697,5.5012,-355.2452,0.075100
-559.8654,5.5012,-355.5943,0.075184
-559.7483,5.5012,-355.9873,0.075302
-559.6312,5.5012,-356.3806,0.075397
-559.5271,5.5012,-356.7303,0.075487
-559.4100,5.5012,-357.1240,0.075591
-559.2928,5.5012,-357.5178,0.075698
-559.1895,5.5040,-357.8680,0.075780
-559.0800,5.5059,-358.2641,0.075891
-558.9641,5.5062,-358.6586,0.075994
-558.8481,5.5065,-359.0534,0.076097
-558.7322,5.5068,-359.4484,0.076200
-558.6161,5.5070,-359.8436,0.076303
-558.5001,5.5073,-360.2390,0.076413
-558.3840,5.5076,-360.6346,0.076508
-558.2805,5.5079,-360.9863,0.076604
-558.1636,5.5080,-361.3819,0.076715
-558.0472,5.5081,-361.7780,0.076824
-557.9308,5.5083,-362.1743,0.076921
-557.8274,5.5084,-362.5266,0.077010
-557.7108,5.5085,-362.9237,0.077114
-557.6070,5.5086,-363.2771,0.077207
-557.4901,5.5087,-363.6745,0.077310
-557.3730,5.5088,-364.0719,0.077422
-557.2556,5.5089,-364.4692,0.077524
-557.1379,5.5090,-364.8665,0.077625
-557.0198,5.5091,-365.2638,0.077728
-556.9014,5.5092,-365.6613,0.077835
-556.7833,5.5095,-366.0592,0.077934
-556.6647,5.5097,-366.4568,0.078046
-556.5455,5.5099,-366.8546,0.078149
-556.4396,5.5100,-367.2084,0.078244
-556.3203,5.5102,-367.6063,0.078343
-556.2006,5.5103,-368.0044,0.078451
-556.0808,5.5105,-368.4026,0.078557
-555.9606,5.5106,-368.8009,0.078661
-555.8537,5.5108,-369.1551,0.078750
-555.7332,5.5109,-369.5535,0.078857
-555.6125,5.5110,-369.9520,0.078966
-555.4916,5.5111,-370.3506,0.079068
-555.3707,5.5113,-370.7494,0.079176
-555.2493,5.5114,-371.1481,0.079283
-555.1279,5.5114,-371.5471,0.079388
-555.0065,5.5114,-371.9460,0.079493
-554.8984,5.5114,-372.3008,0.079586
-554.7764,5.5115,-372.7001,0.079689
-554.6545,5.5115,-373.0993,0.079797
-554.5458,5.5115,-373.4543,0.079886
-554.4235,5.5115,-373.8538,0.079986
-554.3011,5.5115,-374.2534,0.080099
-554.1788,5.5115,-374.6531,0.080201
-554.0702,5.5116,-375.0086,0.080299
-553.9477,5.5117,-375.4085,0.080408
-553.8251,5.5118,-375.8084,0.080510
-553.7026,5.5120,-376.2086,0.080617
-553.5801,5.5121,-376.6089,0.080722
-553.4576,5.5123,-377.0093,0.080821
-553.3351,5.5125,-377.4098,0.080933
-553.2263,5.5127,-377.7661,0.081022
-553.1037,5.5129,-378.1669,0.081132
-552.9811,5.5130,-378.5679,0.081238
-552.8585,5.5132,-378.9690,0.081344
-552.7496,5.5134,-379.3255,0.081438
-552.6268,5.5135,-379.7267,0.081544
-552.5040,5.5135,-380.1281,0.081649
-552.3811,5.5135,-380.5297,0.081753
-552.2581,5.5135,-380.9315,0.081862
-552.1351,5.5136,-381.3334,0.081976
-552.0121,5.5136,-381.7355,0.082078
-551.8890,5.5136,-382.1376,0.082188
-551.7797,5.5136,-382.4953,0.082277
-551.6567,5.5136,-382.8976,0.082380
-551.5337,5.5136,-383.3002,0.082489
-551.4107,5.5137,-383.7029,0.082597
-551.3014,5.5137,-384.0610,0.082693
-551.1785,5.5138,-384.4641,0.082799
-551.0555,5.5139,-384.8672,0.082904
-550.9324,5.5140,-385.2705,0.083012
-550.8094,5.5141,-385.6740,0.083114
-550.6863,5.5143,-386.0775,0.083224
-550.5631,5.5145,-386.4811,0.083332
-550.4395,5.5147,-386.8849,0.083437
-550.3160,5.5149,-387.2888,0.083547
-550.1924,5.5150,-387.6928,0.083651
-550.0825,5.5152,-388.0520,0.083747
-549.9589,5.5154,-388.4564,0.083848
-549.8353,5.5156,-388.8607,0.083959
-549.7114,5.5157,-389.2652,0.084068
-549.5877,5.5158,-389.6698,0.084175
-549.4777,5.5159,-390.0296,0.084269
-549.3537,5.5160,-390.4345,0.084370
-549.2296,5.5162,-390.8394,0.084482
-549.1192,5.5163,-391.1995,0.084581
-548.9950,5.5165,-391.6047,0.084687
-548.8708,5.5167,-392.0100,0.084794
-548.7467,5.5168,-392.4155,0.084901
-548.6226,5.5170,-392.8211,0.085006
-548.4984,5.5172,-393.2269,0.085116
-548.3743,5.5174,-393.6326,0.085222
-548.2501,5.5176,-394.0386,0.085330
-548.1398,5.5177,-394.3995,0.085424
-548.0154,5.5179,-394.8058,0.085536
-547.8908,5.5180,-395.2119,0.085639
-547.7662,5.5181,-395.6184,0.085749
-547.6553,5.5182,-395.9798,0.085846
-547.5306,5.5183,-396.3863,0.085950
-547.4198,5.5184,-396.7479,0.086046
-547.2951,5.5185,-397.1546,0.086156
-547.1704,5.5186,-397.5614,0.086260
-547.0458,5.5187,-397.9681,0.086372
-546.9351,5.5187,-398.3297,0.086466
-546.7965,5.5188,-398.7816,0.086587
-546.6857,5.5189,-399.1430,0.086681
-546.5610,5.5190,-399.5494,0.086789
-546.4366,5.5191,-399.9554,0.086897
-546.3262,5.5191,-400.3159,0.086993
-546.2020,5.5191,-400.7207,0.087101
-546.0779,5.5191,-401.1248,0.087206
-545.9680,5.5191,-401.4832,0.087307
-545.8444,5.5191,-401.8858,0.087414
-545.7209,5.5191,-402.2877,0.087519
-545.5979,5.5191,-402.6887,0.087625
-545.4887,5.5192,-403.0446,0.087716
-545.3660,5.5193,-403.4442,0.087824
-545.2435,5.5194,-403.8428,0.087930
-545.1210,5.5194,-404.2409,0.088031
-544.9990,5.5195,-404.6382,0.088139
-544.8771,5.5196,-405.0348,0.088245
-544.7688,5.5197,-405.3865,0.088340
-544.6339,5.5198,-405.8254,0.088454
-544.5125,5.5198,-406.2196,0.088558
-544.3913,5.5199,-406.6131,0.088664
-544.2839,5.5200,-406.9622,0.088755
-544.1630,5.5201,-407.3542,0.088860
-544.0427,5.5202,-407.7455,0.088963
-543.9224,5.5202,-408.1361,0.089067
-543.8021,5.5203,-408.5259,0.089171
-543.6956,5.5204,-408.8718,0.089261
-543.5625,5.5204,-409.3032,0.089377
-543.4430,5.5205,-409.6908,0.089477
-543.3237,5.5206,-410.0777,0.089577
-543.2177,5.5207,-410.4209,0.089668
-543.0989,5.5207,-410.8062,0.089770
-542.9934,5.5208,-411.1481,0.089861
-542.8749,5.5209,-411.5319,0.089960
-542.7699,5.5209,-411.8725,0.090052
-542.6518,5.5210,-412.2549,0.090154
-542.5338,5.5211,-412.6366,0.090252
-542.4161,5.5211,-413.0175,0.090353
-542.3116,5.5212,-413.3555,0.090439
-542.1942,5.5212,-413.7351,0.090540
-542.0771,5.5213,-414.1139,0.090640
-541.9601,5.5214,-414.4920,0.090738
-541.8562,5.5214,-414.8276,0.090827
-541.7397,5.5215,-415.2043,0.090927
-541.6362,5.5215,-415.5386,0.091017
-541.5200,5.5216,-415.9141,0.091112
-541.4169,5.5217,-416.2473,0.091200
-541.3010,5.5217,-416.6214,0.091300
-541.1982,5.5218,-416.9533,0.091387
-541.0829,5.5218,-417.3261,0.091486
-540.9675,5.5219,-417.6983,0.091583
-540.8652,5.5219,-418.0285,0.091670
-540.7504,5.5220,-418.3993,0.091766
-540.6483,5.5220,-418.7284,0.091854
-540.5336,5.5221,-419.0978,0.091950
-540.4193,5.5221,-419.4666,0.092044
-540.3176,5.5222,-419.7939,0.092133
-540.2032,5.5222,-420.1615,0.092229
-540.0765,5.5223,-420.5690,0.092337
-539.9753,5.5223,-420.8945,0.092422
-539.8615,5.5224,-421.2599,0.092518
-539.7603,5.5224,-421.5842,0.092600
-539.6467,5.5224,-421.9483,0.092698
-539.5458,5.5225,-422.2715,0.092782
-539.4324,5.5225,-422.6344,0.092878
-539.3190,5.5225,-422.9965,0.092970
-539.2183,5.5225,-423.3179,0.093055
-539.1051,5.5226,-423.6788,0.093148
-538.9919,5.5226,-424.0389,0.093245
-538.8788,5.5226,-424.3983,0.093339
-538.7657,5.5226,-424.7570,0.093432
-538.6653,5.5226,-425.0751,0.093511
-538.5526,5.5226,-425.4324,0.093604
-538.4524,5.5226,-425.7494,0.093687
-538.3397,5.5226,-426.1052,0.093782
-538.2269,5.5226,-426.4602,0.093874
-538.1267,5.5225,-426.7753,0.093956
-538.0141,5.5224,-427.1291,0.094046
-537.9140,5.5223,-427.4430,0.094129
-537.8014,5.5222,-427.7955,0.094220
-537.6889,5.5221,-428.1474,0.094310
-537.5892,5.5220,-428.4596,0.094391
-537.4769,5.5220,-428.8102,0.094482
-537.3522,5.5219,-429.1989,0.094584
-537.2526,5.5219,-429.5093,0.094666
-537.1404,5.5218,-429.8578,0.094755
-537.0283,5.5218,-430.2057,0.094844
-536.9285,5.5217,-430.5143,0.094922
-536.8163,5.5217,-430.8610,0.095012
-536.7166,5.5216,-431.1685,0.095090
-536.6042,5.5215,-431.5139,0.095175
-536.5045,5.5215,-431.8203,0.095257
-536.3924,5.5214,-432.1643,0.095348
-536.2803,5.5213,-432.5078,0.095435
-536.1682,5.5212,-432.8506,0.095519
-536.0686,5.5212,-433.1547,0.095601
-535.9565,5.5211,-433.4962,0.095681
-535.8445,5.5210,-433.8370,0.095771
-535.7325,5.5209,-434.1772,0.095860
-535.6204,5.5207,-434.5168,0.095950
-535.5205,5.5206,-434.8181,0.096022
-535.4081,5.5205,-435.1565,0.096108
-535.2955,5.5204,-435.4941,0.096197
-535.1828,5.5202,-435.8311,0.096281
-535.0824,5.5201,-436.1300,0.096357
-534.9694,5.5200,-436.4658,0.096438
-534.8560,5.5199,-436.8007,0.096524
-534.7424,5.5197,-437.1349,0.096608
-534.6413,5.5196,-437.4315,0.096684
-534.5275,5.5195,-437.7643,0.096765
-534.4135,5.5193,-438.0963,0.096846
-534.2993,5.5191,-438.4276,0.096936
-534.1850,5.5189,-438.7583,0.097020
-534.0704,5.5187,-439.0883,0.097098
-533.9683,5.5184,-439.3809,0.097170
-533.8535,5.5182,-439.7096,0.097260
-533.7383,5.5179,-440.0374,0.097338
-533.6227,5.5176,-440.3647,0.097420
-533.5069,5.5173,-440.6913,0.097502
-533.3905,5.5170,-441.0172,0.097583
-533.2737,5.5166,-441.3423,0.097666
-533.1561,5.5163,-441.6667,0.097744
-533.0378,5.5159,-441.9903,0.097827
-532.9189,5.5155,-442.3131,0.097903
-532.7993,5.5151,-442.6351,0.097989
-532.6790,5.5146,-442.9564,0.098061
-532.5578,5.5141,-443.2768,0.098143
-532.4360,5.5136,-443.5963,0.098226
-532.3270,5.5132,-443.8798,0.098292
-532.2035,5.5126,-444.1978,0.098368
-532.0791,5.5120,-444.5148,0.098451
-531.9537,5.5114,-444.8310,0.098528
-531.8416,5.5109,-445.1113,0.098596
-531.7144,5.5102,-445.4257,0.098671
-531.5861,5.5095,-445.7392,0.098752
-531.4713,5.5088,-446.0170,0.098825
-531.3413,5.5081,-446.3285,0.098897
-531.2104,5.5073,-446.6392,0.098978
-531.0786,5.5065,-446.9488,0.099048
-530.9459,5.5056,-447.2574,0.099127
-530.8214,5.5012,-447.5290,0.099196
-530.6875,5.5012,-447.8358,0.099268
-530.5525,5.5012,-448.1417,0.099346
-530.4313,5.5012,-448.4126,0.099416
-530.2940,5.5012,-448.7163,0.099494
-530.1558,5.5012,-449.0194,0.099564
-530.0321,5.5012,-449.2877,0.099635
-529.8920,5.5012,-449.5884,0.099705
-529.7507,5.5012,-449.8879,0.099781
-529.6082,5.5012,-450.1863,0.099854
-529.4645,5.5012,-450.4837,0.099931
-529.3198,5.5012,-450.7799,0.100004
-529.1738,5.5012,-451.0751,0.100081
-529.0101,5.5012,-451.4016,0.100160
-528.8780,5.5012,-451.6617,0.100223
-528.7281,5.5012,-451.9532,0.100300
-528.5770,5.5012,-452.2436,0.100377
-528.4415,5.5012,-452.5006,0.100433
-528.2878,5.5012,-452.7889,0.100511
-528.1323,5.5012,-453.0764,0.100580
-527.9753,5.5012,-453.3633,0.100653
-527.8344,5.5012,-453.6177,0.100720
-527.6743,5.5012,-453.9032,0.100796
-527.5123,5.5012,-454.1881,0.100865
-527.3485,5.5012,-454.4722,0.100941
-527.1826,5.5012,-454.7555,0.101009
-527.0148,5.5012,-455.0380,0.101087
-526.8450,5.5012,-455.3196,0.101157
-526.6732,5.5012,-455.6003,0.101230
-526.4991,5.5012,-455.8801,0.101302
-526.3427,5.5012,-456.1279,0.101371
-526.1647,5.5012,-456.4057,0.101445
-525.9849,5.5012,-456.6824,0.101516
-525.8233,5.5012,-456.9274,0.101578
-525.6396,5.5012,-457.2020,0.101651
-525.4540,5.5012,-457.4755,0.101725
-525.2664,5.5012,-457.7478,0.101797
-525.0768,5.5012,-458.0188,0.101879
-524.8852,5.5012,-458.2887,0.101945
-524.6915,5.5012,-458.5573,0.102011
-524.4956,5.5012,-458.8245,0.102087
-524.2975,5.5012,-459.0904,0.102161
-524.0973,5.5012,-459.3549,0.102226
-523.8948,5.5012,-459.6179,0.102301
-523.7130,5.5012,-459.8504,0.102370
-523.5065,5.5012,-460.1105,0.102444
-523.2978,5.5012,-460.3692,0.102519
-523.0870,5.5012,-460.6263,0.102589
-522.8741,5.5012,-460.8819,0.102661
-522.6830,5.5012,-461.1077,0.102722
-522.4662,5.5012,-461.3602,0.102800
-522.2471,5.5012,-461.6111,0.102871
-522.0260,5.5012,-461.8603,0.102944
-521.8276,5.5012,-462.0804,0.103012
-521.6024,5.5012,-462.3264,0.103080
-521.3751,5.5012,-462.5705,0.103160
-521.1457,5.5012,-462.8126,0.103228
-520.9144,5.5012,-463.0524,0.103304
-520.7071,5.5012,-463.2638,0.103367
-520.4722,5.5012,-463.4995,0.103438
-520.2356,5.5012,-463.7330,0.103512
-520.0237,5.5012,-463.9388,0.103579
-519.7838,5.5012,-464.1680,0.103647
-519.5421,5.5012,-464.3950,0.103726
-519.2988,5.5012,-464.6197,0.103793
-519.0811,5.5012,-464.8175,0.103857
-518.8348,5.5012,-465.0380,0.103931
-518.5869,5.5012,-465.2562,0.103995
-518.3375,5.5012,-465.4722,0.104070
-518.0863,5.5012,-465.6862,0.104142
-517.8617,5.5012,-465.8748,0.104208
-517.6072,5.5012,-466.0851,0.104285
-517.3511,5.5012,-466.2934,0.104352
-517.1221,5.5012,-466.4768,0.104419
-516.8918,5.5012,-466.6587,0.104482
-516.6312,5.5012,-466.8614,0.104550
-516.3688,5.5012,-467.0621,0.104623
-516.1050,5.5012,-467.2609,0.104699
-515.8397,5.5012,-467.4578,0.104769
-515.5729,5.5012,-467.6527,0.104843
-515.3048,5.5012,-467.8458,0.104914
-515.0351,5.5012,-468.0369,0.104982
-514.7640,5.5012,-468.2263,0.105057
-514.4915,5.5012,-468.4136,0.105133
-514.2175,5.5012,-468.5990,0.105202
-513.9421,5.5012,-468.7825,0.105269
-513.6961,5.5012,-468.9440,0.105330
-513.4178,5.5012,-469.1239,0.105411
-513.1693,5.5012,-469.2821,0.105473
-512.8884,5.5012,-469.4582,0.105554
-512.6374,5.5012,-469.6131,0.105615
-512.3538,5.5012,-469.7854,0.105685
-512.1005,5.5012,-469.9369,0.105746
-511.8143,5.5012,-470.1054,0.105823
-511.5267,5.5012,-470.2720,0.105899
-511.2378,5.5012,-470.4364,0.105968
-510.9475,5.5012,-470.5987,0.106039
-510.6560,5.5012,-470.7590,0.106112
-510.3958,5.5012,-470.8997,0.106181
-510.1018,5.5012,-471.0560,0.106253
-509.8395,5.5012,-471.1933,0.106327
-509.5432,5.5012,-471.3457,0.106384
-509.2458,5.5012,-471.4961,0.106461
-508.9805,5.5012,-471.6280,0.106524
-508.6808,5.5012,-471.7745,0.106605
-508.3800,5.5012,-471.9189,0.106672
-508.0781,5.5012,-472.0613,0.106745
-507.8089,5.5012,-472.1860,0.106809
-507.5050,5.5012,-472.3244,0.106882
-507.2000,5.5012,-472.4608,0.106955
-506.8940,5.5012,-472.5952,0.107026
-506.5871,5.5012,-472.7275,0.107107
-506.2793,5.5012,-472.8578,0.107178
-505.9707,5.5012,-472.9863,0.107247
-505.6612,5.5012,-473.1129,0.107322
-505.3509,5.5012,-473.2376,0.107400
-505.0398,5.5012,-473.3607,0.107467
-504.7280,5.5012,-473.4820,0.107542
-504.4502,5.5012,-473.5883,0.107605
-504.1369,5.5012,-473.7061,0.107682
-503.8228,5.5012,-473.8222,0.107760
-503.5429,5.5012,-473.9238,0.107822
-503.2272,5.5012,-474.0363,0.107903
-502.9107,5.5012,-474.1470,0.107972
-502.5934,5.5012,-474.2558,0.108040
-502.2754,5.5012,-474.3627,0.108119
-501.9921,5.5012,-474.4562,0.108183
-501.6726,5.5012,-474.5597,0.108256
-501.3881,5.5012,-474.6500,0.108322
-501.0673,5.5012,-474.7499,0.108401
-500.7816,5.5012,-474.8372,0.108467
-500.4595,5.5012,-474.9336,0.108539
-500.1727,5.5012,-475.0178,0.108604
-499.8494,5.5012,-475.1108,0.108676
-499.5255,5.5012,-475.2020,0.108750
-499.2010,5.5012,-475.2913,0.108823
-498.9119,5.5012,-475.3691,0.108892
-498.5862,5.5012,-475.4549,0.108963
-498.2599,5.5012,-475.5388,0.109040
-497.9330,5.5012,-475.6209,0.109117
-497.6418,5.5012,-475.6923,0.109180
-497.3138,5.5012,-475.7709,0.109256
-497.0218,5.5012,-475.8391,0.109326
-496.6926,5.5012,-475.9141,0.109396
-496.3630,5.5012,-475.9872,0.109469
-496.0328,5.5012,-476.0583,0.109545
-495.7388,5.5012,-476.1200,0.109615
-495.4076,5.5012,-476.1875,0.109684
-495.0760,5.5012,-476.2531,0.109755
-494.7438,5.5012,-476.3170,0.109829
-494.4111,5.5012,-476.3788,0.109908
-494.1151,5.5012,-476.4321,0.109972
-493.7444,5.5012,-476.4966,0.110059
-493.4104,5.5012,-476.5526,0.110133
-493.0760,5.5012,-476.6067,0.110204
-492.7787,5.5012,-476.6530,0.110276
-492.4439,5.5012,-476.7031,0.110351
-492.1092,5.5012,-476.7512,0.110423
-491.7745,5.5012,-476.7971,0.110499
-491.4402,5.5012,-476.8409,0.110572
-491.1061,5.5012,-476.8827,0.110644
-490.8095,5.5012,-476.9180,0.110709
-490.4762,5.5012,-476.9557,0.110787
-490.1432,5.5012,-476.9913,0.110858
-489.8106,5.5012,-477.0249,0.110936
-489.4784,5.5012,-477.0564,0.111009
-489.1467,5.5012,-477.0858,0.111080
-488.8153,5.5012,-477.1132,0.111156
-488.5211,5.5012,-477.1358,0.111224
-488.1906,5.5012,-477.1593,0.111294
-487.8605,5.5012,-477.1808,0.111366
-487.5309,5.5012,-477.2003,0.111438
-487.2018,5.5012,-477.2179,0.111510
-486.8730,5.5012,-477.2334,0.111582
-486.5811,5.5012,-477.2455,0.111645
-486.2527,5.5012,-477.2573,0.111719
-485.9242,5.5012,-477.2672,0.111788
-485.5956,5.5012,-477.2752,0.111861
-485.2669,5.5012,-477.2813,0.111939
-484.9381,5.5012,-477.2856,0.112014
-484.6092,5.5012,-477.2879,0.112082
-484.2803,5.5012,-477.2883,0.112155
-483.9512,5.5012,-477.2868,0.112230
-483.6221,5.5012,-477.2834,0.112304
-483.2928,5.5012,-477.2782,0.112379
-482.9635,5.5012,-477.2710,0.112450
-482.6708,5.5012,-477.2630,0.112514
-482.3413,5.5012,-477.2524,0.112587
-482.0120,5.5012,-477.2398,0.112663
-481.6826,5.5012,-477.2254,0.112735
-481.3531,5.5012,-477.2092,0.112813
-481.0236,5.5012,-477.1911,0.112881
-480.6942,5.5012,-477.1712,0.112958
-480.3648,5.5012,-477.1495,0.113032
-480.0355,5.5012,-477.1261,0.113107
-479.6697,5.5012,-477.0980,0.113189
-479.3770,5.5012,-477.0739,0.113256
-479.0479,5.5012,-477.0452,0.113328
-478.7188,5.5013,-477.0146,0.113401
-478.3898,5.5013,-476.9824,0.113477
-478.0609,5.5013,-476.9483,0.113553
-477.7320,5.5013,-476.9125,0.113629
-477.4397,5.5013,-476.8792,0.113697
-477.1110,5.5013,-476.8401,0.113771
-476.7824,5.5013,-476.7992,0.113844
-476.4540,5.5031,-476.7565,0.113923
-476.1607,5.5062,-476.7236,0.113989
-475.8331,5.5073,-476.6776,0.114065
-475.4696,5.5084,-476.6245,0.114147
-475.1427,5.5093,-476.5750,0.114221
-474.8526,5.5101,-476.5295,0.114289
-474.5267,5.5110,-476.4767,0.114366
-474.2013,5.5118,-476.4219,0.114441
-473.8765,5.5126,-476.3654,0.114514
-473.5521,5.5133,-476.3073,0.114590
-473.2282,5.5140,-476.2474,0.114665
-472.9049,5.5146,-476.1860,0.114743
-472.5820,5.5152,-476.1231,0.114819
-472.2595,5.5158,-476.0589,0.114896
-471.9373,5.5163,-475.9933,0.114968
-471.6155,5.5168,-475.9265,0.115046
-471.2582,5.5173,-475.8509,0.115129
-470.9369,5.5177,-475.7815,0.115210
-470.5801,5.5182,-475.7032,0.115291
-470.2949,5.5185,-475.6396,0.115360
-469.9385,5.5189,-475.5592,0.115444
-469.6180,5.5192,-475.4860,0.115522
-469.2975,5.5195,-475.4121,0.115597
-468.9772,5.5198,-475.3376,0.115674
-468.6570,5.5201,-475.2627,0.115753
-468.3369,5.5204,-475.1874,0.115832
-468.0168,5.5207,-475.1119,0.115906
-467.6610,5.5210,-475.0277,0.115993
-467.3408,5.5212,-474.9518,0.116071
-467.0204,5.5215,-474.8758,0.116146
-466.6642,5.5218,-474.7911,0.116240
-466.3435,5.5220,-474.7147,0.116316
-466.0225,5.5223,-474.6381,0.116390
-465.6656,5.5225,-474.5527,0.116479
-465.3799,5.5228,-474.4844,0.116552
-465.0226,5.5230,-474.3988,0.116642
-464.7007,5.5233,-474.3218,0.116721
-464.4144,5.5235,-474.2534,0.116794
-464.0920,5.5237,-474.1766,0.116874
-463.7693,5.5240,-474.0999,0.116951
-463.4461,5.5243,-474.0235,0.117033
-463.1227,5.5247,-473.9468,0.117112
-462.7629,5.5250,-473.8614,0.117207
-462.4388,5.5254,-473.7844,0.117290
-462.1143,5.5257,-473.7070,0.117369
-461.7534,5.5260,-473.6205,0.117457
-461.4644,5.5263,-473.5510,0.117531
-461.1390,5.5266,-473.4724,0.117613
-460.8133,5.5268,-473.3932,0.117699
-460.4873,5.5270,-473.3136,0.117775
-460.1611,5.5273,-473.2335,0.117860
-459.8345,5.5275,-473.1531,0.117941
-459.5078,5.5276,-473.0723,0.118026
-459.1807,5.5278,-472.9912,0.118108
-458.8533,5.5280,-472.9098,0.118190
-458.5257,5.5282,-472.8282,0.118274
-458.1978,5.5284,-472.7462,0.118359
-457.8694,5.5285,-472.6640,0.118441
-457.5408,5.5287,-472.5815,0.118528
-457.2119,5.5288,-472.4987,0.118609
-456.8827,5.5290,-472.4156,0.118692
-456.5530,5.5291,-472.3322,0.118780
-456.2231,5.5293,-472.2486,0.118863
-455.8929,5.5294,-472.1646,0.118948
-455.5624,5.5295,-472.0804,0.119034
-455.2314,5.5297,-471.9958,0.119117
-454.9002,5.5298,-471.9111,0.119204
-454.5686,5.5299,-471.8261,0.119287
-454.2366,5.5300,-471.7410,0.119376
-453.9044,5.5301,-471.6557,0.119458
-453.5718,5.5302,-471.5703,0.119545
-453.2388,5.5304,-471.4846,0.119630
-452.8683,5.5305,-471.3895,0.119727
-452.5346,5.5306,-471.3037,0.119814
-452.2004,5.5307,-471.2178,0.119901
-451.8658,5.5308,-471.1318,0.119989
-451.5681,5.5309,-471.0553,0.120064
-451.2328,5.5310,-470.9691,0.120151
-450.8972,5.5312,-470.8827,0.120238
-450.5611,5.5313,-470.7962,0.120327
-450.2247,5.5314,-470.7095,0.120415
-449.9254,5.5314,-470.6321,0.120492
-449.5882,5.5314,-470.5450,0.120580
-449.2506,5.5315,-470.4576,0.120669
-448.9128,5.5315,-470.3701,0.120755
-448.5746,5.5315,-470.2822,0.120841
-448.2361,5.5315,-470.1941,0.120933
-447.8973,5.5315,-470.1057,0.121020
-447.5583,5.5315,-470.0172,0.121108
-447.2566,5.5315,-469.9384,0.121187
-446.9169,5.5315,-469.8495,0.121275
-446.5770,5.5316,-469.7603,0.121363
-446.2746,5.5317,-469.6811,0.121443
-445.9341,5.5317,-469.5919,0.121531
-445.5934,5.5318,-469.5025,0.121621
-445.2525,5.5319,-469.4132,0.121710
-444.9113,5.5320,-469.3237,0.121799
-444.6078,5.5320,-469.2442,0.121878
-444.2660,5.5321,-469.1547,0.121968
-443.9238,5.5322,-469.0651,0.122057
-443.5813,5.5322,-468.9755,0.122145
-443.2384,5.5323,-468.8858,0.122235
-442.9333,5.5324,-468.8059,0.122314
-442.5898,5.5325,-468.7160,0.122403
-442.2841,5.5325,-468.6360,0.122485
-441.9400,5.5326,-468.5458,0.122574
-441.5954,5.5327,-468.4556,0.122664
-441.2888,5.5327,-468.3753,0.122746
-440.9436,5.5328,-468.2850,0.122835
-440.5981,5.5330,-468.1945,0.122925
-440.2522,5.5331,-468.1039,0.123017
-439.9444,5.5332,-468.0233,0.123098
-439.5978,5.5334,-467.9325,0.123188
-439.2509,5.5335,-467.8415,0.123278
-438.9037,5.5337,-467.7505,0.123371
-438.5559,5.5338,-467.6592,0.123461
-438.2078,5.5340,-467.5679,0.123553
-437.8594,5.5341,-467.4764,0.123644
-437.5492,5.5342,-467.3950,0.123723
-437.2001,5.5343,-467.3032,0.123815
-436.8504,5.5344,-467.2112,0.123909
-436.4615,5.5345,-467.1089,0.124008
-436.1500,5.5345,-467.0269,0.124090
-435.7992,5.5346,-466.9344,0.124182
-435.4480,5.5346,-466.8419,0.124275
-435.0964,5.5347,-466.7492,0.124366
-434.7445,5.5348,-466.6563,0.124460
-434.3921,5.5348,-466.5633,0.124553
-434.0394,5.5349,-466.4702,0.124644
-433.6863,5.5349,-466.3769,0.124738
-433.3328,5.5350,-466.2836,0.124831
-433.0183,5.5350,-466.2004,0.124913
-432.6641,5.5351,-466.1067,0.125007
-432.3489,5.5351,-466.0233,0.125088
-431.9940,5.5352,-465.9293,0.125182
-431.6387,5.5352,-465.8351,0.125276
-431.2831,5.5353,-465.7408,0.125369
-430.9270,5.5353,-465.6464,0.125464
-430.6102,5.5354,-465.5622,0.125546
-430.2535,5.5354,-465.4675,0.125640
-429.8964,5.5355,-465.3725,0.125732
-429.5389,5.5355,-465.2774,0.125827
-429.1811,5.5355,-465.1821,0.125923
-428.8229,5.5356,-465.0867,0.126014
-428.4643,5.5356,-464.9911,0.126112
-428.1053,5.5357,-464.8954,0.126203
-427.7860,5.5357,-464.8102,0.126287
-427.4264,5.5357,-464.7140,0.126383
-427.0665,5.5357,-464.6179,0.126480
-426.7464,5.5357,-464.5321,0.126563
-426.3860,5.5357,-464.4357,0.126658
-426.0253,5.5356,-464.3391,0.126755
-425.6644,5.5356,-464.2424,0.126849
-425.3032,5.5355,-464.1456,0.126943
-424.9821,5.5355,-464.0595,0.127028
-424.6205,5.5354,-463.9625,0.127124
-424.2185,5.5354,-463.8546,0.127231
-423.8968,5.5353,-463.7682,0.127316
-423.5346,5.5352,-463.6709,0.127410
-423.1722,5.5352,-463.5735,0.127505
-422.8498,5.5352,-463.4868,0.127590
-422.4871,5.5352,-463.3892,0.127687
-422.1241,5.5352,-463.2914,0.127781
-421.8013,5.5352,-463.2045,0.127869
-421.4380,5.5352,-463.1066,0.127963
-421.0746,5.5352,-463.0086,0.128059
-420.7110,5.5352,-462.9106,0.128154
-420.3876,5.5353,-462.8232,0.128239
-420.0236,5.5353,-462.7249,0.128335
-419.6595,5.5353,-462.6265,0.128432
-419.2547,5.5353,-462.5170,0.128538
-418.8902,5.5353,-462.4184,0.128635
-418.5660,5.5353,-462.3308,0.128722
-418.2012,5.5353,-462.2320,0.128818
-417.8767,5.5353,-462.1443,0.128903
-417.5116,5.5353,-462.0455,0.129001
-417.1462,5.5353,-461.9466,0.129098
-416.8213,5.5353,-461.8586,0.129182
-416.4556,5.5353,-461.7596,0.129279
-416.0897,5.5353,-461.6606,0.129374
-415.7643,5.5353,-461.5724,0.129464
-415.3981,5.5353,-461.4732,0.129558
-415.0317,5.5353,-461.3739,0.129655
-414.6651,5.5352,-461.2746,0.129749
-414.2983,5.5352,-461.1751,0.129847
-413.9314,5.5352,-461.0756,0.129942
-413.5643,5.5352,-460.9761,0.130038
-413.2378,5.5352,-460.8876,0.130126
-412.8704,5.5352,-460.7879,0.130224
-412.5027,5.5352,-460.6881,0.130320
-412.1349,5.5352,-460.5883,0.130415
-411.8079,5.5352,-460.4997,0.130503
-411.4397,5.5352,-460.3998,0.130602
-411.0713,5.5352,-460.2999,0.130698
-410.7029,5.5352,-460.1998,0.130794
-410.3752,5.5352,-460.1108,0.130881
-410.0063,5.5352,-460.0107,0.130977
-409.6373,5.5352,-459.9104,0.131077
-409.2271,5.5351,-459.7989,0.131185
-408.8577,5.5351,-459.6985,0.131281
-408.5292,5.5351,-459.6093,0.131370
-408.1595,5.5351,-459.5087,0.131466
-407.7897,5.5351,-459.4081,0.131562
-407.4608,5.5351,-459.3186,0.131651
-407.0906,5.5351,-459.2180,0.131751
-406.7202,5.5351,-459.1173,0.131847
-406.3496,5.5351,-459.0164,0.131939
-405.9789,5.5350,-458.9154,0.132042
-405.6494,5.5350,-458.8257,0.132125
-405.2372,5.5350,-458.7133,0.132231
-404.8662,5.5350,-458.6120,0.132329
-404.5363,5.5350,-458.5219,0.132421
-404.1239,5.5349,-458.4091,0.132529
-403.7524,5.5349,-458.3075,0.132624
-403.4222,5.5349,-458.2170,0.132714
-403.0507,5.5348,-458.1152,0.132813
-402.6790,5.5348,-458.0132,0.132909
-402.3072,5.5348,-457.9110,0.133004
-401.9354,5.5347,-457.8088,0.133105
-401.5634,5.5347,-457.7063,0.133200
-401.1913,5.5346,-457.6037,0.133302
-400.8195,5.5346,-457.5009,0.133395
-400.4475,5.5345,-457.3979,0.133496
-400.0754,5.5345,-457.2948,0.133593
-399.7447,5.5344,-457.2030,0.133681
-399.3727,5.5344,-457.0996,0.133777
-398.9593,5.5343,-456.9845,0.133887
-398.6286,5.5342,-456.8922,0.133974
-398.2151,5.5341,-456.7766,0.134080
-397.8430,5.5340,-456.6722,0.134180
-397.5122,5.5339,-456.5791,0.134265
-397.1401,5.5338,-456.4741,0.134362
-396.7681,5.5337,-456.3685,0.134459
-396.3961,5.5336,-456.2624,0.134553
-396.0240,5.5334,-456.1557,0.134655
-395.6522,5.5333,-456.0485,0.134749
-395.2803,5.5331,-455.9409,0.134844
-394.9086,5.5329,-455.8327,0.134941
-394.5369,5.5327,-455.7241,0.135041
-394.1654,5.5325,-455.6150,0.135132
-393.7939,5.5323,-455.5055,0.135235
-393.4228,5.5321,-455.3956,0.135324
-393.0522,5.5318,-455.2852,0.135422
-392.6819,5.5316,-455.1744,0.135514
-392.3120,5.5313,-455.0631,0.135611
-391.9427,5.5310,-454.9513,0.135706
-391.5738,5.5307,-454.8387,0.135798
-391.2056,5.5304,-454.7253,0.135896
-390.8382,5.5300,-454.6112,0.135988
-390.4716,5.5296,-454.4961,0.136080
-390.1061,5.5292,-454.3799,0.136178
-389.7414,5.5287,-454.2627,0.136268
-389.3372,5.5282,-454.1311,0.136371
-388.9745,5.5277,-454.0114,0.136464
-388.6128,5.5271,-453.8905,0.136558
-388.2121,5.5264,-453.7547,0.136659
-387.8526,5.5258,-453.6311,0.136754
-387.4942,5.5251,-453.5063,0.136843
-387.1368,5.5244,-453.3801,0.136933
-386.7805,5.5236,-453.2524,0.137019
-386.4254,5.5228,-453.1231,0.137109
-386.0714,5.5220,-452.9922,0.137200
-385.7187,5.5211,-452.8595,0.137284
-385.3672,5.5201,-452.7249,0.137370
-385.0170,5.5191,-452.5885,0.137455
-384.6295,5.5179,-452.4348,0.137551
-384.2821,5.5168,-452.2944,0.137635
-383.9362,5.5156,-452.1520,0.137719
-383.5535,5.5142,-451.9915,0.137814
-383.2106,5.5129,-451.8447,0.137900
-382.8692,5.5115,-451.6958,0.137982
-382.5295,5.5101,-451.5446,0.138066
-382.1914,5.5086,-451.3911,0.138145
-381.8551,5.5070,-451.2353,0.138224
-381.5223,5.5045,-451.0713,0.138311
-381.1897,5.5013,-450.9113,0.138390
-380.8587,5.5013,-450.7492,0.138470
-380.5300,5.5013,-450.5843,0.138554
-380.2032,5.5013,-450.4170,0.138632
-379.8781,5.5013,-450.2474,0.138712
-379.5547,5.5012,-450.0758,0.138787
-379.2336,5.5012,-449.9021,0.138865
-378.8792,5.5012,-449.7065,0.138954
-378.5624,5.5012,-449.5279,0.139031
-378.2824,5.5012,-449.3674,0.139097
-377.9346,5.5012,-449.1646,0.139182
-377.6581,5.5012,-449.0006,0.139252
-377.3488,5.5012,-448.8142,0.139332
-377.0416,5.5012,-448.6255,0.139403
-376.7028,5.5012,-448.4132,0.139486
-376.4001,5.5012,-448.2196,0.139562
-376.0995,5.5012,-448.0236,0.139639
-375.8012,5.5012,-447.8250,0.139711
-375.4726,5.5012,-447.6013,0.139791
-375.1793,5.5012,-447.3971,0.139865
-374.8565,5.5012,-447.1671,0.139948
-374.5687,5.5012,-446.9572,0.140018
-374.2835,5.5012,-446.7447,0.140091
-374.0011,5.5012,-446.5295,0.140162
-373.7214,5.5012,-446.3116,0.140237
-373.4445,5.5012,-446.0912,0.140302
-373.1402,5.5012,-445.8432,0.140387
-372.8693,5.5012,-445.6176,0.140453
-372.6012,5.5012,-445.3896,0.140525
-372.3360,5.5012,-445.1592,0.140592
-372.0738,5.5012,-444.9266,0.140665
-371.8144,5.5012,-444.6917,0.140730
-371.5576,5.5012,-444.4543,0.140802
-371.3036,5.5012,-444.2146,0.140867
-371.0521,5.5012,-443.9723,0.140939
-370.7758,5.5012,-443.7002,0.141009
-370.5298,5.5012,-443.4526,0.141078
-370.2864,5.5012,-443.2025,0.141150
-370.0455,5.5012,-442.9501,0.141214
-369.8070,5.5012,-442.6950,0.141284
-369.5710,5.5012,-442.4374,0.141352
-369.3373,5.5012,-442.1772,0.141419
-369.1061,5.5012,-441.9146,0.141486
-368.8773,5.5012,-441.6495,0.141555
-368.6511,5.5012,-441.3818,0.141626
-368.4025,5.5012,-441.0815,0.141702
-368.1816,5.5012,-440.8087,0.141772
-367.9631,5.5012,-440.5334,0.141840
-367.7473,5.5012,-440.2557,0.141907
-367.5341,5.5012,-439.9757,0.141979
-367.3236,5.5012,-439.6931,0.142049
-367.0929,5.5012,-439.3765,0.142125
-366.8879,5.5013,-439.0891,0.142198
-366.6857,5.5013,-438.7994,0.142268
-366.4862,5.5013,-438.5075,0.142337
-366.2896,5.5013,-438.2134,0.142407
-366.0743,5.5013,-437.8839,0.142486
-365.8835,5.5013,-437.5852,0.142557
-365.6956,5.5013,-437.2843,0.142622
-365.5105,5.5013,-436.9813,0.142696
-365.3083,5.5013,-436.6422,0.142770
-365.1294,5.5013,-436.3348,0.142845
-364.9533,5.5013,-436.0255,0.142915
-364.7612,5.5013,-435.6795,0.142990
-364.5726,5.5013,-435.3312,0.143070
-364.4058,5.5013,-435.0158,0.143140
-364.2420,5.5013,-434.6987,0.143210
-364.0632,5.5013,-434.3444,0.143291
-363.9053,5.5013,-434.0237,0.143358
-363.7503,5.5013,-433.7014,0.143431
-363.5813,5.5013,-433.3413,0.143509
-363.4323,5.5013,-433.0156,0.143580
-363.2700,5.5013,-432.6519,0.143658
-363.1270,5.5013,-432.3228,0.143735
-362.9867,5.5013,-431.9922,0.143804
-362.8340,5.5013,-431.6230,0.143882
-362.6848,5.5013,-431.2520,0.143962
-362.5533,5.5013,-430.9164,0.144036
-362.4103,5.5013,-430.5421,0.144119
-362.2705,5.5013,-430.1660,0.144196
-362.1475,5.5013,-429.8261,0.144273
-362.0269,5.5013,-429.4849,0.144342
-361.8960,5.5013,-429.1044,0.144425
-361.7808,5.5013,-428.7605,0.144503
-361.6682,5.5013,-428.4154,0.144577
-361.5459,5.5013,-428.0305,0.144657
-361.4387,5.5013,-427.6828,0.144726
-361.3341,5.5013,-427.3339,0.144806
-361.2208,5.5013,-426.9446,0.144888
-361.1218,5.5013,-426.5931,0.144965
-361.0147,5.5013,-426.2011,0.145044
-360.9212,5.5013,-425.8471,0.145118
-360.8204,5.5013,-425.4525,0.145198
-360.7326,5.5013,-425.0961,0.145279
-360.6473,5.5013,-424.7387,0.145353
-360.5648,5.5013,-424.3802,0.145431
-360.4848,5.5013,-424.0207,0.145510
-360.3989,5.5013,-423.6202,0.145603
-360.3244,5.5013,-423.2588,0.145671
-360.2443,5.5013,-422.8563,0.145768
-360.1747,5.5013,-422.4933,0.145843
-360.1072,5.5013,-422.1295,0.145926
-360.0349,5.5013,-421.7248,0.146023
-359.9722,5.5013,-421.3600,0.146101
-359.9051,5.5013,-420.9539,0.146189
-359.8470,5.5013,-420.5879,0.146269
-359.7913,5.5013,-420.2213,0.146354
-359.7321,5.5013,-419.8133,0.146447
-359.6812,5.5013,-419.4455,0.146526
-359.6327,5.5013,-419.0771,0.146607
-359.5865,5.5013,-418.7083,0.146690
-359.5426,5.5012,-418.3389,0.146779
-359.5011,5.5012,-417.9689,0.146862
-359.4619,5.5012,-417.5984,0.146941
-359.4251,5.5012,-417.2275,0.147029
-359.3870,5.5012,-416.8148,0.147119
-359.3552,5.5012,-416.4429,0.147201
-359.3227,5.5012,-416.0292,0.147295
-359.2959,5.5012,-415.6565,0.147382
-359.2690,5.5012,-415.2419,0.147472
-359.2473,5.5012,-414.8685,0.147563
-359.2279,5.5012,-414.4947,0.147645
-359.2093,5.5012,-414.0790,0.147739
-359.1951,5.5012,-413.7045,0.147821
-359.1833,5.5012,-413.3297,0.147909
-359.1739,5.5012,-412.9547,0.147991
-359.1670,5.5012,-412.5794,0.148078
-359.1620,5.5012,-412.1622,0.148177
-359.1600,5.5012,-411.7447,0.148267
-359.1611,5.5012,-411.3270,0.148360
-359.1646,5.5012,-410.9508,0.148448
-359.1713,5.5012,-410.5327,0.148538
-359.1811,5.5012,-410.1143,0.148643
-359.1937,5.5012,-409.6959,0.148744
-359.2075,5.5012,-409.3192,0.148825
-359.2255,5.5012,-408.9007,0.148923
-359.2440,5.5012,-408.5239,0.149011
-359.2649,5.5012,-408.1471,0.149095
-359.2878,5.5012,-407.7703,0.149196
-359.3130,5.5012,-407.3934,0.149278
-359.3436,5.5012,-406.9747,0.149379
-359.3735,5.5012,-406.5981,0.149468
-359.4056,5.5012,-406.2214,0.149553
-359.4400,5.5012,-405.8450,0.149647
-359.4807,5.5012,-405.4269,0.149741
-359.5197,5.5012,-405.0508,0.149840
-359.5609,5.5012,-404.6747,0.149924
-359.6091,5.5012,-404.2569,0.150021
-359.6548,5.5012,-403.8812,0.150117
-359.7025,5.5012,-403.5056,0.150206
-359.7578,5.5012,-403.0884,0.150306
-359.8098,5.5012,-402.7132,0.150398
-359.8638,5.5012,-402.3381,0.150489
-359.9198,5.5012,-401.9632,0.150582
-359.9844,5.5012,-401.5468,0.150687
-360.0446,5.5012,-401.1721,0.150772
-360.1068,5.5012,-400.7976,0.150864
-360.1783,5.5012,-400.3815,0.150965
-360.2447,5.5012,-400.0071,0.151056
-360.3207,5.5012,-399.5909,0.151164
-360.3991,5.5012,-399.1747,0.151265
-360.4716,5.5012,-398.8000,0.151358
-360.5545,5.5012,-398.3836,0.151465
-360.6395,5.5012,-397.9670,0.151569
-360.7179,5.5012,-397.5919,0.151658
-360.7980,5.5012,-397.2166,0.151751
-360.8798,5.5012,-396.8410,0.151845
-360.9725,5.5012,-396.4234,0.151951
-361.0577,5.5012,-396.0473,0.152037
-361.1541,5.5012,-395.6290,0.152139
-361.2524,5.5012,-395.2104,0.152247
-361.3424,5.5012,-394.8333,0.152339
-361.4440,5.5012,-394.4140,0.152441
-361.5369,5.5012,-394.0363,0.152532
-361.6414,5.5012,-393.6163,0.152638
-361.7366,5.5012,-393.2379,0.152733
-361.8437,5.5012,-392.8171,0.152841
-361.9412,5.5012,-392.4380,0.152932
-362.0398,5.5012,-392.0585,0.153030
-362.1396,5.5012,-391.6786,0.153125
-362.2404,5.5012,-391.2983,0.153218
-362.3423,5.5012,-390.9175,0.153316
-362.4455,5.5012,-390.5364,0.153414
-362.5615,5.5012,-390.1123,0.153516
-362.6669,5.5012,-389.7303,0.153617
-362.7735,5.5012,-389.3477,0.153715
-362.8812,5.5012,-388.9646,0.153809
-363.0022,5.5012,-388.5385,0.153917
-363.1123,5.5012,-388.1543,0.154013
-363.2360,5.5012,-387.7267,0.154118
-363.3485,5.5012,-387.3414,0.154221
-363.4747,5.5012,-386.9126,0.154327
-363.5893,5.5012,-386.5262,0.154430
-363.7047,5.5012,-386.1391,0.154525
-363.8338,5.5012,-385.7084,0.154634
-363.9507,5.5012,-385.3202,0.154736
-364.0810,5.5012,-384.8881,0.154847
-364.1988,5.5012,-384.4986,0.154947
-364.3301,5.5012,-384.0649,0.155058
-364.4487,5.5012,-383.6739,0.155163
-364.5678,5.5012,-383.2822,0.155261
-364.6873,5.5012,-382.8897,0.155362
-364.8208,5.5012,-382.4525,0.155477
-364.9415,5.5012,-382.0582,0.155576
-365.0629,5.5012,-381.6630,0.155682
-365.1983,5.5012,-381.2228,0.155795
-365.3208,5.5012,-380.8256,0.155901
-365.4437,5.5012,-380.4274,0.156001
-365.5669,5.5012,-380.0282,0.156108
-365.7043,5.5012,-379.5834,0.156226
-365.8281,5.5012,-379.1819,0.156330
-365.9521,5.5012,-378.7793,0.156434
-366.0900,5.5012,-378.3306,0.156548
-366.2143,5.5012,-377.9256,0.156656
-366.3387,5.5013,-377.5194,0.156764
-366.4771,5.5013,-377.0667,0.156884
-366.6019,5.5013,-376.6581,0.156992
-366.7408,5.5013,-376.2027,0.157109
-366.8660,5.5013,-375.7916,0.157218
-366.9914,5.5013,-375.3793,0.157326
-367.1169,5.5013,-374.9659,0.157434
-367.2424,5.5013,-374.5514,0.157541
-367.3680,5.5013,-374.1358,0.157652
-367.4934,5.5013,-373.7193,0.157758
-367.6324,5.5013,-373.2557,0.157882
-367.7572,5.5013,-372.8381,0.157989
-367.8816,5.5013,-372.4202,0.158097
-368.0193,5.5013,-371.9556,0.158219
-368.1428,5.5013,-371.5373,0.158332
-368.2656,5.5013,-371.1188,0.158441
-368.4013,5.5013,-370.6538,0.158562
-368.5363,5.5013,-370.1886,0.158684
-368.6569,5.5013,-369.7697,0.158789
-368.7769,5.5013,-369.3507,0.158903
-368.8962,5.5013,-368.9316,0.159013
-369.0148,5.5013,-368.5122,0.159126
-369.1326,5.5013,-368.0927,0.159234
-369.2627,5.5013,-367.6264,0.159359
-369.3789,5.5013,-367.2065,0.159471
-369.4943,5.5013,-366.7864,0.159578
-369.6089,5.5013,-366.3663,0.159689
-369.7226,5.5013,-365.9461,0.159797
-369.8479,5.5013,-365.4791,0.159920
-369.9721,5.5013,-365.0121,0.160042
-370.0827,5.5013,-364.5919,0.160151
-370.2045,5.5013,-364.1254,0.160273
-370.3129,5.5013,-363.7058,0.160386
-370.4202,5.5013,-363.2865,0.160492
-370.5265,5.5013,-362.8675,0.160603
-370.6317,5.5013,-362.4489,0.160715
-370.7475,5.5013,-361.9840,0.160834
-370.8505,5.5013,-361.5660,0.160943
-370.9525,5.5013,-361.1483,0.161052
-371.0534,5.5013,-360.7308,0.161166
-371.1644,5.5013,-360.2673,0.161282
-371.2631,5.5013,-359.8505,0.161392
-371.3610,5.5013,-359.4339,0.161497
-371.4685,5.5013,-358.9714,0.161621
-371.5643,5.5013,-358.5555,0.161731
-371.6696,5.5013,-358.0938,0.161856
-371.7635,5.5013,-357.6785,0.161960
-371.8461,5.5013,-357.3096,0.162056
-371.9381,5.5013,-356.8950,0.162162
-372.0293,5.5013,-356.4806,0.162273
-372.1295,5.5013,-356.0206,0.162394
-372.2187,5.5013,-355.6070,0.162505
-372.3069,5.5013,-355.1936,0.162609
-372.3943,5.5013,-354.7807,0.162717
-372.4904,5.5013,-354.3224,0.162840
-372.5759,5.5013,-353.9104,0.162948
-372.6605,5.5013,-353.4989,0.163055
-372.7535,5.5013,-353.0423,0.163175
-372.8453,5.5013,-352.5864,0.163295
-372.9270,5.5013,-352.1766,0.163402
-373.0078,5.5013,-351.7675,0.163510
-373.0965,5.5013,-351.3138,0.163632
-373.1754,5.5013,-350.9063,0.163736
-373.2534,5.5013,-350.4996,0.163846
-373.3391,5.5013,-350.0486,0.163963
-373.4153,5.5013,-349.6437,0.164070
-373.4908,5.5013,-349.2397,0.164175
-373.5736,5.5013,-348.7919,0.164295
-373.6473,5.5013,-348.3900,0.164399
-373.7201,5.5013,-347.9890,0.164503
-373.8000,5.5013,-347.5450,0.164619
-373.8709,5.5013,-347.1464,0.164723
-373.9488,5.5013,-346.7051,0.164840
-374.0179,5.5013,-346.3094,0.164944
-374.0935,5.5013,-345.8715,0.165059
-374.1607,5.5013,-345.4791,0.165161
-374.2270,5.5013,-345.0885,0.165264
-374.2923,5.5013,-344.6998,0.165366
-374.3566,5.5013,-344.3130,0.165468
-374.4200,5.5013,-343.9282,0.165566
-374.4824,5.5013,-343.5457,0.165667
-374.5506,5.5013,-343.1235,0.165778
-374.6108,5.5013,-342.7464,0.165877
-374.6766,5.5013,-342.3304,0.165984
-374.7346,5.5013,-341.9590,0.166080
-374.7917,5.5013,-341.5903,0.166176
-374.8539,5.5013,-341.1841,0.166283
-374.9146,5.5013,-340.7818,0.166387
-374.9680,5.5013,-340.4230,0.166483
-375.0259,5.5013,-340.0282,0.166583
-375.0765,5.5013,-339.6764,0.166673
-375.1256,5.5013,-339.3281,0.166765
-375.1782,5.5013,-338.9453,0.166865
-375.2239,5.5013,-338.6043,0.166952
-375.2679,5.5013,-338.2669,0.167042
-375.3148,5.5013,-337.8960,0.167137
-375.3552,5.5013,-337.5659,0.167221
-375.3939,5.5013,-337.2393,0.167307
-375.4349,5.5013,-336.8803,0.167399
-375.4702,5.5013,-336.5609,0.167481
-375.5073,5.5013,-336.2099,0.167573
-375.5393,5.5013,-335.8975,0.167652
-375.5698,5.5013,-335.5886,0.167734
-375.5988,5.5013,-335.2830,0.167810
-375.6264,5.5013,-334.9807,0.167886
-375.6526,5.5013,-334.6819,0.167965
-375.6776,5.5013,-334.3864,0.168052
-375.7013,5.5013,-334.0943,0.168118
-375.7237,5.5013,-333.8056,0.168191
-375.7473,5.5013,-333.4886,0.168272
-375.7673,5.5013,-333.2069,0.168347
-375.7863,5.5013,-332.9286,0.168418
-375.8043,5.5014,-332.6535,0.168489
-375.8214,5.5014,-332.3818,0.168559
-375.8391,5.5014,-332.0839,0.168636
-375.8541,5.5014,-331.8188,0.168704
-375.8698,5.5014,-331.5265,0.168779
-375.8831,5.5014,-331.2645,0.168847
-375.8957,5.5014,-331.0031,0.168913
-375.9087,5.5014,-330.7130,0.168987
-375.9198,5.5014,-330.4522,0.169054
-375.9301,5.5014,-330.1915,0.169122
-375.9407,5.5014,-329.9020,0.169196
-375.9495,5.5014,-329.6418,0.169263
-375.9576,5.5014,-329.3817,0.169328
-375.9654,5.5014,-329.0931,0.169403
-375.9715,5.5014,-328.8336,0.169469
-375.9771,5.5014,-328.5455,0.169543
-375.9810,5.5014,-328.2864,0.169610
-375.9843,5.5014,-327.9988,0.169684
-375.9863,5.5014,-327.7401,0.169750
-375.9875,5.5014,-327.4817,0.169817
-375.9878,5.5014,-327.2234,0.169883
-375.9873,5.5014,-326.9653,0.169948
-375.9861,5.5014,-326.7075,0.170014
-375.9839,5.5014,-326.4498,0.170081
-375.9809,5.5014,-326.1924,0.170147
-375.9765,5.5014,-325.9066,0.170220
-375.9716,5.5014,-325.6497,0.170286
-375.9657,5.5014,-325.3930,0.170352
-375.9586,5.5014,-325.1368,0.170418
-375.9495,5.5014,-324.8524,0.170491
-375.9389,5.5014,-324.5684,0.170564
-375.9281,5.5014,-324.3131,0.170630
-375.9161,5.5014,-324.0582,0.170695
-375.9028,5.5014,-323.8035,0.170760
-375.8884,5.5014,-323.5492,0.170826
-375.8709,5.5014,-323.2671,0.170898
-375.8540,5.5014,-323.0134,0.170964
-375.8360,5.5014,-322.7601,0.171030
-375.8169,5.5014,-322.5070,0.171095
-375.7966,5.5014,-322.2542,0.171160
-375.7728,5.5014,-321.9735,0.171232
-375.7502,5.5014,-321.7211,0.171298
-375.7265,5.5014,-321.4686,0.171363
-375.6989,5.5014,-321.1881,0.171436
-375.6727,5.5014,-320.9355,0.171501
-375.6453,5.5014,-320.6829,0.171566
-375.6134,5.5014,-320.4020,0.171639
-375.5834,5.5014,-320.1492,0.171705
-375.5520,5.5014,-319.8963,0.171770
-375.5194,5.5014,-319.6434,0.171836
-375.4855,5.5014,-319.3904,0.171902
-375.4463,5.5014,-319.1094,0.171974
-375.4096,5.5014,-318.8564,0.172041
-375.3714,5.5014,-318.6034,0.172106
-375.3273,5.5014,-318.3223,0.172181
-375.2861,5.5014,-318.0693,0.172246
-375.2434,5.5014,-317.8162,0.172312
-375.1943,5.5014,-317.5348,0.172386
-375.1487,5.5014,-317.2813,0.172452
-375.0964,5.5014,-316.9995,0.172526
-375.0479,5.5014,-316.7455,0.172593
-374.9982,5.5014,-316.4909,0.172660
-374.9417,5.5014,-316.2073,0.172735
-374.8896,5.5014,-315.9512,0.172802
-374.8366,5.5014,-315.6942,0.172868
-374.7766,5.5014,-315.4073,0.172945
-374.7216,5.5014,-315.1479,0.173013
-374.6593,5.5014,-314.8582,0.173089
-374.6022,5.5014,-314.5961,0.173158
-374.5374,5.5014,-314.3032,0.173234
-374.4778,5.5014,-314.0379,0.173303
-374.4169,5.5014,-313.7711,0.173375
-374.3477,5.5014,-313.4728,0.173453
-374.2840,5.5014,-313.2027,0.173524
-374.2190,5.5014,-312.9309,0.173596
-374.1526,5.5014,-312.6574,0.173668
-374.0848,5.5014,-312.3820,0.173741
-374.0078,5.5014,-312.0740,0.173823
-373.9292,5.5014,-311.7636,0.173905
-373.8571,5.5014,-311.4823,0.173979
-373.7837,5.5014,-311.1992,0.174055
-373.7007,5.5014,-310.8824,0.174139
-373.6246,5.5014,-310.5953,0.174214
-373.5387,5.5014,-310.2740,0.174300
-373.4599,5.5014,-309.9828,0.174378
-373.3707,5.5014,-309.6567,0.174464
-373.2889,5.5014,-309.3613,0.174543
-373.2057,5.5014,-309.0638,0.174622
-373.1116,5.5014,-308.7311,0.174711
-373.0253,5.5014,-308.4296,0.174791
-372.9376,5.5014,-308.1262,0.174872
-372.8482,5.5013,-307.8210,0.174953
-372.7574,5.5013,-307.5139,0.175035
-372.6547,5.5013,-307.1708,0.175128
-372.5606,5.5013,-306.8601,0.175211
-372.4543,5.5013,-306.5129,0.175304
-372.3570,5.5013,-306.1985,0.175389
-372.2472,5.5013,-305.8472,0.175482
-372.1469,5.5013,-305.5294,0.175568
-372.0337,5.5013,-305.1741,0.175663
-371.9302,5.5013,-304.8523,0.175750
-371.8136,5.5013,-304.4925,0.175848
-371.7068,5.5013,-304.1663,0.175935
-371.5863,5.5013,-303.8014,0.176033
-371.4760,5.5013,-303.4706,0.176123
-371.3639,5.5013,-303.1374,0.176213
-371.2499,5.5013,-302.8017,0.176305
-371.1341,5.5013,-302.4636,0.176396
-371.0164,5.5013,-302.1229,0.176489
-370.8968,5.5013,-301.7797,0.176581
-370.7752,5.5013,-301.4341,0.176673
-370.6516,5.5013,-301.0860,0.176770
-370.5261,5.5013,-300.7355,0.176865
-370.3842,5.5013,-300.3432,0.176971
-370.2544,5.5013,-299.9874,0.177071
-370.1078,5.5013,-299.5895,0.177181
-369.9737,5.5013,-299.2289,0.177280
-369.8377,5.5013,-298.8663,0.177378
-369.6998,5.5013,-298.5016,0.177480
-369.5598,5.5013,-298.1350,0.177580
-369.4179,5.5013,-297.7664,0.177680
-369.2578,5.5013,-297.3546,0.177795
-369.1116,5.5013,-296.9819,0.177898
-368.9633,5.5013,-296.6073,0.178001
-368.8130,5.5013,-296.2308,0.178107
-368.6435,5.5013,-295.8102,0.178224
-368.4887,5.5013,-295.4297,0.178329
-368.3318,5.5013,-295.0472,0.178434
-368.1550,5.5013,-294.6200,0.178554
-367.9935,5.5013,-294.2334,0.178661
-367.8115,5.5013,-293.8017,0.178782
-367.6454,5.5013,-293.4112,0.178892
-367.4771,5.5013,-293.0187,0.179001
-367.3065,5.5013,-292.6245,0.179112
-367.1337,5.5013,-292.2283,0.179222
-366.9586,5.5013,-291.8304,0.179335
-366.7812,5.5013,-291.4307,0.179448
-366.5813,5.5013,-290.9845,0.179573
-366.3990,5.5013,-290.5810,0.179688
-366.2143,5.5013,-290.1758,0.179804
-366.0272,5.5013,-289.7687,0.179920
-365.8165,5.5013,-289.3145,0.180047
-365.6242,5.5013,-288.9040,0.180164
-365.4296,5.5013,-288.4917,0.180283
-365.2325,5.5013,-288.0777,0.180399
-365.0328,5.5013,-287.6621,0.180520
-364.8306,5.5013,-287.2450,0.180640
-364.6259,5.5013,-286.8261,0.180759
-364.4187,5.5013,-286.4056,0.180879
-364.1855,5.5013,-285.9366,0.181014
-363.9728,5.5013,-285.5128,0.181139
-363.7576,5.5013,-285.0876,0.181262
-363.5396,5.5013,-284.6607,0.181384
-363.3191,5.5013,-284.2324,0.181509
-363.0958,5.5013,-283.8027,0.181633
-362.8445,5.5013,-283.3235,0.181774
-362.6155,5.5013,-282.8907,0.181900
-362.3578,5.5013,-282.4082,0.182042
-362.1229,5.5013,-281.9725,0.182170
-361.8852,5.5013,-281.5354,0.182300
-361.6447,5.5013,-281.0970,0.182429
-361.4014,5.5013,-280.6573,0.182556
-361.1552,5.5013,-280.2163,0.182689
-360.9061,5.5013,-279.7740,0.182819
-360.6542,5.5013,-279.3305,0.182953
-360.3708,5.5013,-278.8362,0.183101
-360.1126,5.5013,-278.3900,0.183234
-359.8515,5.5013,-277.9427,0.183365
-359.5875,5.5013,-277.4942,0.183501
-359.2906,5.5013,-276.9945,0.183653
-359.0202,5.5013,-276.5436,0.183790
-358.7468,5.5013,-276.0916,0.183925
-358.4395,5.5013,-275.5880,0.184079
-358.1597,5.5013,-275.1338,0.184217
-357.8769,5.5013,-274.6785,0.184354
-357.5909,5.5013,-274.2223,0.184495
-357.3018,5.5013,-273.7650,0.184633
-357.0096,5.5013,-273.3068,0.184776
-356.7142,5.5013,-272.8477,0.184919
-356.4157,5.5013,-272.3877,0.185061
-356.1141,5.5013,-271.9268,0.185204
-355.8094,5.5013,-271.4650,0.185345
-355.4670,5.5013,-270.9510,0.185508
-355.1555,5.5013,-270.4875,0.185649
-354.8409,5.5013,-270.0232,0.185797
-354.4874,5.5013,-269.5065,0.185962
-354.1659,5.5013,-269.0406,0.186107
-353.8774,5.5013,-268.6260,0.186239
-353.5499,5.5013,-268.1588,0.186384
-353.2191,5.5013,-267.6910,0.186535
-352.8850,5.5013,-267.2226,0.186685
-352.5477,5.5013,-266.7536,0.186835
-352.2072,5.5013,-266.2840,0.186984
-351.8251,5.5013,-265.7616,0.187152
-351.4778,5.5013,-265.2907,0.187305
-351.1273,5.5013,-264.8193,0.187458
-350.7736,5.5013,-264.3474,0.187611
-350.3768,5.5013,-263.8225,0.187785
-350.0162,5.5013,-263.3497,0.187937
-349.6930,5.5013,-262.9290,0.188079
-349.2852,5.5013,-262.4027,0.188249
-348.9149,5.5013,-261.9286,0.188408
-348.5413,5.5013,-261.4542,0.188566
-348.2064,5.5013,-261.0320,0.188703
-347.7842,5.5013,-260.5039,0.188882
-347.4009,5.5013,-260.0282,0.189041
-347.0144,5.5013,-259.5520,0.189200
-346.6248,5.5013,-259.0752,0.189362
-346.2322,5.5013,-258.5979,0.189523
-345.8365,5.5013,-258.1200,0.189684
-345.3936,5.5013,-257.5882,0.189866
-344.9918,5.5013,-257.1089,0.190025
-344.5420,5.5013,-256.5756,0.190211
-344.1341,5.5013,-256.0950,0.190371
-343.7234,5.5013,-255.6139,0.190536
-343.3098,5.5013,-255.1321,0.190700
-342.8935,5.5013,-254.6497,0.190869
-342.4744,5.5013,-254.1665,0.191038
-342.0526,5.5013,-253.6828,0.191202
-341.6282,5.5013,-253.1983,0.191373
-341.2014,5.5013,-252.7131,0.191539
-340.7720,5.5013,-252.2271,0.191706
-340.3401,5.5013,-251.7405,0.191875
-339.9059,5.5013,-251.2533,0.192047
-339.4694,5.5013,-250.7655,0.192217
-338.9815,5.5013,-250.2229,0.192408
-338.5401,5.5013,-249.7339,0.192578
-338.0964,5.5013,-249.2443,0.192751
-337.6505,5.5013,-248.7541,0.192925
-337.2024,5.5013,-248.2634,0.193097
-336.8022,5.5013,-247.8266,0.193255
-336.3499,5.5013,-247.3348,0.193428
-335.8956,5.5013,-246.8424,0.193602
-335.4390,5.5013,-246.3494,0.193781
-334.9803,5.5013,-245.8559,0.193956
-334.5196,5.5013,-245.3618,0.194132
-334.0569,5.5013,-244.8673,0.194306
-333.5406,5.5013,-244.3174,0.194500
-333.0741,5.5013,-243.8220,0.194682
-332.5537,5.5013,-243.2709,0.194876
-332.0837,5.5013,-242.7744,0.195056
-331.5597,5.5013,-242.2221,0.195253
-331.0865,5.5013,-241.7246,0.195433
-330.6120,5.5013,-241.2266,0.195611
-330.1360,5.5013,-240.7282,0.195791
-329.6587,5.5013,-240.2293,0.195968
-329.1801,5.5013,-239.7300,0.196148
-328.7002,5.5013,-239.2302,0.196328
-328.2191,5.5013,-238.7300,0.196512
-327.6830,5.5013,-238.1735,0.196710
-327.1992,5.5013,-237.6721,0.196892
-326.7143,5.5013,-237.1702,0.197071
-326.2282,5.5013,-236.6676,0.197252
-325.7411,5.5013,-236.1645,0.197433
-325.1985,5.5013,-235.6048,0.197636
-324.7634,5.5013,-235.1566,0.197798
-324.2183,5.5013,-234.5956,0.198001
-323.7266,5.5013,-234.0903,0.198181
-323.2337,5.5013,-233.5844,0.198364
-322.7397,5.5013,-233.0779,0.198547
-322.2446,5.5013,-232.5709,0.198731
-321.7484,5.5013,-232.0634,0.198913
-321.2511,5.5013,-231.5554,0.199099
-320.7527,5.5013,-231.0469,0.199277
-320.2533,5.5013,-230.5378,0.199465
-319.7526,5.5013,-230.0284,0.199645
-319.2508,5.5013,-229.5184,0.199831
-318.6920,5.5013,-228.9513,0.200038
-318.1879,5.5013,-228.4406,0.200218
-317.6829,5.5013,-227.9297,0.200402
-317.1769,5.5013,-227.4185,0.200589
-316.6700,5.5013,-226.9072,0.200771
-316.1621,5.5013,-226.3956,0.200955
-315.6533,5.5013,-225.8840,0.201140
-315.1436,5.5013,-225.3721,0.201328
-314.6329,5.5013,-224.8601,0.201511
-314.1213,5.5013,-224.3480,0.201696
-313.6088,5.5013,-223.8356,0.201881
-313.0954,5.5013,-223.3232,0.202067
-312.5811,5.5013,-222.8106,0.202253
-312.0658,5.5013,-222.2978,0.202443
-311.5496,5.5013,-221.7849,0.202626
-310.9750,5.5013,-221.2148,0.202834
-310.4570,5.5013,-220.7017,0.203019
-309.9384,5.5013,-220.1888,0.203205
-309.4192,5.5013,-219.6762,0.203392
-308.8997,5.5013,-219.1639,0.203577
-308.3800,5.5013,-218.6522,0.203764
-307.8604,5.5013,-218.1411,0.203949
-307.3409,5.5013,-217.6309,0.204135
-306.8217,5.5013,-217.1214,0.204320
-306.3028,5.5013,-216.6128,0.204505
-305.7843,5.5013,-216.1051,0.204691
-305.2085,5.5013,-215.5419,0.204895
-304.6906,5.5013,-215.0358,0.205076
-304.1732,5.5013,-214.5305,0.205262
-303.6561,5.5013,-214.0260,0.205447
-303.1395,5.5013,-213.5222,0.205633
-302.6233,5.5013,-213.0191,0.205816
-302.1075,5.5013,-212.5168,0.206000
-301.5923,5.5013,-212.0151,0.206180
-301.0775,5.5013,-211.5141,0.206365
-300.5632,5.5013,-211.0139,0.206547
-300.0495,5.5013,-210.5143,0.206731
-299.5362,5.5013,-210.0153,0.206913
-299.0235,5.5013,-209.5170,0.207093
-298.5112,5.5013,-209.0193,0.207277
-297.9995,5.5013,-208.5223,0.207458
-297.4884,5.5013,-208.0259,0.207640
-296.9777,5.5013,-207.5301,0.207821
-296.4677,5.5013,-207.0348,0.208004
-295.9582,5.5013,-206.5401,0.208181
-295.4493,5.5013,-206.0457,0.208363
-294.9411,5.5013,-205.5518,0.208544
-294.4337,5.5013,-205.0581,0.208726
-293.9270,5.5013,-204.5647,0.208904
-293.4212,5.5013,-204.0714,0.209082
-292.9162,5.5013,-203.5783,0.209263
-292.4121,5.5013,-203.0852,0.209444
-291.9649,5.5013,-202.6470,0.209603
-291.4070,5.5013,-202.0993,0.209800
-290.9059,5.5013,-201.6064,0.209980
-290.4058,5.5013,-201.1134,0.210157
-289.8515,5.5013,-200.5657,0.210355
-289.3538,5.5013,-200.0727,0.210534
-288.8573,5.5013,-199.5797,0.210712
-288.4168,5.5013,-199.1414,0.210868
-287.9224,5.5013,-198.6482,0.211047
-287.4291,5.5013,-198.1550,0.211226
-286.9370,5.5013,-197.6617,0.211401
-286.3916,5.5013,-197.1138,0.211597
-285.9018,5.5013,-196.6208,0.211775
-285.4130,5.5013,-196.1280,0.211951
-284.9252,5.5013,-195.6354,0.212127
-284.4383,5.5013,-195.1433,0.212303
-283.9521,5.5013,-194.6515,0.212480
-283.4668,5.5013,-194.1601,0.212655
-282.9823,5.5013,-193.6691,0.212829
-282.4985,5.5013,-193.1784,0.213006
-282.0154,5.5013,-192.6882,0.213179
-281.5331,5.5013,-192.1983,0.213355
-281.0514,5.5013,-191.7089,0.213529
-280.5703,5.5013,-191.2199,0.213704
-280.0900,5.5013,-190.7314,0.213880
-279.6101,5.5013,-190.2436,0.214053
-279.1307,5.5013,-189.7564,0.214226
-278.7049,5.5013,-189.3239,0.214382
-278.2262,5.5013,-188.8381,0.214555
-277.7480,5.5013,-188.3530,0.214729
-277.2170,5.5013,-187.8148,0.214919
-276.7394,5.5013,-187.3312,0.215094
-276.2622,5.5013,-186.8484,0.215267
-275.7853,5.5013,-186.3663,0.215439
-275.3087,5.5013,-185.8849,0.215612
-274.8853,5.5013,-185.4576,0.215764
-274.4092,5.5013,-184.9777,0.215936
-273.9333,5.5013,-184.4986,0.216108
-273.4577,5.5013,-184.0203,0.216279
-272.9822,5.5013,-183.5429,0.216453
-272.5069,5.5013,-183.0663,0.216622
-272.0318,5.5013,-182.5905,0.216793
-271.5568,5.5013,-182.1156,0.216965
-271.0292,5.5013,-181.5889,0.217157
-270.5546,5.5013,-181.1158,0.217325
-270.0801,5.5013,-180.6435,0.217496
-269.6058,5.5013,-180.1720,0.217666
-269.1316,5.5013,-179.7013,0.217836
-268.6576,5.5013,-179.2313,0.218007
-268.1312,5.5013,-178.7100,0.218196
-267.7102,5.5013,-178.2935,0.218345
-267.2369,5.5013,-177.8254,0.218518
-266.7640,5.5013,-177.3579,0.218686
-266.2915,5.5013,-176.8909,0.218854
-265.8193,5.5013,-176.4245,0.219026
-265.3476,5.5013,-175.9585,0.219193
-264.8762,5.5013,-175.4930,0.219363
-264.4052,5.5013,-175.0280,0.219530
-263.9346,5.5013,-174.5635,0.219699
-263.4123,5.5013,-174.0479,0.219885
-262.9427,5.5013,-173.5843,0.220054
-262.4215,5.5013,-173.0697,0.220239
-262.0051,5.5013,-172.6583,0.220388
-261.5371,5.5013,-172.1959,0.220557
-261.0696,5.5013,-171.7338,0.220721
-260.6027,5.5013,-171.2720,0.220892
-260.1364,5.5013,-170.8106,0.221057
-259.6190,5.5013,-170.2982,0.221243
-259.2056,5.5013,-169.8885,0.221391
-258.7411,5.5013,-169.4279,0.221556
-258.2773,5.5013,-168.9676,0.221721
-257.8140,5.5013,-168.5075,0.221888
-257.3514,5.5013,-168.0477,0.222056
-256.8894,5.5013,-167.5881,0.222223
-256.3769,5.5013,-167.0778,0.222405
-255.9162,5.5013,-166.6188,0.222572
-255.4563,5.5013,-166.1601,0.222738
-254.9969,5.5013,-165.7016,0.222902
-254.5382,5.5013,-165.2434,0.223068
-254.0801,5.5013,-164.7855,0.223233
-253.6734,5.5013,-164.3788,0.223381
-253.2164,5.5013,-163.9214,0.223543
-252.7600,5.5013,-163.4645,0.223709
-252.3042,5.5013,-163.0079,0.223872
-251.8489,5.5013,-162.5517,0.224035
-251.3941,5.5013,-162.0958,0.224199
-250.9399,5.5013,-161.6403,0.224363
-250.4862,5.5013,-161.1852,0.224528
-250.0330,5.5013,-160.7303,0.224691
-249.5803,5.5013,-160.2758,0.224855
-249.1282,5.5013,-159.8217,0.225018
-248.6766,5.5013,-159.3678,0.225182
-248.2756,5.5013,-158.9646,0.225324
-247.8250,5.5013,-158.5114,0.225489
-247.3749,5.5013,-158.0585,0.225649
-246.9254,5.5013,-157.6059,0.225813
-246.4763,5.5013,-157.1537,0.225974
-246.0278,5.5013,-156.7018,0.226138
-245.5798,5.5013,-156.2501,0.226299
-245.1323,5.5013,-155.7988,0.226460
-244.6853,5.5013,-155.3478,0.226622
-244.2389,5.5013,-154.8971,0.226784
-243.7930,5.5013,-154.4467,0.226943
-243.3476,5.5013,-153.9966,0.227106
-242.9027,5.5013,-153.5468,0.227268
-242.4583,5.5013,-153.0973,0.227428
-242.0145,5.5013,-152.6481,0.227589
-241.6204,5.5013,-152.2491,0.227733
-241.1775,5.5013,-151.8005,0.227891
-240.7352,5.5013,-151.3522,0.228051
-240.2933,5.5013,-150.9042,0.228212
-239.9010,5.5013,-150.5061,0.228354
-239.4602,5.5013,-150.0587,0.228514
-239.0198,5.5013,-149.6115,0.228674
-238.5800,5.5013,-149.1646,0.228833
-238.1407,5.5013,-148.7180,0.228993
-237.7019,5.5013,-148.2718,0.229151
-237.2636,5.5013,-147.8258,0.229311
-236.8257,5.5013,-147.3801,0.229470
-236.3884,5.5013,-146.9348,0.229628
-235.9515,5.5013,-146.4899,0.229788
-235.5150,5.5013,-146.0455,0.229946
-235.0789,5.5013,-145.6015,0.230105
-234.6432,5.5013,-145.1580,0.230263
-234.2078,5.5013,-144.7150,0.230421
-233.7727,5.5013,-144.2724,0.230579
-233.3863,5.5013,-143.8795,0.230720
-232.9518,5.5013,-143.4378,0.230876
-232.5176,5.5013,-142.9967,0.231034
-232.0838,5.5013,-142.5560,0.231192
-231.6503,5.5013,-142.1158,0.231350
-231.2170,5.5013,-141.6760,0.231507
-230.7840,5.5013,-141.2367,0.231664
-230.3513,5.5013,-140.7979,0.231821
-229.9189,5.5013,-140.3596,0.231979
-229.4868,5.5013,-139.9218,0.232135
-229.1029,5.5013,-139.5329,0.232273
-228.6713,5.5013,-139.0960,0.232430
-228.2400,5.5013,-138.6595,0.232587
-227.8089,5.5013,-138.2234,0.232743
-227.3781,5.5013,-137.7878,0.232899
-226.9476,5.5013,-137.3527,0.233055
-226.5174,5.5013,-136.9180,0.233210
-226.0875,5.5013,-136.4838,0.233365
-225.6578,5.5013,-136.0501,0.233522
-225.1807,5.5013,-135.5687,0.233695
-224.7993,5.5013,-135.1840,0.233832
-224.3705,5.5013,-134.7516,0.233987
-223.9419,5.5013,-134.3197,0.234141
-223.5612,5.5013,-133.9361,0.234278
-223.1331,5.5013,-133.5051,0.234434
-222.7053,5.5013,-133.0744,0.234589
-222.2778,5.5013,-132.6443,0.234743
-221.8506,5.5013,-132.2146,0.234897
-221.4236,5.5013,-131.7853,0.235051
-220.9968,5.5013,-131.3565,0.235206
-220.5704,5.5013,-130.9281,0.235360
-220.1442,5.5013,-130.5001,0.235512
-219.7183,5.5013,-130.0726,0.235666
-219.2926,5.5013,-129.6454,0.235820
-218.8673,5.5013,-129.2187,0.235974
-218.4423,5.5013,-128.7923,0.236128
-218.0176,5.5013,-128.3662,0.236281
-217.5932,5.5013,-127.9405,0.236434
-217.2163,5.5013,-127.5624,0.236570
-216.7925,5.5013,-127.1373,0.236721
-216.3691,5.5013,-126.7125,0.236875
-215.9460,5.5013,-126.2880,0.237027
-215.5234,5.5013,-125.8639,0.237181
-215.1011,5.5013,-125.4400,0.237333
-214.6791,5.5013,-125.0165,0.237485
-214.2575,5.5013,-124.5933,0.237636
-213.8363,5.5013,-124.1703,0.237789
-213.4155,5.5013,-123.7477,0.237940
-212.9950,5.5013,-123.3254,0.238092
-212.5749,5.5013,-122.9034,0.238244
-212.2018,5.5013,-122.5285,0.238379
-211.7824,5.5013,-122.1070,0.238530
-211.3634,5.5013,-121.6858,0.238681
-210.9448,5.5013,-121.2649,0.238832
-210.5730,5.5013,-120.8910,0.238967
-210.1086,5.5013,-120.4239,0.239136
-209.7375,5.5013,-120.0506,0.239269
-209.3204,5.5013,-119.6308,0.239419
-208.9035,5.5013,-119.2113,0.239570
-208.4871,5.5013,-118.7921,0.239719
-208.0710,5.5013,-118.3731,0.239871
-207.6553,5.5013,-117.9545,0.240020
-207.2400,5.5013,-117.5361,0.240171
-206.8250,5.5013,-117.1181,0.240321
-206.4564,5.5013,-116.7467,0.240454
-206.0421,5.5013,-116.3292,0.240604
-205.6282,5.5013,-115.9119,0.240753
-205.2146,5.5013,-115.4949,0.240904
-204.8014,5.5013,-115.0782,0.241052
-204.3886,5.5013,-114.6618,0.241201
-204.0219,5.5013,-114.2919,0.241334
-203.6097,5.5013,-113.8760,0.241484
-203.1979,5.5013,-113.4603,0.241632
-202.7864,5.5013,-113.0450,0.241781
-202.3753,5.5013,-112.6299,0.241930
-201.9646,5.5013,-112.2150,0.242079
-201.5542,5.5013,-111.8005,0.242227
-201.1441,5.5013,-111.3862,0.242376
-200.7345,5.5013,-110.9722,0.242524
-200.3706,5.5013,-110.6044,0.242655
-199.9616,5.5013,-110.1909,0.242804
-199.5529,5.5013,-109.7777,0.242952
-199.1445,5.5013,-109.3648,0.243100
-198.7818,5.5013,-108.9980,0.243232
-198.3741,5.5013,-108.5855,0.243379
-197.9667,5.5013,-108.1734,0.243526
-197.5596,5.5013,-107.7616,0.243674
-197.1529,5.5013,-107.3500,0.243821
-196.7465,5.5013,-106.9386,0.243969
-196.3405,5.5013,-106.5276,0.244116
-195.9348,5.5013,-106.1168,0.244263
-195.5744,5.5013,-105.7519,0.244393
-195.1693,5.5013,-105.3416,0.244540
-194.7645,5.5013,-104.9316,0.244687
-194.4050,5.5013,-104.5674,0.244817
-194.0008,5.5013,-104.1580,0.244963
-193.5970,5.5013,-103.7488,0.245111
-193.1934,5.5013,-103.3398,0.245256
-192.8350,5.5013,-102.9766,0.245385
-192.4321,5.5013,-102.5681,0.245532
-192.0294,5.5013,-102.1600,0.245679
-191.6272,5.5013,-101.7521,0.245827
-191.2252,5.5013,-101.3445,0.245972
-190.8235,5.5013,-100.9371,0.246118
-190.4221,5.5013,-100.5301,0.246263
-190.0210,5.5013,-100.1233,0.246406
-189.6647,5.5013,-99.7620,0.246536
-189.2642,5.5013,-99.3557,0.246682
-188.8640,5.5013,-98.9498,0.246827
-188.4640,5.5013,-98.5442,0.246972
-188.1087,5.5013,-98.1838,0.247100
-187.7092,5.5013,-97.7788,0.247246
-187.3101,5.5013,-97.3740,0.247390
-186.9111,5.5013,-96.9694,0.247535
-186.5125,5.5013,-96.5652,0.247680
-186.1141,5.5013,-96.1613,0.247824
-185.7159,5.5013,-95.7577,0.247969
-185.3181,5.5013,-95.3545,0.248112
-184.9646,5.5013,-94.9965,0.248241
-184.5672,5.5013,-94.5941,0.248385
-184.1699,5.5013,-94.1921,0.248530
-183.7729,5.5013,-93.7906,0.248672
-183.4201,5.5013,-93.4341,0.248801
-183.0234,5.5013,-93.0334,0.248944
-182.6268,5.5013,-92.6332,0.249088
-182.2304,5.5013,-92.2334,0.249231
-181.8782,5.5013,-91.8785,0.249359
-181.4821,5.5013,-91.4795,0.249502
-181.0862,5.5013,-91.0811,0.249645
-180.6904,5.5013,-90.6832,0.249788
-180.2947,5.5013,-90.2859,0.249931
-179.8550,5.5013,-89.8451,0.250089
-179.5033,5.5013,-89.4931,0.250219
-179.1077,5.5013,-89.0976,0.250361
-178.7120,5.5013,-88.7029,0.250503
-178.3602,5.5013,-88.3525,0.250630
-177.9645,5.5013,-87.9589,0.250771
-177.5687,5.5013,-87.5660,0.250913
-177.1729,5.5013,-87.1737,0.251054
-176.8210,5.5013,-86.8256,0.251182
-176.4252,5.5013,-86.4345,0.251323
-176.0293,5.5013,-86.0441,0.251464
-175.6333,5.5013,-85.6542,0.251607
-175.2373,5.5013,-85.2651,0.251749
-174.8413,5.5013,-84.8766,0.251890
-174.4451,5.5013,-84.4887,0.252031
-174.0930,5.5013,-84.1444,0.252156
-173.6968,5.5013,-83.7577,0.252297
-173.3005,5.5013,-83.3717,0.252439
-172.9483,5.5013,-83.0290,0.252564
-172.5519,5.5013,-82.6441,0.252704
-172.1555,5.5013,-82.2599,0.252846
-171.7590,5.5013,-81.8763,0.252986
-171.3625,5.5013,-81.4932,0.253126
-171.0101,5.5013,-81.1533,0.253252
-170.6136,5.5013,-80.7714,0.253394
-170.2171,5.5013,-80.3901,0.253534
-169.8207,5.5013,-80.0094,0.253673
-169.3802,5.5013,-79.5872,0.253829
-168.9838,5.5013,-79.2080,0.253968
-168.5876,5.5013,-78.8295,0.254108
-168.1915,5.5013,-78.4518,0.254246
-167.8397,5.5013,-78.1167,0.254371
-167.4440,5.5013,-77.7405,0.254511
-167.0487,5.5014,-77.3651,0.254648
-166.6537,5.5014,-76.9906,0.254788
-166.3030,5.5014,-76.6582,0.254910
-165.8650,5.5014,-76.2438,0.255064
-165.4712,5.5014,-75.8716,0.255203
-165.1215,5.5014,-75.5414,0.255325
-164.7285,5.5014,-75.1707,0.255462
-164.3360,5.5014,-74.8008,0.255600
-163.9439,5.5014,-74.4317,0.255737
-163.5524,5.5014,-74.0636,0.255874
-163.1615,5.5014,-73.6963,0.256010
-162.8146,5.5014,-73.3707,0.256132
-162.3817,5.5014,-72.9648,0.256285
-161.9930,5.5014,-72.6006,0.256417
-161.6052,5.5014,-72.2376,0.256554
-161.2612,5.5014,-71.9158,0.256674
-160.8751,5.5015,-71.5551,0.256808
-160.4900,5.5015,-71.1954,0.256942
-160.1058,5.5015,-70.8370,0.257076
-159.7226,5.5015,-70.4797,0.257208
-159.3405,5.5015,-70.1236,0.257342
-158.9548,5.5057,-69.7731,0.257473
-158.5320,5.5064,-69.3808,0.257621
-158.1530,5.5070,-69.0286,0.257752
-157.8169,5.5076,-68.7163,0.257870
-157.4397,5.5082,-68.3660,0.258001
-157.0637,5.5088,-68.0170,0.258132
-156.6889,5.5095,-67.6691,0.258263
-156.3156,5.5100,-67.3222,0.258392
-155.9431,5.5105,-66.9763,0.258521
-155.5721,5.5110,-66.6315,0.258650
-155.2434,5.5114,-66.3259,0.258763
-154.8342,5.5120,-65.9453,0.258905
-154.4677,5.5124,-65.6039,0.259032
-154.1029,5.5129,-65.2635,0.259159
-153.7397,5.5134,-64.9241,0.259285
-153.3783,5.5138,-64.5858,0.259411
-153.0184,5.5143,-64.2485,0.259537
-152.7000,5.5146,-63.9497,0.259647
-152.3434,5.5149,-63.6146,0.259771
-151.9885,5.5152,-63.2806,0.259895
-151.6353,5.5155,-62.9477,0.260019
-151.3228,5.5158,-62.6528,0.260129
-150.9729,5.5161,-62.3222,0.260252
-150.6248,5.5164,-61.9926,0.260373
-150.2778,5.5167,-61.6645,0.260496
-149.9332,5.5173,-61.3371,0.260616
-149.5903,5.5180,-61.0107,0.260736
-149.2494,5.5186,-60.6854,0.260854
-148.9103,5.5190,-60.3611,0.260973
-148.5730,5.5193,-60.0376,0.261092
-148.2001,5.5196,-59.6792,0.261224
-147.8660,5.5199,-59.3572,0.261341
-147.5330,5.5202,-59.0355,0.261460
-147.2379,5.5204,-58.7499,0.261563
-146.9071,5.5205,-58.4285,0.261681
-146.5769,5.5205,-58.1074,0.261798
-146.2475,5.5206,-57.7865,0.261916
-145.9188,5.5206,-57.4656,0.262031
-145.5908,5.5206,-57.1447,0.262147
-145.2636,5.5208,-56.8239,0.262264
-144.9371,5.5209,-56.5031,0.262378
-144.6113,5.5211,-56.1823,0.262492
-144.2861,5.5212,-55.8616,0.262608
-143.9617,5.5213,-55.5410,0.262725
-143.6379,5.5214,-55.2204,0.262839
-143.3506,5.5215,-54.9355,0.262943
-143.0282,5.5216,-54.6150,0.263057
-142.7064,5.5216,-54.2945,0.263171
-142.3853,5.5217,-53.9742,0.263287
-142.0651,5.5217,-53.6542,0.263401
-141.7458,5.5218,-53.3344,0.263514
-141.4274,5.5218,-53.0150,0.263628
-141.1100,5.5218,-52.6960,0.263743
-140.7937,5.5218,-52.3775,0.263855
-140.5134,5.5218,-52.0948,0.263956
-140.1989,5.5218,-51.7774,0.264068
-139.8510,5.5219,-51.4251,0.264192
-139.5389,5.5219,-51.1085,0.264305
-139.2279,5.5220,-50.7925,0.264415
-138.9523,5.5220,-50.5119,0.264514
-138.6090,5.5219,-50.1617,0.264638
-138.3353,5.5219,-49.8818,0.264734
-137.9941,5.5218,-49.5322,0.264857
-137.7219,5.5217,-49.2526,0.264955
-137.4163,5.5215,-48.9382,0.265064
-137.1116,5.5214,-48.6238,0.265172
-136.8076,5.5212,-48.3096,0.265283
-136.5044,5.5211,-47.9955,0.265391
-136.2021,5.5209,-47.6815,0.265499
-135.9007,5.5207,-47.3679,0.265606
-135.6003,5.5205,-47.0546,0.265714
-135.2681,5.5203,-46.7072,0.265834
-134.9705,5.5200,-46.3952,0.265939
-134.6743,5.5198,-46.0840,0.266046
-134.3795,5.5196,-45.7737,0.266152
-134.0864,5.5193,-45.4642,0.266254
-133.7948,5.5190,-45.1556,0.266360
-133.5047,5.5187,-44.8478,0.266464
-133.2164,5.5184,-44.5407,0.266566
-132.9612,5.5180,-44.2685,0.266659
-132.6756,5.5176,-43.9631,0.266760
-132.3916,5.5172,-43.6584,0.266859
-132.1091,5.5168,-43.3545,0.266962
-131.7972,5.5164,-43.0176,0.267071
-131.5182,5.5160,-42.7152,0.267170
-131.2101,5.5155,-42.3799,0.267278
-130.9346,5.5151,-42.0788,0.267377
-130.6608,5.5146,-41.7782,0.267474
-130.3890,5.5142,-41.4784,0.267571
-130.1194,5.5137,-41.1795,0.267668
-129.8521,5.5131,-40.8818,0.267761
-129.5873,5.5126,-40.5854,0.267855
-129.3251,5.5120,-40.2904,0.267949
-129.0655,5.5115,-39.9969,0.268040
-128.8084,5.5109,-39.7049,0.268132
-128.5539,5.5102,-39.4145,0.268221
-128.3020,5.5096,-39.1256,0.268310
-128.0527,5.5089,-38.8385,0.268397
-127.7790,5.5082,-38.5214,0.268494
-127.5355,5.5075,-38.2380,0.268581
-127.2947,5.5068,-37.9564,0.268667
-127.0568,5.5060,-37.6765,0.268751
-126.8261,5.5032,-37.3939,0.268835
-126.5935,5.5013,-37.1178,0.268916
-126.3637,5.5013,-36.8432,0.268998
-126.1121,5.5013,-36.5396,0.269089
-125.9136,5.5013,-36.2978,0.269159
-125.6930,5.5013,-36.0269,0.269239
-125.4517,5.5013,-35.7280,0.269327
-125.2613,5.5013,-35.4904,0.269396
-125.0268,5.5013,-35.1950,0.269480
-124.8188,5.5013,-34.9309,0.269557
-124.6136,5.5013,-34.6686,0.269632
-124.3888,5.5012,-34.3791,0.269713
-124.1892,5.5012,-34.1200,0.269788
-123.9922,5.5012,-33.8624,0.269858
-123.7765,5.5012,-33.5775,0.269940
-123.5853,5.5012,-33.3222,0.270012
-123.4179,5.5012,-33.0959,0.270072
-123.2119,5.5012,-32.8141,0.270150
-123.0297,5.5012,-32.5610,0.270215
-122.8507,5.5012,-32.3082,0.270285
-122.6748,5.5012,-32.0556,0.270354
-122.4830,5.5012,-31.7750,0.270426
-122.3137,5.5012,-31.5221,0.270492
-122.1473,5.5012,-31.2686,0.270557
-121.9659,5.5012,-30.9860,0.270629
-121.8055,5.5012,-30.7303,0.270692
-121.6304,5.5012,-30.4446,0.270765
-121.4757,5.5012,-30.1858,0.270829
-121.3235,5.5012,-29.9253,0.270892
-121.1740,5.5012,-29.6631,0.270956
-121.0109,5.5012,-29.3697,0.271027
-120.8671,5.5012,-29.1037,0.271091
-120.7262,5.5012,-28.8361,0.271153
-120.5882,5.5012,-28.5667,0.271214
-120.4532,5.5012,-28.2958,0.271279
-120.3067,5.5012,-27.9928,0.271349
-120.1781,5.5012,-27.7185,0.271410
-120.0525,5.5012,-27.4427,0.271474
-119.9300,5.5012,-27.1654,0.271537
-119.7976,5.5012,-26.8556,0.271605
-119.6819,5.5012,-26.5753,0.271669
-119.5693,5.5012,-26.2937,0.271731
-119.4600,5.5012,-26.0108,0.271794
-119.3539,5.5012,-25.7266,0.271857
-119.2509,5.5012,-25.4413,0.271919
-119.1511,5.5012,-25.1548,0.271982
-119.0544,5.5012,-24.8670,0.272043
-118.9610,5.5012,-24.5781,0.272103
-118.8707,5.5012,-24.2880,0.272165
-118.7837,5.5012,-23.9968,0.272228
-118.6999,5.5012,-23.7046,0.272290
-118.6193,5.5012,-23.4112,0.272352
-118.5421,5.5012,-23.1168,0.272416
-118.4602,5.5012,-22.7884,0.272483
-118.3902,5.5012,-22.4918,0.272546
-118.3237,5.5012,-22.1941,0.272607
-118.2606,5.5012,-21.8956,0.272670
-118.2011,5.5012,-21.5961,0.272730
-118.1451,5.5012,-21.2959,0.272792
-118.0927,5.5012,-20.9948,0.272858
-118.0437,5.5012,-20.6931,0.272918
-118.0031,5.5012,-20.4242,0.272971
-117.9608,5.5012,-20.1212,0.273033
-117.9220,5.5012,-19.8176,0.273095
-117.8867,5.5012,-19.5135,0.273155
-117.8549,5.5012,-19.2088,0.273216
-117.8266,5.5012,-18.9037,0.273279
-117.7993,5.5012,-18.5642,0.273348
-117.7784,5.5012,-18.2583,0.273410
-117.7611,5.5012,-17.9520,0.273472
-117.7473,5.5012,-17.6454,0.273534
-117.7380,5.5012,-17.3727,0.273588
-117.7309,5.5012,-17.0656,0.273650
-117.7274,5.5012,-16.7584,0.273708
-117.7274,5.5012,-16.4510,0.273771
-117.7310,5.5012,-16.1435,0.273831
-117.7382,5.5012,-15.8360,0.273894
-117.7490,5.5012,-15.5284,0.273957
-117.7633,5.5012,-15.2209,0.274018
-117.7812,5.5012,-14.9135,0.274080
-117.8026,5.5012,-14.6062,0.274140
-117.8275,5.5012,-14.2990,0.274200
-117.8592,5.5012,-13.9581,0.274270
-117.8912,5.5012,-13.6514,0.274328
-117.9266,5.5012,-13.3451,0.274391
-117.9654,5.5012,-13.0391,0.274451
-118.0076,5.5012,-12.7334,0.274512
-118.0531,5.5012,-12.4282,0.274574
-118.1020,5.5012,-12.1233,0.274633
-118.1482,5.5012,-11.8527,0.274690
-118.2035,5.5012,-11.5487,0.274751
-118.2621,5.5012,-11.2452,0.274814
-118.3241,5.5012,-10.9423,0.274872
-118.3968,5.5012,-10.6065,0.274942
-118.4656,5.5012,-10.3050,0.275006
-118.5375,5.5012,-10.0043,0.275069
-118.6207,5.5012,-9.6709,0.275136
-118.6985,5.5012,-9.3718,0.275197
-118.7879,5.5012,-9.0402,0.275270
-118.8710,5.5012,-8.7425,0.275331
-118.9566,5.5012,-8.4456,0.275394
-119.0448,5.5012,-8.1493,0.275456
-119.1355,5.5012,-7.8538,0.275519
-119.2289,5.5012,-7.5590,0.275583
-119.3249,5.5012,-7.2650,0.275645
-119.4235,5.5012,-6.9717,0.275706
-119.5249,5.5012,-6.6792,0.275770
-119.6289,5.5012,-6.3875,0.275832
-119.7355,5.5012,-6.0967,0.275896
-119.8449,5.5012,-5.8067,0.275956
-119.9569,5.5012,-5.5176,0.276024
-120.0715,5.5012,-5.2295,0.276085
-120.1889,5.5012,-4.9422,0.276147
-120.2953,5.5012,-4.6877,0.276204
-120.4314,5.5012,-4.3706,0.276273
-120.5566,5.5012,-4.0863,0.276338
-120.6844,5.5012,-3.8031,0.276400
-120.8148,5.5012,-3.5209,0.276463
-120.9329,5.5012,-3.2710,0.276521
-121.0834,5.5012,-2.9597,0.276593
-121.2216,5.5012,-2.6809,0.276654
-121.3624,5.5012,-2.4031,0.276719
-121.5058,5.5012,-2.1266,0.276782
-121.6517,5.5012,-1.8513,0.276847
-121.8001,5.5012,-1.5771,0.276911
-121.9511,5.5012,-1.3043,0.276972
-122.1046,5.5012,-1.0327,0.277040
-122.2607,5.5012,-0.7624,0.277105
-122.4192,5.5012,-0.4935,0.277171
-122.5803,5.5012,-0.2259,0.277234
-122.7438,5.5012,0.0404,0.277298
-122.9097,5.5012,0.3052,0.277363
-123.0781,5.5012,0.5686,0.277426
-123.2489,5.5012,0.8306,0.277494
-123.4220,5.5012,1.0911,0.277557
-123.5975,5.5012,1.3502,0.277623
-123.7952,5.5012,1.6364,0.277697
-123.9756,5.5012,1.8923,0.277764
-124.1583,5.5012,2.1467,0.277828
-124.3434,5.5012,2.3996,0.277891
-124.5307,5.5012,2.6510,0.277959
-124.7202,5.5012,2.9007,0.278024
-124.9121,5.5012,3.1489,0.278090
-125.1013,5.5066,3.4000,0.278155
-125.2974,5.5074,3.6449,0.278223
-125.5179,5.5082,3.9150,0.278297
-125.7183,5.5088,4.1566,0.278361
-125.9209,5.5094,4.3967,0.278427
-126.1484,5.5100,4.6614,0.278500
-126.3553,5.5104,4.8978,0.278568
-126.5876,5.5108,5.1585,0.278642
-126.7986,5.5111,5.3915,0.278711
-127.0352,5.5114,5.6485,0.278787
-127.2501,5.5117,5.8783,0.278852
-127.4669,5.5119,6.1063,0.278919
-127.6855,5.5120,6.3327,0.278988
-127.9302,5.5120,6.5825,0.279062
-128.1521,5.5120,6.8056,0.279136
-128.3756,5.5119,7.0271,0.279205
-128.6007,5.5117,7.2470,0.279274
-128.8275,5.5115,7.4653,0.279344
-129.0812,5.5112,7.7062,0.279422
-129.3111,5.5109,7.9214,0.279492
-129.5426,5.5105,8.1351,0.279564
-129.7755,5.5100,8.3473,0.279634
-130.0362,5.5095,8.5812,0.279710
-130.2724,5.5089,8.7901,0.279783
-130.5365,5.5083,9.0204,0.279864
-130.7756,5.5076,9.2259,0.279937
-131.0159,5.5069,9.4300,0.280006
-131.2574,5.5062,9.6322,0.280077
-131.4997,5.5056,9.8327,0.280149
-131.7426,5.5049,10.0316,0.280221
-131.9902,5.5013,10.2243,0.280294
-132.2604,5.5013,10.4421,0.280375
-132.5034,5.5013,10.6366,0.280448
-132.7730,5.5013,10.8511,0.280528
-133.0152,5.5013,11.0432,0.280599
-133.2564,5.5013,11.2341,0.280672
-133.5229,5.5012,11.4450,0.280754
-133.7878,5.5012,11.6549,0.280834
-134.0246,5.5012,11.8431,0.280907
-134.2597,5.5012,12.0308,0.280982
-134.4932,5.5012,12.2182,0.281057
-134.7505,5.5012,12.4261,0.281139
-134.9546,5.5011,12.5924,0.281204
-135.1825,5.5010,12.7795,0.281277
-135.4333,5.5009,12.9876,0.281360
-135.6569,5.5008,13.1750,0.281436
-135.8785,5.5007,13.3627,0.281509
-136.0980,5.5006,13.5507,0.281582
-136.3394,5.5004,13.7600,0.281664
-136.5547,5.5002,13.9490,0.281739
-136.7921,5.5000,14.1602,0.281821
-137.0043,5.4998,14.3514,0.281897
-137.2153,5.4997,14.5439,0.281969
-137.4485,5.4995,14.7594,0.282052
-137.6572,5.4993,14.9545,0.282127
-137.8649,5.4990,15.1511,0.282203
-138.0485,5.4987,15.3269,0.282271
-138.2542,5.4985,15.5259,0.282348
-138.4813,5.4981,15.7485,0.282429
-138.6846,5.4979,15.9503,0.282504
-138.8867,5.4976,16.1534,0.282581
-139.0878,5.4973,16.3576,0.282656
-139.2876,5.4969,16.5633,0.282732
-139.5081,5.4965,16.7935,0.282817
-139.7052,5.4961,17.0021,0.282895
-139.9010,5.4957,17.2122,0.282972
-140.0954,5.4954,17.4237,0.283049
-140.2885,5.4950,17.6366,0.283125
-140.4802,5.4946,17.8507,0.283201
-140.6705,5.4941,18.0664,0.283278
-140.8595,5.4936,18.2835,0.283356
-141.0472,5.4931,18.5019,0.283434
-141.2336,5.4926,18.7218,0.283510
-141.3981,5.4922,18.9183,0.283577
-141.6023,5.4917,19.1655,0.283664
-141.7847,5.4912,19.3890,0.283742
-141.9657,5.4905,19.6142,0.283820
-142.1452,5.4899,19.8407,0.283895
-142.3429,5.4892,20.0939,0.283983
-142.5193,5.4886,20.3233,0.284061
-142.6942,5.4879,20.5539,0.284137
-142.8675,5.4873,20.7859,0.284216
-143.0390,5.4863,21.0189,0.284294
-143.2090,5.4853,21.2537,0.284372
-143.3772,5.4843,21.4899,0.284449
-143.5436,5.4833,21.7274,0.284525
-143.7265,5.4822,21.9930,0.284616
-143.8895,5.4810,22.2330,0.284692
-144.0504,5.4797,22.4750,0.284769
-144.2099,5.4784,22.7180,0.284849
-144.3675,5.4771,22.9624,0.284928
-144.5233,5.4757,23.2081,0.285007
-144.6946,5.4742,23.4822,0.285092
-144.8425,5.4805,23.7333,0.285172
-144.9925,5.4793,23.9828,0.285250
-145.1415,5.4782,24.2326,0.285326
-145.3056,5.4767,24.5123,0.285414
-145.4512,5.4756,24.7654,0.285492
-145.5947,5.4752,25.0213,0.285571
-145.7355,5.4751,25.2750,0.285649
-145.8758,5.4740,25.5308,0.285726
-146.0147,5.4734,25.7885,0.285806
-146.1516,5.4728,26.0455,0.285884
-146.2872,5.4716,26.3045,0.285961
-146.4205,5.4720,26.5665,0.286040
-146.5655,5.4716,26.8545,0.286126
-146.6951,5.4706,27.1178,0.286204
-146.8231,5.4710,27.3799,0.286282
-146.9485,5.4699,27.6413,0.286359
-147.0726,5.4709,27.9078,0.286438
-147.1936,5.4725,28.1693,0.286516
-147.3145,5.4709,28.4336,0.286594
-147.4205,5.4695,28.6686,0.286662
-147.5379,5.4678,28.9341,0.286739
-147.6656,5.4656,29.2291,0.286825
-147.7786,5.4636,29.4956,0.286901
-147.8774,5.4620,29.7326,0.286971
-147.9868,5.4603,29.9995,0.287048
-148.0942,5.4587,30.2665,0.287125
-148.2112,5.4570,30.5637,0.287211
-148.3141,5.4554,30.8310,0.287286
-148.4149,5.4534,31.0999,0.287363
-148.5139,5.4520,31.3683,0.287440
-148.6108,5.4507,31.6370,0.287515
-148.7050,5.4491,31.9048,0.287593
-148.7976,5.4468,32.1743,0.287668
-148.8884,5.4446,32.4441,0.287745
-148.9770,5.4425,32.7145,0.287821
-149.0636,5.4406,32.9856,0.287896
-149.1486,5.4384,33.2567,0.287973
-149.2313,5.4361,33.5292,0.288048
-149.3122,5.4339,33.8024,0.288123
-149.3912,5.4317,34.0760,0.288200
-149.4684,5.4290,34.3506,0.288277
-149.5517,5.4261,34.6567,0.288362
-149.6165,5.4239,34.9022,0.288430
-149.6866,5.4216,35.1806,0.288506
-149.7558,5.4207,35.4582,0.288583
-149.8229,5.4198,35.7365,0.288660
-149.8882,5.4191,36.0153,0.288736
-149.9512,5.4167,36.2926,0.288811
-150.0125,5.4138,36.5726,0.288888
-150.0715,5.4110,36.8534,0.288965
-150.1279,5.4083,37.1345,0.289041
-150.1821,5.4053,37.4162,0.289119
-150.2340,5.4024,37.6985,0.289195
-150.2836,5.3996,37.9812,0.289271
-150.3247,5.3975,38.2347,0.289339
-150.3747,5.3965,38.5501,0.289424
-150.4172,5.3958,38.8345,0.289503
-150.4574,5.3952,39.1193,0.289578
-150.4953,5.3926,39.4029,0.289655
-150.5312,5.3900,39.6889,0.289732
-150.5648,5.3876,39.9755,0.289809
-150.5930,5.3854,40.2299,0.289877
-150.6219,5.3824,40.5173,0.289955
-150.6486,5.3795,40.8050,0.290031
-150.6730,5.3768,41.0931,0.290109
-150.6951,5.3742,41.3815,0.290187
-150.7147,5.3717,41.6704,0.290261
-150.7317,5.3694,41.9596,0.290339
-150.7457,5.3670,42.2490,0.290418
-150.7575,5.3648,42.5387,0.290496
-150.7665,5.3627,42.8287,0.290571
-150.7727,5.3607,43.1183,0.290650
-150.7755,5.3589,43.4093,0.290729
-150.7761,5.3573,43.6998,0.290806
-150.7737,5.3559,43.9903,0.290884
-150.7692,5.3540,44.2795,0.290961
-150.7609,5.3513,44.5700,0.291040
-150.7481,5.3485,44.8930,0.291127
-150.7331,5.3463,45.1838,0.291205
-150.7143,5.3451,45.4744,0.291282
-150.6925,5.3440,45.7642,0.291361
-150.6676,5.3432,46.0537,0.291440
-150.6386,5.3424,46.3433,0.291519
-150.6078,5.3422,46.6326,0.291597
-150.5738,5.3422,46.9214,0.291674
-150.5369,5.3418,47.2083,0.291754
-150.4917,5.3408,47.5287,0.291842
-150.4534,5.3400,47.7846,0.291911
-150.4021,5.3393,48.1043,0.291998
-150.3591,5.3381,48.3590,0.292067
-150.3073,5.3367,48.6464,0.292147
-150.2463,5.3353,48.9656,0.292235
-150.1887,5.3342,49.2528,0.292313
-150.1280,5.3329,49.5403,0.292391
-150.0646,5.3319,49.8280,0.292473
-149.9908,5.3309,50.1478,0.292561
-149.9208,5.3307,50.4358,0.292641
-149.8484,5.3307,50.7236,0.292721
-149.7731,5.3309,51.0114,0.292802
-149.6952,5.3310,51.2988,0.292884
-149.6144,5.3309,51.5866,0.292965
-149.5307,5.3310,51.8743,0.293046
-149.4542,5.3312,52.1291,0.293118
-149.3372,5.3377,52.4079,0.293200
-149.2337,5.3382,52.7258,0.293291
-149.1315,5.3421,53.0098,0.293374
-149.0381,5.3415,53.2958,0.293456
-148.9361,5.3433,53.5796,0.293539
-148.8178,5.3520,53.8582,0.293621
-148.6955,5.3563,54.1693,0.293713
-148.5848,5.3590,54.4506,0.293797
-148.4591,5.3626,54.7630,0.293887
-148.3441,5.3651,55.0404,0.293969
-148.2256,5.3659,55.3202,0.294054
-148.1047,5.3674,55.5998,0.294137
-147.9818,5.3693,55.8791,0.294221
-147.8430,5.3705,56.1872,0.294314
-147.7156,5.3719,56.4649,0.294397
-147.5869,5.3732,56.7422,0.294482
-147.4555,5.3750,57.0177,0.294567
-147.3214,5.3761,57.2938,0.294655
-147.1854,5.3777,57.5693,0.294738
-147.0471,5.3798,57.8439,0.294824
-146.9073,5.3807,58.1156,0.294909
-146.7648,5.3812,58.3890,0.294994
-146.6031,5.3829,58.6919,0.295088
-146.4572,5.3834,58.9621,0.295176
-146.3087,5.3830,59.2335,0.295261
-146.1606,5.3819,59.5052,0.295348
-146.0092,5.3813,59.7752,0.295436
-145.8559,5.3804,60.0456,0.295520
-145.7010,5.3798,60.3156,0.295609
-145.5420,5.3814,60.5831,0.295696
-145.3805,5.3738,60.8913,0.295792
-145.2222,5.3746,61.1609,0.295882
-145.0634,5.3756,61.4279,0.295969
-144.9236,5.3694,61.7119,0.296058
-144.7612,5.3701,61.9807,0.296145
-144.5977,5.3708,62.2493,0.296237
-144.4152,5.3714,62.5472,0.296335
-144.2495,5.3719,62.8151,0.296425
-144.0827,5.3724,63.0823,0.296514
-143.9133,5.3733,63.3486,0.296602
-143.7439,5.3753,63.6136,0.296690
-143.5728,5.3775,63.8774,0.296782
-143.4009,5.3792,64.1389,0.296870
-143.2252,5.3800,64.4007,0.296960
-143.0483,5.3814,64.6612,0.297050
-142.8691,5.3831,64.9202,0.297140
-142.6883,5.3838,65.1767,0.297228
-142.5050,5.3844,65.4327,0.297319
-142.2986,5.3852,65.7156,0.297415
-142.1106,5.3861,65.9686,0.297505
-141.9203,5.3871,66.2200,0.297594
-141.7284,5.3880,66.4696,0.297684
-141.5334,5.3889,66.7176,0.297775
-141.3358,5.3904,66.9645,0.297864
-141.1361,5.3923,67.2093,0.297954
-140.9333,5.3945,67.4522,0.298043
-140.7298,5.3968,67.6925,0.298134
-140.5233,5.3983,67.9321,0.298218
-140.3145,5.3999,68.1702,0.298310
-140.1029,5.4021,68.4061,0.298400
-139.8894,5.4041,68.6406,0.298489
-139.6737,5.4064,68.8733,0.298579
-139.4562,5.4086,69.1045,0.298670
-139.2499,5.4075,69.3522,0.298758
-139.0263,5.4134,69.5816,0.298850
-138.8011,5.4199,69.8095,0.298939
-138.5739,5.4263,70.0366,0.299029
-138.3445,5.4327,70.2631,0.299121
-138.1387,5.4385,70.4639,0.299201
-137.9049,5.4449,70.6890,0.299292
-137.6684,5.4517,70.9130,0.299384
-137.4301,5.4589,71.1353,0.299478
-137.1903,5.4660,71.3563,0.299567
-136.9484,5.4732,71.5763,0.299658
-136.7044,5.4804,71.7951,0.299748
-136.4577,5.4876,72.0127,0.299840
-136.2090,5.4953,72.2285,0.299931
-135.9575,5.5031,72.4425,0.300023
-135.7040,5.5110,72.6550,0.300115
-135.4483,5.5189,72.8660,0.300209
-135.1903,5.5268,73.0754,0.300301
-134.9296,5.5349,73.2834,0.300394
-134.6670,5.5433,73.4893,0.300486
-134.4015,5.5517,73.6933,0.300579
-134.1638,5.5594,73.8730,0.300660
-133.8943,5.5681,74.0736,0.300755
-133.6226,5.5767,74.2724,0.300849
-133.3483,5.5856,74.4696,0.300942
-133.1028,5.5937,74.6430,0.301025
-132.7933,5.6037,74.8575,0.301129
-132.5120,5.6130,75.0483,0.301222
-132.2288,5.6224,75.2373,0.301314
-131.9432,5.6317,75.4246,0.301411
-131.6557,5.6415,75.6096,0.301503
-131.3983,5.6502,75.7724,0.301586
-131.1067,5.6600,75.9535,0.301681
-130.8124,5.6697,76.1323,0.301776
-130.5164,5.6798,76.3090,0.301870
-130.2188,5.6898,76.4835,0.301965
-129.9521,5.6981,76.6369,0.302050
-129.6501,5.7075,76.8075,0.302143
-129.3459,5.7168,76.9759,0.302238
-129.0395,5.7261,77.1419,0.302333
-128.7309,5.7356,77.3056,0.302427
-128.4205,5.7451,77.4669,0.302521
-128.1081,5.7546,77.6259,0.302613
-127.7938,5.7641,77.7827,0.302711
-127.4772,5.7736,77.9374,0.302805
-127.1589,5.7833,78.0897,0.302901
-126.8386,5.7930,78.2397,0.302994
-126.5165,5.8026,78.3876,0.303090
-126.1924,5.8122,78.5333,0.303185
-125.9026,5.8209,78.6613,0.303271
-125.5751,5.8307,78.8033,0.303368
-125.2459,5.8405,78.9434,0.303463
-124.9149,5.8502,79.0817,0.303558
-124.5822,5.8600,79.2183,0.303653
-124.2477,5.8699,79.3533,0.303750
-123.9118,5.8798,79.4865,0.303845
-123.5368,5.8908,79.6326,0.303953
-123.1976,5.9006,79.7625,0.304049
-122.8568,5.9105,79.8907,0.304145
-122.5145,5.9204,80.0174,0.304240
-122.1709,5.9304,80.1424,0.304338
-121.8258,5.9403,80.2659,0.304432
-121.4793,5.9502,80.3877,0.304530
-121.1315,5.9601,80.5079,0.304626
-120.7822,5.9700,80.6265,0.304723
-120.4315,5.9799,80.7432,0.304820
-120.0796,5.9897,80.8582,0.304916
-119.7263,5.9996,80.9714,0.305013
-119.3717,6.0094,81.0828,0.305110
-119.0158,6.0192,81.1922,0.305206
-118.6585,6.0289,81.2999,0.305303
-118.2999,6.0387,81.4057,0.305401
-117.9401,6.0484,81.5096,0.305498
-117.5789,6.0581,81.6117,0.305595
-117.2568,6.0667,81.7008,0.305682
-116.8933,6.0764,81.7993,0.305780
-116.5285,6.0859,81.8958,0.305878
-116.1625,6.0955,81.9905,0.305976
-115.7952,6.1050,82.0831,0.306074
-115.4266,6.1145,82.1737,0.306172
-115.0570,6.1240,82.2624,0.306270
-114.6864,6.1334,82.3490,0.306368
-114.3151,6.1427,82.4333,0.306466
-113.9432,6.1520,82.5153,0.306565
-113.5709,6.1612,82.5947,0.306662
-113.1981,6.1704,82.6717,0.306760
-112.8249,6.1795,82.7462,0.306858
-112.4513,6.1886,82.8182,0.306956
-112.0774,6.1974,82.8878,0.307054
-111.7031,6.2062,82.9548,0.307152
-111.3285,6.2150,83.0192,0.307250
-110.9523,6.2251,83.0813,0.307349
-110.5779,6.2359,83.1400,0.307447
-110.2446,6.2449,83.1902,0.307533
-109.8689,6.2552,83.2443,0.307631
-109.4517,6.2671,83.3014,0.307739
-109.1183,6.2765,83.3444,0.307826
-108.7424,6.2863,83.3903,0.307923
-108.3660,6.2966,83.4333,0.308020
-107.9481,6.3081,83.4779,0.308129
-107.5723,6.3182,83.5152,0.308225
-107.1957,6.3278,83.5498,0.308324
-106.8612,6.3368,83.5785,0.308410
-106.4848,6.3468,83.6082,0.308508
-106.1083,6.3568,83.6351,0.308605
-105.7319,6.3662,83.6592,0.308703
-105.3555,6.3760,83.6807,0.308800
-105.0208,6.3846,83.6976,0.308885
-104.6443,6.3942,83.7141,0.308984
-104.2682,6.4036,83.7279,0.309081
-103.8916,6.4130,83.7389,0.309177
-103.5153,6.4225,83.7474,0.309274
-103.1391,6.4318,83.7532,0.309371
-102.7630,6.4411,83.7563,0.309468
-102.3870,6.4502,83.7566,0.309565
-102.0111,6.4594,83.7545,0.309662
-101.6348,6.4733,83.7367,0.309759
-101.2595,6.4839,83.7288,0.309854
-100.8843,6.4946,83.7186,0.309951
-100.5090,6.5053,83.7061,0.310047
-100.1338,6.5161,83.6913,0.310145
-99.7587,6.5269,83.6741,0.310241
-99.3836,6.5381,83.6540,0.310338
-99.0098,6.5491,83.6324,0.310435
-98.6349,6.5590,83.6090,0.310532
-98.2602,6.5689,83.5838,0.310628
-97.8858,6.5789,83.5563,0.310724
-97.5117,6.5890,83.5266,0.310821
-97.1380,6.5991,83.4948,0.310918
-96.8061,6.6081,83.4649,0.311003
-96.4330,6.6181,83.4297,0.311100
-96.0602,6.6281,83.3924,0.311196
-95.6468,6.6389,83.3485,0.311303
-95.2745,6.6480,83.3071,0.311399
-94.9025,6.6573,83.2639,0.311496
-94.5309,6.6665,83.2189,0.311592
-94.1595,6.6758,83.1721,0.311688
-93.8298,6.6841,83.1292,0.311774
-93.4589,6.6940,83.0783,0.311870
-93.0887,6.7039,83.0264,0.311966
-92.7189,6.7139,82.9727,0.312062
-92.3093,6.7244,82.9112,0.312169
-91.9401,6.7330,82.8539,0.312265
-91.6123,6.7406,82.8015,0.312351
-91.2440,6.7492,82.7407,0.312446
-90.8762,6.7579,82.6781,0.312543
-90.5494,6.7660,82.6203,0.312628
-90.1826,6.7752,82.5543,0.312724
-89.8162,6.7845,82.4866,0.312820
-89.4909,6.7928,82.4248,0.312905
-89.1254,6.8022,82.3535,0.313001
-88.7613,6.8104,82.2806,0.313097
-88.3564,6.8194,82.1972,0.313204
-88.0330,6.8267,82.1287,0.313289
-87.6698,6.8349,82.0497,0.313385
-87.2670,6.8442,81.9592,0.313491
-86.9455,6.8518,81.8854,0.313577
-86.5844,6.8605,81.8004,0.313673
-86.2239,6.8691,81.7132,0.313768
-85.8642,6.8779,81.6240,0.313864
-85.5059,6.8864,81.5328,0.313959
-85.1477,6.8941,81.4391,0.314055
-84.8299,6.9011,81.3541,0.314140
-84.4732,6.9089,81.2562,0.314236
-84.1173,6.9169,81.1561,0.314331
-83.7622,6.9247,81.0541,0.314427
-83.4079,6.9325,80.9496,0.314522
-83.0543,6.9404,80.8429,0.314618
-82.7014,6.9484,80.7341,0.314714
-82.3492,6.9564,80.6230,0.314809
-81.9591,6.9652,80.4972,0.314916
-81.6472,6.9720,80.3946,0.315000
-81.2967,6.9796,80.2771,0.315096
-80.9468,6.9874,80.1575,0.315191
-80.5973,6.9953,80.0348,0.315288
-80.2873,7.0027,79.9248,0.315373
-79.9391,7.0112,79.7991,0.315469
-79.5914,7.0197,79.6713,0.315564
-79.2441,7.0282,79.5414,0.315660
-78.8973,7.0369,79.4095,0.315756
-78.5516,7.0449,79.2757,0.315853
-78.2439,7.0515,79.1547,0.315939
-77.8981,7.0591,79.0165,0.316035
-77.5143,7.0675,78.8604,0.316143
-77.2076,7.0744,78.7336,0.316229
-76.8629,7.0823,78.5885,0.316325
-76.5186,7.0902,78.4414,0.316422
-76.2128,7.0974,78.3087,0.316509
-75.8689,7.1055,78.1574,0.316606
-75.5253,7.1137,78.0040,0.316704
-75.1826,7.1210,77.8485,0.316802
-74.8396,7.1283,77.6906,0.316900
-74.4969,7.1357,77.5305,0.316998
-74.1925,7.1423,77.3865,0.317086
-73.8505,7.1497,77.2224,0.317185
-73.5090,7.1574,77.0554,0.317283
-73.1298,7.1662,76.8678,0.317393
-72.7886,7.1743,76.6966,0.317492
-72.4474,7.1824,76.5232,0.317592
-72.1443,7.1896,76.3671,0.317681
-71.8042,7.1967,76.1897,0.317780
-71.5013,7.2029,76.0297,0.317870
-71.1606,7.2100,75.8475,0.317971
-70.8202,7.2171,75.6631,0.318071
-70.5179,7.2235,75.4971,0.318161
-70.1782,7.2308,75.3081,0.318262
-69.8388,7.2382,75.1164,0.318364
-69.4994,7.2457,74.9227,0.318466
-69.1603,7.2534,74.7267,0.318569
-68.8220,7.2603,74.5288,0.318670
-68.4833,7.2671,74.3281,0.318773
-68.1072,7.2746,74.1025,0.318887
-67.7689,7.2815,73.8973,0.318991
-67.4685,7.2876,73.7131,0.319083
-67.1310,7.2946,73.5036,0.319186
-66.7940,7.3017,73.2918,0.319290
-66.4580,7.3083,73.0782,0.319394
-66.1148,7.3112,72.8705,0.319498
-65.7789,7.3197,72.6523,0.319603
-65.4438,7.3278,72.4314,0.319708
-65.1088,7.3362,72.2092,0.319813
-64.8110,7.3437,72.0104,0.319906
-64.4762,7.3520,71.7849,0.320010
-64.1421,7.3599,71.5582,0.320115
-63.8079,7.3678,71.3280,0.320221
-63.4744,7.3760,71.0968,0.320327
-63.1413,7.3842,70.8639,0.320433
-62.8088,7.3923,70.6292,0.320540
-62.4773,7.3993,70.3931,0.320648
-62.1825,7.4058,70.1798,0.320743
-61.8517,7.4138,69.9389,0.320851
-61.5215,7.4217,69.6960,0.320958
-61.1927,7.4289,69.4520,0.321065
-60.9001,7.4342,69.2327,0.321162
-60.5714,7.4410,68.9833,0.321269
-60.2440,7.4473,68.7328,0.321376
-59.9168,7.4529,68.4798,0.321484
-59.5902,7.4590,68.2242,0.321593
-59.2649,7.4651,67.9675,0.321702
-58.9398,7.4703,67.7083,0.321811
-58.6152,7.4756,67.4466,0.321919
-58.2914,7.4815,67.1834,0.322028
-57.9686,7.4867,66.9186,0.322138
-57.6460,7.4916,66.6514,0.322247
-57.3238,7.4965,66.3824,0.322357
-57.0027,7.5020,66.1115,0.322468
-56.6818,7.5066,65.8388,0.322578
-56.3617,7.5112,65.5646,0.322688
-56.0426,7.5158,65.2889,0.322798
-55.7597,7.5202,65.0420,0.322897
-55.4430,7.5245,64.7636,0.323008
-55.1267,7.5287,64.4833,0.323119
-54.8113,7.5329,64.2015,0.323229
-54.4620,7.5377,63.8860,0.323352
-54.1491,7.5417,63.6011,0.323464
-53.8367,7.5455,63.3142,0.323575
-53.5253,7.5494,63.0258,0.323686
-53.2148,7.5532,62.7359,0.323799
-52.9399,7.5564,62.4768,0.323898
-52.6312,7.5599,62.1839,0.324008
-52.3232,7.5634,61.8896,0.324120
-52.0162,7.5669,61.5938,0.324232
-51.7101,7.5704,61.2965,0.324344
-51.4052,7.5733,60.9976,0.324454
-51.1008,7.5764,60.6973,0.324567
-50.7971,7.5796,60.3958,0.324680
-50.5280,7.5824,60.1266,0.324779
-50.1931,7.5857,59.7888,0.324906
-49.8921,7.5883,59.4823,0.325019
-49.6254,7.5907,59.2092,0.325119
-49.3261,7.5935,58.9008,0.325231
-49.0278,7.5963,58.5908,0.325344
-48.7308,7.5990,58.2799,0.325457
-48.4341,7.6011,57.9667,0.325570
-48.1383,7.6036,57.6527,0.325684
-47.8432,7.6060,57.3374,0.325797
-47.5488,7.6085,57.0208,0.325911
-47.2555,7.6107,56.7033,0.326023
-46.9623,7.6125,56.3839,0.326137
-46.6695,7.6146,56.0638,0.326252
-46.3771,7.6167,55.7427,0.326365
-46.0849,7.6188,55.4206,0.326478
-45.7609,7.6209,55.0619,0.326605
-45.4690,7.6224,54.7376,0.326719
-45.1773,7.6241,54.4129,0.326832
-44.8856,7.6258,54.0874,0.326946
-44.5938,7.6275,53.7612,0.327061
-44.3343,7.6290,53.4708,0.327162
-44.0424,7.6301,53.1436,0.327276
-43.7500,7.6315,52.8158,0.327391
-43.4573,7.6328,52.4877,0.327505
-43.1641,7.6341,52.1592,0.327620
-42.8707,7.6354,51.8304,0.327733
-42.6099,7.6362,51.5381,0.327835
-42.3160,7.6371,51.2086,0.327949
-42.0221,7.6380,50.8789,0.328063
-41.7281,7.6389,50.5490,0.328177
-41.4341,7.6398,50.2188,0.328291
-41.1402,7.6406,49.8886,0.328405
-40.8789,7.6410,49.5948,0.328508
-40.5850,7.6415,49.2642,0.328622
-40.3237,7.6420,48.9702,0.328724
-40.0298,7.6425,48.6392,0.328840
-39.7359,7.6430,48.3082,0.328955
-39.4749,7.6433,48.0139,0.329057
-39.1812,7.6435,47.6826,0.329171
-38.8876,7.6437,47.3510,0.329286
-38.5943,7.6440,47.0193,0.329401
-38.3012,7.6442,46.6874,0.329518
-38.0085,7.6443,46.3553,0.329633
-37.7159,7.6443,46.0229,0.329748
-37.4237,7.6442,45.6902,0.329864
-37.1319,7.6441,45.3572,0.329980
-36.8727,7.6440,45.0609,0.330082
-36.5813,7.6440,44.7273,0.330198
-36.3227,7.6436,44.4307,0.330301
-36.0317,7.6432,44.0966,0.330416
-35.7409,7.6428,43.7622,0.330532
-35.4502,7.6424,43.4277,0.330646
-35.1597,7.6420,43.0929,0.330763
-34.8695,7.6415,42.7581,0.330877
-34.5794,7.6408,42.4230,0.330992
-34.2895,7.6400,42.0877,0.331108
-33.9998,7.6393,41.7522,0.331223
-33.7104,7.6385,41.4164,0.331338
-33.4214,7.6377,41.0806,0.331454
-33.1326,7.6366,40.7445,0.331569
-32.8761,7.6356,40.4455,0.331671
-32.5878,7.6345,40.1091,0.331785
-32.2999,7.6333,39.7724,0.331901
-32.0124,7.6322,39.4355,0.332015
-31.7256,7.6308,39.0987,0.332129
-31.4392,7.6293,38.7614,0.332243
-31.1534,7.6278,38.4239,0.332357
-30.8684,7.6262,38.0861,0.332470
-30.5843,7.6247,37.7480,0.332584
-30.2701,7.6228,37.3721,0.332710
-29.9883,7.6208,37.0332,0.332824
-29.7077,7.6188,36.6938,0.332938
-29.4284,7.6168,36.3540,0.333050
-29.1505,7.6149,36.0137,0.333163
-28.8743,7.6128,35.6734,0.333276
-28.6298,7.6106,35.3704,0.333376
-28.3561,7.6081,35.0293,0.333488
-28.0842,7.6057,34.6880,0.333600
-27.8141,7.6033,34.3465,0.333711
-27.5459,7.6008,34.0048,0.333822
-27.2801,7.5979,33.6633,0.333933
-26.9869,7.5946,33.2835,0.334056
-26.7253,7.5917,32.9417,0.334165
-26.4947,7.5891,32.6378,0.334263
-26.2090,7.5858,32.2581,0.334384
-25.9543,7.5824,31.9167,0.334493
-25.7295,7.5793,31.6131,0.334590
-25.4787,7.5759,31.2718,0.334698
-25.2302,7.5724,30.9306,0.334806
-24.9840,7.5690,30.5896,0.334913
-24.7402,7.5651,30.2492,0.335019
-24.4982,7.5611,29.9088,0.335124
-24.2582,7.5571,29.5687,0.335231
-24.0205,7.5531,29.2290,0.335337
-23.7848,7.5491,28.8896,0.335442
-23.5515,7.5447,28.5509,0.335548
-23.3456,7.5405,28.2498,0.335641
-23.1158,7.5359,27.9115,0.335745
-22.8629,7.5307,27.5360,0.335861
-22.6376,7.5261,27.1985,0.335964
-22.4393,7.5217,26.8992,0.336056
-22.2177,7.5164,26.5626,0.336159
-21.9981,7.5110,26.2264,0.336261
-21.8047,7.5063,25.9282,0.336352
-21.5893,7.5010,25.5931,0.336454
-21.3763,7.4954,25.2592,0.336555
-21.1649,7.4893,24.9256,0.336656
-20.9788,7.4839,24.6296,0.336745
-20.7717,7.4779,24.2973,0.336845
-20.5443,7.4712,23.9288,0.336956
-20.3649,7.4655,23.6352,0.337043
-20.1646,7.4585,23.3050,0.337142
-19.9447,7.4508,22.9388,0.337251
-19.7710,7.4447,22.6465,0.337338
-19.5779,7.4379,22.3182,0.337435
-19.3876,7.4304,21.9912,0.337532
-19.1990,7.4225,21.6643,0.337629
-19.0127,7.4146,21.3380,0.337725
-18.8492,7.4077,21.0485,0.337811
-18.6681,7.4000,20.7242,0.337906
-18.4887,7.3910,20.4000,0.338000
-18.3115,7.3820,20.0767,0.338095
-18.1371,7.3732,19.7542,0.338188
-17.9654,7.3644,19.4326,0.338281
-17.7973,7.3548,19.1127,0.338373
-17.6311,7.3445,18.7928,0.338465
-17.4500,7.3333,18.4383,0.338567
-17.2904,7.3233,18.1200,0.338658
-17.1519,7.3139,17.8388,0.338739
-16.9978,7.3022,17.5220,0.338829
-16.8465,7.2907,17.2061,0.338918
-16.6986,7.2792,16.8909,0.339008
-16.5581,7.2726,16.5761,0.339097
-16.4165,7.2590,16.2625,0.339186
-16.2771,7.2455,15.9500,0.339273
-16.1397,7.2331,15.6373,0.339360
-16.0067,7.2214,15.3261,0.339447
-15.8771,7.2083,15.0167,0.339534
-15.7505,7.1961,14.7077,0.339620
-15.6262,7.1839,14.3998,0.339705
-15.5041,7.1726,14.0919,0.339790
-15.3856,7.1616,13.7864,0.339875
-15.2830,7.1516,13.5162,0.339950
-15.1694,7.1393,13.2134,0.340033
-15.0587,7.1258,12.9102,0.340116
-14.9508,7.1121,12.6083,0.340199
-14.8447,7.0972,12.3062,0.340282
-14.7411,7.0818,12.0028,0.340366
-14.6400,7.0646,11.7009,0.340448
-14.5397,7.0450,11.3980,0.340531
-14.4421,7.0250,11.0923,0.340613
-14.3571,7.0071,10.8200,0.340687
-14.2637,6.9867,10.5124,0.340770
-14.1730,6.9638,10.2070,0.340853
-14.0841,6.9392,9.8974,0.340936
-13.9961,6.9145,9.5877,0.341020
-13.9115,6.8886,9.2754,0.341103
-13.8299,6.8639,8.9597,0.341187
-13.7513,6.8408,8.6449,0.341271
-13.6748,6.8176,8.3286,0.341354
-13.6067,6.7967,8.0475,0.341429
-13.5340,6.7771,7.7224,0.341513
-13.4549,6.7572,7.4003,0.341598
-13.3950,6.7442,7.1131,0.341673
-13.3292,6.7295,6.7886,0.341759
-13.2646,6.7147,6.4625,0.341843
-13.2010,6.6998,6.1349,0.341927
-13.1391,6.6849,5.8057,0.342014
-13.0793,6.6698,5.4744,0.342100
-13.0217,6.6547,5.1408,0.342186
-12.9658,6.6403,4.8063,0.342272
-12.9116,6.6259,4.4703,0.342359
-12.8588,6.6114,4.1327,0.342446
-12.8074,6.5968,3.7931,0.342534
-12.7629,6.5837,3.4894,0.342613
-12.7090,6.5672,3.1071,0.342712
-12.6671,6.5540,2.7992,0.342792
-12.6213,6.5389,2.4509,0.342882
-12.5769,6.5238,2.1004,0.342972
-12.5340,6.5092,1.7471,0.343064
-12.4924,6.4948,1.3922,0.343156
-12.4479,6.4787,0.9952,0.343259
-12.4094,6.4641,0.6355,0.343351
-12.3724,6.4493,0.2734,0.343445
-12.3368,6.4345,-0.0911,0.343540
-12.3028,6.4196,-0.4578,0.343634
-12.2703,6.4046,-0.8268,0.343730
-12.2393,6.3898,-1.1989,0.343826
-12.2130,6.3771,-1.5309,0.343913
-12.1850,6.3628,-1.9064,0.344009
-12.1585,6.3484,-2.2841,0.344107
-12.1362,6.3356,-2.6216,0.344194
-12.1126,6.3210,-3.0033,0.344294
-12.0906,6.3063,-3.3870,0.344394
-12.0702,6.2916,-3.7727,0.344495
-12.0517,6.2773,-4.1612,0.344596
-12.0331,6.2618,-4.5944,0.344708
-12.0182,6.2479,-4.9863,0.344810
-12.0063,6.2354,-5.3363,0.344901
-11.9945,6.2214,-5.7319,0.345003
-11.9844,6.2072,-6.1294,0.345107
-11.9760,6.1930,-6.5289,0.345211
-11.9693,6.1791,-6.9311,0.345316
-11.9643,6.1658,-7.3345,0.345422
-11.9609,6.1524,-7.7398,0.345528
-11.9593,6.1405,-8.1016,0.345623
-11.9589,6.1270,-8.5103,0.345730
-11.9602,6.1134,-8.9209,0.345838
-11.9634,6.0983,-9.3791,0.345959
-11.9682,6.0855,-9.7940,0.346068
-11.9745,6.0729,-10.2097,0.346178
-11.9832,6.0588,-10.6733,0.346300
-11.9925,6.0461,-11.0923,0.346412
-12.0018,6.0347,-11.4660,0.346510
-12.0136,6.0219,-11.8879,0.346622
-12.0270,6.0099,-12.3121,0.346735
-12.0419,5.9981,-12.7371,0.346848
-12.0583,5.9863,-13.1634,0.346961
-12.0742,5.9758,-13.5435,0.347062
-12.0934,5.9639,-13.9723,0.347177
-12.1142,5.9520,-14.4026,0.347291
-12.1366,5.9411,-14.8348,0.347406
-12.1607,5.9302,-15.2676,0.347522
-12.1864,5.9194,-15.7016,0.347638
-12.2136,5.9085,-16.1367,0.347755
-12.2424,5.8975,-16.5731,0.347871
-12.2694,5.8883,-16.9627,0.347975
-12.3014,5.8784,-17.4015,0.348093
-12.3350,5.8686,-17.8414,0.348210
-12.3703,5.8587,-18.2823,0.348328
-12.4072,5.8488,-18.7242,0.348445
-12.4415,5.8402,-19.1185,0.348551
-12.4816,5.8314,-19.5623,0.348670
-12.5235,5.8226,-20.0068,0.348789
-12.5671,5.8138,-20.4522,0.348909
-12.6073,5.8059,-20.8487,0.349016
-12.6541,5.7974,-21.2961,0.349136
-12.7027,5.7897,-21.7437,0.349256
-12.7531,5.7819,-22.1921,0.349376
-12.8053,5.7742,-22.6411,0.349497
-12.8531,5.7672,-23.0408,0.349604
-12.9085,5.7602,-23.4918,0.349726
-12.9658,5.7535,-23.9429,0.349846
-13.0183,5.7475,-24.3445,0.349954
-13.0791,5.7408,-24.7968,0.350075
-13.1346,5.7349,-25.2000,0.350184
-13.1987,5.7293,-25.6536,0.350305
-13.2647,5.7236,-26.1078,0.350427
-13.3326,5.7179,-26.5624,0.350550
-13.4022,5.7122,-27.0175,0.350672
-13.4658,5.7080,-27.4230,0.350782
-13.5390,5.7033,-27.8787,0.350904
-13.6141,5.6987,-28.3345,0.351026
-13.6910,5.6940,-28.7907,0.351148
-13.7609,5.6905,-29.1968,0.351257
-13.8414,5.6868,-29.6533,0.351381
-13.9238,5.6830,-30.1098,0.351503
-14.0081,5.6793,-30.5669,0.351627
-14.0845,5.6767,-30.9727,0.351737
-14.1723,5.6737,-31.4290,0.351861
-14.2619,5.6708,-31.8851,0.351984
-14.3534,5.6681,-32.3412,0.352107
-14.4467,5.6659,-32.7966,0.352230
-14.5311,5.6639,-33.2011,0.352339
-14.6387,5.6615,-33.7063,0.352476
-14.7375,5.6598,-34.1609,0.352598
-14.8380,5.6582,-34.6147,0.352720
-14.9402,5.6565,-35.0678,0.352843
-15.0442,5.6551,-35.5206,0.352966
-15.1381,5.6540,-35.9224,0.353074
-15.2453,5.6528,-36.3738,0.353197
-15.3543,5.6517,-36.8248,0.353318
-15.4526,5.6508,-37.2251,0.353427
-15.5647,5.6498,-37.6749,0.353549
-15.6785,5.6488,-38.1241,0.353671
-15.7939,5.6479,-38.5727,0.353792
-15.9109,5.6469,-39.0208,0.353914
-16.0294,5.6459,-39.4682,0.354035
-16.1493,5.6447,-39.9152,0.354156
-16.2707,5.6436,-40.3617,0.354278
-16.4072,5.6421,-40.8570,0.354412
-16.5176,5.6406,-41.2530,0.354519
-16.6430,5.6390,-41.6980,0.354639
-16.7696,5.6370,-42.1421,0.354759
-16.8976,5.6346,-42.5862,0.354880
-17.0269,5.6322,-43.0297,0.354999
-17.1428,5.6294,-43.4229,0.355106
-17.2745,5.6259,-43.8654,0.355228
-17.4075,5.6224,-44.3074,0.355348
-17.5417,5.6182,-44.7485,0.355468
-17.6621,5.6144,-45.1404,0.355575
-17.7988,5.6102,-45.5808,0.355694
-17.9367,5.6058,-46.0205,0.355813
-18.0760,5.6016,-46.4600,0.355933
-18.2166,5.5977,-46.8986,0.356053
-18.3584,5.5938,-47.3365,0.356172
-18.5015,5.5897,-47.7740,0.356291
-18.6459,5.5857,-48.2112,0.356411
-18.7754,5.5826,-48.5991,0.356516
-18.9222,5.5791,-49.0349,0.356636
-19.0702,5.5754,-49.4703,0.356755
-19.2195,5.5717,-49.9052,0.356873
-19.3533,5.5687,-50.2918,0.356981
-19.5049,5.5655,-50.7259,0.357099
-19.6578,5.5622,-51.1597,0.357218
-19.8120,5.5589,-51.5932,0.357337
-19.9675,5.5558,-52.0265,0.357456
-20.1241,5.5529,-52.4592,0.357575
-20.2820,5.5499,-52.8915,0.357694
-20.4411,5.5470,-53.3234,0.357813
-20.5836,5.5444,-53.7072,0.357918
-20.7450,5.5419,-54.1384,0.358037
-20.9076,5.5393,-54.5691,0.358155
-21.0715,5.5366,-54.9995,0.358273
-21.2183,5.5343,-55.3819,0.358378
-21.3844,5.5321,-55.8114,0.358498
-21.5519,5.5298,-56.2404,0.358616
-21.7206,5.5275,-56.6690,0.358735
-21.8716,5.5254,-57.0496,0.358842
-22.0427,5.5235,-57.4775,0.358961
-22.2152,5.5215,-57.9047,0.359079
-22.3889,5.5195,-58.3313,0.359198
-22.5640,5.5175,-58.7574,0.359317
-22.7405,5.5159,-59.1832,0.359435
-22.9182,5.5142,-59.6082,0.359554
-23.0973,5.5125,-60.0327,0.359673
-23.2576,5.5110,-60.4096,0.359778
-23.4393,5.5096,-60.8332,0.359897
-23.6223,5.5082,-61.2560,0.360016
-23.7862,5.5069,-61.6314,0.360123
-23.9718,5.5055,-62.0531,0.360241
-24.1589,5.5044,-62.4743,0.360360
-24.3475,5.5032,-62.8948,0.360479
-24.5374,5.5021,-63.3146,0.360598
-24.7288,5.5010,-63.7337,0.360718
-24.9002,5.5001,-64.1059,0.360824
-25.0943,5.4992,-64.5237,0.360943
-25.2899,5.4983,-64.9409,0.361062
-25.4870,5.4974,-65.3574,0.361182
-25.6856,5.4967,-65.7733,0.361301
-25.8857,5.4961,-66.1884,0.361421
-26.0648,5.4955,-66.5567,0.361528
-26.2677,5.4948,-66.9704,0.361647
-26.4721,5.4943,-67.3835,0.361767
-26.6779,5.4938,-67.7958,0.361887
-26.8853,5.4933,-68.2074,0.362006
-27.0943,5.4928,-68.6183,0.362126
-27.2813,5.4925,-68.9831,0.362233
-27.4931,5.4923,-69.3927,0.362353
-27.7065,5.4920,-69.8015,0.362472
-27.9454,5.4916,-70.2549,0.362606
-28.1622,5.4915,-70.6623,0.362726
-28.3562,5.4914,-71.0236,0.362833
-28.5759,5.4912,-71.4293,0.362952
-28.7973,5.4911,-71.8342,0.363072
-29.0204,5.4911,-72.2383,0.363192
-29.2452,5.4911,-72.6415,0.363312
-29.4463,5.4911,-72.9991,0.363420
-29.6741,5.4911,-73.4007,0.363542
-29.9036,5.4911,-73.8015,0.363662
-30.1089,5.4912,-74.1570,0.363770
-30.3415,5.4913,-74.5561,0.363890
-30.5757,5.4915,-74.9543,0.364010
-30.8116,5.4916,-75.3516,0.364131
-31.0756,5.4918,-75.7920,0.364264
-31.3149,5.4921,-76.1874,0.364385
-31.5291,5.4922,-76.5380,0.364494
-31.7717,5.4925,-76.9316,0.364614
-32.0159,5.4927,-77.3242,0.364736
-32.2619,5.4930,-77.7157,0.364856
-32.5096,5.4933,-78.1063,0.364977
-32.7590,5.4936,-78.4958,0.365098
-33.0101,5.4939,-78.8843,0.365219
-33.2631,5.4942,-79.2717,0.365340
-33.5177,5.4946,-79.6580,0.365461
-33.7742,5.4949,-80.0432,0.365582
-34.0325,5.4952,-80.4273,0.365702
-34.2926,5.4956,-80.8101,0.365823
-34.5546,5.4959,-81.1918,0.365945
-34.8184,5.4963,-81.5722,0.366067
-35.0841,5.4966,-81.9513,0.366187
-35.3517,5.4969,-82.3290,0.366308
-35.6213,5.4973,-82.7054,0.366428
-35.8929,5.4976,-83.0804,0.366551
-36.1664,5.4979,-83.4540,0.366673
-36.4420,5.4983,-83.8261,0.366794
-36.6887,5.4986,-84.1557,0.366902
-36.9681,5.4989,-84.5251,0.367024
-37.2496,5.4991,-84.8930,0.367145
-37.5331,5.4994,-85.2594,0.367267
-37.8187,5.4997,-85.6243,0.367388
-38.1383,5.5000,-86.0279,0.367524
-38.4282,5.5002,-86.3896,0.367645
-38.7201,5.5004,-86.7497,0.367767
-39.0140,5.5006,-87.1082,0.367888
-39.3100,5.5008,-87.4651,0.368009
-39.5749,5.5009,-87.7811,0.368118
-39.8747,5.5010,-88.1351,0.368239
-40.1766,5.5012,-88.4874,0.368361
-40.4804,5.5012,-88.8381,0.368482
-40.7863,5.5013,-89.1871,0.368604
-41.0942,5.5013,-89.5345,0.368725
-41.4041,5.5013,-89.8803,0.368848
-41.7160,5.5013,-90.2244,0.368969
-42.0299,5.5013,-90.5669,0.369092
-42.3456,5.5013,-90.9077,0.369214
-42.6987,5.5013,-91.2846,0.369350
-43.0185,5.5013,-91.6222,0.369471
-43.3400,5.5013,-91.9584,0.369593
-43.6633,5.5013,-92.2931,0.369716
-43.9882,5.5013,-92.6265,0.369837
-44.3148,5.5013,-92.9585,0.369959
-44.6796,5.5013,-93.3258,0.370096
-45.0095,5.5013,-93.6551,0.370218
-45.3408,5.5013,-93.9832,0.370340
-45.6736,5.5013,-94.3101,0.370462
-46.0077,5.5013,-94.6358,0.370585
-46.3430,5.5013,-94.9604,0.370707
-46.7169,5.5013,-95.3199,0.370842
-47.0545,5.5013,-95.6426,0.370966
-47.4308,5.5013,-96.0001,0.371102
-47.7704,5.5013,-96.3212,0.371223
-48.1109,5.5013,-96.6417,0.371345
-48.4520,5.5013,-96.9616,0.371466
-48.7939,5.5013,-97.2810,0.371591
-49.1364,5.5013,-97.6000,0.371711
-49.4794,5.5013,-97.9186,0.371836
-49.8229,5.5013,-98.2370,0.371960
-50.1668,5.5013,-98.5552,0.372082
-50.5111,5.5013,-98.8733,0.372204
-50.8556,5.5013,-99.1914,0.372328
-51.2002,5.5013,-99.5095,0.372450
-51.5450,5.5013,-99.8276,0.372573
-51.8898,5.5013,-100.1458,0.372695
-52.2347,5.5013,-100.4640,0.372819
-52.5797,5.5013,-100.7822,0.372942
-52.9247,5.5013,-101.1003,0.373065
-53.2698,5.5013,-101.4186,0.373188
-53.5765,5.5013,-101.7015,0.373298
-53.9216,5.5013,-102.0198,0.373420
-54.2666,5.5013,-102.3382,0.373543
-54.5733,5.5013,-102.6213,0.373652
-54.9182,5.5013,-102.9399,0.373776
-55.2631,5.5013,-103.2586,0.373898
-55.6079,5.5013,-103.5775,0.374021
-55.9525,5.5013,-103.8965,0.374143
-56.2588,5.5013,-104.1802,0.374253
-56.6033,5.5013,-104.4996,0.374378
-56.9858,5.5013,-104.8548,0.374512
-57.2917,5.5013,-105.1391,0.374622
-57.6356,5.5013,-105.4594,0.374742
-57.9792,5.5013,-105.7799,0.374866
-58.3226,5.5013,-106.1009,0.374990
-58.6276,5.5013,-106.3864,0.375099
-58.9705,5.5013,-106.7081,0.375221
-59.3131,5.5013,-107.0300,0.375343
-59.6553,5.5013,-107.3524,0.375467
-59.9593,5.5013,-107.6392,0.375575
-60.3010,5.5013,-107.9621,0.375697
-60.6425,5.5013,-108.2854,0.375819
-60.9836,5.5013,-108.6090,0.375939
-61.3244,5.5013,-108.9329,0.376062
-61.6649,5.5013,-109.2572,0.376183
-62.0051,5.5013,-109.5818,0.376307
-62.3450,5.5013,-109.9067,0.376427
-62.6845,5.5013,-110.2319,0.376550
-62.9861,5.5013,-110.5213,0.376659
-63.3251,5.5013,-110.8472,0.376779
-63.6638,5.5013,-111.1733,0.376901
-64.0022,5.5013,-111.4997,0.377022
-64.3403,5.5013,-111.8264,0.377142
-64.6782,5.5013,-112.1533,0.377264
-65.0158,5.5013,-112.4803,0.377385
-65.3532,5.5013,-112.8076,0.377505
-65.6905,5.5013,-113.1350,0.377627
-66.0275,5.5013,-113.4625,0.377746
-66.3644,5.5013,-113.7902,0.377868
-66.7011,5.5013,-114.1179,0.377988
-67.0377,5.5013,-114.4457,0.378109
-67.3742,5.5013,-114.7735,0.378228
-67.7106,5.5013,-115.1014,0.378350
-68.0471,5.5013,-115.4292,0.378468
-68.3834,5.5013,-115.7571,0.378590
-68.7197,5.5013,-116.0850,0.378709
-69.0186,5.5013,-116.3765,0.378817
-69.3548,5.5013,-116.7045,0.378934
-69.6909,5.5013,-117.0326,0.379055
-70.0270,5.5013,-117.3607,0.379174
-70.3631,5.5013,-117.6889,0.379294
-70.6991,5.5013,-118.0171,0.379416
-71.0351,5.5013,-118.3453,0.379532
-71.3710,5.5013,-118.6736,0.379652
-71.7069,5.5013,-119.0020,0.379771
-72.0055,5.5013,-119.2938,0.379878
-72.3414,5.5013,-119.6222,0.379997
-72.6771,5.5013,-119.9507,0.380116
-73.0129,5.5013,-120.2792,0.380237
-73.3114,5.5013,-120.5712,0.380343
-73.6471,5.5013,-120.8998,0.380463
-73.9828,5.5013,-121.2284,0.380582
-74.3184,5.5013,-121.5571,0.380702
-74.6167,5.5013,-121.8493,0.380807
-74.9523,5.5013,-122.1780,0.380926
-75.2879,5.5013,-122.5068,0.381045
-75.6234,5.5013,-122.8356,0.381165
-75.9589,5.5013,-123.1645,0.381285
-76.2943,5.5013,-123.4933,0.381403
-76.6298,5.5013,-123.8223,0.381522
-76.9279,5.5013,-124.1147,0.381629
-77.2633,5.5013,-124.4437,0.381746
-77.5986,5.5013,-124.7728,0.381866
-77.9339,5.5013,-125.1019,0.381985
-78.2319,5.5013,-125.3945,0.382091
-78.5671,5.5013,-125.7237,0.382210
-78.9023,5.5013,-126.0529,0.382329
-79.2375,5.5013,-126.3821,0.382448
-79.5726,5.5013,-126.7114,0.382566
-79.8705,5.5013,-127.0042,0.382672
-80.2428,5.5013,-127.3701,0.382806
-80.5778,5.5013,-127.6995,0.382925
-80.9128,5.5013,-128.0290,0.383044
-81.2478,5.5013,-128.3585,0.383162
-81.5455,5.5013,-128.6514,0.383268
-81.8805,5.5013,-128.9810,0.383387
-82.2153,5.5013,-129.3106,0.383507
-82.5130,5.5013,-129.6036,0.383611
-82.8478,5.5013,-129.9333,0.383731
-83.1826,5.5013,-130.2631,0.383850
-83.5173,5.5013,-130.5928,0.383969
-83.8521,5.5013,-130.9226,0.384089
-84.1868,5.5013,-131.2525,0.384207
-84.5215,5.5013,-131.5824,0.384325
-84.8561,5.5013,-131.9122,0.384447
-85.1907,5.5013,-132.2422,0.384565
-85.4881,5.5013,-132.5355,0.384671
-85.8227,5.5013,-132.8655,0.384791
-86.1201,5.5013,-133.1589,0.384895
-86.4546,5.5013,-133.4889,0.385014
-86.7890,5.5013,-133.8190,0.385132
-87.1235,5.5013,-134.1492,0.385251
-87.4207,5.5013,-134.4426,0.385359
-87.7552,5.5013,-134.7728,0.385476
-88.0895,5.5013,-135.1031,0.385596
-88.4239,5.5013,-135.4333,0.385716
-88.7211,5.5013,-135.7269,0.385822
-89.0554,5.5013,-136.0572,0.385940
-89.3896,5.5013,-136.3876,0.386059
-89.7239,5.5013,-136.7180,0.386178
-90.0581,5.5013,-137.0484,0.386297
-90.3923,5.5013,-137.3789,0.386417
-90.6893,5.5013,-137.6727,0.386524
-91.0235,5.5013,-138.0032,0.386641
-91.3576,5.5013,-138.3338,0.386760
-91.6917,5.5013,-138.6643,0.386881
-91.9887,5.5013,-138.9583,0.386986
-92.3227,5.5013,-139.2889,0.387106
-92.6567,5.5013,-139.6196,0.387224
-92.9536,5.5013,-139.9136,0.387330
-93.2875,5.5013,-140.2444,0.387450
-93.6214,5.5013,-140.5753,0.387569
-93.9553,5.5013,-140.9061,0.387690
-94.2891,5.5013,-141.2371,0.387808
-94.6229,5.5013,-141.5681,0.387927
-94.9196,5.5013,-141.8624,0.388034
-95.2533,5.5013,-142.1935,0.388152
-95.5869,5.5013,-142.5246,0.388271
-95.8835,5.5013,-142.8190,0.388379
-96.2171,5.5013,-143.1502,0.388496
-96.5506,5.5013,-143.4815,0.388615
-96.8471,5.5013,-143.7760,0.388722
-97.1806,5.5013,-144.1073,0.388842
-97.5140,5.5013,-144.4387,0.388960
-97.8475,5.5013,-144.7701,0.389081
-98.1438,5.5013,-145.0648,0.389187
-98.4771,5.5013,-145.3963,0.389305
-98.8105,5.5013,-145.7278,0.389424
-99.1437,5.5013,-146.0594,0.389544
-99.4400,5.5013,-146.3541,0.389651
-99.7732,5.5013,-146.6858,0.389770
-100.1064,5.5013,-147.0175,0.389889
-100.4025,5.5013,-147.3124,0.389995
-100.7356,5.5013,-147.6443,0.390115
-101.0316,5.5013,-147.9392,0.390220
-101.3646,5.5013,-148.2711,0.390340
-101.6976,5.5013,-148.6031,0.390460
-102.0305,5.5013,-148.9351,0.390579
-102.3634,5.5013,-149.2671,0.390699
-102.6963,5.5013,-149.5992,0.390818
-103.0292,5.5013,-149.9313,0.390937
-103.3620,5.5013,-150.2634,0.391058
-103.6948,5.5013,-150.5956,0.391177
-103.9906,5.5013,-150.8909,0.391283
-104.3234,5.5013,-151.2231,0.391403
-104.6561,5.5013,-151.5554,0.391523
-104.9518,5.5013,-151.8508,0.391629
-105.2845,5.5013,-152.1831,0.391748
-105.6172,5.5013,-152.5154,0.391867
-105.9499,5.5013,-152.8477,0.391986
-106.2456,5.5013,-153.1430,0.392093
-106.5783,5.5013,-153.4752,0.392213
-106.9111,5.5013,-153.8073,0.392332
-107.2439,5.5013,-154.1394,0.392452
-107.5767,5.5013,-154.4715,0.392572
-107.9095,5.5013,-154.8035,0.392692
-108.2424,5.5013,-155.1356,0.392811
-108.5384,5.5013,-155.4307,0.392917
-108.8714,5.5013,-155.7627,0.393037
-109.2044,5.5013,-156.0947,0.393156
-109.5375,5.5013,-156.4266,0.393277
-109.8705,5.5013,-156.7586,0.393396
-110.1666,5.5013,-157.0537,0.393503
-110.4996,5.5013,-157.3857,0.393623
-110.8327,5.5013,-157.7178,0.393742
-111.1657,5.5013,-158.0498,0.393862
-111.4988,5.5013,-158.3819,0.393980
-111.8319,5.5013,-158.7139,0.394098
-112.1650,5.5013,-159.0460,0.394232
-112.4981,5.5013,-159.3781,0.394338
-112.7942,5.5013,-159.6733,0.394445
-113.1273,5.5013,-160.0054,0.394566
-113.4604,5.5013,-160.3376,0.394688
-113.7565,5.5013,-160.6329,0.394793
-114.0896,5.5013,-160.9652,0.394912
-114.4226,5.5013,-161.2975,0.395033
-114.7187,5.5013,-161.5929,0.395139
-115.0517,5.5013,-161.9252,0.395258
-115.3847,5.5013,-162.2576,0.395379
-115.7177,5.5013,-162.5901,0.395498
-116.0507,5.5013,-162.9226,0.395619
-116.3466,5.5013,-163.2181,0.395724
-116.7165,5.5013,-163.5876,0.395858
-117.0125,5.5013,-163.8832,0.395964
-117.3454,5.5013,-164.2158,0.396084
-117.6782,5.5013,-164.5484,0.396204
-118.0111,5.5013,-164.8810,0.396323
-118.3070,5.5013,-165.1766,0.396430
-118.6398,5.5013,-165.5093,0.396549
-118.9357,5.5013,-165.8051,0.396656
-119.2685,5.5013,-166.1377,0.396776
-119.6012,5.5013,-166.4704,0.396896
-119.8971,5.5013,-166.7662,0.397003
-120.2299,5.5013,-167.0990,0.397122
-120.5627,5.5013,-167.4318,0.397242
-120.8954,5.5013,-167.7646,0.397362
-121.2281,5.5013,-168.0974,0.397482
-121.5609,5.5013,-168.4303,0.397601
-121.8566,5.5013,-168.7261,0.397709
-122.1894,5.5013,-169.0590,0.397829
-122.4851,5.5013,-169.3550,0.397935
-122.8178,5.5013,-169.6880,0.398056
-123.1135,5.5013,-169.9839,0.398162
-123.4462,5.5013,-170.3170,0.398282
-123.7419,5.5013,-170.6131,0.398388
-124.0745,5.5013,-170.9462,0.398507
-124.4070,5.5013,-171.2794,0.398629
-124.7026,5.5013,-171.5757,0.398734
-125.0351,5.5013,-171.9091,0.398853
-125.3675,5.5013,-172.2426,0.398974
-125.6998,5.5013,-172.5761,0.399093
-126.0321,5.5013,-172.9097,0.399215
-126.3274,5.5013,-173.2063,0.399320
-126.6595,5.5013,-173.5401,0.399439
-126.9916,5.5013,-173.8739,0.399560
-127.2868,5.5013,-174.1707,0.399666
-127.6188,5.5013,-174.5045,0.399786
-127.9508,5.5013,-174.8384,0.399907
-128.2828,5.5013,-175.1723,0.400026
-128.5779,5.5013,-175.4691,0.400132
-128.9099,5.5013,-175.8030,0.400253
-129.2049,5.5013,-176.0999,0.400359
-129.5368,5.5013,-176.4338,0.400479
-129.8687,5.5013,-176.7678,0.400599
-130.2006,5.5013,-177.1017,0.400720
-130.5325,5.5013,-177.4358,0.400840
-130.8275,5.5013,-177.7327,0.400947
-131.1594,5.5013,-178.0668,0.401066
-131.4545,5.5013,-178.3637,0.401172
-131.7863,5.5013,-178.6978,0.401291
-132.0814,5.5013,-178.9948,0.401399
-132.4133,5.5013,-179.3289,0.401518
-132.7452,5.5013,-179.6630,0.401638
-133.0771,5.5013,-179.9971,0.401759
-133.3722,5.5013,-180.2941,0.401866
-133.7041,5.5013,-180.6283,0.401985
-134.0360,5.5013,-180.9624,0.402105
-134.3680,5.5013,-181.2965,0.402225
-134.7000,5.5013,-181.6306,0.402345
-134.9950,5.5013,-181.9276,0.402452
-135.3270,5.5013,-182.2617,0.402571
-135.6222,5.5013,-182.5587,0.402678
-135.9542,5.5013,-182.8930,0.402799
-136.2862,5.5013,-183.2272,0.402918
-136.5814,5.5013,-183.5243,0.403025
-136.9134,5.5013,-183.8586,0.403145
-137.2086,5.5013,-184.1557,0.403252
-137.5407,5.5013,-184.4900,0.403372
-137.8727,5.5013,-184.8242,0.403491
-138.1679,5.5013,-185.1214,0.403598
-138.5000,5.5013,-185.4558,0.403718
-138.8322,5.5013,-185.7902,0.403837
-139.1644,5.5013,-186.1246,0.403958
-139.4967,5.5013,-186.4590,0.404078
-139.7920,5.5013,-186.7563,0.404186
-140.1243,5.5013,-187.0908,0.404306
-140.4566,5.5013,-187.4253,0.404425
-140.7889,5.5013,-187.7599,0.404545
-141.0844,5.5013,-188.0572,0.404653
-141.4167,5.5013,-188.3918,0.404772
-141.7121,5.5013,-188.6892,0.404879
-142.0446,5.5013,-189.0239,0.404999
-142.3771,5.5013,-189.3586,0.405120
-142.7095,5.5013,-189.6933,0.405240
-143.0051,5.5013,-189.9908,0.405347
-143.3376,5.5013,-190.3256,0.405467
-143.6701,5.5013,-190.6604,0.405586
-144.0027,5.5013,-190.9952,0.405707
-144.2983,5.5013,-191.2929,0.405814
-144.6309,5.5013,-191.6277,0.405934
-144.9266,5.5013,-191.9254,0.406041
-145.2592,5.5013,-192.2603,0.406162
-145.5919,5.5013,-192.5953,0.406281
-145.9247,5.5013,-192.9302,0.406401
-146.2204,5.5013,-193.2280,0.406508
-146.5532,5.5013,-193.5630,0.406629
-146.8490,5.5013,-193.8608,0.406735
-147.1817,5.5013,-194.1958,0.406855
-147.5146,5.5013,-194.5309,0.406976
-147.8475,5.5013,-194.8660,0.407096
-148.1804,5.5013,-195.2011,0.407216
-148.5133,5.5013,-195.5363,0.407338
-148.8092,5.5013,-195.8342,0.407444
-149.1422,5.5013,-196.1695,0.407564
-149.4752,5.5013,-196.5047,0.407684
-149.7712,5.5013,-196.8027,0.407792
-150.1413,5.5013,-197.1752,0.407924
-150.4743,5.5013,-197.5105,0.408046
-150.7703,5.5013,-197.8086,0.408151
-151.1035,5.5013,-198.1440,0.408273
-151.4366,5.5013,-198.4794,0.408394
-151.7698,5.5013,-198.8148,0.408514
-152.1029,5.5013,-199.1503,0.408634
-152.4361,5.5013,-199.4858,0.408754
-152.7322,5.5013,-199.7841,0.408861
-153.0654,5.5013,-200.1198,0.408981
-153.3985,5.5013,-200.4554,0.409102
-153.7317,5.5013,-200.7912,0.409223
-154.0279,5.5013,-201.0896,0.409330
-154.3611,5.5013,-201.4254,0.409450
-154.6573,5.5013,-201.7239,0.409557
-154.9905,5.5013,-202.0598,0.409677
-155.2867,5.5013,-202.3583,0.409785
-155.6199,5.5013,-202.6943,0.409905
-155.9532,5.5013,-203.0303,0.410026
-156.2864,5.5013,-203.3664,0.410145
-156.5826,5.5013,-203.6651,0.410253
-156.9159,5.5013,-204.0012,0.410374
-157.2492,5.5013,-204.3373,0.410496
-157.5454,5.5013,-204.6361,0.410602
-157.8787,5.5013,-204.9723,0.410722
-158.2120,5.5013,-205.3086,0.410841
-158.5083,5.5013,-205.6074,0.410946
-158.8416,5.5013,-205.9436,0.411077
-159.1380,5.5013,-206.2426,0.411175
-159.4713,5.5013,-206.5789,0.411296
-159.7677,5.5013,-206.8779,0.411406
-160.1012,5.5013,-207.2142,0.411527
-160.4346,5.5013,-207.5506,0.411647
-160.7680,5.5013,-207.8870,0.411767
-161.0644,5.5013,-208.1860,0.411874
-161.3979,5.5013,-208.5225,0.411995
-161.7315,5.5013,-208.8590,0.412116
-162.0650,5.5013,-209.1955,0.412236
-162.3615,5.5013,-209.4946,0.412344
-162.6580,5.5013,-209.7938,0.412451
-162.9916,5.5013,-210.1304,0.412572
-163.2881,5.5013,-210.4296,0.412678
-163.6217,5.5013,-210.7663,0.412799
-163.9553,5.5013,-211.1029,0.412921
-164.2519,5.5013,-211.4022,0.413027
-164.5856,5.5013,-211.7390,0.413149
-164.8822,5.5013,-212.0383,0.413256
-165.2159,5.5013,-212.3751,0.413376
-165.5497,5.5013,-212.7119,0.413496
-165.8834,5.5013,-213.0488,0.413618
-166.2171,5.5013,-213.3857,0.413738
-166.5137,5.5013,-213.6852,0.413846
-166.8475,5.5013,-214.0220,0.413966
-167.1443,5.5013,-214.3215,0.414074
-167.4781,5.5013,-214.6585,0.414195
-167.8120,5.5013,-214.9955,0.414316
-168.1829,5.5013,-215.3700,0.414450
-168.4797,5.5013,-215.6696,0.414557
-168.8136,5.5013,-216.0066,0.414678
-169.1474,5.5013,-216.3436,0.414799
-169.4443,5.5013,-216.6433,0.414907
-169.7783,5.5013,-216.9805,0.415028
-170.1123,5.5013,-217.3176,0.415148
-170.4464,5.5013,-217.6548,0.415269
-170.7805,5.5013,-217.9921,0.415390
-171.0775,5.5013,-218.2919,0.415498
-171.4116,5.5013,-218.6292,0.415618
-171.7087,5.5013,-218.9290,0.415726
-172.0429,5.5013,-219.2664,0.415847
-172.3401,5.5013,-219.5664,0.415955
-172.6745,5.5013,-219.9039,0.416076
-173.0089,5.5013,-220.2415,0.416197
-173.3062,5.5013,-220.5415,0.416305
-173.6407,5.5013,-220.8792,0.416425
-173.9754,5.5013,-221.2170,0.416547
-174.3101,5.5013,-221.5548,0.416667
-174.6077,5.5013,-221.8552,0.416776
-174.9426,5.5013,-222.1932,0.416896
-175.2776,5.5013,-222.5313,0.417017
-175.6127,5.5013,-222.8694,0.417139
-175.9106,5.5013,-223.1701,0.417247
-176.2459,5.5013,-223.5085,0.417369
-176.5813,5.5013,-223.8470,0.417490
-176.8796,5.5013,-224.1481,0.417598
-177.2154,5.5013,-224.4868,0.417719
-177.5886,5.5013,-224.8634,0.417854
-177.9246,5.5013,-225.2026,0.417975
-178.2235,5.5013,-225.5041,0.418084
-178.5598,5.5013,-225.8435,0.418206
-178.8963,5.5013,-226.1830,0.418327
-179.1956,5.5013,-226.4850,0.418436
-179.5324,5.5013,-226.8248,0.418558
-179.8693,5.5013,-227.1648,0.418679
-180.2064,5.5013,-227.5049,0.418800
-180.5062,5.5013,-227.8074,0.418910
-180.8436,5.5013,-228.1478,0.419032
-181.2186,5.5013,-228.5262,0.419168
-181.5188,5.5013,-228.8291,0.419276
-181.8566,5.5013,-229.1699,0.419399
-182.1571,5.5013,-229.4730,0.419507
-182.4952,5.5013,-229.8141,0.419629
-182.7959,5.5013,-230.1175,0.419738
-183.1342,5.5013,-230.4589,0.419861
-183.4728,5.5013,-230.8005,0.419983
-183.8115,5.5013,-231.1422,0.420105
-184.1503,5.5013,-231.4840,0.420227
-184.4517,5.5013,-231.7879,0.420337
-184.7908,5.5013,-232.1301,0.420460
-185.1678,5.5013,-232.5104,0.420596
-185.4695,5.5013,-232.8147,0.420706
-185.8091,5.5013,-233.1573,0.420829
-186.1111,5.5013,-233.4619,0.420938
-186.4509,5.5013,-233.8047,0.421061
-186.7531,5.5013,-234.1096,0.421170
-187.0932,5.5013,-234.4527,0.421293
-187.3957,5.5013,-234.7578,0.421402
-187.7360,5.5013,-235.1011,0.421525
-188.0766,5.5013,-235.4446,0.421649
-188.4173,5.5013,-235.7882,0.421774
-188.7582,5.5013,-236.1319,0.421898
-189.0992,5.5013,-236.4758,0.422020
-189.4024,5.5013,-236.7816,0.422131
-189.7437,5.5013,-237.1257,0.422253
-190.1230,5.5013,-237.5083,0.422389
-190.4647,5.5013,-237.8527,0.422513
-190.7684,5.5013,-238.1590,0.422623
-191.1103,5.5013,-238.5037,0.422746
-191.4143,5.5013,-238.8102,0.422857
-191.7564,5.5013,-239.1552,0.422979
-192.0987,5.5013,-239.5003,0.423104
-192.4411,5.5013,-239.8455,0.423230
-192.7836,5.5013,-240.1909,0.423352
-193.0883,5.5013,-240.4980,0.423462
-193.4311,5.5013,-240.8437,0.423586
-193.7742,5.5013,-241.1896,0.423710
-194.1556,5.5013,-241.5742,0.423848
-194.4609,5.5013,-241.8820,0.423959
-194.8045,5.5013,-242.2285,0.424084
-195.1483,5.5013,-242.5751,0.424208
-195.4540,5.5013,-242.8833,0.424319
-195.7979,5.5013,-243.2300,0.424443
-196.1417,5.5013,-243.5768,0.424567
-196.4474,5.5013,-243.8850,0.424677
-196.7913,5.5013,-244.2318,0.424803
-197.1352,5.5013,-244.5785,0.424927
-197.4790,5.5013,-244.9252,0.425050
-197.8228,5.5013,-245.2718,0.425176
-198.1283,5.5013,-245.5799,0.425286
-198.4720,5.5013,-245.9264,0.425409
-198.8154,5.5013,-246.2727,0.425534
-199.1586,5.5013,-246.6188,0.425659
-199.4633,5.5013,-246.9260,0.425770
-199.8055,5.5013,-247.2710,0.425895
-200.1091,5.5013,-247.5771,0.425995
-200.4499,5.5013,-247.9208,0.426128
-200.7900,5.5013,-248.2638,0.426251
-201.0918,5.5013,-248.5680,0.426358
-201.4305,5.5013,-248.9096,0.426479
-201.7686,5.5013,-249.2505,0.426601
-202.0685,5.5013,-249.5529,0.426711
-202.4426,5.5013,-249.9302,0.426846
-202.7413,5.5013,-250.2314,0.426955
-203.0766,5.5013,-250.5696,0.427076
-203.3741,5.5013,-250.8696,0.427183
-203.7080,5.5013,-251.2064,0.427304
-204.0414,5.5013,-251.5426,0.427425
-204.3371,5.5013,-251.8408,0.427532
-204.6322,5.5013,-252.1385,0.427638
-204.9636,5.5013,-252.4727,0.427758
-205.2943,5.5013,-252.8063,0.427878
-205.6243,5.5013,-253.1392,0.427998
-205.9171,5.5013,-253.4345,0.428103
-206.2458,5.5013,-253.7660,0.428223
-206.5738,5.5013,-254.0970,0.428341
-206.9012,5.5013,-254.4272,0.428460
-207.1916,5.5013,-254.7202,0.428565
-207.5176,5.5013,-255.0492,0.428683
-207.8430,5.5013,-255.3775,0.428801
-208.1677,5.5013,-255.7052,0.428919
-208.4558,5.5013,-255.9958,0.429024
-208.7792,5.5013,-256.3221,0.429142
-209.1020,5.5013,-256.6479,0.429258
-209.3884,5.5013,-256.9369,0.429362
-209.7099,5.5013,-257.2614,0.429478
-209.9951,5.5013,-257.5493,0.429579
-210.3153,5.5013,-257.8726,0.429697
-210.6349,5.5013,-258.1952,0.429811
-210.9539,5.5013,-258.5171,0.429927
-211.2369,5.5013,-258.8026,0.430030
-211.5546,5.5013,-259.1231,0.430144
-211.8718,5.5013,-259.4429,0.430259
-212.1884,5.5013,-259.7620,0.430373
-212.4693,5.5013,-260.0450,0.430476
-212.7848,5.5013,-260.3626,0.430589
-213.0648,5.5013,-260.6442,0.430691
-213.3793,5.5013,-260.9602,0.430805
-213.6934,5.5013,-261.2753,0.430917
-214.0071,5.5013,-261.5895,0.431030
-214.3203,5.5013,-261.9027,0.431144
-214.5984,5.5013,-262.1803,0.431244
-214.9110,5.5013,-262.4916,0.431356
-215.2232,5.5013,-262.8019,0.431469
-215.5352,5.5013,-263.1112,0.431581
-215.8468,5.5013,-263.4195,0.431694
-216.1235,5.5013,-263.6927,0.431793
-216.4345,5.5013,-263.9991,0.431905
-216.7453,5.5013,-264.3044,0.432016
-217.0213,5.5013,-264.5749,0.432115
-217.3317,5.5013,-264.8781,0.432227
-217.6419,5.5013,-265.1801,0.432335
-217.9176,5.5013,-265.4474,0.432431
-218.2276,5.5013,-265.7470,0.432543
-218.5376,5.5013,-266.0454,0.432653
-218.8131,5.5013,-266.3095,0.432749
-219.1230,5.5013,-266.6056,0.432860
-219.4327,5.5013,-266.9004,0.432969
-219.7424,5.5013,-267.1940,0.433077
-220.0521,5.5013,-267.4865,0.433188
-220.3273,5.5013,-267.7454,0.433283
-220.6368,5.5013,-268.0356,0.433391
-220.9462,5.5013,-268.3246,0.433502
-221.2556,5.5013,-268.6126,0.433609
-221.5305,5.5013,-268.8676,0.433704
-221.8398,5.5013,-269.1536,0.433814
-222.1488,5.5013,-269.4385,0.433921
-222.4577,5.5013,-269.7226,0.434027
-222.7663,5.5013,-270.0058,0.434135
-223.0747,5.5013,-270.2883,0.434240
-223.3872,5.5054,-270.5656,0.434347
-223.6952,5.5059,-270.8464,0.434454
-224.0023,5.5064,-271.1269,0.434558
-224.3091,5.5068,-271.4069,0.434664
-224.6156,5.5073,-271.6863,0.434770
-224.9217,5.5078,-271.9651,0.434877
-225.2271,5.5084,-272.2433,0.434980
-225.5320,5.5090,-272.5209,0.435085
-225.8025,5.5095,-272.7673,0.435180
-226.1065,5.5100,-273.0441,0.435282
-226.4097,5.5106,-273.3203,0.435387
-226.6789,5.5111,-273.5655,0.435479
-226.9813,5.5117,-273.8408,0.435585
-227.2831,5.5122,-274.1155,0.435689
-227.5508,5.5128,-274.3593,0.435782
-227.8514,5.5133,-274.6330,0.435886
-228.1513,5.5139,-274.9063,0.435988
-228.4504,5.5144,-275.1793,0.436092
-228.7491,5.5148,-275.4517,0.436195
-229.0140,5.5152,-275.6935,0.436285
-229.3115,5.5158,-275.9650,0.436387
-229.5755,5.5162,-276.2059,0.436478
-229.8718,5.5168,-276.4766,0.436579
-230.1347,5.5172,-276.7167,0.436670
-230.4299,5.5178,-276.9866,0.436773
-230.7243,5.5183,-277.2560,0.436876
-230.9855,5.5187,-277.4952,0.436967
-231.2788,5.5192,-277.7640,0.437067
-231.5714,5.5197,-278.0323,0.437166
-231.8633,5.5202,-278.3002,0.437270
-232.1546,5.5207,-278.5677,0.437368
-232.4452,5.5212,-278.8348,0.437468
-232.7351,5.5217,-279.1015,0.437570
-233.0243,5.5221,-279.3676,0.437667
-233.2809,5.5224,-279.6039,0.437757
-233.5689,5.5227,-279.8692,0.437858
-233.8243,5.5230,-280.1046,0.437945
-234.1110,5.5233,-280.3690,0.438045
-234.3969,5.5237,-280.6329,0.438144
-234.6505,5.5239,-280.8671,0.438231
-234.9350,5.5243,-281.1300,0.438327
-235.2189,5.5246,-281.3925,0.438428
-235.5018,5.5249,-281.6544,0.438525
-235.7840,5.5251,-281.9160,0.438624
-236.0652,5.5254,-282.1774,0.438719
-236.3454,5.5257,-282.4384,0.438817
-236.6246,5.5259,-282.6994,0.438914
-236.9029,5.5262,-282.9601,0.439010
-237.1493,5.5265,-283.1917,0.439098
-237.4255,5.5268,-283.4521,0.439191
-237.7008,5.5270,-283.7122,0.439287
-238.0057,5.5273,-284.0011,0.439394
-238.2488,5.5275,-284.2321,0.439477
-238.5215,5.5278,-284.4917,0.439575
-238.7933,5.5280,-284.7513,0.439667
-239.0343,5.5282,-284.9819,0.439753
-239.3045,5.5284,-285.2412,0.439845
-239.5738,5.5285,-285.5003,0.439941
-239.8423,5.5287,-285.7593,0.440035
-240.1099,5.5289,-286.0182,0.440130
-240.3765,5.5290,-286.2769,0.440222
-240.6420,5.5291,-286.5353,0.440314
-240.9064,5.5291,-286.7935,0.440408
-241.1406,5.5291,-287.0227,0.440492
-241.4028,5.5292,-287.2803,0.440583
-241.6640,5.5292,-287.5377,0.440674
-241.9239,5.5291,-287.7948,0.440765
-242.1539,5.5291,-288.0230,0.440846
-242.4114,5.5290,-288.2795,0.440939
-242.6677,5.5290,-288.5357,0.441029
-242.9509,5.5289,-288.8199,0.441130
-243.1762,5.5288,-289.0469,0.441209
-243.4563,5.5287,-289.3303,0.441307
-243.7069,5.5285,-289.5849,0.441395
-243.9562,5.5284,-289.8393,0.441485
-244.1764,5.5281,-290.0648,0.441564
-244.4230,5.5275,-290.3185,0.441650
-244.6682,5.5268,-290.5720,0.441738
-244.9119,5.5261,-290.8253,0.441827
-245.1543,5.5254,-291.0785,0.441913
-245.3952,5.5246,-291.3320,0.441998
-245.6349,5.5238,-291.5860,0.442086
-245.8732,5.5230,-291.8403,0.442170
-246.1103,5.5222,-292.0951,0.442257
-246.3462,5.5213,-292.3503,0.442342
-246.5808,5.5204,-292.6058,0.442426
-246.8142,5.5195,-292.8617,0.442511
-247.0464,5.5185,-293.1179,0.442596
-247.2774,5.5175,-293.3743,0.442680
-247.5072,5.5165,-293.6311,0.442766
-247.7357,5.5155,-293.8882,0.442847
-247.9379,5.5146,-294.1168,0.442924
-248.1642,5.5135,-294.3745,0.443004
-248.3891,5.5124,-294.6324,0.443088
-248.6129,5.5113,-294.8907,0.443171
-248.8354,5.5102,-295.1492,0.443252
-249.0321,5.5091,-295.3793,0.443327
-249.2525,5.5082,-295.6387,0.443406
-249.4713,5.5076,-295.8982,0.443490
-249.6888,5.5069,-296.1581,0.443569
-249.9050,5.5061,-296.4183,0.443653
-250.1153,5.5045,-296.6835,0.443732
-250.3290,5.5013,-296.9442,0.443815
-250.5416,5.5013,-297.2053,0.443894
-250.7525,5.5013,-297.4671,0.443975
-250.9617,5.5013,-297.7296,0.444055
-251.1696,5.5013,-297.9928,0.444134
-251.3759,5.5013,-298.2564,0.444211
-251.5804,5.5013,-298.5207,0.444294
-251.7832,5.5013,-298.7857,0.444375
-251.9841,5.5013,-299.0515,0.444450
-252.2053,5.5013,-299.3477,0.444536
-252.4025,5.5012,-299.6150,0.444614
-252.5979,5.5012,-299.8831,0.444692
-252.7913,5.5012,-300.1519,0.444769
-253.0037,5.5012,-300.4516,0.444853
-253.1926,5.5012,-300.7221,0.444927
-253.3793,5.5012,-300.9934,0.445003
-253.5637,5.5012,-301.2656,0.445079
-253.7256,5.5012,-301.5082,0.445143
-253.9055,5.5012,-301.7818,0.445219
-254.0830,5.5012,-302.0562,0.445291
-254.2581,5.5012,-302.3312,0.445365
-254.4309,5.5012,-302.6069,0.445438
-254.6015,5.5012,-302.8834,0.445511
-254.7698,5.5012,-303.1606,0.445584
-254.9360,5.5012,-303.4384,0.445657
-255.0999,5.5012,-303.7169,0.445730
-255.2615,5.5012,-303.9960,0.445801
-255.4210,5.5012,-304.2757,0.445872
-255.5783,5.5012,-304.5561,0.445945
-255.7333,5.5012,-304.8371,0.446017
-255.8863,5.5012,-305.1189,0.446086
-256.0206,5.5012,-305.3703,0.446150
-256.1698,5.5012,-305.6540,0.446223
-256.3169,5.5012,-305.9388,0.446294
-256.4619,5.5012,-306.2247,0.446366
-256.6048,5.5012,-306.5116,0.446435
-256.7455,5.5012,-306.7996,0.446503
-256.8687,5.5012,-307.0564,0.446565
-257.0054,5.5012,-307.3463,0.446637
-257.1399,5.5012,-307.6371,0.446706
-257.2723,5.5012,-307.9289,0.446775
-257.4026,5.5012,-308.2216,0.446847
-257.5306,5.5012,-308.5153,0.446916
-257.6427,5.5012,-308.7771,0.446977
-257.7667,5.5012,-309.0724,0.447049
-257.8884,5.5012,-309.3686,0.447117
-257.9948,5.5012,-309.6326,0.447179
-258.1125,5.5012,-309.9304,0.447246
-258.2279,5.5012,-310.2290,0.447314
-258.3412,5.5012,-310.5285,0.447382
-258.4400,5.5012,-310.7954,0.447446
-258.5491,5.5012,-311.0964,0.447515
-258.6560,5.5012,-311.3983,0.447581
-258.7608,5.5012,-311.7010,0.447647
-258.8746,5.5012,-312.0384,0.447726
-258.9748,5.5012,-312.3430,0.447789
-259.0620,5.5012,-312.6144,0.447852
-259.1582,5.5012,-312.9207,0.447918
-259.2522,5.5012,-313.2278,0.447988
-259.3442,5.5012,-313.5359,0.448051
-259.4341,5.5012,-313.8448,0.448121
-259.5219,5.5012,-314.1547,0.448187
-259.6078,5.5012,-314.4655,0.448253
-259.6917,5.5012,-314.7773,0.448323
-259.7737,5.5012,-315.0901,0.448390
-259.8538,5.5012,-315.4038,0.448453
-259.9319,5.5012,-315.7184,0.448525
-260.0080,5.5012,-316.0341,0.448589
-260.0820,5.5012,-316.3506,0.448658
-260.1540,5.5012,-316.6682,0.448726
-260.2240,5.5012,-316.9865,0.448798
-260.2920,5.5012,-317.3058,0.448864
-260.3580,5.5012,-317.6259,0.448937
-260.4222,5.5012,-317.9467,0.449004
-260.4846,5.5012,-318.2681,0.449074
-260.5454,5.5012,-318.5903,0.449144
-260.6046,5.5012,-318.9130,0.449223
-260.6622,5.5012,-319.2365,0.449293
-260.7183,5.5012,-319.5605,0.449366
-260.7667,5.5012,-319.8491,0.449430
-260.8195,5.5012,-320.1743,0.449503
-260.8705,5.5012,-320.5002,0.449577
-260.9251,5.5012,-320.8629,0.449658
-260.9671,5.5012,-321.1535,0.449723
-261.0128,5.5012,-321.4810,0.449800
-261.0565,5.5012,-321.8090,0.449870
-261.0984,5.5012,-322.1375,0.449950
-261.1385,5.5012,-322.4664,0.450025
-261.1725,5.5012,-322.7590,0.450094
-261.2091,5.5012,-323.0886,0.450169
-261.2437,5.5012,-323.4184,0.450243
-261.2765,5.5012,-323.7486,0.450318
-261.3073,5.5012,-324.0791,0.450394
-261.3361,5.5012,-324.4099,0.450468
-261.3629,5.5012,-324.7410,0.450542
-261.3851,5.5012,-325.0356,0.450610
-261.4081,5.5012,-325.3674,0.450682
-261.4312,5.5012,-325.7363,0.450760
-261.4478,5.5012,-326.0317,0.450829
-261.4644,5.5012,-326.3643,0.450901
-261.4774,5.5012,-326.6601,0.450967
-261.4901,5.5012,-326.9931,0.451038
-261.5006,5.5012,-327.3262,0.451109
-261.5081,5.5012,-327.6225,0.451177
-261.5147,5.5012,-327.9559,0.451251
-261.5192,5.5012,-328.2896,0.451321
-261.5213,5.5012,-328.5862,0.451385
-261.5217,5.5012,-328.9200,0.451456
-261.5199,5.5012,-329.2538,0.451526
-261.5157,5.5012,-329.5874,0.451594
-261.5093,5.5012,-329.9209,0.451666
-261.5005,5.5012,-330.2541,0.451734
-261.4892,5.5012,-330.5870,0.451807
-261.4756,5.5012,-330.9195,0.451875
-261.4615,5.5012,-331.2147,0.451935
-261.4434,5.5012,-331.5463,0.452003
-261.4229,5.5012,-331.8772,0.452070
-261.4028,5.5012,-332.1707,0.452126
-261.3777,5.5012,-332.5003,0.452195
-261.3503,5.5012,-332.8290,0.452263
-261.3240,5.5012,-333.1206,0.452321
-261.2921,5.5012,-333.4479,0.452388
-261.2577,5.5012,-333.7744,0.452456
-261.2209,5.5012,-334.1000,0.452523
-261.1818,5.5012,-334.4249,0.452587
-261.1400,5.5012,-334.7489,0.452654
-261.1007,5.5012,-335.0362,0.452709
-261.0542,5.5012,-335.3586,0.452776
-261.0049,5.5012,-335.6801,0.452841
-260.9528,5.5012,-336.0007,0.452905
-260.8979,5.5012,-336.3204,0.452969
-260.8402,5.5012,-336.6392,0.453033
-260.7796,5.5012,-336.9569,0.453097
-260.7160,5.5012,-337.2736,0.453165
-260.6569,5.5012,-337.5542,0.453216
-260.5877,5.5012,-337.8687,0.453280
-260.5155,5.5012,-338.1820,0.453342
-260.4404,5.5012,-338.4941,0.453409
-260.3626,5.5012,-338.8050,0.453468
-260.2820,5.5012,-339.1145,0.453529
-260.1987,5.5012,-339.4227,0.453588
-260.1127,5.5012,-339.7295,0.453654
-260.0340,5.5012,-340.0010,0.453712
-259.9431,5.5012,-340.3053,0.453772
-259.8494,5.5012,-340.6081,0.453833
-259.7641,5.5012,-340.8761,0.453888
-259.6657,5.5012,-341.1762,0.453951
-259.5648,5.5012,-341.4749,0.454009
-259.4615,5.5012,-341.7720,0.454068
-259.3676,5.5012,-342.0349,0.454120
-259.2598,5.5012,-342.3292,0.454180
-259.1496,5.5012,-342.6220,0.454243
-259.0371,5.5012,-342.9133,0.454304
-258.9223,5.5012,-343.2031,0.454360
-258.8053,5.5012,-343.4913,0.454418
-258.6859,5.5012,-343.7780,0.454478
-258.5780,5.5012,-344.0315,0.454530
-258.4543,5.5012,-344.3153,0.454588
-258.3426,5.5012,-344.5661,0.454639
-258.2147,5.5012,-344.8468,0.454698
-258.0992,5.5012,-345.0950,0.454753
-257.9670,5.5012,-345.3726,0.454812
-257.8478,5.5012,-345.6179,0.454867
-257.7116,5.5012,-345.8925,0.454916
-257.5732,5.5012,-346.1653,0.454975
-257.4326,5.5012,-346.4363,0.455030
-257.2899,5.5012,-346.7057,0.455091
-257.1451,5.5012,-346.9733,0.455148
-256.9980,5.5012,-347.2392,0.455201
-256.8656,5.5012,-347.4741,0.455253
-256.7145,5.5012,-347.7365,0.455311
-256.5784,5.5012,-347.9683,0.455361
-256.4233,5.5012,-348.2274,0.455420
-256.2837,5.5012,-348.4560,0.455472
-256.1247,5.5012,-348.7115,0.455527
-255.9637,5.5012,-348.9651,0.455581
-255.8008,5.5012,-349.2168,0.455631
-255.6543,5.5012,-349.4389,0.455685
-255.4877,5.5012,-349.6870,0.455738
-255.3192,5.5012,-349.9332,0.455793
-255.1488,5.5012,-350.1774,0.455851
-254.9958,5.5012,-350.3929,0.455900
-254.8219,5.5012,-350.6334,0.455954
-254.6463,5.5012,-350.8719,0.456010
-254.4886,5.5012,-351.0824,0.456056
-254.3096,5.5012,-351.3172,0.456114
-254.1490,5.5012,-351.5243,0.456159
-253.9668,5.5012,-351.7553,0.456215
-253.7828,5.5012,-351.9844,0.456264
-253.6179,5.5012,-352.1863,0.456314
-253.4308,5.5012,-352.4116,0.456369
-253.2420,5.5012,-352.6348,0.456419
-253.0729,5.5012,-352.8315,0.456469
-252.8812,5.5012,-353.0508,0.456522
-252.6879,5.5012,-353.2682,0.456578
-252.4931,5.5012,-353.4834,0.456625
-252.2966,5.5012,-353.6966,0.456680
-252.0986,5.5012,-353.9077,0.456734
-251.9213,5.5012,-354.0935,0.456779
-251.7202,5.5012,-354.3006,0.456834
-251.5175,5.5012,-354.5054,0.456885
-251.3129,5.5012,-354.7080,0.456937
-251.1065,5.5012,-354.9083,0.456988
-250.8982,5.5012,-355.1060,0.457033
-250.6880,5.5012,-355.3013,0.457090
-250.4757,5.5012,-355.4939,0.457143
-250.2614,5.5012,-355.6838,0.457195
-250.0208,5.5012,-355.8915,0.457248
-249.8021,5.5012,-356.0755,0.457303
-249.5814,5.5012,-356.2564,0.457353
-249.3586,5.5012,-356.4344,0.457408
-249.1337,5.5012,-356.6092,0.457463
-248.9068,5.5012,-356.7808,0.457503
-248.7035,5.5012,-356.9307,0.457554
-248.4729,5.5012,-357.0962,0.457602
-248.2146,5.5012,-357.2762,0.457655
-248.0063,5.5012,-357.4172,0.457698
-247.7705,5.5012,-357.5728,0.457750
-247.5330,5.5012,-357.7249,0.457802
-247.3206,5.5012,-357.8575,0.457850
-247.0804,5.5012,-358.0034,0.457900
-246.8387,5.5012,-358.1460,0.457944
-246.5957,5.5012,-358.2853,0.457995
-246.3513,5.5012,-358.4213,0.458047
-246.1057,5.5012,-358.5539,0.458100
-245.8863,5.5012,-358.6689,0.458138
-245.6384,5.5012,-358.7952,0.458184
-245.3894,5.5012,-358.9181,0.458236
-245.1671,5.5012,-359.0245,0.458279
-244.9161,5.5012,-359.1411,0.458327
-244.6641,5.5012,-359.2544,0.458375
-244.4112,5.5012,-359.3642,0.458425
-244.1856,5.5012,-359.4590,0.458468
-243.9310,5.5012,-359.5625,0.458518
-243.6756,5.5012,-359.6627,0.458563
-243.4195,5.5012,-359.7596,0.458614
-243.1627,5.5012,-359.8531,0.458661
-242.9052,5.5012,-359.9433,0.458709
-242.6758,5.5012,-360.0207,0.458753
-242.4171,5.5012,-360.1046,0.458798
-242.1579,5.5012,-360.1852,0.458843
-241.9271,5.5012,-360.2541,0.458883
-241.6669,5.5012,-360.3284,0.458934
-241.4064,5.5012,-360.3995,0.458979
-241.1454,5.5012,-360.4672,0.459027
-240.8842,5.5012,-360.5317,0.459076
-240.6516,5.5012,-360.5862,0.459115
-240.3898,5.5012,-360.6444,0.459161
-240.1278,5.5012,-360.6994,0.459209
-239.8655,5.5012,-360.7512,0.459255
-239.6031,5.5012,-360.7997,0.459300
-239.3407,5.5012,-360.8449,0.459349
-239.0781,5.5012,-360.8870,0.459396
-238.8448,5.5012,-360.9217,0.459437
-238.5822,5.5012,-360.9577,0.459483
-238.3197,5.5012,-360.9906,0.459533
-238.0865,5.5012,-361.0172,0.459574
-237.8242,5.5012,-361.0442,0.459618
-237.5622,5.5012,-361.0680,0.459664
-237.3003,5.5012,-361.0888,0.459713
-237.0387,5.5012,-361.1065,0.459761
-236.7773,5.5012,-361.1211,0.459807
-236.5452,5.5012,-361.1315,0.459846
-236.2844,5.5012,-361.1403,0.459894
-235.9951,5.5012,-361.1466,0.459946
-235.7351,5.5012,-361.1492,0.459989
-235.5045,5.5012,-361.1489,0.460035
-235.2454,5.5012,-361.1459,0.460078
-234.9869,5.5012,-361.1400,0.460127
-234.7290,5.5012,-361.1313,0.460176
-234.4716,5.5012,-361.1199,0.460221
-234.2150,5.5012,-361.1058,0.460268
-233.9590,5.5012,-361.0891,0.460314
-233.7038,5.5012,-361.0699,0.460357
-233.4493,5.5012,-361.0483,0.460403
-233.1955,5.5012,-361.0244,0.460450
-232.9424,5.5012,-360.9984,0.460495
-232.6900,5.5012,-360.9703,0.460541
-232.4101,5.5012,-360.9369,0.460588
-232.1588,5.5012,-360.9050,0.460635
-231.9079,5.5012,-360.8715,0.460676
-231.6575,5.5012,-360.8364,0.460729
-231.4074,5.5012,-360.7997,0.460772
-231.1855,5.5012,-360.7658,0.460811
-230.9362,5.5012,-360.7263,0.460854
-230.6872,5.5012,-360.6853,0.460908
-230.4386,5.5012,-360.6429,0.460949
-230.1903,5.5012,-360.5990,0.460998
-229.9422,5.5012,-360.5534,0.461042
-229.7219,5.5012,-360.5116,0.461086
-229.4744,5.5012,-360.4630,0.461133
-229.2271,5.5012,-360.4126,0.461177
-228.9803,5.5012,-360.3605,0.461222
-228.7336,5.5012,-360.3067,0.461269
-228.4874,5.5012,-360.2512,0.461320
-228.2415,5.5012,-360.1940,0.461366
-227.9959,5.5012,-360.1351,0.461414
-227.7779,5.5012,-360.0813,0.461454
-227.5331,5.5012,-360.0192,0.461499
-227.2886,5.5012,-359.9553,0.461547
-227.0716,5.5012,-359.8971,0.461589
-226.8279,5.5012,-359.8300,0.461640
-226.5846,5.5012,-359.7613,0.461687
-226.3417,5.5012,-359.6908,0.461735
-226.1262,5.5012,-359.6268,0.461778
-225.8841,5.5012,-359.5532,0.461829
-225.6424,5.5012,-359.4778,0.461877
-225.4011,5.5012,-359.4008,0.461924
-225.1603,5.5012,-359.3222,0.461976
-224.9199,5.5012,-359.2418,0.462024
-224.7065,5.5012,-359.1689,0.462063
-224.4669,5.5012,-359.0853,0.462114
-224.2278,5.5012,-358.9999,0.462165
-223.9891,5.5012,-358.9129,0.462218
-223.7773,5.5012,-358.8340,0.462258
-223.5394,5.5012,-358.7437,0.462310
-223.3020,5.5012,-358.6514,0.462359
-223.0649,5.5012,-358.5574,0.462409
-222.8284,5.5012,-358.4615,0.462459
-222.5924,5.5012,-358.3640,0.462510
-222.3569,5.5012,-358.2646,0.462561
-222.1219,5.5012,-358.1635,0.462615
-221.8875,5.5012,-358.0605,0.462658
-221.6795,5.5012,-357.9676,0.462710
-221.4461,5.5012,-357.8615,0.462761
-221.2132,5.5012,-357.7536,0.462812
-220.9810,5.5012,-357.6440,0.462864
-220.7492,5.5012,-357.5329,0.462914
-220.5181,5.5012,-357.4201,0.462966
-220.2875,5.5012,-357.3057,0.463018
-220.0575,5.5012,-357.1898,0.463072
-219.8280,5.5012,-357.0723,0.463122
-219.5991,5.5012,-356.9532,0.463181
-219.3709,5.5012,-356.8327,0.463232
-219.1432,5.5012,-356.7105,0.463284
-218.8908,5.5012,-356.5730,0.463344
-218.6895,5.5012,-356.4617,0.463395
-218.4636,5.5012,-356.3349,0.463448
-218.2383,5.5012,-356.2067,0.463504
-218.0136,5.5012,-356.0769,0.463558
-217.7896,5.5012,-355.9457,0.463613
-217.5662,5.5012,-355.8130,0.463670
-217.3434,5.5012,-355.6788,0.463727
-217.1459,5.5012,-355.5583,0.463775
-216.9243,5.5012,-355.4214,0.463834
-216.7034,5.5012,-355.2831,0.463889
-216.4831,5.5012,-355.1433,0.463947
-216.2635,5.5012,-355.0020,0.464002
-216.0446,5.5013,-354.8592,0.464062
-215.8263,5.5013,-354.7150,0.464119
-215.6088,5.5013,-354.5695,0.464175
-215.3919,5.5013,-354.4225,0.464235
-215.1998,5.5013,-354.2906,0.464287
-214.9842,5.5013,-354.1409,0.464344
-214.7694,5.5013,-353.9898,0.464407
-214.5553,5.5013,-353.8373,0.464464
-214.3420,5.5013,-353.6833,0.464525
-214.1247,5.5061,-353.5329,0.464585
-213.9129,5.5072,-353.3763,0.464642
-213.7019,5.5082,-353.2181,0.464706
-213.4916,5.5092,-353.0585,0.464764
-213.2821,5.5102,-352.8975,0.464825
-213.0733,5.5111,-352.7350,0.464887
-212.8655,5.5120,-352.5710,0.464947
-212.6356,5.5131,-352.3870,0.465015
-212.4526,5.5138,-352.2386,0.465068
-212.2246,5.5148,-352.0515,0.465139
-212.0430,5.5155,-351.9006,0.465195
-211.8167,5.5164,-351.7104,0.465261
-211.6366,5.5172,-351.5571,0.465315
-211.4348,5.5180,-351.3834,0.465378
-211.2339,5.5188,-351.2085,0.465440
-211.0338,5.5196,-351.0324,0.465504
-210.8347,5.5203,-350.8550,0.465567
-210.6144,5.5210,-350.6566,0.465636
-210.4173,5.5215,-350.4767,0.465700
-210.1991,5.5221,-350.2757,0.465767
-210.0034,5.5225,-350.0938,0.465834
-209.8084,5.5229,-349.9110,0.465899
-209.6141,5.5234,-349.7276,0.465963
-209.4204,5.5239,-349.5435,0.466029
-209.2272,5.5244,-349.3588,0.466093
-209.0345,5.5248,-349.1736,0.466157
-208.8422,5.5252,-348.9878,0.466222
-208.6504,5.5256,-348.8016,0.466288
-208.4588,5.5260,-348.6149,0.466360
-208.2676,5.5264,-348.4279,0.466419
-208.0554,5.5268,-348.2196,0.466492
-207.8648,5.5272,-348.0316,0.466560
-207.6744,5.5275,-347.8433,0.466624
-207.4842,5.5279,-347.6545,0.466691
-207.2942,5.5282,-347.4652,0.466756
-207.1044,5.5285,-347.2753,0.466824
-206.9150,5.5288,-347.0849,0.466891
-206.7258,5.5291,-346.8938,0.466957
-206.5369,5.5293,-346.7022,0.467025
-206.3692,5.5295,-346.5313,0.467084
-206.1808,5.5297,-346.3385,0.467151
-205.9927,5.5299,-346.1452,0.467216
-205.8047,5.5301,-345.9513,0.467285
-205.6170,5.5303,-345.7568,0.467353
-205.4087,5.5305,-345.5400,0.467429
-205.2212,5.5306,-345.3443,0.467496
-205.0340,5.5308,-345.1479,0.467564
-204.8261,5.5309,-344.9291,0.467639
-204.6391,5.5310,-344.7314,0.467708
-204.4523,5.5311,-344.5331,0.467776
-204.2864,5.5312,-344.3564,0.467837
-204.0998,5.5312,-344.1568,0.467907
-203.9135,5.5313,-343.9567,0.467975
-203.7273,5.5314,-343.7558,0.468043
-203.5412,5.5315,-343.5544,0.468113
-203.3553,5.5317,-343.3524,0.468181
-203.1694,5.5318,-343.1498,0.468252
-202.9836,5.5319,-342.9466,0.468320
-202.7978,5.5319,-342.7429,0.468390
-202.6120,5.5320,-342.5387,0.468461
-202.4262,5.5321,-342.3338,0.468529
-202.2194,5.5321,-342.1057,0.468609
-202.0330,5.5321,-341.8998,0.468678
-201.8463,5.5321,-341.6935,0.468748
-201.6593,5.5321,-341.4865,0.468819
-201.4721,5.5322,-341.2789,0.468889
-201.2847,5.5322,-341.0707,0.468959
-201.0969,5.5322,-340.8619,0.469031
-200.9088,5.5322,-340.6524,0.469101
-200.7204,5.5321,-340.4424,0.469173
-200.5526,5.5321,-340.2550,0.469236
-200.3635,5.5321,-340.0437,0.469309
-200.1741,5.5321,-339.8317,0.469381
-199.9844,5.5321,-339.6189,0.469453
-199.7944,5.5320,-339.4055,0.469523
-199.5829,5.5320,-339.1676,0.469605
-199.4133,5.5319,-338.9767,0.469670
-199.2223,5.5318,-338.7614,0.469741
-199.0307,5.5316,-338.5453,0.469815
-198.8387,5.5314,-338.3286,0.469888
-198.6677,5.5312,-338.1353,0.469954
-198.4749,5.5310,-337.9173,0.470027
-198.2815,5.5308,-337.6984,0.470102
-198.0874,5.5306,-337.4788,0.470176
-197.8928,5.5304,-337.2584,0.470251
-197.6975,5.5302,-337.0370,0.470325
-197.5014,5.5301,-336.8150,0.470402
-197.3046,5.5299,-336.5921,0.470475
-197.1069,5.5297,-336.3685,0.470551
-196.8861,5.5296,-336.1191,0.470637
-196.6865,5.5294,-335.8937,0.470713
-196.5083,5.5293,-335.6926,0.470781
-196.3070,5.5291,-335.4655,0.470859
-196.1048,5.5289,-335.2373,0.470936
-195.9018,5.5288,-335.0082,0.471014
-195.6979,5.5286,-334.7782,0.471093
-195.5160,5.5285,-334.5729,0.471162
-195.3106,5.5283,-334.3410,0.471241
-195.1044,5.5281,-334.1081,0.471320
-194.8973,5.5280,-333.8743,0.471399
-194.7125,5.5278,-333.6656,0.471470
-194.4806,5.5276,-333.4036,0.471559
-194.2710,5.5274,-333.1668,0.471640
-194.0604,5.5273,-332.9292,0.471721
-193.8491,5.5272,-332.6904,0.471802
-193.6605,5.5271,-332.4774,0.471875
-193.4476,5.5270,-332.2368,0.471957
-193.2339,5.5269,-331.9953,0.472039
-193.0433,5.5268,-331.7798,0.472113
-192.8280,5.5267,-331.5364,0.472195
-192.6118,5.5265,-331.2921,0.472278
-192.3948,5.5264,-331.0468,0.472361
-192.2013,5.5263,-330.8279,0.472435
-191.9827,5.5262,-330.5808,0.472519
-191.7633,5.5260,-330.3328,0.472603
-191.5431,5.5259,-330.0838,0.472688
-191.3220,5.5257,-329.8338,0.472773
-191.1001,5.5255,-329.5829,0.472858
-190.8773,5.5254,-329.3311,0.472945
-190.6537,5.5252,-329.0782,0.473031
-190.4292,5.5251,-328.8245,0.473117
-190.2039,5.5249,-328.5699,0.473204
-190.0029,5.5248,-328.3428,0.473282
-189.7760,5.5246,-328.0865,0.473368
-189.5483,5.5245,-327.8292,0.473455
-189.3197,5.5243,-327.5711,0.473543
-189.0902,5.5242,-327.3120,0.473631
-188.8856,5.5240,-327.0809,0.473709
-188.6546,5.5239,-326.8202,0.473798
-188.4228,5.5237,-326.5586,0.473887
-188.1903,5.5235,-326.2963,0.473977
-187.9570,5.5231,-326.0331,0.474066
-187.7230,5.5228,-325.7691,0.474157
-187.4882,5.5225,-325.5044,0.474247
-187.2526,5.5222,-325.2389,0.474338
-187.0424,5.5219,-325.0023,0.474419
-186.8055,5.5215,-324.7354,0.474509
-186.5675,5.5212,-324.4677,0.474600
-186.3288,5.5208,-324.1992,0.474693
-186.0893,5.5204,-323.9299,0.474784
-185.8492,5.5200,-323.6596,0.474876
-185.6082,5.5198,-323.3885,0.474968
-185.3667,5.5195,-323.1165,0.475061
-185.1245,5.5193,-322.8438,0.475154
-184.8815,5.5191,-322.5700,0.475246
-184.6379,5.5189,-322.2956,0.475340
-184.3935,5.5187,-322.0203,0.475434
-184.1756,5.5185,-321.7749,0.475517
-183.9299,5.5183,-321.4980,0.475612
-183.6559,5.5181,-321.1895,0.475719
-183.4363,5.5180,-320.9419,0.475802
-183.1884,5.5178,-320.6625,0.475898
-182.9400,5.5177,-320.3824,0.475994
-182.6908,5.5175,-320.1014,0.476088
-182.4456,5.5005,-319.8154,0.476185
-182.2227,5.5005,-319.5647,0.476271
-181.9704,5.5005,-319.2825,0.476367
-181.6891,5.5005,-318.9681,0.476475
-181.4360,5.5005,-318.6838,0.476572
-181.1827,5.5005,-318.3983,0.476670
-180.9001,5.5004,-318.0804,0.476779
-180.6725,5.5005,-317.8256,0.476865
-180.4158,5.5007,-317.5382,0.476964
-180.1588,5.5008,-317.2498,0.477062
-179.9016,5.5007,-316.9601,0.477161
-179.6441,5.5007,-316.6696,0.477261
-179.3860,5.5007,-316.3783,0.477359
-179.1270,5.5007,-316.0864,0.477460
-178.8671,5.5006,-315.7939,0.477559
-178.5773,5.5006,-315.4683,0.477670
-178.3157,5.5006,-315.1744,0.477771
-178.0534,5.5005,-314.8800,0.477872
-177.7904,5.5005,-314.5848,0.477972
-177.5265,5.5005,-314.2890,0.478074
-177.2323,5.5005,-313.9595,0.478187
-176.9667,5.5004,-313.6623,0.478289
-176.7002,5.5004,-313.3645,0.478391
-176.4628,5.5004,-313.0993,0.478483
-176.1948,5.5004,-312.8002,0.478584
-175.9261,5.5003,-312.5006,0.478686
-175.6564,5.5003,-312.2003,0.478789
-175.4161,5.5003,-311.9328,0.478881
-175.1450,5.5003,-311.6313,0.478983
-174.8730,5.5002,-311.3293,0.479088
-174.6003,5.5002,-311.0266,0.479193
-174.2967,5.5002,-310.6890,0.479308
-174.0222,5.5003,-310.3849,0.479414
-173.7469,5.5003,-310.0803,0.479518
-173.4707,5.5003,-309.7751,0.479623
-173.1937,5.5004,-309.4693,0.479728
-172.9158,5.5004,-309.1629,0.479834
-172.6370,5.5004,-308.8560,0.479940
-172.3884,5.5005,-308.5826,0.480034
-172.1080,5.5005,-308.2746,0.480141
-171.8266,5.5005,-307.9659,0.480247
-171.5443,5.5006,-307.6567,0.480354
-171.2612,5.5006,-307.3469,0.480461
-170.9770,5.5006,-307.0364,0.480568
-170.6919,5.5007,-306.7255,0.480676
-170.4059,5.5007,-306.4139,0.480784
-170.1187,5.5007,-306.1018,0.480891
-169.7985,5.5008,-305.7544,0.481012
-169.5092,5.5008,-305.4411,0.481121
-169.2188,5.5008,-305.1275,0.481230
-168.9273,5.5008,-304.8134,0.481340
-168.6346,5.5009,-304.4988,0.481449
-168.3408,5.5009,-304.1839,0.481560
-168.0787,5.5009,-303.9036,0.481657
-167.7827,5.5009,-303.5879,0.481767
-167.4855,5.5010,-303.2719,0.481877
-167.1870,5.5010,-302.9555,0.481988
-166.8874,5.5010,-302.6386,0.482100
-166.5866,5.5010,-302.3215,0.482211
-166.2846,5.5010,-302.0039,0.482324
-165.9813,5.5010,-301.6859,0.482437
-165.6768,5.5011,-301.3675,0.482550
-165.3712,5.5011,-301.0486,0.482662
-165.0644,5.5011,-300.7291,0.482776
-164.7565,5.5011,-300.4091,0.482889
-164.4476,5.5011,-300.0885,0.483003
-164.1721,5.5011,-299.8029,0.483104
-163.8612,5.5011,-299.4809,0.483218
-163.5494,5.5011,-299.1581,0.483333
-163.2366,5.5012,-298.8347,0.483447
-162.9229,5.5012,-298.5105,0.483563
-162.6082,5.5012,-298.1855,0.483677
-162.2926,5.5012,-297.8598,0.483793
-161.9761,5.5012,-297.5332,0.483910
-161.6588,5.5012,-297.2058,0.484025
-161.3408,5.5012,-296.8774,0.484141
-161.0220,5.5012,-296.5482,0.484258
-160.7025,5.5012,-296.2180,0.484376
-160.3822,5.5013,-295.8870,0.484493
-160.0254,5.5013,-295.5182,0.484624
-159.7036,5.5013,-295.1854,0.484742
-159.3810,5.5013,-294.8518,0.484860
-159.0573,5.5013,-294.5176,0.484979
-158.6971,5.5013,-294.1451,0.485111
-158.3722,5.5013,-293.8091,0.485230
-158.0102,5.5013,-293.4349,0.485361
-157.6835,5.5013,-293.0974,0.485480
-157.3559,5.5013,-292.7593,0.485601
-156.9910,5.5013,-292.3828,0.485734
-156.6616,5.5013,-292.0433,0.485855
-156.3314,5.5013,-291.7032,0.485977
-156.0371,5.5013,-291.4004,0.486085
-155.7051,5.5013,-291.0591,0.486206
-155.3723,5.5013,-290.7172,0.486328
-155.0757,5.5013,-290.4128,0.486436
-154.7412,5.5013,-290.0697,0.486559
-154.4057,5.5013,-289.7260,0.486681
-154.1068,5.5013,-289.4200,0.486789
-153.7697,5.5013,-289.0751,0.486913
-153.4692,5.5013,-288.7681,0.487023
-153.1303,5.5013,-288.4221,0.487146
-152.7905,5.5013,-288.0756,0.487269
-152.4876,5.5013,-287.7670,0.487381
-152.1461,5.5013,-287.4193,0.487504
-151.8036,5.5013,-287.0710,0.487629
-151.4602,5.5013,-286.7221,0.487754
-151.1542,5.5013,-286.4114,0.487865
-150.8091,5.5013,-286.0614,0.487990
-150.5015,5.5013,-285.7498,0.488102
-150.1547,5.5013,-285.3986,0.488229
-149.8069,5.5013,-285.0468,0.488354
-149.4971,5.5013,-284.7336,0.488467
-149.1476,5.5013,-284.3806,0.488593
-148.7973,5.5013,-284.0270,0.488720
-148.4461,5.5013,-283.6727,0.488847
-148.0941,5.5013,-283.3177,0.488975
-147.7412,5.5013,-282.9621,0.489103
-147.3876,5.5013,-282.6058,0.489230
-147.0725,5.5013,-282.2885,0.489345
-146.7172,5.5013,-281.9309,0.489473
-146.4008,5.5013,-281.6126,0.489587
-146.0439,5.5013,-281.2538,0.489715
-145.6863,5.5013,-280.8943,0.489844
-145.3677,5.5013,-280.5743,0.489960
-145.0085,5.5013,-280.2137,0.490088
-144.6485,5.5013,-279.8524,0.490220
-144.2876,5.5013,-279.4905,0.490351
-143.9662,5.5013,-279.1682,0.490467
-143.6039,5.5013,-278.8050,0.490599
-143.2408,5.5013,-278.4410,0.490729
-142.8769,5.5013,-278.0764,0.490860
-142.5122,5.5013,-277.7111,0.490992
-142.1467,5.5013,-277.3450,0.491123
-141.8213,5.5013,-277.0191,0.491240
-141.4545,5.5013,-276.6517,0.491373
-141.0870,5.5013,-276.2835,0.491506
-140.7596,5.5013,-275.9557,0.491623
-140.3907,5.5013,-275.5862,0.491757
-139.9800,5.5013,-275.1747,0.491904
-139.6096,5.5013,-274.8036,0.492038
-139.2798,5.5013,-274.4732,0.492157
-138.9081,5.5013,-274.1008,0.492292
-138.5358,5.5013,-273.7277,0.492426
-138.1628,5.5013,-273.3539,0.492560
-137.7893,5.5013,-272.9795,0.492695
-137.4152,5.5013,-272.6045,0.492830
-137.0405,5.5013,-272.2288,0.492965
-136.7070,5.5013,-271.8943,0.493085
-136.3314,5.5013,-271.5175,0.493221
-135.9553,5.5013,-271.1401,0.493357
-135.5368,5.5013,-270.7200,0.493508
-135.2016,5.5013,-270.3834,0.493628
-134.8239,5.5013,-270.0042,0.493765
-134.4458,5.5013,-269.6243,0.493902
-134.1093,5.5013,-269.2862,0.494023
-133.7302,5.5013,-268.9052,0.494160
-133.3506,5.5013,-268.5236,0.494296
-133.0128,5.5013,-268.1839,0.494419
-132.6323,5.5013,-267.8012,0.494556
-132.2513,5.5013,-267.4179,0.494695
-131.8698,5.5013,-267.0340,0.494832
-131.5303,5.5013,-266.6923,0.494954
-131.1479,5.5013,-266.3073,0.495093
-130.7651,5.5013,-265.9216,0.495231
-130.3817,5.5013,-265.5355,0.495369
-130.0406,5.5013,-265.1917,0.495492
-129.6563,5.5013,-264.8044,0.495630
-129.2716,5.5013,-264.4164,0.495770
-128.9292,5.5013,-264.0711,0.495895
-128.5435,5.5013,-263.6821,0.496034
-128.1575,5.5013,-263.2925,0.496175
-127.7709,5.5013,-262.9023,0.496315
-127.4268,5.5013,-262.5550,0.496439
-127.0394,5.5013,-262.1637,0.496579
-126.6515,5.5013,-261.7718,0.496719
-126.2631,5.5013,-261.3793,0.496860
-125.8743,5.5013,-260.9864,0.497000
-125.5283,5.5013,-260.6365,0.497126
-125.1819,5.5013,-260.2863,0.497252
-124.7918,5.5013,-259.8917,0.497393
-124.4011,5.5013,-259.4965,0.497535
-124.0536,5.5013,-259.1448,0.497660
-123.6186,5.5013,-258.7045,0.497818
-123.2701,5.5013,-258.3518,0.497945
-122.8777,5.5013,-257.9545,0.498087
-122.4849,5.5013,-257.5567,0.498230
-122.0915,5.5013,-257.1583,0.498372
-121.6977,5.5013,-256.7596,0.498514
-121.3033,5.5013,-256.3604,0.498657
-120.9522,5.5013,-256.0052,0.498785
-120.5568,5.5013,-255.6052,0.498928
-120.1608,5.5013,-255.2048,0.499072
-119.7642,5.5013,-254.8040,0.499216
-119.3670,5.5013,-254.4028,0.499360
-119.0136,5.5013,-254.0458,0.499487
-118.6154,5.5013,-253.6438,0.499631
-118.2609,5.5013,-253.2860,0.499759
-117.8617,5.5013,-252.8832,0.499904
-117.4618,5.5013,-252.4799,0.500049
-117.0614,5.5013,-252.0762,0.500194
-116.6605,5.5013,-251.6721,0.500339
-116.2590,5.5013,-251.2675,0.500485
-115.8569,5.5013,-250.8625,0.500630
-115.4991,5.5013,-250.5021,0.500759
-115.0960,5.5013,-250.0962,0.500905
-114.7373,5.5013,-249.7350,0.501036
-114.3333,5.5013,-249.3282,0.501181
-113.9287,5.5013,-248.9210,0.501327
-113.5237,5.5013,-248.5133,0.501474
-113.1632,5.5013,-248.1505,0.501604
-112.7571,5.5013,-247.7420,0.501750
-112.3506,5.5013,-247.3329,0.501898
-111.9436,5.5013,-246.9235,0.502045
-111.5813,5.5013,-246.5591,0.502176
-111.1733,5.5013,-246.1488,0.502324
-110.7649,5.5013,-245.7381,0.502471
-110.3559,5.5013,-245.3269,0.502618
-109.9464,5.5013,-244.9153,0.502767
-109.5821,5.5013,-244.5490,0.502898
-109.1717,5.5013,-244.1364,0.503048
-108.7608,5.5013,-243.7235,0.503194
-108.3952,5.5013,-243.3560,0.503326
-107.9834,5.5013,-242.9423,0.503475
-107.5711,5.5013,-242.5280,0.503623
-107.1584,5.5013,-242.1134,0.503773
-106.7910,5.5013,-241.7444,0.503906
-106.3774,5.5013,-241.3289,0.504056
-105.9632,5.5013,-240.9129,0.504205
-105.5947,5.5013,-240.5428,0.504339
-105.1797,5.5013,-240.1260,0.504489
-104.7642,5.5013,-239.7087,0.504639
-104.3945,5.5013,-239.3373,0.504773
-103.9782,5.5013,-238.9191,0.504923
-103.5614,5.5013,-238.5004,0.505073
-103.1906,5.5013,-238.1279,0.505208
-102.7730,5.5013,-237.7083,0.505358
-102.4015,5.5013,-237.3349,0.505492
-101.9831,5.5013,-236.9145,0.505644
-101.5643,5.5013,-236.4935,0.505794
-101.1450,5.5013,-236.0721,0.505946
-100.7720,5.5013,-235.6972,0.506081
-100.3520,5.5013,-235.2749,0.506232
-99.9315,5.5013,-234.8522,0.506384
-99.5106,5.5013,-234.4290,0.506536
-99.1362,5.5013,-234.0524,0.506672
-98.7145,5.5013,-233.6284,0.506824
-98.3393,5.5013,-233.2511,0.506960
-97.9169,5.5013,-232.8262,0.507113
-97.4940,5.5013,-232.4009,0.507265
-97.1177,5.5013,-232.0224,0.507401
-96.6940,5.5013,-231.5963,0.507555
-96.3170,5.5013,-231.2171,0.507689
-95.8925,5.5013,-230.7901,0.507844
-95.5148,5.5013,-230.4102,0.507980
-95.0895,5.5013,-229.9824,0.508133
-94.6637,5.5013,-229.5542,0.508288
-94.2850,5.5013,-229.1732,0.508424
-93.8584,5.5013,-228.7441,0.508579
-93.4315,5.5013,-228.3147,0.508734
-93.0516,5.5013,-227.9325,0.508870
-92.6239,5.5013,-227.5022,0.509025
-92.2434,5.5013,-227.1194,0.509162
-91.8148,5.5013,-226.6883,0.509318
-91.3859,5.5013,-226.2568,0.509473
-91.0043,5.5013,-225.8729,0.509610
-90.6223,5.5013,-225.4886,0.509749
-90.1923,5.5013,-225.0559,0.509904
-89.7618,5.5013,-224.6228,0.510060
-89.3309,5.5013,-224.1893,0.510216
-88.9475,5.5013,-223.8036,0.510354
-88.5159,5.5013,-223.3693,0.510509
-88.0837,5.5013,-222.9346,0.510667
-87.6512,5.5013,-222.4995,0.510823
-87.2664,5.5013,-222.1125,0.510962
-86.8331,5.5013,-221.6768,0.511118
-86.4475,5.5013,-221.2892,0.511257
-86.0133,5.5013,-220.8528,0.511414
-85.5787,5.5013,-220.4161,0.511572
-85.1920,5.5013,-220.0276,0.511710
-84.7564,5.5013,-219.5904,0.511870
-84.3204,5.5013,-219.1528,0.512026
-83.9324,5.5013,-218.7636,0.512165
-83.4954,5.5013,-218.3255,0.512323
-83.0579,5.5013,-217.8871,0.512482
-82.6199,5.5013,-217.4485,0.512640
-82.2302,5.5013,-217.0583,0.512780
-81.7912,5.5013,-216.6190,0.512938
-81.3518,5.5013,-216.1794,0.513097
-80.9608,5.5013,-215.7884,0.513238
-80.5205,5.5013,-215.3482,0.513396
-80.0798,5.5013,-214.9076,0.513555
-79.6876,5.5013,-214.5156,0.513696
-79.2460,5.5013,-214.0743,0.513855
-78.8532,5.5013,-213.6817,0.513997
-78.4108,5.5013,-213.2396,0.514156
-78.0173,5.5013,-212.8464,0.514298
-77.5741,5.5013,-212.4037,0.514457
-77.1799,5.5013,-212.0098,0.514600
-76.7360,5.5013,-211.5664,0.514759
-76.2917,5.5013,-211.1225,0.514919
-75.8471,5.5013,-210.6783,0.515080
-75.4515,5.5013,-210.2831,0.515221
-75.0061,5.5013,-209.8382,0.515381
-74.5603,5.5013,-209.3929,0.515543
-74.1141,5.5013,-208.9472,0.515703
-73.7172,5.5013,-208.5508,0.515847
-73.2704,5.5013,-208.1044,0.516008
-72.8231,5.5013,-207.6576,0.516168
-72.4253,5.5013,-207.2601,0.516312
-71.9773,5.5013,-206.8127,0.516472
-71.5788,5.5013,-206.4146,0.516617
-71.1302,5.5013,-205.9664,0.516777
-70.6812,5.5013,-205.5178,0.516940
-70.2318,5.5013,-205.0689,0.517102
-69.8321,5.5013,-204.6695,0.517246
-69.3820,5.5013,-204.2199,0.517408
-68.9316,5.5013,-203.7699,0.517569
-68.5309,5.5013,-203.3696,0.517713
-68.0798,5.5013,-202.9188,0.517875
-67.6785,5.5013,-202.5178,0.518019
-67.2268,5.5013,-202.0662,0.518185
-66.8250,5.5013,-201.6643,0.518329
-66.3728,5.5013,-201.2116,0.518492
-65.9205,5.5013,-200.7585,0.518655
-65.5182,5.5013,-200.3551,0.518800
-65.0654,5.5013,-199.9009,0.518963
-64.6124,5.5013,-199.4461,0.519127
-64.1088,5.5013,-198.9402,0.519309
-63.7058,5.5013,-198.5350,0.519453
-63.2523,5.5013,-198.0786,0.519619
-62.8490,5.5013,-197.6725,0.519763
-62.3952,5.5013,-197.2151,0.519928
-61.9916,5.5013,-196.8082,0.520074
-61.5374,5.5013,-196.3499,0.520238
-61.0829,5.5013,-195.8912,0.520403
-60.6283,5.5013,-195.4321,0.520567
-60.2239,5.5013,-195.0237,0.520714
-59.7687,5.5013,-194.5639,0.520878
-59.3132,5.5013,-194.1038,0.521044
-58.8575,5.5013,-193.6432,0.521208
-58.4521,5.5013,-193.2335,0.521355
-57.9959,5.5013,-192.7722,0.521520
-57.5393,5.5013,-192.3106,0.521686
-57.0824,5.5013,-191.8486,0.521851
-56.6760,5.5013,-191.4376,0.521999
-56.2185,5.5013,-190.9749,0.522164
-55.8116,5.5013,-190.5633,0.522312
-55.3535,5.5013,-190.1000,0.522478
-54.9461,5.5013,-189.6878,0.522626
-54.4874,5.5013,-189.2238,0.522792
-54.0283,5.5013,-188.7594,0.522958
-53.6201,5.5013,-188.3463,0.523107
-53.1604,5.5013,-187.8813,0.523274
-52.7005,5.5013,-187.4159,0.523440
-52.2402,5.5013,-186.9501,0.523606
-51.7796,5.5013,-186.4841,0.523774
-51.3699,5.5013,-186.0695,0.523922
-50.9087,5.5013,-185.6028,0.524090
-50.4985,5.5013,-185.1876,0.524238
-50.0367,5.5013,-184.7203,0.524405
-49.5233,5.5013,-184.2006,0.524591
-49.0608,5.5013,-183.7325,0.524759
-48.6495,5.5013,-183.3161,0.524908
-48.1865,5.5013,-182.8474,0.525076
-47.7231,5.5013,-182.3783,0.525244
-47.3110,5.5013,-181.9611,0.525393
-46.8470,5.5013,-181.4915,0.525562
-46.3828,5.5013,-181.0215,0.525730
-45.9182,5.5013,-180.5511,0.525899
-45.5050,5.5013,-180.1328,0.526048
-45.0398,5.5013,-179.6619,0.526217
-44.6261,5.5013,-179.2431,0.526367
-44.1603,5.5013,-178.7716,0.526535
-43.7460,5.5013,-178.3523,0.526685
-43.2796,5.5013,-177.8802,0.526855
-42.8129,5.5013,-177.4078,0.527023
-42.3978,5.5013,-176.9877,0.527174
-41.9824,5.5013,-176.5673,0.527324
-41.5148,5.5013,-176.0942,0.527494
-41.0468,5.5013,-175.6207,0.527663
-40.6306,5.5013,-175.1997,0.527815
-40.1619,5.5013,-174.7258,0.527984
-39.6930,5.5013,-174.2516,0.528155
-39.2758,5.5013,-173.8300,0.528306
-38.8061,5.5013,-173.3554,0.528475
-38.2838,5.5013,-172.8278,0.528665
-37.8133,5.5013,-172.3527,0.528834
-37.3949,5.5013,-171.9302,0.528987
-36.9237,5.5013,-171.4547,0.529157
-36.5045,5.5013,-171.0318,0.529309
-36.0327,5.5013,-170.5559,0.529479
-35.6129,5.5013,-170.1327,0.529631
-35.1403,5.5013,-169.6563,0.529802
-34.7198,5.5013,-169.2327,0.529954
-34.2465,5.5013,-168.7559,0.530126
-33.7728,5.5013,-168.2789,0.530297
-33.3514,5.5013,-167.8547,0.530449
-32.8770,5.5013,-167.3773,0.530621
-32.4022,5.5013,-166.8997,0.530792
-31.9799,5.5013,-166.4749,0.530945
-31.5044,5.5013,-165.9969,0.531117
-31.0814,5.5013,-165.5717,0.531269
-30.6052,5.5013,-165.0933,0.531442
-30.1816,5.5013,-164.6678,0.531594
-29.7047,5.5013,-164.1889,0.531767
-29.2274,5.5013,-163.7098,0.531939
-28.8029,5.5013,-163.2837,0.532092
-28.3250,5.5013,-162.8042,0.532265
-27.8999,5.5013,-162.3776,0.532418
-27.4213,5.5013,-161.8975,0.532590
-26.9425,5.5013,-161.4171,0.532764
-26.5166,5.5013,-160.9898,0.532917
-26.0372,5.5013,-160.5088,0.533090
-25.6108,5.5013,-160.0810,0.533244
-25.0776,5.5013,-159.5460,0.533437
-24.5973,5.5013,-159.0641,0.533610
-24.1703,5.5013,-158.6355,0.533764
-23.6895,5.5013,-158.1530,0.533937
-23.2085,5.5013,-157.6703,0.534108
-22.7807,5.5013,-157.2410,0.534277
-22.2992,5.5013,-156.7578,0.534437
-21.8709,5.5013,-156.3280,0.534594
-21.3889,5.5013,-155.8442,0.534768
-20.9066,5.5013,-155.3602,0.534942
-20.4240,5.5013,-154.8759,0.535115
-19.9948,5.5013,-154.4451,0.535271
-19.5117,5.5013,-153.9603,0.535445
-19.0821,5.5013,-153.5292,0.535601
-18.5984,5.5013,-153.0440,0.535775
-18.0606,5.5013,-152.5046,0.535969
-17.6301,5.5013,-152.0728,0.536124
-17.1994,5.5013,-151.6409,0.536280
-16.7145,5.5013,-151.1548,0.536455
-16.2832,5.5013,-150.7225,0.536610
-15.7977,5.5013,-150.2361,0.536785
-15.3119,5.5013,-149.7493,0.536960
-14.8798,5.5013,-149.3165,0.537116
-14.3934,5.5013,-148.8295,0.537292
-13.9066,5.5013,-148.3421,0.537467
-13.4737,5.5013,-147.9088,0.537623
-12.9863,5.5013,-147.4211,0.537799
-12.5528,5.5013,-146.9875,0.537955
-12.0106,5.5013,-146.4452,0.538150
-11.5222,5.5013,-145.9569,0.538326
-11.0879,5.5013,-145.5227,0.538483
-10.5989,5.5013,-145.0340,0.538659
-10.0552,5.5013,-144.4908,0.538854
-9.6200,5.5013,-144.0560,0.539012
-9.1845,5.5013,-143.6211,0.539168
-8.6943,5.5013,-143.1316,0.539345
-8.2038,5.5013,-142.6418,0.539521
-7.7131,5.5013,-142.1518,0.539698
-7.2766,5.5013,-141.7160,0.539855
-6.7853,5.5013,-141.2256,0.540032
-6.3484,5.5013,-140.7894,0.540190
-5.8019,5.5013,-140.2439,0.540385
-5.3645,5.5013,-139.8073,0.540543
-4.8722,5.5013,-139.3159,0.540720
-4.4343,5.5013,-138.8789,0.540878
-3.9415,5.5013,-138.3870,0.541055
-3.5031,5.5013,-137.9496,0.541213
-3.0098,5.5013,-137.4572,0.541390
-2.5163,5.5013,-136.9645,0.541568
-2.0773,5.5013,-136.5263,0.541725
-1.5834,5.5013,-136.0331,0.541904
-1.0892,5.5013,-135.5395,0.542082
-0.6498,5.5013,-135.1005,0.542240
-0.1553,5.5013,-134.6064,0.542417
0.2845,5.5013,-134.1669,0.542576
0.7793,5.5013,-133.6721,0.542755
1.2744,5.5013,-133.1770,0.542932
1.7146,5.5013,-132.7367,0.543091
2.2100,5.5013,-132.2410,0.543271
2.6505,5.5013,-131.8001,0.543428
3.1461,5.5013,-131.3038,0.543608
3.5869,5.5013,-130.8624,0.543766
4.0829,5.5013,-130.3655,0.543945
4.5239,5.5013,-129.9235,0.544104
5.0202,5.5013,-129.4260,0.544286
5.5167,5.5013,-128.9283,0.544464
6.0133,5.5013,-128.4302,0.544643
6.4549,5.5013,-127.9873,0.544800
6.9519,5.5013,-127.4887,0.544980
7.3939,5.5013,-127.0453,0.545138
7.8912,5.5013,-126.5462,0.545318
8.3335,5.5013,-126.1024,0.545477
8.8312,5.5013,-125.6028,0.545657
9.2738,5.5013,-125.1585,0.545816
9.7166,5.5013,-124.7141,0.545976
10.2149,5.5013,-124.2138,0.546157
10.7133,5.5013,-123.7134,0.546336
11.2118,5.5013,-123.2127,0.546517
11.6551,5.5013,-122.7677,0.546677
12.1537,5.5013,-122.2669,0.546857
12.6522,5.5013,-121.7662,0.547036
13.0951,5.5013,-121.3214,0.547196
13.6482,5.5013,-120.7659,0.547396
14.1455,5.5013,-120.2664,0.547575
14.6422,5.5013,-119.7675,0.547754
15.1384,5.5013,-119.2691,0.547933
15.5788,5.5013,-118.8267,0.548093
16.0733,5.5013,-118.3299,0.548271
16.5668,5.5013,-117.8342,0.548449
17.0045,5.5013,-117.3946,0.548608
17.4957,5.5013,-116.9012,0.548785
17.9858,5.5013,-116.4089,0.548964
18.4204,5.5013,-115.9723,0.549119
18.9082,5.5013,-115.4823,0.549294
19.3948,5.5013,-114.9934,0.549470
19.8803,5.5013,-114.5057,0.549645
20.4184,5.5013,-113.9651,0.549839
20.8478,5.5013,-113.5337,0.549994
21.3298,5.5013,-113.0495,0.550168
21.7573,5.5013,-112.6201,0.550322
22.2372,5.5013,-112.1381,0.550496
22.7159,5.5013,-111.6574,0.550667
23.1405,5.5013,-111.2313,0.550822
23.6170,5.5013,-110.7531,0.550992
24.0925,5.5013,-110.2762,0.551164
24.5141,5.5013,-109.8534,0.551317
24.9874,5.5013,-109.3790,0.551486
25.4596,5.5013,-108.9058,0.551657
25.9306,5.5013,-108.4340,0.551829
26.3484,5.5013,-108.0157,0.551978
26.8175,5.5013,-107.5462,0.552149
27.2336,5.5013,-107.1300,0.552298
27.6489,5.5013,-106.7147,0.552446
28.1152,5.5013,-106.2486,0.552613
28.5805,5.5013,-105.7838,0.552781
28.9933,5.5013,-105.3717,0.552930
29.4568,5.5013,-104.9093,0.553096
29.9194,5.5013,-104.4481,0.553263
30.3298,5.5013,-104.0393,0.553411
30.7906,5.5013,-103.5805,0.553577
31.2506,5.5013,-103.1231,0.553742
31.7096,5.5013,-102.6669,0.553906
32.1678,5.5013,-102.2120,0.554070
32.5744,5.5013,-101.8088,0.554216
33.0310,5.5013,-101.3564,0.554381
33.4361,5.5013,-100.9554,0.554527
33.8912,5.5013,-100.5056,0.554691
34.3455,5.5013,-100.0572,0.554853
34.7486,5.5013,-99.6599,0.554998
35.2015,5.5013,-99.2142,0.555158
35.6034,5.5013,-98.8194,0.555301
36.0549,5.5013,-98.3767,0.555461
36.5055,5.5013,-97.9354,0.555623
36.9554,5.5013,-97.4957,0.555782
37.3547,5.5013,-97.1062,0.555925
37.8529,5.5013,-96.6209,0.556103
38.2509,5.5013,-96.2341,0.556244
38.6978,5.5013,-95.8003,0.556405
39.1440,5.5013,-95.3683,0.556563
39.5399,5.5013,-94.9856,0.556704
39.9844,5.5013,-94.5566,0.556862
40.3787,5.5013,-94.1767,0.556999
40.8214,5.5013,-93.7509,0.557156
41.2632,5.5013,-93.3267,0.557312
41.7039,5.5013,-92.9042,0.557468
42.0947,5.5013,-92.5300,0.557607
42.5334,5.5013,-92.1105,0.557761
42.9710,5.5013,-91.6927,0.557915
43.3591,5.5013,-91.3226,0.558051
43.7947,5.5013,-90.9078,0.558207
44.2293,5.5013,-90.4945,0.558358
44.6146,5.5013,-90.1286,0.558495
45.0953,5.5013,-89.6727,0.558662
45.5269,5.5013,-89.2638,0.558814
45.9578,5.5013,-88.8562,0.558964
46.3880,5.5013,-88.4497,0.559116
46.8175,5.5013,-88.0443,0.559267
47.2461,5.5014,-87.6401,0.559417
47.6741,5.5014,-87.2369,0.559567
48.0538,5.5014,-86.8795,0.559700
48.4802,5.5014,-86.4783,0.559850
48.9058,5.5014,-86.0782,0.559998
49.3306,5.5014,-85.6791,0.560148
49.7546,5.5014,-85.2810,0.560296
50.1308,5.5014,-84.9280,0.560431
50.5533,5.5014,-84.5318,0.560576
50.9281,5.5014,-84.1805,0.560707
51.3489,5.5014,-83.7863,0.560853
51.7222,5.5014,-83.4367,0.560984
52.1412,5.5014,-83.0446,0.561130
52.5591,5.5014,-82.6536,0.561276
52.9760,5.5014,-82.2639,0.561423
53.3455,5.5014,-81.9186,0.561551
53.7599,5.5014,-81.5313,0.561696
54.1273,5.5015,-81.1882,0.561825
54.5392,5.5015,-80.8034,0.561968
54.9498,5.5015,-80.4201,0.562113
55.3635,5.5064,-80.0430,0.562255
55.7263,5.5069,-79.7054,0.562381
56.1327,5.5074,-79.3268,0.562523
56.4929,5.5078,-78.9914,0.562648
56.8966,5.5083,-78.6153,0.562790
57.2543,5.5088,-78.2823,0.562914
57.6551,5.5093,-77.9090,0.563053
58.0543,5.5098,-77.5371,0.563193
58.4080,5.5102,-77.2074,0.563316
58.7605,5.5107,-76.8786,0.563441
59.1556,5.5111,-76.5099,0.563578
59.5491,5.5116,-76.1424,0.563716
59.9414,5.5122,-75.7759,0.563853
60.3322,5.5127,-75.4101,0.563990
60.7218,5.5132,-75.0449,0.564125
61.1102,5.5136,-74.6803,0.564261
61.4976,5.5140,-74.3162,0.564396
61.8411,5.5144,-73.9930,0.564517
62.2266,5.5148,-73.6301,0.564653
62.6109,5.5153,-73.2676,0.564787
62.9513,5.5156,-72.9458,0.564906
63.3336,5.5157,-72.5843,0.565041
63.7147,5.5159,-72.2235,0.565176
64.0945,5.5162,-71.8632,0.565308
64.4309,5.5165,-71.5436,0.565426
64.8079,5.5168,-71.1849,0.565558
65.1832,5.5171,-70.8270,0.565690
65.5567,5.5174,-70.4701,0.565822
65.9285,5.5177,-70.1142,0.565953
66.2983,5.5180,-69.7593,0.566083
66.6256,5.5183,-69.4448,0.566201
66.9918,5.5186,-69.0917,0.566330
67.3560,5.5189,-68.7396,0.566458
67.7182,5.5192,-68.3884,0.566585
68.0385,5.5195,-68.0770,0.566698
68.3970,5.5197,-67.7276,0.566826
68.7140,5.5199,-67.4179,0.566939
69.0688,5.5202,-67.0703,0.567066
69.4218,5.5204,-66.7236,0.567190
69.7732,5.5206,-66.3776,0.567316
70.1232,5.5207,-66.0321,0.567441
70.4719,5.5209,-65.6873,0.567565
70.8194,5.5211,-65.3429,0.567689
71.1657,5.5212,-64.9992,0.567813
71.4727,5.5213,-64.6943,0.567923
71.8172,5.5214,-64.3518,0.568046
72.1607,5.5216,-64.0100,0.568168
72.5034,5.5217,-63.6690,0.568289
72.8832,5.5218,-63.2909,0.568423
73.1863,5.5219,-62.9890,0.568530
73.5265,5.5220,-62.6499,0.568649
73.8658,5.5221,-62.3115,0.568769
74.1668,5.5222,-62.0112,0.568875
74.5046,5.5223,-61.6739,0.568992
74.8415,5.5224,-61.3372,0.569111
75.1776,5.5225,-61.0011,0.569228
75.5127,5.5226,-60.6659,0.569344
75.8466,5.5227,-60.3316,0.569460
76.1792,5.5227,-59.9983,0.569576
76.4736,5.5228,-59.7031,0.569677
76.8033,5.5229,-59.3723,0.569792
77.1312,5.5229,-59.0428,0.569905
77.4212,5.5230,-58.7512,0.570006
77.7455,5.5230,-58.4245,0.570116
78.0679,5.5231,-58.0992,0.570226
78.3527,5.5231,-57.8113,0.570325
78.6712,5.5231,-57.4888,0.570434
78.9875,5.5231,-57.1677,0.570544
79.3016,5.5231,-56.8483,0.570651
79.6132,5.5230,-56.5305,0.570757
79.9223,5.5230,-56.2144,0.570862
80.2287,5.5229,-55.9002,0.570966
80.5324,5.5229,-55.5879,0.571070
80.8331,5.5227,-55.2774,0.571172
81.1311,5.5225,-54.9690,0.571273
81.4259,5.5223,-54.6628,0.571373
81.6852,5.5221,-54.3924,0.571461
81.9737,5.5218,-54.0905,0.571558
82.2590,5.5216,-53.7907,0.571655
82.5407,5.5214,-53.4932,0.571752
82.8188,5.5211,-53.1980,0.571843
83.0934,5.5209,-52.9050,0.571938
83.3644,5.5206,-52.6141,0.572028
83.6318,5.5203,-52.3254,0.572119
83.8955,5.5200,-52.0386,0.572205
84.1554,5.5196,-51.7538,0.572294
84.4116,5.5192,-51.4708,0.572381
84.6640,5.5188,-51.1897,0.572466
84.9123,5.5184,-50.9100,0.572550
85.1569,5.5179,-50.6314,0.572635
85.3718,5.5174,-50.3839,0.572708
85.6111,5.5168,-50.1050,0.572791
85.8479,5.5161,-49.8256,0.572871
86.0824,5.5153,-49.5452,0.572954
86.3147,5.5144,-49.2638,0.573035
86.5445,5.5134,-48.9813,0.573115
86.7720,5.5124,-48.6975,0.573193
86.9969,5.5113,-48.4124,0.573273
87.2193,5.5101,-48.1260,0.573354
87.4392,5.5088,-47.8382,0.573431
87.6563,5.5075,-47.5489,0.573507
87.8707,5.5061,-47.2581,0.573586
88.0776,5.5036,-46.9613,0.573663
88.2633,5.5013,-46.7005,0.573732
88.4693,5.5013,-46.4056,0.573811
88.6720,5.5013,-46.1090,0.573886
88.8493,5.5013,-45.8440,0.573953
89.0461,5.5013,-45.5447,0.574030
89.2400,5.5012,-45.2441,0.574107
89.4306,5.5012,-44.9426,0.574182
89.6181,5.5012,-44.6401,0.574258
89.8023,5.5012,-44.3364,0.574332
89.9835,5.5012,-44.0317,0.574410
90.1618,5.5012,-43.7260,0.574484
90.3178,5.5012,-43.4536,0.574550
90.4906,5.5012,-43.1463,0.574625
90.6604,5.5012,-42.8382,0.574700
90.8087,5.5012,-42.5636,0.574767
90.9728,5.5012,-42.2538,0.574843
91.1162,5.5012,-41.9779,0.574910
91.2747,5.5012,-41.6667,0.574984
91.4302,5.5012,-41.3547,0.575059
91.5660,5.5012,-41.0769,0.575125
91.7160,5.5012,-40.7636,0.575198
91.8630,5.5012,-40.4497,0.575274
92.0071,5.5012,-40.1351,0.575349
92.1483,5.5012,-39.8200,0.575422
92.2865,5.5012,-39.5042,0.575495
92.4069,5.5012,-39.2230,0.575558
92.5395,5.5012,-38.9061,0.575632
92.6549,5.5012,-38.6240,0.575701
92.7818,5.5012,-38.3061,0.575772
92.9057,5.5012,-37.9877,0.575846
93.0134,5.5012,-37.7042,0.575909
93.1317,5.5012,-37.3849,0.575981
93.2470,5.5012,-37.0652,0.576055
93.3593,5.5012,-36.7451,0.576126
93.4686,5.5012,-36.4245,0.576198
93.5749,5.5012,-36.1036,0.576270
93.6781,5.5012,-35.7823,0.576339
93.7781,5.5011,-35.4606,0.576412
93.8749,5.5009,-35.1383,0.576481
93.9684,5.5008,-34.8156,0.576553
94.0584,5.5007,-34.4923,0.576623
94.1448,5.5006,-34.1686,0.576693
94.2185,5.5002,-33.8808,0.576756
94.2982,5.4999,-33.5563,0.576831
94.3744,5.4996,-33.2317,0.576900
94.4392,5.4993,-32.9430,0.576962
94.5089,5.4990,-32.6180,0.577030
94.5749,5.4984,-32.2932,0.577100
94.6310,5.4979,-32.0041,0.577165
94.6908,5.4974,-31.6789,0.577234
94.7473,5.4970,-31.3538,0.577307
94.8001,5.4963,-31.0291,0.577375
94.8499,5.4955,-30.7039,0.577446
94.8963,5.4949,-30.3792,0.577515
94.9346,5.4944,-30.0906,0.577578
94.9746,5.4936,-29.7665,0.577645
95.0115,5.4926,-29.4420,0.577713
95.0415,5.4920,-29.1540,0.577778
95.0722,5.4914,-28.8303,0.577844
95.0995,5.4904,-28.5073,0.577914
95.1213,5.4895,-28.2198,0.577978
95.1426,5.4888,-27.8971,0.578044
95.1607,5.4881,-27.5752,0.578113
95.1757,5.4870,-27.2533,0.578181
95.1877,5.4862,-26.9317,0.578252
95.1965,5.4856,-26.6109,0.578319
95.2022,5.4846,-26.2909,0.578391
95.2052,5.4838,-25.9709,0.578460
95.2054,5.4832,-25.6870,0.578522
95.2026,5.4825,-25.3327,0.578599
95.1972,5.4817,-25.0138,0.578666
95.1892,5.4811,-24.6949,0.578733
95.1784,5.4806,-24.3762,0.578800
95.1665,5.4802,-24.0928,0.578859
95.1506,5.4799,-23.7741,0.578929
95.1318,5.4795,-23.4554,0.578996
95.1103,5.4793,-23.1369,0.579066
95.0861,5.4791,-22.8185,0.579133
95.0590,5.4791,-22.4999,0.579201
95.0293,5.4793,-22.1818,0.579269
94.9968,5.4794,-21.8638,0.579335
94.9616,5.4796,-21.5460,0.579400
94.9279,5.4799,-21.2632,0.579462
94.8876,5.4808,-20.9459,0.579526
94.8447,5.4814,-20.6290,0.579595
94.7990,5.4820,-20.3123,0.579659
94.7563,5.4826,-20.0311,0.579721
94.7054,5.4842,-19.7142,0.579785
94.6524,5.4856,-19.3989,0.579853
94.5967,5.4869,-19.0836,0.579919
94.5321,5.4884,-18.7339,0.579996
94.4710,5.4908,-18.4191,0.580066
94.4081,5.4930,-18.1053,0.580131
94.3428,5.4952,-17.7920,0.580203
94.2754,5.4974,-17.4792,0.580272
94.2056,5.5003,-17.1664,0.580345
94.1336,5.5038,-16.8539,0.580413
94.0599,5.5076,-16.5423,0.580485
93.9841,5.5114,-16.2311,0.580555
93.9061,5.5153,-15.9200,0.580626
93.8259,5.5191,-15.6089,0.580698
93.7436,5.5230,-15.2978,0.580770
93.6591,5.5268,-14.9868,0.580842
93.5821,5.5302,-14.7103,0.580906
93.4933,5.5340,-14.3992,0.580977
93.3920,5.5382,-14.0537,0.581058
93.2983,5.5420,-13.7428,0.581134
93.2025,5.5459,-13.4319,0.581202
93.1044,5.5497,-13.1212,0.581270
93.0153,5.5530,-12.8449,0.581336
92.9128,5.5568,-12.5342,0.581407
92.8081,5.5606,-12.2237,0.581480
92.7010,5.5644,-11.9133,0.581551
92.6039,5.5678,-11.6378,0.581617
92.4926,5.5716,-11.3283,0.581692
92.3790,5.5753,-11.0192,0.581762
92.2632,5.5791,-10.7106,0.581837
92.1451,5.5829,-10.4026,0.581910
92.0249,5.5867,-10.0952,0.581984
91.8888,5.5909,-9.7544,0.582064
91.7643,5.5946,-9.4483,0.582139
91.6378,5.5983,-9.1429,0.582215
91.5097,5.6021,-8.8382,0.582288
91.3799,5.6058,-8.5340,0.582362
91.2485,5.6095,-8.2303,0.582439
91.1155,5.6133,-7.9272,0.582512
90.9659,5.6174,-7.5908,0.582596
90.8503,5.6249,-7.3187,0.582659
90.7127,5.6299,-7.0169,0.582737
90.5732,5.6349,-6.7156,0.582810
90.4321,5.6398,-6.4148,0.582887
90.2893,5.6448,-6.1143,0.582958
90.1609,5.6491,-5.8475,0.583028
89.9983,5.6545,-5.5146,0.583114
89.8499,5.6593,-5.2154,0.583188
89.6998,5.6641,-4.9167,0.583264
89.5478,5.6688,-4.6183,0.583339
89.3940,5.6734,-4.3204,0.583419
89.2386,5.6780,-4.0228,0.583495
89.0816,5.6825,-3.7254,0.583571
88.9231,5.6870,-3.4283,0.583648
88.7632,5.6914,-3.1316,0.583725
88.6017,5.6958,-2.8352,0.583802
88.4389,5.7002,-2.5390,0.583879
88.2746,5.7046,-2.2430,0.583956
88.1091,5.7090,-1.9470,0.584036
87.9233,5.7139,-1.6183,0.584122
87.7546,5.7183,-1.3227,0.584200
87.5844,5.7226,-1.0272,0.584277
87.3935,5.7274,-0.6991,0.584367
87.2202,5.7317,-0.4040,0.584444
87.0649,5.7355,-0.1417,0.584514
86.8888,5.7398,0.1532,0.584595
86.6913,5.7444,0.4807,0.584683
86.5121,5.7486,0.7753,0.584761
86.3314,5.7528,1.0698,0.584844
86.1492,5.7569,1.3640,0.584924
85.9655,5.7610,1.6580,0.585003
85.7805,5.7650,1.9519,0.585084
85.5942,5.7690,2.2457,0.585165
85.4067,5.7730,2.5393,0.585246
85.1970,5.7774,2.8655,0.585338
85.0072,5.7813,3.1589,0.585420
84.7953,5.7856,3.4850,0.585510
84.6036,5.7895,3.7786,0.585591
84.4110,5.7934,4.0723,0.585675
84.2174,5.7974,4.3664,0.585758
84.0229,5.8014,4.6605,0.585840
83.8272,5.8055,4.9547,0.585923
83.6305,5.8095,5.2491,0.586007
83.4327,5.8136,5.5437,0.586092
83.2336,5.8175,5.8382,0.586174
83.0336,5.8214,6.1331,0.586257
82.8325,5.8253,6.4282,0.586341
82.6304,5.8291,6.7235,0.586424
82.4272,5.8330,7.0189,0.586509
82.2230,5.8368,7.3144,0.586595
82.0177,5.8407,7.6102,0.586680
81.8114,5.8445,7.9061,0.586766
81.6041,5.8483,8.2022,0.586852
81.3726,5.8525,8.5314,0.586948
81.1634,5.8563,8.8279,0.587035
80.9533,5.8601,9.1246,0.587121
80.7424,5.8639,9.4215,0.587209
80.5308,5.8676,9.7188,0.587295
80.3184,5.8714,10.0163,0.587385
80.1056,5.8752,10.3145,0.587473
79.8917,5.8791,10.6127,0.587562
79.6771,5.8830,10.9112,0.587651
79.4617,5.8869,11.2101,0.587741
79.2455,5.8908,11.5092,0.587833
79.0044,5.8951,11.8420,0.587932
78.7867,5.8989,12.1419,0.588025
78.5683,5.9028,12.4421,0.588115
78.3492,5.9067,12.7428,0.588208
78.1296,5.9107,13.0440,0.588299
77.9093,5.9148,13.3456,0.588392
77.6885,5.9188,13.6478,0.588485
77.4671,5.9228,13.9506,0.588577
77.2450,5.9268,14.2540,0.588670
77.0222,5.9309,14.5580,0.588764
76.7987,5.9349,14.8626,0.588858
76.5746,5.9390,15.1678,0.588954
76.3498,5.9430,15.4736,0.589048
76.1244,5.9471,15.7799,0.589142
75.8733,5.9516,16.1211,0.589249
75.6469,5.9557,16.4289,0.589345
75.4200,5.9598,16.7374,0.589443
75.1926,5.9640,17.0467,0.589541
74.9648,5.9684,17.3567,0.589637
74.7620,5.9722,17.6328,0.589724
74.5333,5.9766,17.9441,0.589821
74.3041,5.9809,18.2561,0.589919
74.0744,5.9853,18.5689,0.590016
73.8442,5.9897,18.8824,0.590114
73.6135,5.9941,19.1965,0.590214
73.3823,5.9985,19.5114,0.590312
73.1506,6.0029,19.8270,0.590411
72.9184,6.0073,20.1433,0.590512
72.6858,6.0118,20.4604,0.590611
72.4269,6.0167,20.8136,0.590723
72.2192,6.0209,21.0970,0.590812
71.9854,6.0259,21.4163,0.590913
71.7511,6.0308,21.7363,0.591014
71.5164,6.0358,22.0571,0.591114
71.2815,6.0407,22.3787,0.591216
71.0462,6.0457,22.7011,0.591317
70.8107,6.0507,23.0242,0.591420
70.5750,6.0557,23.3482,0.591521
70.3390,6.0608,23.6731,0.591624
70.1029,6.0658,23.9988,0.591725
69.8666,6.0709,24.3255,0.591828
69.6040,6.0766,24.6895,0.591942
69.3680,6.0819,25.0187,0.592045
69.1256,6.0817,25.3443,0.592147
68.8893,6.0875,25.6751,0.592251
68.6528,6.0933,26.0068,0.592355
68.4423,6.0985,26.3022,0.592448
68.2052,6.1043,26.6353,0.592553
67.9679,6.1102,26.9698,0.592658
67.7307,6.1163,27.3051,0.592763
67.4934,6.1224,27.6413,0.592867
67.2823,6.1278,27.9408,0.592961
67.0445,6.1339,28.2785,0.593066
66.8065,6.1400,28.6171,0.593172
66.5686,6.1464,28.9566,0.593277
66.3306,6.1527,29.2971,0.593383
66.0662,6.1598,29.6766,0.593501
65.8281,6.1662,30.0191,0.593608
65.5898,6.1727,30.3627,0.593715
65.3781,6.1786,30.6689,0.593809
65.1397,6.1853,31.0142,0.593917
64.9012,6.1920,31.3604,0.594024
64.6626,6.1987,31.7076,0.594131
64.4237,6.2055,32.0559,0.594239
64.1847,6.2125,32.4049,0.594347
63.9456,6.2195,32.7547,0.594453
63.7328,6.2257,33.0665,0.594550
63.4666,6.2335,33.4571,0.594670
63.2268,6.2408,33.8098,0.594778
62.9868,6.2481,34.1631,0.594887
62.7467,6.2555,34.5173,0.594996
62.5063,6.2629,34.8724,0.595105
62.2657,6.2703,35.2283,0.595214
62.0515,6.2771,35.5455,0.595312
61.8104,6.2849,35.9029,0.595420
61.5690,6.2926,36.2611,0.595531
61.3274,6.3004,36.6201,0.595640
61.0854,6.3082,36.9800,0.595750
60.8432,6.3164,37.3406,0.595861
60.6278,6.3237,37.6618,0.595960
60.3852,6.3319,38.0238,0.596072
60.1423,6.3401,38.3866,0.596182
59.8989,6.3485,38.7503,0.596294
59.6554,6.3571,39.1146,0.596406
59.3843,6.3667,39.5202,0.596530
59.1401,6.3753,39.8860,0.596642
58.8953,6.3840,40.2527,0.596753
58.6776,6.3921,40.5791,0.596854
58.4323,6.4012,40.9470,0.596966
58.1866,6.4104,41.3155,0.597079
57.9404,6.4195,41.6846,0.597192
57.6936,6.4290,42.0546,0.597305
57.4741,6.4376,42.3838,0.597405
57.2267,6.4472,42.7548,0.597519
56.9789,6.4568,43.1264,0.597632
56.7306,6.4667,43.4988,0.597747
56.4820,6.4769,43.8717,0.597860
56.2331,6.4871,44.2452,0.597974
55.9838,6.4973,44.6192,0.598088
55.7618,6.5065,44.9524,0.598190
55.5118,6.5170,45.3277,0.598304
55.2616,6.5276,45.7036,0.598420
55.0110,6.5382,46.0801,0.598535
54.7880,6.5477,46.4153,0.598638
54.5369,6.5584,46.7931,0.598753
54.2855,6.5691,47.1715,0.598868
54.0340,6.5799,47.5506,0.598984
53.8101,6.5895,47.8882,0.599088
53.5580,6.6004,48.2686,0.599204
53.3057,6.6113,48.6496,0.599320
53.0530,6.6222,49.0313,0.599437
52.8000,6.6332,49.4136,0.599553
52.5184,6.6454,49.8391,0.599683
52.2646,6.6565,50.2228,0.599801
52.0387,6.6663,50.5643,0.599904
51.7842,6.6774,50.9491,0.600022
51.5577,6.6873,51.2917,0.600126
51.3026,6.6985,51.6776,0.600242
51.0755,6.7085,52.0212,0.600348
50.8198,6.7197,52.4083,0.600466
50.5637,6.7310,52.7961,0.600584
50.3358,6.7410,53.1412,0.600691
50.0791,6.7524,53.5301,0.600809
49.8220,6.7637,53.9195,0.600928
49.5646,6.7751,54.3096,0.601048
49.3069,6.7866,54.7003,0.601166
49.0488,6.7980,55.0915,0.601286
48.8191,6.8082,55.4398,0.601392
48.5603,6.8197,55.8322,0.601512
48.3012,6.8313,56.2252,0.601631
48.0706,6.8415,56.5749,0.601738
47.8108,6.8531,56.9690,0.601858
47.5507,6.8648,57.3636,0.601978
47.3192,6.8751,57.7149,0.602087
47.0584,6.8868,58.1106,0.602207
46.7972,6.8985,58.5069,0.602328
46.5648,6.9089,58.8596,0.602435
46.3030,6.9207,59.2570,0.602556
46.0409,6.9325,59.6549,0.602678
45.7784,6.9443,60.0535,0.602799
45.4862,6.9575,60.4969,0.602934
45.2229,6.9694,60.8966,0.603056
44.9592,6.9813,61.2968,0.603178
44.7246,6.9919,61.6530,0.603287
44.4602,7.0039,62.0543,0.603409
44.2249,7.0145,62.4115,0.603518
43.9599,7.0265,62.8138,0.603640
43.6945,7.0386,63.2167,0.603764
43.4288,7.0506,63.6201,0.603887
43.1626,7.0627,64.0240,0.604010
42.8962,7.0749,64.4285,0.604134
42.6294,7.0870,64.8335,0.604257
42.3622,7.0992,65.2391,0.604381
42.0946,7.1114,65.6452,0.604505
41.8267,7.1236,66.0518,0.604629
41.5883,7.1345,66.4138,0.604739
41.3197,7.1468,66.8214,0.604864
41.0807,7.1577,67.1842,0.604974
40.8113,7.1701,67.5929,0.605099
40.5417,7.1824,68.0020,0.605223
40.2717,7.1948,68.4118,0.605349
40.0313,7.2058,68.7764,0.605460
39.7605,7.2183,69.1871,0.605585
39.4892,7.2307,69.5982,0.605710
39.2478,7.2418,69.9642,0.605822
38.9758,7.2543,70.3763,0.605948
38.7034,7.2669,70.7888,0.606073
38.4305,7.2794,71.2019,0.606197
38.1574,7.2920,71.6155,0.606325
37.8838,7.3046,72.0296,0.606451
37.6403,7.3158,72.3981,0.606563
37.3659,7.3285,72.8130,0.606692
37.1217,7.3398,73.1823,0.606804
36.8467,7.3524,73.5983,0.606932
36.6018,7.3637,73.9684,0.607044
36.3260,7.3765,74.3852,0.607171
36.0497,7.3893,74.8024,0.607299
35.8039,7.4006,75.1737,0.607413
35.5270,7.4134,75.5920,0.607540
35.2497,7.4263,76.0107,0.607669
34.9719,7.4391,76.4298,0.607796
34.6938,7.4520,76.8494,0.607924
34.4154,7.4649,77.2696,0.608053
34.1675,7.4764,77.6435,0.608167
33.8883,7.4894,78.0644,0.608295
33.6397,7.5009,78.4391,0.608410
33.3597,7.5139,78.8610,0.608540
33.1105,7.5255,79.2365,0.608654
32.8298,7.5385,79.6592,0.608783
32.5485,7.5516,80.0824,0.608913
32.2669,7.5646,80.5060,0.609043
32.0162,7.5763,80.8831,0.609158
31.7338,7.5894,81.3076,0.609288
31.4509,7.6026,81.7325,0.609418
31.1991,7.6143,82.1106,0.609534
30.9154,7.6274,82.5363,0.609664
30.6314,7.6406,82.9626,0.609793
30.3470,7.6539,83.3892,0.609924
30.0937,7.6656,83.7687,0.610040
29.8084,7.6789,84.1961,0.610172
29.5545,7.6907,84.5764,0.610288
29.2686,7.7040,85.0046,0.610419
28.9823,7.7173,85.4330,0.610550
28.7276,7.7292,85.8139,0.610667
28.4408,7.7425,86.2426,0.610799
28.1540,7.7558,86.6713,0.610930
27.8990,7.7677,87.0521,0.611046
27.6121,7.7810,87.4804,0.611178
27.3250,7.7944,87.9086,0.611309
27.0380,7.8077,88.3365,0.611440
26.7511,7.8210,88.7643,0.611572
26.4642,7.8344,89.1917,0.611703
26.2092,7.8462,89.5713,0.611819
25.9225,7.8596,89.9980,0.611950
25.6678,7.8714,90.3770,0.612066
25.3814,7.8847,90.8031,0.612196
25.0952,7.8980,91.2289,0.612327
24.8091,7.9113,91.6543,0.612458
24.5550,7.9231,92.0321,0.612574
24.2693,7.9364,92.4568,0.612704
23.9839,7.9496,92.8815,0.612834
23.7303,7.9615,93.2585,0.612950
23.4452,7.9747,93.6823,0.613081
23.1603,7.9880,94.1058,0.613210
22.8758,8.0012,94.5290,0.613340
22.6230,8.0130,94.9049,0.613456
22.3388,8.0262,95.3273,0.613586
22.0548,8.0394,95.7494,0.613717
21.7711,8.0527,96.1710,0.613845
21.5193,8.0643,96.5456,0.613961
21.2361,8.0775,96.9666,0.614089
20.9846,8.0893,97.3404,0.614204
20.7019,8.1024,97.7607,0.614332
20.4194,8.1156,98.1805,0.614460
20.1687,8.1272,98.5534,0.614575
19.8868,8.1404,98.9725,0.614704
19.6053,8.1535,99.3909,0.614832
19.3242,8.1666,99.8087,0.614961
19.0437,8.1797,100.2257,0.615089
18.7639,8.1927,100.6420,0.615216
18.5156,8.2043,101.0110,0.615330
18.2370,8.2173,101.4252,0.615457
17.9898,8.2288,101.7926,0.615571
17.7432,8.2403,102.1591,0.615685
17.4665,8.2531,102.5706,0.615810
17.1904,8.2660,102.9811,0.615937
16.9455,8.2774,103.3451,0.616048
16.6706,8.2903,103.7536,0.616172
16.4268,8.3016,104.1159,0.616283
16.1533,8.3143,104.5227,0.616407
15.8803,8.3270,104.9284,0.616532
15.6381,8.3383,105.2881,0.616643
15.3361,8.3524,105.7367,0.616780
15.0952,8.3636,106.0947,0.616890
14.8247,8.3762,106.4967,0.617014
14.5549,8.3887,106.8976,0.617137
14.2857,8.4013,107.2975,0.617261
14.0469,8.4124,107.6521,0.617370
13.7789,8.4249,108.0500,0.617492
13.5116,8.4373,108.4472,0.617614
13.2450,8.4497,108.8432,0.617735
13.0085,8.4607,109.1943,0.617843
12.7432,8.4730,109.5882,0.617962
12.4786,8.4853,109.9810,0.618083
12.2148,8.4975,110.3729,0.618204
11.9516,8.5098,110.7635,0.618324
11.6601,8.5233,111.1962,0.618456
11.4276,8.5342,111.5413,0.618562
11.1668,8.5462,111.9284,0.618682
10.9356,8.5569,112.2719,0.618788
10.6762,8.5690,112.6570,0.618906
10.4177,8.5810,113.0410,0.619016
10.1602,8.5930,113.4239,0.619142
9.9321,8.6036,113.7634,0.619246
9.6765,8.6154,114.1447,0.619362
9.4220,8.6273,114.5246,0.619478
9.1685,8.6392,114.9034,0.619594
8.9161,8.6510,115.2809,0.619710
8.6928,8.6614,115.6152,0.619813
8.4426,8.6730,115.9904,0.619928
8.1660,8.6860,116.4055,0.620055
7.9456,8.6963,116.7363,0.620156
7.6989,8.7079,117.1072,0.620270
7.4806,8.7181,117.4357,0.620371
7.2360,8.7296,117.8042,0.620482
6.9927,8.7410,118.1710,0.620596
6.7775,8.7511,118.4959,0.620692
6.5365,8.7625,118.8599,0.620804
6.2969,8.7737,119.2222,0.620913
6.0587,8.7849,119.5831,0.621024
5.8481,8.7948,119.9022,0.621121
5.5864,8.8072,120.2991,0.621242
5.3525,8.8183,120.6542,0.621349
5.1201,8.8292,121.0071,0.621457
4.8891,8.8401,121.3583,0.621563
4.6597,8.8509,121.7071,0.621668
4.4317,8.8617,122.0537,0.621773
4.2302,8.8712,122.3600,0.621865
4.0050,8.8819,122.7025,0.621970
3.7813,8.8924,123.0430,0.622073
3.5590,8.9029,123.3812,0.622175
3.3381,8.9133,123.7172,0.622276
3.1185,8.9237,124.0513,0.622376
2.8999,8.9340,124.3838,0.622476
2.6821,8.9442,124.7152,0.622575
2.4648,8.9545,125.0456,0.622675
2.2481,8.9647,125.3752,0.622774
2.0318,8.9749,125.7039,0.622874
1.7920,8.9862,126.0683,0.622981
1.5766,8.9962,126.3954,0.623080
1.3852,9.0052,126.6855,0.623166
1.1702,9.0153,127.0110,0.623263
0.9553,9.0254,127.3357,0.623359
0.7405,9.0354,127.6595,0.623455
0.5258,9.0453,127.9823,0.623551
0.3110,9.0553,128.3042,0.623646
0.0960,9.0652,128.6251,0.623743
-0.1190,9.0751,128.9449,0.623837
-0.3104,9.0839,129.2283,0.623921
-0.5498,9.0948,129.5814,0.624026
-0.7655,9.1045,129.8980,0.624119
-0.9816,9.1143,130.2134,0.624212
-1.1980,9.1240,130.5277,0.624306
-1.4148,9.1337,130.8408,0.624398
-1.6320,9.1433,131.1527,0.624490
-1.8498,9.1529,131.4634,0.624581
-2.0682,9.1624,131.7727,0.624671
-2.2872,9.1719,132.0805,0.624761
-2.5069,9.1814,132.3870,0.624852
-2.7273,9.1907,132.6919,0.624941
-2.9484,9.2001,132.9952,0.625031
-3.1700,9.2094,133.2967,0.625120
-3.3920,9.2186,133.5961,0.625208
-3.6143,9.2278,133.8933,0.625292
-3.8615,9.2378,134.2209,0.625391
-4.0841,9.2468,134.5132,0.625475
-4.3068,9.2557,134.8029,0.625561
-4.5295,9.2646,135.0901,0.625645
-4.7522,9.2733,135.3749,0.625728
-4.9750,9.2820,135.6572,0.625809
-5.1980,9.2906,135.9370,0.625895
-5.4459,9.3000,136.2449,0.625985
-5.6444,9.3075,136.4890,0.626057
-5.8678,9.3158,136.7611,0.626137
-6.0915,9.3241,137.0307,0.626216
-6.3153,9.3323,137.2976,0.626295
-6.5394,9.3404,137.5619,0.626375
-6.7635,9.3484,137.8234,0.626454
-6.9879,9.3563,138.0822,0.626531
-7.2375,9.3650,138.3667,0.626616
-7.4622,9.3728,138.6198,0.626694
-7.6870,9.3804,138.8701,0.626769
-7.9118,9.3880,139.1178,0.626846
-8.1369,9.3955,139.3629,0.626921
-8.3624,9.4029,139.6059,0.626997
-8.5887,9.4102,139.8470,0.627074
-8.8158,9.4175,140.0862,0.627146
-9.0439,9.4247,140.3236,0.627222
-9.2729,9.4319,140.5591,0.627297
-9.5030,9.4391,140.7927,0.627372
-9.7343,9.4461,141.0243,0.627447
-9.9667,9.4531,141.2540,0.627517
-10.2003,9.4600,141.4816,0.627593
-10.4351,9.4668,141.7071,0.627663
-10.6711,9.4736,141.9306,0.627739
-10.9082,9.4804,142.1518,0.627811
-11.1732,9.4878,142.3951,0.627891
-11.4131,9.4943,142.6118,0.627966
-11.6544,9.5008,142.8260,0.628037
-11.8971,9.5072,143.0379,0.628109
-12.1413,9.5136,143.2472,0.628179
-12.3870,9.5199,143.4540,0.628252
-12.6341,9.5260,143.6582,0.628323
-12.8828,9.5321,143.8597,0.628396
-13.1328,9.5382,144.0585,0.628464
-13.3844,9.5441,144.2546,0.628537
-13.6373,9.5499,144.4479,0.628608
-13.9200,9.5563,144.6593,0.628687
-14.1756,9.5617,144.8453,0.628759
-14.4328,9.5661,145.0298,0.628828
-14.6911,9.5704,145.2115,0.628900
-14.9506,9.5746,145.3905,0.628968
-15.2112,9.5787,145.5665,0.629039
-15.4731,9.5827,145.7396,0.629108
-15.7362,9.5867,145.9098,0.629177
-16.0013,9.5911,146.0781,0.629248
-16.2668,9.5966,146.2423,0.629317
-16.5337,9.6019,146.4034,0.629388
-16.8015,9.6060,146.5603,0.629456
-17.0706,9.6101,146.7153,0.629524
-17.3406,9.6140,146.8674,0.629592
-17.6115,9.6180,147.0163,0.629662
-17.9137,9.6222,147.1780,0.629738
-18.1877,9.6273,147.3211,0.629807
-18.4312,9.6320,147.4446,0.629870
-18.7060,9.6373,147.5806,0.629933
-18.9812,9.6421,147.7126,0.630002
-19.2575,9.6461,147.8428,0.630068
-19.5343,9.6501,147.9704,0.630139
-19.8118,9.6539,148.0949,0.630204
-20.0910,9.6582,148.2171,0.630271
-20.3698,9.6637,148.3350,0.630334
-20.6492,9.6691,148.4496,0.630401
-20.9293,9.6744,148.5611,0.630469
-21.2098,9.6796,148.6698,0.630536
-21.4902,9.6839,148.7748,0.630599
-21.7716,9.6879,148.8781,0.630666
-22.0532,9.6919,148.9783,0.630731
-22.3366,9.6977,149.0762,0.630795
-22.6191,9.7034,149.1699,0.630861
-22.8704,9.7084,149.2504,0.630919
-23.1535,9.7139,149.3383,0.630984
-23.4367,9.7194,149.4234,0.631050
-23.7196,9.7242,149.5051,0.631115
-24.0033,9.7286,149.5847,0.631179
-24.2886,9.7345,149.6621,0.631243
-24.5724,9.7407,149.7356,0.631309
-24.8564,9.7468,149.8059,0.631373
-25.1403,9.7528,149.8733,0.631437
-25.4244,9.7587,149.9379,0.631502
-25.7400,9.7653,150.0066,0.631574
-26.0234,9.7703,150.0647,0.631638
-26.2775,9.7762,150.1152,0.631698
-26.5929,9.7838,150.1742,0.631769
-26.8450,9.7898,150.2187,0.631822
-27.1284,9.7965,150.2662,0.631888
-27.4116,9.8031,150.3110,0.631951
-27.6946,9.8096,150.3531,0.632015
-27.9768,9.8158,150.3919,0.632079
-28.2613,9.8233,150.4290,0.632143
-28.5433,9.8310,150.4629,0.632205
-28.8561,9.8395,150.4975,0.632274
-29.1371,9.8471,150.5261,0.632337
-29.4488,9.8554,150.5553,0.632406
-29.7288,9.8628,150.5789,0.632467
-30.0407,9.8714,150.6022,0.632539
-30.3193,9.8803,150.6212,0.632600
-30.5970,9.8890,150.6383,0.632662
-30.8740,9.8978,150.6535,0.632721
-31.1811,9.9074,150.6684,0.632792
-31.4569,9.9160,150.6798,0.632849
-31.7321,9.9245,150.6891,0.632910
-32.0385,9.9351,150.6966,0.632978
-32.3118,9.9453,150.7023,0.633039
-32.5843,9.9553,150.7064,0.633099
-32.8862,9.9665,150.7094,0.633168
-33.1571,9.9764,150.7104,0.633228
-33.4573,9.9874,150.7099,0.633294
-33.7250,9.9966,150.7073,0.633354
-34.0255,10.0086,150.7036,0.633420
-34.2909,10.0193,150.6999,0.633483
-34.5594,10.0305,150.6951,0.633544
-34.8245,10.0419,150.6901,0.633602
-35.0867,10.0529,150.6843,0.633663
-35.3818,10.0658,150.6769,0.633734
-35.6438,10.0782,150.6706,0.633793
-35.9049,10.0905,150.6640,0.633857
-36.1942,10.1042,150.6566,0.633924
-36.4537,10.1164,150.6499,0.633987
-36.7099,10.1272,150.6429,0.634046
-36.9675,10.1369,150.6363,0.634110
-37.2557,10.1506,150.6284,0.634181
-37.5116,10.1634,150.6226,0.634245
-37.7946,10.1775,150.6159,0.634313
-38.0485,10.1902,150.6096,0.634378
-38.3297,10.2042,150.6026,0.634448
-38.5826,10.2172,150.5966,0.634513
-38.8342,10.2303,150.5910,0.634581
-39.0851,10.2433,150.5857,0.634645
-39.3355,10.2565,150.5806,0.634711
-39.6124,10.2711,150.5751,0.634782
-39.8610,10.2842,150.5701,0.634849
-40.1365,10.2988,150.5646,0.634922
-40.3835,10.3119,150.5599,0.634989
-40.6571,10.3265,150.5549,0.635061
-40.9030,10.3397,150.5504,0.635126
-41.1746,10.3548,150.5458,0.635201
-41.4180,10.3682,150.5416,0.635266
-41.6603,10.3816,150.5375,0.635329
-41.9013,10.3950,150.5335,0.635395
-42.1411,10.4083,150.5297,0.635460
-42.3796,10.4215,150.5261,0.635527
-42.6170,10.4349,150.5225,0.635589
-42.8784,10.4498,150.5190,0.635661
-43.1117,10.4631,150.5161,0.635725
-43.3690,10.4776,150.5131,0.635795
-43.5986,10.4906,150.5108,0.635856
-43.8517,10.5049,150.5088,0.635927
-44.1024,10.5190,150.5074,0.635992
-44.3267,10.5319,150.5067,0.636055
-44.5729,10.5460,150.5068,0.636122
-44.7940,10.5580,150.5076,0.636183
-45.0137,10.5699,150.5091,0.636243
-45.2561,10.5830,150.5115,0.636308
-45.4727,10.5948,150.5146,0.636366
-45.6880,10.6064,150.5183,0.636427
-45.9254,10.6193,150.5235,0.636490
-46.1376,10.6308,150.5289,0.636549
-46.3475,10.6420,150.5346,0.636605
-46.5573,10.6525,150.5421,0.636661
-46.7656,10.6632,150.5494,0.636718
-46.9958,10.6750,150.5582,0.636778
-47.2021,10.6856,150.5666,0.636834
-47.4079,10.6961,150.5756,0.636888
-47.6358,10.7078,150.5863,0.636950
-47.8404,10.7183,150.5965,0.637006
-48.0444,10.7288,150.6073,0.637061
-48.2466,10.7383,150.6184,0.637115
-48.4493,10.7477,150.6307,0.637168
-48.6738,10.7581,150.6454,0.637226
-48.8751,10.7674,150.6593,0.637282
-49.0759,10.7767,150.6739,0.637335
-49.2759,10.7859,150.6893,0.637390
-49.4972,10.7961,150.7075,0.637448
-49.6953,10.8053,150.7248,0.637499
-49.8926,10.8144,150.7431,0.637552
-50.0871,10.8225,150.7612,0.637607
-50.3044,10.8308,150.7836,0.637663
-50.4991,10.8381,150.8047,0.637716
-50.6930,10.8455,150.8269,0.637768
-50.8859,10.8528,150.8497,0.637822
-51.0781,10.8601,150.8730,0.637873
-51.2696,10.8674,150.8970,0.637925
-51.4603,10.8747,150.9219,0.637975
-51.6499,10.8819,150.9478,0.638023
-51.8383,10.8890,150.9747,0.638077
-52.0510,10.8989,151.0011,0.638130
-52.2362,10.9091,151.0296,0.638184
-52.4402,10.9204,151.0612,0.638236
-52.6231,10.9310,151.0903,0.638285
-52.7988,10.9403,151.1206,0.638333
-52.9777,10.9475,151.1501,0.638383
-53.1741,10.9552,151.1836,0.638436
-53.3490,10.9621,151.2147,0.638481
-53.5217,10.9719,151.2488,0.638526
-53.6931,10.9788,151.2806,0.638573
-53.8662,10.9869,151.3140,0.638618
-54.0286,10.9925,151.3472,0.638664
-54.1950,10.9979,151.3798,0.638708
-54.3597,11.0032,151.4126,0.638753
-54.5234,11.0087,151.4458,0.638796
-54.7013,11.0136,151.4830,0.638845
-54.8632,11.0174,151.5166,0.638890
-55.0246,11.0213,151.5509,0.638931
-55.2033,11.0255,151.5902,0.638979
-55.3637,11.0294,151.6264,0.639022
-55.5448,11.0358,151.6705,0.639068
-55.7042,11.0425,151.7075,0.639111
-55.8636,11.0491,151.7444,0.639154
-56.0178,11.0541,151.7812,0.639199
-56.1768,11.0575,151.8189,0.639240
-56.3356,11.0609,151.8577,0.639284
-56.4972,11.0657,151.9006,0.639326
-56.6723,11.0724,151.9462,0.639366
-56.8295,11.0784,151.9874,0.639414
-56.9827,11.0835,152.0283,0.639457
-57.1398,11.0869,152.0704,0.639499
-57.3142,11.0907,152.1185,0.639547
-57.4733,11.0962,152.1666,0.639589
-57.6463,11.1027,152.2176,0.639636
-57.8015,11.1086,152.2636,0.639679
-57.9564,11.1145,152.3100,0.639722
-58.1239,11.1194,152.3614,0.639769
-58.2785,11.1223,152.4099,0.639812
-58.4367,11.1291,152.4643,0.639853
-58.5899,11.1357,152.5161,0.639897
-58.7425,11.1422,152.5683,0.639939
-58.8905,11.1474,152.6196,0.639981
-59.0425,11.1511,152.6727,0.640024
-59.1971,11.1577,152.7305,0.640066
-59.3646,11.1648,152.7936,0.640114
-59.5145,11.1713,152.8518,0.640156
-59.6603,11.1765,152.9099,0.640199
-59.8271,11.1820,152.9785,0.640246
-59.9753,11.1878,153.0398,0.640289
-60.1391,11.1944,153.1096,0.640336
-60.2857,11.2004,153.1741,0.640379
-60.4294,11.2057,153.2390,0.640421
-60.5746,11.2102,153.3060,0.640463
-60.7202,11.2164,153.3766,0.640506
-60.8639,11.2225,153.4460,0.640548
-61.0070,11.2286,153.5167,0.640591
-61.1493,11.2349,153.5887,0.640633
-61.2908,11.2412,153.6622,0.640675
-61.4295,11.2471,153.7362,0.640718
-61.5693,11.2523,153.8122,0.640760
-61.7088,11.2580,153.8900,0.640802
-61.8627,11.2644,153.9773,0.640849
-62.0004,11.2702,154.0572,0.640892
-62.1374,11.2760,154.1382,0.640935
-62.2737,11.2820,154.2203,0.640977
-62.4087,11.2880,154.3034,0.641019
-62.5422,11.2931,154.3860,0.641061
-62.6760,11.2978,154.4717,0.641103
-62.8092,11.3025,154.5587,0.641146
-62.9417,11.3073,154.6469,0.641188
-63.0734,11.3123,154.7365,0.641232
-63.2056,11.3192,154.8254,0.641273
-63.3213,11.3237,154.9069,0.641311
-63.4651,11.3294,155.0101,0.641358
-63.5937,11.3347,155.1043,0.641401
-63.7247,11.3404,155.2027,0.641444
-63.8516,11.3485,155.2995,0.641487
-63.9761,11.3531,155.3921,0.641530
-64.1019,11.3583,155.4913,0.641573
-64.2269,11.3635,155.5920,0.641615
-64.3511,11.3688,155.6942,0.641658
-64.4772,11.3760,155.8003,0.641701
-64.5988,11.3829,155.9015,0.641744
-64.7210,11.3889,156.0076,0.641787
-64.8429,11.3949,156.1152,0.641831
-64.9643,11.4010,156.2242,0.641874
-65.0852,11.4072,156.3348,0.641917
-65.2081,11.4164,156.4497,0.641961
-65.3269,11.4237,156.5568,0.642005
-65.4462,11.4296,156.6709,0.642048
-65.5780,11.4362,156.7996,0.642097
-65.6960,11.4422,156.9170,0.642142
-65.8164,11.4492,157.0401,0.642186
-65.9328,11.4586,157.1610,0.642231
-66.0487,11.4671,157.2771,0.642275
-66.1648,11.4735,157.4002,0.642319
-66.2806,11.4800,157.5250,0.642365
-66.3957,11.4865,157.6514,0.642410
-66.5129,11.4949,157.7834,0.642457
-66.6268,11.5046,157.9130,0.642503
-66.7408,11.5140,158.0400,0.642548
-66.8548,11.5219,158.1721,0.642594
-66.9810,11.5307,158.3208,0.642646
-67.0961,11.5393,158.4601,0.642694
-67.2086,11.5502,158.5974,0.642740
-67.3335,11.5623,158.7514,0.642793
-67.4339,11.5716,158.8724,0.642835
-67.5466,11.5809,159.0133,0.642883
-67.6591,11.5902,159.1558,0.642932
-67.7847,11.6027,159.3189,0.642985
-67.8963,11.6142,159.4650,0.643034
-68.0081,11.6258,159.6122,0.643083
-68.1210,11.6373,159.7565,0.643133
-68.2338,11.6468,159.9066,0.643183
-68.3478,11.6579,160.0624,0.643233
-68.4596,11.6704,160.2165,0.643283
-68.5711,11.6829,160.3721,0.643334
-68.6828,11.6956,160.5292,0.643384
-68.8082,11.7095,160.7008,0.643442
-68.9095,11.7205,160.8486,0.643488
-69.0212,11.7348,161.0109,0.643540
-69.1331,11.7492,161.1749,0.643592
-69.2395,11.7575,161.3420,0.643647
-69.3517,11.7702,161.5093,0.643698
-69.4636,11.7831,161.6784,0.643752
-69.5879,11.7974,161.8685,0.643812
-69.6874,11.8089,162.0222,0.643862
-69.7989,11.8189,162.1929,0.643916
-69.9115,11.8290,162.3690,0.643971
-70.0237,11.8392,162.5472,0.644027
-70.1357,11.8494,162.7274,0.644081
-70.2590,11.8604,162.9301,0.644146
-70.3708,11.8704,163.1143,0.644202
-70.4828,11.8805,163.3008,0.644260
-70.5946,11.8904,163.4897,0.644318
-70.6940,11.8994,163.6594,0.644370
-70.8057,11.9096,163.8524,0.644428
-70.9175,11.9199,164.0474,0.644488
-71.0291,11.9302,164.2449,0.644547
-71.1406,11.9405,164.4448,0.644608
-71.2522,11.9510,164.6469,0.644668
-71.3637,11.9612,164.8512,0.644730
-71.4628,11.9704,165.0349,0.644786
-71.5739,11.9809,165.2442,0.644849
-71.6849,11.9916,165.4556,0.644911
-71.7955,12.0022,165.6695,0.644976
-71.9059,12.0129,165.8857,0.645039
-72.0159,12.0236,166.1042,0.645104
-72.1257,12.0342,166.3254,0.645171
-72.2352,12.0448,166.5490,0.645237
-72.3443,12.0555,166.7754,0.645304
-72.4409,12.0652,166.9785,0.645363
-72.5492,12.0762,167.2093,0.645432
-72.6570,12.0872,167.4425,0.645498
-72.7644,12.0982,167.6780,0.645567
-72.8594,12.1078,167.8897,0.645631
-72.9659,12.1187,168.1302,0.645701
-73.0717,12.1296,168.3733,0.645772
-73.1767,12.1407,168.6193,0.645843
-73.2812,12.1520,168.8674,0.645916
-73.3851,12.1632,169.1178,0.645987
-73.4885,12.1743,169.3710,0.646059
-73.5913,12.1853,169.6268,0.646133
-73.6935,12.1965,169.8851,0.646208
-73.7837,12.2064,170.1169,0.646274
-73.8843,12.2177,170.3804,0.646348
-73.9842,12.2292,170.6462,0.646423
-74.0835,12.2405,170.9142,0.646499
-74.1712,12.2505,171.1549,0.646567
-74.2802,12.2631,171.4586,0.646651
-74.3774,12.2744,171.7346,0.646728
-74.4740,12.2858,172.0133,0.646806
-74.5697,12.2975,172.2949,0.646884
-74.6650,12.3091,172.5784,0.646964
-74.7704,12.3219,172.8967,0.647053
-74.8649,12.3334,173.1858,0.647135
-74.9587,12.3450,173.4774,0.647214
-75.0518,12.3566,173.7717,0.647296
-75.1441,12.3685,174.0689,0.647381
-75.2360,12.3803,174.3679,0.647463
-75.3278,12.3921,174.6697,0.647545
-75.4091,12.4025,174.9400,0.647619
-75.5001,12.4144,175.2465,0.647704
-75.5908,12.4262,175.5556,0.647789
-75.6809,12.4384,175.8675,0.647875
-75.7810,12.4519,176.2162,0.647971
-75.8713,12.4639,176.5329,0.648056
-75.9617,12.4761,176.8519,0.648145
-76.0618,12.4896,177.2093,0.648243
-76.1418,12.5005,177.4973,0.648322
-76.2315,12.5132,177.8241,0.648413
-76.3212,12.5255,178.1523,0.648504
-76.4110,12.5379,178.4832,0.648592
-76.4907,12.5490,178.7792,0.648674
-76.5798,12.5615,179.1145,0.648765
-76.6685,12.5741,179.4522,0.648858
-76.7565,12.5870,179.7924,0.648950
-76.8445,12.5997,180.1347,0.649045
-76.9325,12.6124,180.4793,0.649139
-77.0201,12.6252,180.8263,0.649234
-77.1071,12.6380,181.1757,0.649329
-77.1838,12.6495,181.4888,0.649414
-77.2796,12.6641,181.8817,0.649521
-77.3658,12.6771,182.2382,0.649617
-77.4520,12.6902,182.5969,0.649717
-77.5283,12.7018,182.9178,0.649805
-77.6138,12.7149,183.2811,0.649904
-77.6989,12.7286,183.6472,0.650005
-77.7842,12.7418,184.0148,0.650105
-77.8699,12.7552,184.3850,0.650207
-77.9557,12.7686,184.7575,0.650309
-78.0413,12.7820,185.1324,0.650410
-78.1267,12.7958,185.5100,0.650513
-78.2123,12.8097,185.8887,0.650617
-78.2984,12.8233,186.2696,0.650720
-78.3846,12.8370,186.6523,0.650824
-78.4804,12.8523,187.0799,0.650941
-78.5665,12.8663,187.4672,0.651046
-78.6529,12.8806,187.8554,0.651152
-78.7401,12.8946,188.2457,0.651257
-78.8278,12.9086,188.6378,0.651364
-78.9159,12.9227,189.0318,0.651476
-78.9945,12.9352,189.3835,0.651571
-79.0831,12.9502,189.7813,0.651680
-79.1725,12.9644,190.1797,0.651790
-79.2628,12.9787,190.5803,0.651897
-79.3534,12.9931,190.9826,0.652008
-79.4342,13.0060,191.3418,0.652107
-79.5253,13.0210,191.7478,0.652220
-79.6170,13.0358,192.1546,0.652331
-79.7096,13.0504,192.5634,0.652445
-79.8026,13.0651,192.9739,0.652558
-79.8855,13.0782,193.3402,0.652659
-79.9788,13.0934,193.7544,0.652772
-80.0623,13.1070,194.1231,0.652872
-80.1570,13.1219,194.5398,0.652987
-80.2523,13.1368,194.9582,0.653102
-80.3373,13.1501,195.3315,0.653206
-80.4329,13.1655,195.7536,0.653320
-80.5291,13.1812,196.1764,0.653435
-80.6154,13.1946,196.5538,0.653538
-80.7130,13.2098,196.9800,0.653653
-80.8109,13.2250,197.4079,0.653771
-80.9089,13.2406,197.8379,0.653887
-81.0075,13.2566,198.2690,0.654002
-81.1067,13.2720,198.7010,0.654119
-81.1955,13.2857,199.0866,0.654224
-81.2957,13.3011,199.5218,0.654340
-81.3960,13.3169,199.9590,0.654457
-81.4855,13.3313,200.3483,0.654563
-81.5868,13.3470,200.7870,0.654680
-81.6774,13.3608,201.1783,0.654788
-81.7795,13.3765,201.6197,0.654904
-81.8702,13.3905,202.0135,0.655010
-81.9842,13.4087,202.5064,0.655140
-82.0758,13.4227,202.9013,0.655248
-82.1795,13.4384,203.3470,0.655365
-82.2833,13.4541,203.7938,0.655484
-82.3872,13.4702,204.2418,0.655603
-82.4799,13.4848,204.6404,0.655709
-82.5846,13.5007,205.0892,0.655830
-82.6898,13.5165,205.5392,0.655949
-82.7835,13.5305,205.9399,0.656056
-82.8889,13.5466,206.3919,0.656174
-82.9830,13.5612,206.7941,0.656282
-83.0891,13.5772,207.2468,0.656400
-83.1957,13.5930,207.7008,0.656520
-83.3024,13.6088,208.1555,0.656642
-83.3972,13.6232,208.5608,0.656749
-83.5042,13.6395,209.0170,0.656869
-83.6113,13.6555,209.4735,0.656989
-83.7186,13.6713,209.9310,0.657111
-83.8258,13.6871,210.3891,0.657230
-83.9329,13.7033,210.8479,0.657350
-84.0400,13.7196,211.3063,0.657471
-84.1353,13.7335,211.7134,0.657575
-84.2424,13.7492,212.1716,0.657698
-84.3374,13.7632,212.5789,0.657804
-84.4442,13.7793,213.0366,0.657925
-84.5508,13.7953,213.4938,0.658045
-84.6574,13.8108,213.9508,0.658165
-84.7521,13.8246,214.3565,0.658269
-84.8582,13.8402,214.8123,0.658388
-84.9641,13.8559,215.2671,0.658506
-85.0696,13.8715,215.7204,0.658625
-85.1750,13.8867,216.1729,0.658743
-85.2801,13.9019,216.6242,0.658862
-85.3847,13.9172,217.0746,0.658980
-85.4775,13.9309,217.4738,0.659084
-85.5816,13.9461,217.9218,0.659203
-85.6739,13.9593,218.3192,0.659305
-85.7775,13.9742,218.7652,0.659424
-85.8807,13.9892,219.2103,0.659538
-85.9836,14.0041,219.6541,0.659655
-86.0748,14.0173,220.0476,0.659758
-86.1772,14.0319,220.4893,0.659872
-86.2792,14.0465,220.9300,0.659987
-86.3810,14.0611,221.3697,0.660102
-86.4711,14.0740,221.7596,0.660204
-86.5723,14.0885,222.1971,0.660318
-86.6843,14.1044,222.6820,0.660444
-86.7849,14.1186,223.1173,0.660558
-86.8739,14.1313,223.5034,0.660658
-86.9738,14.1454,223.9367,0.660772
-87.0622,14.1580,224.3209,0.660871
-87.1613,14.1721,224.7522,0.660985
-87.2600,14.1861,225.1824,0.661096
-87.3473,14.1985,225.5639,0.661196
-87.4452,14.2125,225.9922,0.661307
-87.5426,14.2265,226.4195,0.661419
-87.6396,14.2405,226.8457,0.661530
-87.7255,14.2529,227.2238,0.661629
-87.8217,14.2668,227.6481,0.661739
-87.9175,14.2807,228.0713,0.661849
-88.0130,14.2946,228.4936,0.661958
-88.0975,14.3070,228.8681,0.662055
-88.1923,14.3210,229.2885,0.662165
-88.2763,14.3333,229.6613,0.662262
-88.3703,14.3472,230.0798,0.662373
-88.4640,14.3611,230.4973,0.662481
-88.5573,14.3749,230.9138,0.662590
-88.6398,14.3873,231.2833,0.662687
-88.7323,14.4012,231.6980,0.662794
-88.8245,14.4150,232.1116,0.662901
-88.9061,14.4273,232.4785,0.662997
-88.9976,14.4411,232.8903,0.663105
-89.0886,14.4550,233.3013,0.663212
-89.1793,14.4688,233.7112,0.663317
-89.2696,14.4827,234.1200,0.663424
-89.3596,14.4964,234.5279,0.663532
-89.4392,14.5086,234.8897,0.663625
-89.5285,14.5225,235.2957,0.663731
-89.6075,14.5348,235.6558,0.663824
-89.6962,14.5486,236.0599,0.663930
-89.7746,14.5607,236.4182,0.664024
-89.8625,14.5745,236.8207,0.664128
-89.9403,14.5868,237.1775,0.664220
-90.0276,14.6006,237.5779,0.664325
-90.1145,14.6143,237.9773,0.664428
-90.2010,14.6279,238.3757,0.664531
-90.2872,14.6417,238.7734,0.664635
-90.3730,14.6555,239.1699,0.664739
-90.4490,14.6677,239.5216,0.664831
-90.5342,14.6814,239.9162,0.664934
-90.6190,14.6950,240.3101,0.665035
-90.6941,14.7072,240.6592,0.665128
-90.7782,14.7210,241.0509,0.665229
-90.8619,14.7347,241.4413,0.665329
-90.9452,14.7483,241.8303,0.665431
-91.0187,14.7603,242.1753,0.665520
-91.1011,14.7740,242.5620,0.665622
-91.1831,14.7877,242.9473,0.665720
-91.2557,14.7998,243.2887,0.665810
-91.3368,14.8132,243.6714,0.665909
-91.4175,14.8268,244.0531,0.666009
-91.4889,14.8389,244.3911,0.666097
-91.5688,14.8524,244.7701,0.666196
-91.6483,14.8659,245.1476,0.666294
-91.7273,14.8793,245.5242,0.666392
-91.8060,14.8928,245.8994,0.666488
-91.8755,14.9048,246.2316,0.666575
-91.9534,14.9183,246.6042,0.666672
-92.0222,14.9300,246.9338,0.666757
-92.0991,14.9435,247.3039,0.666855
-92.1756,14.9569,247.6722,0.666949
-92.2432,14.9688,247.9983,0.667033
-92.3189,14.9821,248.3638,0.667128
-92.3931,14.9966,248.7297,0.667223
-92.4678,15.0123,249.0922,0.667317
-92.5425,15.0280,249.4533,0.667411
-92.6171,15.0436,249.8128,0.667504
-92.6914,15.0591,250.1711,0.667596
-92.7640,15.0740,250.5287,0.667690
-92.8294,15.0879,250.8453,0.667772
-92.9030,15.1035,251.2004,0.667865
-92.9685,15.1173,251.5152,0.667946
-93.0421,15.1328,251.8683,0.668037
-93.1153,15.1482,252.2206,0.668129
-93.1792,15.1607,252.5317,0.668209
-93.2519,15.1707,252.8820,0.668300
-93.3239,15.1835,253.2317,0.668391
-93.3954,15.1962,253.5805,0.668480
-93.4588,15.2075,253.8896,0.668560
-93.5298,15.2202,254.2366,0.668648
-93.6083,15.2342,254.6210,0.668749
-93.6784,15.2468,254.9661,0.668838
-93.7394,15.2599,255.2737,0.668917
-93.8087,15.2746,255.6167,0.669006
-93.8779,15.2893,255.9586,0.669093
-93.9393,15.3023,256.2618,0.669173
-94.0071,15.3158,256.6009,0.669260
-94.0679,15.3266,256.9026,0.669339
-94.1361,15.3387,257.2411,0.669428
-94.2039,15.3508,257.5785,0.669514
-94.2630,15.3635,257.8795,0.669590
-94.3304,15.3780,258.2146,0.669677
-94.3979,15.3925,258.5488,0.669764
-94.4652,15.4070,258.8821,0.669848
-94.5322,15.4215,259.2149,0.669934
-94.5989,15.4359,259.5469,0.670019
-94.6679,15.4490,259.8767,0.670105
-94.7271,15.4605,260.1703,0.670180
-94.7932,15.4743,260.5009,0.670265
-94.8598,15.4886,260.8293,0.670350
-94.9266,15.5023,261.1570,0.670434
-94.9860,15.5146,261.4477,0.670508
-95.0527,15.5283,261.7738,0.670592
-95.1191,15.5420,262.0992,0.670676
-95.1779,15.5541,262.3878,0.670750
-95.2441,15.5677,262.7116,0.670833
-95.3103,15.5813,263.0345,0.670915
-95.3766,15.5948,263.3567,0.670998
-95.4428,15.6084,263.6780,0.671080
-95.5079,15.6231,263.9996,0.671163
-95.5667,15.6360,264.2838,0.671236
-95.6330,15.6506,264.6028,0.671317
-95.6996,15.6651,264.9210,0.671399
-95.7664,15.6796,265.2384,0.671480
-95.8259,15.6924,265.5198,0.671551
-95.8931,15.7068,265.8357,0.671633
-95.9530,15.7196,266.1158,0.671705
-96.0230,15.7331,266.4286,0.671785
-96.0910,15.7463,266.7419,0.671864
-96.1592,15.7594,267.0544,0.671942
-96.2268,15.7730,267.3673,0.672024
-96.2954,15.7869,267.6791,0.672101
-96.3644,15.8008,267.9907,0.672181
-96.4337,15.8145,268.3018,0.672260
-96.5036,15.8280,268.6130,0.672339
-96.5738,15.8416,268.9242,0.672419
-96.6443,15.8551,269.2354,0.672498
-96.7074,15.8671,269.5120,0.672569
-96.7781,15.8810,269.8245,0.672648
-96.8501,15.8959,270.1355,0.672727
-96.9227,15.9108,270.4465,0.672806
-96.9878,15.9240,270.7231,0.672876
-97.0615,15.9389,271.0344,0.672954
-97.1358,15.9538,271.3458,0.673033
-97.2019,15.9668,271.6219,0.673104
-97.2773,15.9808,271.9333,0.673184
-97.3527,15.9961,272.2459,0.673262
-97.4294,16.0115,272.5573,0.673340
-97.5068,16.0269,272.8688,0.673418
-97.5862,16.0417,273.1799,0.673498
-97.6564,16.0549,273.4572,0.673568
-97.7362,16.0698,273.7694,0.673647
-97.8170,16.0846,274.0820,0.673724
-97.8987,16.1004,274.3958,0.673804
-97.9721,16.1141,274.6732,0.673872
-98.0566,16.1286,274.9867,0.673951
-98.1422,16.1430,275.3007,0.674031
-98.2289,16.1574,275.6151,0.674110
-98.3168,16.1719,275.9301,0.674188
-98.4059,16.1864,276.2455,0.674266
-98.5064,16.2025,276.5965,0.674355
-98.5878,16.2154,276.8778,0.674426
-98.6805,16.2299,277.1949,0.674506
-98.7638,16.2429,277.4774,0.674578
-98.8572,16.2581,277.7970,0.674656
-98.9423,16.2724,278.0803,0.674728
-99.0394,16.2884,278.3994,0.674807
-99.1378,16.3045,278.7191,0.674888
-99.2376,16.3206,279.0394,0.674967
-99.3273,16.3349,279.3246,0.675039
-99.4289,16.3594,279.6453,0.675120
-99.5214,16.3730,279.9313,0.675191
-99.6269,16.3883,280.2534,0.675271
-99.7335,16.4037,280.5764,0.675351
-99.8412,16.4192,280.8998,0.675433
-99.9503,16.4347,281.2233,0.675514
-100.0610,16.4501,281.5475,0.675595
-100.1603,16.4638,281.8359,0.675668
-100.2730,16.4793,282.1609,0.675749
-100.3869,16.4948,282.4865,0.675830
-100.4890,16.5087,282.7765,0.675901
-100.6055,16.5243,283.1029,0.675984
-100.7103,16.5382,283.3933,0.676056
-100.8295,16.5539,283.7205,0.676139
-100.9500,16.5695,284.0481,0.676220
-101.0717,16.5852,284.3763,0.676301
-101.1810,16.5991,284.6684,0.676377
-101.3191,16.6166,285.0341,0.676466
-101.4450,16.6324,285.3635,0.676549
-101.5583,16.6465,285.6566,0.676621
-101.6871,16.6623,285.9868,0.676705
-101.8175,16.6781,286.3174,0.676785
-101.9347,16.6922,286.6117,0.676861
-102.0683,16.7081,286.9430,0.676941
-102.2037,16.7241,287.2747,0.677024
-102.3256,16.7382,287.5695,0.677098
-102.4645,16.7542,287.9016,0.677179
-102.6053,16.7701,288.2339,0.677262
-102.7480,16.7861,288.5665,0.677346
-102.8927,16.8021,288.8992,0.677429
-103.0394,16.8182,289.2320,0.677512
-103.1714,16.8324,289.5279,0.677586
-103.3217,16.8484,289.8608,0.677667
-103.4739,16.8643,290.1938,0.677751
-103.6282,16.8804,290.5271,0.677835
-103.7669,16.8948,290.8233,0.677908
-103.9248,16.9110,291.1564,0.677995
-104.0849,16.9271,291.4894,0.678078
-104.2288,16.9412,291.7855,0.678151
-104.3927,16.9572,292.1186,0.678235
-104.5588,16.9735,292.4519,0.678321
-104.7270,16.9898,292.7845,0.678406
-104.8784,17.0043,293.0801,0.678478
-105.0508,17.0204,293.4119,0.678566
-105.2250,17.0363,293.7434,0.678648
-105.4014,17.0525,294.0746,0.678734
-105.5996,17.0706,294.4409,0.678831
-105.7600,17.0850,294.7332,0.678902
-105.9424,17.1011,295.0609,0.678987
-106.1270,17.1168,295.3871,0.679072
-106.3136,17.1328,295.7132,0.679156
-106.4811,17.1472,296.0017,0.679230
-106.6716,17.1633,296.3252,0.679318
-106.8642,17.1793,296.6475,0.679395
-107.0373,17.1933,296.9323,0.679472
-107.2342,17.2091,297.2529,0.679560
-107.4329,17.2251,297.5715,0.679640
-107.6338,17.2410,297.8888,0.679723
-107.8366,17.2568,298.2045,0.679807
-108.0415,17.2725,298.5187,0.679888
-108.2495,17.2882,298.8308,0.679972
-108.4587,17.3040,299.1418,0.680055
-108.6463,17.3179,299.4169,0.680126
-108.8593,17.3335,299.7248,0.680211
-109.0748,17.3493,300.0309,0.680296
-109.2678,17.3632,300.3015,0.680367
-109.4871,17.3788,300.6042,0.680446
-109.7085,17.3944,300.9052,0.680531
-109.9069,17.4081,301.1712,0.680601
-110.1319,17.4234,301.4688,0.680684
-110.3591,17.4386,301.7644,0.680765
-110.5881,17.4523,302.0571,0.680848
-110.7936,17.4641,302.3168,0.680920
-111.0266,17.4773,302.6073,0.681004
-111.2615,17.4904,302.8959,0.681087
-111.4985,17.5034,303.1826,0.681168
-111.7375,17.5163,303.4672,0.681252
-111.9518,17.5276,303.7185,0.681327
-112.1945,17.5399,303.9990,0.681409
-112.4393,17.5518,304.2782,0.681495
-112.6585,17.5623,304.5248,0.681570
-112.9071,17.5741,304.8002,0.681654
-113.1297,17.5843,305.0432,0.681732
-113.3824,17.5958,305.3151,0.681819
-113.6366,17.6070,305.5842,0.681906
-113.8931,17.6180,305.8518,0.681993
-114.1514,17.6291,306.1172,0.682075
-114.3827,17.6387,306.3515,0.682152
-114.6447,17.6496,306.6131,0.682238
-114.9087,17.6603,306.8726,0.682321
-115.1449,17.6696,307.1014,0.682400
-115.4126,17.6804,307.3568,0.682483
-115.6820,17.6907,307.6102,0.682565
-115.9231,17.7002,307.8336,0.682640
-116.1960,17.7105,308.0829,0.682719
-116.4707,17.7207,308.3301,0.682808
-116.7165,17.7301,308.5480,0.682875
-116.9946,17.7402,308.7910,0.682952
-117.2437,17.7493,309.0057,0.683028
-117.5248,17.7596,309.2441,0.683109
-117.7764,17.7685,309.4546,0.683182
-118.0616,17.7789,309.6898,0.683261
-118.3476,17.7889,309.9218,0.683342
-118.6358,17.7988,310.1520,0.683422
-118.8935,17.8082,310.3548,0.683499
-119.1848,17.8181,310.5807,0.683577
-119.4451,17.8269,310.7796,0.683646
-119.7398,17.8375,311.0013,0.683736
-120.0030,17.8463,311.1963,0.683805
-120.3012,17.8563,311.4141,0.683884
-120.5666,17.8658,311.6045,0.683956
-120.8671,17.8757,311.8170,0.684035
-121.2036,17.8872,312.0512,0.684126
-121.5070,17.8975,312.2581,0.684206
-121.7783,17.9064,312.4405,0.684273
-122.0857,17.9170,312.6441,0.684357
-122.3934,17.9274,312.8440,0.684440
-122.7030,17.9375,313.0420,0.684518
-122.9801,17.9473,313.2166,0.684593
-123.2917,17.9578,313.4093,0.684673
-123.6052,17.9679,313.6002,0.684750
-123.8859,17.9778,313.7685,0.684818
-124.2012,17.9885,313.9542,0.684904
-124.5185,17.9988,314.1382,0.684987
-124.8378,18.0103,314.3205,0.685067
-125.1212,18.0200,314.4794,0.685139
-125.4417,18.0305,314.6568,0.685223
-125.7643,18.0422,314.8327,0.685301
-126.0865,18.0533,315.0052,0.685389
-126.4104,18.0641,315.1761,0.685471
-126.7365,18.0762,315.3455,0.685551
-127.0620,18.0876,315.5112,0.685634
-127.3893,18.0986,315.6754,0.685718
-127.6823,18.1097,315.8202,0.685790
-128.0111,18.1216,315.9795,0.685875
-128.3049,18.1316,316.1198,0.685950
-128.6744,18.1456,316.2934,0.686036
-129.0063,18.1578,316.4459,0.686116
-129.3400,18.1694,316.5969,0.686205
-129.6387,18.1809,316.7298,0.686270
-129.9735,18.1938,316.8757,0.686354
-130.2727,18.2043,317.0041,0.686424
-130.6115,18.2173,317.1470,0.686496
-130.9490,18.2308,317.2864,0.686581
-131.2884,18.2430,317.4241,0.686660
-131.6300,18.2562,317.5602,0.686736
-131.9701,18.2703,317.6926,0.686815
-132.3120,18.2829,317.8235,0.686894
-132.6561,18.2963,317.9528,0.686972
-132.9611,18.3094,318.0654,0.687044
-133.3042,18.3226,318.1894,0.687122
-133.6503,18.3359,318.3125,0.687202
-133.9571,18.3495,318.4197,0.687271
-134.3020,18.3635,318.5377,0.687348
-134.6485,18.3769,318.6542,0.687429
-134.9586,18.3907,318.7565,0.687498
-135.3052,18.4056,318.8683,0.687578
-135.6537,18.4194,318.9786,0.687666
-136.0043,18.4348,319.0873,0.687746
-136.3528,18.4505,319.1927,0.687825
-136.6641,18.4632,319.2852,0.687901
-137.0165,18.4782,319.3876,0.687982
-137.3678,18.4949,319.4874,0.688065
-137.6794,18.5082,319.5736,0.688139
-138.0316,18.5228,319.6692,0.688225
-138.3468,18.5380,319.7528,0.688296
-138.6986,18.5543,319.8437,0.688381
-139.0520,18.5694,319.9328,0.688460
-139.4074,18.5860,320.0201,0.688545
-139.7601,18.6032,320.1042,0.688628
-140.1143,18.6188,320.1866,0.688709
-140.4707,18.6348,320.2671,0.688785
-140.8252,18.6529,320.3451,0.688869
-141.1395,18.6674,320.4120,0.688943
-141.4945,18.6833,320.4859,0.689026
-141.8514,18.7011,320.5579,0.689102
-142.2054,18.7189,320.6271,0.689187
-142.5608,18.7352,320.6945,0.689263
-142.9181,18.7522,320.7601,0.689346
-143.2734,18.7712,320.8237,0.689426
-143.6275,18.7881,320.8846,0.689505
-143.9829,18.8048,320.9443,0.689589
-144.3401,18.8235,321.0023,0.689667
-144.6940,18.8418,321.0579,0.689750
-145.0491,18.8590,321.1120,0.689827
-145.4451,18.8787,321.1701,0.689919
-145.7980,18.8983,321.2201,0.690002
-146.1519,18.9159,321.2688,0.690084
-146.5053,18.9334,321.3157,0.690163
-146.8601,18.9523,321.3611,0.690241
-147.2111,18.9713,321.4046,0.690327
-147.5629,18.9892,321.4468,0.690409
-147.9143,19.0070,321.4875,0.690494
-148.2670,19.0268,321.5268,0.690577
-148.6159,19.0455,321.5643,0.690657
-148.9657,19.0636,321.6005,0.690743
-149.3150,19.0817,321.6353,0.690835
-149.6641,19.1010,321.6685,0.690916
-150.0122,19.1195,321.7006,0.690999
-150.3994,19.1414,321.7345,0.691093
-150.7460,19.1612,321.7639,0.691181
-151.0920,19.1810,321.7921,0.691273
-151.4373,19.2007,321.8195,0.691353
-151.7819,19.2203,321.8461,0.691436
-152.1251,19.2393,321.8720,0.691521
-152.4683,19.2581,321.8974,0.691613
-152.8107,19.2769,321.9223,0.691699
-153.1902,19.2977,321.9493,0.691792
-153.5309,19.3163,321.9733,0.691880
-153.8702,19.3344,321.9969,0.691963
-154.2093,19.3520,322.0205,0.692046
-154.5477,19.3696,322.0441,0.692128
-154.8852,19.3871,322.0679,0.692212
-155.2219,19.4046,322.0919,0.692292
-155.5570,19.4219,322.1160,0.692379
-155.9292,19.4402,322.1437,0.692471
-156.2632,19.4566,322.1694,0.692557
-156.5964,19.4731,322.1953,0.692639
-156.9286,19.4895,322.2218,0.692722
-157.2595,19.5057,322.2486,0.692810
-157.5897,19.5215,322.2764,0.692893
-157.9189,19.5373,322.3049,0.692978
-158.2472,19.5530,322.3342,0.693061
-158.5745,19.5688,322.3643,0.693147
-158.8639,19.5825,322.3912,0.693226
-159.2260,19.5991,322.4263,0.693315
-159.5505,19.6145,322.4590,0.693401
-159.8742,19.6299,322.4925,0.693484
-160.1972,19.6453,322.5266,0.693568
-160.5186,19.6605,322.5605,0.693650
-160.8404,19.6746,322.5957,0.693737
-161.1624,19.6890,322.6317,0.693819
-161.4830,19.7042,322.6688,0.693904
-161.8029,19.7194,322.7066,0.693987
-162.0867,19.7329,322.7405,0.694069
-162.4043,19.7471,322.7784,0.694149
-162.7225,19.7606,322.8177,0.694232
-163.0402,19.7742,322.8579,0.694315
-163.3585,19.7892,322.8991,0.694402
-163.6748,19.8045,322.9411,0.694481
-163.9903,19.8197,322.9835,0.694572
-164.3040,19.8331,323.0254,0.694649
-164.6184,19.8466,323.0689,0.694730
-164.9323,19.8600,323.1137,0.694818
-165.2107,19.8719,323.1544,0.694890
-165.5250,19.8879,323.2010,0.694971
-165.8702,19.9051,323.2536,0.695065
-166.1462,19.9185,323.2965,0.695138
-166.4562,19.9337,323.3456,0.695221
-166.7646,19.9484,323.3959,0.695303
-167.0727,19.9617,323.4467,0.695387
-167.3467,19.9730,323.4933,0.695459
-167.6543,19.9856,323.5467,0.695539
-167.9612,19.9982,323.6010,0.695626
-168.2672,20.0108,323.6560,0.695700
-168.5720,20.0221,323.7112,0.695785
-168.8769,20.0332,323.7678,0.695866
-169.1812,20.0443,323.8254,0.695950
-169.4500,20.0635,323.9019,0.696017
-169.7518,20.0786,323.9618,0.696106
-170.0544,20.0931,324.0229,0.696188
-170.3553,20.1072,324.0836,0.696266
-170.6259,20.1196,324.1394,0.696340
-170.9285,20.1339,324.2032,0.696421
-171.2299,20.1458,324.2666,0.696500
-171.5325,20.1583,324.3321,0.696585
-171.8321,20.1696,324.3962,0.696665
-172.1386,20.1808,324.4633,0.696747
-172.4079,20.1921,324.5230,0.696823
-172.7076,20.2018,324.5886,0.696904
-173.0131,20.2135,324.6572,0.696984
-173.3155,20.2253,324.7263,0.697070
-173.6185,20.2371,324.7964,0.697152
-173.8873,20.2481,324.8594,0.697226
-174.1887,20.2599,324.9301,0.697309
-174.4910,20.2709,325.0020,0.697388
-174.7597,20.2807,325.0664,0.697461
-175.0599,20.2898,325.1383,0.697544
-175.3653,20.3007,325.2134,0.697630
-175.6641,20.3128,325.2863,0.697712
-175.9324,20.3200,325.3542,0.697785
-176.2373,20.3314,325.4316,0.697871
-176.5385,20.3431,325.5087,0.697956
-176.8405,20.3541,325.5875,0.698036
-177.1439,20.3665,325.6676,0.698120
-177.4471,20.3794,325.7491,0.698205
-177.7497,20.3928,325.8309,0.698294
-178.0195,20.4043,325.9043,0.698363
-178.3228,20.4165,325.9869,0.698449
-178.5956,20.4274,326.0625,0.698524
-178.9011,20.4414,326.1483,0.698610
-179.2051,20.4527,326.2331,0.698696
-179.4802,20.4640,326.3123,0.698769
-179.7876,20.4781,326.4017,0.698853
-180.0945,20.4904,326.4911,0.698943
-180.4046,20.5043,326.5833,0.699028
-180.7144,20.5185,326.6770,0.699118
-180.9902,20.5313,326.7612,0.699193
-181.3361,20.5472,326.8682,0.699287
-181.6140,20.5603,326.9554,0.699364
-181.9274,20.5755,327.0545,0.699454
-182.2418,20.5908,327.1548,0.699541
-182.5210,20.6035,327.2436,0.699622
-182.8381,20.6179,327.3470,0.699712
-183.1201,20.6313,327.4399,0.699789
-183.4375,20.6460,327.5454,0.699879
-183.7576,20.6617,327.6536,0.699966
-184.0772,20.6781,327.7627,0.700062
-184.3979,20.6947,327.8733,0.700150
-184.6831,20.7089,327.9726,0.700230
-185.0053,20.7250,328.0863,0.700323
-185.3288,20.7419,328.2025,0.700415
-185.6528,20.7589,328.3197,0.700505
-185.9783,20.7762,328.4393,0.700596
-186.2590,20.7899,328.5320,0.700679
-186.5984,20.8063,328.6604,0.700770
-186.8894,20.8240,328.7703,0.700856
-187.2176,20.8440,328.8954,0.700949
-187.5101,20.8618,329.0077,0.701031
-187.8385,20.8808,329.1342,0.701126
-188.1697,20.8980,329.2634,0.701221
-188.4650,20.9134,329.3799,0.701303
-188.7980,20.9308,329.5126,0.701399
-189.1318,20.9483,329.6469,0.701496
-189.4665,20.9660,329.7829,0.701588
-189.8017,20.9839,329.9205,0.701686
-190.1377,21.0019,330.0600,0.701779
-190.4744,21.0199,330.2014,0.701879
-190.7744,21.0361,330.3289,0.701966
-191.1127,21.0544,330.4739,0.702060
-191.4519,21.0729,330.6209,0.702159
-191.7919,21.0916,330.7697,0.702257
-192.0948,21.1082,330.9036,0.702343
-192.4361,21.1270,331.0562,0.702443
-192.7780,21.1459,331.2107,0.702541
-193.0826,21.1629,331.3498,0.702627
-193.4259,21.1821,331.5081,0.702727
-193.7317,21.1992,331.6505,0.702815
-194.0763,21.2186,331.8126,0.702915
-194.4215,21.2380,331.9767,0.703021
-194.7674,21.2575,332.1429,0.703120
-195.1138,21.2772,332.3112,0.703220
-195.4223,21.2948,332.4626,0.703310
-195.8471,21.3190,332.6733,0.703432
-196.2342,21.3412,332.8676,0.703550
-196.5443,21.3590,333.0248,0.703636
-196.8548,21.3768,333.1838,0.703729
-197.2047,21.3971,333.3647,0.703835
-197.5551,21.4174,333.5477,0.703938
-197.8671,21.4355,333.7121,0.704032
-198.1795,21.4536,333.8781,0.704125
-198.5313,21.4741,334.0670,0.704230
-198.8445,21.4924,334.2366,0.704325
-199.1971,21.5131,334.4297,0.704428
-199.5502,21.5339,334.6249,0.704536
-199.8645,21.5524,334.8002,0.704628
-200.2184,21.5732,334.9995,0.704734
-200.5333,21.5918,335.1785,0.704831
-200.8880,21.6129,335.3822,0.704935
-201.2430,21.6341,335.5879,0.705045
-201.5589,21.6529,335.7726,0.705142
-201.9147,21.6741,335.9824,0.705250
-202.2709,21.6954,336.1944,0.705356
-202.6274,21.7168,336.4087,0.705464
-202.9446,21.7360,336.6012,0.705563
-203.3017,21.7575,336.8195,0.705672
-203.6592,21.7790,337.0401,0.705781
-203.9774,21.7982,337.2380,0.705878
-204.3355,21.8199,337.4628,0.705990
-204.6940,21.8418,337.6899,0.706098
-205.0527,21.8636,337.9191,0.706209
-205.3718,21.8831,338.1246,0.706309
-205.7310,21.9050,338.3578,0.706421
-206.0506,21.9246,338.5671,0.706521
-206.4102,21.9467,338.8049,0.706632
-206.7299,21.9665,339.0179,0.706730
-207.0899,21.9886,339.2597,0.706848
-207.4501,22.0108,339.5037,0.706961
-207.8105,22.0330,339.7500,0.707073
-208.1711,22.0554,339.9988,0.707189
-208.5314,22.0780,340.2496,0.707301
-208.8922,22.1004,340.5027,0.707417
-209.2532,22.1228,340.7581,0.707532
-209.6143,22.1453,341.0156,0.707646
-209.9757,22.1679,341.2757,0.707761
-210.2969,22.1883,341.5086,0.707865
-210.6583,22.2109,341.7725,0.707982
-211.0201,22.2335,342.0386,0.708099
-211.3822,22.2562,342.3069,0.708217
-211.7444,22.2790,342.5776,0.708332
-212.1068,22.3021,342.8503,0.708450
-212.4692,22.3249,343.1249,0.708568
-212.7918,22.3452,343.3708,0.708672
-213.1548,22.3680,343.6494,0.708792
-213.5181,22.3912,343.9303,0.708912
-213.8813,22.4144,344.2130,0.709030
-214.2449,22.4374,344.4977,0.709149
-214.6087,22.4604,344.7845,0.709268
-214.9727,22.4834,345.0735,0.709387
-215.2964,22.5043,345.3319,0.709497
-215.6604,22.5276,345.6243,0.709618
-216.0249,22.5506,345.9186,0.709738
-216.3897,22.5737,346.2148,0.709860
-216.7142,22.5944,346.4799,0.709969
-217.0795,22.6180,346.7796,0.710090
-217.4448,22.6412,347.0808,0.710211
-217.8107,22.6643,347.3839,0.710334
-218.1768,22.6876,347.6888,0.710456
-218.5429,22.7112,347.9952,0.710579
-218.9086,22.7346,348.3029,0.710701
-219.2746,22.7575,348.6121,0.710827
-219.5998,22.7781,348.8885,0.710936
-219.9655,22.8016,349.2007,0.711059
-220.2903,22.8225,349.4795,0.711169
-220.6554,22.8453,349.7940,0.711292
-221.0208,22.8682,350.1107,0.711416
-221.3454,22.8890,350.3931,0.711527
-221.7103,22.9124,350.7122,0.711652
-222.0342,22.9326,350.9968,0.711762
-222.3991,22.9553,351.3190,0.711887
-222.7636,22.9785,351.6423,0.712011
-223.0875,22.9991,351.9310,0.712121
-223.4513,23.0216,352.2567,0.712247
-223.8156,23.0441,352.5846,0.712372
-224.1794,23.0671,352.9136,0.712498
-224.5022,23.0875,353.2069,0.712611
-224.8657,23.1093,353.5387,0.712738
-225.1888,23.1294,353.8353,0.712849
-225.5519,23.1521,354.1700,0.712976
-225.9143,23.1740,354.5056,0.713103
-226.2367,23.1932,354.8057,0.713216
-226.5992,23.2151,355.1445,0.713343
-226.9212,23.2345,355.4470,0.713456
-227.2836,23.2575,355.7891,0.713583
-227.6452,23.2810,356.1325,0.713711
-228.0063,23.3046,356.4771,0.713838
-228.3678,23.3285,356.8233,0.713966
-228.7287,23.3530,357.1709,0.714094
-229.0895,23.3778,357.5198,0.714223
-229.4501,23.4026,357.8701,0.714352
-229.7707,23.4251,358.1828,0.714466
-230.1310,23.4507,358.5358,0.714595
-230.4510,23.4737,358.8505,0.714709
-230.8110,23.4996,359.2057,0.714839
-231.1709,23.5259,359.5625,0.714968
-231.4905,23.5495,359.8809,0.715085
-231.8499,23.5763,360.2400,0.715214
-232.1693,23.6002,360.5602,0.715330
-232.5284,23.6269,360.9217,0.715460
-232.8874,23.6539,361.2846,0.715591
-233.2464,23.6810,361.6486,0.715722
-233.5653,23.7051,361.9732,0.715838
-233.9241,23.7322,362.3394,0.715969
-234.2828,23.7598,362.7071,0.716101
-234.6415,23.7874,363.0757,0.716232
-234.9603,23.8120,363.4043,0.716349
-235.3189,23.8391,363.7750,0.716481
-235.6779,23.8666,364.1468,0.716613
-235.9970,23.8911,364.4782,0.716730
-236.3560,23.9187,364.8516,0.716863
-236.6757,23.9425,365.1848,0.716981
-237.0356,23.9698,365.5602,0.717114
-237.3960,23.9970,365.9363,0.717247
-237.7565,24.0241,366.3129,0.717380
-238.0776,24.0476,366.6489,0.717499
-238.4392,24.0744,367.0273,0.717632
-238.8011,24.1011,367.4063,0.717766
-239.2034,24.1303,367.8280,0.717915
-239.5662,24.1561,368.2090,0.718050
-239.8890,24.1793,368.5480,0.718169
-240.2929,24.2083,368.9726,0.718319
-240.7373,24.2381,369.4399,0.718484
-241.0613,24.2595,369.7810,0.718604
-241.4263,24.2840,370.1657,0.718739
-241.7509,24.3060,370.5080,0.718859
-242.1163,24.3308,370.8938,0.718995
-242.4415,24.3529,371.2373,0.719116
-242.8075,24.3779,371.6243,0.719252
-243.1740,24.4028,372.0120,0.719388
-243.5408,24.4280,372.4007,0.719524
-243.9079,24.4533,372.7901,0.719661
-244.2751,24.4786,373.1802,0.719798
-244.6017,24.5012,373.5276,0.719919
-244.9694,24.5268,373.9192,0.720057
-245.2963,24.5495,374.2678,0.720179
-245.6643,24.5751,374.6608,0.720316
-245.9917,24.5980,375.0109,0.720439
-246.3189,24.6210,375.3615,0.720561
-246.6871,24.6470,375.7565,0.720699
-247.0553,24.6729,376.1523,0.720835
-247.3824,24.6961,376.5047,0.720958
-247.7504,24.7222,376.9019,0.721097
-248.1182,24.7482,377.3000,0.721234
-248.4860,24.7744,377.6989,0.721374
-248.8127,24.7977,378.0542,0.721498
-249.1801,24.8240,378.4546,0.721637
-249.5064,24.8474,378.8111,0.721760
-249.8731,24.8738,379.2130,0.721899
-250.1989,24.8972,379.5710,0.722023
-250.5649,24.9237,379.9745,0.722163
-250.8899,24.9472,380.3339,0.722286
-251.2550,24.9737,380.7391,0.722426
-251.5790,24.9972,381.1001,0.722549
-251.9429,25.0239,381.5070,0.722689
-252.3062,25.0505,381.9147,0.722828
-252.6686,25.0771,382.3233,0.722969
-252.9901,25.1008,382.6870,0.723092
-253.3509,25.1275,383.0967,0.723231
-253.7107,25.1543,383.5070,0.723371
-254.0694,25.1810,383.9180,0.723510
-254.3875,25.2047,384.2837,0.723634
-254.7046,25.2284,384.6498,0.723758
-255.0603,25.2552,385.0622,0.723897
-255.4149,25.2819,385.4752,0.724036
-255.8074,25.3115,385.9346,0.724191
-256.1205,25.3353,386.3026,0.724314
-256.4715,25.3620,386.7172,0.724453
-256.8602,25.3917,387.1783,0.724607
-257.1701,25.4155,387.5478,0.724731
-257.5177,25.4423,387.9640,0.724870
-257.8639,25.4691,388.3806,0.725008
-258.2089,25.4958,388.7976,0.725145
-258.5146,25.5196,389.1686,0.725267
-258.8572,25.5464,389.5865,0.725405
-259.1608,25.5702,389.9583,0.725527
-259.5011,25.5970,390.3770,0.725666
-259.8400,25.6237,390.7961,0.725802
-260.1402,25.6475,391.1689,0.725925
-260.4767,25.6743,391.5887,0.726060
-260.7747,25.6980,391.9621,0.726184
-261.1088,25.7248,392.3824,0.726320
-261.4416,25.7515,392.8029,0.726457
-261.7364,25.7753,393.1771,0.726578
-262.0668,25.8023,393.5981,0.726713
-262.3959,25.8292,394.0192,0.726850
-262.7239,25.8561,394.4405,0.726985
-263.0508,25.8833,394.8621,0.727124
-263.3402,25.9075,395.2368,0.727243
-263.6580,25.9395,395.6644,0.727381
-263.9447,25.9655,396.0394,0.727499
-264.2662,25.9948,396.4615,0.727633
-264.5513,26.0207,396.8365,0.727753
-264.8716,26.0495,397.2581,0.727885
-265.1551,26.0752,397.6334,0.728006
-265.4697,26.1092,398.0587,0.728141
-265.7868,26.1396,398.4808,0.728274
-266.1067,26.1651,398.8999,0.728409
-266.4228,26.1949,399.3219,0.728542
-266.7380,26.2249,399.7433,0.728678
-267.0529,26.2546,400.1644,0.728807
-267.3675,26.2845,400.5851,0.728942
-267.6466,26.3111,400.9590,0.729059
-267.9601,26.3412,401.3785,0.729193
-268.2385,26.3677,401.7513,0.729312
-268.5515,26.3976,402.1703,0.729444
-268.8290,26.4246,402.5428,0.729559
-269.1405,26.4552,402.9605,0.729691
-269.4172,26.4820,403.3321,0.729810
-269.7281,26.5123,403.7491,0.729943
-270.0385,26.5427,404.1662,0.730075
-270.3136,26.5694,404.5358,0.730190
-270.6232,26.5983,404.9513,0.730320
-270.9328,26.6282,405.3674,0.730452
-271.2754,26.6631,405.8290,0.730599
-271.5487,26.6894,406.1966,0.730714
-271.8565,26.7189,406.6104,0.730843
-272.1638,26.7487,407.0240,0.730974
-272.4705,26.7789,407.4365,0.731105
-272.7426,26.8055,407.8026,0.731220
-273.0482,26.8352,408.2134,0.731349
-273.3531,26.8650,408.6240,0.731480
-273.6234,26.8913,408.9876,0.731595
-273.9271,26.9203,409.3956,0.731721
-274.2299,26.9490,409.8029,0.731850
-274.4981,26.9769,410.1657,0.731964
-274.7984,27.0060,410.5698,0.732094
-275.0983,27.0353,410.9734,0.732220
-275.3973,27.0644,411.3760,0.732347
-275.6948,27.0935,411.7763,0.732474
-275.9912,27.1223,412.1756,0.732599
-276.2535,27.1476,412.5283,0.732710
-276.5475,27.1758,412.9238,0.732835
-276.8399,27.2039,413.3171,0.732955
-277.0984,27.2292,413.6654,0.733063
-277.3875,27.2565,414.0540,0.733190
-277.6753,27.2830,414.4405,0.733312
-277.9616,27.3101,414.8254,0.733433
-278.2143,27.3351,415.1663,0.733540
-278.4968,27.3614,415.5454,0.733660
-278.7783,27.3878,415.9229,0.733778
-279.0582,27.4141,416.2980,0.733897
-279.3365,27.4403,416.6707,0.734015
-279.6138,27.4659,417.0406,0.734130
-279.8895,27.4916,417.4080,0.734246
-280.1646,27.5165,417.7727,0.734362
-280.4082,27.5388,418.0953,0.734463
-280.6812,27.5634,418.4545,0.734577
-280.9536,27.5879,418.8112,0.734691
-281.2286,27.6099,419.1455,0.734804
-281.4729,27.6304,419.4728,0.734899
-281.7428,27.6554,419.8213,0.735014
-282.0126,27.6802,420.1667,0.735121
-282.2819,27.7045,420.5095,0.735231
-282.5514,27.7289,420.8487,0.735342
-282.8207,27.7530,421.1850,0.735448
-283.0901,27.7771,421.5182,0.735552
-283.3596,27.8009,421.8487,0.735659
-283.6288,27.8238,422.1768,0.735768
-283.8985,27.8472,422.5019,0.735871
-284.1684,27.8704,422.8242,0.735973
-284.4385,27.8935,423.1434,0.736074
-284.6791,27.9138,423.4247,0.736167
-284.9499,27.9354,423.7379,0.736267
-285.2214,27.9576,424.0496,0.736365
-285.4935,27.9798,424.3573,0.736465
-285.7664,28.0018,424.6617,0.736562
-286.0405,28.0236,424.9631,0.736658
-286.3155,28.0444,425.2614,0.736757
-286.5925,28.0649,425.5580,0.736854
-286.8708,28.0860,425.8534,0.736951
-287.1511,28.1071,426.1457,0.737044
-287.4335,28.1281,426.4354,0.737141
-287.6857,28.1464,426.6906,0.737229
-287.9718,28.1661,426.9762,0.737325
-288.2597,28.1857,427.2597,0.737415
-288.5494,28.2051,427.5410,0.737510
-288.8085,28.2230,427.7897,0.737595
-289.1021,28.2431,428.0660,0.737693
-289.3643,28.2604,428.3089,0.737776
-289.6616,28.2791,428.5806,0.737870
-289.9606,28.2976,428.8499,0.737961
-290.2279,28.3139,429.0874,0.738043
-290.5306,28.3322,429.3519,0.738139
-290.8351,28.3502,429.6136,0.738236
-291.1395,28.3680,429.8710,0.738324
-291.4475,28.3817,430.1276,0.738419
-291.7223,28.3937,430.3540,0.738497
-292.0330,28.4071,430.6067,0.738593
-292.3454,28.4204,430.8568,0.738682
-292.6249,28.4321,431.0766,0.738758
-292.9413,28.4451,431.3211,0.738851
-293.2242,28.4565,431.5362,0.738931
-293.5446,28.4700,431.7758,0.739020
-293.8664,28.4830,432.0125,0.739107
-294.1540,28.4945,432.2204,0.739188
-294.4793,28.5073,432.4513,0.739272
-294.8063,28.5198,432.6791,0.739363
-295.1351,28.5322,432.9041,0.739449
-295.4294,28.5435,433.1021,0.739523
-295.7612,28.5563,433.3209,0.739608
-296.0951,28.5687,433.5372,0.739697
-296.4678,28.5823,433.7741,0.739791
-296.7673,28.5930,433.9610,0.739867
-297.1057,28.6048,434.1685,0.739952
-297.4084,28.6153,434.3509,0.740028
-297.7498,28.6280,434.5526,0.740113
-298.0544,28.6385,434.7289,0.740188
-298.3987,28.6503,434.9248,0.740270
-298.7058,28.6606,435.0965,0.740341
-299.0526,28.6720,435.2869,0.740423
-299.4008,28.6833,435.4742,0.740505
-299.7509,28.6952,435.6588,0.740588
-300.0627,28.7055,435.8195,0.740655
-300.4151,28.7168,435.9977,0.740739
-300.7293,28.7267,436.1535,0.740810
-301.0839,28.7377,436.3261,0.740892
-301.4000,28.7473,436.4771,0.740959
-301.7574,28.7584,436.6441,0.741048
-302.1155,28.7697,436.8075,0.741126
-302.4350,28.7793,436.9502,0.741192
-302.7953,28.7900,437.1077,0.741272
-303.1569,28.8005,437.2623,0.741355
-303.4790,28.8097,437.3972,0.741426
-303.8429,28.8202,437.5462,0.741508
-304.2076,28.8310,437.6917,0.741585
-304.5732,28.8414,437.8337,0.741667
-304.8990,28.8504,437.9575,0.741738
-305.2666,28.8604,438.0938,0.741818
-305.6349,28.8703,438.2271,0.741897
-305.9637,28.8792,438.3431,0.741967
-306.3339,28.8894,438.4702,0.742045
-306.7050,28.8994,438.5938,0.742123
-307.0355,28.9081,438.7008,0.742194
-307.4081,28.9177,438.8183,0.742272
-307.7398,28.9260,438.9200,0.742342
-308.1141,28.9356,439.0314,0.742420
-308.4470,28.9442,439.1274,0.742487
-308.8222,28.9537,439.2321,0.742570
-309.1979,28.9630,439.3335,0.742643
-309.5743,28.9721,439.4316,0.742720
-309.9093,28.9800,439.5162,0.742790
-310.2871,28.9891,439.6084,0.742869
-310.6653,28.9983,439.6970,0.742945
-311.0019,29.0064,439.7729,0.743018
-311.3811,29.0152,439.8551,0.743091
-311.7609,29.0239,439.9339,0.743171
-312.0990,29.0315,440.0012,0.743239
-312.4803,29.0401,440.0737,0.743314
-312.8193,29.0479,440.1351,0.743382
-313.2014,29.0565,440.2007,0.743461
-313.5837,29.0650,440.2626,0.743535
-313.9666,29.0732,440.3210,0.743616
-314.3500,29.0811,440.3757,0.743685
-314.7342,29.0894,440.4268,0.743764
-315.0757,29.0967,440.4688,0.743827
-315.4602,29.1049,440.5125,0.743900
-315.8022,29.1119,440.5481,0.743971
-316.1873,29.1196,440.5846,0.744040
-316.5726,29.1271,440.6174,0.744112
-316.9158,29.1340,440.6432,0.744175
-317.3014,29.1418,440.6684,0.744247
-317.6442,29.1485,440.6873,0.744309
-318.0728,29.1567,440.7065,0.744387
-318.4156,29.1631,440.7182,0.744451
-318.8013,29.1700,440.7276,0.744525
-319.1444,29.1764,440.7325,0.744585
-319.5296,29.1837,440.7340,0.744656
-319.9148,29.1908,440.7312,0.744727
-320.2567,29.1968,440.7252,0.744786
-320.6411,29.2034,440.7148,0.744858
-321.0253,29.2098,440.7004,0.744926
-321.4096,29.2165,440.6818,0.744995
-321.7505,29.2226,440.6618,0.745058
-322.1336,29.2292,440.6354,0.745123
-322.4736,29.2348,440.6085,0.745187
-322.8557,29.2409,440.5745,0.745257
-323.2374,29.2467,440.5367,0.745321
-323.5768,29.2523,440.4995,0.745382
-323.9573,29.2587,440.4538,0.745450
-324.3371,29.2648,440.4040,0.745519
-324.7161,29.2707,440.3502,0.745578
-325.0945,29.2764,440.2925,0.745645
-325.4721,29.2818,440.2310,0.745709
-325.8079,29.2869,440.1729,0.745769
-326.1839,29.2930,440.1036,0.745835
-326.5174,29.2982,440.0387,0.745896
-326.8916,29.3037,439.9619,0.745961
-327.2234,29.3084,439.8904,0.746016
-327.5959,29.3135,439.8063,0.746081
-327.9682,29.3186,439.7180,0.746145
-328.3385,29.3245,439.6259,0.746207
-328.7076,29.3300,439.5296,0.746271
-329.0347,29.3346,439.4407,0.746330
-329.4015,29.3396,439.3370,0.746393
-329.7671,29.3443,439.2296,0.746456
-330.1325,29.3489,439.1179,0.746519
-330.4553,29.3539,439.0155,0.746576
-330.8169,29.3592,438.8963,0.746634
-331.1771,29.3641,438.7732,0.746697
-331.4960,29.3683,438.6607,0.746755
-331.8535,29.3727,438.5307,0.746815
-332.2095,29.3769,438.3968,0.746885
-332.5256,29.3813,438.2741,0.746935
-332.8783,29.3865,438.1327,0.747000
-333.1904,29.3907,438.0036,0.747056
-333.5399,29.3953,437.8549,0.747118
-333.8877,29.3995,437.7026,0.747185
-334.2339,29.4035,437.5467,0.747243
-334.5793,29.4075,437.3863,0.747310
-334.9216,29.4126,437.2225,0.747375
-335.2618,29.4172,437.0545,0.747433
-335.6000,29.4215,436.8827,0.747495
-335.8990,29.4251,436.7269,0.747560
-336.2335,29.4288,436.5481,0.747614
-336.5658,29.4323,436.3653,0.747680
-336.8966,29.4365,436.1776,0.747745
-337.2234,29.4410,435.9865,0.747808
-337.5479,29.4450,435.7913,0.747865
-337.8698,29.4488,435.5924,0.747933
-338.1893,29.4523,435.3901,0.747991
-338.5063,29.4554,435.1841,0.748057
-338.8215,29.4583,434.9736,0.748116
-339.1326,29.4626,434.7600,0.748174
-339.4409,29.4665,434.5426,0.748236
-339.7463,29.4701,434.3217,0.748301
-340.0490,29.4733,434.0975,0.748356
-340.3490,29.4763,433.8700,0.748415
-340.6461,29.4790,433.6389,0.748484
-340.9409,29.4817,433.4032,0.748538
-341.2315,29.4855,433.1648,0.748600
-341.5188,29.4889,432.9226,0.748657
-341.8029,29.4920,432.6771,0.748720
-342.0840,29.4948,432.4282,0.748782
-342.3618,29.4972,432.1761,0.748843
-342.6363,29.4993,431.9203,0.748900
-342.9078,29.5015,431.6602,0.748959
-343.1748,29.5046,431.3975,0.749021
-343.4672,29.5076,431.1014,0.749088
-343.6978,29.5098,430.8618,0.749140
-343.9540,29.5119,430.5892,0.749200
-344.2065,29.5137,430.3137,0.749266
-344.4553,29.5151,430.0349,0.749324
-344.7000,29.5161,429.7530,0.749380
-344.9148,29.5180,429.4988,0.749434
-345.1519,29.5201,429.2108,0.749497
-345.3851,29.5218,428.9200,0.749560
-345.6146,29.5233,428.6263,0.749619
-345.8652,29.5244,428.2969,0.749682
-346.0622,29.5251,428.0308,0.749739
-346.2798,29.5254,427.7288,0.749798
-346.5174,29.5265,427.3889,0.749865
-346.7262,29.5278,427.0808,0.749925
-346.9308,29.5287,426.7703,0.749981
-347.1314,29.5294,426.4572,0.750044
-347.3282,29.5297,426.1419,0.750104
-347.5209,29.5297,425.8241,0.750165
-347.7093,29.5293,425.5040,0.750225
-347.8737,29.5292,425.2165,0.750274
-348.0539,29.5298,424.8919,0.750334
-348.2491,29.5301,424.5286,0.750406
-348.4016,29.5301,424.2363,0.750456
-348.5695,29.5298,423.9057,0.750510
-348.7512,29.5290,423.5361,0.750585
-348.9104,29.5279,423.2014,0.750650
-349.0658,29.5272,422.8639,0.750709
-349.2327,29.5270,422.4877,0.750777
-349.3783,29.5266,422.1473,0.750834
-349.5200,29.5259,421.8053,0.750899
-349.6576,29.5248,421.4617,0.750954
-349.7911,29.5234,421.1165,0.751010
-349.9205,29.5217,420.7698,0.751077
-350.0322,29.5205,420.4592,0.751131
-350.1533,29.5198,420.1094,0.751191
-350.2700,29.5187,419.7580,0.751251
-350.3949,29.5171,419.3659,0.751319
-350.5031,29.5155,419.0116,0.751383
-350.6072,29.5134,418.6560,0.751445
-350.7180,29.5107,418.2591,0.751513
-350.8135,29.5092,417.8997,0.751579
-350.9141,29.5075,417.4998,0.751644
-351.0002,29.5056,417.1387,0.751709
-351.0824,29.5035,416.7766,0.751768
-351.1606,29.5011,416.4135,0.751832
-351.2349,29.4983,416.0492,0.751897
-351.3051,29.4954,415.6831,0.751957
-351.3707,29.4934,415.3169,0.752024
-351.4318,29.4912,414.9497,0.752089
-351.4888,29.4886,414.5818,0.752150
-351.5417,29.4858,414.2130,0.752213
-351.5905,29.4827,413.8435,0.752280
-351.6353,29.4792,413.4732,0.752338
-351.6757,29.4760,413.1013,0.752408
-351.7115,29.4733,412.7296,0.752467
-351.7460,29.4699,412.3160,0.752538
-351.7726,29.4665,411.9432,0.752605
-351.7952,29.4629,411.5699,0.752670
-351.8135,29.4589,411.1963,0.752735
-351.8275,29.4547,410.8223,0.752793
-351.8370,29.4513,410.4472,0.752864
-351.8418,29.4476,410.0729,0.752923
-351.8422,29.4437,409.6985,0.752984
-351.8383,29.4394,409.3241,0.753057
-351.8303,29.4349,408.9498,0.753116
-351.8164,29.4296,408.5339,0.753193
-351.7992,29.4250,408.1590,0.753256
-351.7773,29.4206,407.7851,0.753328
-351.7476,29.4155,407.3699,0.753394
-351.7164,29.4105,406.9966,0.753456
-351.6809,29.4053,406.6236,0.753524
-351.6412,29.3998,406.2509,0.753593
-351.5969,29.3942,405.8780,0.753659
-351.5424,29.3884,405.4649,0.753729
-351.4947,29.3836,405.1350,0.753795
-351.4301,29.3772,404.7234,0.753865
-351.3676,29.3712,404.3535,0.753929
-351.3007,29.3649,403.9844,0.753994
-351.2294,29.3584,403.6160,0.754057
-351.1536,29.3522,403.2479,0.754132
-351.0732,29.3459,402.8813,0.754191
-350.9787,29.3385,402.4750,0.754272
-350.8893,29.3316,402.1104,0.754341
-350.7849,29.3237,401.7064,0.754417
-350.6863,29.3163,401.3439,0.754479
-350.5833,29.3090,400.9822,0.754546
-350.4760,29.3017,400.6221,0.754616
-350.3515,29.2933,400.2236,0.754691
-350.2351,29.2854,399.8662,0.754763
-350.1146,29.2774,399.5102,0.754833
-349.9759,29.2681,399.1162,0.754907
-349.8466,29.2598,398.7628,0.754971
-349.6983,29.2506,398.3723,0.755054
-349.5606,29.2420,398.0226,0.755115
-349.4032,29.2322,397.6357,0.755192
-349.2577,29.2231,397.2891,0.755261
-349.0919,29.2129,396.9060,0.755342
-348.9217,29.2027,396.5249,0.755420
-348.7476,29.1923,396.1465,0.755494
-348.5873,29.1829,395.8078,0.755565
-348.4056,29.1721,395.4336,0.755637
-348.2389,29.1622,395.0985,0.755712
-348.0689,29.1523,394.7654,0.755791
-347.8762,29.1411,394.3972,0.755863
-347.6993,29.1310,394.0676,0.755937
-347.5193,29.1206,393.7397,0.756005
-347.3158,29.1089,393.3772,0.756081
-347.1295,29.0982,393.0527,0.756153
-346.9191,29.0863,392.6938,0.756230
-346.7051,29.0742,392.3371,0.756310
-346.5096,29.0632,392.0178,0.756382
-346.2891,29.0507,391.6649,0.756464
-346.0878,29.0393,391.3490,0.756539
-345.8611,29.0265,390.9996,0.756621
-345.6543,29.0150,390.6870,0.756689
-345.4450,29.0034,390.3761,0.756762
-345.2095,28.9902,390.0325,0.756845
-344.9712,28.9769,389.6909,0.756927
-344.7545,28.9648,389.3849,0.756997
-344.5359,28.9526,389.0801,0.757073
-344.2908,28.9393,388.7434,0.757159
-344.0684,28.9270,388.4419,0.757227
-343.8192,28.9131,388.1082,0.757311
-343.5933,28.9005,387.8091,0.757384
-343.3406,28.8864,387.4780,0.757467
-343.0863,28.8724,387.1478,0.757553
-342.8559,28.8600,386.8521,0.757624
-342.6242,28.8473,386.5575,0.757700
-342.3909,28.8344,386.2638,0.757779
-342.1561,28.8213,385.9710,0.757851
-341.9198,28.8081,385.6790,0.757930
-341.6820,28.7952,385.3877,0.758004
-341.4427,28.7824,385.0979,0.758084
-341.1771,28.7681,384.7790,0.758175
-340.9347,28.7508,384.4913,0.758245
-340.6910,28.7334,384.2043,0.758329
-340.4189,28.7137,383.8868,0.758420
-340.1725,28.6952,383.6014,0.758497
-339.8973,28.6747,383.2856,0.758586
-339.6482,28.6567,383.0020,0.758667
-339.3709,28.6368,382.6881,0.758757
-339.1208,28.6183,382.4067,0.758840
-338.8698,28.5995,382.1249,0.758919
-338.6184,28.5806,381.8435,0.759003
-338.3661,28.5623,381.5620,0.759087
-338.0855,28.5422,381.2506,0.759181
-337.8323,28.5232,380.9704,0.759261
-337.5786,28.5041,380.6903,0.759347
-337.3242,28.4850,380.4102,0.759430
-337.0689,28.4663,380.1300,0.759515
-336.8134,28.4478,379.8510,0.759604
-336.5287,28.4264,379.5406,0.759697
-336.2718,28.4072,379.2616,0.759786
-336.0145,28.3878,378.9826,0.759868
-335.7562,28.3686,378.7032,0.759951
-335.4977,28.3498,378.4250,0.760039
-335.2386,28.3303,378.1465,0.760130
-334.9789,28.3107,377.8680,0.760219
-334.7186,28.2911,377.5896,0.760308
-334.4577,28.2715,377.3113,0.760394
-334.1959,28.2523,377.0335,0.760480
-333.9336,28.2326,376.7556,0.760571
-333.6707,28.2129,376.4779,0.760657
-333.4073,28.1931,376.2003,0.760750
-333.1432,28.1732,375.9228,0.760839
-332.8781,28.1534,375.6452,0.760927
-332.6128,28.1336,375.3687,0.761019
-332.3224,28.1165,375.0548,0.761123
-332.0563,28.0976,374.7777,0.761209
-331.7893,28.0786,374.5010,0.761308
-331.5215,28.0595,374.2244,0.761397
-331.2531,28.0404,373.9479,0.761487
-330.9834,28.0210,373.6725,0.761581
-330.7135,28.0012,373.3965,0.761674
-330.4727,27.9837,373.1511,0.761754
-330.2012,27.9644,372.8755,0.761853
-329.9286,27.9451,372.6003,0.761942
-329.6551,27.9256,372.3254,0.762040
-329.3808,27.9061,372.0508,0.762135
-329.0753,27.8843,371.7461,0.762235
-328.7994,27.8647,371.4723,0.762334
-328.5227,27.8450,371.1990,0.762427
-328.2447,27.8249,370.9269,0.762525
-327.9662,27.8047,370.6544,0.762618
-327.6871,27.7845,370.3823,0.762718
-327.4072,27.7642,370.1105,0.762811
-327.1266,27.7438,369.8391,0.762911
-326.8450,27.7237,369.5679,0.763006
-326.5628,27.7037,369.2972,0.763105
-326.2799,27.6837,369.0269,0.763201
-325.9963,27.6635,368.7567,0.763301
-325.7120,27.6433,368.4869,0.763399
-325.4261,27.6227,368.2191,0.763494
-325.1403,27.6017,367.9500,0.763590
-324.8539,27.5807,367.6814,0.763689
-324.5349,27.5573,367.3830,0.763796
-324.2472,27.5362,367.1148,0.763896
-323.9590,27.5151,366.8470,0.763992
-323.6702,27.4939,366.5793,0.764090
-323.3803,27.4729,366.3115,0.764185
-323.0904,27.4524,366.0440,0.764284
-322.7999,27.4319,365.7768,0.764382
-322.5412,27.4136,365.5395,0.764470
-322.2491,27.3928,365.2733,0.764570
-321.9568,27.3719,365.0067,0.764664
-321.6314,27.3486,364.7107,0.764773
-321.3380,27.3276,364.4445,0.764872
-321.0441,27.3065,364.1784,0.764970
-320.7496,27.2854,363.9126,0.765068
-320.4546,27.2643,363.6470,0.765168
-320.1590,27.2431,363.3814,0.765265
-319.8628,27.2219,363.1156,0.765362
-319.5664,27.2013,362.8501,0.765460
-319.2694,27.1807,362.5848,0.765562
-319.0050,27.1623,362.3492,0.765649
-318.7069,27.1415,362.0844,0.765748
-318.4084,27.1207,361.8195,0.765842
-318.1094,27.0998,361.5547,0.765948
-317.8099,27.0789,361.2901,0.766046
-317.5099,27.0580,361.0257,0.766144
-317.2093,27.0370,360.7614,0.766246
-316.9083,27.0160,360.4972,0.766345
-316.6070,26.9950,360.2330,0.766443
-316.2715,26.9716,359.9396,0.766553
-316.0025,26.9532,359.7048,0.766645
-315.6996,26.9326,359.4410,0.766742
-315.3963,26.9120,359.1772,0.766846
-315.0917,26.8908,358.9150,0.766946
-314.7874,26.8695,358.6515,0.767046
-314.4827,26.8483,358.3881,0.767148
-314.1775,26.8270,358.1248,0.767248
-313.9059,26.8081,357.8908,0.767339
-313.5998,26.7867,357.6276,0.767439
-313.2934,26.7653,357.3647,0.767541
-312.9866,26.7439,357.1017,0.767643
-312.6793,26.7225,356.8388,0.767745
-312.3711,26.7014,356.5755,0.767848
-312.0287,26.6787,356.2834,0.767962
-311.7543,26.6605,356.0500,0.768053
-311.4449,26.6400,355.7878,0.768152
-311.1352,26.6193,355.5254,0.768255
-310.8252,26.5986,355.2629,0.768358
-310.5492,26.5802,355.0298,0.768449
-310.2384,26.5594,354.7675,0.768554
-309.8926,26.5363,354.4763,0.768666
-309.5811,26.5155,354.2143,0.768766
-309.2694,26.4947,353.9521,0.768874
-308.9574,26.4739,353.6899,0.768973
-308.6451,26.4533,353.4274,0.769080
-308.3330,26.4330,353.1650,0.769183
-307.9861,26.4105,352.8731,0.769299
-307.6739,26.3902,352.6101,0.769401
-307.3618,26.3699,352.3469,0.769503
-307.0498,26.3496,352.0833,0.769609
-306.7377,26.3294,351.8192,0.769710
-306.4602,26.3114,351.5843,0.769802
-306.1481,26.2911,351.3197,0.769907
-305.8358,26.2708,351.0548,0.770011
-305.5236,26.2505,350.7896,0.770114
-305.2112,26.2302,350.5241,0.770218
-304.9339,26.2119,350.2882,0.770313
-304.6212,26.1906,350.0222,0.770417
-304.3085,26.1693,349.7558,0.770520
-303.9957,26.1480,349.4892,0.770625
-303.6479,26.1243,349.1926,0.770741
-303.3347,26.1030,348.9259,0.770846
-303.0563,26.0839,348.6882,0.770938
-302.7429,26.0624,348.4205,0.771045
-302.4295,26.0409,348.1525,0.771149
-302.1159,26.0193,347.8842,0.771253
-301.8021,25.9978,347.6157,0.771357
-301.4880,25.9762,347.3470,0.771463
-301.1738,25.9546,347.0783,0.771567
-300.8943,25.9351,346.8392,0.771662
-300.5795,25.9131,346.5700,0.771768
-300.2646,25.8912,346.3007,0.771873
-299.9494,25.8693,346.0311,0.771979
-299.6342,25.8473,345.7614,0.772084
-299.3535,25.8277,345.5220,0.772178
-299.0028,25.8031,345.2219,0.772295
-298.6869,25.7809,344.9516,0.772400
-298.4059,25.7612,344.7113,0.772494
-298.0896,25.7390,344.4407,0.772600
-297.7730,25.7168,344.1699,0.772705
-297.4564,25.6945,343.8991,0.772811
-297.1746,25.6746,343.6581,0.772905
-296.8575,25.6521,343.3869,0.773012
-296.5753,25.6322,343.1457,0.773105
-296.2577,25.6097,342.8742,0.773212
-295.9399,25.5873,342.6025,0.773316
-295.6220,25.5648,342.3307,0.773421
-295.3040,25.5424,342.0583,0.773532
-294.9857,25.5201,341.7861,0.773635
-294.6671,25.4977,341.5138,0.773743
-294.3484,25.4754,341.2413,0.773849
-294.0295,25.4530,340.9685,0.773956
-293.7105,25.4304,340.6958,0.774064
-293.4268,25.4102,340.4531,0.774157
-293.1073,25.3874,340.1799,0.774265
-292.8232,25.3672,339.9368,0.774360
-292.5034,25.3444,339.6632,0.774467
-292.1835,25.3216,339.3895,0.774576
-291.8633,25.2988,339.1156,0.774683
-291.5784,25.2785,338.8721,0.774777
-291.2223,25.2530,338.5674,0.774896
-290.9014,25.2301,338.2929,0.775003
-290.5803,25.2071,338.0183,0.775109
-290.2589,25.1841,337.7436,0.775216
-289.9734,25.1633,337.4996,0.775312
-289.6516,25.1394,337.2248,0.775420
-289.3295,25.1155,336.9497,0.775529
-289.0430,25.0943,336.7051,0.775625
-288.7204,25.0704,336.4299,0.775731
-288.3975,25.0465,336.1546,0.775839
-288.0742,25.0225,335.8792,0.775948
-287.7507,24.9986,335.6038,0.776055
-287.4629,24.9772,335.3589,0.776151
-287.1387,24.9532,335.0833,0.776259
-286.8142,24.9292,334.8076,0.776368
-286.4893,24.9051,334.5320,0.776477
-286.1645,24.8806,334.2566,0.776585
-285.8391,24.8559,333.9808,0.776693
-285.5133,24.8312,333.7050,0.776803
-285.1872,24.8064,333.4291,0.776910
-284.8971,24.7844,333.1839,0.777007
-284.5706,24.7596,332.9080,0.777115
-284.2436,24.7348,332.6320,0.777223
-283.9164,24.7100,332.3560,0.777332
-283.5886,24.6851,332.0804,0.777440
-283.2608,24.6601,331.8042,0.777550
-282.9691,24.6379,331.5587,0.777647
-282.6363,24.5998,331.2888,0.777757
-282.3080,24.5749,331.0126,0.777868
-281.9800,24.5500,330.7353,0.777976
-281.6518,24.5251,330.4578,0.778086
-281.2865,24.4974,330.1501,0.778207
-280.9572,24.4724,329.8737,0.778316
-280.6273,24.4473,329.5963,0.778426
-280.3342,24.4252,329.3496,0.778524
-280.0042,24.4004,329.0721,0.778633
-279.6740,24.3755,328.7947,0.778743
-279.3433,24.3506,328.5175,0.778855
-279.0490,24.3285,328.2714,0.778950
-278.7176,24.3037,327.9941,0.779061
-278.3862,24.2790,327.7166,0.779171
-278.0914,24.2570,327.4698,0.779270
-277.7597,24.2322,327.1920,0.779379
-277.4278,24.2075,326.9142,0.779490
-277.0583,24.1803,326.6055,0.779612
-276.7258,24.1559,326.3275,0.779722
-276.4302,24.1342,326.0803,0.779820
-276.0975,24.1098,325.8019,0.779931
-275.7646,24.0853,325.5234,0.780042
-275.4316,24.0609,325.2448,0.780152
-275.1355,24.0391,324.9969,0.780251
-274.8022,24.0146,324.7179,0.780360
-274.4688,23.9902,324.4388,0.780472
-274.1721,23.9684,324.1905,0.780570
-273.8384,23.9440,323.9110,0.780681
-273.5045,23.9195,323.6314,0.780793
-273.1704,23.8951,323.3516,0.780904
-272.8361,23.8707,323.0717,0.781013
-272.5388,23.8490,322.8227,0.781113
-272.1671,23.8219,322.5114,0.781235
-271.8323,23.7974,322.2309,0.781346
-271.4973,23.7730,321.9503,0.781458
-271.1623,23.7486,321.6696,0.781569
-270.8271,23.7242,321.3888,0.781680
-270.5289,23.7025,321.1389,0.781780
-270.1934,23.6781,320.8578,0.781892
-269.8576,23.6537,320.5765,0.782001
-269.5217,23.6294,320.2950,0.782114
-269.1857,23.6052,320.0135,0.782225
-268.8495,23.5809,319.7317,0.782337
-268.5131,23.5566,319.4499,0.782447
-268.1766,23.5322,319.1678,0.782558
-267.8399,23.5077,318.8857,0.782670
-267.4656,23.4806,318.5720,0.782794
-267.1660,23.4588,318.3210,0.782891
-266.7912,23.4316,318.0070,0.783016
-266.4913,23.4099,317.7557,0.783115
-266.1537,23.3855,317.4729,0.783226
-265.8159,23.3612,317.1900,0.783340
-265.5155,23.3395,316.9384,0.783440
-265.1774,23.3151,316.6553,0.783552
-264.8391,23.2907,316.3720,0.783663
-264.5005,23.2663,316.0885,0.783775
-264.1618,23.2420,315.8050,0.783887
-263.8228,23.2177,315.5216,0.784000
-263.4836,23.1933,315.2380,0.784111
-263.1441,23.1689,314.9544,0.784224
-262.7667,23.1418,314.6391,0.784349
-262.4268,23.1174,314.3553,0.784460
-262.0866,23.0931,314.0714,0.784572
-261.7840,23.0714,313.8190,0.784671
-261.4055,23.0443,313.5034,0.784796
-261.0647,23.0201,313.2194,0.784908
-260.7614,22.9985,312.9669,0.785008
-260.4200,22.9742,312.6829,0.785121
-260.0782,22.9500,312.3989,0.785233
-259.7362,22.9257,312.1149,0.785345
-259.3938,22.9015,311.8308,0.785457
-259.0511,22.8774,311.5470,0.785570
-258.7079,22.8532,311.2633,0.785680
-258.3644,22.8291,310.9796,0.785793
-257.9821,22.8022,310.6645,0.785921
-257.6376,22.7782,310.3812,0.786030
-257.2927,22.7541,310.0980,0.786143
-256.9473,22.7301,309.8151,0.786254
-256.6398,22.7087,309.5638,0.786354
-256.2935,22.6847,309.2812,0.786467
-255.9467,22.6608,308.9989,0.786579
-255.5994,22.6369,308.7169,0.786693
-255.2516,22.6130,308.4352,0.786804
-254.9034,22.5892,308.1537,0.786915
-254.5546,22.5655,307.8724,0.787029
-254.2054,22.5418,307.5915,0.787140
-253.8556,22.5181,307.3108,0.787254
-253.5054,22.4946,307.0306,0.787364
-253.1545,22.4711,306.7505,0.787476
-252.8030,22.4477,306.4710,0.787589
-252.4509,22.4243,306.1919,0.787703
-252.0982,22.4010,305.9133,0.787814
-251.7448,22.3777,305.6352,0.787926
-251.3908,22.3546,305.3573,0.788036
-251.0362,22.3314,305.0800,0.788149
-250.6809,22.3085,304.8032,0.788264
-250.3250,22.2856,304.5270,0.788376
-250.0081,22.2654,304.2818,0.788478
-249.6509,22.2426,304.0066,0.788585
-249.2931,22.2200,303.7319,0.788700
-248.8946,22.1948,303.4273,0.788826
-248.5352,22.1723,303.1541,0.788936
-248.1750,22.1499,302.8813,0.789047
-247.8142,22.1276,302.6093,0.789163
-247.4527,22.1053,302.3378,0.789273
-247.0904,22.0831,302.0670,0.789383
-246.7679,22.0635,301.8270,0.789484
-246.4044,22.0413,301.5575,0.789596
-246.0402,22.0192,301.2887,0.789709
-245.6753,21.9973,301.0204,0.789820
-245.3098,21.9753,300.7530,0.789933
-244.9435,21.9534,300.4862,0.790048
-244.5765,21.9314,300.2202,0.790157
-244.2088,21.9095,299.9547,0.790272
-243.8404,21.8877,299.6902,0.790381
-243.4712,21.8659,299.4264,0.790494
-243.0600,21.8416,299.1343,0.790619
-242.6892,21.8197,298.8723,0.790729
-242.3591,21.8003,298.6398,0.790828
-241.9872,21.7785,298.3793,0.790944
-241.6146,21.7566,298.1198,0.791059
-241.2413,21.7348,297.8613,0.791167
-240.8675,21.7129,297.6037,0.791278
-240.4933,21.6909,297.3468,0.791394
-240.1183,21.6692,297.0910,0.791504
-239.7429,21.6474,296.8363,0.791617
-239.4086,21.6281,296.6107,0.791715
-238.9900,21.6039,296.3297,0.791842
-238.6129,21.5817,296.0777,0.791954
-238.2352,21.5600,295.8269,0.792064
-237.8148,21.5359,295.5497,0.792189
-237.4360,21.5141,295.3014,0.792299
-237.0569,21.4918,295.0541,0.792411
-236.7195,21.4725,294.8354,0.792512
-236.3396,21.4509,294.5904,0.792622
-235.9593,21.4292,294.3467,0.792733
-235.5791,21.4076,294.1046,0.792845
-235.1980,21.3851,293.8629,0.792955
-234.8170,21.3635,293.6230,0.793067
-234.4358,21.3420,293.3846,0.793180
-234.0543,21.3204,293.1478,0.793289
-233.6728,21.2985,292.9130,0.793400
-233.2477,21.2739,292.6528,0.793523
-232.8650,21.2524,292.4210,0.793634
-232.4393,21.2287,292.1655,0.793757
-232.0562,21.2073,291.9378,0.793868
-231.6723,21.1849,291.7115,0.793972
-231.3304,21.1654,291.5109,0.794069
-230.9460,21.1441,291.2876,0.794185
-230.5612,21.1228,291.0661,0.794294
-230.1767,21.1015,290.8467,0.794404
-229.7913,21.0791,290.6287,0.794517
-229.4482,21.0596,290.4355,0.794613
-229.0624,21.0385,290.2205,0.794723
-228.6763,21.0174,290.0074,0.794835
-228.2906,20.9960,289.7964,0.794940
-227.8612,20.9713,289.5635,0.795065
-227.4741,20.9496,289.3547,0.795175
-227.0873,20.9286,289.1481,0.795284
-226.7003,20.9076,288.9433,0.795394
-226.3568,20.8885,288.7632,0.795492
-225.9694,20.8664,288.5616,0.795602
-225.5815,20.8446,288.3605,0.795708
-225.1939,20.8238,288.1618,0.795819
-224.8062,20.8031,287.9648,0.795928
-224.4620,20.7840,287.7917,0.796026
-224.0740,20.7620,287.5978,0.796134
-223.6853,20.7401,287.4046,0.796243
-223.2971,20.7196,287.2135,0.796345
-222.9087,20.6990,287.0242,0.796459
-222.5208,20.6775,286.8371,0.796566
-222.1322,20.6556,286.6510,0.796675
-221.6997,20.6317,286.4450,0.796792
-221.3542,20.6137,286.2821,0.796891
-220.9653,20.5934,286.1005,0.796997
-220.5772,20.5718,285.9210,0.797101
-220.1882,20.5501,285.7425,0.797209
-219.7985,20.5288,285.5643,0.797315
-219.4095,20.5088,285.3883,0.797423
-219.0644,20.4908,285.2339,0.797520
-218.6752,20.4693,285.0612,0.797622
-218.2860,20.4478,284.8899,0.797727
-217.8960,20.4269,284.7189,0.797836
-217.5067,20.4072,284.5502,0.797941
-217.1182,20.3868,284.3837,0.798050
-216.7289,20.3655,284.2185,0.798156
-216.3395,20.3443,284.0544,0.798261
-215.9924,20.3263,283.9087,0.798354
-215.6030,20.3070,283.7472,0.798462
-215.2153,20.2853,283.5882,0.798566
-214.8693,20.2654,283.4475,0.798657
-214.4799,20.2430,283.2902,0.798762
-214.0905,20.2206,283.1341,0.798869
-213.7447,20.2003,282.9969,0.798962
-213.3555,20.1773,282.8437,0.799067
-212.9675,20.1530,282.6924,0.799170
-212.5784,20.1281,282.5418,0.799273
-212.2326,20.1060,282.4089,0.799366
-211.8441,20.0810,282.2612,0.799472
-211.4550,20.0549,282.1144,0.799576
-211.0666,20.0285,281.9691,0.799678
-210.6777,20.0016,281.8248,0.799782
-210.2888,19.9747,281.6818,0.799888
-209.9431,19.9509,281.5558,0.799979
-209.5549,19.9229,281.4160,0.800080
-209.1660,19.8948,281.2768,0.800187
-208.7771,19.8668,281.1388,0.800289
-208.4315,19.8419,281.0173,0.800382
-208.0433,19.8139,280.8825,0.800488
-207.6547,19.7848,280.7485,0.800589
-207.3088,19.7594,280.6302,0.800680
-206.9203,19.7314,280.4985,0.800787
-206.5320,19.7034,280.3682,0.800893
-206.1445,19.6755,280.2398,0.800991
-205.7566,19.6463,280.1123,0.801093
-205.3672,19.6185,279.9854,0.801198
-205.0225,19.5947,279.8740,0.801290
-204.6348,19.5678,279.7500,0.801392
-204.2473,19.5411,279.6275,0.801496
-203.9039,19.5163,279.5203,0.801583
-203.5150,19.4889,279.3991,0.801684
-203.1282,19.4639,279.2792,0.801787
-202.7416,19.4391,279.1606,0.801890
-202.3554,19.4143,279.0432,0.801989
-201.9706,19.3894,278.9276,0.802093
-201.5849,19.3626,278.8118,0.802192
-201.1982,19.3370,278.6960,0.802294
-200.8132,19.3126,278.5811,0.802399
-200.4286,19.2881,278.4670,0.802497
-200.0443,19.2637,278.3539,0.802596
-199.6611,19.2382,278.2422,0.802701
-199.2773,19.2123,278.1301,0.802796
-198.8939,19.1864,278.0184,0.802898
-198.5108,19.1606,277.9073,0.803000
-198.1281,19.1348,277.7970,0.803099
-197.7460,19.1086,277.6877,0.803200
-197.3646,19.0820,277.5789,0.803297
-196.9830,19.0549,277.4704,0.803399
-196.6441,19.0308,277.3743,0.803490
-196.2635,19.0037,277.2667,0.803593
-195.8408,18.9742,277.1477,0.803702
-195.4623,18.9468,277.0417,0.803802
-195.0833,18.9185,276.9362,0.803904
-194.7048,18.8903,276.8309,0.804002
-194.3262,18.8624,276.7256,0.804101
-193.9491,18.8358,276.6213,0.804198
-193.5745,18.8074,276.5181,0.804297
-193.2409,18.7816,276.4265,0.804387
-192.8663,18.7526,276.3239,0.804488
-192.4509,18.7210,276.2097,0.804598
-192.0790,18.6933,276.1076,0.804699
-191.7103,18.6641,276.0066,0.804799
-191.3421,18.6348,275.9058,0.804899
-190.9758,18.6055,275.8053,0.805000
-190.6120,18.5764,275.7053,0.805098
-190.2510,18.5476,275.6058,0.805193
-189.8934,18.5184,275.5071,0.805294
-189.5385,18.4894,275.4092,0.805388
-189.1868,18.4606,275.3120,0.805487
-188.8394,18.4313,275.2159,0.805579
-188.5331,18.4052,275.1309,0.805663
-188.1916,18.3765,275.0358,0.805758
-187.8544,18.3484,274.9416,0.805850
-187.5210,18.3207,274.8483,0.805939
-187.1930,18.2925,274.7567,0.806032
-186.9037,18.2667,274.6754,0.806111
-186.5819,18.2379,274.5846,0.806201
-186.2630,18.2104,274.4944,0.806292
-185.9498,18.1840,274.4052,0.806376
-185.6408,18.1579,274.3171,0.806463
-185.3044,18.1279,274.2215,0.806556
-185.0043,18.1000,274.1355,0.806641
-184.7085,18.0725,274.0501,0.806723
-184.4475,18.0486,273.9746,0.806795
-184.1607,18.0242,273.8904,0.806872
-183.8786,18.0002,273.8074,0.806948
-183.6036,17.9765,273.7265,0.807026
-183.3309,17.9504,273.6456,0.807099
-183.0626,17.9247,273.5652,0.807172
-182.7994,17.8995,273.4852,0.807248
-182.5414,17.8747,273.4060,0.807319
-182.2861,17.8516,273.3273,0.807386
-182.0381,17.8302,273.2494,0.807455
-181.7947,17.8092,273.1725,0.807521
-181.5582,17.7873,273.0977,0.807590
-181.3240,17.7646,273.0226,0.807657
-181.0945,17.7423,272.9480,0.807717
-180.8699,17.7205,272.8743,0.807781
-180.6743,17.7014,272.8097,0.807835
-180.4585,17.6804,272.7378,0.807893
-180.2445,17.6596,272.6667,0.807953
-180.0600,17.6434,272.6040,0.808007
-179.8563,17.6256,272.5344,0.808060
-179.6588,17.6079,272.4671,0.808120
-179.4633,17.5889,272.4000,0.808171
-179.2928,17.5723,272.3410,0.808218
-179.1049,17.5540,272.2754,0.808271
-178.9212,17.5361,272.2109,0.808322
-178.7218,17.5166,272.1404,0.808376
-178.5658,17.5014,272.0851,0.808420
-178.3941,17.4846,272.0237,0.808467
-178.2263,17.4681,271.9634,0.808514
-178.0627,17.4521,271.9041,0.808558
-177.8997,17.4366,271.8454,0.808605
-177.7404,17.4225,271.7870,0.808648
-177.5832,17.4081,271.7296,0.808691
-177.4425,17.3947,271.6779,0.808731
-177.2845,17.3796,271.6193,0.808774
-177.1266,17.3645,271.5602,0.808819
-176.9511,17.3477,271.4939,0.808868
-176.7931,17.3326,271.4337,0.808911
-176.6349,17.3173,271.3728,0.808955
-176.4588,17.3004,271.3044,0.809004
-176.3001,17.2850,271.2420,0.809050
-176.1411,17.2697,271.1788,0.809094
-175.9818,17.2542,271.1147,0.809137
-175.8224,17.2387,271.0499,0.809182
-175.6629,17.2232,270.9835,0.809227
-175.4843,17.2057,270.9102,0.809278
-175.3423,17.1926,270.8502,0.809318
-175.1823,17.1777,270.7818,0.809365
-175.0221,17.1628,270.7125,0.809409
-174.8439,17.1462,270.6345,0.809458
-174.6835,17.1312,270.5633,0.809505
-174.5229,17.1161,270.4909,0.809552
-174.3623,17.1009,270.4175,0.809597
-174.1839,17.0841,270.3347,0.809648
-174.0234,17.0688,270.2592,0.809694
-173.8628,17.0533,270.1823,0.809741
-173.7022,17.0378,270.1041,0.809788
-173.5418,17.0222,270.0245,0.809834
-173.3816,17.0066,269.9437,0.809881
-173.2216,16.9909,269.8615,0.809928
-173.0618,16.9752,269.7780,0.809975
-172.9023,16.9594,269.6930,0.810021
-172.7416,16.9439,269.6068,0.810068
-172.5817,16.9286,269.5193,0.810119
-172.4111,16.9149,269.4104,0.810170
-172.2521,16.8984,269.3196,0.810218
-172.0930,16.8820,269.2281,0.810265
-171.9338,16.8655,269.1352,0.810313
-171.7751,16.8488,269.0413,0.810362
-171.6156,16.8322,268.9457,0.810410
-171.4565,16.8156,268.8492,0.810459
-171.2993,16.7985,268.7527,0.810507
-171.1416,16.7807,268.6532,0.810558
-170.9761,16.7649,268.5508,0.810606
-170.8379,16.7540,268.4606,0.810649
-170.6811,16.7410,268.3574,0.810699
-170.5052,16.7270,268.2405,0.810752
-170.3657,16.7166,268.1467,0.810797
-170.2093,16.7050,268.0397,0.810846
-170.0359,16.6926,267.9192,0.810902
-169.8652,16.6801,267.8058,0.810952
-169.7112,16.6574,267.6943,0.811001
-169.5575,16.6342,267.5811,0.811052
-169.4048,16.6179,267.4657,0.811103
-169.2534,16.6003,267.3476,0.811153
-169.1030,16.5814,267.2278,0.811204
-168.9533,16.5631,267.1074,0.811255
-168.8042,16.5484,266.9856,0.811306
-168.6560,16.5327,266.8621,0.811357
-168.5088,16.5163,266.7361,0.811407
-168.3629,16.5089,266.6077,0.811459
-168.2025,16.4996,266.4625,0.811516
-168.0765,16.4890,266.3434,0.811569
-167.9356,16.4728,266.2119,0.811621
-167.7805,16.4539,266.0608,0.811678
-167.6417,16.4367,265.9219,0.811725
-167.5063,16.4195,265.7793,0.811782
-167.3740,16.4019,265.6349,0.811835
-167.2419,16.3830,265.4925,0.811887
-167.1117,16.3632,265.3447,0.811939
-166.9828,16.3434,265.1950,0.811992
-166.8568,16.3233,265.0452,0.812044
-166.7457,16.3041,264.9088,0.812091
-166.6222,16.2825,264.7538,0.812143
-166.5000,16.2610,264.5998,0.812197
-166.3809,16.2387,264.4425,0.812250
-166.2522,16.2141,264.2687,0.812309
-166.1377,16.1888,264.1070,0.812363
-166.0246,16.1633,263.9424,0.812416
-165.9122,16.1376,263.7751,0.812470
-165.8002,16.1116,263.6057,0.812524
-165.6652,16.0864,263.4392,0.812578
-165.5554,16.0657,263.2652,0.812633
-165.4332,16.0483,263.0568,0.812693
-165.3270,16.0355,262.8780,0.812748
-165.2222,16.0224,262.6968,0.812803
-165.1186,16.0090,262.5125,0.812858
-165.0144,15.9956,262.3277,0.812915
-164.9103,15.9821,262.1419,0.812969
-164.7944,15.9669,261.9335,0.813031
-164.6901,15.9530,261.7433,0.813089
-164.5863,15.9389,261.5507,0.813145
-164.4719,15.9230,261.3344,0.813210
-164.3690,15.9086,261.1382,0.813268
-164.2657,15.8942,260.9408,0.813328
-164.1504,15.8780,260.7195,0.813392
-164.0467,15.8632,260.5179,0.813451
-163.9438,15.8482,260.3141,0.813512
-163.8415,15.8329,260.1080,0.813572
-163.7395,15.8175,259.9000,0.813633
-163.6375,15.8020,259.6902,0.813694
-163.5350,15.7863,259.4788,0.813757
-163.4212,15.7686,259.2413,0.813826
-163.3188,15.7526,259.0256,0.813888
-163.2168,15.7364,258.8078,0.813953
-163.1037,15.7181,258.5634,0.814022
-162.9913,15.6997,258.3163,0.814092
-162.8904,15.6829,258.0915,0.814157
-162.7895,15.6659,257.8643,0.814224
-162.6886,15.6487,257.6346,0.814289
-162.5765,15.6293,257.3765,0.814362
-162.4754,15.6120,257.1416,0.814428
-162.3744,15.5941,256.9045,0.814495
-162.2732,15.5761,256.6650,0.814561
-162.1606,15.5558,256.3962,0.814638
-162.0590,15.5374,256.1520,0.814709
-161.9457,15.5167,255.8779,0.814784
-161.8434,15.4978,255.6290,0.814853
-161.7407,15.4788,255.3773,0.814924
-161.6378,15.4601,255.1238,0.814992
-161.5232,15.4388,254.8401,0.815071
-161.4199,15.4193,254.5818,0.815141
-161.3166,15.3995,254.3212,0.815215
-161.2016,15.3773,254.0289,0.815298
-161.1095,15.3593,253.7930,0.815363
-161.0057,15.3390,253.5254,0.815438
-160.9018,15.3188,253.2549,0.815513
-160.7978,15.2988,252.9831,0.815590
-160.6939,15.2778,252.7084,0.815666
-160.5901,15.2566,252.4314,0.815742
-160.4865,15.2353,252.1520,0.815823
-160.3829,15.2137,251.8702,0.815902
-160.2792,15.1919,251.5860,0.815980
-160.1639,15.1681,251.2669,0.816065
-160.0602,15.1466,250.9776,0.816149
-159.9563,15.1244,250.6867,0.816230
-159.8526,15.1019,250.3928,0.816313
-159.7490,15.0791,250.0965,0.816395
-159.6453,15.0561,249.7978,0.816475
-159.5416,15.0333,249.4961,0.816561
-159.4379,15.0107,249.1928,0.816645
-159.3342,14.9878,248.8877,0.816730
-159.2307,14.9641,248.5797,0.816815
-159.1275,14.9401,248.2692,0.816901
-159.0245,14.9159,247.9564,0.816989
-158.9215,14.8919,247.6405,0.817073
-158.8187,14.8681,247.3230,0.817161
-158.7161,14.8442,247.0032,0.817251
-158.6134,14.8194,246.6817,0.817340
-158.4999,14.7914,246.3209,0.817440
-158.3981,14.7660,245.9936,0.817533
-158.2964,14.7410,245.6633,0.817624
-158.1951,14.7161,245.3314,0.817713
-158.0939,14.6910,244.9980,0.817806
-157.9931,14.6649,244.6618,0.817902
-157.8927,14.6385,244.3233,0.817995
-157.7927,14.6122,243.9818,0.818090
-157.6930,14.5863,243.6385,0.818184
-157.5936,14.5603,243.2930,0.818280
-157.4944,14.5337,242.9458,0.818376
-157.3955,14.5064,242.5957,0.818472
-157.2971,14.4789,242.2425,0.818570
-157.1885,14.4491,241.8480,0.818682
-157.0912,14.4221,241.4906,0.818780
-156.9941,14.3947,241.1315,0.818878
-156.8976,14.3664,240.7695,0.818978
-156.8015,14.3378,240.4045,0.819079
-156.7061,14.3101,240.0377,0.819179
-156.6113,14.2821,239.6687,0.819284
-156.5168,14.2539,239.2979,0.819382
-156.4229,14.2246,238.9243,0.819486
-156.3293,14.1951,238.5477,0.819587
-156.2366,14.1664,238.1692,0.819690
-156.1445,14.1374,237.7885,0.819796
-156.0529,14.1082,237.4061,0.819901
-155.9619,14.0780,237.0209,0.820007
-155.8714,14.0477,236.6327,0.820112
-155.7719,14.0147,236.1992,0.820232
-155.6831,13.9847,235.8066,0.820338
-155.5948,13.9542,235.4123,0.820446
-155.5072,13.9230,235.0152,0.820554
-155.4203,13.8922,234.6151,0.820664
-155.3341,13.8614,234.2132,0.820772
-155.2390,13.8270,233.7639,0.820892
-155.1538,13.7952,233.3578,0.821006
-155.0690,13.7632,232.9482,0.821114
-154.9850,13.7317,232.5367,0.821227
-154.8922,13.6964,232.0769,0.821347
-154.8090,13.6642,231.6612,0.821461
-154.7263,13.6313,231.2428,0.821574
-154.6351,13.5953,230.7749,0.821698
-154.5537,13.5629,230.3521,0.821812
-154.4728,13.5302,229.9278,0.821923
-154.3924,13.4967,229.5013,0.822034
-154.3127,13.4636,229.0726,0.822151
-154.2252,13.4269,228.5953,0.822272
-154.1475,13.3938,228.1649,0.822387
-154.0706,13.3601,227.7343,0.822499
-153.9946,13.3265,227.3023,0.822614
-153.9196,13.2932,226.8700,0.822730
-153.8456,13.2599,226.4374,0.822844
-153.7725,13.2263,226.0048,0.822961
-153.6924,13.1887,225.5233,0.823087
-153.6216,13.1553,225.0903,0.823201
-153.5442,13.1182,224.6094,0.823332
-153.4757,13.0847,224.1772,0.823448
-153.4082,13.0508,223.7450,0.823561
-153.3419,13.0175,223.3127,0.823674
-153.2769,12.9841,222.8810,0.823786
-153.2130,12.9508,222.4499,0.823899
-153.1504,12.9171,222.0189,0.824017
-153.0823,12.8799,221.5400,0.824141
-153.0291,12.8502,221.1573,0.824244
-152.9703,12.8169,220.7271,0.824358
-152.9064,12.7797,220.2495,0.824484
-152.8503,12.7462,219.8197,0.824597
-152.7953,12.7129,219.3904,0.824717
-152.7417,12.6796,218.9614,0.824829
-152.6893,12.6462,218.5328,0.824946
-152.6324,12.6090,218.0570,0.825074
-152.5827,12.5757,217.6290,0.825193
-152.5341,12.5425,217.2016,0.825306
-152.4869,12.5092,216.7746,0.825423
-152.4408,12.4759,216.3483,0.825547
-152.3960,12.4427,215.9224,0.825659
-152.3525,12.4096,215.4972,0.825780
-152.3102,12.3764,215.0727,0.825898
-152.2693,12.3433,214.6489,0.826017
-152.2339,12.3139,214.2728,0.826128
-152.1910,12.2772,213.8035,0.826258
-152.1537,12.2443,213.3820,0.826382
-152.1177,12.2114,212.9614,0.826497
-152.0829,12.1785,212.5416,0.826617
-152.0493,12.1456,212.1228,0.826737
-152.0171,12.1128,211.7049,0.826858
-151.9860,12.0802,211.2881,0.826980
-151.9563,12.0475,210.8727,0.827103
-151.9277,12.0150,210.4586,0.827221
-151.9004,11.9826,210.0460,0.827339
-151.8743,11.9503,209.6350,0.827458
-151.8494,11.9181,209.2258,0.827580
-151.8259,11.8860,208.8184,0.827699
-151.8035,11.8541,208.4130,0.827817
-151.7825,11.8222,208.0097,0.827938
-151.7628,11.7906,207.6087,0.828054
-151.7427,11.7556,207.1661,0.828181
-151.7246,11.7209,206.7270,0.828310
-151.7102,11.6898,206.3346,0.828427
-151.6976,11.6589,205.9451,0.828535
-151.6861,11.6247,205.5156,0.828663
-151.6777,11.5942,205.1319,0.828776
-151.6714,11.5638,204.7510,0.828892
-151.6671,11.5336,204.3729,0.829001
-151.6646,11.5035,203.9976,0.829111
-151.6641,11.4736,203.6249,0.829222
-151.6655,11.4438,203.2549,0.829330
-151.6687,11.4143,202.8876,0.829438
-151.6745,11.3816,202.4828,0.829559
-151.6818,11.3524,202.1213,0.829665
-151.6910,11.3233,201.7625,0.829774
-151.7036,11.2912,201.3672,0.829886
-151.7171,11.2624,201.0142,0.829987
-151.7345,11.2307,200.6252,0.830105
-151.7524,11.2023,200.2780,0.830209
-151.7721,11.1740,199.9336,0.830308
-151.7938,11.1459,199.5919,0.830409
-151.8173,11.1180,199.2528,0.830513
-151.8426,11.0902,198.9165,0.830612
-151.8698,11.0625,198.5824,0.830711
-151.9020,11.0318,198.2133,0.830819
-151.9329,11.0044,197.8826,0.830916
-151.9656,10.9769,197.5533,0.831015
-152.0000,10.9495,197.2252,0.831114
-152.0362,10.9222,196.8984,0.831210
-152.0785,10.8918,196.5367,0.831320
-152.1184,10.8645,196.2125,0.831415
-152.1599,10.8372,195.8896,0.831510
-152.2080,10.8070,195.5322,0.831622
-152.2530,10.7799,195.2119,0.831719
-152.2996,10.7529,194.8932,0.831809
-152.3477,10.7259,194.5766,0.831905
-152.3972,10.6991,194.2623,0.831999
-152.4543,10.6684,193.9196,0.832103
-152.5058,10.6378,193.6109,0.832194
-152.5583,10.6074,193.3047,0.832286
-152.6122,10.5772,193.0016,0.832379
-152.6724,10.5421,192.6712,0.832477
-152.7287,10.5093,192.3754,0.832567
-152.7861,10.4788,192.0801,0.832657
-152.8447,10.4496,191.7906,0.832739
-152.9026,10.4211,191.5066,0.832827
-152.9623,10.3894,191.2239,0.832915
-153.0229,10.3580,190.9444,0.832997
-153.0849,10.3265,190.6653,0.833080
-153.1560,10.2954,190.3617,0.833172
-153.2195,10.2675,190.0944,0.833254
-153.2844,10.2370,189.8283,0.833337
-153.3497,10.2069,189.5653,0.833417
-153.4156,10.1770,189.3053,0.833494
-153.4823,10.1481,189.0455,0.833573
-153.5485,10.1218,188.7944,0.833649
-153.6165,10.0930,188.5447,0.833726
-153.6925,10.0615,188.2713,0.833809
-153.7612,10.0334,188.0286,0.833884
-153.8376,10.0025,187.7626,0.833965
-153.9055,9.9764,187.5259,0.834041
-153.9751,9.9496,187.2939,0.834112
-154.0450,9.9232,187.0650,0.834181
-154.1157,9.8968,186.8383,0.834250
-154.2121,9.8734,186.5897,0.834326
-154.2852,9.8500,186.3654,0.834396
-154.3568,9.8256,186.1416,0.834465
-154.4401,9.7995,185.8942,0.834546
-154.5163,9.7759,185.6720,0.834612
-154.6013,9.7497,185.4261,0.834688
-154.6800,9.7253,185.2036,0.834760
-154.7687,9.6987,184.9574,0.834836
-154.8499,9.6749,184.7362,0.834906
-154.9409,9.6480,184.4917,0.834982
-155.0248,9.6238,184.2709,0.835050
-155.1097,9.5999,184.0505,0.835119
-155.2044,9.5731,183.8066,0.835199
-155.2920,9.5481,183.5869,0.835272
-155.3813,9.5236,183.3669,0.835334
-155.4719,9.4995,183.1484,0.835405
-155.5606,9.4740,182.9320,0.835476
-155.6534,9.4472,182.7139,0.835544
-155.7487,9.4217,182.4928,0.835614
-155.8448,9.3976,182.2750,0.835682
-155.9375,9.3709,182.0604,0.835753
-156.0465,9.3402,181.8201,0.835830
-156.1476,9.3144,181.6004,0.835897
-156.2489,9.2901,181.3842,0.835968
-156.3518,9.2654,181.1682,0.836036
-156.4558,9.2407,180.9525,0.836108
-156.5611,9.2162,180.7371,0.836179
-156.6653,9.1909,180.5237,0.836249
-156.7730,9.1645,180.3096,0.836321
-156.8956,9.1347,180.0693,0.836398
-157.0023,9.1115,179.8575,0.836468
-157.1147,9.0836,179.6448,0.836539
-157.2409,9.0526,179.4096,0.836620
-157.3582,9.0257,179.1953,0.836689
-157.4755,9.0014,178.9848,0.836758
-157.6081,8.9742,178.7518,0.836839
-157.7293,8.9497,178.5430,0.836911
-157.8660,8.9230,178.3120,0.836989
-157.9913,8.8989,178.1061,0.837059
-158.1187,8.8747,177.9014,0.837133
-158.2632,8.8478,177.6742,0.837212
-158.3947,8.8243,177.4717,0.837284
-158.5440,8.7977,177.2485,0.837362
-158.6806,8.7738,177.0496,0.837434
-158.8195,8.7500,176.8521,0.837508
-158.9551,8.7245,176.6574,0.837582
-159.1139,8.6938,176.4411,0.837658
-159.2595,8.6661,176.2482,0.837733
-159.4104,8.6411,176.0536,0.837803
-159.5783,8.6149,175.8440,0.837889
-159.7312,8.5913,175.6569,0.837958
-159.9040,8.5650,175.4490,0.838041
-160.0607,8.5420,175.2634,0.838105
-160.2376,8.5162,175.0588,0.838197
-160.3988,8.4930,174.8762,0.838270
-160.5603,8.4698,174.6953,0.838339
-160.7434,8.4427,174.4956,0.838422
-160.9099,8.4183,174.3167,0.838497
-161.0799,8.3934,174.1371,0.838571
-161.2461,8.3704,173.9610,0.838644
-161.4174,8.3454,173.7864,0.838718
-161.5904,8.3204,173.6137,0.838791
-161.7867,8.2927,173.4217,0.838874
-161.9654,8.2703,173.2519,0.838948
-162.1448,8.2483,173.0837,0.839023
-162.3457,8.2239,172.8987,0.839107
-162.5287,8.2020,172.7331,0.839181
-162.7135,8.1812,172.5699,0.839256
-162.8994,8.1605,172.4080,0.839328
-163.0869,8.1397,172.2472,0.839407
-163.2734,8.1193,172.0874,0.839479
-163.4636,8.0968,171.9296,0.839556
-163.6552,8.0743,171.7737,0.839632
-163.8482,8.0517,171.6195,0.839706
-164.0475,8.0300,171.4654,0.839780
-164.2442,8.0119,171.3144,0.839862
-164.4422,7.9937,171.1651,0.839934
-164.6411,7.9756,171.0173,0.840009
-164.8407,7.9568,170.8718,0.840085
-165.0646,7.9357,170.7115,0.840169
-165.2679,7.9167,170.5690,0.840250
-165.4732,7.8976,170.4281,0.840325
-165.6550,7.8807,170.3046,0.840391
-165.8621,7.8611,170.1676,0.840471
-166.0936,7.8393,170.0177,0.840555
-166.3048,7.8202,169.8836,0.840633
-166.5141,7.8015,169.7520,0.840707
-166.7263,7.7825,169.6225,0.840785
-166.9397,7.7636,169.4950,0.840862
-167.1583,7.7463,169.3692,0.840943
-167.3744,7.7310,169.2462,0.841015
-167.5915,7.7157,169.1250,0.841090
-167.8085,7.7005,169.0060,0.841171
-168.0521,7.6820,168.8750,0.841257
-168.2726,7.6653,168.7592,0.841331
-168.4942,7.6486,168.6460,0.841405
-168.7176,7.6321,168.5349,0.841482
-168.9417,7.6166,168.4266,0.841559
-169.1664,7.6011,168.3201,0.841639
-169.3921,7.5857,168.2156,0.841716
-169.6195,7.5706,168.1127,0.841791
-169.8700,7.5532,168.0006,0.841874
-170.0983,7.5370,167.9030,0.841950
-170.3277,7.5208,167.8078,0.842029
-170.5602,7.5059,167.7142,0.842104
-170.7894,7.4903,167.6228,0.842179
-171.0473,7.4727,167.5245,0.842265
-171.2821,7.4571,167.4378,0.842341
-171.5170,7.4436,167.3544,0.842413
-171.7784,7.4291,167.2638,0.842501
-172.0150,7.4161,167.1842,0.842578
-172.2268,7.4048,167.1148,0.842649
-172.4637,7.3909,167.0377,0.842729
-172.7038,7.3765,166.9637,0.842806
-172.9462,7.3621,166.8917,0.842884
-173.1903,7.3488,166.8231,0.842964
-173.4342,7.3366,166.7559,0.843047
-173.6791,7.3244,166.6907,0.843125
-173.9253,7.3123,166.6273,0.843206
-174.1738,7.3004,166.5670,0.843288
-174.4495,7.2886,166.5015,0.843375
-174.6988,7.2781,166.4450,0.843455
-174.9482,7.2668,166.3907,0.843537
-175.2269,7.2538,166.3321,0.843630
-175.4792,7.2417,166.2820,0.843708
-175.7330,7.2297,166.2340,0.843788
-175.9872,7.2182,166.1882,0.843876
-176.2427,7.2069,166.1449,0.843954
-176.4988,7.1957,166.1033,0.844039
-176.7561,7.1847,166.0637,0.844128
-177.0141,7.1739,166.0262,0.844208
-177.3019,7.1617,165.9869,0.844305
-177.5631,7.1507,165.9538,0.844392
-177.8545,7.1391,165.9196,0.844482
-178.1165,7.1287,165.8892,0.844572
-178.4116,7.1150,165.8593,0.844669
-178.6811,7.1043,165.8345,0.844756
-178.9500,7.0942,165.8120,0.844851
-179.1906,7.0853,165.7940,0.844925
-179.4623,7.0755,165.7754,0.845017
-179.7356,7.0655,165.7589,0.845100
-180.0105,7.0556,165.7444,0.845199
-180.2868,7.0456,165.7323,0.845291
-180.5646,7.0358,165.7229,0.845382
-180.8438,7.0259,165.7156,0.845476
-181.1243,7.0159,165.7106,0.845579
-181.4062,7.0060,165.7079,0.845671
-181.6909,6.9929,165.6992,0.845765
-181.9755,6.9846,165.7013,0.845861
-182.2932,6.9753,165.7067,0.845973
-182.5808,6.9668,165.7141,0.846074
-182.8696,6.9590,165.7239,0.846170
-183.1594,6.9513,165.7356,0.846271
-183.4506,6.9435,165.7496,0.846372
-183.7431,6.9356,165.7660,0.846472
-184.0368,6.9277,165.7847,0.846576
-184.3322,6.9199,165.8056,0.846672
-184.6286,6.9124,165.8288,0.846774
-184.9263,6.9050,165.8539,0.846871
-185.2588,6.8968,165.8845,0.846982
-185.5596,6.8893,165.9144,0.847081
-185.8621,6.8817,165.9468,0.847180
-186.2005,6.8736,165.9858,0.847297
-186.5063,6.8665,166.0234,0.847403
-186.8137,6.8593,166.0638,0.847504
-187.0881,6.8530,166.1018,0.847600
-187.3982,6.8458,166.1470,0.847704
-187.7099,6.8385,166.1949,0.847813
-188.0584,6.8309,166.2515,0.847930
-188.3731,6.8242,166.3051,0.848039
-188.6894,6.8174,166.3613,0.848145
-189.0073,6.8106,166.4202,0.848260
-189.3267,6.8036,166.4815,0.848373
-189.6836,6.7958,166.5525,0.848490
-190.0074,6.7894,166.6196,0.848603
-190.3319,6.7836,166.6888,0.848714
-190.6943,6.7771,166.7687,0.848840
-191.0222,6.7713,166.8435,0.848958
-191.3512,6.7655,166.9203,0.849068
-191.7191,6.7583,167.0087,0.849196
-192.0520,6.7519,167.0908,0.849312
-192.3865,6.7454,167.1752,0.849426
-192.7226,6.7388,167.2621,0.849538
-193.0601,6.7321,167.3514,0.849653
-193.3992,6.7254,167.4433,0.849768
-193.7395,6.7185,167.5376,0.849881
-194.0813,6.7116,167.6346,0.850000
-194.4245,6.7047,167.7340,0.850115
-194.7690,6.6977,167.8362,0.850234
-195.1149,6.6907,167.9409,0.850348
-195.4621,6.6836,168.0484,0.850465
-195.8493,6.6757,168.1710,0.850593
-196.1992,6.6685,168.2841,0.850716
-196.5505,6.6613,168.3999,0.850829
-196.9424,6.6532,168.5315,0.850962
-197.2967,6.6459,168.6525,0.851078
-197.6524,6.6386,168.7759,0.851197
-198.0097,6.6312,168.9015,0.851320
-198.3684,6.6238,169.0294,0.851437
-198.7287,6.6163,169.1594,0.851557
-199.0905,6.6088,169.2915,0.851674
-199.4942,6.6003,169.4410,0.851807
-199.8590,6.5928,169.5777,0.851927
-200.2253,6.5851,169.7167,0.852052
-200.5930,6.5774,169.8578,0.852170
-201.0032,6.5689,170.0170,0.852305
-201.3740,6.5611,170.1625,0.852425
-201.7463,6.5533,170.3100,0.852547
-202.1199,6.5455,170.4594,0.852667
-202.4951,6.5376,170.6109,0.852788
-202.8717,6.5297,170.7643,0.852910
-203.2076,6.5226,170.9024,0.853016
-203.6291,6.5138,171.0772,0.853150
-204.0099,6.5058,171.2366,0.853271
-204.3495,6.4987,171.3800,0.853373
-204.7328,6.4906,171.5432,0.853499
-205.1175,6.4825,171.7085,0.853621
-205.5464,6.4735,171.8946,0.853753
-205.9337,6.4654,172.0642,0.853878
-206.3657,6.4562,172.2551,0.854010
-206.7558,6.4480,172.4290,0.854129
-207.1473,6.4398,172.6049,0.854253
-207.5400,6.4315,172.7828,0.854373
-207.9341,6.4232,172.9627,0.854499
-208.3294,6.4149,173.1446,0.854620
-208.7262,6.4065,173.3284,0.854744
-209.1241,6.3982,173.5142,0.854867
-209.5234,6.3898,173.7020,0.854989
-209.9239,6.3814,173.8917,0.855111
-210.3257,6.3729,174.0835,0.855238
-210.7288,6.3644,174.2772,0.855357
-211.1330,6.3560,174.4729,0.855479
-211.5384,6.3475,174.6707,0.855602
-211.9451,6.3389,174.8704,0.855729
-212.3529,6.3303,175.0722,0.855850
-212.7620,6.3218,175.2761,0.855971
-213.1722,6.3132,175.4819,0.856099
-213.5836,6.3046,175.6898,0.856223
-213.9963,6.2960,175.8997,0.856346
-214.4102,6.2873,176.1115,0.856469
-214.8255,6.2787,176.3251,0.856593
-215.2420,6.2700,176.5406,0.856716
-215.6598,6.2613,176.7580,0.856839
-216.0789,6.2525,176.9773,0.856964
-216.4992,6.2438,177.1984,0.857084
-216.9207,6.2351,177.4214,0.857207
-217.3434,6.2264,177.6463,0.857329
-217.7673,6.2176,177.8730,0.857450
-218.1923,6.2088,178.1017,0.857574
-218.6186,6.2000,178.3323,0.857695
-219.0459,6.1912,178.5648,0.857816
-219.4267,6.1834,178.7732,0.857925
-219.8562,6.1746,179.0093,0.858047
-220.2867,6.1657,179.2474,0.858166
-220.6705,6.1579,179.4607,0.858276
-221.1031,6.1491,179.7025,0.858398
-221.5369,6.1403,179.9463,0.858519
-221.9233,6.1324,180.1646,0.858629
-222.3591,6.1236,180.4120,0.858753
-222.7959,6.1148,180.6615,0.858876
-223.2338,6.1060,180.9130,0.858998
-223.7214,6.0961,181.1947,0.859137
-224.1615,6.0872,181.4505,0.859260
-224.5534,6.0795,181.6795,0.859373
-224.9953,6.0707,181.9390,0.859499
-225.4382,6.0619,182.2005,0.859625
-225.8821,6.0530,182.4641,0.859754
-226.2776,6.0452,182.7001,0.859866
-226.7235,6.0365,182.9674,0.859995
-227.1706,6.0277,183.2365,0.860125
-227.6188,6.0188,183.5076,0.860255
-228.0684,6.0101,183.7803,0.860386
-228.5189,6.0014,184.0549,0.860518
-228.9707,5.9927,184.3311,0.860650
-229.4237,5.9839,184.6091,0.860782
-229.8779,5.9752,184.8890,0.860914
-230.3331,5.9666,185.1705,0.861050
-230.7893,5.9580,185.4537,0.861187
-231.2465,5.9493,185.7386,0.861320
-231.6537,5.9416,185.9932,0.861444
-232.1126,5.9332,186.2811,0.861577
-232.5723,5.9247,186.5707,0.861716
-233.0329,5.9162,186.8618,0.861853
-233.4946,5.9077,187.1547,0.861991
-233.9054,5.9003,187.4162,0.862114
-234.3682,5.8920,187.7119,0.862255
-234.8316,5.8836,188.0090,0.862394
-235.2958,5.8753,188.3077,0.862536
-235.7605,5.8673,188.6077,0.862677
-236.2258,5.8591,188.9091,0.862818
-236.6917,5.8510,189.2118,0.862962
-237.1583,5.8430,189.5159,0.863102
-237.6253,5.8352,189.8212,0.863245
-238.0407,5.8282,190.0935,0.863372
-238.5082,5.8203,190.4008,0.863514
-238.9758,5.8128,190.7091,0.863658
-239.4429,5.8053,191.0181,0.863803
-239.9095,5.7977,191.3277,0.863946
-240.3757,5.7904,191.6379,0.864089
-240.8412,5.7832,191.9485,0.864235
-241.2544,5.7769,192.2249,0.864361
-241.7188,5.7698,192.5363,0.864504
-242.1826,5.7631,192.8481,0.864646
-242.6969,5.7557,193.1949,0.864806
-243.1588,5.7490,193.5070,0.864949
-243.5686,5.7434,193.7846,0.865075
-244.0282,5.7373,194.0967,0.865218
-244.4865,5.7311,194.4086,0.865360
-244.9439,5.7252,194.7204,0.865500
-245.3997,5.7197,195.0319,0.865641
-245.8544,5.7142,195.3431,0.865784
-246.3082,5.7089,195.6543,0.865925
-246.7101,5.7047,195.9306,0.866049
-247.1612,5.6999,196.2412,0.866189
-247.6110,5.6952,196.5514,0.866327
-248.0601,5.6907,196.8616,0.866465
-248.5076,5.6871,197.1713,0.866605
-248.9539,5.6834,197.4806,0.866745
-249.3990,5.6797,197.7896,0.866881
-249.8436,5.6770,198.0985,0.867020
-250.2373,5.6749,198.3725,0.867142
-250.6793,5.6726,198.6802,0.867281
-251.0716,5.6706,198.9535,0.867401
-251.5116,5.6692,199.2603,0.867538
-251.9505,5.6677,199.5667,0.867676
-252.3883,5.6663,199.8725,0.867812
-252.7766,5.6651,200.1440,0.867932
-253.2124,5.6637,200.4489,0.868066
-253.6472,5.6622,200.7533,0.868203
-254.0809,5.6608,201.0571,0.868338
-254.5135,5.6594,201.3605,0.868473
-254.9451,5.6580,201.6632,0.868607
-255.3755,5.6567,201.9654,0.868738
-255.7572,5.6554,202.2336,0.868859
-256.1855,5.6540,202.5347,0.868992
-256.6126,5.6527,202.8352,0.869126
-256.9915,5.6514,203.1018,0.869242
-257.4166,5.6501,203.4012,0.869376
-257.7935,5.6488,203.6669,0.869494
-258.2166,5.6475,203.9653,0.869626
-258.6385,5.6461,204.2630,0.869756
-259.0594,5.6448,204.5603,0.869887
-259.4326,5.6436,204.8240,0.870003
-259.8514,5.6422,205.1201,0.870135
-260.3155,5.6407,205.4485,0.870279
-260.7321,5.6394,205.7433,0.870406
-261.1935,5.6379,206.0701,0.870550
-261.6075,5.6366,206.3634,0.870681
-261.9745,5.6354,206.6235,0.870795
-262.3861,5.6341,206.9153,0.870923
-262.7963,5.6328,207.2063,0.871051
-263.2052,5.6315,207.4963,0.871179
-263.5675,5.6304,207.7535,0.871291
-263.9737,5.6291,208.0419,0.871416
-264.3786,5.6278,208.3294,0.871543
-264.7820,5.6265,208.6161,0.871669
-265.1841,5.6253,208.9019,0.871795
-265.5848,5.6240,209.1867,0.871921
-265.9841,5.6228,209.4707,0.872046
-266.3820,5.6215,209.7538,0.872172
-266.7346,5.6204,210.0047,0.872280
-267.1299,5.6192,210.2862,0.872405
-267.5239,5.6179,210.5667,0.872526
-267.8729,5.6168,210.8153,0.872634
-268.2642,5.6156,211.0941,0.872756
-268.6109,5.6145,211.3411,0.872866
-268.9996,5.6133,211.6182,0.872986
-269.3869,5.6121,211.8942,0.873108
-269.7301,5.6111,212.1389,0.873216
-270.1147,5.6099,212.4132,0.873336
-270.4980,5.6087,212.6866,0.873454
-270.8375,5.6077,212.9288,0.873560
-271.2182,5.6065,213.2004,0.873681
-271.6396,5.6052,213.5011,0.873813
-272.0175,5.6040,213.7707,0.873934
-272.3523,5.6030,214.0096,0.874036
-272.7277,5.6019,214.2773,0.874151
-273.1018,5.6007,214.5441,0.874269
-273.4748,5.5996,214.8098,0.874385
-273.8054,5.5986,215.0453,0.874488
-274.1765,5.5975,215.3093,0.874603
-274.5466,5.5964,215.5724,0.874718
-274.9161,5.5953,215.8347,0.874835
-275.2848,5.5941,216.0960,0.874950
-275.6530,5.5930,216.3565,0.875064
-276.0205,5.5920,216.6160,0.875178
-276.3876,5.5909,216.8745,0.875293
-276.7487,5.5949,217.1401,0.875405
-277.1142,5.5945,217.3969,0.875519
-277.4388,5.5942,217.6242,0.875622
-277.8034,5.5937,217.8790,0.875734
-278.1270,5.5933,218.1049,0.875832
-278.4905,5.5929,218.3581,0.875945
-278.8534,5.5924,218.6102,0.876056
-279.1755,5.5920,218.8333,0.876155
-279.5374,5.5915,219.0834,0.876268
-279.8990,5.5910,219.3328,0.876378
-280.2200,5.5905,219.5535,0.876479
-280.5806,5.5899,219.8009,0.876590
-280.9405,5.5893,220.0471,0.876701
-281.2997,5.5886,220.2921,0.876810
-281.6581,5.5879,220.5360,0.876918
-282.0158,5.5872,220.7788,0.877028
-282.3728,5.5865,221.0205,0.877137
-282.7290,5.5858,221.2613,0.877250
-283.0451,5.5852,221.4746,0.877343
-283.3998,5.5845,221.7137,0.877454
-283.7144,5.5838,221.9256,0.877548
-284.0677,5.5830,222.1631,0.877657
-284.4203,5.5823,222.3998,0.877765
-284.7721,5.5817,222.6363,0.877872
-285.0844,5.5812,222.8453,0.877966
-285.4351,5.5806,223.0797,0.878072
-285.7852,5.5800,223.3132,0.878181
-286.1347,5.5794,223.5461,0.878286
-286.4836,5.5788,223.7781,0.878394
-286.7931,5.5782,223.9838,0.878488
-287.1408,5.5775,224.2145,0.878595
-287.4878,5.5768,224.4444,0.878700
-287.7958,5.5762,224.6482,0.878792
-288.1417,5.5755,224.8768,0.878897
-288.4486,5.5749,225.0793,0.878989
-288.7935,5.5739,225.3059,0.879093
-289.0993,5.5730,225.5072,0.879184
-289.4428,5.5720,225.7331,0.879288
-289.7476,5.5711,225.9333,0.879382
-290.0901,5.5704,226.1579,0.879485
-290.4317,5.5697,226.3818,0.879585
-290.7349,5.5691,226.5801,0.879676
-291.0753,5.5684,226.8026,0.879777
-291.4151,5.5677,227.0245,0.879877
-291.7543,5.5669,227.2457,0.879978
-292.0927,5.5662,227.4663,0.880079
-292.3929,5.5656,227.6618,0.880167
-292.7298,5.5649,227.8813,0.880266
-293.1035,5.5641,228.1246,0.880377
-293.4016,5.5635,228.3189,0.880464
-293.7364,5.5628,228.5369,0.880563
-294.0704,5.5621,228.7543,0.880660
-294.3668,5.5615,228.9470,0.880746
-294.6996,5.5609,229.1634,0.880844
-295.0317,5.5602,229.3792,0.880941
-295.3632,5.5595,229.5944,0.881036
-295.6939,5.5589,229.8091,0.881132
-295.9873,5.5584,229.9995,0.881218
-296.3168,5.5577,230.2132,0.881314
-296.6091,5.5572,230.4027,0.881398
-296.9373,5.5566,230.6153,0.881494
-297.2648,5.5559,230.8274,0.881587
-297.5554,5.5554,231.0156,0.881672
-297.8818,5.5546,231.2262,0.881768
-298.2074,5.5538,231.4368,0.881859
-298.5324,5.5530,231.6469,0.881953
-298.8207,5.5523,231.8331,0.882034
-299.1444,5.5515,232.0421,0.882128
-299.4677,5.5508,232.2506,0.882220
-299.7903,5.5501,232.4585,0.882313
-300.1122,5.5494,232.6658,0.882405
-300.4335,5.5487,232.8725,0.882497
-300.7543,5.5481,233.0787,0.882586
-301.0390,5.5474,233.2614,0.882668
-301.3586,5.5467,233.4665,0.882761
-301.6777,5.5460,233.6709,0.882849
-301.9963,5.5453,233.8746,0.882939
-302.3142,5.5446,234.0779,0.883028
-302.5962,5.5441,234.2584,0.883109
-302.9132,5.5435,234.4604,0.883196
-303.2297,5.5429,234.6617,0.883286
-303.5458,5.5422,234.8623,0.883373
-303.8615,5.5416,235.0622,0.883462
-304.1767,5.5409,235.2613,0.883550
-304.5266,5.5401,235.4816,0.883650
-304.8062,5.5394,235.6570,0.883726
-305.1205,5.5386,235.8535,0.883814
-305.4345,5.5378,236.0491,0.883900
-305.7482,5.5369,236.2438,0.883990
-306.0269,5.5361,236.4161,0.884068
-306.3401,5.5352,236.6091,0.884151
-306.6530,5.5343,236.8011,0.884238
-306.9656,5.5334,236.9923,0.884323
-307.2780,5.5325,237.1823,0.884408
-307.5902,5.5316,237.3712,0.884494
-307.8676,5.5308,237.5383,0.884567
-308.1796,5.5299,237.7253,0.884653
-308.4914,5.5291,237.9111,0.884735
-308.8377,5.5281,238.1161,0.884828
-309.1495,5.5272,238.2992,0.884911
-309.4613,5.5263,238.4809,0.884993
-309.7733,5.5253,238.6611,0.885073
-310.0853,5.5242,238.8399,0.885156
-310.3975,5.5231,239.0172,0.885236
-310.7098,5.5219,239.1929,0.885319
-311.0223,5.5207,239.3670,0.885400
-311.3350,5.5194,239.5394,0.885479
-311.6480,5.5181,239.7101,0.885562
-311.9613,5.5167,239.8789,0.885638
-312.2751,5.5152,240.0458,0.885720
-312.5892,5.5137,240.2107,0.885798
-312.9390,5.5118,240.3912,0.885884
-313.2588,5.5057,240.5441,0.885967
-313.5740,5.5053,240.7027,0.886044
-313.8900,5.5050,240.8588,0.886122
-314.2069,5.5046,241.0118,0.886200
-314.5247,5.5043,241.1624,0.886277
-314.8430,5.5040,241.3102,0.886355
-315.1614,5.5037,241.4553,0.886430
-315.4449,5.5035,241.5820,0.886497
-315.7642,5.5032,241.7218,0.886572
-316.0484,5.5030,241.8438,0.886641
-316.3684,5.5028,241.9786,0.886717
-316.6886,5.5026,242.1109,0.886793
-317.0089,5.5024,242.2408,0.886868
-317.3294,5.5022,242.3682,0.886942
-317.6501,5.5020,242.4929,0.887017
-317.9709,5.5018,242.6152,0.887089
-318.2918,5.5017,242.7350,0.887166
-318.6130,5.5016,242.8523,0.887244
-318.9345,5.5015,242.9672,0.887316
-319.2563,5.5015,243.0797,0.887388
-319.5427,5.5014,243.1777,0.887454
-319.8655,5.5013,243.2859,0.887529
-320.1889,5.5012,243.3917,0.887607
-320.5130,5.5012,243.4954,0.887679
-320.8016,5.5012,243.5855,0.887747
-321.1269,5.5012,243.6847,0.887821
-321.4528,5.5012,243.7814,0.887894
-321.8159,5.5012,243.8861,0.887975
-322.1433,5.5012,243.9777,0.888051
-322.4714,5.5012,244.0667,0.888125
-322.8003,5.5012,244.1531,0.888197
-323.0931,5.5012,244.2276,0.888266
-323.4231,5.5012,244.3089,0.888337
-323.7538,5.5012,244.3875,0.888410
-324.0482,5.5012,244.4552,0.888478
-324.3798,5.5012,244.5290,0.888551
-324.7119,5.5012,244.6001,0.888623
-325.0444,5.5012,244.6686,0.888699
-325.3404,5.5012,244.7273,0.888762
-325.6738,5.5012,244.7909,0.888840
-326.0075,5.5012,244.8518,0.888911
-326.3416,5.5012,244.9101,0.888985
-326.6761,5.5012,244.9659,0.889058
-327.0108,5.5012,245.0190,0.889131
-327.3458,5.5012,245.0695,0.889202
-327.6812,5.5012,245.1174,0.889279
-327.9794,5.5012,245.1579,0.889347
-328.3152,5.5012,245.2011,0.889419
-328.6512,5.5012,245.2417,0.889488
-328.9874,5.5012,245.2799,0.889563
-329.2863,5.5012,245.3117,0.889633
-329.6229,5.5012,245.3452,0.889704
-329.9596,5.5012,245.3763,0.889779
-330.2964,5.5012,245.4048,0.889850
-330.6334,5.5012,245.4309,0.889922
-330.9705,5.5012,245.4546,0.890001
-331.3077,5.5012,245.4758,0.890071
-331.6450,5.5012,245.4946,0.890144
-331.9824,5.5012,245.5108,0.890220
-332.2823,5.5012,245.5231,0.890282
-332.6198,5.5012,245.5347,0.890356
-332.9573,5.5012,245.5438,0.890431
-333.2948,5.5012,245.5504,0.890504
-333.5947,5.5012,245.5543,0.890569
-333.9321,5.5012,245.5562,0.890645
-334.2696,5.5012,245.5557,0.890712
-334.6069,5.5012,245.5527,0.890784
-334.9442,5.5012,245.5472,0.890861
-335.2813,5.5012,245.5393,0.890936
-335.5809,5.5012,245.5302,0.890994
-335.9551,5.5012,245.5161,0.891075
-336.2920,5.5012,245.5008,0.891153
-336.5912,5.5012,245.4852,0.891215
-336.9649,5.5012,245.4628,0.891292
-337.2638,5.5012,245.4428,0.891357
-337.5997,5.5012,245.4180,0.891429
-337.9355,5.5012,245.3906,0.891500
-338.2710,5.5012,245.3609,0.891575
-338.6061,5.5012,245.3287,0.891647
-338.9039,5.5012,245.2980,0.891704
-339.2386,5.5012,245.2612,0.891785
-339.5729,5.5012,245.2219,0.891854
-339.9069,5.5012,245.1803,0.891929
-340.2405,5.5012,245.1362,0.891995
-340.5738,5.5012,245.0896,0.892070
-340.9066,5.5012,245.0407,0.892141
-341.2390,5.5012,244.9893,0.892212
-341.5342,5.5012,244.9416,0.892275
-341.8658,5.5012,244.8856,0.892353
-342.1969,5.5012,244.8272,0.892424
-342.5276,5.5012,244.7665,0.892494
-342.8211,5.5012,244.7105,0.892559
-343.1508,5.5012,244.6453,0.892632
-343.4799,5.5012,244.5778,0.892705
-343.8085,5.5012,244.5080,0.892778
-344.1001,5.5012,244.4441,0.892845
-344.4640,5.5012,244.3617,0.892924
-344.7908,5.5012,244.2852,0.892998
-345.1170,5.5012,244.2065,0.893066
-345.4426,5.5012,244.1258,0.893142
-345.7675,5.5012,244.0430,0.893212
-346.0918,5.5012,243.9583,0.893283
-346.4155,5.5012,243.8717,0.893358
-346.7385,5.5012,243.7832,0.893430
-347.0609,5.5012,243.6928,0.893501
-347.3827,5.5012,243.6006,0.893574
-347.7038,5.5012,243.5066,0.893646
-348.0244,5.5012,243.4106,0.893716
-348.3443,5.5012,243.3126,0.893792
-348.6281,5.5012,243.2240,0.893852
-348.9821,5.5012,243.1110,0.893927
-349.3001,5.5012,243.0073,0.894005
-349.6174,5.5012,242.9017,0.894074
-349.9340,5.5012,242.7942,0.894144
-350.2148,5.5012,242.6970,0.894209
-350.5301,5.5012,242.5859,0.894276
-350.8446,5.5012,242.4729,0.894344
-351.1585,5.5012,242.3580,0.894413
-351.4716,5.5012,242.2412,0.894484
-351.7493,5.5012,242.1358,0.894552
-352.0610,5.5012,242.0155,0.894620
-352.3719,5.5012,241.8934,0.894689
-352.6821,5.5012,241.7695,0.894756
-352.9914,5.5012,241.6438,0.894826
-353.3000,5.5012,241.5164,0.894899
-353.6078,5.5012,241.3872,0.894967
-353.9148,5.5012,241.2564,0.895046
-354.2210,5.5012,241.1238,0.895116
-354.5264,5.5012,240.9896,0.895183
-354.8310,5.5012,240.8536,0.895253
-355.1011,5.5012,240.7313,0.895320
-355.4042,5.5012,240.5921,0.895394
-355.7064,5.5012,240.4513,0.895461
-356.0077,5.5012,240.3088,0.895536
-356.3083,5.5012,240.1648,0.895609
-356.6079,5.5012,240.0192,0.895682
-356.9068,5.5012,239.8723,0.895750
-357.2048,5.5012,239.7241,0.895823
-357.5350,5.5012,239.5580,0.895904
-357.8315,5.5012,239.4072,0.895978
-358.1272,5.5012,239.2554,0.896050
-358.4549,5.5012,239.0855,0.896128
-358.7492,5.5012,238.9314,0.896197
-359.0102,5.5012,238.7934,0.896260
-359.3031,5.5012,238.6371,0.896338
-359.5954,5.5012,238.4795,0.896413
-359.8870,5.5012,238.3207,0.896481
-360.1778,5.5012,238.1607,0.896547
-360.4680,5.5012,237.9994,0.896617
-360.7574,5.5012,237.8368,0.896696
-361.0461,5.5012,237.6730,0.896772
-361.3341,5.5012,237.5079,0.896843
-361.6213,5.5012,237.3415,0.896911
-361.9078,5.5012,237.1737,0.896979
-362.1935,5.5012,237.0046,0.897054
-362.5101,5.5012,236.8150,0.897135
-362.7940,5.5012,236.6428,0.897202
-363.0457,5.5012,236.4884,0.897269
-363.3593,5.5012,236.2939,0.897348
-363.6094,5.5012,236.1370,0.897416
-363.8899,5.5012,235.9591,0.897479
-364.1696,5.5012,235.7799,0.897553
-364.4483,5.5012,235.5993,0.897624
-364.7261,5.5012,235.4173,0.897700
-365.0096,5.5069,235.2416,0.897767
-365.2855,5.5088,235.0572,0.897840
-365.5605,5.5106,234.8712,0.897912
-365.8346,5.5124,234.6839,0.897975
-366.1079,5.5141,234.4953,0.898051
-366.3802,5.5157,234.3052,0.898126
-366.6514,5.5173,234.1136,0.898198
-366.9215,5.5188,233.9204,0.898269
-367.1906,5.5202,233.7256,0.898339
-367.4586,5.5216,233.5293,0.898415
-367.7255,5.5229,233.3314,0.898485
-367.9913,5.5241,233.1319,0.898559
-368.2560,5.5252,232.9311,0.898634
-368.5195,5.5263,232.7289,0.898703
-368.7817,5.5273,232.5252,0.898778
-369.0428,5.5282,232.3200,0.898848
-369.2740,5.5290,232.1365,0.898914
-369.5329,5.5298,231.9287,0.898994
-369.8192,5.5306,231.6962,0.899073
-370.0757,5.5313,231.4855,0.899146
-370.3311,5.5319,231.2735,0.899219
-370.5853,5.5324,231.0601,0.899292
-370.8103,5.5328,230.8694,0.899354
-371.0623,5.5332,230.6536,0.899429
-371.3132,5.5335,230.4366,0.899499
-371.5630,5.5338,230.2184,0.899577
-371.8116,5.5340,229.9990,0.899648
-372.0591,5.5342,229.7785,0.899721
-372.3056,5.5343,229.5568,0.899797
-372.5511,5.5343,229.3342,0.899873
-372.7954,5.5343,229.1105,0.899947
-373.0388,5.5343,228.8859,0.900021
-373.2813,5.5341,228.6604,0.900097
-373.5496,5.5340,228.4090,0.900179
-373.7903,5.5338,228.1819,0.900250
-374.0569,5.5335,227.9289,0.900339
-374.2961,5.5332,227.7006,0.900407
-374.5614,5.5329,227.4464,0.900496
-374.8260,5.5325,227.1916,0.900578
-375.0639,5.5322,226.9618,0.900652
-375.3014,5.5318,226.7317,0.900724
-375.5387,5.5314,226.5010,0.900800
-375.7756,5.5310,226.2698,0.900873
-376.0121,5.5305,226.0380,0.900957
-376.2221,5.5301,225.8313,0.901021
-376.4841,5.5296,225.5723,0.901104
-376.7195,5.5290,225.3384,0.901186
-376.9546,5.5285,225.1040,0.901259
-377.1893,5.5279,224.8688,0.901330
-377.4236,5.5273,224.6330,0.901413
-377.6317,5.5267,224.4228,0.901478
-377.8655,5.5261,224.1856,0.901557
-378.0990,5.5254,223.9477,0.901634
-378.3323,5.5247,223.7090,0.901710
-378.5653,5.5239,223.4695,0.901791
-378.7982,5.5232,223.2292,0.901864
-379.0050,5.5224,223.0148,0.901940
-379.2374,5.5216,222.7729,0.902016
-379.4696,5.5208,222.5302,0.902091
-379.7274,5.5198,222.2595,0.902186
-379.9334,5.5190,222.0422,0.902252
-380.1906,5.5179,221.7697,0.902341
-380.4220,5.5169,221.5236,0.902421
-380.6273,5.5160,221.3041,0.902494
-380.8582,5.5150,221.0564,0.902572
-381.0887,5.5140,220.8080,0.902655
-381.3188,5.5129,220.5588,0.902736
-381.5486,5.5118,220.3089,0.902819
-381.7526,5.5107,220.0862,0.902887
-381.9818,5.5096,219.8349,0.902970
-382.2359,5.5082,219.5550,0.903061
-382.4388,5.5071,219.3305,0.903131
-382.6667,5.5059,219.0773,0.903223
-382.9130,5.5012,218.7884,0.903315
-383.1400,5.5012,218.5341,0.903399
-383.3915,5.5012,218.2504,0.903490
-383.6170,5.5012,217.9941,0.903574
-383.8420,5.5012,217.7369,0.903660
-384.0664,5.5012,217.4791,0.903740
-384.2900,5.5012,217.2209,0.903822
-384.5127,5.5012,216.9620,0.903911
-384.7346,5.5012,216.7026,0.903992
-384.9558,5.5012,216.4426,0.904077
-385.1519,5.5012,216.2111,0.904155
-385.3721,5.5012,215.9501,0.904239
-385.5916,5.5012,215.6888,0.904326
-385.8347,5.5012,215.3980,0.904418
-386.0529,5.5012,215.1358,0.904504
-386.2947,5.5012,214.8442,0.904600
-386.5120,5.5012,214.5816,0.904685
-386.7289,5.5012,214.3189,0.904769
-386.9455,5.5012,214.0560,0.904857
-387.1858,5.5012,213.7637,0.904953
-387.4017,5.5012,213.5007,0.905037
-387.6174,5.5012,213.2376,0.905123
-387.8570,5.5012,212.9454,0.905214
-388.0724,5.5012,212.6825,0.905304
-388.2879,5.5012,212.4198,0.905390
-388.5034,5.5012,212.1571,0.905478
-388.7427,5.5012,211.8656,0.905570
-388.9583,5.5012,211.6034,0.905662
-389.1739,5.5012,211.3414,0.905742
-389.3896,5.5012,211.0794,0.905829
-389.6295,5.5012,210.7885,0.905926
-389.8454,5.5012,210.5270,0.906011
-390.0614,5.5012,210.2655,0.906099
-390.2775,5.5012,210.0041,0.906183
-390.4936,5.5012,209.7428,0.906269
-390.6856,5.5012,209.5108,0.906345
-390.9016,5.5012,209.2501,0.906436
-391.1174,5.5012,208.9898,0.906517
-391.3569,5.5012,208.7011,0.906616
-391.5721,5.5012,208.4419,0.906704
-391.7868,5.5012,208.1833,0.906785
-392.0013,5.5012,207.9254,0.906871
-392.2153,5.5012,207.6682,0.906959
-392.4290,5.5012,207.4115,0.907037
-392.6423,5.5012,207.1556,0.907125
-392.8553,5.5012,206.9004,0.907212
-393.0679,5.5012,206.6458,0.907298
-393.2804,5.5012,206.3920,0.907382
-393.4924,5.5012,206.1388,0.907464
-393.7042,5.5012,205.8864,0.907552
-393.9157,5.5012,205.6347,0.907636
-394.1270,5.5012,205.3837,0.907719
-394.3379,5.5012,205.1334,0.907807
-394.5485,5.5012,204.8838,0.907885
-394.7589,5.5012,204.6350,0.907969
-394.9690,5.5012,204.3869,0.908054
-395.1789,5.5012,204.1396,0.908140
-395.3886,5.5012,203.8931,0.908224
-395.6214,5.5012,203.6204,0.908323
-395.8308,5.5012,203.3758,0.908406
-396.0403,5.5012,203.1323,0.908498
-396.2496,5.5012,202.8898,0.908579
-396.4590,5.5012,202.6484,0.908666
-396.6684,5.5012,202.4081,0.908758
-396.8779,5.5012,202.1688,0.908843
-397.0875,5.5012,201.9306,0.908931
-397.3204,5.5012,201.6670,0.909027
-397.5301,5.5012,201.4309,0.909115
-397.7165,5.5012,201.2218,0.909195
-397.9263,5.5012,200.9875,0.909282
-398.1361,5.5012,200.7542,0.909374
-398.3459,5.5012,200.5218,0.909460
-398.5792,5.5012,200.2647,0.909562
-398.7892,5.5012,200.0344,0.909651
-398.9992,5.5012,199.8052,0.909739
-399.2094,5.5012,199.5770,0.909824
-399.4197,5.5012,199.3500,0.909912
-399.6302,5.5012,199.1242,0.910004
-399.8408,5.5012,198.8996,0.910092
-400.0517,5.5012,198.6763,0.910181
-400.2629,5.5012,198.4543,0.910267
-400.4744,5.5012,198.2338,0.910355
-400.6864,5.5012,198.0147,0.910444
-400.9223,5.5012,197.7729,0.910540
-401.1351,5.5012,197.5570,0.910627
-401.3483,5.5012,197.3424,0.910709
-401.5857,5.5012,197.1055,0.910804
-401.7997,5.5012,196.8939,0.910892
-402.0141,5.5012,196.6837,0.910972
-402.2289,5.5012,196.4749,0.911056
-402.4442,5.5012,196.2676,0.911140
-402.6600,5.5012,196.0619,0.911223
-402.8762,5.5012,195.8577,0.911304
-403.0930,5.5012,195.6551,0.911382
-403.3103,5.5012,195.4541,0.911464
-403.5523,5.5012,195.2326,0.911557
-403.7706,5.5012,195.0349,0.911634
-403.9893,5.5012,194.8387,0.911717
-404.2084,5.5012,194.6442,0.911797
-404.4277,5.5012,194.4512,0.911878
-404.6473,5.5012,194.2599,0.911958
-404.8672,5.5012,194.0702,0.912036
-405.1117,5.5012,193.8613,0.912122
-405.3319,5.5012,193.6750,0.912199
-405.5524,5.5012,193.4904,0.912274
-405.7484,5.5012,193.3277,0.912346
-405.9688,5.5012,193.1463,0.912422
-406.1891,5.5012,192.9667,0.912498
-406.4095,5.5012,192.7888,0.912570
-406.6297,5.5012,192.6128,0.912644
-406.8497,5.5012,192.4386,0.912720
-407.0693,5.5012,192.2663,0.912795
-407.3130,5.5012,192.0770,0.912876
-407.5318,5.5012,191.9087,0.912951
-407.7503,5.5012,191.7423,0.913022
-407.9683,5.5012,191.5778,0.913096
-408.1859,5.5012,191.4152,0.913168
-408.4030,5.5012,191.2544,0.913242
-408.6197,5.5012,191.0955,0.913313
-408.8357,5.5012,190.9386,0.913383
-409.0512,5.5012,190.7835,0.913455
-409.2660,5.5012,190.6305,0.913529
-409.4800,5.5012,190.4795,0.913598
-409.6934,5.5012,190.3306,0.913669
-409.9060,5.5012,190.1838,0.913740
-410.1413,5.5012,190.0234,0.913817
-410.3523,5.5012,189.8812,0.913881
-410.5624,5.5012,189.7414,0.913954
-410.7716,5.5012,189.6038,0.914021
-410.9801,5.5012,189.4685,0.914089
-411.2108,5.5012,189.3211,0.914163
-411.4177,5.5012,189.1911,0.914232
-411.6238,5.5012,189.0636,0.914296
-411.8292,5.5012,188.9388,0.914363
-412.0339,5.5012,188.8165,0.914425
-412.2379,5.5012,188.6969,0.914491
-412.4412,5.5012,188.5800,0.914551
-412.6439,5.5012,188.4655,0.914612
-412.8458,5.5012,188.3535,0.914679
-413.0695,5.5012,188.2317,0.914748
-413.2705,5.5012,188.1242,0.914809
-413.4715,5.5012,188.0184,0.914872
-413.6949,5.5012,187.9029,0.914939
-413.8960,5.5012,187.8007,0.915004
-414.0973,5.5012,187.7001,0.915061
-414.2986,5.5012,187.6012,0.915122
-414.5001,5.5012,187.5040,0.915181
-414.7018,5.5012,187.4084,0.915243
-414.9038,5.5012,187.3145,0.915304
-415.1061,5.5012,187.2224,0.915365
-415.3087,5.5012,187.1319,0.915424
-415.5118,5.5012,187.0430,0.915485
-415.7155,5.5012,186.9557,0.915544
-415.9196,5.5012,186.8699,0.915604
-416.1244,5.5012,186.7856,0.915663
-416.3297,5.5012,186.7027,0.915723
-416.5356,5.5012,186.6213,0.915783
-416.7420,5.5012,186.5414,0.915842
-416.9489,5.5012,186.4630,0.915901
-417.1565,5.5012,186.3862,0.915962
-417.3645,5.5012,186.3110,0.916022
-417.5730,5.5012,186.2374,0.916082
-417.7821,5.5012,186.1655,0.916143
-417.9918,5.5012,186.0952,0.916200
-418.2020,5.5012,186.0265,0.916260
-418.4128,5.5012,185.9594,0.916319
-418.6239,5.5012,185.8937,0.916378
-418.8357,5.5012,185.8294,0.916438
-419.0478,5.5012,185.7666,0.916496
-419.2654,5.5056,185.7129,0.916557
-419.4786,5.5081,185.6538,0.916615
-419.6918,5.5106,185.5955,0.916674
-419.9052,5.5132,185.5383,0.916733
-420.1192,5.5158,185.4824,0.916791
-420.3337,5.5185,185.4281,0.916850
-420.5478,5.5205,185.3759,0.916907
-420.7629,5.5225,185.3246,0.916966
-420.9785,5.5246,185.2746,0.917025
-421.1943,5.5267,185.2260,0.917083
-421.3856,5.5286,185.1843,0.917135
-421.6021,5.5299,185.1380,0.917193
-421.8188,5.5313,185.0930,0.917251
-422.0360,5.5327,185.0495,0.917308
-422.2534,5.5342,185.0076,0.917366
-422.4702,5.5350,184.9676,0.917424
-422.6877,5.5353,184.9287,0.917482
-422.9061,5.5357,184.8915,0.917540
-423.1239,5.5357,184.8560,0.917597
-423.3431,5.5357,184.8221,0.917655
-423.5622,5.5359,184.7895,0.917714
-423.7571,5.5361,184.7620,0.917765
-423.9753,5.5357,184.7326,0.917823
-424.1954,5.5348,184.7047,0.917882
-424.4160,5.5340,184.6785,0.917940
-424.6370,5.5332,184.6539,0.917999
-424.8575,5.5324,184.6310,0.918057
-425.0795,5.5308,184.6098,0.918115
-425.3270,5.5291,184.5880,0.918181
-425.5505,5.5276,184.5701,0.918240
-425.7747,5.5261,184.5538,0.918298
-425.9996,5.5248,184.5390,0.918357
-426.2246,5.5234,184.5256,0.918416
-426.4512,5.5214,184.5138,0.918475
-426.6787,5.5195,184.5036,0.918534
-426.9072,5.5176,184.4950,0.918594
-427.1365,5.5158,184.4880,0.918654
-427.3665,5.5139,184.4825,0.918714
-427.5976,5.5118,184.4786,0.918775
-427.8297,5.5098,184.4761,0.918836
-428.0628,5.5078,184.4752,0.918896
-428.2968,5.5059,184.4757,0.918958
-428.5598,5.5012,184.4687,0.919026
-428.7957,5.5012,184.4724,0.919087
-429.0323,5.5012,184.4772,0.919148
-429.2698,5.5012,184.4832,0.919210
-429.5081,5.5012,184.4905,0.919272
-429.7474,5.5012,184.4992,0.919335
-429.9609,5.5012,184.5082,0.919390
-430.2017,5.5012,184.5199,0.919453
-430.4434,5.5012,184.5331,0.919516
-430.6857,5.5012,184.5477,0.919579
-430.9287,5.5012,184.5636,0.919643
-431.1723,5.5012,184.5809,0.919705
-431.4438,5.5012,184.6018,0.919778
-431.6889,5.5012,184.6222,0.919842
-431.9346,5.5012,184.6442,0.919905
-432.2085,5.5012,184.6705,0.919976
-432.4558,5.5012,184.6958,0.920041
-432.7038,5.5012,184.7225,0.920106
-432.9525,5.5012,184.7506,0.920171
-433.2018,5.5012,184.7800,0.920236
-433.4519,5.5012,184.8109,0.920301
-433.7028,5.5012,184.8432,0.920368
-433.9544,5.5012,184.8767,0.920434
-434.2349,5.5012,184.9155,0.920507
-434.4882,5.5012,184.9518,0.920574
-434.7422,5.5012,184.9892,0.920640
-434.9971,5.5012,185.0279,0.920707
-435.2529,5.5012,185.0678,0.920774
-435.5096,5.5012,185.1088,0.920840
-435.7673,5.5012,185.1511,0.920908
-436.0258,5.5012,185.1946,0.920976
-436.2853,5.5012,185.2393,0.921043
-436.5456,5.5012,185.2851,0.921112
-436.8069,5.5012,185.3321,0.921179
-437.0398,5.5012,185.3747,0.921240
-437.3027,5.5012,185.4238,0.921309
-437.5664,5.5012,185.4741,0.921379
-437.8309,5.5012,185.5256,0.921447
-438.0962,5.5012,185.5783,0.921518
-438.3326,5.5012,185.6262,0.921580
-438.5994,5.5012,185.6812,0.921650
-438.8968,5.5012,185.7439,0.921729
-439.1354,5.5012,185.7951,0.921791
-439.4345,5.5012,185.8604,0.921871
-439.7047,5.5012,185.9203,0.921941
-439.9454,5.5012,185.9746,0.922004
-440.2171,5.5012,186.0367,0.922076
-440.4896,5.5012,186.1000,0.922146
-440.7628,5.5012,186.1644,0.922218
-441.0063,5.5012,186.2226,0.922282
-441.2809,5.5012,186.2892,0.922354
-441.5564,5.5012,186.3571,0.922429
-441.8018,5.5012,186.4184,0.922493
-442.0786,5.5012,186.4886,0.922565
-442.3561,5.5012,186.5600,0.922638
-442.6344,5.5012,186.6326,0.922714
-442.9135,5.5012,186.7063,0.922786
-443.2246,5.5012,186.7896,0.922870
-443.5055,5.5012,186.8655,0.922944
-443.7874,5.5012,186.9424,0.923017
-444.0701,5.5012,187.0201,0.923091
-444.3539,5.5012,187.0985,0.923168
-444.6385,5.5012,187.1776,0.923242
-444.9242,5.5012,187.2575,0.923318
-445.2108,5.5012,187.3381,0.923395
-445.4983,5.5012,187.4194,0.923470
-445.7546,5.5012,187.4922,0.923538
-446.0439,5.5012,187.5748,0.923614
-446.3665,5.5012,187.6672,0.923699
-446.6580,5.5012,187.7510,0.923776
-446.9504,5.5012,187.8352,0.923852
-447.2439,5.5012,187.9198,0.923930
-447.5384,5.5012,188.0049,0.924008
-447.8338,5.5012,188.0903,0.924086
-448.1302,5.5012,188.1762,0.924165
-448.3945,5.5012,188.2529,0.924233
-448.6926,5.5012,188.3396,0.924313
-448.9915,5.5012,188.4267,0.924392
-449.2911,5.5012,188.5142,0.924470
-449.5912,5.5012,188.6021,0.924551
-449.8582,5.5012,188.6803,0.924619
-450.1591,5.5012,188.7686,0.924697
-450.4603,5.5012,188.8570,0.924781
-450.7618,5.5012,188.9455,0.924857
-451.0636,5.5012,189.0340,0.924937
-451.3994,5.5012,189.1322,0.925024
-451.7019,5.5012,189.2206,0.925107
-451.9710,5.5012,189.2992,0.925178
-452.2740,5.5012,189.3876,0.925256
-452.5771,5.5012,189.4760,0.925337
-452.8805,5.5012,189.5645,0.925416
-453.1503,5.5012,189.6431,0.925490
-453.4540,5.5012,189.7316,0.925569
-453.7580,5.5012,189.8202,0.925647
-454.0622,5.5012,189.9086,0.925730
-454.3665,5.5012,189.9970,0.925808
-454.6373,5.5012,190.0754,0.925883
-454.9760,5.5012,190.1733,0.925971
-455.2812,5.5012,190.2611,0.926052
-455.5866,5.5012,190.3486,0.926132
-455.8922,5.5012,190.4357,0.926211
-456.1982,5.5012,190.5225,0.926294
-456.4702,5.5012,190.5992,0.926364
-456.7764,5.5012,190.6852,0.926445
-457.0827,5.5012,190.7708,0.926526
-457.3551,5.5012,190.8466,0.926598
-457.6616,5.5012,190.9316,0.926677
-457.9681,5.5012,191.0162,0.926759
-458.2405,5.5012,191.0911,0.926829
-458.5470,5.5012,191.1751,0.926912
-458.8534,5.5012,191.2587,0.926992
-459.1258,5.5012,191.3328,0.927062
-459.4321,5.5012,191.4158,0.927139
-459.7385,5.5012,191.4984,0.927220
-460.0448,5.5012,191.5807,0.927300
-460.3171,5.5012,191.6536,0.927373
-460.6234,5.5012,191.7353,0.927450
-460.8957,5.5012,191.8076,0.927519
-461.2020,5.5012,191.8886,0.927598
-461.4742,5.5012,191.9603,0.927667
-461.7805,5.5012,192.0406,0.927746
-462.0527,5.5012,192.1118,0.927816
-462.3589,5.5012,192.1914,0.927893
-462.6653,5.5012,192.2707,0.927969
-462.9376,5.5012,192.3408,0.928041
-463.2441,5.5012,192.4191,0.928118
-463.5508,5.5012,192.4969,0.928192
-463.8576,5.5012,192.5741,0.928269
-464.1646,5.5012,192.6506,0.928345
-464.4375,5.5012,192.7181,0.928412
-464.7447,5.5012,192.7934,0.928492
-465.0520,5.5012,192.8680,0.928564
-465.3251,5.5012,192.9339,0.928634
-465.6324,5.5012,193.0075,0.928709
-465.9055,5.5012,193.0724,0.928778
-466.2130,5.5012,193.1449,0.928852
-466.4863,5.5012,193.2088,0.928922
-466.7938,5.5012,193.2802,0.928992
-467.1014,5.5012,193.3510,0.929063
-467.4089,5.5012,193.4213,0.929143
-467.6823,5.5012,193.4832,0.929210
-467.9898,5.5012,193.5524,0.929287
-468.2973,5.5012,193.6209,0.929360
-468.6048,5.5012,193.6889,0.929432
-468.9464,5.5012,193.7638,0.929515
-469.2539,5.5012,193.8306,0.929589
-469.5272,5.5012,193.8896,0.929653
-469.8346,5.5012,193.9553,0.929725
-470.1421,5.5012,194.0205,0.929795
-470.4495,5.5012,194.0852,0.929868
-470.7227,5.5012,194.1422,0.929932
-471.0301,5.5012,194.2059,0.930007
-471.3375,5.5012,194.2690,0.930076
-471.6448,5.5012,194.3316,0.930147
-471.9180,5.5012,194.3868,0.930206
-472.2253,5.5012,194.4484,0.930275
-472.5327,5.5012,194.5095,0.930346
-472.8058,5.5012,194.5633,0.930406
-473.1132,5.5012,194.6234,0.930474
-473.3864,5.5012,194.6763,0.930534
-473.6937,5.5012,194.7353,0.930598
-474.0010,5.5012,194.7938,0.930667
-474.2742,5.5012,194.8453,0.930725
-474.5815,5.5012,194.9026,0.930791
-474.8889,5.5012,194.9594,0.930859
-475.1964,5.5012,195.0154,0.930920
-475.5039,5.5012,195.0706,0.930987
-475.8117,5.5012,195.1249,0.931049
-476.1197,5.5012,195.1783,0.931109
-476.4279,5.5012,195.2305,0.931175
-476.7362,5.5012,195.2817,0.931237
-477.0447,5.5012,195.3316,0.931302
-477.3191,5.5012,195.3752,0.931353
-477.6279,5.5012,195.4230,0.931419
-477.9370,5.5012,195.4696,0.931478
-478.2463,5.5012,195.5149,0.931540
-478.5214,5.5012,195.5539,0.931593
-478.8312,5.5012,195.5964,0.931652
-479.1413,5.5012,195.6372,0.931715
-479.4518,5.5012,195.6762,0.931776
-479.7625,5.5012,195.7133,0.931837
-480.0735,5.5012,195.7486,0.931893
-480.3848,5.5012,195.7818,0.931959
-480.7310,5.5012,195.8162,0.932024
-481.0429,5.5012,195.8449,0.932084
-481.3202,5.5012,195.8686,0.932141
-481.6324,5.5012,195.8932,0.932199
-481.9100,5.5012,195.9134,0.932257
-482.2224,5.5012,195.9340,0.932316
-482.5350,5.5012,195.9523,0.932378
-482.8476,5.5012,195.9684,0.932438
-483.1604,5.5012,195.9821,0.932504
-483.4734,5.5012,195.9932,0.932563
-483.7864,5.5012,196.0017,0.932625
-484.0996,5.5012,196.0075,0.932685
-484.4128,5.5012,196.0104,0.932747
-484.7262,5.5012,196.0103,0.932805
-485.0396,5.5012,196.0071,0.932864
-485.3529,5.5012,196.0008,0.932925
-485.6660,5.5012,195.9912,0.932986
-485.9790,5.5012,195.9783,0.933045
-486.2917,5.5012,195.9622,0.933106
-486.6040,5.5012,195.9427,0.933167
-486.8813,5.5012,195.9226,0.933218
-487.1927,5.5012,195.8969,0.933282
-487.4691,5.5012,195.8714,0.933331
-487.7796,5.5012,195.8398,0.933392
-488.0895,5.5012,195.8051,0.933450
-488.3644,5.5012,195.7717,0.933505
-488.6732,5.5012,195.7311,0.933560
-488.9811,5.5012,195.6875,0.933624
-489.3225,5.5012,195.6355,0.933687
-489.5951,5.5012,195.5910,0.933742
-489.9009,5.5012,195.5382,0.933805
-490.1722,5.5012,195.4886,0.933857
-490.4767,5.5012,195.4297,0.933914
-490.7803,5.5012,195.3678,0.933972
-491.0830,5.5012,195.3026,0.934035
-491.3514,5.5012,195.2421,0.934085
-491.6525,5.5012,195.1710,0.934147
-491.9527,5.5012,195.0967,0.934206
-492.2519,5.5012,195.0193,0.934263
-492.5502,5.5012,194.9388,0.934319
-492.8474,5.5012,194.8553,0.934381
-493.1108,5.5012,194.7785,0.934431
-493.4061,5.5012,194.6891,0.934493
-493.7330,5.5012,194.5863,0.934554
-493.9935,5.5012,194.5014,0.934606
-494.2856,5.5012,194.4030,0.934669
-494.5764,5.5012,194.3016,0.934727
-494.8340,5.5012,194.2089,0.934778
-495.1226,5.5012,194.1019,0.934837
-495.3781,5.5012,194.0043,0.934888
-495.6643,5.5012,193.8917,0.934945
-495.9492,5.5012,193.7762,0.935000
-496.2329,5.5012,193.6578,0.935062
-496.4839,5.5012,193.5501,0.935107
-496.7649,5.5012,193.4263,0.935169
-497.0445,5.5012,193.2995,0.935226
-497.3227,5.5012,193.1699,0.935281
-497.5994,5.5012,193.0375,0.935338
-497.8745,5.5012,192.9023,0.935394
-498.1482,5.5012,192.7643,0.935447
-498.4203,5.5012,192.6236,0.935503
-498.6908,5.5012,192.4803,0.935564
-498.9299,5.5012,192.3507,0.935616
-499.1974,5.5012,192.2027,0.935679
-499.4632,5.5012,192.0522,0.935731
-499.7275,5.5012,191.8994,0.935785
-499.9902,5.5012,191.7442,0.935847
-500.2514,5.5012,191.5866,0.935902
-500.5112,5.5012,191.4266,0.935958
-500.7409,5.5012,191.2823,0.936012
-500.9979,5.5012,191.1177,0.936065
-501.2533,5.5012,190.9506,0.936124
-501.5072,5.5012,190.7810,0.936183
-501.7596,5.5012,190.6090,0.936238
-501.9826,5.5012,190.4541,0.936291
-502.2319,5.5012,190.2776,0.936352
-502.4796,5.5012,190.0986,0.936407
-502.7256,5.5012,189.9173,0.936463
-502.9701,5.5012,189.7335,0.936520
-503.1859,5.5012,189.5683,0.936579
-503.4270,5.5012,189.3803,0.936635
-503.6665,5.5012,189.1901,0.936693
-503.9043,5.5012,188.9977,0.936747
-504.1404,5.5012,188.8034,0.936813
-504.4008,5.5012,188.5852,0.936876
-504.6335,5.5012,188.3867,0.936939
-504.8646,5.5012,188.1863,0.936994
-505.0686,5.5012,188.0066,0.937049
-505.2965,5.5012,187.8025,0.937107
-505.4977,5.5012,187.6194,0.937164
-505.7224,5.5012,187.4116,0.937225
-505.9207,5.5012,187.2251,0.937279
-506.1421,5.5012,187.0135,0.937334
-506.3374,5.5012,186.8238,0.937389
-506.5554,5.5012,186.6085,0.937455
-506.7716,5.5012,186.3912,0.937503
-506.9623,5.5012,186.1965,0.937564
-507.1751,5.5012,185.9755,0.937623
-507.3860,5.5012,185.7527,0.937681
-507.5950,5.5012,185.5279,0.937741
-507.8021,5.5012,185.3013,0.937795
-507.9846,5.5012,185.0983,0.937849
-508.1881,5.5012,184.8682,0.937908
-508.3896,5.5012,184.6363,0.937973
-508.5893,5.5012,184.4028,0.938022
-508.7870,5.5012,184.1678,0.938093
-508.9830,5.5012,183.9313,0.938152
-509.1773,5.5012,183.6933,0.938215
-509.3698,5.5012,183.4541,0.938269
-509.5607,5.5012,183.2136,0.938331
-509.7499,5.5012,182.9718,0.938394
-509.9376,5.5012,182.7287,0.938448
-510.1235,5.5012,182.4842,0.938515
-510.3077,5.5012,182.2384,0.938569
-510.4903,5.5012,181.9913,0.938630
-510.6711,5.5012,181.7428,0.938693
-510.8502,5.5012,181.4930,0.938752
-511.0276,5.5012,181.2418,0.938810
-511.2032,5.5012,180.9893,0.938870
-511.3580,5.5012,180.7639,0.938922
-511.5304,5.5012,180.5091,0.938983
-511.7011,5.5012,180.2530,0.939042
-511.8701,5.5012,179.9957,0.939109
-512.0374,5.5012,179.7372,0.939163
-512.2213,5.5012,179.4486,0.939234
-512.3851,5.5012,179.1876,0.939289
-512.5471,5.5012,178.9254,0.939352
-512.7073,5.5012,178.6620,0.939421
-512.8658,5.5012,178.3975,0.939476
-513.0227,5.5012,178.1318,0.939543
-513.1778,5.5012,177.8649,0.939603
-513.3312,5.5012,177.5969,0.939671
-513.4828,5.5012,177.3278,0.939734
-513.6160,5.5012,177.0876,0.939786
-513.7642,5.5012,176.8164,0.939851
-513.9106,5.5012,176.5441,0.939920
-514.0552,5.5012,176.2707,0.939985
-514.1979,5.5012,175.9962,0.940054
-514.3388,5.5012,175.7207,0.940116
-514.4779,5.5012,175.4441,0.940174
-514.6302,5.5012,175.1355,0.940249
-514.7653,5.5012,174.8567,0.940314
-514.8985,5.5012,174.5769,0.940391
-515.0153,5.5012,174.3273,0.940440
-515.1451,5.5012,174.0456,0.940507
-515.2729,5.5012,173.7628,0.940576
-515.3989,5.5012,173.4791,0.940645
-515.5229,5.5012,173.1944,0.940705
-515.6451,5.5012,172.9087,0.940770
-515.7654,5.5012,172.6222,0.940840
-515.8839,5.5012,172.3346,0.940911
-516.0004,5.5012,172.0463,0.940975
-516.1151,5.5012,171.7570,0.941040
-516.2280,5.5012,171.4669,0.941113
-516.3512,5.5012,171.1437,0.941183
-516.4603,5.5012,170.8521,0.941253
-516.5796,5.5012,170.5275,0.941320
-516.6854,5.5012,170.2346,0.941397
-516.7898,5.5012,169.9412,0.941464
-516.8927,5.5012,169.6474,0.941523
-516.9943,5.5012,169.3530,0.941596
-517.0944,5.5012,169.0581,0.941670
-517.2042,5.5012,168.7298,0.941746
-517.3014,5.5012,168.4337,0.941812
-517.3973,5.5012,168.1371,0.941879
-517.4919,5.5012,167.8399,0.941941
-517.5852,5.5012,167.5421,0.942014
-517.6874,5.5012,167.2105,0.942095
-517.7781,5.5012,166.9116,0.942163
-517.8778,5.5012,166.5788,0.942244
-517.9665,5.5012,166.2790,0.942308
-518.0544,5.5012,165.9786,0.942382
-518.1415,5.5012,165.6777,0.942450
-518.2279,5.5012,165.3764,0.942523
-518.3135,5.5012,165.0746,0.942588
-518.4080,5.5012,164.7387,0.942667
-518.4924,5.5019,164.4359,0.942739
-518.5776,5.5049,164.1335,0.942810
-518.6807,5.5058,163.7995,0.942889
-518.7646,5.5059,163.4959,0.942961
-518.8481,5.5061,163.1916,0.943039
-518.9311,5.5062,162.8868,0.943112
-519.0137,5.5063,162.5814,0.943183
-519.1048,5.5064,162.2415,0.943256
-519.1864,5.5065,161.9350,0.943336
-519.2676,5.5065,161.6281,0.943412
-519.3486,5.5066,161.3206,0.943478
-519.4290,5.5066,161.0126,0.943549
-519.5093,5.5066,160.7042,0.943626
-519.5895,5.5065,160.3954,0.943695
-519.6693,5.5065,160.0862,0.943775
-519.7579,5.5065,159.7421,0.943862
-519.8376,5.5064,159.4320,0.943933
-519.9171,5.5064,159.1215,0.944006
-519.9968,5.5063,158.8107,0.944082
-520.0762,5.5063,158.4995,0.944153
-520.1644,5.5062,158.1531,0.944245
-520.2438,5.5061,157.8409,0.944320
-520.3231,5.5060,157.5281,0.944390
-520.4021,5.5059,157.2148,0.944470
-520.4808,5.5058,156.9009,0.944545
-520.5593,5.5057,156.5864,0.944621
-520.6284,5.5048,156.2691,0.944700
-520.7073,5.5032,155.9542,0.944776
-520.7869,5.5020,155.6392,0.944852
-520.8669,5.5012,155.3241,0.944932
-520.9459,5.5012,155.0080,0.945010
-521.0324,5.5012,154.6555,0.945100
-521.1097,5.5012,154.3376,0.945176
-521.1865,5.5012,154.0192,0.945253
-521.2716,5.5012,153.6647,0.945340
-521.3569,5.5012,153.3099,0.945429
-521.4337,5.5012,152.9900,0.945509
-521.5102,5.5012,152.6699,0.945590
-521.5867,5.5012,152.3493,0.945664
-521.6632,5.5012,152.0284,0.945745
-521.7397,5.5012,151.7069,0.945832
-521.8159,5.5012,151.3851,0.945907
-521.8922,5.5012,151.0628,0.945984
-521.9684,5.5012,150.7403,0.946066
-522.0447,5.5012,150.4173,0.946145
-522.1210,5.5012,150.0938,0.946223
-522.1973,5.5012,149.7699,0.946302
-522.2732,5.5012,149.4454,0.946386
-522.3574,5.5012,149.0845,0.946474
-522.4332,5.5012,148.7593,0.946555
-522.5090,5.5012,148.4336,0.946635
-522.5848,5.5012,148.1076,0.946713
-522.6606,5.5012,147.7812,0.946798
-522.7451,5.5012,147.4183,0.946884
-522.8214,5.5012,147.0914,0.946970
-522.8982,5.5012,146.7644,0.947051
-522.9839,5.5012,146.4007,0.947137
-523.0530,5.5012,146.1097,0.947208
-523.1400,5.5012,145.7458,0.947300
-523.2190,5.5012,145.4180,0.947379
-523.2985,5.5012,145.0900,0.947470
-523.3785,5.5012,144.7618,0.947551
-523.4590,5.5012,144.4333,0.947629
-523.5488,5.5012,144.0679,0.947721
-523.6301,5.5012,143.7386,0.947803
-523.7118,5.5012,143.4091,0.947882
-523.7939,5.5012,143.0792,0.947970
-523.8763,5.5012,142.7490,0.948053
-523.9593,5.5012,142.4185,0.948138
-524.0422,5.5012,142.0875,0.948222
-524.1255,5.5012,141.7561,0.948309
-524.2089,5.5012,141.4241,0.948393
-524.2925,5.5012,141.0918,0.948476
-524.3760,5.5012,140.7590,0.948556
-524.4693,5.5012,140.3888,0.948655
-524.5532,5.5012,140.0552,0.948737
-524.6373,5.5012,139.7212,0.948826
-524.7215,5.5012,139.3867,0.948909
-524.8057,5.5012,139.0519,0.948995
-524.8900,5.5012,138.7166,0.949079
-524.9745,5.5012,138.3809,0.949162
-525.0591,5.5012,138.0448,0.949255
-525.1437,5.5012,137.7084,0.949338
-525.2284,5.5012,137.3716,0.949429
-525.3036,5.5012,137.0718,0.949497
-525.3884,5.5012,136.7343,0.949590
-525.4736,5.5012,136.3964,0.949672
-525.5587,5.5012,136.0581,0.949756
-525.6439,5.5012,135.7194,0.949849
-525.7291,5.5012,135.3804,0.949937
-525.8144,5.5012,135.0410,0.950025
-525.9094,5.5012,134.6635,0.950117
-525.9951,5.5012,134.3233,0.950207
-526.0712,5.5012,134.0206,0.950281
-526.1569,5.5012,133.6797,0.950372
-526.2427,5.5012,133.3385,0.950462
-526.3285,5.5012,132.9968,0.950546
-526.4146,5.5012,132.6548,0.950635
-526.5009,5.5012,132.3126,0.950726
-526.5872,5.5012,131.9700,0.950818
-526.6736,5.5012,131.6269,0.950901
-526.7505,5.5012,131.3217,0.950976
-526.8372,5.5012,130.9781,0.951071
-526.9337,5.5012,130.5958,0.951170
-527.0109,5.5012,130.2895,0.951251
-527.0977,5.5012,129.9447,0.951340
-527.1844,5.5012,129.5994,0.951424
-527.2712,5.5012,129.2538,0.951518
-527.3583,5.5012,128.9078,0.951609
-527.4456,5.5012,128.5614,0.951698
-527.5328,5.5012,128.2147,0.951786
-527.6104,5.5012,127.9062,0.951869
-527.6978,5.5012,127.5589,0.951953
-527.7851,5.5012,127.2110,0.952044
-527.8723,5.5012,126.8627,0.952141
-527.9595,5.5012,126.5142,0.952228
-528.0468,5.5012,126.1651,0.952319
-528.1340,5.5012,125.8157,0.952409
-528.2211,5.5012,125.4659,0.952500
-528.3178,5.5012,125.0767,0.952603
-528.4047,5.5012,124.7258,0.952694
-528.4915,5.5012,124.3745,0.952784
-528.5781,5.5012,124.0226,0.952868
-528.6546,5.5012,123.7093,0.952954
-528.7404,5.5012,123.3565,0.953046
-528.8259,5.5012,123.0032,0.953132
-528.9111,5.5012,122.6493,0.953228
-528.9960,5.5012,122.2951,0.953316
-529.0712,5.5012,121.9798,0.953399
-529.1557,5.5012,121.6248,0.953492
-529.2397,5.5012,121.2694,0.953581
-529.3331,5.5012,120.8738,0.953679
-529.4166,5.5012,120.5175,0.953771
-529.5000,5.5012,120.1607,0.953862
-529.5829,5.5012,119.8036,0.953954
-529.6659,5.5012,119.4464,0.954047
-529.7391,5.5012,119.1285,0.954124
-529.8215,5.5012,118.7704,0.954217
-529.9034,5.5012,118.4121,0.954306
-529.9852,5.5012,118.0534,0.954398
-530.0666,5.5012,117.6943,0.954490
-530.1477,5.5012,117.3349,0.954586
-530.2285,5.5012,116.9752,0.954675
-530.3000,5.5012,116.6552,0.954758
-530.3801,5.5012,116.2948,0.954844
-530.4597,5.5012,115.9342,0.954940
-530.5389,5.5012,115.5733,0.955033
-530.6263,5.5012,115.1719,0.955136
-530.7043,5.5012,114.8104,0.955228
-530.7819,5.5012,114.4485,0.955317
-530.8503,5.5012,114.1267,0.955406
-530.9269,5.5012,113.7644,0.955491
-531.0030,5.5012,113.4018,0.955583
-531.0703,5.5012,113.0793,0.955669
-531.1454,5.5012,112.7163,0.955760
-531.2200,5.5012,112.3531,0.955853
-531.2942,5.5012,111.9896,0.955947
-531.3679,5.5012,111.6258,0.956041
-531.4410,5.5012,111.2619,0.956131
-531.5135,5.5012,110.8978,0.956230
-531.5855,5.5012,110.5336,0.956318
-531.6570,5.5012,110.1692,0.956411
-531.7281,5.5012,109.8047,0.956498
-531.7986,5.5012,109.4399,0.956593
-531.8609,5.5012,109.1155,0.956678
-531.9306,5.5012,108.7505,0.956773
-531.9998,5.5012,108.3853,0.956867
-532.0685,5.5012,108.0198,0.956958
-532.1369,5.5012,107.6540,0.957045
-532.1973,5.5012,107.3287,0.957133
-532.2648,5.5012,106.9625,0.957228
-532.3319,5.5012,106.5961,0.957319
-532.3986,5.5012,106.2294,0.957418
-532.4649,5.5012,105.8626,0.957508
-532.5310,5.5012,105.4956,0.957604
-532.6041,5.5012,105.0876,0.957706
-532.6623,5.5012,104.7612,0.957787
-532.7276,5.5012,104.3937,0.957884
-532.7924,5.5012,104.0261,0.957976
-532.8572,5.5012,103.6582,0.958074
-532.9146,5.5012,103.3311,0.958153
-532.9789,5.5012,102.9630,0.958247
-533.0430,5.5012,102.5947,0.958343
-533.1069,5.5012,102.2262,0.958441
-533.1708,5.5012,101.8576,0.958537
-533.2274,5.5012,101.5298,0.958617
-533.2981,5.5012,101.1201,0.958721
-533.3618,5.5012,100.7514,0.958816
-533.4258,5.5012,100.3826,0.958909
-533.4900,5.5012,100.0138,0.959007
-533.5544,5.5012,99.6449,0.959099
-533.6119,5.5012,99.3170,0.959184
-533.6769,5.5012,98.9481,0.959281
-533.7423,5.5012,98.5791,0.959373
-533.8077,5.5012,98.2099,0.959469
-533.8731,5.5012,97.8406,0.959562
-533.9388,5.5012,97.4711,0.959661
-534.0044,5.5012,97.1013,0.959755
-534.0698,5.5012,96.7312,0.959847
-534.1351,5.5012,96.3609,0.959946
-534.2001,5.5012,95.9903,0.960038
-534.2577,5.5012,95.6606,0.960124
-534.3224,5.5012,95.2896,0.960216
-534.3940,5.5012,94.8771,0.960324
-534.4511,5.5012,94.5469,0.960407
-534.5154,5.5012,94.1753,0.960508
-534.5795,5.5012,93.8033,0.960597
-534.6432,5.5012,93.4313,0.960693
-534.7068,5.5012,93.0589,0.960785
-534.7631,5.5012,92.7276,0.960867
-534.8260,5.5012,92.3547,0.960958
-534.8885,5.5012,91.9816,0.961060
-534.9507,5.5012,91.6083,0.961150
-535.0058,5.5012,91.2762,0.961236
-535.0673,5.5012,90.9025,0.961331
-535.1287,5.5012,90.5286,0.961421
-535.1965,5.5012,90.1128,0.961532
-535.2571,5.5012,89.7385,0.961624
-535.3175,5.5012,89.3640,0.961718
-535.3708,5.5012,89.0308,0.961805
-535.4307,5.5012,88.6560,0.961900
-535.4902,5.5012,88.2808,0.961993
-535.5496,5.5012,87.9056,0.962088
-535.6088,5.5012,87.5303,0.962183
-535.6678,5.5012,87.1549,0.962275
-535.7270,5.5012,86.7794,0.962376
-535.7860,5.5012,86.4038,0.962469
-535.8451,5.5012,86.0281,0.962564
-535.8976,5.5012,85.6941,0.962653
-535.9567,5.5012,85.3183,0.962746
-536.0158,5.5012,84.9423,0.962838
-536.0814,5.5012,84.5243,0.962946
-536.1403,5.5012,84.1479,0.963041
-536.1924,5.5012,83.8131,0.963125
-536.2510,5.5012,83.4363,0.963223
-536.3093,5.5012,83.0592,0.963311
-536.3675,5.5012,82.6818,0.963416
-536.4251,5.5012,82.3041,0.963509
-536.4822,5.5012,81.9262,0.963603
-536.5388,5.5012,81.5480,0.963697
-536.5949,5.5012,81.1695,0.963794
-536.6508,5.5012,80.7908,0.963893
-536.7062,5.5012,80.4120,0.963985
-536.7616,5.5012,80.0330,0.964087
-536.8166,5.5012,79.6539,0.964181
-536.8715,5.5012,79.2747,0.964278
-536.9259,5.5012,78.8952,0.964378
-536.9743,5.5012,78.5578,0.964459
-537.0282,5.5012,78.1780,0.964552
-537.0820,5.5012,77.7981,0.964649
-537.1354,5.5012,77.4180,0.964741
-537.1887,5.5012,77.0377,0.964843
-537.2416,5.5012,76.6573,0.964940
-537.2885,5.5012,76.3190,0.965030
-537.3409,5.5012,75.9382,0.965123
-537.3933,5.5012,75.5574,0.965219
-537.4455,5.5012,75.1764,0.965311
-537.4974,5.5012,74.7953,0.965417
-537.5495,5.5012,74.4141,0.965509
-537.6013,5.5012,74.0327,0.965608
-537.6530,5.5012,73.6512,0.965701
-537.7046,5.5012,73.2695,0.965798
-537.7560,5.5012,72.8877,0.965892
-537.8014,5.5012,72.5482,0.965983
-537.8525,5.5012,72.1660,0.966080
-537.9035,5.5012,71.7838,0.966177
-537.9486,5.5012,71.4439,0.966263
-537.9991,5.5012,71.0613,0.966362
-538.0552,5.5012,70.6360,0.966474
-538.0998,5.5012,70.2956,0.966560
-538.1497,5.5012,69.9124,0.966656
-538.1993,5.5012,69.5290,0.966754
-538.2484,5.5012,69.1453,0.966852
-538.2972,5.5012,68.7615,0.966947
-538.3456,5.5012,68.3775,0.967049
-538.3938,5.5012,67.9932,0.967144
-538.4363,5.5012,67.6516,0.967231
-538.4892,5.5012,67.2244,0.967341
-538.5312,5.5012,66.8825,0.967431
-538.5786,5.5012,66.4978,0.967528
-538.6255,5.5012,66.1130,0.967621
-538.6672,5.5012,65.7707,0.967716
-538.7137,5.5012,65.3855,0.967808
-538.7601,5.5012,65.0002,0.967912
-538.8063,5.5012,64.6148,0.968014
-538.8520,5.5012,64.2291,0.968109
-538.8976,5.5012,63.8433,0.968207
-538.9429,5.5012,63.4573,0.968313
-538.9881,5.5012,63.0711,0.968403
-539.0329,5.5012,62.6849,0.968504
-539.0726,5.5012,62.3414,0.968585
-539.1169,5.5012,61.9547,0.968691
-539.1610,5.5012,61.5679,0.968793
-539.2048,5.5012,61.1811,0.968890
-539.2437,5.5012,60.8372,0.968977
-539.2872,5.5012,60.4501,0.969083
-539.3353,5.5012,60.0198,0.969185
-539.3786,5.5012,59.6326,0.969283
-539.4220,5.5012,59.2453,0.969386
-539.4655,5.5012,58.8580,0.969488
-539.5090,5.5012,58.4706,0.969587
-539.5525,5.5012,58.0831,0.969690
-539.5959,5.5012,57.6954,0.969789
-539.6393,5.5012,57.3077,0.969890
-539.6827,5.5012,56.9199,0.969989
-539.7261,5.5012,56.5319,0.970086
-539.7695,5.5012,56.1438,0.970185
-539.8129,5.5012,55.7556,0.970285
-539.8514,5.5012,55.4105,0.970377
-539.8948,5.5012,55.0221,0.970473
-539.9382,5.5012,54.6336,0.970576
-539.9769,5.5012,54.2882,0.970662
-540.0206,5.5012,53.8995,0.970764
-540.0643,5.5012,53.5107,0.970869
-540.1082,5.5012,53.1217,0.970961
-540.1569,5.5012,52.6894,0.971078
-540.2007,5.5012,52.3002,0.971175
-540.2396,5.5012,51.9540,0.971264
-540.2836,5.5012,51.5646,0.971364
-540.3226,5.5012,51.2183,0.971457
-540.3665,5.5012,50.8286,0.971553
-540.4105,5.5012,50.4388,0.971656
-540.4543,5.5012,50.0489,0.971758
-540.4934,5.5012,49.7022,0.971843
-540.5373,5.5012,49.3121,0.971944
-540.5812,5.5012,48.9217,0.972045
-540.6251,5.5012,48.5313,0.972145
-540.6691,5.5012,48.1408,0.972245
-540.7130,5.5012,47.7502,0.972350
-540.7569,5.5012,47.3594,0.972450
-540.8008,5.5012,46.9686,0.972547
-540.8399,5.5012,46.6210,0.972641
-540.8839,5.5012,46.2300,0.972740
-540.9229,5.5012,45.8822,0.972830
-540.9669,5.5012,45.4909,0.972935
-541.0108,5.5012,45.0995,0.973032
-541.0547,5.5012,44.7080,0.973132
-541.0938,5.5012,44.3599,0.973221
-541.1378,5.5012,43.9682,0.973319
-541.1818,5.5012,43.5763,0.973422
-541.2257,5.5012,43.1844,0.973528
-541.2697,5.5012,42.7923,0.973622
-541.3137,5.5012,42.4001,0.973728
-541.3576,5.5012,42.0079,0.973828
-541.4017,5.5012,41.6155,0.973926
-541.4460,5.5012,41.2230,0.974030
-541.4854,5.5012,40.8741,0.974118
-541.5299,5.5012,40.4815,0.974221
-541.5744,5.5012,40.0888,0.974316
-541.6140,5.5012,39.7395,0.974411
-541.6584,5.5012,39.3466,0.974509
-541.7029,5.5012,38.9535,0.974613
-541.7475,5.5012,38.5603,0.974714
-541.7871,5.5012,38.2107,0.974804
-541.8316,5.5012,37.8173,0.974908
-541.8761,5.5012,37.4237,0.975003
-541.9207,5.5012,37.0301,0.975106
-541.9652,5.5012,36.6363,0.975211
-542.0097,5.5012,36.2424,0.975312
-542.0493,5.5012,35.8922,0.975395
-542.0938,5.5012,35.4981,0.975500
-542.1382,5.5012,35.1039,0.975599
-542.1778,5.5012,34.7536,0.975691
-542.2224,5.5012,34.3592,0.975793
-542.2671,5.5012,33.9647,0.975894
-542.3118,5.5012,33.5702,0.975988
-542.3517,5.5012,33.2195,0.976083
-542.3967,5.5012,32.8248,0.976186
-542.4418,5.5012,32.4300,0.976289
-542.4868,5.5012,32.0351,0.976383
-542.5319,5.5012,31.6401,0.976484
-542.5769,5.5012,31.2449,0.976586
-542.6219,5.5012,30.8496,0.976681
-542.6620,5.5012,30.4981,0.976784
-542.7070,5.5012,30.1027,0.976879
-542.7521,5.5012,29.7072,0.976977
-542.7922,5.5012,29.3553,0.977070
-542.8373,5.5012,28.9595,0.977172
-542.8823,5.5012,28.5636,0.977277
-542.9224,5.5012,28.2115,0.977362
-542.9674,5.5012,27.8154,0.977464
-543.0125,5.5012,27.4192,0.977560
-543.0575,5.5012,27.0229,0.977669
-543.1025,5.5012,26.6265,0.977768
-543.1426,5.5012,26.2740,0.977858
-543.1876,5.5012,25.8774,0.977960
-543.2377,5.5012,25.4366,0.978066
-543.2778,5.5012,25.0838,0.978159
-543.3228,5.5012,24.6869,0.978262
-543.3679,5.5012,24.2899,0.978365
-543.4130,5.5012,23.8928,0.978467
-543.4530,5.5012,23.5397,0.978558
-543.4983,5.5012,23.1423,0.978658
-543.5435,5.5012,22.7449,0.978759
-543.5887,5.5012,22.3474,0.978858
-543.6290,5.5012,21.9940,0.978952
-543.6744,5.5012,21.5963,0.979062
-543.7198,5.5012,21.1985,0.979152
-543.7654,5.5012,20.8007,0.979258
-543.8110,5.5012,20.4025,0.979356
-543.8566,5.5012,20.0045,0.979457
-543.9021,5.5012,19.6062,0.979564
-543.9475,5.5012,19.2078,0.979665
-543.9880,5.5012,18.8537,0.979752
-544.0336,5.5012,18.4551,0.979853
-544.0790,5.5012,18.0565,0.979953
-544.1195,5.5012,17.7020,0.980047
-544.1650,5.5012,17.3032,0.980150
-544.2054,5.5012,16.9486,0.980239
-544.2509,5.5012,16.5495,0.980343
-544.2965,5.5012,16.1504,0.980447
-544.3419,5.5012,15.7511,0.980549
-544.3872,5.5012,15.3518,0.980647
-544.4327,5.5012,14.9523,0.980753
-544.4781,5.5012,14.5528,0.980856
-544.5186,5.5012,14.1976,0.980945
-544.5640,5.5012,13.7978,0.981046
-544.6091,5.5012,13.3979,0.981156
-544.6492,5.5012,13.0423,0.981245
-544.6943,5.5012,12.6423,0.981341
-544.7393,5.5012,12.2422,0.981450
-544.7794,5.5012,11.8865,0.981539
-544.8244,5.5012,11.4862,0.981637
-544.8694,5.5012,11.0857,0.981738
-544.9145,5.5012,10.6853,0.981845
-544.9595,5.5012,10.2847,0.981946
-544.9996,5.5012,9.9285,0.982040
-545.0496,5.5012,9.4833,0.982152
-545.0947,5.5012,9.0825,0.982258
-545.1347,5.5012,8.7261,0.982349
-545.1797,5.5012,8.3250,0.982452
-545.2248,5.5012,7.9240,0.982555
-545.2698,5.5012,7.5227,0.982659
-545.3099,5.5012,7.1660,0.982749
-545.3549,5.5012,6.7646,0.982848
-545.3950,5.5012,6.4078,0.982945
-545.4401,5.5012,6.0063,0.983043
-545.4852,5.5012,5.6046,0.983153
-545.5302,5.5012,5.2028,0.983256
-545.5754,5.5012,4.8010,0.983357
-545.6208,5.5012,4.3991,0.983460
-545.6662,5.5012,3.9971,0.983561
-545.7117,5.5012,3.5951,0.983661
-545.7521,5.5012,3.2377,0.983762
-545.7976,5.5012,2.8355,0.983861
-545.8432,5.5012,2.4332,0.983969
-545.8837,5.5012,2.0755,0.984052
-545.9293,5.5012,1.6730,0.984158
-545.9749,5.5012,1.2705,0.984268
-546.0154,5.5012,0.9124,0.984356
-546.0610,5.5012,0.5096,0.984460
-546.1066,5.5012,0.1067,0.984564
-546.1522,5.5012,-0.2962,0.984660
-546.1927,5.5012,-0.6544,0.984754
-546.2434,5.5012,-1.1024,0.984867
-546.2890,5.5012,-1.5056,0.984975
-546.3347,5.5012,-1.9089,0.985081
-546.3802,5.5012,-2.3123,0.985184
-546.4258,5.5012,-2.7158,0.985292
-546.4714,5.5012,-3.1195,0.985395
-546.5120,5.5012,-3.4783,0.985488
-546.5576,5.5012,-3.8821,0.985584
-546.6031,5.5012,-4.2859,0.985692
-546.6487,5.5012,-4.6899,0.985802
-546.6893,5.5012,-5.0490,0.985889
-546.7349,5.5012,-5.4531,0.985990
-546.7805,5.5012,-5.8573,0.986094
-546.8260,5.5012,-6.2616,0.986199
-546.8716,5.5012,-6.6660,0.986300
-546.9172,5.5012,-7.0704,0.986406
-546.9628,5.5012,-7.4750,0.986512
-547.0084,5.5012,-7.8796,0.986612
-547.0489,5.5012,-8.2393,0.986710
-547.0945,5.5012,-8.6441,0.986815
-547.1401,5.5012,-9.0490,0.986920
-547.1857,5.5012,-9.4540,0.987029
-547.2262,5.5012,-9.8140,0.987117
-547.2718,5.5012,-10.2190,0.987221
-547.3175,5.5012,-10.6242,0.987323
-547.3635,5.5012,-11.0294,0.987427
-547.4045,5.5012,-11.3897,0.987515
-547.4506,5.5012,-11.7951,0.987621
-547.4968,5.5012,-12.2006,0.987728
-547.5429,5.5012,-12.6061,0.987830
-547.5891,5.5012,-13.0117,0.987937
-547.6352,5.5012,-13.4175,0.988042
-547.6813,5.5012,-13.8233,0.988142
-547.7224,5.5012,-14.1841,0.988232
-547.7685,5.5012,-14.5902,0.988342
-547.8146,5.5012,-14.9964,0.988438
-547.8608,5.5012,-15.4025,0.988555
-547.9017,5.5012,-15.7637,0.988643
-547.9477,5.5012,-16.1701,0.988742
-547.9938,5.5012,-16.5765,0.988853
-548.0398,5.5012,-16.9830,0.988958
-548.0857,5.5012,-17.3896,0.989061
-548.1317,5.5012,-17.7964,0.989167
-548.1777,5.5012,-18.2032,0.989268
-548.2238,5.5012,-18.6101,0.989373
-548.2697,5.5012,-19.0171,0.989480
-548.3105,5.5012,-19.3790,0.989574
-548.3563,5.5012,-19.7860,0.989674
-548.4022,5.5012,-20.1933,0.989778
-548.4428,5.5012,-20.5553,0.989870
-548.4886,5.5012,-20.9627,0.989978
-548.5342,5.5012,-21.3702,0.990081
-548.5748,5.5012,-21.7324,0.990176
-548.6205,5.5012,-22.1400,0.990278
-548.6661,5.5012,-22.5477,0.990387
-548.7117,5.5012,-22.9555,0.990491
-548.7573,5.5012,-23.3633,0.990595
-548.8029,5.5012,-23.7713,0.990701
-548.8485,5.5012,-24.1794,0.990804
-548.8941,5.5012,-24.5875,0.990909
-548.9346,5.5012,-24.9502,0.991001
-548.9802,5.5012,-25.3584,0.991109
-549.0258,5.5012,-25.7667,0.991215
-549.0663,5.5012,-26.1297,0.991302
-549.1119,5.5012,-26.5382,0.991408
-549.1575,5.5012,-26.9467,0.991515
-549.1980,5.5012,-27.3098,0.991614
-549.2437,5.5012,-27.7185,0.991712
-549.2892,5.5012,-28.1273,0.991817
-549.3349,5.5012,-28.5361,0.991922
-549.3805,5.5012,-28.9449,0.992025
-549.4261,5.5012,-29.3539,0.992133
-549.4717,5.5012,-29.7630,0.992233
-549.5123,5.5012,-30.1266,0.992335
-549.5579,5.5012,-30.5359,0.992436
-549.6035,5.5012,-30.9452,0.992538
-549.6440,5.5012,-31.3090,0.992632
-549.6896,5.5012,-31.7184,0.992738
-549.7352,5.5012,-32.1278,0.992841
-549.7757,5.5012,-32.4919,0.992938
-549.8213,5.5012,-32.9016,0.993038
-549.8669,5.5012,-33.3113,0.993148
-549.9125,5.5012,-33.7210,0.993253
-549.9530,5.5012,-34.0853,0.993353
-549.9986,5.5012,-34.4953,0.993460
-550.0442,5.5012,-34.9054,0.993556
-550.0898,5.5012,-35.3155,0.993665
-550.1354,5.5012,-35.7257,0.993765
-550.1811,5.5012,-36.1360,0.993872
-550.2267,5.5012,-36.5463,0.993974
-550.2673,5.5012,-36.9111,0.994075
-550.3129,5.5012,-37.3216,0.994176
-550.3585,5.5012,-37.7322,0.994284
-550.4041,5.5012,-38.1428,0.994379
-550.4447,5.5012,-38.5078,0.994475
-550.4905,5.5012,-38.9186,0.994588
-550.5363,5.5012,-39.3294,0.994691
-550.5820,5.5012,-39.7403,0.994795
-550.6279,5.5012,-40.1513,0.994902
-550.6686,5.5012,-40.5167,0.994995
-550.7196,5.5012,-40.9735,0.995108
-550.7654,5.5012,-41.3847,0.995217
-550.8062,5.5012,-41.7502,0.995312
-550.8521,5.5012,-42.1616,0.995422
-550.8979,5.5012,-42.5731,0.995525
-550.9387,5.5012,-42.9388,0.995622
-550.9846,5.5012,-43.3504,0.995730
-551.0303,5.5012,-43.7621,0.995829
-551.0763,5.5012,-44.1738,0.995930
-551.1223,5.5012,-44.5856,0.996041
-551.1685,5.5012,-44.9974,0.996150
-551.2146,5.5012,-45.4094,0.996252
-551.2605,5.5012,-45.8214,0.996351
-551.3066,5.5012,-46.2334,0.996459
-551.3579,5.5012,-46.6914,0.996576
-551.3989,5.5012,-47.0578,0.996672
-551.4451,5.5012,-47.4701,0.996784
-551.4912,5.5012,-47.8824,0.996888
-551.5374,5.5012,-48.2949,0.996996
-551.5784,5.5012,-48.6616,0.997094
-551.6245,5.5012,-49.0742,0.997194
-551.6707,5.5012,-49.4868,0.997307
-551.7117,5.5012,-49.8537,0.997401
-551.7578,5.5012,-50.2664,0.997502
-551.8040,5.5012,-50.6792,0.997606
-551.8501,5.5012,-51.0921,0.997712
-551.8911,5.5012,-51.4593,0.997811
-551.9373,5.5012,-51.8724,0.997915
-551.9885,5.5012,-52.3314,0.998034
-552.0347,5.5012,-52.7446,0.998137
-552.0757,5.5012,-53.1118,0.998243
-552.1218,5.5012,-53.5253,0.998347
-552.1628,5.5012,-53.8928,0.998436
-552.2090,5.5012,-54.3061,0.998544
-552.2551,5.5012,-54.7197,0.998647
-552.3013,5.5012,-55.1333,0.998762
-552.3474,5.5012,-55.5469,0.998864
-552.3936,5.5012,-55.9607,0.998972
-552.4346,5.5012,-56.3286,0.999065
-552.4807,5.5012,-56.7424,0.999169
-552.5269,5.5012,-57.1563,0.999274
-552.5730,5.5012,-57.5704,0.999383
-552.6191,5.5012,-57.9845,0.999485
-552.6653,5.5012,-58.3985,0.999593
-552.7114,5.5012,-58.8128,0.999711
-552.7524,5.5012,-59.1811,0.999805
-552.7986,5.5012,-59.5953,0.999910
