-537.9781,5.5013,-63.4498,0.000386
-538.0957,5.5013,-64.4394,0.000644
-538.2133,5.5013,-65.4297,0.000904
-538.3176,5.5013,-66.3106,0.001133
-538.4347,5.5013,-67.3024,0.001390
-538.5515,5.5013,-68.2950,0.001644
-538.6678,5.5013,-69.2884,0.001911
-538.7835,5.5013,-70.2827,0.002162
-538.8858,5.5013,-71.1672,0.002406
-539.0002,5.5013,-72.1630,0.002660
-539.1138,5.5013,-73.1598,0.002924
-539.2141,5.5013,-74.0465,0.003155
-539.3386,5.5013,-75.1560,0.003444
-539.4377,5.5013,-76.0444,0.003675
-539.5484,5.5013,-77.0447,0.003936
-539.6463,5.5013,-77.9346,0.004159
-539.7558,5.5013,-78.9365,0.004421
-539.8647,5.5013,-79.9395,0.004684
-539.9609,5.5013,-80.8317,0.004911
-540.0687,5.5013,-81.8363,0.005167
-540.1641,5.5013,-82.7301,0.005400
-540.2711,5.5013,-83.7363,0.005654
-540.3776,5.5013,-84.7434,0.005914
-540.4719,5.5013,-85.6394,0.006146
-540.5894,5.5013,-86.7604,0.006431
-540.6948,5.5013,-87.7700,0.006690
-540.7881,5.5013,-88.6682,0.006911
-540.9048,5.5013,-89.7919,0.007204
-541.0097,5.5013,-90.8040,0.007464
-541.1028,5.5013,-91.7044,0.007695
-541.2077,5.5013,-92.7181,0.007949
-541.3126,5.5013,-93.7326,0.008219
-541.4054,5.5013,-94.6350,0.008440
-541.5098,5.5013,-95.6511,0.008703
-541.6030,5.5013,-96.5548,0.008946
-541.7198,5.5013,-97.6853,0.009247
-541.8251,5.5013,-98.7036,0.009275
-541.9188,5.5013,-99.6093,0.009734
-542.0244,5.5013,-100.6290,0.009962
-542.1185,5.5013,-101.5360,0.010467
-542.2244,5.5013,-102.5570,0.010468
-542.3425,5.5013,-103.6924,0.010719
-542.4608,5.5013,-104.8286,0.011045
-542.5795,5.5013,-105.9657,0.011334
-542.6744,5.5013,-106.8760,0.011567
-542.7935,5.5013,-108.0147,0.011857
-542.9130,5.5013,-109.1543,0.012144
-543.0208,5.5013,-110.1806,0.012412
-543.1288,5.5013,-111.2077,0.012670
-543.2251,5.5013,-112.1212,0.012903
-543.3336,5.5013,-113.1496,0.013172
-543.4423,5.5013,-114.1786,0.013429
-543.5637,5.5013,-115.3229,0.013726
-543.6611,5.5013,-116.2390,0.013958
-543.7832,5.5013,-117.3849,0.014247
-543.8813,5.5013,-118.3022,0.014473
-543.9922,5.5013,-119.3348,0.014744
-544.0912,5.5013,-120.2534,0.014970
-544.2031,5.5013,-121.2874,0.015246
-544.3156,5.5013,-122.3219,0.015506
-544.4161,5.5013,-123.2422,0.015753
-544.5296,5.5013,-124.2780,0.016009
-544.6310,5.5013,-125.1994,0.016239
-544.7458,5.5013,-126.2364,0.016502
-544.8612,5.5013,-127.2741,0.016771
-544.9644,5.5013,-128.1970,0.017006
-545.0811,5.5013,-129.2359,0.017274
-545.1852,5.5013,-130.1599,0.017511
-545.3030,5.5013,-131.1999,0.017770
-545.4081,5.5013,-132.1248,0.018014
-545.5136,5.5013,-133.0502,0.018252
-545.6459,5.5013,-134.2077,0.018545
-545.7655,5.5013,-135.2500,0.018812
-545.8988,5.5013,-136.4089,0.019108
-546.0058,5.5013,-137.3365,0.019355
-546.1265,5.5013,-138.3807,0.019613
-546.2343,5.5013,-139.3095,0.019862
-546.3556,5.5013,-140.3549,0.020131
-546.4774,5.5013,-141.4010,0.020393
-546.5995,5.5013,-142.4477,0.020671
-546.7219,5.5013,-143.4950,0.020932
-546.8583,5.5013,-144.6595,0.021232
-546.9814,5.5013,-145.7082,0.021516
-547.1186,5.5013,-146.8742,0.021814
-547.2284,5.5013,-147.8075,0.022051
-547.3661,5.5013,-148.9749,0.022353
-547.4901,5.5013,-150.0262,0.022626
-547.6005,5.5013,-150.9613,0.022871
-547.7249,5.5013,-152.0139,0.023137
-547.8357,5.5013,-152.9500,0.023380
-547.9607,5.5013,-154.0037,0.023654
-548.0858,5.5013,-155.0581,0.023925
-548.2111,5.5013,-156.1131,0.024206
-548.3366,5.5013,-157.1687,0.024478
-548.4624,5.5013,-158.2249,0.024749
-548.5744,5.5013,-159.1643,0.024994
-548.7144,5.5013,-160.3393,0.025303
-548.8406,5.5013,-161.3974,0.025575
-548.9670,5.5013,-162.4561,0.025852
-549.0933,5.5013,-163.5155,0.026125
-549.2338,5.5013,-164.6933,0.026434
-549.3466,5.5013,-165.6360,0.026687
-549.4734,5.5013,-166.6973,0.026958
-549.5861,5.5013,-167.6410,0.027208
-549.7128,5.5013,-168.7035,0.027476
-549.8392,5.5013,-169.7665,0.027754
-549.9514,5.5013,-170.7119,0.027997
-550.0916,5.5013,-171.8943,0.028304
-550.2314,5.5013,-173.0775,0.028617
-550.3712,5.5013,-174.2614,0.028931
-550.5105,5.5013,-175.4459,0.029238
-550.6357,5.5013,-176.5123,0.029513
-550.7604,5.5013,-177.5790,0.029793
-550.8987,5.5013,-178.7642,0.030102
-551.0089,5.5013,-179.7125,0.030347
-551.1462,5.5013,-180.8977,0.030661
-551.2692,5.5013,-181.9641,0.030927
-551.3919,5.5013,-183.0301,0.031209
-551.5005,5.5013,-183.9771,0.031459
-551.6223,5.5013,-185.0415,0.031739
-551.7435,5.5013,-186.1048,0.032006
-551.8510,5.5013,-187.0489,0.032266
-551.9713,5.5013,-188.1096,0.032538
-552.0778,5.5013,-189.0512,0.032782
-552.1974,5.5013,-190.1088,0.033056
-552.3034,5.5013,-191.0472,0.033295
-552.4221,5.5013,-192.1012,0.033574
-552.5273,5.5013,-193.0364,0.033815
-552.6453,5.5013,-194.0867,0.034096
-552.7629,5.5013,-195.1350,0.034368
-552.8671,5.5013,-196.0652,0.034600
-552.9841,5.5013,-197.1098,0.034882
-553.1007,5.5013,-198.1525,0.035149
-553.2170,5.5013,-199.1932,0.035415
-553.3329,5.5013,-200.2318,0.035681
-553.4358,5.5013,-201.1533,0.035926
-553.5512,5.5013,-202.1879,0.036199
-553.6535,5.5013,-203.1057,0.036433
-553.7682,5.5013,-204.1361,0.036699
-553.8827,5.5013,-205.1640,0.036957
-553.9842,5.5013,-206.0755,0.037201
-554.0980,5.5013,-207.0983,0.037469
-554.1988,5.5013,-208.0049,0.037707
-554.3118,5.5013,-209.0217,0.037970
-554.4244,5.5013,-210.0354,0.038232
-554.5365,5.5013,-211.0457,0.038492
-554.6481,5.5013,-212.0525,0.038748
-554.7471,5.5013,-212.9445,0.038979
-554.8580,5.5013,-213.9443,0.039234
-554.9562,5.5013,-214.8298,0.039475
-555.0662,5.5013,-215.8221,0.039724
-555.1757,5.5013,-216.8103,0.039988
-555.2848,5.5013,-217.7944,0.040235
-555.3934,5.5013,-218.7739,0.040482
-555.5013,5.5013,-219.7490,0.040737
-555.5969,5.5013,-220.6117,0.040963
-555.7039,5.5013,-221.5778,0.041212
-555.8104,5.5013,-222.5387,0.041461
-555.9047,5.5013,-223.3886,0.041676
-556.0102,5.5013,-224.3397,0.041928
-556.1151,5.5013,-225.2853,0.042176
-556.2194,5.5013,-226.2254,0.042409
-556.3231,5.5013,-227.1597,0.042659
-556.4261,5.5013,-228.0880,0.042894
-556.5285,5.5013,-229.0103,0.043129
-556.6191,5.5013,-229.8249,0.043350
-556.7316,5.5013,-230.8361,0.043611
-556.8322,5.5013,-231.7394,0.043837
-556.9210,5.5013,-232.5368,0.044046
-557.0203,5.5013,-233.4277,0.044276
-557.1299,5.5013,-234.4098,0.044533
-557.2278,5.5013,-235.2867,0.044756
-557.3143,5.5013,-236.0604,0.044959
-557.4109,5.5013,-236.9245,0.045170
-557.5069,5.5013,-237.7833,0.045394
-557.5918,5.5013,-238.5429,0.045593
-557.6867,5.5013,-239.3916,0.045810
-557.7704,5.5013,-240.1402,0.046011
-557.8740,5.5013,-241.0679,0.046246
-557.9664,5.5013,-241.8953,0.046463
-558.0479,5.5013,-242.6246,0.046652
-558.1488,5.5013,-243.5283,0.046880
-558.2585,5.5013,-244.5121,0.047134
-558.3374,5.5013,-245.2209,0.047320
-558.4253,5.5013,-246.0116,0.047523
-558.5027,5.5013,-246.7085,0.047701
-558.5887,5.5013,-247.4858,0.047906
-558.6739,5.5013,-248.2561,0.048105
-558.7579,5.5013,-249.0193,0.048302
-558.8317,5.5013,-249.6919,0.048480
-558.9137,5.5013,-250.4418,0.048669
-558.9946,5.5013,-251.1851,0.048856
-559.0655,5.5013,-251.8415,0.049025
-559.1443,5.5013,-252.5760,0.049222
-559.2137,5.5013,-253.2263,0.049388
-559.2906,5.5013,-253.9552,0.049578
-559.3582,5.5013,-254.6015,0.049744
-559.4330,5.5013,-255.3269,0.049933
-559.5066,5.5013,-256.0505,0.050120
-559.5791,5.5013,-256.7730,0.050300
-559.6426,5.5013,-257.4139,0.050465
-559.7128,5.5013,-258.1338,0.050659
-559.7818,5.5013,-258.8523,0.050839
-559.8419,5.5013,-259.4901,0.051001
-559.9083,5.5013,-260.2063,0.051189
-559.9659,5.5013,-260.8417,0.051355
-560.0294,5.5013,-261.5555,0.051542
-560.0843,5.5013,-262.1888,0.051704
-560.1442,5.5013,-262.9000,0.051884
-560.1957,5.5013,-263.5311,0.052048
-560.2578,5.5013,-264.3185,0.052249
-560.3112,5.5013,-265.0259,0.052435
-560.3569,5.5013,-265.6537,0.052597
-560.4060,5.5013,-266.3587,0.052776
-560.4479,5.5013,-266.9843,0.052943
-560.4927,5.5013,-267.6870,0.053127
-560.5351,5.5013,-268.3885,0.053310
-560.5708,5.5013,-269.0110,0.053468
-560.6087,5.5013,-269.7102,0.053646
-560.6403,5.5013,-270.3307,0.053809
-560.6733,5.5013,-271.0276,0.053991
-560.7003,5.5013,-271.6460,0.054148
-560.7281,5.5013,-272.3408,0.054321
-560.7505,5.5013,-272.9579,0.054487
-560.7729,5.5013,-273.6516,0.054667
-560.7904,5.5013,-274.2680,0.054822
-560.8072,5.5013,-274.9609,0.055003
-560.8196,5.5013,-275.5766,0.055162
-560.8307,5.5013,-276.2689,0.055341
-560.8379,5.5013,-276.8839,0.055499
-560.8431,5.5013,-277.5754,0.055679
-560.8452,5.5013,-278.2664,0.055855
-560.8438,5.5013,-279.0337,0.056057
-560.8399,5.5013,-279.6469,0.056214
-560.8326,5.5013,-280.3363,0.056398
-560.8234,5.5013,-280.9488,0.056548
-560.8083,5.5013,-281.7138,0.056751
-560.7914,5.5013,-282.4017,0.056929
-560.7736,5.5013,-283.0126,0.057090
-560.7480,5.5013,-283.7756,0.057286
-560.7184,5.5013,-284.5381,0.057480
-560.6884,5.5013,-285.2235,0.057657
-560.6553,5.5013,-285.9084,0.057840
-560.6234,5.5013,-286.5167,0.057999
-560.5847,5.5013,-287.2007,0.058170
-560.5480,5.5013,-287.8083,0.058332
-560.5042,5.5013,-288.4921,0.058509
-560.4633,5.5013,-289.1001,0.058666
-560.4149,5.5013,-289.7848,0.058842
-560.3702,5.5013,-290.3943,0.059004
-560.3180,5.5013,-291.0809,0.059182
-560.2637,5.5013,-291.7687,0.059352
-560.2139,5.5013,-292.3813,0.059520
-560.1564,5.5013,-293.0716,0.059699
-560.0905,5.5013,-293.8401,0.059897
-560.0363,5.5013,-294.4560,0.060060
-559.9737,5.5013,-295.1500,0.060241
-559.9168,5.5013,-295.7679,0.060398
-559.8513,5.5013,-296.4641,0.060581
-559.7918,5.5013,-297.0840,0.060744
-559.7233,5.5013,-297.7824,0.060927
-559.6532,5.5013,-298.4820,0.061110
-559.5734,5.5013,-299.2607,0.061313
-559.5082,5.5013,-299.8847,0.061471
-559.4249,5.5013,-300.6664,0.061672
-559.3482,5.5013,-301.3714,0.061858
-559.2786,5.5013,-301.9994,0.062023
-559.1988,5.5013,-302.7074,0.062210
-559.1264,5.5013,-303.3381,0.062366
-559.0434,5.5013,-304.0493,0.062560
-558.9683,5.5013,-304.6830,0.062723
-558.8821,5.5013,-305.3977,0.062916
-558.8043,5.5013,-306.0346,0.063074
-558.7151,5.5013,-306.7529,0.063263
-558.6245,5.5013,-307.4730,0.063456
-558.5425,5.5013,-308.1147,0.063617
-558.4384,5.5013,-308.9189,0.063825
-558.3536,5.5013,-309.5639,0.064002
-558.2567,5.5013,-310.2913,0.064188
-558.1473,5.5013,-311.1016,0.064400
-558.0583,5.5013,-311.7516,0.064574
-557.9568,5.5013,-312.4844,0.064760
-557.8652,5.5013,-313.1374,0.064930
-557.7606,5.5013,-313.8736,0.065127
-557.6663,5.5013,-314.5294,0.065296
-557.5585,5.5013,-315.2690,0.065495
-557.4490,5.5013,-316.0102,0.065689
-557.3503,5.5013,-316.6706,0.065858
-557.2250,5.5013,-317.4980,0.066080
-557.1105,5.5013,-318.2445,0.066274
-557.0071,5.5013,-318.9095,0.066446
-556.8893,5.5013,-319.6591,0.066641
-556.7831,5.5013,-320.3269,0.066817
-556.6620,5.5013,-321.0795,0.067016
-556.5529,5.5013,-321.7498,0.067190
-556.4285,5.5013,-322.5052,0.067387
-556.3164,5.5013,-323.1780,0.067568
-556.1888,5.5013,-323.9361,0.067765
-556.0737,5.5013,-324.6113,0.067948
-555.9426,5.5013,-325.3722,0.068145
-555.8098,5.5013,-326.1346,0.068345
-555.6750,5.5013,-326.8983,0.068553
-555.5232,5.5013,-327.7487,0.068771
-555.3691,5.5013,-328.6007,0.068993
-555.2442,5.5013,-329.2836,0.069179
-555.0859,5.5013,-330.1387,0.069407
-554.9417,5.5013,-330.9098,0.069605
-554.8119,5.5013,-331.5963,0.069791
-554.6804,5.5013,-332.2840,0.069977
-554.5308,5.5013,-333.0588,0.070185
-554.3962,5.5013,-333.7486,0.070365
-554.2427,5.5013,-334.5259,0.070572
-554.0872,5.5013,-335.3044,0.070772
-553.9297,5.5013,-336.0842,0.070984
-553.7879,5.5013,-336.7783,0.071168
-553.6262,5.5013,-337.5604,0.071372
-553.4623,5.5013,-338.3437,0.071579
-553.2776,5.5013,-339.2153,0.071813
-553.1277,5.5013,-339.9137,0.072004
-552.9379,5.5013,-340.7880,0.072236
-552.7453,5.5013,-341.6636,0.072476
-552.5891,5.5013,-342.3651,0.072661
-552.4111,5.5013,-343.1553,0.072874
-552.2308,5.5013,-343.9466,0.073084
-552.0684,5.5013,-344.6508,0.073273
-551.8834,5.5013,-345.4438,0.073481
-551.7172,5.5013,-346.1497,0.073675
-551.5066,5.5013,-347.0331,0.073909
-551.3361,5.5013,-347.7407,0.074099
-551.1205,5.5013,-348.6263,0.074339
-550.9239,5.5013,-349.4244,0.074558
-550.7029,5.5013,-350.3122,0.074788
-550.5240,5.5013,-351.0232,0.074984
-550.2979,5.5013,-351.9129,0.075228
-550.1150,5.5013,-352.6253,0.075412
-549.9071,5.5013,-353.4276,0.075639
-549.6970,5.5013,-354.2305,0.075854
-549.5082,5.5013,-354.9449,0.076042
-549.2939,5.5013,-355.7491,0.076261
-549.1015,5.5013,-356.4643,0.076457
-548.8831,5.5013,-357.2693,0.076672
-548.6625,5.5013,-358.0748,0.076888
-548.4398,5.5013,-358.8806,0.077107
-548.2401,5.5013,-359.5972,0.077294
-548.0136,5.5013,-360.4039,0.077521
-547.7597,5.5013,-361.3006,0.077761
-547.5292,5.5013,-362.1082,0.077974
-547.2707,5.5013,-363.0060,0.078219
-547.0360,5.5013,-363.8144,0.078440
-546.7731,5.5013,-364.7132,0.078686
-546.5345,5.5013,-365.5225,0.078900
-546.3209,5.5013,-366.2423,0.079101
-546.0790,5.5013,-367.0524,0.079311
-545.8624,5.5013,-367.7730,0.079511
-545.6172,5.5013,-368.5840,0.079725
-545.3978,5.5013,-369.3052,0.079920
-545.1495,5.5013,-370.1171,0.080136
-544.8994,5.5013,-370.9294,0.080357
-544.6478,5.5013,-371.7422,0.080582
-544.4228,5.5013,-372.4650,0.080775
-544.1398,5.5013,-373.3691,0.081024
-543.8835,5.5013,-374.1832,0.081238
-543.5969,5.5013,-375.0883,0.081492
-543.3663,5.5013,-375.8128,0.081678
-543.0763,5.5013,-376.7189,0.081932
-542.8430,5.5013,-377.4441,0.082124
-542.5792,5.5013,-378.2606,0.082354
-542.2844,5.5013,-379.1683,0.082596
-542.0473,5.5013,-379.8948,0.082788
-541.7792,5.5013,-380.7126,0.083012
-541.4797,5.5013,-381.6217,0.083260
-541.2086,5.5013,-382.4405,0.083477
-540.9059,5.5013,-383.3507,0.083732
-540.6014,5.5013,-384.2615,0.083985
-540.2954,5.5013,-385.1729,0.084229
-540.0187,5.5013,-385.9935,0.084460
-539.7407,5.5013,-386.8141,0.084679
-539.4927,5.5013,-387.5430,0.084883
-539.2128,5.5013,-388.3622,0.085111
-538.9635,5.5013,-389.0893,0.085299
-538.6824,5.5013,-389.9057,0.085532
-538.4008,5.5013,-390.7202,0.085764
-538.1501,5.5013,-391.4420,0.085952
-537.8679,5.5013,-392.2517,0.086173
-537.5542,5.5013,-393.1476,0.086427
-537.2718,5.5013,-393.9504,0.086645
-536.9583,5.5013,-394.8382,0.086888
-536.6450,5.5013,-395.7208,0.087136
-536.3635,5.5013,-396.5106,0.087352
-536.0514,5.5013,-397.3825,0.087599
-535.8024,5.5013,-398.0756,0.087786
-535.5541,5.5013,-398.7646,0.087973
-535.2758,5.5013,-399.5349,0.088189
-535.0294,5.5013,-400.2148,0.088385
-534.7230,5.5013,-401.0582,0.088613
-534.4486,5.5013,-401.8110,0.088821
-534.1758,5.5013,-402.5577,0.089024
-533.9047,5.5013,-403.2982,0.089230
-533.6057,5.5013,-404.1131,0.089459
-533.3089,5.5013,-404.9196,0.089683
-533.0146,5.5013,-405.7173,0.089903
-532.7228,5.5013,-406.5065,0.090121
-532.4913,5.5013,-407.1315,0.090300
-532.2043,5.5013,-407.9051,0.090513
-531.9200,5.5013,-408.6700,0.090727
-531.6947,5.5013,-409.2755,0.090890
-531.4432,5.5013,-409.9502,0.091077
-531.2216,5.5013,-410.5441,0.091246
-530.9743,5.5013,-411.2058,0.091429
-530.7292,5.5013,-411.8607,0.091617
-530.4594,5.5013,-412.5809,0.091814
-530.1913,5.5013,-413.2958,0.092005
-529.9520,5.5013,-413.9337,0.092188
-529.6886,5.5013,-414.6347,0.092385
-529.4542,5.5013,-415.2581,0.092560
-529.2220,5.5013,-415.8747,0.092728
-529.0176,5.5013,-416.4174,0.092885
-528.7639,5.5013,-417.0905,0.093078
-528.5117,5.5013,-417.7589,0.093270
-528.2609,5.5013,-418.4231,0.093446
-528.0361,5.5013,-419.0175,0.093613
-527.8372,5.5013,-419.5432,0.093767
-527.5898,5.5013,-420.1968,0.093950
-527.3438,5.5013,-420.8465,0.094132
-527.1479,5.5013,-421.3633,0.094278
-526.9288,5.5013,-421.9408,0.094443
-526.7354,5.5013,-422.4503,0.094592
-526.4957,5.5013,-423.0816,0.094774
-526.2582,5.5013,-423.7063,0.094955
-526.0231,5.5013,-424.3243,0.095132
-525.7905,5.5013,-424.9352,0.095304
-525.6063,5.5013,-425.4188,0.095442
-525.3782,5.5013,-426.0171,0.095618
-525.1751,5.5013,-426.5497,0.095778
-524.9962,5.5013,-427.0184,0.095907
-524.7969,5.5013,-427.5403,0.096062
-524.5778,5.5013,-428.1138,0.096228
-524.4043,5.5013,-428.5676,0.096361
-524.2110,5.5013,-429.0729,0.096502
-524.0410,5.5013,-429.5175,0.096636
-523.8514,5.5013,-430.0125,0.096779
-523.6427,5.5013,-430.5573,0.096938
-523.4769,5.5013,-430.9895,0.097063
-523.2913,5.5013,-431.4725,0.097218
-523.1271,5.5013,-431.8991,0.097337
-522.9431,5.5013,-432.3762,0.097479
-522.7800,5.5013,-432.7978,0.097603
-522.5969,5.5013,-433.2691,0.097752
-522.4141,5.5013,-433.7378,0.097887
-522.2306,5.5013,-434.2057,0.098028
-522.0672,5.5013,-434.6201,0.098145
-521.8837,5.5013,-435.0822,0.098279
-521.7006,5.5013,-435.5395,0.098429
-521.5177,5.5013,-435.9917,0.098564
-521.3555,5.5013,-436.3895,0.098691
-521.1733,5.5013,-436.8322,0.098819
-521.0112,5.5013,-437.2217,0.098949
-520.8286,5.5013,-437.6562,0.099072
-520.6458,5.5013,-438.0866,0.099213
-520.4827,5.5013,-438.4661,0.099329
-520.2990,5.5013,-438.8892,0.099464
-520.1146,5.5013,-439.3083,0.099596
-519.9299,5.5013,-439.7234,0.099728
-519.7449,5.5013,-440.1336,0.099862
-519.5805,5.5013,-440.4936,0.099969
-519.3959,5.5013,-440.8927,0.100100
-519.2318,5.5013,-441.2421,0.100207
-519.0475,5.5013,-441.6291,0.100328
-518.8635,5.5013,-442.0095,0.100447
-518.6590,5.5013,-442.4243,0.100575
-518.4954,5.5013,-442.7503,0.100676
-518.3115,5.5013,-443.1108,0.100789
-518.1274,5.5013,-443.4653,0.100901
-517.9631,5.5013,-443.7765,0.100998
-517.7773,5.5013,-444.1223,0.101105
-517.5906,5.5013,-444.4641,0.101218
-517.4236,5.5013,-444.7645,0.101306
-517.2349,5.5013,-445.0984,0.101415
-517.0660,5.5013,-445.3919,0.101505
-516.8748,5.5013,-445.7185,0.101613
-516.7034,5.5013,-446.0059,0.101702
-516.4876,5.5013,-446.3612,0.101815
-516.2916,5.5013,-446.6775,0.101919
-516.1157,5.5013,-446.9561,0.102003
-515.8938,5.5013,-447.3012,0.102116
-515.6920,5.5013,-447.6089,0.102217
-515.5109,5.5013,-447.8802,0.102301
-515.3052,5.5013,-448.1826,0.102404
-515.0974,5.5013,-448.4821,0.102497
-514.8873,5.5013,-448.7786,0.102596
-514.6753,5.5013,-449.0715,0.102693
-514.4854,5.5013,-449.3287,0.102779
-514.2706,5.5013,-449.6137,0.102878
-514.0549,5.5013,-449.8940,0.102971
-513.8387,5.5013,-450.1690,0.103065
-513.5980,5.5013,-450.4684,0.103163
-513.3570,5.5013,-450.7611,0.103269
-513.1157,5.5013,-451.0471,0.103368
-512.9227,5.5013,-451.2711,0.103446
-512.7055,5.5013,-451.5180,0.103531
-512.5124,5.5013,-451.7329,0.103609
-512.2952,5.5013,-451.9697,0.103698
-512.0778,5.5013,-452.2015,0.103781
-511.8841,5.5013,-452.4037,0.103859
-511.6586,5.5062,-452.6234,0.103940
-511.4388,5.5085,-452.8424,0.104029
-511.2433,5.5105,-453.0346,0.104099
-511.0227,5.5127,-453.2479,0.104183
-510.7767,5.5151,-453.4809,0.104273
-510.5787,5.5168,-453.6649,0.104345
-510.3547,5.5188,-453.8696,0.104425
-510.1045,5.5211,-454.0942,0.104516
-509.8533,5.5226,-454.3156,0.104607
-509.6004,5.5242,-454.5351,0.104699
-509.3461,5.5260,-454.7513,0.104785
-509.1418,5.5275,-454.9218,0.104856
-508.9365,5.5289,-455.0905,0.104930
-508.7046,5.5306,-455.2776,0.105008
-508.4463,5.5321,-455.4826,0.105097
-508.2123,5.5330,-455.6650,0.105178
-507.9512,5.5340,-455.8649,0.105266
-507.7151,5.5350,-456.0424,0.105345
-507.4518,5.5366,-456.2365,0.105432
-507.1876,5.5382,-456.4278,0.105520
-506.9489,5.5398,-456.5975,0.105599
-506.6998,5.5450,-456.7516,0.105677
-506.4768,5.5515,-456.8865,0.105743
-506.2353,5.5560,-457.0478,0.105822
-506.0201,5.5603,-457.1893,0.105893
-505.7517,5.5650,-457.3623,0.105981
-505.4536,5.5691,-457.5508,0.106072
-505.2089,5.5728,-457.7020,0.106148
-504.9378,5.5755,-457.8656,0.106236
-504.7191,5.5773,-457.9956,0.106301
-504.4746,5.5787,-458.1415,0.106380
-504.2545,5.5798,-458.2678,0.106446
-503.9788,5.5816,-458.4230,0.106532
-503.7030,5.5834,-458.5747,0.106618
-503.4528,5.5854,-458.7067,0.106691
-503.1750,5.5869,-458.8531,0.106774
-502.8966,5.5889,-458.9964,0.106859
-502.6756,5.5895,-459.1075,0.106926
-502.4246,5.5884,-459.2340,0.107000
-502.2004,5.5887,-459.3427,0.107068
-501.9478,5.5893,-459.4622,0.107139
-501.7249,5.5897,-459.5652,0.107207
-501.4434,5.5884,-459.6924,0.107289
-501.1613,5.5875,-459.8170,0.107373
-500.8787,5.5871,-459.9384,0.107454
-500.5969,5.5862,-460.0554,0.107537
-500.3416,5.5850,-460.1586,0.107610
-500.0576,5.5840,-460.2704,0.107690
-499.7730,5.5835,-460.3792,0.107771
-499.5471,5.5822,-460.4632,0.107834
-499.2899,5.5799,-460.5565,0.107906
-499.0023,5.5785,-460.6552,0.107988
-498.7726,5.5767,-460.7339,0.108053
-498.5117,5.5747,-460.8210,0.108129
-498.2775,5.5732,-460.8970,0.108195
-497.9818,5.5709,-460.9903,0.108276
-497.7416,5.5688,-461.0641,0.108340
-497.4378,5.5666,-461.1533,0.108427
-497.1631,5.5631,-461.2321,0.108502
-496.9151,5.5597,-461.3024,0.108571
-496.6331,5.5569,-461.3785,0.108649
-496.3187,5.5537,-461.4604,0.108737
-496.0002,5.5447,-461.5552,0.108822
-495.6782,5.5395,-461.6497,0.108911
-495.3836,5.5387,-461.7183,0.108992
-495.1198,5.5377,-461.7774,0.109063
-494.8200,5.5365,-461.8427,0.109145
-494.5511,5.5355,-461.8994,0.109216
-494.2801,5.5345,-461.9548,0.109291
-493.9377,5.5330,-462.0220,0.109381
-493.6270,5.5318,-462.0800,0.109466
-493.2791,5.5305,-462.1421,0.109559
-492.9989,5.5292,-462.1900,0.109634
-492.7165,5.5280,-462.2364,0.109710
-492.3963,5.5266,-462.2865,0.109795
-492.1098,5.5255,-462.3289,0.109871
-491.7849,5.5241,-462.3739,0.109960
-491.4576,5.5225,-462.4163,0.110046
-491.1280,5.5208,-462.4564,0.110134
-490.8322,5.5188,-462.4898,0.110211
-490.4969,5.5169,-462.5250,0.110300
-490.1591,5.5152,-462.5573,0.110390
-489.8566,5.5134,-462.5838,0.110470
-489.4744,5.5113,-462.6141,0.110570
-489.1273,5.5094,-462.6386,0.110663
-488.7376,5.5067,-462.6623,0.110766
-488.4216,5.5013,-462.6873,0.110846
-488.0641,5.5013,-462.7035,0.110943
-487.7031,5.5013,-462.7166,0.111038
-487.3794,5.5013,-462.7260,0.111124
-487.0119,5.5013,-462.7344,0.111219
-486.6821,5.5013,-462.7401,0.111307
-486.3076,5.5013,-462.7440,0.111406
-485.9295,5.5013,-462.7455,0.111503
-485.5474,5.5013,-462.7451,0.111602
-485.1613,5.5013,-462.7429,0.111703
-484.8150,5.5013,-462.7394,0.111792
-484.4221,5.5013,-462.7337,0.111897
-484.0696,5.5013,-462.7271,0.111985
-483.6691,5.5013,-462.7179,0.112094
-483.2645,5.5013,-462.7072,0.112200
-482.9015,5.5013,-462.6964,0.112292
-482.4894,5.5013,-462.6831,0.112399
-482.0735,5.5013,-462.6683,0.112507
-481.6069,5.5013,-462.6504,0.112630
-481.1829,5.5013,-462.6329,0.112742
-480.8028,5.5013,-462.6162,0.112839
-480.3714,5.5013,-462.5962,0.112956
-479.9357,5.5013,-462.5746,0.113066
-479.4957,5.5013,-462.5516,0.113183
-479.1009,5.5013,-462.5297,0.113282
-478.7024,5.5013,-462.5065,0.113387
-478.2498,5.5013,-462.4787,0.113509
-477.8438,5.5013,-462.4527,0.113613
-477.3826,5.5013,-462.4218,0.113736
-476.9688,5.5013,-462.3929,0.113843
-476.4990,5.5013,-462.3589,0.113971
-476.0246,5.5013,-462.3235,0.114095
-475.5991,5.5013,-462.2906,0.114204
-475.1161,5.5013,-462.2524,0.114331
-474.6285,5.5013,-462.2127,0.114462
-474.1913,5.5013,-462.1762,0.114573
-473.6953,5.5013,-462.1337,0.114707
-473.1948,5.5013,-462.0897,0.114838
-472.6898,5.5013,-462.0440,0.114973
-472.2372,5.5013,-462.0021,0.115095
-471.7239,5.5013,-461.9536,0.115230
-471.2640,5.5013,-461.9090,0.115352
-470.7424,5.5013,-461.8574,0.115494
-470.2750,5.5013,-461.8103,0.115616
-469.8042,5.5013,-461.7619,0.115742
-469.2704,5.5013,-461.7061,0.115878
-468.7921,5.5013,-461.6553,0.116011
-468.2501,5.5013,-461.5968,0.116154
-467.7036,5.5013,-461.5369,0.116303
-467.1528,5.5013,-461.4756,0.116448
-466.6595,5.5013,-461.4199,0.116577
-466.1004,5.5013,-461.3560,0.116725
-465.5384,5.5013,-461.2910,0.116875
-464.9769,5.5013,-461.2252,0.117022
-464.4779,5.5013,-461.1660,0.117159
-463.9127,5.5013,-461.0984,0.117310
-463.4094,5.5013,-461.0377,0.117443
-462.8409,5.5013,-460.9684,0.117597
-462.2054,5.5013,-460.8901,0.117762
-461.6938,5.5013,-460.8264,0.117901
-461.1149,5.5013,-460.7535,0.118054
-460.5972,5.5013,-460.6879,0.118191
-459.9460,5.5013,-460.6046,0.118368
-459.3560,5.5013,-460.5285,0.118524
-458.7624,5.5013,-460.4512,0.118683
-458.2317,5.5013,-460.3816,0.118829
-457.6312,5.5013,-460.3022,0.118982
-457.0270,5.5013,-460.2216,0.119152
-456.4193,5.5013,-460.1399,0.119310
-455.8079,5.5013,-460.0570,0.119475
-455.1931,5.5013,-459.9729,0.119640
-454.5747,5.5013,-459.8874,0.119804
-454.0220,5.5013,-459.8103,0.119952
-453.3969,5.5013,-459.7223,0.120119
-452.8384,5.5013,-459.6429,0.120270
-452.2066,5.5013,-459.5523,0.120439
-451.5715,5.5013,-459.4601,0.120610
-451.0042,5.5013,-459.3770,0.120761
-450.3630,5.5013,-459.2820,0.120935
-449.7187,5.5013,-459.1854,0.121110
-449.0714,5.5013,-459.0872,0.121283
-448.4210,5.5013,-458.9874,0.121458
-447.7676,5.5013,-458.8861,0.121635
-447.1843,5.5013,-458.7946,0.121789
-446.5251,5.5013,-458.6901,0.121968
-445.9367,5.5013,-458.5959,0.122128
-445.2719,5.5013,-458.4883,0.122310
-444.6040,5.5013,-458.3792,0.122488
-444.0078,5.5013,-458.2808,0.122645
-443.2592,5.5013,-458.1560,0.122855
-442.5822,5.5013,-458.0421,0.123034
-441.9023,5.5013,-457.9265,0.123221
-441.2954,5.5013,-457.8224,0.123388
-440.6099,5.5013,-457.7039,0.123571
-439.9980,5.5013,-457.5971,0.123741
-439.3069,5.5013,-457.4756,0.123930
-438.6129,5.5013,-457.3524,0.124117
-437.8415,5.5013,-457.2141,0.124329
-437.2252,5.5013,-457.1025,0.124499
-436.5304,5.5013,-456.9756,0.124688
-435.8346,5.5013,-456.8474,0.124876
-435.1383,5.5013,-456.7180,0.125070
-434.4399,5.5013,-456.5870,0.125260
-433.6613,5.5013,-456.4395,0.125471
-433.0364,5.5013,-456.3201,0.125649
-432.3311,5.5013,-456.1841,0.125839
-431.7023,5.5013,-456.0620,0.126009
-430.9929,5.5013,-455.9229,0.126200
-430.2812,5.5013,-455.7821,0.126397
-429.5672,5.5013,-455.6397,0.126589
-428.7713,5.5013,-455.4795,0.126810
-427.9726,5.5013,-455.3172,0.127022
-427.1712,5.5013,-455.1528,0.127245
-426.5283,5.5013,-455.0198,0.127424
-425.8035,5.5013,-454.8687,0.127620
-425.0776,5.5013,-454.7161,0.127817
-424.2705,5.5013,-454.5448,0.128036
-423.4638,5.5013,-454.3720,0.128252
-422.8192,5.5013,-454.2328,0.128432
-422.0949,5.5013,-454.0750,0.128625
-421.3722,5.5013,-453.9161,0.128824
-420.7314,5.5013,-453.7741,0.128997
-420.0127,5.5013,-453.6136,0.129190
-419.3764,5.5013,-453.4702,0.129363
-418.6639,5.5013,-453.3082,0.129557
-418.0338,5.5013,-453.1637,0.129726
-417.3293,5.5013,-453.0007,0.129913
-416.5521,5.5013,-452.8191,0.130126
-415.9351,5.5013,-452.6735,0.130290
-415.2463,5.5013,-452.5094,0.130479
-414.5637,5.5013,-452.3450,0.130659
-413.9621,5.5013,-452.1986,0.130823
-413.2914,5.5013,-452.0334,0.131006
-412.6273,5.5013,-451.8679,0.131183
-411.9701,5.5013,-451.7019,0.131360
-411.3181,5.5013,-451.5350,0.131536
-410.7424,5.5013,-451.3859,0.131690
-410.1007,5.5013,-451.2173,0.131866
-409.5365,5.5013,-451.0670,0.132016
-408.9091,5.5013,-450.8970,0.132186
-408.3580,5.5013,-450.7452,0.132336
-407.7453,5.5013,-450.5739,0.132502
-407.2066,5.5013,-450.4208,0.132648
-406.6061,5.5013,-450.2474,0.132808
-406.0100,5.5013,-450.0722,0.132969
-405.4178,5.5013,-449.8951,0.133135
-404.8942,5.5013,-449.7361,0.133271
-404.3083,5.5013,-449.5551,0.133434
-403.7255,5.5013,-449.3721,0.133593
-403.1459,5.5013,-449.1870,0.133752
-402.6334,5.5013,-449.0208,0.133890
-402.0599,5.5013,-448.8317,0.134046
-401.5534,5.5013,-448.6619,0.134186
-400.9876,5.5013,-448.4690,0.134342
-400.4264,5.5013,-448.2741,0.134496
-399.9318,5.5013,-448.0992,0.134633
-399.3188,5.5013,-447.8784,0.134801
-398.7723,5.5013,-447.6775,0.134951
-398.2307,5.5013,-447.4745,0.135101
-397.7535,5.5013,-447.2924,0.135235
-397.2208,5.5013,-447.0851,0.135381
-396.6919,5.5013,-446.8750,0.135531
-396.1666,5.5013,-446.6621,0.135678
-395.6447,5.5013,-446.4463,0.135825
-395.1260,5.5013,-446.2272,0.135974
-394.6678,5.5013,-446.0299,0.136094
-394.2122,5.5013,-445.8299,0.136231
-393.7028,5.5013,-445.6018,0.136376
-393.1970,5.5013,-445.3706,0.136522
-392.6951,5.5013,-445.1364,0.136665
-392.2530,5.5013,-444.9258,0.136792
-391.7608,5.5013,-444.6868,0.136937
-391.3287,5.5013,-444.4728,0.137062
-390.8493,5.5013,-444.2304,0.137203
-390.3771,5.5013,-443.9865,0.137343
-389.9128,5.5013,-443.7412,0.137478
-389.4561,5.5013,-443.4947,0.137615
-389.0076,5.5013,-443.2469,0.137748
-388.5675,5.5013,-442.9980,0.137881
-388.1834,5.5013,-442.7759,0.137996
-387.7595,5.5013,-442.5252,0.138124
-387.3898,5.5013,-442.3018,0.138237
-386.9819,5.5013,-442.0499,0.138362
-386.5823,5.5013,-441.7974,0.138486
-386.2342,5.5013,-441.5727,0.138596
-385.8504,5.5013,-441.3196,0.138717
-385.4749,5.5013,-441.0664,0.138833
-385.1075,5.5013,-440.8131,0.138947
-384.7878,5.5013,-440.5880,0.139052
-384.4359,5.5013,-440.3350,0.139165
-384.0924,5.5013,-440.0822,0.139276
-383.7572,5.5013,-439.8298,0.139386
-383.4302,5.5013,-439.5781,0.139495
-383.1464,5.5013,-439.3551,0.139589
-382.8347,5.5013,-439.1051,0.139695
-382.5642,5.5013,-438.8837,0.139786
-382.2674,5.5013,-438.6359,0.139887
-381.9782,5.5013,-438.3894,0.139986
-381.7276,5.5013,-438.1716,0.140072
-381.4527,5.5013,-437.9281,0.140168
-381.1853,5.5013,-437.6864,0.140263
-380.9539,5.5013,-437.4732,0.140345
-380.7003,5.5013,-437.2351,0.140436
-380.4810,5.5013,-437.0253,0.140514
-380.2408,5.5013,-436.7912,0.140603
-380.0077,5.5013,-436.5595,0.140689
-379.7814,5.5013,-436.3302,0.140774
-379.5857,5.5013,-436.1284,0.140848
-379.3703,5.5013,-435.9023,0.140930
-379.1590,5.5013,-435.6763,0.141011
-378.9510,5.5013,-435.4500,0.141092
-378.7683,5.5013,-435.2482,0.141162
-378.5654,5.5013,-435.0203,0.141243
-378.3650,5.5013,-434.7914,0.141322
-378.1669,5.5013,-434.5614,0.141402
-377.9928,5.5013,-434.3561,0.141472
-377.7991,5.5013,-434.1241,0.141551
-377.6076,5.5013,-433.8911,0.141630
-377.4183,5.5013,-433.6569,0.141709
-377.2313,5.5013,-433.4215,0.141787
-377.0466,5.5013,-433.1852,0.141866
-376.8641,5.5013,-432.9478,0.141945
-376.6840,5.5013,-432.7093,0.142022
-376.5259,5.5013,-432.4964,0.142091
-376.3502,5.5013,-432.2558,0.142169
-376.1770,5.5013,-432.0143,0.142246
-376.0251,5.5013,-431.7988,0.142316
-375.8569,5.5013,-431.5556,0.142393
-375.6914,5.5014,-431.3123,0.142471
-375.5289,5.5015,-431.0687,0.142547
-375.3693,5.5017,-430.8250,0.142624
-375.2298,5.5018,-430.6082,0.142691
-375.0758,5.5019,-430.3643,0.142766
-374.9081,5.5020,-430.0930,0.142849
-374.7605,5.5021,-429.8488,0.142924
-374.6158,5.5021,-429.6041,0.142999
-374.4892,5.5022,-429.3863,0.143065
-374.3496,5.5022,-429.1402,0.143141
-374.2126,5.5021,-428.8933,0.143213
-374.0781,5.5021,-428.6456,0.143288
-373.9462,5.5021,-428.3970,0.143361
-373.8170,5.5021,-428.1478,0.143435
-373.6907,5.5020,-427.8977,0.143508
-373.5807,5.5020,-427.6748,0.143573
-373.4599,5.5020,-427.4233,0.143647
-373.3420,5.5020,-427.1711,0.143720
-373.2274,5.5020,-426.9182,0.143794
-373.1159,5.5020,-426.6645,0.143866
-373.0076,5.5020,-426.4100,0.143939
-372.8912,5.5020,-426.1264,0.144019
-372.7898,5.5020,-425.8705,0.144093
-372.7024,5.5020,-425.6425,0.144156
-372.6070,5.5020,-425.3853,0.144230
-372.5149,5.5019,-425.1275,0.144302
-372.4355,5.5019,-424.8979,0.144365
-372.3493,5.5019,-424.6391,0.144439
-372.2751,5.5020,-424.4087,0.144501
-372.1945,5.5020,-424.1489,0.144574
-372.1255,5.5020,-423.9177,0.144638
-372.0426,5.5020,-423.6282,0.144717
-371.9710,5.5020,-423.3671,0.144788
-371.9022,5.5021,-423.1049,0.144861
-371.8361,5.5021,-422.8416,0.144933
-371.7724,5.5021,-422.5767,0.145004
-371.7112,5.5022,-422.3100,0.145077
-371.6523,5.5022,-422.0410,0.145149
-371.5961,5.5022,-421.7697,0.145223
-371.5420,5.5021,-421.4962,0.145297
-371.4904,5.5020,-421.2203,0.145371
-371.4414,5.5020,-420.9422,0.145446
-371.3950,5.5019,-420.6620,0.145519
-371.3513,5.5018,-420.3799,0.145595
-371.3105,5.5017,-420.0957,0.145672
-371.2726,5.5016,-419.8101,0.145749
-371.2380,5.5015,-419.5238,0.145825
-371.2068,5.5014,-419.2368,0.145901
-371.1786,5.5013,-418.9494,0.145980
-371.1540,5.5013,-418.6614,0.146056
-371.1304,5.5013,-418.3408,0.146141
-371.1144,5.5013,-418.0839,0.146209
-371.0993,5.5013,-417.7935,0.146287
-371.0871,5.5013,-417.5010,0.146366
-371.0775,5.5013,-417.2058,0.146441
-371.0707,5.5013,-416.9075,0.146521
-371.0666,5.5013,-416.6062,0.146601
-371.0654,5.5013,-416.3020,0.146683
-371.0670,5.5013,-415.9947,0.146763
-371.0712,5.5013,-415.6845,0.146847
-371.0782,5.5013,-415.3714,0.146930
-371.0877,5.5013,-415.0550,0.147015
-371.1013,5.5013,-414.6995,0.147111
-371.1162,5.5013,-414.3758,0.147194
-371.1338,5.5013,-414.0486,0.147283
-371.1538,5.5013,-413.7177,0.147371
-371.1764,5.5013,-413.3831,0.147460
-371.2015,5.5013,-413.0448,0.147552
-371.2290,5.5013,-412.7028,0.147641
-371.2590,5.5013,-412.3570,0.147734
-371.2913,5.5013,-412.0075,0.147827
-371.3260,5.5013,-411.6544,0.147921
-371.3628,5.5013,-411.2974,0.148018
-371.4020,5.5013,-410.9368,0.148114
-371.4432,5.5013,-410.5724,0.148210
-371.4864,5.5013,-410.2042,0.148308
-371.5367,5.5013,-409.7904,0.148418
-371.5841,5.5013,-409.4138,0.148520
-371.6337,5.5013,-409.0331,0.148621
-371.6854,5.5013,-408.6480,0.148726
-371.7393,5.5013,-408.2588,0.148830
-371.7956,5.5013,-407.8654,0.148938
-371.8542,5.5013,-407.4679,0.149041
-371.9085,5.5013,-407.1111,0.149140
-371.9792,5.5013,-406.6606,0.149261
-372.0457,5.5013,-406.2509,0.149374
-372.1148,5.5013,-405.8370,0.149485
-372.1785,5.5013,-405.4658,0.149585
-372.2527,5.5013,-405.0447,0.149697
-372.3296,5.5013,-404.6200,0.149811
-372.4093,5.5013,-404.1920,0.149928
-372.4919,5.5013,-403.7605,0.150045
-372.5771,5.5013,-403.3256,0.150160
-372.6750,5.5013,-402.8385,0.150293
-372.7658,5.5013,-402.3964,0.150412
-372.8593,5.5013,-401.9509,0.150535
-372.9554,5.5013,-401.5021,0.150653
-373.0431,5.5013,-401.1003,0.150763
-373.1444,5.5013,-400.6452,0.150889
-373.2487,5.5013,-400.1865,0.151016
-373.3559,5.5013,-399.7244,0.151139
-373.4662,5.5013,-399.2585,0.151269
-373.5797,5.5013,-398.7889,0.151395
-373.6962,5.5013,-398.3157,0.151525
-373.8159,5.5013,-397.8386,0.151655
-373.9387,5.5013,-397.3576,0.151788
-374.0788,5.5013,-396.8186,0.151934
-374.2080,5.5013,-396.3294,0.152072
-374.3549,5.5013,-395.7811,0.152219
-374.4900,5.5013,-395.2833,0.152360
-374.6124,5.5013,-394.8376,0.152481
-374.7684,5.5013,-394.2760,0.152632
-374.8955,5.5013,-393.8234,0.152758
-375.0409,5.5013,-393.3110,0.152896
-375.1889,5.5013,-392.7951,0.153041
-375.3227,5.5013,-392.3336,0.153164
-375.4757,5.5013,-391.8110,0.153308
-375.6314,5.5013,-391.2850,0.153454
-375.7896,5.5013,-390.7555,0.153602
-375.9502,5.5013,-390.2224,0.153749
-376.1129,5.5013,-389.6856,0.153893
-376.2779,5.5013,-389.1451,0.154042
-376.4447,5.5013,-388.6007,0.154191
-376.6134,5.5013,-388.0525,0.154343
-376.7839,5.5013,-387.5002,0.154490
-376.9560,5.5013,-386.9438,0.154648
-377.1102,5.5013,-386.4457,0.154785
-377.2850,5.5013,-385.8813,0.154934
-377.4610,5.5013,-385.3124,0.155088
-377.6183,5.5013,-384.8032,0.155230
-377.7963,5.5013,-384.2260,0.155386
-377.9750,5.5013,-383.6445,0.155544
-378.1544,5.5013,-383.0585,0.155700
-378.3339,5.5013,-382.4709,0.155867
-378.5124,5.5013,-381.8835,0.156020
-378.6705,5.5013,-381.3600,0.156162
-378.8482,5.5013,-380.7688,0.156324
-379.0251,5.5013,-380.1767,0.156479
-379.2018,5.5013,-379.5811,0.156641
-379.3588,5.5013,-379.0483,0.156783
-379.5351,5.5013,-378.4450,0.156941
-379.7111,5.5013,-377.8375,0.157104
-379.8865,5.5013,-377.2256,0.157267
-380.0420,5.5013,-376.6779,0.157416
-380.2162,5.5013,-376.0576,0.157580
-380.3898,5.5013,-375.4328,0.157747
-380.5626,5.5013,-374.8035,0.157911
-380.7155,5.5013,-374.2404,0.158060
-380.8678,5.5013,-373.6738,0.158210
-381.0382,5.5013,-373.0321,0.158376
-381.2077,5.5013,-372.3859,0.158551
-381.3761,5.5013,-371.7353,0.158719
-381.5435,5.5013,-371.0801,0.158889
-381.6914,5.5013,-370.4941,0.159047
-381.8568,5.5013,-369.8307,0.159214
-382.0211,5.5013,-369.1628,0.159392
-382.1662,5.5013,-368.5655,0.159549
-382.3285,5.5013,-367.8893,0.159720
-382.4897,5.5013,-367.2088,0.159898
-382.6320,5.5013,-366.6003,0.160060
-382.7910,5.5013,-365.9113,0.160237
-382.9489,5.5013,-365.2180,0.160405
-383.1055,5.5013,-364.5200,0.160587
-383.2609,5.5013,-363.8174,0.160765
-383.4151,5.5013,-363.1103,0.160944
-383.5680,5.5013,-362.3985,0.161125
-383.7197,5.5013,-361.6819,0.161302
-383.8700,5.5013,-360.9607,0.161488
-384.0025,5.5013,-360.3158,0.161650
-384.1503,5.5013,-359.5858,0.161829
-384.2806,5.5013,-358.9330,0.161994
-384.4258,5.5013,-358.1942,0.162176
-384.5696,5.5013,-357.4508,0.162363
-384.7120,5.5013,-356.7028,0.162547
-384.8527,5.5013,-355.9503,0.162738
-384.9764,5.5013,-355.2781,0.162901
-385.1136,5.5013,-354.5182,0.163087
-385.2634,5.5013,-353.6708,0.163297
-385.3954,5.5013,-352.9061,0.163488
-385.5383,5.5013,-352.0553,0.163699
-385.6631,5.5013,-351.2894,0.163887
-385.7839,5.5013,-350.5239,0.164074
-385.8878,5.5013,-349.8440,0.164242
-386.0126,5.5013,-348.9950,0.164447
-386.1083,5.5013,-348.3170,0.164618
-386.2112,5.5013,-347.5556,0.164802
-386.3090,5.5013,-346.7957,0.164986
-386.4016,5.5013,-346.0372,0.165173
-386.4887,5.5013,-345.2798,0.165354
-386.5704,5.5013,-344.5234,0.165543
-386.6466,5.5013,-343.7679,0.165725
-386.7173,5.5013,-343.0134,0.165907
-386.7823,5.5013,-342.2600,0.166087
-386.8477,5.5013,-341.4240,0.166294
-386.9006,5.5013,-340.6728,0.166479
-386.9476,5.5013,-339.9228,0.166657
-386.9846,5.5013,-339.2571,0.166822
-387.0207,5.5013,-338.5094,0.167000
-387.0510,5.5013,-337.7629,0.167184
-387.0754,5.5013,-337.0178,0.167360
-387.0923,5.5013,-336.3566,0.167523
-387.1058,5.5013,-335.6141,0.167702
-387.1135,5.5013,-334.8730,0.167882
-387.1155,5.5013,-334.2155,0.168042
-387.1116,5.5013,-333.3953,0.168238
-387.1034,5.5013,-332.7406,0.168402
-387.0887,5.5013,-332.0054,0.168577
-387.0683,5.5013,-331.2719,0.168758
-387.0421,5.5013,-330.5402,0.168934
-387.0103,5.5013,-329.8101,0.169115
-386.9729,5.5013,-329.0818,0.169286
-386.9350,5.5013,-328.4359,0.169446
-386.8870,5.5013,-327.7110,0.169613
-386.8334,5.5013,-326.9880,0.169797
-386.7744,5.5013,-326.2669,0.169967
-386.7172,5.5013,-325.6275,0.170120
-386.6478,5.5013,-324.9102,0.170296
-386.5729,5.5013,-324.1948,0.170472
-386.4928,5.5013,-323.4816,0.170642
-386.4074,5.5013,-322.7704,0.170811
-386.3169,5.5013,-322.0614,0.170990
-386.2322,5.5013,-321.4331,0.171140
-386.1208,5.5013,-320.6501,0.171332
-386.0156,5.5013,-319.9477,0.171501
-385.9058,5.5013,-319.2476,0.171672
-385.7915,5.5013,-318.5498,0.171846
-385.6729,5.5013,-317.8542,0.172013
-385.5500,5.5013,-317.1609,0.172181
-385.4372,5.5013,-316.5464,0.172335
-385.3065,5.5013,-315.8574,0.172506
-385.1717,5.5013,-315.1705,0.172672
-385.0485,5.5013,-314.5618,0.172820
-384.9062,5.5013,-313.8792,0.172991
-384.7601,5.5013,-313.1987,0.173155
-384.6101,5.5013,-312.5205,0.173324
-384.4565,5.5013,-311.8445,0.173494
-384.2991,5.5013,-311.1708,0.173659
-384.1201,5.5013,-310.4249,0.173848
-383.9738,5.5013,-309.8301,0.173994
-383.8060,5.5013,-309.1631,0.174160
-383.6349,5.5013,-308.4985,0.174328
-383.4608,5.5013,-307.8360,0.174495
-383.3034,5.5013,-307.2491,0.174637
-383.1237,5.5013,-306.5909,0.174805
-382.9413,5.5013,-305.9348,0.174968
-382.7560,5.5013,-305.2809,0.175135
-382.5680,5.5013,-304.6292,0.175299
-382.3772,5.5013,-303.9796,0.175461
-382.1838,5.5013,-303.3322,0.175627
-381.9875,5.5013,-302.6869,0.175794
-381.7885,5.5013,-302.0437,0.175953
-381.5867,5.5013,-301.4026,0.176120
-381.3820,5.5013,-300.7637,0.176283
-381.1978,5.5013,-300.1976,0.176430
-380.9878,5.5013,-299.5627,0.176589
-380.7751,5.5013,-298.9301,0.176753
-380.5837,5.5013,-298.3696,0.176900
-380.3659,5.5013,-297.7411,0.177058
-380.1453,5.5013,-297.1149,0.177220
-379.9470,5.5013,-296.5602,0.177364
-379.7215,5.5013,-295.9382,0.177527
-379.4933,5.5013,-295.3186,0.177689
-379.2372,5.5013,-294.6328,0.177867
-379.0043,5.5013,-294.0179,0.178025
-378.7694,5.5013,-293.4053,0.178187
-378.5325,5.5013,-292.7948,0.178351
-378.2937,5.5013,-292.1865,0.178509
-378.0797,5.5013,-291.6475,0.178653
-377.8372,5.5013,-291.0431,0.178811
-377.5927,5.5013,-290.4409,0.178973
-377.3464,5.5013,-289.8407,0.179135
-377.1258,5.5013,-289.3089,0.179273
-376.8758,5.5013,-288.7126,0.179434
-376.6239,5.5013,-288.1183,0.179591
-376.3700,5.5013,-287.5261,0.179752
-376.1427,5.5013,-287.0014,0.179890
-375.8851,5.5013,-286.4131,0.180051
-375.6256,5.5013,-285.8268,0.180210
-375.3643,5.5013,-285.2427,0.180365
-375.1010,5.5013,-284.6606,0.180525
-374.8359,5.5013,-284.0807,0.180684
-374.5987,5.5013,-283.5669,0.180823
-374.3300,5.5013,-282.9909,0.180980
-374.0596,5.5013,-282.4170,0.181139
-373.8176,5.5013,-281.9086,0.181276
-373.5132,5.5013,-281.2755,0.181449
-373.2679,5.5013,-280.7710,0.181588
-372.9903,5.5013,-280.2053,0.181744
-372.7421,5.5013,-279.7043,0.181884
-372.4298,5.5013,-279.0805,0.182059
-372.1784,5.5013,-278.5833,0.182199
-371.8939,5.5013,-278.0260,0.182352
-371.6077,5.5013,-277.4709,0.182510
-371.3198,5.5013,-276.9179,0.182665
-371.0302,5.5013,-276.3670,0.182820
-370.7390,5.5013,-275.8183,0.182976
-370.4788,5.5013,-275.3323,0.183111
-370.1847,5.5051,-274.7876,0.183267
-369.8949,5.5067,-274.2413,0.183421
-369.5980,5.5078,-273.7008,0.183575
-369.3329,5.5089,-273.2219,0.183712
-369.0334,5.5100,-272.6851,0.183866
-368.7322,5.5110,-272.1502,0.184018
-368.4294,5.5120,-271.6176,0.184174
-368.1587,5.5128,-271.1458,0.184309
-367.8526,5.5138,-270.6170,0.184460
-367.5447,5.5147,-270.0905,0.184613
-367.2353,5.5157,-269.5660,0.184766
-366.9240,5.5166,-269.0439,0.184919
-366.6110,5.5174,-268.5242,0.185069
-366.2961,5.5182,-268.0067,0.185223
-365.9795,5.5188,-267.4915,0.185374
-365.6966,5.5194,-267.0355,0.185507
-365.3767,5.5199,-266.5247,0.185658
-365.0910,5.5203,-266.0724,0.185791
-364.7679,5.5206,-265.5660,0.185941
-364.4793,5.5208,-265.1177,0.186074
-364.1531,5.5210,-264.6156,0.186224
-363.8252,5.5211,-264.1157,0.186373
-363.5324,5.5214,-263.6734,0.186504
-363.2014,5.5217,-263.1779,0.186654
-362.8688,5.5219,-262.6848,0.186804
-362.5720,5.5219,-262.2484,0.186937
-362.2365,5.5218,-261.7597,0.187084
-361.8994,5.5217,-261.2733,0.187231
-361.5608,5.5215,-260.7892,0.187378
-361.2209,5.5212,-260.3073,0.187525
-360.8795,5.5209,-259.8278,0.187673
-360.5751,5.5205,-259.4034,0.187803
-360.2311,5.5203,-258.9281,0.187951
-359.8864,5.5201,-258.4549,0.188098
-359.5408,5.5198,-257.9837,0.188244
-359.1944,5.5195,-257.5146,0.188390
-358.8469,5.5194,-257.0472,0.188534
-358.4986,5.5193,-256.5813,0.188683
-358.1493,5.5192,-256.1168,0.188827
-357.7992,5.5190,-255.6535,0.188974
-357.4483,5.5188,-255.1914,0.189119
-357.0966,5.5186,-254.7303,0.189267
-356.7440,5.5184,-254.2702,0.189412
-356.4298,5.5181,-253.8619,0.189541
-356.1150,5.5178,-253.4543,0.189671
-355.7600,5.5175,-252.9965,0.189817
-355.4041,5.5172,-252.5394,0.189962
-355.0870,5.5168,-252.1335,0.190094
-354.7294,5.5164,-251.6772,0.190240
-354.3658,5.5013,-251.2249,0.190385
-354.0069,5.5013,-250.7691,0.190533
-353.6878,5.5013,-250.3631,0.190663
-353.2876,5.5013,-249.8558,0.190827
-352.9256,5.5013,-249.3998,0.190973
-352.6030,5.5013,-248.9942,0.191106
-352.2390,5.5013,-248.5380,0.191251
-351.8742,5.5013,-248.0815,0.191400
-351.5086,5.5013,-247.6247,0.191550
-351.1425,5.5013,-247.1678,0.191699
-350.8165,5.5013,-246.7614,0.191829
-350.4491,5.5013,-246.3037,0.191979
-350.1219,5.5013,-245.8965,0.192112
-349.7533,5.5013,-245.4380,0.192262
-349.4250,5.5013,-245.0300,0.192394
-349.0549,5.5013,-244.5707,0.192545
-348.6842,5.5013,-244.1110,0.192694
-348.3541,5.5013,-243.7019,0.192828
-347.9822,5.5013,-243.2411,0.192978
-347.6510,5.5013,-242.8311,0.193111
-347.2777,5.5013,-242.3694,0.193262
-346.9037,5.5013,-241.9072,0.193414
-346.5706,5.5013,-241.4961,0.193549
-346.1950,5.5013,-241.0332,0.193702
-345.8185,5.5013,-240.5698,0.193853
-345.4832,5.5013,-240.1577,0.193987
-345.1472,5.5013,-239.7452,0.194122
-344.7683,5.5013,-239.2809,0.194275
-344.3463,5.5013,-238.7646,0.194445
-344.0079,5.5013,-238.3513,0.194580
-343.6264,5.5013,-237.8860,0.194733
-343.2440,5.5013,-237.4205,0.194886
-342.9033,5.5013,-237.0064,0.195022
-342.5192,5.5013,-236.5402,0.195176
-342.1769,5.5013,-236.1256,0.195313
-341.7910,5.5013,-235.6589,0.195467
-341.4038,5.5013,-235.1920,0.195621
-341.0155,5.5013,-234.7248,0.195774
-340.6693,5.5013,-234.3094,0.195913
-340.2786,5.5013,-233.8420,0.196068
-339.9302,5.5013,-233.4265,0.196205
-339.5369,5.5013,-232.9590,0.196360
-339.1861,5.5013,-232.5435,0.196498
-338.7901,5.5013,-232.0761,0.196653
-338.4369,5.5013,-231.6606,0.196792
-338.0381,5.5013,-231.1930,0.196948
-337.6377,5.5013,-230.7253,0.197104
-337.2805,5.5013,-230.3096,0.197243
-336.8772,5.5013,-229.8417,0.197398
-336.4724,5.5013,-229.3737,0.197556
-336.0659,5.5013,-228.9055,0.197714
-335.7032,5.5013,-228.4893,0.197855
-335.3391,5.5013,-228.0728,0.197997
-334.9279,5.5013,-227.6040,0.198153
-334.5150,5.5013,-227.1350,0.198313
-334.0540,5.5013,-226.6136,0.198490
-333.6837,5.5013,-226.1963,0.198630
-333.2654,5.5013,-225.7267,0.198790
-332.8921,5.5013,-225.3090,0.198933
-332.4234,5.5013,-224.7866,0.199111
-331.9997,5.5013,-224.3162,0.199272
-331.5742,5.5013,-223.8456,0.199433
-331.1469,5.5013,-223.3746,0.199594
-330.7179,5.5013,-222.9032,0.199757
-330.2870,5.5013,-222.4314,0.199919
-329.9027,5.5013,-222.0114,0.200064
-329.4688,5.5013,-221.5384,0.200226
-329.0332,5.5013,-221.0647,0.200391
-328.6448,5.5013,-220.6429,0.200536
-328.2064,5.5013,-220.1676,0.200700
-327.7663,5.5013,-219.6915,0.200867
-327.3737,5.5013,-219.2675,0.201012
-326.9798,5.5013,-218.8428,0.201161
-326.5349,5.5013,-218.3642,0.201326
-326.1380,5.5013,-217.9380,0.201475
-325.6898,5.5013,-217.4576,0.201644
-325.2900,5.5013,-217.0298,0.201791
-324.8384,5.5013,-216.5476,0.201958
-324.3850,5.5013,-216.0643,0.202129
-323.9804,5.5013,-215.6337,0.202279
-323.5742,5.5013,-215.2022,0.202429
-323.0644,5.5013,-214.6616,0.202619
-322.5522,5.5013,-214.1196,0.202808
-322.0892,5.5013,-213.6306,0.202979
-321.6760,5.5013,-213.1949,0.203133
-321.2094,5.5013,-212.7038,0.203305
-320.7929,5.5013,-212.2662,0.203459
-320.3226,5.5013,-211.7729,0.203632
-319.8503,5.5013,-211.2784,0.203807
-319.4288,5.5013,-210.8380,0.203962
-318.9528,5.5013,-210.3414,0.204136
-318.5280,5.5013,-209.8992,0.204291
-318.0481,5.5013,-209.4007,0.204470
-317.6198,5.5013,-208.9567,0.204626
-317.1359,5.5013,-208.4564,0.204802
-316.7040,5.5013,-208.0109,0.204958
-316.2161,5.5013,-207.5089,0.205136
-315.6715,5.5013,-206.9499,0.205336
-315.2340,5.5013,-206.5020,0.205497
-314.7398,5.5013,-205.9972,0.205676
-314.2437,5.5013,-205.4915,0.205857
-313.8009,5.5013,-205.0412,0.206019
-313.3010,5.5013,-204.5337,0.206200
-312.8550,5.5013,-204.0818,0.206361
-312.3514,5.5013,-203.5725,0.206542
-311.9023,5.5013,-203.1189,0.206706
-311.3951,5.5013,-202.6077,0.206889
-310.8860,5.5013,-202.0955,0.207073
-310.4319,5.5013,-201.6394,0.207237
-309.9763,5.5013,-201.1825,0.207400
-309.4047,5.5013,-200.6102,0.207606
-308.8306,5.5013,-200.0367,0.207813
-308.3119,5.5013,-199.5194,0.208000
-307.7332,5.5013,-198.9433,0.208206
-307.2684,5.5013,-198.4813,0.208374
-306.7434,5.5013,-197.9603,0.208564
-306.2750,5.5013,-197.4962,0.208731
-305.7459,5.5013,-196.9728,0.208919
-305.2146,5.5013,-196.4481,0.209112
-304.7406,5.5013,-195.9807,0.209280
-304.2053,5.5013,-195.4537,0.209470
-303.6079,5.5013,-194.8666,0.209684
-303.1282,5.5013,-194.3958,0.209855
-302.5865,5.5013,-193.8649,0.210048
-302.1032,5.5013,-193.3919,0.210219
-301.5576,5.5013,-192.8585,0.210416
-301.0709,5.5013,-192.3833,0.210587
-300.5216,5.5013,-191.8474,0.210784
-299.9704,5.5013,-191.3101,0.210979
-299.4789,5.5013,-190.8312,0.211153
-298.9243,5.5013,-190.2911,0.211350
-298.4298,5.5013,-189.8098,0.211527
-297.8718,5.5013,-189.2668,0.211725
-297.3744,5.5013,-188.7828,0.211901
-296.8131,5.5013,-188.2369,0.212100
-296.1874,5.5013,-187.6284,0.212323
-295.6224,5.5013,-187.0791,0.212523
-294.9928,5.5013,-186.4669,0.212747
-294.4876,5.5013,-185.9756,0.212926
-293.9811,5.5013,-185.4830,0.213108
-293.4098,5.5013,-184.9272,0.213310
-292.7731,5.5013,-184.3077,0.213537
-292.2624,5.5013,-183.8106,0.213718
-291.6862,5.5013,-183.2498,0.213924
-291.1728,5.5013,-182.7499,0.214103
-290.5936,5.5013,-182.1858,0.214312
-290.0129,5.5013,-181.6201,0.214517
-289.4954,5.5013,-181.1158,0.214700
-288.9116,5.5013,-180.5468,0.214907
-288.3914,5.5013,-180.0397,0.215093
-287.8047,5.5013,-179.4675,0.215299
-287.1508,5.5013,-178.8298,0.215532
-286.6263,5.5013,-178.3182,0.215721
-286.0345,5.5013,-177.7412,0.215931
-285.5071,5.5013,-177.2269,0.216119
-284.9120,5.5013,-176.6469,0.216331
-284.3152,5.5013,-176.0655,0.216542
-283.7164,5.5013,-175.4826,0.216757
-283.1826,5.5013,-174.9633,0.216945
-282.6473,5.5013,-174.4429,0.217135
-282.0435,5.5013,-173.8561,0.217350
-281.4378,5.5013,-173.2680,0.217564
-280.8302,5.5013,-172.6785,0.217780
-280.2886,5.5013,-172.1535,0.217972
-279.7455,5.5013,-171.6274,0.218162
-279.1328,5.5013,-171.0343,0.218380
-278.5866,5.5013,-170.5060,0.218574
-277.9704,5.5013,-169.9105,0.218793
-277.4211,5.5013,-169.3801,0.218986
-276.8014,5.5013,-168.7822,0.219205
-276.2490,5.5013,-168.2497,0.219402
-275.6259,5.5013,-167.6493,0.219622
-275.0011,5.5013,-167.0477,0.219841
-274.3744,5.5013,-166.4448,0.220062
-273.8159,5.5013,-165.9077,0.220259
-273.1858,5.5013,-165.3023,0.220483
-272.5541,5.5013,-164.6957,0.220706
-271.9911,5.5013,-164.1553,0.220904
-271.3562,5.5013,-163.5460,0.221127
-270.7904,5.5013,-163.0033,0.221327
-270.1523,5.5013,-162.3915,0.221552
-269.5836,5.5013,-161.8465,0.221753
-268.8710,5.5013,-161.1638,0.222002
-268.2278,5.5013,-160.5479,0.222230
-267.5829,5.5013,-159.9306,0.222457
-267.0084,5.5013,-159.3808,0.222659
-266.3605,5.5013,-158.7610,0.222886
-265.7831,5.5013,-158.2088,0.223089
-265.1321,5.5013,-157.5864,0.223319
-264.5520,5.5013,-157.0320,0.223522
-263.8979,5.5013,-156.4070,0.223753
-263.2422,5.5013,-155.7806,0.223986
-262.6580,5.5013,-155.2227,0.224190
-261.9993,5.5013,-154.5938,0.224422
-261.3392,5.5013,-153.9636,0.224653
-260.7526,5.5013,-153.4038,0.224859
-260.0934,5.5013,-152.7747,0.225090
-259.5066,5.5013,-152.2148,0.225297
-258.8464,5.5013,-151.5851,0.225528
-258.2597,5.5013,-151.0254,0.225736
-257.5986,5.5013,-150.3949,0.225966
-257.0100,5.5013,-149.8335,0.226175
-256.3466,5.5013,-149.2009,0.226407
-255.6821,5.5013,-148.5672,0.226641
-255.0163,5.5013,-147.9324,0.226875
-254.4234,5.5013,-147.3672,0.227084
-253.7553,5.5013,-146.7302,0.227317
-253.1605,5.5013,-146.1631,0.227526
-252.4156,5.5013,-145.4529,0.227788
-251.7440,5.5013,-144.8126,0.228023
-251.1461,5.5013,-144.2425,0.228235
-250.4722,5.5013,-143.6001,0.228473
-249.8723,5.5013,-143.0280,0.228684
-249.2715,5.5013,-142.4552,0.228895
-248.5947,5.5013,-141.8097,0.229134
-247.9168,5.5013,-141.1633,0.229373
-247.2380,5.5013,-140.5159,0.229609
-246.6338,5.5013,-139.9398,0.229819
-245.9534,5.5013,-139.2910,0.230059
-245.2723,5.5013,-138.6414,0.230301
-244.5147,5.5013,-137.9189,0.230567
-243.9080,5.5013,-137.3402,0.230784
-243.2248,5.5013,-136.6887,0.231022
-242.5410,5.5013,-136.0365,0.231266
-241.9326,5.5013,-135.4562,0.231478
-241.2476,5.5013,-134.8028,0.231718
-240.6381,5.5013,-134.2215,0.231935
-239.9519,5.5013,-133.5670,0.232178
-239.3416,5.5013,-132.9847,0.232394
-238.6544,5.5013,-132.3292,0.232634
-238.0431,5.5013,-131.7461,0.232851
-237.3550,5.5013,-131.0896,0.233094
-236.6663,5.5013,-130.4326,0.233339
-235.9772,5.5013,-129.7751,0.233580
-235.3642,5.5013,-129.1903,0.233795
-234.6743,5.5013,-128.5320,0.234039
-233.9073,5.5013,-127.8002,0.234309
-233.1401,5.5013,-127.0680,0.234583
-232.5261,5.5013,-126.4821,0.234799
-231.8351,5.5013,-125.8226,0.235042
-231.1438,5.5013,-125.1629,0.235290
-230.5292,5.5013,-124.5764,0.235505
-229.8375,5.5013,-123.9162,0.235751
-229.2225,5.5013,-123.3292,0.235966
-228.5305,5.5013,-122.6687,0.236214
-227.9152,5.5013,-122.0813,0.236428
-227.2229,5.5013,-121.4204,0.236672
-226.5303,5.5013,-120.7593,0.236918
-225.9146,5.5013,-120.1715,0.237136
-225.2218,5.5013,-119.5101,0.237384
-224.6059,5.5013,-118.9220,0.237599
-223.9128,5.5013,-118.2602,0.237843
-223.2966,5.5013,-117.6719,0.238061
-222.5262,5.5013,-116.9362,0.238335
-221.8326,5.5013,-116.2739,0.238582
-221.1389,5.5013,-115.6115,0.238827
-220.5221,5.5013,-115.0226,0.239044
-219.8280,5.5013,-114.3599,0.239289
-219.2108,5.5013,-113.7707,0.239508
-218.5164,5.5013,-113.1077,0.239753
-217.8217,5.5013,-112.4447,0.239999
-217.1269,5.5013,-111.7815,0.240244
-216.5090,5.5013,-111.1919,0.240463
-215.8137,5.5013,-110.5285,0.240708
-215.0409,5.5013,-109.7912,0.240982
-214.3451,5.5013,-109.1277,0.241230
-213.6491,5.5013,-108.4640,0.241474
-213.0302,5.5013,-107.8740,0.241694
-212.3338,5.5013,-107.2102,0.241940
-211.7145,5.5013,-106.6202,0.242157
-211.0175,5.5013,-105.9563,0.242403
-210.3979,5.5013,-105.3663,0.242621
-209.7010,5.5013,-104.7027,0.242872
-209.0043,5.5013,-104.0397,0.243115
-208.3083,5.5013,-103.3774,0.243358
-207.6129,5.5013,-102.7160,0.243608
-206.9183,5.5013,-102.0554,0.243850
-206.3016,5.5013,-101.4692,0.244070
-205.6088,5.5013,-100.8109,0.244313
-204.9938,5.5013,-100.2268,0.244529
-204.3031,5.5013,-99.5709,0.244773
-203.6901,5.5013,-98.9889,0.244988
-203.0014,5.5013,-98.3355,0.245230
-202.3902,5.5013,-97.7557,0.245445
-201.7037,5.5013,-97.1047,0.245687
-201.0182,5.5013,-96.4550,0.245931
-200.4098,5.5013,-95.8786,0.246144
-199.7263,5.5013,-95.2313,0.246384
-199.1197,5.5013,-94.6570,0.246597
-198.4382,5.5013,-94.0122,0.246835
-197.7578,5.5013,-93.3687,0.247075
-197.1539,5.5013,-92.7977,0.247290
-196.4754,5.5013,-92.1567,0.247527
-195.8732,5.5013,-91.5879,0.247741
-195.2718,5.5013,-91.0202,0.247953
-194.5962,5.5013,-90.3827,0.248192
-193.9216,5.5013,-89.7465,0.248427
-193.1732,5.5013,-89.0412,0.248691
-192.5753,5.5013,-88.4781,0.248902
-191.9037,5.5013,-87.8460,0.249138
-191.3075,5.5013,-87.2851,0.249346
-190.6377,5.5013,-86.6555,0.249580
-190.0432,5.5013,-86.0970,0.249790
-189.3754,5.5013,-85.4700,0.250031
-188.7087,5.5013,-84.8444,0.250263
-187.9691,5.5013,-84.1510,0.250517
-187.3785,5.5013,-83.5977,0.250728
-186.6415,5.5013,-82.9076,0.250987
-185.9794,5.5013,-82.2881,0.251218
-185.2450,5.5013,-81.6015,0.251474
-184.6586,5.5013,-81.0536,0.251678
-184.0000,5.5013,-80.4386,0.251910
-183.4153,5.5013,-79.8929,0.252114
-182.7584,5.5013,-79.2801,0.252342
-182.1751,5.5013,-78.7363,0.252547
-181.5197,5.5013,-78.1256,0.252777
-180.9378,5.5013,-77.5835,0.252981
-180.2827,5.5013,-76.9738,0.253210
-179.6279,5.5013,-76.3646,0.253438
-179.0467,5.5013,-75.8241,0.253639
-178.3944,5.5013,-75.2176,0.253866
-177.7438,5.5013,-74.6130,0.254090
-177.1669,5.5013,-74.0772,0.254296
-176.4480,5.5013,-73.4097,0.254544
-175.7314,5.5013,-72.7448,0.254793
-175.1600,5.5013,-72.2148,0.254991
-174.5192,5.5013,-71.6207,0.255217
-173.9515,5.5013,-71.0945,0.255415
-173.3150,5.5013,-70.5049,0.255634
-172.7512,5.5013,-69.9828,0.255827
-172.1193,5.5013,-69.3978,0.256047
-171.4900,5.5013,-68.8155,0.256267
-170.9330,5.5013,-68.3003,0.256459
-170.2400,5.5013,-67.6596,0.256701
-169.6194,5.5013,-67.0861,0.256917
-169.0705,5.5013,-66.5790,0.257107
-168.5243,5.5013,-66.0747,0.257295
-167.9132,5.5013,-65.5106,0.257509
-167.2384,5.5013,-64.8879,0.257742
-166.7019,5.5013,-64.3931,0.257925
-166.1020,5.5013,-63.8401,0.258135
-165.5059,5.5013,-63.2908,0.258343
-164.9794,5.5013,-62.8059,0.258524
-164.3909,5.5013,-62.2640,0.258727
-163.8063,5.5013,-61.7260,0.258932
-163.2900,5.5013,-61.2510,0.259109
-162.7130,5.5013,-60.7204,0.259309
-162.1400,5.5013,-60.1937,0.259507
-161.5083,5.5013,-59.6133,0.259725
-161.0066,5.5013,-59.1525,0.259900
-160.3842,5.5013,-58.5813,0.260117
-159.7674,5.5013,-58.0153,0.260333
-159.2169,5.5013,-57.5106,0.260524
-158.7316,5.5013,-57.0656,0.260694
-158.2498,5.5013,-56.6241,0.260863
-157.7121,5.5013,-56.1316,0.261051
-157.2379,5.5013,-55.6976,0.261215
-156.7090,5.5013,-55.2135,0.261400
-156.2429,5.5013,-54.7871,0.261563
-155.7226,5.5013,-54.3114,0.261748
-155.2053,5.5013,-53.8386,0.261927
-154.6352,5.5013,-53.3176,0.262130
-154.0714,5.5013,-52.8023,0.262327
-153.5144,5.5013,-52.2930,0.262523
-153.0737,5.5013,-51.8898,0.262679
-152.4748,5.5013,-51.3419,0.262890
-152.0446,5.5013,-50.9479,0.263042
-151.6188,5.5013,-50.5577,0.263192
-151.1453,5.5013,-50.1231,0.263360
-150.6777,5.5013,-49.6931,0.263524
-150.2671,5.5013,-49.3146,0.263672
-149.8109,5.5013,-48.8928,0.263835
-149.3609,5.5013,-48.4753,0.263998
-148.9173,5.5013,-48.0618,0.264156
-148.5284,5.5013,-47.6975,0.264295
-148.0968,5.5013,-47.2914,0.264449
-147.7187,5.5013,-46.9335,0.264586
-147.2531,5.5013,-46.4904,0.264754
-146.8862,5.5013,-46.1392,0.264886
-146.4346,5.5013,-45.7044,0.265053
-146.0348,5.5013,-45.3169,0.265199
-145.6846,5.5013,-44.9756,0.265328
-145.2967,5.5013,-44.5950,0.265471
-144.9570,5.5013,-44.2598,0.265593
-144.5806,5.5013,-43.8862,0.265736
-144.2513,5.5013,-43.5571,0.265856
-143.8864,5.5013,-43.1903,0.265992
-143.5277,5.5013,-42.8270,0.266128
-143.2137,5.5013,-42.5072,0.266246
-142.8277,5.5013,-42.1115,0.266394
-142.4837,5.5013,-41.7567,0.266525
-142.1807,5.5013,-41.4424,0.266641
-141.8439,5.5013,-41.0910,0.266769
-141.5484,5.5013,-40.7807,0.266884
-141.2198,5.5013,-40.4336,0.267010
-140.8952,5.5013,-40.0884,0.267138
-140.5741,5.5013,-39.7449,0.267262
-140.2918,5.5013,-39.4411,0.267374
-139.9778,5.5013,-39.1007,0.267494
-139.6675,5.5013,-38.7619,0.267616
-139.3611,5.5013,-38.4246,0.267741
-139.0587,5.5013,-38.0887,0.267862
-138.7604,5.5013,-37.7542,0.267982
-138.4663,5.5013,-37.4210,0.268102
-138.1766,5.5013,-37.0894,0.268220
-137.9229,5.5013,-36.7958,0.268325
-137.6418,5.5013,-36.4668,0.268441
-137.3655,5.5013,-36.1393,0.268555
-137.1239,5.5013,-35.8492,0.268659
-136.8565,5.5013,-35.5240,0.268771
-136.5938,5.5013,-35.1995,0.268886
-136.3639,5.5013,-34.9115,0.268983
-136.1094,5.5013,-34.5877,0.269096
-135.8593,5.5013,-34.2640,0.269209
-135.6137,5.5013,-33.9405,0.269318
-135.3726,5.5013,-33.6170,0.269430
-135.1362,5.5013,-33.2937,0.269537
-134.9044,5.5013,-32.9705,0.269647
-134.6774,5.5013,-32.6473,0.269755
-134.4552,5.5013,-32.3242,0.269860
-134.2379,5.5013,-32.0011,0.269970
-134.0491,5.5013,-31.7140,0.270064
-133.8417,5.5013,-31.3913,0.270171
-133.6402,5.5013,-31.0695,0.270277
-133.4449,5.5013,-30.7492,0.270386
-133.2560,5.5013,-30.4307,0.270490
-133.0937,5.5013,-30.1492,0.270581
-132.9173,5.5013,-29.8345,0.270686
-132.7474,5.5013,-29.5217,0.270786
-132.5842,5.5013,-29.2111,0.270886
-132.4277,5.5013,-28.9024,0.270987
-132.2778,5.5013,-28.5957,0.271084
-132.1342,5.5013,-28.2899,0.271183
-132.0112,5.5013,-28.0183,0.271268
-131.8779,5.5013,-27.7125,0.271365
-131.7496,5.5013,-27.4063,0.271459
-131.6396,5.5013,-27.1337,0.271544
-131.5204,5.5013,-26.8264,0.271640
-131.4058,5.5013,-26.5185,0.271732
-131.3078,5.5013,-26.2443,0.271816
-131.2018,5.5013,-25.9352,0.271909
-131.1005,5.5013,-25.6257,0.272001
-131.0041,5.5013,-25.3158,0.272094
-130.9126,5.5013,-25.0055,0.272188
-130.8265,5.5013,-24.6950,0.272281
-130.7458,5.5013,-24.3843,0.272372
-130.6709,5.5013,-24.0736,0.272464
-130.6020,5.5013,-23.7636,0.272555
-130.5460,5.5013,-23.4890,0.272635
-130.5460,5.5013,-23.4890,0.272635
-130.4891,5.5013,-23.1819,0.272727
-130.4386,5.5013,-22.8771,0.272813
-130.3992,5.5013,-22.6082,0.272892
-130.3609,5.5013,-22.3080,0.272982
-130.3286,5.5013,-22.0105,0.273068
-130.3025,5.5013,-21.7154,0.273155
-130.2822,5.5013,-21.4217,0.273242
-130.2676,5.5013,-21.1291,0.273329
-130.2585,5.5013,-20.8371,0.273416
-130.2548,5.5013,-20.5458,0.273502
-130.2566,5.5013,-20.2554,0.273589
-130.2628,5.5013,-19.9981,0.273667
-130.2747,5.5013,-19.7096,0.273752
-130.2898,5.5013,-19.4541,0.273827
-130.3115,5.5013,-19.1677,0.273915
-130.3352,5.5013,-18.9141,0.273992
-130.3666,5.5013,-18.6301,0.274075
-130.4029,5.5013,-18.3475,0.274161
-130.4394,5.5013,-18.0974,0.274240
-130.4896,5.5074,-17.8133,0.274324
-130.5416,5.5130,-17.5360,0.274409
-130.5965,5.5183,-17.2597,0.274496
-130.6548,5.5237,-16.9844,0.274581
-130.7171,5.5285,-16.7107,0.274666
-130.7826,5.5337,-16.4373,0.274749
-130.8528,5.5389,-16.1657,0.274833
-130.9195,5.5429,-15.9274,0.274906
-130.9899,5.5079,-15.6595,0.274988
-131.0687,5.4733,-15.3908,0.275070
-131.1411,5.5086,-15.1529,0.275144
-131.2275,5.5361,-14.8875,0.275226
-131.3231,5.5408,-14.6289,0.275306
-131.4120,5.5394,-14.3715,0.275385
-131.5052,5.5358,-14.1111,0.275465
-131.5909,5.5335,-13.8817,0.275534
-131.6921,5.5310,-13.6261,0.275614
-131.7981,5.5286,-13.3734,0.275690
-131.9096,5.5263,-13.1235,0.275768
-132.0257,5.5241,-12.8768,0.275844
-132.1447,5.5221,-12.6311,0.275919
-132.2664,5.5200,-12.3853,0.275998
-132.3859,5.5013,-12.1364,0.276074
-132.4994,5.5013,-11.9203,0.276142
-132.6314,5.5013,-11.6784,0.276216
-132.7675,5.5013,-11.4377,0.276293
-132.9074,5.5013,-11.1980,0.276370
-133.0515,5.5013,-10.9595,0.276446
-133.1821,5.5013,-10.7484,0.276517
-133.3315,5.5013,-10.5111,0.276593
-133.4837,5.5013,-10.2734,0.276669
-133.6568,5.5013,-10.0101,0.276756
-133.8163,5.5013,-9.7727,0.276834
-133.9791,5.5013,-9.5346,0.276910
-134.1446,5.5013,-9.2955,0.276989
-134.3125,5.5013,-9.0554,0.277070
-134.4639,5.5013,-8.8414,0.277142
-134.6369,5.5013,-8.5994,0.277222
-134.8133,5.5013,-8.3557,0.277303
-134.9931,5.5013,-8.1100,0.277388
-135.1761,5.5013,-7.8623,0.277469
-135.3414,5.5013,-7.6405,0.277547
-135.5302,5.5013,-7.3890,0.277632
-135.7221,5.5013,-7.1353,0.277718
-135.9173,5.5013,-6.8791,0.277804
-136.1158,5.5013,-6.6204,0.277892
-136.3175,5.5013,-6.3590,0.277982
-136.5226,5.5013,-6.0951,0.278072
-136.7542,5.5013,-5.7990,0.278173
-136.9660,5.5013,-5.5297,0.278265
-137.1809,5.5013,-5.2578,0.278361
-137.3745,5.5013,-5.0138,0.278443
-137.5952,5.5013,-4.7370,0.278537
-137.8191,5.5013,-4.4576,0.278633
-138.0461,5.5013,-4.1757,0.278733
-138.2504,5.5013,-3.9231,0.278820
-138.4833,5.5013,-3.6365,0.278917
-138.7191,5.5013,-3.3474,0.279017
-138.9578,5.5013,-3.0557,0.279117
-139.1991,5.5013,-2.7615,0.279218
-139.4432,5.5013,-2.4646,0.279320
-139.6898,5.5013,-2.1652,0.279420
-139.9388,5.5013,-1.8633,0.279521
-140.1902,5.5013,-1.5590,0.279628
-140.4438,5.5013,-1.2522,0.279734
-140.6998,5.5013,-0.9430,0.279836
-140.9293,5.5013,-0.6661,0.279929
-141.1897,5.5013,-0.3519,0.280034
-141.4526,5.5013,-0.0349,0.280141
-141.7184,5.5013,0.2853,0.280247
-141.9570,5.5013,0.5728,0.280343
-142.2282,5.5013,0.8993,0.280453
-142.5024,5.5013,1.2292,0.280560
-142.7797,5.5013,1.5627,0.280671
-143.0598,5.5013,1.8998,0.280781
-143.3429,5.5013,2.2408,0.280890
-143.6288,5.5013,2.5857,0.281008
-143.9173,5.5014,2.9347,0.281121
-144.2084,5.5014,3.2879,0.281237
-144.5017,5.5015,3.6455,0.281348
-144.7972,5.5017,4.0076,0.281471
-145.0615,5.5018,4.3333,0.281575
-145.3607,5.5019,4.7043,0.281690
-145.6615,5.5023,5.0799,0.281814
-145.9301,5.5025,5.4175,0.281920
-146.2333,5.5027,5.8012,0.282039
-146.5373,5.5030,6.1891,0.282161
-146.8416,5.5035,6.5808,0.282284
-147.1461,5.5038,6.9763,0.282406
-147.4499,5.5042,7.3754,0.282529
-147.7513,5.5047,7.7764,0.282651
-148.0502,5.5053,8.1800,0.282774
-148.3814,5.5057,8.6347,0.282907
-148.6442,5.5061,9.0005,0.283021
-148.9378,5.5067,9.4151,0.283145
-149.2285,5.5073,9.8325,0.283264
-149.5157,5.5078,10.2530,0.283387
-149.7992,5.5082,10.6763,0.283509
-150.0787,5.5089,11.1021,0.283629
-150.3234,5.5094,11.4821,0.283738
-150.5941,5.5099,11.9118,0.283860
-150.8600,5.5103,12.3435,0.283980
-151.1209,5.5108,12.7771,0.284100
-151.3767,5.5111,13.2124,0.284220
-151.5993,5.5114,13.6009,0.284327
-151.8445,5.5116,14.0394,0.284444
-152.0839,5.5119,14.4794,0.284561
-152.3175,5.5119,14.9207,0.284680
-152.5452,5.5119,15.3633,0.284796
-152.7426,5.5119,15.7577,0.284901
-152.9593,5.5119,16.2027,0.285018
-153.1701,5.5119,16.6490,0.285130
-153.3756,5.5111,17.0965,0.285247
-153.5536,5.5109,17.4953,0.285346
-153.7487,5.5106,17.9450,0.285464
-153.9382,5.5102,18.3960,0.285574
-154.1018,5.5097,18.7971,0.285677
-154.2811,5.5084,19.2497,0.285792
-154.4555,5.5078,19.7032,0.285901
-154.6245,5.5072,20.1572,0.286013
-154.7881,5.5066,20.6117,0.286125
-154.9468,5.5050,21.0661,0.286239
-155.1014,5.5035,21.5217,0.286347
-155.2348,5.5028,21.9265,0.286444
-155.3805,5.5020,22.3822,0.286555
-155.3805,5.5020,22.3822,0.286555
-155.5059,5.5007,22.7868,0.286650
-155.6429,5.4988,23.2429,0.286760
-155.7761,5.4970,23.7000,0.286870
-155.8908,5.4961,24.1067,0.286965
-156.0157,5.4950,24.5647,0.287074
-156.1232,5.4930,24.9733,0.287173
-156.2406,5.4907,25.4341,0.287285
-156.3545,5.4888,25.8966,0.287390
-156.4523,5.4878,26.3084,0.287486
-156.5699,5.4854,26.8240,0.287606
-156.6716,5.4830,27.2900,0.287714
-156.7699,5.4804,27.7574,0.287828
-156.8545,5.4790,28.1746,0.287925
-156.9458,5.4769,28.6439,0.288031
-157.0239,5.4746,29.0629,0.288130
-157.1086,5.4719,29.5354,0.288241
-157.1904,5.4695,30.0100,0.288349
-157.2692,5.4674,30.4846,0.288459
-157.3448,5.4647,30.9612,0.288571
-157.4097,5.4622,31.3862,0.288670
-157.4802,5.4594,31.8657,0.288781
-157.5484,5.4572,32.3468,0.288892
-157.6063,5.4547,32.7757,0.288991
-157.6688,5.4519,33.2601,0.289104
-157.7286,5.4491,33.7463,0.289217
-157.7798,5.4468,34.1801,0.289319
-157.8345,5.4440,34.6698,0.289431
-157.8807,5.4416,35.1067,0.289532
-157.9297,5.4388,35.6003,0.289646
-157.9715,5.4363,36.0408,0.289750
-158.0154,5.4337,36.5381,0.289864
-158.0520,5.4314,36.9823,0.289967
-158.0903,5.4287,37.4844,0.290082
-158.1261,5.4257,37.9893,0.290200
-158.1550,5.4236,38.4399,0.290305
-158.1847,5.4211,38.9496,0.290423
-158.2111,5.4185,39.4622,0.290542
-158.2346,5.4156,39.9778,0.290659
-158.2346,5.4156,39.9778,0.290659
-158.2546,5.4133,40.4958,0.290778
-158.2693,5.4113,40.9587,0.290887
-158.2825,5.4089,41.4822,0.291008
-158.2923,5.4062,42.0084,0.291128
-158.2978,5.4045,42.4780,0.291234
-158.3002,5.4024,43.0083,0.291359
-158.2985,5.4003,43.5396,0.291482
-158.2936,5.3982,44.0125,0.291590
-158.2837,5.3966,44.5440,0.291712
-158.2690,5.3948,45.0749,0.291836
-158.2519,5.3932,45.5458,0.291943
-158.2283,5.3914,46.0747,0.292065
-158.1996,5.3901,46.6021,0.292187
-158.1698,5.3889,47.0696,0.292296
-158.1317,5.3873,47.5939,0.292416
-158.0884,5.3863,48.1177,0.292536
-158.0457,5.3854,48.5814,0.292642
-157.9928,5.3844,49.1015,0.292763
-157.9418,5.3834,49.5621,0.292871
-157.8795,5.3829,50.0796,0.292990
-157.8121,5.3824,50.5947,0.293108
-157.7478,5.3818,51.0510,0.293216
-157.6708,5.3811,51.5629,0.293335
-157.5981,5.3812,52.0160,0.293440
-157.5111,5.3811,52.5239,0.293558
-157.4189,5.3810,53.0296,0.293677
-157.3325,5.3808,53.4778,0.293783
-157.2306,5.3813,53.9795,0.293899
-157.1355,5.3816,54.4236,0.294006
-157.0237,5.3820,54.9210,0.294124
-156.9067,5.3823,55.4164,0.294240
-156.7986,5.3832,55.8545,0.294344
-156.6720,5.3841,56.3449,0.294461
-156.5255,5.3849,56.8868,0.294589
-156.3727,5.3860,57.4260,0.294720
-156.2463,5.3873,57.8547,0.294824
-156.0993,5.3887,58.3343,0.294941
-155.9475,5.3899,58.8112,0.295046
-155.8085,5.3911,59.2331,0.295159
-155.6480,5.3931,59.7048,0.295274
-155.4829,5.3950,60.1735,0.295389
-155.3325,5.3967,60.5878,0.295491
-155.1591,5.3984,61.0511,0.295606
-154.9814,5.4010,61.5119,0.295719
-154.7995,5.4035,61.9694,0.295835
-154.6135,5.4059,62.4238,0.295948
-154.4447,5.4080,62.8253,0.296049
-154.2509,5.4109,63.2746,0.296164
-154.0755,5.4137,63.6710,0.296264
-153.8746,5.4167,64.1141,0.296377
-153.6700,5.4197,64.5542,0.296491
-153.4617,5.4229,64.9917,0.296603
-153.2737,5.4262,65.3777,0.296704
-153.0591,5.4299,65.8092,0.296817
-152.8654,5.4332,66.1901,0.296916
-152.6446,5.4367,66.6158,0.297029
-152.4203,5.4410,67.0390,0.297142
-152.1929,5.4454,67.4588,0.297255
-151.9882,5.4492,67.8294,0.297352
-151.7551,5.4534,68.2434,0.297464
-151.5189,5.4580,68.6549,0.297575
-151.3067,5.4624,69.0178,0.297675
-151.0652,5.4674,69.4233,0.297785
-150.8210,5.4723,69.8257,0.297897
-150.5744,5.4772,70.2252,0.298009
-150.3528,5.4821,70.5783,0.298106
-150.1014,5.4877,70.9723,0.298218
-149.8758,5.4927,71.3202,0.298316
-149.6198,5.4984,71.7087,0.298427
-149.3611,5.5040,72.0946,0.298537
-149.1295,5.5096,72.4350,0.298633
-148.8667,5.5158,72.8152,0.298745
-148.6014,5.5221,73.1924,0.298853
-148.3639,5.5277,73.5253,0.298948
-148.0942,5.5341,73.8973,0.299059
-147.8530,5.5402,74.2253,0.299154
-147.5795,5.5471,74.5916,0.299265
-147.3344,5.5532,74.9147,0.299361
-147.0570,5.5602,75.2754,0.299470
-146.7772,5.5672,75.6334,0.299577
-146.5271,5.5740,75.9490,0.299673
-146.2753,5.5807,76.2623,0.299771
-145.9902,5.5881,76.6119,0.299875
-145.7030,5.5956,76.9586,0.299983
-145.4464,5.6025,77.2643,0.300080
-145.1557,5.6105,77.6057,0.300187
-144.8634,5.6187,77.9440,0.300294
-144.5694,5.6268,78.2792,0.300400
-144.2738,5.6348,78.6116,0.300508
-144.0094,5.6421,78.9048,0.300600
-143.7106,5.6506,79.2321,0.300708
-143.4438,5.6584,79.5204,0.300803
-143.1757,5.6662,79.8063,0.300897
-142.8727,5.6749,80.1252,0.301002
-142.5682,5.6836,80.4414,0.301109
-142.2960,5.6912,80.7202,0.301204
-141.9886,5.7005,81.0311,0.301306
-141.7142,5.7089,81.3049,0.301400
-141.4042,5.7182,81.6101,0.301505
-141.0927,5.7275,81.9125,0.301609
-140.8146,5.7357,82.1787,0.301702
-140.5006,5.7447,82.4758,0.301806
-140.1497,5.7555,82.8026,0.301920
-139.8682,5.7643,83.0613,0.302013
-139.5502,5.7741,83.3495,0.302117
-139.2665,5.7828,83.6033,0.302208
-138.9460,5.7924,83.8861,0.302313
-138.6601,5.8010,84.1352,0.302404
-138.3368,5.8110,84.4126,0.302506
-138.0487,5.8201,84.6564,0.302597
-137.7229,5.8302,84.9277,0.302698
-137.4326,5.8393,85.1663,0.302787
-137.1046,5.8495,85.4320,0.302888
-136.7751,5.8596,85.6945,0.302989
-136.4437,5.8700,85.9539,0.303090
-136.1111,5.8806,86.2097,0.303190
-135.7769,5.8911,86.4619,0.303289
-135.4035,5.9026,86.7379,0.303401
-135.1035,5.9118,86.9555,0.303489
-134.7641,5.9223,87.1968,0.303589
-134.3847,5.9344,87.4608,0.303698
-134.0805,5.9450,87.6684,0.303786
-133.6988,5.9581,87.9235,0.303894
-133.3539,5.9697,88.1493,0.303992
-133.0461,5.9802,88.3469,0.304078
-132.6989,5.9921,88.5658,0.304175
-132.3915,6.0080,88.7619,0.304261
-132.0034,6.0225,88.9968,0.304369
-131.6912,6.0347,89.1813,0.304454
-131.3404,6.0485,89.3862,0.304551
-130.9879,6.0619,89.5867,0.304646
-130.6737,6.0735,89.7617,0.304731
-130.2797,6.0879,89.9761,0.304837
-129.9242,6.1007,90.1649,0.304932
-129.6074,6.1118,90.3293,0.305016
-129.2103,6.1256,90.5309,0.305122
-128.8521,6.1378,90.7084,0.305216
-128.5328,6.1488,90.8631,0.305299
-128.2132,6.1597,91.0147,0.305382
-127.8531,6.1717,91.1816,0.305476
-127.4923,6.1836,91.3446,0.305570
-127.1710,6.1940,91.4865,0.305653
-126.8091,6.2055,91.6426,0.305746
-126.4466,6.2167,91.7950,0.305838
-126.0431,6.2290,91.9600,0.305942
-125.6384,6.2411,92.1208,0.306045
-125.3138,6.2506,92.2465,0.306127
-124.9474,6.2614,92.3849,0.306218
-124.6209,6.2710,92.5052,0.306300
-124.2525,6.2818,92.6376,0.306393
-123.9239,6.2912,92.7530,0.306475
-123.5529,6.3016,92.8804,0.306569
-123.2220,6.3108,92.9916,0.306652
-122.8483,6.3211,93.1144,0.306745
-122.4733,6.3313,93.2350,0.306836
-122.1386,6.3402,93.3402,0.306921
-121.7608,6.3502,93.4566,0.307014
-121.3814,6.3601,93.5706,0.307106
-121.0006,6.3699,93.6825,0.307199
-120.6608,6.3786,93.7803,0.307285
-120.2773,6.3885,93.8883,0.307378
-119.8924,6.3984,93.9943,0.307473
-119.5492,6.4070,94.0870,0.307557
-119.1618,6.4167,94.1897,0.307651
-118.7726,6.4265,94.2907,0.307745
-118.4255,6.4352,94.3794,0.307830
-118.0333,6.4449,94.4777,0.307926
-117.6831,6.4535,94.5637,0.308013
-117.2873,6.4631,94.6590,0.308109
-116.9339,6.4716,94.7424,0.308194
-116.5345,6.4811,94.8347,0.308291
-116.1331,6.4905,94.9254,0.308388
-115.7725,6.4338,94.9994,0.308476
-115.3689,6.5005,95.0872,0.308573
-114.9622,6.5093,95.1747,0.308671
-114.5075,6.5193,95.2691,0.308782
-114.1420,6.5273,95.3425,0.308869
-113.7749,6.5353,95.4144,0.308957
-113.3598,6.5444,95.4939,0.309058
-112.9428,6.5534,95.5720,0.309157
-112.5703,6.5617,95.6397,0.309244
-112.1497,6.5711,95.7141,0.309346
-111.7741,6.5794,95.7785,0.309435
-111.3498,6.5887,95.8489,0.309535
-110.9233,6.5981,95.9175,0.309636
-110.4951,6.6078,95.9845,0.309736
-110.1129,6.6163,96.0424,0.309829
-109.6810,6.6259,96.1057,0.309929
-109.1990,6.6366,96.1737,0.310042
-108.7143,6.6474,96.2390,0.310157
-108.3251,6.6562,96.2895,0.310245
-107.8854,6.6661,96.3443,0.310350
-107.4437,6.6759,96.3968,0.310452
-107.0495,6.6846,96.4415,0.310544
-106.6039,6.6946,96.4895,0.310648
-106.2065,6.7035,96.5302,0.310739
-105.7576,6.7135,96.5736,0.310844
-105.3068,6.7235,96.6144,0.310949
-104.8539,6.7334,96.6525,0.311054
-104.3994,6.7436,96.6880,0.311159
-103.9431,6.7538,96.7206,0.311265
-103.5361,6.7627,96.7471,0.311359
-103.0766,6.7727,96.7741,0.311464
-102.6668,6.7817,96.7955,0.311557
-102.2047,6.7919,96.8166,0.311663
-101.7415,6.8020,96.8344,0.311769
-101.3288,6.8109,96.8473,0.311862
-100.8638,6.8209,96.8585,0.311970
-100.3979,6.8309,96.8659,0.312076
-99.9835,6.8399,96.8694,0.312171
-99.5169,6.8498,96.8696,0.312275
-99.1020,6.8586,96.8665,0.312372
-98.6350,6.8683,96.8593,0.312479
-98.1679,6.8782,96.8481,0.312585
-97.7009,6.8880,96.8330,0.312691
-97.2859,6.8966,96.8162,0.312786
-96.8190,6.9061,96.7936,0.312893
-96.4040,6.9146,96.7701,0.312988
-95.9375,6.9242,96.7400,0.313095
-95.5230,6.9326,96.7100,0.313188
-95.0567,6.9420,96.6725,0.313296
-94.5903,6.9512,96.6312,0.313402
-94.1754,6.9596,96.5913,0.313499
-93.6565,6.9699,96.5373,0.313619
-93.1892,6.9791,96.4847,0.313725
-92.7735,6.9872,96.4347,0.313823
-92.3055,6.9963,96.3748,0.313930
-91.8893,7.0044,96.3184,0.314027
-91.4209,7.0135,96.2512,0.314136
-90.9522,7.0224,96.1803,0.314249
-90.4833,7.0312,96.1054,0.314358
-90.0664,7.0392,96.0359,0.314453
-89.5973,7.0481,95.9541,0.314566
-89.1804,7.0559,95.8783,0.314662
-88.7111,7.0645,95.7897,0.314775
-88.2939,7.0723,95.7080,0.314874
-87.8246,7.0810,95.6130,0.314988
-87.3554,7.0897,95.5147,0.315098
-86.9382,7.0972,95.4245,0.315196
-86.4687,7.1057,95.3198,0.315310
-85.9993,7.1143,95.2120,0.315423
-85.5820,7.1219,95.1134,0.315524
-85.1127,7.1302,94.9992,0.315639
-84.6432,7.1385,94.8816,0.315751
-84.2258,7.1460,94.7741,0.315856
-83.7564,7.1544,94.6501,0.315970
-83.3393,7.1618,94.5369,0.316075
-82.8180,7.1707,94.3914,0.316202
-82.3488,7.1789,94.2566,0.316318
-81.8278,7.1880,94.1029,0.316446
-81.4112,7.1953,93.9767,0.316551
-80.9428,7.2031,93.8314,0.316666
-80.4744,7.2110,93.6823,0.316781
-79.9545,7.2199,93.5128,0.316915
-79.4350,7.2287,93.3388,0.317047
-79.0199,7.2355,93.1965,0.317153
-78.5529,7.2430,93.0327,0.317272
-78.0864,7.2507,92.8655,0.317389
-77.6722,7.2575,92.7139,0.317496
-77.2067,7.2651,92.5398,0.317616
-76.7418,7.2721,92.3620,0.317734
-76.3288,7.2787,92.2005,0.317843
-75.8133,7.2869,91.9947,0.317977
-75.2987,7.2949,91.7841,0.318109
-74.8879,7.3010,91.6122,0.318218
-74.4260,7.3080,91.4149,0.318339
-73.9652,7.3150,91.2141,0.318459
-73.5563,7.3212,91.0325,0.318566
-73.0975,7.3280,90.8246,0.318689
-72.6391,7.3344,90.6125,0.318811
-72.1819,7.3412,90.3972,0.318932
-71.7764,7.3471,90.2028,0.319039
-71.3211,7.3537,89.9806,0.319163
-70.9176,7.3590,89.7801,0.319271
-70.5144,7.3648,89.5764,0.319379
-70.0620,7.3712,89.3445,0.319500
-69.6108,7.3775,89.1090,0.319620
-69.2110,7.3830,88.8969,0.319729
-68.8116,7.3882,88.6815,0.319838
-68.3635,7.3943,88.4366,0.319961
-67.9166,7.4004,88.1883,0.320084
-67.5204,7.4058,87.9648,0.320194
-67.0759,7.4113,87.7098,0.320315
-66.6816,7.4165,87.4807,0.320426
-66.2391,7.4224,87.2200,0.320548
-65.7979,7.4281,86.9561,0.320671
-65.3582,7.4337,86.6891,0.320794
-64.9678,7.4384,86.4483,0.320902
-64.5301,7.4440,86.1752,0.321027
-64.1421,7.4489,85.9300,0.321138
-63.7067,7.4544,85.6511,0.321261
-63.3209,7.4588,85.4005,0.321371
-62.8877,7.4641,85.1165,0.321494
-62.4556,7.4695,84.8301,0.321616
-62.0724,7.4742,84.5736,0.321726
-61.6425,7.4792,84.2831,0.321851
-61.2128,7.4840,83.9898,0.321976
-60.7841,7.4892,83.6953,0.322101
-60.3561,7.4943,83.3989,0.322225
-59.9288,7.4993,83.1006,0.322349
-59.4548,7.5042,82.7666,0.322490
-59.0760,7.5086,82.4982,0.322601
-58.6505,7.5135,82.1943,0.322728
-58.2727,7.5178,81.9225,0.322838
-57.8013,7.5228,81.5810,0.322979
-57.3772,7.5270,81.2710,0.323105
-57.0008,7.5312,80.9944,0.323218
-56.5308,7.5364,80.6466,0.323357
-56.1087,7.5409,80.3318,0.323487
-55.7336,7.5442,80.0502,0.323601
-55.3121,7.5482,79.7313,0.323725
-54.9378,7.5522,79.4469,0.323840
-54.5174,7.5566,79.1253,0.323969
-54.0977,7.5605,78.8024,0.324099
-53.7248,7.5636,78.5136,0.324211
-53.3057,7.5671,78.1868,0.324339
-52.8870,7.5713,77.8591,0.324465
-52.5154,7.5750,77.5662,0.324582
-52.0981,7.5784,77.2354,0.324710
-51.6809,7.5821,76.9021,0.324839
-51.2647,7.5854,76.5680,0.324968
-50.8488,7.5883,76.2317,0.325098
-50.4338,7.5917,75.8934,0.325228
-50.0655,7.5939,75.5912,0.325344
-49.6522,7.5964,75.2493,0.325472
-49.2403,7.5992,74.9053,0.325603
-48.8751,7.6011,74.5978,0.325721
-48.4658,7.6032,74.2500,0.325849
-48.0132,7.6057,73.8610,0.325996
-47.6076,7.6075,73.5089,0.326126
-47.2485,7.6091,73.1941,0.326242
-46.7975,7.6168,72.8021,0.326388
-46.4420,7.6193,72.4840,0.326504
-46.0435,7.6219,72.1243,0.326634
-45.6907,7.6242,71.8030,0.326750
-45.2953,7.6267,71.4400,0.326883
-44.9018,7.6292,71.0750,0.327014
-44.4671,7.6318,70.6671,0.327159
-44.1210,7.6338,70.3391,0.327279
-43.7330,7.6361,69.9679,0.327408
-43.3901,7.6389,69.6368,0.327525
-43.0063,7.6420,69.2625,0.327656
-42.6669,7.6446,68.9281,0.327772
-42.2871,7.6476,68.5499,0.327905
-41.8667,7.6505,68.1292,0.328052
-41.4496,7.6527,67.7049,0.328199
-41.1176,7.6544,67.3641,0.328316
-40.7459,7.6562,66.9793,0.328447
-40.3759,7.6579,66.5932,0.328578
-40.0483,7.6594,66.2488,0.328695
-39.6812,7.6614,65.8605,0.328827
-39.3562,7.6631,65.5146,0.328945
-38.9918,7.6649,65.1245,0.329078
-38.6287,7.6667,64.7336,0.329207
-38.2668,7.6684,64.3420,0.329341
-37.9060,7.6701,63.9498,0.329473
-37.5862,7.6716,63.6006,0.329588
-37.2274,7.6732,63.2074,0.329721
-36.9093,7.6746,62.8575,0.329838
-36.5119,7.6762,62.4206,0.329985
-36.1161,7.6775,61.9826,0.330130
-35.7606,7.6786,61.5882,0.330262
-35.4451,7.6796,61.2377,0.330381
-35.0907,7.6807,60.8433,0.330512
-34.7369,7.6820,60.4489,0.330644
-34.3838,7.6833,60.0546,0.330776
-34.0706,7.6845,59.7043,0.330893
-33.7191,7.6857,59.3106,0.331025
-33.4076,7.6868,58.9611,0.331142
-33.0581,7.6880,58.5684,0.331274
-32.6708,7.6892,58.1330,0.331420
-32.3620,7.6900,57.7850,0.331534
-32.0159,7.6902,57.3945,0.331666
-31.6704,7.6901,57.0042,0.331795
-31.2876,7.6900,56.5713,0.331939
-30.9441,7.6899,56.1824,0.332068
-30.5635,7.6898,55.7511,0.332212
-30.1841,7.6897,55.3203,0.332355
-29.8058,7.6896,54.8903,0.332499
-29.5047,7.6894,54.5457,0.332613
-29.1662,7.6899,54.1596,0.332734
-28.8287,7.6903,53.7740,0.332868
-28.5300,7.6900,53.4319,0.332981
-28.1573,7.6893,53.0043,0.333121
-27.8600,7.6888,52.6628,0.333234
-27.4895,7.6880,52.2364,0.333375
-27.1204,7.6873,51.8107,0.333516
-26.7526,7.6865,51.3855,0.333655
-26.3859,7.6858,50.9610,0.333795
-26.0934,7.6851,50.6218,0.333907
-25.7290,7.6843,50.1983,0.334047
-25.3660,7.6837,49.7751,0.334186
-25.0403,7.6831,49.3949,0.334311
-24.7517,7.6825,49.0573,0.334422
-24.4279,7.6817,48.6778,0.334546
-24.1411,7.6810,48.3406,0.334657
-23.7839,7.6800,47.9195,0.334796
-23.4283,7.6791,47.4984,0.334934
-23.1096,7.6782,47.1193,0.335057
-22.8276,7.6774,46.7822,0.335168
-22.5118,7.6764,46.4028,0.335291
-22.2325,7.6755,46.0653,0.335400
-21.9189,7.6741,45.6867,0.335523
-21.5736,7.6717,45.2642,0.335659
-21.2988,7.6698,44.9260,0.335768
-20.9574,7.6670,44.5035,0.335904
-20.6517,7.6640,44.1229,0.336026
-20.6517,7.6640,44.1229,0.336026
-20.3811,7.6613,43.7847,0.336135
-20.0783,7.6583,43.4041,0.336255
-19.8104,7.6555,43.0658,0.336364
-19.5105,7.6523,42.6853,0.336485
-19.2122,7.6491,42.3046,0.336605
-18.8492,7.6450,41.8401,0.336751
-18.5544,7.6412,41.4594,0.336871
-18.2611,7.6373,41.0787,0.336991
-18.0018,7.6339,40.7403,0.337097
-17.6793,7.6295,40.3173,0.337230
-17.3916,7.6225,39.9380,0.337349
-17.0723,7.6146,39.5154,0.337480
-16.7863,7.6075,39.1354,0.337598
-16.5332,7.6012,38.7978,0.337702
-16.2511,7.5950,38.4161,0.337819
-16.0003,7.5901,38.0787,0.337923
-15.6882,7.5839,37.6569,0.338052
-15.4087,7.5784,37.2773,0.338168
-15.0997,7.5722,36.8555,0.338297
-14.8548,7.5671,36.5192,0.338400
-14.6101,7.5596,36.1818,0.338502
-14.3370,7.5514,35.8005,0.338617
-14.0947,7.5453,35.4631,0.338719
-13.7935,7.5377,35.0412,0.338846
-13.5243,7.5308,34.6614,0.338960
-13.2862,7.5247,34.3235,0.339061
-13.0197,7.5177,33.9432,0.339174
-12.7884,7.5045,33.6022,0.339274
-12.5262,7.4980,33.2205,0.339387
-12.2646,7.4908,32.8402,0.339499
-12.0052,7.4836,32.4585,0.339611
-11.7767,7.4771,32.1185,0.339711
-11.5215,7.4699,31.7350,0.339824
-11.2968,7.4627,31.3941,0.339923
-11.0461,7.4543,31.0094,0.340034
-10.8256,7.4469,30.6664,0.340133
-10.5804,7.4385,30.2792,0.340243
-10.3658,7.4303,29.9344,0.340342
-10.1266,7.4206,29.5448,0.340452
-9.8903,7.4109,29.1539,0.340562
-9.6831,7.4023,28.8052,0.340659
-9.4542,7.3913,28.4123,0.340769
-9.2283,7.3800,28.0172,0.340878
-9.0306,7.3700,27.6648,0.340976
-8.8125,7.3585,27.2680,0.341084
-8.6214,7.3467,26.9134,0.341180
-8.4098,7.3335,26.5134,0.341290
-8.2249,7.3219,26.1569,0.341387
-8.0215,7.3071,25.7558,0.341495
-7.8211,7.2916,25.3526,0.341603
-7.6459,7.2780,24.9935,0.341699
-7.4509,7.2646,24.5871,0.341807
-7.2821,7.2537,24.2263,0.341904
-7.0962,7.2409,23.8181,0.342011
-6.9337,7.2295,23.4540,0.342107
-6.7538,7.2168,23.0433,0.342214
-6.5758,7.2059,22.6300,0.342321
-6.4024,7.1961,22.2166,0.342427
-6.2329,7.1864,21.8015,0.342536
-6.0668,7.1766,21.3850,0.342642
-5.9217,7.1678,21.0150,0.342737
-5.7592,7.1585,20.5948,0.342844
-5.6181,7.1512,20.2219,0.342939
-5.4622,7.1429,19.8008,0.343047
-5.3260,7.1356,19.4253,0.343142
-5.1754,7.1264,19.0029,0.343249
-5.0423,7.1185,18.6241,0.343343
-4.8954,7.1105,18.1978,0.343451
-4.7670,7.1033,17.8174,0.343547
-4.6251,7.0953,17.3878,0.343655
-4.5011,7.0869,17.0060,0.343752
-4.3633,7.0773,16.5730,0.343860
-4.2278,7.0685,16.1391,0.343969
-4.0950,7.0596,15.7034,0.344080
-3.9649,7.0507,15.2661,0.344189
-3.8234,7.0386,14.7803,0.344312
-3.7123,7.0289,14.3889,0.344410
-3.5765,7.0171,13.8991,0.344535
-3.4445,7.0053,13.4083,0.344658
-3.3418,6.9959,13.0150,0.344757
-3.2164,6.9816,12.5243,0.344881
-3.1065,6.9684,12.0798,0.344993
-3.0112,6.9568,11.6845,0.345092
-2.9068,6.9438,11.2390,0.345204
-2.8168,6.9322,10.8426,0.345302
-2.7184,6.9191,10.3959,0.345414
-2.6219,6.9033,9.9499,0.345525
-2.5390,6.8892,9.5512,0.345623
-2.4384,6.8715,9.0519,0.345746
-2.3511,6.8555,8.6017,0.345857
-2.2669,6.8396,8.1509,0.345968
-2.1767,6.8218,7.6489,0.346092
-2.0801,6.8005,7.0979,0.346226
-1.9972,6.7776,6.5936,0.346350
-1.9331,6.7592,6.1895,0.346448
-1.8714,6.7407,5.7849,0.346547
-1.8049,6.7200,5.3292,0.346658
-1.7414,6.6992,4.8728,0.346768
-1.6871,6.6806,4.4665,0.346864
-1.6284,6.6597,4.0086,0.346975
-1.5661,6.6375,3.4984,0.347098
-1.5130,6.6177,3.0392,0.347209
-1.4629,6.5978,2.5794,0.347320
-1.4105,6.5757,2.0678,0.347444
-1.3661,6.5557,1.6067,0.347556
-1.3243,6.5357,1.1449,0.347668
-1.2813,6.5138,0.6304,0.347792
-1.2493,6.4970,0.2189,0.347891
-1.2160,6.4781,-0.2446,0.348005
-1.1887,6.4613,-0.6569,0.348106
-1.1633,6.4445,-1.0697,0.348205
-1.1633,6.4445,-1.0697,0.348205
-1.1372,6.4255,-1.5344,0.348319
-1.1112,6.4044,-2.0513,0.348445
-1.0907,6.3860,-2.5176,0.348559
-1.0726,6.3682,-2.9836,0.348672
-1.0556,6.3483,-3.5018,0.348798
-1.0428,6.3305,-3.9685,0.348911
-1.0324,6.3126,-4.4355,0.349025
-1.0235,6.2927,-4.9548,0.349151
-1.0183,6.2754,-5.4232,0.349265
-1.0141,6.2658,-5.8915,0.349378
-1.0133,6.2493,-6.3596,0.349492
-1.0157,6.2310,-6.8799,0.349618
-1.0195,6.2145,-7.3486,0.349731
-1.0259,6.1961,-7.8697,0.349857
-1.0340,6.1795,-8.3389,0.349971
-1.0444,6.1629,-8.8083,0.350086
-1.0588,6.1468,-9.3326,0.350212
-1.0738,6.1347,-9.8029,0.350327
-1.0913,6.1225,-10.2734,0.350442
-1.1072,6.1097,-10.7436,0.350556
-1.1268,6.0973,-11.1622,0.350659
-1.1507,6.0833,-11.6333,0.350773
-1.1769,6.0693,-12.1044,0.350887
-1.2021,6.0568,-12.5233,0.350991
-1.2324,6.0427,-12.9949,0.351105
-1.2610,6.0301,-13.4145,0.351207
-1.2949,6.0159,-13.8869,0.351322
-1.3267,6.0054,-14.3086,0.351425
-1.3686,5.9925,-14.8342,0.351553
-1.4043,5.9821,-15.2549,0.351656
-1.4463,5.9704,-15.7286,0.351772
-1.4850,5.9599,-16.1501,0.351875
-1.5305,5.9478,-16.6248,0.351991
-1.5725,5.9371,-17.0473,0.352094
-1.6214,5.9249,-17.5232,0.352211
-1.6662,5.9141,-17.9470,0.352315
-1.6662,5.9141,-17.9470,0.352315
-1.7178,5.9018,-18.4249,0.352433
-1.7648,5.8918,-18.8526,0.352536
-1.8182,5.8828,-19.3333,0.352654
-1.8668,5.8747,-19.7617,0.352760
-1.9227,5.8656,-20.2451,0.352879
-1.9794,5.8564,-20.7301,0.352998
-2.0295,5.8480,-21.1625,0.353105
-2.0879,5.8381,-21.6505,0.353226
-2.1538,5.8270,-22.1945,0.353361
-2.2074,5.8182,-22.6310,0.353469
-2.2752,5.8070,-23.1784,0.353604
-2.3440,5.7975,-23.7297,0.353740
-2.3996,5.7916,-24.1709,0.353850
-2.4633,5.7850,-24.6687,0.353972
-2.5281,5.7783,-25.1682,0.354096
-2.5924,5.7713,-25.6692,0.354220
-2.6514,5.7646,-26.1160,0.354330
-2.7337,5.7554,-26.7324,0.354483
-2.7944,5.7486,-27.1821,0.354595
-2.8712,5.7401,-27.7460,0.354734
-2.9491,5.7316,-28.3125,0.354874
-3.0120,5.7258,-28.7666,0.354987
-3.0836,5.7193,-29.2790,0.355114
-3.1670,5.7119,-29.8508,0.355256
-3.2325,5.7076,-30.3093,0.355369
-3.3071,5.7028,-30.8266,0.355497
-3.3915,5.6975,-31.4033,0.355640
-3.4600,5.6932,-31.8660,0.355755
-3.5382,5.6883,-32.3879,0.355884
-3.6088,5.6839,-32.8531,0.355999
-3.6894,5.6808,-33.3792,0.356129
-3.7713,5.6787,-33.9053,0.356259
-3.8446,5.6766,-34.3738,0.356377
-3.9290,5.6739,-34.9023,0.356507
-4.0241,5.6710,-35.4910,0.356653
-4.1207,5.6680,-36.0812,0.356801
-4.1992,5.6656,-36.5544,0.356919
-4.2987,5.6625,-37.1472,0.357066
-4.3896,5.6597,-37.6819,0.357199
-4.4778,5.6513,-38.1577,0.357318
-4.5794,5.6502,-38.7546,0.357466
-4.6630,5.6491,-39.2331,0.357585
-4.7698,5.6479,-39.8324,0.357735
-4.8786,5.6466,-40.4332,0.357883
-4.9780,5.6453,-40.9748,0.358018
-5.0790,5.6439,-41.5177,0.358154
-5.1931,5.6422,-42.1219,0.358305
-5.2977,5.6402,-42.6670,0.358442
-5.4041,5.6382,-43.2131,0.358578
-5.5244,5.6350,-43.8208,0.358730
-5.6347,5.6320,-44.3693,0.358867
-5.7470,5.6280,-44.9182,0.359004
-5.8616,5.6237,-45.4688,0.359143
-5.9655,5.6198,-45.9590,0.359266
-6.0849,5.6153,-46.5114,0.359405
-6.1933,5.6113,-47.0032,0.359529
-6.3180,5.6068,-47.5573,0.359668
-6.4314,5.6027,-48.0506,0.359792
-6.5619,5.5986,-48.6056,0.359931
-6.6956,5.5945,-49.1602,0.360071
-6.8327,5.5903,-49.7140,0.360210
-6.9734,5.5861,-50.2673,0.360348
-7.1013,5.5827,-50.7580,0.360472
-7.2322,5.5794,-51.2477,0.360595
-7.3830,5.5756,-51.7973,0.360732
-7.5203,5.5722,-52.2847,0.360855
-7.6784,5.5687,-52.8318,0.360993
-7.8587,5.5650,-53.4376,0.361145
-8.0065,5.5619,-53.9208,0.361266
-8.1765,5.5584,-54.4629,0.361402
-8.3309,5.5556,-54.9435,0.361525
-8.4885,5.5530,-55.4225,0.361644
-8.6695,5.5499,-55.9596,0.361782
-8.8547,5.5468,-56.4950,0.361920
-9.0226,5.5443,-56.9694,0.362042
-9.2368,5.5413,-57.5601,0.362195
-9.4338,5.5386,-58.0896,0.362332
-9.6123,5.5362,-58.5586,0.362454
-9.7939,5.5339,-59.0262,0.362574
-10.0016,5.5316,-59.5501,0.362712
-10.2131,5.5293,-60.0720,0.362848
-10.4040,5.5271,-60.5344,0.362970
-10.6220,5.5249,-61.0531,0.363107
-10.8182,5.5231,-61.5126,0.363230
-11.0419,5.5211,-62.0283,0.363367
-11.2684,5.5190,-62.5427,0.363503
-11.4722,5.5172,-62.9993,0.363626
-11.7038,5.5155,-63.5120,0.363764
-11.9384,5.5138,-64.0239,0.363901
-12.1757,5.5121,-64.5351,0.364039
-12.4158,5.5104,-65.0459,0.364177
-12.6585,5.5090,-65.5561,0.364315
-12.9041,5.5075,-66.0658,0.364453
-13.1801,5.5059,-66.6317,0.364607
-13.4033,5.5047,-67.0842,0.364732
-13.6567,5.5035,-67.5927,0.364871
-13.8842,5.5024,-68.0445,0.364996
-14.1422,5.5012,-68.5523,0.365135
-14.4317,5.5001,-69.1163,0.365291
-14.6945,5.4992,-69.6235,0.365432
-14.9594,5.4982,-70.1304,0.365573
-15.2262,5.4972,-70.6372,0.365713
-15.4652,5.4966,-71.0876,0.365840
-15.7358,5.4959,-71.5939,0.365981
-16.0085,5.4952,-72.1001,0.366123
-16.3140,5.4944,-72.6624,0.366281
-16.6219,5.4939,-73.2244,0.366439
-16.8700,5.4934,-73.6738,0.366565
-17.1510,5.4929,-74.1793,0.366708
-17.4655,5.4925,-74.7407,0.366869
-17.7824,5.4921,-75.3019,0.367026
-18.0376,5.4919,-75.7507,0.367155
-18.3265,5.4916,-76.2554,0.367299
-18.5850,5.4914,-76.7039,0.367426
-18.8775,5.4913,-77.2083,0.367571
-19.1392,5.4912,-77.6565,0.367702
-19.4353,5.4911,-78.1606,0.367845
-19.7334,5.4911,-78.6645,0.367991
-19.9999,5.4911,-79.1122,0.368119
-20.3016,5.4911,-79.6157,0.368265
-20.6052,5.4912,-80.1190,0.368411
-20.9107,5.4913,-80.6221,0.368557
-21.2181,5.4914,-81.1249,0.368702
-21.5275,5.4916,-81.6275,0.368848
-21.8734,5.4918,-82.1857,0.369011
-22.1869,5.4921,-82.6877,0.369159
-22.5374,5.4923,-83.2452,0.369322
-22.8550,5.4926,-83.7467,0.369468
-23.1746,5.4929,-84.2478,0.369616
-23.5322,5.4933,-84.8041,0.369781
-23.8561,5.4936,-85.3044,0.369927
-24.1822,5.4940,-85.8044,0.370076
-24.5103,5.4944,-86.3039,0.370224
-24.8406,5.4947,-86.8030,0.370372
-25.1729,5.4951,-87.3017,0.370520
-25.5446,5.4956,-87.8552,0.370685
-25.8813,5.4960,-88.3528,0.370834
-26.2579,5.4964,-88.9052,0.370998
-26.5991,5.4968,-89.4017,0.371149
-26.9807,5.4973,-89.9529,0.371313
-27.2878,5.4976,-90.3932,0.371447
-27.6742,5.4980,-90.9431,0.371616
-28.0243,5.4984,-91.4373,0.371765
-28.3767,5.4988,-91.9308,0.371915
-28.7312,5.4991,-92.4237,0.372066
-29.0483,5.4994,-92.8612,0.372198
-29.4470,5.4998,-93.4074,0.372366
-29.8083,5.5001,-93.8982,0.372518
-30.1313,5.5003,-94.3338,0.372653
-30.5374,5.5006,-94.8776,0.372820
-30.9053,5.5008,-95.3662,0.372971
-31.3167,5.5010,-95.9082,0.373141
-31.7308,5.5011,-96.4492,0.373310
-32.0640,5.5012,-96.8813,0.373444
-32.4409,5.5013,-97.3667,0.373598
-32.8200,5.5013,-97.8513,0.373751
-33.1587,5.5013,-98.2814,0.373887
-33.5371,5.5058,-98.7691,0.374039
-33.9219,5.5075,-99.2516,0.374193
-34.3089,5.5091,-99.7331,0.374346
-34.6545,5.5105,-100.1607,0.374483
-35.0450,5.5120,-100.6412,0.374636
-35.4375,5.5135,-101.1211,0.374791
-35.8321,5.5150,-101.6002,0.374944
-36.2288,5.5163,-102.0785,0.375099
-36.6275,5.5177,-102.5560,0.375255
-36.9835,5.5188,-102.9798,0.375391
-37.3860,5.5200,-103.4559,0.375547
-37.7454,5.5211,-103.8784,0.375685
-38.1517,5.5222,-104.3529,0.375840
-38.5601,5.5233,-104.8265,0.375997
-38.9248,5.5243,-105.2467,0.376135
-39.3371,5.5252,-105.7188,0.376291
-39.7513,5.5262,-106.1900,0.376448
-40.2139,5.5272,-106.7126,0.376623
-40.5857,5.5279,-107.1299,0.376761
-41.0059,5.5287,-107.5986,0.376919
-41.4280,5.5294,-108.0665,0.377076
-41.8047,5.5301,-108.4816,0.377217
-42.2302,5.5307,-108.9480,0.377373
-42.7049,5.5314,-109.4653,0.377550
-43.1337,5.5320,-109.9302,0.377708
-43.5639,5.5325,-110.3946,0.377867
-43.9474,5.5330,-110.8070,0.378009
-44.3800,5.5335,-111.2705,0.378168
-44.8139,5.5340,-111.7337,0.378327
-45.2489,5.5344,-112.1966,0.378486
-45.6851,5.5348,-112.6592,0.378646
-46.0739,5.5351,-113.0703,0.378789
-46.5123,5.5355,-113.5324,0.378947
-46.9031,5.5358,-113.9431,0.379091
-47.2947,5.5361,-114.3535,0.379234
-47.7365,5.5364,-114.8152,0.379394
-48.1300,5.5366,-115.2254,0.379538
-48.5739,5.5369,-115.6867,0.379698
-49.0683,5.5371,-116.1992,0.379878
-49.4649,5.5373,-116.6090,0.380022
-49.9120,5.5375,-117.0700,0.380184
-50.3602,5.5376,-117.5309,0.380345
-50.7595,5.5378,-117.9405,0.380489
-51.2097,5.5379,-118.4011,0.380652
-51.6610,5.5380,-118.8617,0.380814
-52.0631,5.5381,-119.2710,0.380958
-52.5164,5.5381,-119.7313,0.381122
-52.9203,5.5382,-120.1404,0.381265
-53.4264,5.5382,-120.6516,0.381449
-53.9338,5.5382,-121.1627,0.381631
-54.4426,5.5381,-121.6735,0.381813
-54.9016,5.5381,-122.1332,0.381976
-55.3105,5.5380,-122.5416,0.382122
-55.7715,5.5379,-123.0010,0.382288
-56.1822,5.5378,-123.4093,0.382434
-56.6452,5.5377,-123.8684,0.382598
-57.1093,5.5375,-124.3273,0.382763
-57.5227,5.5374,-124.7352,0.382910
-57.9888,5.5372,-125.1939,0.383076
-58.5078,5.5369,-125.7034,0.383260
-58.9240,5.5367,-126.1108,0.383407
-59.4454,5.5365,-126.6200,0.383592
-59.9155,5.5363,-127.0781,0.383757
-60.4390,5.5360,-127.5871,0.383943
-60.8586,5.5357,-127.9943,0.384091
-61.3841,5.5354,-128.5031,0.384275
-61.8580,5.5350,-128.9611,0.384442
-62.2800,5.5347,-129.3681,0.384591
-62.7555,5.5343,-129.8261,0.384758
-63.1791,5.5339,-130.2333,0.384908
-63.6566,5.5334,-130.6917,0.385075
-64.1352,5.5329,-131.1502,0.385242
-64.5614,5.5326,-131.5580,0.385393
-65.0420,5.5321,-132.0173,0.385561
-65.4702,5.5317,-132.4259,0.385712
-66.0068,5.5312,-132.9372,0.385900
-66.4370,5.5307,-133.3467,0.386051
-66.9762,5.5302,-133.8591,0.386239
-67.5169,5.5296,-134.3722,0.386428
-68.0047,5.5291,-134.8346,0.386600
-68.4394,5.5286,-135.2460,0.386752
-68.9840,5.5280,-135.7611,0.386942
-69.4755,5.5275,-136.2254,0.387115
-70.0230,5.5269,-136.7421,0.387304
-70.4620,5.5264,-137.1561,0.387459
-70.9569,5.5258,-137.6226,0.387631
-71.4021,5.4441,-138.0334,0.387785
-71.8982,5.4420,-138.5017,0.387960
-72.3393,5.4431,-138.9193,0.388114
-72.8354,5.4472,-139.3906,0.388287
-73.2751,5.4529,-139.8109,0.388442
-73.7675,5.4600,-140.2858,0.388617
-74.2037,5.4658,-140.7108,0.388773
-74.6992,5.5013,-141.1891,0.388948
-75.1435,5.5013,-141.6158,0.389104
-75.6477,5.5013,-142.0932,0.389279
-76.0953,5.5013,-142.5184,0.389437
-76.5986,5.5013,-142.9978,0.389613
-77.1018,5.5013,-143.4779,0.389791
-77.5490,5.5013,-143.9053,0.389947
-78.0519,5.5013,-144.3870,0.390124
-78.5548,5.5013,-144.8696,0.390302
-79.0017,5.5013,-145.2996,0.390459
-79.5050,5.5013,-145.7847,0.390636
-79.9574,5.5013,-146.2191,0.390795
-80.4137,5.5013,-146.6532,0.390956
-80.9310,5.5013,-147.1385,0.391136
-81.3932,5.5013,-147.5683,0.391296
-81.9144,5.5013,-148.0515,0.391476
-82.3772,5.5013,-148.4824,0.391638
-82.8982,5.5013,-148.9687,0.391818
-83.4205,5.5013,-149.4559,0.392001
-83.8862,5.5013,-149.8890,0.392162
-84.4120,5.5013,-150.3756,0.392345
-84.9397,5.5013,-150.8620,0.392527
-85.4101,5.5013,-151.2946,0.392691
-85.9989,5.5013,-151.8366,0.392894
-86.5294,5.5013,-152.3257,0.393077
-87.1194,5.5013,-152.8705,0.393281
-87.5920,5.5013,-153.3074,0.393446
-88.1245,5.5013,-153.7997,0.393630
-88.5984,5.5013,-154.2380,0.393794
-89.0729,5.5013,-154.6772,0.393960
-89.6073,5.5013,-155.1726,0.394144
-90.1422,5.5013,-155.6693,0.394329
-90.6180,5.5013,-156.1120,0.394496
-91.1537,5.5013,-156.6111,0.394681
-91.6900,5.5013,-157.1115,0.394869
-92.1670,5.5013,-157.5574,0.395035
-92.7042,5.5013,-158.0603,0.395223
-93.1820,5.5013,-158.5084,0.395389
-93.7796,5.5013,-159.0701,0.395598
-94.2579,5.5013,-159.5207,0.395765
-94.7964,5.5013,-160.0290,0.395954
-95.2753,5.5013,-160.4819,0.396121
-95.8144,5.5013,-160.9928,0.396309
-96.2938,5.5013,-161.4482,0.396479
-96.8335,5.5013,-161.9618,0.396668
-97.3735,5.5013,-162.4768,0.396857
-97.8537,5.5013,-162.9358,0.397027
-98.3943,5.5013,-163.4535,0.397217
-98.9353,5.5013,-163.9726,0.397406
-99.4768,5.5013,-164.4931,0.397597
-100.0189,5.5013,-165.0149,0.397789
-100.5618,5.5013,-165.5377,0.397979
-101.0449,5.5013,-166.0032,0.398149
-101.5881,5.5013,-166.5266,0.398337
-102.0705,5.5013,-166.9915,0.398510
-102.6149,5.5013,-167.5159,0.398702
-103.1598,5.5013,-168.0409,0.398895
-103.7653,5.5013,-168.6243,0.399109
-104.2502,5.5013,-169.0916,0.399279
-104.7965,5.5013,-169.6180,0.399471
-105.3435,5.5013,-170.1449,0.399663
-105.8305,5.5013,-170.6137,0.399836
-106.3790,5.5013,-171.1418,0.400030
-106.9283,5.5013,-171.6704,0.400222
-107.4171,5.5013,-172.1408,0.400394
-107.9677,5.5013,-172.6706,0.400588
-108.4577,5.5013,-173.1421,0.400760
-109.0709,5.5013,-173.7321,0.400978
-109.6236,5.5013,-174.2638,0.401171
-110.1154,5.5013,-174.7368,0.401344
-110.7309,5.5013,-175.3288,0.401559
-111.2853,5.5013,-175.8621,0.401756
-111.7786,5.5013,-176.3365,0.401930
-112.3339,5.5013,-176.8705,0.402125
-112.8279,5.5013,-177.3456,0.402299
-113.3840,5.5013,-177.8804,0.402496
-113.8788,5.5013,-178.3561,0.402669
-114.4357,5.5013,-178.8917,0.402864
-114.9312,5.5013,-179.3681,0.403039
-115.4889,5.5013,-179.9045,0.403235
-116.1091,5.5013,-180.5009,0.403455
-116.6677,5.5013,-181.0381,0.403653
-117.2267,5.5013,-181.5756,0.403849
-117.8483,5.5013,-182.1734,0.404068
-118.3459,5.5013,-182.6519,0.404242
-118.9060,5.5013,-183.1907,0.404442
-119.4666,5.5013,-183.7298,0.404638
-120.0274,5.5013,-184.2692,0.404837
-120.5885,5.5013,-184.8090,0.405034
-121.1498,5.5013,-185.3490,0.405232
-121.7114,5.5013,-185.8894,0.405431
-122.2733,5.5013,-186.4301,0.405629
-122.7728,5.5013,-186.9110,0.405807
-123.3975,5.5013,-187.5124,0.406028
-123.8973,5.5013,-187.9937,0.406204
-124.5223,5.5013,-188.5958,0.406426
-125.0850,5.5013,-189.1379,0.406625
-125.5853,5.5013,-189.6201,0.406803
-126.1483,5.5013,-190.1628,0.407002
-126.6488,5.5013,-190.6455,0.407181
-127.2121,5.5013,-191.1888,0.407382
-127.7130,5.5013,-191.6720,0.407560
-128.2765,5.5013,-192.2159,0.407762
-128.8402,5.5013,-192.7600,0.407963
-129.3413,5.5013,-193.2439,0.408141
-129.9051,5.5013,-193.7885,0.408341
-130.4063,5.5013,-194.2727,0.408522
-130.9703,5.5013,-194.8178,0.408723
-131.4717,5.5013,-195.3025,0.408901
-132.0358,5.5013,-195.8479,0.409102
-132.5372,5.5013,-196.3330,0.409283
-133.1640,5.5013,-196.9395,0.409506
-133.7908,5.5013,-197.5461,0.409730
-134.2922,5.5013,-198.0315,0.409908
-134.8562,5.5013,-198.5777,0.410113
-135.4829,5.5013,-199.1848,0.410339
-135.9841,5.5013,-199.6706,0.410517
-136.4854,5.5013,-200.1564,0.410697
-137.0492,5.5013,-200.7031,0.410899
-137.6130,5.5013,-201.2499,0.411103
-138.2392,5.5013,-201.8574,0.411326
-138.7401,5.5013,-202.3435,0.411507
-139.3660,5.5013,-202.9511,0.411732
-139.9291,5.5013,-203.4979,0.411932
-140.5546,5.5013,-204.1056,0.412160
-141.1798,5.5013,-204.7132,0.412382
-141.6799,5.5013,-205.1993,0.412561
-142.2422,5.5013,-205.7461,0.412761
-142.7418,5.5013,-206.2320,0.412943
-143.3036,5.5013,-206.7786,0.413144
-143.8027,5.5013,-207.2644,0.413325
-144.3639,5.5013,-207.8107,0.413526
-144.9247,5.5013,-208.3569,0.413725
-145.4851,5.5013,-208.9028,0.413928
-146.1072,5.5013,-209.5092,0.414151
-146.7289,5.5013,-210.1152,0.414374
-147.3499,5.5013,-210.7210,0.414597
-147.9704,5.5013,-211.3263,0.414821
-148.5283,5.5013,-211.8708,0.415019
-149.0238,5.5013,-212.3546,0.415203
-149.5807,5.5013,-212.8985,0.415402
-150.0752,5.5013,-213.3817,0.415577
-150.6311,5.5013,-213.9249,0.415782
-151.1247,5.5013,-214.4075,0.415957
-151.6795,5.5013,-214.9501,0.416155
-152.2336,5.5013,-215.4922,0.416359
-152.7256,5.5013,-215.9736,0.416533
-153.2785,5.5013,-216.5149,0.416737
-153.7694,5.5013,-216.9957,0.416913
-154.3822,5.5013,-217.5961,0.417133
-154.9943,5.5013,-218.1960,0.417354
-155.6056,5.5013,-218.7953,0.417572
-156.1551,5.5013,-219.3342,0.417770
-156.7649,5.5013,-219.9325,0.417991
-157.3130,5.5013,-220.4705,0.418188
-157.7997,5.5013,-220.9483,0.418365
-158.3466,5.5013,-221.4854,0.418561
-158.8323,5.5013,-221.9625,0.418735
-159.3780,5.5013,-222.4988,0.418934
-159.9230,5.5013,-223.0346,0.419129
-160.4069,5.5013,-223.5105,0.419302
-161.0111,5.5013,-224.1049,0.419524
-161.6145,5.5013,-224.6987,0.419738
-162.2171,5.5013,-225.2920,0.419956
-162.7587,5.5013,-225.8255,0.420152
-163.2396,5.5013,-226.2994,0.420326
-163.7800,5.5013,-226.8321,0.420516
-164.3797,5.5013,-227.4234,0.420733
-164.9188,5.5013,-227.9552,0.420929
-165.5170,5.5013,-228.5456,0.421143
-166.0547,5.5013,-229.0764,0.421337
-166.5322,5.5013,-229.5480,0.421510
-167.0688,5.5013,-230.0780,0.421701
-167.6644,5.5013,-230.6664,0.421914
-168.2592,5.5013,-231.2541,0.422129
-168.8533,5.5013,-231.8414,0.422342
-169.3875,5.5013,-232.3694,0.422536
-169.9210,5.5013,-232.8969,0.422726
-170.5132,5.5013,-233.4825,0.422940
-170.9865,5.5013,-233.9505,0.423108
-171.5775,5.5013,-234.5350,0.423320
-172.1089,5.5013,-235.0605,0.423511
-172.5810,5.5013,-235.5271,0.423680
-173.1116,5.5013,-236.0515,0.423869
-173.5830,5.5013,-236.5171,0.424040
-174.1128,5.5013,-237.0400,0.424230
-174.6420,5.5013,-237.5621,0.424417
-175.1118,5.5013,-238.0254,0.424590
-175.6983,5.5013,-238.6034,0.424795
-176.2253,5.5013,-239.1224,0.424984
-176.7515,5.5013,-239.6402,0.425173
-177.3352,5.5013,-240.2142,0.425381
-177.9180,5.5013,-240.7867,0.425585
-178.3835,5.5013,-241.2437,0.425754
-178.9064,5.5013,-241.7567,0.425943
-179.4285,5.5013,-242.2686,0.426130
-179.8920,5.5013,-242.7226,0.426296
-180.3548,5.5013,-243.1757,0.426458
-180.9324,5.5013,-243.7408,0.426662
-181.4515,5.5013,-244.2481,0.426843
-181.9122,5.5013,-244.6981,0.427012
-182.4872,5.5013,-245.2594,0.427216
-182.9466,5.5013,-245.7073,0.427379
-183.5199,5.5013,-246.2660,0.427582
-184.0922,5.5013,-246.8233,0.427785
-184.6636,5.5013,-247.3793,0.427988
-185.2340,5.5013,-247.9338,0.428191
-185.8035,5.5013,-248.4870,0.428392
-186.3152,5.5013,-248.9837,0.428576
-186.8828,5.5013,-249.5342,0.428775
-187.3929,5.5013,-250.0286,0.428953
-187.8457,5.5013,-250.4671,0.429118
-188.4108,5.5013,-251.0140,0.429317
-188.9749,5.5013,-251.5595,0.429516
-189.4255,5.5013,-251.9950,0.429675
-189.9880,5.5013,-252.5381,0.429878
-190.5495,5.5013,-253.0799,0.430074
-191.1100,5.5013,-253.6204,0.430271
-191.6697,5.5013,-254.1595,0.430470
-192.1725,5.5013,-254.6436,0.430650
-192.6746,5.5013,-255.1266,0.430826
-193.2316,5.5013,-255.6621,0.431024
-193.6765,5.5013,-256.0895,0.431180
-194.1764,5.5013,-256.5693,0.431357
-194.6200,5.5013,-256.9950,0.431517
-195.1185,5.5013,-257.4728,0.431687
-195.5609,5.5013,-257.8967,0.431843
-196.0578,5.5013,-258.3726,0.432016
-196.4990,5.5013,-258.7948,0.432174
-196.9945,5.5013,-259.2686,0.432349
-197.4342,5.5013,-259.6888,0.432502
-197.9279,5.5013,-260.1602,0.432677
-198.4751,5.5013,-260.6823,0.432868
-199.0209,5.5013,-261.2027,0.433061
-199.5652,5.5013,-261.7213,0.433252
-199.9996,5.5013,-262.1349,0.433408
-200.4873,5.5013,-262.5988,0.433575
-200.9200,5.5013,-263.0102,0.433726
-201.4061,5.5013,-263.4721,0.433899
-201.8376,5.5013,-263.8818,0.434053
-202.3761,5.5013,-264.3928,0.434241
-202.8601,5.5013,-264.8517,0.434409
-203.3433,5.5013,-265.3096,0.434580
-203.8794,5.5013,-265.8172,0.434767
-204.3611,5.5013,-266.2729,0.434938
-204.8955,5.5013,-266.7782,0.435122
-205.3223,5.5013,-267.1816,0.435270
-205.8552,5.5013,-267.6847,0.435463
-206.3871,5.5013,-268.1866,0.435645
-206.8651,5.5013,-268.6373,0.435812
-207.3424,5.5013,-269.0870,0.435977
-207.7659,5.5013,-269.4858,0.436127
-208.2415,5.5013,-269.9334,0.436293
-208.7690,5.5013,-270.4294,0.436476
-209.2951,5.5013,-270.9238,0.436663
-209.7673,5.5013,-271.3674,0.436829
-210.2382,5.5013,-271.8093,0.436994
-210.7596,5.5013,-272.2983,0.437171
-211.2270,5.5013,-272.7365,0.437336
-211.6409,5.5013,-273.1242,0.437481
-212.1561,5.5013,-273.6068,0.437662
-212.6178,5.5013,-274.0390,0.437824
-213.0265,5.5013,-274.4215,0.437966
-213.4845,5.5013,-274.8500,0.438121
-213.8899,5.5013,-275.2292,0.438265
-214.3441,5.5013,-275.6541,0.438428
-214.7962,5.5013,-276.0770,0.438583
-215.1964,5.5013,-276.4514,0.438724
-215.6445,5.5013,-276.8706,0.438881
-216.0408,5.5013,-277.2414,0.439022
-216.4842,5.5013,-277.6564,0.439171
-216.8763,5.5013,-278.0234,0.439310
-217.3634,5.5013,-278.4796,0.439482
-217.7992,5.5013,-278.8877,0.439636
-218.2803,5.5013,-279.3384,0.439800
-218.6629,5.5013,-279.6971,0.439939
-219.0910,5.5013,-280.0984,0.440089
-219.5164,5.5013,-280.4974,0.440235
-219.8926,5.5013,-280.8504,0.440365
-220.3140,5.5013,-281.2458,0.440514
-220.6871,5.5013,-281.5961,0.440650
-221.1053,5.5013,-281.9890,0.440798
-221.4759,5.5013,-282.3373,0.440932
-221.9374,5.5013,-282.7714,0.441096
-222.3052,5.5013,-283.1178,0.441225
-222.7176,5.5013,-283.5064,0.441378
-223.1740,5.5013,-283.9371,0.441540
-223.5377,5.5013,-284.2809,0.441668
-223.9454,5.5013,-284.6667,0.441819
-224.3063,5.5013,-285.0089,0.441947
-224.7106,5.5013,-285.3930,0.442095
-225.0681,5.5013,-285.7334,0.442228
-225.4679,5.5013,-286.1150,0.442375
-225.8649,5.5013,-286.4948,0.442519
-226.2150,5.5013,-286.8306,0.442648
-226.6488,5.5013,-287.2480,0.442812
-227.0782,5.5013,-287.6622,0.442980
-227.5028,5.5013,-288.0732,0.443138
-227.9227,5.5013,-288.4809,0.443299
-228.2553,5.5013,-288.8047,0.443425
-228.6258,5.5013,-289.1664,0.443571
-228.9519,5.5013,-289.4857,0.443696
-229.3553,5.5013,-289.8818,0.443851
-229.7144,5.5013,-290.2355,0.443994
-230.0303,5.5013,-290.5477,0.444118
-230.3823,5.5013,-290.8963,0.444253
-230.7305,5.5013,-291.2423,0.444390
-231.0367,5.5013,-291.5476,0.444513
-231.3401,5.5013,-291.8508,0.444631
-231.7149,5.5013,-292.2267,0.444779
-232.0480,5.5013,-292.5619,0.444910
-232.0480,5.5013,-292.5619,0.444910
-232.3406,5.5013,-292.8574,0.445028
-232.6657,5.5013,-293.1870,0.445157
-232.9511,5.5013,-293.4775,0.445270
-233.2681,5.5013,-293.8017,0.445394
-233.5806,5.5013,-294.1229,0.445523
-233.8545,5.5013,-294.4060,0.445634
-234.1585,5.5013,-294.7218,0.445755
-234.4577,5.5013,-295.0349,0.445874
-234.7522,5.5013,-295.3453,0.445994
-235.0418,5.5013,-295.6531,0.446113
-235.3265,5.5013,-295.9584,0.446226
-235.5754,5.5013,-296.2277,0.446330
-235.8509,5.5013,-296.5284,0.446445
-236.0918,5.5013,-296.7940,0.446544
-236.3594,5.5013,-297.0919,0.446652
-236.6237,5.5013,-297.3891,0.446765
-236.8560,5.5013,-297.6532,0.446865
-237.1146,5.5013,-297.9504,0.446974
-237.3423,5.5013,-298.2147,0.447072
-237.5960,5.5013,-298.5125,0.447183
-237.8473,5.5013,-298.8109,0.447291
-238.0962,5.5013,-299.1100,0.447401
-238.3153,5.5013,-299.3763,0.447497
-238.5596,5.5013,-299.6767,0.447604
-238.8013,5.5013,-299.9779,0.447708
-239.0404,5.5013,-300.2798,0.447817
-239.2508,5.5013,-300.5488,0.447911
-239.4850,5.5013,-300.8521,0.448019
-239.6907,5.5013,-301.1222,0.448116
-239.9191,5.5013,-301.4262,0.448217
-240.1190,5.5013,-301.6962,0.448314
-240.3401,5.5013,-301.9993,0.448413
-240.5569,5.5013,-302.3017,0.448518
-240.7460,5.5013,-302.5697,0.448606
-240.9547,5.5013,-302.8704,0.448707
-241.1366,5.5013,-303.1369,0.448794
-241.3373,5.5013,-303.4357,0.448892
-241.5338,5.5013,-303.7336,0.448993
-241.7263,5.5013,-304.0304,0.449087
-241.8943,5.5013,-304.2937,0.449171
-242.0799,5.5013,-304.5893,0.449264
-242.2620,5.5013,-304.8843,0.449360
-242.4408,5.5013,-305.1790,0.449451
-242.5971,5.5013,-305.4408,0.449533
-242.7702,5.5013,-305.7354,0.449626
-242.9405,5.5013,-306.0301,0.449716
-243.0896,5.5013,-306.2922,0.449798
-243.2548,5.5013,-306.5873,0.449886
-243.3993,5.5013,-306.8498,0.449966
-243.5594,5.5013,-307.1453,0.450056
-243.6996,5.5013,-307.4080,0.450133
-243.8547,5.5013,-307.7037,0.450223
-244.0072,5.5013,-307.9995,0.450316
-244.1571,5.5013,-308.2952,0.450402
-244.3041,5.5013,-308.5905,0.450490
-244.4323,5.5013,-308.8524,0.450566
-244.5735,5.5013,-309.1458,0.450653
-244.6963,5.5013,-309.4053,0.450729
-244.8314,5.5013,-309.6956,0.450815
-244.9487,5.5013,-309.9521,0.450888
-245.0777,5.5013,-310.2387,0.450972
-245.1896,5.5013,-310.4918,0.451044
-245.3125,5.5013,-310.7745,0.451127
-245.4192,5.5013,-311.0241,0.451199
-245.5363,5.5013,-311.3029,0.451279
-245.6378,5.5013,-311.5489,0.451348
-245.7493,5.5013,-311.8236,0.451426
-245.8579,5.5013,-312.0963,0.451504
-245.9522,5.5013,-312.3373,0.451571
-246.0561,5.5013,-312.6075,0.451649
-246.1467,5.5013,-312.8471,0.451716
-246.2467,5.5013,-313.1161,0.451790
-246.3447,5.5013,-313.3846,0.451866
-246.4302,5.5013,-313.6230,0.451932
-246.5245,5.5013,-313.8910,0.452008
-246.6272,5.5013,-314.1884,0.452089
-246.7077,5.5013,-314.4260,0.452155
-246.7966,5.5013,-314.6932,0.452228
-246.8740,5.5013,-314.9305,0.452292
-246.9595,5.5013,-315.1973,0.452369
-247.0431,5.5013,-315.4637,0.452439
-247.1250,5.5013,-315.7300,0.452514
-247.2052,5.5013,-315.9960,0.452585
-247.2750,5.5013,-316.2326,0.452651
-247.3606,5.5013,-316.5285,0.452731
-247.4275,5.5013,-316.7652,0.452795
-247.5011,5.5013,-317.0316,0.452868
-247.5650,5.5013,-317.2683,0.452932
-247.6350,5.5013,-317.5347,0.453004
-247.7028,5.5013,-317.8010,0.453075
-247.7613,5.5013,-318.0378,0.453139
-247.8249,5.5013,-318.3041,0.453210
-247.8861,5.5013,-318.5705,0.453283
-247.9450,5.5013,-318.8367,0.453355
-248.0014,5.5013,-319.1026,0.453427
-248.0495,5.5013,-319.3385,0.453489
-248.1015,5.5013,-319.6037,0.453559
-248.1510,5.5013,-319.8684,0.453631
-248.1929,5.5013,-320.1034,0.453693
-248.2379,5.5013,-320.3673,0.453763
-248.2802,5.5013,-320.6308,0.453834
-248.3157,5.5013,-320.8646,0.453894
-248.3532,5.5013,-321.1274,0.453964
-248.3882,5.5013,-321.3902,0.454035
-248.4172,5.5013,-321.6236,0.454095
-248.4475,5.5013,-321.8862,0.454164
-248.4724,5.5013,-322.1196,0.454227
-248.4982,5.5013,-322.3824,0.454296
-248.5218,5.5013,-322.6454,0.454367
-248.5408,5.5013,-322.8793,0.454428
-248.5600,5.5013,-323.1426,0.454497
-248.5769,5.5013,-323.4061,0.454566
-248.5915,5.5013,-323.6697,0.454636
-248.6026,5.5013,-323.9041,0.454697
-248.6139,5.5013,-324.1972,0.454776
-248.6224,5.5013,-324.4904,0.454852
-248.6281,5.5013,-324.7836,0.454929
-248.6306,5.5013,-325.0182,0.454990
-248.6312,5.5013,-325.2822,0.455060
-248.6292,5.5013,-325.5755,0.455137
-248.6244,5.5013,-325.8687,0.455215
-248.6185,5.5013,-326.1033,0.455276
-248.6097,5.5013,-326.3672,0.455346
-248.5986,5.5013,-326.6309,0.455416
-248.5868,5.5013,-326.8652,0.455477
-248.5713,5.5013,-327.1286,0.455547
-248.5556,5.5013,-327.3626,0.455609
-248.5356,5.5013,-327.6255,0.455679
-248.5131,5.5013,-327.8882,0.455747
-248.4910,5.5013,-328.1212,0.455809
-248.4638,5.5013,-328.3826,0.455878
-248.4341,5.5013,-328.6431,0.455946
-248.4055,5.5013,-328.8736,0.456008
-248.3711,5.5013,-329.1315,0.456077
-248.3385,5.5013,-329.3596,0.456137
-248.2997,5.5013,-329.6147,0.456206
-248.2585,5.5013,-329.8683,0.456273
-248.2201,5.5013,-330.0925,0.456334
-248.1749,5.5013,-330.3433,0.456402
-248.1275,5.5013,-330.5925,0.456468
-248.0780,5.5013,-330.8406,0.456535
-248.0322,5.5013,-331.0604,0.456594
-247.9786,5.5013,-331.3069,0.456662
-247.9292,5.5013,-331.5256,0.456721
-247.8716,5.5013,-331.7712,0.456787
-247.8121,5.5013,-332.0164,0.456853
-247.7576,5.5013,-332.2339,0.456913
-247.6945,5.5013,-332.4783,0.456979
-247.6367,5.5013,-332.6949,0.457038
-247.5697,5.5013,-332.9383,0.457104
-247.5007,5.5013,-333.1810,0.457172
-247.4375,5.5013,-333.3962,0.457231
-247.3645,5.5013,-333.6377,0.457297
-247.2894,5.5013,-333.8785,0.457364
-247.2033,5.5013,-334.1453,0.457439
-247.1236,5.5013,-334.3846,0.457506
-247.0452,5.5208,-334.5959,0.457565
-246.9595,5.5222,-334.8332,0.457632
-246.8751,5.5236,-335.0703,0.457700
-246.7990,5.5248,-335.2814,0.457759
-246.7112,5.5260,-335.5185,0.457826
-246.6198,5.5272,-335.7545,0.457892
-246.5358,5.5283,-335.9627,0.457954
-246.4396,5.5296,-336.1952,0.458021
-246.3418,5.5305,-336.4274,0.458088
-246.2426,5.5316,-336.6591,0.458156
-246.1416,5.5326,-336.8897,0.458221
-246.0380,5.5337,-337.1193,0.458290
-245.9438,5.5345,-337.3216,0.458349
-245.8350,5.5353,-337.5485,0.458415
-245.7361,5.5360,-337.7493,0.458477
-245.6101,5.5370,-337.9983,0.458553
-245.4943,5.5375,-338.2215,0.458619
-245.3896,5.5380,-338.4187,0.458680
-245.2697,5.5386,-338.6393,0.458748
-245.1474,5.5393,-338.8584,0.458814
-245.0368,5.5395,-339.0513,0.458877
-244.9096,5.5398,-339.2672,0.458943
-244.7797,5.5401,-339.4813,0.459012
-244.6471,5.5406,-339.6933,0.459078
-244.5121,5.5408,-339.9026,0.459147
-244.3894,5.5406,-340.0876,0.459205
-244.2487,5.5406,-340.2935,0.459275
-244.1050,5.5407,-340.4971,0.459342
-243.9585,5.5408,-340.6981,0.459410
-243.8257,5.5410,-340.8745,0.459472
-243.6742,5.5408,-341.0696,0.459539
-243.5191,5.5402,-341.2631,0.459607
-243.3610,5.5396,-341.4539,0.459675
-243.2177,5.5392,-341.6210,0.459738
-243.0536,5.5389,-341.8061,0.459808
-242.9053,5.5386,-341.9679,0.459865
-242.7359,5.5385,-342.1468,0.459935
-242.5645,5.5385,-342.3220,0.460003
-242.3897,5.5377,-342.4942,0.460071
-242.2122,5.5371,-342.6629,0.460140
-242.0321,5.5365,-342.8281,0.460210
-241.8698,5.5361,-342.9719,0.460269
-241.6638,5.5357,-343.1480,0.460343
-241.4544,5.5354,-343.3205,0.460417
-241.2640,5.5349,-343.4722,0.460490
-241.0918,5.5340,-343.6054,0.460549
-240.8955,5.5331,-343.7527,0.460619
-240.6965,5.5323,-343.8971,0.460690
-240.5177,5.5316,-344.0230,0.460750
-240.3138,5.5309,-344.1620,0.460819
-240.1300,5.5304,-344.2835,0.460883
-239.9206,5.5299,-344.4177,0.460954
-239.7090,5.5292,-344.5487,0.461023
-239.4945,5.5283,-344.6771,0.461093
-239.2775,5.5276,-344.8026,0.461167
-239.0828,5.5269,-344.9113,0.461232
-238.8611,5.5259,-345.0312,0.461298
-238.6369,5.5250,-345.1482,0.461371
-238.4366,5.5239,-345.2492,0.461435
-238.2081,5.5222,-345.3601,0.461512
-238.0030,5.5207,-345.4560,0.461575
-237.7699,5.5192,-345.5608,0.461649
-237.5612,5.5180,-345.6507,0.461714
-237.3246,5.5168,-345.7483,0.461788
-237.1129,5.5158,-345.8318,0.461854
-236.8743,5.5147,-345.9221,0.461930
-236.6334,5.5129,-346.0085,0.462003
-236.4181,5.5114,-346.0821,0.462068
-236.1748,5.5097,-346.1610,0.462143
-235.9574,5.5083,-346.2278,0.462211
-235.6844,5.5067,-346.3067,0.462294
-235.4376,5.5054,-346.3735,0.462374
-235.2178,5.5013,-346.4362,0.462433
-234.9690,5.5013,-346.4956,0.462510
-234.6916,5.5013,-346.5567,0.462592
-234.4691,5.5013,-346.6020,0.462664
-234.2181,5.5013,-346.6496,0.462736
-234.2181,5.5013,-346.6496,0.462736
-233.9942,5.5013,-346.6887,0.462809
-233.7136,5.5013,-346.7332,0.462891
-233.4605,5.5013,-346.7690,0.462964
-233.2069,5.5013,-346.8006,0.463042
-232.9811,5.5013,-346.8253,0.463112
-232.7269,5.5013,-346.8495,0.463183
-232.4724,5.5013,-346.8698,0.463265
-232.1892,5.5013,-346.8877,0.463347
-231.9625,5.5013,-346.8986,0.463414
-231.7071,5.5013,-346.9071,0.463493
-231.4796,5.5013,-346.9114,0.463556
-231.2231,5.5013,-346.9125,0.463639
-230.9373,5.5013,-346.9091,0.463729
-230.7083,5.5013,-346.9028,0.463799
-230.4216,5.5013,-346.8904,0.463889
-230.1342,5.5013,-346.8731,0.463981
-229.9040,5.5013,-346.8556,0.464048
-229.6446,5.5013,-346.8321,0.464141
-229.3849,5.5013,-346.8044,0.464220
-229.3849,5.5013,-346.8044,0.464220
-229.1251,5.5013,-346.7726,0.464310
-228.8940,5.5013,-346.7407,0.464392
-228.6343,5.5013,-346.7009,0.464484
-228.3751,5.5013,-346.6568,0.464571
-228.0876,5.5013,-346.6028,0.464675
-227.8009,5.5013,-346.5437,0.464782
-227.8009,5.5013,-346.5437,0.464782
-227.5435,5.5013,-346.4861,0.464883
-227.3152,5.5013,-346.4313,0.464969
-227.0589,5.5013,-346.3658,0.465065
-226.8027,5.5013,-346.2961,0.465166
-226.5751,5.5013,-346.2308,0.465244
-226.3193,5.5013,-346.1534,0.465348
-226.0635,5.5013,-346.0719,0.465665
-225.3248,5.5013,-345.8145,0.465763
-225.0691,5.5013,-345.7180,0.465876
-224.8417,5.5013,-345.6291,0.465978
-224.5858,5.5013,-345.5256,0.466091
-224.3298,5.5013,-345.4185,0.466204
-224.1023,5.5013,-345.3203,0.466312
-223.8463,5.5013,-345.2065,0.466432
-223.5904,5.5013,-345.0892,0.466551
-223.3630,5.5013,-344.9820,0.466669
-223.1073,5.5013,-344.8580,0.466805
-222.8519,5.5013,-344.7304,0.466957
-222.6251,5.5013,-344.6140,0.467085
-222.3701,5.5013,-344.4796,0.467253
-222.0873,5.5013,-344.3258,0.467438
-221.8613,5.5013,-344.1995,0.467598
-221.5792,5.5013,-344.0376,0.467806
-221.3257,5.5013,-343.8878,0.468005
-221.1007,5.5013,-343.7515,0.468205
-220.8481,5.5013,-343.5945,0.468412
-220.5680,5.5013,-343.4157,0.468632
-220.3166,5.5013,-343.2507,0.468792
-220.0937,5.5013,-343.1008,0.468947
-219.8436,5.5013,-342.9286,0.469089
-219.6218,5.5013,-342.7722,0.469198
-219.3730,5.5013,-342.5929,0.469344
-219.1248,5.5013,-342.4098,0.469459
-218.8772,5.5013,-342.2231,0.469574
-218.6302,5.5013,-342.0328,0.469697
-218.3837,5.5013,-341.8391,0.469815
-218.1650,5.5013,-341.6640,0.469908
-217.9194,5.5013,-341.4639,0.469918
-217.4564,5.5013,-341.0768,0.470232
-217.2388,5.5013,-340.8905,0.470321
-216.9941,5.5013,-340.6779,0.470432
-216.7495,5.5013,-340.4620,0.470541
-216.5321,5.5013,-340.2674,0.470639
-216.2874,5.5013,-340.0455,0.470746
-216.0425,5.5013,-339.8204,0.470858
-215.7973,5.5013,-339.5921,0.470965
-215.5791,5.5013,-339.3865,0.471053
-215.3334,5.5013,-339.1524,0.471165
-215.0874,5.5013,-338.9152,0.471277
-214.8411,5.5013,-338.6749,0.471386
-214.6219,5.5013,-338.4587,0.471474
-214.3747,5.5013,-338.2127,0.471588
-214.1270,5.5013,-337.9637,0.471691
-213.9063,5.5013,-337.7398,0.471786
-213.6572,5.5013,-337.4853,0.471900
-213.4351,5.5013,-337.2567,0.471996
-213.1843,5.5013,-336.9969,0.472103
-212.9326,5.5013,-336.7344,0.472218
-212.7080,5.5013,-336.4989,0.472311
-212.4543,5.5013,-336.2315,0.472421
-212.1994,5.5013,-335.9615,0.472526
-211.9431,5.5013,-335.6888,0.472633
-211.6854,5.5013,-335.4134,0.472752
-211.4553,5.5013,-335.1664,0.472844
-211.1950,5.5013,-334.8863,0.472955
-210.9624,5.5013,-334.6351,0.473049
-210.6995,5.5013,-334.3502,0.473164
-210.4350,5.5013,-334.0629,0.473272
-210.1988,5.5013,-333.8054,0.473370
-209.9317,5.5013,-333.5134,0.473480
-209.6631,5.5013,-333.2190,0.473590
-209.4231,5.5013,-332.9552,0.473687
-209.1518,5.5013,-332.6562,0.473798
-208.9093,5.5013,-332.3882,0.473898
-208.6349,5.5013,-332.0844,0.474014
-208.3590,5.5013,-331.7780,0.474122
-208.0816,5.5013,-331.4689,0.474242
-207.8026,5.5013,-331.1572,0.474354
-207.5533,5.5013,-330.8779,0.474453
-207.2714,5.5013,-330.5612,0.474567
-206.9565,5.5013,-330.2062,0.474694
-206.7031,5.5013,-329.9198,0.474799
-206.4168,5.5013,-329.5951,0.474922
-206.1610,5.5013,-329.3042,0.475016
-205.8719,5.5013,-328.9744,0.475143
-205.6136,5.5013,-328.6789,0.475247
-205.3217,5.5013,-328.3439,0.475362
-205.0283,5.5013,-328.0062,0.475483
-204.7333,5.5013,-327.6656,0.475601
-204.4367,5.5013,-327.3221,0.475724
-204.1383,5.5013,-326.9759,0.475848
-203.8382,5.5013,-326.6267,0.475964
-203.5362,5.5013,-326.2747,0.476085
-203.2663,5.5013,-325.9595,0.476196
-202.9608,5.5013,-325.6022,0.476322
-202.6534,5.5013,-325.2422,0.476444
-202.3441,5.5013,-324.8794,0.476568
-201.9981,5.5013,-324.4731,0.476708
-201.7197,5.5013,-324.1455,0.476821
-201.4047,5.5013,-323.7744,0.476948
-201.1232,5.5013,-323.4421,0.477061
-200.8047,5.5013,-323.0657,0.477190
-200.4842,5.5013,-322.6863,0.477322
-200.1618,5.5013,-322.3041,0.477451
-199.8374,5.5013,-321.9191,0.477581
-199.5107,5.5013,-321.5313,0.477709
-199.1817,5.5013,-321.1408,0.477843
-198.8872,5.5013,-320.7916,0.477960
-198.5535,5.5013,-320.3962,0.478094
-198.2171,5.5013,-319.9985,0.478226
-197.9159,5.5013,-319.6429,0.478349
-197.5747,5.5013,-319.2405,0.478479
-197.2693,5.5013,-318.8809,0.478598
-196.9233,5.5013,-318.4739,0.478736
-196.5747,5.5013,-318.0644,0.478869
-196.2625,5.5013,-317.6982,0.478990
-195.8693,5.5013,-317.2375,0.479139
-195.5520,5.5013,-316.8664,0.479263
-195.1924,5.5013,-316.4463,0.479402
-194.8298,5.5013,-316.0234,0.479540
-194.4641,5.5013,-315.5977,0.479682
-194.1366,5.5013,-315.2169,0.479807
-193.7653,5.5013,-314.7858,0.479950
-193.4327,5.5013,-314.4003,0.480074
-193.0557,5.5013,-313.9640,0.480216
-192.6758,5.5013,-313.5250,0.480363
-192.3355,5.5013,-313.1323,0.480486
-191.9500,5.5013,-312.6880,0.480633
-191.5615,5.5013,-312.2408,0.480781
-191.2139,5.5013,-311.8409,0.480913
-190.8201,5.5013,-311.3884,0.481057
-190.4236,5.5013,-310.9331,0.481211
-190.0242,5.5013,-310.4749,0.481355
-189.6221,5.5013,-310.0139,0.481506
-189.2172,5.5013,-309.5501,0.481659
-188.7641,5.5013,-309.0315,0.481826
-188.3991,5.5013,-308.6141,0.481965
-187.9858,5.5013,-308.1418,0.482120
-187.6162,5.5013,-307.7197,0.482259
-187.1978,5.5013,-307.2420,0.482412
-186.8235,5.5013,-306.8151,0.482554
-186.3999,5.5013,-306.3321,0.482712
-185.9736,5.5013,-305.8463,0.482872
-185.5923,5.5013,-305.4120,0.483016
-185.1609,5.5013,-304.9208,0.483177
-184.7269,5.5013,-304.4270,0.483339
-184.3389,5.5013,-303.9858,0.483482
-183.9002,5.5013,-303.4871,0.483647
-183.4591,5.5013,-302.9859,0.483817
-183.0649,5.5013,-302.5384,0.483963
-182.6194,5.5013,-302.0328,0.484123
-182.1714,5.5013,-301.5247,0.484295
-181.7714,5.5013,-301.0712,0.484449
-181.3192,5.5013,-300.5587,0.484613
-180.8647,5.5013,-300.0438,0.484784
-180.4587,5.5013,-299.5842,0.484938
-179.9999,5.5013,-299.0649,0.485111
-179.5901,5.5013,-298.6013,0.485266
-179.1269,5.5013,-298.0776,0.485441
-178.7132,5.5013,-297.6101,0.485600
-178.2458,5.5013,-297.0820,0.485771
-177.7760,5.5013,-296.5515,0.485952
-177.3039,5.5013,-296.0188,0.486128
-176.8294,5.5013,-295.4837,0.486305
-176.4058,5.5013,-295.0061,0.486466
-175.9803,5.5013,-294.5268,0.486625
-175.4995,5.5013,-293.9855,0.486808
-175.0163,5.5013,-293.4419,0.486991
-174.5848,5.5013,-292.9569,0.487150
-174.0972,5.5013,-292.4092,0.487337
-173.6618,5.5013,-291.9206,0.487499
-173.1149,5.5013,-291.3074,0.487708
-172.6202,5.5013,-290.7534,0.487893
-172.1786,5.5013,-290.2590,0.488055
-171.6796,5.5013,-289.7008,0.488245
-171.2340,5.5013,-289.2029,0.488412
-170.7305,5.5013,-288.6407,0.488601
-170.2247,5.5013,-288.0766,0.488793
-169.7730,5.5013,-287.5734,0.488958
-169.2627,5.5013,-287.0052,0.489156
-168.6930,5.5013,-286.3716,0.489364
-168.2350,5.5013,-285.8628,0.489535
-167.7177,5.5013,-285.2886,0.489730
-167.1400,5.5013,-284.6481,0.489944
-166.6177,5.5013,-284.0696,0.490146
-166.0930,5.5013,-283.4890,0.490338
-165.6245,5.5013,-282.9713,0.490513
-165.0953,5.5013,-282.3870,0.490709
-164.6228,5.5013,-281.8660,0.490885
-164.0889,5.5013,-281.2779,0.491084
-163.5524,5.5013,-280.6880,0.491283
-163.0132,5.5013,-280.0964,0.491485
-162.4714,5.5013,-279.5030,0.491687
-161.9269,5.5013,-278.9078,0.491886
-161.3187,5.5013,-278.2446,0.492114
-160.7072,5.5013,-277.5793,0.492337
-160.2156,5.5013,-277.0456,0.492519
-159.6600,5.5013,-276.4437,0.492726
-159.1641,5.5013,-275.9072,0.492906
-158.6037,5.5013,-275.3022,0.493117
-158.1035,5.5013,-274.7629,0.493298
-157.5385,5.5013,-274.1547,0.493507
-157.0340,5.5013,-273.6126,0.493692
-156.4643,5.5013,-273.0011,0.493905
-155.8920,5.5013,-272.3879,0.494110
-155.3812,5.5013,-271.8415,0.494304
-154.7400,5.5013,-271.1565,0.494536
-154.1602,5.5013,-270.5382,0.494753
-153.6428,5.5013,-269.9872,0.494942
-153.0582,5.5013,-269.3658,0.495162
-152.4057,5.5013,-268.6733,0.495400
-151.8158,5.5013,-268.0484,0.495615
-151.2233,5.5013,-267.4218,0.495835
-150.5620,5.5013,-266.7236,0.496080
-149.8976,5.5013,-266.0235,0.496323
-149.3638,5.5013,-265.4620,0.496517
-148.7609,5.5013,-264.8287,0.496742
-148.1555,5.5013,-264.1939,0.496961
-147.6152,5.5013,-263.6283,0.497159
-146.9369,5.5013,-262.9196,0.497408
-146.2555,5.5013,-262.2090,0.497662
-145.6394,5.5013,-261.5679,0.497890
-145.0209,5.5013,-260.9253,0.498116
-144.3305,5.5013,-260.2095,0.498372
-143.6369,5.5013,-259.4920,0.498626
-142.9402,5.5013,-258.7726,0.498880
-142.3104,5.5013,-258.1237,0.499108
-141.6780,5.5013,-257.4734,0.499337
-141.1138,5.5013,-256.8941,0.499542
-140.4057,5.5013,-256.1684,0.499801
-139.7658,5.5013,-255.5137,0.500037
-139.1234,5.5013,-254.8576,0.500271
-138.5503,5.5013,-254.2732,0.500474
-137.8313,5.5013,-253.5410,0.500743
-137.1094,5.5013,-252.8070,0.501006
-136.3844,5.5013,-252.0712,0.501266
-135.7294,5.5013,-251.4074,0.501501
-135.1452,5.5013,-250.8162,0.501715
-134.4858,5.5013,-250.1499,0.501954
-133.8978,5.5013,-249.5565,0.502171
-133.2341,5.5013,-248.8875,0.502407
-132.6422,5.5013,-248.2918,0.502623
-131.9741,5.5013,-247.6203,0.502864
-131.3783,5.5013,-247.0223,0.503083
-130.7058,5.5013,-246.3484,0.503321
-130.0310,5.5013,-245.6732,0.503567
-129.4293,5.5013,-245.0719,0.503780
-128.7501,5.5013,-244.3942,0.504026
-128.1446,5.5013,-243.7907,0.504249
-127.4612,5.5013,-243.1107,0.504492
-126.8519,5.5013,-242.5051,0.504709
-126.0878,5.5013,-241.7466,0.504982
-125.3212,5.5013,-240.9865,0.505259
-124.6289,5.5013,-240.3010,0.505508
-124.0119,5.5013,-239.6905,0.505730
-123.3158,5.5013,-239.0024,0.505980
-122.6954,5.5013,-238.3896,0.506204
-121.9971,5.5013,-237.7002,0.506452
-121.2994,5.5013,-237.0117,0.506703
-120.6012,5.5013,-236.3232,0.506955
-119.8250,5.5013,-235.5580,0.507233
-119.2040,5.5013,-234.9462,0.507453
-118.5042,5.5013,-234.2568,0.507702
-117.8808,5.5013,-233.6430,0.507927
-117.1781,5.5013,-232.9513,0.508178
-116.5521,5.5013,-232.3354,0.508403
-115.8464,5.5013,-231.6414,0.508658
-115.2179,5.5013,-231.0234,0.508883
-114.5093,5.5013,-230.3271,0.509140
-113.8782,5.5013,-229.7070,0.509362
-113.1668,5.5013,-229.0082,0.509614
-112.4539,5.5013,-228.3082,0.509869
-111.8189,5.5013,-227.6849,0.510100
-111.1031,5.5013,-226.9826,0.510357
-110.4656,5.5013,-226.3573,0.510583
-109.6671,5.5013,-225.5743,0.510870
-108.9469,5.5013,-224.8683,0.511125
-108.1450,5.5013,-224.0824,0.511412
-107.3411,5.5013,-223.2951,0.511700
-106.5355,5.5013,-222.5062,0.511992
-105.7281,5.5013,-221.7159,0.512275
-104.9188,5.5013,-220.9241,0.512569
-104.1077,5.5013,-220.1308,0.512856
-103.3762,5.5013,-219.4155,0.513119
-102.7247,5.5013,-218.7788,0.513349
-101.9904,5.5013,-218.0613,0.513613
-101.3364,5.5013,-217.4225,0.513846
-100.6813,5.5013,-216.7828,0.514079
-99.9430,5.5013,-216.0620,0.514343
-99.1208,5.5013,-215.2598,0.514634
-98.2969,5.5013,-214.4561,0.514930
-97.4713,5.5013,-213.6509,0.515222
-96.6438,5.5013,-212.8443,0.515520
-95.8975,5.5013,-212.1172,0.515786
-95.0667,5.5013,-211.3079,0.516087
-94.2340,5.5013,-210.4971,0.516380
-93.3996,5.5013,-209.6850,0.516674
-92.6472,5.5013,-208.9528,0.516948
-91.9771,5.5013,-208.3010,0.517181
-91.2219,5.5013,-207.5667,0.517452
-90.4653,5.5013,-206.8312,0.517721
-89.6230,5.5013,-206.0127,0.518022
-88.7789,5.5013,-205.1928,0.518325
-87.9330,5.5013,-204.3715,0.518626
-87.1703,5.5013,-203.6312,0.518896
-86.3211,5.5013,-202.8072,0.519197
-85.4702,5.5013,-201.9819,0.519501
-84.6176,5.5013,-201.1552,0.519806
-83.9342,5.5013,-200.4929,0.520046
-83.0785,5.5013,-199.6638,0.520348
-82.3069,5.5013,-198.9164,0.520627
-81.6198,5.5013,-198.2511,0.520869
-80.7594,5.5013,-197.4182,0.521175
-79.8974,5.5013,-196.5841,0.521481
-79.2065,5.5013,-195.9158,0.521727
-78.3415,5.5013,-195.0793,0.522037
-77.4748,5.5013,-194.2415,0.522345
-76.6934,5.5013,-193.4864,0.522623
-75.9107,5.5013,-192.7303,0.522898
-75.0395,5.5013,-191.8890,0.523209
-74.1668,5.5013,-191.0466,0.523517
-73.2925,5.5013,-190.2029,0.523831
-72.5043,5.5013,-189.4426,0.524109
-71.6271,5.5013,-188.5967,0.524420
-70.9241,5.5013,-187.9191,0.524670
-70.0441,5.5013,-187.0711,0.524981
-69.1624,5.5013,-186.2220,0.525297
-68.4560,5.5013,-185.5418,0.525546
-67.5715,5.5013,-184.6906,0.525860
-66.8628,5.5013,-184.0089,0.526108
-66.0644,5.5013,-183.2412,0.526393
-65.2648,5.5013,-182.4728,0.526677
-64.3751,5.5013,-181.6182,0.526995
-63.5733,5.5013,-180.8484,0.527276
-62.6813,5.5013,-179.9927,0.527597
-61.7885,5.5013,-179.1367,0.527913
-61.0736,5.5013,-178.4518,0.528164
-60.2690,5.5013,-177.6814,0.528450
-59.3746,5.5013,-176.8257,0.528767
-58.6590,5.5013,-176.1415,0.529020
-57.7647,5.5013,-175.2872,0.529334
-56.8711,5.5013,-174.4341,0.529651
-55.9784,5.5013,-173.5827,0.529967
-55.1759,5.5013,-172.8180,0.530251
-54.3744,5.5013,-172.0550,0.530535
-53.4853,5.5013,-171.2092,0.530848
-52.5977,5.5013,-170.3657,0.531162
-51.8002,5.5013,-169.6085,0.531443
-51.0923,5.5013,-168.9370,0.531692
-50.2970,5.5013,-168.1832,0.531975
-49.4147,5.5013,-167.3478,0.532283
-48.5339,5.5013,-166.5147,0.532593
-47.7425,5.5013,-165.7668,0.532871
-46.8645,5.5013,-164.9379,0.533180
-46.1632,5.5013,-164.2763,0.533425
-45.2878,5.5013,-163.4514,0.533732
-44.5012,5.5013,-162.7108,0.534008
-43.7158,5.5013,-161.9721,0.534283
-42.8445,5.5013,-161.1533,0.534587
-42.0616,5.5013,-160.4182,0.534861
-41.1930,5.5013,-159.6036,0.535168
-40.4125,5.5013,-158.8723,0.535438
-39.5467,5.5013,-158.0617,0.535742
-38.6823,5.5013,-157.2533,0.536044
-37.9056,5.5013,-156.5276,0.536316
-37.1300,5.5013,-155.8036,0.536583
-36.3556,5.5013,-155.0813,0.536859
-35.4965,5.5013,-154.2807,0.537154
-34.6389,5.5013,-153.4821,0.537456
-33.9539,5.5013,-152.8448,0.537693
-33.0989,5.5013,-152.0500,0.537989
-32.3308,5.5013,-151.3364,0.538258
-31.5638,5.5013,-150.6244,0.538526
-30.7131,5.5013,-149.8352,0.538820
-29.9487,5.5013,-149.1265,0.539084
-29.1856,5.5013,-148.4194,0.539351
-28.5084,5.5013,-147.7922,0.539587
-27.6633,5.5013,-147.0099,0.539881
-26.8197,5.5013,-146.2294,0.540171
-26.0619,5.5013,-145.5285,0.540434
-25.2214,5.5013,-144.7514,0.540728
-24.4663,5.5013,-144.0536,0.540989
-23.6288,5.5013,-143.2799,0.541280
-22.8765,5.5013,-142.5850,0.541542
-22.0422,5.5013,-141.8146,0.541831
-21.2927,5.5013,-141.1227,0.542088
-20.5445,5.5013,-140.4321,0.542351
-19.8806,5.5013,-139.8193,0.542574
-19.1350,5.5013,-139.1313,0.542839
-18.3081,5.5013,-138.3683,0.543123
-17.4829,5.5013,-137.6070,0.543411
-16.6593,5.5013,-136.8472,0.543697
-15.9196,5.5013,-136.1648,0.543951
-15.0993,5.5013,-135.4081,0.544237
-14.2807,5.5013,-134.6528,0.544520
-13.4639,5.5013,-133.8990,0.544804
-12.7302,5.5013,-133.2220,0.545060
-11.9979,5.5013,-132.5461,0.545314
-11.3482,5.5013,-131.9462,0.545537
-10.5376,5.5013,-131.1978,0.545822
-9.8903,5.5013,-130.6001,0.546043
-9.1635,5.5013,-129.9288,0.546293
-8.3577,5.5013,-129.1841,0.546574
-7.6339,5.5013,-128.5151,0.546823
-6.8315,5.5013,-127.7731,0.547102
-6.0308,5.5013,-127.0324,0.547381
-5.3118,5.5013,-126.3669,0.547631
-4.5147,5.5013,-125.6287,0.547908
-3.8782,5.5013,-125.0390,0.548124
-3.0844,5.5013,-124.3031,0.548404
-2.2923,5.5013,-123.5684,0.548678
-1.6600,5.5013,-122.9815,0.548898
-0.8712,5.5013,-122.2490,0.549173
-0.0842,5.5013,-121.5178,0.549445
0.7010,5.5013,-120.7878,0.549718
1.4844,5.5013,-120.0590,0.549992
2.1879,5.5013,-119.4041,0.550233
2.9678,5.5013,-118.6776,0.550508
3.7460,5.5013,-117.9522,0.550776
4.5223,5.5013,-117.2281,0.551045
5.2196,5.5013,-116.5774,0.551289
5.9925,5.5013,-115.8556,0.551556
6.7637,5.5013,-115.1349,0.551823
7.4563,5.5013,-114.4873,0.552064
8.2242,5.5013,-113.7689,0.552331
9.0668,5.5013,-112.9799,0.552624
9.8310,5.5013,-112.2640,0.552888
10.5173,5.5013,-111.6206,0.553130
11.2781,5.5013,-110.9069,0.553394
11.9614,5.5013,-110.2655,0.553630
12.7190,5.5013,-109.5540,0.553897
13.4749,5.5013,-108.8437,0.554159
14.2290,5.5013,-108.1345,0.554423
14.9815,5.5013,-107.4265,0.554686
15.6572,5.5013,-106.7902,0.554921
16.4064,5.5013,-106.0844,0.555182
17.0793,5.5013,-105.4501,0.555419
17.6762,5.5013,-104.8871,0.555627
18.4209,5.5013,-104.1843,0.555886
19.0155,5.5013,-103.6230,0.556095
19.7572,5.5013,-102.9224,0.556357
20.4234,5.5013,-102.2928,0.556589
21.1621,5.5013,-101.5944,0.556848
21.8992,5.5013,-100.8972,0.557103
22.6347,5.5013,-100.2011,0.557363
23.3686,5.5013,-99.5063,0.557619
24.0279,5.5013,-98.8820,0.557849
24.7589,5.5013,-98.1895,0.558108
25.4156,5.5013,-97.5673,0.558336
25.9982,5.5013,-97.0150,0.558541
26.6526,5.5013,-96.3947,0.558771
27.3782,5.5013,-95.7066,0.559026
28.0301,5.5013,-95.0884,0.559254
28.7529,5.5013,-94.4027,0.559508
29.4743,5.5013,-93.7183,0.559763
30.1943,5.5013,-93.0351,0.560017
30.9129,5.5013,-92.3532,0.560268
31.5583,5.5013,-91.7406,0.560496
32.2027,5.5013,-91.1291,0.560721
32.9172,5.5013,-90.4509,0.560971
33.4878,5.5013,-89.9093,0.561172
34.1286,5.5013,-89.3010,0.561399
34.6972,5.5013,-88.7613,0.561599
35.3356,5.5013,-88.1552,0.561824
35.9021,5.5013,-87.6175,0.562023
36.6087,5.5013,-86.9468,0.562270
37.3136,5.5013,-86.2776,0.562520
38.0168,5.5013,-85.6102,0.562768
38.6481,5.5013,-85.0109,0.562987
39.3477,5.5013,-84.3468,0.563234
39.9758,5.5013,-83.7506,0.563454
40.5326,5.5013,-83.2221,0.563650
41.0879,5.5013,-82.6950,0.563844
41.7800,5.5013,-82.0381,0.564090
42.4007,5.5013,-81.4491,0.564307
42.9506,5.5013,-80.9272,0.564501
43.5670,5.5013,-80.3422,0.564719
44.1128,5.5013,-79.8242,0.564910
44.7921,5.5013,-79.1797,0.565147
45.3330,5.5013,-78.6664,0.565340
46.0059,5.5013,-78.0279,0.565579
46.6751,5.5013,-77.3930,0.565812
47.3402,5.5013,-76.7619,0.566047
48.0012,5.5013,-76.1348,0.566278
48.6579,5.5013,-75.5117,0.566511
49.1801,5.5013,-75.0163,0.566694
49.8289,5.5013,-74.4008,0.566922
50.4732,5.5013,-73.7896,0.567149
50.9853,5.5013,-73.3038,0.567328
51.5580,5.5013,-72.7606,0.567532
52.1269,5.5013,-72.2210,0.567731
52.6921,5.5013,-71.6849,0.567931
53.3157,5.5013,-71.0934,0.568149
53.9347,5.5013,-70.5064,0.568368
54.4878,5.5013,-69.9819,0.568564
55.0978,5.5013,-69.4033,0.568777
55.7031,5.5013,-68.8294,0.568990
56.1839,5.5013,-68.3736,0.569159
56.7803,5.5013,-67.8082,0.569372
57.2539,5.5013,-67.3593,0.569540
57.7826,5.5013,-66.8581,0.569727
58.3649,5.5013,-66.3063,0.569932
58.8266,5.5013,-65.8688,0.570095
59.3412,5.5013,-65.3811,0.570276
59.7943,5.5013,-64.9517,0.570436
60.3543,5.5013,-64.4207,0.570635
60.9068,5.5013,-63.8964,0.570832
61.4514,5.5013,-63.3789,0.571027
61.8808,5.5013,-62.9701,0.571176
62.4099,5.5013,-62.4653,0.571364
62.8267,5.5013,-62.0664,0.571514
63.3905,5.5013,-61.5251,0.571716
63.8435,5.5013,-61.0883,0.571879
64.2891,5.5013,-60.6570,0.572040
64.7273,5.5013,-60.2310,0.572200
65.1103,5.5013,-59.8568,0.572339
65.5340,5.5013,-59.4406,0.572493
65.9500,5.5013,-59.0295,0.572645
66.3580,5.5013,-58.6235,0.572798
66.7582,5.5013,-58.2223,0.572945
67.1944,5.5013,-57.7813,0.573108
67.5399,5.5013,-57.4292,0.573238
67.9666,5.5013,-56.9911,0.573400
68.3855,5.5013,-56.5571,0.573559
68.7954,5.5013,-56.1278,0.573718
69.1170,5.5013,-55.7877,0.573842
69.5112,5.5013,-55.3668,0.573995
69.8206,5.5013,-55.0336,0.574117
70.1623,5.5013,-54.6623,0.574252
70.4603,5.5013,-54.3355,0.574372
70.8251,5.5013,-53.9313,0.574520
71.1465,5.5013,-53.5715,0.574649
71.4276,5.5013,-53.2537,0.574766
71.7416,5.5013,-52.8954,0.574900
72.0897,5.5013,-52.4947,0.575047
72.4000,5.5013,-52.1342,0.575180
72.7402,5.5013,-51.7346,0.575328
73.0755,5.5013,-51.3364,0.575472
73.4061,5.5013,-50.9397,0.575616
73.6998,5.5013,-50.5840,0.575746
73.9579,5.5013,-50.2688,0.575864
74.2449,5.5013,-49.9153,0.575988
74.4968,5.5013,-49.6021,0.576103
74.7767,5.5013,-49.2509,0.576227
75.0833,5.5013,-48.8623,0.576368
75.3850,5.5013,-48.4757,0.576506
75.6815,5.5013,-48.0913,0.576642
75.9727,5.5013,-47.7092,0.576779
76.2016,5.5013,-47.4052,0.576885
76.4549,5.5013,-47.0650,0.577003
76.6761,5.5013,-46.7641,0.577107
76.9206,5.5013,-46.4274,0.577224
77.1603,5.5013,-46.0923,0.577338
77.3952,5.5013,-45.7590,0.577453
77.5999,5.5013,-45.4641,0.577553
77.8258,5.5013,-45.1338,0.577666
78.0228,5.5013,-44.8413,0.577765
78.2642,5.5013,-44.4771,0.577888
78.4767,5.5013,-44.1507,0.577994
78.6619,5.5013,-43.8616,0.578091
78.8660,5.5013,-43.5376,0.578196
79.0437,5.5013,-43.2507,0.578290
79.2610,5.5013,-42.8936,0.578405
79.4310,5.5013,-42.6091,0.578497
79.6181,5.5013,-42.2904,0.578598
79.7807,5.5013,-42.0083,0.578687
79.9597,5.5013,-41.6922,0.578785
80.1152,5.5013,-41.4122,0.578875
80.2864,5.5013,-41.0982,0.578969
80.4536,5.5013,-40.7848,0.579065
80.6170,5.5013,-40.4718,0.579159
80.7590,5.5013,-40.1937,0.579242
80.9322,5.5013,-39.8463,0.579346
81.0838,5.5013,-39.5338,0.579438
81.2151,5.5013,-39.2561,0.579519
81.3745,5.5013,-38.9095,0.579619
81.4980,5.5013,-38.6328,0.579700
81.6325,5.5013,-38.3228,0.579790
81.7480,5.5013,-38.0484,0.579868
81.8734,5.5013,-37.7411,0.579955
81.9810,5.5013,-37.4693,0.580032
82.0977,5.5013,-37.1650,0.580117
82.1978,5.5013,-36.8959,0.580193
82.3064,5.5013,-36.5944,0.580276
82.4111,5.5013,-36.2934,0.580360
82.5233,5.5013,-35.9591,0.580452
82.6206,5.5013,-35.6581,0.580534
82.7248,5.5013,-35.3236,0.580624
82.8149,5.5013,-35.0222,0.580708
82.9111,5.5013,-34.6872,0.580798
82.9940,5.5013,-34.3855,0.580881
83.0648,5.5013,-34.1172,0.580953
83.1412,5.5013,-33.8150,0.581035
83.2062,5.5013,-33.5463,0.581105
83.2759,5.5013,-33.2438,0.581189
83.3422,5.5013,-32.9411,0.581270
83.3982,5.5013,-32.6720,0.581342
83.4580,5.5013,-32.3692,0.581423
83.5083,5.5013,-32.0999,0.581494
83.5617,5.5013,-31.7971,0.581576
83.6117,5.5013,-31.4942,0.581656
83.6584,5.5013,-31.1914,0.581737
83.7063,5.5013,-30.8551,0.581825
83.7416,5.5013,-30.5862,0.581896
83.7782,5.5013,-30.2838,0.581976
83.8078,5.5013,-30.0153,0.582047
83.8410,5.5013,-29.6798,0.582135
83.8698,5.5013,-29.3447,0.582223
83.8922,5.5013,-29.0435,0.582304
83.9091,5.5013,-28.7761,0.582373
83.9250,5.5013,-28.4755,0.582452
83.9375,5.5013,-28.1754,0.582532
83.9458,5.5013,-27.9092,0.582602
83.9473,5.5074,-27.5723,0.582690
83.9491,5.5124,-27.3071,0.582760
83.9490,5.5181,-27.0096,0.582839
83.9410,5.5195,-26.6853,0.582926
83.9442,5.5209,-26.4171,0.582995
83.9381,5.5240,-26.1199,0.583072
83.9246,5.5255,-25.8267,0.583150
83.9101,5.5265,-25.4975,0.583236
83.8961,5.5262,-25.2343,0.583304
83.8776,5.5266,-24.9416,0.583380
83.8595,5.5271,-24.6814,0.583450
83.8366,5.5276,-24.3900,0.583526
83.8129,5.5278,-24.1295,0.583594
83.7841,5.5289,-23.8420,0.583671
83.7546,5.5297,-23.5850,0.583739
83.7192,5.5292,-23.2981,0.583816
83.6840,5.5288,-23.0427,0.583884
83.6415,5.5293,-22.7548,0.583960
83.5903,5.5307,-22.4372,0.584045
83.5470,5.5319,-22.1834,0.584113
83.4962,5.5326,-21.8976,0.584189
83.4420,5.5341,-21.6115,0.584265
83.3940,5.5319,-21.3549,0.584334
83.3341,5.5353,-21.0682,0.584411
83.2708,5.5387,-20.7813,0.584488
83.2052,5.5421,-20.4940,0.584565
83.1373,5.5455,-20.2057,0.584643
83.0751,5.5485,-19.9487,0.584712
83.0027,5.5519,-19.6584,0.584790
82.9276,5.5553,-19.3671,0.584869
82.8499,5.5587,-19.0750,0.584946
82.7788,5.5618,-18.8143,0.585017
82.6968,5.5653,-18.5200,0.585097
82.6126,5.5688,-18.2245,0.585176
82.5359,5.5718,-17.9607,0.585247
82.4473,5.5753,-17.6629,0.585328
82.3563,5.5788,-17.3637,0.585409
82.2631,5.5824,-17.0632,0.585491
82.1783,5.5855,-16.7949,0.585562
82.0808,5.5891,-16.4917,0.585647
81.9812,5.5927,-16.1870,0.585729
81.8793,5.5963,-15.8808,0.585813
81.7868,5.5995,-15.6073,0.585889
81.6807,5.6031,-15.2983,0.585973
81.5724,5.6068,-14.9877,0.586058
81.4744,5.6100,-14.7103,0.586134
81.3621,5.6137,-14.3966,0.586221
81.2605,5.6170,-14.1163,0.586298
81.1310,5.6211,-13.7640,0.586396
81.0121,5.6249,-13.4451,0.586484
80.8910,5.6286,-13.1245,0.586573
80.7815,5.6320,-12.8380,0.586651
80.6562,5.6358,-12.5143,0.586742
80.5429,5.6392,-12.2251,0.586821
80.4132,5.6430,-11.8982,0.586912
80.2812,5.6469,-11.5698,0.587006
80.1618,5.6504,-11.2765,0.587086
80.0097,5.6547,-10.9078,0.587190
79.8858,5.6582,-10.6113,0.587276
79.7439,5.6622,-10.2759,0.587371
79.6156,5.6657,-9.9761,0.587456
79.4687,5.6697,-9.6369,0.587553
79.3023,5.6742,-9.2577,0.587662
79.1667,5.6779,-8.9526,0.587749
79.0117,5.6820,-8.6079,0.587847
78.8715,5.6856,-8.3000,0.587936
78.7113,5.6898,-7.9524,0.588037
78.5483,5.6939,-7.6033,0.588139
78.4012,5.6977,-7.2920,0.588228
78.2333,5.7019,-6.9409,0.588332
78.0819,5.7057,-6.6282,0.588425
77.9090,5.7099,-6.2757,0.588526
77.7336,5.7142,-5.9226,0.588633
77.5756,5.7180,-5.6083,0.588724
77.3752,5.7228,-5.2153,0.588839
77.1717,5.7276,-4.8219,0.588959
77.0067,5.7315,-4.5071,0.589053
76.8186,5.7358,-4.1526,0.589159
76.6492,5.7397,-3.8375,0.589257
76.4561,5.7441,-3.4827,0.589365
76.2823,5.7480,-3.1670,0.589460
76.0842,5.7525,-2.8116,0.589568
75.8833,5.7569,-2.4557,0.589680
75.7024,5.7609,-2.1390,0.589775
75.4730,5.7659,-1.7425,0.589899
75.2635,5.7705,-1.3850,0.590011
75.0748,5.7745,-1.0667,0.590110
74.8356,5.7797,-0.6681,0.590233
74.6171,5.7843,-0.3088,0.590348
74.4205,5.7884,0.0110,0.590446
74.1964,5.7931,0.3714,0.590561
73.9693,5.7978,0.7322,0.590675
73.7649,5.8020,1.0534,0.590776
73.5320,5.8068,1.4154,0.590891
73.2961,5.8116,1.7781,0.591007
73.0837,5.8159,2.1012,0.591112
72.8419,5.8208,2.4655,0.591230
72.5968,5.8258,2.8310,0.591348
72.3486,5.8307,3.1977,0.591465
72.0971,5.8358,3.5659,0.591585
71.8709,5.8402,3.8944,0.591691
71.6133,5.8454,4.2652,0.591814
71.3815,5.8500,4.5962,0.591919
71.1175,5.8552,4.9701,0.592043
70.8799,5.8598,5.3039,0.592152
70.6091,5.8652,5.6810,0.592275
70.3655,5.8700,6.0176,0.592386
70.0879,5.8754,6.3978,0.592510
69.8067,5.8809,6.7797,0.592635
69.5217,5.8864,7.1635,0.592762
69.2330,5.8920,7.5493,0.592887
68.9407,5.8978,7.9370,0.593014
68.6449,5.9035,8.3268,0.593141
68.3791,5.9087,8.6752,0.593257
68.0768,5.9145,9.0692,0.593386
67.8053,5.9199,9.4212,0.593500
67.4969,5.9259,9.8195,0.593635
67.1852,5.9320,10.2201,0.593768
66.8703,5.9381,10.6232,0.593902
66.5878,5.9437,10.9835,0.594022
66.2672,5.9501,11.3912,0.594158
65.9436,5.9565,11.8013,0.594294
65.6171,5.9630,12.2140,0.594433
65.3245,5.9689,12.5831,0.594555
64.9926,5.9756,13.0006,0.594696
64.6580,5.9823,13.4206,0.594839
64.3206,5.9891,13.8432,0.594978
63.9804,5.9961,14.2683,0.595122
63.6757,6.0024,14.6482,0.595253
63.3303,6.0095,15.0780,0.595396
62.9823,6.0167,15.5104,0.595540
62.5925,6.0249,15.9940,0.595705
62.2784,6.0315,16.3833,0.595838
61.9229,6.0391,16.8240,0.595989
61.5650,6.0466,17.2676,0.596136
61.2451,6.0536,17.6646,0.596275
60.8831,6.0615,18.1138,0.596425
60.5191,6.0695,18.5661,0.596581
60.1938,6.0766,18.9706,0.596715
59.8257,6.0849,19.4285,0.596873
59.4556,6.0933,19.8892,0.597029
59.1250,6.1008,20.3011,0.597169
58.7511,6.1094,20.7673,0.597327
58.4171,6.1172,21.1840,0.597472
58.0396,6.1261,21.6556,0.597631
57.7025,6.1340,22.0772,0.597773
57.3214,6.1432,22.5545,0.597938
56.9386,6.1526,23.0347,0.598104
56.5541,6.1620,23.5179,0.598270
56.2109,6.1704,23.9502,0.598418
55.8234,6.1803,24.4394,0.598587
55.4776,6.1891,24.8768,0.598736
55.0871,6.1991,25.3719,0.598907
54.6950,6.2094,25.8703,0.599077
54.3015,6.2199,26.3716,0.599251
53.9505,6.2293,26.8198,0.599402
53.5541,6.2401,27.3271,0.599577
53.1563,6.2512,27.8373,0.599750
52.8015,6.2611,28.2934,0.599905
52.4008,6.2724,28.8093,0.600082
51.9986,6.2841,29.3280,0.600261
51.6397,6.2946,29.7914,0.600418
51.2344,6.3065,30.3154,0.600594
50.8726,6.3176,30.7836,0.600756
50.4641,6.3301,31.3128,0.600935
50.0539,6.3427,31.8449,0.601116
49.6420,6.3558,32.3801,0.601297
49.2746,6.3677,32.8581,0.601457
48.8599,6.3810,33.3987,0.601641
48.4436,6.3950,33.9425,0.601824
48.0259,6.4092,34.4892,0.602005
47.6536,6.4218,34.9779,0.602167
47.2333,6.4368,35.5307,0.602354
46.8588,6.4502,36.0245,0.602517
46.4831,6.4636,36.5210,0.602681
46.0122,6.4814,37.1447,0.602885
45.5871,6.4974,37.7093,0.603071
45.2081,6.5119,38.2140,0.603235
44.7808,6.5286,38.7845,0.603421
44.4000,6.5435,39.2943,0.603588
43.9706,6.5603,39.8708,0.603775
43.5402,6.5773,40.4506,0.603962
43.1090,6.5944,41.0338,0.604150
42.6770,6.6116,41.6204,0.604340
42.1962,6.6307,42.2761,0.604549
41.8109,6.6462,42.8037,0.604719
41.3769,6.6636,43.4004,0.604908
40.9906,6.6792,43.9337,0.605078
40.5553,6.6967,44.5366,0.605271
40.1677,6.7124,45.0754,0.605441
39.7311,6.7302,45.6845,0.605629
39.3425,6.7460,46.2287,0.605804
38.9047,6.7638,46.8440,0.605996
38.4663,6.7817,47.4625,0.606191
38.0273,6.7998,48.0843,0.606386
37.5876,6.8178,48.7091,0.606577
37.1966,6.8339,49.2665,0.606750
36.7092,6.8540,49.9628,0.606968
36.2228,6.8740,50.6597,0.607180
35.8330,6.8901,51.2192,0.607354
35.3951,6.9082,51.8488,0.607551
35.0055,6.9244,52.4098,0.607722
34.5178,6.9445,53.1133,0.607941
34.0780,6.9627,53.7491,0.608137
33.6864,6.9790,54.3160,0.608311
33.2449,6.9972,54.9561,0.608506
32.8518,7.0136,55.5272,0.608683
32.4087,7.0320,56.1716,0.608881
31.9647,7.0504,56.8185,0.609079
31.5198,7.0689,57.4677,0.609281
31.1237,7.0853,58.0468,0.609456
30.6772,7.1040,58.7005,0.609658
30.2300,7.1226,59.3565,0.609860
29.8317,7.1391,59.9415,0.610036
29.3828,7.1579,60.6019,0.610237
28.8831,7.1787,61.3383,0.610464
28.4825,7.1954,61.9295,0.610645
27.9810,7.2164,62.6710,0.610868
27.5287,7.2352,63.3408,0.611071
27.1260,7.2521,63.9382,0.611255
26.6723,7.2711,64.6122,0.611459
26.1672,7.2922,65.3640,0.611690
25.7625,7.3092,65.9674,0.611871
25.3064,7.3283,66.6484,0.612079
24.8495,7.3474,67.3317,0.612284
24.3920,7.3667,68.0174,0.612491
23.9846,7.3837,68.6288,0.612677
23.4746,7.4052,69.3957,0.612908
22.9637,7.4267,70.1652,0.613138
22.4519,7.4482,70.9376,0.613371
21.9393,7.4700,71.7129,0.613605
21.5286,7.4872,72.3351,0.613791
21.0658,7.5068,73.0375,0.614002
20.6540,7.5243,73.6635,0.614189
20.1900,7.5439,74.3700,0.614399
19.7253,7.5636,75.0790,0.614610
19.3117,7.5812,75.7108,0.614799
18.8458,7.6009,76.4239,0.615013
18.3793,7.6209,77.1394,0.615228
17.9641,7.6385,77.7770,0.615419
17.4963,7.6584,78.4963,0.615632
17.0800,7.6763,79.1376,0.615823
16.6110,7.6963,79.8607,0.616039
16.1935,7.7140,80.5052,0.616231
15.6710,7.7366,81.3130,0.616470
15.1998,7.7567,82.0419,0.616687
14.7805,7.7746,82.6915,0.616881
14.3081,7.7950,83.4236,0.617099
13.7824,7.8175,84.2391,0.617340
13.3614,7.8357,84.8930,0.617537
12.8873,7.8561,85.6297,0.617757
12.4655,7.8742,86.2858,0.617950
11.9904,7.8948,87.0252,0.618170
11.5149,7.9153,87.7657,0.618391
10.9860,7.9380,88.5901,0.618636
10.4565,7.9611,89.4158,0.618884
9.9264,7.9839,90.2430,0.619132
9.5019,8.0024,90.9060,0.619328
9.0239,8.0231,91.6527,0.619546
8.5453,8.0437,92.4007,0.619771
8.0664,8.0648,93.1500,0.619994
7.5869,8.0855,93.9003,0.620220
7.1603,8.1041,94.5684,0.620418
6.6799,8.1251,95.3209,0.620642
6.1455,8.1483,96.1584,0.620892
5.7176,8.1672,96.8296,0.621092
5.2358,8.1882,97.5855,0.621319
4.8070,8.2068,98.2587,0.621519
4.3243,8.2282,99.0167,0.621745
3.8948,8.2470,99.6916,0.621948
3.3573,8.2706,100.5367,0.622198
2.9270,8.2896,101.2135,0.622402
2.3885,8.3132,102.0610,0.622657
1.8494,8.3372,102.9098,0.622910
1.3638,8.3585,103.6750,0.623140
0.8776,8.3801,104.4414,0.623367
0.3911,8.4017,105.2087,0.623598
-0.0959,8.4232,105.9774,0.623830
-0.6376,8.4475,106.8325,0.624084
-1.1257,8.4690,107.6034,0.624316
-1.5598,8.4886,108.2897,0.624524
-2.0487,8.5104,109.0626,0.624755
-2.4836,8.5298,109.7508,0.624963
-2.9732,8.5519,110.5259,0.625195
-3.5178,8.5761,111.3886,0.625454
-4.0084,8.5984,112.1662,0.625687
-4.5538,8.6228,113.0315,0.625948
-5.0451,8.6452,113.8116,0.626182
-5.4820,8.6649,114.5059,0.626392
-6.0286,8.6897,115.3753,0.626651
-6.5208,8.7121,116.1589,0.626887
-6.9586,8.7320,116.8566,0.627099
-7.4513,8.7547,117.6424,0.627334
-7.9443,8.7771,118.4297,0.627568
-8.3826,8.7973,119.1304,0.627780
-8.8759,8.8199,119.9199,0.628018
-9.3693,8.8428,120.7107,0.628255
-9.9177,8.8681,121.5908,0.628518
-10.4115,8.8911,122.3843,0.628754
-10.8504,8.9115,123.0906,0.628967
-11.3993,8.9371,123.9750,0.629231
-11.8933,8.9602,124.7722,0.629471
-12.3325,8.9809,125.4819,0.629681
-12.8816,9.0067,126.3705,0.629947
-13.3759,9.0301,127.1715,0.630189
-13.8152,9.0509,127.8846,0.630400
-14.3094,9.0744,128.6877,0.630639
-14.8026,9.0979,129.4904,0.630879
-15.2400,9.1188,130.2033,0.631091
-15.7321,9.1424,131.0067,0.631330
-16.1688,9.1634,131.7207,0.631543
-16.6049,9.1845,132.4347,0.631755
-17.1497,9.2108,133.3282,0.632022
-17.6944,9.2373,134.2230,0.632288
-18.1844,9.2612,135.0294,0.632527
-18.6198,9.2825,135.7471,0.632745
-19.1096,9.3066,136.5555,0.632983
-19.5447,9.3280,137.2749,0.633193
-20.0342,9.3523,138.0852,0.633438
-20.4690,9.3739,138.8064,0.633649
-20.9581,9.3983,139.6187,0.633893
-21.3947,9.4252,140.3426,0.634106
-21.9383,9.4611,141.2463,0.634373
-22.4799,9.4968,142.1527,0.634642
-23.0224,9.5319,143.0597,0.634911
-23.5645,9.5656,143.9680,0.635178
-23.9976,9.5949,144.6956,0.635396
-24.4853,9.6235,145.5147,0.635638
-24.9172,9.6522,146.2424,0.635853
-25.4600,9.6838,147.1559,0.636124
-26.0000,9.7183,148.0684,0.636395
-26.5430,9.7510,148.9840,0.636666
-27.0285,9.7822,149.8071,0.636911
-27.5150,9.8138,150.6325,0.637157
-27.9489,9.8407,151.3664,0.637371
-28.4356,9.8744,152.1928,0.637617
-28.8673,9.9021,152.9277,0.637835
-29.3539,9.9321,153.7559,0.638078
-29.8958,9.9684,154.6765,0.638347
-30.3286,9.9967,155.4144,0.638563
-30.8692,10.0321,156.3367,0.638835
-31.4101,10.0656,157.2601,0.639106
-31.9499,10.1500,158.1889,0.639379
-32.4898,10.2107,159.1089,0.639654
-32.9218,10.2558,159.8475,0.639873
-33.4074,10.3058,160.6798,0.640118
-33.8394,10.3502,161.4197,0.640341
-34.3254,10.4001,162.2509,0.640588
-34.7570,10.4443,162.9883,0.640806
-35.2955,10.4981,163.9090,0.641083
-35.8332,10.5503,164.8316,0.641357
-36.3662,10.6027,165.7595,0.641634
-36.8980,10.6552,166.6915,0.641908
-37.4313,10.7079,167.6266,0.642182
-37.9654,10.7590,168.5606,0.642457
-38.3936,10.7993,169.3082,0.642681
-38.9294,10.8497,170.2431,0.642955
-39.3577,10.8900,170.9916,0.643174
-39.8396,10.9355,171.8345,0.643423
-40.2688,10.9752,172.5849,0.643644
-40.7528,11.0199,173.4296,0.643892
-41.2923,11.0696,174.3680,0.644166
-41.7788,11.1144,175.2123,0.644414
-42.3198,11.1642,176.1504,0.644693
-42.8607,11.2136,177.0885,0.644969
-43.2936,11.2529,177.8392,0.645191
-43.8348,11.3021,178.7778,0.645469
-44.3763,11.3514,179.7162,0.645746
-44.9180,11.4006,180.6546,0.646021
-45.4053,11.4450,181.4989,0.646271
-45.9466,11.4937,182.4370,0.646545
-46.4335,11.5376,183.2814,0.646795
-46.9743,11.5863,184.2196,0.647068
-47.4068,11.6253,184.9701,0.647289
-47.9471,11.6742,185.9082,0.647569
-48.4331,11.7180,186.7524,0.647817
-48.9729,11.7663,187.6906,0.648092
-49.4584,11.8097,188.5350,0.648343
-49.9437,11.8532,189.3793,0.648590
-50.4825,11.9016,190.3175,0.648867
-51.0209,11.9498,191.2554,0.649140
-51.5589,11.9966,192.1934,0.649418
-51.9889,12.0341,192.9436,0.649637
-52.4723,12.0763,193.7871,0.649885
-52.9012,12.1133,194.5359,0.650106
-53.4365,12.1587,195.4713,0.650382
-53.9174,12.1996,196.3118,0.650627
-54.4505,12.2449,197.2440,0.650902
-54.9291,12.2856,198.0813,0.651146
-55.4596,12.3303,199.0096,0.651419
-55.9886,12.3750,199.9359,0.651692
-56.4637,12.4152,200.7677,0.651935
-56.9377,12.4553,201.5979,0.652179
-57.4106,12.4954,202.4262,0.652420
-57.8299,12.5310,203.1610,0.652638
-58.3526,12.5756,204.0770,0.652906
-58.8217,12.6155,204.8989,0.653150
-59.3410,12.6598,205.8091,0.653418
-59.8069,12.6996,206.6255,0.653652
-60.2193,12.7352,207.3486,0.653866
-60.6305,12.7709,208.0693,0.654078
-61.0912,12.8108,208.8771,0.654314
-61.5499,12.8506,209.6814,0.654549
-62.0571,12.8946,210.5709,0.654811
-62.5113,12.9343,211.3677,0.655044
-62.9131,12.9701,212.0726,0.655252
-63.3131,13.0058,212.7743,0.655459
-63.8106,13.0501,213.6473,0.655717
-64.2064,13.0854,214.3422,0.655918
-64.6497,13.1250,215.1204,0.656148
-65.0418,13.1600,215.8089,0.656348
-65.4808,13.2006,216.5801,0.656574
-65.9173,13.2411,217.3466,0.656799
-66.3512,13.2813,218.1091,0.657024
-66.8303,13.3258,218.9514,0.657272
-67.3064,13.3700,219.7886,0.657519
-67.6852,13.4052,220.4547,0.657713
-68.1563,13.4511,221.2831,0.657956
-68.6239,13.4969,222.1056,0.658196
-69.0420,13.5379,222.8415,0.658413
-69.5036,13.5831,223.6540,0.658649
-69.9620,13.6280,224.4612,0.658886
-70.4173,13.6726,225.2629,0.659125
-70.7793,13.7079,225.9004,0.659309
-71.2288,13.7518,226.6923,0.659541
-71.6306,13.7910,227.4003,0.659747
-72.0740,13.8343,228.1818,0.659976
-72.4702,13.8717,228.8803,0.660184
-72.9078,13.9130,229.6519,0.660410
-73.3423,13.9540,230.4184,0.660634
-73.6877,13.9866,231.0279,0.660816
-74.1167,14.0271,231.7855,0.661035
-74.5442,14.0676,232.5410,0.661257
-74.9693,14.1073,233.2928,0.661478
-75.3073,14.1388,233.8907,0.661652
-75.6852,14.1741,234.5593,0.661848
-76.0192,14.2052,235.1506,0.662023
-76.3515,14.2363,235.7393,0.662193
-76.7235,14.2710,236.3986,0.662389
-77.1348,14.3095,237.1279,0.662600
-77.5439,14.3478,237.8539,0.662813
-77.8699,14.3780,238.4327,0.662984
-78.2757,14.4157,239.1535,0.663196
-78.6795,14.4533,239.8713,0.663406
-79.0815,14.4906,240.5861,0.663612
-79.4815,14.5279,241.2980,0.663821
-79.8399,14.5613,241.9362,0.664010
-80.2364,14.5982,242.6423,0.664216
-80.5914,14.6312,243.2748,0.664400
-80.9839,14.6677,243.9745,0.664607
-81.3354,14.7003,244.6010,0.664787
-81.6463,14.7291,245.1553,0.664952
-82.0330,14.7651,245.8447,0.665154
-82.4175,14.8008,246.5301,0.665358
-82.7997,14.8363,247.2117,0.665555
-83.1419,14.8681,247.8217,0.665730
-83.5201,14.9031,248.4959,0.665929
-83.8964,14.9380,249.1664,0.666126
-84.2709,14.9727,249.8336,0.666321
-84.6438,15.0073,250.4974,0.666518
-84.9781,15.0382,251.0919,0.666693
-85.3849,15.0755,251.8147,0.666903
-85.6793,15.1019,252.3372,0.667057
-86.0099,15.1300,252.9232,0.667227
-86.3030,15.1549,253.4417,0.667379
-86.6319,15.1828,254.0222,0.667553
-86.9237,15.2075,254.5358,0.667703
-87.2514,15.2352,255.1111,0.667873
-87.5424,15.2597,255.6204,0.668022
-87.8691,15.2853,256.1906,0.668191
-88.1599,15.3078,256.6968,0.668341
-88.4873,15.3331,257.2642,0.668514
-88.7786,15.3556,257.7669,0.668665
-89.1066,15.3808,258.3307,0.668831
-89.4713,15.4088,258.9548,0.669022
-89.8362,15.4355,259.5764,0.669209
-90.1652,15.4594,260.1353,0.669376
-90.4952,15.4836,260.6922,0.669544
-90.7891,15.5050,261.1860,0.669693
-91.1575,15.5317,261.8020,0.669883
-91.4536,15.5531,262.2950,0.670031
-91.8251,15.5797,262.9103,0.670220
-92.1602,15.6032,263.4621,0.670391
-92.5328,15.6296,264.0731,0.670574
-92.8321,15.6510,264.5589,0.670726
-93.1319,15.6724,265.0425,0.670872
-93.4697,15.6962,265.5842,0.671043
-93.8459,15.7227,266.1833,0.671227
-94.1474,15.7437,266.6603,0.671372
-94.4874,15.7672,267.1944,0.671539
-94.8283,15.7907,267.7258,0.671704
-95.1701,15.8140,268.2545,0.671870
-95.5126,15.8371,268.7801,0.672033
-95.8563,15.8594,269.3033,0.672199
-96.1622,15.8807,269.7670,0.672346
-96.5083,15.9045,270.2845,0.672509
-96.8169,15.9256,270.7420,0.672654
-97.1265,15.9466,271.1971,0.672799
-97.4757,15.9691,271.7055,0.672960
-97.7874,15.9882,272.1556,0.673106
-98.1392,16.0217,272.6590,0.673266
-98.4533,16.0405,273.1040,0.673410
-98.8072,16.0611,273.6020,0.673571
-99.1626,16.0819,274.0979,0.673733
-99.5192,16.1026,274.5901,0.673894
-99.8771,16.1231,275.0789,0.674050
-100.2763,16.1455,275.6170,0.674230
-100.6769,16.1673,276.1506,0.674405
-101.0780,16.1890,276.6805,0.674581
-101.4404,16.2083,277.1541,0.674736
-101.8440,16.2295,277.6762,0.674910
-102.2088,16.2482,278.1419,0.675065
-102.5746,16.2668,278.6041,0.675219
-102.9006,16.2831,279.0124,0.675358
-103.2685,16.3013,279.4685,0.675510
-103.5967,16.3168,279.8717,0.675647
-103.9672,16.3346,280.3227,0.675800
-104.2976,16.3505,280.7207,0.675934
-104.6704,16.3682,281.1655,0.676083
-105.0026,16.3837,281.5584,0.676221
-105.4191,16.4027,282.0464,0.676390
-105.8370,16.4215,282.5309,0.676558
-106.2562,16.4406,283.0121,0.676723
-106.6344,16.4576,283.4415,0.676873
-106.9713,16.4725,283.8207,0.677004
-107.3086,16.4874,284.1971,0.677139
-107.6884,16.5038,284.6172,0.677286
-108.0681,16.5202,285.0337,0.677432
-108.4055,16.5349,285.4003,0.677563
-108.7849,16.5513,285.8087,0.677706
-109.1217,16.5657,286.1684,0.677838
-109.5002,16.5816,286.5688,0.677980
-109.8361,16.5963,286.9214,0.678107
-110.2132,16.6126,287.3134,0.678250
-110.6313,16.6304,287.7439,0.678406
-111.0068,16.6461,288.1267,0.678546
-111.4233,16.6649,288.5475,0.678699
-111.8385,16.6832,288.9619,0.678854
-112.2112,16.6990,289.3310,0.678989
-112.5426,16.7137,289.6566,0.679108
-112.9152,16.7310,290.0187,0.679244
-113.2465,16.7463,290.3382,0.679362
-113.6197,16.7630,290.6946,0.679500
-113.9526,16.7788,291.0110,0.679616
-114.3274,16.7973,291.3627,0.679753
-114.6608,16.8136,291.6733,0.679872
-115.0376,16.8325,292.0206,0.680004
-115.4141,16.8531,292.3643,0.680138
-115.7493,16.8712,292.6675,0.680255
-116.1699,16.8955,293.0457,0.680401
-116.5483,16.9191,293.3787,0.680534
-116.8851,16.9392,293.6740,0.680652
-117.2665,16.9668,294.0063,0.680780
-117.6042,16.9908,294.2932,0.680895
-117.9836,17.0144,294.6152,0.681027
-118.3220,17.0333,294.9017,0.681143
-118.7037,17.0544,295.2214,0.681272
-119.0867,17.0745,295.5361,0.681400
-119.4271,17.0904,295.8122,0.681514
-119.8115,17.1071,296.1207,0.681642
-120.1970,17.1236,296.4257,0.681770
-120.5906,17.1497,296.7202,0.681897
-120.9355,17.1673,296.9830,0.682010
-121.3678,17.1889,297.3058,0.682153
-121.8015,17.2085,297.6268,0.682294
-122.2374,17.2292,297.9425,0.682436
-122.6307,17.2461,298.2232,0.682561
-122.9809,17.2606,298.4690,0.682673
-123.3758,17.2766,298.7420,0.682799
-123.8166,17.2966,299.0405,0.682938
-124.1702,17.3117,299.2763,0.683049
-124.5681,17.3293,299.5366,0.683173
-124.9232,17.3444,299.7653,0.683285
-125.3234,17.3616,300.0184,0.683409
-125.7244,17.3779,300.2669,0.683532
-126.0824,17.3936,300.4847,0.683641
-126.4851,17.4100,300.7233,0.683764
-126.9348,17.4279,300.9850,0.683901
-127.3853,17.4461,301.2402,0.684037
-127.8381,17.4647,301.4895,0.684171
-128.2918,17.4840,301.7327,0.684306
-128.6560,17.4996,301.9229,0.684412
-129.0662,17.5178,302.1316,0.684535
-129.4318,17.5339,302.3132,0.684641
-129.8436,17.5514,302.5138,0.684760
-130.2572,17.5690,302.7108,0.684880
-130.6240,17.5842,302.8806,0.684988
-131.0402,17.5975,303.0683,0.685105
-131.4583,17.6102,303.2538,0.685224
-131.8759,17.6189,303.4368,0.685343
-132.2508,17.6268,303.5965,0.685452
-132.6724,17.6335,303.7695,0.685570
-133.0979,17.6374,303.9408,0.685689
-133.4765,17.6337,304.0968,0.685797
-133.9573,17.6500,304.2832,0.685929
-134.3892,17.6667,304.4410,0.686050
-134.8733,17.6857,304.6135,0.686183
-135.3117,17.7072,304.7641,0.686304
-135.7508,17.7310,304.9117,0.686425
-136.1443,17.7522,305.0415,0.686532
-136.5903,17.7764,305.1856,0.686654
-137.0384,17.7984,305.3282,0.686776
-137.4922,17.8220,305.4699,0.686900
-137.8961,17.8448,305.5936,0.687007
-138.3488,17.8672,305.7324,0.687132
-138.8120,17.8879,305.8710,0.687256
-139.2242,17.9083,305.9918,0.687367
-139.6910,17.9314,306.1268,0.687489
-140.1077,17.9508,306.2451,0.687601
-140.5805,17.9716,306.3786,0.687727
-141.0562,17.9923,306.5104,0.687852
-141.4838,18.0140,306.6278,0.687969
-141.9660,18.0400,306.7578,0.688096
-142.4520,18.0665,306.8875,0.688226
-142.8891,18.0936,307.0031,0.688342
-143.3815,18.1252,307.1312,0.688472
-143.8775,18.1569,307.2589,0.688604
-144.3785,18.1911,307.3867,0.688736
-144.8252,18.2225,307.4999,0.688854
-145.3309,18.2579,307.6274,0.688989
-145.8418,18.2970,307.7554,0.689124
-146.2967,18.3327,307.8684,0.689243
-146.8110,18.3727,307.9964,0.689380
-147.2725,18.4087,308.1105,0.689500
-147.7925,18.4488,308.2367,0.689638
-148.2580,18.4836,308.3497,0.689761
-148.7844,18.5229,308.4770,0.689900
-149.2569,18.5616,308.5904,0.690023
-149.7874,18.6060,308.7189,0.690164
-150.3227,18.6481,308.8459,0.690300
-150.8592,18.6903,308.9718,0.690446
-151.3959,18.7322,309.0965,0.690584
-151.8728,18.7693,309.2063,0.690709
-152.4087,18.8109,309.3287,0.690847
-152.9438,18.8524,309.4503,0.690986
-153.4176,18.8889,309.5578,0.691114
-153.9475,18.9226,309.6730,0.691253
-154.4793,18.9535,309.7914,0.691392
-155.0740,18.9938,309.9207,0.691546
-155.6017,19.0367,310.0336,0.691686
-156.1813,19.0801,310.1619,0.691838
-156.6471,19.1090,310.2611,0.691959
-157.1752,19.1740,310.3698,0.692098
-157.6990,19.2149,310.4807,0.692230
-158.1621,19.2234,310.5685,0.692352
-158.6846,19.2578,310.6797,0.692486
-159.1469,19.2884,310.7781,0.692604
-159.6653,19.3227,310.8873,0.692743
-160.1840,19.3552,310.9917,0.692874
-160.6426,19.3869,311.0833,0.692993
-161.1572,19.4225,311.1850,0.693124
-161.6695,19.4562,311.2848,0.693259
-162.1810,19.4889,311.3841,0.693389
-162.6369,19.5215,311.4709,0.693506
-163.1461,19.5572,311.5666,0.693640
-163.6559,19.5906,311.6622,0.693768
-164.1653,19.6240,311.7569,0.693898
-164.6163,19.6515,311.8402,0.694015
-165.1251,19.6810,311.9329,0.694144
-165.6344,19.7103,312.0253,0.694270
-166.1441,19.7396,312.1171,0.694400
-166.5964,19.7648,312.1982,0.694520
-167.1066,19.7921,312.2900,0.694647
-167.5605,19.8164,312.3723,0.694759
-168.0722,19.8439,312.4646,0.694889
-168.5843,19.8703,312.5572,0.695019
-169.0412,19.8931,312.6405,0.695133
-169.6134,19.9216,312.7454,0.695278
-170.0719,19.9446,312.8301,0.695394
-170.5880,19.9688,312.9263,0.695521
-171.1059,19.9929,313.0244,0.695654
-171.6248,20.0171,313.1237,0.695783
-172.1450,20.0413,313.2248,0.695913
-172.6076,20.0613,313.3158,0.696028
-173.1295,20.0842,313.4207,0.696161
-173.6527,20.1071,313.5275,0.696290
-174.1186,20.1276,313.6245,0.696404
-174.6432,20.1490,313.7356,0.696531
-175.1695,20.1708,313.8498,0.696669
-175.6388,20.1902,313.9535,0.696786
-176.2271,20.2145,314.0861,0.696933
-176.6988,20.2330,314.1944,0.697048
-177.2315,20.2540,314.3193,0.697181
-177.7663,20.2751,314.4468,0.697313
-178.2433,20.2939,314.5624,0.697432
-178.7814,20.3147,314.6950,0.697567
-179.3214,20.3351,314.8306,0.697702
-179.8033,20.3532,314.9533,0.697822
-180.3472,20.3737,315.0940,0.697956
-180.8326,20.3924,315.2215,0.698075
-181.3795,20.4127,315.3675,0.698214
-181.9899,20.4349,315.5331,0.698368
-182.6027,20.4573,315.7021,0.698521
-183.2179,20.4812,315.8750,0.698673
-183.8351,20.5042,316.0515,0.698826
-184.3923,20.5250,316.2135,0.698968
-184.9515,20.5458,316.3784,0.699109
-185.4503,20.5660,316.5278,0.699236
-186.0127,20.5878,316.6985,0.699378
-186.5764,20.6097,316.8727,0.699516
-187.1417,20.6317,317.0499,0.699662
-187.6456,20.6526,317.2108,0.699783
-188.2133,20.6756,317.3945,0.699932
-188.7187,20.6962,317.5609,0.700060
-189.2251,20.7168,317.7300,0.700188
-189.9230,20.7462,317.9677,0.700362
-190.5582,20.7734,318.1878,0.700529
-191.1305,20.7979,318.3898,0.700679
-191.7037,20.8225,318.5954,0.700821
-192.3417,20.8513,318.8285,0.700982
-192.9799,20.8800,319.0660,0.701147
-193.4911,20.9029,319.2590,0.701278
-194.0682,20.9313,319.4805,0.701429
-194.6442,20.9613,319.7051,0.701576
-195.1565,20.9880,319.9087,0.701712
-195.7331,21.0184,320.1414,0.701863
-196.3103,21.0489,320.3780,0.702013
-196.8874,21.0796,320.6186,0.702160
-197.4000,21.1070,320.8363,0.702297
-197.9120,21.1345,321.0574,0.702424
-198.4872,21.1655,321.3104,0.702580
-199.1252,21.2000,321.5966,0.702744
-199.7618,21.2347,321.8878,0.702908
-200.3969,21.2694,322.1844,0.703076
-200.9038,21.2972,322.4256,0.703210
-201.4727,21.3287,322.7012,0.703359
-201.9771,21.3566,322.9496,0.703494
-202.5433,21.3880,323.2331,0.703647
-203.0456,21.4161,323.4886,0.703777
-203.6717,21.4512,323.8127,0.703947
-204.2962,21.4863,324.1421,0.704115
-204.8570,21.5179,324.4431,0.704264
-205.3544,21.5462,324.7140,0.704405
-205.9128,21.5778,325.0226,0.704550
-206.4082,21.6059,325.3004,0.704686
-207.0265,21.6413,325.6523,0.704860
-207.5201,21.6696,325.9373,0.704998
-208.1363,21.7048,326.2980,0.705164
-208.6901,21.7366,326.6270,0.705322
-209.2430,21.7686,326.9597,0.705472
-209.7339,21.7969,327.2587,0.705607
-210.2856,21.8288,327.5986,0.705764
-210.8367,21.8609,327.9420,0.705916
-211.3259,21.8893,328.2498,0.706054
-211.8762,21.9211,328.5993,0.706207
-212.4873,21.9566,328.9917,0.706383
-213.0369,21.9888,329.3481,0.706538
-213.6475,22.0242,329.7482,0.706714
-214.2579,22.0597,330.1523,0.706888
-214.8679,22.0956,330.5605,0.707061
-215.3558,22.1240,330.8900,0.707205
-215.9046,22.1559,331.2636,0.707362
-216.3923,22.1845,331.5987,0.707505
-216.9406,22.2167,331.9783,0.707663
-217.4280,22.2451,332.3186,0.707805
-217.9761,22.2771,332.7045,0.707966
-218.5850,22.3131,333.1371,0.708138
-219.1933,22.3485,333.5735,0.708321
-219.6799,22.3768,333.9255,0.708462
-220.2879,22.4126,334.3691,0.708645
-220.8346,22.4445,334.7712,0.708805
-221.3813,22.4761,335.1766,0.708965
-221.8672,22.5045,335.5396,0.709113
-222.4741,22.5400,335.9961,0.709289
-223.0810,22.5750,336.4563,0.709469
-223.6272,22.6067,336.8736,0.709637
-224.2337,22.6420,337.3401,0.709820
-224.8402,22.6765,337.8105,0.710002
-225.3254,22.7044,338.1895,0.710152
-225.8707,22.7360,338.6183,0.710321
-226.4766,22.7700,339.0985,0.710502
-226.9613,22.7975,339.4856,0.710651
-227.5664,22.8322,339.9723,0.710828
-228.1109,22.8622,340.4140,0.711004
-228.6552,22.8926,340.8589,0.711168
-229.2589,22.9265,341.3565,0.711359
-229.8625,22.9590,341.8585,0.711546
-230.4656,22.9923,342.3644,0.711732
-231.0675,23.0245,342.8739,0.711927
-231.5490,23.0498,343.2850,0.712074
-232.0901,23.0789,343.7500,0.712243
-232.6299,23.1064,344.2180,0.712416
-233.1098,23.1307,344.6375,0.712573
-233.7092,23.1619,345.1653,0.712764
-234.1876,23.1880,345.5907,0.712922
-234.7843,23.2210,346.1268,0.713112
-235.3203,23.2516,346.6136,0.713290
-235.9141,23.2870,347.1586,0.713488
-236.3880,23.3156,347.5978,0.713644
-236.9790,23.3527,348.1511,0.713846
-237.4490,23.3829,348.5961,0.713999
-238.0329,23.4208,349.1548,0.714198
-238.5565,23.4558,349.6621,0.714380
-239.0200,23.4872,350.1155,0.714545
-239.5387,23.5225,350.6279,0.714724
-239.9980,23.5542,351.0863,0.714880
-240.5696,23.5944,351.6630,0.715081
-241.0250,23.6266,352.1276,0.715246
-241.5919,23.6673,352.7123,0.715447
-242.0998,23.7042,353.2420,0.715631
-242.6053,23.7406,353.7751,0.715812
-243.1648,23.7815,354.3716,0.716012
-243.7214,23.8223,354.9719,0.716218
-244.2754,23.8627,355.5768,0.716421
-244.7717,23.8995,356.1245,0.716604
-245.2655,23.9357,356.6752,0.716785
-245.7029,23.9678,357.1679,0.716948
-246.1930,24.0041,357.7247,0.717127
-246.6808,24.0395,358.2842,0.717317
-247.1130,24.0708,358.7846,0.717480
-247.5974,24.1062,359.3499,0.717663
-248.0260,24.1365,359.8541,0.717827
-248.4538,24.1666,360.3612,0.717986
-248.9868,24.2044,360.9975,0.718194
-249.5179,24.2430,361.6373,0.718400
-250.0467,24.2817,362.2803,0.718603
-250.4681,24.3129,362.7970,0.718768
-250.9932,24.3520,363.4459,0.718972
-251.5163,24.3915,364.0976,0.719180
-251.9855,24.4271,364.6868,0.719362
-252.4013,24.4590,365.2123,0.719531
-252.8678,24.4948,365.8058,0.719712
-253.3332,24.5308,366.4014,0.719903
-253.7458,24.5629,366.9325,0.720064
-254.1577,24.5951,367.4651,0.720234
-254.6201,24.6313,368.0660,0.720423
-255.1328,24.6716,368.7361,0.720625
-255.6445,24.7121,369.4083,0.720839
-256.1041,24.7487,370.0151,0.721029
-256.6140,24.7894,370.6913,0.721238
-257.0722,24.8262,371.3016,0.721425
-257.5299,24.8629,371.9133,0.721619
-257.9363,24.8957,372.4580,0.721790
-258.3932,24.9327,373.0717,0.721982
-258.8496,24.9697,373.6859,0.722168
-259.2548,25.0026,374.2323,0.722342
-259.7100,25.0397,374.8470,0.722531
-260.2147,25.0808,375.5295,0.722744
-260.7182,25.1220,376.2115,0.722951
-261.2203,25.1631,376.8923,0.723169
-261.6709,25.2000,377.5041,0.723364
-262.1701,25.2411,378.1824,0.723574
-262.5683,25.2739,378.7238,0.723744
-263.0648,25.3148,379.3991,0.723951
-263.5598,25.3557,380.0727,0.724158
-264.0042,25.3924,380.6774,0.724351
-245.2655,23.9357,356.6752,0.716785
-245.7029,23.9678,357.1679,0.716948
-246.1930,24.0041,357.7247,0.717127
-246.6808,24.0395,358.2842,0.717317
-247.1130,24.0708,358.7846,0.717480
-247.5974,24.1062,359.3499,0.717663
-248.0260,24.1365,359.8541,0.717827
-248.4538,24.1666,360.3612,0.717986
-248.9868,24.2044,360.9975,0.718194
-249.5179,24.2430,361.6373,0.718400
-250.0467,24.2817,362.2803,0.718603
-250.4681,24.3129,362.7970,0.718768
-250.9932,24.3520,363.4459,0.718972
-251.5163,24.3915,364.0976,0.719180
-251.9855,24.4271,364.6868,0.719362
-252.4013,24.4590,365.2123,0.719531
-252.8678,24.4948,365.8058,0.719712
-253.3332,24.5308,366.4014,0.719903
-253.7458,24.5629,366.9325,0.720064
-254.1577,24.5951,367.4651,0.720234
-254.6201,24.6313,368.0660,0.720423
-255.1328,24.6716,368.7361,0.720625
-255.6445,24.7121,369.4083,0.720839
-256.1041,24.7487,370.0151,0.721029
-256.6140,24.7894,370.6913,0.721238
-257.0722,24.8262,371.3016,0.721425
-257.5299,24.8629,371.9133,0.721619
-257.9363,24.8957,372.4580,0.721790
-258.3932,24.9327,373.0717,0.721982
-258.8496,24.9697,373.6859,0.722168
-259.2548,25.0026,374.2323,0.722342
-259.7100,25.0397,374.8470,0.722531
-260.2147,25.0808,375.5295,0.722744
-260.7182,25.1220,376.2115,0.722951
-261.2203,25.1631,376.8923,0.723169
-261.6709,25.2000,377.5041,0.723364
-262.1701,25.2411,378.1824,0.723574
-262.5683,25.2739,378.7238,0.723744
-263.0648,25.3148,379.3991,0.723951
-263.5598,25.3557,380.0727,0.724158
-264.0042,25.3924,380.6774,0.724351
-264.4473,25.4290,381.2805,0.724535
-264.8402,25.4615,381.8152,0.724706
-265.2809,25.4980,382.4149,0.724893
-265.7199,25.5344,383.0123,0.725076
-266.2059,25.5748,383.6731,0.725282
-266.6415,25.6110,384.2652,0.725469
-267.0271,25.6431,384.7890,0.725631
-267.4111,25.6751,385.3104,0.725793
-267.8886,25.7149,385.9583,0.725993
-268.3638,25.7545,386.6028,0.726193
-268.8370,25.7939,387.2440,0.726392
-269.2132,25.8253,387.7534,0.726554
-269.6335,25.8605,388.3219,0.726730
-270.0964,25.8989,388.9473,0.726925
-270.4638,25.9296,389.4432,0.727079
-270.8736,25.9640,389.9957,0.727252
-271.3247,26.0012,390.6031,0.727448
-271.7270,26.0352,391.1439,0.727618
-272.1692,26.0722,391.7375,0.727800
-272.6074,26.1076,392.3253,0.727991
-273.0412,26.1442,392.9054,0.728173
-273.4705,26.1803,393.4783,0.728352
-273.8528,26.2108,393.9883,0.728513
-274.2739,26.2461,394.5482,0.728695
-274.6491,26.2775,395.0460,0.728853
-275.0201,26.3072,395.5375,0.729010
-275.3480,26.3343,395.9715,0.729155
-277.6740,26.5232,399.0032,0.729316
-277.6886,26.5244,399.0222,0.729317
-277.6963,26.5250,399.0322,0.729320
-277.7010,26.5254,399.0383,0.729328
-277.7133,26.5264,399.0543,0.729330
-277.7180,26.5268,399.0605,0.729331
-277.7205,26.5270,399.0637,0.729334
-277.7255,26.5274,399.0702,0.729336
-277.7351,26.5282,399.0826,0.729339
-277.7377,26.5284,399.0861,0.729342
-277.7401,26.5286,399.0892,0.729344
-277.7524,26.5296,399.1051,0.729350
-277.7693,26.5310,399.1275,0.729351
-277.7768,26.5316,399.1372,0.729354
-277.7792,26.5318,399.1404,0.729361
-277.7820,26.5320,399.1438,0.729362
-277.7867,26.5324,399.1501,0.729364
-277.7990,26.5334,399.1660,0.729368
-277.8063,26.5340,399.1754,0.729370
-277.8139,26.5346,399.1855,0.729373
-277.8220,26.5353,399.1959,0.729379
-277.8364,26.5365,399.2145,0.729382
-277.8426,26.5370,399.2226,0.729387
-277.8609,26.5385,399.2463,0.729392
-277.8640,26.5388,399.2505,0.729396
-277.8737,26.5395,399.2630,0.729397
-277.8768,26.5398,399.2669,0.729401
-277.8862,26.5406,399.2792,0.729403
-277.8896,26.5408,399.2835,0.729407
-277.8990,26.5416,399.2958,0.729410
-277.9053,26.5421,399.3042,0.729413
-277.9187,26.5432,399.3216,0.729419
-277.9223,26.5435,399.3265,0.729422
-277.9254,26.5438,399.3309,0.729423
-277.9319,26.5443,399.3394,0.729428
-277.9421,26.5452,399.3528,0.729430
-277.9490,26.5458,399.3621,0.729431
-277.9524,26.5460,399.3665,0.729435
-277.9590,26.5466,399.3752,0.729436
-277.9657,26.5471,399.3840,0.729440
-277.9728,26.5477,399.3935,0.729442
-277.9763,26.5480,399.3981,0.729444
-277.9835,26.5486,399.4076,0.729449
-277.9953,26.5496,399.4232,0.729453
-277.9992,26.5499,399.4283,0.729458
-278.0034,26.5503,399.4339,0.729460
-278.0123,26.5510,399.4457,0.729461
-278.0169,26.5514,399.4517,0.729464
-278.0263,26.5522,399.4642,0.729466
-278.0319,26.5526,399.4715,0.729467
-278.0378,26.5531,399.4792,0.729473
-278.0496,26.5541,399.4946,0.729474
-278.0557,26.5546,399.5027,0.729479
-278.0620,26.5551,399.5111,0.729482
-278.0845,26.5570,399.5405,0.729492
-278.0925,26.5577,399.5515,0.729498
-278.1022,26.5585,399.5641,0.729502
-278.1212,26.5600,399.5892,0.729510
-278.1316,26.5609,399.6027,0.729515
-278.1437,26.5619,399.6190,0.729522
-278.1554,26.5629,399.6342,0.729524
-278.1678,26.5639,399.6506,0.729529
-278.1824,26.5651,399.6700,0.729536
-278.1964,26.5663,399.6884,0.729544
-278.2111,26.5675,399.7078,0.729548
-278.2266,26.5688,399.7281,0.729555
-278.2446,26.5703,399.7523,0.729560
-278.2617,26.5717,399.7751,0.729568
-278.2797,26.5732,399.7983,0.729583
-278.3001,26.5748,399.8250,0.729584
-278.3190,26.5764,399.8502,0.729600
-278.3387,26.5780,399.8760,0.729605
-278.3612,26.5799,399.9055,0.729614
-278.3820,26.5816,399.9331,0.729628
-278.4035,26.5834,399.9614,0.729634
-278.4279,26.5854,399.9935,0.729643
-278.4503,26.5873,400.0229,0.729655
-278.4730,26.5891,400.0528,0.729663
-278.4976,26.5909,400.0853,0.729675
-278.5207,26.5926,400.1157,0.729687
-278.5440,26.5944,400.1461,0.729696
-278.5674,26.5961,400.1768,0.729707
-278.5934,26.5981,400.2112,0.729718
-278.6170,26.5998,400.2423,0.729727
-278.6406,26.6016,400.2735,0.729741
-278.6644,26.6033,400.3048,0.729749
-278.6913,26.6056,400.3407,0.729762
-278.7151,26.6076,400.3723,0.729774
-278.7416,26.6098,400.4073,0.729787
-278.7655,26.6117,400.4388,0.729794
-278.7896,26.6137,400.4704,0.729811
-278.8135,26.6157,400.5020,0.729813
-278.8404,26.6179,400.5372,0.729827
-278.8646,26.6199,400.5690,0.729840
-278.8887,26.6219,400.6009,0.729851
-278.9156,26.6241,400.6363,0.729862
-278.9399,26.6261,400.6681,0.729872
-278.9643,26.6281,400.7001,0.729878
-278.9887,26.6301,400.7322,0.729893
-279.0159,26.6323,400.7679,0.729903
-279.0404,26.6343,400.8001,0.729915
-279.0648,26.6364,400.8323,0.729924
-279.0920,26.6386,400.8682,0.729936
-279.1194,26.6408,400.9041,0.729950
-279.1469,26.6431,400.9402,0.729961
-279.1716,26.6451,400.9727,0.729975
-279.1963,26.6472,401.0052,0.729989
-279.2238,26.6494,401.0414,0.729995
-279.2487,26.6515,401.0741,0.730008
-279.2736,26.6535,401.1068,0.730018
-279.2986,26.6556,401.1395,0.730029
-279.3263,26.6579,401.1760,0.730042
-279.3513,26.6599,401.2090,0.730053
-279.3763,26.6620,401.2420,0.730064
-279.4015,26.6641,401.2750,0.730071
-279.4296,26.6664,401.3119,0.730090
-279.4549,26.6684,401.3451,0.730101
-279.4803,26.6705,401.3786,0.730106
-279.5089,26.6729,401.4160,0.730123
-279.5347,26.6750,401.4499,0.730130
-279.5608,26.6771,401.4842,0.730141
-279.5871,26.6793,401.5188,0.730155
-279.6167,26.6817,401.5574,0.730169
-279.6426,26.6837,401.5915,0.730181
-279.6697,26.6857,401.6270,0.730192
-279.6969,26.6877,401.6627,0.730205
-279.7276,26.6899,401.7027,0.730217
-279.7555,26.6920,401.7390,0.730232
-279.7868,26.6942,401.7797,0.730245
-279.8156,26.6965,401.8180,0.730256
-279.8476,26.6991,401.8594,0.730271
-279.8766,26.7014,401.8971,0.730288
-279.9059,26.7038,401.9351,0.730298
-279.9388,26.7065,401.9778,0.730316
-279.9689,26.7089,402.0166,0.730324
-279.9992,26.7113,402.0559,0.730342
-280.0334,26.7141,402.1001,0.730351
-280.0645,26.7166,402.1404,0.730366
-280.0959,26.7192,402.1811,0.730380
-280.1278,26.7218,402.2224,0.730396
-280.1638,26.7247,402.2689,0.730408
-280.1967,26.7273,402.3114,0.730427
-280.2301,26.7300,402.3547,0.730437
-280.2680,26.7331,402.4035,0.730456
-280.3028,26.7359,402.4484,0.730470
-280.3382,26.7388,402.4941,0.730485
-280.3743,26.7417,402.5407,0.730499
-280.4155,26.7450,402.5937,0.730518
-280.4535,26.7481,402.6425,0.730533
-280.4925,26.7512,402.6925,0.730549
-280.5369,26.7548,402.7495,0.730575
-280.5780,26.7581,402.8021,0.730593
-280.6249,26.7618,402.8623,0.730612
-280.6684,26.7653,402.9179,0.730629
-280.7131,26.7689,402.9750,0.730651
-280.7642,26.7730,403.0403,0.730674
-280.8107,26.7765,403.0997,0.730697
-280.8596,26.7799,403.1620,0.730716
-280.9157,26.7839,403.2336,0.730742
-280.9742,26.7883,403.3087,0.730765
-281.0341,26.7930,403.3848,0.730792
-281.0898,26.7975,403.4556,0.730818
-281.1534,26.8025,403.5365,0.730842
-281.2123,26.8072,403.6115,0.730872
-281.2730,26.8120,403.6885,0.730901
-281.3420,26.8175,403.7762,0.730930
-281.4055,26.8225,403.8567,0.730957
-281.4699,26.8276,403.9383,0.730986
-281.5423,26.8334,404.0299,0.731017
-281.6078,26.8385,404.1128,0.731046
-281.6735,26.8437,404.1958,0.731072
-281.7395,26.8489,404.2790,0.731105
-281.8129,26.8547,404.3717,0.731133
-281.8791,26.8600,404.4550,0.731169
-281.9445,26.8649,404.5372,0.731194
-282.0109,26.8695,404.6205,0.731226
-282.0774,26.8741,404.7039,0.731256
-282.1520,26.8797,404.7980,0.731281
-282.2188,26.8849,404.8815,0.731312
-282.2855,26.8901,404.9649,0.731342
-282.3522,26.8953,405.0485,0.731368
-282.4264,26.9011,405.1412,0.731403
-282.4933,26.9063,405.2246,0.731431
-282.5604,26.9115,405.3079,0.731460
-282.6352,26.9173,405.4004,0.731498
-282.7026,26.9225,405.4838,0.731523
-282.7701,26.9277,405.5671,0.731550
-282.8377,26.9329,405.6506,0.731580
-282.9054,26.9381,405.7340,0.731611
-282.9807,26.9439,405.8268,0.731643
-283.0486,26.9492,405.9102,0.731671
-283.1157,26.9539,405.9923,0.731699
-283.1837,26.9585,406.0757,0.731731
-283.2520,26.9630,406.1592,0.731762
-283.3210,26.9682,406.2442,0.731793
-283.3894,26.9734,406.3277,0.731815
-283.4578,26.9786,406.4112,0.731847
-283.5264,26.9838,406.4948,0.731876
-283.6027,26.9895,406.5876,0.731913
-283.6714,26.9947,406.6711,0.731941
-283.7402,26.9999,406.7545,0.731966
-283.8092,27.0051,406.8380,0.732000
-283.8783,27.0103,406.9214,0.732031
-283.9475,27.0155,407.0048,0.732061
-284.0168,27.0207,407.0883,0.732088
-284.0862,27.0260,407.1717,0.732117
-284.1635,27.0317,407.2644,0.732148
-284.2331,27.0369,407.3478,0.732178
-284.3019,27.0415,407.4299,0.732212
-284.3719,27.0460,407.5133,0.732238
-284.4419,27.0505,407.5968,0.732266
-284.5127,27.0557,407.6818,0.732293
-284.5829,27.0609,407.7653,0.732328
-284.6532,27.0661,407.8488,0.732353
-284.7234,27.0713,407.9326,0.732388
-284.7938,27.0765,408.0164,0.732415
-284.8722,27.0822,408.1095,0.732450
-284.9507,27.0880,408.2027,0.732480
-285.0214,27.0932,408.2865,0.732510
-285.1001,27.0990,408.3796,0.732541
-285.1710,27.1042,408.4634,0.732570
-285.2419,27.1094,408.5473,0.732605
-285.3130,27.1146,408.6311,0.732631
-285.3921,27.1204,408.7242,0.732668
-285.4623,27.1252,408.8067,0.732694
-285.5338,27.1296,408.8905,0.732726
-285.6054,27.1341,408.9742,0.732756
-285.6776,27.1389,409.0595,0.732786
-285.7494,27.1440,409.1432,0.732820
-285.8212,27.1492,409.2270,0.732844
-285.8931,27.1544,409.3108,0.732880
-285.9651,27.1595,409.3946,0.732907
-286.0452,27.1653,409.4878,0.732941
-286.1174,27.1705,409.5716,0.732971
-286.1898,27.1756,409.6552,0.733003
-286.2623,27.1808,409.7388,0.733031
-286.3349,27.1860,409.8222,0.733065
-286.4077,27.1911,409.9056,0.733094
-286.4807,27.1963,409.9889,0.733125
-286.5540,27.2014,410.0721,0.733154
-286.6276,27.2066,410.1554,0.733185
-286.7087,27.2115,410.2467,0.733219
-286.7830,27.2159,410.3302,0.733255
-286.8576,27.2204,410.4136,0.733282
-286.9330,27.2252,410.4988,0.733314
-287.0082,27.2303,410.5824,0.733348
-287.0837,27.2355,410.6660,0.733375
-287.1592,27.2407,410.7498,0.733408
-287.2351,27.2459,410.8338,0.733438
-287.3197,27.2516,410.9273,0.733465
-287.3962,27.2568,411.0114,0.733504
-287.4730,27.2620,411.0956,0.733537
-287.5499,27.2672,411.1798,0.733567
-287.6272,27.2724,411.2642,0.733602
-287.7047,27.2777,411.3487,0.733630
-287.7824,27.2829,411.4333,0.733665
-287.8605,27.2881,411.5180,0.733692
-287.9378,27.2928,411.6014,0.733727
-288.0165,27.2973,411.6863,0.733752
-288.0956,27.3017,411.7712,0.733787
-288.1837,27.3067,411.8657,0.733820
-288.2638,27.3117,411.9524,0.733860
-288.3435,27.3169,412.0373,0.733887
-288.4233,27.3221,412.1225,0.733921
-288.5032,27.3274,412.2077,0.733951
-288.5833,27.3326,412.2928,0.733983
-288.6634,27.3378,412.3779,0.734015
-288.7439,27.3431,412.4629,0.734047
-288.8243,27.3483,412.5479,0.734079
-288.9051,27.3535,412.6328,0.734115
-288.9949,27.3593,412.7271,0.734147
-289.0760,27.3645,412.8120,0.734179
-289.1571,27.3698,412.8969,0.734214
-289.2374,27.3745,412.9803,0.734243
-289.3280,27.3794,413.0747,0.734278
-289.4098,27.3838,413.1594,0.734313
-289.5010,27.3887,413.2534,0.734346
-289.5833,27.3931,413.3379,0.734379
-289.6662,27.3983,413.4241,0.734411
-289.7486,27.4035,413.5086,0.734442
-289.8313,27.4086,413.5931,0.734473
-289.9140,27.4138,413.6776,0.734509
-289.9969,27.4190,413.7621,0.734536
-290.0801,27.4241,413.8464,0.734571
-290.1635,27.4293,413.9305,0.734605
-290.2564,27.4350,414.0237,0.734640
-290.3402,27.4401,414.1075,0.734670
-290.4243,27.4452,414.1910,0.734706
-290.5087,27.4503,414.2743,0.734738
-290.5923,27.4550,414.3562,0.734764
-290.6772,27.4593,414.4393,0.734800
-290.7625,27.4636,414.5223,0.734831
-290.8481,27.4678,414.6052,0.734867
-290.9339,27.4721,414.6878,0.734894
-291.0199,27.4763,414.7705,0.734931
-291.1067,27.4812,414.8549,0.734962
-291.1931,27.4862,414.9377,0.734996
-291.2796,27.4913,415.0204,0.735028
-291.3663,27.4963,415.1031,0.735061
-291.4532,27.5013,415.1858,0.735092
-291.5499,27.5069,415.2776,0.735126
-291.6372,27.5120,415.3601,0.735160
-291.7247,27.5170,415.4424,0.735193
-291.8125,27.5220,415.5247,0.735226
-291.9004,27.5270,415.6070,0.735254
-291.9884,27.5320,415.6892,0.735291
-292.0756,27.5363,415.7700,0.735320
-292.1642,27.5404,415.8521,0.735355
-292.2531,27.5446,415.9338,0.735387
-292.3424,27.5487,416.0154,0.735421
-292.4320,27.5528,416.0967,0.735452
-292.5219,27.5570,416.1781,0.735483
-292.6119,27.5611,416.2593,0.735515
-292.7027,27.5660,416.3423,0.735552
-292.7930,27.5709,416.4235,0.735585
-292.8836,27.5758,416.5047,0.735616
-292.9744,27.5807,416.5858,0.735650
-293.0653,27.5856,416.6667,0.735682
-293.1566,27.5905,416.7476,0.735712
-293.2481,27.5954,416.8283,0.735748
-293.3399,27.6002,416.9090,0.735783
-293.4318,27.6051,416.9896,0.735814
-293.5238,27.6100,417.0702,0.735847
-293.6151,27.6141,417.1492,0.735883
-293.7077,27.6181,417.2296,0.735914
-293.8008,27.6221,417.3097,0.735944
-293.8943,27.6261,417.3895,0.735980
-293.9880,27.6300,417.4691,0.736012
-294.0820,27.6340,417.5487,0.736048
-294.1866,27.6384,417.6372,0.736082
-294.2811,27.6424,417.7167,0.736120
-294.3868,27.6473,417.8066,0.736154
-294.4817,27.6521,417.8859,0.736187
-294.5768,27.6568,417.9651,0.736224
-294.6721,27.6615,418.0442,0.736255
-294.7783,27.6668,418.1320,0.736292
-294.8741,27.6715,418.2108,0.736327
-294.9703,27.6762,418.2896,0.736360
-295.0666,27.6809,418.3683,0.736389
-295.1631,27.6856,418.4470,0.736424
-295.2588,27.6896,418.5242,0.736460
-295.3559,27.6934,418.6028,0.736497
-295.4425,27.6968,418.6725,0.736523
-295.5403,27.7006,418.7506,0.736558
-295.6384,27.7044,418.8285,0.736594
-295.7365,27.7081,418.9061,0.736624
-295.8348,27.7119,418.9837,0.736659
-295.9333,27.7157,419.0612,0.736694
-296.0320,27.7194,419.1384,0.736727
-296.1307,27.7232,419.2154,0.736761
-296.2303,27.7273,419.2939,0.736795
-296.3294,27.7318,419.3705,0.736832
-296.4286,27.7363,419.4470,0.736866
-296.5279,27.7408,419.5232,0.736897
-296.6274,27.7453,419.5992,0.736933
-296.7270,27.7498,419.6749,0.736965
-296.8379,27.7547,419.7588,0.737002
-296.9380,27.7591,419.8340,0.737040
-297.0373,27.7627,419.9075,0.737072
-297.1380,27.7662,419.9820,0.737107
-297.2392,27.7697,420.0558,0.737141
-297.3407,27.7731,420.1294,0.737173
-297.4423,27.7765,420.2024,0.737207
-297.5439,27.7799,420.2748,0.737240
-297.6451,27.7833,420.3464,0.737275
-297.7458,27.7866,420.4173,0.737309
-297.8459,27.7899,420.4873,0.737339
-297.9452,27.7931,420.5563,0.737373
-298.0328,27.7960,420.6169,0.737399
-298.1304,27.7991,420.6839,0.737434
-298.2378,27.8025,420.7572,0.737466
-298.3340,27.8061,420.8237,0.737499
-298.4287,27.8098,420.8873,0.737529
-298.5224,27.8134,420.9497,0.737562
-298.6152,27.8169,421.0111,0.737590
-298.7070,27.8204,421.0715,0.737619
-298.7978,27.8238,421.1307,0.737647
-298.8875,27.8271,421.1888,0.737674
-298.9751,27.8296,421.2442,0.737705
-299.0625,27.8321,421.2999,0.737732
-299.1488,27.8345,421.3545,0.737761
-299.2340,27.8369,421.4080,0.737788
-299.3181,27.8392,421.4605,0.737814
-299.4016,27.8415,421.5123,0.737842
-299.4940,27.8440,421.5692,0.737870
-299.5772,27.8463,421.6200,0.737895
-299.6606,27.8485,421.6707,0.737921
-299.7443,27.8507,421.7214,0.737950
-299.8376,27.8532,421.7773,0.737978
-299.9313,27.8557,421.8332,0.738006
-300.0160,27.8579,421.8833,0.738032
-300.1008,27.8601,421.9333,0.738061
-300.1861,27.8622,421.9832,0.738085
-300.2810,27.8647,422.0384,0.738113
-300.3667,27.8668,422.0880,0.738142
-300.4527,27.8690,422.1374,0.738168
-300.5389,27.8711,422.1866,0.738196
-300.6254,27.8733,422.2357,0.738220
-300.7129,27.8757,422.2863,0.738247
-300.8098,27.8786,422.3401,0.738276
-300.8974,27.8813,422.3884,0.738303
-300.9852,27.8839,422.4364,0.738330
-301.0739,27.8867,422.4850,0.738356
-301.1624,27.8897,422.5326,0.738384
-301.2614,27.8931,422.5854,0.738412
-301.3505,27.8962,422.6324,0.738439
-301.4399,27.8992,422.6792,0.738467
-301.5397,27.9026,422.7309,0.738497
-301.6299,27.9057,422.7771,0.738524
-301.7206,27.9087,422.8230,0.738553
-301.8216,27.9120,422.8739,0.738582
-301.9129,27.9150,422.9194,0.738608
-302.0045,27.9180,422.9648,0.738637
-302.0964,27.9210,423.0100,0.738664
-302.1886,27.9239,423.0550,0.738691
-302.2915,27.9272,423.1047,0.738722
-302.3844,27.9301,423.1493,0.738751
-302.4776,27.9330,423.1936,0.738776
-302.5712,27.9359,423.2376,0.738805
-302.6750,27.9390,423.2851,0.738836
-302.7700,27.9419,423.3296,0.738864
-302.8644,27.9448,423.3731,0.738890
-302.9594,27.9477,423.4161,0.738917
-303.0545,27.9506,423.4593,0.738945
-303.1499,27.9535,423.5021,0.738965
-303.2562,27.9568,423.5495,0.739004
-303.3521,27.9597,423.5920,0.739032
-303.4484,27.9626,423.6344,0.739061
-303.5449,27.9655,423.6765,0.739089
-303.6417,27.9683,423.7185,0.739116
-303.7496,27.9715,423.7650,0.739147
-303.8470,27.9744,423.8065,0.739175
-303.9447,27.9772,423.8479,0.739203
-304.0427,27.9800,423.8890,0.739232
-304.1520,27.9832,423.9345,0.739263
-304.2511,27.9862,423.9756,0.739291
-304.3501,27.9892,424.0163,0.739319
-304.4494,27.9922,424.0569,0.739346
-304.5488,27.9951,424.0970,0.739374
-304.6487,27.9979,424.1375,0.739403
-304.7598,28.0011,424.1823,0.739435
-304.8601,28.0039,424.2225,0.739463
-304.9605,28.0067,424.2626,0.739492
-305.0610,28.0095,424.3025,0.739518
-305.1727,28.0126,424.3465,0.739554
-305.2845,28.0157,424.3901,0.739584
-305.3849,28.0185,424.4290,0.739612
-305.4964,28.0215,424.4718,0.739642
-305.5970,28.0242,424.5101,0.739670
-305.6972,28.0270,424.5479,0.739698
-305.8084,28.0302,424.5895,0.739731
-305.9085,28.0330,424.6266,0.739762
-306.0085,28.0357,424.6633,0.739786
-306.1083,28.0385,424.6996,0.739816
-306.2079,28.0412,424.7355,0.739845
-306.3182,28.0441,424.7745,0.739874
-306.4172,28.0466,424.8096,0.739900
-306.5158,28.0491,424.8441,0.739929
-306.6140,28.0516,424.8782,0.739956
-306.7226,28.0543,424.9155,0.739986
-306.8198,28.0567,424.9486,0.740013
-306.9165,28.0591,424.9812,0.740041
-307.0130,28.0615,425.0136,0.740064
-307.1087,28.0639,425.0454,0.740093
-307.2144,28.0666,425.0803,0.740125
-307.3090,28.0690,425.1112,0.740149
-307.4032,28.0714,425.1416,0.740176
-307.4969,28.0737,425.1716,0.740200
-307.5900,28.0760,425.2012,0.740228
-307.6929,28.0786,425.2337,0.740254
-307.7847,28.0808,425.2623,0.740280
-307.8758,28.0830,425.2905,0.740306
-307.9660,28.0851,425.3179,0.740330
-308.0653,28.0874,425.3481,0.740359
-308.1538,28.0894,425.3747,0.740382
-308.2414,28.0914,425.4008,0.740405
-308.3282,28.0933,425.4265,0.740430
-308.4234,28.0956,425.4544,0.740455
-308.5081,28.0975,425.4791,0.740480
-308.5919,28.0995,425.5032,0.740501
-308.6839,28.1016,425.5295,0.740528
-308.7657,28.1035,425.5526,0.740548
-308.8466,28.1053,425.5753,0.740570
-308.9355,28.1073,425.6000,0.740597
-309.0144,28.1091,425.6218,0.740618
-309.0925,28.1108,425.6432,0.740638
-309.1781,28.1127,425.6664,0.740661
-309.2542,28.1144,425.6868,0.740684
-309.3293,28.1160,425.7068,0.740702
-309.4034,28.1176,425.7264,0.740724
-309.4847,28.1193,425.7477,0.740746
-309.5569,28.1208,425.7664,0.740764
-309.6284,28.1223,425.7849,0.740784
-309.6999,28.1238,425.8032,0.740802
-309.7790,28.1256,425.8233,0.740824
-309.8503,28.1271,425.8411,0.740842
-309.9218,28.1287,425.8590,0.740862
-310.0017,28.1304,425.8787,0.740885
-310.0737,28.1319,425.8963,0.740906
-310.1460,28.1334,425.9139,0.740923
-310.2186,28.1349,425.9314,0.740943
-310.2997,28.1366,425.9508,0.740965
-310.3809,28.1383,425.9701,0.740988
-310.4543,28.1398,425.9874,0.741006
-310.5362,28.1415,426.0066,0.741030
-310.6183,28.1432,426.0256,0.741050
-310.6925,28.1447,426.0426,0.741069
-310.7670,28.1462,426.0596,0.741090
-310.8486,28.1520,426.0624,0.741111
-310.9313,28.1549,426.0802,0.741131
-311.0056,28.1574,426.0969,0.741154
-311.0888,28.1598,426.1145,0.741174
-311.1645,28.1620,426.1308,0.741195
-311.2404,28.1641,426.1467,0.741215
-311.3251,28.1665,426.1644,0.741239
-311.4016,28.1686,426.1802,0.741259
-311.4868,28.1710,426.1979,0.741282
-311.5638,28.1732,426.2137,0.741302
-311.6410,28.1754,426.2293,0.741330
-311.7272,28.1778,426.2465,0.741346
-311.8049,28.1800,426.2618,0.741367
-311.8913,28.1824,426.2786,0.741391
-311.9696,28.1845,426.2938,0.741410
-312.0571,28.1869,426.3109,0.741433
-312.1359,28.1891,426.3259,0.741455
-312.2149,28.1913,426.3407,0.741475
-312.3030,28.1937,426.3570,0.741498
-312.3826,28.1959,426.3715,0.741521
-312.4625,28.1981,426.3859,0.741543
-312.5425,28.2004,426.4002,0.741563
-312.6319,28.2028,426.4160,0.741588
-312.7121,28.2050,426.4299,0.741609
-312.7930,28.2071,426.4439,0.741632
-312.8831,28.2094,426.4593,0.741656
-312.9647,28.2115,426.4730,0.741676
-313.0461,28.2136,426.4871,0.741699
-313.1366,28.2160,426.5023,0.741722
-313.2182,28.2182,426.5158,0.741744
-313.2997,28.2203,426.5289,0.741766
-313.3812,28.2224,426.5416,0.741787
-313.4718,28.2248,426.5554,0.741812
-313.5534,28.2270,426.5678,0.741833
-313.6434,28.2291,426.5812,0.741856
-313.7251,28.2310,426.5932,0.741879
-313.8069,28.2329,426.6049,0.741901
-313.8982,28.2350,426.6177,0.741924
-313.9803,28.2369,426.6288,0.741947
-314.0629,28.2387,426.6400,0.741969
-314.1458,28.2406,426.6512,0.741992
-314.2381,28.2426,426.6632,0.742015
-314.3214,28.2445,426.6739,0.742037
-314.4048,28.2464,426.6842,0.742059
-314.4884,28.2483,426.6943,0.742081
-314.5812,28.2504,426.7049,0.742106
-314.6645,28.2523,426.7142,0.742128
-314.7475,28.2542,426.7231,0.742149
-314.8300,28.2561,426.7315,0.742172
-314.9122,28.2579,426.7397,0.742193
-315.0029,28.2599,426.7483,0.742217
-315.0840,28.2617,426.7556,0.742240
-315.1734,28.2637,426.7633,0.742263
-315.2621,28.2657,426.7705,0.742287
-315.3407,28.2672,426.7766,0.742308
-315.4281,28.2689,426.7831,0.742330
-315.5062,28.2705,426.7887,0.742351
-315.5838,28.2720,426.7939,0.742371
-315.6693,28.2737,426.7994,0.742395
-315.7458,28.2752,426.8042,0.742415
-315.8217,28.2767,426.8087,0.742434
-315.8969,28.2782,426.8129,0.742455
-315.9799,28.2799,426.8173,0.742477
-316.0541,28.2813,426.8211,0.742496
-316.1270,28.2828,426.8246,0.742515
-316.2000,28.2840,426.8279,0.742535
-316.2803,28.2854,426.8313,0.742556
-316.3516,28.2866,426.8340,0.742575
-316.4219,28.2878,426.8366,0.742593
-316.4988,28.2892,426.8392,0.742613
-316.5670,28.2903,426.8413,0.742632
-316.6342,28.2915,426.8433,0.742648
-316.7079,28.2928,426.8455,0.742669
-316.7728,28.2940,426.8470,0.742686
-316.8366,28.2952,426.8484,0.742701
-316.8994,28.2964,426.8496,0.742719
-316.9614,28.2975,426.8507,0.742734
-317.0296,28.2988,426.8516,0.742753
-317.0911,28.2999,426.8523,0.742769
-317.1528,28.3010,426.8529,0.742786
-317.2146,28.3021,426.8534,0.742802
-317.2767,28.3032,426.8537,0.742819
-317.3460,28.3044,426.8539,0.742837
-317.4087,28.3056,426.8539,0.742853
-317.4715,28.3067,426.8538,0.742870
-317.5347,28.3078,426.8535,0.742886
-317.5980,28.3089,426.8528,0.742903
-317.6687,28.3102,426.8520,0.742922
-317.7328,28.3113,426.8512,0.742939
-317.7970,28.3124,426.8502,0.742955
-317.8611,28.3135,426.8490,0.742973
-317.9331,28.3146,426.8476,0.742993
-317.9981,28.3157,426.8461,0.743009
-318.0634,28.3167,426.8445,0.743027
-318.1290,28.3178,426.8426,0.743044
-318.2021,28.3190,426.8405,0.743063
-318.2682,28.3200,426.8383,0.743081
-318.3346,28.3211,426.8360,0.743099
-318.4012,28.3222,426.8335,0.743117
-318.4754,28.3233,426.8303,0.743136
-318.5425,28.3243,426.8275,0.743153
-318.6100,28.3254,426.8244,0.743171
-318.6850,28.3265,426.8207,0.743192
-318.7529,28.3275,426.8173,0.743209
-318.8211,28.3285,426.8137,0.743227
-318.8895,28.3295,426.8098,0.743246
-318.9659,28.3306,426.8053,0.743265
-319.0349,28.3315,426.8010,0.743285
-319.1118,28.3326,426.7960,0.743304
-319.1812,28.3336,426.7913,0.743324
-319.2587,28.3348,426.7857,0.743345
-319.3365,28.3359,426.7799,0.743365
-319.4067,28.3369,426.7743,0.743384
-319.4771,28.3380,426.7685,0.743402
-319.5582,28.3398,426.7615,0.743423
-319.6288,28.3416,426.7552,0.743441
-319.6992,28.3434,426.7487,0.743460
-319.7694,28.3451,426.7422,0.743478
-319.8394,28.3469,426.7354,0.743497
-319.9167,28.3488,426.7276,0.743517
-319.9860,28.3506,426.7205,0.743535
-320.0550,28.3523,426.7131,0.743555
-320.1206,28.3535,426.7038,0.743573
-320.1967,28.3546,426.6952,0.743592
-320.2654,28.3555,426.6871,0.743613
-320.3340,28.3564,426.6788,0.743629
-320.4106,28.3574,426.6693,0.743651
-320.4797,28.3583,426.6605,0.743670
-320.5489,28.3593,426.6513,0.743688
-320.6183,28.3602,426.6418,0.743707
-320.6956,28.3612,426.6308,0.743727
-320.7654,28.3621,426.6205,0.743746
-320.8354,28.3631,426.6100,0.743765
-320.9058,28.3640,426.5992,0.743785
-320.9836,28.3649,426.5866,0.743805
-321.0544,28.3658,426.5750,0.743825
-321.1251,28.3666,426.5632,0.743844
-321.1963,28.3674,426.5512,0.743863
-321.2756,28.3682,426.5374,0.743884
-321.3473,28.3690,426.5247,0.743904
-321.4192,28.3698,426.5116,0.743925
-321.4911,28.3706,426.4982,0.743943
-321.5714,28.3715,426.4829,0.743966
-321.6439,28.3722,426.4688,0.743985
-321.7164,28.3730,426.4543,0.744004
-321.7893,28.3739,426.4396,0.744025
-321.8622,28.3748,426.4244,0.744044
-321.9427,28.3757,426.4073,0.744066
-322.0154,28.3764,426.3916,0.744087
-322.0876,28.3772,426.3755,0.744107
-322.1594,28.3779,426.3591,0.744125
-322.2386,28.3787,426.3407,0.744147
-322.3093,28.3795,426.3240,0.744166
-322.3796,28.3802,426.3071,0.744186
-322.4495,28.3809,426.2900,0.744206
-322.5271,28.3818,426.2707,0.744227
-322.5971,28.3825,426.2530,0.744246
-322.6673,28.3833,426.2350,0.744265
-322.7372,28.3839,426.2168,0.744284
-322.8077,28.3845,426.1981,0.744303
-322.8863,28.3852,426.1768,0.744326
-322.9572,28.3858,426.1574,0.744346
-323.0284,28.3865,426.1376,0.744364
-323.0998,28.3871,426.1175,0.744385
-323.1714,28.3877,426.0970,0.744405
-323.2512,28.3884,426.0739,0.744428
-323.3315,28.3892,426.0503,0.744449
-323.4117,28.3899,426.0262,0.744472
-323.4842,28.3907,426.0042,0.744493
-323.5649,28.3915,425.9793,0.744515
-323.6378,28.3922,425.9565,0.744535
-323.7108,28.3929,425.9333,0.744555
-323.7840,28.3937,425.9097,0.744575
-323.8654,28.3945,425.8830,0.744600
-323.9389,28.3953,425.8586,0.744619
-324.0125,28.3960,425.8337,0.744641
-324.0859,28.3967,425.8082,0.744662
-324.1681,28.3974,425.7797,0.744685
-324.2422,28.3980,425.7535,0.744706
-324.3167,28.3987,425.7268,0.744726
-324.3993,28.3995,425.6967,0.744751
-324.4738,28.4002,425.6691,0.744772
-324.5485,28.4009,425.6411,0.744793
-324.6233,28.4016,425.6126,0.744815
-324.7065,28.4024,425.5803,0.744839
-324.7809,28.4031,425.5506,0.744860
-324.8561,28.4037,425.5206,0.744882
-324.9314,28.4042,425.4901,0.744904
-325.0067,28.4048,425.4593,0.744926
-325.0907,28.4053,425.4243,0.744951
-325.1664,28.4058,425.3924,0.744972
-325.2422,28.4063,425.3601,0.744994
-325.3181,28.4068,425.3272,0.745017
-325.4026,28.4074,425.2902,0.745042
-325.4789,28.4079,425.2564,0.745064
-325.5557,28.4085,425.2221,0.745088
-325.6321,28.4092,425.1873,0.745108
-325.7168,28.4100,425.1481,0.745134
-325.7932,28.4106,425.1121,0.745157
-325.8698,28.4112,425.0756,0.745180
-325.9464,28.4119,425.0386,0.745204
-326.0314,28.4126,424.9969,0.745229
-326.1080,28.4132,424.9586,0.745251
-326.1844,28.4139,424.9198,0.745275
-326.2609,28.4145,424.8805,0.745297
-326.3458,28.4152,424.8361,0.745323
-326.4217,28.4159,424.7952,0.745347
-326.4979,28.4164,424.7540,0.745370
-326.5740,28.4170,424.7121,0.745394
-326.6588,28.4176,424.6647,0.745420
-326.7350,28.4181,424.6214,0.745444
-326.8110,28.4186,424.5777,0.745468
-326.8872,28.4190,424.5333,0.745491
-326.9720,28.4195,424.4833,0.745517
-327.0482,28.4200,424.4377,0.745542
-327.1244,28.4204,424.3915,0.745565
-327.2006,28.4209,424.3447,0.745589
-327.2853,28.4214,424.2920,0.745617
-327.3615,28.4218,424.2441,0.745641
-327.4375,28.4222,424.1954,0.745665
-327.5221,28.4227,424.1408,0.745692
-327.5982,28.4231,424.0910,0.745716
-327.6742,28.4236,424.0406,0.745743
-327.7587,28.4240,423.9839,0.745769
-327.8431,28.4245,423.9264,0.745797
-327.9190,28.4250,423.8739,0.745821
-328.0033,28.4255,423.8151,0.745850
-328.0791,28.4259,423.7614,0.745876
-328.1547,28.4263,423.7072,0.745902
-328.2303,28.4268,423.6522,0.745924
-328.3142,28.4273,423.5904,0.745955
-328.3896,28.4277,423.5342,0.745980
-328.4651,28.4282,423.4773,0.746004
-328.5403,28.4286,423.4197,0.746030
-328.6154,28.4291,423.3616,0.746056
-328.6988,28.4296,423.2963,0.746086
-328.7737,28.4301,423.2367,0.746111
-328.8482,28.4306,423.1765,0.746138
-328.9310,28.4311,423.1089,0.746167
-329.0053,28.4315,423.0473,0.746194
-329.0794,28.4320,422.9847,0.746219
-329.1532,28.4325,422.9216,0.746245
-329.2267,28.4331,422.8578,0.746272
-329.3081,28.4337,422.7862,0.746300
-329.3812,28.4343,422.7212,0.746329
-329.4532,28.4347,422.6556,0.746355
-329.5258,28.4350,422.5894,0.746382
-329.5981,28.4354,422.5224,0.746408
-329.6782,28.4357,422.4472,0.746438
-329.7497,28.4360,422.3792,0.746465
-329.8213,28.4361,422.3103,0.746492
-329.8927,28.4363,422.2406,0.746520
-329.9638,28.4365,422.1704,0.746547
-330.0347,28.4367,422.0994,0.746573
-330.1052,28.4369,422.0277,0.746600
-330.1835,28.4371,421.9473,0.746632
-330.2537,28.4373,421.8742,0.746658
-330.3237,28.4375,421.8004,0.746687
-330.3922,28.4372,421.7277,0.746714
-330.4618,28.4366,421.6526,0.746745
-330.5310,28.4359,421.5767,0.746773
-330.5998,28.4353,421.5001,0.746799
-330.6684,28.4346,421.4229,0.746826
-330.7469,28.4347,421.3360,0.746858
-330.8150,28.4349,421.2574,0.746887
-330.8827,28.4351,421.1782,0.746916
-330.9502,28.4353,421.0982,0.746944
-331.0173,28.4355,421.0176,0.746975
-331.0843,28.4356,420.9362,0.747001
-331.1587,28.4357,420.8450,0.747035
-331.2255,28.4359,420.7624,0.747063
-331.2923,28.4360,420.6791,0.747093
-331.3592,28.4362,420.5951,0.747123
-331.4258,28.4364,420.5106,0.747154
-331.4922,28.4366,420.4257,0.747181
-331.5585,28.4368,420.3402,0.747211
-331.6320,28.4370,420.2445,0.747245
-331.6977,28.4373,420.1577,0.747275
-331.7631,28.4375,420.0703,0.747303
-331.8281,28.4378,419.9822,0.747334
-331.9001,28.4380,419.8834,0.747367
-331.9643,28.4384,419.7939,0.747396
-332.0353,28.4387,419.6936,0.747435
-332.0990,28.4391,419.6027,0.747464
-332.1623,28.4394,419.5111,0.747494
-332.2253,28.4397,419.4189,0.747522
-332.2879,28.4401,419.3261,0.747557
-332.3501,28.4404,419.2327,0.747586
-332.4120,28.4408,419.1387,0.747620
-332.4731,28.4411,419.0440,0.747650
-332.5409,28.4413,418.9380,0.747686
-332.6016,28.4416,418.8419,0.747717
-332.6619,28.4418,418.7452,0.747749
-332.7218,28.4420,418.6478,0.747782
-332.7816,28.4424,418.5493,0.747811
-332.8409,28.4429,418.4506,0.747844
-332.9001,28.4434,418.3514,0.747878
-332.9649,28.4439,418.2407,0.747914
-333.0236,28.4441,418.1402,0.747944
-333.0820,28.4444,418.0392,0.747977
-333.1400,28.4446,417.9377,0.748010
-333.1976,28.4448,417.8357,0.748043
-333.2545,28.4450,417.7335,0.748077
-333.3112,28.4450,417.6302,0.748110
-333.3674,28.4450,417.5263,0.748141
-333.4236,28.4451,417.4216,0.748177
-333.4787,28.4453,417.3164,0.748210
-333.5332,28.4456,417.2106,0.748241
-333.5873,28.4459,417.1042,0.748279
-333.6409,28.4461,416.9973,0.748309
-333.6942,28.4464,416.8892,0.748344
-333.7469,28.4469,416.7809,0.748380
-333.7990,28.4473,416.6721,0.748413
-333.8498,28.4474,416.5631,0.748446
-333.9010,28.4474,416.4531,0.748481
-333.9517,28.4474,416.3425,0.748517
-334.0018,28.4474,416.2313,0.748549
-334.0513,28.4474,416.1194,0.748586
-334.1003,28.4475,416.0066,0.748621
-334.1488,28.4477,415.8936,0.748658
-334.1972,28.4479,415.7798,0.748692
-334.2448,28.4481,415.6655,0.748728
-334.2921,28.4484,415.5506,0.748763
-334.3388,28.4487,415.4352,0.748798
-334.3851,28.4489,415.3192,0.748832
-334.4306,28.4491,415.2032,0.748868
-334.4758,28.4491,415.0862,0.748906
-334.5204,28.4491,414.9686,0.748941
-334.5643,28.4491,414.8505,0.748979
-334.6075,28.4492,414.7318,0.749015
-334.6501,28.4492,414.6125,0.749049
-334.6922,28.4492,414.4926,0.749087
-334.7336,28.4492,414.3721,0.749123
-334.7741,28.4492,414.2513,0.749161
-334.8143,28.4491,414.1297,0.749199
-334.8538,28.4490,414.0075,0.749234
-334.8927,28.4488,413.8849,0.749273
-334.9309,28.4487,413.7617,0.749307
-334.9722,28.4484,413.6252,0.749351
-335.0086,28.4478,413.5011,0.749388
-335.0447,28.4475,413.3760,0.749423
-335.0794,28.4472,413.2508,0.749461
-335.1133,28.4469,413.1252,0.749499
-335.1465,28.4467,412.9991,0.749536
-335.1789,28.4464,412.8725,0.749573
-335.2106,28.4462,412.7452,0.749614
-335.2413,28.4460,412.6181,0.749650
-335.2747,28.4457,412.4761,0.749692
-335.3040,28.4454,412.3481,0.749730
-335.3323,28.4451,412.2198,0.749768
-335.3599,28.4449,412.0912,0.749806
-335.3868,28.4448,411.9613,0.749840
-335.4111,28.4445,411.8341,0.749878
-335.4362,28.4438,411.7053,0.749917
-335.4629,28.4431,411.5618,0.749958
-335.4860,28.4425,411.4328,0.749996
-335.5083,28.4419,411.3036,0.750037
-335.5297,28.4412,411.1745,0.750073
-335.5501,28.4405,411.0456,0.750110
-335.5700,28.4397,410.9164,0.750148
-335.5889,28.4389,410.7873,0.750182
-335.6070,28.4381,410.6582,0.750220
-335.6242,28.4374,410.5292,0.750261
-335.6405,28.4366,410.4005,0.750295
-335.6727,28.4338,410.2725,0.750335
-335.6872,28.4337,410.1443,0.750372
-335.7013,28.4336,410.0162,0.750407
-335.7146,28.4335,409.8887,0.750443
-335.7273,28.4334,409.7618,0.750481
-335.7391,28.4331,409.6353,0.750516
-335.7502,28.4329,409.5091,0.750554
-335.7603,28.4326,409.3834,0.750589
-335.7694,28.4322,409.2581,0.750624
-335.7779,28.4318,409.1334,0.750662
-335.7856,28.4313,409.0085,0.750696
-335.7927,28.4310,408.8845,0.750732
-335.7991,28.4307,408.7610,0.750768
-335.8055,28.4303,408.6244,0.750807
-335.8105,28.4299,408.5018,0.750841
-335.8148,28.4294,408.3797,0.750875
-335.8186,28.4289,408.2581,0.750911
-335.8218,28.4284,408.1371,0.750946
-335.8243,28.4278,408.0161,0.750982
-335.8262,28.4272,407.8951,0.751012
-335.8274,28.4265,407.7733,0.751049
-335.8280,28.4260,407.6514,0.751085
-335.8280,28.4254,407.5294,0.751118
-335.8272,28.4247,407.3939,0.751156
-335.8259,28.4240,407.2718,0.751191
-335.8240,28.4233,407.1494,0.751229
-335.8215,28.4226,407.0266,0.751262
-335.8181,28.4218,406.9036,0.751296
-335.8140,28.4209,406.7805,0.751330
-335.8091,28.4200,406.6572,0.751369
-335.8035,28.4190,406.5335,0.751401
-335.7964,28.4180,406.3956,0.751440
-335.7893,28.4171,406.2715,0.751477
-335.7815,28.4161,406.1472,0.751512
-335.7729,28.4150,406.0226,0.751548
-335.7635,28.4140,405.8977,0.751584
-335.7523,28.4127,405.7586,0.751624
-335.7414,28.4115,405.6331,0.751660
-335.7297,28.4103,405.5073,0.751694
-335.7172,28.4090,405.3812,0.751732
-335.7039,28.4077,405.2549,0.751765
-335.6899,28.4064,405.1281,0.751804
-335.6751,28.4050,405.0012,0.751840
-335.6595,28.4035,404.8740,0.751875
-335.6430,28.4020,404.7465,0.751913
-335.6258,28.4005,404.6187,0.751948
-335.6078,28.3989,404.4907,0.751982
-335.5889,28.3972,404.3623,0.752022
-335.5693,28.3956,404.2338,0.752058
-335.5488,28.3939,404.1049,0.752095
-335.5251,28.3920,403.9616,0.752139
-335.5031,28.3901,403.8325,0.752173
-335.4801,28.3882,403.7029,0.752209
-335.4562,28.3862,403.5732,0.752246
-335.4315,28.3842,403.4432,0.752284
-335.4060,28.3821,403.3131,0.752323
-335.3797,28.3800,403.1829,0.752358
-335.3527,28.3780,403.0521,0.752398
-335.3250,28.3759,402.9215,0.752433
-335.2965,28.3738,402.7908,0.752470
-335.2674,28.3716,402.6599,0.752508
-335.2378,28.3693,402.5293,0.752546
-335.2075,28.3668,402.3979,0.752583
-335.1767,28.3644,402.2666,0.752621
-335.1452,28.3619,402.1350,0.752658
-335.1130,28.3593,402.0033,0.752694
-335.0801,28.3569,401.8710,0.752733
-335.0465,28.3544,401.7388,0.752769
-335.0122,28.3519,401.6063,0.752810
-334.9771,28.3494,401.4736,0.752844
-334.9413,28.3468,401.3406,0.752885
-334.9051,28.3440,401.2079,0.752925
-334.8678,28.3410,401.0744,0.752962
-334.8299,28.3380,400.9407,0.753001
-334.7954,28.3352,400.8218,0.753037
-334.7515,28.3320,400.6724,0.753078
-334.7111,28.3291,400.5382,0.753117
-334.6700,28.3262,400.4039,0.753157
-334.6280,28.3232,400.2693,0.753195
-334.5899,28.3204,400.1495,0.753230
-334.5464,28.3173,400.0146,0.753270
-334.5023,28.3139,399.8801,0.753308
-334.4572,28.3103,399.7448,0.753344
-334.4111,28.3066,399.6087,0.753387
-334.3643,28.3032,399.4729,0.753426
-334.3168,28.2998,399.3371,0.753467
-334.2686,28.2963,399.2009,0.753504
-334.2197,28.2928,399.0645,0.753547
-334.1702,28.2893,398.9278,0.753585
-334.1144,28.2853,398.7757,0.753629
-334.0640,28.2817,398.6395,0.753670
-334.0125,28.2774,398.5023,0.753711
-333.9659,28.2737,398.3793,0.753744
-333.9129,28.2698,398.2419,0.753781
-333.8591,28.2659,398.1043,0.753827
-333.8048,28.2619,397.9665,0.753866
-333.7497,28.2578,397.8286,0.753908
-333.6937,28.2538,397.6905,0.753949
-333.6370,28.2496,397.5523,0.753988
-333.5795,28.2454,397.4142,0.754028
-333.5220,28.2412,397.2770,0.754070
-333.4629,28.2366,397.1379,0.754110
-333.4033,28.2322,397.0001,0.754151
-333.3427,28.2277,396.8629,0.754191
-333.2816,28.2231,396.7258,0.754234
-333.2200,28.2184,396.5889,0.754274
-333.1578,28.2137,396.4523,0.754314
-333.0949,28.2090,396.3160,0.754354
-333.0385,28.2048,396.1950,0.754392
-332.9746,28.2000,396.0594,0.754435
-332.9095,28.1955,395.9225,0.754475
-332.8460,28.1907,395.7889,0.754516
-332.7807,28.1857,395.6542,0.754555
-332.7148,28.1806,395.5201,0.754596
-332.6483,28.1754,395.3863,0.754639
-332.5814,28.1703,395.2529,0.754677
-332.5139,28.1651,395.1197,0.754718
-332.4460,28.1598,394.9868,0.754758
-332.3853,28.1551,394.8690,0.754796
-332.3165,28.1498,394.7369,0.754836
-332.2462,28.1454,394.6036,0.754879
-332.1755,28.1413,394.4714,0.754918
-332.1051,28.1377,394.3405,0.754955
-332.0344,28.1341,394.2099,0.754996
-331.9710,28.1309,394.0941,0.755034
-331.8994,28.1273,393.9641,0.755076
-331.8273,28.1236,393.8345,0.755115
-331.7549,28.1199,393.7051,0.755156
-331.6821,28.1162,393.5762,0.755195
-331.6093,28.1125,393.4476,0.755237
-331.5364,28.1087,393.3192,0.755278
-331.4635,28.1050,393.1912,0.755318
-331.3985,28.1017,393.0776,0.755349
-331.3260,28.0974,392.9514,0.755393
-331.2523,28.0928,392.8245,0.755433
-331.1784,28.0881,392.6980,0.755473
-331.1031,28.0840,392.5710,0.755514
-331.0286,28.0801,392.4452,0.755547
-330.9540,28.0762,392.3198,0.755590
-330.8793,28.0722,392.1947,0.755630
-330.8127,28.0687,392.0837,0.755666
-330.7374,28.0647,391.9591,0.755704
-330.6621,28.0608,391.8347,0.755744
-330.5867,28.0568,391.7108,0.755781
-330.5113,28.0528,391.5871,0.755826
-330.4357,28.0488,391.4637,0.755862
-330.3523,28.0438,391.3284,0.755903
-330.2764,28.0390,391.2056,0.755944
-330.1999,28.0341,391.0829,0.755982
-330.1316,28.0298,390.9739,0.756019
-330.0533,28.0253,390.8503,0.756058
-329.9756,28.0211,390.7274,0.756098
-329.8974,28.0169,390.6042,0.756136
-329.8190,28.0127,390.4806,0.756178
-329.7401,28.0084,390.3566,0.756217
-329.6607,28.0041,390.2322,0.756257
-329.5809,27.9998,390.1076,0.756298
-329.5007,27.9955,389.9827,0.756338
-329.4203,27.9912,389.8574,0.756376
-329.3403,27.9864,389.7331,0.756418
-329.2591,27.9812,389.6073,0.756457
-329.1775,27.9759,389.4813,0.756498
-329.0953,27.9706,389.3551,0.756537
-329.0127,27.9653,389.2288,0.756578
-328.9286,27.9604,389.1014,0.756617
-328.8450,27.9558,388.9747,0.756660
-328.7610,27.9512,388.8478,0.756699
-328.6767,27.9466,388.7205,0.756743
-328.6013,27.9424,388.6071,0.756779
-328.5160,27.9377,388.4795,0.756819
-328.4302,27.9330,388.3515,0.756858
-328.3441,27.9283,388.2232,0.756903
-328.2584,27.9231,388.0958,0.756947
-328.1718,27.9175,387.9666,0.756986
-328.0945,27.9124,387.8515,0.757027
-328.0073,27.9068,387.7217,0.757068
-327.9196,27.9011,387.5916,0.757109
-327.8317,27.8954,387.4612,0.757152
-327.7522,27.8907,387.3441,0.757192
-327.6636,27.8858,387.2131,0.757231
-327.5747,27.8809,387.0818,0.757278
-327.4854,27.8759,386.9501,0.757321
-327.3958,27.8709,386.8182,0.757361
-327.3057,27.8659,386.6860,0.757408
-327.2152,27.8609,386.5535,0.757449
-327.1252,27.8552,386.4218,0.757487
-327.0343,27.8492,386.2886,0.757536
-326.9532,27.8439,386.1698,0.757574
-326.8616,27.8379,386.0359,0.757618
-326.7697,27.8319,385.9017,0.757662
-326.6774,27.8258,385.7671,0.757709
-326.5839,27.8198,385.6313,0.757751
-326.4909,27.8146,385.4961,0.757795
-326.3977,27.8093,385.3606,0.757838
-326.3043,27.8040,385.2247,0.757886
-326.2103,27.7987,385.0886,0.757929
-326.1160,27.7934,384.9524,0.757974
-326.0220,27.7878,384.8170,0.758021
-325.9270,27.7815,384.6801,0.758065
-325.8423,27.7759,384.5582,0.758106
-325.7466,27.7696,384.4208,0.758146
-325.6505,27.7632,384.2831,0.758196
-325.5431,27.7561,384.1299,0.758245
-325.4462,27.7497,383.9916,0.758292
-325.3479,27.7433,383.8523,0.758337
-325.2502,27.7377,383.7135,0.758385
-325.1522,27.7321,383.5744,0.758429
-325.0538,27.7265,383.4350,0.758474
-324.9551,27.7209,383.2953,0.758522
-324.8566,27.7151,383.1566,0.758570
-324.7571,27.7084,383.0164,0.758617
-324.6573,27.7018,382.8759,0.758659
-324.5570,27.6951,382.7351,0.758708
-324.4562,27.6884,382.5941,0.758753
-324.3552,27.6817,382.4528,0.758801
-324.2538,27.6749,382.3112,0.758846
-324.1520,27.6682,382.1693,0.758897
-324.0489,27.6616,382.0261,0.758940
-323.9463,27.6556,381.8836,0.758989
-323.8434,27.6497,381.7408,0.759037
-323.7402,27.6437,381.5977,0.759087
-323.6373,27.6374,381.4555,0.759131
-323.5333,27.6305,381.3118,0.759182
-323.4290,27.6235,381.1678,0.759227
-323.3242,27.6165,381.0234,0.759277
-323.2309,27.6102,380.8950,0.759316
-323.1257,27.6032,380.7504,0.759369
-323.0204,27.5961,380.6057,0.759417
-322.9150,27.5891,380.4611,0.759464
-322.8096,27.5820,380.3165,0.759510
-322.7029,27.5756,380.1710,0.759559
-322.5973,27.5694,380.0264,0.759607
-322.5034,27.5639,379.8977,0.759651
-322.3983,27.5572,379.7541,0.759701
-322.2925,27.5501,379.6095,0.759744
-322.1866,27.5429,379.4650,0.759793
-322.0804,27.5358,379.3206,0.759843
-321.9742,27.5286,379.1764,0.759886
-321.8681,27.5215,379.0322,0.759938
-321.7618,27.5143,378.8881,0.759987
-321.6555,27.5072,378.7439,0.760031
-321.5490,27.5000,378.5999,0.760082
-321.4415,27.4930,378.4551,0.760127
-321.3349,27.4867,378.3112,0.760174
-321.2282,27.4804,378.1673,0.760224
-321.1340,27.4741,378.0405,0.760267
-321.0272,27.4668,377.8966,0.760313
-320.9202,27.4596,377.7529,0.760360
-320.8130,27.4524,377.6094,0.760408
-320.7057,27.4451,377.4661,0.760455
-320.5984,27.4378,377.3229,0.760504
-320.4910,27.4306,377.1796,0.760555
-320.3835,27.4233,377.0363,0.760600
-320.2759,27.4161,376.8932,0.760646
-320.1682,27.4088,376.7502,0.760696
-320.0595,27.4021,376.6065,0.760742
-319.9523,27.3955,376.4647,0.760790
-319.8445,27.3882,376.3218,0.760837
-319.7364,27.3809,376.1790,0.760886
-319.6281,27.3735,376.0363,0.760935
-319.5196,27.3662,375.8940,0.760981
-319.3989,27.3580,375.7359,0.761033
-319.2902,27.3506,375.5936,0.761082
-319.1815,27.3433,375.4514,0.761129
-319.0726,27.3359,375.3093,0.761178
-318.9637,27.3285,375.1673,0.761223
-318.8545,27.3211,375.0254,0.761270
-318.7444,27.3141,374.8828,0.761316
-318.6358,27.3070,374.7420,0.761367
-318.5266,27.2996,374.6001,0.761410
-318.4171,27.2921,374.4584,0.761459
-318.3074,27.2847,374.3168,0.761509
-318.1976,27.2772,374.1755,0.761556
-318.0877,27.2698,374.0344,0.761601
-317.9777,27.2623,373.8933,0.761649
-317.8676,27.2549,373.7522,0.761697
-317.7573,27.2474,373.6113,0.761744
-317.6469,27.2399,373.4705,0.761794
-317.5363,27.2324,373.3298,0.761836
-317.4254,27.2250,373.1895,0.761887
-317.3147,27.2175,373.0489,0.761936
-317.2042,27.2100,372.9081,0.761980
-317.0931,27.2025,372.7677,0.762027
-316.9820,27.1950,372.6274,0.762073
-316.8706,27.1875,372.4875,0.762121
-316.7715,27.1808,372.3632,0.762165
-316.6600,27.1733,372.2233,0.762212
-316.5483,27.1658,372.0836,0.762259
-316.4365,27.1583,371.9440,0.762304
-316.3246,27.1508,371.8044,0.762355
-316.2125,27.1432,371.6650,0.762398
-316.1001,27.1352,371.5258,0.762448
-315.9879,27.1277,371.3864,0.762492
-315.8755,27.1201,371.2472,0.762540
-315.7629,27.1125,371.1081,0.762588
-315.6502,27.1049,370.9691,0.762637
-315.5373,27.0973,370.8303,0.762680
-315.4244,27.0897,370.6917,0.762729
-315.3113,27.0821,370.5531,0.762776
-315.1981,27.0745,370.4146,0.762820
-315.0848,27.0669,370.2762,0.762872
-314.9714,27.0593,370.1378,0.762916
-314.8585,27.0515,370.0005,0.762966
-314.7441,27.0431,369.8615,0.763012
-314.6304,27.0355,369.7233,0.763056
-314.5165,27.0278,369.5852,0.763105
-314.4026,27.0201,369.4471,0.763153
-314.2886,27.0125,369.3091,0.763200
-314.1745,27.0048,369.1710,0.763247
-314.0604,26.9971,369.0328,0.763295
-313.9463,26.9895,368.8947,0.763345
-313.8322,26.9818,368.7564,0.763391
-313.7307,26.9750,368.6337,0.763431
-313.6165,26.9673,368.4956,0.763480
-313.5028,26.9590,368.3585,0.763526
-313.3878,26.9507,368.2198,0.763571
-313.2733,26.9430,368.0819,0.763617
-313.1461,26.9344,367.9288,0.763670
-313.0315,26.9267,367.7911,0.763718
-312.9041,26.9181,367.6382,0.763768
-312.7893,26.9104,367.5005,0.763819
-312.6745,26.9027,367.3629,0.763864
-312.5595,26.8950,367.2254,0.763908
-312.4445,26.8873,367.0880,0.763961
-312.3300,26.8794,366.9515,0.764004
-312.2149,26.8710,366.8141,0.764052
-312.0863,26.8616,366.6607,0.764104
-311.9709,26.8539,366.5234,0.764152
-311.8555,26.8461,366.3863,0.764196
-311.7401,26.8384,366.2492,0.764246
-311.6248,26.8306,366.1123,0.764292
-311.5092,26.8229,365.9755,0.764339
-311.3935,26.8151,365.8387,0.764387
-311.2777,26.8074,365.7019,0.764434
-311.1619,26.7996,365.5653,0.764481
-311.0464,26.7915,365.4294,0.764529
-310.9306,26.7831,365.2928,0.764575
-310.8140,26.7745,365.1556,0.764621
-310.6978,26.7667,365.0191,0.764666
-310.5815,26.7590,364.8828,0.764713
-310.4654,26.7512,364.7466,0.764762
-310.3492,26.7434,364.6103,0.764816
-310.2327,26.7356,364.4742,0.764855
-310.1162,26.7278,364.3381,0.764905
-309.9997,26.7200,364.2021,0.764949
-309.8834,26.7122,364.0669,0.764996
-309.7667,26.7038,363.9310,0.765044
-309.6499,26.6953,363.7950,0.765092
-309.5323,26.6869,363.6585,0.765139
-309.4152,26.6791,363.5229,0.765187
-309.2981,26.6713,363.3872,0.765233
-309.1680,26.6626,363.2368,0.765287
-309.0507,26.6548,363.1015,0.765331
-308.9334,26.6470,362.9662,0.765378
-308.8159,26.6391,362.8310,0.765427
-308.6988,26.6313,362.6966,0.765474
-308.5811,26.6229,362.5614,0.765523
-308.4635,26.6145,362.4264,0.765568
-308.3326,26.6051,362.2764,0.765621
-308.2141,26.5972,362.1410,0.765668
-308.0960,26.5893,362.0062,0.765713
-307.9780,26.5815,361.8716,0.765763
-307.8598,26.5737,361.7372,0.765808
-307.7417,26.5658,361.6028,0.765853
-307.6233,26.5580,361.4684,0.765903
-307.5052,26.5500,361.3348,0.765948
-307.3866,26.5416,361.2006,0.765996
-307.2679,26.5332,361.0666,0.766046
-307.1491,26.5247,360.9327,0.766091
-307.0294,26.5168,360.7984,0.766137
-306.9102,26.5089,360.6649,0.766185
-306.7909,26.5011,360.5316,0.766231
-306.6715,26.4932,360.3983,0.766278
-306.5521,26.4854,360.2653,0.766327
-306.4195,26.4767,360.1180,0.766374
-306.2863,26.4674,359.9702,0.766429
-306.1664,26.4590,359.8372,0.766478
-306.0464,26.4506,359.7046,0.766524
-305.9123,26.4415,359.5567,0.766577
-305.7919,26.4337,359.4242,0.766623
-305.6714,26.4258,359.2921,0.766668
-305.5509,26.4180,359.1600,0.766718
-305.4302,26.4101,359.0281,0.766764
-305.3098,26.4022,358.8969,0.766811
-305.1888,26.3938,358.7651,0.766859
-305.0540,26.3845,358.6189,0.766911
-304.9327,26.3762,358.4875,0.766959
-304.8105,26.3681,358.3558,0.767000
-304.6889,26.3602,358.2247,0.767052
-304.5670,26.3524,358.0939,0.767098
-304.4451,26.3445,357.9632,0.767144
-304.3230,26.3367,357.8327,0.767191
-304.2011,26.3285,357.7029,0.767238
-304.0787,26.3202,357.5726,0.767284
-303.9560,26.3118,357.4424,0.767332
-303.8326,26.3035,357.3120,0.767378
-303.7096,26.2957,357.1822,0.767427
-303.5865,26.2878,357.0525,0.767469
-303.4633,26.2800,356.9230,0.767518
-303.3400,26.2722,356.7937,0.767564
-303.2031,26.2631,356.6506,0.767617
-303.0795,26.2549,356.5214,0.767668
-302.9557,26.2466,356.3923,0.767709
-302.8314,26.2383,356.2631,0.767756
-302.7073,26.2304,356.1343,0.767803
-302.5832,26.2224,356.0056,0.767852
-302.4589,26.2144,355.8770,0.767900
-302.3207,26.2055,355.7343,0.767950
-302.1965,26.1973,355.6064,0.767999
-302.0719,26.1889,355.4781,0.768045
-301.9472,26.1805,355.3498,0.768095
-301.8223,26.1722,355.2215,0.768139
-301.6972,26.1638,355.0933,0.768185
-301.5721,26.1555,354.9653,0.768234
-301.4469,26.1472,354.8376,0.768279
-301.3076,26.1380,354.6957,0.768331
-301.1822,26.1297,354.5682,0.768377
-301.0569,26.1212,354.4413,0.768425
-300.9312,26.1126,354.3138,0.768468
-300.8053,26.1039,354.1866,0.768519
-300.6793,26.0952,354.0594,0.768566
-300.5532,26.0865,353.9324,0.768610
-300.4268,26.0779,353.8055,0.768659
-300.3004,26.0693,353.6788,0.768705
-300.1599,26.0598,353.5382,0.768755
-300.0333,26.0513,353.4117,0.768803
-299.9066,26.0427,353.2853,0.768848
-299.7801,26.0340,353.1593,0.768898
-299.6531,26.0251,353.0332,0.768944
-299.5261,26.0163,352.9072,0.768991
-299.3847,26.0064,352.7674,0.769045
-299.2432,25.9966,352.6276,0.769092
-299.1156,25.9878,352.5018,0.769139
-298.9739,25.9780,352.3622,0.769194
-298.8464,25.9693,352.2365,0.769239
-298.7188,25.9605,352.1111,0.769284
-298.5771,25.9508,351.9720,0.769337
-298.4493,25.9417,351.8467,0.769385
-298.3214,25.9327,351.7215,0.769431
-298.1933,25.9236,351.5963,0.769473
-298.0651,25.9145,351.4713,0.769526
-297.9368,25.9055,351.3464,0.769571
-297.8083,25.8964,351.2215,0.769616
-297.6655,25.8865,351.0830,0.769667
-297.5370,25.8776,350.9584,0.769715
-297.4084,25.8686,350.8339,0.769763
-297.2797,25.8597,350.7094,0.769807
-297.1510,25.8506,350.5853,0.769857
-297.0221,25.8415,350.4610,0.769902
-296.8787,25.8313,350.3230,0.769955
-296.7496,25.8221,350.1989,0.770001
-296.6204,25.8129,350.0751,0.770047
-296.4910,25.8037,349.9512,0.770095
-296.3615,25.7946,349.8273,0.770141
-296.2176,25.7845,349.6899,0.770193
-296.0880,25.7754,349.5663,0.770238
-295.9583,25.7663,349.4428,0.770287
-295.8286,25.7572,349.3195,0.770330
-295.6988,25.7480,349.1964,0.770378
-295.5544,25.7377,349.0596,0.770430
-295.4242,25.7284,348.9365,0.770478
-295.2940,25.7191,348.8135,0.770523
-295.1637,25.7099,348.6907,0.770569
-295.0333,25.7006,348.5680,0.770618
-294.9028,25.6913,348.4453,0.770666
-294.7578,25.6811,348.3092,0.770719
-294.6270,25.6719,348.1867,0.770761
-294.4963,25.6626,348.0645,0.770807
-294.3655,25.6534,347.9423,0.770855
-294.2346,25.6441,347.8203,0.770902
-294.1036,25.6347,347.6983,0.770949
-293.9724,25.6253,347.5763,0.770996
-293.8411,25.6160,347.4545,0.771044
-293.7098,25.6066,347.3329,0.771088
-293.5783,25.5972,347.2113,0.771134
-293.4321,25.5868,347.0763,0.771189
-293.3005,25.5774,346.9549,0.771235
-293.1688,25.5681,346.8336,0.771278
-293.0369,25.5587,346.7125,0.771327
-292.9051,25.5494,346.5914,0.771372
-292.7584,25.5390,346.4572,0.771421
-292.6263,25.5295,346.3364,0.771471
-292.4941,25.5201,346.2156,0.771517
-292.3470,25.5096,346.0816,0.771568
-292.2146,25.5002,345.9611,0.771613
-292.0820,25.4907,345.8406,0.771659
-291.9493,25.4813,345.7204,0.771704
-291.8018,25.4708,345.5867,0.771758
-291.6541,25.4603,345.4532,0.771811
-291.5212,25.4508,345.3332,0.771860
-291.3733,25.4403,345.1999,0.771910
-291.2401,25.4309,345.0800,0.771955
-291.1069,25.4214,344.9603,0.772005
-290.9587,25.4108,344.8273,0.772056
-290.8253,25.4013,344.7078,0.772098
-290.6917,25.3918,344.5883,0.772149
-290.5581,25.3823,344.4689,0.772196
-290.4243,25.3728,344.3497,0.772239
-290.2906,25.3633,344.2305,0.772287
-290.1418,25.3527,344.0983,0.772339
-290.0078,25.3432,343.9793,0.772385
-289.8738,25.3337,343.8605,0.772430
-289.7395,25.3241,343.7418,0.772476
-289.6053,25.3146,343.6232,0.772525
-289.4560,25.3040,343.4914,0.772576
-289.3215,25.2945,343.3730,0.772621
-289.1869,25.2849,343.2547,0.772669
-289.0522,25.2754,343.1365,0.772715
-288.9024,25.2648,343.0052,0.772766
-288.7676,25.2552,342.8872,0.772812
-288.6327,25.2457,342.7694,0.772858
-288.4826,25.2350,342.6385,0.772909
-288.3475,25.2253,342.5207,0.772957
-288.2123,25.2157,342.4031,0.773003
-288.0619,25.2050,342.2725,0.773054
-287.9266,25.1954,342.1552,0.773102
-287.7910,25.1857,342.0379,0.773147
-287.6554,25.1760,341.9206,0.773196
-287.5197,25.1663,341.8034,0.773239
-287.3838,25.1566,341.6864,0.773287
-287.2328,25.1458,341.5563,0.773338
-287.0969,25.1361,341.4394,0.773386
-286.9608,25.1264,341.3225,0.773431
-286.8247,25.1167,341.2056,0.773478
-286.6885,25.1070,341.0888,0.773525
-286.5524,25.0973,340.9720,0.773573
-286.4009,25.0866,340.8423,0.773620
-286.2646,25.0768,340.7259,0.773668
-286.1282,25.0670,340.6093,0.773719
-285.9917,25.0571,340.4929,0.773763
-285.8550,25.0472,340.3765,0.773808
-285.7184,25.0374,340.2601,0.773857
-285.5664,25.0264,340.1310,0.773906
-285.4296,25.0166,340.0148,0.773952
-285.2925,25.0068,339.8987,0.773998
-285.1555,24.9970,339.7827,0.774046
-285.0184,24.9873,339.6668,0.774090
-284.8660,24.9764,339.5382,0.774144
-284.7288,24.9667,339.4224,0.774193
-284.5916,24.9568,339.3071,0.774235
-284.4542,24.9468,339.1916,0.774280
-284.3166,24.9368,339.0760,0.774329
-284.1637,24.9257,338.9480,0.774381
-284.0260,24.9157,338.8327,0.774428
-283.8730,24.9046,338.7047,0.774478
-283.7349,24.8946,338.5893,0.774525
-283.5816,24.8837,338.4615,0.774578
-283.4282,24.8728,338.3338,0.774628
-283.2901,24.8630,338.2189,0.774674
-283.1519,24.8532,338.1040,0.774721
-282.9984,24.8423,337.9770,0.774772
-282.8601,24.8322,337.8623,0.774822
-282.7216,24.8221,337.7477,0.774866
-282.5830,24.8119,337.6334,0.774914
-282.4444,24.8018,337.5190,0.774960
-282.2903,24.7906,337.3920,0.775013
-282.1511,24.7805,337.2775,0.775057
-282.0122,24.7706,337.1634,0.775103
-281.8732,24.7608,337.0493,0.775150
-281.7341,24.7510,336.9354,0.775200
-281.5950,24.7411,336.8215,0.775242
-281.4403,24.7302,336.6950,0.775295
-281.3011,24.7201,336.5817,0.775345
-281.1617,24.7099,336.4681,0.775388
-281.0221,24.6997,336.3546,0.775436
-280.8824,24.6895,336.2411,0.775482
-280.7427,24.6794,336.1279,0.775528
-280.5870,24.6680,336.0017,0.775578
-280.4471,24.6582,335.8885,0.775628
-280.3070,24.6483,335.7755,0.775674
-280.1670,24.6384,335.6625,0.775720
-280.0268,24.6286,335.5496,0.775766
-279.8865,24.6187,335.4365,0.775813
-279.7465,24.6086,335.3242,0.775861
-279.6060,24.5984,335.2115,0.775906
-279.4655,24.5882,335.0989,0.775953
-279.3092,24.5769,334.9740,0.776004
-279.1684,24.5666,334.8617,0.776053
-279.0272,24.5564,334.7491,0.776098
-278.8863,24.5466,334.6369,0.776145
-278.7453,24.5367,334.5248,0.776192
-278.6042,24.5268,334.4127,0.776236
-278.4474,24.5158,334.2883,0.776289
-278.3062,24.5059,334.1764,0.776349
-278.1648,24.4960,334.0645,0.776384
-278.0236,24.4859,333.9532,0.776430
-277.8820,24.4757,333.8416,0.776474
-277.7246,24.4643,333.7177,0.776525
-277.5829,24.4541,333.6064,0.776573
-277.4409,24.4438,333.4951,0.776622
-277.2990,24.4336,333.3837,0.776668
-277.1409,24.4224,333.2599,0.776721
-276.9988,24.4125,333.1488,0.776768
-276.8567,24.4026,333.0377,0.776814
-276.7145,24.3927,332.9267,0.776862
-276.5722,24.3828,332.8158,0.776908
-276.4140,24.3718,332.6926,0.776960
-276.2717,24.3619,332.5822,0.777008
-276.1292,24.3517,332.4716,0.777054
-275.9865,24.3415,332.3611,0.777100
-275.8278,24.3302,332.2383,0.777151
-275.6850,24.3199,332.1280,0.777200
-275.5420,24.3097,332.0177,0.777246
-275.3828,24.2987,331.8948,0.777299
-275.2238,24.2877,331.7725,0.777348
-275.0647,24.2767,331.6503,0.777402
-274.9214,24.2668,331.5403,0.777446
-274.7782,24.2569,331.4303,0.777492
-274.6348,24.2471,331.3204,0.777540
-274.4915,24.2371,331.2111,0.777588
-274.3320,24.2258,331.0892,0.777640
-274.1884,24.2156,330.9797,0.777687
-274.0446,24.2055,330.8703,0.777733
-273.9004,24.1953,330.7607,0.777779
-273.7564,24.1854,330.6515,0.777825
-273.5963,24.1745,330.5303,0.777877
-273.4523,24.1647,330.4211,0.777925
-273.3081,24.1548,330.3122,0.777971
-273.1639,24.1450,330.2032,0.778018
-273.0197,24.1351,330.0944,0.778066
-272.8594,24.1240,329.9737,0.778119
-272.7149,24.1140,329.8651,0.778165
-272.5703,24.1039,329.7565,0.778211
-272.4257,24.0939,329.6481,0.778257
-272.2808,24.0840,329.5396,0.778302
-272.1359,24.0741,329.4314,0.778349
-271.9911,24.0643,329.3232,0.778399
-271.8300,24.0533,329.2032,0.778451
-271.6850,24.0434,329.0951,0.778497
-271.5399,24.0336,328.9872,0.778541
-271.3948,24.0236,328.8797,0.778590
-271.2496,24.0136,328.7719,0.778637
-271.1042,24.0035,328.6643,0.778682
-270.9587,23.9935,328.5568,0.778731
-270.7970,23.9824,328.4375,0.778781
-270.6513,23.9725,328.3303,0.778827
-270.5056,23.9626,328.2231,0.778877
-270.3599,23.9526,328.1160,0.778921
-270.2140,23.9427,328.0091,0.778968
-270.0518,23.9316,327.8904,0.779020
-269.9058,23.9217,327.7837,0.779068
-269.7597,23.9117,327.6773,0.779115
-269.6134,23.9016,327.5708,0.779161
-269.4508,23.8904,327.4527,0.779208
-269.3043,23.8804,327.3464,0.779258
-269.1577,23.8704,327.2404,0.779306
-269.0111,23.8605,327.1344,0.779351
-268.8481,23.8494,327.0167,0.779404
-268.7013,23.8394,326.9109,0.779451
-268.5545,23.8294,326.8052,0.779496
-268.4076,23.8194,326.6996,0.779547
-268.2605,23.8094,326.5941,0.779593
-268.1134,23.7994,326.4888,0.779639
-267.9498,23.7882,326.3719,0.779690
-267.8025,23.7782,326.2668,0.779738
-267.6551,23.7682,326.1618,0.779785
-267.5075,23.7581,326.0569,0.779829
-267.3599,23.7481,325.9520,0.779876
-267.1959,23.7370,325.8357,0.779930
-267.0481,23.7269,325.7311,0.779976
-266.8838,23.7158,325.6150,0.780027
-266.7359,23.7058,325.5106,0.780075
-266.5714,23.6946,325.3947,0.780127
-266.4233,23.6846,325.2906,0.780174
-266.2751,23.6745,325.1866,0.780221
-266.1104,23.6634,325.0711,0.780272
-265.9619,23.6533,324.9672,0.780318
-265.8135,23.6433,324.8635,0.780365
-265.6649,23.6332,324.7599,0.780413
-265.5163,23.6232,324.6564,0.780459
-265.3510,23.6120,324.5415,0.780510
-265.2022,23.6020,324.4382,0.780558
-265.0533,23.5919,324.3349,0.780605
-264.9043,23.5819,324.2317,0.780649
-264.7388,23.5707,324.1172,0.780703
-264.5897,23.5607,324.0140,0.780749
-264.4405,23.5507,323.9110,0.780798
-264.2914,23.5406,323.8082,0.780843
-264.1255,23.5294,323.6939,0.780895
-263.9762,23.5193,323.5912,0.780942
-263.8267,23.5093,323.4886,0.780989
-263.6771,23.4992,323.3860,0.781037
-263.5276,23.4891,323.2835,0.781082
-263.3779,23.4790,323.1811,0.781130
-263.2281,23.4690,323.0788,0.781175
-263.0783,23.4589,322.9766,0.781224
-262.9284,23.4488,322.8745,0.781269
-262.7784,23.4388,322.7723,0.781317
-262.6284,23.4287,322.6702,0.781363
-262.4784,23.4186,322.5682,0.781408
-262.3283,23.4086,322.4663,0.781455
-262.1615,23.3974,322.3531,0.781507
-262.0113,23.3873,322.2513,0.781554
-261.8610,23.3772,322.1495,0.781602
-261.7107,23.3671,322.0479,0.781652
-261.5604,23.3570,321.9462,0.781695
-261.4099,23.3470,321.8447,0.781743
-261.2426,23.3358,321.7320,0.781795
-261.0920,23.3257,321.6306,0.781843
-260.9414,23.3156,321.5293,0.781889
-260.7908,23.3055,321.4281,0.781938
-260.6232,23.2944,321.3157,0.781987
-260.4724,23.2843,321.2146,0.782036
-260.3215,23.2742,321.1136,0.782081
-260.1707,23.2641,321.0126,0.782129
-260.0197,23.2540,320.9118,0.782173
-259.8518,23.2428,320.7998,0.782228
-259.7007,23.2328,320.6991,0.782275
-259.5495,23.2227,320.5986,0.782320
-259.3983,23.2126,320.4980,0.782367
-259.2469,23.2025,320.3976,0.782413
-259.0956,23.1925,320.2973,0.782461
-258.9273,23.1812,320.1858,0.782513
-258.7759,23.1712,320.0855,0.782560
-258.6244,23.1611,319.9854,0.782604
-258.4727,23.1510,319.8853,0.782653
-258.3210,23.1410,319.7852,0.782701
-258.1525,23.1298,319.6741,0.782752
-258.0008,23.1197,319.5742,0.782798
-257.8321,23.1085,319.4634,0.782851
-257.6801,23.0985,319.3636,0.782897
-257.5282,23.0884,319.2639,0.782944
-257.3762,23.0783,319.1644,0.782990
-257.2243,23.0683,319.0650,0.783038
-257.0553,23.0570,318.9545,0.783091
-256.9030,23.0469,318.8550,0.783137
-256.7508,23.0369,318.7558,0.783183
-256.5985,23.0269,318.6566,0.783231
-256.4293,23.0157,318.5463,0.783282
-256.2769,23.0057,318.4473,0.783328
-256.1244,22.9956,318.3483,0.783374
-255.9719,22.9856,318.2495,0.783421
-255.8194,22.9756,318.1506,0.783470
-255.6667,22.9655,318.0519,0.783528
-255.5140,22.9555,317.9532,0.783564
-255.3613,22.9454,317.8547,0.783608
-255.2085,22.9353,317.7562,0.783657
-255.0387,22.9241,317.6467,0.783708
-254.8857,22.9141,317.5484,0.783755
-254.7327,22.9041,317.4501,0.783802
-254.5797,22.8941,317.3519,0.783851
-254.4266,22.8841,317.2538,0.783895
-254.2735,22.8741,317.1557,0.783943
-254.1203,22.8641,317.0577,0.783992
-253.9671,22.8541,316.9597,0.784038
-253.8138,22.8441,316.8618,0.784083
-253.6605,22.8341,316.7639,0.784131
-253.5073,22.8240,316.6659,0.784178
-253.3539,22.8139,316.5681,0.784225
-253.1834,22.8027,316.4594,0.784276
-253.0299,22.7927,316.3614,0.784324
-252.8764,22.7828,316.2635,0.784370
-252.7229,22.7728,316.1657,0.784416
-252.5694,22.7629,316.0678,0.784465
-252.4158,22.7529,315.9699,0.784512
-252.2451,22.7418,315.8610,0.784565
-252.0915,22.7318,315.7629,0.784609
-251.9379,22.7219,315.6646,0.784658
-251.7845,22.7119,315.5664,0.784704
-251.6310,22.7018,315.4681,0.784752
-251.4775,22.6918,315.3698,0.784799
-251.3240,22.6817,315.2714,0.784848
-251.1534,22.6706,315.1620,0.784899
-250.9999,22.6607,315.0637,0.784945
-250.8464,22.6508,314.9654,0.784990
-250.6929,22.6409,314.8671,0.785037
-250.5394,22.6310,314.7689,0.785085
-250.3859,22.6211,314.6706,0.785132
-250.2323,22.6112,314.5725,0.785180
-250.0789,22.6013,314.4745,0.785226
-249.9254,22.5913,314.3766,0.785271
-249.7718,22.5813,314.2786,0.785322
-249.6181,22.5713,314.1808,0.785366
-249.4474,22.5603,314.0718,0.785418
-249.2937,22.5504,313.9738,0.785465
-249.1230,22.5395,313.8652,0.785516
-248.9694,22.5297,313.7673,0.785565
-248.7986,22.5188,313.6587,0.785617
-248.6449,22.5090,313.5609,0.785663
-248.4912,22.4992,313.4632,0.785708
-248.3375,22.4893,313.3656,0.785758
-248.1837,22.4795,313.2681,0.785803
-248.0299,22.4696,313.1706,0.785849
-247.8589,22.4586,313.0623,0.785902
-247.7050,22.4487,312.9646,0.785949
-247.5511,22.4390,312.8672,0.785997
-247.3973,22.4293,312.7697,0.786044
-247.2433,22.4196,312.6723,0.786090
-247.0723,22.4088,312.5642,0.786142
-246.9184,22.3991,312.4669,0.786189
-246.7644,22.3894,312.3696,0.786236
-246.6104,22.3797,312.2724,0.786281
-246.4565,22.3699,312.1752,0.786329
-246.3024,22.3602,312.0780,0.786377
-246.1484,22.3505,311.9809,0.786422
-245.9942,22.3408,311.8837,0.786471
-245.8401,22.3312,311.7866,0.786517
-245.6860,22.3217,311.6895,0.786565
-245.5319,22.3121,311.5926,0.786610
-245.3607,22.3015,311.4848,0.786664
-245.2066,22.2919,311.3878,0.786711
-245.0525,22.2824,311.2909,0.786756
-244.8984,22.2729,311.1940,0.786803
-244.7442,22.2633,311.0973,0.786849
-244.5900,22.2538,311.0006,0.786896
-244.4357,22.2443,310.9037,0.786944
-244.2816,22.2349,310.8070,0.786990
-244.1274,22.2255,310.7103,0.787036
-243.9561,22.2151,310.6029,0.787088
-243.8018,22.2057,310.5063,0.787135
-243.6476,22.1963,310.4096,0.787182
-243.4934,22.1870,310.3131,0.787231
-243.3220,22.1766,310.2060,0.787281
-243.1678,22.1672,310.1096,0.787329
-243.0134,22.1579,310.0131,0.787375
-242.8592,22.1486,309.9167,0.787422
-242.7049,22.1394,309.8204,0.787470
-242.5336,22.1291,309.7137,0.787520
-242.3793,22.1198,309.6174,0.787566
-242.2249,22.1104,309.5213,0.787615
-242.0706,22.1010,309.4252,0.787660
-241.9163,22.0916,309.3292,0.787707
-241.7619,22.0823,309.2332,0.787753
-241.5904,22.0719,309.1265,0.787804
-241.4359,22.0626,309.0304,0.787853
-241.2815,22.0534,308.9346,0.787900
-241.1272,22.0442,308.8388,0.787945
-240.9730,22.0349,308.7433,0.787993
-240.8186,22.0256,308.6475,0.788039
-240.6643,22.0162,308.5518,0.788085
-240.5098,22.0068,308.4563,0.788134
-240.3382,21.9964,308.3503,0.788185
-240.1666,21.9859,308.2444,0.788236
-240.0121,21.9766,308.1493,0.788283
-239.8403,21.9662,308.0434,0.788336
-239.6857,21.9571,307.9486,0.788380
-239.5310,21.9480,307.8540,0.788428
-239.3766,21.9386,307.7598,0.788475
-239.2047,21.9282,307.6548,0.788526
-239.0499,21.9188,307.5606,0.788573
-238.8950,21.9094,307.4664,0.788620
-238.7229,21.8989,307.3620,0.788673
-238.5679,21.8896,307.2680,0.788718
-238.4130,21.8802,307.1742,0.788765
-238.2580,21.8708,307.0805,0.788812
-238.0854,21.8604,306.9760,0.788863
-237.9303,21.8513,306.8824,0.788908
-237.7756,21.8421,306.7892,0.788957
-237.6205,21.8326,306.6957,0.789002
-237.4480,21.8222,306.5919,0.789053
-237.2928,21.8128,306.4986,0.789099
-237.1375,21.8034,306.4055,0.789148
-236.9822,21.7939,306.3123,0.789193
-236.8268,21.7845,306.2195,0.789239
-236.6713,21.7751,306.1266,0.789286
-236.5159,21.7657,306.0338,0.789334
-236.3430,21.7553,305.9309,0.789386
-236.1872,21.7460,305.8379,0.789431
-236.0320,21.7367,305.7457,0.789477
-235.8765,21.7273,305.6531,0.789523
-235.7209,21.7179,305.5608,0.789571
-235.5651,21.7084,305.4684,0.789617
-235.3920,21.6979,305.3661,0.789669
-235.2364,21.6885,305.2740,0.789715
-235.0808,21.6791,305.1822,0.789763
-234.9080,21.6686,305.0803,0.789814
-234.7528,21.6592,304.9890,0.789858
-234.5980,21.6499,304.8979,0.789907
-234.4264,21.6395,304.7973,0.789957
-234.2726,21.6302,304.7066,0.790002
-234.1187,21.6208,304.6164,0.790049
-233.9481,21.6104,304.5164,0.790100
-233.7947,21.6011,304.4267,0.790145
-233.6417,21.5918,304.3373,0.790189
-233.4720,21.5815,304.2383,0.790239
-233.3196,21.5722,304.1496,0.790287
-233.1676,21.5630,304.0611,0.790332
-233.0158,21.5538,303.9730,0.790379
-232.8473,21.5435,303.8753,0.790427
-232.6957,21.5343,303.7874,0.790471
-232.5440,21.5250,303.6997,0.790515
-232.3748,21.5145,303.6015,0.790566
-232.2221,21.5052,303.5132,0.790612
-232.0690,21.4959,303.4248,0.790657
-231.8982,21.4855,303.3263,0.790709
-231.7440,21.4761,303.2375,0.790755
-231.5894,21.4667,303.1486,0.790801
-231.4171,21.4563,303.0496,0.790853
-231.2617,21.4468,302.9606,0.790897
-231.0890,21.4364,302.8618,0.790948
-230.9163,21.4258,302.7633,0.790998
-230.7607,21.4161,302.6744,0.791044
-230.5877,21.4054,302.5758,0.791095
-230.4319,21.3958,302.4871,0.791143
-230.2760,21.3862,302.3982,0.791189
-230.1201,21.3768,302.3098,0.791234
-229.9468,21.3662,302.2115,0.791285
-229.7908,21.3568,302.1232,0.791331
-229.6348,21.3473,302.0350,0.791377
-229.4614,21.3368,301.9370,0.791429
-229.3055,21.3273,301.8493,0.791474
-229.1494,21.3176,301.7614,0.791520
-228.9933,21.3079,301.6735,0.791566
-228.8199,21.2972,301.5762,0.791617
-228.6639,21.2875,301.4887,0.791663
-228.5081,21.2779,301.4014,0.791709
-228.3523,21.2683,301.3140,0.791755
-228.1794,21.2578,301.2173,0.791804
-228.0240,21.2483,301.1306,0.791851
-227.8688,21.2389,301.0440,0.791897
-227.7139,21.2295,300.9577,0.791941
-227.5424,21.2190,300.8625,0.791992
-227.3882,21.2094,300.7769,0.792038
-227.2344,21.1999,300.6916,0.792083
-227.0809,21.1903,300.6066,0.792128
-226.9108,21.1798,300.5125,0.792176
-226.7581,21.1703,300.4281,0.792222
-226.6057,21.1609,300.3440,0.792268
-226.4368,21.1504,300.2509,0.792317
-226.2851,21.1411,300.1670,0.792362
-226.1341,21.1319,300.0839,0.792404
-225.9670,21.1217,299.9918,0.792453
-225.8175,21.1125,299.9095,0.792498
-225.6687,21.1032,299.8275,0.792542
-225.5042,21.0930,299.7369,0.792590
-225.3571,21.0838,299.6559,0.792631
-225.2108,21.0747,299.5753,0.792675
-225.0494,21.0646,299.4864,0.792722
-224.9049,21.0556,299.4067,0.792763
-224.7614,21.0467,299.3275,0.792805
-224.6183,21.0377,299.2486,0.792848
-224.4597,21.0278,299.1608,0.792893
-224.3169,21.0190,299.0814,0.792936
-224.1745,21.0103,299.0026,0.792978
-224.0157,21.0003,298.9147,0.793025
-223.8727,20.9913,298.8356,0.793065
-223.7294,20.9823,298.7563,0.793107
-223.5699,20.9723,298.6681,0.793155
-223.4261,20.9633,298.5887,0.793196
-223.2546,20.9593,298.5160,0.793243
-223.1102,20.9519,298.4373,0.793286
-222.9660,20.9444,298.3579,0.793328
-222.8220,20.9369,298.2784,0.793369
-222.6621,20.9285,298.1904,0.793416
-222.5183,20.9210,298.1115,0.793458
-222.3747,20.9135,298.0328,0.793499
-222.2155,20.9052,297.9455,0.793547
-222.0567,20.8968,297.8582,0.793593
-221.8980,20.8885,297.7710,0.793639
-221.7554,20.8810,297.6928,0.793681
-221.6132,20.8737,297.6153,0.793721
-221.4553,20.8653,297.5288,0.793769
-221.3134,20.8577,297.4510,0.793809
-221.1561,20.8493,297.3647,0.793855
-221.0147,20.8418,297.2871,0.793897
-220.8734,20.8342,297.2095,0.793937
-220.7170,20.8258,297.1231,0.793983
-220.5766,20.8182,297.0458,0.794024
-220.4363,20.8104,296.9684,0.794065
-220.2807,20.8019,296.8826,0.794110
-220.1409,20.7942,296.8056,0.794151
-220.0015,20.7865,296.7286,0.794192
-219.8624,20.7788,296.6518,0.794231
-219.7081,20.7703,296.5665,0.794278
-219.5696,20.7627,296.4899,0.794319
-219.4313,20.7550,296.4134,0.794357
-219.2933,20.7474,296.3372,0.794398
-219.1403,20.7389,296.2527,0.794443
-219.0034,20.7312,296.1774,0.794482
-218.8663,20.7232,296.1019,0.794523
-218.7293,20.7153,296.0267,0.794563
-218.5773,20.7065,295.9436,0.794607
-218.4408,20.6986,295.8691,0.794647
-218.3047,20.6907,295.7950,0.794687
-218.1540,20.6820,295.7130,0.794730
-218.0189,20.6741,295.6399,0.794770
-217.8839,20.6661,295.5670,0.794809
-217.7342,20.6574,295.4866,0.794852
-217.5997,20.6496,295.4144,0.794891
-217.4655,20.6419,295.3429,0.794930
-217.3168,20.6334,295.2639,0.794974
-217.1827,20.6260,295.1926,0.795012
-217.0495,20.6189,295.1220,0.795051
-216.9017,20.6110,295.0438,0.795094
-216.7688,20.6039,294.9737,0.795133
-216.6364,20.5966,294.9052,0.795171
-216.4888,20.5881,294.8279,0.795214
-216.3554,20.5805,294.7583,0.795252
-216.2222,20.5732,294.6891,0.795291
-216.0740,20.5650,294.6124,0.795334
-215.9404,20.5576,294.5433,0.795372
-215.7922,20.5493,294.4674,0.795415
-215.6583,20.5416,294.3986,0.795454
-215.5245,20.5338,294.3300,0.795493
-215.3907,20.5259,294.2614,0.795532
-215.2422,20.5173,294.1858,0.795574
-215.1088,20.5095,294.1180,0.795612
-214.9760,20.5016,294.0514,0.795651
-214.8435,20.4936,293.9846,0.795689
-214.6963,20.4845,293.9107,0.795731
-214.5642,20.4764,293.8447,0.795769
-214.4324,20.4684,293.7791,0.795807
-214.3009,20.4604,293.7137,0.795845
-214.1554,20.4517,293.6417,0.795887
-214.0116,20.4426,293.5707,0.795929
-213.8671,20.4332,293.4996,0.795970
-213.7374,20.4248,293.4362,0.796008
-213.6080,20.4164,293.3732,0.796045
-213.4643,20.4071,293.3028,0.796087
-213.3358,20.3992,293.2407,0.796124
-213.1932,20.3906,293.1721,0.796165
-213.0655,20.3829,293.1106,0.796201
-212.9381,20.3752,293.0496,0.796237
-212.7969,20.3667,292.9822,0.796276
-212.6702,20.3591,292.9219,0.796313
-212.5444,20.3515,292.8632,0.796349
-212.4185,20.3435,292.8036,0.796386
-212.2774,20.3354,292.7371,0.796425
-212.1523,20.3285,292.6782,0.796460
-212.0276,20.3217,292.6196,0.796496
-211.9034,20.3148,292.5612,0.796530
-211.7657,20.3073,292.4967,0.796569
-211.6431,20.3009,292.4415,0.796604
-211.5201,20.2931,292.3843,0.796638
-211.3962,20.2855,292.3270,0.796673
-211.2602,20.2778,292.2644,0.796712
-211.1383,20.2710,292.2086,0.796746
-211.0168,20.2642,292.1529,0.796780
-210.8957,20.2574,292.0974,0.796815
-210.7750,20.2506,292.0423,0.796849
-210.6415,20.2432,291.9815,0.796886
-210.5215,20.2364,291.9272,0.796920
-210.4028,20.2297,291.8735,0.796954
-210.2837,20.2226,291.8199,0.796988
-210.1518,20.2148,291.7606,0.797025
-210.0335,20.2078,291.7077,0.797058
-209.9156,20.2008,291.6550,0.797092
-209.7850,20.1931,291.5970,0.797129
-209.6672,20.1862,291.5441,0.797161
-209.5497,20.1797,291.4922,0.797194
-209.4331,20.1731,291.4409,0.797227
-209.3018,20.1651,291.3833,0.797264
-209.1831,20.1579,291.3314,0.797298
-209.0638,20.1507,291.2794,0.797331
-208.9307,20.1426,291.2215,0.797369
-208.8103,20.1354,291.1693,0.797402
-208.6892,20.1281,291.1170,0.797437
-208.5539,20.1200,291.0588,0.797474
-208.4322,20.1124,291.0067,0.797509
-208.3092,20.1047,290.9541,0.797543
-208.1854,20.0970,290.9015,0.797578
-208.0610,20.0892,290.8488,0.797612
-207.9220,20.0805,290.7902,0.797651
-207.7957,20.0728,290.7362,0.797686
-207.6693,20.0654,290.6831,0.797722
-207.5436,20.0575,290.6305,0.797757
-207.4160,20.0493,290.5772,0.797793
-207.2734,20.0402,290.5180,0.797832
-207.1442,20.0320,290.4647,0.797869
-207.0144,20.0238,290.4113,0.797905
-206.8694,20.0146,290.3521,0.797945
-206.7233,20.0053,290.2923,0.797985
-206.5913,19.9972,290.2386,0.798022
-206.4440,19.9881,290.1786,0.798063
-206.3106,19.9799,290.1246,0.798100
-206.1766,19.9716,290.0705,0.798137
-206.0423,19.9633,290.0169,0.798175
-205.8927,19.9538,289.9569,0.798216
-205.7567,19.9446,289.9027,0.798254
-205.6201,19.9355,289.8484,0.798292
-205.4829,19.9263,289.7942,0.798330
-205.3453,19.9171,289.7399,0.798368
-205.2074,19.9079,289.6860,0.798406
-205.0539,19.8975,289.6259,0.798449
-204.9154,19.8881,289.5719,0.798487
-204.7768,19.8788,289.5181,0.798525
-204.6381,19.8694,289.4644,0.798563
-204.4997,19.8601,289.4111,0.798601
-204.3615,19.8508,289.3584,0.798639
-204.2244,19.8415,289.3061,0.798678
-204.0869,19.8317,289.2539,0.798715
-203.9499,19.8219,289.2021,0.798753
-203.8132,19.8123,289.1508,0.798790
-203.6770,19.8027,289.1000,0.798828
-203.5406,19.7933,289.0486,0.798865
-203.4078,19.7842,288.9994,0.798901
-203.2730,19.7738,288.9498,0.798939
-203.1385,19.7634,288.9007,0.798976
-203.0045,19.7532,288.8521,0.799012
-202.8708,19.7430,288.8041,0.799049
-202.7362,19.7331,288.7541,0.799084
-202.6047,19.7243,288.7070,0.799122
-202.4725,19.7147,288.6598,0.799158
-202.3406,19.7051,288.6129,0.799194
-202.2238,19.6966,288.5716,0.799227
-202.0927,19.6871,288.5256,0.799263
-201.9621,19.6777,288.4800,0.799298
-201.8309,19.6686,288.4331,0.799334
-201.7011,19.6601,288.3882,0.799368
-201.5712,19.6519,288.3434,0.799404
-201.4424,19.6438,288.2990,0.799439
-201.3140,19.6357,288.2547,0.799473
-201.1859,19.6277,288.2108,0.799509
-201.0582,19.6197,288.1673,0.799542
-200.9312,19.6117,288.1244,0.799577
-200.8044,19.6037,288.0815,0.799611
-200.6774,19.5958,288.0385,0.799646
-200.5517,19.5883,287.9961,0.799680
-200.4264,19.5809,287.9540,0.799713
-200.3015,19.5734,287.9123,0.799746
-200.1771,19.5660,287.8709,0.799779
-200.0668,19.5595,287.8344,0.799808
-199.9433,19.5523,287.7938,0.799842
-199.8249,19.5457,287.7548,0.799875
-199.7025,19.5360,287.7149,0.799908
-199.5941,19.5275,287.6797,0.799937
-199.4727,19.5179,287.6406,0.799969
-199.3522,19.5085,287.6023,0.800001
-199.2195,19.4981,287.5605,0.800038
-199.0979,19.4896,287.5180,0.800069
-198.9804,19.4828,287.4811,0.800101
-198.8644,19.4760,287.4446,0.800131
-198.7489,19.4690,287.4084,0.800163
-198.6470,19.4629,287.3768,0.800190
-198.5332,19.4562,287.3417,0.800220
-198.4203,19.4494,287.3072,0.800250
-198.3085,19.4428,287.2731,0.800279
-198.1977,19.4363,287.2395,0.800309
-198.0878,19.4298,287.2061,0.800339
-197.9911,19.4241,287.1769,0.800364
-197.8832,19.4178,287.1446,0.800393
-197.7783,19.4115,287.1132,0.800422
-197.6727,19.4045,287.0819,0.800450
-197.5681,19.3976,287.0512,0.800477
-197.4645,19.3909,287.0211,0.800504
-197.3620,19.3841,286.9915,0.800531
-197.2720,19.3783,286.9655,0.800556
-197.1716,19.3717,286.9366,0.800583
-197.0715,19.3653,286.9063,0.800608
-196.9736,19.3594,286.8779,0.800634
-196.8768,19.3536,286.8499,0.800659
-196.7790,19.3477,286.8215,0.800685
-196.6831,19.3426,286.7938,0.800712
-196.5877,19.3375,286.7663,0.800735
-196.5032,19.3330,286.7421,0.800759
-196.4082,19.3280,286.7149,0.800783
-196.3135,19.3230,286.6878,0.800809
-196.2190,19.3180,286.6608,0.800832
-196.1246,19.3130,286.6341,0.800859
-196.0327,19.3079,286.6115,0.800882
-195.9387,19.3017,286.5851,0.800907
-195.8553,19.2962,286.5617,0.800930
-195.7616,19.2900,286.5356,0.800953
-195.6660,19.2840,286.5092,0.800980
-195.5726,19.2787,286.4832,0.801004
-195.4794,19.2734,286.4573,0.801029
-195.3865,19.2681,286.4314,0.801052
-195.2937,19.2628,286.4056,0.801076
-195.2112,19.2581,286.3828,0.801100
-195.1103,19.2531,286.3580,0.801126
-195.0170,19.2464,286.3324,0.801150
-194.9339,19.2405,286.3096,0.801170
-194.8400,19.2338,286.2840,0.801195
-194.7458,19.2272,286.2584,0.801219
-194.6527,19.2202,286.2332,0.801246
-194.5580,19.2129,286.2076,0.801271
-194.4630,19.2056,286.1820,0.801295
-194.3678,19.1984,286.1566,0.801318
-194.2726,19.1911,286.1314,0.801344
-194.1778,19.1839,286.1063,0.801369
-194.0937,19.1775,286.0839,0.801391
-193.9996,19.1705,286.0592,0.801418
-193.9061,19.1635,286.0348,0.801441
-193.8131,19.1566,286.0107,0.801467
-193.7227,19.1499,285.9874,0.801492
-193.6308,19.1423,285.9638,0.801512
-193.5294,19.1339,285.9380,0.801539
-193.4388,19.1264,285.9149,0.801562
-193.3486,19.1189,285.8921,0.801587
-193.2586,19.1115,285.8695,0.801613
-193.1782,19.1048,285.8489,0.801630
-193.0882,19.0977,285.8266,0.801655
-192.9982,19.0905,285.8043,0.801678
-192.9080,19.0833,285.7820,0.801703
-192.8176,19.0761,285.7598,0.801724
-192.7278,19.0689,285.7380,0.801749
-192.6474,19.0623,285.7185,0.801770
-192.5569,19.0549,285.6967,0.801793
-192.4662,19.0475,285.6750,0.801815
-192.3750,19.0401,285.6528,0.801842
-192.2841,19.0329,285.6312,0.801864
-192.1932,19.0257,285.6097,0.801888
-192.1122,19.0194,285.5905,0.801909
-192.0250,18.9889,285.5623,0.801931
-191.9336,18.9815,285.5406,0.801956
-191.8415,18.9742,285.5197,0.801980
-191.7497,18.9670,285.5006,0.802005
-191.6580,18.9597,285.4803,0.802028
-191.5767,18.9532,285.4615,0.802047
-191.4852,18.9458,285.4398,0.802072
-191.3937,18.9385,285.4188,0.802094
-191.2977,18.9306,285.3968,0.802121
-191.2157,18.9253,285.3781,0.802140
-191.1234,18.9193,285.3574,0.802164
-191.0315,18.9133,285.3365,0.802186
-190.9398,18.9073,285.3154,0.802211
-190.8484,18.9013,285.2943,0.802234
-190.7672,18.8960,285.2757,0.802258
-190.6759,18.8901,285.2548,0.802281
-190.5849,18.8842,285.2343,0.802303
-190.4939,18.8783,285.2139,0.802327
-190.4054,18.8725,285.2009,0.802350
-190.3242,18.8658,285.1828,0.802370
-190.2324,18.8583,285.1625,0.802394
-190.1405,18.8509,285.1425,0.802416
-190.0484,18.8434,285.1225,0.802441
-189.9559,18.8360,285.1025,0.802464
-189.8627,18.8285,285.0828,0.802488
-189.7695,18.8211,285.0635,0.802512
-189.6766,18.8137,285.0443,0.802538
-189.5937,18.8070,285.0268,0.802558
-189.5006,18.7996,285.0067,0.802581
-189.4072,18.7919,284.9857,0.802605
-189.3137,18.7841,284.9650,0.802630
-189.2194,18.7764,284.9445,0.802654
-189.1357,18.7697,284.9268,0.802675
-189.0410,18.7622,284.9069,0.802698
-188.9458,18.7546,284.8866,0.802722
-188.8499,18.7469,284.8658,0.802747
-188.7643,18.7400,284.8471,0.802773
-188.6674,18.7323,284.8259,0.802797
-188.5703,18.7248,284.8060,0.802823
-188.4722,18.7166,284.7849,0.802847
-188.3622,18.7075,284.7614,0.802872
-188.2623,18.6992,284.7402,0.802899
-188.1615,18.6909,284.7189,0.802926
-188.0737,18.6830,284.7003,0.802949
-187.9716,18.6736,284.6788,0.802975
-187.8684,18.6640,284.6573,0.802999
-187.7645,18.6544,284.6356,0.803025
-187.6715,18.6458,284.6162,0.803045
-187.5639,18.6355,284.5884,0.803077
-187.4576,18.6271,284.5661,0.803105
-187.3505,18.6187,284.5435,0.803131
-187.2427,18.6102,284.5206,0.803159
-187.1461,18.6025,284.5001,0.803181
-187.0361,18.5939,284.4768,0.803212
-186.9259,18.5855,284.4536,0.803240
-186.8150,18.5770,284.4302,0.803266
-186.7157,18.5694,284.4094,0.803291
-186.6035,18.5608,284.3865,0.803320
-186.4903,18.5520,284.3629,0.803347
-186.3890,18.5441,284.3418,0.803373
-186.2741,18.5352,284.3179,0.803404
-186.1585,18.5262,284.2939,0.803429
-186.0419,18.5171,284.2698,0.803463
-185.9378,18.5091,284.2483,0.803485
-185.8197,18.5000,284.2237,0.803517
-185.7010,18.4909,284.1993,0.803546
-185.5813,18.4818,284.1748,0.803574
-185.4744,18.4737,284.1529,0.803601
-185.3534,18.4644,284.1279,0.803633
-185.2317,18.4551,284.1028,0.803663
-185.1229,18.4468,284.0802,0.803690
-184.9995,18.4375,284.0548,0.803725
-184.8755,18.4281,284.0295,0.803753
-184.7647,18.4197,284.0069,0.803783
-184.6392,18.4102,283.9813,0.803811
-184.5130,18.4007,283.9557,0.803843
-184.4001,18.3922,283.9327,0.803874
-184.2747,18.3743,283.8921,0.803906
-184.1460,18.3653,283.8665,0.803937
-184.0165,18.3563,283.8405,0.803972
-183.9010,18.3483,283.8170,0.803998
-183.7712,18.3392,283.7909,0.804030
-183.6389,18.3298,283.7636,0.804062
-183.5070,18.3208,283.7365,0.804097
-183.3892,18.3128,283.7123,0.804126
-183.2562,18.3037,283.6852,0.804161
-183.1225,18.2946,283.6580,0.804193
-183.0033,18.2865,283.6338,0.804225
-182.8685,18.2773,283.6066,0.804257
-182.7330,18.2680,283.5791,0.804291
-182.6119,18.2598,283.5549,0.804321
-182.4755,18.2505,283.5276,0.804353
-182.3387,18.2412,283.4998,0.804387
-182.2013,18.2318,283.4717,0.804424
-182.0797,18.2233,283.4477,0.804455
-181.9418,18.2134,283.4195,0.804488
-181.8029,18.2034,283.3916,0.804522
-181.6647,18.1939,283.3638,0.804557
-181.5111,18.1834,283.3330,0.804593
-181.3881,18.1750,283.3081,0.804626
-181.2496,18.1655,283.2803,0.804659
-181.1111,18.1561,283.2524,0.804697
-180.9882,18.1477,283.2276,0.804726
-180.8499,18.1382,283.1998,0.804761
-180.7119,18.1288,283.1722,0.804796
-180.5895,18.1204,283.1476,0.804827
-180.4526,18.1111,283.1210,0.804864
-180.3154,18.1012,283.0934,0.804896
-180.1631,18.0902,283.0629,0.804934
-180.0264,18.0803,283.0355,0.804966
-179.8898,18.0704,283.0081,0.804998
-179.7679,18.0617,282.9838,0.805026
-179.6317,18.0522,282.9563,0.805065
-179.4956,18.0427,282.9286,0.805099
-179.3745,18.0342,282.9036,0.805132
-179.2380,18.0246,282.8754,0.805160
-179.1012,18.0151,282.8471,0.805200
-178.9791,18.0065,282.8217,0.805226
-178.8413,17.9968,282.7932,0.805258
-178.7035,17.9871,282.7653,0.805297
-178.5646,17.9769,282.7364,0.805327
-178.4405,17.9678,282.7106,0.805361
-178.3003,17.9575,282.6815,0.805396
-178.1594,17.9472,282.6521,0.805432
-178.0335,17.9379,282.6259,0.805460
-177.8913,17.9275,282.5963,0.805493
-177.7484,17.9170,282.5663,0.805530
-177.6047,17.9064,282.5361,0.805563
-177.4764,17.8970,282.5089,0.805595
-177.3315,17.8863,282.4778,0.805633
-177.1858,17.8756,282.4462,0.805672
-177.0394,17.8648,282.4145,0.805708
-176.9091,17.8550,282.3867,0.805735
-176.7615,17.8438,282.3543,0.805773
-176.6133,17.8325,282.3215,0.805811
-176.4645,17.8211,282.2881,0.805850
-176.3317,17.8110,282.2581,0.805878
-176.1818,17.7995,282.2238,0.805917
-176.0312,17.7879,282.1891,0.805956
-175.8802,17.7763,282.1540,0.805992
-175.7455,17.7660,282.1224,0.806022
-175.5933,17.7543,282.0865,0.806062
-175.4405,17.7425,282.0501,0.806098
-175.3048,17.7320,282.0171,0.806130
-175.1511,17.7198,281.9796,0.806167
-174.9966,17.7074,281.9411,0.806206
-174.8587,17.6963,281.9066,0.806236
-174.7031,17.6838,281.8673,0.806276
-174.5470,17.6712,281.8275,0.806316
-174.4078,17.6600,281.7917,0.806348
-174.2506,17.6473,281.7507,0.806387
-174.0930,17.6346,281.7092,0.806424
-173.9349,17.6218,281.6670,0.806462
-173.7764,17.6089,281.6242,0.806494
-173.6176,17.5960,281.5808,0.806537
-173.4586,17.5830,281.5368,0.806575
-173.2995,17.5700,281.4920,0.806611
-173.1402,17.5570,281.4465,0.806647
-172.9992,17.5454,281.4056,0.806685
-172.8400,17.5319,281.3587,0.806725
-172.6807,17.5184,281.3112,0.806762
-172.5394,17.5065,281.2684,0.806800
-172.3755,17.4927,281.2198,0.806834
-172.2171,17.4828,281.1707,0.806874
-172.0769,17.4739,281.1263,0.806906
-171.9198,17.4639,281.0756,0.806942
-171.7633,17.4540,281.0245,0.806984
-171.6075,17.4441,280.9733,0.807021
-171.4697,17.4353,280.9276,0.807054
-171.3151,17.4254,280.8762,0.807089
-171.1615,17.4155,280.8244,0.807129
-171.0085,17.4057,280.7722,0.807167
-170.8733,17.3969,280.7255,0.807199
-170.7218,17.3871,280.6726,0.807235
-170.5711,17.3774,280.6194,0.807272
-170.4211,17.3676,280.5659,0.807308
-170.2720,17.3579,280.5122,0.807344
-170.1405,17.3492,280.4641,0.807379
-169.9935,17.3396,280.4096,0.807409
-169.8476,17.3299,280.3546,0.807447
-169.7054,17.3205,280.3010,0.807482
-169.5776,17.3102,280.2516,0.807517
-169.4348,17.2987,280.1961,0.807550
-169.2932,17.2872,280.1407,0.807584
-169.1527,17.2758,280.0850,0.807618
-169.0072,17.2656,280.0279,0.807655
-168.8842,17.2588,279.9774,0.807680
-168.7471,17.2512,279.9199,0.807713
-168.6114,17.2435,279.8619,0.807748
-168.4767,17.2360,279.8037,0.807782
-168.3581,17.2292,279.7518,0.807806
-168.2259,17.2217,279.6932,0.807840
-168.0951,17.2142,279.6342,0.807870
-167.9659,17.2067,279.5745,0.807908
-167.8524,17.2001,279.5211,0.807935
-167.7262,17.1926,279.4604,0.807967
-167.6015,17.1852,279.3993,0.807996
-167.4783,17.1778,279.3378,0.808030
-167.3700,17.1713,279.2829,0.808056
-167.2496,17.1640,279.2209,0.808084
-167.1308,17.1567,279.1584,0.808116
-167.0146,17.1491,279.0965,0.808145
-166.8991,17.1411,279.0335,0.808175
-166.7852,17.1333,278.9704,0.808207
-166.6726,17.1254,278.9072,0.808233
-166.5614,17.1176,278.8441,0.808260
-166.4516,17.1099,278.7812,0.808290
-166.3384,17.1021,278.7168,0.808322
-166.2317,17.0971,278.6539,0.808349
-166.1382,17.0928,278.5980,0.808367
-166.0232,17.0873,278.5280,0.808402
-165.9214,17.0825,278.4653,0.808430
-165.8095,17.0771,278.3958,0.808458
-165.7095,17.0722,278.3329,0.808486
-165.6098,17.0674,278.2696,0.808508
-165.5104,17.0625,278.2057,0.808533
-165.4111,17.0576,278.1411,0.808561
-165.3119,17.0527,278.0757,0.808584
-165.2126,17.0477,278.0096,0.808618
-165.1243,17.0432,277.9500,0.808639
-165.0247,17.0381,277.8824,0.808664
-164.9251,17.0330,277.8138,0.808694
-164.8260,17.0275,277.7452,0.808719
-164.7261,17.0218,277.6749,0.808747
-164.6261,17.0160,277.6036,0.808773
-164.5259,17.0101,277.5315,0.808799
-164.4256,17.0042,277.4583,0.808828
-164.3253,16.9983,277.3843,0.808854
-164.2139,16.9916,277.3009,0.808883
-164.1090,16.9859,277.2224,0.808908
-164.0083,16.9822,277.1453,0.808936
-163.9077,16.9785,277.0673,0.808963
-163.8073,16.9748,276.9883,0.808984
-163.7072,16.9711,276.9085,0.809022
-163.6072,16.9672,276.8279,0.809047
-163.5076,16.9634,276.7465,0.809076
-163.4083,16.9596,276.6644,0.809105
-163.3096,16.9557,276.5815,0.809129
-163.2005,16.9513,276.4888,0.809162
-163.1028,16.9474,276.4045,0.809191
-163.0065,16.9427,276.3212,0.809216
-162.9094,16.9377,276.2357,0.809247
-162.8128,16.9327,276.1498,0.809274
-162.7165,16.9277,276.0632,0.809298
-162.6208,16.9227,275.9759,0.809326
-162.5255,16.9176,275.8880,0.809355
-162.4306,16.9124,275.7994,0.809378
-162.3229,16.9076,275.6979,0.809409
-162.2292,16.9044,275.6079,0.809440
-162.1360,16.9012,275.5173,0.809465
-162.0432,16.8979,275.4261,0.809488
-161.9508,16.8947,275.3344,0.809520
-161.8689,16.8917,275.2524,0.809544
-161.7772,16.8884,275.1593,0.809573
-161.6859,16.8850,275.0654,0.809600
-161.5963,16.8818,274.9730,0.809629
-161.5058,16.8770,274.8775,0.809661
-161.4153,16.8722,274.7815,0.809682
-161.3249,16.8674,274.6849,0.809709
-161.2346,16.8625,274.5877,0.809739
-161.1347,16.8571,274.4788,0.809772
-161.0451,16.8521,274.3799,0.809799
-160.9536,16.8474,274.2780,0.809827
-160.8645,16.8441,274.1775,0.809852
-160.7758,16.8408,274.0764,0.809882
-160.6877,16.8375,273.9744,0.809910
-160.5997,16.8341,273.8717,0.809938
-160.5122,16.8307,273.7681,0.809969
-160.4154,16.8269,273.6521,0.810000
-160.3289,16.8234,273.5471,0.810026
-160.2439,16.8193,273.4440,0.810057
-160.1586,16.8144,273.3379,0.810087
-160.0735,16.8095,273.2313,0.810117
-159.9888,16.8045,273.1243,0.810151
-159.9046,16.7996,273.0171,0.810176
-159.8211,16.7946,272.9096,0.810209
-159.7384,16.7896,272.8018,0.810238
-159.6542,16.7852,272.6911,0.810263
-159.5729,16.7820,272.5829,0.810291
-159.4923,16.7788,272.4748,0.810322
-159.4124,16.7756,272.3665,0.810351
-159.3332,16.7724,272.2580,0.810383
-159.2546,16.7691,272.1494,0.810410
-159.1766,16.7659,272.0409,0.810444
-159.0993,16.7626,271.9324,0.810471
-159.0233,16.7588,271.8266,0.810503
-158.9471,16.7542,271.7180,0.810537
-158.8712,16.7495,271.6095,0.810565
-158.7956,16.7448,271.5007,0.810596
-158.7204,16.7402,271.3919,0.810625
-158.6456,16.7355,271.2827,0.810654
-158.5711,16.7307,271.1732,0.810687
-158.4873,16.7254,271.0490,0.810716
-158.4131,16.7219,270.9388,0.810748
-158.3392,16.7184,270.8282,0.810777
-158.2656,16.7149,270.7172,0.810809
-158.1923,16.7114,270.6057,0.810839
-158.1194,16.7079,270.4937,0.810873
-158.0468,16.7043,270.3813,0.810900
-157.9744,16.7007,270.2686,0.810933
-157.9023,16.6971,270.1554,0.810962
-157.8306,16.6930,270.0451,0.810996
-157.7586,16.6877,269.9312,0.811023
-157.6868,16.6824,269.8169,0.811055
-157.6151,16.6772,269.7022,0.811085
-157.5437,16.6718,269.5870,0.811116
-157.4728,16.6665,269.4713,0.811148
-157.4021,16.6611,269.3549,0.811180
-157.3309,16.6555,269.2365,0.811205
-157.2607,16.6511,269.1193,0.811241
-157.1908,16.6467,269.0016,0.811271
-157.1213,16.6422,268.8834,0.811298
-157.0522,16.6377,268.7645,0.811328
-156.9836,16.6331,268.6451,0.811355
-156.9154,16.6285,268.5250,0.811384
-156.8475,16.6239,268.4043,0.811416
-156.7798,16.6193,268.2833,0.811447
-156.7124,16.6146,268.1617,0.811478
-156.6451,16.6097,268.0436,0.811510
-156.5782,16.6030,267.9211,0.811539
-156.5114,16.5963,267.7982,0.811567
-156.4448,16.5896,267.6751,0.811602
-156.3784,16.5829,267.5515,0.811629
-156.3123,16.5761,267.4276,0.811658
-156.2390,16.5685,267.2895,0.811690
-156.1726,16.5621,267.1635,0.811718
-156.0995,16.5555,267.0247,0.811752
-156.0339,16.5495,266.8995,0.811782
-155.9686,16.5435,266.7739,0.811813
-155.9035,16.5375,266.6478,0.811845
-155.8458,16.5321,266.5353,0.811872
-155.7811,16.5260,266.4082,0.811902
-155.7165,16.5198,266.2806,0.811932
-155.6521,16.5137,266.1526,0.811957
-155.5878,16.5075,266.0240,0.811991
-155.5238,16.5012,265.8948,0.812023
-155.4599,16.4950,265.7652,0.812053
-155.3956,16.4873,265.6397,0.812082
-155.3321,16.4787,265.5093,0.812114
-155.2687,16.4701,265.3785,0.812140
-155.2052,16.4615,265.2473,0.812173
-155.1420,16.4529,265.1158,0.812203
-155.0791,16.4442,264.9850,0.812234
-155.0161,16.4348,264.8527,0.812266
-154.9602,16.4264,264.7347,0.812292
-154.8974,16.4170,264.6016,0.812325
-154.8346,16.4075,264.4681,0.812354
-154.7721,16.3979,264.3341,0.812387
-154.7098,16.3884,264.1996,0.812419
-154.6475,16.3787,264.0647,0.812450
-154.5854,16.3691,263.9294,0.812483
-154.5233,16.3594,263.7936,0.812517
-154.4681,16.3507,263.6725,0.812547
-154.4060,16.3410,263.5361,0.812578
-154.3440,16.3310,263.3990,0.812608
-154.2820,16.3210,263.2615,0.812643
-154.2202,16.3109,263.1237,0.812678
-154.1584,16.3007,262.9850,0.812708
-154.0967,16.2908,262.8463,0.812743
-154.0419,16.2820,262.7226,0.812774
-153.9802,16.2721,262.5832,0.812805
-153.9185,16.2621,262.4435,0.812842
-153.8569,16.2521,262.3033,0.812876
-153.7952,16.2420,262.1629,0.812910
-153.7405,16.2331,262.0377,0.812940
-153.6790,16.2230,261.8965,0.812976
-153.6174,16.2128,261.7549,0.813010
-153.5627,16.2038,261.6287,0.813041
-153.5012,16.1936,261.4863,0.813074
-153.4396,16.1834,261.3441,0.813113
-153.3849,16.1741,261.2169,0.813142
-153.3234,16.1636,261.0735,0.813180
-153.2618,16.1531,260.9293,0.813215
-153.2071,16.1440,260.8012,0.813245
-153.1456,16.1336,260.6567,0.813281
-153.0842,16.1233,260.5118,0.813315
-153.0297,16.1141,260.3825,0.813349
-152.9684,16.1036,260.2368,0.813385
-152.9140,16.0943,260.1069,0.813418
-152.8528,16.0838,259.9604,0.813454
-152.7917,16.0733,259.8134,0.813490
-152.7374,16.0639,259.6824,0.813522
-152.6697,16.0521,259.5182,0.813561
-152.6088,16.0415,259.3699,0.813599
-152.5480,16.0308,259.2212,0.813635
-152.4938,16.0212,259.0892,0.813668
-152.4330,16.0103,258.9392,0.813705
-152.3790,16.0008,258.8060,0.813737
-152.3183,15.9900,258.6557,0.813774
-152.2578,15.9792,258.5050,0.813811
-152.2041,15.9696,258.3707,0.813843
-152.1436,15.9588,258.2192,0.813880
-152.0900,15.9491,258.0841,0.813914
-152.0297,15.9381,257.9318,0.813951
-151.9695,15.9272,257.7791,0.813990
-151.9161,15.9174,257.6429,0.814022
-151.8561,15.9063,257.4893,0.814060
-151.8028,15.8965,257.3524,0.814095
-151.7428,15.8854,257.1980,0.814129
-151.6830,15.8743,257.0431,0.814173
-151.6298,15.8645,256.9055,0.814204
-151.5704,15.8534,256.7504,0.814240
-151.5112,15.8423,256.5952,0.814279
-151.4588,15.8324,256.4572,0.814314
-151.4000,15.8212,256.3018,0.814351
-151.3480,15.8113,256.1637,0.814386
-151.2898,15.8002,256.0084,0.814425
-151.2383,15.7902,255.8703,0.814458
-151.1805,15.7791,255.7151,0.814497
-151.1295,15.7692,255.5773,0.814531
-151.0724,15.7580,255.4223,0.814568
-151.0157,15.7469,255.2676,0.814609
-150.9654,15.7370,255.1302,0.814643
-150.9091,15.7260,254.9761,0.814681
-150.8595,15.7163,254.8396,0.814715
-150.8039,15.7054,254.6864,0.814752
-150.7486,15.6945,254.5340,0.814791
-150.6999,15.6848,254.3987,0.814826
-150.6456,15.6739,254.2471,0.814862
-150.5977,15.6643,254.1129,0.814896
-150.5442,15.6534,253.9626,0.814934
-150.4970,15.6439,253.8296,0.814968
-150.4444,15.6331,253.6805,0.815003
-150.3981,15.6236,253.5486,0.815038
-150.3464,15.6130,253.4009,0.815074
-150.3008,15.6035,253.2703,0.815109
-150.2498,15.5931,253.1237,0.815146
-150.2049,15.5839,252.9942,0.815179
-150.1548,15.5735,252.8493,0.815215
-150.1105,15.5644,252.7211,0.815247
-150.0611,15.5542,252.5776,0.815283
-150.0121,15.5440,252.4348,0.815319
-149.9687,15.5350,252.3086,0.815354
-149.9204,15.5248,252.1671,0.815388
-149.8724,15.5146,252.0262,0.815424
-149.8301,15.5056,251.9014,0.815455
-149.7827,15.4955,251.7613,0.815490
-149.7407,15.4865,251.6369,0.815521
-149.6937,15.4764,251.4969,0.815559
-149.6468,15.4663,251.3566,0.815594
-149.6000,15.4563,251.2162,0.815629
-149.5532,15.4462,251.0755,0.815665
-149.5065,15.4361,250.9343,0.815702
-149.4648,15.4272,250.8084,0.815734
-149.4180,15.4170,250.6663,0.815772
-149.3712,15.4068,250.5236,0.815808
-149.3296,15.3977,250.3964,0.815840
-149.2829,15.3874,250.2527,0.815877
-149.2413,15.3783,250.1245,0.815908
-149.1942,15.3679,249.9801,0.815946
-149.1526,15.3585,249.8512,0.815979
-149.1058,15.3480,249.7056,0.816017
-149.0642,15.3386,249.5757,0.816050
-149.0173,15.3280,249.4289,0.816087
-148.9756,15.3187,249.2981,0.816119
-148.9288,15.3081,249.1505,0.816158
-148.8873,15.2987,249.0188,0.816192
-148.8404,15.2881,248.8702,0.816230
-148.7988,15.2786,248.7376,0.816263
-148.7520,15.2679,248.5880,0.816302
-148.7105,15.2584,248.4545,0.816336
-148.6637,15.2476,248.3038,0.816374
-148.6169,15.2368,248.1526,0.816415
-148.5754,15.2271,248.0177,0.816449
-148.5285,15.2161,247.8658,0.816489
-148.4870,15.2063,247.7301,0.816523
-148.4404,15.1952,247.5768,0.816563
-148.3939,15.1842,247.4234,0.816602
-148.3528,15.1744,247.2868,0.816638
-148.3067,15.1634,247.1330,0.816678
-148.2607,15.1524,246.9788,0.816716
-148.2200,15.1425,246.8415,0.816751
-148.1745,15.1314,246.6868,0.816791
-148.1292,15.1202,246.5317,0.816831
-148.0892,15.1103,246.3937,0.816865
-148.0445,15.0991,246.2381,0.816907
-148.0050,15.0891,246.0995,0.816943
-147.9607,15.0778,245.9433,0.816983
-147.9213,15.0677,245.8042,0.817019
-147.8773,15.0564,245.6474,0.817059
-147.8383,15.0463,245.5076,0.817094
-147.7945,15.0349,245.3500,0.817136
-147.7558,15.0247,245.2095,0.817172
-147.7124,15.0133,245.0511,0.817212
-147.6740,15.0030,244.9099,0.817248
-147.6309,14.9915,244.7506,0.817288
-147.5916,14.9806,244.6089,0.817324
-147.5488,14.9685,244.4490,0.817366
-147.5109,14.9575,244.3066,0.817401
-147.4686,14.9449,244.1463,0.817443
-147.4312,14.9335,244.0036,0.817480
-147.3895,14.9206,243.8431,0.817521
-147.3481,14.9075,243.6826,0.817563
-147.3114,14.8957,243.5399,0.817598
-147.2703,14.8823,243.3794,0.817639
-147.2425,14.8806,243.2174,0.817674
-147.1848,14.8758,243.0775,0.817717
-147.1458,14.8644,242.9167,0.817758
-147.1074,14.8529,242.7553,0.817799
-147.0685,14.8414,242.5937,0.817839
-147.0290,14.8299,242.4318,0.817882
-146.9935,14.8197,242.2879,0.817918
-146.9538,14.8082,242.1260,0.817959
-146.9146,14.7966,241.9636,0.818000
-146.8800,14.7863,241.8188,0.818037
-146.8413,14.7746,241.6553,0.818078
-146.8070,14.7641,241.5096,0.818116
-146.7682,14.7523,241.3450,0.818158
-146.7336,14.7418,241.1978,0.818196
-146.6948,14.7299,241.0319,0.818237
-146.6565,14.7179,240.8655,0.818279
-146.6229,14.7072,240.7173,0.818316
-146.5857,14.6951,240.5500,0.818359
-146.5488,14.6829,240.3821,0.818402
-146.5119,14.6707,240.2137,0.818444
-146.4791,14.6598,240.0636,0.818483
-146.4422,14.6476,239.8943,0.818527
-146.4060,14.6353,239.7248,0.818568
-146.3707,14.6228,239.5547,0.818613
-146.3394,14.6117,239.4031,0.818651
-146.3046,14.5991,239.2320,0.818694
-146.2730,14.5879,239.0795,0.818733
-146.2369,14.5753,238.9074,0.818778
-146.2045,14.5642,238.7545,0.818816
-146.1684,14.5515,238.5824,0.818861
-146.1331,14.5388,238.4097,0.818904
-146.0985,14.5260,238.2363,0.818949
-146.0682,14.5146,238.0819,0.818987
-146.0340,14.5016,237.9077,0.819033
-145.9995,14.4887,237.7332,0.819076
-145.9685,14.4772,237.5779,0.819117
-145.9335,14.4643,237.4029,0.819160
-145.8986,14.4513,237.2276,0.819206
-145.8676,14.4398,237.0713,0.819245
-145.8329,14.4267,236.8953,0.819291
-145.7982,14.4137,236.7192,0.819336
-145.7672,14.4021,236.5626,0.819376
-145.7322,14.3890,236.3866,0.819421
-145.6971,14.3760,236.2107,0.819466
-145.6656,14.3645,236.0546,0.819507
-145.6300,14.3516,235.8790,0.819551
-145.5942,14.3386,235.7034,0.819597
-145.5581,14.3257,235.5279,0.819642
-145.5259,14.3143,235.3720,0.819683
-145.4898,14.3015,235.1978,0.819726
-145.4573,14.2893,235.0420,0.819767
-145.4206,14.2757,234.8667,0.819812
-145.3837,14.2621,234.6915,0.819858
-145.3508,14.2500,234.5358,0.819898
-145.3136,14.2364,234.3607,0.819944
-145.2764,14.2228,234.1856,0.819988
-145.2473,14.2102,234.0284,0.820029
-145.2100,14.1972,233.8533,0.820074
-145.1726,14.1843,233.6783,0.820119
-145.1350,14.1713,233.5033,0.820165
-145.0974,14.1583,233.3284,0.820210
-145.0596,14.1453,233.1535,0.820255
-145.0218,14.1324,232.9786,0.820300
-144.9838,14.1194,232.8036,0.820345
-144.9458,14.1065,232.6287,0.820391
-144.9077,14.0935,232.4538,0.820444
-144.8739,14.0820,232.2983,0.820476
-144.8360,14.0690,232.1232,0.820522
-144.7984,14.0561,231.9479,0.820567
-144.7610,14.0430,231.7724,0.820610
-144.7281,14.0314,231.6162,0.820652
-144.6914,14.0183,231.4403,0.820699
-144.6550,14.0052,231.2643,0.820744
-144.6228,13.9935,231.1079,0.820784
-144.5868,13.9804,230.9319,0.820831
-144.5509,13.9672,230.7559,0.820875
-144.5190,13.9555,230.5994,0.820915
-144.4832,13.9424,230.4233,0.820961
-144.4476,13.9292,230.2472,0.821006
-144.4162,13.9173,230.0911,0.821047
-144.3807,13.9037,229.9149,0.821092
-144.3454,13.8902,229.7387,0.821136
-144.3140,13.8781,229.5821,0.821177
-144.2788,13.8645,229.4059,0.821222
-144.2437,13.8509,229.2297,0.821268
-144.2086,13.8374,229.0535,0.821314
-144.1736,13.8238,228.8772,0.821358
-144.1387,13.8102,228.7010,0.821404
-144.1114,13.7976,228.5429,0.821444
-144.0767,13.7846,228.3666,0.821487
-144.0422,13.7715,228.1903,0.821534
-144.0078,13.7584,228.0139,0.821579
-143.9736,13.7454,227.8375,0.821626
-143.9395,13.7323,227.6611,0.821671
-143.9055,13.7192,227.4846,0.821716
-143.8716,13.7061,227.3081,0.821761
-143.8378,13.6930,227.1315,0.821805
-143.8041,13.6799,226.9550,0.821850
-143.7706,13.6668,226.7784,0.821896
-143.7372,13.6536,226.6019,0.821941
-143.7038,13.6405,226.4254,0.821987
-143.6743,13.6289,226.2685,0.822027
-143.6411,13.6157,226.0919,0.822071
-143.6081,13.6026,225.9153,0.822116
-143.5751,13.5895,225.7387,0.822161
-143.5422,13.5763,225.5621,0.822207
-143.5094,13.5632,225.3855,0.822252
-143.4767,13.5500,225.2089,0.822297
-143.4443,13.5364,225.0332,0.822342
-143.4153,13.5241,224.8763,0.822380
-143.3828,13.5102,224.6996,0.822426
-143.3502,13.4963,224.5230,0.822471
-143.3177,13.4825,224.3463,0.822516
-143.2853,13.4686,224.1697,0.822561
-143.2529,13.4547,223.9931,0.822608
-143.2207,13.4408,223.8165,0.822651
-143.1884,13.4269,223.6399,0.822697
-143.1557,13.4114,223.4425,0.822747
-143.1236,13.3980,223.2658,0.822791
-143.0916,13.3846,223.0892,0.822836
-143.0597,13.3712,222.9125,0.822882
-143.0279,13.3578,222.7358,0.822927
-142.9961,13.3444,222.5592,0.822971
-142.9644,13.3310,222.3825,0.823016
-142.9328,13.3176,222.2058,0.823061
-142.9012,13.3042,222.0292,0.823106
-142.8698,13.2907,221.8525,0.823151
-142.8385,13.2773,221.6758,0.823195
-142.8074,13.2639,221.4991,0.823239
-142.7763,13.2505,221.3224,0.823285
-142.7454,13.2370,221.1456,0.823330
-142.7146,13.2236,220.9688,0.823373
-142.6838,13.2102,220.7919,0.823419
-142.6532,13.1967,220.6151,0.823463
-142.6227,13.1833,220.4382,0.823508
-142.5957,13.1713,220.2810,0.823547
-142.5653,13.1579,220.1038,0.823592
-142.5350,13.1446,219.9268,0.823637
-142.5049,13.1314,219.7499,0.823682
-142.4749,13.1182,219.5729,0.823726
-142.4449,13.1050,219.3960,0.823770
-142.4118,13.0903,219.1993,0.823820
-142.3787,13.0756,219.0027,0.823869
-142.3490,13.0623,218.8256,0.823913
-142.3192,13.0491,218.6487,0.823958
-142.2897,13.0358,218.4716,0.824001
-142.2604,13.0225,218.2945,0.824046
-142.2311,13.0092,218.1173,0.824090
-142.2020,12.9959,217.9402,0.824135
-142.1730,12.9826,217.7630,0.824181
-142.1441,12.9693,217.5859,0.824226
-142.1153,12.9560,217.4087,0.824268
-142.0865,12.9426,217.2315,0.824313
-142.0579,12.9293,217.0543,0.824358
-142.0293,12.9160,216.8772,0.824401
-142.0009,12.9027,216.6999,0.824444
-141.9725,12.8894,216.5227,0.824489
-141.9442,12.8760,216.3455,0.824534
-141.9160,12.8627,216.1682,0.824577
-141.8910,12.8509,216.0107,0.824616
-141.8629,12.8375,215.8334,0.824661
-141.8350,12.8242,215.6561,0.824704
-141.8071,12.8108,215.4788,0.824749
-141.7794,12.7975,215.3015,0.824793
-141.7517,12.7842,215.1241,0.824836
-141.7241,12.7709,214.9465,0.824878
-141.6997,12.7592,214.7888,0.824919
-141.6723,12.7461,214.6114,0.824963
-141.6451,12.7329,214.4340,0.825005
-141.6171,12.7198,214.2570,0.825051
-141.5900,12.7065,214.0796,0.825097
-141.5630,12.6932,213.9022,0.825139
-141.5361,12.6798,213.7247,0.825183
-141.5092,12.6665,213.5472,0.825229
-141.4795,12.6517,213.3500,0.825275
-141.4529,12.6383,213.1726,0.825320
-141.4263,12.6250,212.9951,0.825363
-141.3998,12.6116,212.8176,0.825408
-141.3735,12.5983,212.6401,0.825451
-141.3472,12.5849,212.4625,0.825495
-141.3210,12.5716,212.2849,0.825537
-141.2979,12.5597,212.1271,0.825576
-141.2718,12.5463,211.9495,0.825620
-141.2459,12.5329,211.7719,0.825665
-141.2201,12.5196,211.5944,0.825709
-141.1943,12.5062,211.4168,0.825750
-141.1687,12.4928,211.2392,0.825797
-141.1431,12.4795,211.0616,0.825839
-141.1177,12.4661,210.8840,0.825880
-141.0924,12.4527,210.7065,0.825925
-141.0700,12.4408,210.5486,0.825962
-141.0448,12.4274,210.3711,0.826007
-141.0197,12.4140,210.1935,0.826051
-141.0008,12.3957,209.9967,0.826094
-140.9766,12.3435,209.8378,0.826136
-140.9496,12.3281,209.6602,0.826180
-140.9246,12.3144,209.5013,0.826217
-140.8956,12.2991,209.3225,0.826265
-140.8659,12.2840,209.1439,0.826305
-140.8381,12.2690,208.9646,0.826347
-140.8124,12.2544,208.7868,0.826390
-140.7876,12.2399,208.6092,0.826431
-140.7633,12.2256,208.4314,0.826475
-140.7388,12.2115,208.2535,0.826519
-140.7169,12.1992,208.0953,0.826559
-140.6921,12.1855,207.9175,0.826598
-140.6674,12.1721,207.7402,0.826643
-140.6430,12.1589,207.5631,0.826684
-140.6180,12.1462,207.3863,0.826727
-140.5945,12.1335,207.2094,0.826771
-140.5713,12.1211,207.0327,0.826813
-140.5484,12.1088,206.8562,0.826853
-140.5283,12.0981,206.6995,0.826891
-140.4946,12.1415,206.5246,0.826935
-140.4782,12.1280,206.3487,0.826975
-140.4628,12.1144,206.1723,0.827016
-140.4452,12.1008,205.9949,0.827059
-140.4292,12.0887,205.8362,0.827096
-140.4107,12.0750,205.6575,0.827138
-140.3903,12.0616,205.4810,0.827180
-140.3728,12.0482,205.3051,0.827223
-140.3598,12.0360,205.1475,0.827260
-140.3482,12.0224,204.9717,0.827303
-140.3342,12.0089,204.7972,0.827344
-140.3181,11.9956,204.6230,0.827385
-140.3005,11.9823,204.4487,0.827426
-140.2822,11.9690,204.2742,0.827467
-140.2636,11.9559,204.1012,0.827507
-140.2472,11.9444,203.9498,0.827542
-140.2301,11.9299,203.7605,0.827590
-140.2173,11.9168,203.5907,0.827627
-140.2041,11.9022,203.4026,0.827672
-140.1916,11.8892,203.2337,0.827712
-140.1794,11.8777,203.0843,0.827746
-140.1650,11.8648,202.9169,0.827787
-140.1507,11.8521,202.7505,0.827827
-140.1371,11.8394,202.5848,0.827868
-140.1243,11.8267,202.4196,0.827906
-140.1122,11.8140,202.2549,0.827941
-140.1014,11.8028,202.1090,0.827978
-140.0892,11.7902,201.9454,0.828017
-140.0770,11.7777,201.7825,0.828054
-140.0661,11.7666,201.6380,0.828090
-140.0541,11.7541,201.4757,0.828128
-140.0423,11.7416,201.3133,0.828165
-140.0307,11.7291,201.1508,0.828205
-140.0204,11.7179,201.0064,0.828236
-140.0090,11.7054,200.8439,0.828275
-139.9975,11.6929,200.6814,0.828317
-139.9863,11.6804,200.5189,0.828353
-139.9763,11.6693,200.3744,0.828386
-139.9653,11.6567,200.2118,0.828425
-139.9544,11.6442,200.0492,0.828463
-139.9448,11.6331,199.9046,0.828496
-139.9341,11.6206,199.7420,0.828536
-139.9235,11.6080,199.5793,0.828571
-139.9131,11.5955,199.4164,0.828611
-139.9029,11.5829,199.2536,0.828647
-139.8928,11.5703,199.0907,0.828688
-139.8841,11.5591,198.9459,0.828720
-139.8744,11.5465,198.7830,0.828757
-139.8651,11.5340,198.6202,0.828797
-139.8560,11.5214,198.4576,0.828834
-139.8481,11.5102,198.3130,0.828865
-139.8396,11.4977,198.1508,0.828904
-139.8314,11.4852,197.9888,0.828943
-139.8235,11.4726,197.8271,0.828978
-139.8166,11.4615,197.6836,0.829013
-139.8091,11.4491,197.5224,0.829052
-139.8019,11.4366,197.3615,0.829087
-139.7957,11.4255,197.2186,0.829115
-139.7890,11.4130,197.0581,0.829158
-139.7826,11.4006,196.8979,0.829193
-139.7773,11.3895,196.7555,0.829225
-139.7717,11.3770,196.5954,0.829261
-139.7666,11.3645,196.4353,0.829299
-139.7617,11.3532,196.2894,0.829331
-139.7574,11.3431,196.1293,0.829363
-139.7537,11.3330,195.9691,0.829404
-139.7509,11.3241,195.8270,0.829436
-139.7480,11.3139,195.6672,0.829474
-139.7458,11.3050,195.5252,0.829501
-139.7435,11.2948,195.3656,0.829538
-139.7416,11.2847,195.2060,0.829572
-139.7394,11.2758,195.0654,0.829606
-139.7383,11.2650,194.9060,0.829638
-139.7375,11.2541,194.7467,0.829676
-139.7373,11.2432,194.5875,0.829713
-139.7374,11.2323,194.4283,0.829749
-139.7381,11.2214,194.2694,0.829787
-139.7392,11.2117,194.1284,0.829815
-139.7409,11.2008,193.9702,0.829850
-139.7428,11.1911,193.8300,0.829886
-139.7452,11.1807,193.6710,0.829920
-139.7480,11.1719,193.5314,0.829949
-139.7514,11.1620,193.3749,0.829981
-139.7548,11.1533,193.2364,0.830012
-139.7590,11.1435,193.0813,0.830046
-139.7630,11.1348,192.9440,0.830080
-139.7670,11.1249,192.7911,0.830111
-139.7717,11.1156,192.6548,0.830142
-139.7773,11.1052,192.5020,0.830176
-139.7827,11.0959,192.3667,0.830209
-139.7892,11.0855,192.2150,0.830239
-139.7954,11.0763,192.0808,0.830270
-139.8027,11.0660,191.9303,0.830301
-139.8097,11.0568,191.7970,0.830334
-139.8179,11.0464,191.6475,0.830366
-139.8255,11.0373,191.5151,0.830393
-139.8347,11.0270,191.3667,0.830426
-139.8434,11.0181,191.2334,0.830457
-139.8541,11.0088,191.0856,0.830489
-139.8643,11.0005,190.9547,0.830516
-139.8762,10.9911,190.8079,0.830550
-139.8873,10.9829,190.6781,0.830580
-139.8994,10.9731,190.5335,0.830608
-139.9115,10.9643,190.4046,0.830638
-139.9240,10.9554,190.2762,0.830666
-139.9386,10.9454,190.1322,0.830698
-139.9521,10.9366,190.0048,0.830728
-139.9677,10.9267,189.8621,0.830759
-139.9857,10.9156,189.7042,0.830793
-140.0042,10.9046,189.5471,0.830825
-140.0193,10.8958,189.4220,0.830853
-140.0367,10.8859,189.2818,0.830885
-140.0525,10.8772,189.1577,0.830912
-140.0727,10.8662,189.0033,0.830946
-140.0937,10.8554,188.8480,0.830980
-140.1151,10.8456,188.6950,0.831009
-140.1325,10.8377,188.5732,0.831041
-140.1487,10.8298,188.4530,0.831068
-140.1680,10.8204,188.3173,0.831098
-140.1852,10.8121,188.1972,0.831125
-140.2026,10.8038,188.0776,0.831151
-140.2222,10.7945,187.9435,0.831181
-140.2444,10.7842,187.7952,0.831214
-140.2625,10.7759,187.6771,0.831239
-140.2807,10.7677,187.5593,0.831265
-140.3040,10.7574,187.4123,0.831302
-140.3253,10.7481,187.2799,0.831327
-140.3445,10.7398,187.1621,0.831355
-140.3690,10.7294,187.0146,0.831389
-140.3915,10.7200,186.8816,0.831417
-140.4145,10.7106,186.7482,0.831446
-140.4382,10.7011,186.6146,0.831478
-140.4599,10.6927,186.4936,0.831502
-140.4807,10.6851,186.3748,0.831532
-140.5056,10.6758,186.2397,0.831560
-140.5280,10.6675,186.1193,0.831588
-140.5534,10.6581,185.9835,0.831617
-140.5792,10.6486,185.8473,0.831650
-140.6086,10.6381,185.6954,0.831682
-140.6386,10.6274,185.5430,0.831718
-140.6661,10.6178,185.4054,0.831748
-140.6972,10.6070,185.2520,0.831783
-140.7289,10.5962,185.0981,0.831819
-140.7609,10.5854,184.9438,0.831851
-140.7936,10.5744,184.7889,0.831884
-140.8279,10.5633,184.6336,0.831919
-140.8619,10.5523,184.4778,0.831953
-140.8966,10.5412,184.3214,0.831987
-140.9312,10.5302,184.1636,0.832027
-140.9598,10.5216,184.0375,0.832053
-140.9886,10.5129,183.9112,0.832084
-141.0212,10.5031,183.7687,0.832111
-141.0506,10.4944,183.6418,0.832140
-141.0842,10.4845,183.4987,0.832173
-141.1222,10.4735,183.3391,0.832209
-141.1570,10.4635,183.1951,0.832239
-141.1962,10.4523,183.0346,0.832273
-141.2361,10.4411,182.8736,0.832309
-141.2765,10.4298,182.7122,0.832344
-141.3175,10.4185,182.5503,0.832380
-141.3592,10.4071,182.3881,0.832419
-141.4017,10.3956,182.2255,0.832452
-141.4434,10.3840,182.0650,0.832491
-141.4879,10.3721,181.8978,0.832529
-141.5320,10.3609,181.7337,0.832562
-141.5765,10.3497,181.5692,0.832601
-141.6215,10.3384,181.4044,0.832638
-141.6627,10.3282,181.2559,0.832671
-141.7091,10.3168,181.0904,0.832706
-141.7562,10.3053,180.9245,0.832743
-141.8039,10.2938,180.7583,0.832781
-141.8522,10.2822,180.5918,0.832817
-141.9012,10.2705,180.4248,0.832853
-141.9460,10.2600,180.2743,0.832886
-141.9965,10.2482,180.1067,0.832925
-142.0463,10.2366,179.9410,0.832959
-142.0994,10.2236,179.7690,0.832998
-142.1466,10.2133,179.6168,0.833031
-142.1995,10.2018,179.4474,0.833072
-142.2476,10.1914,179.2946,0.833102
-142.2910,10.1821,179.1587,0.833136
-142.3403,10.1716,179.0054,0.833169
-142.3959,10.1598,178.8346,0.833205
-142.4522,10.1480,178.6635,0.833243
-142.5035,10.1373,178.5092,0.833278
-142.5612,10.1254,178.3373,0.833314
-142.6197,10.1134,178.1652,0.833353
-142.6732,10.1025,178.0100,0.833390
-142.7337,10.0903,177.8372,0.833426
-142.7943,10.0771,177.6629,0.833468
-142.8562,10.0654,177.4891,0.833504
-142.9124,10.0548,177.3324,0.833539
-142.9758,10.0429,177.1581,0.833578
-143.0403,10.0309,176.9834,0.833617
-143.0993,10.0201,176.8260,0.833655
-143.1661,10.0079,176.6508,0.833692
-143.2339,9.9957,176.4755,0.833731
-143.2956,9.9847,176.3176,0.833765
-143.3650,9.9723,176.1423,0.833804
-143.4355,9.9599,175.9671,0.833845
-143.5070,9.9475,175.7920,0.833886
-143.5714,9.9351,175.6334,0.833922
-143.6443,9.9232,175.4583,0.833961
-143.7175,9.9112,175.2834,0.834002
-143.7840,9.9004,175.1262,0.834037
-143.8587,9.8884,174.9518,0.834074
-143.9343,9.8763,174.7774,0.834115
-144.0108,9.8641,174.6032,0.834155
-144.0803,9.8532,174.4465,0.834185
-144.1583,9.8409,174.2726,0.834228
-144.2371,9.8286,174.0990,0.834262
-144.3089,9.8175,173.9430,0.834301
-144.3898,9.8050,173.7699,0.834339
-144.4710,9.7915,173.5959,0.834383
-144.5534,9.7797,173.4233,0.834423
-144.6278,9.7690,173.2685,0.834456
-144.7110,9.7571,173.0972,0.834496
-144.7951,9.7451,172.9267,0.834536
-144.8714,9.7344,172.7740,0.834565
-144.9569,9.7224,172.6053,0.834602
-145.0431,9.7104,172.4377,0.834643
-145.1299,9.6984,172.2713,0.834683
-145.2085,9.6876,172.1226,0.834714
-145.2966,9.6755,171.9586,0.834752
-145.3856,9.6635,171.7959,0.834788
-145.4639,9.6522,171.6523,0.834825
-145.5554,9.6403,171.4885,0.834861
-145.6451,9.6290,171.3289,0.834896
-145.7261,9.6187,171.1864,0.834927
-145.8074,9.6085,171.0449,0.834964
-145.8891,9.5983,170.9043,0.834996
-145.9804,9.5870,170.7490,0.835032
-146.0723,9.5756,170.5945,0.835066
-146.1647,9.5642,170.4405,0.835103
-146.2579,9.5528,170.2871,0.835140
-146.3426,9.5424,170.1492,0.835171
-146.4377,9.5308,169.9964,0.835206
-146.5242,9.5203,169.8590,0.835241
-146.6210,9.5079,169.7051,0.835280
-146.7187,9.4968,169.5525,0.835313
-146.8170,9.4857,169.4001,0.835352
-146.9062,9.4756,169.2632,0.835383
-147.0064,9.4644,169.1113,0.835417
-147.1076,9.4530,168.9596,0.835454
-147.1893,9.4439,168.8383,0.835484
-147.2921,9.4324,168.6870,0.835520
-147.3959,9.4209,168.5358,0.835555
-147.5007,9.4093,168.3849,0.835592
-147.6064,9.3976,168.2342,0.835627
-147.6919,9.3882,168.1140,0.835662
-147.7889,9.3775,167.9788,0.835691
-147.8736,9.3678,167.8603,0.835723
-147.9851,9.3559,167.7074,0.835758
-148.0840,9.3458,167.5726,0.835789
-148.1725,9.3367,167.4530,0.835824
-148.2729,9.3265,167.3187,0.835856
-148.3855,9.3150,167.1697,0.835893
-148.4877,9.3047,167.0359,0.835923
-148.6021,9.2931,166.8874,0.835966
-148.7175,9.2814,166.7393,0.836000
-148.8222,9.2709,166.6062,0.836033
-148.9394,9.2591,166.4588,0.836067
-149.0577,9.2472,166.3117,0.836109
-149.1652,9.2364,166.1796,0.836141
-149.2834,9.2242,166.0345,0.836181
-149.4070,9.2122,165.8854,0.836215
-149.5289,9.2009,165.7393,0.836254
-149.6518,9.1894,165.5937,0.836291
-149.7756,9.1779,165.4485,0.836334
-149.9006,9.1662,165.3036,0.836373
-150.0265,9.1546,165.1591,0.836407
-150.1535,9.1428,165.0150,0.836450
-150.2685,9.1322,164.8857,0.836483
-150.3972,9.1203,164.7423,0.836522
-150.5270,9.1083,164.5995,0.836560
-150.6579,9.0962,164.4572,0.836600
-150.7744,9.0854,164.3307,0.836635
-150.8963,9.0741,164.2006,0.836669
-151.0030,9.0650,164.0874,0.836702
-151.1101,9.0558,163.9744,0.836729
-151.2448,9.0442,163.8337,0.836766
-151.3805,9.0326,163.6935,0.836805
-151.5171,9.0208,163.5537,0.836848
-151.6547,9.0091,163.4144,0.836886
-151.7791,8.9984,163.2895,0.836914
-151.9181,8.9865,163.1512,0.836955
-152.0578,8.9746,163.0135,0.836998
-152.1842,8.9638,162.8901,0.837027
-152.3257,8.9517,162.7536,0.837070
-152.4679,8.9392,162.6164,0.837108
-152.6106,8.9276,162.4808,0.837151
-152.7537,8.9160,162.3459,0.837187
-152.8829,8.9055,162.2253,0.837222
-153.0124,8.8950,162.1053,0.837256
-153.1423,8.8845,161.9862,0.837292
-153.2867,8.8728,161.8548,0.837332
-153.4168,8.8622,161.7374,0.837363
-153.5614,8.8505,161.6080,0.837401
-153.6913,8.8400,161.4926,0.837435
-153.8357,8.8283,161.3656,0.837472
-153.9800,8.8166,161.2399,0.837510
-154.1243,8.8045,161.1142,0.837551
-154.2536,8.7945,161.0028,0.837581
-154.3968,8.7835,160.8799,0.837624
-154.5252,8.7737,160.7704,0.837654
-154.6534,8.7638,160.6618,0.837686
-154.7956,8.7529,160.5425,0.837725
-154.9232,8.7431,160.4362,0.837756
-155.0646,8.7322,160.3194,0.837787
-155.2054,8.7214,160.2039,0.837824
-155.3318,8.7117,160.1010,0.837857
-155.4717,8.7009,159.9880,0.837890
-155.6112,8.6902,159.8763,0.837925
-155.7503,8.6795,159.7660,0.837960
-155.8734,8.6699,159.6683,0.837990
-156.0132,8.6594,159.5589,0.838025
-156.1500,8.6495,159.4522,0.838056
-156.2861,8.6396,159.3471,0.838092
-156.4213,8.6297,159.2435,0.838125
-156.5423,8.6209,159.1514,0.838155
-156.6759,8.6111,159.0505,0.838186
-156.8087,8.6014,158.9510,0.838219
-156.9407,8.5918,158.8528,0.838249
-157.0718,8.5822,158.7560,0.838281
-157.2020,8.5727,158.6605,0.838310
-157.3184,8.5642,158.5758,0.838340
-157.4341,8.5557,158.4923,0.838368
-157.5363,8.5482,158.4190,0.838394
-157.6505,8.5399,158.3375,0.838420
-157.7768,8.5307,158.2474,0.838451
-157.8767,8.5238,158.1769,0.838472
-158.0004,8.5152,158.0900,0.838501
-158.1229,8.5067,158.0047,0.838532
-158.2443,8.4983,157.9208,0.838561
-158.3645,8.4900,157.8383,0.838584
-158.4834,8.4817,157.7572,0.838615
-158.5894,8.4744,157.6854,0.838642
-158.7059,8.4663,157.6069,0.838669
-158.8209,8.4584,157.5293,0.838696
-158.9122,8.4520,157.4685,0.838714
-159.0258,8.4441,157.3934,0.838741
-159.1392,8.4362,157.3190,0.838764
-159.2526,8.4284,157.2451,0.838792
-159.3661,8.4205,157.1716,0.838819
-159.4683,8.4133,157.1058,0.838847
-159.5593,8.4070,157.0476,0.838865
-159.6625,8.3998,156.9818,0.838889
-159.7759,8.3924,156.9096,0.838914
-159.8896,8.3850,156.8380,0.838939
-160.0033,8.3775,156.7668,0.838968
-160.1171,8.3701,156.6961,0.838990
-160.2310,8.3626,156.6258,0.839019
-160.3449,8.3551,156.5560,0.839043
-160.4589,8.3476,156.4865,0.839069
-160.5729,8.3401,156.4175,0.839091
-160.6871,8.3326,156.3488,0.839121
-160.8015,8.3250,156.2804,0.839149
-160.9160,8.3175,156.2124,0.839169
-161.0308,8.3099,156.1447,0.839199
-161.1458,8.3023,156.0773,0.839223
-161.2494,8.2954,156.0170,0.839247
-161.3648,8.2878,155.9503,0.839276
-161.4805,8.2801,155.8839,0.839300
-161.5964,8.2724,155.8178,0.839325
-161.7133,8.2650,155.7515,0.839348
-161.8292,8.2578,155.6858,0.839380
-161.9454,8.2506,155.6206,0.839404
-162.0619,8.2433,155.5557,0.839426
-162.1551,8.2375,155.5040,0.839447
-162.2717,8.2302,155.4396,0.839474
-162.3885,8.2230,155.3754,0.839503
-162.5054,8.2157,155.3115,0.839525
-162.6225,8.2083,155.2480,0.839552
-162.7398,8.2010,155.1847,0.839577
-162.8337,8.1951,155.1343,0.839602
-162.9395,8.1885,155.0779,0.839622
-163.0455,8.1819,155.0216,0.839644
-163.1398,8.1759,154.9719,0.839661
-163.2460,8.1693,154.9162,0.839687
-163.3404,8.1633,154.8670,0.839710
-163.4466,8.1567,154.8119,0.839732
-163.5646,8.1492,154.7511,0.839761
-163.6588,8.1433,154.7029,0.839784
-163.7538,8.1375,154.6544,0.839802
-163.8713,8.1306,154.5948,0.839827
-163.9768,8.1244,154.5416,0.839851
-164.0704,8.1189,154.4947,0.839869
-164.1873,8.1120,154.4366,0.839893
-164.2807,8.1065,154.3905,0.839917
-164.3855,8.1003,154.3389,0.839939
-164.4786,8.0948,154.2935,0.839958
-164.5830,8.0886,154.2427,0.839981
-164.6757,8.0831,154.1980,0.840001
-164.7682,8.0776,154.1535,0.840020
-164.8721,8.0714,154.1039,0.840046
-164.9874,8.0646,154.0493,0.840067
-165.1024,8.0578,153.9952,0.840098
-165.2172,8.0509,153.9415,0.840122
-165.3318,8.0441,153.8885,0.840141
-165.4233,8.0386,153.8464,0.840165
-165.5375,8.0318,153.7942,0.840191
-165.6515,8.0250,153.7426,0.840210
-165.7540,8.0189,153.6966,0.840235
-165.8570,8.0127,153.6507,0.840257
-165.9703,8.0064,153.6007,0.840281
-166.0831,8.0001,153.5513,0.840307
-166.1842,7.9944,153.5075,0.840325
-166.2961,7.9881,153.4595,0.840354
-166.4075,7.9819,153.4121,0.840373
-166.4963,7.9769,153.3746,0.840392
-166.5847,7.9719,153.3376,0.840413
-166.6839,7.9663,153.2964,0.840437
-166.7717,7.9614,153.2602,0.840450
-166.8701,7.9558,153.2200,0.840472
-166.9573,7.9509,153.1848,0.840495
-167.0442,7.9460,153.1500,0.840515
-167.1416,7.9405,153.1114,0.840533
-167.2277,7.9356,153.0776,0.840551
-167.3242,7.9301,153.0399,0.840569
-167.4095,7.9253,153.0070,0.840589
-167.4944,7.9205,152.9744,0.840605
-167.5894,7.9151,152.9382,0.840627
-167.6943,7.9091,152.8985,0.840649
-167.7778,7.9043,152.8672,0.840665
-167.8817,7.8984,152.8286,0.840687
-167.9745,7.8931,152.7943,0.840704
-168.0575,7.8883,152.7640,0.840728
-168.1391,7.8840,152.7343,0.840740
-168.2304,7.8791,152.7013,0.840760
-168.3211,7.8742,152.6689,0.840781
-168.4112,7.8694,152.6370,0.840802
-168.5005,7.8646,152.6056,0.840816
-168.5793,7.8604,152.5780,0.840832
-168.6674,7.8557,152.5475,0.840850
-168.7452,7.8515,152.5209,0.840871
-168.8223,7.8473,152.4946,0.840888
-168.9083,7.8427,152.4654,0.840904
-168.9842,7.8387,152.4399,0.840919
-169.0688,7.8341,152.4117,0.840939
-169.1432,7.8301,152.3872,0.840950
-169.2262,7.8257,152.3600,0.840968
-169.2992,7.8218,152.3363,0.840987
-169.3805,7.8174,152.3102,0.841006
-169.4519,7.8135,152.2874,0.841019
-169.5314,7.8093,152.2623,0.841035
-169.6013,7.8055,152.2403,0.841048
-169.6790,7.8013,152.2161,0.841065
-169.7473,7.7976,152.1949,0.841081
-169.8233,7.7935,152.1716,0.841094
-169.8903,7.7899,152.1511,0.841110
-169.9652,7.7858,152.1284,0.841129
-170.0315,7.7822,152.1084,0.841136
-170.1057,7.7782,152.0862,0.841157
-170.1716,7.7746,152.0666,0.841167
-170.2454,7.7706,152.0448,0.841186
-170.3191,7.7666,152.0229,0.841200
-170.3853,7.7631,152.0035,0.841211
-170.4671,7.7589,151.9794,0.841229
-170.5325,7.7556,151.9604,0.841247
-170.6061,7.7519,151.9392,0.841261
-170.6715,7.7485,151.9205,0.841274
-170.7449,7.7448,151.8996,0.841290
-170.8102,7.7415,151.8811,0.841304
-170.8833,7.7377,151.8605,0.841316
-170.9562,7.7340,151.8402,0.841333
-171.0204,7.7307,151.8224,0.841346
-171.0922,7.7271,151.8027,0.841361
-171.1554,7.7238,151.7854,0.841370
-171.2260,7.7202,151.7663,0.841393
-171.2883,7.7171,151.7497,0.841402
-171.3576,7.7135,151.7312,0.841417
-171.4262,7.7101,151.7130,0.841432
-171.4866,7.7070,151.6971,0.841446
-171.5540,7.7036,151.6795,0.841459
-171.6134,7.7005,151.6641,0.841473
-171.6797,7.6972,151.6471,0.841486
-171.7453,7.6938,151.6304,0.841498
-171.8031,7.6909,151.6159,0.841509
-171.8676,7.6876,151.5999,0.841525
-171.9243,7.6847,151.5860,0.841535
-171.9874,7.6814,151.5706,0.841547
-172.0499,7.6783,151.5556,0.841564
-172.1048,7.6754,151.5424,0.841572
-172.1660,7.6723,151.5278,0.841584
-172.2198,7.6695,151.5151,0.841596
-172.2797,7.6665,151.5010,0.841606
-172.3390,7.6634,151.4872,0.841621
-172.3976,7.6604,151.4737,0.841635
-172.4554,7.6574,151.4604,0.841647
-172.5126,7.6545,151.4474,0.841658
-172.5629,7.6519,151.4360,0.841668
-172.6188,7.6490,151.4235,0.841675
-172.6678,7.6465,151.4126,0.841691
-172.7229,7.6436,151.4004,0.841702
-172.7817,7.6408,151.3875,0.841711
-172.8276,7.6386,151.3775,0.841724
-172.8779,7.6362,151.3666,0.841734
-172.9268,7.6338,151.3561,0.841743
-172.9690,7.6318,151.3472,0.841750
-173.0152,7.6295,151.3374,0.841756
-173.0599,7.6274,151.3281,0.841768
-173.0984,7.6255,151.3200,0.841773
-173.1408,7.6234,151.3113,0.841783
-173.1782,7.6216,151.3037,0.841795
-173.2199,7.6196,151.2953,0.841802
-173.2615,7.6176,151.2869,0.841811
-173.2985,7.6158,151.2796,0.841819
-173.3403,7.6137,151.2714,0.841824
-173.3776,7.6119,151.2641,0.841835
-173.4199,7.6098,151.2560,0.841845
-173.4578,7.6080,151.2488,0.841850
-173.5007,7.6059,151.2407,0.841857
-173.5440,7.6038,151.2327,0.841868
-173.5828,7.6019,151.2256,0.841875
-173.6317,7.5995,151.2168,0.841890
-173.6759,7.5973,151.2088,0.841896
-173.7156,7.5954,151.2017,0.841904
-173.7606,7.5932,151.1938,0.841915
-173.8010,7.5912,151.1869,0.841921
-173.8466,7.5890,151.1790,0.841931
-173.8925,7.5867,151.1711,0.841940
-173.9337,7.5847,151.1641,0.841949
-173.9805,7.5825,151.1562,0.841959
-174.0223,7.5804,151.1493,0.841968
-174.0699,7.5781,151.1414,0.841978
-174.1126,7.5760,151.1344,0.841984
-174.1611,7.5737,151.1264,0.841995
-174.2047,7.5716,151.1194,0.842005
-174.2543,7.5691,151.1114,0.842013
-174.3045,7.5667,151.1035,0.842021
-174.3496,7.5645,151.0964,0.842034
-174.4009,7.5620,151.0884,0.842045
-174.4469,7.5598,151.0812,0.842052
-174.4993,7.5572,151.0732,0.842066
-174.5522,7.5546,151.0651,0.842074
-174.5996,7.5523,151.0579,0.842085
-174.6532,7.5497,151.0499,0.842097
-174.7068,7.5471,151.0419,0.842105
-174.7543,7.5447,151.0349,0.842118
-174.8074,7.5421,151.0272,0.842129
-174.8598,7.5396,151.0197,0.842138
-174.9059,7.5373,151.0131,0.842149
-174.9627,7.5345,151.0052,0.842158
-175.0129,7.5320,150.9983,0.842168
-175.0622,7.5296,150.9915,0.842181
-175.1107,7.5272,150.9850,0.842190
-175.1539,7.5251,150.9793,0.842199
-175.2007,7.5230,150.9732,0.842206
-175.2467,7.5209,150.9673,0.842218
-175.2868,7.5190,150.9622,0.842225
-175.3311,7.5170,150.9568,0.842235
-175.3698,7.5152,150.9521,0.842242
-175.4123,7.5132,150.9470,0.842249
-175.4538,7.5113,150.9421,0.842258
-175.4940,7.5095,150.9375,0.842266
-175.5286,7.5079,150.9336,0.842269
-175.5662,7.5061,150.9294,0.842280
-175.6024,7.5045,150.9255,0.842287
-175.6334,7.5030,150.9223,0.842295
-175.6670,7.5015,150.9189,0.842302
-175.6991,7.5000,150.9157,0.842309
-175.7265,7.4987,150.9130,0.842314
-175.7560,7.4973,150.9102,0.842317
-175.7845,7.4960,150.9075,0.842326
-175.8096,7.4948,150.9051,0.842330
-175.8377,7.4935,150.9026,0.842333
-175.8657,7.4922,150.8999,0.842340
-175.8909,7.4910,150.8976,0.842345
-175.9193,7.4897,150.8950,0.842351
-175.9481,7.4883,150.8925,0.842355
-175.9740,7.4871,150.8903,0.842364
-176.0033,7.4858,150.8878,0.842370
-176.0330,7.4844,150.8854,0.842374
-176.0598,7.4831,150.8832,0.842381
-176.0903,7.4817,150.8809,0.842387
-176.1213,7.4802,150.8785,0.842397
-176.1490,7.4789,150.8763,0.842401
-176.1807,7.4774,150.8739,0.842404
-176.2128,7.4759,150.8715,0.842413
-176.2416,7.4746,150.8694,0.842417
-176.2744,7.4730,150.8670,0.842425
-176.3040,7.4716,150.8649,0.842427
-176.3376,7.4701,150.8626,0.842439
-176.3719,7.4684,150.8606,0.842442
-176.4025,7.4670,150.8586,0.842448
-176.4375,7.4654,150.8564,0.842458
-176.4728,7.4638,150.8544,0.842462
-176.5047,7.4623,150.8526,0.842472
-176.5409,7.4606,150.8508,0.842477
-176.5734,7.4591,150.8491,0.842482
-176.6103,7.4573,150.8474,0.842487
-176.6477,7.4556,150.8457,0.842496
-176.6812,7.4540,150.8443,0.842507
-176.7192,7.4523,150.8427,0.842511
-176.7577,7.4505,150.8412,0.842518
-176.7966,7.4486,150.8397,0.842529
-176.8314,7.4470,150.8384,0.842538
-176.8710,7.4451,150.8371,0.842549
-176.9512,7.4414,150.8343,0.842559
-176.9915,7.4395,150.8329,0.842568
-177.0316,7.4376,150.8316,0.842578
-177.0714,7.4357,150.8301,0.842594
-177.1497,7.4321,150.8271,0.842601
-177.1839,7.4305,150.8257,0.842611
-177.2219,7.4287,150.8239,0.842617
-177.2552,7.4271,150.8223,0.842625
-177.2924,7.4254,150.8204,0.842634
-177.3291,7.4237,150.8183,0.842635
-177.3653,7.4220,150.8162,0.842646
-177.3971,7.4205,150.8142,0.842650
-177.4325,7.4189,150.8118,0.842662
-177.4674,7.4173,150.8094,0.842667
-177.4982,7.4159,150.8072,0.842674
-177.5324,7.4143,150.8047,0.842677
-177.5624,7.4129,150.8023,0.842688
-177.5958,7.4114,150.7996,0.842699
-177.6586,7.4086,150.7942,0.842706
-177.6913,7.4072,150.7912,0.842716
-177.7204,7.4059,150.7885,0.842720
-177.7531,7.4045,150.7855,0.842725
-177.7823,7.4033,150.7828,0.842731
-177.8153,7.4019,150.7799,0.842740
-177.8481,7.4005,150.7770,0.842746
-177.8773,7.3993,150.7744,0.842754
-177.9104,7.3979,150.7716,0.842759
-177.9435,7.3964,150.7689,0.842764
-177.9727,7.3952,150.7666,0.842771
-178.0055,7.3938,150.7643,0.842780
-178.0344,7.3925,150.7623,0.842784
-178.0667,7.3912,150.7601,0.842791
-178.0986,7.3898,150.7582,0.842800
-178.1267,7.3886,150.7565,0.842804
-178.1579,7.3872,150.7547,0.842811
-178.1855,7.3860,150.7531,0.842814
-178.2164,7.3847,150.7515,0.842822
-178.2439,7.3835,150.7500,0.842825
-178.2749,7.3822,150.7484,0.842837
-178.3060,7.3808,150.7466,0.842842
-178.3338,7.3796,150.7451,0.842846
-178.3652,7.3783,150.7435,0.842851
-178.3967,7.3769,150.7418,0.842861
-178.4249,7.3757,150.7405,0.842868
-178.4567,7.3743,150.7390,0.842871
-178.4849,7.3731,150.7377,0.842880
-178.5164,7.3717,150.7363,0.842884
-178.5475,7.3704,150.7351,0.842890
-178.5750,7.3692,150.7339,0.842896
-178.6054,7.3678,150.7327,0.842903
-178.6321,7.3667,150.7316,0.842907
-178.6617,7.3654,150.7304,0.842916
-178.6907,7.3641,150.7293,0.842920
-178.7160,7.3630,150.7283,0.842925
-178.7440,7.3618,150.7272,0.842930
-178.7715,7.3606,150.7261,0.842936
-178.7984,7.3594,150.7252,0.842944
-178.8498,7.3572,150.7233,0.842954
-178.8963,7.3552,150.7218,0.842965
-178.9405,7.3532,150.7204,0.842975
-178.9633,7.3522,150.7198,0.842976
-178.9852,7.3513,150.7191,0.842983
-179.0042,7.3505,150.7185,0.842988
-179.0251,7.3496,150.7179,0.842990
-179.0453,7.3487,150.7173,0.842994
-179.0628,7.3480,150.7167,0.842997
-179.0818,7.3472,150.7161,0.843002
-179.0984,7.3465,150.7156,0.843006
-179.1163,7.3457,150.7150,0.843009
-179.1319,7.3450,150.7146,0.843010
-179.1488,7.3443,150.7141,0.843015
-179.1636,7.3437,150.7137,0.843020
-179.1799,7.3430,150.7132,0.843023
-179.1942,7.3424,150.7128,0.843024
-179.2101,7.3417,150.7124,0.843029
-179.2257,7.3410,150.7120,0.843031
-179.2544,7.3398,150.7113,0.843038
-179.2676,7.3392,150.7109,0.843041
-179.2823,7.3386,150.7107,0.843044
-179.2951,7.3380,150.7104,0.843045
-179.3217,7.3369,150.7100,0.843053
-179.3353,7.3363,150.7098,0.843054
-179.3486,7.3357,150.7096,0.843058
-179.3730,7.3347,150.7093,0.843064
-179.3842,7.3342,150.7092,0.843067
-179.4027,7.3334,150.7090,0.843071
-179.4301,7.3322,150.7085,0.843074
-179.4431,7.3316,150.7083,0.843079
-179.4508,7.3313,150.7082,0.843080
-179.4668,7.3306,150.7079,0.843081
-179.4848,7.3298,150.7075,0.843084
-179.4950,7.3294,150.7074,0.843089
-179.5048,7.3290,150.7072,0.843091
-179.5267,7.3280,150.7068,0.843095
-179.5391,7.3275,150.7066,0.843098
-179.5521,7.3269,150.7064,0.843101
-179.5642,7.3264,150.7062,0.843102
-179.5913,7.3252,150.7057,0.843107
-179.6063,7.3246,150.7054,0.843114
-179.6358,7.3233,150.7050,0.843115
-179.6519,7.3226,150.7047,0.843119
-179.6665,7.3220,150.7045,0.843123
-179.6831,7.3213,150.7042,0.843125
-179.6980,7.3206,150.7041,0.843130
-179.7151,7.3199,150.7038,0.843133
-179.7325,7.3192,150.7036,0.843136
-179.7481,7.3185,150.7033,0.843139
-179.7659,7.3177,150.7031,0.843143
-179.7820,7.3170,150.7029,0.843151
-179.8189,7.3154,150.7024,0.843154
-179.8356,7.3147,150.7022,0.843157
-179.8547,7.3139,150.7020,0.843166
-179.8936,7.3122,150.7016,0.843169
-179.9135,7.3113,150.7014,0.843172
-179.9337,7.3105,150.7011,0.843177
-179.9520,7.3097,150.7010,0.843181
-179.9730,7.3088,150.7008,0.843189
-180.0136,7.3070,150.7005,0.843197
-180.0358,7.3061,150.7003,0.843202
-180.0583,7.3051,150.7002,0.843204
-180.0813,7.3041,150.7000,0.843208
-180.1021,7.3032,150.6999,0.843216
-180.1259,7.3022,150.6997,0.843217
-180.1509,7.3011,150.6997,0.843222
-180.1728,7.3002,150.6995,0.843230
-166.1824,8.0158,152.3674,0.843268
-166.5155,7.9964,152.2613,0.843328
-166.9337,7.9720,152.1323,0.843413
-167.3120,7.9499,152.0195,0.843478
-167.7344,7.9251,151.8979,0.843557
-168.0748,7.9060,151.8035,0.843621
-168.5013,7.8825,151.6900,0.843703
-168.9298,7.8587,151.5809,0.843780
-169.3171,7.8371,151.4861,0.843849
-169.6628,7.8179,151.4047,0.843908
-170.0531,7.7961,151.3163,0.843979
-170.4023,7.7774,151.2405,0.844043
-170.7957,7.7567,151.1591,0.844117
-171.2345,7.7336,151.0732,0.844198
-171.5868,7.7149,151.0076,0.844263
-171.9845,7.6939,150.9370,0.844335
-172.3391,7.6753,150.8771,0.844400
-172.7400,7.6545,150.8131,0.844476
-173.1863,7.6323,150.7466,0.844555
-173.5444,7.6144,150.6970,0.844623
-173.9035,7.5965,150.6504,0.844687
-174.3087,7.5762,150.6013,0.844764
-174.7148,7.5560,150.5556,0.844839
-175.1229,7.5357,150.5136,0.844915
-175.5314,7.5167,150.4758,0.844995
-175.9411,7.4975,150.4422,0.845066
-176.3517,7.4782,150.4127,0.845143
-176.7631,7.4587,150.3870,0.845219
-177.1758,7.4395,150.3653,0.845299
-177.5892,7.4201,150.3475,0.845382
-177.9583,7.4039,150.3353,0.845444
-178.3734,7.3857,150.3258,0.845523
-178.7429,7.3695,150.3210,0.845591
-179.1592,7.3511,150.3193,0.845673
-179.5763,7.3328,150.3217,0.845754
-179.9473,7.3166,150.3270,0.845824
-180.3662,7.2989,150.3369,0.845903
-180.7848,7.2819,150.3511,0.845987
-181.2040,7.2648,150.3694,0.846066
-181.6238,7.2476,150.3915,0.846146
-182.0443,7.2303,150.4173,0.846228
-182.4187,7.2152,150.4429,0.846299
-182.8416,7.1984,150.4754,0.846384
-183.2646,7.1827,150.5116,0.846462
-183.6413,7.1686,150.5470,0.846535
-184.0659,7.1527,150.5899,0.846622
-184.4914,7.1367,150.6360,0.846703
-184.8708,7.1225,150.6796,0.846778
-185.2985,7.1067,150.7315,0.846864
-185.7283,7.0921,150.7869,0.846950
-186.1105,7.0793,150.8390,0.847024
-186.5413,7.0648,150.9008,0.847109
-186.9731,7.0502,150.9658,0.847192
-187.4060,7.0355,151.0338,0.847277
-187.8402,7.0209,151.1052,0.847365
-188.2281,7.0088,151.1717,0.847442
-188.6161,6.9973,151.2408,0.847520
-189.0534,6.9842,151.3221,0.847608
-189.4430,6.9726,151.3972,0.847684
-189.8824,6.9594,151.4847,0.847776
-190.2739,6.9477,151.5651,0.847854
-190.7166,6.9345,151.6593,0.847939
-191.1592,6.9232,151.7568,0.848036
-191.5534,6.9130,151.8467,0.848118
-192.0040,6.9032,151.9337,0.848207
-192.3996,6.8965,152.0289,0.848290
-192.8456,6.8887,152.1388,0.848381
-193.3394,6.8658,152.2809,0.848487
-193.7369,6.8596,152.3809,0.848570
-194.1868,6.8512,152.4982,0.848666
-194.6373,6.8427,152.6198,0.848759
-195.0890,6.8340,152.7450,0.848854
-195.4916,6.8262,152.8589,0.848944
-195.9460,6.8173,152.9894,0.849041
-196.3510,6.8094,153.1079,0.849131
-196.7568,6.8014,153.2290,0.849219
-197.3161,6.7903,153.4002,0.849343
-197.7235,6.7823,153.5279,0.849433
-198.1318,6.7741,153.6583,0.849523
-198.5921,6.7649,153.8079,0.849622
-199.0535,6.7556,153.9608,0.849729
-199.4646,6.7474,154.0996,0.849816
-199.9277,6.7381,154.2588,0.849923
-200.3909,6.7286,154.4221,0.850031
-200.9074,6.7169,154.6066,0.850142
-201.3214,6.7075,154.7571,0.850238
-201.7880,6.6968,154.9293,0.850346
-202.2554,6.6861,155.1049,0.850450
-202.6714,6.6765,155.2640,0.850548
-203.1403,6.6656,155.4457,0.850656
-203.6106,6.6548,155.6316,0.850765
-204.0288,6.6466,155.7991,0.850858
-204.4994,6.6372,155.9910,0.850970
-204.9183,6.6289,156.1646,0.851069
-205.3904,6.6194,156.3627,0.851182
-205.8632,6.6099,156.5638,0.851294
-206.3365,6.6004,156.7682,0.851406
-206.8103,6.5907,156.9759,0.851520
-207.2844,6.5810,157.1870,0.851632
-207.7591,6.5712,157.4010,0.851752
-208.2345,6.5614,157.6179,0.851865
-208.6574,6.5526,157.8129,0.851965
-209.1338,6.5428,158.0347,0.852080
-209.5578,6.5339,158.2340,0.852187
-210.0355,6.5240,158.4605,0.852305
-210.4610,6.5151,158.6638,0.852411
-210.9405,6.5050,158.8948,0.852529
-211.4209,6.4949,159.1285,0.852647
-211.8486,6.4859,159.3383,0.852756
-212.3308,6.4757,159.5768,0.852882
-212.8127,6.4651,159.8190,0.853000
-213.2965,6.4539,160.0626,0.853125
-213.7813,6.4426,160.3085,0.853250
-214.2130,6.4325,160.5290,0.853357
-214.6995,6.4211,160.7792,0.853484
-215.1329,6.4110,161.0034,0.853598
-215.6757,6.3983,161.2861,0.853738
-216.1109,6.3881,161.5141,0.853849
-216.6015,6.3766,161.7727,0.853979
-217.0385,6.3663,162.0045,0.854093
-217.5861,6.3534,162.2969,0.854235
-218.0800,6.3418,162.5627,0.854364
-218.6304,6.3291,162.8611,0.854511
-219.1819,6.3169,163.1624,0.854657
-219.6240,6.3071,163.4057,0.854776
-220.1219,6.2958,163.6824,0.854905
-220.6215,6.2844,163.9610,0.855040
-221.1780,6.2716,164.2734,0.855193
-221.6241,6.2614,164.5257,0.855314
-222.1268,6.2498,164.8120,0.855445
-222.5746,6.2403,165.0689,0.855568
-223.1351,6.2285,165.3924,0.855724
-223.6968,6.2167,165.7189,0.855879
-224.1471,6.2072,165.9821,0.856002
-224.6556,6.1966,166.2796,0.856141
-225.1635,6.1863,166.5795,0.856282
-225.6139,6.1771,166.8471,0.856403
-226.1206,6.1671,167.1503,0.856547
-226.5726,6.1584,167.4227,0.856676
-227.0810,6.1486,167.7308,0.856815
-227.5895,6.1389,168.0409,0.856960
-228.1550,6.1280,168.3883,0.857120
-228.6645,6.1182,168.7036,0.857262
-229.2313,6.1073,169.0570,0.857425
-229.7420,6.0974,169.3776,0.857572
-230.1965,6.0886,169.6645,0.857700
-230.7080,6.0781,169.9894,0.857846
-231.1634,6.0683,170.2804,0.857975
-231.6763,6.0574,170.6099,0.858123
-232.1329,6.0474,170.9035,0.858253
-232.5897,6.0364,171.2003,0.858387
-233.1042,6.0240,171.5362,0.858534
-233.5622,6.0129,171.8365,0.858669
-234.0780,6.0004,172.1765,0.858819
-234.6529,5.9883,172.5576,0.858984
-235.1702,5.9787,172.9026,0.859138
-235.6303,5.9701,173.2113,0.859275
-236.1484,5.9605,173.5610,0.859427
-236.7251,5.9477,173.9493,0.859596
-237.2443,5.9347,174.3036,0.859750
-237.8215,5.9387,174.7031,0.859923
-238.3998,5.9280,175.1026,0.860093
-238.9772,5.9173,175.5065,0.860269
-239.4977,5.9076,175.8719,0.860427
-240.0192,5.8982,176.2391,0.860579
-240.5411,5.8888,176.6082,0.860737
-241.0052,5.8804,176.9382,0.860879
-241.5278,5.8711,177.3116,0.861035
-242.0508,5.8620,177.6872,0.861198
-242.6325,5.8518,178.1071,0.861373
-243.0985,5.8438,178.4451,0.861517
-243.5647,5.8359,178.7846,0.861659
-244.1479,5.8261,179.2113,0.861836
-244.6736,5.8173,179.5975,0.861999
-245.2581,5.8079,180.0291,0.862179
-245.7262,5.8003,180.3761,0.862326
-246.2534,5.7919,180.7684,0.862491
-246.7224,5.7847,181.1188,0.862634
-247.2504,5.7767,181.5147,0.862800
-247.7793,5.7686,181.9125,0.862961
-248.3086,5.7610,182.3119,0.863129
-248.7796,5.7543,182.6682,0.863274
-249.3105,5.7467,183.0706,0.863438
-249.8420,5.7397,183.4743,0.863605
-250.3151,5.7334,183.8345,0.863756
-250.9077,5.7258,184.2863,0.863941
-251.3823,5.7201,184.6489,0.864087
-251.9170,5.7137,185.0581,0.864258
-252.5125,5.7072,185.5147,0.864445
-252.9895,5.7023,185.8810,0.864598
-253.4671,5.6975,186.2485,0.864748
-254.0058,5.6920,186.6633,0.864919
-254.5450,5.6878,187.0793,0.865091
-255.0251,5.6840,187.4501,0.865243
-255.5660,5.6798,187.8685,0.865417
-256.1083,5.6767,188.2884,0.865594
-256.6511,5.6741,188.7093,0.865767
-257.1949,5.6714,189.1313,0.865939
-257.7399,5.6694,189.5545,0.866114
-258.3463,5.6674,190.0259,0.866313
-258.9542,5.6653,190.4984,0.866509
-259.4414,5.6637,190.8773,0.866664
-259.9906,5.6618,191.3045,0.866843
-260.6021,5.6598,191.7802,0.867043
-261.0923,5.6581,192.1617,0.867201
-261.6447,5.6563,192.5916,0.867379
-262.1368,5.6546,192.9747,0.867535
-262.6914,5.6528,193.4064,0.867718
-263.2472,5.6509,193.8391,0.867897
-263.7417,5.6493,194.2240,0.868056
-264.2975,5.6474,194.6564,0.868235
-264.7915,5.6458,195.0405,0.868396
-265.3494,5.6439,195.4740,0.868572
-265.8453,5.6423,195.8591,0.868735
-266.4038,5.6404,196.2922,0.868913
-266.9634,5.6386,196.7257,0.869092
-267.5241,5.6368,197.1595,0.869274
-268.0235,5.6351,197.5455,0.869438
-268.6491,5.6331,198.0284,0.869634
-269.1507,5.6314,198.4150,0.869796
-269.7161,5.6296,198.8503,0.869980
-270.2828,5.6277,199.2859,0.870164
-270.7875,5.6261,199.6733,0.870327
-271.4199,5.6241,200.1579,0.870529
-272.0538,5.6220,200.6428,0.870733
-272.6893,5.6200,201.1279,0.870935
-273.3264,5.6179,201.6133,0.871138
-273.9651,5.6159,202.0990,0.871346
-274.4772,5.6143,202.4876,0.871508
-275.1186,5.6123,202.9734,0.871716
-275.6326,5.6106,203.3620,0.871881
-276.2119,5.6088,203.7990,0.872064
-276.7922,5.6070,204.2355,0.872252
-277.3087,5.6054,204.6232,0.872414
-277.8903,5.6036,205.0586,0.872604
-278.4722,5.6018,205.4931,0.872788
-279.0544,5.6000,205.9264,0.872979
-279.5719,5.5984,206.3107,0.873141
-280.1542,5.5966,206.7418,0.873328
-280.7364,5.5948,207.1716,0.873515
-281.2538,5.5933,207.5525,0.873679
-281.8356,5.5915,207.9796,0.873865
-282.3524,5.5900,208.3579,0.874027
-282.9333,5.5882,208.7817,0.874218
-283.4491,5.5867,209.1568,0.874383
-284.0285,5.5850,209.5769,0.874564
-284.5427,5.5835,209.9485,0.874734
-285.1846,5.5816,210.4105,0.874943
-285.7614,5.5799,210.8241,0.875125
-286.3375,5.5782,211.2355,0.875310
-286.8488,5.5768,211.5994,0.875481
-287.4869,5.5749,212.0518,0.875685
-288.0605,5.5733,212.4566,0.875873
-288.6333,5.5717,212.8593,0.876061
-289.2687,5.5699,213.3040,0.876269
-289.9033,5.5681,213.7459,0.876472
-290.5370,5.5664,214.1850,0.876679
-291.1065,5.5648,214.5778,0.876869
-291.7382,5.5631,215.0114,0.877074
-292.2431,5.5617,215.3565,0.877244
-292.8116,5.5602,215.7437,0.877431
-293.3170,5.5588,216.0864,0.877597
-293.8843,5.5573,216.4693,0.877788
-294.3874,5.5560,216.8073,0.877952
-295.0146,5.5543,217.2263,0.878159
-295.5774,5.5528,217.6003,0.878344
-296.0762,5.5516,217.9300,0.878510
-296.6356,5.5501,218.2978,0.878694
-297.1310,5.5489,218.6218,0.878857
-297.6862,5.5475,218.9829,0.879041
-298.1775,5.5462,219.3005,0.879204
-298.7275,5.5449,219.6542,0.879391
-299.3350,5.5434,220.0423,0.879585
-299.8181,5.5422,220.3490,0.879745
-300.3583,5.5409,220.6899,0.879921
-300.8357,5.5398,220.9893,0.880076
-301.3693,5.5385,221.3220,0.880252
-301.8991,5.5373,221.6501,0.880421
-302.3668,5.5362,221.9379,0.880573
-302.9471,5.5349,222.2926,0.880759
-303.5225,5.5336,222.6416,0.880945
-304.0363,5.5324,222.9510,0.881111
-304.4896,5.5314,223.2221,0.881252
-305.0520,5.5302,223.5559,0.881436
-305.5539,5.5291,223.8514,0.881595
-305.9968,5.5282,224.1103,0.881732
-306.4914,5.5271,224.3972,0.881892
-306.9277,5.5262,224.6484,0.882032
-307.4150,5.5252,224.9266,0.882186
-307.8451,5.5243,225.1701,0.882319
-308.3256,5.5234,225.4395,0.882469
-308.8025,5.5224,225.7042,0.882623
-309.2234,5.5216,225.9355,0.882752
-309.6939,5.5207,226.1910,0.882898
-310.1094,5.5199,226.4141,0.883030
-310.5739,5.5191,226.6605,0.883173
-311.0861,5.5181,226.9287,0.883334
-311.4935,5.5174,227.1393,0.883458
-311.9515,5.5166,227.3737,0.883601
-312.3572,5.5159,227.5791,0.883723
-312.7606,5.5152,227.7809,0.883846
-313.2108,5.5145,228.0033,0.883983
-313.6573,5.5137,228.2204,0.884119
-314.0510,5.5131,228.4090,0.884237
-314.4903,5.5124,228.6160,0.884365
-314.9259,5.5118,228.8178,0.884497
-315.3101,5.5112,228.9926,0.884614
-315.7862,5.5105,229.2051,0.884752
-316.2108,5.5099,229.3905,0.884879
-316.5852,5.5094,229.5506,0.884987
-317.0030,5.5088,229.7256,0.885109
-317.3713,5.5083,229.8765,0.885213
-317.7367,5.5079,230.0232,0.885323
-318.1895,5.5073,230.2005,0.885453
-318.5931,5.5069,230.3547,0.885568
-318.9489,5.5064,230.4874,0.885671
-319.3459,5.5060,230.6321,0.885785
-319.7394,5.5056,230.7719,0.885898
-320.0868,5.5052,230.8923,0.885999
-320.4754,5.5048,231.0236,0.886109
-320.8623,5.5045,231.1510,0.886219
-321.2050,5.5042,231.2609,0.886316
-321.5894,5.5039,231.3811,0.886422
-321.9303,5.5036,231.4849,0.886519
-322.3129,5.5033,231.5982,0.886630
-322.6946,5.5030,231.7080,0.886733
-323.0332,5.5028,231.8026,0.886830
-323.4132,5.5026,231.9055,0.886934
-323.7502,5.5024,231.9941,0.887027
-324.1281,5.5022,232.0903,0.887132
-324.5045,5.5020,232.1827,0.887235
-324.8372,5.5018,232.2617,0.887327
-325.2088,5.5017,232.3469,0.887429
-325.5367,5.5017,232.4194,0.887520
-325.9030,5.5016,232.4976,0.887617
-326.2261,5.5015,232.5639,0.887704
-326.6269,5.5014,232.6429,0.887815
-326.9845,5.5014,232.7103,0.887910
-327.3000,5.5013,232.7672,0.887996
-327.6912,5.5013,232.8346,0.888101
-328.0400,5.5013,232.8917,0.888194
-328.3474,5.5013,232.9397,0.888278
-328.6898,5.5013,232.9906,0.888368
-328.9909,5.5013,233.0328,0.888449
-329.3259,5.5013,233.0768,0.888538
-329.6567,5.5013,233.1171,0.888625
-329.9834,5.5013,233.1535,0.888712
-330.3060,5.5013,233.1861,0.888797
-330.6243,5.5013,233.2149,0.888883
-330.9038,5.5013,233.2374,0.888956
-331.2142,5.5013,233.2593,0.889037
-331.4866,5.5013,233.2757,0.889109
-331.7896,5.5013,233.2909,0.889189
-332.0899,5.5013,233.3026,0.889268
-332.3549,5.5013,233.3103,0.889338
-332.6516,5.5013,233.3158,0.889416
-332.9469,5.5013,233.3181,0.889494
-333.2410,5.5013,233.3170,0.889573
-333.5343,5.5013,233.3126,0.889649
-333.7942,5.5013,233.3060,0.889718
-334.0872,5.5063,233.2861,0.889796
-334.3777,5.5085,233.2719,0.889873
-334.6673,5.5108,233.2553,0.889949
-334.9234,5.5122,233.2383,0.890017
-335.2117,5.5138,233.2166,0.890092
-335.4672,5.5153,233.1949,0.890160
-335.7536,5.5171,233.1676,0.890236
-336.0074,5.5189,233.1410,0.890304
-336.2597,5.5201,233.1124,0.890371
-336.5437,5.5214,233.0780,0.890446
-336.8586,5.5229,233.0368,0.890529
-337.1416,5.5244,232.9968,0.890606
-337.4550,5.5262,232.9492,0.890689
-337.7374,5.5271,232.9035,0.890764
-337.9884,5.5279,232.8607,0.890831
-338.2706,5.5290,232.8101,0.890908
-338.5215,5.5301,232.7628,0.890974
-338.8041,5.5313,232.7070,0.891049
-339.1179,5.5322,232.6419,0.891134
-339.4333,5.5330,232.5732,0.891219
-339.7498,5.5338,232.5011,0.891306
-340.0354,5.5347,232.4329,0.891382
-340.3528,5.5353,232.3538,0.891469
-340.6397,5.5355,232.2794,0.891547
-340.9590,5.5360,232.1932,0.891634
-341.2783,5.5366,232.1031,0.891721
-341.5644,5.5368,232.0191,0.891800
-341.8509,5.5366,231.9318,0.891879
-342.1372,5.5366,231.8415,0.891958
-342.4230,5.5367,231.7481,0.892037
-342.7712,5.5365,231.6301,0.892135
-343.0566,5.5358,231.5297,0.892214
-343.3742,5.5353,231.4145,0.892303
-343.6922,5.5349,231.2951,0.892393
-343.9464,5.5338,231.1970,0.892465
-344.2338,5.5326,231.0829,0.892545
-344.4902,5.5317,230.9786,0.892619
-344.7787,5.5303,230.8583,0.892701
-345.0689,5.5283,230.7341,0.892784
-345.3277,5.5266,230.6208,0.892859
-345.6190,5.5246,230.4905,0.892943
-345.9124,5.5215,230.3563,0.893028
-346.2068,5.5186,230.2186,0.893112
-346.5084,5.5013,230.0849,0.893200
-346.8054,5.5013,229.9408,0.893287
-347.1037,5.5013,229.7930,0.893375
-347.3693,5.5013,229.6582,0.893454
-347.6690,5.5013,229.5038,0.893542
-347.9365,5.5013,229.3641,0.893621
-348.2389,5.5013,229.2041,0.893711
-348.5758,5.5013,229.0222,0.893812
-348.8455,5.5013,228.8732,0.893893
-349.1507,5.5013,228.7021,0.893985
-349.4231,5.5013,228.5474,0.894066
-349.7306,5.5013,228.3706,0.894161
-350.0044,5.5013,228.2110,0.894244
-350.3130,5.5013,228.0283,0.894339
-350.6222,5.5013,227.8420,0.894433
-350.8978,5.5013,227.6734,0.894520
-351.2086,5.5013,227.4802,0.894615
-351.4855,5.5013,227.3056,0.894703
-351.7976,5.5013,227.1060,0.894802
-352.1104,5.5013,226.9030,0.894897
-352.4238,5.5013,226.6967,0.894998
-352.7032,5.5013,226.5104,0.895088
-353.0182,5.5013,226.2977,0.895188
-353.3340,5.5013,226.0816,0.895288
-353.6505,5.5013,225.8623,0.895390
-353.9326,5.5013,225.6646,0.895481
-354.2508,5.5013,225.4390,0.895585
-354.5697,5.5013,225.2101,0.895691
-354.8895,5.5013,224.9778,0.895792
-355.2101,5.5013,224.7420,0.895898
-355.5314,5.5013,224.5028,0.896003
-355.8177,5.5013,224.2872,0.896102
-356.1408,5.5013,224.0412,0.896207
-356.4649,5.5013,223.7915,0.896317
-356.7540,5.5013,223.5665,0.896413
-357.0805,5.5013,223.3097,0.896523
-357.4084,5.5013,223.0491,0.896635
-357.7379,5.5013,222.7844,0.896748
-358.0321,5.5013,222.5457,0.896845
-358.3647,5.5013,222.2735,0.896961
-358.6990,5.5013,221.9973,0.897077
-359.0350,5.5013,221.7168,0.897192
-359.3351,5.5013,221.4641,0.897299
-359.6742,5.5013,221.1757,0.897415
-360.0149,5.5013,220.8829,0.897536
-360.3189,5.5013,220.6190,0.897642
-360.6624,5.5013,220.3179,0.897766
-361.0071,5.5013,220.0124,0.897890
-361.3532,5.5013,219.7025,0.898011
-361.7004,5.5013,219.3881,0.898139
-362.0101,5.5013,219.1048,0.898253
-362.3596,5.5013,218.7821,0.898380
-362.6711,5.5013,218.4915,0.898494
-363.0225,5.5013,218.1604,0.898626
-363.3749,5.5013,217.8250,0.898755
-363.7284,5.5013,217.4853,0.898887
-364.0829,5.5013,217.1412,0.899018
-364.4384,5.5013,216.7928,0.899154
-364.7553,5.5013,216.4796,0.899274
-365.1129,5.5013,216.1233,0.899408
-365.4717,5.5013,215.7626,0.899545
-365.7918,5.5013,215.4383,0.899669
-366.1520,5.5013,215.0704,0.899809
-366.5103,5.5013,214.7014,0.899949
-366.8279,5.5013,214.3720,0.900072
-367.1866,5.5013,213.9976,0.900209
-367.5453,5.5013,213.6213,0.900351
-367.9054,5.5013,213.2419,0.900491
-368.2271,5.5013,212.9016,0.900617
-368.5911,5.5013,212.5152,0.900755
-368.9573,5.5013,212.1253,0.900902
-369.3259,5.5013,211.7319,0.901050
-369.6970,5.5013,211.3351,0.901190
-370.0706,5.5013,210.9349,0.901340
-370.4470,5.5013,210.5313,0.901487
-370.8261,5.5013,210.1244,0.901634
-371.1657,5.5013,209.7601,0.901765
-371.5507,5.5013,209.3474,0.901914
-371.8956,5.5013,208.9779,0.902045
-372.2869,5.5013,208.5594,0.902196
-372.6375,5.5013,208.1849,0.902334
-373.0350,5.5013,207.7609,0.902488
-373.3911,5.5013,207.3815,0.902623
-373.7950,5.5013,206.9520,0.902777
-374.2023,5.5013,206.5195,0.902933
-374.5672,5.5013,206.1328,0.903073
-374.9809,5.5013,205.6949,0.903222
-375.3983,5.5013,205.2540,0.903386
-375.8665,5.5013,204.7607,0.903556
-376.2920,5.5013,204.3137,0.903710
-376.6736,5.5013,203.9139,0.903854
-377.1068,5.5013,203.4617,0.904015
-377.5446,5.5013,203.0069,0.904168
-377.9375,5.5013,202.6007,0.904314
-378.3840,5.5013,202.1415,0.904470
-378.8351,5.5013,201.6803,0.904631
-379.2910,5.5013,201.2169,0.904795
-379.7510,5.5013,200.7521,0.904960
-380.1625,5.5013,200.3385,0.905103
-380.6276,5.5013,199.8739,0.905264
-381.0944,5.5013,199.4107,0.905427
-381.5622,5.5013,198.9498,0.905589
-382.0305,5.5013,198.4917,0.905750
-382.4988,5.5013,198.0371,0.905904
-382.9151,5.5013,197.6363,0.906050
-383.3835,5.5013,197.1892,0.906204
-383.7997,5.5013,196.7956,0.906345
-384.2682,5.5013,196.3570,0.906497
-384.6847,5.5013,195.9710,0.906639
-385.1536,5.5013,195.5414,0.906791
-385.6227,5.5013,195.1166,0.906943
-386.0923,5.5013,194.6968,0.907091
-386.5626,5.5013,194.2817,0.907243
-387.0340,5.5013,193.8709,0.907396
-387.5066,5.5013,193.4644,0.907543
-387.9804,5.5013,193.0619,0.907693
-388.4555,5.5013,192.6633,0.907841
-388.8789,5.5013,192.3123,0.907975
-389.3564,5.5013,191.9211,0.908119
-389.7818,5.5013,191.5766,0.908251
-390.2080,5.5013,191.2351,0.908379
-390.6885,5.5013,190.8544,0.908530
-391.1701,5.5013,190.4776,0.908676
-391.6526,5.5013,190.1046,0.908819
-392.0822,5.5013,189.7763,0.908950
-392.5663,5.5013,189.4106,0.909094
-393.0509,5.5013,189.0490,0.909239
-393.4821,5.5013,188.7309,0.909368
-393.9675,5.5013,188.3769,0.909506
-394.5070,5.5013,187.9885,0.909665
-394.9385,5.5013,187.6816,0.909787
-395.3700,5.5013,187.3781,0.909915
-395.9091,5.5013,187.0034,0.910069
-396.3940,5.5013,186.6708,0.910212
-396.8787,5.5013,186.3424,0.910346
-397.3093,5.5013,186.0541,0.910468
-397.7934,5.5013,185.7337,0.910609
-398.2772,5.5013,185.4174,0.910739
-398.7610,5.5013,185.1051,0.910877
-399.1912,5.5013,184.8306,0.910997
-399.6754,5.5013,184.5250,0.911126
-400.2140,5.5013,184.1895,0.911276
-400.6453,5.5013,183.9241,0.911397
-401.1310,5.5013,183.6286,0.911535
-401.6171,5.5013,183.3364,0.911664
-402.0495,5.5013,183.0794,0.911780
-402.5365,5.5013,182.7934,0.911911
-402.9696,5.5013,182.5418,0.912030
-403.4574,5.5013,182.2618,0.912156
-403.8912,5.5013,182.0157,0.912273
-404.3797,5.5013,181.7418,0.912406
-404.8142,5.5013,181.5011,0.912518
-405.3035,5.5013,181.2335,0.912646
-405.7932,5.5013,180.9691,0.912775
-406.2833,5.5013,180.7080,0.912903
-406.7194,5.5013,180.4788,0.913016
-407.2103,5.5013,180.2242,0.913140
-407.7018,5.5013,179.9730,0.913266
-408.1937,5.5013,179.7253,0.913390
-408.7407,5.5013,179.4542,0.913535
-409.1786,5.5013,179.2404,0.913644
-409.6716,5.5013,179.0031,0.913770
-410.1102,5.5013,178.7952,0.913879
-410.6588,5.5013,178.5392,0.914018
-411.1529,5.5013,178.3126,0.914137
-411.5924,5.5013,178.1141,0.914245
-412.0871,5.5013,177.8943,0.914365
-412.5272,5.5013,177.7019,0.914474
-413.0227,5.5013,177.4891,0.914596
-413.5186,5.5013,177.2801,0.914712
-414.0149,5.5013,177.0750,0.914833
-414.5117,5.5013,176.8738,0.914952
-415.0089,5.5013,176.6767,0.915070
-415.4513,5.5013,176.5049,0.915174
-415.9494,5.5013,176.3157,0.915294
-416.4480,5.5013,176.1308,0.915405
-416.8916,5.5013,175.9702,0.915516
-417.3911,5.5013,175.7937,0.915625
-417.8354,5.5013,175.6406,0.915732
-418.3356,5.5013,175.4726,0.915846
-418.8362,5.5013,175.3092,0.915961
-419.2815,5.5013,175.1679,0.916063
-419.7827,5.5013,175.0134,0.916175
-420.2842,5.5013,174.8637,0.916289
-420.7303,5.5013,174.7347,0.916391
-421.2322,5.5013,174.5942,0.916503
-421.7343,5.5013,174.4586,0.916618
-422.1807,5.5013,174.3422,0.916717
-422.6830,5.5013,174.2158,0.916829
-423.1294,5.5013,174.1075,0.916927
-423.6315,5.5013,173.9904,0.917042
-424.0778,5.5013,173.8903,0.917138
-424.5240,5.5013,173.7941,0.917237
-425.0258,5.5013,173.6904,0.917348
-425.5831,5.5013,173.5809,0.917470
-426.0844,5.5013,173.4875,0.917580
-426.5298,5.5013,173.4085,0.917678
-427.0305,5.5013,173.3242,0.917784
-427.4753,5.5013,173.2534,0.917881
-427.9753,5.5013,173.1783,0.917990
-428.4749,5.5013,173.1080,0.918096
-428.9185,5.5013,173.0496,0.918192
-429.4724,5.5013,172.9819,0.918313
-429.9150,5.5013,172.9321,0.918405
-430.4124,5.5013,172.8804,0.918514
-430.9643,5.5013,172.8287,0.918633
-431.5153,5.5013,172.7828,0.918744
-431.9554,5.5013,172.7503,0.918835
-432.4499,5.5013,172.7182,0.918940
-432.8887,5.5013,172.6937,0.919032
-433.3816,5.5013,172.6707,0.919137
-433.8737,5.5013,172.6525,0.919239
-434.3102,5.5013,172.6404,0.919326
-434.8005,5.5013,172.6313,0.919430
-435.2898,5.5013,172.6272,0.919529
-435.7780,5.5013,172.6278,0.919626
-436.2111,5.5013,172.6324,0.919716
-436.6971,5.5013,172.6421,0.919817
-437.1282,5.5013,172.6548,0.919907
-437.6121,5.5013,172.6735,0.920004
-438.0410,5.5013,172.6941,0.920091
-438.4689,5.5013,172.7184,0.920176
-439.0023,5.5013,172.7541,0.920283
-439.4808,5.5013,172.7911,0.920379
-439.9049,5.5013,172.8280,0.920464
-440.3807,5.5013,172.8738,0.920562
-440.8023,5.5013,172.9185,0.920648
-441.2751,5.5013,172.9731,0.920743
-441.7463,5.5013,173.0323,0.920838
-442.1637,5.5013,173.0888,0.920924
-442.6836,5.5013,173.1645,0.921028
-443.2013,5.5013,173.2457,0.921138
-443.7169,5.5013,173.3325,0.921244
-444.2301,5.5013,173.4248,0.921344
-444.7410,5.5013,173.5224,0.921450
-445.1480,5.5013,173.6044,0.921537
-445.6041,5.5013,173.7008,0.921635
-446.1085,5.5013,173.8129,0.921742
-446.5101,5.5013,173.9063,0.921824
-446.9601,5.5013,174.0152,0.921926
-447.3582,5.5013,174.1155,0.922011
-447.8041,5.5013,174.2321,0.922113
-448.2479,5.5013,174.3526,0.922213
-448.6895,5.5013,174.4769,0.922315
-449.0802,5.5013,174.5905,0.922405
-449.5176,5.5013,174.7217,0.922508
-449.9046,5.5013,174.8414,0.922601
-450.3378,5.5013,174.9792,0.922704
-450.7211,5.5013,175.1045,0.922800
-451.1977,5.5013,175.2648,0.922915
-451.6243,5.5013,175.4124,0.923026
-452.0016,5.5013,175.5463,0.923123
-452.4240,5.5013,175.6999,0.923232
-452.7976,5.5013,175.8389,0.923326
-453.2158,5.5013,175.9981,0.923436
-453.6318,5.5013,176.1600,0.923550
-454.0456,5.5013,176.3246,0.923662
-454.5027,5.5013,176.5104,0.923787
-454.9120,5.5013,176.6801,0.923900
-455.2739,5.5013,176.8328,0.924010
-455.6792,5.5013,177.0065,0.924126
-456.0376,5.5013,177.1626,0.924234
-456.4388,5.5013,177.3399,0.924355
-456.8378,5.5013,177.5187,0.924479
-457.1904,5.5013,177.6786,0.924584
-457.5848,5.5013,177.8595,0.924708
-457.9767,5.5013,178.0412,0.924837
-458.3660,5.5013,178.2233,0.924958
-458.7097,5.5013,178.3855,0.925071
-459.0940,5.5013,178.5679,0.925200
-459.4757,5.5013,178.7502,0.925323
-459.8967,5.5013,178.9521,0.925465
-460.3145,5.5013,179.1531,0.925601
-460.6465,5.5013,179.3129,0.925708
-460.9767,5.5013,179.4718,0.925821
-461.3866,5.5013,179.6687,0.925960
-461.7530,5.5013,179.8441,0.926081
-462.0768,5.5013,179.9986,0.926195
-462.4390,5.5013,180.1705,0.926317
-462.7591,5.5013,180.3213,0.926421
-463.1171,5.5013,180.4888,0.926541
-463.4335,5.5013,180.6354,0.926650
-463.7875,5.5013,180.7977,0.926768
-464.1395,5.5013,180.9571,0.926881
-464.4895,5.5013,181.1131,0.927003
-464.8376,5.5013,181.2656,0.927120
-465.1454,5.5013,181.3981,0.927216
-465.4901,5.5013,181.5435,0.927331
-465.7949,5.5013,181.6694,0.927433
-466.1363,5.5013,181.8070,0.927543
-466.4384,5.5013,181.9257,0.927642
-466.7766,5.5013,182.0551,0.927752
-467.1133,5.5013,182.1798,0.927861
-467.4116,5.5013,182.2868,0.927954
-467.7464,5.5013,182.4030,0.928059
-468.0806,5.5013,182.5146,0.928165
-468.3772,5.5013,182.6101,0.928264
-468.7105,5.5013,182.7132,0.928364
-469.0432,5.5013,182.8117,0.928466
-469.3755,5.5013,182.9056,0.928568
-469.6704,5.5013,182.9852,0.928662
-470.0016,5.5013,183.0703,0.928761
-470.2956,5.5013,183.1422,0.928853
-470.6624,5.5013,183.2271,0.928963
-470.9916,5.5013,183.2988,0.929063
-471.3202,5.5013,183.3663,0.929159
-471.6841,5.5013,183.4362,0.929271
-472.0471,5.5013,183.5011,0.929379
-472.3727,5.5013,183.5551,0.929469
-472.6974,5.5013,183.6050,0.929570
-472.9855,5.5013,183.6461,0.929656
-473.3089,5.5013,183.6886,0.929750
-473.5958,5.5013,183.7231,0.929830
-473.9538,5.5013,183.7620,0.929938
-474.3109,5.5013,183.7962,0.930039
-474.6317,5.5013,183.8229,0.930129
-474.9162,5.5013,183.8436,0.930210
-475.2357,5.5013,183.8635,0.930303
-475.5546,5.5013,183.8799,0.930392
-475.8729,5.5013,183.8929,0.930481
-476.1906,5.5013,183.9026,0.930572
-476.4726,5.5013,183.9085,0.930652
-476.7894,5.5013,183.9124,0.930740
-477.0705,5.5013,183.9133,0.930820
-477.3862,5.5013,183.9117,0.930909
-477.7011,5.5013,183.9072,0.930995
-477.9805,5.5013,183.9007,0.931074
-478.2940,5.5013,183.8907,0.931165
-478.5719,5.5013,183.8793,0.931239
-478.9180,5.5013,183.8618,0.931336
-479.2281,5.5013,183.8429,0.931425
-479.5026,5.5013,183.8238,0.931500
-479.8442,5.5013,183.7966,0.931596
-480.1841,5.5013,183.7660,0.931694
-480.5223,5.5013,183.7319,0.931787
-480.8587,5.5013,183.6945,0.931880
-481.1599,5.5013,183.6579,0.931966
-481.4264,5.5013,183.6231,0.932040
-481.7248,5.5013,183.5815,0.932119
-482.0216,5.5013,183.5372,0.932203
-482.2840,5.5013,183.4958,0.932279
-482.6098,5.5013,183.4413,0.932369
-482.9008,5.5013,183.3897,0.932448
-483.1576,5.5013,183.3419,0.932519
-483.4443,5.5013,183.2860,0.932599
-483.7601,5.5013,183.2214,0.932687
-484.0106,5.5013,183.1678,0.932756
-484.3210,5.5013,183.0986,0.932840
-484.5672,5.5013,183.0414,0.932910
-484.8722,5.5013,182.9676,0.932999
-485.1441,5.5013,182.8992,0.933073
-485.4135,5.5013,182.8288,0.933148
-485.6509,5.5013,182.7646,0.933217
-485.9158,5.5013,182.6904,0.933289
-486.1788,5.5013,182.6142,0.933362
-486.4689,5.5013,182.5269,0.933446
-486.6994,5.5013,182.4553,0.933511
-486.9571,5.5013,182.3728,0.933582
-487.2412,5.5013,182.2789,0.933666
-487.5232,5.5013,182.1827,0.933743
-487.7472,5.5013,182.1041,0.933806
-487.9975,5.5013,182.0139,0.933878
-488.2185,5.5013,181.9323,0.933942
-488.4653,5.5013,181.8388,0.934012
-488.6832,5.5061,181.7463,0.934072
-488.9246,5.5086,181.6493,0.934143
-489.1652,5.5107,181.5513,0.934215
-489.4040,5.5129,181.4519,0.934282
-489.6146,5.5148,181.3622,0.934344
-489.8492,5.5171,181.2596,0.934413
-490.0801,5.5190,181.1554,0.934481
-490.2844,5.5201,181.0612,0.934538
-490.4868,5.5213,180.9657,0.934599
-490.7123,5.5226,180.8565,0.934667
-490.9107,5.5240,180.7579,0.934724
-491.1317,5.5255,180.6452,0.934791
-491.3496,5.5266,180.5307,0.934853
-491.5421,5.5274,180.4268,0.934915
-491.7562,5.5283,180.3079,0.934980
-491.9678,5.5294,180.1867,0.935044
-492.1763,5.5302,180.0635,0.935110
-492.3605,5.5309,179.9521,0.935168
-492.5647,5.5322,179.8247,0.935232
-492.7661,5.5336,179.6952,0.935297
-492.9641,5.5345,179.5640,0.935360
-493.1589,5.5354,179.4308,0.935424
-493.3511,5.5361,179.2959,0.935487
-493.5191,5.5368,179.1746,0.935542
-493.7251,5.5375,179.0214,0.935611
-493.9197,5.5405,178.8526,0.935680
-494.0763,5.5426,178.7287,0.935734
-494.2522,5.5432,178.5864,0.935793
-494.4170,5.5483,178.4304,0.935855
-494.5690,5.5503,178.3009,0.935909
-494.7378,5.5531,178.1535,0.935968
-494.9040,5.5559,178.0045,0.936029
-495.0686,5.5590,177.8533,0.936087
-495.2135,5.5623,177.7173,0.936144
-495.3570,5.5659,177.5798,0.936196
-495.5136,5.5679,177.4263,0.936257
-495.6556,5.5680,177.2857,0.936311
-495.8148,5.5686,177.1254,0.936370
-495.9727,5.5696,176.9628,0.936430
-496.1277,5.5706,176.7993,0.936495
-496.2664,5.5703,176.6507,0.936545
-496.4225,5.5702,176.4816,0.936606
-496.5782,5.5705,176.3105,0.936670
-496.7134,5.5705,176.1594,0.936722
-496.8678,5.5678,175.9841,0.936785
-497.0047,5.5656,175.8262,0.936843
-497.1578,5.5636,175.6462,0.936904
-497.3268,5.5625,175.4420,0.936974
-497.4565,5.5608,175.2829,0.937029
-497.6231,5.5525,175.0733,0.937103
-497.8029,5.5421,174.8674,0.937176
-497.9830,5.5376,174.6593,0.937248
-498.1300,5.5364,174.4620,0.937313
-498.2596,5.5354,174.2845,0.937373
-498.3880,5.5342,174.1063,0.937428
-498.5326,5.5319,173.9018,0.937499
-498.6609,5.5300,173.7175,0.937555
-498.8045,5.5279,173.5075,0.937624
-498.9467,5.5258,173.2945,0.937690
-499.0871,5.5234,173.0790,0.937759
-499.2269,5.5209,172.8601,0.937829
-499.3660,5.5185,172.6387,0.937898
-499.4893,5.5164,172.4396,0.937959
-499.6275,5.5140,172.2132,0.938031
-499.7724,5.5013,171.9864,0.938100
-499.9087,5.5013,171.7548,0.938171
-500.0432,5.5013,171.5200,0.938240
-500.1617,5.5013,171.3088,0.938306
-500.2943,5.5013,171.0687,0.938375
-500.4263,5.5013,170.8258,0.938451
-500.5429,5.5013,170.6074,0.938515
-500.6730,5.5013,170.3590,0.938589
-500.8009,5.5013,170.1080,0.938663
-500.9275,5.5013,169.8538,0.938736
-501.0536,5.5013,169.5968,0.938809
-501.1792,5.5013,169.3368,0.938888
-501.2902,5.5013,169.1034,0.938955
-501.4140,5.5013,168.8380,0.939031
-501.5367,5.5013,168.5695,0.939108
-501.6584,5.5013,168.2975,0.939185
-501.7791,5.5013,168.0220,0.939265
-501.8990,5.5013,167.7430,0.939344
-502.0181,5.5013,167.4606,0.939428
-502.1232,5.5013,167.2067,0.939497
-502.2408,5.5013,166.9180,0.939579
-502.3575,5.5013,166.6256,0.939658
-502.4735,5.5013,166.3297,0.939743
-502.5887,5.5013,166.0304,0.939828
-502.7031,5.5013,165.7276,0.939910
-502.8168,5.5013,165.4214,0.939995
-502.9299,5.5013,165.1118,0.940082
-503.0424,5.5013,164.7988,0.940166
-503.1419,5.5013,164.5176,0.940248
-503.2535,5.5013,164.1981,0.940334
-503.3648,5.5013,163.8753,0.940426
-503.4635,5.5013,163.5856,0.940499
-503.5743,5.5013,163.2565,0.940589
-503.6851,5.5013,162.9241,0.940681
-503.7957,5.5013,162.5885,0.940775
-503.9065,5.5013,162.2497,0.940868
-504.0172,5.5013,161.9077,0.940962
-504.1282,5.5013,161.5625,0.941056
-504.2392,5.5013,161.2141,0.941153
-504.3503,5.5013,160.8626,0.941245
-504.4616,5.5013,160.5081,0.941341
-504.5606,5.5013,160.1903,0.941424
-504.6722,5.5013,159.8299,0.941524
-504.7838,5.5013,159.4665,0.941622
-504.8956,5.5013,159.1000,0.941717
-504.9951,5.5013,158.7717,0.941813
-505.1071,5.5013,158.3996,0.941914
-505.2193,5.5013,158.0244,0.942013
-505.3317,5.5013,157.6462,0.942110
-505.4315,5.5013,157.3076,0.942205
-505.5439,5.5013,156.9240,0.942309
-505.6438,5.5013,156.5807,0.942400
-505.7560,5.5013,156.1916,0.942504
-505.8683,5.5013,155.7997,0.942608
-505.9806,5.5013,155.4048,0.942712
-506.0802,5.5013,155.0514,0.942813
-506.1922,5.5013,154.6511,0.942919
-506.2918,5.5013,154.2928,0.943005
-506.4038,5.5013,153.8871,0.943124
-506.5161,5.5013,153.4784,0.943229
-506.6284,5.5013,153.0667,0.943338
-506.7284,5.5013,152.6984,0.943441
-506.8411,5.5013,152.2815,0.943558
-506.9541,5.5013,151.8616,0.943670
-507.0675,5.5013,151.4390,0.943781
-507.1811,5.5013,151.0136,0.943898
-507.2950,5.5013,150.5855,0.944013
-507.3963,5.5013,150.2028,0.944115
-507.5105,5.5013,149.7697,0.944233
-507.6248,5.5013,149.3342,0.944348
-507.7265,5.5013,148.9448,0.944461
-507.8410,5.5013,148.5044,0.944579
-507.9556,5.5013,148.0614,0.944701
-508.0576,5.5013,147.6656,0.944810
-508.1724,5.5013,147.2179,0.944927
-508.2744,5.5013,146.8179,0.945037
-508.3894,5.5013,146.3655,0.945168
-508.4916,5.5013,145.9613,0.945273
-508.6066,5.5013,145.5042,0.945410
-508.7215,5.5013,145.0448,0.945527
-508.8236,5.5013,144.6342,0.945648
-508.9384,5.5013,144.1701,0.945777
-509.0530,5.5013,143.7036,0.945915
-509.1676,5.5013,143.2346,0.946041
-509.2694,5.5013,142.8157,0.946156
-509.3839,5.5013,142.3422,0.946292
-509.4855,5.5013,141.9194,0.946413
-509.5997,5.5013,141.4418,0.946536
-509.7011,5.5013,141.0154,0.946656
-509.8148,5.5013,140.5340,0.946808
-509.9156,5.5013,140.1045,0.946928
-510.0289,5.5013,139.6195,0.947064
-510.1293,5.5013,139.1869,0.947186
-510.2420,5.5013,138.6984,0.947317
-510.3419,5.5013,138.2626,0.947443
-510.4539,5.5013,137.7706,0.947585
-510.5781,5.5013,137.2217,0.947736
-510.6772,5.5013,136.7809,0.947868
-510.7884,5.5013,136.2833,0.947998
-510.8870,5.5013,135.8395,0.948134
-510.9976,5.5013,135.3385,0.948275
-511.1080,5.5013,134.8356,0.948415
-511.2059,5.5013,134.3871,0.948542
-511.3159,5.5013,133.8809,0.948688
-511.4257,5.5013,133.3728,0.948828
-511.5353,5.5013,132.8631,0.948983
-511.6325,5.5013,132.4085,0.949109
-511.7418,5.5013,131.8954,0.949252
-511.8509,5.5013,131.3807,0.949397
-511.9597,5.5013,130.8642,0.949551
-512.0683,5.5013,130.3461,0.949699
-512.1765,5.5013,129.8263,0.949843
-512.2727,5.5013,129.3628,0.949981
-512.3804,5.5013,128.8398,0.950127
-512.4761,5.5013,128.3736,0.950257
-512.5835,5.5013,127.8476,0.950417
-512.6788,5.5013,127.3788,0.950543
-512.7860,5.5013,126.8499,0.950698
-512.8928,5.5013,126.3196,0.950854
-512.9876,5.5013,125.8471,0.950985
-513.0939,5.5013,125.3147,0.951143
-513.1883,5.5013,124.8406,0.951282
-513.2940,5.5013,124.3062,0.951443
-513.3878,5.5013,123.8303,0.951575
-513.4930,5.5013,123.2940,0.951737
-513.5980,5.5013,122.7567,0.951895
-513.7029,5.5013,122.2183,0.952046
-513.7959,5.5013,121.7388,0.952186
-513.9005,5.5013,121.1986,0.952345
-514.0052,5.5013,120.6571,0.952500
-514.1101,5.5013,120.1148,0.952659
-514.2034,5.5013,119.6322,0.952802
-514.3087,5.5013,119.0889,0.952964
-514.4138,5.5013,118.5457,0.953117
-514.5071,5.5013,118.0630,0.953264
-514.6120,5.5013,117.5199,0.953424
-514.7053,5.5013,117.0375,0.953561
-514.8102,5.5013,116.4949,0.953721
-514.9150,5.5013,115.9525,0.953879
-515.0199,5.5013,115.4104,0.954040
-515.1245,5.5013,114.8684,0.954192
-515.2173,5.5013,114.3869,0.954341
-515.3217,5.5013,113.8453,0.954497
-515.4144,5.5013,113.3641,0.954635
-515.5303,5.5013,112.7628,0.954804
-515.6345,5.5013,112.2219,0.954968
-515.7272,5.5013,111.7411,0.955103
-515.8196,5.5013,111.2606,0.955239
-515.9234,5.5013,110.7202,0.955393
-516.0156,5.5013,110.2400,0.955532
-516.1309,5.5013,109.6399,0.955705
-516.2346,5.5013,109.1001,0.955862
-516.3384,5.5013,108.5604,0.956015
-516.4307,5.5013,108.0809,0.956152
-516.5345,5.5013,107.5416,0.956306
-516.6380,5.5013,107.0026,0.956465
-516.7413,5.5013,106.4637,0.956611
-516.8328,5.5013,105.9850,0.956747
-516.9356,5.5013,105.4465,0.956904
-517.0496,5.5013,104.8485,0.957066
-517.1404,5.5013,104.3703,0.957200
-517.2537,5.5013,103.7726,0.957362
-517.3665,5.5013,103.1752,0.957531
-517.4678,5.5013,102.6377,0.957683
-517.5576,5.5013,102.1600,0.957815
-517.6584,5.5013,101.6229,0.957959
-517.7476,5.5013,101.1454,0.958091
-517.8478,5.5013,100.6085,0.958235
-517.9475,5.5013,100.0718,0.958386
-518.0360,5.5013,99.5947,0.958509
-518.1350,5.5013,99.0582,0.958653
-518.2227,5.5013,98.5814,0.958784
-518.3210,5.5013,98.0452,0.958928
-518.4079,5.5013,97.5687,0.959058
-518.5051,5.5013,97.0329,0.959201
-518.6016,5.5013,96.4972,0.959348
-518.6976,5.5013,95.9615,0.959492
-518.7822,5.5013,95.4855,0.959611
-518.8766,5.5013,94.9501,0.959756
-518.9598,5.5013,94.4743,0.959885
-519.0527,5.5013,93.9391,0.960025
-519.1348,5.5013,93.4635,0.960151
-519.2263,5.5013,92.9285,0.960290
-519.3170,5.5013,92.3936,0.960433
-519.3970,5.5013,91.9182,0.960562
-519.4861,5.5013,91.3834,0.960697
-519.5645,5.5013,90.9081,0.960833
-519.6423,5.5013,90.4329,0.960953
-519.7289,5.5013,89.8982,0.961087
-519.8242,5.5013,89.3044,0.961255
-519.9091,5.5013,88.7699,0.961383
-519.9838,5.5013,88.2948,0.961510
-520.0671,5.5013,87.7605,0.961653
-520.1403,5.5013,87.2855,0.961775
-520.2219,5.5013,86.7512,0.961915
-520.3027,5.5013,86.2170,0.962050
-520.3737,5.5013,85.7422,0.962177
-520.4526,5.5013,85.2080,0.962317
-520.5394,5.5013,84.6146,0.962471
-520.6080,5.5013,84.1399,0.962591
-520.6844,5.5013,83.6059,0.962726
-520.7599,5.5013,83.0720,0.962866
-520.8265,5.5013,82.5973,0.962989
-520.9008,5.5013,82.0635,0.963118
-520.9744,5.5013,81.5296,0.963257
-521.0474,5.5013,80.9958,0.963393
-521.1199,5.5013,80.4619,0.963524
-521.1920,5.5013,79.9282,0.963662
-521.2639,5.5013,79.3944,0.963793
-521.3353,5.5013,78.8606,0.963937
-521.4067,5.5013,78.3270,0.964062
-521.4780,5.5013,77.7934,0.964202
-521.5411,5.5013,77.3192,0.964319
-521.6121,5.5013,76.7858,0.964454
-521.6829,5.5013,76.2524,0.964592
-521.7455,5.5013,75.7785,0.964705
-521.8160,5.5013,75.2454,0.964831
-521.8940,5.5013,74.6533,0.964991
-521.9564,5.5013,74.1797,0.965108
-522.0266,5.5013,73.6471,0.965250
-522.0889,5.5013,73.1738,0.965360
-522.1514,5.5013,72.7006,0.965481
-522.2214,5.5013,72.1684,0.965611
-522.2913,5.5013,71.6363,0.965740
-522.3610,5.5013,71.1045,0.965879
-522.4230,5.5013,70.6318,0.965995
-522.5005,5.5013,70.0412,0.966155
-522.5781,5.5013,69.4508,0.966294
-522.6555,5.5013,68.8607,0.966438
-522.7251,5.5013,68.3297,0.966580
-522.7870,5.5013,67.8578,0.966701
-522.8564,5.5013,67.3272,0.966821
-522.9178,5.5013,66.8557,0.966943
-522.9865,5.5013,66.3254,0.967086
-523.0552,5.5013,65.7953,0.967216
-523.1237,5.5013,65.2653,0.967352
-523.1841,5.5013,64.7944,0.967474
-523.2521,5.5013,64.2647,0.967608
-523.3122,5.5013,63.7940,0.967724
-523.3795,5.5013,63.2645,0.967862
-523.4542,5.5013,62.6765,0.968015
-523.5286,5.5013,62.0885,0.968166
-523.5953,5.5013,61.5594,0.968299
-523.6544,5.5013,61.0893,0.968427
-523.7283,5.5013,60.5017,0.968571
-523.7944,5.5013,59.9730,0.968711
-523.8530,5.5013,59.5033,0.968834
-523.9261,5.5013,58.9161,0.968983
-523.9989,5.5013,58.3292,0.969130
-524.0643,5.5013,57.8011,0.969272
-524.1224,5.5013,57.3317,0.969391
-524.1874,5.5013,56.8038,0.969532
-524.2524,5.5013,56.2761,0.969666
-524.3173,5.5013,55.7485,0.969793
-524.3820,5.5013,55.2210,0.969936
-524.4536,5.5013,54.6351,0.970087
-524.5108,5.5013,54.1665,0.970213
-524.5751,5.5013,53.6395,0.970348
-524.6461,5.5013,53.0540,0.970496
-524.7170,5.5013,52.4686,0.970647
-524.7737,5.5013,52.0006,0.970769
-524.8372,5.5013,51.4740,0.970906
-524.8935,5.5013,51.0061,0.971029
-524.9568,5.5013,50.4799,0.971165
-525.0198,5.5013,49.9539,0.971308
-525.0824,5.5013,49.4280,0.971440
-525.1447,5.5013,48.9025,0.971566
-525.2133,5.5013,48.3185,0.971714
-525.2676,5.5013,47.8516,0.971840
-525.3350,5.5013,47.2680,0.971989
-525.3950,5.5013,46.7431,0.972131
-525.4611,5.5013,46.1598,0.972283
-525.5134,5.5013,45.6933,0.972404
-525.5719,5.5013,45.1685,0.972535
-525.6236,5.5013,44.7021,0.972660
-525.6815,5.5013,44.1774,0.972793
-525.7327,5.5013,43.7110,0.972914
-525.7903,5.5013,43.1864,0.973053
-525.8480,5.5013,42.6618,0.973184
-525.8993,5.5013,42.1955,0.973309
-525.9570,5.5013,41.6711,0.973437
-526.0147,5.5013,41.1466,0.973573
-526.0725,5.5013,40.6224,0.973713
-526.1304,5.5013,40.0982,0.973846
-526.1817,5.5013,39.6324,0.973960
-526.2395,5.5013,39.1087,0.974103
-526.3037,5.5013,38.5270,0.974252
-526.3550,5.5013,38.0619,0.974366
-526.4191,5.5013,37.4809,0.974518
-526.4767,5.5013,36.9581,0.974651
-526.5344,5.5013,36.4356,0.974786
-526.5921,5.5013,35.9134,0.974923
-526.6434,5.5013,35.4494,0.975037
-526.7010,5.5013,34.9276,0.975181
-526.7523,5.5013,34.4640,0.975288
-526.8099,5.5013,33.9427,0.975424
-526.8737,5.5013,33.3636,0.975576
-526.9247,5.5013,32.9006,0.975690
-526.9884,5.5013,32.3222,0.975846
-527.0457,5.5013,31.8018,0.975973
-527.1094,5.5013,31.2238,0.976123
-527.1604,5.5013,30.7616,0.976243
-527.2181,5.5013,30.2419,0.976375
-527.2823,5.5013,29.6648,0.976527
-527.3338,5.5013,29.2032,0.976649
-527.3918,5.5013,28.6842,0.976779
-527.4435,5.5013,28.2230,0.976892
-527.5016,5.5013,27.7044,0.977031
-527.5664,5.5013,27.1285,0.977171
-527.6315,5.5013,26.5528,0.977323
-527.6903,5.5013,26.0350,0.977461
-527.7426,5.5013,25.5749,0.977565
-527.8080,5.5013,25.0001,0.977720
-527.8672,5.5013,24.4830,0.977855
-527.9200,5.5013,24.0236,0.977977
-527.9793,5.5013,23.5070,0.978107
-528.0324,5.5013,23.0480,0.978220
-528.0922,5.5013,22.5319,0.978357
-528.1521,5.5013,22.0160,0.978485
-528.2053,5.5013,21.5577,0.978609
-528.2656,5.5013,21.0422,0.978737
-528.3260,5.5013,20.5271,0.978865
-528.3797,5.5013,20.0694,0.978991
-528.4401,5.5013,19.5548,0.979117
-528.4943,5.5013,19.0975,0.979241
-528.5686,5.5013,18.4692,0.979400
-528.6226,5.5013,18.0125,0.979514
-528.6832,5.5013,17.4989,0.979648
-528.7370,5.5013,17.0426,0.979760
-528.7974,5.5013,16.5296,0.979895
-528.8511,5.5013,16.0737,0.980011
-528.9182,5.5013,15.5042,0.980160
-528.9786,5.5013,14.9918,0.980293
-529.0322,5.5013,14.5366,0.980399
-529.0925,5.5013,14.0246,0.980533
-529.1459,5.5013,13.5698,0.980655
-529.2059,5.5013,13.0582,0.980789
-529.2592,5.5013,12.6037,0.980910
-529.3255,5.5013,12.0358,0.981060
-529.3853,5.5013,11.5249,0.981179
-529.4382,5.5013,11.0710,0.981299
-529.4912,5.5013,10.6172,0.981410
-529.5507,5.5013,10.1070,0.981546
-529.6035,5.5013,9.6535,0.981661
-529.6626,5.5013,9.1437,0.981796
-529.7216,5.5013,8.6340,0.981925
-529.7740,5.5013,8.1811,0.982043
-529.8264,5.5013,7.7285,0.982155
-529.8850,5.5013,7.2194,0.982287
-529.9434,5.5013,6.7106,0.982417
-530.0017,5.5013,6.2019,0.982559
-530.0663,5.5013,5.6369,0.982696
-530.1304,5.5013,5.0722,0.982838
-530.1818,5.5013,4.6206,0.982955
-530.2458,5.5013,4.0564,0.983103
-530.2966,5.5013,3.6052,0.983220
-530.3538,5.5013,3.0976,0.983352
-530.4109,5.5013,2.5903,0.983480
-530.4741,5.5013,2.0268,0.983626
-530.5372,5.5013,1.4635,0.983767
-530.5878,5.5013,1.0131,0.983880
-530.6446,5.5013,0.5065,0.984012
-530.6949,5.5013,0.0563,0.984131
-530.7514,5.5013,-0.4499,0.984257
-530.8017,5.5013,-0.8998,0.984377
-530.8646,5.5013,-1.4620,0.984522
-530.9274,5.5013,-2.0238,0.984666
-530.9903,5.5013,-2.5854,0.984807
-531.0406,5.5013,-3.0345,0.984926
-531.0972,5.5013,-3.5395,0.985063
-531.1600,5.5013,-4.1005,0.985200
-531.2229,5.5013,-4.6612,0.985340
-531.2731,5.5013,-5.1095,0.985463
-531.3234,5.5013,-5.5577,0.985574
-531.3798,5.5013,-6.0617,0.985701
-531.4362,5.5013,-6.5655,0.985830
-531.4922,5.5013,-7.0691,0.985960
-531.5419,5.5013,-7.5165,0.986073
-531.6039,5.5013,-8.0757,0.986215
-531.6597,5.5013,-8.5786,0.986349
-531.7093,5.5013,-9.0256,0.986457
-531.7711,5.5013,-9.5840,0.986604
-531.8326,5.5013,-10.1422,0.986748
-531.8818,5.5013,-10.5887,0.986865
-531.9432,5.5013,-11.1465,0.987013
-531.9984,5.5013,-11.6483,0.987136
-532.0475,5.5013,-12.0943,0.987245
-532.1027,5.5013,-12.5958,0.987381
-532.1576,5.5013,-13.0972,0.987502
-532.2064,5.5013,-13.5427,0.987620
-532.2614,5.5013,-14.0438,0.987748
-532.3102,5.5013,-14.4889,0.987864
-532.3651,5.5013,-14.9896,0.987989
-532.4140,5.5013,-15.4346,0.988105
-532.4689,5.5013,-15.9349,0.988238
-532.5178,5.5013,-16.3795,0.988349
-532.5792,5.5013,-16.9350,0.988482
-532.6405,5.5013,-17.4904,0.988631
-532.6897,5.5013,-17.9345,0.988744
-532.7390,5.5013,-18.3785,0.988863
-532.8007,5.5013,-18.9333,0.989002
-532.8564,5.5013,-19.4323,0.989127
-532.9121,5.5013,-19.9312,0.989258
-532.9617,5.5013,-20.3745,0.989375
-533.0176,5.5013,-20.8730,0.989495
-533.0797,5.5013,-21.4266,0.989642
-533.1357,5.5013,-21.9248,0.989769
-533.1855,5.5013,-22.3673,0.989874
-533.2354,5.5013,-22.8098,0.989997
-533.2915,5.5013,-23.3072,0.990125
-533.3413,5.5013,-23.7493,0.990238
-533.3974,5.5013,-24.2465,0.990354
-533.4473,5.5013,-24.6882,0.990478
-533.5095,5.5013,-25.2401,0.990613
-533.5655,5.5013,-25.7366,0.990752
-533.6215,5.5013,-26.2329,0.990882
-533.6713,5.5013,-26.6739,0.990987
-533.7274,5.5013,-27.1697,0.991115
-533.7833,5.5013,-27.6654,0.991235
-533.8328,5.5013,-28.1058,0.991358
-533.8947,5.5013,-28.6555,0.991496
-533.9503,5.5013,-29.1494,0.991621
-533.9997,5.5013,-29.5879,0.991738
-534.0613,5.5013,-30.1353,0.991880
-534.1230,5.5013,-30.6817,0.992018
-534.1845,5.5013,-31.2273,0.992154
-534.2338,5.5013,-31.6632,0.992267
-534.2950,5.5013,-32.2073,0.992404
-534.3438,5.5013,-32.6419,0.992520
-534.3987,5.5013,-33.1303,0.992641
-534.4534,5.5013,-33.6180,0.992770
-534.5081,5.5013,-34.1050,0.992889
-534.5564,5.5013,-34.5373,0.993005
-534.6046,5.5013,-34.9691,0.993111
-534.6589,5.5013,-35.4544,0.993234
-534.7192,5.5013,-35.9931,0.993376
-534.7675,5.5013,-36.4239,0.993491
-534.8157,5.5013,-36.8545,0.993598
-534.8759,5.5013,-37.3925,0.993742
-534.9300,5.5013,-37.8764,0.993859
-534.9838,5.5013,-38.3601,0.993986
-535.0317,5.5013,-38.7898,0.994099
-535.0916,5.5013,-39.3267,0.994238
-535.1454,5.5013,-39.8098,0.994346
-535.1933,5.5013,-40.2388,0.994462
-535.2471,5.5013,-40.7214,0.994587
-535.3070,5.5013,-41.2574,0.994725
-535.3671,5.5013,-41.7930,0.994859
-535.4274,5.5013,-42.3284,0.995005
-535.4756,5.5013,-42.7565,0.995104
-535.5358,5.5013,-43.2914,0.995245
-535.5960,5.5013,-43.8260,0.995385
-535.6502,5.5013,-44.3070,0.995504
-535.7045,5.5013,-44.7876,0.995627
-535.7589,5.5013,-45.2680,0.995751
-535.8072,5.5013,-45.6948,0.995856
-535.8616,5.5013,-46.1748,0.995984
-535.9099,5.5013,-46.6012,0.996089
-535.9643,5.5013,-47.0807,0.996208
-536.0187,5.5013,-47.5600,0.996335
-536.0671,5.5013,-47.9858,0.996444
-536.1154,5.5013,-48.4115,0.996556
-536.1698,5.5013,-48.8901,0.996674
-536.2181,5.5013,-49.3152,0.996779
-536.2781,5.5013,-49.8465,0.996918
-536.3320,5.5013,-50.3244,0.997034
-536.3918,5.5013,-50.8552,0.997165
-536.4396,5.5013,-51.2796,0.997269
-536.4933,5.5013,-51.7568,0.997390
-536.5411,5.5013,-52.1809,0.997504
-536.5950,5.5013,-52.6577,0.997629
-536.6487,5.5013,-53.1344,0.997744
-536.6965,5.5013,-53.5579,0.997855
-536.7503,5.5013,-54.0341,0.997969
-536.8040,5.5013,-54.5101,0.998089
-536.8575,5.5013,-54.9859,0.998209
-536.9169,5.5013,-55.5143,0.998340
-536.9642,5.5013,-55.9368,0.998447
-537.0175,5.5013,-56.4119,0.998567
-537.0708,5.5013,-56.8869,0.998685
-537.1299,5.5013,-57.4143,0.998818
-537.1773,5.5013,-57.8361,0.998919
-537.2307,5.5013,-58.3104,0.999045
-537.2780,5.5013,-58.7318,0.999147
-537.3372,5.5013,-59.2583,0.999285
-537.3905,5.5013,-59.7320,0.999405
-537.4438,5.5013,-60.2055,0.999523
-537.4971,5.5013,-60.6788,0.999655
-537.5446,5.5013,-61.0992,0.999755
-537.6038,5.5013,-61.6245,0.999904
