533.4000,-0.0000,553.5242,0.000077
533.3927,-0.0000,553.8170,0.000140
533.3847,-0.0000,554.1332,0.000204
533.3756,-0.0000,554.4726,0.000281
533.3674,-0.0000,554.7622,0.000345
533.3585,-0.0000,555.0510,0.000410
533.3499,-0.0000,555.3146,0.000463
533.3395,-0.0000,555.6254,0.000534
533.3292,-0.0000,555.9353,0.000599
533.3195,-0.0000,556.2206,0.000667
533.3096,-0.0000,556.5051,0.000731
533.3003,-0.0000,556.7651,0.000786
533.2900,-0.0000,557.0481,0.000845
533.2798,-0.0000,557.3305,0.000906
533.2697,-0.0000,557.6122,0.000971
533.2601,-0.0000,557.8934,0.001034
533.2518,-0.0000,558.1508,0.001090
533.2423,-0.0000,558.4542,0.001156
533.2322,-0.0000,558.7802,0.001226
533.2235,-0.0000,559.0588,0.001287
533.2142,-0.0000,559.3599,0.001359
533.2078,-0.0000,559.5681,0.001399
533.1993,-0.0000,559.8449,0.001458
533.1912,-0.0000,560.1212,0.001516
533.1831,-0.0000,560.3970,0.001584
533.1754,-0.0000,560.6721,0.001642
533.1683,-0.0000,560.9238,0.001696
533.1607,-0.0000,561.1977,0.001758
533.1526,-0.0000,561.4708,0.001820
533.1426,-0.0000,561.8112,0.001898
533.1345,-0.0000,562.0829,0.001951
533.1259,-0.0000,562.3766,0.002015
533.1188,-0.0000,562.6245,0.002070
533.1112,-0.0000,562.8944,0.002128
533.1038,-0.0000,563.1637,0.002188
533.0965,-0.0000,563.4324,0.002246
533.0898,-0.0000,563.6782,0.002303
533.0826,-0.0000,563.9458,0.002360
533.0758,-0.0000,564.2128,0.002417
533.0698,-0.0000,564.4570,0.002475
533.0632,-0.0000,564.7230,0.002533
533.0571,-0.0000,564.9883,0.002588
533.0511,-0.0000,565.2531,0.002645
533.0457,-0.0000,565.4954,0.002702
533.0399,-0.0000,565.7592,0.002759
533.0340,-0.0000,566.0223,0.002811
533.0278,-0.0000,566.3287,0.002882
533.0230,-0.0000,566.5688,0.002936
533.0179,-0.0000,566.8304,0.002992
533.0128,-0.0000,567.0915,0.003049
533.0076,-0.0000,567.3517,0.003105
533.0031,-0.0000,567.5898,0.003157
532.9977,-0.0000,567.8705,0.003220
532.9930,-0.0000,568.1077,0.003271
532.9880,-0.0000,568.3656,0.003329
532.9831,-0.0000,568.6230,0.003385
532.9773,-0.0000,568.9225,0.003449
532.9722,-0.0000,569.1786,0.003504
532.9664,-0.0000,569.4554,0.003568
532.9609,-0.0000,569.7100,0.003624
532.9548,-0.0000,569.9639,0.003680
532.9489,-0.0000,570.1960,0.003731
532.9423,-0.0000,570.4485,0.003784
532.9351,-0.0000,570.7004,0.003837
532.9280,-0.0000,570.9307,0.003892
532.9202,-0.0000,571.1813,0.003944
532.9118,-0.0000,571.4315,0.004001
532.9034,-0.0000,571.6810,0.004056
532.8969,-0.0000,571.8678,0.004098
532.8871,-0.0000,572.1366,0.004154
532.8777,-0.0000,572.3831,0.004208
532.8680,-0.0000,572.6290,0.004264
532.8570,-0.0000,572.8945,0.004325
532.8433,-0.0000,573.2205,0.004394
532.8322,-0.0000,573.4850,0.004451
532.8226,0.0000,573.7086,0.004503
532.8122,-0.0000,573.9525,0.004551
532.8044,-0.0000,574.1352,0.004595
532.7937,-0.0000,574.3785,0.004647
532.7830,-0.0000,574.6217,0.004700
532.7694,-0.0000,574.9254,0.004765
532.7593,-0.0000,575.1683,0.004822
532.7493,-0.0000,575.4113,0.004877
532.7397,-0.0000,575.6540,0.004931
532.7300,-0.0000,575.8963,0.004978
532.7197,-0.0000,576.1382,0.005034
532.7078,-0.0000,576.4001,0.005094
532.7000,-0.0000,576.5610,0.005131
532.6877,-0.0000,576.8022,0.005181
532.6745,-0.0000,577.0432,0.005235
532.6620,0.0300,577.2847,0.005288
532.6501,0.0300,577.5043,0.005332
532.6354,0.0300,577.7645,0.005389
532.6209,0.0300,578.0051,0.005442
532.6035,0.0300,578.2858,0.005508
532.5859,0.0300,578.5667,0.005567
532.5734,0.0300,578.7673,0.005614
532.5574,0.0300,579.0283,0.005667
532.5420,0.0300,579.2891,0.005728
532.5281,0.0300,579.5299,0.005781
532.5137,0.0300,579.7909,0.005839
532.4983,0.0300,580.0720,0.005904
532.4839,0.0300,580.3328,0.005959
532.4703,0.0300,580.5735,0.006013
532.4575,0.0300,580.8141,0.006060
532.4399,0.0300,581.1147,0.006130
532.4243,0.0300,581.3754,0.006189
532.4147,0.0300,581.5359,0.006222
532.4008,0.0300,581.7767,0.006277
532.3870,0.0300,582.0179,0.006328
532.3743,0.0300,582.2390,0.006376
532.3600,0.0300,582.4802,0.006431
532.3442,0.0300,582.7416,0.006490
532.3295,0.0300,582.9828,0.006543
532.3146,0.0300,583.2241,0.006595
532.2992,0.0300,583.4653,0.006643
532.2838,0.0300,583.7067,0.006700
532.2672,0.0300,583.9684,0.006757
532.2480,0.0300,584.2707,0.006824
532.2328,0.0300,584.5128,0.006878
532.2175,0.0300,584.7552,0.006935
532.2003,0.0300,585.0380,0.006993
532.1856,0.0300,585.2805,0.007046
532.1709,0.0300,585.5229,0.007099
532.1538,0.0300,585.8060,0.007160
532.1392,0.0300,586.0487,0.007214
532.1232,0.0300,586.3120,0.007270
532.1120,0.0300,586.4944,0.007317
532.0969,0.0300,586.7374,0.007367
532.0816,0.0300,586.9803,0.007435
532.0662,0.0300,587.2233,0.007506
532.0481,0.0300,587.5068,0.007583
532.0339,0.0300,587.7300,0.007619
532.0146,0.0300,588.0347,0.007659
532.0005,0.0300,588.2582,0.007666
531.9020,0.0300,589.8256,0.008061
531.8866,0.0300,590.0703,0.008109
531.8663,0.0300,590.3965,0.008169
531.8484,0.0300,590.6822,0.008224
531.8304,0.0300,590.9684,0.008278
531.8151,0.0300,591.2137,0.008641
531.7223,0.0300,592.7089,0.008661
531.7084,0.0300,592.9345,0.008692
531.6931,0.0300,593.1807,0.008736
531.6766,0.0300,593.4473,0.008807
531.6600,0.0300,593.7145,0.008888
531.6433,0.0300,593.9818,0.008960
531.6291,0.0300,594.2080,0.009008
531.6136,0.0300,594.4548,0.009065
531.5981,0.0300,594.7016,0.009122
531.5797,0.0300,594.9896,0.009182
531.5649,0.0300,595.2160,0.009233
531.5488,0.0300,595.4632,0.009287
531.5300,0.0300,595.7518,0.009350
531.5139,0.0300,595.9991,0.009402
531.4978,0.0300,596.2467,0.009456
531.4830,0.0300,596.4737,0.009510
531.4669,0.0300,596.7216,0.009562
531.4508,0.0300,596.9698,0.009615
531.4360,0.0300,597.1974,0.009667
531.4199,0.0300,597.4457,0.009724
531.4051,0.0300,597.6733,0.009773
531.3862,0.0300,597.9632,0.009835
531.3700,0.0300,598.2120,0.009890
531.3538,0.0300,598.4610,0.009944
531.3362,0.0300,598.7307,0.010004
531.3196,0.0300,598.9794,0.010055
531.3008,0.0300,599.2489,0.010119
531.2848,0.0300,599.4769,0.010170
531.2671,0.0300,599.7258,0.010222
531.2476,0.0300,599.9955,0.010283
531.2272,0.0300,600.2651,0.010343
531.2079,0.0300,600.5139,0.010399
531.1881,0.0300,600.7626,0.010451
531.1694,0.0300,600.9907,0.010504
531.1487,0.0300,601.2396,0.010556
531.1277,0.0300,601.4885,0.010613
531.1062,0.0300,601.7376,0.010669
531.0809,0.0300,602.0285,0.010730
531.0603,0.0300,602.2570,0.010780
531.0374,0.0300,602.5062,0.010839
531.0142,0.0300,602.7554,0.010894
530.9927,0.0300,602.9839,0.010946
530.9689,0.0300,603.2335,0.010998
530.9406,0.0300,603.5247,0.011062
530.9138,0.0300,603.7953,0.011125
530.8887,0.0300,604.0453,0.011179
530.8654,0.0300,604.2745,0.011228
530.8376,0.0300,604.5454,0.011287
530.8116,0.0300,604.7954,0.011346
530.7826,0.0304,605.0460,0.011402
530.7557,0.0310,605.2963,0.011458
530.7311,0.0315,605.5259,0.011504
530.7035,0.0321,605.7765,0.011563
530.6757,0.0327,606.0272,0.011619
530.6474,0.0333,606.2778,0.011674
530.6115,0.0341,606.5912,0.011741
530.5798,0.0347,606.8629,0.011806
530.5499,0.0353,607.1140,0.011861
530.5193,0.0359,607.3652,0.011913
530.4805,0.0367,607.6790,0.011986
530.4490,0.0372,607.9293,0.012039
530.4142,0.0372,608.2013,0.012102
530.3844,0.0371,608.4316,0.012152
530.3486,0.0371,608.7042,0.012211
530.3149,0.0370,608.9560,0.012270
530.2725,0.0370,609.2707,0.012338
530.2408,0.0370,609.5015,0.012392
530.2059,0.0369,609.7533,0.012446
530.1704,0.0369,610.0050,0.012504
530.1342,0.0369,610.2569,0.012558
530.0974,0.0369,610.5089,0.012616
530.0567,0.0369,610.7818,0.012677
530.0215,0.0369,611.0128,0.012728
529.9823,0.0369,611.2647,0.012786
529.9420,0.0369,611.5165,0.012842
529.9009,0.0369,611.7682,0.012900
529.8588,0.0370,612.0203,0.012953
529.8204,0.0368,612.2514,0.013006
529.7767,0.0365,612.5036,0.013063
529.7323,0.0363,612.7559,0.013120
529.6794,0.0361,613.0506,0.013185
529.6334,0.0359,613.3033,0.013243
529.5905,0.0357,613.5352,0.013294
529.5429,0.0355,613.7881,0.013352
529.4907,0.0353,614.0622,0.013415
529.4417,0.0351,614.3154,0.013469
529.3964,0.0349,614.5479,0.013522
529.3464,0.0347,614.8021,0.013579
529.2919,0.0348,615.0774,0.013643
529.2375,0.0348,615.3534,0.013705
529.1791,0.0349,615.6516,0.013770
529.1252,0.0349,615.9291,0.013834
529.0760,0.0350,616.1860,0.013893
529.0273,0.0350,616.4434,0.013947
528.9827,0.0350,616.6796,0.014004
528.9341,0.0351,616.9378,0.014059
528.8853,0.0351,617.1961,0.014118
528.8364,0.0351,617.4546,0.014177
528.7792,0.0352,617.7567,0.014245
528.7137,0.0352,618.1021,0.014321
528.6688,0.0353,618.3402,0.014375
528.6202,0.0352,618.6000,0.014435
528.5712,0.0350,618.8600,0.014491
528.5220,0.0349,619.1207,0.014547
528.4769,0.0348,619.3597,0.014600
528.4277,0.0347,619.6206,0.014661
528.3784,0.0346,619.8820,0.014721
528.3289,0.0345,620.1435,0.014780
528.2797,0.0344,620.4053,0.014834
528.2346,0.0343,620.6458,0.014890
528.1610,0.0341,621.0395,0.014978
528.1119,0.0340,621.3024,0.015036
528.0629,0.0339,621.5654,0.015097
528.0179,0.0338,621.8070,0.015151
527.9688,0.0338,622.0709,0.015209
527.9196,0.0338,622.3349,0.015269
527.8746,0.0338,622.5773,0.015321
527.8254,0.0338,622.8420,0.015380
527.7764,0.0339,623.1071,0.015439
527.7235,0.0339,623.3947,0.015504
527.6747,0.0339,623.6603,0.015564
527.6223,0.0339,623.9489,0.015629
527.5779,0.0339,624.1932,0.015681
527.5255,0.0339,624.4822,0.015747
527.4813,0.0339,624.7271,0.015802
527.4410,0.0339,624.9497,0.015851
527.3967,0.0339,625.1950,0.015904
527.3483,0.0339,625.4627,0.015967
527.2999,0.0339,625.7308,0.016025
527.2515,0.0339,625.9991,0.016085
527.2032,0.0339,626.2676,0.016145
527.1508,0.0339,626.5591,0.016212
527.1025,0.0339,626.8284,0.016267
527.0543,0.0339,627.0979,0.016332
527.0100,0.0338,627.3453,0.016383
526.9617,0.0338,627.6152,0.016448
526.9134,0.0338,627.8855,0.016503
526.8647,0.0338,628.1559,0.016564
526.8157,0.0338,628.4264,0.016626
526.7626,0.0338,628.7198,0.016695
526.7134,0.0338,628.9908,0.016754
526.6641,0.0338,629.2622,0.016817
526.6109,0.0338,629.5566,0.016876
526.5616,0.0338,629.8284,0.016941
526.5044,0.0338,630.1461,0.017011
526.4594,0.0338,630.3959,0.017066
526.4184,0.0338,630.6230,0.017116
526.3652,0.0338,630.9183,0.017183
526.3162,0.0338,631.1909,0.017244
526.2712,0.0338,631.4407,0.017299
526.2221,0.0338,631.7131,0.017363
526.1731,0.0337,631.9849,0.017421
526.1238,0.0338,632.2560,0.017482
526.0755,0.0339,632.5262,0.017541
526.0273,0.0340,632.7949,0.017604
525.9795,0.0341,633.0620,0.017660
525.9360,0.0342,633.3052,0.017715
525.8889,0.0343,633.5690,0.017773
525.8422,0.0344,633.8310,0.017832
525.7956,0.0345,634.0912,0.017895
525.7534,0.0346,634.3284,0.017945
525.7075,0.0347,634.5854,0.018003
525.6622,0.0347,634.8408,0.018057
525.6210,0.0348,635.0733,0.018108
525.5802,0.0349,635.3045,0.018160
525.5358,0.0350,635.5550,0.018217
525.4957,0.0351,635.7832,0.018271
525.4593,0.0352,635.9894,0.018313
525.4018,0.0352,636.3168,0.018389
525.3588,0.0351,636.5605,0.018440
525.3160,0.0351,636.8025,0.018493
525.2772,0.0351,637.0228,0.018545
525.2420,0.0351,637.2219,0.018588
525.2036,0.0351,637.4395,0.018638
525.1620,0.0350,637.6752,0.018693
525.1203,0.0350,637.9091,0.018741
525.0754,0.0350,638.1604,0.018800
525.0336,0.0350,638.3904,0.018847
524.9911,0.0350,638.6183,0.018901
524.9445,0.0350,638.8635,0.018955
524.9014,0.0349,639.0887,0.019004
524.8503,0.0349,639.3513,0.019066
524.8057,0.0350,639.5763,0.019115
524.7544,0.0352,639.8389,0.019174
524.7137,0.0354,640.0452,0.019221
524.6692,0.0356,640.2704,0.019272
524.6284,0.0357,640.4770,0.019320
524.5834,0.0359,640.7023,0.019371
524.5387,0.0361,640.9277,0.019421
524.4938,0.0363,641.1533,0.019468
524.4526,0.0364,641.3599,0.019514
524.4187,0.0366,641.5290,0.019553
524.3768,0.0368,641.7355,0.019600
524.3308,0.0370,641.9607,0.019652
524.2802,0.0372,642.2045,0.019703
524.2212,0.0374,642.4858,0.019765
524.1692,0.0377,642.7302,0.019821
524.1205,0.0379,642.9557,0.019876
524.0712,0.0380,643.1812,0.019924
524.0254,0.0380,643.3882,0.019971
523.9704,0.0380,643.6329,0.020029
523.9232,0.0381,643.8403,0.020076
523.8709,0.0381,644.0666,0.020127
523.8133,0.0382,644.3118,0.020184
523.7548,0.0382,644.5574,0.020237
523.7001,0.0383,644.7842,0.020286
523.6448,0.0383,645.0112,0.020339
523.5840,0.0384,645.2577,0.020397
523.5272,0.0385,645.4852,0.020447
523.4696,0.0386,645.7133,0.020502
523.4112,0.0386,645.9417,0.020552
523.3544,0.0383,646.1704,0.020604
523.2944,0.0377,646.3998,0.020655
523.2335,0.0372,646.6296,0.020714
523.1611,0.0366,646.8983,0.020773
523.0928,0.0360,647.1481,0.020828
523.0287,0.0355,647.3791,0.020881
522.9635,0.0350,647.6104,0.020932
522.8970,0.0344,647.8420,0.020988
522.8181,0.0338,648.1129,0.021053
522.7436,0.0332,648.3649,0.021111
522.6738,0.0327,648.5980,0.021162
522.6031,0.0321,648.8316,0.021216
522.5316,0.0316,649.0659,0.021273
522.4652,0.0311,649.2809,0.021323
522.3795,0.0304,649.5552,0.021386
522.3050,0.0300,649.7917,0.021437
522.2299,0.0300,650.0279,0.021496
522.1540,0.0300,650.2649,0.021548
522.0967,0.0300,650.4428,0.021589
522.0196,0.0300,650.6807,0.021646
521.9222,0.0300,650.9789,0.021712
521.8432,0.0300,651.2181,0.021769
521.7636,0.0300,651.4578,0.021826
521.6833,0.0300,651.6982,0.021882
521.5957,0.0300,651.9596,0.021940
521.5076,0.0300,652.2218,0.022002
521.4258,0.0300,652.4645,0.022058
521.3299,0.0300,652.7485,0.022125
521.2262,0.0300,653.0538,0.022197
521.1424,0.0300,653.2985,0.022251
521.0651,0.0300,653.5234,0.022307
520.9799,0.0300,653.7692,0.022364
520.8939,0.0300,654.0154,0.022419
520.8071,0.0300,654.2621,0.022476
520.7195,0.0300,654.5093,0.022534
520.6312,-0.0000,654.7571,0.022592
520.5275,-0.0000,655.0466,0.022660
520.4285,0.0000,655.3159,0.022726
520.2827,0.0000,655.7112,0.022815
520.1753,-0.0000,656.0035,0.022886
520.0829,-0.0000,656.2548,0.022943
519.9897,0.0000,656.5063,0.022999
519.9038,0.0000,656.7372,0.023056
519.8251,0.0000,656.9471,0.023104
519.7540,-0.0000,657.1361,0.023147
519.6498,0.0000,657.4094,0.023212
519.5533,0.0000,657.6620,0.023275
519.4414,-0.0000,657.9567,0.023341
519.3456,-0.0000,658.2093,0.023399
519.2418,0.0000,658.4828,0.023464
519.1301,0.0000,658.7772,0.023528
519.0188,-0.0000,659.0712,0.023598
518.9238,-0.0000,659.3231,0.023659
518.8372,-0.0000,659.5537,0.023710
518.7433,0.0000,659.8051,0.023773
518.6503,-0.0000,660.0565,0.023827
518.5120,-0.0000,660.4326,0.023913
518.3821,-0.0000,660.7865,0.023997
518.2987,0.0000,661.0146,0.024053
518.2077,0.0000,661.2628,0.024104
518.1172,0.0000,661.5101,0.024167
518.0270,-0.0000,661.7567,0.024223
517.9374,0.0000,662.0027,0.024275
517.8483,-0.0000,662.2482,0.024335
517.7599,-0.0000,662.4931,0.024396
517.6721,-0.0000,662.7374,0.024449
517.5850,-0.0000,662.9810,0.024508
517.4983,-0.0000,663.2238,0.024557
517.4047,0.0000,663.4860,0.024621
517.3187,-0.0000,663.7270,0.024676
517.2330,0.0000,663.9673,0.024734
517.1546,-0.0000,664.1869,0.024780
517.0695,-0.0000,664.4255,0.024837
517.0057,0.0000,664.6039,0.024877
516.9068,0.0000,664.8804,0.024942
516.8219,-0.0000,665.1165,0.024995
516.7231,0.0000,665.3907,0.025060
516.6389,0.0000,665.6251,0.025116
516.5411,-0.0000,665.8978,0.025179
516.4581,0.0000,666.1310,0.025233
516.3757,-0.0000,666.3635,0.025288
516.3004,-0.0000,666.5761,0.025335
516.1929,-0.0000,666.8854,0.025408
516.1136,-0.0000,667.1172,0.025459
516.0346,0.0000,667.3480,0.025513
515.9426,-0.0000,667.6160,0.025575
515.8642,-0.0000,667.8450,0.025629
515.8060,-0.0000,668.0165,0.025665
515.7230,-0.0000,668.2635,0.025723
515.6473,0.0000,668.4908,0.025772
515.5723,-0.0000,668.7175,0.025825
515.4854,-0.0000,668.9810,0.025884
515.4117,-0.0000,669.2060,0.025945
515.3456,-0.0000,669.4110,0.025984
515.2733,0.0000,669.6345,0.026036
515.2007,-0.0000,669.8571,0.026088
515.1286,-0.0000,670.0788,0.026139
515.0567,-0.0000,670.2996,0.026187
514.9673,0.0000,670.5743,0.026251
514.8905,-0.0000,670.8111,0.026305
514.8085,-0.0000,671.0652,0.026365
514.7272,-0.0000,671.3186,0.026422
514.6581,-0.0000,671.5353,0.026474
514.5897,0.0000,671.7516,0.026520
514.4989,-0.0000,672.0391,0.026585
514.4199,0.0000,672.2896,0.026637
514.3352,-0.0000,672.5573,0.026703
514.2678,-0.0000,672.7711,0.026755
514.1888,-0.0000,673.0205,0.026806
514.1213,0.0000,673.2344,0.026858
514.0538,-0.0000,673.4481,0.026908
513.9863,0.0000,673.6620,0.026958
513.9244,-0.0000,673.8579,0.027000
513.8569,-0.0000,674.0717,0.027054
513.7895,-0.0000,674.2852,0.027095
513.7165,0.0000,674.5164,0.027157
513.6434,-0.0000,674.7477,0.027210
513.5759,0.0000,674.9613,0.027255
513.5142,-0.0000,675.1571,0.027303
513.4468,0.0000,675.3707,0.027350
513.3795,-0.0000,675.5845,0.027402
513.3177,-0.0000,675.7803,0.027444
513.2505,0.0000,675.9938,0.027492
513.1833,-0.0000,676.2072,0.027546
513.1160,0.0000,676.4204,0.027590
513.0431,0.0000,676.6513,0.027642
512.9758,0.0000,676.8644,0.027691
512.9028,0.0000,677.0953,0.027745
512.8298,-0.0000,677.3262,0.027799
512.7566,-0.0000,677.5569,0.027848
512.7000,0.0000,677.7344,0.027889
512.6207,0.0000,677.9828,0.027947
512.5413,0.0000,678.2314,0.028002
512.4732,-0.0000,678.4447,0.028048
512.4051,0.0000,678.6584,0.028103
512.3199,0.0000,678.9258,0.028169
512.2234,0.0000,679.2288,0.028239
512.1553,0.0000,679.4426,0.028285
512.0871,0.0000,679.6564,0.028334
512.0187,-0.0000,679.8701,0.028380
511.9444,0.0000,680.1016,0.028436
511.8816,0.0000,680.2974,0.028484
511.8128,-0.0000,680.5110,0.028532
511.7441,-0.0000,680.7247,0.028578
511.6751,-0.0000,680.9383,0.028626
511.6060,0.0000,681.1520,0.028674
511.5367,0.0000,681.3656,0.028728
511.4731,0.0000,681.5615,0.028776
511.4034,-0.0000,681.7751,0.028818
511.3393,0.0000,681.9709,0.028867
511.2692,-0.0000,682.1848,0.028914
511.1991,0.0000,682.3987,0.028965
511.1349,0.0000,682.5950,0.029008
511.0591,0.0000,682.8271,0.029062
510.9891,0.0000,683.0414,0.029112
510.9131,-0.0000,683.2736,0.029167
510.8429,0.0000,683.4879,0.029217
510.7726,-0.0000,683.7022,0.029266
510.7083,-0.0000,683.8986,0.029310
510.6439,0.0000,684.0952,0.029355
510.5736,-0.0000,684.3094,0.029406
510.5030,0.0000,684.5239,0.029454
510.4383,0.0000,684.7205,0.029501
510.3676,0.0000,684.9349,0.029549
510.2847,-0.0000,685.1850,0.029605
510.1956,-0.0000,685.4528,0.029670
510.1239,-0.0000,685.6669,0.029715
510.0520,0.0000,685.8809,0.029766
509.9737,-0.0000,686.1130,0.029823
509.8771,0.0000,686.3987,0.029888
509.7805,-0.0000,686.6846,0.029950
509.7017,-0.0000,686.9171,0.030004
509.6290,0.0000,687.1318,0.030058
509.5563,0.0000,687.3466,0.030105
509.4833,-0.0000,687.5614,0.030151
509.4103,-0.0000,687.7762,0.030205
509.3374,0.0000,687.9911,0.030254
509.2704,0.0000,688.1880,0.030300
509.1973,0.0000,688.4028,0.030349
509.1239,-0.0000,688.6175,0.030399
509.0503,0.0000,688.8322,0.030444
508.9764,0.0000,689.0468,0.030494
508.8959,0.0000,689.2790,0.030550
508.8213,-0.0000,689.4933,0.030599
508.7464,0.0000,689.7077,0.030648
508.6711,0.0000,689.9219,0.030698
508.5957,0.0000,690.1362,0.030747
508.5078,0.0000,690.3865,0.030808
508.4323,0.0000,690.6011,0.030856
508.3571,0.0000,690.8159,0.030901
508.2757,0.0000,691.0489,0.030958
508.2070,0.0000,691.2461,0.031003
508.1320,0.0000,691.4611,0.031054
508.0570,0.0000,691.6762,0.031103
507.9818,0.0000,691.8913,0.031153
507.9063,0.0000,692.1063,0.031204
507.8369,0.0000,692.3035,0.031243
507.7610,0.0000,692.5186,0.031298
507.6851,0.0000,692.7338,0.031350
507.5963,0.0000,692.9849,0.031404
507.5135,0.0000,693.2181,0.031464
507.4431,0.0000,693.4152,0.031509
507.3594,0.0000,693.6478,0.031556
507.2554,0.0000,693.9334,0.031623
507.1832,0.0000,694.1294,0.031671
507.1039,0.0000,694.3430,0.031723
507.0242,0.0000,694.5563,0.031767
506.9504,0.0000,694.7517,0.031814
506.8626,0.0000,694.9826,0.031867
506.7741,0.0000,695.2135,0.031923
506.6782,0.0000,695.4619,0.031980
506.6162,0.0000,695.6215,0.032017
506.5332,0.0000,695.8343,0.032066
506.4429,0.0000,696.0648,0.032122
506.3593,0.0000,696.2776,0.032167
506.2686,0.0000,696.5085,0.032228
506.1775,0.0000,696.7394,0.032285
506.1003,0.0000,696.9348,0.032325
506.0161,0.0000,697.1484,0.032370
505.9247,0.0000,697.3800,0.032428
505.8405,0.0000,697.5942,0.032480
505.7563,0.0000,697.8087,0.032527
505.6584,0.0000,698.0591,0.032584
505.5746,0.0000,698.2742,0.032632
505.4978,0.0000,698.4713,0.032680
505.3932,0.0000,698.7404,0.032746
505.2886,0.0000,699.0098,0.032802
505.2050,0.0000,699.2259,0.032854
505.1218,0.0000,699.4422,0.032899
505.0388,0.0001,699.6588,0.032949
504.9561,0.0001,699.8755,0.033006
504.8737,0.0001,700.0928,0.033054
504.7916,0.0001,700.3104,0.033105
504.7302,0.0001,700.4738,0.033134
504.6350,0.0001,700.7279,0.033196
504.5537,0.0001,700.9462,0.033244
504.4726,0.0001,701.1649,0.033297
504.3716,0.0001,701.4384,0.033356
504.2913,0.0001,701.6575,0.033409
504.2111,0.0001,701.8770,0.033456
504.1314,0.0001,702.0967,0.033507
504.0520,0.0001,702.3168,0.033560
503.9731,0.0001,702.5372,0.033610
503.8947,0.0001,702.7581,0.033653
503.8230,0.0001,702.9606,0.033699
503.7453,0.0001,703.1819,0.033756
503.6614,0.0001,703.4221,0.033807
503.5908,0.0001,703.6254,0.033851
503.5142,0.0001,703.8475,0.033901
503.4380,0.0001,704.0699,0.033949
503.3559,0.0001,704.3110,0.034001
503.2801,0.0001,704.5335,0.034055
503.1918,0.0001,704.7932,0.034110
503.1036,0.0002,705.0530,0.034169
503.0279,0.0002,705.2755,0.034222
502.9586,0.0002,705.4796,0.034266
502.8832,0.0002,705.7026,0.034312
502.8142,0.0002,705.9072,0.034359
502.7392,0.0002,706.1304,0.034409
502.6644,0.0002,706.3538,0.034460
502.5959,0.0002,706.5587,0.034501
502.5216,0.0002,706.7829,0.034552
502.4536,0.0003,706.9882,0.034597
502.3796,0.0004,707.2123,0.034650
502.2875,0.0005,707.4929,0.034707
502.2141,0.0006,707.7178,0.034763
502.1411,0.0007,707.9428,0.034807
502.0687,0.0008,708.1682,0.034864
501.9907,0.0009,708.4128,0.034911
501.9191,0.0010,708.6389,0.034968
501.8478,0.0011,708.8650,0.035015
501.7710,0.0012,709.1104,0.035072
501.7180,0.0012,709.2804,0.035105
501.6476,0.0013,709.5071,0.035156
501.5834,0.0014,709.7151,0.035201
501.5136,0.0015,709.9424,0.035251
501.4384,0.0016,710.1889,0.035303
501.3579,0.0017,710.4543,0.035363
501.2835,0.0018,710.7013,0.035419
501.2151,0.0019,710.9295,0.035465
501.1414,0.0020,711.1767,0.035522
501.0737,0.0021,711.4052,0.035571
501.0064,0.0022,711.6342,0.035624
500.9337,0.0023,711.8821,0.035676
500.8781,0.0024,712.0730,0.035717
500.8117,0.0025,712.3023,0.035763
500.7675,0.0025,712.4554,0.035802
500.7014,0.0026,712.6848,0.035851
500.6464,0.0027,712.8760,0.035894
500.5806,0.0028,713.1057,0.035941
500.5151,0.0029,713.3356,0.035999
500.4497,0.0030,713.5656,0.036044
500.3845,0.0031,713.7956,0.036097
500.3195,0.0032,714.0258,0.036147
500.2548,0.0033,714.2563,0.036198
500.1903,0.0035,714.4872,0.036248
500.1208,0.0037,714.7372,0.036298
500.0568,0.0039,714.9680,0.036352
499.9984,0.0041,715.1801,0.036394
499.9349,0.0043,715.4115,0.036451
499.8716,0.0044,715.6429,0.036496
499.7982,0.0047,715.9130,0.036560
499.7302,0.0049,716.1644,0.036611
499.6731,0.0051,716.3773,0.036663
499.6110,0.0052,716.6095,0.036712
499.5493,0.0054,716.8419,0.036764
499.4930,0.0056,717.0554,0.036812
499.4268,0.0058,717.3079,0.036868
499.3711,0.0060,717.5215,0.036914
499.3106,0.0062,717.7546,0.036963
499.2504,0.0064,717.9882,0.037015
499.1904,0.0066,718.2219,0.037065
499.1258,0.0068,718.4751,0.037121
499.0714,0.0070,718.6896,0.037174
499.0125,0.0072,718.9240,0.037219
498.9540,0.0074,719.1586,0.037273
498.9008,0.0075,719.3738,0.037316
498.8432,0.0077,719.6089,0.037368
498.7859,0.0079,719.8442,0.037419
498.7336,0.0081,720.0602,0.037471
498.6537,0.0084,720.3940,0.037539
498.5980,0.0086,720.6304,0.037587
498.5337,0.0088,720.9063,0.037649
498.4928,0.0090,721.0838,0.037688
498.4386,0.0092,721.3206,0.037739
498.3848,0.0094,721.5578,0.037785
498.3322,0.0102,721.7953,0.037846
498.2837,0.0104,722.0129,0.037893
498.2315,0.0107,722.2508,0.037938
498.1797,0.0110,722.4888,0.037993
498.1411,0.0111,722.6674,0.038022
498.0815,0.0115,722.9453,0.038091
498.0226,0.0118,723.2237,0.038152
497.9726,0.0120,723.4625,0.038196
497.9232,0.0123,723.7017,0.038249
497.8745,0.0126,723.9412,0.038300
497.8303,0.0128,724.1609,0.038350
497.7826,0.0131,724.4006,0.038400
497.7354,0.0134,724.6406,0.038457
497.7043,0.0136,724.8005,0.038484
497.6578,0.0138,725.0408,0.038539
497.6116,0.0141,725.2809,0.038591
497.5617,0.0144,725.5410,0.038640
497.5160,0.0147,725.7812,0.038696
497.4628,0.0150,726.0618,0.038758
497.4211,0.0153,726.2822,0.038806
497.3757,0.0156,726.5224,0.038852
497.3228,0.0159,726.8026,0.038911
497.2736,0.0162,727.0630,0.038971
497.2245,0.0165,727.3237,0.039021
497.1905,0.0167,727.5040,0.039065
497.1491,0.0170,727.7246,0.039114
497.1043,0.0173,727.9653,0.039159
497.0560,0.0176,728.2263,0.039215
497.0149,0.0178,728.4467,0.039265
496.9698,0.0181,728.6871,0.039318
496.9311,0.0222,728.9131,0.039363
496.8868,0.0265,729.1539,0.039412
496.8430,0.0309,729.3945,0.039465
496.8032,0.0349,729.6155,0.039513
496.7600,0.0392,729.8567,0.039562
496.7207,0.0432,730.0780,0.039609
496.6780,0.0476,730.3195,0.039664
496.6324,0.0523,730.5813,0.039713
496.5911,0.0567,730.8236,0.039769
496.5471,0.0615,731.0865,0.039829
496.5107,0.0656,731.3094,0.039873
496.4691,0.0704,731.5732,0.039929
496.4323,0.0749,731.8170,0.039980
496.3966,0.0794,732.0607,0.040031
496.3619,0.0839,732.3046,0.040081
496.3279,0.0884,732.5483,0.040135
496.2943,0.0929,732.7920,0.040184
496.2639,0.0970,733.0152,0.040231
496.2308,0.1016,733.2584,0.040279
496.1898,0.1072,733.5624,0.040348
496.1545,0.1121,733.8254,0.040407
496.1222,0.1166,734.0683,0.040451
496.0902,0.1211,734.3112,0.040503
496.0613,0.1253,734.5338,0.040550
496.0201,0.1313,734.8576,0.040621
495.9898,0.1359,735.1006,0.040667
495.9604,0.1404,735.3438,0.040716
495.9316,0.1450,735.5870,0.040772
495.8960,0.1507,735.8906,0.040832
495.8722,0.1603,736.1228,0.040875
495.8451,0.1726,736.3653,0.040932
495.8186,0.1849,736.6072,0.040982
495.7927,0.1972,736.8489,0.041026
495.7672,0.2094,737.0905,0.041089
495.7421,0.2217,737.3320,0.041133
495.7176,0.2340,737.5736,0.041181
495.6937,0.2463,737.8148,0.041233
495.6664,0.2606,738.0964,0.041289
495.6435,0.2729,738.3377,0.041341
495.6213,0.2852,738.5789,0.041391
495.6019,0.2965,738.8000,0.041439
495.5778,0.3120,739.1014,0.041502
495.5602,0.3244,739.3425,0.041551
495.5440,0.3368,739.5836,0.041597
495.5278,0.3502,739.8442,0.041651
495.5141,0.3626,740.0847,0.041705
495.5012,0.3750,740.3246,0.041753
495.4880,0.3885,740.5842,0.041810
495.4715,0.4060,740.9225,0.041878
495.4602,0.4183,741.1607,0.041918
495.4494,0.4307,741.3984,0.041974
495.4384,0.4440,741.6558,0.042024
495.4277,0.4584,741.9324,0.042077
495.4194,0.4707,742.1693,0.042133
495.4124,0.4820,742.3858,0.042175
495.4047,0.4953,742.6415,0.042224
495.3971,0.5097,742.9160,0.042285
495.3904,0.5240,743.1904,0.042340
495.3847,0.5396,743.4301,0.042393
495.3809,0.5546,743.6448,0.042432
495.3775,0.5708,743.8782,0.042481
495.3749,0.5871,744.1113,0.042527
495.3730,0.6034,744.3437,0.042573
495.3717,0.6196,744.5756,0.042622
495.3711,0.6344,744.7878,0.042664
495.3709,0.6520,745.0380,0.042717
495.3712,0.6681,745.2685,0.042762
495.3721,0.6842,745.4985,0.042815
495.3744,0.7044,745.7855,0.042869
495.3777,0.7218,746.0338,0.042917
495.3830,0.7419,746.3197,0.042980
495.3881,0.7580,746.5477,0.043030
495.3939,0.7740,746.7751,0.043070
495.4002,0.7899,747.0018,0.043118
495.4086,0.8099,747.2843,0.043180
495.4164,0.8271,747.5284,0.043224
495.4242,0.8430,747.7532,0.043275
495.4304,0.8548,747.9212,0.043305
495.4408,0.8733,748.1821,0.043354
495.4495,0.8877,748.3865,0.043395
495.4571,0.8995,748.5534,0.043428
495.4667,0.9139,748.7570,0.043471
495.4760,0.9270,748.9416,0.043516
495.4875,0.9427,749.1625,0.043553
495.4997,0.9583,749.3829,0.043595
495.5133,0.9752,749.6207,0.043647
495.5252,0.9894,749.8215,0.043690
495.5386,1.0049,750.0399,0.043740
495.5534,1.0217,750.2757,0.043782
495.5732,1.0433,750.5826,0.043839
495.5876,1.0590,750.8000,0.043883
495.6025,1.0748,751.0155,0.043937
495.6165,1.0893,751.2126,0.043968
495.6336,1.1064,751.4448,0.044015
495.6484,1.1208,751.6407,0.044057
495.6649,1.1364,751.8536,0.044099
495.6814,1.1520,752.0659,0.044149
495.6979,1.1676,752.2773,0.044187
495.7182,1.1869,752.5406,0.044241
495.7330,1.2011,752.7330,0.044277
495.7501,1.2177,752.9595,0.044319
495.7656,1.2330,753.1677,0.044364
495.7830,1.2508,753.4099,0.044414
495.7989,1.2672,753.6340,0.044458
495.8135,1.2824,753.8402,0.044498
495.8308,1.3000,754.0802,0.044554
495.8460,1.3151,754.2853,0.044601
495.8601,1.3288,754.4728,0.044634
495.8771,1.3451,754.6937,0.044678
495.8928,1.3600,754.8967,0.044718
495.9098,1.3761,755.1158,0.044762
495.9251,1.3909,755.3171,0.044804
495.9411,1.4068,755.5343,0.044849
495.9565,1.4227,755.7504,0.044896
495.9701,1.4373,755.9489,0.044944
495.9829,1.4518,756.1465,0.044977
495.9952,1.4662,756.3433,0.045020
496.0071,1.4805,756.5394,0.045058
496.0188,1.4948,756.7346,0.045098
496.0292,1.5079,756.9131,0.045141
496.0406,1.5221,757.1072,0.045179
496.0517,1.5363,757.3005,0.045222
496.0627,1.5504,757.4932,0.045262
496.0727,1.5633,757.6692,0.045298
496.0833,1.5773,757.8606,0.045337
496.0937,1.5911,758.0510,0.045374
496.1030,1.6030,758.2215,0.045412
496.1138,1.6141,758.4114,0.045453
496.1257,1.6261,758.6168,0.045498
496.1368,1.6372,758.8058,0.045533
496.1493,1.6492,759.0101,0.045580
496.1622,1.6611,759.2139,0.045614
496.1744,1.6721,759.4014,0.045659
496.1882,1.6840,759.6038,0.045698
496.2015,1.6949,759.7902,0.045737
496.2140,1.7049,759.9604,0.045779
496.2279,1.7158,760.1455,0.045816
496.2442,1.7284,760.3605,0.045857
496.2571,1.7383,760.5288,0.045892
496.2710,1.7491,760.7117,0.045935
496.2850,1.7598,760.8940,0.045972
496.2978,1.7696,761.0605,0.046006
496.3137,1.7820,761.2717,0.046055
496.3272,1.7926,761.4521,0.046090
496.3405,1.8032,761.6319,0.046127
496.3539,1.8137,761.8113,0.046163
496.3662,1.8233,761.9752,0.046198
496.3797,1.8338,762.1536,0.046242
496.3936,1.8443,762.3315,0.046270
496.4076,1.8547,762.5090,0.046313
496.4221,1.8652,762.6860,0.046352
496.4369,1.8755,762.8625,0.046390
496.4523,1.8859,763.0386,0.046425
496.4683,1.8963,763.2142,0.046464
496.4848,1.9066,763.3893,0.046496
496.5016,1.9169,763.5637,0.046535
496.5186,1.9272,763.7375,0.046574
496.5371,1.9383,763.9252,0.046614
496.5572,1.9502,764.1266,0.046661
496.5774,1.9620,764.3272,0.046700
496.5951,1.9722,764.4987,0.046735
496.6115,1.9814,764.6553,0.046770
496.6312,1.9923,764.8397,0.046810
496.6481,2.0016,764.9954,0.046844
496.6683,2.0124,765.1787,0.046880
496.6857,2.0216,765.3333,0.046916
496.7050,2.0315,765.5013,0.046952
496.7278,2.0431,765.6968,0.046992
496.7494,2.0539,765.8779,0.047032
496.7674,2.0626,766.0296,0.047068
496.7867,2.0689,766.1865,0.047103
496.8076,2.0731,766.3527,0.047141
496.8303,2.0775,766.5322,0.047175
496.8510,2.0816,766.6976,0.047213
496.8716,2.0857,766.8624,0.047251
496.8906,2.0895,767.0131,0.047281
496.9110,2.0936,767.1772,0.047315
496.9313,2.0977,767.3408,0.047350
496.9497,2.1014,767.4906,0.047386
496.9697,2.1054,767.6535,0.047417
496.9898,2.1095,767.8162,0.047453
497.0099,2.1135,767.9786,0.047495
497.0303,2.1176,768.1408,0.047525
497.0526,2.1220,768.3164,0.047558
497.0769,2.1267,768.5049,0.047605
497.1030,2.1317,768.7068,0.047646
497.1223,2.1354,768.8549,0.047679
497.1382,2.1384,768.9761,0.047707
497.1595,2.1424,769.1376,0.047738
497.1847,2.1471,769.3261,0.047779
497.2046,2.1508,769.4742,0.047815
497.2266,2.1549,769.6358,0.047846
497.2527,2.1596,769.8240,0.047883
497.2732,2.1633,769.9719,0.047921
497.2978,2.1676,770.1465,0.047958
497.3187,2.1713,770.2943,0.047994
497.3416,2.1754,770.4553,0.048023
497.3647,2.1794,770.6163,0.048052
497.3938,2.1844,770.8175,0.048096
497.4192,2.1888,770.9919,0.048138
497.4428,2.1928,771.1530,0.048173
497.4667,2.1969,771.3140,0.048206
497.4908,2.2009,771.4752,0.048246
497.5132,2.2046,771.6228,0.048274
497.5380,2.2086,771.7839,0.048307
497.5631,2.2127,771.9451,0.048344
497.5886,2.2167,772.1063,0.048375
497.6121,2.2205,772.2540,0.048409
497.6401,2.2248,772.4285,0.048449
497.6661,2.2289,772.5894,0.048482
497.6946,2.2333,772.7635,0.048524
497.7213,2.2373,772.9241,0.048553
497.7506,2.2417,773.0981,0.048591
497.7712,2.2447,773.2185,0.048618
497.7991,2.2488,773.3790,0.048655
497.8321,2.2535,773.5660,0.048694
497.8608,2.2575,773.7261,0.048731
497.8898,2.2616,773.8860,0.048760
497.9168,2.2653,774.0327,0.048792
497.9466,2.2693,774.1927,0.048827
497.9738,2.2728,774.3389,0.048861
498.0031,2.2744,774.4921,0.048896
498.0342,2.2745,774.6522,0.048927
498.0629,2.2745,774.7990,0.048960
498.0941,2.2746,774.9592,0.048994
498.1302,2.2746,775.1462,0.049032
498.1635,2.2747,775.3195,0.049073
498.1939,2.2747,775.4794,0.049107
498.2263,2.2748,775.6526,0.049147
498.2563,2.2748,775.8126,0.049180
498.2887,2.2749,775.9859,0.049212
498.3160,2.2749,776.1325,0.049252
498.3460,2.2750,776.2927,0.049288
498.3762,2.2750,776.4529,0.049318
498.4041,2.2751,776.5999,0.049351
498.4348,2.2751,776.7604,0.049384
498.4660,2.2752,776.9211,0.049419
498.4949,2.2752,777.0684,0.049453
498.5295,2.2753,777.2429,0.049489
498.5645,2.2753,777.4175,0.049523
498.5971,2.2754,777.5787,0.049563
498.6325,2.2754,777.7537,0.049600
498.6653,2.2755,777.9153,0.049634
498.6980,2.2755,778.0768,0.049673
498.7276,2.2756,778.2251,0.049704
498.7600,2.2756,778.3872,0.049734
498.7921,2.2757,778.5494,0.049772
498.8214,2.2757,778.6983,0.049804
498.8534,2.2758,778.8609,0.049841
498.8853,2.2758,779.0238,0.049876
498.9174,2.2759,779.1869,0.049906
498.9547,2.2759,779.3774,0.049950
498.9920,2.2760,779.5682,0.049992
499.0265,2.2760,779.7455,0.050032
499.0555,2.2761,779.8958,0.050063
499.0871,2.2761,780.0599,0.050098
499.1160,2.2762,780.2103,0.050127
499.1479,2.2762,780.3751,0.050170
499.1799,2.2763,780.5400,0.050205
499.2094,2.2763,780.6913,0.050237
499.2445,2.2764,780.8706,0.050270
499.2769,2.2764,781.0362,0.050308
499.3094,2.2765,781.2018,0.050346
499.3390,2.2765,781.3541,0.050381
499.3713,2.2766,781.5204,0.050419
499.4063,2.2766,781.7006,0.050459
499.4390,2.2767,781.8673,0.050496
499.4717,2.2768,782.0344,0.050529
499.5018,2.2768,782.1877,0.050564
499.5403,2.2769,782.3830,0.050604
499.5739,2.2769,782.5509,0.050643
499.6077,2.2770,782.7191,0.050677
499.6391,2.2770,782.8734,0.050707
499.6738,2.2771,783.0421,0.050751
499.7113,2.2784,783.2191,0.050782
499.7439,2.2827,783.3739,0.050820
499.7799,2.2874,783.5428,0.050851
499.8195,2.2925,783.7255,0.050894
499.8532,2.2968,783.8804,0.050925
499.8903,2.3016,784.0496,0.050962
499.9276,2.3063,784.2188,0.050999
499.9717,2.3118,784.4163,0.051044
500.0101,2.3166,784.5858,0.051077
500.0588,2.3225,784.7975,0.051128
500.1048,2.3281,784.9953,0.051166
500.1447,2.3328,785.1650,0.051204
500.1851,2.3376,785.3350,0.051240
500.2330,2.3432,785.5334,0.051282
500.2713,2.3476,785.6897,0.051322
500.3139,2.3524,785.8600,0.051353
500.3647,2.3580,786.0586,0.051397
500.4089,2.3628,786.2285,0.051433
500.4612,2.3684,786.4264,0.051472
500.5180,2.3744,786.6384,0.051520
500.5678,2.3796,786.8223,0.051559
500.6146,2.3844,786.9917,0.051597
500.6659,2.3897,787.1750,0.051639
500.7137,2.3945,787.3439,0.051674
500.7660,2.3997,787.5267,0.051708
500.8103,2.4041,787.6813,0.051742
500.8585,2.4088,787.8498,0.051779
500.9061,2.4136,788.0180,0.051819
500.9493,2.4180,788.1721,0.051852
500.9956,2.4228,788.3400,0.051884
501.0414,2.4275,788.5079,0.051923
501.0866,2.4323,788.6757,0.051957
501.1315,2.4370,788.8435,0.051992
501.1834,2.4426,789.0392,0.052037
501.2278,2.4473,789.2070,0.052072
501.2685,2.4517,789.3609,0.052107
501.3132,2.4564,789.5288,0.052143
501.3581,2.4612,789.6968,0.052178
501.3995,2.4656,789.8508,0.052213
501.4451,2.4703,790.0189,0.052247
501.4911,2.4751,790.1869,0.052286
501.5372,2.4798,790.3548,0.052319
501.5833,2.4846,790.5226,0.052356
501.6290,2.4894,790.6902,0.052392
501.6738,2.4941,790.8575,0.052430
501.7192,2.4989,791.0255,0.052464
501.7615,2.5032,791.1792,0.052500
501.8117,2.5084,791.3604,0.052539
501.8656,2.5139,791.5556,0.052582
501.9150,2.5190,791.7369,0.052619
501.9452,2.5222,791.8487,0.052645
501.9904,2.5270,792.0163,0.052679
502.0323,2.5313,792.1700,0.052710
502.0783,2.5361,792.3376,0.052747
502.1246,2.5408,792.5051,0.052784
502.1714,2.5456,792.6724,0.052820
502.2146,2.5499,792.8258,0.052851
502.2619,2.5547,792.9936,0.052890
502.3126,2.5599,793.1763,0.052933
502.3551,2.5643,793.3297,0.052964
502.4030,2.5690,793.4970,0.053000
502.4509,2.5738,793.6640,0.053033
502.4989,2.5785,793.8310,0.053070
502.5427,2.5829,793.9840,0.053104
502.5903,2.5876,794.1509,0.053141
502.6379,2.5924,794.3177,0.053176
502.6815,2.5967,794.4706,0.053209
502.7293,2.6015,794.6373,0.053245
502.7773,2.6062,794.8038,0.053280
502.8253,2.6109,794.9703,0.053315
502.8813,2.6165,795.1646,0.053360
502.9293,2.6212,795.3311,0.053397
502.9734,2.6256,795.4836,0.053431
503.0217,2.6303,795.6501,0.053465
503.0702,2.6350,795.8166,0.053502
503.1270,2.6406,796.0108,0.053547
503.1757,2.6453,796.1772,0.053583
503.2244,2.6501,796.3435,0.053617
503.2727,2.6548,796.5096,0.053656
503.3208,2.6595,796.6756,0.053689
503.3724,2.6646,796.8554,0.053731
503.4354,2.6709,797.0770,0.053779
503.4787,2.6753,797.2294,0.053812
503.5264,2.6800,797.3955,0.053849
503.5744,2.6847,797.5616,0.053886
503.6227,2.6894,797.7276,0.053918
503.6713,2.6942,797.8934,0.053960
503.7200,2.6989,798.0590,0.053995
503.7687,2.7036,798.2247,0.054032
503.8173,2.7083,798.3902,0.054067
503.8657,2.7131,798.5558,0.054104
503.9098,2.7174,798.7075,0.054135
503.9575,2.7221,798.8729,0.054176
504.0049,2.7268,799.0383,0.054209
504.0483,2.7311,799.1899,0.054245
504.0953,2.7358,799.3553,0.054284
504.1422,2.7405,799.5207,0.054315
504.1887,2.7752,799.6855,0.054354
504.2371,2.7799,799.8505,0.054392
504.2842,2.7846,800.0147,0.054426
504.3350,2.7897,800.1937,0.054468
504.3820,2.7944,800.3594,0.054502
504.4333,2.7995,800.5389,0.054545
504.4893,2.8050,800.7322,0.054586
504.5335,2.8093,800.8838,0.054619
504.5859,2.8144,801.0629,0.054658
504.6385,2.8195,801.2421,0.054700
504.6831,2.8238,801.3933,0.054737
504.7319,2.8285,801.5585,0.054769
504.7809,2.8332,801.7234,0.054806
504.8298,2.8379,801.8883,0.054837
504.8786,2.8426,802.0531,0.054878
504.9279,2.8474,802.2181,0.054915
504.9694,2.8513,802.3550,0.054946
505.0211,2.8563,802.5333,0.054988
505.0563,2.8599,802.6567,0.055012
505.1114,2.8653,802.8489,0.055056
505.1585,2.8700,803.0137,0.055093
505.1938,2.8735,803.1370,0.055122
505.2368,2.8778,803.2880,0.055159
505.2903,2.9089,803.4951,0.055194
505.3402,2.9384,803.6580,0.055229
505.3874,2.9652,803.8058,0.055265
505.4393,2.9942,803.9661,0.055297
505.4914,3.0231,804.1255,0.055332
505.5099,3.0465,804.2592,0.055373
505.5607,3.0483,804.4198,0.055409
505.6083,3.0505,804.5812,0.055445
505.6594,3.0530,804.7576,0.055482
505.7077,3.0555,804.9198,0.055518
505.7568,3.0578,805.0818,0.055553
505.8100,3.0603,805.2571,0.055594
505.8590,3.0626,805.4188,0.055630
505.9079,3.0649,805.5802,0.055667
505.9567,3.0671,805.7413,0.055701
506.0052,3.0692,805.9016,0.055737
506.0546,3.0713,806.0609,0.055774
506.1079,3.0737,806.2331,0.055814
506.1645,3.0764,806.4174,0.055854
506.2119,3.0789,806.5747,0.055888
506.2550,3.0811,806.7185,0.055921
506.3003,3.0837,806.8760,0.055957
506.3448,3.0863,807.0350,0.055993
506.3859,3.0887,807.1808,0.056027
506.4383,3.0918,807.3663,0.056068
506.4873,3.0947,807.5390,0.056107
506.5328,3.0976,807.6979,0.056141
506.5860,3.1009,807.8834,0.056182
506.6426,3.1045,808.0819,0.056226
506.6880,3.1072,808.2407,0.056262
506.7294,3.1098,808.3864,0.056296
506.7745,3.1125,808.5452,0.056333
506.8191,3.1154,808.7039,0.056367
506.8634,3.1182,808.8627,0.056403
506.9072,3.1214,809.0222,0.056438
506.9505,3.1247,809.1812,0.056474
506.9938,3.1280,809.3403,0.056510
507.0368,3.1312,809.4995,0.056545
507.0801,3.1344,809.6588,0.056582
507.1236,3.1375,809.8183,0.056620
507.1671,3.1407,809.9777,0.056653
507.2144,3.1441,810.1503,0.056691
507.2579,3.1474,810.3102,0.056727
507.2976,3.1506,810.4563,0.056759
507.3409,3.1541,810.6157,0.056797
507.3874,3.1578,810.7882,0.056834
507.4340,3.1615,810.9611,0.056872
507.4806,3.1651,811.1339,0.056910
507.5238,3.1685,811.2936,0.056949
507.5675,3.1719,811.4533,0.056983
507.6114,3.1752,811.6131,0.057018
507.6594,3.1795,811.7873,0.057060
507.7032,3.1835,811.9468,0.057093
507.7470,3.1876,812.1064,0.057127
507.7831,3.1910,812.2392,0.057160
507.8264,3.1951,812.3984,0.057195
507.8660,3.1988,812.5444,0.057227
507.9126,3.2033,812.7172,0.057267
507.9665,3.2085,812.9163,0.057310
508.0103,3.2138,813.0784,0.057348
508.0498,3.2191,813.2241,0.057377
508.0932,3.2248,813.3832,0.057415
508.1328,3.2302,813.5289,0.057447
508.1760,3.2360,813.6879,0.057483
508.2191,3.2418,813.8468,0.057517
508.2622,3.2477,814.0057,0.057552
508.3088,3.2540,814.1776,0.057594
508.3481,3.2593,814.3231,0.057623
508.3907,3.2651,814.4813,0.057660
508.4333,3.2710,814.6393,0.057694
508.4751,3.2770,814.7971,0.057732
508.5164,3.2831,814.9545,0.057766
508.5571,3.2891,815.1116,0.057801
508.5941,3.2947,815.2552,0.057833
508.6342,3.3008,815.4115,0.057871
508.6739,3.3069,815.5676,0.057906
508.7130,3.3130,815.7230,0.057935
508.7517,3.3191,815.8783,0.057971
508.7904,3.3253,816.0332,0.058008
508.8254,3.3311,816.1747,0.058040
508.8633,3.3373,816.3287,0.058076
508.9010,3.3436,816.4822,0.058108
508.9383,3.3498,816.6354,0.058144
508.9723,3.3555,816.7754,0.058173
509.0091,3.3618,816.9278,0.058208
509.0457,3.3680,817.0797,0.058244
509.0854,3.3748,817.2438,0.058281
509.1190,3.3806,817.3826,0.058312
509.1615,3.3879,817.5585,0.058352
509.1949,3.3937,817.6962,0.058382
509.2318,3.3999,817.8459,0.058415
509.2657,3.4056,817.9830,0.058445
509.3032,3.4117,818.1321,0.058479
509.3441,3.4182,818.2930,0.058514
509.3853,3.4247,818.4534,0.058551
509.4200,3.4302,818.5885,0.058578
509.4611,3.4368,818.7477,0.058616
509.5016,3.4434,818.9061,0.058651
509.5417,3.4499,819.0640,0.058687
509.5725,3.4550,819.1851,0.058712
509.6094,3.4610,819.3301,0.058747
509.6434,3.4666,819.4625,0.058776
509.6835,3.4730,819.6184,0.058813
509.7331,3.4809,819.8093,0.058852
509.7703,3.4867,819.9517,0.058885
509.7950,3.4906,820.0463,0.058907
509.8383,3.4975,820.2114,0.058944
509.8720,3.5029,820.3405,0.058975
509.9088,3.5088,820.4808,0.059002
509.9424,3.5141,820.6090,0.059032
509.9789,3.5200,820.7482,0.059068
510.0154,3.5257,820.8869,0.059095
510.0519,3.5315,821.0250,0.059124
510.0914,3.5377,821.1743,0.059158
510.1248,3.5428,821.2997,0.059187
510.1613,3.5485,821.4366,0.059218
510.1974,3.5542,821.5728,0.059249
510.2336,3.5599,821.7083,0.059277
510.2695,3.5655,821.8435,0.059309
510.3024,3.5707,821.9670,0.059336
510.3351,3.5759,822.0901,0.059364
510.3647,3.5806,822.2018,0.059390
510.4033,3.5866,822.3463,0.059423
510.4359,3.5917,822.4681,0.059450
510.4740,3.5977,822.6115,0.059481
510.5208,3.6050,822.7873,0.059519
510.5675,3.6124,822.9625,0.059559
510.6049,3.6184,823.1042,0.059593
510.6393,3.6239,823.2346,0.059622
510.6796,3.6303,823.3860,0.059657
510.7113,3.6353,823.5049,0.059680
510.7431,3.6403,823.6231,0.059710
510.7804,3.6462,823.7626,0.059739
510.8149,3.6515,823.8908,0.059768
510.8552,3.6577,824.0400,0.059801
510.8810,3.6616,824.1356,0.059823
510.9157,3.6669,824.2633,0.059852
510.9501,3.6723,824.3906,0.059881
510.9845,3.6776,824.5175,0.059908
511.0161,3.6824,824.6337,0.059935
511.0505,3.6877,824.7605,0.059963
511.0849,3.6930,824.8873,0.059990
511.1194,3.6983,825.0140,0.060022
511.1537,3.7036,825.1406,0.060047
511.1882,3.7089,825.2670,0.060079
511.2198,3.7137,825.3828,0.060103
511.2542,3.7189,825.5092,0.060133
511.2921,3.7246,825.6465,0.060164
511.3355,3.7312,825.8047,0.060201
511.3616,3.7351,825.8998,0.060222
511.3935,3.7400,826.0159,0.060246
511.4283,3.7453,826.1427,0.060272
511.4633,3.7506,826.2695,0.060304
511.5042,3.7567,826.4175,0.060337
511.5391,3.7620,826.5443,0.060364
511.5709,3.7668,826.6606,0.060390
511.6058,3.7721,826.7878,0.060420
511.6412,3.7774,826.9153,0.060448
511.6765,3.7828,827.0428,0.060476
511.7088,3.7877,827.1599,0.060502
511.7442,3.7930,827.2875,0.060533
511.7797,3.7984,827.4151,0.060561
511.8242,3.8051,827.5748,0.060595
511.8597,3.8104,827.7027,0.060626
511.8925,3.8153,827.8200,0.060652
511.9281,3.8207,827.9481,0.060682
511.9610,3.8255,828.0655,0.060708
511.9972,3.8308,828.1940,0.060736
512.0335,3.8362,828.3223,0.060765
512.0665,3.8411,828.4401,0.060792
512.1028,3.8465,828.5685,0.060820
512.1390,3.8518,828.6969,0.060849
512.1723,3.8568,828.8148,0.060876
512.2056,3.8617,828.9329,0.060903
512.2448,3.8676,829.0725,0.060934
512.2809,3.8730,829.2015,0.060963
512.3170,3.8783,829.3303,0.060994
512.3560,3.8841,829.4701,0.061024
512.3920,3.8896,829.5991,0.061052
512.4429,3.8974,829.7825,0.061092
512.4788,3.9029,829.9121,0.061126
512.5178,3.9088,830.0526,0.061155
512.5537,3.9143,830.1823,0.061187
512.5867,3.9194,830.3011,0.061214
512.6232,3.9248,830.4309,0.061243
512.6565,3.9298,830.5497,0.061267
512.6931,3.9352,830.6800,0.061297
512.7299,3.9406,830.8106,0.061328
512.7635,3.9457,830.9303,0.061355
512.8002,3.9512,831.0608,0.061384
512.8369,3.9567,831.1917,0.061416
512.8705,3.9618,831.3118,0.061440
512.9072,3.9673,831.4429,0.061473
512.9439,3.9728,831.5741,0.061499
512.9805,3.9784,831.7056,0.061531
513.0140,3.9835,831.8262,0.061555
513.0476,3.9885,831.9471,0.061583
513.0845,3.9940,832.0793,0.061614
513.1245,4.0001,832.2230,0.061646
513.1618,4.0056,832.3557,0.061677
513.1960,4.0108,832.4778,0.061705
513.2333,4.0164,832.6111,0.061735
513.2708,4.0220,832.7449,0.061765
513.3113,4.0282,832.8901,0.061797
513.3519,4.0343,833.0358,0.061831
513.3801,4.0385,833.1367,0.061854
513.4178,4.0441,833.2722,0.061883
513.4528,4.0493,833.3970,0.061912
513.5096,4.0580,833.6021,0.061958
513.5444,4.0633,833.7281,0.061987
513.5729,4.0677,833.8315,0.062009
513.6079,4.0731,833.9584,0.062038
513.6464,4.0790,834.0975,0.062070
513.6848,4.0849,834.2372,0.062102
513.7234,4.0909,834.3774,0.062130
513.7622,4.0968,834.5183,0.062166
513.8045,4.1032,834.6721,0.062201
513.8471,4.1097,834.8265,0.062234
513.8800,4.1148,834.9459,0.062262
513.9196,4.1209,835.0898,0.062294
513.9558,4.1266,835.2224,0.062323
513.9958,4.1328,835.3677,0.062357
514.0326,4.1385,835.5016,0.062388
514.0728,4.1447,835.6484,0.062421
514.1130,4.1509,835.7957,0.062456
514.1499,4.1567,835.9316,0.062487
514.1937,4.1635,836.0931,0.062522
514.2339,4.1700,836.2429,0.062555
514.2708,4.1760,836.3809,0.062586
514.3145,4.1831,836.5449,0.062622
514.3549,4.1897,836.6970,0.062659
514.3924,4.1957,836.8372,0.062691
514.4364,4.2029,837.0037,0.062728
514.4774,4.2096,837.1582,0.062764
514.5151,4.2156,837.3007,0.062795
514.5566,4.2224,837.4570,0.062832
514.5984,4.2292,837.6140,0.062866
514.6402,4.2360,837.7717,0.062904
514.6821,4.2429,837.9304,0.062937
514.7278,4.2504,838.1031,0.062978
514.7816,4.2591,838.3038,0.063024
514.8320,4.2671,838.4920,0.063065
514.8758,4.2739,838.6543,0.063100
514.9200,4.2809,838.8176,0.063140
514.9641,4.2880,838.9816,0.063173
515.0086,4.2950,839.1464,0.063212
515.0533,4.3022,839.3120,0.063250
515.1092,4.3111,839.5200,0.063297
515.1810,4.3224,839.7847,0.063358
515.2189,4.3283,839.9245,0.063387
515.2493,4.3330,840.0364,0.063413
515.2952,4.3401,840.2048,0.063450
515.3412,4.3473,840.3729,0.063489
515.3868,4.3545,840.5406,0.063528
515.4285,4.3610,840.6943,0.063562
515.4741,4.3682,840.8616,0.063600
515.5157,4.3747,841.0146,0.063635
515.5594,4.3800,841.1755,0.063671
515.5974,4.3832,841.3140,0.063704
515.6433,4.3870,841.4804,0.063742
515.6843,4.3908,841.6321,0.063777
515.7178,4.3939,841.7557,0.063805
515.7700,4.3986,841.9475,0.063847
515.8109,4.4023,842.0978,0.063880
515.8519,4.4060,842.2476,0.063915
515.8965,4.4100,842.4105,0.063951
515.9355,4.4077,842.5555,0.063986
515.9765,4.4021,842.7046,0.064024
516.0241,4.3955,842.8804,0.064062
516.0645,4.3898,843.0291,0.064095
516.1085,4.3837,843.1912,0.064133
516.1524,4.3775,843.3527,0.064169
516.1927,4.3719,843.5005,0.064201
516.2403,4.3652,843.6747,0.064241
516.2878,4.3586,843.8490,0.064281
516.3313,4.3526,844.0093,0.064317
516.3884,4.3447,844.2223,0.064367
516.4382,4.3377,844.4081,0.064409
516.4947,4.3297,844.6199,0.064457
516.5368,4.3238,844.7781,0.064493
516.5894,4.3164,844.9751,0.064536
516.6277,4.3110,845.1189,0.064571
516.6696,4.3051,845.2759,0.064607
516.7079,4.2998,845.4196,0.064638
516.7493,4.2941,845.5754,0.064674
516.7872,4.2888,845.7184,0.064707
516.8319,4.2824,845.8873,0.064747
516.8762,4.2762,846.0562,0.064783
516.9235,4.2695,846.2379,0.064822
516.9600,4.2643,846.3804,0.064853
516.9932,4.2595,846.5100,0.064885
517.0323,4.2540,846.6655,0.064920
517.0712,4.2485,846.8203,0.064959
517.1127,4.2427,846.9874,0.064993
517.1542,4.2368,847.1540,0.065030
517.1923,4.2313,847.3074,0.065063
517.2399,4.2245,847.4991,0.065109
517.2745,4.2195,847.6392,0.065141
517.3124,4.2140,847.7916,0.065175
517.3504,4.2086,847.9436,0.065210
517.3885,4.2032,848.0952,0.065242
517.4459,4.1952,848.3226,0.065295
517.4880,4.1893,848.4865,0.065330
517.5308,4.1832,848.6505,0.065368
517.5705,4.1776,848.8019,0.065403
517.6101,4.1720,848.9529,0.065437
517.6503,4.1664,849.1039,0.065471
517.6906,4.1607,849.2548,0.065506
517.7344,4.1545,849.4184,0.065543
517.7747,4.1490,849.5690,0.065576
517.8182,4.1430,849.7323,0.065612
517.8616,4.1369,849.8951,0.065648
517.8985,4.1317,850.0334,0.065680
517.9421,4.1256,850.1967,0.065718
517.9926,4.1185,850.3851,0.065760
518.0328,4.1128,850.5359,0.065794
518.0698,4.1076,850.6743,0.065824
518.1101,4.1020,850.8255,0.065860
518.1503,4.0964,850.9765,0.065895
518.1940,4.0904,851.1404,0.065933
518.2275,4.0857,851.2664,0.065960
518.2645,4.0805,851.4053,0.065992
518.3082,4.0744,851.5696,0.066028
518.3486,4.0687,851.7213,0.066062
518.3890,4.0630,851.8730,0.066096
518.4295,4.0573,852.0251,0.066131
518.4737,4.0510,852.1904,0.066170
518.5212,4.0445,852.3687,0.066210
518.5722,4.0375,852.5603,0.066253
518.6027,4.0332,852.6755,0.066279
518.6403,4.0279,852.8171,0.066309
518.6884,4.0211,852.9979,0.066351
518.7300,4.0153,853.1534,0.066385
518.7719,4.0094,853.3095,0.066420
518.8103,4.0040,853.4531,0.066455
518.8525,3.9981,853.6103,0.066490
518.8915,3.9927,853.7547,0.066524
518.9413,3.9859,853.9393,0.066567
518.9840,3.9799,854.0979,0.066601
519.0126,3.9759,854.2039,0.066623
519.0557,3.9699,854.3635,0.066660
519.1026,3.9633,854.5369,0.066703
519.1495,3.9567,854.7109,0.066740
519.1891,3.9511,854.8587,0.066775
519.2363,3.9445,855.0343,0.066812
519.2802,3.9385,855.1967,0.066849
519.3206,3.9330,855.3461,0.066882
519.3644,3.9269,855.5094,0.066921
519.4084,3.9207,855.6734,0.066955
519.4604,3.9134,855.8657,0.067001
519.5015,3.9077,856.0173,0.067037
519.5463,3.9014,856.1831,0.067073
519.5875,3.8956,856.3359,0.067108
519.6326,3.8894,856.5029,0.067146
519.6818,3.8827,856.6844,0.067186
519.7234,3.8769,856.8384,0.067221
519.7691,3.8706,857.0071,0.067260
519.8151,3.8641,857.1765,0.067297
519.8653,3.8571,857.3605,0.067341
519.9079,3.8512,857.5169,0.067375
519.9623,3.8436,857.7167,0.067421
520.0135,3.8366,857.9029,0.067463
520.0609,3.8301,858.0752,0.067502
520.0961,3.8253,858.2047,0.067531
520.1397,3.8192,858.3637,0.067566
520.1834,3.8131,858.5231,0.067603
520.2393,3.8053,858.7267,0.067649
520.2952,3.7975,858.9312,0.067694
520.3273,3.7930,859.0483,0.067723
520.3756,3.7864,859.2247,0.067760
520.4240,3.7798,859.4016,0.067803
520.4722,3.7732,859.5787,0.067841
520.5164,3.7670,859.7419,0.067879
520.5648,3.7602,859.9207,0.067920
520.6091,3.7540,860.0850,0.067956
520.6579,3.7472,860.2649,0.067995
520.7070,3.7403,860.4457,0.068036
520.7683,3.7319,860.6722,0.068089
520.8174,3.7252,860.8540,0.068128
520.8667,3.7183,861.0362,0.068171
520.9165,3.7114,861.2192,0.068213
520.9871,3.7015,861.4792,0.068271
521.0413,3.6940,861.6785,0.068318
521.0919,3.6870,861.8632,0.068358
521.1424,3.6801,862.0477,0.068401
521.1888,3.6738,862.2170,0.068439
521.2391,3.6668,862.4010,0.068483
521.2897,3.6598,862.5850,0.068521
521.3274,3.6546,862.7227,0.068554
521.3779,3.6476,862.9058,0.068594
521.4242,3.6411,863.0733,0.068630
521.4747,3.6342,863.2559,0.068673
521.5248,3.6274,863.4371,0.068713
521.5706,3.6213,863.6023,0.068751
521.6406,3.6116,863.8558,0.068808
521.6898,3.6048,864.0333,0.068851
521.7383,3.5981,864.2100,0.068888
521.7826,3.5920,864.3708,0.068927
521.8303,3.5854,864.5455,0.068967
521.8736,3.5796,864.7045,0.069002
521.9280,3.5723,864.9056,0.069048
521.9816,3.5650,865.1051,0.069091
522.0274,3.5586,865.2751,0.069133
522.0731,3.5523,865.4442,0.069171
522.1221,3.5456,865.6261,0.069211
522.1750,3.5383,865.8207,0.069255
522.2240,3.5317,866.0004,0.069296
522.2649,3.5262,866.1512,0.069329
522.3133,3.5198,866.3283,0.069369
522.3612,3.5133,866.5039,0.069410
522.4015,3.5077,866.6517,0.069442
522.4528,3.5007,866.8386,0.069485
522.4962,3.4948,866.9978,0.069522
522.5358,3.4894,867.1427,0.069554
522.5790,3.4836,867.3001,0.069590
522.6184,3.4783,867.4432,0.069622
522.6610,3.4727,867.5983,0.069657
522.7033,3.4670,867.7522,0.069691
522.7418,3.4618,867.8925,0.069725
522.7801,3.4566,868.0320,0.069753
522.8217,3.4509,868.1832,0.069793
522.8628,3.4453,868.3335,0.069823
522.9004,3.4402,868.4703,0.069855
522.9448,3.4342,868.6311,0.069892
522.9854,3.4289,868.7786,0.069924
523.0257,3.4235,868.9252,0.069958
523.0657,3.4183,869.0710,0.069991
523.1060,3.4128,869.2164,0.070025
523.1493,3.4070,869.3736,0.070061
523.1855,3.4021,869.5065,0.070090
523.2251,3.3967,869.6509,0.070122
523.2646,3.3914,869.7952,0.070155
523.3043,3.3860,869.9396,0.070187
523.3438,3.3808,870.0834,0.070222
523.3931,3.3743,870.2628,0.070260
523.4327,3.3691,870.4064,0.070290
523.4818,3.3626,870.5858,0.070333
523.5214,3.3573,870.7296,0.070367
523.5609,3.3519,870.8735,0.070399
523.6005,3.3466,871.0178,0.070433
523.6368,3.3417,871.1500,0.070463
523.6774,3.3368,871.2970,0.070493
523.7207,3.3324,871.4536,0.070529
523.7640,3.3281,871.6099,0.070562
523.8040,3.3241,871.7544,0.070598
523.8406,3.3204,871.8869,0.070626
523.8802,3.3164,872.0319,0.070662
523.9199,3.3124,872.1769,0.070692
523.9496,3.3094,872.2859,0.070719
523.9894,3.3054,872.4316,0.070753
524.0297,3.3013,872.5786,0.070784
524.0731,3.2976,872.7369,0.070818
524.1167,3.2939,872.8955,0.070855
524.1570,3.2904,873.0421,0.070887
524.1974,3.2869,873.1891,0.070920
524.2444,3.2830,873.3610,0.070961
524.2814,3.2799,873.4961,0.070990
524.3251,3.2763,873.6563,0.071028
524.3657,3.2729,873.8044,0.071061
524.4102,3.2691,873.9647,0.071098
524.4512,3.2656,874.1128,0.071132
524.4993,3.2615,874.2862,0.071169
524.5403,3.2580,874.4349,0.071203
524.5815,3.2545,874.5837,0.071237
524.6226,3.2510,874.7324,0.071273
524.6636,3.2476,874.8817,0.071304
524.7114,3.2437,875.0559,0.071344
524.7524,3.2403,875.2054,0.071379
524.7933,3.2368,875.3550,0.071412
524.8347,3.2332,875.5051,0.071446
524.8762,3.2297,875.6553,0.071479
524.9251,3.2255,875.8308,0.071522
524.9634,3.2223,875.9686,0.071550
525.0054,3.2188,876.1191,0.071586
525.0474,3.2153,876.2699,0.071621
525.0930,3.2115,876.4334,0.071654
525.1284,3.2085,876.5591,0.071687
525.1779,3.2043,876.7354,0.071725
525.2205,3.2007,876.8867,0.071758
525.2631,3.1971,877.0380,0.071793
525.3059,3.1934,877.1898,0.071829
525.3485,3.1899,877.3414,0.071862
525.3910,3.1864,877.4931,0.071893
525.4335,3.1829,877.6450,0.071931
525.4724,3.1797,877.7846,0.071960
525.5149,3.1762,877.9370,0.071996
525.5574,3.1726,878.0894,0.072026
525.6071,3.1685,878.2676,0.072071
525.6534,3.1646,878.4334,0.072110
525.6931,3.1614,878.5740,0.072141
525.7327,3.1582,878.7145,0.072171
525.7759,3.1546,878.8679,0.072207
525.8230,3.1508,879.0343,0.072243
525.8627,3.1476,879.1753,0.072275
525.9060,3.1441,879.3292,0.072311
525.9493,3.1406,879.4831,0.072345
525.9925,3.1370,879.6374,0.072380
526.0359,3.1335,879.7919,0.072415
526.0798,3.1300,879.9467,0.072449
526.1196,3.1269,880.0888,0.072484
526.1633,3.1234,880.2441,0.072519
526.2032,3.1203,880.3867,0.072552
526.2323,3.1121,880.4988,0.072584
526.2745,3.0845,880.6552,0.072622
526.3221,3.0523,880.8388,0.072660
526.3640,3.0227,881.0101,0.072698
526.4460,2.9870,881.2023,0.072735
526.4820,2.9833,881.3490,0.072769
526.5337,2.9782,881.5490,0.072810
526.5720,2.9745,881.6951,0.072847
526.6068,2.9711,881.8282,0.072876
526.6448,2.9674,881.9750,0.072909
526.6865,2.9633,882.1358,0.072946
526.7285,2.9592,882.2972,0.072980
526.7673,2.9555,882.4456,0.073017
526.8098,2.9513,882.6080,0.073052
526.8528,2.9472,882.7707,0.073088
526.9000,2.9427,882.9479,0.073129
526.9535,2.9375,883.1534,0.073174
527.0099,2.9319,883.3751,0.073223
527.0597,2.9270,883.5701,0.073267
527.1024,2.9227,883.7375,0.073304
527.1460,2.9185,883.9045,0.073344
527.1910,2.9142,884.0716,0.073382
527.2360,2.9100,884.2396,0.073421
527.2806,2.9057,884.4080,0.073458
527.3179,2.9021,884.5488,0.073490
527.3670,2.8975,884.7324,0.073530
527.4125,2.8931,884.9023,0.073567
527.4617,2.8885,885.0869,0.073609
527.5071,2.8841,885.2576,0.073644
527.5524,2.8798,885.4288,0.073686
527.6052,2.8747,885.6293,0.073732
527.6506,2.8703,885.8016,0.073768
527.6923,2.8663,885.9600,0.073804
527.7339,2.8623,886.1188,0.073840
527.7796,2.8579,886.2925,0.073875
527.8256,2.8534,886.4669,0.073917
527.8718,2.8490,886.6416,0.073954
527.9179,2.8446,886.8167,0.073995
527.9603,2.8405,886.9778,0.074031
528.0071,2.8360,887.1539,0.074071
528.0539,2.8315,887.3304,0.074110
528.1047,2.8267,887.5223,0.074154
528.1594,2.8214,887.7294,0.074201
528.2062,2.8169,887.9074,0.074240
528.2610,2.8116,888.1158,0.074288
528.3077,2.8071,888.2950,0.074330
528.3544,2.8025,888.4745,0.074367
528.4012,2.7979,888.6547,0.074406
528.4441,2.7937,888.8204,0.074445
528.4910,2.7891,889.0016,0.074484
528.5383,2.7845,889.1833,0.074528
528.5858,2.7799,889.3658,0.074569
528.6334,2.7753,889.5486,0.074611
528.6773,2.7710,889.7164,0.074648
528.7255,2.7664,889.9003,0.074688
528.7698,2.7621,890.0690,0.074725
528.8181,2.7574,890.2537,0.074765
528.8785,2.7515,890.4854,0.074817
528.9389,2.7456,890.7178,0.074872
528.9995,2.7397,890.9507,0.074922
529.0477,2.7350,891.1372,0.074970
529.1034,2.7295,891.3541,0.075014
529.1545,2.7244,891.5552,0.075062
529.1971,2.7201,891.7247,0.075102
529.2434,2.7155,891.9095,0.075139
529.2892,2.7108,892.0936,0.075180
529.3351,2.7062,892.2773,0.075223
529.3798,2.6703,892.4597,0.075264
529.4208,2.6660,892.6264,0.075304
529.4635,2.6615,892.8088,0.075342
529.5063,2.6569,892.9908,0.075384
529.5502,2.6523,893.1717,0.075423
529.5903,2.6482,893.3369,0.075463
529.6339,2.6436,893.5162,0.075503
529.6736,2.6395,893.6801,0.075538
529.7165,2.6350,893.8584,0.075576
529.7593,2.6305,894.0361,0.075621
529.8016,2.6261,894.2131,0.075657
529.8544,2.6205,894.4335,0.075706
529.8931,2.6165,894.5945,0.075744
529.9387,2.6117,894.7849,0.075786
529.9761,2.6077,894.9453,0.075823
530.0129,2.6036,895.1053,0.075856
530.0539,2.5993,895.2790,0.075898
530.0988,2.5946,895.4660,0.075944
530.1472,2.5895,895.6666,0.075982
530.1918,2.5848,895.8520,0.076026
530.2327,2.5806,896.0226,0.076063
530.2700,2.5766,896.1785,0.076097
530.3071,2.5727,896.3337,0.076134
530.3473,2.5685,896.5026,0.076174
530.3906,2.5639,896.6846,0.076210
530.4307,2.5597,896.8521,0.076246
530.4675,2.5558,897.0051,0.076283
530.5071,2.5516,897.1714,0.076324
530.5568,2.5464,897.3783,0.076369
530.5964,2.5423,897.5432,0.076405
530.6326,2.5385,897.6935,0.076436
530.6722,2.5344,897.8571,0.076476
530.7117,2.5303,898.0198,0.076509
530.7510,2.5262,898.1821,0.076547
530.7867,2.5224,898.3303,0.076583
530.8255,2.5184,898.4912,0.076619
530.8611,2.5147,898.6382,0.076652
530.8999,2.5107,898.7980,0.076687
530.9445,2.5060,898.9836,0.076730
530.9825,2.5020,899.1420,0.076762
531.0238,2.4977,899.3127,0.076802
531.0618,2.4937,899.4697,0.076834
531.0996,2.4898,899.6260,0.076871
531.1370,2.4859,899.7819,0.076909
531.1744,2.4820,899.9370,0.076938
531.2086,2.4784,900.0786,0.076968
531.2676,2.4723,900.3219,0.077027
531.3013,2.4687,900.4620,0.077059
531.3409,2.4646,900.6270,0.077093
531.3745,2.4611,900.7659,0.077129
531.4048,2.4579,900.8918,0.077153
531.4409,2.4541,901.0423,0.077187
531.4738,2.4507,901.1797,0.077216
531.5104,2.4477,901.3320,0.077252
531.5521,2.4451,901.5051,0.077295
531.5903,2.4427,901.6652,0.077326
531.6255,2.4405,901.8120,0.077360
531.6577,2.4385,901.9456,0.077389
531.6925,2.4363,902.0905,0.077423
531.7268,2.4342,902.2343,0.077454
531.7584,2.4322,902.3655,0.077483
531.7955,2.4299,902.5194,0.077517
531.8375,2.4272,902.6956,0.077557
531.8682,2.4253,902.8239,0.077587
531.9013,2.4232,902.9631,0.077619
531.9395,2.4208,903.1241,0.077658
531.9697,2.4189,903.2498,0.077682
532.0020,2.4169,903.3859,0.077714
532.0341,2.4149,903.5211,0.077743
532.0636,2.4130,903.6442,0.077773
532.0926,2.4112,903.7667,0.077799
532.1317,2.4087,903.9321,0.077837
532.1631,2.4067,904.0634,0.077868
532.1941,2.4048,904.1937,0.077895
532.2221,2.4030,904.3123,0.077923
532.2528,2.4011,904.4407,0.077948
532.2806,2.3993,904.5577,0.077974
532.3143,2.3972,904.6949,0.078007
532.3485,2.3952,904.8311,0.078035
532.3767,2.3935,904.9453,0.078063
532.4108,2.3913,905.0895,0.078093
532.4399,2.3895,905.2124,0.078125
532.4684,2.3876,905.3346,0.078148
532.4970,2.3858,905.4562,0.078178
532.5267,2.3844,905.5793,0.078207
532.5579,2.3833,905.7102,0.078233
532.5962,2.3819,905.8712,0.078271
532.6295,2.3807,906.0120,0.078302
532.6555,2.3798,906.1226,0.078326
532.6838,2.3788,906.2432,0.078355
532.7034,2.3770,906.3392,0.078378
532.7308,2.3739,906.4596,0.078403
532.7572,2.3708,906.5804,0.078434
532.7770,2.3684,906.6713,0.078455
532.8006,2.3656,906.7824,0.078478
532.8240,2.3642,906.9102,0.078502
532.8503,2.3633,907.0310,0.078533
532.8792,2.3622,907.1630,0.078562
532.9043,2.3613,907.2861,0.078589
532.9307,2.3604,907.4202,0.078615
532.9564,2.3594,907.5549,0.078648
532.9779,2.3586,907.6694,0.078677
533.0071,2.3575,907.8265,0.078713
533.0302,2.3566,907.9531,0.078739
533.0560,2.3556,908.1019,0.078771
533.0799,2.3547,908.2413,0.078804
533.1017,2.3539,908.3711,0.078831
533.1232,2.3530,908.5022,0.078862
533.1445,2.3521,908.6343,0.078892
533.1686,2.3512,908.7903,0.078923
533.1938,2.3501,908.9594,0.078961
533.2150,2.3492,909.1077,0.078995
533.2335,2.3484,909.2457,0.079025
533.2539,2.3477,909.4121,0.079056
533.2715,2.3485,909.5529,0.079092
533.2886,2.3493,909.6949,0.079125
533.3052,2.3501,909.8384,0.079153
533.3211,2.3509,909.9832,0.079191
533.3375,2.3505,910.1244,0.079219
533.3535,2.3490,910.2842,0.079256
533.3674,2.3475,910.4334,0.079289
533.3798,2.3462,910.5714,0.079319
533.3886,2.3453,910.6724,0.079338
533.4031,2.3431,910.8363,0.079376
533.4161,2.3409,910.9903,0.079411
533.4286,2.3387,911.1456,0.079441
533.4410,2.3365,911.3023,0.079480
533.4539,2.3332,911.4717,0.079519
533.4655,2.3299,911.6312,0.079551
533.4767,2.3266,911.7923,0.079583
533.4869,2.3245,911.9467,0.079617
533.5001,2.3239,912.1381,0.079659
533.5109,2.3233,912.3038,0.079693
533.5203,2.3229,912.4568,0.079731
533.5302,2.3223,912.6254,0.079769
533.5398,2.3218,912.7957,0.079795
533.5494,2.3213,912.9676,0.079841
533.5602,2.3207,913.1556,0.079886
533.5718,2.3201,913.3456,0.079923
533.5838,2.3195,913.5379,0.079967
533.5955,2.3189,913.7173,0.080003
533.6109,2.3181,913.9442,0.080054
533.6251,2.3174,914.1434,0.080091
533.6424,2.3166,914.3759,0.080139
533.6574,2.3160,914.5641,0.080181
533.6758,2.3151,914.7859,0.080230
533.6925,2.3144,914.9781,0.080270
533.7095,2.3137,915.1719,0.080311
533.7285,2.3129,915.3838,0.080359
533.7480,2.3121,915.5979,0.080403
533.7648,2.3114,915.7805,0.080443
533.7867,2.3105,916.0150,0.080497
533.8086,2.3096,916.2519,0.080543
533.8273,2.3088,916.4567,0.080591
533.8474,2.3080,916.6809,0.080640
533.8656,2.3075,916.8890,0.080681
533.8834,2.3070,917.0989,0.080725
533.9016,2.3064,917.3277,0.080773
533.9232,2.3053,917.6125,0.080836
533.9391,2.3046,917.8284,0.080884
533.9557,2.3038,918.0643,0.080934
533.9724,2.3030,918.3024,0.080981
533.9879,2.3022,918.5244,0.081032
534.0059,2.3013,918.7853,0.081090
534.0229,2.3005,919.0297,0.081140
534.0410,2.2996,919.2951,0.081200
534.0590,2.2987,919.5625,0.081256
534.0740,2.2980,919.7928,0.081303
534.0876,2.2973,920.0049,0.081350
534.1012,2.2966,920.2180,0.081394
534.1158,2.2958,920.4515,0.081445
534.1304,2.2950,920.6859,0.081493
534.1448,2.2943,920.9214,0.081544
534.1579,2.2936,921.1382,0.081588
534.1745,2.2927,921.4154,0.081652
534.1888,2.2919,921.6541,0.081703
534.2031,2.2912,921.8937,0.081750
534.2161,2.2905,922.1141,0.081802
534.2303,2.2897,922.3552,0.081851
534.2448,2.2889,922.5970,0.081902
534.2568,2.2883,922.7990,0.081948
534.2714,2.2875,923.0421,0.081998
534.2847,2.2868,923.2653,0.082045
534.3007,2.2859,923.5295,0.082105
534.3157,2.2851,923.7741,0.082157
534.3311,2.2843,924.0189,0.082207
534.3413,2.2838,924.1825,0.082242
534.3593,2.2829,924.4688,0.082307
534.3785,2.2819,924.7755,0.082366
534.3927,2.2811,925.0005,0.082413
534.4082,2.2803,925.2458,0.082467
534.4227,2.2796,925.4708,0.082515
534.4412,2.2786,925.7567,0.082581
534.4573,2.2778,926.0012,0.082637
534.4734,2.2770,926.2448,0.082686
534.4898,2.2762,926.4877,0.082741
534.5049,2.2755,926.7095,0.082784
534.5214,2.2746,926.9506,0.082835
534.5368,2.2739,927.1705,0.082885
534.5508,2.2732,927.3693,0.082923
534.5676,2.2724,927.6066,0.082979
534.5832,2.2717,927.8226,0.083029
534.6006,2.2708,928.0566,0.083079
534.6167,2.2701,928.2698,0.083121
534.6345,2.2693,928.5008,0.083170
534.6525,2.2685,928.7303,0.083219
534.6708,2.2676,928.9582,0.083270
534.6898,2.2668,929.1844,0.083319
534.7122,2.2658,929.4465,0.083372
534.7348,2.2649,929.7063,0.083432
534.7527,2.2641,929.9089,0.083471
534.7742,2.2632,930.1466,0.083527
534.7923,2.2624,930.3463,0.083571
534.8122,2.2616,930.5627,0.083611
534.8354,2.2606,930.8131,0.083668
534.8553,2.2598,931.0261,0.083718
534.8736,2.2591,931.2198,0.083751
534.8934,2.2583,931.4296,0.083803
534.9133,2.2575,931.6379,0.083847
534.9312,2.2567,931.8273,0.083887
534.9504,2.2559,932.0325,0.083929
534.9725,2.2550,932.2697,0.083986
534.9924,2.2542,932.4884,0.084031
535.0109,2.2534,932.6902,0.084076
535.0278,2.2527,932.8757,0.084114
535.0464,2.2519,933.0786,0.084160
535.0636,2.2512,933.2653,0.084199
535.0825,2.2504,933.4697,0.084246
535.0967,2.2498,933.6237,0.084285
535.1164,2.2490,933.8296,0.084321
535.1345,2.2483,934.0190,0.084362
535.1545,2.2475,934.2266,0.084417
535.1749,2.2467,934.4349,0.084456
535.1941,2.2459,934.6265,0.084498
535.2153,2.2450,934.8362,0.084546
535.2425,2.2440,935.0993,0.084611
535.2606,2.2433,935.2752,0.084637
535.2849,2.2423,935.5045,0.084690
535.3055,2.2415,935.6992,0.084736
535.3265,2.2408,935.8946,0.084779
535.3495,2.2402,936.1080,0.084830
535.3708,2.2396,936.3043,0.084866
535.3942,2.2390,936.5190,0.084912
535.4164,2.2382,936.7161,0.084953
535.4406,2.2372,936.9323,0.085002
535.4653,2.2363,937.1490,0.085056
535.4904,2.2354,937.3666,0.085099
535.5158,2.2345,937.5848,0.085146
535.5398,2.2336,937.7855,0.085192
535.5710,2.2325,938.0416,0.085253
535.6005,2.2314,938.2803,0.085299
535.6259,2.2305,938.4827,0.085344
535.6541,2.2295,938.7043,0.085395
535.6826,2.2285,938.9264,0.085443
535.7117,2.2275,939.1490,0.085492
535.7388,2.2266,939.3537,0.085540
535.7688,2.2255,939.5775,0.085589
535.7891,2.2248,939.7269,0.085614
535.8201,2.2238,939.9515,0.085667
535.8488,2.2228,940.1578,0.085714
535.8807,2.2217,940.3831,0.085766
535.9155,2.2206,940.6279,0.085820
535.9480,2.2195,940.8541,0.085873
535.9808,2.2184,941.0808,0.085920
536.0139,2.2173,941.3082,0.085974
536.0474,2.2162,941.5358,0.086024
536.0869,2.2149,941.8021,0.086077
536.1185,2.2139,942.0118,0.086123
536.1534,2.2128,942.2410,0.086172
536.1859,2.2117,942.4515,0.086220
536.2216,2.2106,942.6816,0.086276
536.2548,2.2095,942.8928,0.086319
536.2885,2.2084,943.1047,0.086371
536.3254,2.2073,943.3361,0.086422
536.3599,2.2062,943.5486,0.086464
536.3978,2.2050,943.7810,0.086514
536.4362,2.2038,944.0137,0.086569
536.4718,2.2027,944.2275,0.086615
536.5143,2.2014,944.4806,0.086673
536.5538,2.2002,944.7146,0.086724
536.5936,2.1989,944.9493,0.086781
536.6339,2.1977,945.1843,0.086835
536.6711,2.1966,945.4002,0.086878
536.7087,2.1954,945.6166,0.086925
536.7505,2.1941,945.8531,0.086978
536.7929,2.1929,946.0900,0.087029
536.8323,2.1917,946.3077,0.087077
536.8757,2.1904,946.5455,0.087128
536.9158,2.1892,946.7639,0.087180
536.9602,2.1879,947.0026,0.087230
537.0201,2.1861,947.3217,0.087304
537.0698,2.1856,947.5841,0.087367
537.1191,2.1867,947.8443,0.087416
537.1689,2.1878,948.1050,0.087479
537.2036,2.1885,948.2856,0.087518
537.2466,2.1894,948.5068,0.087561
537.2940,2.1904,948.7487,0.087613
537.3422,2.1913,948.9908,0.087670
537.3868,2.1922,949.2134,0.087725
537.4359,2.1932,949.4565,0.087781
537.4815,2.1941,949.6797,0.087824
537.5318,2.1950,949.9236,0.087880
537.5783,2.1959,950.1478,0.087935
537.6298,2.1968,950.3927,0.087990
537.6817,2.1978,950.6376,0.088036
537.7522,2.1990,950.9651,0.088107
537.7924,2.1997,951.1495,0.088150
537.8380,2.2000,951.3320,0.088192
537.8887,2.2000,951.5580,0.088244
537.9548,2.2000,951.8460,0.088307
538.0128,2.2000,952.0929,0.088369
538.0720,2.2000,952.3399,0.088420
538.1324,2.2000,952.5869,0.088477
538.1942,2.2000,952.8335,0.088530
538.2516,2.2000,953.0588,0.088574
538.3256,2.2000,953.3442,0.088640
538.3895,2.2000,953.5876,0.088700
538.4589,2.2000,953.8499,0.088751
538.5227,2.2000,954.0909,0.088810
538.5918,2.2000,954.3510,0.088867
538.6665,2.2000,954.6298,0.088928
538.7306,2.2000,954.8676,0.088992
538.8116,2.2000,955.1636,0.089053
538.8876,2.2000,955.4384,0.089117
538.9476,2.2000,955.6534,0.089170
539.0131,2.2000,955.8868,0.089219
539.0571,2.2000,956.0421,0.089260
539.1230,2.2000,956.2740,0.089302
539.1946,2.2000,956.5241,0.089369
539.2719,2.2000,956.7921,0.089432
539.3323,2.2000,957.0016,0.089477
539.4086,2.2000,957.2668,0.089541
539.4786,2.2000,957.5113,0.089597
539.5267,2.2000,957.6797,0.089636
539.5902,2.2000,957.9031,0.089681
539.6530,2.2000,958.1256,0.089737
539.7100,2.2000,958.3287,0.089780
539.7721,2.2000,958.5495,0.089832
539.8339,2.2000,958.7695,0.089885
539.8904,2.2000,958.9704,0.089932
539.9568,2.2000,959.2070,0.089980
540.0179,2.2000,959.4246,0.090029
540.0784,2.2000,959.6415,0.090081
540.1337,2.2000,959.8398,0.090127
540.1988,2.2000,960.0735,0.090175
540.2592,2.2000,960.2883,0.090229
540.3194,2.2000,960.5024,0.090282
540.3802,2.2000,960.7160,0.090325
540.4411,2.2000,960.9292,0.090377
540.5025,2.2000,961.1418,0.090427
540.5640,2.2000,961.3538,0.090472
540.6259,2.2000,961.5654,0.090523
540.6887,2.2000,961.7764,0.090567
540.7518,2.2000,961.9869,0.090624
540.8153,2.2000,962.1967,0.090669
540.8737,2.2000,962.3885,0.090714
540.9427,2.2000,962.6144,0.090764
541.0010,2.2000,962.8050,0.090806
541.0646,2.2000,963.0123,0.090858
541.1282,2.2000,963.2191,0.090905
541.1918,2.2000,963.4254,0.090946
541.2606,2.2000,963.6482,0.091002
541.3239,2.2000,963.8531,0.091060
541.3870,2.2000,964.0572,0.091097
541.4446,2.2000,964.2432,0.091148
541.5074,2.2000,964.4453,0.091186
541.5699,2.2000,964.6469,0.091236
541.6322,2.2000,964.8482,0.091285
541.6939,2.2000,965.0490,0.091327
541.7556,2.2000,965.2496,0.091377
541.8173,2.2000,965.4503,0.091426
541.8734,2.2000,965.6340,0.091464
541.9342,2.2000,965.8346,0.091505
541.9949,2.2000,966.0352,0.091556
542.0506,2.2000,966.2192,0.091601
542.1163,2.2000,966.4367,0.091652
542.1721,2.2000,966.6213,0.091693
542.2380,2.2000,966.8396,0.091748
542.2993,2.2000,967.0411,0.091790
542.3555,2.2000,967.2261,0.091835
542.4118,2.2000,967.4114,0.091880
542.4733,2.2000,967.6137,0.091927
542.5350,2.2000,967.8160,0.091969
542.6021,2.2000,968.0355,0.092024
542.6594,2.2000,968.2214,0.092065
542.7220,2.2000,968.4245,0.092119
542.7850,2.2000,968.6276,0.092161
542.8428,2.2000,968.8140,0.092197
542.9005,2.2000,969.0004,0.092244
542.9639,2.2000,969.2040,0.092296
543.0326,2.2000,969.4248,0.092340
543.0962,2.2000,969.6288,0.092390
543.1545,2.2000,969.8161,0.092434
543.2128,2.2000,970.0035,0.092483
543.2766,2.2000,970.2079,0.092525
543.3350,2.2000,970.3956,0.092561
543.3987,2.2000,970.6007,0.092611
543.4623,2.2000,970.8060,0.092659
543.5208,2.2000,970.9941,0.092711
543.5793,2.2000,971.1829,0.092752
543.6379,2.2000,971.3716,0.092794
543.7018,2.2000,971.5776,0.092841
543.7714,2.2000,971.8010,0.092889
543.8198,2.2000,971.9560,0.092928
543.8840,2.2000,972.1627,0.092975
543.9484,2.2000,972.3695,0.093022
544.0289,2.2000,972.6286,0.093080
544.0982,2.2000,972.8531,0.093136
544.1568,2.2000,973.0436,0.093183
544.2208,2.2000,973.2516,0.093230
544.2955,2.2000,973.4944,0.093280
544.3544,2.2000,973.6857,0.093327
544.4133,2.2000,973.8771,0.093372
544.4777,2.2000,974.0861,0.093425
544.5422,2.2000,974.2955,0.093469
544.6067,2.2000,974.5051,0.093516
544.6660,2.2000,974.6972,0.093560
544.7366,2.2000,974.9246,0.093618
544.8126,2.2000,975.1698,0.093674
544.8724,2.2000,975.3626,0.093720
544.9431,2.2000,975.5910,0.093772
545.0192,2.2000,975.8371,0.093818
545.0681,2.2000,975.9953,0.093863
545.1279,2.2000,976.1892,0.093906
545.1932,2.2000,976.4009,0.093958
545.2535,2.2000,976.5950,0.094003
545.3194,2.2000,976.8071,0.094047
545.3798,2.2000,977.0018,0.094093
545.4456,2.2000,977.2142,0.094143
545.5165,2.2000,977.4448,0.094200
545.5819,2.2000,977.6579,0.094246
545.6470,2.2000,977.8713,0.094292
545.7013,2.2000,978.0495,0.094334
545.7935,2.2000,978.3525,0.094404
545.8531,2.2000,978.5491,0.094447
545.9129,2.2000,978.7458,0.094496
545.9780,2.2000,978.9604,0.094547
546.0430,2.2000,979.1756,0.094592
546.1082,2.2000,979.3909,0.094643
546.1736,2.2000,979.6063,0.094696
546.2337,2.2000,979.8041,0.094744
546.2993,2.2000,980.0202,0.094784
546.3594,2.2000,980.2183,0.094840
546.4249,2.2000,980.4349,0.094888
546.4850,2.2000,980.6336,0.094931
546.5508,2.2000,980.8506,0.094983
546.6331,2.2000,981.1224,0.095046
546.6990,2.2000,981.3400,0.095099
546.7704,2.2000,981.5762,0.095152
546.8309,2.2000,981.7762,0.095187
546.8969,2.2000,981.9949,0.095245
546.9573,2.2000,982.1956,0.095284
547.0232,2.2000,982.4151,0.095338
547.0892,2.2000,982.6348,0.095388
547.1608,2.2000,982.8735,0.095446
547.2274,2.2000,983.0941,0.095492
547.2884,2.2000,983.2968,0.095541
547.3550,2.2000,983.5181,0.095590
547.4161,2.2000,983.7214,0.095634
547.4833,2.2000,983.9435,0.095684
547.5674,2.2000,984.2217,0.095755
547.6292,2.2000,984.4260,0.095800
547.6965,2.2000,984.6493,0.095842
547.7583,2.2000,984.8543,0.095890
547.8146,2.2000,985.0410,0.095939
547.8770,2.2000,985.2466,0.095980
547.9393,2.2000,985.4526,0.096029
548.0018,2.2000,985.6589,0.096078
548.0698,2.2000,985.8844,0.096131
548.1323,2.2000,986.0912,0.096176
548.1947,2.2000,986.2987,0.096224
548.2856,2.2000,986.6007,0.096292
548.3543,2.2000,986.8278,0.096343
548.4232,2.2000,987.0551,0.096394
548.4863,2.2000,987.2640,0.096443
548.5322,2.2000,987.4160,0.096477
548.5895,2.2000,987.6064,0.096525
548.6527,2.2000,987.8160,0.096563
548.7160,2.2000,988.0261,0.096612
548.7855,2.2000,988.2554,0.096666
548.8493,2.2000,988.4662,0.096717
548.9131,2.2000,988.6771,0.096769
548.9828,2.2000,988.9078,0.096817
549.0295,2.2000,989.0618,0.096849
549.1058,2.2000,989.3123,0.096902
549.1704,2.2000,989.5247,0.096964
549.2349,2.2000,989.7372,0.097002
549.3054,2.2000,989.9695,0.097057
549.3704,2.2000,990.1828,0.097110
549.4355,2.2000,990.3964,0.097150
549.5066,2.2000,990.6298,0.097202
549.5837,2.2000,990.8830,0.097259
549.6489,2.2000,991.0978,0.097310
549.7261,2.2000,991.3518,0.097368
549.7917,2.2000,991.5673,0.097415
549.8693,2.2000,991.8221,0.097471
549.9349,2.2000,992.0383,0.097524
550.0063,2.2000,992.2744,0.097575
550.0714,2.2000,992.4912,0.097620
550.1364,2.2000,992.7084,0.097673
550.2131,2.2000,992.9655,0.097730
550.2900,2.2000,993.2233,0.097785
550.3373,2.2000,993.3820,0.097826
550.4025,2.2000,993.6006,0.097868
550.4740,2.2000,993.8395,0.097929
550.5456,2.2000,994.0787,0.097979
550.6172,2.2000,994.3182,0.098033
550.6830,2.2000,994.5380,0.098085
550.7546,2.2000,994.7781,0.098137
550.8320,2.2000,995.0384,0.098193
550.8974,2.2000,995.2589,0.098241
550.9625,2.2000,995.4794,0.098289
551.0334,2.2000,995.7199,0.098345
551.1038,2.2000,995.9601,0.098403
551.1683,2.2000,996.1801,0.098452
551.2386,2.2000,996.4194,0.098507
551.3146,2.2000,996.6782,0.098566
551.3848,2.2000,996.9162,0.098617
551.4550,2.2000,997.1533,0.098664
551.5192,2.2000,997.3699,0.098718
551.5831,2.2000,997.5859,0.098760
551.6468,2.2000,997.8011,0.098815
551.7161,2.2000,998.0351,0.098866
551.7792,2.2000,998.2489,0.098919
551.8422,2.2000,998.4620,0.098965
551.9111,2.2000,998.6936,0.099018
551.9737,2.2000,998.9052,0.099063
552.0361,2.2000,999.1160,0.099107
552.1042,2.2000,999.3452,0.099158
552.1667,2.2000,999.5545,0.099207
552.2454,2.2000,999.8199,0.099269
552.3071,2.2000,1000.0276,0.099312
552.3684,2.2000,1000.2347,0.099360
552.4351,2.2000,1000.4600,0.099409
552.4960,2.2000,1000.6655,0.099454
552.5571,2.2000,1000.8704,0.099504
552.6177,2.2000,1001.0747,0.099551
552.6837,2.2000,1001.2966,0.099596
552.7441,2.2000,1001.4993,0.099640
552.8154,2.2000,1001.7383,0.099702
552.8809,2.2000,1001.9582,0.099744
552.9678,2.2000,1002.2511,0.099811
553.0330,2.2000,1002.4703,0.099864
553.0928,2.2000,1002.6710,0.099912
553.1635,2.2000,1002.9082,0.099968
553.2341,2.2000,1003.1454,0.100012
553.3101,2.2000,1003.4006,0.100073
553.3588,2.2000,1003.5645,0.100110
553.4237,2.2000,1003.7830,0.100156
553.4827,2.2000,1003.9832,0.100199
553.5417,2.2000,1004.1832,0.100256
553.6009,2.2000,1004.3834,0.100297
553.6600,2.2000,1004.5834,0.100337
553.7244,2.2000,1004.8017,0.100395
553.7836,2.2000,1005.0018,0.100437
553.8481,2.2000,1005.2201,0.100482
553.9072,2.2000,1005.4202,0.100532
553.9771,2.2000,1005.6565,0.100589
554.0254,2.2000,1005.8196,0.100625
554.0898,2.2000,1006.0372,0.100669
554.1543,2.2000,1006.2547,0.100731
554.1973,2.2000,1006.3997,0.100751
554.2510,2.2000,1006.5809,0.100792
554.3101,2.2000,1006.7803,0.100838
554.3744,2.2000,1006.9977,0.100891
554.4332,2.2000,1007.1967,0.100940
554.4970,2.2000,1007.4137,0.100981
554.5555,2.2000,1007.6124,0.101029
554.6139,2.2000,1007.8112,0.101080
554.6777,2.2000,1008.0280,0.101122
554.7362,2.2000,1008.2267,0.101169
554.7946,2.2000,1008.4255,0.101206
554.8585,2.2000,1008.6423,0.101255
554.9169,2.2000,1008.8409,0.101301
554.9806,2.2000,1009.0577,0.101351
555.0391,2.2000,1009.2563,0.101394
555.1028,2.2000,1009.4731,0.101446
555.1719,2.2000,1009.7080,0.101502
555.2305,2.2000,1009.9067,0.101540
555.2783,2.2000,1010.0690,0.101584
555.3473,2.2000,1010.3036,0.101638
555.4110,2.2000,1010.5197,0.101684
555.4694,2.2000,1010.7178,0.101731
555.5278,2.2000,1010.9159,0.101775
555.5916,2.2000,1011.1320,0.101823
555.6500,2.2000,1011.3301,0.101867
555.7084,2.2000,1011.5281,0.101920
555.7721,2.2000,1011.7441,0.101967
555.8305,2.2000,1011.9421,0.102006
555.8995,2.2000,1012.1761,0.102060
555.9633,2.2000,1012.3918,0.102114
556.0430,2.2000,1012.6613,0.102172
556.1014,2.2000,1012.8592,0.102215
556.1651,2.2000,1013.0751,0.102262
556.2235,2.2000,1013.2730,0.102313
556.2819,2.2000,1013.4710,0.102354
556.3562,2.2000,1013.7231,0.102413
556.4146,2.2000,1013.9211,0.102458
556.4730,2.2000,1014.1192,0.102499
556.5314,2.2000,1014.3173,0.102555
556.6057,2.2000,1014.5694,0.102604
556.6641,2.2000,1014.7679,0.102651
556.7331,2.2000,1015.0026,0.102703
556.7969,2.2000,1015.2195,0.102755
556.8713,2.2000,1015.4725,0.102811
556.9356,2.2000,1015.6898,0.102859
556.9946,2.2000,1015.8892,0.102898
557.0537,2.2000,1016.0887,0.102954
557.1128,2.2000,1016.2882,0.102995
557.1772,2.2000,1016.5065,0.103048
557.2363,2.2000,1016.7065,0.103094
557.2954,2.2000,1016.9066,0.103144
557.3599,2.2000,1017.1254,0.103184
557.4189,2.2000,1017.3261,0.103231
557.4780,2.2000,1017.5269,0.103276
557.5371,2.2000,1017.7277,0.103323
557.5966,2.2000,1017.9291,0.103366
557.6617,2.2000,1018.1489,0.103425
557.7377,2.2000,1018.4055,0.103485
557.7975,2.2000,1018.6075,0.103527
557.8572,2.2000,1018.8097,0.103575
557.9224,2.2000,1019.0303,0.103623
557.9767,2.2000,1019.2146,0.103668
558.0419,2.2000,1019.4358,0.103709
558.1017,2.2000,1019.6385,0.103763
558.1832,2.2000,1019.9158,0.103826
558.2429,2.2000,1020.1193,0.103868
558.3304,2.2000,1020.4152,0.103938
558.3964,2.2000,1020.6379,0.103989
558.4568,2.2000,1020.8420,0.104031
558.5337,2.2000,1021.1019,0.104088
558.6051,2.2000,1021.3439,0.104140
558.6766,2.2000,1021.5860,0.104205
558.7426,2.2000,1021.8095,0.104249
558.8034,2.2000,1022.0150,0.104296
558.8642,2.2000,1022.2203,0.104346
558.9307,2.2000,1022.4445,0.104394
558.9918,2.2000,1022.6506,0.104447
559.0529,2.2000,1022.8567,0.104486
559.1140,2.2000,1023.0629,0.104542
559.1807,2.2000,1023.2882,0.104591
559.2418,2.2000,1023.4950,0.104637
559.3196,2.2000,1023.7582,0.104701
559.3807,2.2000,1023.9654,0.104743
559.4530,2.2000,1024.2106,0.104810
559.5201,2.2000,1024.4369,0.104853
559.5818,2.2000,1024.6449,0.104902
559.6491,2.2000,1024.8719,0.104951
559.7333,2.2000,1025.1558,0.105021
559.8007,2.2000,1025.3832,0.105070
559.8795,2.2000,1025.6489,0.105129
559.9412,2.2000,1025.8584,0.105179
559.9918,2.2000,1026.0298,0.105217
560.0592,2.2000,1026.2583,0.105266
560.1271,2.2000,1026.4868,0.105318
560.1895,2.2000,1026.6964,0.105359
560.2574,2.2000,1026.9252,0.105419
560.3199,2.2000,1027.1359,0.105464
560.3880,2.2000,1027.3658,0.105516
560.4561,2.2000,1027.5958,0.105568
560.5186,2.2000,1027.8066,0.105617
560.5867,2.2000,1028.0366,0.105668
560.6492,2.2000,1028.2476,0.105724
560.7119,2.2000,1028.4592,0.105764
560.7804,2.2000,1028.6907,0.105820
560.8779,2.2000,1029.0186,0.105892
560.9410,2.2000,1029.2307,0.105944
561.0213,2.2000,1029.5007,0.106006
561.0844,2.2000,1029.7131,0.106055
561.1533,2.2000,1029.9458,0.106104
561.2279,2.2000,1030.1981,0.106157
561.2969,2.2000,1030.4310,0.106210
561.3659,2.2000,1030.6639,0.106273
561.4291,2.2000,1030.8776,0.106311
561.4979,2.2000,1031.1105,0.106364
561.5667,2.2000,1031.3448,0.106415
561.6413,2.2000,1031.5986,0.106477
561.7217,2.2000,1031.8721,0.106536
561.8019,2.2000,1032.1455,0.106598
561.8650,2.2000,1032.3610,0.106642
561.9338,2.2000,1032.5966,0.106696
561.9969,2.2000,1032.8126,0.106744
562.0599,2.2000,1033.0288,0.106796
562.1229,2.2000,1033.2450,0.106843
562.1859,2.2000,1033.4612,0.106896
562.2660,2.2000,1033.7372,0.106962
562.3348,2.2000,1033.9744,0.107010
562.4038,2.2000,1034.2117,0.107054
562.4671,2.2000,1034.4292,0.107114
562.5363,2.2000,1034.6665,0.107161
562.6054,2.2000,1034.9042,0.107216
562.6689,2.2000,1035.1227,0.107273
562.7384,2.2000,1035.3616,0.107321
562.8022,2.2000,1035.5804,0.107369
562.8660,2.2000,1035.7993,0.107415
562.9297,2.2000,1036.0183,0.107468
562.9993,2.2000,1036.2573,0.107517
563.0747,2.2000,1036.5173,0.107574
563.1566,2.2000,1036.7976,0.107646
563.2444,2.2000,1037.0979,0.107704
563.3090,2.2000,1037.3182,0.107758
563.4145,2.2000,1037.6787,0.107847
563.4850,2.2000,1037.9199,0.107895
563.5499,2.2000,1038.1415,0.107949
563.6148,2.2000,1038.3630,0.107996
563.6859,2.2000,1038.6047,0.108046
563.7508,2.2000,1038.8263,0.108097
563.8273,2.2000,1039.0885,0.108162
563.8864,2.2000,1039.2909,0.108208
563.9512,2.2000,1039.5138,0.108253
564.0222,2.2000,1039.7570,0.108304
564.0932,2.2000,1040.0002,0.108358
564.1584,2.2000,1040.2231,0.108414
564.2294,2.2000,1040.4669,0.108463
564.2949,2.2000,1040.6910,0.108519
564.3666,2.2000,1040.9355,0.108569
564.4384,2.2000,1041.1802,0.108627
564.4922,2.2000,1041.3636,0.108668
564.5580,2.2000,1041.5879,0.108713
564.6238,2.2000,1041.8124,0.108775
564.6896,2.2000,1042.0375,0.108820
564.7556,2.2000,1042.2631,0.108877
564.8278,2.2000,1042.5092,0.108927
564.8942,2.2000,1042.7347,0.108976
564.9606,2.2000,1042.9606,0.109031
565.0330,2.2000,1043.2068,0.109078
565.0996,2.2000,1043.4336,0.109135
565.1661,2.2000,1043.6605,0.109187
565.2387,2.2000,1043.9081,0.109239
565.3052,2.2000,1044.1350,0.109283
565.3778,2.2000,1044.3826,0.109336
565.4564,2.2000,1044.6510,0.109403
565.5231,2.2000,1044.8789,0.109452
565.5963,2.2000,1045.1279,0.109507
565.6818,2.2000,1045.4186,0.109574
565.7489,2.2000,1045.6470,0.109624
565.8223,2.2000,1045.8961,0.109680
565.8896,2.2000,1046.1249,0.109726
565.9633,2.2000,1046.3754,0.109783
566.0311,2.2000,1046.6050,0.109843
566.0989,2.2000,1046.8346,0.109889
566.1854,2.2000,1047.1270,0.109955
566.2534,2.2000,1047.3568,0.110007
566.3215,2.2000,1047.5873,0.110055
566.4146,2.2000,1047.9023,0.110128
566.4833,2.2000,1048.1333,0.110184
566.5646,2.2000,1048.4066,0.110238
566.6587,2.2000,1048.7218,0.110313
566.7281,2.2000,1048.9531,0.110370
566.8043,2.2000,1049.2062,0.110415
566.8742,2.2000,1049.4374,0.110471
566.9440,2.2000,1049.6686,0.110528
567.0138,2.2000,1049.8986,0.110576
567.0959,2.2000,1050.1697,0.110634
567.1716,2.2000,1050.4187,0.110693
567.2469,2.2000,1050.6665,0.110755
567.3154,2.2000,1050.8918,0.110796
567.3836,2.2000,1051.1160,0.110851
567.4513,2.2000,1051.3386,0.110898
567.5249,2.2000,1051.5800,0.110955
567.5918,2.2000,1051.7996,0.111001
567.6584,2.2000,1052.0178,0.111048
567.7307,2.2000,1052.2544,0.111106
567.8025,2.2000,1052.4893,0.111158
567.8735,2.2000,1052.7224,0.111216
567.9438,2.2000,1052.9540,0.111267
568.0079,2.2000,1053.1649,0.111311
568.0773,2.2000,1053.3934,0.111362
568.1404,2.2000,1053.6014,0.111411
568.2034,2.2000,1053.8081,0.111460
568.2773,2.2000,1054.0503,0.111507
568.3337,2.2000,1054.2355,0.111552
568.4069,2.2000,1054.4746,0.111603
568.4794,2.2000,1054.7118,0.111660
568.5458,2.2000,1054.9291,0.111705
568.6117,2.2000,1055.1449,0.111755
568.6716,2.2000,1055.3412,0.111792
568.7311,2.2000,1055.5363,0.111849
568.7905,2.2000,1055.7305,0.111892
568.8550,2.2000,1055.9414,0.111932
568.9139,2.2000,1056.1334,0.111985
568.9835,2.2000,1056.3604,0.112035
569.0319,2.2000,1056.5175,0.112070
569.0964,2.2000,1056.7272,0.112115
569.1558,2.2000,1056.9204,0.112158
569.2152,2.2000,1057.1138,0.112203
569.2751,2.2000,1057.3075,0.112245
569.3408,2.2000,1057.5195,0.112299
569.4010,2.2000,1057.7142,0.112339
569.4613,2.2000,1057.9089,0.112381
569.5438,2.2000,1058.1746,0.112436
569.6044,2.2000,1058.3694,0.112483
569.6707,2.2000,1058.5822,0.112536
569.7316,2.2000,1058.7778,0.112581
569.7927,2.2000,1058.9738,0.112622
569.8650,2.2000,1059.2054,0.112673
569.9319,2.2000,1059.4193,0.112719
569.9985,2.2000,1059.6334,0.112769
570.0597,2.2000,1059.8303,0.112817
570.1318,2.2000,1060.0636,0.112863
570.2096,2.2000,1060.3148,0.112922
570.2707,2.2000,1060.5122,0.112965
570.3320,2.2000,1060.7102,0.113008
570.3934,2.2000,1060.9089,0.113054
570.4608,2.2000,1061.1257,0.113107
570.5226,2.2000,1061.3247,0.113151
570.5902,2.2000,1061.5416,0.113201
570.6525,2.2000,1061.7413,0.113250
570.7151,2.2000,1061.9414,0.113294
570.7777,2.2000,1062.1417,0.113336
570.8461,2.2000,1062.3601,0.113382
570.9148,2.2000,1062.5791,0.113437
570.9780,2.2000,1062.7805,0.113476
571.0412,2.2000,1062.9821,0.113531
571.1217,2.2000,1063.2386,0.113584
571.1907,2.2000,1063.4584,0.113627
571.2368,2.2000,1063.6052,0.113666
571.3120,2.2000,1063.8444,0.113714
571.3756,2.2000,1064.0471,0.113762
571.4395,2.2000,1064.2499,0.113806
571.5032,2.2000,1064.4526,0.113853
571.5671,2.2000,1064.6555,0.113901
571.6310,2.2000,1064.8584,0.113950
571.6949,2.2000,1065.0616,0.113991
571.7589,2.2000,1065.2654,0.114039
571.8287,2.2000,1065.4880,0.114089
571.8926,2.2000,1065.6921,0.114139
571.9565,2.2000,1065.8962,0.114186
572.0267,2.2000,1066.1190,0.114232
572.1027,2.2000,1066.3605,0.114289
572.1672,2.2000,1066.5658,0.114330
572.2376,2.2000,1066.7899,0.114383
572.3021,2.2000,1066.9954,0.114434
572.3668,2.2000,1067.2009,0.114476
572.4376,2.2000,1067.4250,0.114531
572.5027,2.2000,1067.6307,0.114579
572.5679,2.2000,1067.8369,0.114618
572.6333,2.2000,1068.0437,0.114669
572.6985,2.2000,1068.2505,0.114712
572.7696,2.2000,1068.4761,0.114767
572.8348,2.2000,1068.6829,0.114810
572.9059,2.2000,1068.9084,0.114861
572.9711,2.2000,1069.1152,0.114910
573.0481,2.2000,1069.3595,0.114961
573.1192,2.2000,1069.5836,0.115020
573.1896,2.2000,1069.8071,0.115067
573.2599,2.2000,1070.0298,0.115116
573.3241,2.2000,1070.2330,0.115166
573.3763,2.2000,1070.3988,0.115203
573.4401,2.2000,1070.6007,0.115246
573.5034,2.2000,1070.8018,0.115297
573.5664,2.2000,1071.0013,0.115341
573.6346,2.2000,1071.2175,0.115386
573.6967,2.2000,1071.4143,0.115434
573.7584,2.2000,1071.6100,0.115475
573.8253,2.2000,1071.8218,0.115529
573.8973,2.2000,1072.0497,0.115580
573.9687,2.2000,1072.2756,0.115631
574.0287,2.2000,1072.4656,0.115672
574.0991,2.2000,1072.6882,0.115722
574.1581,2.2000,1072.8755,0.115769
574.2222,2.2000,1073.0781,0.115814
574.2806,2.2000,1073.2626,0.115863
574.3385,2.2000,1073.4459,0.115900
574.4014,2.2000,1073.6444,0.115945
574.4586,2.2000,1073.8251,0.115983
574.5159,2.2000,1074.0045,0.116034
574.5728,2.2000,1074.1826,0.116068
574.6296,2.2000,1074.3595,0.116107
574.6912,2.2000,1074.5509,0.116155
574.7473,2.2000,1074.7251,0.116199
574.8029,2.2000,1074.8982,0.116234
574.8583,2.2000,1075.0698,0.116280
574.9182,2.2000,1075.2557,0.116316
574.9776,2.2000,1075.4402,0.116363
575.0364,2.2000,1075.6233,0.116410
575.0903,2.2000,1075.7897,0.116444
575.1536,2.2000,1075.9851,0.116504
575.2119,2.2000,1076.1638,0.116543
575.2698,2.2000,1076.3409,0.116582
575.3229,2.2000,1076.5021,0.116625
575.3752,2.2000,1076.6621,0.116659
575.4276,2.2000,1076.8208,0.116699
575.4793,2.2000,1076.9784,0.116725
575.5354,2.2000,1077.1488,0.116770
575.5863,2.2000,1077.3038,0.116809
575.6371,2.2000,1077.4580,0.116851
575.6968,2.2000,1077.6389,0.116896
575.7472,2.2000,1077.7913,0.116929
575.7931,2.2000,1077.9292,0.116963
575.8435,2.2000,1078.0798,0.117005
575.8939,2.2000,1078.2303,0.117046
575.9484,2.2000,1078.3938,0.117079
575.9984,2.2000,1078.5428,0.117111
576.0483,2.2000,1078.6919,0.117159
576.0985,2.2000,1078.8408,0.117184
576.1483,2.2000,1078.9886,0.117222
576.2028,2.2000,1079.1499,0.117263
576.2527,2.2000,1079.2977,0.117296
576.3076,2.2000,1079.4589,0.117332
576.3715,2.2000,1079.6461,0.117387
576.4215,2.2000,1079.7926,0.117423
576.4761,2.2000,1079.9523,0.117468
576.5311,2.2000,1080.1121,0.117505
576.5905,2.2000,1080.2844,0.117545
576.6406,2.2000,1080.4298,0.117574
576.6951,2.2000,1080.5880,0.117610
576.7455,2.2000,1080.7333,0.117646
576.7959,2.2000,1080.8783,0.117689
576.8508,2.2000,1081.0364,0.117723
576.9011,2.2000,1081.1805,0.117770
576.9510,2.2000,1081.3245,0.117803
577.0098,2.2000,1081.4944,0.117847
577.0594,2.2000,1081.6381,0.117887
577.1091,2.2000,1081.7817,0.117924
577.1588,2.2000,1081.9254,0.117958
577.2129,2.2000,1082.0822,0.118006
577.2715,2.2000,1082.2520,0.118049
577.3303,2.2000,1082.4218,0.118085
577.3799,2.2000,1082.5657,0.118132
577.4297,2.2000,1082.7095,0.118170
577.4841,2.2000,1082.8673,0.118211
577.5341,2.2000,1083.0123,0.118249
577.5844,2.2000,1083.1576,0.118289
577.6351,2.2000,1083.3029,0.118330
577.6860,2.2000,1083.4492,0.118372
577.7368,2.2000,1083.5956,0.118403
577.7927,2.2000,1083.7555,0.118450
577.8442,2.2000,1083.9030,0.118489
577.8818,2.2000,1084.0104,0.118521
577.9382,2.2000,1084.1715,0.118558
577.9853,2.2000,1084.3059,0.118594
578.0280,2.2000,1084.4270,0.118625
578.0705,2.2000,1084.5482,0.118672
578.1227,2.2000,1084.6973,0.118704
578.1845,2.2000,1084.8735,0.118750
578.2372,2.2000,1085.0227,0.118788
578.2899,2.2000,1085.1720,0.118826
578.3428,2.2000,1085.3220,0.118868
578.3958,2.2000,1085.4720,0.118908
578.4537,2.2000,1085.6362,0.118946
578.5072,2.2000,1085.7867,0.118995
578.5605,2.2000,1085.9374,0.119032
578.6140,2.2000,1086.0886,0.119072
578.6675,2.2000,1086.2404,0.119122
578.7213,2.2000,1086.3921,0.119154
578.7996,2.2000,1086.6130,0.119229
578.8585,2.2000,1086.7793,0.119263
578.9127,2.2000,1086.9323,0.119309
578.9719,2.2000,1087.0992,0.119345
579.0364,2.2000,1087.2805,0.119402
579.0909,2.2000,1087.4338,0.119440
579.1457,2.2000,1087.5881,0.119493
579.2004,2.2000,1087.7426,0.119531
579.2553,2.2000,1087.8971,0.119573
579.3105,2.2000,1088.0516,0.119611
579.3708,2.2000,1088.2208,0.119659
579.4263,2.2000,1088.3765,0.119703
579.4815,2.2000,1088.5322,0.119751
579.5420,2.2000,1088.7024,0.119803
579.5972,2.2000,1088.8582,0.119851
579.6623,2.2000,1089.0435,0.119899
579.7177,2.2000,1089.2006,0.119939
579.7727,2.2000,1089.3577,0.119991
579.8329,2.2000,1089.5297,0.120035
579.8885,2.2000,1089.6881,0.120075
579.9543,2.2000,1089.8754,0.120136
579.9999,2.2000,1090.0051,0.120162
580.0555,2.2000,1090.1637,0.120211
580.1163,2.2000,1090.3379,0.120255
580.1721,2.2000,1090.4977,0.120300
580.2328,2.2000,1090.6719,0.120355
580.2883,2.2000,1090.8307,0.120401
580.3438,2.2000,1090.9891,0.120442
580.3989,2.2000,1091.1475,0.120486
580.4786,2.2000,1091.3765,0.120547
580.5429,2.2000,1091.5618,0.120604
580.6017,2.2000,1091.7319,0.120647
580.6551,2.2000,1091.8873,0.120698
580.7081,2.2000,1092.0419,0.120736
580.7608,2.2000,1092.1959,0.120789
580.8179,2.2000,1092.3630,0.120838
580.8700,2.2000,1092.5159,0.120874
580.9216,2.2000,1092.6680,0.120922
580.9730,2.2000,1092.8195,0.120966
581.0239,2.2000,1092.9703,0.121015
581.0794,2.2000,1093.1342,0.121066
581.1299,2.2000,1093.2838,0.121105
581.1802,2.2000,1093.4326,0.121145
581.2347,2.2000,1093.5944,0.121192
581.2844,2.2000,1093.7419,0.121234
581.3340,2.2000,1093.8890,0.121278
581.3831,2.2000,1094.0354,0.121321
581.4365,2.2000,1094.1942,0.121363
581.4851,2.2000,1094.3390,0.121407
581.5334,2.2000,1094.4834,0.121443
581.5860,2.2000,1094.6400,0.121498
581.6347,2.2003,1094.7860,0.121532
581.7000,2.2024,1094.9801,0.121590
581.7475,2.2039,1095.1216,0.121637
581.7952,2.2054,1095.2625,0.121670
581.8425,2.2068,1095.4023,0.121710
581.8897,2.2083,1095.5420,0.121747
581.9408,2.2099,1095.6932,0.121791
581.9921,2.2115,1095.8440,0.121835
582.0302,2.2127,1095.9562,0.121862
582.0807,2.2143,1096.1055,0.121911
582.1312,2.2158,1096.2535,0.121953
582.1772,2.2173,1096.3888,0.121987
582.1796,2.2242,1096.5345,0.122034
582.2278,2.2245,1096.6807,0.122068
582.2800,2.2248,1096.8378,0.122111
582.3238,2.2251,1096.9703,0.122150
582.3711,2.2255,1097.1140,0.122195
582.4140,2.2258,1097.2452,0.122232
582.4565,2.2262,1097.3754,0.122266
582.5027,2.2266,1097.5168,0.122301
582.5446,2.2270,1097.6455,0.122338
582.5861,2.2274,1097.7736,0.122377
582.6311,2.2278,1097.9124,0.122417
582.6866,2.2284,1098.0846,0.122460
582.7306,2.2289,1098.2219,0.122501
582.7742,2.2294,1098.3585,0.122531
582.8141,2.2299,1098.4838,0.122572
582.8646,2.2305,1098.6425,0.122614
582.9073,2.2311,1098.7782,0.122653
582.9536,2.2318,1098.9255,0.122689
583.0038,2.2324,1099.0842,0.122729
583.0428,2.2330,1099.2087,0.122768
583.0818,2.2336,1099.3334,0.122802
583.1309,2.2344,1099.4913,0.122844
583.1730,2.2350,1099.6266,0.122881
583.2183,2.2358,1099.7723,0.122917
583.2564,2.2364,1099.8956,0.122949
583.2942,2.2371,1100.0188,0.122985
583.3352,2.2378,1100.1532,0.123020
583.3724,2.2386,1100.2765,0.123052
583.4164,2.2395,1100.4215,0.123088
583.4534,2.2402,1100.5447,0.123125
583.4937,2.2411,1100.6785,0.123159
583.5300,2.2419,1100.8011,0.123192
583.5668,2.2427,1100.9237,0.123229
583.6032,2.2436,1101.0466,0.123255
583.6498,2.2446,1101.2030,0.123299
583.6899,2.2455,1101.3375,0.123329
583.7302,2.2464,1101.4722,0.123364
583.7665,2.2472,1101.5947,0.123397
583.8133,2.2478,1101.7520,0.123444
583.8533,2.2483,1101.8871,0.123477
583.8900,2.2488,1102.0116,0.123511
583.9335,2.2493,1102.1589,0.123544
583.9702,2.2499,1102.2838,0.123577
584.0100,2.2504,1102.4203,0.123614
584.0464,2.2510,1102.5461,0.123642
584.0861,2.2517,1102.6836,0.123678
584.1223,2.2523,1102.8096,0.123711
584.1617,2.2531,1102.9480,0.123748
584.1979,2.2538,1103.0752,0.123779
584.2339,2.2545,1103.2025,0.123806
584.2699,2.2552,1103.3300,0.123839
584.3089,2.2561,1103.4701,0.123877
584.3450,2.2568,1103.5986,0.123914
584.3969,2.2581,1103.7865,0.123955
584.4358,2.2590,1103.9281,0.123989
584.4708,2.2597,1104.0563,0.124023
584.5062,2.2598,1104.1870,0.124059
584.5445,2.2600,1104.3302,0.124093
584.5794,2.2602,1104.4618,0.124124
584.6175,2.2605,1104.6064,0.124154
584.6556,2.2607,1104.7511,0.124193
584.6967,2.2611,1104.9092,0.124227
584.7341,2.2615,1105.0553,0.124263
584.7714,2.2620,1105.2024,0.124305
584.8054,2.2624,1105.3376,0.124330
584.8483,2.2631,1105.5109,0.124376
584.8847,2.2638,1105.6598,0.124410
584.9211,2.2645,1105.8097,0.124439
584.9482,2.2651,1105.9225,0.124468
584.9803,2.2654,1106.0590,0.124507
585.0156,2.2652,1106.2107,0.124539
585.0480,2.2650,1106.3510,0.124572
585.0797,2.2650,1106.4913,0.124598
585.1141,2.2649,1106.6455,0.124638
585.1484,2.2650,1106.8003,0.124675
585.1779,2.2653,1106.9430,0.124706
585.2073,2.2656,1107.0862,0.124744
585.2402,2.2659,1107.2434,0.124772
585.2700,2.2663,1107.3883,0.124812
585.3018,2.2667,1107.5468,0.124839
585.3331,2.2673,1107.7063,0.124877
585.3637,2.2680,1107.8663,0.124912
585.3926,2.2687,1108.0244,0.124953
585.4185,2.2682,1108.1725,0.124984
585.4454,2.2679,1108.3348,0.125015
585.4710,2.2678,1108.4982,0.125056
585.4954,2.2678,1108.6621,0.125094
585.5167,2.2681,1108.8132,0.125126
585.5444,2.2687,1109.0205,0.125173
585.6004,2.2827,1109.1965,0.125206
585.6213,2.2902,1109.3510,0.125240
585.6420,2.2984,1109.5198,0.125278
585.6543,2.3039,1109.6316,0.125303
585.6688,2.3053,1109.7781,0.125339
585.6846,2.3016,1109.9336,0.125376
585.6990,2.2989,1110.1066,0.125411
585.7119,2.2965,1110.2642,0.125447
585.7238,2.2942,1110.4224,0.125479
585.7351,2.2918,1110.5815,0.125514
585.7478,2.2888,1110.7961,0.125559
585.7554,2.2848,1110.9562,0.125595
585.7614,2.2808,1111.1171,0.125634
585.7659,2.2765,1111.2922,0.125667
585.7684,2.2727,1111.4528,0.125704
585.7393,2.2775,1111.6215,0.125743
585.7635,2.2728,1111.7802,0.125775
585.7615,2.2733,1111.9536,0.125811
585.7577,2.2738,1112.1099,0.125847
585.7513,2.2737,1112.2668,0.125883
585.7480,2.2748,1112.4449,0.125924
585.7365,2.2793,1112.6136,0.125958
585.7238,2.2834,1112.7672,0.125994
585.7047,2.2888,1112.9611,0.126038
585.6940,2.2891,1113.1124,0.126069
585.6788,2.2925,1113.2358,0.126097
585.6587,2.2966,1113.3857,0.126133
585.6289,2.3005,1113.5452,0.126168
585.6024,2.3038,1113.7065,0.126205
585.5733,2.3073,1113.8665,0.126245
585.5419,2.3107,1114.0250,0.126280
585.5123,2.3140,1114.1692,0.126312
585.4775,2.3121,1114.3142,0.126349
585.4409,2.3109,1114.4712,0.126385
585.3938,2.3096,1114.6638,0.126429
585.3546,2.3087,1114.8169,0.126466
585.3172,2.3079,1114.9557,0.126502
585.2786,2.3072,1115.0927,0.126530
585.2392,2.3066,1115.2285,0.126567
585.1810,2.3046,1115.4205,0.126611
585.1396,2.3031,1115.5521,0.126644
585.0930,2.3014,1115.6940,0.126679
585.0491,2.2999,1115.8225,0.126707
585.0002,2.2983,1115.9619,0.126742
584.9539,2.2969,1116.0884,0.126774
584.9066,2.2956,1116.2133,0.126804
584.8538,2.2943,1116.3475,0.126838
584.8045,2.2932,1116.4694,0.126869
584.7448,2.2920,1116.6116,0.126904
584.6927,2.2911,1116.7305,0.126933
584.6343,2.2902,1116.8585,0.126967
584.5797,2.2894,1116.9740,0.126995
584.5238,2.2886,1117.0884,0.127026
584.4668,2.2879,1117.2015,0.127058
584.4033,2.2873,1117.3231,0.127088
584.3439,2.2868,1117.4333,0.127118
584.2833,2.2864,1117.5419,0.127145
584.2159,2.2861,1117.6587,0.127176
584.1529,2.2859,1117.7638,0.127207
584.0829,2.2858,1117.8766,0.127237
584.0173,2.2858,1117.9780,0.127267
583.9444,2.2858,1118.0868,0.127297
583.8759,2.2859,1118.1855,0.127327
583.7998,2.2861,1118.2917,0.127355
583.7286,2.2864,1118.3876,0.127383
583.6561,2.2868,1118.4821,0.127413
583.5821,2.2873,1118.5752,0.127442
583.4997,2.2880,1118.6750,0.127474
583.4227,2.2887,1118.7651,0.127500
583.3372,2.2896,1118.8616,0.127532
583.2571,2.2905,1118.9485,0.127559
583.1683,2.2916,1119.0413,0.127590
583.0855,2.2927,1119.1246,0.127617
583.0012,2.2938,1119.2067,0.127647
582.9156,2.2951,1119.2875,0.127676
582.8209,2.2965,1119.3740,0.127703
582.7247,2.2981,1119.4591,0.127734
582.6109,2.3000,1119.5568,0.127769
582.5038,2.3019,1119.6464,0.127803
582.4122,2.3036,1119.7214,0.127831
582.3113,2.3054,1119.8027,0.127860
582.2180,2.3072,1119.8766,0.127890
582.1155,2.3092,1119.9570,0.127920
582.0236,2.3098,1120.0255,0.127949
581.9277,2.3098,1120.0977,0.127979
581.8394,2.3099,1120.1620,0.128001
581.7319,2.3102,1120.2377,0.128031
581.6323,2.3105,1120.3064,0.128059
581.5225,2.3109,1120.3805,0.128092
581.4114,2.3115,1120.4535,0.128124
581.2991,2.3120,1120.5258,0.128153
581.1761,2.3127,1120.6033,0.128189
581.0322,2.3137,1120.6910,0.128228
580.9161,2.3132,1120.7744,0.128262
580.7759,2.3104,1120.8397,0.128298
580.6650,2.3068,1120.9009,0.128327
580.5421,2.3030,1120.9663,0.128358
580.4179,2.2992,1121.0320,0.128391
580.2924,2.2954,1121.0977,0.128422
580.1766,2.2919,1121.1581,0.128451
580.0492,2.2880,1121.2247,0.128485
579.9250,2.2846,1121.2910,0.128515
579.7953,2.2845,1121.3584,0.128549
579.6758,2.2843,1121.4204,0.128580
579.5552,2.2842,1121.4825,0.128608
579.4221,2.2841,1121.5498,0.128643
579.3226,2.2837,1121.5994,0.128665
579.1602,2.2830,1121.6865,0.128707
579.0688,2.2849,1121.7323,0.128728
578.9313,2.2877,1121.7972,0.128760
578.8042,2.2894,1121.8610,0.128791
578.6642,2.2914,1121.9307,0.128831
578.5346,2.2932,1121.9944,0.128868
578.3914,2.2953,1122.0637,0.128895
578.2255,2.2971,1122.1396,0.128938
578.0781,2.2969,1122.2069,0.128977
577.9413,2.2968,1122.2676,0.129008
577.7901,2.2968,1122.3320,0.129047
577.6371,2.2969,1122.3949,0.129078
577.4955,2.2972,1122.4509,0.129116
577.3132,2.2975,1122.5223,0.129164
577.1948,2.2978,1122.5674,0.129183
577.0217,2.2984,1122.6305,0.129227
576.8544,2.2741,1122.6571,0.129266
576.7048,2.2725,1122.7095,0.129297
576.5396,2.2711,1122.7642,0.129339
576.3853,2.2709,1122.8086,0.129379
576.2302,2.2706,1122.8530,0.129410
576.0594,2.2705,1122.9004,0.129448
575.8871,2.2707,1122.9459,0.129481
575.7274,2.2713,1122.9860,0.129518
575.5540,2.2718,1123.0271,0.129560
575.3309,2.2712,1123.0768,0.129606
575.1654,2.2710,1123.1115,0.129645
574.9377,2.2711,1123.1569,0.129692
574.7233,2.2715,1123.1978,0.129740
574.5388,2.2722,1123.2306,0.129779
574.3651,2.2730,1123.2598,0.129810
574.1741,2.2740,1123.2922,0.129859
573.9977,2.2748,1123.3221,0.129896
573.8198,2.2758,1123.3511,0.129934
573.6241,2.2771,1123.3820,0.129975
573.4452,2.2772,1123.4093,0.130009
573.2457,2.2771,1123.4397,0.130055
573.0445,2.2772,1123.4695,0.130103
572.8244,2.2774,1123.5016,0.130144
572.6366,2.2776,1123.5284,0.130175
572.4337,2.2725,1123.5831,0.130230
572.1903,2.2727,1123.6171,0.130282
571.9100,2.2728,1123.6575,0.130338
571.7142,2.2729,1123.6846,0.130376
571.4996,2.2729,1123.7137,0.130420
571.3006,2.2726,1123.7406,0.130468
571.0428,2.2772,1123.7496,0.130522
570.8412,2.2764,1123.7777,0.130560
570.6386,2.2755,1123.8060,0.130613
570.3978,2.2745,1123.8398,0.130659
570.1933,2.2735,1123.8694,0.130702
569.9695,2.2724,1123.9016,0.130749
569.7638,2.2714,1123.9315,0.130786
569.5226,2.2696,1123.9674,0.130838
569.2979,2.2666,1124.0010,0.130891
569.0739,2.2637,1124.0347,0.130935
568.8691,2.2609,1124.0657,0.130981
568.6651,2.2581,1124.0969,0.131015
568.4437,2.2552,1124.1306,0.131067
568.2419,2.2526,1124.1604,0.131112
568.0414,2.2501,1124.1892,0.131156
567.8240,2.2476,1124.2194,0.131204
567.6260,2.2454,1124.2463,0.131241
567.3936,2.2429,1124.2771,0.131294
567.1982,2.2410,1124.3020,0.131342
567.0042,2.2390,1124.3273,0.131374
566.7938,2.2368,1124.3544,0.131428
566.6024,2.2350,1124.3782,0.131467
566.3953,2.2331,1124.4033,0.131505
566.1898,2.2315,1124.4265,0.131547
565.9689,2.2300,1124.4502,0.131593
565.7664,2.2286,1124.4714,0.131645
565.5821,2.2275,1124.4902,0.131680
565.3989,2.2264,1124.5083,0.131723
565.1673,2.2252,1124.5309,0.131778
564.9866,2.2242,1124.5481,0.131805
564.7260,2.2228,1124.5731,0.131868
564.5806,2.2221,1124.5863,0.131904
564.4041,2.2213,1124.6024,0.131946
564.2130,2.2205,1124.6190,0.131983
564.0391,2.2199,1124.6337,0.132025
563.8508,2.2193,1124.6490,0.132061
563.6639,2.2188,1124.6632,0.132100
563.4630,2.2183,1124.6783,0.132160
563.2332,2.2179,1124.6947,0.132203
563.0662,2.2177,1124.7062,0.132238
562.8701,2.2174,1124.7195,0.132274
562.6906,2.2173,1124.7312,0.132317
562.5270,2.2171,1124.7421,0.132361
562.3646,2.2169,1124.7528,0.132388
562.1736,2.2167,1124.7657,0.132436
562.0007,2.2100,1124.8226,0.132468
561.8403,2.2101,1124.8354,0.132516
561.6661,2.2102,1124.8501,0.132548
561.4353,2.2103,1124.8696,0.132602
561.2625,2.2103,1124.8844,0.132646
561.0902,2.2104,1124.8994,0.132676
560.9181,2.2105,1124.9141,0.132718
560.7607,2.2105,1124.9283,0.132756
560.5891,2.2106,1124.9445,0.132795
560.4177,2.2000,1124.9596,0.132826
560.2461,2.2000,1124.9750,0.132865
560.0752,2.2000,1124.9912,0.132905
559.9189,2.2000,1125.0071,0.132946
559.7485,2.2000,1125.0244,0.132991
559.5925,2.2000,1125.0403,0.133030
559.4222,2.2000,1125.0574,0.133062
559.2661,2.2000,1125.0726,0.133107
559.1096,2.2000,1125.0876,0.133139
558.9390,2.2000,1125.1038,0.133173
558.7819,2.2000,1125.1188,0.133219
558.5954,2.2000,1125.1376,0.133259
558.4371,2.2000,1125.1533,0.133298
558.2640,2.2000,1125.1699,0.133346
558.1046,2.2000,1125.1852,0.133392
557.9448,2.2000,1125.1998,0.133409
557.7835,2.2000,1125.2146,0.133451
557.6069,2.2000,1125.2307,0.133505
557.4445,2.2000,1125.2461,0.133535
557.2659,2.2000,1125.2628,0.133584
557.1012,2.2000,1125.2789,0.133634
556.9204,2.2000,1125.2965,0.133671
556.7386,2.2000,1125.3143,0.133711
556.5555,2.2000,1125.3325,0.133760
556.3866,2.2000,1125.3500,0.133793
556.1700,2.2000,1125.3718,0.133856
555.9517,2.2000,1125.3940,0.133905
555.7790,2.2000,1125.4115,0.133959
555.6052,2.2000,1125.4290,0.134017
555.4144,2.2000,1125.4481,0.134055
555.2385,2.2000,1125.4656,0.134090
555.0450,2.2000,1125.4847,0.134142
554.8668,2.2000,1125.5022,0.134202
554.6707,2.2000,1125.5215,0.134232
554.4898,2.2000,1125.5393,0.134279
554.3078,2.2000,1125.5577,0.134337
554.1079,2.2000,1125.5781,0.134385
553.9235,2.2000,1125.5969,0.134432
553.7209,2.2000,1125.6174,0.134484
553.5344,2.2000,1125.6362,0.134535
553.3292,2.2000,1125.6567,0.134583
553.1225,2.2000,1125.6774,0.134639
552.9494,2.2000,1125.6946,0.134663
552.7404,2.2000,1125.7153,0.134731
552.5474,2.2000,1125.7347,0.134772
552.3532,2.2000,1125.7549,0.134838
552.1400,2.2000,1125.7769,0.134879
551.9255,2.2000,1125.7990,0.134941
551.7276,2.2000,1125.8193,0.134995
551.5467,2.2000,1125.8378,0.135041
551.3284,2.2000,1125.8600,0.135091
551.1270,2.2000,1125.8809,0.135148
550.9060,2.2000,1125.9038,0.135203
550.6649,2.2000,1125.9290,0.135259
550.4033,2.2000,1125.9562,0.135337
550.1776,2.2000,1125.9796,0.135390
549.9695,2.2000,1126.0011,0.135454
549.7604,2.2000,1126.0226,0.135501
549.5309,2.2000,1126.0461,0.135558
549.3192,2.2000,1126.0677,0.135618
549.0869,2.2000,1126.0916,0.135674
548.8728,2.2000,1126.1138,0.135737
548.6377,2.2000,1126.1387,0.135803
548.3815,2.2000,1126.1655,0.135863
548.1437,2.2000,1126.1904,0.135919
547.9244,2.2000,1126.2133,0.135981
547.6837,2.2000,1126.2382,0.136057
547.4618,2.2000,1126.2610,0.136115
547.2183,2.2000,1126.2858,0.136169
546.9323,2.2000,1126.3147,0.136244
546.7062,2.2000,1126.3375,0.136302
546.4789,2.2000,1126.3605,0.136357
546.2295,2.2000,1126.3854,0.136424
545.9998,2.2000,1126.4082,0.136486
545.7687,2.2000,1126.4310,0.136542
545.5365,2.2000,1126.4548,0.136611
545.2816,2.2000,1126.4810,0.136677
545.0466,2.2000,1126.5051,0.136740
544.7888,2.2000,1126.5315,0.136801
544.5512,2.2000,1126.5557,0.136876
544.2905,2.2000,1126.5820,0.136938
544.0503,2.2000,1126.6066,0.136997
543.7867,2.2000,1126.6342,0.137080
543.4995,2.2000,1126.6643,0.137150
543.2550,2.2000,1126.6898,0.137216
542.9421,2.2000,1126.7224,0.137299
542.6724,2.2000,1126.7506,0.137371
542.4240,2.2000,1126.7766,0.137444
542.1515,2.2000,1126.8058,0.137506
541.9689,2.2000,1126.8253,0.137568
541.6941,2.2000,1126.8545,0.137639
541.4411,2.2000,1126.8813,0.137707
541.1870,2.2000,1126.9083,0.137775
540.9088,2.2000,1126.9376,0.137858
540.6528,2.2000,1126.9647,0.137924
540.3726,2.2000,1126.9943,0.138007
540.1150,2.2000,1127.0212,0.138079
539.8099,2.2000,1127.0533,0.138175
539.5512,2.2000,1127.0809,0.138229
539.2682,2.2000,1127.1112,0.138316
539.0084,2.2000,1127.1390,0.138411
538.7482,2.2000,1127.1671,0.138464
538.4639,2.2000,1127.1979,0.138543
538.2029,2.2000,1127.2261,0.138620
537.9417,2.2000,1127.2543,0.138686
537.6560,2.2000,1127.2850,0.138782
537.3939,2.2000,1127.3134,0.138850
537.1314,2.2000,1127.3416,0.138930
536.8445,2.2000,1127.3723,0.139005
536.5813,2.2000,1127.4005,0.139091
536.3176,2.2000,1127.4287,0.139160
536.0295,2.2000,1127.4595,0.139254
535.7650,2.2000,1127.4877,0.139320
535.5241,2.2000,1127.5133,0.139397
535.2347,2.2000,1127.5441,0.139480
534.9688,2.2000,1127.5724,0.139566
534.7028,2.2000,1127.6006,0.139638
534.4120,2.2000,1127.6315,0.139729
534.1450,2.2000,1127.6597,0.139811
533.9263,2.2000,1127.6827,0.139875
533.6588,2.2000,1127.7112,0.139962
533.3662,2.2000,1127.7427,0.140034
533.0975,2.2000,1127.7721,0.140125
532.8040,2.2000,1127.8043,0.140198
532.5099,2.2000,1127.8365,0.140284
532.2401,2.2000,1127.8662,0.140364
531.9454,2.2000,1127.8986,0.140459
531.6747,2.2000,1127.9283,0.140516
531.3792,2.2000,1127.9608,0.140603
531.1079,2.2000,1127.9905,0.140676
530.8362,2.2000,1128.0200,0.140758
530.4655,2.2000,1128.0603,0.140865
530.1188,2.2000,1128.0975,0.140974
529.8459,2.2000,1128.1260,0.141051
529.5480,2.2000,1128.1566,0.141124
529.2496,2.2000,1128.1871,0.141213
528.9758,2.2000,1128.2145,0.141293
528.6766,2.2000,1128.2439,0.141360
528.3770,2.2000,1128.2732,0.141434
528.0766,2.2000,1128.3027,0.141532
527.7757,2.2000,1128.3324,0.141611
527.4239,2.2000,1128.3680,0.141689
527.1470,2.2000,1128.3959,0.141762
526.8698,2.2000,1128.4240,0.141830
526.5671,2.2000,1128.4539,0.141908
526.2640,2.2000,1128.4834,0.141976
525.9350,2.2000,1128.5151,0.142058
525.6564,2.2000,1128.5420,0.142127
525.3519,2.2000,1128.5713,0.142196
525.0725,2.2000,1128.5981,0.142262
524.7162,2.2000,1128.6323,0.142370
524.4357,2.2000,1128.6592,0.142433
524.1294,2.2000,1128.6885,0.142504
523.8225,2.2000,1128.7180,0.142588
523.3870,2.2000,1128.7596,0.142687
523.0789,2.2000,1128.7889,0.142760
522.7706,2.2000,1128.8184,0.142833
522.4873,2.2000,1128.8451,0.142892
522.1006,2.2000,1128.8817,0.142977
521.8166,2.2000,1128.9086,0.143044
521.5062,2.2000,1128.9379,0.143124
521.2214,2.2000,1128.9647,0.143174
520.9362,2.2000,1128.9916,0.143248
520.6245,2.2000,1129.0209,0.143321
520.3126,2.2000,1129.0502,0.143399
520.0261,2.2000,1129.0770,0.143448
519.7395,2.2000,1129.1038,0.143532
519.4261,2.2000,1129.1326,0.143598
519.1386,2.2000,1129.1589,0.143659
518.8245,2.2000,1129.1875,0.143733
518.5361,2.2000,1129.2139,0.143787
518.2210,2.2000,1129.2424,0.143869
517.9055,2.2000,1129.2706,0.143940
517.6160,2.2000,1129.2963,0.144007
517.3262,2.2000,1129.3220,0.144058
517.0095,2.2000,1129.3499,0.144119
516.7191,2.2000,1129.3754,0.144187
516.4016,2.2000,1129.4031,0.144263
516.1102,2.2000,1129.4283,0.144318
515.7918,2.2000,1129.4554,0.144392
515.4731,2.2000,1129.4824,0.144454
515.1540,2.2000,1129.5092,0.144516
514.8077,2.2000,1129.5382,0.144609
514.4877,2.2000,1129.5648,0.144680
514.1939,2.2000,1129.5889,0.144747
513.8463,2.2000,1129.6174,0.144818
513.5250,2.2000,1129.6438,0.144891
513.2303,2.2000,1129.6680,0.144962
512.9351,2.2000,1129.6921,0.145015
512.6130,2.2000,1129.7185,0.145108
512.3170,2.2000,1129.7426,0.145152
511.9940,2.2000,1129.7689,0.145220
511.6972,2.2000,1129.7931,0.145293
511.3734,2.2000,1129.8195,0.145377
511.0490,2.2000,1129.8458,0.145447
510.7516,2.2000,1129.8702,0.145501
510.4538,2.2000,1129.8945,0.145573
510.0743,2.2000,1129.9254,0.145663
509.7487,2.2000,1129.9523,0.145726
509.4498,2.2000,1129.9768,0.145777
509.1235,2.2000,1130.0037,0.145861
508.8241,2.2000,1130.0282,0.145920
508.5243,2.2000,1130.0530,0.145990
508.1969,2.2000,1130.0796,0.146073
507.8966,2.2000,1130.1042,0.146133
507.5686,2.2000,1130.1313,0.146211
507.2676,2.2000,1130.1564,0.146276
506.9663,2.2000,1130.1813,0.146344
506.6372,2.2000,1130.2089,0.146427
506.3354,2.2000,1130.2340,0.146486
506.0058,2.2000,1130.2615,0.146565
505.6484,2.2000,1130.2916,0.146640
505.3183,2.2000,1130.3193,0.146702
505.0153,2.2000,1130.3446,0.146776
504.6846,2.2000,1130.3723,0.146852
504.3536,2.2000,1130.3999,0.146923
504.0497,2.2000,1130.4254,0.147009
503.6627,2.2000,1130.4575,0.147077
503.3584,2.2000,1130.4830,0.147156
503.0261,2.2000,1130.5109,0.147203
502.7212,2.2000,1130.5364,0.147276
502.3883,2.2000,1130.5642,0.147350
502.0829,2.2000,1130.5897,0.147437
501.7773,2.2000,1130.6152,0.147505
501.4715,2.2000,1130.6407,0.147570
501.0824,2.2000,1130.6732,0.147649
500.7762,2.2000,1130.6989,0.147705
500.4422,2.2000,1130.7267,0.147790
500.1357,2.2000,1130.7523,0.147856
499.8290,2.2000,1130.7782,0.147935
499.4945,2.2000,1130.8070,0.148005
499.1874,2.2000,1130.8336,0.148049
498.8524,2.2000,1130.8629,0.148133
498.5457,2.2000,1130.8898,0.148208
498.2396,2.2000,1130.9167,0.148276
497.9066,2.2000,1130.9462,0.148337
497.6023,2.2000,1130.9730,0.148416
497.1897,2.2000,1131.0096,0.148492
496.8889,2.2000,1131.0366,0.148567
496.5627,2.2000,1131.0660,0.148635
496.2386,2.2000,1131.0953,0.148706
495.9432,2.2000,1131.1222,0.148791
495.6496,2.2000,1131.1490,0.148842
495.3048,2.2000,1131.1804,0.148921
495.0148,2.2000,1131.2067,0.149002
494.7266,2.2000,1131.2323,0.149055
494.4142,2.2000,1131.2601,0.149116
494.1295,2.2000,1131.2856,0.149185
493.8208,2.2000,1131.3134,0.149263
493.5394,2.2000,1131.3389,0.149320
493.2343,2.2000,1131.3665,0.149390
492.9564,2.2000,1131.3912,0.149466
492.6801,2.2000,1131.4154,0.149502
492.3803,2.2000,1131.4418,0.149585
492.0826,2.2000,1131.4681,0.149647
491.8114,2.2000,1131.4921,0.149719
491.5417,2.2000,1131.5161,0.149768
491.2493,2.2000,1131.5419,0.149833
490.9830,2.2000,1131.5647,0.149893
490.7422,2.2000,1131.5854,0.149962
490.4789,2.2000,1131.6082,0.150026
490.1697,2.2000,1131.6348,0.150094
489.8863,2.2000,1131.6593,0.150140
489.6282,2.2000,1131.6809,0.150207
489.3486,2.2000,1131.7032,0.150270
489.0479,2.2000,1131.7271,0.150343
488.7493,2.2000,1131.7502,0.150413
488.4984,2.2000,1131.7690,0.150470
488.2263,2.2000,1131.7893,0.150529
487.9558,2.2000,1131.8097,0.150599
487.6872,2.2000,1131.8289,0.150660
487.4425,2.2000,1131.8467,0.150713
487.1773,2.2000,1131.8658,0.150775
486.9358,2.2000,1131.8834,0.150829
486.6958,2.2000,1131.9001,0.150886
486.4357,2.2000,1131.9178,0.150967
486.1989,2.2000,1131.9340,0.151009
485.9421,2.2000,1131.9515,0.151058
485.6869,2.2000,1131.9684,0.151126
485.4334,2.2000,1131.9855,0.151183
485.1812,2.2000,1132.0022,0.151251
484.9302,2.2000,1132.0188,0.151296
484.6804,2.2000,1132.0354,0.151363
484.4313,2.2000,1132.0513,0.151425
484.1420,2.2000,1132.0687,0.151480
483.8953,2.2000,1132.0835,0.151546
483.6695,2.2000,1132.0966,0.151591
483.4441,2.2000,1132.1097,0.151641
483.1985,2.2000,1132.1235,0.151686
482.9533,2.2000,1132.1368,0.151752
482.7297,2.2000,1132.1489,0.151802
482.4865,2.2000,1132.1622,0.151873
482.2642,2.2000,1132.1743,0.151922
482.0021,2.2000,1132.1887,0.151970
481.6600,2.2000,1132.2061,0.152060
481.4191,2.2000,1132.2179,0.152115
481.2188,2.2000,1132.2275,0.152150
481.0186,2.2000,1132.2371,0.152207
480.7590,2.2000,1132.2496,0.152271
480.5194,2.2000,1132.2600,0.152319
480.3000,2.2000,1132.2698,0.152378
480.0608,2.2000,1132.2802,0.152422
479.8217,2.2000,1132.2909,0.152486
479.5826,2.2000,1132.3019,0.152524
479.3636,2.2000,1132.3120,0.152591
479.1448,2.2000,1132.3219,0.152639
478.8866,2.2000,1132.3335,0.152704
478.6682,2.2000,1132.3427,0.152748
478.4303,2.2000,1132.3525,0.152800
478.2125,2.2000,1132.3606,0.152849
477.9750,2.2000,1132.3694,0.152900
477.6781,2.2000,1132.3801,0.152971
477.4603,2.2000,1132.3882,0.153026
477.2030,2.2000,1132.3973,0.153095
476.9655,2.2000,1132.4058,0.153133
476.7279,2.2000,1132.4141,0.153188
476.5103,2.2000,1132.4220,0.153243
476.2929,2.2000,1132.4293,0.153282
476.0557,2.2000,1132.4371,0.153333
475.8384,2.2000,1132.4442,0.153384
475.6211,2.2000,1132.4514,0.153442
475.4434,2.2000,1132.4573,0.153492
475.1865,2.2000,1132.4662,0.153546
474.9296,2.2000,1132.4751,0.153598
474.7122,2.2000,1132.4828,0.153644
474.4751,2.2000,1132.4906,0.153703
474.2383,2.2000,1132.4987,0.153759
474.0213,2.2000,1132.5056,0.153804
473.8046,2.2000,1132.5125,0.153854
473.5682,2.2000,1132.5198,0.153903
473.3516,2.2000,1132.5261,0.153949
473.0562,2.2000,1132.5342,0.154026
472.8201,2.2000,1132.5403,0.154080
472.6038,2.2000,1132.5458,0.154129
472.3681,2.2000,1132.5508,0.154185
472.1324,2.2000,1132.5557,0.154235
471.9165,2.2000,1132.5598,0.154287
471.6813,2.2000,1132.5641,0.154344
471.4070,2.2000,1132.5687,0.154405
471.1916,2.2000,1132.5725,0.154447
470.9567,2.2200,1132.5748,0.154508
470.7416,2.2000,1132.5781,0.154544
470.5072,2.2000,1132.5817,0.154605
470.2720,2.2000,1132.5847,0.154673
470.0368,2.2000,1132.5874,0.154707
469.8215,2.2000,1132.5896,0.154768
469.5866,2.2000,1132.5923,0.154823
469.3520,2.2000,1132.5947,0.154871
469.1370,2.2000,1132.5964,0.154928
468.9026,2.2000,1132.5984,0.154978
468.6683,2.2000,1132.5999,0.155032
468.4332,2.2000,1132.6017,0.155085
468.1984,2.2000,1132.6030,0.155137
467.9642,2.2000,1132.6053,0.155198
467.7301,2.2000,1132.6060,0.155246
467.5157,2.2000,1132.6061,0.155316
467.2821,2.2000,1132.6058,0.155368
467.0677,2.2000,1132.6056,0.155403
466.8343,2.2000,1132.6051,0.155468
466.6202,2.2000,1132.6038,0.155518
466.4062,2.2000,1132.6023,0.155560
466.1725,2.2000,1132.6006,0.155619
465.9582,2.2000,1132.5991,0.155667
465.7047,2.2000,1132.5974,0.155715
465.4706,2.2000,1132.5959,0.155773
465.2946,2.2000,1132.5945,0.155818
465.0600,2.2000,1132.5929,0.155873
464.8248,2.2000,1132.5913,0.155919
464.5892,2.2000,1132.5897,0.155982
464.3727,2.2000,1132.5880,0.156025
464.1357,2.2000,1132.5859,0.156098
463.9178,2.2000,1132.5837,0.156135
463.6993,2.2000,1132.5815,0.156188
463.4600,2.2000,1132.5795,0.156249
463.2198,2.2000,1132.5774,0.156304
462.9989,2.2000,1132.5756,0.156342
462.7774,2.2000,1132.5730,0.156410
462.5352,2.2000,1132.5701,0.156459
462.2924,2.2000,1132.5671,0.156514
462.0487,2.2000,1132.5640,0.156567
461.8044,2.2000,1132.5598,0.156630
461.5390,2.2000,1132.5551,0.156680
461.2931,2.2000,1132.5505,0.156743
461.0464,2.2000,1132.5449,0.156812
460.8195,2.2000,1132.5396,0.156850
460.5711,2.2000,1132.5337,0.156915
460.3427,2.2000,1132.5282,0.156959
460.0926,2.2000,1132.5223,0.157009
459.8626,2.2000,1132.5168,0.157079
459.5898,2.2000,1132.5093,0.157138
459.3582,2.2000,1132.5032,0.157185
459.1259,2.2000,1132.4969,0.157240
458.8717,2.2000,1132.4901,0.157310
458.6379,2.2000,1132.4834,0.157363
458.3820,2.2000,1132.4763,0.157423
458.1038,2.2000,1132.4684,0.157489
457.8675,2.2000,1132.4617,0.157525
457.5874,2.2000,1132.4535,0.157593
457.3282,2.2000,1132.4458,0.157658
457.0899,2.2000,1132.4377,0.157718
456.8292,2.2000,1132.4290,0.157771
456.5677,2.2000,1132.4202,0.157838
456.3272,2.2000,1132.4108,0.157891
456.0641,2.2000,1132.4005,0.157949
455.8222,2.2000,1132.3911,0.158001
455.5574,2.2000,1132.3807,0.158058
455.3139,2.2000,1132.3707,0.158121
455.0474,2.2000,1132.3591,0.158189
454.8025,2.2000,1132.3484,0.158237
454.5344,2.2000,1132.3365,0.158305
454.2654,2.2000,1132.3247,0.158356
454.0180,2.2000,1132.3135,0.158422
453.7474,2.2000,1132.3003,0.158486
453.4987,2.2000,1132.2881,0.158533
453.1809,2.2000,1132.2727,0.158614
452.9531,2.2000,1132.2617,0.158662
452.7017,2.2000,1132.2490,0.158716
452.4038,2.2000,1132.2334,0.158800
452.1511,2.2000,1132.2201,0.158851
451.8975,2.2000,1132.2067,0.158907
451.6896,2.2000,1132.1957,0.158956
451.4346,2.2000,1132.1823,0.159008
451.2255,2.2000,1132.1704,0.159054
450.9695,2.2000,1132.1556,0.159116
450.6893,2.2000,1132.1395,0.159185
450.4081,2.2000,1132.1234,0.159254
450.1497,2.2000,1132.1079,0.159306
449.8907,2.2000,1132.0917,0.159369
449.6309,2.2000,1132.0754,0.159418
449.3466,2.2000,1132.0579,0.159489
449.0376,2.2000,1132.0377,0.159556
448.7754,2.2000,1132.0203,0.159624
448.4884,2.2000,1132.0012,0.159695
448.2005,2.2000,1131.9822,0.159752
447.9358,2.2000,1131.9646,0.159821
447.6703,2.2000,1131.9459,0.159875
447.3801,2.2000,1131.9254,0.159936
447.1133,2.2000,1131.9066,0.160009
446.8212,2.2000,1131.8861,0.160070
446.5771,2.2000,1131.8685,0.160128
446.3081,2.2000,1131.8484,0.160182
446.0383,2.2000,1131.8282,0.160243
445.7678,2.2000,1131.8082,0.160316
445.4717,2.2000,1131.7863,0.160384
445.1996,2.2000,1131.7650,0.160439
444.9269,2.2000,1131.7435,0.160498
444.6284,2.2000,1131.7201,0.160569
444.3540,2.2000,1131.6986,0.160637
444.0790,2.2000,1131.6758,0.160703
443.8033,2.2000,1131.6530,0.160762
443.5268,2.2000,1131.6301,0.160819
443.2243,2.2000,1131.6052,0.160887
442.9462,2.2000,1131.5811,0.160948
442.6675,2.2000,1131.5570,0.161020
442.3624,2.2000,1131.5306,0.161081
442.0821,2.2000,1131.5066,0.161135
441.7754,2.2000,1131.4794,0.161218
441.4936,2.2000,1131.4539,0.161286
441.1852,2.2000,1131.4260,0.161360
440.9017,2.2000,1131.4006,0.161419
440.6173,2.2000,1131.3746,0.161483
440.3063,2.2000,1131.3461,0.161546
440.0206,2.2000,1131.3195,0.161617
439.7079,2.2000,1131.2903,0.161688
439.4206,2.2000,1131.2634,0.161756
439.1325,2.2000,1131.2355,0.161807
438.8175,2.2000,1131.2051,0.161886
438.5280,2.2000,1131.1769,0.161946
438.1054,2.2000,1131.1357,0.162040
437.7875,2.2000,1131.1039,0.162119
437.4954,2.2000,1131.0745,0.162186
437.2026,2.2000,1131.0449,0.162260
436.9089,2.2000,1131.0149,0.162316
436.5878,2.2000,1130.9812,0.162389
436.2928,2.2000,1130.9503,0.162467
435.9969,2.2000,1130.9194,0.162527
435.6732,2.2000,1130.8849,0.162597
435.3488,2.2000,1130.8499,0.162673
435.0234,2.2000,1130.8148,0.162750
434.7244,2.2000,1130.7828,0.162815
434.4245,2.2000,1130.7501,0.162883
434.0966,2.2000,1130.7140,0.162954
433.7953,2.2000,1130.6807,0.163036
433.4934,2.2000,1130.6471,0.163089
433.1907,2.2000,1130.6125,0.163146
432.8599,2.2000,1130.5746,0.163234
432.5560,2.2000,1130.5397,0.163316
432.2516,2.2000,1130.5048,0.163390
431.9468,2.2000,1130.4688,0.163437
431.6142,2.2000,1130.4294,0.163522
431.3091,2.2000,1130.3932,0.163596
431.0035,2.2000,1130.3569,0.163663
430.6702,2.2000,1130.3164,0.163746
430.3648,2.2000,1130.2788,0.163813
430.0316,2.2000,1130.2375,0.163894
429.7264,2.2000,1130.1995,0.163953
429.4217,2.2000,1130.1605,0.164029
429.0073,2.2000,1130.1073,0.164114
428.6766,2.2000,1130.0645,0.164207
428.3744,2.2000,1130.0254,0.164268
428.0730,2.2000,1129.9862,0.164337
427.6909,2.2000,1129.9354,0.164419
427.3918,2.2000,1129.8954,0.164499
427.0667,2.2000,1129.8516,0.164562
426.7698,2.2000,1129.8114,0.164633
426.4475,2.2000,1129.7673,0.164710
426.1529,2.2200,1129.7279,0.164775
425.8323,2.2000,1129.6854,0.164828
425.5404,2.2000,1129.6466,0.164913
425.2491,2.2000,1129.6066,0.164984
424.8800,2.2000,1129.5565,0.165065
424.5652,2.2000,1129.5139,0.165139
424.2517,2.2000,1129.4714,0.165205
423.9650,2.2000,1129.4326,0.165268
423.6542,2.2000,1129.3898,0.165351
423.3693,2.2000,1129.3527,0.165412
423.0859,2.2000,1129.3152,0.165467
422.7792,2.2000,1129.2744,0.165546
422.4738,2.2000,1129.2339,0.165612
422.1950,2.2000,1129.1969,0.165671
421.9174,2.2000,1129.1609,0.165745
421.6411,2.2000,1129.1249,0.165803
421.3412,2.2000,1129.0857,0.165866
421.0674,2.2000,1129.0503,0.165937
420.7701,2.2000,1129.0122,0.165995
420.4741,2.2000,1128.9740,0.166064
420.2041,2.2000,1128.9391,0.166129
419.9356,2.2000,1128.9042,0.166196
419.6440,2.2000,1128.8661,0.166245
419.3779,2.2000,1128.8313,0.166325
419.0889,2.2000,1128.7936,0.166373
418.8252,2.2000,1128.7596,0.166443
418.5626,2.2000,1128.7261,0.166497
418.2539,2.2000,1128.6865,0.166565
417.9706,2.2000,1128.6500,0.166634
417.7119,2.2000,1128.6167,0.166694
417.4544,2.2000,1128.5835,0.166748
417.1747,2.2000,1128.5479,0.166820
416.9196,2.2000,1128.5156,0.166870
416.6425,2.2000,1128.4806,0.166942
416.3898,2.2000,1128.4486,0.166993
416.0927,2.2000,1128.4110,0.167059
415.8199,2.2000,1128.3765,0.167121
415.5708,2.2000,1128.3456,0.167180
415.3228,2.2000,1128.3147,0.167235
415.0540,2.2000,1128.2811,0.167294
414.7865,2.2000,1128.2474,0.167353
414.5426,2.2000,1128.2166,0.167396
414.2999,2.2000,1128.1857,0.167467
414.0364,2.2000,1128.1523,0.167526
413.7959,2.2000,1128.1219,0.167569
413.5566,2.2000,1128.0919,0.167633
413.2967,2.2000,1128.0597,0.167689
413.0382,2.2000,1128.0275,0.167758
412.8024,2.2000,1127.9979,0.167796
412.5464,2.2000,1127.9662,0.167869
412.3765,2.2000,1127.9452,0.167886
412.1226,2.2000,1127.9144,0.167953
411.8909,2.2000,1127.8862,0.168010
411.6394,2.2000,1127.8560,0.168064
411.4099,2.2000,1127.8284,0.168114
411.1815,2.2000,1127.8011,0.168158
410.9542,2.2000,1127.7747,0.168219
410.7074,2.2000,1127.7457,0.168272
410.4824,2.2000,1127.7196,0.168325
410.2585,2.2000,1127.6936,0.168376
410.0359,2.2000,1127.6680,0.168435
409.7949,2.2000,1127.6404,0.168486
409.5754,2.2000,1127.6150,0.168520
409.3575,2.2000,1127.5901,0.168589
409.1213,2.2000,1127.5630,0.168624
408.9455,2.2000,1127.5427,0.168668
408.7317,2.2000,1127.5187,0.168719
408.5194,2.2000,1127.4945,0.168756
408.2894,2.2000,1127.4684,0.168815
408.0802,2.2000,1127.4445,0.168857
407.8539,2.2000,1127.4181,0.168913
407.6290,2.2000,1127.3920,0.168959
407.4246,2.2000,1127.3680,0.169004
407.2031,2.2000,1127.3417,0.169058
407.0013,2.2000,1127.3177,0.169089
406.7464,2.2000,1127.2886,0.169161
406.5478,2.2000,1127.2654,0.169203
406.3326,2.2000,1127.2404,0.169249
406.1190,2.2000,1127.2155,0.169303
405.9069,2.2000,1127.1906,0.169343
405.6965,2.2000,1127.1656,0.169394
405.5050,2.2000,1127.1428,0.169430
405.2975,2.2000,1127.1180,0.169487
405.0916,2.2000,1127.0934,0.169528
404.9039,2.2000,1127.0717,0.169561
404.7684,2.2000,1127.0562,0.169604
404.5666,2.2000,1127.0327,0.169644
404.3661,2.2000,1127.0094,0.169686
404.1836,2.2000,1126.9884,0.169731
403.9859,2.2000,1126.9663,0.169777
403.8061,2.2000,1126.9459,0.169827
403.6275,2.2000,1126.9258,0.169855
403.4341,2.2000,1126.9038,0.169902
403.2584,2.2000,1126.8837,0.169930
403.0837,2.2000,1126.8638,0.169969
402.8943,2.2000,1126.8427,0.170014
402.7217,2.2000,1126.8241,0.170057
402.4724,2.2000,1126.7970,0.170103
402.3021,2.2000,1126.7787,0.170144
402.1172,2.2000,1126.7588,0.170196
401.9330,2.2000,1126.7391,0.170221
401.7494,2.2000,1126.7196,0.170272
401.5662,2.2000,1126.7013,0.170315
401.3837,2.2000,1126.6832,0.170350
401.1720,2.2000,1126.6627,0.170401
400.9914,2.2000,1126.6451,0.170440
400.8118,2.2000,1126.6281,0.170490
400.6480,2.2000,1126.6132,0.170517
400.4847,2.2000,1126.5983,0.170557
400.3073,2.2000,1126.5822,0.170589
400.1454,2.2000,1126.5674,0.170630
399.9695,2.2000,1126.5513,0.170671
399.8091,2.2000,1126.5370,0.170697
399.6490,2.2000,1126.5234,0.170731
399.4749,2.2000,1126.5085,0.170773
399.3017,2.2000,1126.4938,0.170806
399.1437,2.2000,1126.4802,0.170843
398.9719,2.2000,1126.4656,0.170877
398.8152,2.2000,1126.4518,0.170928
398.6451,2.2000,1126.4371,0.170958
398.4896,2.2000,1126.4233,0.170982
398.3343,2.2000,1126.4099,0.171027
398.1650,2.2000,1126.3948,0.171060
397.9958,2.2000,1126.3801,0.171097
397.8407,2.2000,1126.3666,0.171131
397.6858,2.2000,1126.3531,0.171167
397.5168,2.2000,1126.3385,0.171185
397.3620,2.2000,1126.3252,0.171234
397.1932,2.2000,1126.3105,0.171262
397.0385,2.2000,1126.2971,0.171306
396.8839,2.2000,1126.2838,0.171336
396.7152,2.2000,1126.2693,0.171376
396.5605,2.2000,1126.2560,0.171405
396.4055,2.2000,1126.2426,0.171445
396.2082,2.2000,1126.2256,0.171483
396.0386,2.2000,1126.2109,0.171537
395.8828,2.2000,1126.1975,0.171570
395.7124,2.2000,1126.1830,0.171596
395.5558,2.2000,1126.1696,0.171628
395.3846,2.2000,1126.1549,0.171671
395.2270,2.2000,1126.1415,0.171699
395.0690,2.2000,1126.1281,0.171735
394.8962,2.2000,1126.1134,0.171780
394.7373,2.2000,1126.1000,0.171821
394.5633,2.2000,1126.0852,0.171859
394.4030,2.2000,1126.0719,0.171878
394.2130,2.2000,1126.0560,0.171928
394.0367,2.2000,1126.0419,0.171972
393.8746,2.2000,1126.0287,0.172011
393.6970,2.2000,1126.0145,0.172032
393.5188,2.2000,1126.0006,0.172086
393.3549,2.2000,1125.9879,0.172118
393.1905,2.2000,1125.9751,0.172153
393.0256,2.2000,1125.9624,0.172187
392.8452,2.2000,1125.9485,0.172236
392.6792,2.2000,1125.9357,0.172267
392.4976,2.2000,1125.9216,0.172301
392.3307,2.2000,1125.9086,0.172348
392.1479,2.2000,1125.8944,0.172382
391.9798,2.2000,1125.8813,0.172422
391.7802,2.2000,1125.8662,0.172465
391.5953,2.2000,1125.8527,0.172506
391.4252,2.2000,1125.8402,0.172535
391.2390,2.2000,1125.8267,0.172587
391.0677,2.2000,1125.8146,0.172623
390.8801,2.2000,1125.8011,0.172674
390.7075,2.2000,1125.7889,0.172701
390.5186,2.2000,1125.7756,0.172748
390.3448,2.2000,1125.7635,0.172777
390.1546,2.2000,1125.7504,0.172824
389.9799,2.2000,1125.7383,0.172856
389.7888,2.2000,1125.7250,0.172902
389.6131,2.2000,1125.7129,0.172945
389.4371,2.2000,1125.7008,0.172977
389.2447,2.2000,1125.6876,0.173025
389.0679,2.2000,1125.6755,0.173057
388.8746,2.2000,1125.6624,0.173120
388.6811,2.2000,1125.6490,0.173135
388.4871,2.2000,1125.6359,0.173174
388.2926,2.2000,1125.6224,0.173227
388.1140,2.2000,1125.6104,0.173264
387.9353,2.2000,1125.5983,0.173316
387.7401,2.2000,1125.5850,0.173349
387.5609,2.2000,1125.5728,0.173386
387.3651,2.2000,1125.5596,0.173442
387.1853,2.2000,1125.5474,0.173481
387.0381,2.2000,1125.5375,0.173503
386.8579,2.2000,1125.5251,0.173556
386.6610,2.2000,1125.5118,0.173585
386.4803,2.2000,1125.4998,0.173629
386.2993,2.2000,1125.4875,0.173674
386.1180,2.2000,1125.4755,0.173714
385.9034,2.2000,1125.4612,0.173744
385.6886,2.2000,1125.4468,0.173805
385.4901,2.2000,1125.4335,0.173847
385.2916,2.2000,1125.4199,0.173904
385.1095,2.2000,1125.4077,0.173932
384.9108,2.2000,1125.3936,0.173983
384.7289,2.2000,1125.3804,0.174015
384.5468,2.2000,1125.3669,0.174045
384.3479,2.2000,1125.3524,0.174107
384.1487,2.2000,1125.3378,0.174147
383.8994,2.2000,1125.3199,0.174201
383.7165,2.2000,1125.3066,0.174227
383.5167,2.2000,1125.2927,0.174271
383.3168,2.2000,1125.2791,0.174336
383.1334,2.2000,1125.2668,0.174368
382.8832,2.2000,1125.2500,0.174431
382.7496,2.2000,1125.2412,0.174460
382.4653,2.2000,1125.2223,0.174523
382.2811,2.2000,1125.2103,0.174564
382.0802,2.2000,1125.1973,0.174597
381.8959,2.2000,1125.1852,0.174646
381.7115,2.2000,1125.1732,0.174687
381.5101,2.2000,1125.1603,0.174729
381.3086,2.2000,1125.1472,0.174773
381.1241,2.2000,1125.1351,0.174813
380.9222,2.2000,1125.1219,0.174868
380.7371,2.2000,1125.1099,0.174903
380.5351,2.2000,1125.0967,0.174950
380.2823,2.2000,1125.0802,0.175012
380.0967,2.2000,1125.0676,0.175042
379.9615,2.2000,1125.0588,0.175077
379.7585,2.2000,1125.0449,0.175119
379.5721,2.2000,1125.0322,0.175164
379.3685,2.2000,1125.0182,0.175209
379.1817,2.2000,1125.0050,0.175251
378.9945,2.2000,1124.9917,0.175296
378.7900,2.2000,1124.9774,0.175331
378.6022,2.2000,1124.9644,0.175374
378.4141,2.2000,1124.9512,0.175417
378.2086,2.2000,1124.9368,0.175467
378.0200,2.2000,1124.9233,0.175507
377.8138,2.2000,1124.9087,0.175565
377.6245,2.2000,1124.8953,0.175599
377.4178,2.2000,1124.8806,0.175644
377.1935,2.2000,1124.8647,0.175681
377.0032,2.2000,1124.8513,0.175717
376.8127,2.2000,1124.8379,0.175783
376.6218,2.2000,1124.8245,0.175822
376.4133,2.2000,1124.8098,0.175869
376.2218,2.2000,1124.7964,0.175912
376.0126,2.2000,1124.7817,0.175959
375.8205,2.2000,1124.7683,0.175987
375.6281,2.2000,1124.7549,0.176033
375.4181,2.2000,1124.7402,0.176071
375.2251,2.2000,1124.7268,0.176130
375.0317,2.2000,1124.7134,0.176173
374.8206,2.2000,1124.6987,0.176219
374.6090,2.2000,1124.6841,0.176260
374.4145,2.2000,1124.6707,0.176318
374.2198,2.2000,1124.6572,0.176352
374.0246,2.2000,1124.6438,0.176393
373.8112,2.2000,1124.6292,0.176437
373.6152,2.2000,1124.6157,0.176480
373.4013,2.2000,1124.6010,0.176527
373.2047,2.2000,1124.5874,0.176569
373.0077,2.2000,1124.5740,0.176615
372.7925,2.2000,1124.5593,0.176663
372.5947,2.2000,1124.5458,0.176713
372.3965,2.2000,1124.5322,0.176758
372.1797,2.2000,1124.5175,0.176800
371.9808,2.2000,1124.5032,0.176843
371.7815,2.2000,1124.4888,0.176887
371.5816,2.2000,1124.4746,0.176924
371.3630,2.2000,1124.4586,0.176980
371.1620,2.2000,1124.4438,0.177023
370.9605,2.2000,1124.4291,0.177061
370.7585,2.2000,1124.4143,0.177117
370.5372,2.2000,1124.3982,0.177159
370.3338,2.2000,1124.3834,0.177188
370.1297,2.2000,1124.3687,0.177246
369.9625,2.2000,1124.3566,0.177282
369.7016,2.2000,1124.3378,0.177338
369.4958,2.2000,1124.3230,0.177390
369.2707,2.2000,1124.3069,0.177433
369.0640,2.2000,1124.2921,0.177488
368.8380,2.2000,1124.2760,0.177521
368.6302,2.2000,1124.2612,0.177572
368.3840,2.2000,1124.2438,0.177623
368.1941,2.2000,1124.2302,0.177664
367.9274,2.2000,1124.2112,0.177727
367.7175,2.2000,1124.1960,0.177772
367.4878,2.2000,1124.1785,0.177826
367.2768,2.2000,1124.1627,0.177869
367.0461,2.2000,1124.1451,0.177924
366.8341,2.2000,1124.1290,0.177975
366.6215,2.2000,1124.1124,0.178011
366.3504,2.2000,1124.0911,0.178066
366.1174,2.2000,1124.0721,0.178130
365.9036,2.2000,1124.0536,0.178173
365.6700,2.2000,1124.0331,0.178229
365.4554,2.2000,1124.0142,0.178267
365.2207,2.2000,1123.9929,0.178329
365.0052,2.2000,1123.9724,0.178363
364.7500,2.2000,1123.9473,0.178430
364.5139,2.2000,1123.9231,0.178488
364.2970,2.2000,1123.9008,0.178523
364.0796,2.2000,1123.8773,0.178573
363.8618,2.2000,1123.8534,0.178628
363.6236,2.2000,1123.8270,0.178675
363.4047,2.2000,1123.8018,0.178721
363.1853,2.2000,1123.7765,0.178774
362.9653,2.2000,1123.7511,0.178816
362.7246,2.2000,1123.7222,0.178878
362.4834,2.2000,1123.6932,0.178936
362.2613,2.2000,1123.6669,0.178976
362.0182,2.2000,1123.6382,0.179038
361.7130,2.2000,1123.6030,0.179099
361.4675,2.2000,1123.5753,0.179157
361.2418,2.2000,1123.5507,0.179210
360.9945,2.2000,1123.5240,0.179257
360.7672,2.2000,1123.5000,0.179322
360.5395,2.2000,1123.4760,0.179371
360.2905,2.2000,1123.4497,0.179425
360.0617,2.2000,1123.4255,0.179470
359.8322,2.2000,1123.4014,0.179516
359.5812,2.2000,1123.3750,0.179574
359.3505,2.2000,1123.3508,0.179622
359.0981,2.2000,1123.3245,0.179671
358.8663,2.2000,1123.3004,0.179726
358.6131,2.2000,1123.2742,0.179786
358.3808,2.2000,1123.2500,0.179844
358.1065,2.2000,1123.2214,0.179893
357.8536,2.2000,1123.1952,0.179955
357.6221,2.2000,1123.1710,0.180004
357.3701,2.2000,1123.1447,0.180061
357.1405,2.2000,1123.1204,0.180110
356.8913,2.2000,1123.0938,0.180161
356.6646,2.2000,1123.0695,0.180213
356.4190,2.2000,1123.0426,0.180269
356.1953,2.2000,1123.0182,0.180330
355.9728,2.2000,1122.9940,0.180369
355.7318,2.2000,1122.9677,0.180419
355.5123,2.2000,1122.9445,0.180481
355.2944,2.2000,1122.9216,0.180521
355.0386,2.2000,1122.8947,0.180578
354.8043,2.2000,1122.8698,0.180626
354.5717,2.2000,1122.8451,0.180681
354.3409,2.2000,1122.8203,0.180734
354.1306,2.2000,1122.7982,0.180781
353.9030,2.2000,1122.7747,0.180837
353.6958,2.2000,1122.7531,0.180881
353.4900,2.2000,1122.7316,0.180912
353.2671,2.2000,1122.7081,0.180972
353.1192,2.2000,1122.6924,0.181007
352.8607,2.2000,1122.6648,0.181065
352.6583,2.2000,1122.6433,0.181110
352.4197,2.2000,1122.6179,0.181156
352.2181,2.2000,1122.5964,0.181203
351.9438,2.2000,1122.5671,0.181263
351.7251,2.2000,1122.5437,0.181315
351.5064,2.2000,1122.5203,0.181359
351.3061,2.2000,1122.4988,0.181398
351.1061,2.2000,1122.4773,0.181458
350.9061,2.2000,1122.4558,0.181493
350.6881,2.2000,1122.4324,0.181546
350.4884,2.2000,1122.4109,0.181591
350.2887,2.2000,1122.3894,0.181626
350.0709,2.2000,1122.3660,0.181681
349.8715,2.2000,1122.3445,0.181734
349.6727,2.2000,1122.3230,0.181764
349.4378,2.2000,1122.2976,0.181822
349.1852,2.2000,1122.2701,0.181880
348.9688,2.2000,1122.2460,0.181917
348.7704,2.2000,1122.2235,0.181966
348.5902,2.2000,1122.2029,0.182008
348.3918,2.2000,1122.1801,0.182052
348.1571,2.2000,1122.1531,0.182105
347.9403,2.2000,1122.1284,0.182144
347.7232,2.2000,1122.1035,0.182189
347.5058,2.2000,1122.0786,0.182248
347.3063,2.2000,1122.0557,0.182288
347.0884,2.2000,1122.0308,0.182344
346.8703,2.2000,1122.0055,0.182395
346.6700,2.2000,1121.9824,0.182425
346.4513,2.2000,1121.9573,0.182481
346.2323,2.2000,1121.9323,0.182527
346.0313,2.2000,1121.9093,0.182568
345.8300,2.2000,1121.8865,0.182610
345.6107,2.2000,1121.8616,0.182663
345.4094,2.2000,1121.8387,0.182710
345.2081,2.2000,1121.8159,0.182751
344.9883,2.2000,1121.7910,0.182794
344.7867,2.2000,1121.7682,0.182846
344.5851,2.2000,1121.7454,0.182884
344.3647,2.2000,1121.7205,0.182942
344.1624,2.2000,1121.6976,0.182980
343.9600,2.2000,1121.6748,0.183032
343.7391,2.2000,1121.6499,0.183081
343.5178,2.2000,1121.6250,0.183136
343.3147,2.2000,1121.6022,0.183168
343.0929,2.2000,1121.5773,0.183211
342.8709,2.2000,1121.5524,0.183276
342.6672,2.2000,1121.5298,0.183320
342.4449,2.2000,1121.5051,0.183363
342.2408,2.2000,1121.4824,0.183397
342.0367,2.2000,1121.4596,0.183444
341.8141,2.2000,1121.4348,0.183510
341.5911,2.2000,1121.4099,0.183544
341.3679,2.2000,1121.3850,0.183604
341.1631,2.2000,1121.3622,0.183638
340.9582,2.2000,1121.3392,0.183693
340.7343,2.2000,1121.3143,0.183746
340.5290,2.2000,1121.2913,0.183782
340.1740,2.2000,1121.2517,0.183870
339.9494,2.2000,1121.2268,0.183904
339.7433,2.2000,1121.2040,0.183958
339.5184,2.2000,1121.1791,0.184012
339.3120,2.2000,1121.1561,0.184060
339.0866,2.2000,1121.1312,0.184100
338.8799,2.2000,1121.1084,0.184150
338.6730,2.2000,1121.0852,0.184184
338.4661,2.2000,1121.0615,0.184242
338.2589,2.2000,1121.0381,0.184288
338.0515,2.2000,1121.0144,0.184329
337.8251,2.2000,1120.9885,0.184384
337.6175,2.2000,1120.9646,0.184422
337.3907,2.2000,1120.9384,0.184477
337.1826,2.2000,1120.9143,0.184525
336.9742,2.2000,1120.8901,0.184563
336.7658,2.2000,1120.8660,0.184633
336.5381,2.2000,1120.8396,0.184666
336.3101,2.2000,1120.8132,0.184714
336.1010,2.2000,1120.7891,0.184761
335.8724,2.2000,1120.7627,0.184818
335.6628,2.2000,1120.7385,0.184858
335.4530,2.2000,1120.7144,0.184907
335.2238,2.2000,1120.6880,0.184964
334.8987,2.2000,1120.6506,0.185038
334.6882,2.2000,1120.6265,0.185080
334.4583,2.2000,1120.6001,0.185128
334.2473,2.2000,1120.5760,0.185174
334.0363,2.2000,1120.5520,0.185215
333.8058,2.2000,1120.5256,0.185273
333.5943,2.2000,1120.5015,0.185326
333.3827,2.2000,1120.4773,0.185363
333.1514,2.2000,1120.4509,0.185407
332.9395,2.2000,1120.4268,0.185456
332.7272,2.2000,1120.4026,0.185517
332.5148,2.2000,1120.3784,0.185556
332.2828,2.2000,1120.3521,0.185605
332.0701,2.2000,1120.3279,0.185641
331.8377,2.2000,1120.3015,0.185710
331.6051,2.2000,1120.2751,0.185753
331.3918,2.2000,1120.2510,0.185802
331.1588,2.2000,1120.2246,0.185860
330.9256,2.2000,1120.1982,0.185903
330.6339,2.2000,1120.1653,0.185959
330.3614,2.2000,1120.1343,0.186033
330.1081,2.2000,1120.1051,0.186087
329.8743,2.2000,1120.0774,0.186139
329.6598,2.2000,1120.0521,0.186188
329.4256,2.2000,1120.0242,0.186239
329.2106,2.2000,1119.9987,0.186284
328.9953,2.2000,1119.9731,0.186327
328.7604,2.2000,1119.9454,0.186379
328.5447,2.2000,1119.9199,0.186429
328.3287,2.2000,1119.8944,0.186489
328.1125,2.2000,1119.8689,0.186527
327.7976,2.2000,1119.8318,0.186601
327.5807,2.2000,1119.8062,0.186636
327.3638,2.2000,1119.7806,0.186696
327.1269,2.2000,1119.7528,0.186735
326.9097,2.2000,1119.7273,0.186792
326.6328,2.2000,1119.6948,0.186848
326.4150,2.2000,1119.6693,0.186897
326.1772,2.2000,1119.6415,0.186951
325.9589,2.2000,1119.6160,0.187010
325.7403,2.2000,1119.5907,0.187052
325.5018,2.2000,1119.5630,0.187106
325.2829,2.2000,1119.5376,0.187146
325.0439,2.2000,1119.5099,0.187207
324.8247,2.2000,1119.4844,0.187259
324.5655,2.2000,1119.4543,0.187310
324.3260,2.2000,1119.4265,0.187369
324.1063,2.2000,1119.4011,0.187413
323.8863,2.2000,1119.3756,0.187461
323.6060,2.2000,1119.3431,0.187523
323.3856,2.2000,1119.3176,0.187579
323.1451,2.2000,1119.2898,0.187625
322.9242,2.2000,1119.2643,0.187673
322.6832,2.2000,1119.2365,0.187725
322.4618,2.2000,1119.2109,0.187779
322.2204,2.2000,1119.1831,0.187826
321.9987,2.2000,1119.1576,0.187878
321.7769,2.2000,1119.1321,0.187930
321.5550,2.2000,1119.1064,0.187988
321.3127,2.2000,1119.0784,0.188031
321.0905,2.2000,1119.0527,0.188076
320.8679,2.2000,1119.0271,0.188136
320.6249,2.2000,1118.9985,0.188184
320.4020,2.2000,1118.9728,0.188232
320.1587,2.2000,1118.9445,0.188287
319.8541,2.2000,1118.9091,0.188355
319.6306,2.2000,1118.8829,0.188393
319.3866,2.2000,1118.8544,0.188458
319.1625,2.2000,1118.8280,0.188507
318.9385,2.2000,1118.8015,0.188548
318.6938,2.2000,1118.7725,0.188614
318.4692,2.2000,1118.7456,0.188657
318.2239,2.2000,1118.7166,0.188713
317.9988,2.2000,1118.6898,0.188766
317.7735,2.2000,1118.6630,0.188810
317.5482,2.2000,1118.6361,0.188865
317.3022,2.2000,1118.6068,0.188924
317.0764,2.2000,1118.5800,0.188974
316.8297,2.2000,1118.5507,0.189025
316.6035,2.2000,1118.5237,0.189073
316.3771,2.2000,1118.4966,0.189136
316.1300,2.2000,1118.4670,0.189170
315.9033,2.2000,1118.4398,0.189228
315.6765,2.2000,1118.4121,0.189284
315.4289,2.2000,1118.3820,0.189331
315.2018,2.2000,1118.3540,0.189377
314.9538,2.2000,1118.3237,0.189444
314.7263,2.2000,1118.2958,0.189487
314.4779,2.2000,1118.2650,0.189541
314.2501,2.2000,1118.2371,0.189603
314.0219,2.2000,1118.2089,0.189640
313.7726,2.2000,1118.1782,0.189699
313.5438,2.2000,1118.1500,0.189746
313.3148,2.2000,1118.1218,0.189800
313.0439,2.2000,1118.0884,0.189865
312.7936,2.2000,1118.0574,0.189921
312.5433,2.2000,1118.0261,0.189970
312.3138,2.2000,1117.9972,0.190028
312.0633,2.2000,1117.9650,0.190078
311.8334,2.2000,1117.9354,0.190132
311.6035,2.2000,1117.9059,0.190176
311.3523,2.2000,1117.8737,0.190239
311.1007,2.2000,1117.8413,0.190291
310.7860,2.2000,1117.8009,0.190358
310.5548,2.2000,1117.7711,0.190414
310.3234,2.2000,1117.7413,0.190460
310.0497,2.2000,1117.7059,0.190520
309.7970,2.2000,1117.6731,0.190572
309.5650,2.2000,1117.6431,0.190624
309.3118,2.2000,1117.6096,0.190672
309.0797,2.2000,1117.5790,0.190743
308.8263,2.2000,1117.5453,0.190787
308.5937,2.2000,1117.5144,0.190852
308.3609,2.2000,1117.4835,0.190890
308.1279,2.2000,1117.4526,0.190940
307.9370,2.2000,1117.4274,0.190982
307.7248,2.2000,1117.3992,0.191027
307.4698,2.2000,1117.3650,0.191088
307.2360,2.2000,1117.3336,0.191137
306.9807,2.2000,1117.2993,0.191194
306.7250,2.2000,1117.2648,0.191252
306.4693,2.2000,1117.2299,0.191308
306.2347,2.2000,1117.1979,0.191358
305.9361,2.2000,1117.1570,0.191424
305.6803,2.2000,1117.1219,0.191484
305.4464,2.2000,1117.0897,0.191528
305.2133,2.2000,1117.0580,0.191587
304.9604,2.2000,1117.0231,0.191642
304.7300,2.2000,1116.9913,0.191700
304.5010,2.2000,1116.9598,0.191744
304.2530,2.2000,1116.9255,0.191804
304.0270,2.2000,1116.8943,0.191845
303.7822,2.2000,1116.8604,0.191901
303.5591,2.2000,1116.8293,0.191951
303.3376,2.2000,1116.7985,0.191988
303.0975,2.2000,1116.7648,0.192059
302.8592,2.2000,1116.7319,0.192102
302.6027,2.2000,1116.6968,0.192150
302.3678,2.2000,1116.6646,0.192211
302.1541,2.2000,1116.6350,0.192264
301.9417,2.2000,1116.6055,0.192302
301.6920,2.2000,1116.5706,0.192361
301.4627,2.2000,1116.5383,0.192410
301.2350,2.2000,1116.5065,0.192458
301.0272,2.2000,1116.4769,0.192498
300.8203,2.2000,1116.4476,0.192558
300.5957,2.2000,1116.4155,0.192599
300.3911,2.2000,1116.3866,0.192655
300.1690,2.2000,1116.3546,0.192693
299.9662,2.2000,1116.3252,0.192744
299.7457,2.2000,1116.2931,0.192789
299.5438,2.2000,1116.2635,0.192828
299.3241,2.2000,1116.2311,0.192877
299.1044,2.2000,1116.1980,0.192937
298.9030,2.2000,1116.1676,0.192968
298.6831,2.2000,1116.1344,0.193021
298.4816,2.2000,1116.1040,0.193070
298.2619,2.2000,1116.0708,0.193117
298.0604,2.2000,1116.0405,0.193160
297.8405,2.2000,1116.0078,0.193209
297.6391,2.2000,1115.9777,0.193246
297.4192,2.2000,1115.9451,0.193303
297.2175,2.2000,1115.9149,0.193340
297.0156,2.2000,1115.8843,0.193389
296.7954,2.2000,1115.8510,0.193434
296.5567,2.2000,1115.8146,0.193494
296.2991,2.2000,1115.7753,0.193546
296.0966,2.2000,1115.7444,0.193589
295.8936,2.2000,1115.7135,0.193633
295.6906,2.2000,1115.6826,0.193679
295.4687,2.2000,1115.6489,0.193731
295.2466,2.2000,1115.6150,0.193768
295.0428,2.2000,1115.5841,0.193811
294.8203,2.2000,1115.5503,0.193869
294.5975,2.2000,1115.5165,0.193915
294.3930,2.2000,1115.4855,0.193959
294.1698,2.2000,1115.4518,0.194006
293.9650,2.2000,1115.4209,0.194049
293.7415,2.2000,1115.3872,0.194105
293.5363,2.2000,1115.3563,0.194142
293.2939,2.2000,1115.3196,0.194209
293.0885,2.2000,1115.2885,0.194246
292.8831,2.2000,1115.2568,0.194292
292.6776,2.2000,1115.2250,0.194332
292.4535,2.2000,1115.1899,0.194381
292.2479,2.2000,1115.1577,0.194432
292.0421,2.2000,1115.1255,0.194472
291.8172,2.2000,1115.0903,0.194528
291.6107,2.2000,1115.0579,0.194576
291.4041,2.2000,1115.0254,0.194604
291.1783,2.2000,1114.9900,0.194660
290.9711,2.2000,1114.9576,0.194715
290.7637,2.2000,1114.9254,0.194752
290.5371,2.2000,1114.8903,0.194810
290.3104,2.2000,1114.8550,0.194851
289.9889,2.2000,1114.8052,0.194930
289.7805,2.2000,1114.7728,0.194967
289.5720,2.2000,1114.7405,0.195016
289.3633,2.2000,1114.7083,0.195062
289.1546,2.2000,1114.6759,0.195109
288.9266,2.2000,1114.6406,0.195156
288.7174,2.2000,1114.6083,0.195206
288.5080,2.2000,1114.5758,0.195255
288.2794,2.2000,1114.5404,0.195304
288.0506,2.2000,1114.5049,0.195354
287.8406,2.2000,1114.4725,0.195403
287.6304,2.2000,1114.4403,0.195447
287.4200,2.2000,1114.4081,0.195486
287.1903,2.2000,1114.3729,0.195545
286.9795,2.2000,1114.3407,0.195579
286.7495,2.2000,1114.3053,0.195639
286.5384,2.2000,1114.2729,0.195697
286.3271,2.2000,1114.2406,0.195725
286.1156,2.2000,1114.2080,0.195777
285.8847,2.2000,1114.1722,0.195828
285.6729,2.2000,1114.1393,0.195876
285.4415,2.2000,1114.1034,0.195924
285.2292,2.2000,1114.0703,0.195980
284.9973,2.2000,1114.0344,0.196028
284.7847,2.2000,1114.0015,0.196075
284.5719,2.2000,1113.9684,0.196130
284.3394,2.2000,1113.9324,0.196176
284.1066,2.2000,1113.8962,0.196215
283.8346,2.2000,1113.8545,0.196280
283.6012,2.2000,1113.8190,0.196331
283.3870,2.2000,1113.7863,0.196377
283.1335,2.2000,1113.7479,0.196433
282.9189,2.2000,1113.7157,0.196488
282.6850,2.2000,1113.6805,0.196540
282.4707,2.2000,1113.6486,0.196588
282.2371,2.2000,1113.6138,0.196634
282.0233,2.2000,1113.5822,0.196681
281.8099,2.2000,1113.5508,0.196735
281.5779,2.2000,1113.5173,0.196778
281.3660,2.2000,1113.4865,0.196828
281.1549,2.2000,1113.4559,0.196868
280.9254,2.2000,1113.4229,0.196920
280.7159,2.2000,1113.3927,0.196968
280.4882,2.2000,1113.3597,0.197030
280.2614,2.2000,1113.3271,0.197063
280.0543,2.2000,1113.2977,0.197108
279.8479,2.2000,1113.2683,0.197154
279.6425,2.2000,1113.2394,0.197212
279.4379,2.2000,1113.2103,0.197246
279.2158,2.2000,1113.1787,0.197297
279.0132,2.2000,1113.1501,0.197348
278.8115,2.2000,1113.1218,0.197380
278.5558,2.2000,1113.0862,0.197441
278.3560,2.2000,1113.0585,0.197485
278.1392,2.2000,1113.0286,0.197529
277.9235,2.2000,1112.9990,0.197582
277.6911,2.2000,1112.9678,0.197633
277.4775,2.2000,1112.9387,0.197665
277.2473,2.2000,1112.9076,0.197721
277.0535,2.2000,1112.8811,0.197772
276.8428,2.2000,1112.8522,0.197816
276.6331,2.2000,1112.8232,0.197866
276.4417,2.2000,1112.7965,0.197903
276.2507,2.2000,1112.7699,0.197943
276.0602,2.2000,1112.7438,0.197993
275.8528,2.2000,1112.7157,0.198032
275.6636,2.2000,1112.6902,0.198078
275.4587,2.2000,1112.6624,0.198117
275.2550,2.2000,1112.6345,0.198158
275.0689,2.2000,1112.6090,0.198215
274.8660,2.2000,1112.5812,0.198248
274.6632,2.2000,1112.5533,0.198292
274.4607,2.2000,1112.5255,0.198335
274.2752,2.2000,1112.5000,0.198375
274.0728,2.2000,1112.4722,0.198420
273.8872,2.2000,1112.4467,0.198474
273.6846,2.2000,1112.4188,0.198514
273.4988,2.2000,1112.3933,0.198547
273.2960,2.2000,1112.3655,0.198594
273.0929,2.2000,1112.3376,0.198639
272.9063,2.2000,1112.3121,0.198678
272.7196,2.2000,1112.2866,0.198717
272.5156,2.2000,1112.2588,0.198767
272.3280,2.2000,1112.2333,0.198806
272.1404,2.2000,1112.2078,0.198850
271.9354,2.2000,1112.1798,0.198900
271.7469,2.2000,1112.1543,0.198939
271.5411,2.2000,1112.1263,0.198983
271.3518,2.2000,1112.1008,0.199028
271.0931,2.2000,1112.0657,0.199079
270.8857,2.2000,1112.0378,0.199128
270.6951,2.2000,1112.0121,0.199170
270.5041,2.2000,1111.9863,0.199208
270.2952,2.2000,1111.9580,0.199262
270.1033,2.2000,1111.9318,0.199306
269.8937,2.2000,1111.9030,0.199347
269.6838,2.2000,1111.8738,0.199394
269.4910,2.2000,1111.8468,0.199441
269.2801,2.2000,1111.8174,0.199485
269.0685,2.2000,1111.7881,0.199534
268.8387,2.2000,1111.7562,0.199583
268.6260,2.2000,1111.7269,0.199628
268.4129,2.2000,1111.6976,0.199674
268.1636,2.2000,1111.6635,0.199738
267.9673,2.2000,1111.6365,0.199769
267.7527,2.2000,1111.6069,0.199812
267.5555,2.2000,1111.5796,0.199858
267.3400,2.2000,1111.5502,0.199907
267.1419,2.2000,1111.5227,0.199949
266.9253,2.2000,1111.4929,0.200003
266.7263,2.2000,1111.4651,0.200044
266.5269,2.2000,1111.4369,0.200094
266.3090,2.2000,1111.4062,0.200138
266.1087,2.2000,1111.3781,0.200178
265.8896,2.2000,1111.3473,0.200235
265.6698,2.2000,1111.3164,0.200277
265.4494,2.2000,1111.2854,0.200328
265.2466,2.2000,1111.2571,0.200376
265.0248,2.2000,1111.2261,0.200425
264.8209,2.2000,1111.1976,0.200468
264.5979,2.2000,1111.1666,0.200521
264.3930,2.2000,1111.1383,0.200559
264.1688,2.2000,1111.1073,0.200616
263.9626,2.2000,1111.0790,0.200656
263.7560,2.2000,1111.0503,0.200698
263.5300,2.2000,1111.0187,0.200763
263.3411,2.2000,1110.9921,0.200795
263.1140,2.2000,1110.9602,0.200842
262.9052,2.2000,1110.9307,0.200893
262.6767,2.2000,1110.8984,0.200944
262.4665,2.2000,1110.8689,0.200990
262.2557,2.2000,1110.8394,0.201030
262.0253,2.2000,1110.8071,0.201090
261.8134,2.2000,1110.7776,0.201138
261.6012,2.2000,1110.7480,0.201180
261.3688,2.2000,1110.7158,0.201229
261.1554,2.2000,1110.6863,0.201281
260.9218,2.2000,1110.6541,0.201330
260.7071,2.2000,1110.6244,0.201378
260.4921,2.2000,1110.5947,0.201428
260.2568,2.2000,1110.5619,0.201480
260.0405,2.2000,1110.5312,0.201527
259.8040,2.2000,1110.4976,0.201580
259.6260,2.2000,1110.4723,0.201620
259.4080,2.2000,1110.4414,0.201673
259.2292,2.2000,1110.4161,0.201707
259.0102,2.2000,1110.3853,0.201757
258.7705,2.2000,1110.3516,0.201812
258.5503,2.2000,1110.3207,0.201863
258.3095,2.2000,1110.2870,0.201913
258.0880,2.2000,1110.2561,0.201961
257.8661,2.2000,1110.2251,0.202019
257.6436,2.2000,1110.1942,0.202056
257.4002,2.2000,1110.1605,0.202117
257.1765,2.2000,1110.1296,0.202165
256.9523,2.2000,1110.0985,0.202210
256.7071,2.2000,1110.0638,0.202273
256.4818,2.2000,1110.0316,0.202326
256.2354,2.2000,1109.9966,0.202378
255.9883,2.2000,1109.9614,0.202430
255.7611,2.2000,1109.9292,0.202483
255.5129,2.2000,1109.8940,0.202544
255.2643,2.2000,1109.8589,0.202593
255.0359,2.2000,1109.8267,0.202633
254.7865,2.2000,1109.7915,0.202697
254.5580,2.2000,1109.7592,0.202747
254.3294,2.2000,1109.7263,0.202809
254.0804,2.2000,1109.6897,0.202857
253.8526,2.2000,1109.6561,0.202909
253.6045,2.2000,1109.6195,0.202961
253.3776,2.2000,1109.5862,0.203013
253.1311,2.2000,1109.5496,0.203055
252.9058,2.2000,1109.5161,0.203121
252.6813,2.2000,1109.4827,0.203164
252.4374,2.2000,1109.4463,0.203219
252.2147,2.2000,1109.4127,0.203266
251.9927,2.2000,1109.3792,0.203318
251.7516,2.2000,1109.3424,0.203373
251.4916,2.2000,1109.3027,0.203427
251.2528,2.2000,1109.2656,0.203481
251.0347,2.2000,1109.2317,0.203532
250.7584,2.2000,1109.1884,0.203600
250.5423,2.2000,1109.1541,0.203636
250.2881,2.2000,1109.1134,0.203701
250.0739,2.2000,1109.0789,0.203742
249.8606,2.2000,1109.0443,0.203790
249.6481,2.2000,1109.0099,0.203846
249.3981,2.2000,1108.9689,0.203900
249.1682,2.2000,1108.9313,0.203950
248.9394,2.2000,1108.8938,0.203995
248.7302,2.2000,1108.8596,0.204041
248.5218,2.2000,1108.8260,0.204088
248.2954,2.2000,1108.7894,0.204139
248.0889,2.2000,1108.7559,0.204185
247.8832,2.2000,1108.7223,0.204230
247.6599,2.2000,1108.6858,0.204283
247.4563,2.2000,1108.6525,0.204324
247.2350,2.2000,1108.6157,0.204372
247.0327,2.2000,1108.5819,0.204422
246.7756,2.2000,1108.5385,0.204487
246.5741,2.2000,1108.5040,0.204520
246.2997,2.2000,1108.4569,0.204591
246.0989,2.2000,1108.4224,0.204629
245.8985,2.2000,1108.3875,0.204679
245.6800,2.2000,1108.3490,0.204727
245.4800,2.2000,1108.3134,0.204773
245.2622,2.2000,1108.2740,0.204815
245.0446,2.2000,1108.2346,0.204867
244.8270,2.2000,1108.1954,0.204914
244.6277,2.2000,1108.1595,0.204956
244.4103,2.2000,1108.1204,0.205012
244.2112,2.2000,1108.0846,0.205048
243.9940,2.2000,1108.0458,0.205107
243.7768,2.2000,1108.0073,0.205154
243.5234,2.2000,1107.9628,0.205211
243.3245,2.2000,1107.9279,0.205257
243.1077,2.2000,1107.8898,0.205295
242.9093,2.2000,1107.8549,0.205351
242.6928,2.2000,1107.8168,0.205394
242.4946,2.2000,1107.7819,0.205439
242.2785,2.2000,1107.7438,0.205488
242.0805,2.2000,1107.7089,0.205540
241.8828,2.2000,1107.6740,0.205577
241.6673,2.2000,1107.6359,0.205628
241.4698,2.2000,1107.6010,0.205667
241.2726,2.2000,1107.5660,0.205714
241.0574,2.2000,1107.5280,0.205754
240.8424,2.2000,1107.4901,0.205807
240.6278,2.2000,1107.4521,0.205858
240.4135,2.2000,1107.4143,0.205902
240.2171,2.2000,1107.3798,0.205944
240.0207,2.2000,1107.3455,0.205995
239.8068,2.2000,1107.3079,0.206049
239.5930,2.2000,1107.2708,0.206091
239.3971,2.2000,1107.2366,0.206135
239.2013,2.2000,1107.2026,0.206183
238.9879,2.2000,1107.1655,0.206231
238.7745,2.2000,1107.1285,0.206275
238.5790,2.2000,1107.0942,0.206317
238.3836,2.2000,1107.0603,0.206368
238.1706,2.2000,1107.0234,0.206407
237.9756,2.2000,1106.9895,0.206452
237.7806,2.2000,1106.9556,0.206495
237.5683,2.2000,1106.9188,0.206553
237.3743,2.2000,1106.8853,0.206588
237.1630,2.2000,1106.8486,0.206638
236.9694,2.2000,1106.8151,0.206682
236.7584,2.2000,1106.7784,0.206725
236.5650,2.2000,1106.7449,0.206779
236.3716,2.2000,1106.7113,0.206807
236.1608,2.2000,1106.6748,0.206865
235.9677,2.2000,1106.6412,0.206904
235.7745,2.2000,1106.6077,0.206948
235.5636,2.2000,1106.5710,0.206994
235.3703,2.2000,1106.5375,0.207037
235.1593,2.2000,1106.5009,0.207084
234.9659,2.2000,1106.4673,0.207121
234.7372,2.2000,1106.4276,0.207171
234.5261,2.2000,1106.3910,0.207230
234.3147,2.2000,1106.3544,0.207269
234.1211,2.2000,1106.3208,0.207318
233.9272,2.2000,1106.2872,0.207368
233.7333,2.2000,1106.2537,0.207401
233.5218,2.2000,1106.2170,0.207449
233.3279,2.2000,1106.1833,0.207499
233.1339,2.2000,1106.1498,0.207538
232.9397,2.2000,1106.1160,0.207579
232.7278,2.2000,1106.0793,0.207634
232.5335,2.2000,1106.0457,0.207675
232.3039,2.2000,1106.0052,0.207719
232.1095,2.2000,1105.9711,0.207765
231.8973,2.2000,1105.9335,0.207814
231.7027,2.2000,1105.8987,0.207856
231.4900,2.2000,1105.8606,0.207915
231.2948,2.2000,1105.8257,0.207955
231.0816,2.2000,1105.7876,0.208004
230.8682,2.2000,1105.7495,0.208038
230.6723,2.2000,1105.7147,0.208087
230.4762,2.2000,1105.6798,0.208134
230.2263,2.2000,1105.6354,0.208184
230.0118,2.2000,1105.5973,0.208236
229.7970,2.2000,1105.5592,0.208292
229.4924,2.2000,1105.5052,0.208349
229.2769,2.2000,1105.4677,0.208403
229.0433,2.2000,1105.4269,0.208461
228.8274,2.2000,1105.3892,0.208500
228.5755,2.2000,1105.3448,0.208561
228.3594,2.2000,1105.3068,0.208601
228.1610,2.2000,1105.2719,0.208652
227.9444,2.2000,1105.2338,0.208699
227.7455,2.2000,1105.1987,0.208750
227.5280,2.2000,1105.1605,0.208793
227.3102,2.2000,1105.1224,0.208845
227.1104,2.2000,1105.0874,0.208890
226.8917,2.2000,1105.0493,0.208934
226.6541,2.2000,1105.0081,0.208993
226.4342,2.2000,1104.9697,0.209038
226.2319,2.2000,1104.9344,0.209084
226.0104,2.2000,1104.8959,0.209130
225.7881,2.2000,1104.8574,0.209177
225.5092,2.2000,1104.8086,0.209243
225.2480,2.2000,1104.7631,0.209307
225.0235,2.2000,1104.7235,0.209348
224.8171,2.2000,1104.6873,0.209397
224.5911,2.2000,1104.6477,0.209448
224.3837,2.2000,1104.6112,0.209494
224.1569,2.2000,1104.5707,0.209544
223.9487,2.2000,1104.5325,0.209592
223.7209,2.2000,1104.4906,0.209647
223.4926,2.2000,1104.4486,0.209697
223.2828,2.2000,1104.4097,0.209732
223.0534,2.2000,1104.3663,0.209785
222.8233,2.2000,1104.3230,0.209833
222.5927,2.2000,1104.2792,0.209894
222.3613,2.2000,1104.2355,0.209944
222.1486,2.2000,1104.1951,0.209995
221.9354,2.2000,1104.1539,0.210043
221.7023,2.2000,1104.1091,0.210094
221.4880,2.2000,1104.0677,0.210144
221.2536,2.2000,1104.0226,0.210194
221.0382,2.2000,1103.9803,0.210240
220.8027,2.2000,1103.9338,0.210288
220.5664,2.2000,1103.8872,0.210343
220.3491,2.2000,1103.8446,0.210399
220.1113,2.2000,1103.7979,0.210451
219.8728,2.2000,1103.7510,0.210501
219.6534,2.2000,1103.7080,0.210556
219.4135,2.2000,1103.6609,0.210606
219.1927,2.2000,1103.6179,0.210655
218.9712,2.2000,1103.5750,0.210707
218.7491,2.2000,1103.5319,0.210758
218.5060,2.2000,1103.4846,0.210810
218.2827,2.2000,1103.4415,0.210860
218.0589,2.2000,1103.3983,0.210910
217.8140,2.2000,1103.3512,0.210962
217.5686,2.2000,1103.3041,0.211019
217.3225,2.2000,1103.2560,0.211074
217.0553,2.2000,1103.2040,0.211125
216.8285,2.2000,1103.1597,0.211182
216.6012,2.2000,1103.1155,0.211233
216.3527,2.2000,1103.0671,0.211290
216.1242,2.2000,1103.0228,0.211336
215.8744,2.2000,1102.9745,0.211397
215.6240,2.2000,1102.9259,0.211450
215.3732,2.2000,1102.8772,0.211507
215.1217,2.2000,1102.8275,0.211565
214.8907,2.2000,1102.7821,0.211615
214.6592,2.2000,1102.7365,0.211666
214.4058,2.2000,1102.6866,0.211721
214.1517,2.2000,1102.6368,0.211778
213.8968,2.2000,1102.5870,0.211844
213.6412,2.2000,1102.5372,0.211892
213.4065,2.2000,1102.4916,0.211954
213.1712,2.2000,1102.4459,0.212003
212.9138,2.2000,1102.3961,0.212056
212.5912,2.2000,1102.3339,0.212130
212.3538,2.2000,1102.2882,0.212186
212.0943,2.2000,1102.2384,0.212239
211.8558,2.2000,1102.1927,0.212292
211.5950,2.2000,1102.1429,0.212354
211.3555,2.2000,1102.0973,0.212411
211.0935,2.2000,1102.0475,0.212467
210.8525,2.2000,1102.0016,0.212506
210.6109,2.2000,1101.9558,0.212574
210.3250,2.2000,1101.9017,0.212636
210.0605,2.2000,1101.8514,0.212684
209.7955,2.2000,1101.8008,0.212748
209.5523,2.2000,1101.7539,0.212811
209.3089,2.2000,1101.7070,0.212865
209.0427,2.2000,1101.6558,0.212922
208.7983,2.2000,1101.6088,0.212978
208.5310,2.2000,1101.5575,0.213032
208.2857,2.2000,1101.5105,0.213089
208.0175,2.2000,1101.4592,0.213145
207.7714,2.2000,1101.4122,0.213199
207.5249,2.2000,1101.3652,0.213256
207.2784,2.2000,1101.3182,0.213309
207.0091,2.2000,1101.2670,0.213371
206.7624,2.2000,1101.2200,0.213427
206.5157,2.2000,1101.1730,0.213489
206.2690,2.2000,1101.1260,0.213540
206.0000,2.2000,1101.0747,0.213605
205.7534,2.2000,1101.0277,0.213656
205.5070,2.2000,1100.9807,0.213703
205.2383,2.2000,1100.9294,0.213774
204.9922,2.2000,1100.8824,0.213822
204.7462,2.2000,1100.8354,0.213877
204.4779,2.2000,1100.7842,0.213942
204.2321,2.2000,1100.7372,0.213995
203.9640,2.2000,1100.6859,0.214058
203.7184,2.2000,1100.6389,0.214112
203.4729,2.2000,1100.5919,0.214168
203.2053,2.2000,1100.5406,0.214236
202.9155,2.2000,1100.4851,0.214296
202.6037,2.2000,1100.4252,0.214371
202.3586,2.2000,1100.3781,0.214420
202.0916,2.2000,1100.3267,0.214477
201.8469,2.2000,1100.2797,0.214535
201.6022,2.2000,1100.2327,0.214585
201.3354,2.2000,1100.1814,0.214650
201.0687,2.2000,1100.1301,0.214708
200.7577,2.2000,1100.0703,0.214770
200.4912,2.2000,1100.0192,0.214836
200.2472,2.2000,1099.9722,0.214894
200.0032,2.2000,1099.9252,0.214954
199.6708,2.2000,1099.8611,0.215017
199.4271,2.2000,1099.8141,0.215076
199.1613,2.2000,1099.7628,0.215135
198.9179,2.2000,1099.7158,0.215186
198.6525,2.2000,1099.6646,0.215256
198.4092,2.2000,1099.6176,0.215314
198.1660,2.2000,1099.5706,0.215354
197.9010,2.2000,1099.5193,0.215435
197.6581,2.2000,1099.4723,0.215477
197.3491,2.2000,1099.4125,0.215549
197.0844,2.2000,1099.3613,0.215603
196.8419,2.2000,1099.3145,0.215654
196.5556,2.2000,1099.2592,0.215731
196.2914,2.2000,1099.2079,0.215782
196.0495,2.2000,1099.1611,0.215837
195.7855,2.2000,1099.1100,0.215891
195.5438,2.2000,1099.0631,0.215947
195.3022,2.2000,1099.0161,0.216008
195.0609,2.2000,1098.9691,0.216053
194.7977,2.2000,1098.9178,0.216115
194.5567,2.2000,1098.8708,0.216160
194.3158,2.2000,1098.8237,0.216219
194.0313,2.2000,1098.7678,0.216290
193.7691,2.2000,1098.7159,0.216350
193.5291,2.2000,1098.6681,0.216401
193.2675,2.2000,1098.6155,0.216465
193.0280,2.2000,1098.5668,0.216518
192.7668,2.2000,1098.5138,0.216569
192.5275,2.2000,1098.4650,0.216627
192.2885,2.2000,1098.4160,0.216683
192.0279,2.2000,1098.3622,0.216743
191.7675,2.2000,1098.3082,0.216805
191.5289,2.2000,1098.2589,0.216856
191.2903,2.2000,1098.2096,0.216910
191.0520,2.2000,1098.1602,0.216963
190.7921,2.2000,1098.1060,0.217019
190.5540,2.2000,1098.0563,0.217076
190.2511,2.2000,1097.9928,0.217149
190.0134,2.2000,1097.9431,0.217197
189.7324,2.2000,1097.8843,0.217275
189.4731,2.2000,1097.8300,0.217318
189.2138,2.2000,1097.7758,0.217379
188.9762,2.2000,1097.7261,0.217433
188.6953,2.2000,1097.6675,0.217489
188.4578,2.2000,1097.6178,0.217545
188.1987,2.2000,1097.5636,0.217614
187.9613,2.2000,1097.5139,0.217669
187.7026,2.2000,1097.4597,0.217719
187.4442,2.2000,1097.4055,0.217783
187.2290,2.2000,1097.3604,0.217825
186.9709,2.2000,1097.3062,0.217890
186.7131,2.2000,1097.2517,0.217944
186.4553,2.2000,1097.1970,0.217988
186.1978,2.2000,1097.1425,0.218063
185.8759,2.2000,1097.0743,0.218124
185.6183,2.2000,1097.0200,0.218184
185.3823,2.2000,1096.9703,0.218243
185.1463,2.2000,1096.9209,0.218296
184.8893,2.2000,1096.8672,0.218357
184.6535,2.2000,1096.8180,0.218400
184.4179,2.2000,1096.7692,0.218463
184.1823,2.2000,1096.7207,0.218502
183.9255,2.2000,1096.6678,0.218561
183.6902,2.2000,1096.6194,0.218623
183.4551,2.2000,1096.5710,0.218681
183.2200,2.2000,1096.5227,0.218726
182.9212,2.2000,1096.4612,0.218791
182.6654,2.2000,1096.4084,0.218849
182.4311,2.2000,1096.3601,0.218899
182.1761,2.2000,1096.3074,0.218957
181.9428,2.2000,1096.2590,0.219004
181.6469,2.2000,1096.1975,0.219071
181.4153,2.2000,1096.1492,0.219120
181.1218,2.2000,1096.0876,0.219191
180.8923,2.2000,1096.0393,0.219239
180.6635,2.2000,1095.9910,0.219297
180.4149,2.2000,1095.9390,0.219354
180.1677,2.2000,1095.8875,0.219412
179.9216,2.2000,1095.8362,0.219462
179.6967,2.2000,1095.7892,0.219520
179.5132,2.2000,1095.7509,0.219554
179.2688,2.2000,1095.6996,0.219608
179.0448,2.2000,1095.6527,0.219666
178.8211,2.2000,1095.6061,0.219711
178.5774,2.2000,1095.5560,0.219766
178.3545,2.2000,1095.5103,0.219814
178.1118,2.2000,1095.4604,0.219876
177.8693,2.2000,1095.4106,0.219933
177.6474,2.2000,1095.3650,0.219972
177.4255,2.2000,1095.3193,0.220020
177.2036,2.2000,1095.2737,0.220070
176.9615,2.2000,1095.2239,0.220126
176.7396,2.2000,1095.1782,0.220182
176.4973,2.2000,1095.1284,0.220228
176.2751,2.2000,1095.0828,0.220284
176.0323,2.2000,1095.0328,0.220327
175.8096,2.2000,1094.9866,0.220383
175.5864,2.2000,1094.9404,0.220439
175.3424,2.2000,1094.8896,0.220487
175.1185,2.2000,1094.8434,0.220544
174.8941,2.2000,1094.7970,0.220587
174.6492,2.2000,1094.7465,0.220648
174.4245,2.2000,1094.7002,0.220686
174.1998,2.2000,1094.6538,0.220757
173.9543,2.2000,1094.6035,0.220797
173.7290,2.2000,1094.5573,0.220857
173.5034,2.2000,1094.5114,0.220909
173.2567,2.2000,1094.4614,0.220963
173.0921,2.2000,1094.4281,0.220991
172.8451,2.2000,1094.3782,0.221054
172.5770,2.2000,1094.3240,0.221119
172.4118,2.2000,1094.2905,0.221138
172.1846,2.2000,1094.2446,0.221195
171.9364,2.2000,1094.1943,0.221257
171.7087,2.2000,1094.1484,0.221312
171.4605,2.2000,1094.0986,0.221360
171.2336,2.2000,1094.0530,0.221410
171.0072,2.2000,1094.0073,0.221461
170.7608,2.2000,1093.9575,0.221517
170.5348,2.2000,1093.9119,0.221571
170.2880,2.2000,1093.8619,0.221620
170.0615,2.2000,1093.8163,0.221670
169.8140,2.2000,1093.7664,0.221724
169.5869,2.2000,1093.7202,0.221779
169.3388,2.2000,1093.6699,0.221842
169.1111,2.2000,1093.6234,0.221882
168.8623,2.2000,1093.5726,0.221945
168.6755,2.2000,1093.5343,0.221989
168.4259,2.2000,1093.4830,0.222039
168.1971,2.2000,1093.4360,0.222090
167.9470,2.2000,1093.3846,0.222152
167.7174,2.2000,1093.3375,0.222199
167.4874,2.2000,1093.2904,0.222255
167.2362,2.2000,1093.2389,0.222299
167.0055,2.2000,1093.1918,0.222358
166.7535,2.2000,1093.1403,0.222402
166.5222,2.2000,1093.0930,0.222467
166.2695,2.2000,1093.0411,0.222527
166.0166,2.2000,1092.9893,0.222576
165.7633,2.2000,1092.9366,0.222634
165.5097,2.2000,1092.8840,0.222693
165.2555,2.2000,1092.8313,0.222750
165.0220,2.2000,1092.7830,0.222792
164.7882,2.2000,1092.7346,0.222852
164.5540,2.2000,1092.6863,0.222894
164.2983,2.2000,1092.6333,0.222962
164.0636,2.2000,1092.5847,0.223013
163.8074,2.2000,1092.5314,0.223072
163.5509,2.2000,1092.4773,0.223133
163.3156,2.2000,1092.4276,0.223187
163.0586,2.2000,1092.3732,0.223250
162.8227,2.2000,1092.3226,0.223292
162.5867,2.2000,1092.2721,0.223346
162.3289,2.2000,1092.2166,0.223412
162.0709,2.2000,1092.1600,0.223474
161.8338,2.2000,1092.1085,0.223517
161.5748,2.2000,1092.0521,0.223586
161.3369,2.2000,1092.0005,0.223631
161.0986,2.2000,1091.9487,0.223678
160.8383,2.2000,1091.8923,0.223747
160.5775,2.2000,1091.8354,0.223800
160.3165,2.2000,1091.7788,0.223866
160.0549,2.2000,1091.7219,0.223932
159.7928,2.2000,1091.6652,0.223983
159.5741,2.2000,1091.6177,0.224035
159.3111,2.2000,1091.5605,0.224089
159.0697,2.2000,1091.5082,0.224146
158.8279,2.2000,1091.4558,0.224202
158.5637,2.2000,1091.3987,0.224259
158.2990,2.2000,1091.3416,0.224317
158.0560,2.2000,1091.2892,0.224374
157.7905,2.2000,1091.2321,0.224439
157.5468,2.2000,1091.1797,0.224486
157.3028,2.2000,1091.1273,0.224544
157.0362,2.2000,1091.0701,0.224598
156.7915,2.2000,1091.0176,0.224662
156.5242,2.2000,1090.9602,0.224710
156.2788,2.2000,1090.9075,0.224779
155.9884,2.2000,1090.8446,0.224844
155.7197,2.2000,1090.7869,0.224895
155.4505,2.2000,1090.7295,0.224960
155.1807,2.2000,1090.6724,0.225016
154.9105,2.2000,1090.6151,0.225085
154.6399,2.2000,1090.5579,0.225149
154.2559,2.2000,1090.4763,0.225237
153.9843,2.2000,1090.4187,0.225298
153.7350,2.2000,1090.3655,0.225351
153.4854,2.2000,1090.3123,0.225410
153.1899,2.2000,1090.2495,0.225467
152.9395,2.2000,1090.1960,0.225526
152.6888,2.2000,1090.1429,0.225588
152.4147,2.2000,1090.0848,0.225644
152.1632,2.2000,1090.0314,0.225696
151.9113,2.2000,1089.9780,0.225761
151.5444,2.2000,1089.9004,0.225838
151.2687,2.2000,1089.8418,0.225897
150.9929,2.2000,1089.7833,0.225958
150.7397,2.2000,1089.7296,0.226023
150.4860,2.2000,1089.6759,0.226082
150.2320,2.2000,1089.6222,0.226136
149.9544,2.2000,1089.5636,0.226198
149.6996,2.2000,1089.5099,0.226262
149.4447,2.2000,1089.4562,0.226321
149.1892,2.2000,1089.4025,0.226385
148.9101,2.2000,1089.3439,0.226433
148.6539,2.2000,1089.2902,0.226494
148.3741,2.2000,1089.2316,0.226553
148.1171,2.2000,1089.1772,0.226625
147.8366,2.2000,1089.1178,0.226678
147.5558,2.2000,1089.0580,0.226745
147.2276,2.2000,1088.9879,0.226814
146.9459,2.2000,1088.9279,0.226876
146.6400,2.2000,1088.8628,0.226955
146.3811,2.2000,1088.8076,0.227000
146.0982,2.2000,1088.7476,0.227075
145.8387,2.2000,1088.6924,0.227134
145.5554,2.2000,1088.6323,0.227194
145.2957,2.2000,1088.5770,0.227261
145.0356,2.2000,1088.5217,0.227305
144.7756,2.2000,1088.4661,0.227381
144.4921,2.2000,1088.4055,0.227431
144.2321,2.2000,1088.3497,0.227504
143.9487,2.2000,1088.2889,0.227553
143.6417,2.2000,1088.2228,0.227626
143.3822,2.2000,1088.1666,0.227685
143.0994,2.2000,1088.1052,0.227755
142.8403,2.2000,1088.0491,0.227813
142.5581,2.2000,1087.9878,0.227878
142.2997,2.2000,1087.9318,0.227937
142.0420,2.2000,1087.8762,0.227997
141.7854,2.2000,1087.8209,0.228051
141.5065,2.2000,1087.7605,0.228109
141.2520,2.2000,1087.7054,0.228177
140.9984,2.2000,1087.6503,0.228224
140.7230,2.2000,1087.5902,0.228298
140.4491,2.2000,1087.5302,0.228347
140.1990,2.2000,1087.4753,0.228409
139.9276,2.2000,1087.4165,0.228471
139.7022,2.2000,1087.3677,0.228522
139.4329,2.2000,1087.3091,0.228581
139.1648,2.2000,1087.2505,0.228654
138.9202,2.2000,1087.1968,0.228698
138.6547,2.2000,1087.1390,0.228758
138.4123,2.2000,1087.0865,0.228816
138.1709,2.2000,1087.0342,0.228864
137.9306,2.2000,1086.9818,0.228919
137.6696,2.2000,1086.9247,0.228981
137.4099,2.2000,1086.8677,0.229033
137.1730,2.2000,1086.8162,0.229082
136.9156,2.2000,1086.7605,0.229152
136.6594,2.2000,1086.7048,0.229210
136.4043,2.2000,1086.6492,0.229261
136.1502,2.2000,1086.5935,0.229318
135.9179,2.2000,1086.5425,0.229372
135.6231,2.2000,1086.4775,0.229437
135.3923,2.2000,1086.4274,0.229484
135.0584,2.2000,1086.3541,0.229566
134.8712,2.2000,1086.3131,0.229608
134.5595,2.2000,1086.2451,0.229687
134.3106,2.2000,1086.1909,0.229740
134.0829,2.2000,1086.1412,0.229782
133.8142,2.2000,1086.0825,0.229841
133.5875,2.2000,1086.0328,0.229900
133.3405,2.2000,1085.9788,0.229947
133.1145,2.2000,1085.9296,0.230015
132.8686,2.2000,1085.8763,0.230056
132.6437,2.2000,1085.8278,0.230107
132.4193,2.2000,1085.7794,0.230159
132.1749,2.2000,1085.7267,0.230222
131.9512,2.2000,1085.6783,0.230266
131.7276,2.2000,1085.6300,0.230315
131.4840,2.2000,1085.5773,0.230363
131.2609,2.2000,1085.5289,0.230437
131.0380,2.2000,1085.4806,0.230474
130.7949,2.2000,1085.4279,0.230531
130.5518,2.2000,1085.3751,0.230585
130.3291,2.2000,1085.3268,0.230631
130.0864,2.2000,1085.2740,0.230684
129.8637,2.2000,1085.2257,0.230739
129.6212,2.2000,1085.1730,0.230798
129.3989,2.2000,1085.1246,0.230834
129.2374,2.2000,1085.0895,0.230884
128.9953,2.2000,1085.0367,0.230924
128.7734,2.2000,1084.9884,0.230982
128.5920,2.2000,1084.9489,0.231027
128.3703,2.2000,1084.9005,0.231069
128.1485,2.2000,1084.8523,0.231120
127.9267,2.2000,1084.8040,0.231165
127.6848,2.2000,1084.7512,0.231227
127.4630,2.2000,1084.7029,0.231280
127.2410,2.2000,1084.6545,0.231323
126.9987,2.2000,1084.6019,0.231375
126.7768,2.2000,1084.5536,0.231429
126.5345,2.2000,1084.5009,0.231490
126.2920,2.2000,1084.4481,0.231529
126.0698,2.2000,1084.3998,0.231588
125.8474,2.2000,1084.3514,0.231635
125.6250,2.2000,1084.3031,0.231684
125.3215,2.2000,1084.2372,0.231760
125.0786,2.2000,1084.1844,0.231809
124.8556,2.2000,1084.1361,0.231857
124.6324,2.2000,1084.0878,0.231903
124.3888,2.2000,1084.0350,0.231974
124.1654,2.2000,1083.9867,0.232009
123.9418,2.2000,1083.9384,0.232068
123.7179,2.2000,1083.8899,0.232119
123.4735,2.2000,1083.8369,0.232176
123.2493,2.2000,1083.7880,0.232220
123.0250,2.2000,1083.7389,0.232276
122.7800,2.2000,1083.6849,0.232332
122.5551,2.2000,1083.6355,0.232379
122.3711,2.2000,1083.5950,0.232425
122.1255,2.2000,1083.5408,0.232473
121.9001,2.2000,1083.4911,0.232524
121.6540,2.2000,1083.4369,0.232574
121.4281,2.2000,1083.3872,0.232626
121.2021,2.2000,1083.3375,0.232690
120.9554,2.2000,1083.2833,0.232741
120.7288,2.2000,1083.2336,0.232787
120.4815,2.2000,1083.1794,0.232854
120.2342,2.2000,1083.1252,0.232908
120.0071,2.2000,1083.0754,0.232953
119.6970,2.2000,1083.0077,0.233017
119.4488,2.2000,1082.9535,0.233079
119.2004,2.2000,1082.8993,0.233132
118.9724,2.2000,1082.8496,0.233193
118.7444,2.2000,1082.7999,0.233235
118.4952,2.2000,1082.7456,0.233298
118.2667,2.2000,1082.6958,0.233347
118.0379,2.2000,1082.6460,0.233395
117.7883,2.2000,1082.5912,0.233454
117.5384,2.2000,1082.5365,0.233510
117.3091,2.2000,1082.4860,0.233554
117.0796,2.2000,1082.4354,0.233613
116.8500,2.2000,1082.3846,0.233661
116.5992,2.2000,1082.3291,0.233726
116.3691,2.2000,1082.2781,0.233775
116.1388,2.2000,1082.2271,0.233833
115.9082,2.2000,1082.1760,0.233869
115.6564,2.2000,1082.1204,0.233934
115.4253,2.2000,1082.0693,0.233985
115.1521,2.2000,1082.0090,0.234057
114.9205,2.2000,1081.9580,0.234110
114.6890,2.2000,1081.9070,0.234160
114.4154,2.2000,1081.8467,0.234216
114.1836,2.2000,1081.7957,0.234264
113.9309,2.2000,1081.7400,0.234330
113.6990,2.2000,1081.6888,0.234391
113.4668,2.2000,1081.6378,0.234430
113.2346,2.2000,1081.5868,0.234480
112.9809,2.2000,1081.5310,0.234532
112.7483,2.2000,1081.4799,0.234589
112.4943,2.2000,1081.4240,0.234652
112.2615,2.2000,1081.3726,0.234696
112.0074,2.2000,1081.3162,0.234753
111.7743,2.2000,1081.2642,0.234808
111.5199,2.2000,1081.2072,0.234865
111.2865,2.2000,1081.1548,0.234921
111.0527,2.2000,1081.1025,0.234975
110.7973,2.2000,1081.0454,0.235031
110.5629,2.2000,1080.9930,0.235078
110.3071,2.2000,1080.9359,0.235144
110.0723,2.2000,1080.8835,0.235196
109.8373,2.2000,1080.8312,0.235248
109.5808,2.2000,1080.7740,0.235309
109.3454,2.2000,1080.7217,0.235359
109.1098,2.2000,1080.6693,0.235413
108.8527,2.2000,1080.6121,0.235480
108.5952,2.2000,1080.5549,0.235530
108.3375,2.2000,1080.4978,0.235588
108.1011,2.2000,1080.4454,0.235640
107.8430,2.2000,1080.3883,0.235705
107.6061,2.2000,1080.3359,0.235757
107.3691,2.2000,1080.2834,0.235806
107.1320,2.2000,1080.2311,0.235865
106.8945,2.2000,1080.1785,0.235922
106.6354,2.2000,1080.1211,0.235982
106.3977,2.2000,1080.0679,0.236036
106.1382,2.2000,1080.0099,0.236093
105.9001,2.2000,1079.9562,0.236158
105.6618,2.2000,1079.9026,0.236206
105.4016,2.2000,1079.8440,0.236256
105.1411,2.2000,1079.7854,0.236326
104.9019,2.2000,1079.7317,0.236392
104.5971,2.2000,1079.6633,0.236453
104.3575,2.2000,1079.6096,0.236513
104.0958,2.2000,1079.5510,0.236574
103.8557,2.2000,1079.4973,0.236626
103.6154,2.2000,1079.4436,0.236681
103.3530,2.2000,1079.3850,0.236740
103.1123,2.2000,1079.3313,0.236796
102.8494,2.2000,1079.2727,0.236870
102.6084,2.2000,1079.2189,0.236920
102.3450,2.2000,1079.1602,0.236972
102.1034,2.2000,1079.1064,0.237040
101.8398,2.2000,1079.0476,0.237088
101.5979,2.2000,1078.9937,0.237163
101.3118,2.2000,1078.9293,0.237219
101.0697,2.2000,1078.8746,0.237276
100.7393,2.2000,1078.7998,0.237368
100.4746,2.2000,1078.7397,0.237433
100.2316,2.2000,1078.6847,0.237488
99.9884,2.2000,1078.6296,0.237529
99.7228,2.2000,1078.5696,0.237595
99.4790,2.2000,1078.5143,0.237662
99.2352,2.2000,1078.4591,0.237715
98.9689,2.2000,1078.3988,0.237782
98.7246,2.2000,1078.3436,0.237836
98.4800,2.2000,1078.2886,0.237893
98.2130,2.2000,1078.2283,0.237955
97.9683,2.2000,1078.1726,0.238017
97.7233,2.2000,1078.1168,0.238079
97.4560,2.2000,1078.0557,0.238145
97.1661,2.2000,1077.9894,0.238210
96.8758,2.2000,1077.9227,0.238279
96.6077,2.2000,1077.8613,0.238346
96.3615,2.2000,1077.8049,0.238399
96.1150,2.2000,1077.7484,0.238443
95.8458,2.2000,1077.6869,0.238518
95.5987,2.2000,1077.6305,0.238586
95.3515,2.2000,1077.5741,0.238630
95.1040,2.2000,1077.5177,0.238696
94.8565,2.2000,1077.4611,0.238748
94.5861,2.2000,1077.3994,0.238824
94.3381,2.2000,1077.3429,0.238873
94.0674,2.2000,1077.2811,0.238938
93.8190,2.2000,1077.2245,0.238995
93.5481,2.2000,1077.1621,0.239062
93.2319,2.2000,1077.0889,0.239143
92.9833,2.2000,1077.0311,0.239203
92.7345,2.2000,1076.9731,0.239262
92.4626,2.2000,1076.9098,0.239321
92.2131,2.2000,1076.8517,0.239380
91.9634,2.2000,1076.7936,0.239444
91.7136,2.2000,1076.7354,0.239490
91.4636,2.2000,1076.6768,0.239557
91.1910,2.2000,1076.6125,0.239607
90.9409,2.2000,1076.5535,0.239676
90.6678,2.2000,1076.4890,0.239751
90.4171,2.2000,1076.4298,0.239805
90.1433,2.2000,1076.3651,0.239877
89.8920,2.2000,1076.3058,0.239930
89.6404,2.2000,1076.2466,0.240000
89.3657,2.2000,1076.1820,0.240070
89.1137,2.2000,1076.1228,0.240133
88.8614,2.2000,1076.0635,0.240200
88.5860,2.2000,1075.9988,0.240280
88.3334,2.2000,1075.9393,0.240334
88.0578,2.2000,1075.8739,0.240409
87.7822,2.2000,1075.8083,0.240484
87.5292,2.2000,1075.7480,0.240553
87.2760,2.2000,1075.6879,0.240612
87.0226,2.2000,1075.6274,0.240676
86.7458,2.2000,1075.5615,0.240753
86.4687,2.2000,1075.4956,0.240834
86.1913,2.2000,1075.4296,0.240899
85.9135,2.2000,1075.3634,0.240961
85.6356,2.2000,1075.2974,0.241040
85.3807,2.2000,1075.2368,0.241109
85.1023,2.2000,1075.1705,0.241172
84.8933,2.2000,1075.1211,0.241240
84.5913,2.2000,1075.0496,0.241316
84.3361,2.2000,1074.9891,0.241383
84.0584,2.2000,1074.9232,0.241469
83.8052,2.2000,1074.8628,0.241527
83.5309,2.2000,1074.7974,0.241611
83.2584,2.2000,1074.7327,0.241694
82.9875,2.2000,1074.6681,0.241751
82.7407,2.2000,1074.6090,0.241815
82.4735,2.2000,1074.5450,0.241894
82.2081,2.2000,1074.4818,0.241958
81.9663,2.2000,1074.4240,0.242033
81.7062,2.1990,1074.3636,0.242098
81.4676,2.1970,1074.3066,0.242170
81.2092,2.1948,1074.2444,0.242233
80.9739,2.1929,1074.1874,0.242297
80.7401,2.1909,1074.1306,0.242353
80.5078,2.1890,1074.0742,0.242417
80.2561,2.1869,1074.0126,0.242490
80.0269,2.1850,1073.9565,0.242543
79.7992,2.1831,1073.9009,0.242605
79.5525,2.1810,1073.8402,0.242665
79.3074,2.1789,1073.7798,0.242738
79.0437,2.1767,1073.7145,0.242799
78.7819,2.1745,1073.6499,0.242859
78.5619,2.1727,1073.5957,0.242929
78.3830,2.1712,1073.5516,0.242981
78.1063,2.1689,1073.4833,0.243062
77.9296,2.1674,1073.4393,0.243089
77.6955,2.1654,1073.3816,0.243154
77.4823,2.1636,1073.3290,0.243215
77.2706,2.1619,1073.2765,0.243264
77.0411,2.1599,1073.2200,0.243314
76.8324,2.1582,1073.1677,0.243373
76.6065,2.1563,1073.1113,0.243444
76.4007,2.1545,1073.0598,0.243507
76.1963,2.1528,1073.0084,0.243543
75.9747,2.1510,1072.9524,0.243606
75.7732,2.1493,1072.9011,0.243660
75.5551,2.1474,1072.8455,0.243715
75.3387,2.1456,1072.7898,0.243779
75.1419,2.1439,1072.7386,0.243830
74.9818,2.1425,1072.6967,0.243872
74.7347,2.1404,1072.6317,0.243939
74.5247,2.1386,1072.5760,0.243997
74.3335,2.1370,1072.5250,0.244054
74.1268,2.1352,1072.4695,0.244098
73.9386,2.1336,1072.4185,0.244154
73.7346,2.1318,1072.3628,0.244212
73.4987,2.1298,1072.2980,0.244270
73.3149,2.1282,1072.2469,0.244319
73.1324,2.1266,1072.1959,0.244363
72.9346,2.1249,1072.1406,0.244427
72.7547,2.1234,1072.0898,0.244464
72.5599,2.1217,1072.0347,0.244528
72.3666,2.1200,1071.9797,0.244573
72.1906,2.1184,1071.9292,0.244633
72.0004,2.1168,1071.8744,0.244677
71.8274,2.1153,1071.8240,0.244726
71.6557,2.1137,1071.7738,0.244779
71.4852,2.1122,1071.7234,0.244817
71.3006,2.1106,1071.6692,0.244876
71.1325,2.1091,1071.6193,0.244917
70.9655,2.1077,1071.5696,0.244964
70.7850,2.1061,1071.5155,0.245007
70.6505,2.1049,1071.4749,0.245050
70.4872,2.1034,1071.4255,0.245081
70.3102,2.1018,1071.3724,0.245138
70.1495,2.1004,1071.3232,0.245182
69.9757,2.0989,1071.2704,0.245225
69.8174,2.0974,1071.2216,0.245268
69.6463,2.0959,1071.1688,0.245313
69.4906,2.0945,1071.1205,0.245358
69.3223,2.0930,1071.0677,0.245403
69.1556,2.0915,1071.0150,0.245454
68.9494,2.0896,1070.9489,0.245508
68.7997,2.0883,1070.9003,0.245546
68.6512,2.0869,1070.8514,0.245578
68.4907,2.0855,1070.7985,0.245620
68.3314,2.0840,1070.7450,0.245670
68.1730,2.0826,1070.6918,0.245696
68.0155,2.0811,1070.6385,0.245751
67.8462,2.0795,1070.5809,0.245797
67.6910,2.0781,1070.5275,0.245838
67.5495,2.0768,1070.4785,0.245876
67.3960,2.0754,1070.4249,0.245915
67.2564,2.0741,1070.3756,0.245961
67.1053,2.0726,1070.3217,0.246002
66.9551,2.0712,1070.2678,0.246034
66.8180,2.0699,1070.2183,0.246070
66.6694,2.0685,1070.1647,0.246107
66.5341,2.0673,1070.1157,0.246154
66.3875,2.0659,1070.0623,0.246190
66.2418,2.0645,1070.0090,0.246228
66.0971,2.0631,1069.9557,0.246256
65.9533,2.0618,1069.9025,0.246302
65.8105,2.0604,1069.8492,0.246328
65.6805,2.0592,1069.8005,0.246369
65.5396,2.0578,1069.7472,0.246402
65.3995,2.0565,1069.6942,0.246442
65.2719,2.0553,1069.6458,0.246474
65.1335,2.0539,1069.5930,0.246510
64.9960,2.0526,1069.5405,0.246553
64.8591,2.0513,1069.4882,0.246582
64.7345,2.0501,1069.4408,0.246615
64.5994,2.0488,1069.3893,0.246649
64.4764,2.0476,1069.3423,0.246673
64.3432,2.0464,1069.2910,0.246717
64.2105,2.0504,1069.2355,0.246747
64.0897,2.0552,1069.1886,0.246789
63.9482,2.0608,1069.1344,0.246815
63.8293,2.0655,1069.0890,0.246849
63.7007,2.0705,1069.0397,0.246878
63.5835,2.0751,1068.9951,0.246908
63.4672,2.0797,1068.9504,0.246941
63.3609,2.0852,1068.8916,0.246967
63.2156,2.0893,1068.8348,0.247007
63.1025,2.0926,1068.7905,0.247041
62.9798,2.0961,1068.7421,0.247069
62.8682,2.0993,1068.6982,0.247103
62.7574,2.1025,1068.6543,0.247122
62.6376,2.1060,1068.6064,0.247148
62.5187,2.1095,1068.5588,0.247181
62.3714,2.1138,1068.4998,0.247219
62.2452,2.1176,1068.4489,0.247257
62.1392,2.1207,1068.4053,0.247285
62.0247,2.1242,1068.3582,0.247312
61.9112,2.1276,1068.3108,0.247340
61.8082,2.1308,1068.2677,0.247371
61.6967,2.1342,1068.2208,0.247396
61.5955,2.1373,1068.1774,0.247423
61.5028,2.1380,1068.1371,0.247452
61.3946,2.1383,1068.0891,0.247472
61.2875,2.1386,1068.0409,0.247501
61.1902,2.1390,1067.9966,0.247536
61.0935,2.1394,1067.9525,0.247558
60.9975,2.1398,1067.9081,0.247585
60.9019,2.1402,1067.8641,0.247611
60.7980,2.1406,1067.8165,0.247640
60.7034,2.1410,1067.7722,0.247670
60.6002,2.1415,1067.7239,0.247694
60.5054,2.1419,1067.6793,0.247718
60.4022,2.1424,1067.6309,0.247744
60.2992,2.1429,1067.5819,0.247772
60.2050,2.1434,1067.5366,0.247799
60.1112,2.1439,1067.4910,0.247822
60.0090,2.1445,1067.4407,0.247850
59.9068,2.1451,1067.3898,0.247876
59.8050,2.1458,1067.3386,0.247898
59.7132,2.1463,1067.2919,0.247930
59.6123,2.1467,1067.2393,0.247956
59.5119,2.1471,1067.1864,0.247988
59.4202,2.1475,1067.1375,0.248011
59.3203,2.1480,1067.0834,0.248038
59.2207,2.1486,1067.0286,0.248062
59.1298,2.1491,1066.9775,0.248090
59.0308,2.1498,1066.9216,0.248113
58.9566,2.1503,1066.8794,0.248141
58.8412,2.1510,1066.8137,0.248175
58.7507,2.1517,1066.7617,0.248195
58.6519,2.1524,1066.7048,0.248223
58.5121,2.1534,1066.6239,0.248263
58.4216,2.1540,1066.5714,0.248287
58.3310,2.1547,1066.5188,0.248312
58.2327,2.1555,1066.4604,0.248337
58.1425,2.1562,1066.4069,0.248373
58.0442,2.1570,1066.3483,0.248386
57.9219,2.1577,1066.2755,0.248424
57.8233,2.1582,1066.2163,0.248455
57.7329,2.1586,1066.1620,0.248485
57.6260,2.1590,1066.0974,0.248505
57.5354,2.1595,1066.0428,0.248531
57.4367,2.1599,1065.9832,0.248569
57.3218,2.1605,1065.9131,0.248597
57.2316,2.1610,1065.8572,0.248620
57.1330,2.1615,1065.7964,0.248649
57.0345,2.1620,1065.7354,0.248673
56.9444,2.1625,1065.6793,0.248701
56.8463,2.1631,1065.6172,0.248726
56.7563,2.1637,1065.5602,0.248752
56.6583,2.1643,1065.4979,0.248777
56.5684,2.1649,1065.4408,0.248805
56.4705,2.1655,1065.3782,0.248833
56.3728,2.1662,1065.3149,0.248859
56.2752,2.1669,1065.2513,0.248884
56.1866,2.1673,1065.1936,0.248910
56.0974,2.1675,1065.1351,0.248938
56.0006,2.1679,1065.0704,0.248969
55.9120,2.1683,1065.0110,0.248991
55.8154,2.1687,1064.9458,0.249022
55.7272,2.1691,1064.8859,0.249045
55.6313,2.1695,1064.8203,0.249077
55.5436,2.1700,1064.7596,0.249099
55.4479,2.1705,1064.6932,0.249128
55.3601,2.1709,1064.6322,0.249151
55.2490,2.1716,1064.5543,0.249189
55.1618,2.1721,1064.4932,0.249212
55.0904,2.1725,1064.4431,0.249233
54.9955,2.1730,1064.3760,0.249257
54.9091,2.1736,1064.3138,0.249281
54.8161,2.1743,1064.2455,0.249309
54.7234,2.1750,1064.1765,0.249333
54.6372,2.1757,1064.1135,0.249365
54.5451,2.1760,1064.0455,0.249384
54.4528,2.1764,1063.9760,0.249419
54.3678,2.1767,1063.9124,0.249439
54.2750,2.1770,1063.8428,0.249472
54.1826,2.1774,1063.7729,0.249496
54.0906,2.1778,1063.7028,0.249522
53.9986,2.1782,1063.6321,0.249550
53.9143,2.1786,1063.5673,0.249577
53.8224,2.1791,1063.4963,0.249601
53.7383,2.1795,1063.4313,0.249625
53.6391,2.1799,1063.3544,0.249660
53.5480,2.1805,1063.2827,0.249686
53.4647,2.1809,1063.2168,0.249711
53.3813,2.1814,1063.1505,0.249739
53.2981,2.1819,1063.0845,0.249762
53.2076,2.1825,1063.0121,0.249787
53.1251,2.1830,1062.9456,0.249809
53.0431,2.1836,1062.8782,0.249837
52.9547,2.1840,1062.8055,0.249867
52.8733,2.1842,1062.7378,0.249888
52.7913,2.1845,1062.6689,0.249914
52.6967,2.1849,1062.5867,0.249940
52.5865,2.1853,1062.4928,0.249978
52.4980,2.1857,1062.4180,0.250007
52.4174,2.1860,1062.3490,0.250033
52.3295,2.1863,1062.2736,0.250057
52.2491,2.1867,1062.2046,0.250079
52.1690,2.1871,1062.1348,0.250110
52.0891,2.1875,1062.0649,0.250134
52.0023,2.1879,1061.9884,0.250158
51.9235,2.1884,1061.9180,0.250183
51.8379,2.1889,1061.8411,0.250210
51.7598,2.1895,1061.7698,0.250237
51.6676,2.1901,1061.6857,0.250263
51.5897,2.1906,1061.6141,0.250289
51.5114,2.1912,1061.5427,0.250316
51.4266,2.1914,1061.4656,0.250339
51.3413,2.1916,1061.3875,0.250373
51.2636,2.1918,1061.3149,0.250395
51.1789,2.1920,1061.2358,0.250420
51.0942,2.1922,1061.1565,0.250450
51.0172,2.1925,1061.0833,0.250474
50.9338,2.1928,1061.0028,0.250502
50.8576,2.1931,1060.9290,0.250528
50.7640,2.2234,1060.8546,0.250552
50.6873,2.2245,1060.7823,0.250572
50.6107,2.2257,1060.7090,0.250600
50.5269,2.2269,1060.6285,0.250627
50.4554,2.2263,1060.5554,0.250653
50.3722,2.2258,1060.4735,0.250678
50.2893,2.2253,1060.3915,0.250707
50.1925,2.2248,1060.2949,0.250737
50.1028,2.2243,1060.2052,0.250766
50.0274,2.2239,1060.1288,0.250792
49.9454,2.2234,1060.0453,0.250821
49.8704,2.2231,1059.9689,0.250845
49.7953,2.2227,1059.8923,0.250866
49.7133,2.2222,1059.8088,0.250893
49.6335,2.2212,1059.7252,0.250923
49.5587,2.2201,1059.6473,0.250944
49.4834,2.2190,1059.5690,0.250973
49.4017,2.2180,1059.4834,0.250999
49.3273,2.2171,1059.4042,0.251026
49.2467,2.2161,1059.3179,0.251054
49.1733,2.2153,1059.2378,0.251077
49.1002,2.2145,1059.1573,0.251101
49.0208,2.2136,1059.0697,0.251131
48.9418,2.2128,1058.9816,0.251158
48.8635,2.2117,1058.8936,0.251184
48.7902,2.2106,1058.8130,0.251209
48.7047,2.2094,1058.7158,0.251240
48.6269,2.2084,1058.6250,0.251269
48.5489,2.2074,1058.5337,0.251297
48.4773,2.2066,1058.4501,0.251318
48.3993,2.2057,1058.3580,0.251346
48.3278,2.2049,1058.2734,0.251374
48.2499,2.2040,1058.1810,0.251398
48.1729,2.2031,1058.0881,0.251426
48.1019,2.2021,1058.0023,0.251450
48.0261,2.2020,1057.9032,0.251484
47.9492,2.2023,1057.8082,0.251504
47.8788,2.2026,1057.7209,0.251536
47.8022,2.2029,1057.6257,0.251561
47.7323,2.2033,1057.5377,0.251587
47.6564,2.2037,1057.4412,0.251618
47.5869,2.2040,1057.3525,0.251642
47.5116,2.2045,1057.2548,0.251674
47.4427,2.2050,1057.1649,0.251698
47.3748,2.2053,1057.0759,0.251723
47.3003,2.2054,1056.9768,0.251753
47.2321,2.2055,1056.8856,0.251778
47.1641,2.2056,1056.7943,0.251804
47.0903,2.2057,1056.6936,0.251835
47.0227,2.2059,1056.6011,0.251860
46.9186,2.2062,1056.4570,0.251898
46.8454,2.2064,1056.3549,0.251929
46.7782,2.2066,1056.2607,0.251956
46.7116,2.2069,1056.1658,0.251982
46.6393,2.2073,1056.0620,0.252012
46.5738,2.2076,1055.9663,0.252040
46.5026,2.2081,1055.8612,0.252068
46.4315,2.2085,1055.7560,0.252097
46.3669,2.2090,1055.6591,0.252121
46.2905,2.2096,1055.5436,0.252157
46.2274,2.2095,1055.4633,0.252177
46.1665,2.2094,1055.3724,0.252204
46.0988,2.2103,1055.2496,0.252235
46.0111,2.2115,1055.1340,0.252271
45.9310,2.2143,1055.0065,0.252302
45.8632,2.2168,1054.8970,0.252335
45.8016,2.2190,1054.7958,0.252359
45.7402,2.2213,1054.6941,0.252388
45.6789,2.2236,1054.5924,0.252415
45.6176,2.2259,1054.4899,0.252442
45.5565,2.2282,1054.3871,0.252471
45.4924,2.2297,1054.2799,0.252500
45.4296,2.2300,1054.1743,0.252530
45.3638,2.2312,1054.0602,0.252559
45.2986,2.2324,1053.9454,0.252587
45.2392,2.2335,1053.8402,0.252620
45.1747,2.2348,1053.7249,0.252647
45.1159,2.2359,1053.6184,0.252675
45.0518,2.2372,1053.5026,0.252707
45.0038,2.2381,1053.4153,0.252732
44.9456,2.2393,1053.3082,0.252756
44.8825,2.2406,1053.1907,0.252791
44.8242,2.2413,1053.0837,0.252820
44.7670,2.2422,1052.9747,0.252845
44.7051,2.2432,1052.8558,0.252875
44.6439,2.2442,1052.7360,0.252909
44.5831,2.2452,1052.6158,0.252939
44.5277,2.2462,1052.5054,0.252969
44.4677,2.2472,1052.3849,0.252998
44.4138,2.2484,1052.2611,0.253029
44.3600,2.2492,1052.1495,0.253059
44.3065,2.2500,1052.0369,0.253085
44.2452,2.2508,1051.9037,0.253118
44.1832,2.2513,1051.7689,0.253155
44.1454,2.2517,1051.6859,0.253177
44.0889,2.2522,1051.5607,0.253209
44.0329,2.2527,1051.4347,0.253242
43.9772,2.2532,1051.3085,0.253273
43.9219,2.2538,1051.1810,0.253304
43.8715,2.2543,1051.0642,0.253331
43.8215,2.2549,1050.9463,0.253364
43.7672,2.2555,1050.8174,0.253396
43.7183,2.2560,1050.6991,0.253425
43.6648,2.2564,1050.5690,0.253459
43.6161,2.2569,1050.4490,0.253486
43.5635,2.2574,1050.3175,0.253520
43.5158,2.2578,1050.1969,0.253549
43.4641,2.2584,1050.0638,0.253582
43.4171,2.2589,1049.9420,0.253610
43.3664,2.2595,1049.8077,0.253645
43.3203,2.2600,1049.6847,0.253675
43.2748,2.2606,1049.5608,0.253705
43.2256,2.2613,1049.4250,0.253739
43.1812,2.2617,1049.3003,0.253770
43.1370,2.2621,1049.1746,0.253800
43.0892,2.2625,1049.0365,0.253832
43.0460,2.2630,1048.9097,0.253864
43.0032,2.2635,1048.7819,0.253896
42.9609,2.2640,1048.6537,0.253928
42.9040,2.2647,1048.4775,0.253970
42.8592,2.2653,1048.3362,0.254004
42.8150,2.2659,1048.1936,0.254038
42.7750,2.2666,1048.0638,0.254070
42.7357,2.2667,1047.9321,0.254100
42.6935,2.2669,1047.7876,0.254135
42.6556,2.2671,1047.6545,0.254167
42.6184,2.2673,1047.5209,0.254197
42.5786,2.2676,1047.3743,0.254233
42.5427,2.2678,1047.2390,0.254266
42.5043,2.2682,1047.0911,0.254301
42.4698,2.2685,1046.9546,0.254334
42.4358,2.2688,1046.8177,0.254366
42.3966,2.2692,1046.6691,0.254400
42.3605,2.2693,1046.5183,0.254436
42.3279,2.2693,1046.3792,0.254469
42.2904,2.2693,1046.2277,0.254505
42.2558,2.2692,1046.0745,0.254544
42.2190,2.2692,1045.9081,0.254579
42.1856,2.2691,1045.7534,0.254617
42.1557,2.2691,1045.6113,0.254652
42.1238,2.2691,1045.4553,0.254688
42.0969,2.2693,1045.3124,0.254722
42.0666,2.2690,1045.1548,0.254760
42.0395,2.2687,1045.0100,0.254789
42.0132,2.2685,1044.8644,0.254826
41.9851,2.2682,1044.7051,0.254860
41.9555,2.2679,1044.5314,0.254902
41.9310,2.2677,1044.3840,0.254937
41.8985,2.2674,1044.1819,0.254981
41.8723,2.2675,1044.0175,0.255021
41.8537,2.2684,1043.8594,0.255060
41.8291,2.2660,1043.6953,0.255094
41.8055,2.2635,1043.5305,0.255135
41.7850,2.2613,1043.3787,0.255170
41.7653,2.2592,1043.2263,0.255204
41.7446,2.2568,1043.0591,0.255243
41.7311,2.2552,1042.8849,0.255284
41.7137,2.2560,1042.7305,0.255318
41.6967,2.2569,1042.5756,0.255353
41.6787,2.2578,1042.4056,0.255392
41.6629,2.2587,1042.2493,0.255431
41.6464,2.2595,1042.0787,0.255467
41.6318,2.2600,1041.9208,0.255502
41.6165,2.2605,1041.7479,0.255543
41.6018,2.2611,1041.5743,0.255583
41.5874,2.2617,1041.3999,0.255625
41.5735,2.2624,1041.2249,0.255663
41.5614,2.2630,1041.0635,0.255698
41.5423,2.2639,1040.8848,0.255740
41.5330,2.2658,1040.7231,0.255774
41.5220,2.2672,1040.5448,0.255815
41.5126,2.2686,1040.3809,0.255854
41.5028,2.2701,1040.2010,0.255895
41.4944,2.2715,1040.0359,0.255932
41.4855,2.2735,1039.8534,0.255974
41.4776,2.2758,1039.6718,0.256013
41.4708,2.2781,1039.5043,0.256051
41.4639,2.2805,1039.3210,0.256096
41.4573,2.2830,1039.1368,0.256136
41.4530,2.2847,1038.9685,0.256172
41.4468,2.2867,1038.7672,0.256216
41.4433,2.2885,1038.5597,0.256265
41.4361,2.2810,1038.2465,0.256337
41.4334,2.2769,1038.0732,0.256377
41.4310,2.2724,1037.8834,0.256420
41.4291,2.2683,1037.7087,0.256457
41.4277,2.2636,1037.5016,0.256503
41.4174,2.2624,1037.3173,0.256544
41.4178,2.2626,1037.1294,0.256587
41.4174,2.2604,1036.9360,0.256630
41.4179,2.2584,1036.7585,0.256668
41.4193,2.2562,1036.5638,0.256714
41.4215,2.2541,1036.3688,0.256757
41.4251,2.2517,1036.1565,0.256804
41.4298,2.2495,1035.9440,0.256852
41.4274,2.2200,1035.7444,0.256897
41.4410,2.2146,1035.4517,0.256964
41.4515,2.2131,1035.2543,0.257005
41.4636,2.2114,1035.0253,0.257058
41.4714,2.2103,1034.8784,0.257091
41.4814,2.2090,1034.6997,0.257132
41.4927,2.2076,1034.5055,0.257176
41.5045,2.2061,1034.3119,0.257220
41.5161,2.2048,1034.1353,0.257261
41.5315,2.1997,1033.8934,0.257313
41.5462,2.1997,1033.7026,0.257354
41.5612,2.1997,1033.5126,0.257397
41.5763,2.1996,1033.3401,0.257437
41.5924,2.1996,1033.1681,0.257473
41.6096,2.1996,1032.9819,0.257513
41.6253,2.1996,1032.8124,0.257550
41.6429,2.1996,1032.6284,0.257595
41.6608,2.1996,1032.4454,0.257635
41.6807,2.1996,1032.2484,0.257679
41.6993,2.1996,1032.0674,0.257719
41.7162,2.1996,1031.9023,0.257755
41.7361,2.1996,1031.7086,0.257797
41.7531,2.1996,1031.5459,0.257833
41.7723,2.1996,1031.3689,0.257873
41.7910,2.1996,1031.2081,0.257909
41.8109,2.1996,1031.0336,0.257950
41.8309,2.1996,1030.8605,0.257987
41.8493,2.1996,1030.7018,0.258020
41.8689,2.1995,1030.5297,0.258058
41.8875,2.1995,1030.3574,0.258097
41.9043,2.1995,1030.2003,0.258133
41.9234,2.1995,1030.0299,0.258170
41.9432,2.1995,1029.8601,0.258207
41.9631,2.1995,1029.6904,0.258246
41.9828,2.1995,1029.5215,0.258282
42.0008,2.1995,1029.3668,0.258314
42.0202,2.1995,1029.1980,0.258354
42.0396,2.1995,1029.0292,0.258389
42.0589,2.1995,1028.8605,0.258428
42.0783,2.1995,1028.6921,0.258465
42.0976,2.1995,1028.5243,0.258502
42.1168,2.1995,1028.3566,0.258538
42.1344,2.1995,1028.2031,0.258575
42.1523,2.1995,1028.0365,0.258610
42.1689,2.1995,1027.8831,0.258648
42.1881,2.1995,1027.7159,0.258681
42.2080,2.1995,1027.5494,0.258718
42.2282,2.1995,1027.3833,0.258753
42.2535,2.1995,1027.1757,0.258803
42.2738,2.1995,1027.0095,0.258837
42.2942,2.1995,1026.8435,0.258878
42.3164,2.1995,1026.6632,0.258915
42.3369,2.1995,1026.4965,0.258953
42.3574,2.1995,1026.3295,0.258992
42.3778,2.1995,1026.1621,0.259027
42.3980,2.1995,1025.9941,0.259065
42.4162,2.1995,1025.8398,0.259097
42.4375,2.1995,1025.6573,0.259141
42.4569,2.1995,1025.4889,0.259179
42.4762,2.1995,1025.3203,0.259215
42.4937,2.1995,1025.1658,0.259247
42.5129,2.1995,1024.9963,0.259287
42.5305,2.1995,1024.8406,0.259321
42.5497,2.1995,1024.6707,0.259357
42.5674,2.1995,1024.5149,0.259392
42.5868,2.1995,1024.3450,0.259434
42.6046,2.1995,1024.1892,0.259469
42.6241,2.1995,1024.0192,0.259503
42.6419,2.1995,1023.8627,0.259538
42.6613,2.1995,1023.6913,0.259580
42.6793,2.1995,1023.5342,0.259614
42.6988,2.1995,1023.3629,0.259652
42.7168,2.1995,1023.2057,0.259687
42.7366,2.1995,1023.0344,0.259727
42.7547,2.1995,1022.8770,0.259759
42.7729,2.1995,1022.7188,0.259794
42.7928,2.1995,1022.5463,0.259835
42.8110,2.1995,1022.3879,0.259870
42.8292,2.1995,1022.2295,0.259907
42.8491,2.1995,1022.0566,0.259945
42.8693,2.1995,1021.8832,0.259984
42.8878,2.1995,1021.7242,0.260022
42.9116,2.1995,1021.5218,0.260066
42.9304,2.1995,1021.3625,0.260101
42.9509,2.1995,1021.1883,0.260142
42.9715,2.1995,1021.0141,0.260181
42.9905,2.1995,1020.8544,0.260217
43.0115,2.1995,1020.6801,0.260255
43.0325,2.1995,1020.5056,0.260295
43.0518,2.1995,1020.3458,0.260332
43.0747,2.1995,1020.1565,0.260376
43.0960,2.1995,1019.9817,0.260416
43.1156,2.1995,1019.8215,0.260450
43.1371,2.1995,1019.6468,0.260490
43.1587,2.1995,1019.4720,0.260528
43.1806,2.1995,1019.2971,0.260571
43.2029,2.1995,1019.1221,0.260610
43.2236,2.1995,1018.9616,0.260648
43.2484,2.1995,1018.7719,0.260690
43.2714,2.1995,1018.5966,0.260731
43.2943,2.1996,1018.4210,0.260771
43.3173,2.1996,1018.2452,0.260812
43.3403,2.1996,1018.0690,0.260848
43.3612,2.1996,1017.9073,0.260888
43.3856,2.1996,1017.7163,0.260931
43.4081,2.1996,1017.5396,0.260970
43.4288,2.1996,1017.3777,0.261006
43.4515,2.1996,1017.2014,0.261049
43.4742,2.1996,1017.0253,0.261086
43.5044,2.1996,1016.7917,0.261141
43.5268,2.1996,1016.6174,0.261180
43.5473,2.1996,1016.4585,0.261218
43.5695,2.1996,1016.2864,0.261257
43.5914,2.1996,1016.1157,0.261297
43.6112,2.1996,1015.9603,0.261333
43.6327,2.1996,1015.7924,0.261371
43.6557,2.1996,1015.6118,0.261413
43.6748,2.1996,1015.4604,0.261447
43.6953,2.1996,1015.2966,0.261484
43.7137,2.1996,1015.1476,0.261520
43.7334,2.1996,1014.9863,0.261557
43.7528,2.1996,1014.8265,0.261592
43.7720,2.1996,1014.6681,0.261627
43.7909,2.1996,1014.5111,0.261663
43.8050,2.1996,1014.3943,0.261690
43.8236,2.1996,1014.2399,0.261727
43.8420,2.1996,1014.0867,0.261762
43.8601,2.1996,1013.9350,0.261798
43.8765,2.1996,1013.7971,0.261827
43.8941,2.1996,1013.6479,0.261862
43.9100,2.1996,1013.5125,0.261894
43.9270,2.1996,1013.3660,0.261928
43.9439,2.1996,1013.2209,0.261962
43.9606,2.1996,1013.0772,0.261996
43.9758,2.1996,1012.9468,0.262025
43.9925,2.1996,1012.8060,0.262058
44.0090,2.1996,1012.6666,0.262089
44.0256,2.1996,1012.5286,0.262122
44.0423,2.1996,1012.3917,0.262153
44.0590,2.1996,1012.2559,0.262185
44.0756,2.1997,1012.1212,0.262217
44.0907,2.1997,1011.9983,0.262245
44.1072,2.1997,1011.8651,0.262276
44.1234,2.1997,1011.7330,0.262306
44.1383,2.1997,1011.6129,0.262333
44.1543,2.1997,1011.4826,0.262366
44.1689,2.1997,1011.3638,0.262394
44.1848,2.1997,1011.2349,0.262423
44.1993,2.1997,1011.1174,0.262449
44.2150,2.1997,1010.9899,0.262478
44.2320,2.1997,1010.8523,0.262512
44.2463,2.1997,1010.7364,0.262537
44.2672,2.1997,1010.5687,0.262577
44.2816,2.1997,1010.4540,0.262603
44.2974,2.1997,1010.3295,0.262632
44.3118,2.1997,1010.2158,0.262658
44.3274,2.1997,1010.0926,0.262686
44.3429,2.1997,1009.9700,0.262714
44.3569,2.1997,1009.8582,0.262742
44.3721,2.1997,1009.7369,0.262768
44.3898,2.1997,1009.5962,0.262801
44.4035,2.1997,1009.4863,0.262827
44.4185,2.1997,1009.3669,0.262855
44.4322,2.1997,1009.2581,0.262880
44.4469,2.1997,1009.1405,0.262907
44.4604,2.1997,1009.0334,0.262932
44.4774,2.1997,1008.8978,0.262964
44.4919,2.1997,1008.7822,0.262990
44.5052,2.1997,1008.6768,0.263015
44.5197,2.1997,1008.5621,0.263041
44.5342,2.1997,1008.4474,0.263069
44.5474,2.1997,1008.3420,0.263092
44.5631,2.1997,1008.2177,0.263120
44.5778,2.1997,1008.1030,0.263147
44.5936,2.1997,1007.9788,0.263176
44.6071,2.1997,1007.8738,0.263201
44.6219,2.1997,1007.7589,0.263227
44.6368,2.1997,1007.6442,0.263255
44.6517,2.1997,1007.5297,0.263279
44.6667,2.1997,1007.4149,0.263308
44.6804,2.1997,1007.3099,0.263330
44.6954,2.1998,1007.1953,0.263357
44.7105,2.1998,1007.0804,0.263384
44.7243,2.1998,1006.9751,0.263409
44.7393,2.1998,1006.8602,0.263436
44.7542,2.1998,1006.7452,0.263464
44.7678,2.1998,1006.6393,0.263487
44.7828,2.1998,1006.5236,0.263515
44.7965,2.1998,1006.4174,0.263538
44.8116,2.1998,1006.3011,0.263567
44.8294,2.1998,1006.1653,0.263597
44.8449,2.1998,1006.0483,0.263625
44.8605,2.1998,1005.9310,0.263653
44.8763,2.1998,1005.8132,0.263678
44.8909,2.1998,1005.7051,0.263705
44.9084,2.1998,1005.5767,0.263733
44.9248,2.1998,1005.4577,0.263762
44.9413,2.1998,1005.3385,0.263789
44.9566,2.1998,1005.2288,0.263815
44.9735,2.1998,1005.1088,0.263843
44.9906,2.1998,1004.9883,0.263872
45.0064,2.1998,1004.8776,0.263898
45.0239,2.1999,1004.7564,0.263925
45.0400,2.1999,1004.6448,0.263954
45.0578,2.1999,1004.5229,0.263980
45.0758,2.1999,1004.4006,0.264009
45.0927,2.1999,1004.2884,0.264035
45.1116,2.1999,1004.1656,0.264064
45.1310,2.1999,1004.0427,0.264092
45.1525,2.1999,1003.9091,0.264123
45.1728,2.1999,1003.7855,0.264154
45.1916,2.1999,1003.6720,0.264179
45.2127,2.1999,1003.5475,0.264209
45.2341,2.1998,1003.4229,0.264238
45.2540,2.1998,1003.3080,0.264266
45.2761,2.1998,1003.1829,0.264296
45.2988,2.1997,1003.0574,0.264325
45.3204,2.1997,1002.9426,0.264351
45.3446,2.1997,1002.8167,0.264380
45.3697,2.1996,1002.6912,0.264411
45.3979,2.1996,1002.5547,0.264442
45.4249,2.1996,1002.4289,0.264472
45.4529,2.1995,1002.3027,0.264504
45.4817,2.1995,1002.1765,0.264534
45.5088,2.1995,1002.0607,0.264562
45.5391,2.1995,1001.9341,0.264592
45.5728,2.1994,1001.7969,0.264626
45.6046,2.1994,1001.6701,0.264653
45.6369,2.1994,1001.5430,0.264686
45.6697,2.1994,1001.4157,0.264716
45.7004,2.1994,1001.2991,0.264746
45.7343,2.1993,1001.1718,0.264776
45.7659,2.1993,1001.0553,0.264802
45.8010,2.1993,1000.9282,0.264833
45.8365,2.1993,1000.8007,0.264863
45.8696,2.1993,1000.6837,0.264893
45.9033,2.1993,1000.5667,0.264919
45.9405,2.1993,1000.4391,0.264950
45.9782,2.1992,1000.3113,0.264983
46.0131,2.1992,1000.1941,0.265008
46.0516,2.1992,1000.0662,0.265040
46.0872,2.1992,999.9489,0.265071
46.1264,2.1992,999.8208,0.265098
46.1658,2.1992,999.6927,0.265129
46.2056,2.1992,999.5641,0.265160
46.2421,2.1992,999.4460,0.265188
46.2852,2.1992,999.3058,0.265223
46.3217,2.1992,999.1870,0.265251
46.3613,2.1992,999.0568,0.265283
46.4008,2.1991,998.9265,0.265311
46.4498,2.1991,998.7626,0.265353
46.4888,2.1991,998.6307,0.265381
46.5275,2.1991,998.4987,0.265417
46.5625,2.1991,998.3773,0.265443
46.6036,2.1991,998.2331,0.265477
46.6412,2.1991,998.0997,0.265507
46.6757,2.1991,997.9773,0.265534
46.7130,2.1990,997.8438,0.265568
46.7473,2.1990,997.7212,0.265598
46.7849,2.1989,997.5872,0.265627
46.8227,2.1989,997.4531,0.265657
46.8575,2.1988,997.3301,0.265686
46.9050,2.1987,997.1623,0.265730
46.9428,2.1987,997.0278,0.265758
46.9803,2.1986,996.8930,0.265790
47.0143,2.1985,996.7695,0.265820
47.0510,2.1985,996.6346,0.265850
47.0844,2.1984,996.5114,0.265877
47.1206,2.1983,996.3771,0.265910
47.1564,2.1983,996.2429,0.265941
47.1890,2.1982,996.1202,0.265970
47.2242,2.1981,995.9863,0.266002
47.2591,2.1981,995.8529,0.266031
47.2907,2.1980,995.7306,0.266062
47.3249,2.1979,995.5973,0.266090
47.3588,2.1979,995.4644,0.266119
47.3896,2.1978,995.3428,0.266150
47.4230,2.1977,995.2103,0.266180
47.4562,2.1977,995.0782,0.266211
47.4891,2.1976,994.9462,0.266240
47.5190,2.1975,994.8254,0.266268
47.5513,2.1975,994.6938,0.266298
47.5833,2.1974,994.5626,0.266330
47.6149,2.1973,994.4319,0.266359
47.6460,2.1973,994.3018,0.266391
47.6767,2.1972,994.1722,0.266418
47.7045,2.1971,994.0541,0.266446
47.7270,2.1971,993.9579,0.266468
47.7543,2.1970,993.8408,0.266494
47.7839,2.1969,993.7137,0.266526
47.8110,2.1969,993.5980,0.266551
47.8454,2.1968,993.4518,0.266587
47.8747,2.1967,993.3273,0.266613
47.9014,2.1967,993.2137,0.266641
47.9303,2.1966,993.0902,0.266669
47.9589,2.1965,992.9673,0.266697
47.9848,2.1965,992.8550,0.266724
48.0131,2.1964,992.7325,0.266753
48.0405,2.1964,992.6114,0.266780
48.0680,2.1963,992.4902,0.266808
48.0929,2.1962,992.3793,0.266834
48.1177,2.1961,992.2687,0.266856
48.1446,2.1960,992.1483,0.266887
48.1713,2.1959,992.0280,0.266912
48.1978,2.1958,991.9078,0.266944
48.2220,2.1957,991.7980,0.266968
48.2460,2.1956,991.6883,0.266991
48.2808,2.1954,991.5289,0.267028
48.3046,2.1953,991.4196,0.267053
48.3240,2.1952,991.3303,0.267073
48.3497,2.1951,991.2115,0.267101
48.3753,2.1950,991.0928,0.267131
48.4007,2.1949,990.9742,0.267159
48.4260,2.1948,990.8560,0.267186
48.4490,2.1947,990.7478,0.267209
48.4740,2.1946,990.6297,0.267237
48.4968,2.1945,990.5215,0.267264
48.5215,2.1944,990.4040,0.267290
48.5440,2.1943,990.2963,0.267316
48.5685,2.1942,990.1791,0.267344
48.5908,2.1941,990.0715,0.267367
48.6232,2.1939,989.9155,0.267404
48.6455,2.1938,989.8085,0.267427
48.6699,2.1937,989.6921,0.267456
48.6924,2.1936,989.5856,0.267481
48.7170,2.1935,989.4695,0.267506
48.7417,2.1934,989.3534,0.267532
48.7665,2.1933,989.2374,0.267559
48.7913,2.1932,989.1215,0.267591
48.8141,2.1931,989.0151,0.267610
48.8390,2.1930,988.8992,0.267637
48.8639,2.1929,988.7832,0.267668
48.8888,2.1928,988.6672,0.267692
48.9116,2.1927,988.5609,0.267715
48.9365,2.1926,988.4449,0.267746
48.9654,2.1925,988.3095,0.267777
48.9901,2.1923,988.1934,0.267804
49.0147,2.1922,988.0773,0.267831
49.0392,2.1921,987.9612,0.267858
49.0616,2.1920,987.8547,0.267882
49.0860,2.1919,987.7386,0.267907
49.1104,2.1918,987.6226,0.267938
49.1348,2.1917,987.5067,0.267965
49.1572,2.1916,987.4004,0.267990
49.1818,2.1915,987.2845,0.268016
49.2043,2.1913,987.1783,0.268039
49.2291,2.1912,987.0625,0.268067
49.2538,2.1911,986.9467,0.268094
49.2785,2.1910,986.8308,0.268124
49.3012,2.1909,986.7246,0.268147
49.3259,2.1908,986.6086,0.268175
49.3485,2.1907,986.5024,0.268201
49.3732,2.1905,986.3864,0.268225
49.3959,2.1904,986.2800,0.268253
49.4205,2.1903,986.1640,0.268278
49.4432,2.1902,986.0576,0.268303
49.4681,2.1902,985.9409,0.268326
49.4927,2.1903,985.8256,0.268355
49.5157,2.1901,985.7195,0.268381
49.5410,2.1899,985.6036,0.268410
49.5642,2.1898,985.4973,0.268434
49.5895,2.1896,985.3812,0.268458
49.6127,2.1895,985.2747,0.268485
49.6400,2.1893,985.1486,0.268515
49.6631,2.1891,985.0419,0.268541
49.6883,2.1890,984.9254,0.268565
49.7113,2.1888,984.8187,0.268591
49.7364,2.1886,984.7021,0.268620
49.7593,2.1885,984.5953,0.268645
49.7842,2.1883,984.4788,0.268669
49.8071,2.1882,984.3719,0.268694
49.8319,2.1880,984.2554,0.268718
49.8547,2.1878,984.1486,0.268745
49.8776,2.1877,984.0418,0.268774
49.9025,2.1875,983.9253,0.268802
49.9254,2.1874,983.8184,0.268823
49.9502,2.1872,983.7018,0.268851
49.9730,2.1870,983.5950,0.268874
49.9979,2.1869,983.4785,0.268907
50.0227,2.1867,983.3620,0.268930
50.0455,2.1866,983.2551,0.268955
50.0682,2.1864,983.1483,0.268979
50.0931,2.1862,983.0318,0.269008
50.1181,2.1861,982.9153,0.269033
50.1432,2.1862,982.7982,0.269061
50.1664,2.1863,982.6909,0.269085
50.1917,2.1868,982.5739,0.269114
50.2148,2.1873,982.4672,0.269139
50.2400,2.1879,982.3509,0.269164
50.2654,2.1885,982.2346,0.269192
50.2909,2.1891,982.1184,0.269220
50.3144,2.1896,982.0119,0.269242
50.3401,2.1902,981.8957,0.269271
50.3658,2.1908,981.7795,0.269302
50.3937,2.1914,981.6537,0.269329
50.4175,2.1920,981.5472,0.269354
50.4435,2.1926,981.4313,0.269381
50.4675,2.1931,981.3249,0.269409
50.4938,2.1937,981.2089,0.269431
50.5201,2.1943,981.0928,0.269457
50.5442,2.1948,980.9863,0.269483
50.5704,2.1954,980.8700,0.269513
50.5953,2.2158,980.7546,0.269539
50.6198,2.1962,980.6481,0.269564
50.6456,2.1965,980.5318,0.269590
50.6711,2.1968,980.4139,0.269618
50.6973,2.1971,980.2866,0.269648
50.7199,2.1974,980.1790,0.269671
50.7444,2.1976,980.0617,0.269700
50.7666,2.1979,979.9541,0.269727
50.7910,2.1982,979.8369,0.269752
50.8132,2.1985,979.7294,0.269775
50.8372,2.1988,979.6121,0.269803
50.8592,2.1990,979.5045,0.269827
50.8830,2.1993,979.3871,0.269855
50.9068,2.1996,979.2698,0.269884
50.9303,2.1999,979.1523,0.269909
50.9531,2.2000,979.0356,0.269938
50.9745,2.2000,978.9279,0.269962
50.9998,2.2000,978.8007,0.269991
51.0229,2.2000,978.6832,0.270024
51.0516,2.2000,978.5363,0.270055
51.0744,2.2000,978.4187,0.270078
51.0948,2.2000,978.3096,0.270106
51.1176,2.2000,978.1902,0.270131
51.1388,2.2000,978.0820,0.270156
51.1599,2.2000,977.9639,0.270185
51.1807,2.2000,977.8451,0.270213
51.1999,2.2000,977.7363,0.270238
51.2209,2.2000,977.6178,0.270262
51.2400,2.2000,977.5095,0.270290
51.2608,2.2000,977.3914,0.270315
51.2814,2.2000,977.2736,0.270342
51.3020,2.2000,977.1560,0.270375
51.3225,2.2000,977.0386,0.270397
51.3449,2.2000,976.9116,0.270431
51.3637,2.2000,976.8040,0.270454
51.3842,2.2000,976.6866,0.270480
51.4045,2.2000,976.5695,0.270510
51.4231,2.2000,976.4622,0.270537
51.4432,2.2000,976.3455,0.270565
51.4683,2.2000,976.1998,0.270594
51.4867,2.2000,976.0930,0.270624
51.5067,2.2000,975.9765,0.270649
51.5265,2.2000,975.8600,0.270676
51.5446,2.2000,975.7532,0.270700
51.5644,2.2000,975.6368,0.270724
51.5840,2.2000,975.5209,0.270752
51.6052,2.2000,975.3954,0.270784
51.6247,2.2000,975.2797,0.270811
51.6426,2.2000,975.1737,0.270835
51.6622,2.2000,975.0581,0.270863
51.6816,2.2000,974.9424,0.270890
51.7010,2.2000,974.8268,0.270915
51.7219,2.2000,974.7015,0.270947
51.7410,2.2000,974.5858,0.270974
51.7584,2.2000,974.4797,0.270995
51.7758,2.2000,974.3737,0.271020
51.7946,2.2000,974.2579,0.271048
51.8132,2.2000,974.1420,0.271075
51.8300,2.2000,974.0358,0.271101
51.8482,2.2000,973.9198,0.271128
51.8662,2.2000,973.8037,0.271153
51.8840,2.2000,973.6876,0.271183
51.9003,2.2000,973.5812,0.271209
51.9179,2.2000,973.4650,0.271234
51.9368,2.2000,973.3393,0.271265
51.9542,2.2000,973.2232,0.271289
51.9715,2.2000,973.1074,0.271318
51.9875,2.2000,973.0013,0.271339
52.0050,2.2000,972.8856,0.271370
52.0210,2.2000,972.7797,0.271392
52.0385,2.2000,972.6642,0.271420
52.0562,2.2000,972.5491,0.271449
52.0722,2.2000,972.4435,0.271472
52.0896,2.2000,972.3283,0.271497
52.1068,2.2000,972.2131,0.271527
52.1240,2.2000,972.0980,0.271553
52.1396,2.2000,971.9924,0.271576
52.1552,2.2000,971.8868,0.271597
52.1721,2.2000,971.7717,0.271629
52.1875,2.2000,971.6661,0.271648
52.2029,2.2000,971.5604,0.271675
52.2196,2.2000,971.4452,0.271703
52.2362,2.2000,971.3300,0.271736
52.2514,2.2000,971.2244,0.271753
52.2679,2.2000,971.1091,0.271783
52.2830,2.2000,971.0035,0.271806
52.2993,2.2000,970.8882,0.271831
52.3142,2.2000,970.7827,0.271856
52.3302,2.2000,970.6674,0.271884
52.3463,2.2000,970.5523,0.271911
52.3636,2.2000,970.4277,0.271940
52.3797,2.2000,970.3126,0.271967
52.3958,2.2000,970.1975,0.271993
52.4118,2.2000,970.0824,0.272022
52.4278,2.2000,969.9672,0.272049
52.4424,2.2000,969.8618,0.272072
52.4582,2.2000,969.7468,0.272098
52.4740,2.2000,969.6318,0.272125
52.4885,2.2000,969.5262,0.272149
52.5043,2.2000,969.4111,0.272179
52.5200,2.2000,969.2959,0.272202
52.5343,2.2000,969.1903,0.272226
52.5499,2.2000,969.0753,0.272257
52.5654,2.2000,968.9601,0.272283
52.5796,2.2000,968.8546,0.272309
52.5950,2.2000,968.7394,0.272333
52.6104,2.2000,968.6243,0.272363
52.6244,2.2000,968.5187,0.272388
52.6396,2.2000,968.4034,0.272411
52.6535,2.2000,968.2980,0.272436
52.6686,2.2000,968.1828,0.272465
52.6836,2.2000,968.0677,0.272489
52.6972,2.2000,967.9621,0.272516
52.7121,2.2000,967.8469,0.272539
52.7256,2.2000,967.7414,0.272565
52.7403,2.2000,967.6262,0.272591
52.7550,2.2000,967.5109,0.272619
52.7661,2.2000,967.4246,0.272641
52.7833,2.2000,967.2904,0.272670
52.7969,2.2000,967.1847,0.272696
52.8117,2.2000,967.0697,0.272723
52.8251,2.2000,966.9641,0.272747
52.8397,2.2000,966.8488,0.272771
52.8529,2.2000,966.7432,0.272797
52.8672,2.2000,966.6278,0.272823
52.8766,2.2000,966.5511,0.272839
52.8907,2.2000,966.4357,0.272868
52.9047,2.2200,966.3202,0.272896
52.9174,2.2200,966.2049,0.272922
52.9407,2.2196,966.0649,0.272949
52.9532,2.2290,965.9597,0.272977
52.9656,2.2393,965.8449,0.273005
52.9781,2.2503,965.7210,0.273028
52.9890,2.2587,965.6171,0.273051
53.0011,2.2687,965.5042,0.273080
53.0135,2.2787,965.3917,0.273103
53.0257,2.2887,965.2794,0.273133
53.0386,2.2996,965.1576,0.273162
53.0512,2.3104,965.0358,0.273188
53.0635,2.3212,964.9137,0.273215
53.0742,2.3312,964.8009,0.273237
53.0852,2.3421,964.6786,0.273267
53.0942,2.3512,964.5752,0.273291
53.1054,2.3628,964.4437,0.273324
53.1150,2.3728,964.3312,0.273350
53.1287,2.3869,964.1713,0.273384
53.1388,2.3968,964.0583,0.273412
53.1478,2.4060,963.9554,0.273432
53.1577,2.4161,963.8428,0.273458
53.1671,2.4263,963.7296,0.273486
53.1770,2.4364,963.6171,0.273510
53.1881,2.4465,963.5048,0.273534
53.1990,2.4567,963.3915,0.273564
53.2095,2.4661,963.2869,0.273588
53.2215,2.4771,963.1642,0.273611
53.2320,2.4875,963.0504,0.273641
53.2435,2.4980,962.9362,0.273668
53.2548,2.5085,962.8217,0.273690
53.2657,2.5189,962.7075,0.273721
53.2766,2.5293,962.5936,0.273744
53.2901,2.5415,962.4608,0.273773
53.3021,2.5520,962.3472,0.273798
53.3114,2.5602,962.2480,0.273823
53.3222,2.5679,962.1436,0.273850
53.3344,2.5764,962.0294,0.273873
53.3466,2.5849,961.9151,0.273900
53.3588,2.5933,961.8008,0.273925
53.3710,2.6018,961.6865,0.273956
53.3823,2.6097,961.5812,0.273977
53.3946,2.6182,961.4666,0.274004
53.4057,2.6260,961.3615,0.274028
53.4175,2.6344,961.2470,0.274056
53.4294,2.6431,961.1320,0.274080
53.4412,2.6517,961.0172,0.274109
53.4529,2.6603,960.9027,0.274136
53.4648,2.6689,960.7882,0.274161
53.4768,2.6775,960.6738,0.274188
53.4881,2.6854,960.5692,0.274213
53.5008,2.6940,960.4552,0.274239
53.5139,2.7026,960.3414,0.274268
53.5273,2.7112,960.2280,0.274296
53.5401,2.7192,960.1236,0.274314
53.5543,2.7280,960.0099,0.274345
53.5674,2.7360,959.9055,0.274371
53.5816,2.7448,959.7915,0.274395
53.5955,2.7536,959.6773,0.274421
53.6091,2.7624,959.5630,0.274448
53.6245,2.7727,959.4294,0.274481
53.6349,2.7800,959.3340,0.274509
53.6471,2.7888,959.2197,0.274531
53.6583,2.7968,959.1149,0.274557
53.6709,2.8057,959.0003,0.274581
53.6832,2.8146,958.8861,0.274609
53.6956,2.8235,958.7721,0.274633
53.7080,2.8324,958.6578,0.274662
53.7204,2.8413,958.5436,0.274687
53.7329,2.8502,958.4293,0.274711
53.7454,2.8591,958.3152,0.274738
53.7567,2.8673,958.2107,0.274764
53.7702,2.8770,958.0869,0.274793
53.7817,2.8851,957.9822,0.274815
53.7955,2.8950,957.8582,0.274843
53.8083,2.9041,957.7443,0.274868
53.8222,2.9139,957.6209,0.274897
53.8361,2.9237,957.4972,0.274927
53.8487,2.9328,957.3830,0.274954
53.8602,2.9411,957.2783,0.274974
53.8726,2.9502,957.1640,0.275003
53.8848,2.9593,957.0496,0.275029
53.8960,2.9676,956.9448,0.275053
53.9084,2.9769,956.8300,0.275077
53.9205,2.9861,956.7158,0.275101
53.9325,2.9953,956.6016,0.275130
53.9435,3.0038,956.4968,0.275154
53.9555,3.0131,956.3826,0.275178
53.9677,3.0223,956.2683,0.275206
53.9811,3.0323,956.1448,0.275236
53.9923,3.0408,956.0402,0.275258
54.0046,3.0501,955.9260,0.275284
54.0159,3.0585,955.8212,0.275308
54.0275,3.0672,955.7160,0.275338
54.0397,3.0766,955.6022,0.275362
54.0519,3.0861,955.4880,0.275388
54.0631,3.0947,955.3832,0.275409
54.0752,3.1042,955.2690,0.275438
54.0874,3.1136,955.1547,0.275464
54.0996,3.1231,955.0406,0.275488
54.1117,3.1325,954.9270,0.275513
54.1239,3.1419,954.8129,0.275540
54.1354,3.1506,954.7076,0.275563
54.1476,3.1603,954.5933,0.275593
54.1598,3.1699,954.4794,0.275618
54.1719,3.1795,954.3656,0.275644
54.1831,3.1883,954.2609,0.275664
54.1954,3.1980,954.1468,0.275693
54.2078,3.2076,954.0329,0.275720
54.2191,3.2165,953.9283,0.275740
54.2316,3.2261,953.8141,0.275770
54.2431,3.2350,953.7095,0.275791
54.2559,3.2447,953.5947,0.275816
54.2684,3.2546,953.4805,0.275848
54.2799,3.2637,953.3757,0.275868
54.2935,3.2745,953.2512,0.275896
54.3080,3.2860,953.1170,0.275926
54.3205,3.2960,953.0018,0.275951
54.3319,3.3052,952.8957,0.275976
54.3432,3.3143,952.7896,0.276001
54.3557,3.3243,952.6738,0.276025
54.3673,3.3335,952.5671,0.276047
54.3802,3.3439,952.4501,0.276073
54.3930,3.3542,952.3336,0.276094
54.4059,3.3645,952.2170,0.276126
54.4166,3.3731,952.1194,0.276150
54.4284,3.3826,952.0120,0.276171
54.4414,3.3930,951.8948,0.276196
54.4534,3.4026,951.7868,0.276224
54.4677,3.4139,951.6591,0.276251
54.4830,3.4261,951.5207,0.276281
54.4932,3.4341,951.4312,0.276300
54.5052,3.4440,951.3221,0.276328
54.5195,3.4557,951.1927,0.276356
54.5337,3.4675,951.0632,0.276383
54.5434,3.4756,950.9731,0.276404
54.5564,3.4865,950.8529,0.276430
54.5693,3.4974,950.7322,0.276458
54.5813,3.5075,950.6215,0.276482
54.5955,3.5193,950.4902,0.276509
54.6144,3.5351,950.3174,0.276549
54.6299,3.5483,950.1752,0.276581
54.6420,3.5587,950.0631,0.276607
54.6542,3.5691,949.9510,0.276628
54.6663,3.5796,949.8383,0.276654
54.6796,3.5910,949.7152,0.276682
54.6929,3.6024,949.5919,0.276711
54.7051,3.6130,949.4784,0.276734
54.7186,3.6244,949.3553,0.276762
54.7312,3.6350,949.2418,0.276786
54.7448,3.6467,949.1190,0.276814
54.7583,3.6584,948.9962,0.276841
54.7709,3.6691,948.8836,0.276867
54.7835,3.6799,948.7711,0.276893
54.7972,3.6915,948.6486,0.276919
54.8110,3.7032,948.5263,0.276942
54.8237,3.7139,948.4144,0.276969
54.8375,3.7255,948.2922,0.277000
54.8528,3.7383,948.1592,0.277028
54.8690,3.7522,948.0173,0.277064
54.8827,3.7640,947.8959,0.277088
54.8963,3.7759,947.7746,0.277118
54.9088,3.7867,947.6638,0.277142
54.9225,3.7985,947.5433,0.277165
54.9350,3.8093,947.4327,0.277191
54.9487,3.8211,947.3126,0.277218
54.9612,3.8318,947.2027,0.277245
54.9749,3.8436,947.0830,0.277272
54.9888,3.8557,946.9629,0.277298
55.0022,3.8676,946.8436,0.277322
55.0144,3.8786,946.7346,0.277346
55.0299,3.8925,946.5964,0.277381
55.0432,3.9043,946.4783,0.277407
55.0610,3.9201,946.3214,0.277443
55.0756,3.9328,946.1945,0.277470
55.0891,3.9446,946.0777,0.277496
55.1028,3.9565,945.9606,0.277519
55.1151,3.9674,945.8542,0.277547
55.1284,3.9794,945.7386,0.277572
55.1406,3.9903,945.6329,0.277596
55.1537,4.0021,945.5179,0.277627
55.1668,4.0140,945.4033,0.277645
55.1786,4.0248,945.2985,0.277672
55.1914,4.0365,945.1846,0.277697
55.2042,4.0482,945.0710,0.277727
55.2169,4.0599,944.9575,0.277748
55.2299,4.0719,944.8433,0.277776
55.2415,4.0829,944.7394,0.277797
55.2542,4.0949,944.6260,0.277824
55.2659,4.1059,944.5220,0.277849
55.2787,4.1179,944.4086,0.277877
55.2904,4.1289,944.3047,0.277892
55.3032,4.1409,944.1912,0.277921
55.3150,4.1520,944.0872,0.277943
55.3280,4.1640,943.9739,0.277970
55.3411,4.1760,943.8605,0.278000
55.3545,4.1883,943.7464,0.278024
55.3666,4.1996,943.6425,0.278052
55.3788,4.2110,943.5386,0.278072
55.3921,4.2233,943.4255,0.278098
55.4054,4.2357,943.3123,0.278121
55.4177,4.2470,943.2085,0.278145
55.4310,4.2593,943.0953,0.278175
55.4443,4.2717,942.9819,0.278197
55.4565,4.2830,942.8780,0.278224
55.4698,4.2954,942.7646,0.278249
55.4842,4.3086,942.6483,0.278275
55.4966,4.3208,942.5373,0.278303
55.5098,4.3335,942.4241,0.278329
55.5286,4.3515,942.2635,0.278362
55.5407,4.3631,942.1598,0.278390
55.5539,4.3758,942.0464,0.278416
55.5661,4.3874,941.9425,0.278440
55.5805,4.4012,941.8198,0.278468
55.5971,4.4171,941.6784,0.278498
55.6141,4.4332,941.5364,0.278533
55.6264,4.4451,941.4327,0.278552
55.6399,4.4580,941.3195,0.278584
55.6522,4.4699,941.2158,0.278607
55.6647,4.4817,941.1123,0.278630
55.6784,4.4946,940.9994,0.278657
55.6911,4.5065,940.8959,0.278676
55.7049,4.5194,940.7828,0.278705
55.7176,4.5313,940.6791,0.278731
55.7316,4.5442,940.5662,0.278759
55.7456,4.5571,940.4531,0.278781
55.7621,4.5735,940.3197,0.278813
55.7771,4.5882,940.1975,0.278841
55.7911,4.6017,940.0847,0.278862
55.8040,4.6141,939.9814,0.278889
55.8181,4.6276,939.8687,0.278918
55.8321,4.6412,939.7558,0.278940
55.8450,4.6536,939.6524,0.278961
55.8591,4.6672,939.5396,0.278990
55.8733,4.6807,939.4268,0.279017
55.8904,4.6972,939.2938,0.279045
55.9048,4.7113,939.1813,0.279079
55.9191,4.7255,939.0687,0.279100
55.9333,4.7397,938.9559,0.279121
55.9465,4.7527,938.8527,0.279147
55.9607,4.7668,938.7401,0.279175
55.9749,4.7810,938.6272,0.279198
55.9854,4.7916,938.5426,0.279218
55.9992,4.8058,938.4299,0.279242
56.0119,4.8188,938.3265,0.279268
56.0260,4.8333,938.2128,0.279296
56.0398,4.8479,938.1002,0.279319
56.0569,4.8661,937.9594,0.279351
56.0785,4.8892,937.7810,0.279386
56.0934,4.9051,937.6589,0.279417
56.1073,4.9197,937.5461,0.279446
56.1166,4.9294,937.4710,0.279460
56.1317,4.9452,937.3492,0.279487
56.1445,4.9586,937.2460,0.279510
56.1586,4.9732,937.1334,0.279537
56.1729,4.9883,937.0201,0.279564
56.1870,5.0031,936.9075,0.279589
56.2034,5.0205,936.7760,0.279617
56.2197,5.0379,936.6445,0.279651
56.2349,5.0540,936.5223,0.279681
56.2487,5.0689,936.4095,0.279705
56.2626,5.0838,936.2968,0.279734
56.2764,5.0987,936.1840,0.279756
56.2891,5.1123,936.0808,0.279778
56.2999,5.1248,935.9753,0.279810
56.3141,5.1368,935.8624,0.279831
56.3275,5.1479,935.7589,0.279857
56.3470,5.1640,935.6078,0.279891
56.3616,5.1761,935.4942,0.279914
56.3747,5.1872,935.3898,0.279941
56.3890,5.1994,935.2756,0.279964
56.4033,5.2115,935.1614,0.279993
56.4165,5.2227,935.0567,0.280016
56.4308,5.2349,934.9424,0.280042
56.4449,5.2470,934.8284,0.280065
56.4580,5.2581,934.7237,0.280091
56.4722,5.2701,934.6097,0.280115
56.4864,5.2822,934.4957,0.280138
56.4994,5.2933,934.3912,0.280163
56.5148,5.3063,934.2678,0.280194
56.5278,5.3174,934.1631,0.280215
56.5422,5.3294,934.0491,0.280242
56.5566,5.3415,933.9352,0.280267
56.5711,5.3536,933.8214,0.280293
56.5840,5.3644,933.7177,0.280316
56.5973,5.3752,933.6132,0.280342
56.6118,5.3870,933.4994,0.280365
56.6266,5.3988,933.3859,0.280393
56.6404,5.4096,933.2818,0.280416
56.6554,5.4214,933.1680,0.280444
56.6691,5.4322,933.0638,0.280465
56.6838,5.4440,932.9503,0.280496
56.6971,5.4548,932.8463,0.280519
56.7118,5.4666,932.7329,0.280542
56.7248,5.4771,932.6300,0.280566
56.7396,5.4884,932.5165,0.280592
56.7545,5.4998,932.4030,0.280620
56.7708,5.5121,932.2800,0.280644
56.7920,5.5282,932.1191,0.280680
56.8068,5.5395,932.0052,0.280707
56.8215,5.5509,931.8914,0.280734
56.8362,5.5622,931.7777,0.280759
56.8497,5.5726,931.6736,0.280783
56.8644,5.5840,931.5599,0.280810
56.8755,5.5915,931.4547,0.280834
56.8894,5.5989,931.3500,0.280856
56.9050,5.6068,931.2358,0.280884
56.9207,5.6148,931.1215,0.280913
56.9350,5.6222,931.0165,0.280930
56.9502,5.6302,930.9015,0.280954
56.9641,5.6376,930.7961,0.280980
56.9793,5.6456,930.6812,0.281009
56.9945,5.6536,930.5662,0.281034
57.0097,5.6617,930.4511,0.281055
57.0229,5.6683,930.3474,0.281082
57.0384,5.6756,930.2318,0.281108
57.0540,5.6829,930.1160,0.281134
57.0720,5.6914,929.9810,0.281163
57.0887,5.6992,929.8552,0.281195
57.1077,5.7084,929.7098,0.281225
57.1230,5.7157,929.5934,0.281247
57.1383,5.7230,929.4769,0.281278
57.1523,5.7297,929.3702,0.281300
57.1667,5.7365,929.2559,0.281328
57.1822,5.7428,929.1389,0.281356
57.1978,5.7491,929.0216,0.281379
57.2138,5.7555,928.9042,0.281401
57.2299,5.7619,928.7863,0.281434
57.2444,5.7677,928.6779,0.281455
57.2601,5.7741,928.5596,0.281480
57.2742,5.7800,928.4508,0.281505
57.2896,5.7864,928.3318,0.281532
57.3037,5.7923,928.2222,0.281565
57.3180,5.7980,928.1055,0.281583
57.3323,5.8028,927.9954,0.281612
57.3481,5.8081,927.8748,0.281632
57.3641,5.8133,927.7537,0.281662
57.3787,5.8182,927.6425,0.281687
57.3971,5.8244,927.5003,0.281719
57.4167,5.8311,927.3472,0.281747
57.4323,5.8365,927.2243,0.281777
57.4466,5.8414,927.1111,0.281804
57.4585,5.8451,926.9960,0.281830
57.4729,5.8466,926.8820,0.281856
57.4890,5.8483,926.7570,0.281884
57.5054,5.8499,926.6315,0.281912
57.5216,5.8516,926.5057,0.281940
57.5375,5.8533,926.3792,0.281964
57.5584,5.8555,926.2098,0.282009
57.5742,5.8572,926.0822,0.282034
57.5887,5.8588,925.9648,0.282064
57.6047,5.8605,925.8363,0.282091
57.6206,5.8622,925.7073,0.282121
57.6353,5.8637,925.5886,0.282148
57.6542,5.8658,925.4368,0.282180
57.6703,5.8675,925.3062,0.282207
57.6851,5.8691,925.1859,0.282235
57.7040,5.8711,925.0323,0.282268
57.7202,5.8729,924.9001,0.282299
57.7352,5.8745,924.7786,0.282325
57.7519,5.8762,924.6455,0.282357
57.7687,5.8780,924.5120,0.282383
57.7860,5.8798,924.3779,0.282417
57.8023,5.8814,924.2546,0.282441
57.8201,5.8832,924.1197,0.282473
57.8363,5.8849,923.9955,0.282499
57.8565,5.8870,923.8370,0.282535
57.8723,5.8886,923.7117,0.282560
57.8895,5.8905,923.5746,0.282595
57.9066,5.8923,923.4369,0.282623
57.9238,5.8941,923.2988,0.282656
57.9396,5.8958,923.1719,0.282687
57.9568,5.8976,923.0334,0.282716
57.9740,5.8995,922.8948,0.282741
57.9909,5.9013,922.7565,0.282776
58.0063,5.9030,922.6301,0.282802
58.0228,5.9048,922.4929,0.282831
58.0375,5.9036,922.3524,0.282866
58.0566,5.9017,922.1950,0.282903
58.0729,5.9001,922.0613,0.282926
58.0915,5.8983,921.9072,0.282968
58.1070,5.8968,921.7764,0.282990
58.1210,5.8954,921.6578,0.283015
58.1362,5.8939,921.5297,0.283047
58.1500,5.8925,921.4135,0.283071
58.1649,5.8910,921.2878,0.283100
58.1783,5.8897,921.1739,0.283123
58.1928,5.8882,921.0509,0.283152
58.2058,5.8869,920.9393,0.283176
58.2198,5.8855,920.8188,0.283198
58.2325,5.8842,920.7096,0.283227
58.2474,5.8827,920.5820,0.283254
58.2598,5.8815,920.4752,0.283276
58.2733,5.8801,920.3596,0.283297
58.2867,5.8787,920.2443,0.283326
58.2995,5.8774,920.1385,0.283351
58.3151,5.8758,920.0037,0.283376
58.3274,5.8746,919.8978,0.283402
58.3409,5.8732,919.7824,0.283425
58.3531,5.8719,919.6764,0.283449
58.3673,5.8705,919.5511,0.283474
58.3804,5.8691,919.4355,0.283501
58.3933,5.8678,919.3204,0.283521
58.4051,5.8665,919.2147,0.283548
58.4179,5.8652,919.0994,0.283574
58.4298,5.8639,918.9937,0.283592
58.4427,5.8626,918.8784,0.283621
58.4555,5.8612,918.7628,0.283644
58.4694,5.8597,918.6377,0.283670
58.4823,5.8584,918.5223,0.283697
58.4950,5.8570,918.4067,0.283720
58.5067,5.8558,918.3010,0.283746
58.5183,5.8545,918.1951,0.283764
58.5310,5.8532,918.0796,0.283790
58.5426,5.8519,917.9738,0.283811
58.5553,5.8506,917.8582,0.283837
58.5657,5.8470,917.7491,0.283862
58.5775,5.8435,917.6431,0.283884
58.5907,5.8396,917.5274,0.283912
58.6038,5.8357,917.4116,0.283935
58.6166,5.8318,917.2957,0.283960
58.6282,5.8282,917.1890,0.283985
58.6409,5.8243,917.0724,0.284008
58.6537,5.8203,916.9551,0.284032
58.6656,5.8167,916.8477,0.284053
58.6775,5.8131,916.7399,0.284077
58.6904,5.8091,916.6219,0.284100
58.7034,5.8052,916.5040,0.284128
58.7152,5.8015,916.3952,0.284151
58.7282,5.7975,916.2766,0.284174
58.7401,5.7939,916.1675,0.284198
58.7530,5.7899,916.0481,0.284222
58.7649,5.7862,915.9387,0.284246
58.7780,5.7822,915.8186,0.284274
58.7900,5.7785,915.7085,0.284294
58.8031,5.7744,915.5883,0.284322
58.8173,5.7700,915.4677,0.284349
58.8295,5.7663,915.3569,0.284372
58.8429,5.7622,915.2357,0.284399
58.8565,5.7581,915.1140,0.284428
58.8688,5.7544,915.0021,0.284450
58.8818,5.7502,914.8796,0.284475
58.8938,5.7465,914.7671,0.284499
58.9060,5.7427,914.6543,0.284521
58.9194,5.7385,914.5310,0.284547
58.9317,5.7347,914.4175,0.284573
58.9463,5.7302,914.2833,0.284605
58.9597,5.7260,914.1587,0.284628
58.9721,5.7221,914.0444,0.284657
58.9857,5.7179,913.9191,0.284685
58.9992,5.7137,913.7935,0.284708
59.0116,5.7098,913.6780,0.284734
59.0253,5.7056,913.5518,0.284764
59.0389,5.7013,913.4249,0.284787
59.0513,5.6974,913.3084,0.284812
59.0647,5.6931,913.1807,0.284840
59.0737,5.6864,913.0732,0.284863
59.0872,5.6778,912.9449,0.284892
59.1011,5.6693,912.8162,0.284918
59.1138,5.6614,912.6976,0.284946
59.1282,5.6521,912.5571,0.284976
59.1412,5.6434,912.4268,0.285002
59.1545,5.6347,912.2957,0.285031
59.1682,5.6260,912.1641,0.285057
59.1818,5.6172,912.0322,0.285087
59.1944,5.6091,911.9107,0.285117
59.2081,5.6003,911.7778,0.285142
59.2205,5.5922,911.6556,0.285170
59.2342,5.5833,911.5222,0.285196
59.2478,5.5744,911.3882,0.285225
59.2603,5.5662,911.2653,0.285254
59.2741,5.5573,911.1308,0.285283
59.2880,5.5483,910.9962,0.285312
59.3022,5.5394,910.8612,0.285340
59.3198,5.5285,910.7035,0.285374
59.3347,5.5194,910.5675,0.285406
59.3500,5.5103,910.4312,0.285431
59.3642,5.5019,910.3057,0.285461
59.3791,5.4928,910.1680,0.285492
59.3939,5.4836,910.0297,0.285518
59.4075,5.4751,909.9025,0.285545
59.4224,5.4658,909.7631,0.285577
59.4371,5.4565,909.6229,0.285608
59.4519,5.4471,909.4821,0.285638
59.4666,5.4377,909.3406,0.285669
59.4801,5.4291,909.2104,0.285693
59.4911,5.4220,909.1035,0.285717
59.5048,5.4132,908.9725,0.285746
59.5197,5.4037,908.8289,0.285776
59.5348,5.3941,908.6846,0.285812
59.5488,5.3853,908.5519,0.285836
59.5597,5.3762,908.4179,0.285872
59.5820,5.3584,908.2314,0.285911
59.5992,5.3439,908.0723,0.285944
59.6149,5.3305,907.9246,0.285976
59.6289,5.3182,907.7886,0.286001
59.6437,5.3046,907.6392,0.286038
59.6573,5.2921,907.5014,0.286067
59.6724,5.2784,907.3504,0.286102
59.6864,5.2658,907.2114,0.286127
59.7006,5.2531,907.0719,0.286157
59.7162,5.2392,906.9189,0.286193
59.7319,5.2253,906.7654,0.286221
59.7478,5.2113,906.6113,0.286257
59.7640,5.1972,906.4565,0.286288
59.7804,5.1831,906.3009,0.286325
59.7956,5.1701,906.1577,0.286353
59.8167,5.1522,905.9612,0.286398
59.8323,5.1390,905.8163,0.286429
59.8496,5.1246,905.6575,0.286463
59.8671,5.1101,905.4978,0.286498
59.8829,5.0967,905.3508,0.286532
59.8998,5.0821,905.1895,0.286565
59.9152,5.0686,905.0408,0.286594
59.9321,5.0537,904.8777,0.286637
59.9450,5.0426,904.7548,0.286655
59.9611,5.0288,904.6038,0.286692
59.9789,5.0138,904.4384,0.286728
59.9969,4.9987,904.2720,0.286762
60.0136,4.9847,904.1188,0.286795
60.0322,4.9695,903.9509,0.286834
60.0511,4.9541,903.7821,0.286871
60.0673,4.9393,903.6190,0.286909
60.0884,4.9206,903.4465,0.286945
60.1067,4.9042,903.2900,0.286977
60.1269,4.8861,903.1185,0.287018
60.1455,4.8695,902.9607,0.287046
60.1640,4.8528,902.8022,0.287083
60.1840,4.8346,902.6288,0.287121
60.2041,4.8163,902.4550,0.287160
60.2227,4.7996,902.2955,0.287190
60.2431,4.7812,902.1210,0.287230
60.2633,4.7628,901.9462,0.287267
60.2816,4.7460,901.7859,0.287307
60.3044,4.7245,901.5819,0.287348
60.3224,4.7077,901.4220,0.287382
60.3419,4.6895,901.2482,0.287420
60.3614,4.6713,901.0749,0.287459
60.3795,4.6546,900.9164,0.287493
60.3978,4.6380,900.7586,0.287525
60.4178,4.6199,900.5868,0.287560
60.4359,4.6034,900.4299,0.287599
60.4554,4.5855,900.2592,0.287636
60.4746,4.5676,900.0890,0.287672
60.4940,4.5497,899.9191,0.287708
60.5118,4.5334,899.7639,0.287739
60.5312,4.5157,899.5949,0.287781
60.5506,4.4979,899.4265,0.287815
60.5700,4.4803,899.2586,0.287851
60.5926,4.4597,899.0633,0.287893
60.6168,4.4378,898.8548,0.287943
60.6319,4.4236,898.7172,0.287969
60.6513,4.4056,898.5515,0.288005
60.6707,4.3876,898.3863,0.288040
60.6904,4.3697,898.2216,0.288075
60.7085,4.3533,898.0710,0.288110
60.7299,4.3340,897.8936,0.288149
60.7481,4.3177,897.7438,0.288181
60.7693,4.2985,897.5673,0.288220
60.7888,4.2808,897.4048,0.288255
60.8066,4.2646,897.2560,0.288287
60.8289,4.2440,897.0672,0.288325
60.8479,4.2265,896.9058,0.288361
60.8668,4.2089,896.7448,0.288399
60.8856,4.1915,896.5842,0.288433
60.9028,4.1755,896.4374,0.288464
60.9215,4.1582,896.2778,0.288499
60.9418,4.1394,896.1053,0.288533
60.9605,4.1221,895.9465,0.288569
60.9777,4.1063,895.8014,0.288604
60.9964,4.0891,895.6433,0.288634
61.0135,4.0734,895.4990,0.288668
61.0322,4.0563,895.3417,0.288701
61.0508,4.0392,895.1850,0.288734
61.0677,4.0237,895.0417,0.288769
61.0860,4.0067,894.8857,0.288801
61.1044,3.9898,894.7302,0.288834
61.1227,3.9729,894.5751,0.288869
61.1441,3.9533,894.3948,0.288908
61.1656,3.9337,894.2150,0.288945
61.1826,3.9184,894.0744,0.288977
61.2020,3.9016,893.9200,0.289010
61.2200,3.8872,893.7794,0.289039
61.2391,3.8716,893.6270,0.289074
61.2565,3.8575,893.4878,0.289104
61.2757,3.8420,893.3364,0.289138
61.2932,3.8279,893.1979,0.289166
61.3125,3.8126,893.0473,0.289199
61.3333,3.7960,892.8845,0.289236
61.3525,3.7807,892.7346,0.289271
61.3731,3.7642,892.5728,0.289301
61.3935,3.7477,892.4111,0.289339
61.4092,3.7351,892.2874,0.289367
61.4233,3.7238,892.1760,0.289389
61.4422,3.7087,892.0282,0.289425
61.4610,3.6936,891.8807,0.289453
61.4799,3.6787,891.7336,0.289488
61.4988,3.6637,891.5870,0.289518
61.5161,3.6500,891.4530,0.289548
61.5350,3.6352,891.3072,0.289582
61.5523,3.6216,891.1740,0.289606
61.5711,3.6068,891.0289,0.289638
61.5899,3.5920,890.8842,0.289671
61.6086,3.5773,890.7399,0.289702
61.6257,3.5638,890.6079,0.289733
61.6457,3.5480,890.4525,0.289767
61.6626,3.5346,890.3214,0.289793
61.6811,3.5201,890.1787,0.289825
61.6980,3.5068,890.0484,0.289852
61.7165,3.4923,889.9067,0.289884
61.7351,3.4779,889.7656,0.289914
61.7569,3.4612,889.6013,0.289952
61.7772,3.4457,889.4495,0.289984
61.7944,3.4326,889.3214,0.290012
61.8131,3.4183,889.1818,0.290043
61.8357,3.4036,889.0350,0.290071
61.8522,3.3940,888.9084,0.290100
61.8703,3.3832,888.7698,0.290130
61.8881,3.3725,888.6315,0.290160
61.9043,3.3628,888.5052,0.290188
61.9281,3.3486,888.3225,0.290225
61.9462,3.3381,888.1863,0.290255
61.9629,3.3285,888.0621,0.290285
61.9796,3.3189,887.9381,0.290309
61.9977,3.3084,887.8033,0.290341
62.0142,3.2989,887.6804,0.290366
62.0322,3.2885,887.5464,0.290395
62.0501,3.2782,887.4131,0.290427
62.0678,3.2679,887.2804,0.290457
62.0855,3.2577,887.1478,0.290484
62.1029,3.2474,887.0157,0.290513
62.1216,3.2364,886.8732,0.290542
62.1385,3.2262,886.7419,0.290572
62.1553,3.2161,886.6113,0.290603
62.1732,3.2052,886.4703,0.290631
62.1892,3.1952,886.3403,0.290660
62.2051,3.1851,886.2106,0.290688
62.2197,3.1760,886.0917,0.290712
62.2355,3.1660,885.9626,0.290740
62.2501,3.1568,885.8444,0.290768
62.2650,3.1477,885.7263,0.290794
62.2811,3.1378,885.5978,0.290820
62.2957,3.1287,885.4802,0.290846
62.3116,3.1188,885.3520,0.290873
62.3273,3.1089,885.2239,0.290902
62.3418,3.0998,885.1069,0.290928
62.3613,3.0875,884.9476,0.290962
62.3795,3.0760,884.7990,0.290995
62.3953,3.0662,884.6719,0.291022
62.4071,3.0588,884.5764,0.291044
62.4231,3.0490,884.4493,0.291072
62.4392,3.0392,884.3226,0.291098
62.4553,3.0294,884.1958,0.291126
62.4702,3.0203,884.0790,0.291152
62.4868,3.0110,883.9497,0.291180
62.5003,3.0033,883.8430,0.291204
62.5178,2.9934,883.7038,0.291232
62.5326,2.9849,883.5855,0.291260
62.5487,2.9757,883.4563,0.291293
62.5636,2.9672,883.3373,0.291316
62.5801,2.9578,883.2070,0.291345
62.5953,2.9493,883.0871,0.291369
62.6119,2.9399,882.9557,0.291398
62.6285,2.9304,882.8237,0.291427
62.6438,2.9217,882.7021,0.291453
62.6604,2.9122,882.5690,0.291483
62.6758,2.9034,882.4466,0.291509
62.6926,2.8938,882.3123,0.291539
62.7081,2.8850,882.1886,0.291564
62.7251,2.8753,882.0530,0.291594
62.7407,2.8664,881.9281,0.291623
62.7578,2.8566,881.7911,0.291653
62.7736,2.8475,881.6650,0.291679
62.7909,2.8377,881.5268,0.291710
62.8068,2.8285,881.3995,0.291741
62.8241,2.8186,881.2599,0.291770
62.8415,2.8085,881.1196,0.291800
62.8591,2.7984,880.9786,0.291832
62.8767,2.7883,880.8369,0.291863
62.8931,2.7790,880.7064,0.291889
62.9096,2.7696,880.5753,0.291920
62.9275,2.7593,880.4317,0.291951
62.9440,2.7499,880.2994,0.291979
62.9620,2.7395,880.1545,0.292010
62.9786,2.7299,880.0211,0.292039
62.9967,2.7195,879.8748,0.292075
63.0135,2.7098,879.7400,0.292100
63.0318,2.6993,879.5925,0.292134
63.0487,2.6896,879.4565,0.292164
63.0673,2.6789,879.3077,0.292196
63.0860,2.6682,879.1581,0.292227
63.1080,2.6557,878.9827,0.292266
63.1274,2.6454,878.8297,0.292298
63.1465,2.6355,878.6779,0.292334
63.1640,2.6264,878.5381,0.292364
63.1831,2.6165,878.3849,0.292399
63.2007,2.6073,878.2438,0.292430
63.2201,2.5972,878.0892,0.292464
63.2381,2.5880,877.9471,0.292494
63.2578,2.5779,877.7914,0.292528
63.2757,2.5685,877.6479,0.292557
63.2954,2.5583,877.4907,0.292595
63.3184,2.5463,877.3065,0.292636
63.3381,2.5360,877.1477,0.292670
63.3612,2.5239,876.9616,0.292709
63.3793,2.5143,876.8147,0.292743
63.3991,2.5039,876.6537,0.292776
63.4223,2.4916,876.4650,0.292817
63.4423,2.4810,876.3025,0.292856
63.4605,2.4713,876.1530,0.292887
63.4804,2.4607,875.9890,0.292922
63.5003,2.4500,875.8246,0.292958
63.5220,2.4383,875.6456,0.292997
63.5404,2.4284,875.4936,0.293030
63.5606,2.4176,875.3273,0.293066
63.5807,2.4068,875.1605,0.293104
63.6007,2.3959,874.9931,0.293138
63.6191,2.3859,874.8391,0.293173
63.6409,2.3740,874.6566,0.293212
63.6611,2.3631,874.4876,0.293248
63.6831,2.3511,874.3039,0.293289
63.7018,2.3410,874.1481,0.293322
63.7223,2.3299,873.9777,0.293361
63.7427,2.3188,873.8071,0.293396
63.7633,2.3089,873.6347,0.293434
63.7837,2.2987,873.4647,0.293472
63.8040,2.2886,873.2947,0.293505
63.8243,2.2785,873.1250,0.293544
63.8431,2.2693,872.9700,0.293578
63.8637,2.2593,872.8013,0.293617
63.8843,2.2492,872.6329,0.293653
63.9030,2.2401,872.4791,0.293686
63.9231,2.2301,872.3120,0.293721
63.9415,2.2211,872.1597,0.293752
63.9615,2.2112,871.9944,0.293792
63.9764,2.2039,871.8709,0.293820
63.9962,2.1941,871.7070,0.293854
64.0142,2.1852,871.5576,0.293886
64.0338,2.1756,871.3953,0.293924
64.0532,2.1660,871.2338,0.293957
64.0708,2.1572,871.0867,0.293992
64.0899,2.1477,870.9268,0.294024
64.1072,2.1390,870.7811,0.294056
64.1259,2.1296,870.6230,0.294093
64.1432,2.1210,870.4788,0.294125
64.1620,2.1117,870.3223,0.294160
64.1807,2.1024,870.1666,0.294193
64.2022,2.0917,869.9863,0.294230
64.2158,2.0848,869.8708,0.294257
64.2353,2.0750,869.7050,0.294294
64.2517,2.0667,869.5654,0.294326
64.2694,2.0577,869.4139,0.294360
64.2856,2.0495,869.2759,0.294388
64.3032,2.0405,869.1262,0.294421
64.3208,2.0317,868.9773,0.294454
64.3369,2.0236,868.8416,0.294485
64.3548,2.0156,868.6923,0.294518
64.3707,2.0085,868.5580,0.294547
64.3892,2.0001,868.4003,0.294583
64.4049,1.9930,868.2675,0.294612
64.4218,1.9854,868.1234,0.294642
64.4373,1.9784,867.9921,0.294674
64.4557,1.9702,867.8380,0.294706
64.4712,1.9633,867.7083,0.294734
64.4879,1.9558,867.5671,0.294765
64.5031,1.9489,867.4382,0.294793
64.5222,1.9402,867.2750,0.294827
64.5385,1.9328,867.1355,0.294861
64.5535,1.9260,867.0079,0.294886
64.5697,1.9186,866.8691,0.294919
64.5860,1.9113,866.7307,0.294950
64.6009,1.9045,866.6038,0.294977
64.6171,1.8972,866.4659,0.295007
64.6320,1.8905,866.3396,0.295034
64.6482,1.8832,866.2019,0.295065
64.6630,1.8765,866.0757,0.295094
64.6791,1.8691,865.9380,0.295124
64.6952,1.8618,865.8003,0.295152
64.7112,1.8545,865.6626,0.295185
64.7273,1.8472,865.5250,0.295216
64.7421,1.8405,865.3991,0.295242
64.7569,1.8338,865.2734,0.295271
64.7729,1.8265,865.1364,0.295299
64.7860,1.8204,865.0222,0.295326
64.8030,1.8126,864.8743,0.295360
64.8174,1.8059,864.7494,0.295385
64.8331,1.7987,864.6132,0.295415
64.8500,1.7909,864.4663,0.295447
64.8642,1.7843,864.3425,0.295474
64.8759,1.7789,864.2414,0.295496
64.8913,1.7718,864.1069,0.295527
64.9068,1.7647,863.9729,0.295556
64.9209,1.7581,863.8500,0.295585
64.9364,1.7510,863.7159,0.295611
64.9492,1.7451,863.6046,0.295637
64.9688,1.7406,863.4626,0.295666
64.9824,1.7370,863.3301,0.295695
64.9971,1.7332,863.1964,0.295724
65.0118,1.7294,863.0627,0.295755
65.0301,1.7246,862.8956,0.295791
65.0452,1.7207,862.7620,0.295819
65.0605,1.7169,862.6285,0.295851
65.0759,1.7131,862.4949,0.295877
65.0913,1.7093,862.3612,0.295908
65.1066,1.7054,862.2273,0.295938
65.1232,1.7013,862.0821,0.295970
65.1385,1.6974,861.9479,0.296000
65.1523,1.6939,861.8248,0.296026
65.1674,1.6901,861.6904,0.296057
65.1811,1.6865,861.5671,0.296085
65.1962,1.6827,861.4327,0.296111
65.2111,1.6788,861.2980,0.296141
65.2247,1.6753,861.1740,0.296168
65.2394,1.6714,861.0388,0.296198
65.2539,1.6675,860.9034,0.296226
65.2682,1.6636,860.7677,0.296257
65.2826,1.6598,860.6317,0.296287
65.2958,1.6562,860.5068,0.296314
65.3104,1.6523,860.3701,0.296344
65.3252,1.6483,860.2330,0.296377
65.3389,1.6447,860.1072,0.296403
65.3538,1.6408,859.9698,0.296431
65.3673,1.6372,859.8434,0.296461
65.3821,1.6332,859.7054,0.296491
65.3955,1.6296,859.5787,0.296520
65.4090,1.6260,859.4517,0.296547
65.4237,1.6220,859.3130,0.296579
65.4371,1.6184,859.1856,0.296606
65.4505,1.6147,859.0578,0.296634
65.4651,1.6107,858.9182,0.296665
65.4797,1.6067,858.7783,0.296695
65.4942,1.6027,858.6380,0.296726
65.5085,1.5986,858.4975,0.296758
65.5239,1.5943,858.3447,0.296791
65.5416,1.5892,858.1682,0.296829
65.5557,1.5852,858.0264,0.296861
65.5685,1.5814,857.8964,0.296889
65.5824,1.5774,857.7543,0.296921
65.5952,1.5736,857.6238,0.296951
65.6106,1.5692,857.4697,0.296983
65.6250,1.5652,857.3275,0.297016
65.6397,1.5611,857.1853,0.297047
65.6545,1.5570,857.0429,0.297078
65.6694,1.5529,856.9001,0.297109
65.6829,1.5492,856.7691,0.297138
65.6977,1.5451,856.6259,0.297169
65.7124,1.5410,856.4824,0.297202
65.7271,1.5368,856.3386,0.297234
65.7406,1.5331,856.2064,0.297262
65.7553,1.5289,856.0620,0.297292
65.7700,1.5248,855.9174,0.297325
65.7834,1.5210,855.7842,0.297356
65.7980,1.5168,855.6390,0.297385
65.8125,1.5126,855.4933,0.297418
65.8271,1.5085,855.3474,0.297451
65.8417,1.5043,855.2013,0.297483
65.8564,1.5001,855.0548,0.297514
65.8712,1.4959,854.9083,0.297545
65.8862,1.4917,854.7612,0.297576
65.9012,1.4875,854.6139,0.297612
65.9150,1.4836,854.4786,0.297642
65.9300,1.4794,854.3307,0.297671
65.9450,1.4751,854.1826,0.297704
65.9600,1.4709,854.0340,0.297738
65.9738,1.4670,853.8976,0.297767
65.9888,1.4627,853.7485,0.297800
66.0034,1.4593,853.6100,0.297828
66.0163,1.4557,853.4619,0.297861
66.0300,1.4518,853.3243,0.297894
66.0452,1.4475,853.1742,0.297926
66.0604,1.4432,853.0236,0.297958
66.0756,1.4388,852.8727,0.297993
66.0897,1.4349,852.7343,0.298022
66.1038,1.4309,852.5955,0.298052
66.1191,1.4266,852.4438,0.298085
66.1372,1.4215,852.2667,0.298124
66.1534,1.4171,852.1149,0.298157
66.1682,1.4131,851.9754,0.298187
66.1827,1.4091,851.8352,0.298220
66.1985,1.4047,851.6821,0.298251
66.2143,1.4004,851.5291,0.298289
66.2301,1.3960,851.3752,0.298320
66.2446,1.3919,851.2343,0.298351
66.2606,1.3875,851.0800,0.298385
66.2751,1.3834,850.9383,0.298416
66.2910,1.3790,850.7836,0.298449
66.3057,1.3749,850.6413,0.298481
66.3218,1.3705,850.4860,0.298516
66.3379,1.3660,850.3304,0.298550
66.3540,1.3616,850.1744,0.298585
66.3662,1.3582,850.0573,0.298610
66.3824,1.3537,849.9008,0.298647
66.3984,1.3492,849.7437,0.298679
66.4133,1.3451,849.5986,0.298709
66.4298,1.3406,849.4410,0.298748
66.4452,1.3360,849.2830,0.298779
66.4604,1.3315,849.1243,0.298816
66.4756,1.3270,848.9657,0.298850
66.4909,1.3224,848.8066,0.298884
66.5050,1.3182,848.6606,0.298919
66.5204,1.3137,848.5010,0.298950
66.5357,1.3091,848.3409,0.298989
66.5498,1.3049,848.1941,0.299019
66.5651,1.3003,848.0335,0.299058
66.5754,1.2972,847.9263,0.299078
66.5920,1.2922,847.7517,0.299118
66.6060,1.2880,847.6036,0.299149
66.6214,1.2834,847.4419,0.299183
66.6368,1.2787,847.2797,0.299222
66.6522,1.2741,847.1172,0.299257
66.6663,1.2698,846.9680,0.299287
66.6816,1.2652,846.8049,0.299327
66.6957,1.2609,846.6550,0.299359
66.7112,1.2562,846.4914,0.299393
66.7266,1.2515,846.3273,0.299430
66.7422,1.2468,846.1630,0.299466
66.7618,1.2409,845.9571,0.299509
66.7790,1.2358,845.7785,0.299550
66.7950,1.2311,845.6130,0.299587
66.8111,1.2263,845.4475,0.299623
66.8274,1.2216,845.2816,0.299660
66.8422,1.2172,845.1292,0.299694
66.8585,1.2125,844.9627,0.299729
66.8749,1.2077,844.7957,0.299766
66.8898,1.2033,844.6426,0.299798
66.9062,1.1985,844.4749,0.299835
66.9226,1.1937,844.3072,0.299873
66.9376,1.1893,844.1529,0.299908
66.9539,1.1845,843.9844,0.299946
66.9702,1.1796,843.8155,0.299980
66.9864,1.1748,843.6463,0.300018
66.9999,1.1708,843.5051,0.300050
67.0134,1.1667,843.3636,0.300078
67.0309,1.1614,843.1796,0.300119
67.0472,1.1566,843.0095,0.300158
67.0635,1.1517,842.8391,0.300194
67.0785,1.1472,842.6826,0.300229
67.0962,1.1419,842.4976,0.300270
67.1112,1.1374,842.3406,0.300303
67.1276,1.1325,842.1692,0.300341
67.1440,1.1276,841.9977,0.300377
67.1590,1.1231,841.8400,0.300413
67.1754,1.1182,841.6678,0.300453
67.1904,1.1137,841.5098,0.300483
67.2068,1.1087,841.3370,0.300523
67.2232,1.1038,841.1641,0.300562
67.2384,1.0993,841.0054,0.300595
67.2550,1.0943,840.8318,0.300634
67.2729,1.0889,840.6437,0.300675
67.2895,1.0839,840.4697,0.300712
67.3061,1.0789,840.2953,0.300750
67.3212,1.0744,840.1354,0.300786
67.3377,1.0694,839.9605,0.300824
67.3528,1.0648,839.7999,0.300860
67.3692,1.0598,839.6245,0.300897
67.3855,1.0547,839.4485,0.300936
67.4017,1.0497,839.2724,0.300975
67.4163,1.0451,839.1107,0.301011
67.4322,1.0400,838.9339,0.301047
67.4467,1.0354,838.7717,0.301084
67.4624,1.0303,838.5948,0.301122
67.4794,1.0249,838.4034,0.301165
67.4964,1.0194,838.2120,0.301206
67.5120,1.0144,838.0356,0.301246
67.5278,1.0093,837.8596,0.301284
67.5435,1.0043,837.6838,0.301322
67.5592,0.9993,837.5079,0.301361
67.5735,0.9947,837.3469,0.301398
67.5892,0.9897,837.1718,0.301434
67.6036,0.9851,837.0118,0.301470
67.6191,0.9801,836.8375,0.301507
67.6343,0.9951,836.6629,0.301547
67.6486,0.9902,836.4898,0.301584
67.6635,0.9853,836.3176,0.301622
67.6783,0.9804,836.1455,0.301660
67.6919,0.9759,835.9882,0.301694
67.7068,0.9710,835.8173,0.301729
67.7204,0.9665,835.6609,0.301767
67.7339,0.9621,835.5051,0.301800
67.7485,0.9572,835.3357,0.301837
67.7618,0.9528,835.1809,0.301871
67.7762,0.9480,835.0125,0.301906
67.7906,0.9432,834.8448,0.301943
67.8049,0.9384,834.6777,0.301981
67.8193,0.9337,834.5112,0.302018
67.8339,0.9290,834.3452,0.302054
67.8471,0.9246,834.1937,0.302086
67.8591,0.9196,834.0442,0.302119
67.8731,0.9139,833.8801,0.302155
67.8877,0.9083,833.7164,0.302190
67.9012,0.9032,833.5670,0.302224
67.9159,0.8976,833.4045,0.302259
67.9293,0.8925,833.2560,0.302292
67.9427,0.8874,833.1080,0.302324
67.9576,0.8821,832.9316,0.302361
67.9720,0.8776,832.7712,0.302399
67.9857,0.8722,832.6140,0.302432
67.9990,0.8668,832.4681,0.302465
68.0139,0.8610,832.3093,0.302500
68.0289,0.8551,832.1509,0.302535
68.0428,0.8498,832.0064,0.302566
68.0580,0.8439,831.8489,0.302599
68.0720,0.8384,831.6890,0.302637
68.0900,0.8334,831.5064,0.302675
68.1043,0.8294,831.3634,0.302705
68.1235,0.8256,831.1783,0.302744
68.1381,0.8235,831.0363,0.302777
68.1540,0.8213,830.8820,0.302809
68.1702,0.8191,830.7281,0.302845
68.1852,0.8170,830.5878,0.302877
68.2018,0.8148,830.4352,0.302910
68.2207,0.8114,830.2875,0.302941
68.2379,0.8071,830.1362,0.302977
68.2555,0.8028,829.9853,0.303008
68.2717,0.7988,829.8471,0.303041
68.2896,0.7950,829.6957,0.303074
68.3071,0.7913,829.5455,0.303108
68.3302,0.7864,829.3461,0.303151
68.3475,0.7827,829.1968,0.303182
68.3633,0.7794,829.0605,0.303214
68.3804,0.7758,828.9125,0.303247
68.3962,0.7725,828.7775,0.303276
68.4149,0.7686,828.6184,0.303311
68.4307,0.7653,828.4844,0.303341
68.4484,0.7618,828.3371,0.303373
68.4658,0.7591,828.1922,0.303406
68.4819,0.7565,828.0599,0.303433
68.4995,0.7538,827.9160,0.303465
68.5159,0.7513,827.7843,0.303493
68.5358,0.7483,827.6293,0.303531
68.5547,0.7456,827.4867,0.303561
68.5692,0.7435,827.3799,0.303586
68.5922,0.7403,827.2141,0.303621
68.6160,0.7371,827.0485,0.303659
68.6369,0.7343,826.9068,0.303690
68.6567,0.7317,826.7774,0.303721
68.6788,0.7288,826.6360,0.303750
68.7016,0.7258,826.4946,0.303781
68.7249,0.7229,826.3532,0.303813
68.7487,0.7200,826.2117,0.303847
68.7731,0.7171,826.0705,0.303879
68.7980,0.7143,825.9291,0.303910
68.8235,0.7114,825.7875,0.303940
68.8495,0.7085,825.6459,0.303974
68.8761,0.7056,825.5043,0.304003
68.9034,0.7029,825.3619,0.304036
68.9311,0.7004,825.2202,0.304070
68.9569,0.6981,825.0902,0.304099
68.9854,0.6956,824.9481,0.304129
69.0120,0.6933,824.8177,0.304162
69.0411,0.6907,824.6750,0.304194
69.0703,0.6881,824.5316,0.304225
69.0997,0.6854,824.3881,0.304257
69.1268,0.6830,824.2560,0.304287
69.1568,0.6804,824.1119,0.304319
69.1850,0.6781,823.9788,0.304351
69.2163,0.6758,823.8344,0.304385
69.2486,0.6735,823.6896,0.304416
69.2930,0.6704,823.4965,0.304460
69.3273,0.6681,823.3514,0.304494
69.3657,0.6656,823.1941,0.304528
69.4020,0.6633,823.0483,0.304562
69.4454,0.6606,822.8781,0.304603
69.4804,0.6585,822.7439,0.304632
69.5158,0.6563,822.6094,0.304665
69.5552,0.6540,822.4622,0.304697
69.5918,0.6518,822.3268,0.304729
69.6324,0.6495,822.1789,0.304762
69.6737,0.6471,822.0305,0.304799
69.7158,0.6447,821.8818,0.304833
69.7586,0.6423,821.7325,0.304867
69.8020,0.6399,821.5826,0.304902
69.8534,0.6371,821.4069,0.304942
69.8903,0.6351,821.2808,0.304972
69.9349,0.6327,821.1287,0.305007
69.9795,0.6302,820.9756,0.305043
70.0240,0.6277,820.8216,0.305078
70.0759,0.6248,820.6407,0.305120
70.1200,0.6223,820.4844,0.305156
70.1641,0.6198,820.3272,0.305191
70.2078,0.6173,820.1689,0.305226
70.2477,0.6149,820.0229,0.305260
70.2909,0.6123,819.8629,0.305299
70.3339,0.6097,819.7018,0.305333
70.3733,0.6074,819.5535,0.305366
70.4163,0.6047,819.3911,0.305404
70.4597,0.6021,819.2281,0.305442
70.4997,0.5997,819.0781,0.305475
70.5436,0.5971,818.9139,0.305513
70.5878,0.5944,818.7489,0.305551
70.6285,0.5920,818.5972,0.305586
70.6732,0.5893,818.4310,0.305623
70.7145,0.5868,818.2782,0.305658
70.7600,0.5841,818.1110,0.305695
70.8060,0.5814,817.9433,0.305734
70.8487,0.5790,817.7891,0.305769
70.8959,0.5762,817.6203,0.305807
70.9436,0.5736,817.4500,0.305847
70.9912,0.5713,817.2797,0.305885
71.0351,0.5692,817.1229,0.305920
71.0829,0.5669,816.9510,0.305960
71.1345,0.5643,816.7640,0.306004
71.1819,0.5620,816.5908,0.306043
71.2252,0.5599,816.4317,0.306077
71.2724,0.5575,816.2576,0.306118
71.3195,0.5552,816.0831,0.306157
71.3667,0.5528,815.9081,0.306199
71.4101,0.5506,815.7476,0.306233
71.4574,0.5483,815.5720,0.306275
71.5008,0.5461,815.4108,0.306309
71.5483,0.5438,815.2350,0.306348
71.5958,0.5414,815.0591,0.306390
71.6392,0.5392,814.8980,0.306428
71.6866,0.5368,814.7222,0.306467
71.7339,0.5345,814.5466,0.306508
71.7811,0.5321,814.3715,0.306547
71.8242,0.5299,814.2115,0.306584
71.8712,0.5276,814.0378,0.306622
71.9179,0.5252,813.8646,0.306660
71.9644,0.5229,813.6921,0.306700
72.0068,0.5208,813.5345,0.306737
72.0530,0.5185,813.3633,0.306777
72.0988,0.5161,813.1927,0.306814
72.1407,0.5140,813.0370,0.306848
72.1862,0.5118,812.8678,0.306888
72.2315,0.5095,812.6993,0.306924
72.2728,0.5074,812.5455,0.306961
72.3177,0.5051,812.3782,0.306999
72.3587,0.5031,812.2256,0.307033
72.4069,0.5006,812.0460,0.307073
72.4512,0.4984,811.8809,0.307110
72.4917,0.4964,811.7302,0.307144
72.5321,0.4943,811.5802,0.307179
72.5761,0.4921,811.4172,0.307216
72.6200,0.4899,811.2549,0.307253
72.6638,0.4877,811.0933,0.307290
72.7296,0.5937,810.9075,0.307333
72.7686,0.5918,810.7639,0.307364
72.8071,0.5894,810.6054,0.307402
72.8425,0.5871,810.4591,0.307433
72.8845,0.5849,810.2995,0.307468
72.9275,0.5833,810.1393,0.307503
72.9666,0.5824,809.9954,0.307537
73.0111,0.5813,809.8254,0.307575
73.0581,0.5799,809.6440,0.307616
73.1015,0.5787,809.4766,0.307654
73.1411,0.5776,809.3229,0.307687
73.1803,0.5764,809.1699,0.307724
73.2190,0.5753,809.0178,0.307757
73.2638,0.5739,808.8412,0.307797
73.3020,0.5729,808.6914,0.307829
73.3368,0.5719,808.5528,0.307862
73.3693,0.5703,808.3997,0.307896
73.4018,0.5687,808.2476,0.307932
73.4394,0.5674,808.0988,0.307967
73.4798,0.5664,807.9510,0.308001
73.5202,0.5655,807.8062,0.308032
73.5577,0.5644,807.6625,0.308066
73.5969,0.5631,807.5052,0.308099
73.6303,0.5622,807.3745,0.308131
73.6668,0.5612,807.2325,0.308162
73.6933,0.5589,807.1313,0.308190
73.7303,0.5441,806.9911,0.308222
73.7684,0.5294,806.8516,0.308254
73.8069,0.5148,806.7127,0.308286
73.8453,0.5003,806.5745,0.308319
73.8838,0.4859,806.4372,0.308349
73.9224,0.4716,806.3008,0.308382
73.9484,0.4648,806.1315,0.308412
73.9857,0.4638,805.9954,0.308441
74.0222,0.4627,805.8604,0.308474
74.0580,0.4610,805.7279,0.308503
74.0938,0.4593,805.5945,0.308533
74.1293,0.4576,805.4617,0.308564
74.1646,0.4559,805.3297,0.308592
74.1969,0.4543,805.2092,0.308621
74.2320,0.4526,805.0784,0.308650
74.2671,0.4510,804.9485,0.308681
74.2987,0.4499,804.8283,0.308707
74.3335,0.4488,804.6989,0.308739
74.3687,0.4478,804.5703,0.308765
74.4045,0.4467,804.4420,0.308796
74.4374,0.4456,804.3243,0.308823
74.4701,0.4445,804.2070,0.308849
74.5055,0.4433,804.0789,0.308877
74.5406,0.4421,803.9509,0.308906
74.5726,0.4411,803.8336,0.308932
74.6074,0.4399,803.7061,0.308961
74.6385,0.4388,803.5890,0.308989
74.6721,0.4378,803.4616,0.309018
74.7030,0.4368,803.3448,0.309044
74.7368,0.4358,803.2178,0.309073
74.7709,0.4346,803.0905,0.309101
74.8022,0.4336,802.9738,0.309129
74.8364,0.4324,802.8465,0.309157
74.8707,0.4312,802.7191,0.309186
74.9023,0.4301,802.6024,0.309214
74.9369,0.4290,802.4750,0.309242
74.9685,0.4279,802.3582,0.309269
75.0029,0.4268,802.2297,0.309298
75.0375,0.4257,802.1016,0.309326
75.0723,0.4247,801.9734,0.309354
75.1071,0.4235,801.8449,0.309385
75.1391,0.4225,801.7267,0.309412
75.1742,0.4213,801.5974,0.309442
75.2093,0.4201,801.4677,0.309471
75.2445,0.4189,801.3377,0.309502
75.2768,0.4178,801.2181,0.309527
75.3120,0.4166,801.0872,0.309558
75.3445,0.4155,800.9670,0.309584
75.3799,0.4144,800.8350,0.309615
75.4185,0.4132,800.6921,0.309647
75.4602,0.4119,800.5377,0.309683
75.4902,0.4109,800.4271,0.309709
75.5294,0.4096,800.2828,0.309742
75.5657,0.4084,800.1491,0.309772
75.6021,0.4071,800.0151,0.309801
75.6356,0.4060,799.8918,0.309829
75.6693,0.4049,799.7682,0.309858
75.7061,0.4036,799.6329,0.309889
75.7429,0.4025,799.4970,0.309919
75.7769,0.4015,799.3721,0.309947
75.8141,0.4004,799.2358,0.309980
75.8513,0.3992,799.0989,0.310010
75.8855,0.3981,798.9729,0.310036
75.9230,0.3970,798.8352,0.310070
75.9605,0.3958,798.6969,0.310101
75.9982,0.3947,798.5584,0.310133
76.0361,0.3935,798.4193,0.310165
76.0739,0.3923,798.2798,0.310197
76.1088,0.3913,798.1516,0.310226
76.1470,0.3901,798.0112,0.310258
76.1822,0.3891,797.8823,0.310286
76.2206,0.3879,797.7410,0.310321
76.2560,0.3868,797.6113,0.310349
76.2948,0.3857,797.4693,0.310382
76.3337,0.3845,797.3270,0.310413
76.3729,0.3833,797.1842,0.310447
76.4090,0.3822,797.0530,0.310476
76.4452,0.3812,796.9215,0.310504
76.4849,0.3800,796.7773,0.310538
76.5313,0.3786,796.6088,0.310575
76.5713,0.3774,796.4639,0.310610
76.6115,0.3762,796.3185,0.310641
76.6483,0.3751,796.1849,0.310671
76.6888,0.3739,796.0385,0.310705
76.7261,0.3728,795.9042,0.310734
76.7668,0.3716,795.7571,0.310771
76.8078,0.3704,795.6095,0.310803
76.8454,0.3693,795.4740,0.310835
76.8832,0.3682,795.3383,0.310866
76.9281,0.3668,795.1774,0.310902
76.9696,0.3656,795.0289,0.310935
77.0110,0.3644,794.8804,0.310969
77.0422,0.3635,794.7684,0.310994
77.0836,0.3623,794.6190,0.311029
77.1250,0.3610,794.4696,0.311063
77.1664,0.3598,794.3201,0.311096
77.2077,0.3586,794.1700,0.311133
77.2457,0.3574,794.0323,0.311163
77.2870,0.3562,793.8820,0.311197
77.3250,0.3551,793.7443,0.311229
77.3665,0.3538,793.5934,0.311262
77.4080,0.3526,793.4426,0.311295
77.4461,0.3515,793.3043,0.311326
77.4842,0.3503,793.1656,0.311359
77.5259,0.3491,793.0140,0.311395
77.5676,0.3478,792.8624,0.311430
77.6059,0.3467,792.7234,0.311461
77.6442,0.3456,792.5839,0.311491
77.6929,0.3441,792.4061,0.311533
77.7417,0.3426,792.2281,0.311573
77.7832,0.3414,792.0755,0.311607
77.8247,0.3401,791.9227,0.311640
77.8626,0.3390,791.7830,0.311674
77.9106,0.3375,791.6055,0.311714
77.9513,0.3362,791.4548,0.311751
77.9921,0.3345,791.3038,0.311784
78.0292,0.3329,791.1662,0.311813
78.0696,0.3312,791.0165,0.311848
78.1096,0.3294,790.8677,0.311882
78.1462,0.3279,790.7321,0.311914
78.1996,0.3256,790.5359,0.311957
78.2521,0.3235,790.3410,0.312001
78.2847,0.3221,790.2199,0.312028
78.3203,0.3207,790.0874,0.312061
78.3590,0.3191,789.9435,0.312092
78.3975,0.3175,789.8004,0.312122
78.4324,0.3160,789.6699,0.312153
78.4766,0.3142,789.5046,0.312189
78.5111,0.3128,789.3755,0.312220
78.5485,0.3112,789.2356,0.312254
78.5857,0.3097,789.0967,0.312283
78.6259,0.3080,788.9473,0.312316
78.6627,0.3065,788.8103,0.312349
78.6963,0.3052,788.6856,0.312376
78.7326,0.3037,788.5505,0.312407
78.7686,0.3022,788.4163,0.312438
78.8074,0.3006,788.2715,0.312472
78.8457,0.2990,788.1276,0.312502
78.8809,0.2975,787.9953,0.312532
78.9156,0.2961,787.8637,0.312562
78.9502,0.2946,787.7328,0.312592
78.9817,0.2933,787.6133,0.312621
79.0157,0.2918,787.4836,0.312648
79.0466,0.2905,787.3652,0.312674
79.0800,0.2891,787.2366,0.312705
79.1103,0.2878,787.1193,0.312733
79.1432,0.2864,786.9920,0.312759
79.1759,0.2850,786.8653,0.312788
79.2056,0.2837,786.7499,0.312813
79.2432,0.2821,786.6038,0.312847
79.2751,0.2807,786.4793,0.312876
79.3066,0.2794,786.3555,0.312903
79.3378,0.2780,786.2323,0.312931
79.3713,0.2765,786.0992,0.312960
79.3994,0.2753,785.9871,0.312984
79.4298,0.2740,785.8648,0.313013
79.4599,0.2726,785.7426,0.313041
79.4873,0.2714,785.6308,0.313065
79.5168,0.2700,785.5090,0.313094
79.5437,0.2688,785.3975,0.313116
79.5729,0.2674,785.2760,0.313146
79.5995,0.2662,785.1652,0.313170
79.6283,0.2649,785.0444,0.313194
79.6593,0.2635,784.9141,0.313225
79.6876,0.2621,784.7940,0.313254
79.7158,0.2607,784.6740,0.313280
79.7439,0.2593,784.5541,0.313308
79.7718,0.2579,784.4345,0.313333
79.7973,0.2566,784.3249,0.313358
79.8250,0.2552,784.2053,0.313384
79.8525,0.2539,784.0857,0.313411
79.8778,0.2526,783.9761,0.313436
79.9051,0.2512,783.8563,0.313461
79.9300,0.2499,783.7467,0.313488
79.9548,0.2486,783.6369,0.313511
79.9817,0.2473,783.5172,0.313537
80.0107,0.2458,783.3875,0.313566
80.0373,0.2444,783.2678,0.313593
80.0727,0.2425,783.1082,0.313629
80.0991,0.2411,782.9886,0.313657
80.1254,0.2397,782.8688,0.313680
80.1515,0.2384,782.7489,0.313707
80.1776,0.2370,782.6290,0.313735
80.2013,0.2357,782.5190,0.313759
80.2271,0.2343,782.3989,0.313787
80.2528,0.2329,782.2787,0.313813
80.2784,0.2315,782.1585,0.313839
80.3082,0.2299,782.0180,0.313872
80.3378,0.2283,781.8775,0.313901
80.3632,0.2269,781.7571,0.313929
80.3864,0.2256,781.6469,0.313953
80.4138,0.2241,781.5167,0.313983
80.4392,0.2227,781.3965,0.314009
80.4645,0.2213,781.2763,0.314034
80.4877,0.2200,781.1662,0.314061
80.5151,0.2185,781.0361,0.314088
80.5404,0.2171,780.9160,0.314116
80.5678,0.2156,780.7860,0.314144
80.5933,0.2142,780.6661,0.314171
80.6168,0.2130,780.5566,0.314197
80.6428,0.2116,780.4370,0.314223
80.6691,0.2102,780.3174,0.314249
80.6957,0.2088,780.1979,0.314275
80.7223,0.2074,780.0778,0.314304
80.7490,0.2060,779.9577,0.314329
80.7757,0.2046,779.8376,0.314356
80.8026,0.2032,779.7175,0.314385
80.8296,0.2018,779.5972,0.314412
80.8570,0.2004,779.4767,0.314437
80.8847,0.1990,779.3563,0.314464
80.9126,0.1976,779.2355,0.314494
80.9383,0.1964,779.1248,0.314517
80.9665,0.1949,779.0035,0.314543
80.9925,0.1937,778.8924,0.314569
81.0208,0.1922,778.7708,0.314596
81.0491,0.1908,778.6487,0.314623
81.0775,0.1894,778.5267,0.314652
81.1036,0.1881,778.4147,0.314676
81.1345,0.1866,778.2821,0.314706
81.1656,0.1850,778.1490,0.314737
81.1943,0.1836,778.0261,0.314765
81.2206,0.1823,777.9129,0.314791
81.2492,0.1808,777.7892,0.314819
81.2778,0.1794,777.6654,0.314846
81.3041,0.1781,777.5518,0.314869
81.3328,0.1766,777.4273,0.314900
81.3593,0.1753,777.3133,0.314925
81.3858,0.1740,777.1989,0.314951
81.4147,0.1725,777.0737,0.314977
81.4438,0.1711,776.9485,0.315006
81.4705,0.1698,776.8336,0.315032
81.4995,0.1683,776.7076,0.315061
81.5286,0.1668,776.5817,0.315087
81.5579,0.1654,776.4555,0.315116
81.5847,0.1640,776.3395,0.315142
81.6142,0.1626,776.2129,0.315171
81.6463,0.1610,776.0755,0.315203
81.6736,0.1596,775.9589,0.315230
81.7036,0.1581,775.8317,0.315258
81.7312,0.1568,775.7148,0.315282
81.7615,0.1553,775.5869,0.315312
81.7920,0.1538,775.4590,0.315341
81.8200,0.1524,775.3412,0.315367
81.8508,0.1509,775.2126,0.315397
81.8815,0.1494,775.0838,0.315426
81.9096,0.1481,774.9652,0.315451
81.9403,0.1466,774.8356,0.315482
81.9711,0.1451,774.7057,0.315511
82.0018,0.1435,774.5755,0.315540
82.0328,0.1420,774.4453,0.315569
82.0637,0.1405,774.3146,0.315599
82.0949,0.1390,774.1837,0.315628
82.1262,0.1375,774.0529,0.315657
82.1578,0.1359,773.9215,0.315688
82.1895,0.1344,773.7900,0.315715
82.2188,0.1330,773.6693,0.315745
82.2507,0.1315,773.5370,0.315774
82.2799,0.1301,773.4155,0.315802
82.3119,0.1285,773.2828,0.315831
82.3439,0.1270,773.1498,0.315862
82.3733,0.1256,773.0276,0.315890
82.4109,0.1237,772.8718,0.315924
82.4405,0.1223,772.7490,0.315952
82.4728,0.1208,772.6150,0.315982
82.5052,0.1192,772.4803,0.316013
82.5375,0.1176,772.3456,0.316044
82.5699,0.1161,772.2103,0.316074
82.5995,0.1146,772.0861,0.316104
82.6318,0.1130,771.9504,0.316132
82.6641,0.1115,771.8142,0.316164
82.6937,0.1100,771.6893,0.316191
82.7260,0.1084,771.5527,0.316222
82.7585,0.1068,771.4158,0.316252
82.7883,0.1054,771.2902,0.316281
82.8208,0.1038,771.1527,0.316311
82.8562,0.1021,771.0035,0.316346
82.8918,0.1004,770.8542,0.316380
82.9248,0.0988,770.7158,0.316412
82.9552,0.0973,770.5890,0.316440
82.9884,0.0957,770.4501,0.316471
83.0189,0.0942,770.3226,0.316500
83.0550,0.0925,770.1717,0.316535
83.0885,0.0908,770.0318,0.316565
83.1192,0.0894,769.9036,0.316595
83.1528,0.0877,769.7631,0.316625
83.1865,0.0861,769.6225,0.316658
83.2203,0.0845,769.4816,0.316689
83.2653,0.0823,769.2932,0.316734
83.2992,0.0807,769.1517,0.316761
83.3360,0.0789,768.9978,0.316798
83.3701,0.0772,768.8557,0.316831
83.4018,0.0758,768.7252,0.316858
83.4334,0.0743,768.5944,0.316890
83.4622,0.0730,768.4753,0.316916
83.4997,0.0712,768.3199,0.316951
83.5345,0.0696,768.1764,0.316982
83.5665,0.0681,768.0446,0.317014
83.6075,0.0662,767.8767,0.317054
83.6491,0.0643,767.7089,0.317091
83.6821,0.0628,767.5766,0.317119
83.7185,0.0612,767.4323,0.317151
83.7521,0.0597,767.3000,0.317181
83.7889,0.0581,767.1551,0.317216
83.8290,0.0563,766.9979,0.317251
83.8630,0.0548,766.8646,0.317281
83.9002,0.0532,766.7187,0.317314
83.9374,0.0515,766.5724,0.317347
83.9716,0.0500,766.4380,0.317377
84.0091,0.0484,766.2910,0.317410
84.0468,0.0467,766.1437,0.317443
84.0845,0.0450,765.9959,0.317476
84.1190,0.0435,765.8600,0.317509
84.1566,0.0418,765.7115,0.317541
84.1943,0.0402,765.5624,0.317577
84.2351,0.0383,765.4006,0.317614
84.2758,0.0365,765.2380,0.317651
84.3134,0.0348,765.0879,0.317683
84.3519,0.0332,764.9339,0.317718
84.3897,0.0332,764.7830,0.317754
84.4340,0.0332,764.6067,0.317792
84.4755,0.0332,764.4426,0.317831
84.5108,0.0332,764.3036,0.317859
84.5494,0.0332,764.1514,0.317893
84.5881,0.0332,763.9991,0.317929
84.6237,0.0331,763.8591,0.317960
84.6594,0.0331,763.7188,0.317992
84.6983,0.0331,763.5656,0.318028
84.7375,0.0331,763.4119,0.318061
84.7735,0.0331,763.2710,0.318093
84.8130,0.0331,763.1167,0.318130
84.8528,0.0331,762.9625,0.318164
84.8894,0.0331,762.8207,0.318195
84.9297,0.0331,762.6658,0.318233
84.9668,0.0330,762.5236,0.318263
85.0074,0.0330,762.3681,0.318298
85.0448,0.0330,762.2253,0.318332
85.0856,0.0330,762.0693,0.318366
85.1268,0.0330,761.9131,0.318402
85.1682,0.0330,761.7570,0.318437
85.2089,0.0330,761.6005,0.318473
85.2581,0.0328,761.4178,0.318516
85.3007,0.0327,761.2612,0.318549
85.3436,0.0325,761.1041,0.318587
85.3867,0.0324,760.9468,0.318623
85.4334,0.0322,760.7761,0.318663
85.4838,0.0321,760.5916,0.318702
85.5233,0.0319,760.4462,0.318736
85.5663,0.0318,760.2871,0.318772
85.6058,0.0316,760.1412,0.318805
85.6490,0.0315,759.9818,0.318842
85.6925,0.0313,759.8221,0.318879
85.7364,0.0312,759.6625,0.318915
85.7769,0.0311,759.5161,0.318948
85.8215,0.0309,759.3560,0.318985
85.8665,0.0308,759.1958,0.319019
85.9117,0.0306,759.0355,0.319057
85.9533,0.0305,758.8880,0.319089
85.9989,0.0303,758.7269,0.319128
86.0522,0.0302,758.5387,0.319170
86.0943,0.0300,758.3904,0.319204
86.1404,0.0300,758.2283,0.319241
86.1829,0.0300,758.0797,0.319275
86.2293,0.0300,757.9172,0.319312
86.2721,0.0300,757.7682,0.319347
86.3151,0.0300,757.6188,0.319381
86.3621,0.0300,757.4555,0.319420
86.4094,0.0300,757.2922,0.319455
86.4529,0.0300,757.1420,0.319489
86.5007,0.0300,756.9780,0.319528
86.5446,0.0300,756.8276,0.319562
86.5928,0.0300,756.6628,0.319600
86.6370,0.0300,756.5118,0.319633
86.6855,0.0300,756.3468,0.319670
86.7302,0.0300,756.1951,0.319705
86.7791,0.0300,756.0297,0.319743
86.8283,0.0300,755.8637,0.319783
86.8776,0.0300,755.6975,0.319819
86.9230,0.0300,755.5451,0.319855
86.9726,0.0300,755.3781,0.319893
87.0222,0.0300,755.2108,0.319933
87.0718,0.0300,755.0430,0.319971
87.1171,0.0300,754.8887,0.320004
87.1665,0.0300,754.7201,0.320044
87.2158,0.0300,754.5511,0.320082
87.2654,0.0300,754.3820,0.320120
87.3151,0.0300,754.2123,0.320160
87.3608,0.0300,754.0567,0.320197
87.4233,0.0300,753.8439,0.320243
87.4735,0.0300,753.6733,0.320282
87.5196,0.0300,753.5167,0.320318
87.5699,0.0300,753.3453,0.320359
87.6203,0.0300,753.1740,0.320398
87.6665,0.0300,753.0162,0.320433
87.7213,0.0300,752.8299,0.320475
87.7679,0.0300,752.6719,0.320511
87.8192,0.0300,752.4995,0.320551
87.8708,0.0300,752.3267,0.320591
87.9227,0.0300,752.1537,0.320631
87.9704,0.0300,751.9949,0.320667
88.0226,0.0300,751.8212,0.320707
88.0795,0.0300,751.6329,0.320748
88.1191,0.0300,751.5023,0.320782
88.1765,0.0300,751.3135,0.320823
88.2298,0.0300,751.1389,0.320865
88.2789,0.0300,750.9785,0.320900
88.3326,0.0300,750.8033,0.320940
88.3864,0.0300,750.6276,0.320981
88.4403,0.0300,750.4517,0.321022
88.4898,0.0300,750.2903,0.321060
88.5439,0.0300,750.1141,0.321100
88.5935,0.0300,749.9523,0.321137
88.6479,0.0300,749.7757,0.321178
88.7024,0.0300,749.5989,0.321220
88.7570,0.0300,749.4219,0.321258
88.8072,0.0300,749.2593,0.321294
88.8621,0.0300,749.0817,0.321336
88.9125,0.0300,748.9186,0.321374
88.9677,0.0300,748.7405,0.321416
89.0184,0.0300,748.5770,0.321451
89.0739,0.0300,748.3983,0.321494
89.1249,0.0300,748.2342,0.321532
89.1809,0.0300,748.0551,0.321573
89.2371,0.0300,747.8757,0.321614
89.2891,0.0300,747.7112,0.321651
89.3460,0.0300,747.5317,0.321694
89.3984,0.0300,747.3665,0.321732
89.4557,0.0300,747.1862,0.321773
89.5131,0.0300,747.0054,0.321815
89.5754,0.0300,746.8092,0.321860
89.6282,0.0300,746.6429,0.321898
89.6715,0.0300,746.5067,0.321929
89.7296,0.0300,746.3247,0.321972
89.7829,0.0300,746.1577,0.322009
89.8364,0.0300,745.9904,0.322050
89.8950,0.0300,745.8077,0.322091
89.9489,0.0300,745.6399,0.322130
90.0079,0.0300,745.4565,0.322173
90.0671,0.0300,745.2729,0.322214
90.1265,0.0300,745.0889,0.322258
90.1712,0.0300,744.9509,0.322291
90.2310,0.0300,744.7663,0.322331
90.2910,0.0300,744.5816,0.322372
90.3463,0.0300,744.4119,0.322412
90.4068,0.0300,744.2266,0.322455
90.4727,0.0300,744.0257,0.322501
90.5440,0.0300,743.8088,0.322553
90.6005,0.0300,743.6383,0.322592
90.6468,0.0300,743.4987,0.322624
90.7087,0.0300,743.3119,0.322669
90.7656,0.0300,743.1405,0.322707
90.8278,0.0300,742.9530,0.322752
90.8899,0.0300,742.7651,0.322794
90.9521,0.0300,742.5767,0.322837
91.0144,0.0300,742.3879,0.322882
91.0766,0.0300,742.1985,0.322923
91.1389,0.0300,742.0090,0.322968
91.2013,0.0300,741.8188,0.323013
91.2636,0.0300,741.6284,0.323054
91.3208,0.0300,741.4535,0.323096
91.3833,0.0300,741.2623,0.323140
91.4407,0.0300,741.0867,0.323179
91.5034,0.0300,740.8948,0.323225
91.5663,0.0300,740.7026,0.323270
91.6240,0.0300,740.5261,0.323307
91.6871,0.0300,740.3332,0.323353
91.7450,0.0300,740.1559,0.323395
91.8083,0.0300,739.9622,0.323439
91.8718,0.0300,739.7681,0.323485
91.9303,0.0300,739.5902,0.323524
91.9942,0.0300,739.3954,0.323571
92.0582,0.0300,739.2005,0.323614
92.1170,0.0300,739.0213,0.323657
92.1920,0.0300,738.7929,0.323709
92.2564,0.0300,738.5966,0.323752
92.3209,0.0300,738.4000,0.323799
92.3801,0.0300,738.2194,0.323841
92.4502,0.0300,738.0056,0.323891
92.5095,0.0300,737.8241,0.323933
92.5901,0.0300,737.5757,0.323989
92.6544,0.0300,737.3763,0.324036
92.7185,0.0300,737.1764,0.324081
92.7771,0.0300,736.9927,0.324122
92.8409,0.0300,736.7919,0.324170
92.9047,0.0300,736.5905,0.324216
92.9632,0.0300,736.4057,0.324257
93.0270,0.0300,736.2036,0.324305
93.0909,0.0300,736.0012,0.324351
93.1657,0.0300,735.7646,0.324405
93.2246,0.0300,735.5786,0.324446
93.2893,0.0300,735.3753,0.324496
93.3488,0.0300,735.1886,0.324537
93.4139,0.0300,734.9847,0.324584
93.4791,0.0300,734.7803,0.324629
93.5391,0.0300,734.5927,0.324677
93.6046,0.0300,734.3876,0.324723
93.6648,0.0300,734.1992,0.324764
93.7305,0.0300,733.9932,0.324812
93.7963,0.0300,733.7868,0.324860
93.8567,0.0300,733.5973,0.324902
93.9226,0.0300,733.3900,0.324953
93.9831,0.0300,733.1998,0.324993
94.0493,0.0300,732.9918,0.325044
94.1156,0.0300,732.7834,0.325091
94.1766,0.0300,732.5920,0.325134
94.2432,0.0300,732.3828,0.325183
94.3043,0.0300,732.1907,0.325224
94.3711,0.0300,731.9807,0.325275
94.4380,0.0300,731.7701,0.325322
94.4993,0.0300,731.5767,0.325367
94.5662,0.0300,731.3653,0.325418
94.6221,0.0300,731.1888,0.325458
94.6837,0.0300,730.9944,0.325502
94.7511,0.0300,730.7819,0.325552
94.8130,0.0300,730.5867,0.325593
94.8805,0.0300,730.3734,0.325645
94.9482,0.0300,730.1595,0.325693
95.0102,0.0300,729.9632,0.325737
95.0780,0.0300,729.7485,0.325788
95.1403,0.0300,729.5515,0.325834
95.2082,0.0300,729.3360,0.325884
95.2706,0.0300,729.1382,0.325928
95.3387,0.0300,728.9219,0.325976
95.4012,0.0300,728.7235,0.326023
95.4695,0.0300,728.5065,0.326073
95.5322,0.0300,728.3073,0.326119
95.6008,0.0300,728.0896,0.326169
95.6695,0.0300,727.8715,0.326219
95.7325,0.0300,727.6711,0.326263
95.8013,0.0300,727.4521,0.326316
95.8819,0.0300,727.1962,0.326375
95.9510,0.0300,726.9764,0.326424
96.0203,0.0300,726.7563,0.326475
96.0841,0.0300,726.5543,0.326522
96.1539,0.0300,726.3336,0.326572
96.2180,0.0300,726.1309,0.326619
96.2881,0.0300,725.9093,0.326670
96.3818,0.0300,725.6134,0.326739
96.4520,0.0300,725.3911,0.326788
96.5166,0.0300,725.1871,0.326835
96.5871,0.0300,724.9644,0.326887
96.6637,0.0300,724.7230,0.326945
96.7346,0.0300,724.4997,0.326994
96.8116,0.0300,724.2579,0.327050
96.8828,0.0300,724.0347,0.327102
96.9482,0.0300,723.8301,0.327147
97.0255,0.0300,723.5884,0.327202
97.0791,0.0300,723.4211,0.327244
97.1505,0.0300,723.1981,0.327293
97.2160,0.0300,722.9937,0.327342
97.2875,0.0300,722.7709,0.327393
97.3591,0.0300,722.5483,0.327447
97.4305,0.0300,722.3260,0.327494
97.5081,0.0300,722.0853,0.327551
97.5797,0.0300,721.8632,0.327601
97.6516,0.0300,721.6412,0.327655
97.7234,0.0300,721.4196,0.327704
97.7893,0.0300,721.2166,0.327750
97.8910,0.0300,720.9030,0.327822
97.9449,0.0300,720.7371,0.327861
98.0167,0.0300,720.5162,0.327913
98.0883,0.0300,720.2957,0.327964
98.1539,0.0300,720.0942,0.328010
98.2194,0.0300,719.8932,0.328057
98.2907,0.0300,719.6746,0.328108
98.3619,0.0300,719.4567,0.328159
98.4270,0.0300,719.2574,0.328201
98.4979,0.0300,719.0409,0.328252
98.5627,0.0300,718.8430,0.328299
98.6333,0.0300,718.6277,0.328349
98.6979,0.0300,718.4308,0.328395
98.7739,0.0300,718.1985,0.328448
98.8438,0.0300,717.9848,0.328497
98.9133,0.0300,717.7717,0.328546
98.9825,0.0300,717.5596,0.328595
99.0457,0.0300,717.3657,0.328638
99.1143,0.0300,717.1548,0.328688
99.1826,0.0300,716.9447,0.328737
99.2506,0.0300,716.7352,0.328784
99.3127,0.0300,716.5437,0.328829
99.3801,0.0300,716.3354,0.328877
99.4475,0.0300,716.1274,0.328924
99.5091,0.0300,715.9374,0.328968
99.5762,0.0300,715.7303,0.329014
99.6431,0.0300,715.5238,0.329063
99.7100,0.0300,715.3178,0.329110
99.7768,0.0300,715.1121,0.329156
99.8546,0.0300,714.8730,0.329213
99.9214,0.0300,714.6685,0.329259
99.9882,0.0300,714.4647,0.329307
100.0549,0.0300,714.2620,0.329355
100.1161,0.0300,714.0765,0.329395
100.1829,0.0300,713.8747,0.329442
100.2440,0.0300,713.6901,0.329484
100.3103,0.0300,713.4894,0.329531
100.3710,0.0300,713.3057,0.329572
100.4370,0.0300,713.1057,0.329622
100.5027,0.0300,712.9059,0.329664
100.5627,0.0300,712.7234,0.329709
100.6281,0.0300,712.5246,0.329753
100.7041,0.0300,712.2935,0.329809
100.7692,0.0300,712.0958,0.329854
100.8342,0.0300,711.8985,0.329897
100.8991,0.0300,711.7016,0.329943
100.9799,0.0300,711.4564,0.330001
101.0389,0.0300,711.2772,0.330042
101.1031,0.0300,711.0822,0.330084
101.1672,0.0300,710.8875,0.330130
101.2310,0.0300,710.6931,0.330177
101.2894,0.0300,710.5151,0.330220
101.3530,0.0300,710.3210,0.330260
101.4113,0.0300,710.1431,0.330301
101.4750,0.0300,709.9490,0.330349
101.5334,0.0300,709.7711,0.330388
101.5972,0.0300,709.5770,0.330433
101.6558,0.0300,709.3987,0.330472
101.7144,0.0300,709.2202,0.330515
101.7783,0.0300,709.0253,0.330560
101.8423,0.0300,708.8305,0.330606
101.9011,0.0300,708.6518,0.330646
101.9652,0.0300,708.4563,0.330691
102.0241,0.0300,708.2770,0.330734
102.0884,0.0300,708.0815,0.330777
102.1473,0.0300,707.9022,0.330817
102.2279,0.0300,707.6574,0.330874
102.2871,0.0300,707.4775,0.330916
102.3517,0.0300,707.2812,0.330962
102.4111,0.0300,707.1013,0.331003
102.4759,0.0300,706.9050,0.331050
102.5462,0.0300,706.6918,0.331096
102.6111,0.0300,706.4948,0.331142
102.6706,0.0300,706.3141,0.331183
102.7354,0.0300,706.1169,0.331226
102.8001,0.0300,705.9193,0.331273
102.8596,0.0300,705.7379,0.331316
102.9190,0.0300,705.5565,0.331358
102.9839,0.0300,705.3585,0.331403
103.0486,0.0300,705.1600,0.331451
103.1134,0.0300,704.9613,0.331495
103.1727,0.0300,704.7790,0.331537
103.2589,0.0300,704.5135,0.331598
103.3235,0.0300,704.3140,0.331642
103.3828,0.0300,704.1310,0.331687
103.4474,0.0300,703.9312,0.331729
103.5119,0.0300,703.7310,0.331775
103.5712,0.0300,703.5474,0.331819
103.6358,0.0300,703.3472,0.331864
103.7005,0.0300,703.1467,0.331912
103.7653,0.0300,702.9458,0.331957
103.8303,0.0300,702.7449,0.332004
103.8899,0.0300,702.5606,0.332044
103.9549,0.0300,702.3594,0.332092
104.0144,0.0300,702.1744,0.332134
104.0793,0.0300,701.9725,0.332181
104.1441,0.0300,701.7706,0.332226
104.2089,0.0300,701.5682,0.332274
104.2736,0.0300,701.3656,0.332319
104.3329,0.0300,701.1799,0.332362
104.3976,0.0300,700.9767,0.332410
104.4570,0.0300,700.7904,0.332451
104.5218,0.0300,700.5872,0.332499
104.5813,0.0300,700.4008,0.332540
104.6463,0.0300,700.1970,0.332589
104.7113,0.0300,699.9930,0.332636
104.7710,0.0300,699.8061,0.332679
104.8360,0.0300,699.6018,0.332726
104.9011,0.0300,699.3973,0.332772
104.9610,0.0300,699.2099,0.332815
105.0101,0.0300,699.0566,0.332850
105.0758,0.0300,698.8521,0.332900
105.1361,0.0300,698.6641,0.332942
105.2131,0.0300,698.4248,0.332997
105.2899,0.0300,698.1853,0.333045
105.3558,0.0300,697.9794,0.333098
105.4161,0.0300,697.7905,0.333141
105.4819,0.0300,697.5846,0.333188
105.5422,0.0300,697.3953,0.333231
105.6082,0.0300,697.1887,0.333278
105.6633,0.0300,697.0165,0.333318
105.7295,0.0300,696.8100,0.333366
105.7904,0.0300,696.6202,0.333411
105.8568,0.0300,696.4129,0.333458
105.9179,0.0300,696.2229,0.333500
105.9846,0.0300,696.0156,0.333550
106.0459,0.0300,695.8251,0.333593
106.1129,0.0300,695.6171,0.333641
106.1799,0.0300,695.4091,0.333688
106.2414,0.0300,695.2183,0.333733
106.3142,0.0300,694.9922,0.333782
106.3757,0.0300,694.8009,0.333829
106.4486,0.0300,694.5748,0.333880
106.5160,0.0300,694.3654,0.333927
106.5778,0.0300,694.1734,0.333974
106.6453,0.0300,693.9639,0.334020
106.7129,0.0300,693.7541,0.334070
106.7750,0.0300,693.5614,0.334112
106.8427,0.0300,693.3512,0.334162
106.9049,0.0300,693.1585,0.334205
106.9728,0.0300,692.9477,0.334253
107.0352,0.0300,692.7543,0.334300
107.1032,0.0300,692.5434,0.334347
107.1657,0.0300,692.3497,0.334389
107.2339,0.0300,692.1381,0.334439
107.2965,0.0300,691.9441,0.334485
107.3649,0.0300,691.7324,0.334532
107.4279,0.0300,691.5377,0.334576
107.4964,0.0300,691.3254,0.334624
107.5650,0.0301,691.1130,0.334675
107.6280,0.0301,690.9178,0.334718
107.7255,0.0302,690.6159,0.334788
107.7887,0.0302,690.4205,0.334835
107.8577,0.0302,690.2074,0.334883
107.9267,0.0303,689.9937,0.334934
107.9900,0.0303,689.7976,0.334978
108.0592,0.0303,689.5837,0.335025
108.1226,0.0304,689.3876,0.335072
108.1919,0.0304,689.1732,0.335119
108.2555,0.0305,688.9764,0.335166
108.3250,0.0305,688.7618,0.335216
108.3886,0.0305,688.5650,0.335262
108.4524,0.0306,688.3677,0.335309
108.5220,0.0306,688.1523,0.335356
108.5917,0.0306,687.9370,0.335404
108.6556,0.0307,687.7394,0.335449
108.7311,0.0307,687.5054,0.335506
108.7950,0.0307,687.3072,0.335552
108.8646,0.0308,687.0909,0.335602
108.9401,0.0308,686.8561,0.335654
108.9924,0.0308,686.6935,0.335692
109.0622,0.0308,686.4767,0.335742
109.1264,0.0308,686.2780,0.335787
109.1965,0.0308,686.0607,0.335835
109.2667,0.0308,685.8431,0.335885
109.3311,0.0308,685.6437,0.335931
109.3956,0.0308,685.4443,0.335978
109.4660,0.0308,685.2263,0.336027
109.5365,0.0308,685.0081,0.336078
109.6017,0.0309,684.8080,0.336125
109.6724,0.0310,684.5897,0.336173
109.7374,0.0311,684.3893,0.336221
109.8084,0.0312,684.1703,0.336271
109.8795,0.0313,683.9514,0.336320
109.9625,0.0315,683.6959,0.336378
110.0398,0.0316,683.4581,0.336435
110.1111,0.0317,683.2384,0.336486
110.1766,0.0318,683.0370,0.336530
110.2480,0.0319,682.8170,0.336582
110.3195,0.0320,682.5966,0.336633
110.3849,0.0321,682.3942,0.336680
110.4560,0.0322,682.1733,0.336731
110.5211,0.0323,681.9703,0.336775
110.5921,0.0324,681.7487,0.336826
110.6572,0.0325,681.5456,0.336874
110.7281,0.0326,681.3236,0.336925
110.7991,0.0327,681.1013,0.336976
110.8643,0.0328,680.8976,0.337021
110.9353,0.0329,680.6750,0.337071
111.0064,0.0330,680.4521,0.337123
111.0775,0.0331,680.2291,0.337177
111.1485,0.0332,680.0062,0.337227
111.2197,0.0332,679.7827,0.337279
111.2911,0.0332,679.5591,0.337329
111.3626,0.0332,679.3356,0.337380
111.4342,0.0332,679.1118,0.337433
111.4999,0.0332,678.9064,0.337480
111.5716,0.0331,678.6822,0.337529
111.6375,0.0331,678.4767,0.337577
111.7309,0.0349,678.2529,0.337626
111.8034,0.0395,678.0283,0.337680
111.8759,0.0440,677.8037,0.337730
111.9482,0.0486,677.5790,0.337783
112.0145,0.0527,677.3730,0.337831
112.0869,0.0573,677.1478,0.337885
112.1532,0.0615,676.9410,0.337930
112.2195,0.0656,676.7343,0.337977
112.2918,0.0702,676.5085,0.338029
112.3701,0.0751,676.2637,0.338087
112.4423,0.0796,676.0372,0.338137
112.5083,0.0838,675.8292,0.338186
112.5800,0.0883,675.6019,0.338237
112.6512,0.0927,675.3743,0.338289
112.7220,0.0972,675.1466,0.338342
112.7868,0.1012,674.9374,0.338391
112.8572,0.1056,674.7089,0.338443
112.9274,0.1100,674.4803,0.338494
112.9973,0.1144,674.2515,0.338546
113.0613,0.1184,674.0413,0.338592
113.1309,0.1227,673.8121,0.338646
113.1926,0.1265,673.6075,0.338692
113.2621,0.1261,673.3776,0.338746
113.3259,0.1257,673.1669,0.338793
113.3958,0.1253,672.9369,0.338846
113.4597,0.1249,672.7256,0.338896
113.5294,0.1244,672.4950,0.338947
113.5931,0.1240,672.2834,0.338997
113.6624,0.1235,672.0521,0.339049
113.7258,0.1230,671.8401,0.339096
113.7948,0.1225,671.6087,0.339149
113.8637,0.1220,671.3768,0.339203
113.9329,0.1216,671.1450,0.339254
114.0018,0.1211,670.9130,0.339309
114.0654,0.1207,670.7003,0.339356
114.1350,0.1203,670.4682,0.339407
114.1990,0.1199,670.2551,0.339456
114.2691,0.1196,670.0227,0.339510
114.3512,0.1191,669.7513,0.339571
114.4217,0.1188,669.5184,0.339626
114.4866,0.1185,669.3050,0.339674
114.5518,0.1182,669.0916,0.339724
114.6230,0.1178,668.8583,0.339778
114.6943,0.1175,668.6246,0.339829
114.7657,0.1172,668.3911,0.339882
114.8313,0.1169,668.1765,0.339933
114.9029,0.1166,667.9421,0.339989
114.9686,0.1163,667.7273,0.340036
115.0405,0.1160,667.4927,0.340088
115.1063,0.1157,667.2772,0.340136
115.1781,0.1154,667.0421,0.340191
115.2439,0.1150,666.8262,0.340241
115.3158,0.1146,666.5904,0.340296
115.3818,0.1142,666.3742,0.340344
115.4540,0.1138,666.1381,0.340400
115.5201,0.1134,665.9213,0.340448
115.5924,0.1130,665.6847,0.340502
115.6587,0.1126,665.4675,0.340550
115.7372,0.1122,665.2104,0.340610
115.8095,0.1118,664.9730,0.340665
115.8939,0.1113,664.6954,0.340728
115.9662,0.1108,664.4570,0.340785
116.0384,0.1104,664.2186,0.340837
116.1116,0.1101,663.9797,0.340890
116.1778,0.1098,663.7606,0.340940
116.2502,0.1096,663.5214,0.340997
116.3288,0.1093,663.2619,0.341055
116.4016,0.1090,663.0223,0.341109
116.4743,0.1087,662.7823,0.341165
116.5472,0.1085,662.5421,0.341220
116.6140,0.1082,662.3217,0.341268
116.6809,0.1080,662.1010,0.341317
116.7538,0.1077,661.8599,0.341374
116.8268,0.1074,661.6187,0.341432
116.8937,0.1071,661.3972,0.341480
116.9668,0.1068,661.1553,0.341535
117.0399,0.1065,660.9133,0.341589
117.1070,0.1063,660.6911,0.341641
117.1802,0.1060,660.4485,0.341697
117.2535,0.1055,660.2062,0.341750
117.3209,0.1051,659.9838,0.341802
117.3945,0.1046,659.7406,0.341857
117.4682,0.1042,659.4974,0.341914
117.5359,0.1038,659.2745,0.341966
117.6098,0.1033,659.0313,0.342021
117.6838,0.1029,658.7875,0.342075
117.7517,0.1025,658.5639,0.342126
117.8259,0.1021,658.3200,0.342183
117.9063,0.1016,658.0556,0.342243
117.9806,0.1011,657.8110,0.342298
118.0550,0.1007,657.5663,0.342354
118.1295,0.1003,657.3217,0.342408
118.1978,0.0999,657.0972,0.342461
118.2661,0.0995,656.8723,0.342514
118.3399,0.0987,656.6269,0.342568
118.4083,0.0982,656.4019,0.342619
118.4830,0.0976,656.1562,0.342678
118.5578,0.0969,655.9101,0.342733
118.6264,0.0964,655.6844,0.342784
118.7013,0.0957,655.4383,0.342841
118.7700,0.0952,655.2120,0.342891
118.8450,0.0945,654.9652,0.342950
118.9138,0.0940,654.7390,0.343001
118.9889,0.0933,654.4921,0.343054
119.0642,0.0927,654.2446,0.343114
119.1332,0.0921,654.0176,0.343166
119.2086,0.0916,653.7697,0.343221
119.2777,0.0912,653.5427,0.343274
119.3532,0.0908,653.2944,0.343329
119.4224,0.0904,653.0668,0.343384
119.4980,0.0900,652.8184,0.343439
119.5862,0.0896,652.5286,0.343505
119.6617,0.0892,652.2799,0.343561
119.7374,0.0888,652.0309,0.343619
119.8131,0.0884,651.7819,0.343676
119.8826,0.0880,651.5536,0.343728
119.9710,0.0875,651.2629,0.343795
120.0594,0.0871,650.9724,0.343859
120.1226,0.0867,650.7648,0.343907
120.1985,0.0863,650.5152,0.343964
120.2682,0.0860,650.2864,0.344017
120.3445,0.0856,650.0369,0.344073
120.4210,0.0852,649.7874,0.344131
120.4915,0.0849,649.5588,0.344185
120.5687,0.0846,649.3094,0.344240
120.6459,0.0843,649.0601,0.344299
120.7169,0.0840,648.8315,0.344349
120.7943,0.0837,648.5821,0.344407
120.8653,0.0835,648.3533,0.344460
120.9429,0.0832,648.1035,0.344517
121.0141,0.0829,647.8745,0.344569
121.0918,0.0826,647.6243,0.344625
121.1696,0.0823,647.3740,0.344683
121.2474,0.0820,647.1237,0.344744
121.3253,0.0818,646.8735,0.344799
121.4034,0.0815,646.6233,0.344857
121.4751,0.0813,646.3940,0.344908
121.5535,0.0811,646.1436,0.344966
121.6255,0.0809,645.9140,0.345020
121.6976,0.0807,645.6844,0.345072
121.7763,0.0805,645.4338,0.345129
121.8550,0.0802,645.1827,0.345185
121.9272,0.0800,644.9526,0.345239
122.0058,0.0798,644.7014,0.345296
122.0975,0.0795,644.4083,0.345363
122.1826,0.0793,644.1362,0.345426
122.2547,0.0791,643.9057,0.345478
122.3335,0.0788,643.6539,0.345535
122.4058,0.0786,643.4230,0.345589
122.4846,0.0784,643.1711,0.345646
122.5571,0.0782,642.9403,0.345698
122.6362,0.0780,642.6885,0.345757
122.7089,0.0778,642.4577,0.345810
122.7883,0.0776,642.2060,0.345868
122.8612,0.0774,641.9750,0.345921
122.9409,0.0773,641.7232,0.345979
123.0273,0.0771,641.4500,0.346043
123.1071,0.0769,641.1974,0.346100
123.1869,0.0767,640.9448,0.346156
123.2600,0.0765,640.7133,0.346209
123.3398,0.0764,640.4605,0.346269
123.4196,0.0762,640.2078,0.346326
123.4994,0.0760,639.9551,0.346386
123.5727,0.0759,639.7233,0.346437
123.6526,0.0757,639.4700,0.346495
123.7259,0.0756,639.2377,0.346546
123.8059,0.0754,638.9843,0.346606
123.8793,0.0753,638.7520,0.346661
123.9594,0.0751,638.4985,0.346717
124.0328,0.0750,638.2662,0.346772
124.1130,0.0748,638.0127,0.346829
124.1864,0.0746,637.7798,0.346881
124.2666,0.0745,637.5256,0.346940
124.3468,0.0743,637.2715,0.346999
124.4338,0.0741,636.9962,0.347063
124.5075,0.0740,636.7632,0.347116
124.5879,0.0738,636.5092,0.347172
124.6617,0.0737,636.2763,0.347226
124.7423,0.0736,636.0223,0.347285
124.8163,0.0735,635.7896,0.347340
124.8970,0.0733,635.5356,0.347397
124.9779,0.0732,635.2818,0.347456
125.0589,0.0731,635.0282,0.347513
125.1330,0.0730,634.7961,0.347565
125.2138,0.0729,634.5430,0.347625
125.3011,0.0728,634.2694,0.347687
125.3815,0.0727,634.0168,0.347746
125.4619,0.0726,633.7649,0.347804
125.5421,0.0725,633.5132,0.347862
125.6222,0.0724,633.2621,0.347920
125.6955,0.0723,633.0323,0.347972
125.7686,0.0722,632.8029,0.348024
125.8484,0.0722,632.5528,0.348082
125.9215,0.0721,632.3239,0.348134
126.0011,0.0720,632.0743,0.348190
126.0807,0.0719,631.8250,0.348246
126.1602,0.0718,631.5760,0.348306
126.2331,0.0718,631.3478,0.348357
126.3124,0.0717,631.0991,0.348414
126.3917,0.0716,630.8508,0.348473
126.4972,0.0715,630.5198,0.348547
126.5763,0.0714,630.2715,0.348604
126.6554,0.0713,630.0239,0.348662
126.7344,0.0712,629.7763,0.348717
126.8069,0.0711,629.5495,0.348769
126.8859,0.0711,629.3022,0.348826
126.9582,0.0710,629.0760,0.348878
127.0370,0.0709,628.8293,0.348935
127.1157,0.0708,628.5831,0.348992
127.1943,0.0708,628.3370,0.349048
127.2664,0.0707,628.1115,0.349100
127.3450,0.0706,627.8656,0.349155
127.4236,0.0705,627.6201,0.349212
127.4955,0.0705,627.3952,0.349266
127.5740,0.0704,627.1498,0.349319
127.6589,0.0704,626.8846,0.349380
127.7177,0.0703,626.7012,0.349423
127.7960,0.0703,626.4568,0.349479
127.8677,0.0703,626.2331,0.349532
127.9395,0.0702,626.0096,0.349583
128.0177,0.0702,625.7659,0.349638
128.0892,0.0702,625.5427,0.349690
128.1673,0.0701,625.2995,0.349745
128.2389,0.0701,625.0767,0.349797
128.3169,0.0701,624.8336,0.349854
128.3884,0.0701,624.6107,0.349905
128.4664,0.0700,624.3676,0.349960
128.5444,0.0700,624.1246,0.350017
128.6159,0.0700,623.9018,0.350066
128.7004,0.0699,623.6385,0.350127
128.7719,0.0699,623.4161,0.350176
128.8629,0.0699,623.1332,0.350242
128.9407,0.0699,622.8908,0.350298
129.0121,0.0698,622.6686,0.350349
129.0899,0.0698,622.4262,0.350404
129.1613,0.0698,622.2040,0.350456
129.2391,0.0697,621.9615,0.350511
129.3169,0.0697,621.7192,0.350568
129.3947,0.0697,621.4768,0.350624
129.4661,0.0697,621.2546,0.350673
129.5441,0.0696,621.0122,0.350729
129.6155,0.0696,620.7901,0.350780
129.6935,0.0696,620.5477,0.350837
129.7650,0.0696,620.3255,0.350888
129.8430,0.0696,620.0832,0.350944
129.9145,0.0696,619.8610,0.350994
129.9925,0.0697,619.6188,0.351050
130.0706,0.0697,619.3766,0.351105
130.1421,0.0697,619.1546,0.351156
130.2136,0.0697,618.9327,0.351207
130.2917,0.0697,618.6908,0.351263
130.3698,0.0698,618.4491,0.351317
130.4413,0.0698,618.2275,0.351369
130.5128,0.0698,618.0060,0.351418
130.5909,0.0698,617.7643,0.351476
130.6688,0.0698,617.5226,0.351531
130.7402,0.0699,617.3011,0.351581
130.8180,0.0699,617.0594,0.351635
130.9021,0.0699,616.7974,0.351699
130.9732,0.0699,616.5756,0.351748
131.0504,0.0698,616.3335,0.351804
131.1212,0.0698,616.1115,0.351855
131.1984,0.0697,615.8693,0.351911
131.2885,0.0697,615.5865,0.351975
131.3658,0.0696,615.3441,0.352030
131.4367,0.0696,615.1219,0.352081
131.5141,0.0696,614.8795,0.352137
131.5853,0.0696,614.6572,0.352189
131.6629,0.0695,614.4148,0.352244
131.7406,0.0695,614.1724,0.352296
131.8117,0.0695,613.9501,0.352349
131.8893,0.0695,613.7077,0.352407
131.9604,0.0695,613.4855,0.352457
132.0510,0.0696,613.2026,0.352521
132.1222,0.0696,612.9804,0.352573
132.1996,0.0696,612.7387,0.352627
132.2902,0.0696,612.4567,0.352693
132.3615,0.0697,612.2354,0.352744
132.4393,0.0697,611.9938,0.352799
132.5173,0.0698,611.7523,0.352856
132.5888,0.0698,611.5308,0.352905
132.6668,0.0698,611.2889,0.352962
132.7448,0.0699,611.0471,0.353018
132.8163,0.0699,610.8249,0.353067
132.8943,0.0700,610.5825,0.353122
132.9658,0.0700,610.3603,0.353175
133.0438,0.0700,610.1178,0.353228
133.1346,0.0701,609.8348,0.353295
133.2124,0.0701,609.5922,0.353350
133.2901,0.0701,609.3494,0.353407
133.3611,0.0701,609.1266,0.353456
133.4386,0.0701,608.8834,0.353514
133.5160,0.0700,608.6400,0.353570
133.5870,0.0700,608.4169,0.353619
133.6645,0.0700,608.1735,0.353675
133.7420,0.0700,607.9301,0.353732
133.8130,0.0700,607.7070,0.353783
133.8905,0.0699,607.4636,0.353839
133.9679,0.0699,607.2199,0.353895
134.0454,0.0699,606.9761,0.353950
134.1165,0.0699,606.7525,0.354000
134.1940,0.0699,606.5084,0.354057
134.2781,0.0699,606.2441,0.354119
134.3493,0.0699,606.0204,0.354169
134.4269,0.0699,605.7764,0.354224
134.4981,0.0700,605.5528,0.354276
134.5757,0.0700,605.3087,0.354332
134.6469,0.0699,605.0848,0.354382
134.7180,0.0699,604.8606,0.354434
134.7955,0.0699,604.6160,0.354491
134.8666,0.0699,604.3915,0.354543
134.9442,0.0699,604.1468,0.354597
135.0153,0.0699,603.9224,0.354648
135.0928,0.0698,603.6774,0.354705
135.1703,0.0698,603.4322,0.354762
135.2670,0.0697,603.1252,0.354832
135.3442,0.0697,602.8793,0.354888
135.4147,0.0696,602.6539,0.354939
135.4915,0.0695,602.4080,0.354997
135.5619,0.0694,602.1823,0.355049
135.6387,0.0693,601.9359,0.355106
135.7220,0.0692,601.6690,0.355166
135.8055,0.0691,601.4022,0.355227
135.8763,0.0690,601.1765,0.355279
135.9538,0.0690,600.9304,0.355334
136.0314,0.0690,600.6843,0.355391
136.1155,0.0689,600.4177,0.355454
136.1868,0.0689,600.1915,0.355504
136.2647,0.0689,599.9447,0.355560
136.3620,0.0688,599.6362,0.355631
136.4463,0.0688,599.3687,0.355693
136.5241,0.0687,599.1218,0.355749
136.5889,0.0687,598.9161,0.355797
136.6667,0.0687,598.6688,0.355852
136.7379,0.0686,598.4418,0.355905
136.8092,0.0686,598.2148,0.355956
136.8870,0.0685,597.9672,0.356013
136.9583,0.0685,597.7402,0.356065
137.0361,0.0684,597.4926,0.356122
137.1074,0.0683,597.2654,0.356174
137.1852,0.0683,597.0171,0.356231
137.2630,0.0682,596.7687,0.356289
137.3344,0.0681,596.5410,0.356339
137.4122,0.0681,596.2925,0.356397
137.4965,0.0680,596.0234,0.356460
137.5741,0.0679,595.7745,0.356516
137.6516,0.0678,595.5253,0.356571
137.7225,0.0677,595.2966,0.356624
137.7998,0.0676,595.0471,0.356680
137.8705,0.0674,594.8184,0.356734
137.9476,0.0673,594.5688,0.356791
138.0182,0.0672,594.3398,0.356843
138.0889,0.0670,594.1106,0.356896
138.1658,0.0668,593.8604,0.356952
138.2427,0.0667,593.6101,0.357010
138.3196,0.0665,593.3599,0.357067
138.3900,0.0663,593.1303,0.357119
138.4667,0.0662,592.8796,0.357177
138.5243,0.0660,592.6914,0.357219
138.6139,0.0658,592.3987,0.357285
138.6907,0.0656,592.1479,0.357344
138.7676,0.0654,591.8972,0.357401
138.8508,0.0652,591.6251,0.357464
138.9213,0.0650,591.3950,0.357516
138.9982,0.0649,591.1440,0.357573
139.0750,0.0647,590.8932,0.357630
139.1455,0.0645,590.6634,0.357682
139.2159,0.0644,590.4337,0.357735
139.2927,0.0642,590.1831,0.357792
139.3630,0.0640,589.9533,0.357844
139.4461,0.0638,589.6818,0.357906
139.5163,0.0636,589.4521,0.357959
139.5937,0.0636,589.2015,0.358019
139.6704,0.0636,588.9510,0.358075
139.7408,0.0637,588.7216,0.358126
139.8179,0.0637,588.4718,0.358183
139.8885,0.0638,588.2430,0.358234
139.9656,0.0638,587.9935,0.358293
140.0364,0.0638,587.7650,0.358345
140.1136,0.0637,587.5156,0.358403
140.1845,0.0635,587.2869,0.358455
140.2618,0.0634,587.0376,0.358513
140.3328,0.0633,586.8093,0.358565
140.4102,0.0632,586.5603,0.358623
140.4811,0.0631,586.3323,0.358673
140.5585,0.0630,586.0835,0.358730
140.6295,0.0629,585.8555,0.358783
140.7134,0.0628,585.5861,0.358844
140.7845,0.0627,585.3580,0.358896
140.8621,0.0626,585.1096,0.358954
140.9332,0.0625,584.8820,0.359006
141.0044,0.0625,584.6547,0.359058
141.0820,0.0624,584.4066,0.359114
141.1596,0.0623,584.1586,0.359171
141.2308,0.0622,583.9312,0.359222
141.3020,0.0622,583.7039,0.359274
141.3797,0.0621,583.4560,0.359331
141.4510,0.0621,583.2290,0.359385
141.5287,0.0620,582.9815,0.359441
141.5999,0.0619,582.7548,0.359493
141.6767,0.0617,582.5073,0.359550
141.7544,0.0614,582.2600,0.359606
141.8256,0.0612,582.0333,0.359658
141.9032,0.0609,581.7859,0.359715
141.9746,0.0607,581.5593,0.359768
142.0524,0.0605,581.3123,0.359822
142.1238,0.0604,581.0858,0.359875
142.1951,0.0603,580.8597,0.359927
142.2729,0.0603,580.6130,0.359984
142.3507,0.0602,580.3664,0.360039
142.4219,0.0602,580.1403,0.360093
142.4996,0.0601,579.8936,0.360149
142.5902,0.0601,579.6058,0.360215
142.6679,0.0600,579.3594,0.360271
142.7390,0.0600,579.1337,0.360323
142.8166,0.0599,578.8877,0.360379
142.8877,0.0599,578.6622,0.360430
142.9653,0.0598,578.4163,0.360486
143.0365,0.0598,578.1909,0.360537
143.1143,0.0597,577.9449,0.360596
143.2050,0.0597,577.6583,0.360661
143.2828,0.0597,577.4129,0.360717
143.3542,0.0597,577.1880,0.360768
143.4320,0.0597,576.9429,0.360825
143.5033,0.0596,576.7181,0.360877
143.5811,0.0596,576.4731,0.360934
143.6525,0.0596,576.2484,0.360985
143.7562,0.0596,575.9216,0.361058
143.8407,0.0596,575.6564,0.361119
143.9057,0.0596,575.4526,0.361167
143.9771,0.0596,575.2285,0.361218
144.0484,0.0596,575.0045,0.361269
144.1263,0.0596,574.7600,0.361324
144.2040,0.0596,574.5156,0.361381
144.2817,0.0595,574.2709,0.361438
144.3593,0.0595,574.0264,0.361493
144.4369,0.0594,573.7819,0.361549
144.5144,0.0594,573.5377,0.361604
144.5853,0.0593,573.3140,0.361657
144.6625,0.0592,573.0700,0.361713
144.7398,0.0592,572.8261,0.361770
144.8106,0.0591,572.6025,0.361820
144.8879,0.0591,572.3586,0.361876
144.9652,0.0590,572.1149,0.361931
145.0554,0.0589,571.8305,0.361996
145.1264,0.0589,571.6072,0.362048
145.2038,0.0589,571.3641,0.362104
145.2747,0.0588,571.1412,0.362155
145.3520,0.0588,570.8980,0.362212
145.4228,0.0587,570.6752,0.362261
145.4937,0.0587,570.4523,0.362312
145.6031,0.0586,570.1080,0.362390
145.6805,0.0586,569.8652,0.362447
145.7516,0.0586,569.6429,0.362497
145.8292,0.0586,569.4008,0.362554
145.9070,0.0586,569.1586,0.362608
145.9783,0.0586,568.9369,0.362660
146.0757,0.0586,568.6345,0.362730
146.1604,0.0587,568.3726,0.362790
146.2386,0.0587,568.1314,0.362845
146.3105,0.0588,567.9105,0.362896
146.3891,0.0589,567.6696,0.362952
146.4613,0.0589,567.4490,0.363003
146.5401,0.0590,567.2085,0.363057
146.6188,0.0591,566.9680,0.363113
146.7039,0.0591,566.7073,0.363173
146.7821,0.0592,566.4667,0.363228
146.8603,0.0592,566.2264,0.363283
146.9320,0.0592,566.0062,0.363335
147.0103,0.0593,565.7663,0.363389
147.0821,0.0594,565.5464,0.363440
147.1606,0.0594,565.3067,0.363494
147.2391,0.0595,565.0674,0.363551
147.3112,0.0596,564.8482,0.363601
147.3899,0.0597,564.6093,0.363655
147.4621,0.0598,564.3903,0.363706
147.5409,0.0599,564.1517,0.363761
147.6129,0.0600,563.9335,0.363811
147.6913,0.0601,563.6960,0.363866
147.7629,0.0602,563.4789,0.363915
147.8407,0.0603,563.2430,0.363969
147.9180,0.0604,563.0086,0.364024
147.9884,0.0605,562.7951,0.364073
148.0647,0.0606,562.5637,0.364125
148.1404,0.0607,562.3339,0.364178
148.2280,0.0608,562.0679,0.364239
148.2962,0.0609,561.8602,0.364288
148.3700,0.0610,561.6354,0.364339
148.4734,0.0611,561.3194,0.364410
148.5396,0.0611,561.1165,0.364457
148.6113,0.0612,560.8969,0.364509
148.6765,0.0613,560.6969,0.364554
148.7413,0.0613,560.4982,0.364601
148.8114,0.0614,560.2831,0.364650
148.8811,0.0615,560.0696,0.364698
148.9502,0.0616,559.8576,0.364746
149.0132,0.0616,559.6647,0.364790
149.0813,0.0617,559.4557,0.364838
149.1489,0.0618,559.2482,0.364886
149.2105,0.0618,559.0594,0.364928
149.2993,0.0619,558.7870,0.364990
149.3653,0.0620,558.5845,0.365036
149.4309,0.0620,558.3836,0.365083
149.4960,0.0621,558.1843,0.365129
149.5767,0.0622,557.9371,0.365188
149.6353,0.0623,557.7573,0.365228
149.6988,0.0623,557.5626,0.365272
149.7564,0.0624,557.3853,0.365313
149.8187,0.0624,557.1934,0.365357
149.8805,0.0625,557.0029,0.365400
149.9416,0.0625,556.8137,0.365445
149.9972,0.0625,556.6417,0.365484
150.0573,0.0625,556.4554,0.365525
150.1169,0.0626,556.2706,0.365567
150.1713,0.0626,556.1024,0.365606
150.2303,0.0626,555.9199,0.365647
150.2840,0.0626,555.7537,0.365686
150.3422,0.0626,555.5738,0.365728
150.3952,0.0627,555.4099,0.365764
150.4575,0.0627,555.2174,0.365807
150.5099,0.0627,555.0557,0.365846
150.5666,0.0628,554.8802,0.365885
150.6184,0.0628,554.7203,0.365921
150.6745,0.0628,554.5469,0.365961
150.7302,0.0628,554.3745,0.366000
150.7808,0.0629,554.2174,0.366037
150.8404,0.0631,554.0324,0.366078
150.8813,0.0633,553.9053,0.366108
150.9355,0.0636,553.7368,0.366146
150.9848,0.0639,553.5833,0.366180
151.0383,0.0642,553.4168,0.366220
151.0870,0.0645,553.2653,0.366252
151.1399,0.0648,553.1008,0.366290
151.1881,0.0651,552.9507,0.366326
151.2404,0.0654,552.7878,0.366363
151.2881,0.0656,552.6391,0.366394
151.3399,0.0659,552.4778,0.366434
151.3871,0.0662,552.3306,0.366465
151.4383,0.0665,552.1709,0.366502
151.4850,0.0667,552.0252,0.366535
151.5441,0.0671,551.8410,0.366578
151.5943,0.0673,551.6841,0.366612
151.6400,0.0676,551.5413,0.366645
151.6896,0.0679,551.3864,0.366680
151.7348,0.0681,551.2452,0.366712
151.7837,0.0684,551.0923,0.366747
151.8282,0.0686,550.9530,0.366778
151.8724,0.0688,550.8145,0.366810
151.9203,0.0691,550.6645,0.366842
151.9639,0.0693,550.5277,0.366875
152.0111,0.0696,550.3795,0.366909
152.0541,0.0698,550.2447,0.366939
152.1045,0.0701,550.0863,0.366976
152.1469,0.0703,549.9531,0.367006
152.1927,0.0705,549.8090,0.367037
152.2345,0.0707,549.6776,0.367067
152.2798,0.0709,549.5353,0.367099
152.3209,0.0711,549.4058,0.367130
152.3655,0.0714,549.2654,0.367160
152.4061,0.0716,549.1376,0.367189
152.4537,0.0718,548.9877,0.367223
152.4937,0.0720,548.8616,0.367253
152.5371,0.0722,548.7251,0.367283
152.5765,0.0724,548.6008,0.367309
152.6160,0.0729,548.4763,0.367339
152.6584,0.0736,548.3425,0.367369
152.6970,0.0743,548.2208,0.367396
152.7386,0.0750,548.0887,0.367426
152.7800,0.0757,547.9578,0.367455
152.8176,0.0763,547.8386,0.367481
152.8583,0.0770,547.7094,0.367512
152.8986,0.0777,547.5812,0.367540
152.9354,0.0783,547.4646,0.367565
152.9718,0.0789,547.3487,0.367592
153.0113,0.0796,547.2231,0.367619
153.0505,0.0802,547.0984,0.367648
153.0861,0.0808,546.9850,0.367673
153.1246,0.0815,546.8620,0.367701
153.1596,0.0820,546.7501,0.367726
153.1975,0.0826,546.6287,0.367754
153.2349,0.0832,546.5081,0.367781
153.2720,0.0838,546.3884,0.367808
153.3087,0.0844,546.2697,0.367835
153.3452,0.0850,546.1517,0.367859
153.3813,0.0856,546.0347,0.367888
153.4173,0.0861,545.9185,0.367913
153.4539,0.0870,545.8029,0.367938
153.4864,0.0877,545.6979,0.367961
153.5216,0.0884,545.5841,0.367986
153.5536,0.0890,545.4806,0.368010
153.5883,0.0897,545.3684,0.368035
153.6199,0.0904,545.2662,0.368057
153.6540,0.0911,545.1556,0.368082
153.6853,0.0917,545.0544,0.368106
153.7165,0.0923,544.9532,0.368128
153.7505,0.0930,544.8426,0.368152
153.7817,0.0936,544.7411,0.368175
153.8242,0.0945,544.6029,0.368206
153.8554,0.0951,544.5015,0.368230
153.8923,0.0959,544.3817,0.368255
153.9235,0.0965,544.2803,0.368276
153.9576,0.0973,544.1689,0.368301
153.9888,0.0981,544.0674,0.368322
154.0226,0.0990,543.9566,0.368349
154.0564,0.0998,543.8458,0.368373
154.0873,0.1006,543.7443,0.368396
154.1211,0.1015,543.6337,0.368421
154.1548,0.1023,543.5230,0.368445
154.1857,0.1031,543.4214,0.368467
154.2166,0.1039,543.3199,0.368489
154.2643,0.1051,543.1631,0.368524
154.2950,0.1059,543.0615,0.368548
154.3286,0.1067,542.9507,0.368573
154.3613,0.1074,542.8404,0.368596
154.3949,0.1080,542.7296,0.368620
154.4284,0.1086,542.6188,0.368646
154.4619,0.1092,542.5080,0.368668
154.4926,0.1098,542.4064,0.368690
154.5231,0.1103,542.3048,0.368712
154.5565,0.1109,542.1939,0.368739
154.5899,0.1115,542.0831,0.368762
154.6204,0.1121,541.9814,0.368783
154.6537,0.1126,541.8705,0.368809
154.6870,0.1132,541.7597,0.368832
154.7175,0.1138,541.6580,0.368855
154.7507,0.1144,541.5469,0.368879
154.7839,0.1149,541.4357,0.368903
154.8146,0.1156,541.3325,0.368926
154.8477,0.1168,541.2214,0.368949
154.8807,0.1180,541.1104,0.368972
154.9109,0.1191,541.0085,0.368996
154.9438,0.1203,540.8975,0.369019
154.9739,0.1214,540.7956,0.369041
155.0067,0.1226,540.6844,0.369065
155.0368,0.1237,540.5827,0.369086
155.0696,0.1249,540.4716,0.369111
155.0797,0.1248,540.3708,0.369135
155.1152,0.1193,540.2502,0.369161
155.1460,0.1146,540.1482,0.369183
155.1772,0.1100,540.0460,0.369205
155.2169,0.1040,539.9158,0.369232
155.2480,0.0993,539.8132,0.369256
155.2820,0.0942,539.7016,0.369281
155.3132,0.0896,539.5995,0.369302
155.3473,0.0844,539.4879,0.369325
155.3786,0.0798,539.3855,0.369348
155.4128,0.0747,539.2740,0.369372
155.4498,0.0692,539.1534,0.369399
155.4812,0.0645,539.0515,0.369421
155.5154,0.0594,538.9401,0.369443
155.5468,0.0547,538.8381,0.369465
155.5784,0.0501,538.7361,0.369487
155.6134,0.0450,538.6255,0.369512
155.6477,0.0399,538.5143,0.369534
155.6790,0.0352,538.4119,0.369556
155.7180,0.0316,538.2780,0.369581
155.7553,0.0317,538.1576,0.369607
155.7921,0.0317,538.0375,0.369632
155.8256,0.0317,537.9271,0.369654
155.8599,0.0316,537.8170,0.369679
155.8945,0.0316,537.7068,0.369703
155.9261,0.0315,537.6061,0.369724
155.9605,0.0314,537.4962,0.369747
155.9921,0.0314,537.3955,0.369767
156.0266,0.0313,537.2856,0.369791
156.0612,0.0312,537.1757,0.369813
156.0958,0.0312,537.0657,0.369837
156.1273,0.0311,536.9648,0.369857
156.1619,0.0000,536.8547,0.369880
156.1938,0.0000,536.7546,0.369902
156.2302,0.0000,536.6445,0.369925
156.2672,0.0000,536.5330,0.369949
156.3029,0.0000,536.4215,0.369971
156.3381,0.0000,536.3100,0.369995
156.3733,0.0000,536.1990,0.370017
156.4053,0.0000,536.0973,0.370038
156.4404,0.0000,535.9863,0.370061
156.4725,0.0000,535.8851,0.370082
156.5073,0.0000,535.7748,0.370105
156.5390,0.0000,535.6737,0.370126
156.5737,0.0000,535.5634,0.370150
156.6084,0.0000,535.4530,0.370168
156.6403,0.0000,535.3519,0.370192
156.6752,0.0000,535.2417,0.370214
156.7100,0.0000,535.1313,0.370235
156.7419,0.0000,535.0305,0.370257
156.7767,0.0000,534.9202,0.370277
156.8087,0.0000,534.8191,0.370299
156.8407,0.0000,534.7181,0.370319
156.8756,0.0000,534.6077,0.370340
156.9077,0.0000,534.5066,0.370361
156.9440,0.0000,534.3969,0.370382
156.9801,0.0000,534.2871,0.370405
157.0148,0.0000,534.1769,0.370427
157.0495,0.0000,534.0663,0.370449
157.0841,0.0000,533.9558,0.370473
157.1188,0.0000,533.8454,0.370495
157.1538,0.0000,533.7349,0.370514
157.1888,0.0000,533.6243,0.370537
157.2236,0.0000,533.5138,0.370559
157.2557,0.0000,533.4125,0.370580
157.2877,0.0000,533.3112,0.370600
157.3227,0.0000,533.2007,0.370620
157.3576,0.0000,533.0903,0.370640
157.3925,0.0000,532.9797,0.370663
157.4275,0.0000,532.8691,0.370686
157.4623,0.0000,532.7590,0.370707
157.4943,0.0000,532.6578,0.370727
157.5293,0.0000,532.5472,0.370747
157.5671,0.0000,532.4274,0.370771
157.6021,0.0000,532.3171,0.370792
157.6341,0.0000,532.2158,0.370813
157.6691,0.0000,532.1052,0.370831
157.7041,0.0000,531.9947,0.370853
157.7390,-0.0000,531.8843,0.370875
157.7731,0.0000,531.7733,0.370893
157.8069,0.0000,531.6614,0.370916
157.8383,0.0000,531.5582,0.370937
157.8733,0.0000,531.4460,0.370959
157.9084,0.0000,531.3340,0.370980
157.9407,0.0000,531.2318,0.370998
157.9758,0.0000,531.1202,0.371020
158.0108,0.0000,531.0088,0.371040
158.0428,0.0000,530.9067,0.371059
158.0776,0.0000,530.7953,0.371078
158.1123,0.0000,530.6838,0.371100
158.1442,0.0000,530.5817,0.371119
158.1791,0.0000,530.4703,0.371140
158.2110,0.0000,530.3682,0.371157
158.2458,0.0000,530.2567,0.371177
158.2777,0.0000,530.1546,0.371197
158.3125,0.0000,530.0432,0.371217
158.3444,0.0000,529.9411,0.371235
158.3792,0.0000,529.8296,0.371256
158.4111,0.0000,529.7275,0.371273
158.4459,0.0000,529.6160,0.371294
158.4778,0.0000,529.5135,0.371313
158.5112,0.0000,529.4022,0.371332
158.5447,0.0000,529.2898,0.371356
158.5796,0.0000,529.1776,0.371372
158.6146,0.0000,529.0650,0.371393
158.6467,0.0000,528.9620,0.371410
158.6814,0.0000,528.8492,0.371428
158.7130,0.0000,528.7454,0.371448
158.7473,0.0000,528.6323,0.371470
158.7815,0.0000,528.5190,0.371488
158.8127,0.0000,528.4151,0.371507
158.8468,0.0000,528.3016,0.371525
158.8808,0.0000,528.1877,0.371548
158.9120,0.0000,528.0834,0.371565
158.9459,0.0000,527.9693,0.371585
158.9769,0.0000,527.8648,0.371601
159.0108,-0.0000,527.7506,0.371621
159.0445,0.0000,527.6365,0.371640
159.0753,0.0000,527.5317,0.371659
159.1031,0.0000,527.4365,0.371675
159.1363,0.0000,527.3221,0.371694
159.1693,-0.0000,527.2075,0.371713
159.2019,0.0000,527.0927,0.371735
159.2316,0.0000,526.9873,0.371751
159.2688,-0.0000,526.8528,0.371774
159.3029,0.0000,526.7275,0.371794
159.3315,0.0000,526.6210,0.371812
159.3621,-0.0000,526.5047,0.371831
159.3896,0.0000,526.3979,0.371849
159.4190,-0.0000,526.2811,0.371869
159.4479,0.0000,526.1641,0.371886
159.4761,-0.0000,526.0466,0.371905
159.5036,0.0000,525.9288,0.371923
159.5326,-0.0000,525.8005,0.371944
159.5565,0.0000,525.6918,0.371961
159.5819,0.0000,525.5731,0.371980
159.6044,0.0000,525.4639,0.372000
159.6283,0.0000,525.3444,0.372015
159.6514,-0.0000,525.2244,0.372036
159.6737,0.0000,525.1043,0.372055
159.6953,0.0000,524.9841,0.372075
159.7162,0.0000,524.8638,0.372093
159.7363,0.0000,524.7432,0.372114
159.7592,0.0000,524.6022,0.372138
159.7766,-0.0000,524.4915,0.372153
159.7952,0.0000,524.3705,0.372171
159.8134,0.0000,524.2496,0.372189
159.8296,0.0000,524.1388,0.372207
159.8469,0.0000,524.0175,0.372227
159.8623,0.0000,523.9061,0.372246
159.8788,0.0000,523.7845,0.372262
159.8935,0.0000,523.6731,0.372279
159.9090,0.0000,523.5511,0.372300
159.9240,0.0000,523.4288,0.372316
159.9373,0.0000,523.3167,0.372332
159.9514,0.0000,523.1943,0.372355
159.9637,0.0000,523.0818,0.372371
159.9767,0.0000,522.9587,0.372391
159.9881,0.0000,522.8460,0.372407
160.0001,0.0000,522.7229,0.372427
160.0116,0.0000,522.5996,0.372446
160.0225,0.0000,522.4762,0.372465
160.0320,0.0000,522.3631,0.372482
160.0411,0.0000,522.2497,0.372497
160.0505,0.0000,522.1260,0.372521
160.0594,0.0000,522.0023,0.372537
160.0668,0.0000,521.8889,0.372555
160.0738,0.0000,521.7754,0.372574
160.0808,0.0000,521.6516,0.372592
160.0871,0.0000,521.5278,0.372612
160.0923,0.0000,521.4142,0.372630
160.0966,0.0000,521.3110,0.372642
160.1007,0.0000,521.1972,0.372660
160.1040,0.0000,521.0935,0.372677
160.1073,0.0000,520.9691,0.372695
160.1104,0.0000,520.8134,0.372721
160.1123,0.0000,520.6785,0.372740
160.1133,0.0000,520.5538,0.372760
160.1136,0.0000,520.4395,0.372778
160.1133,0.0000,520.3148,0.372796
160.1124,0.0000,520.2004,0.372814
160.1106,0.0000,520.0758,0.372830
160.1085,0.0000,519.9615,0.372851
160.1054,0.0000,519.8368,0.372868
160.1020,0.0000,519.7225,0.372889
160.0976,0.0000,519.5979,0.372906
160.0930,0.0000,519.4836,0.372925
160.0878,0.0000,519.3694,0.372940
160.0826,-0.0000,519.2655,0.372955
160.0757,0.0000,519.1408,0.372974
160.0680,0.0000,519.0161,0.372994
160.0604,-0.0000,518.9018,0.373010
160.0514,0.0000,518.7770,0.373030
160.0425,0.0000,518.6628,0.373048
160.0313,0.0000,518.5277,0.373068
160.0201,-0.0000,518.4031,0.373090
160.0083,0.0000,518.2785,0.373105
159.9946,0.0000,518.1436,0.373126
159.9812,0.0000,518.0190,0.373143
159.9671,0.0000,517.8945,0.373164
159.9522,0.0000,517.7701,0.373184
159.9365,0.0000,517.6458,0.373204
159.9201,-0.0000,517.5214,0.373224
159.9029,0.0000,517.3971,0.373241
159.8865,0.0000,517.2832,0.373257
159.8679,0.0000,517.1590,0.373278
159.8470,-0.0000,517.0245,0.373303
159.8286,0.0000,516.9107,0.373314
159.8080,0.0000,516.7866,0.373334
159.7884,-0.0000,516.6730,0.373352
159.7664,0.0000,516.5492,0.373371
159.7457,0.0000,516.4360,0.373389
159.7225,0.0000,516.3125,0.373409
159.7007,0.0000,516.1995,0.373426
159.6761,0.0000,516.0764,0.373445
159.6508,-0.0000,515.9533,0.373466
159.6249,0.0000,515.8303,0.373483
159.6004,0.0000,515.7175,0.373499
159.5800,0.0000,515.6253,0.373517
159.5496,0.0000,515.4921,0.373534
159.5231,-0.0000,515.3799,0.373555
159.4936,0.0000,515.2574,0.373571
159.4633,0.0000,515.1354,0.373592
159.4349,0.0000,515.0235,0.373606
159.4032,0.0000,514.9014,0.373624
159.3734,-0.0000,514.7897,0.373643
159.3401,0.0000,514.6680,0.373667
159.3090,0.0000,514.5567,0.373681
159.2745,-0.0000,514.4357,0.373702
159.2364,0.0000,514.3046,0.373721
159.2036,0.0000,514.1938,0.373743
159.1672,0.0000,514.0730,0.373758
159.1333,0.0000,513.9627,0.373775
159.0957,0.0000,513.8426,0.373794
159.0447,0.0000,513.6826,0.373821
159.0058,0.0000,513.5627,0.373842
158.9695,0.0000,513.4530,0.373855
158.9292,0.0000,513.3337,0.373875
158.8883,0.0000,513.2147,0.373897
158.8503,0.0000,513.1056,0.373914
158.8117,0.0000,512.9966,0.373932
158.7688,0.0000,512.8781,0.373950
158.7290,0.0000,512.7697,0.373967
158.6850,0.0000,512.6517,0.373985
158.6403,0.0000,512.5338,0.374004
158.5909,0.0000,512.4062,0.374026
158.5446,0.0000,512.2889,0.374043
158.4977,0.0000,512.1718,0.374062
158.4498,0.0000,512.0548,0.374080
158.4053,0.0000,511.9479,0.374098
158.3561,0.0000,511.8316,0.374114
158.3061,0.0000,511.7154,0.374135
158.2561,0.0000,511.5997,0.374156
158.2094,0.0000,511.4937,0.374173
158.1560,0.0000,511.3781,0.374191
158.1056,0.0200,511.2729,0.374209
158.0357,0.0000,511.1298,0.374232
157.9802,0.0000,511.0164,0.374249
157.9287,-0.0000,510.9115,0.374269
157.8810,0.0000,510.8163,0.374283
157.8371,0.0000,510.7313,0.374292
157.7728,0.0000,510.6090,0.374317
157.7126,0.0000,510.4969,0.374336
157.6515,0.0000,510.3852,0.374355
157.5793,-0.0000,510.2553,0.374383
157.5167,0.0000,510.1444,0.374398
157.4588,-0.0000,510.0432,0.374414
157.3951,-0.0000,509.9332,0.374430
157.3362,0.0000,509.8326,0.374451
157.2714,0.0000,509.7234,0.374470
157.2116,0.0000,509.6235,0.374483
157.1460,0.0000,509.5150,0.374504
157.0860,0.0000,509.4156,0.374522
157.0134,0.0000,509.2977,0.374541
156.9391,0.0000,509.1811,0.374562
156.8573,0.0200,509.0583,0.374584
156.7843,0.0000,508.9531,0.374604
156.7190,0.0000,508.8568,0.374618
156.6485,0.0000,508.7507,0.374638
156.5774,-0.0000,508.6446,0.374654
156.5109,-0.0000,508.5489,0.374675
156.4369,0.0000,508.4449,0.374692
156.3622,-0.0000,508.3419,0.374711
156.2867,-0.0000,508.2393,0.374730
156.2170,0.0000,508.1458,0.374747
156.1341,0.0000,508.0357,0.374765
156.0633,0.0000,507.9429,0.374782
155.9854,0.0000,507.8423,0.374804
155.9068,-0.0000,507.7421,0.374821
155.8210,0.0000,507.6342,0.374842
155.7411,0.0000,507.5352,0.374863
155.6674,-0.0000,507.4449,0.374878
155.5860,0.0000,507.3463,0.374898
155.5112,0.0000,507.2557,0.374910
155.4296,0.0000,507.1583,0.374934
155.3466,-0.0000,507.0634,0.374947
155.2690,-0.0000,506.9761,0.374967
155.1848,-0.0000,506.8804,0.374986
155.1008,-0.0000,506.7844,0.375004
155.0159,0.0000,506.6896,0.375023
154.9372,0.0000,506.6036,0.375039
154.8433,0.0000,506.5024,0.375061
154.7340,0.0000,506.3867,0.375084
154.6389,0.0000,506.2871,0.375107
154.5435,-0.0000,506.1880,0.375130
154.4552,-0.0000,506.0970,0.375141
154.3591,-0.0000,505.9989,0.375166
154.2775,0.0000,505.9162,0.375184
154.1881,0.0000,505.8264,0.375197
154.0907,-0.0000,505.7296,0.375219
154.0000,0.0000,505.6409,0.375239
153.9085,-0.0000,505.5527,0.375260
153.7932,-0.0000,505.4434,0.375281
153.7000,0.0000,505.3567,0.375300
153.6062,-0.0000,505.2707,0.375317
153.5116,0.0000,505.1854,0.375339
153.4481,-0.0000,505.1288,0.375349
153.3445,0.0000,505.0377,0.375371
153.2563,0.0000,504.9611,0.375391
153.1596,-0.0000,504.8781,0.375411
153.0704,-0.0000,504.8027,0.375426
152.9725,0.0000,504.7209,0.375447
152.8821,0.0000,504.6466,0.375465
152.7829,-0.0000,504.5662,0.375480
152.6913,-0.0000,504.4932,0.375499
152.5907,0.0000,504.4143,0.375511
152.4895,-0.0000,504.3362,0.375530
152.3962,0.0000,504.2652,0.375551
152.3196,0.0000,504.2075,0.375567
152.2255,0.0000,504.1376,0.375581
152.1224,-0.0000,504.0620,0.375603
152.0187,-0.0000,503.9870,0.375624
151.9146,-0.0000,503.9128,0.375639
151.8188,0.0000,503.8454,0.375659
151.7226,0.0000,503.7786,0.375673
151.6172,0.0000,503.7062,0.375692
151.5202,-0.0000,503.6406,0.375707
151.4228,-0.0000,503.5754,0.375723
151.3161,-0.0000,503.5051,0.375748
151.2089,-0.0000,503.4354,0.375764
151.1102,-0.0000,503.3723,0.375781
151.0020,0.0000,503.3040,0.375801
150.8934,-0.0000,503.2365,0.375820
150.7843,-0.0000,503.1698,0.375836
150.6839,-0.0000,503.1092,0.375861
150.5739,0.0000,503.0439,0.375875
150.4637,-0.0000,502.9792,0.375894
150.3531,-0.0000,502.9152,0.375916
150.2514,0.0000,502.8570,0.375930
150.1403,0.0000,502.7942,0.375949
150.0288,-0.0000,502.7319,0.375965
149.9169,-0.0000,502.6703,0.375987
149.8046,-0.0000,502.6093,0.376008
149.7014,0.0000,502.5541,0.376020
149.5601,-0.0000,502.4797,0.376045
149.4467,-0.0000,502.4209,0.376065
149.3331,-0.0000,502.3628,0.376085
149.2193,-0.0000,502.3053,0.376105
149.1053,-0.0000,502.2482,0.376121
148.9817,-0.0000,502.1869,0.376142
148.8673,-0.0000,502.1309,0.376162
148.7527,-0.0000,502.0754,0.376183
148.6378,-0.0000,502.0205,0.376200
148.5321,-0.0000,501.9707,0.376222
148.3972,-0.0000,501.9081,0.376245
148.2909,0.0000,501.8596,0.376259
148.1747,-0.0000,501.8073,0.376275
148.0581,-0.0000,501.7556,0.376295
147.9413,0.0000,501.7045,0.376316
147.8339,-0.0000,501.6583,0.376335
147.6578,-0.0000,501.5838,0.376361
147.5402,0.0000,501.5348,0.376382
147.4029,-0.0000,501.4783,0.376407
147.2851,-0.0000,501.4303,0.376423
147.1671,-0.0000,501.3827,0.376445
147.0489,-0.0000,501.3357,0.376465
146.9305,-0.0000,501.2890,0.376481
146.8118,-0.0000,501.2429,0.376499
146.6629,-0.0000,501.1860,0.376526
146.5535,-0.0000,501.1449,0.376539
146.4338,0.0000,501.1005,0.376565
146.3237,-0.0000,501.0603,0.376586
146.2033,-0.0000,501.0171,0.376604
146.0825,-0.0000,500.9745,0.376620
145.9511,0.0000,500.9292,0.376643
145.8294,0.0000,500.8881,0.376659
145.7176,-0.0000,500.8510,0.376680
145.5953,-0.0000,500.8112,0.376703
145.4727,-0.0000,500.7720,0.376719
145.3602,0.0000,500.7366,0.376737
145.2166,-0.0000,500.6922,0.376759
145.0932,-0.0000,500.6547,0.376783
144.9697,0.0000,500.6177,0.376804
144.8459,-0.0000,500.5812,0.376826
144.7220,-0.0000,500.5453,0.376845
144.6081,-0.0000,500.5127,0.376862
144.4836,-0.0000,500.4778,0.376882
144.3693,-0.0000,500.4462,0.376903
144.2444,-0.0000,500.4122,0.376926
144.1194,-0.0000,500.3787,0.376947
143.9836,0.0000,500.3430,0.376964
143.8582,0.0000,500.3105,0.376993
143.7327,0.0000,500.2784,0.377008
143.6071,-0.0000,500.2467,0.377026
143.4815,-0.0000,500.2151,0.377047
143.3664,-0.0000,500.1863,0.377069
143.2407,-0.0000,500.1549,0.377087
143.1149,0.0000,500.1238,0.377108
142.9994,0.0000,500.0953,0.377130
142.8628,0.0000,500.0617,0.377151
142.7365,0.0000,500.0309,0.377173
142.5995,0.0000,499.9977,0.377199
142.4727,0.0000,499.9672,0.377226
142.3351,0.0000,499.9343,0.377250
142.2079,0.0000,499.9043,0.377266
142.0910,0.0000,499.8770,0.377287
141.9633,0.0000,499.8474,0.377309
141.8459,0.0000,499.8204,0.377326
141.7175,0.0000,499.7912,0.377351
141.5994,0.0000,499.7648,0.377372
141.4702,0.0000,499.7363,0.377395
141.3514,0.0000,499.7104,0.377415
141.2215,0.0000,499.6825,0.377436
141.1020,0.0000,499.6573,0.377460
140.9712,0.0000,499.6299,0.377481
140.8183,0.0000,499.5984,0.377508
140.6759,0.0000,499.5695,0.377532
140.5440,0.0000,499.5431,0.377559
140.4118,0.0000,499.5168,0.377575
140.2793,0.0000,499.4909,0.377602
140.1574,0.0000,499.4673,0.377625
140.0240,0.0000,499.4420,0.377646
139.9015,-0.0000,499.4191,0.377674
139.7676,-0.0000,499.3945,0.377692
139.6446,0.0000,499.3722,0.377711
139.5101,-0.0000,499.3483,0.377734
139.3865,0.0000,499.3267,0.377760
139.2515,0.0000,499.3035,0.377786
139.1274,-0.0000,499.2825,0.377806
138.9919,-0.0000,499.2598,0.377829
138.8448,0.0000,499.2356,0.377860
138.7088,0.0000,499.2134,0.377881
138.5726,-0.0000,499.1915,0.377906
138.4362,-0.0000,499.1697,0.377932
138.2996,-0.0000,499.1481,0.377957
138.1628,0.0000,499.1266,0.377978
138.0372,-0.0000,499.1069,0.378002
137.8999,0.0000,499.0856,0.378029
137.7624,-0.0000,499.0645,0.378050
137.6361,0.0000,499.0453,0.378076
137.4979,-0.0000,499.0245,0.378104
137.3594,-0.0000,499.0039,0.378126
137.2205,-0.0000,498.9835,0.378150
137.0929,0.0000,498.9649,0.378177
136.9185,0.0000,498.9398,0.378203
136.7787,0.0000,498.9197,0.378232
136.6385,0.0000,498.8998,0.378257
136.4981,-0.0000,498.8799,0.378282
136.3692,0.0000,498.8615,0.378309
136.2283,-0.0000,498.8416,0.378333
136.0872,-0.0000,498.8214,0.378357
135.9460,0.0000,498.8012,0.378385
135.8045,0.0000,498.7806,0.378410
135.6747,0.0000,498.7615,0.378438
135.5328,0.0000,498.7404,0.378462
135.3669,0.0000,498.7155,0.378492
135.2243,0.0000,498.6940,0.378522
135.1171,0.0000,498.6779,0.378539
134.9378,-0.0000,498.6515,0.378574
134.7576,-0.0000,498.6254,0.378610
134.6129,-0.0000,498.6048,0.378631
134.4799,-0.0000,498.5863,0.378660
134.3344,-0.0000,498.5664,0.378686
134.2008,-0.0000,498.5485,0.378712
134.0548,-0.0000,498.5292,0.378738
133.9207,-0.0000,498.5117,0.378764
133.7743,-0.0000,498.4930,0.378787
133.6279,-0.0000,498.4741,0.378815
133.4816,0.0000,498.4551,0.378845
133.3110,0.0000,498.4327,0.378874
133.1649,0.0000,498.4134,0.378903
133.0189,0.0000,498.3939,0.378928
132.8729,-0.0000,498.3744,0.378959
132.6905,-0.0000,498.3505,0.378992
132.5446,-0.0000,498.3315,0.379019
132.3987,-0.0000,498.3129,0.379043
132.2529,-0.0000,498.2946,0.379074
132.1195,-0.0000,498.2779,0.379100
131.9863,0.0000,498.2614,0.379123
131.8417,-0.0000,498.2426,0.379148
131.6976,-0.0000,498.2236,0.379180
131.5530,0.0000,498.2054,0.379206
131.3968,0.0000,498.1862,0.379237
131.2170,0.0000,498.1646,0.379268
131.0615,0.0000,498.1458,0.379298
130.9064,0.0000,498.1269,0.379326
130.7754,0.0000,498.1111,0.379353
130.6327,0.0000,498.0940,0.379380
130.4903,0.0000,498.0771,0.379405
130.3601,0.0000,498.0616,0.379434
130.2184,0.0000,498.0448,0.379461
130.0771,0.0000,498.0279,0.379490
129.9361,0.0000,498.0110,0.379517
129.7605,0.0000,497.9897,0.379549
129.6436,0.0000,497.9756,0.379574
129.5029,0.0000,497.9589,0.379597
129.3621,0.0000,497.9412,0.379627
129.2236,0.0000,497.9238,0.379654
129.0852,0.0000,497.9079,0.379684
128.9591,0.0000,497.8936,0.379705
128.8223,0.0000,497.8778,0.379734
128.6858,0.0000,497.8619,0.379760
128.5497,0.0000,497.8462,0.379791
128.3866,0.0262,497.7557,0.379821
128.2628,0.0314,497.7424,0.379843
128.1280,0.0370,497.7278,0.379866
128.0158,0.0417,497.7157,0.379888
127.8927,0.0467,497.7027,0.379914
127.7587,0.0522,497.6886,0.379942
127.6363,0.0573,497.6757,0.379964
127.5032,0.0628,497.6614,0.379992
127.3705,0.0683,497.6474,0.380021
127.2491,0.0732,497.6350,0.380044
127.1170,0.0785,497.6217,0.380071
126.9853,0.0836,497.6088,0.380097
126.8427,0.0891,497.5952,0.380125
126.7223,0.0937,497.5841,0.380146
126.5911,0.0987,497.5721,0.380174
126.4491,0.1041,497.5590,0.380205
126.3291,0.1086,497.5480,0.380224
126.1873,0.1140,497.5350,0.380255
126.0686,0.1169,497.5231,0.380279
125.9380,0.1168,497.5099,0.380303
125.7872,0.1116,497.5565,0.380333
125.6670,0.1169,497.5473,0.380355
125.5245,0.1231,497.5370,0.380381
125.4046,0.1284,497.5279,0.380407
125.2521,0.1351,497.5162,0.380439
125.1391,0.1388,497.5002,0.380461
124.9716,0.1375,497.4860,0.380497
124.8516,0.1373,497.4757,0.380522
124.7207,0.1371,497.4649,0.380545
124.5899,0.1369,497.4545,0.380573
124.4593,0.1367,497.4443,0.380598
124.3286,0.1364,497.4341,0.380625
124.1978,0.1361,497.4242,0.380650
124.0668,0.1359,497.4143,0.380681
123.9466,0.1356,497.4054,0.380704
123.8195,0.1350,497.3945,0.380730
123.6881,0.1330,497.3852,0.380756
123.5567,0.1310,497.3752,0.380783
123.4238,0.1297,497.3636,0.380811
123.2933,0.1286,497.3527,0.380836
123.1629,0.1275,497.3431,0.380864
123.0324,0.1263,497.3340,0.380891
122.9129,0.1252,497.3253,0.380915
122.7824,0.1241,497.3158,0.380940
122.6625,0.1230,497.3071,0.380965
122.5316,0.1219,497.2972,0.380992
122.4134,0.1203,497.2869,0.381016
122.2825,0.1185,497.2762,0.381044
122.1513,0.1166,497.2653,0.381071
122.0310,0.1150,497.2548,0.381094
121.8989,0.1133,497.2430,0.381127
121.7780,0.1119,497.2325,0.381150
121.6457,0.1103,497.2210,0.381177
121.5132,0.1087,497.2097,0.381205
121.3916,0.1072,497.1990,0.381228
121.2141,0.1051,497.1833,0.381266
121.0917,0.1037,497.1722,0.381291
120.9580,0.1021,497.1602,0.381319
120.8353,0.1006,497.1491,0.381346
120.7011,0.0990,497.1371,0.381371
120.5777,0.0976,497.1260,0.381398
120.4424,0.0960,497.1137,0.381426
120.3185,0.0948,497.1026,0.381451
120.1831,0.0934,497.0905,0.381480
120.0588,0.0921,497.0793,0.381507
119.9230,0.0907,497.0669,0.381534
119.8211,0.0897,497.0573,0.381557
119.6737,0.0882,497.0431,0.381588
119.5145,0.0867,497.0276,0.381621
119.3778,0.0854,497.0138,0.381653
119.2523,0.0842,497.0010,0.381677
119.1151,0.0829,496.9871,0.381705
118.9887,0.0817,496.9743,0.381734
118.8509,0.0806,496.9601,0.381762
118.7244,0.0795,496.9470,0.381788
118.5862,0.0784,496.9324,0.381817
118.4477,0.0773,496.9178,0.381845
118.3205,0.0763,496.9041,0.381872
118.1815,0.0752,496.8890,0.381904
118.0420,0.0741,496.8739,0.381933
117.9022,0.0730,496.8589,0.381963
117.7737,0.0720,496.8450,0.381993
117.5980,0.0706,496.8263,0.382029
117.4568,0.0695,496.8112,0.382059
117.3274,0.0686,496.7975,0.382086
117.1889,0.0836,496.7331,0.382114
117.0473,0.0838,496.7177,0.382145
116.8701,0.0839,496.6984,0.382184
116.7279,0.0841,496.6827,0.382215
116.5853,0.0843,496.6669,0.382245
116.4422,0.0845,496.6513,0.382274
116.3108,0.0846,496.6370,0.382303
116.1671,0.0847,496.6216,0.382334
116.0351,0.0848,496.6075,0.382362
115.8789,0.0848,496.5909,0.382394
115.7344,0.0849,496.5753,0.382427
115.6380,0.0850,496.5648,0.382446
115.4932,0.0852,496.5490,0.382476
115.3481,0.0854,496.5329,0.382510
115.2149,0.0856,496.5180,0.382537
115.0692,0.0859,496.5017,0.382569
114.9352,0.0861,496.4867,0.382598
114.7888,0.0862,496.4708,0.382627
114.6543,0.0865,496.4558,0.382659
114.5072,0.0867,496.4393,0.382690
114.3598,0.0869,496.4230,0.382722
114.2121,0.0872,496.4065,0.382753
114.0641,0.0873,496.3903,0.382785
113.9158,0.0875,496.3742,0.382815
113.7546,0.0875,496.3573,0.382852
113.5931,0.0874,496.3406,0.382885
113.4562,0.0874,496.3265,0.382915
113.2958,0.0716,496.3636,0.382947
113.1470,0.0738,496.3488,0.382979
113.0089,0.0756,496.3347,0.383008
112.8581,0.0775,496.3198,0.383040
112.7073,0.0795,496.3047,0.383073
112.5689,0.0812,496.2911,0.383101
112.4177,0.0831,496.2762,0.383134
112.2663,0.0851,496.2612,0.383168
112.1273,0.0868,496.2474,0.383198
111.9753,0.0888,496.2325,0.383231
111.8230,0.0907,496.2173,0.383264
111.6833,0.0925,496.2029,0.383294
111.5305,0.0945,496.1872,0.383326
111.3774,0.0965,496.1717,0.383359
111.2221,0.0977,496.1678,0.383392
111.0296,0.1006,496.1497,0.383433
110.8752,0.1030,496.1354,0.383466
110.7335,0.1052,496.1226,0.383498
110.5788,0.1076,496.1084,0.383531
110.4237,0.1099,496.0944,0.383566
110.2879,0.1114,496.0751,0.383595
110.0914,0.1120,496.0567,0.383636
109.9361,0.1127,496.0417,0.383669
109.7805,0.1135,496.0266,0.383704
109.6377,0.1142,496.0127,0.383736
109.4818,0.1150,495.9976,0.383769
109.3256,0.1158,495.9824,0.383803
109.1822,0.1165,495.9686,0.383832
109.0384,0.1173,495.9548,0.383866
108.8813,0.1180,495.9396,0.383901
108.7371,0.1188,495.9258,0.383931
108.5795,0.1196,495.9105,0.383964
108.4216,0.1203,495.8954,0.383999
108.2765,0.1211,495.8816,0.384029
108.1179,0.1218,495.8666,0.384065
107.9325,0.1228,495.8491,0.384105
107.7731,0.1235,495.8341,0.384138
107.6133,0.1243,495.8192,0.384175
107.4666,0.1250,495.8055,0.384205
107.3062,0.1258,495.7907,0.384241
107.1455,0.1266,495.7757,0.384275
106.9441,0.1276,495.7571,0.384318
106.7962,0.1283,495.7436,0.384351
106.6345,0.1291,495.7289,0.384387
106.4754,0.1303,495.7098,0.384421
106.2861,0.1296,495.6924,0.384462
106.1371,0.1291,495.6785,0.384496
105.9742,0.1286,495.6632,0.384532
105.8101,0.1281,495.6476,0.384567
105.6602,0.1280,495.6334,0.384598
105.4963,0.1279,495.6178,0.384636
105.3321,0.1278,495.6021,0.384671
105.1812,0.1278,495.5879,0.384704
105.0161,0.1276,495.5724,0.384741
104.8507,0.1275,495.5571,0.384776
104.6850,0.1274,495.5418,0.384812
104.5328,0.1273,495.5278,0.384845
104.3664,0.1272,495.5125,0.384880
104.2136,0.1271,495.4984,0.384914
104.0465,0.1270,495.4830,0.384949
103.8791,0.1268,495.4676,0.384987
103.7113,0.1267,495.4520,0.385025
103.5572,0.1266,495.4376,0.385056
103.3888,0.1265,495.4218,0.385094
103.2198,0.1264,495.4063,0.385130
103.0645,0.1263,495.3922,0.385165
102.8948,0.1261,495.3766,0.385203
102.7248,0.1260,495.3609,0.385239
102.5544,0.1259,495.3453,0.385275
102.3977,0.1258,495.3312,0.385312
102.2264,0.1256,495.3158,0.385347
102.0691,0.1255,495.3017,0.385383
101.8972,0.1253,495.2863,0.385419
101.7393,0.1252,495.2722,0.385453
101.5666,0.1250,495.2568,0.385492
101.4085,0.1250,495.2417,0.385526
101.2351,0.1246,495.2262,0.385565
101.0760,0.1243,495.2121,0.385599
100.9020,0.1239,495.1967,0.385637
100.7277,0.1235,495.1812,0.385675
100.5531,0.1232,495.1653,0.385712
100.3784,0.1228,495.1491,0.385753
100.2032,0.1225,495.1326,0.385789
100.0126,0.1223,495.1145,0.385830
99.8513,0.1222,495.0991,0.385866
99.6750,0.1221,495.0823,0.385904
99.4982,0.1220,495.0654,0.385943
99.3210,0.1219,495.0486,0.385982
99.1434,0.1218,495.0318,0.386020
98.9356,0.1217,495.0121,0.386067
98.7719,0.1216,494.9968,0.386103
98.5930,0.1215,494.9801,0.386142
98.4135,0.1213,494.9633,0.386181
98.2487,0.1212,494.9480,0.386218
98.0836,0.1211,494.9326,0.386256
97.9031,0.1210,494.9158,0.386294
97.6618,0.1208,494.8933,0.386347
97.4501,0.1207,494.8737,0.386394
97.2682,0.1206,494.8567,0.386434
97.0860,0.1205,494.8394,0.386473
96.9187,0.1204,494.8234,0.386508
96.7816,0.1203,494.8102,0.386539
96.6137,0.1202,494.7941,0.386576
96.4302,0.1201,494.7762,0.386617
96.2464,0.1201,494.7582,0.386657
96.0622,0.1200,494.7400,0.386699
95.8776,0.1200,494.7216,0.386738
95.6926,0.1199,494.7031,0.386778
95.5227,0.1199,494.6860,0.386816
95.3371,0.1198,494.6674,0.386856
95.1356,0.1198,494.6474,0.386900
94.9493,0.1197,494.6289,0.386941
94.7783,0.1196,494.6121,0.386979
94.5912,0.1196,494.5943,0.387019
94.4198,0.1196,494.5775,0.387059
94.2481,0.1196,494.5604,0.387094
94.0606,0.1197,494.5418,0.387136
93.8727,0.1197,494.5231,0.387178
93.6846,0.1198,494.5044,0.387219
93.5118,0.1198,494.4874,0.387257
93.3231,0.1198,494.4688,0.387297
93.0869,0.1199,494.4455,0.387349
92.8975,0.1199,494.4268,0.387391
92.7244,0.1196,494.4098,0.387428
92.5344,0.1191,494.3911,0.387472
92.3601,0.1187,494.3739,0.387510
92.1696,0.1183,494.3552,0.387551
91.9790,0.1179,494.3362,0.387594
91.8040,0.1175,494.3187,0.387631
91.6129,0.1171,494.2993,0.387675
91.4056,0.1166,494.2783,0.387719
91.2299,0.1162,494.2605,0.387759
91.0380,0.1158,494.2408,0.387799
90.7656,0.1153,494.2128,0.387860
90.5731,0.1149,494.1930,0.387902
90.3803,0.1145,494.1732,0.387944
90.1873,0.1141,494.1531,0.387987
89.9941,0.1137,494.1331,0.388031
89.8007,0.1133,494.1131,0.388073
89.6231,0.1130,494.0949,0.388112
89.4293,0.1126,494.0750,0.388153
89.2514,0.1122,494.0568,0.388192
89.0573,0.1118,494.0367,0.388235
88.8633,0.1114,494.0161,0.388277
88.6691,0.1111,493.9955,0.388320
88.4747,0.1107,493.9748,0.388363
88.2802,0.1104,493.9538,0.388406
88.0856,0.1100,493.9325,0.388449
87.8909,0.1097,493.9109,0.388492
87.7122,0.1095,493.8911,0.388530
87.5008,0.1091,493.8675,0.388577
87.3056,0.1088,493.8455,0.388620
87.1102,0.1085,493.8236,0.388662
86.9309,0.1083,493.8032,0.388703
86.7337,0.1077,493.7849,0.388746
86.5376,0.1081,493.7626,0.388789
86.3083,0.1085,493.7368,0.388838
86.1117,0.1088,493.7147,0.388882
85.9312,0.1091,493.6945,0.388921
85.7342,0.1094,493.6725,0.388966
85.5570,0.1092,493.6526,0.389006
85.3595,0.1071,493.6306,0.389050
85.1617,0.1051,493.6086,0.389091
84.9801,0.1031,493.5886,0.389130
84.7817,0.1010,493.5667,0.389176
84.5998,0.0991,493.5464,0.389215
84.3847,0.0968,493.5222,0.389262
84.2356,0.0952,493.5056,0.389295
84.0367,0.0931,493.4835,0.389341
83.8376,0.0910,493.4613,0.389383
83.6549,0.0891,493.4410,0.389423
83.4554,0.0870,493.4189,0.389467
83.2556,0.0848,493.3969,0.389510
83.0557,0.0827,493.3748,0.389554
82.8724,0.0808,493.3545,0.389593
82.6723,0.0787,493.3320,0.389638
82.4720,0.0766,493.3094,0.389682
82.2882,0.0746,493.2882,0.389722
82.0874,0.0726,493.2649,0.389765
81.8864,0.0705,493.2415,0.389811
81.6851,0.0684,493.2182,0.389855
81.4835,0.0663,493.1948,0.389901
81.2985,0.0644,493.1733,0.389940
81.0963,0.0623,493.1499,0.389985
80.8770,0.0600,493.1246,0.390032
80.6743,0.0579,493.1013,0.390076
80.4713,0.0558,493.0781,0.390120
80.2680,0.0536,493.0549,0.390167
80.0814,0.0517,493.0337,0.390208
79.8776,0.0495,493.0104,0.390250
79.6731,0.0468,492.9934,0.390296
79.4687,0.0444,492.9703,0.390341
79.2641,0.0420,492.9471,0.390385
79.0763,0.0399,492.9258,0.390427
78.8712,0.0375,492.9024,0.390472
78.6629,0.0369,492.8650,0.390516
78.4574,0.0377,492.8412,0.390563
78.2688,0.0384,492.8196,0.390603
78.0629,0.0392,492.7962,0.390648
77.8569,0.0400,492.7728,0.390695
77.6505,0.0408,492.7493,0.390739
77.4611,0.0415,492.7278,0.390781
77.2543,0.0423,492.7044,0.390828
77.0645,0.0430,492.6828,0.390870
76.8744,0.0437,492.6613,0.390909
76.6669,0.0445,492.6377,0.390956
76.4765,0.0453,492.6161,0.390996
76.2685,0.0461,492.5925,0.391043
76.0602,0.0468,492.5689,0.391086
75.8516,0.0476,492.5455,0.391135
75.6430,0.0484,492.5221,0.391180
75.4516,0.0491,492.5004,0.391222
75.2600,0.0499,492.4787,0.391265
75.0508,0.0507,492.4550,0.391308
74.8937,0.0512,492.4374,0.391345
74.7015,0.0520,492.4159,0.391389
74.5092,0.0527,492.3943,0.391428
74.2991,0.0535,492.3709,0.391474
74.0889,0.0542,492.3475,0.391523
73.8784,0.0551,492.3239,0.391567
73.6853,0.0558,492.3024,0.391611
73.4745,0.0566,492.2789,0.391658
73.2811,0.0574,492.2574,0.391700
73.0169,0.0584,492.2282,0.391757
72.8054,0.0593,492.2049,0.391803
72.6113,0.0601,492.1835,0.391846
72.3640,0.0611,492.1564,0.391899
72.1518,0.0620,492.1331,0.391945
71.9571,0.0628,492.1119,0.391987
71.7445,0.0636,492.0887,0.392035
71.5494,0.0644,492.0676,0.392078
71.3363,0.0652,492.0446,0.392125
71.1409,0.0660,492.0234,0.392164
70.9452,0.0668,492.0023,0.392210
70.7316,0.0676,491.9792,0.392258
70.5355,0.0684,491.9581,0.392302
70.3214,0.0692,491.9350,0.392348
70.0178,0.0704,491.9026,0.392413
69.8031,0.0713,491.8797,0.392460
69.6062,0.0720,491.8587,0.392504
69.3912,0.0728,491.8358,0.392552
69.1940,0.0736,491.8148,0.392593
68.9786,0.0744,491.7918,0.392640
68.7810,0.0752,491.7706,0.392685
68.5832,0.0760,491.7495,0.392727
68.3672,0.0769,491.7264,0.392777
68.1510,0.0778,491.7034,0.392824
67.9345,0.0787,491.6805,0.392872
67.7178,0.0795,491.6577,0.392918
67.5188,0.0803,491.6369,0.392961
67.3016,0.0812,491.6142,0.393010
67.1023,0.0819,491.5934,0.393053
66.8847,0.0828,491.5706,0.393098
66.6668,0.0836,491.5479,0.393148
66.4669,0.0844,491.5271,0.393193
66.2668,0.0852,491.5063,0.393234
66.0482,0.0860,491.4837,0.393284
65.8295,0.0869,491.4611,0.393329
65.5740,0.0879,491.4347,0.393389
65.3731,0.0888,491.4139,0.393432
65.1538,0.0896,491.3911,0.393480
64.9525,0.0904,491.3703,0.393525
64.7327,0.0913,491.3475,0.393571
64.5126,0.0922,491.3248,0.393618
64.2922,0.0931,491.3021,0.393668
64.0716,0.0940,491.2795,0.393716
63.8508,0.0949,491.2570,0.393764
63.6481,0.0957,491.2364,0.393812
63.4453,0.0965,491.2159,0.393853
63.2237,0.0974,491.1935,0.393903
63.0021,0.0983,491.1710,0.393949
62.7987,0.0992,491.1502,0.393994
62.5766,0.1001,491.1276,0.394045
62.3728,0.1010,491.1069,0.394086
62.1502,0.1019,491.0843,0.394137
61.9273,0.1028,491.0618,0.394186
61.7041,0.1037,491.0394,0.394234
61.4994,0.1046,491.0190,0.394278
61.2758,0.1055,490.9966,0.394327
61.0519,0.1064,490.9744,0.394375
60.8465,0.1072,490.9542,0.394422
60.6222,0.1081,490.9321,0.394470
60.3975,0.1090,490.9102,0.394519
60.1916,0.1097,490.8902,0.394563
59.9852,0.1103,490.8704,0.394609
59.7600,0.1111,490.8488,0.394658
59.4404,0.1121,490.8185,0.394729
59.2712,0.1128,490.8025,0.394765
59.0643,0.1136,490.7831,0.394810
58.8674,0.1071,490.7625,0.394859
58.6416,0.0868,490.7401,0.394910
58.4346,0.0683,490.7186,0.394956
58.1144,0.0398,490.6835,0.395023
57.7828,0.0340,490.6702,0.395090
57.5559,0.0340,490.6473,0.395139
57.3482,0.0341,490.6270,0.395185
57.1218,0.0341,490.6052,0.395234
56.8952,0.0342,490.5836,0.395284
56.6872,0.0342,490.5639,0.395329
56.5174,0.0342,490.5491,0.395365
56.3087,0.0338,490.5302,0.395410
56.0807,0.0333,490.5094,0.395462
55.8520,0.0328,490.4882,0.395511
55.6421,0.0323,490.4692,0.395557
55.4136,0.0318,490.4491,0.395606
55.1859,0.0314,490.4303,0.395655
54.9780,0.0309,490.4145,0.395700
54.7141,0.0303,490.3952,0.395759
54.4693,0.0302,490.3777,0.395809
54.2635,0.0302,490.3632,0.395854
54.0396,0.0302,490.3479,0.395904
53.8352,0.0302,490.3345,0.395947
53.6130,0.0302,490.3202,0.395995
53.3918,0.0302,490.3062,0.396041
53.1715,0.0302,490.2925,0.396089
52.9157,0.0302,490.2767,0.396147
52.7156,0.0302,490.2647,0.396191
52.4982,0.0302,490.2520,0.396236
52.3538,0.0302,490.2437,0.396266
52.1202,0.0302,490.2302,0.396321
51.9056,0.0302,490.2179,0.396367
51.6919,0.0302,490.2057,0.396411
51.4968,0.0302,490.1949,0.396456
51.2849,0.0302,490.1833,0.396497
51.0915,0.0302,490.1729,0.396541
50.8814,0.0301,490.1618,0.396587
50.6723,0.0301,490.1509,0.396634
50.4815,0.0301,490.1411,0.396673
50.2745,0.0301,490.1303,0.396717
50.0859,0.0301,490.1203,0.396762
49.8812,0.0301,490.1088,0.396804
49.6776,0.0301,490.0969,0.396848
49.4751,0.0301,490.0847,0.396893
49.2737,0.0301,490.0723,0.396936
49.0732,0.0301,490.0596,0.396981
48.8738,0.0301,490.0468,0.397026
48.6590,0.0300,490.0325,0.397069
48.4616,0.0300,490.0192,0.397116
48.2649,0.0300,490.0062,0.397158
48.0203,0.0300,489.9903,0.397209
47.8257,0.0300,489.9779,0.397253
47.6320,0.0300,489.9656,0.397296
47.4555,0.0300,489.9543,0.397335
47.2638,0.0300,489.9417,0.397380
47.0891,0.0300,489.9299,0.397416
46.8995,0.0300,489.9168,0.397454
46.7109,0.0300,489.9036,0.397498
46.5389,0.0300,489.8912,0.397535
46.3521,0.0300,489.8777,0.397575
46.1199,0.0300,489.8608,0.397624
45.9198,0.0300,489.8462,0.397671
45.7361,0.0300,489.8328,0.397710
45.5531,0.0300,489.8195,0.397750
45.3712,0.0300,489.8065,0.397792
45.1902,0.0300,489.7934,0.397828
45.0251,0.0300,489.7813,0.397865
44.8461,0.0300,489.7681,0.397904
44.6830,0.0300,489.7557,0.397939
44.5061,0.0300,489.7419,0.397978
44.3303,0.0300,489.7276,0.398021
44.1700,0.0300,489.7141,0.398053
43.9962,0.0300,489.6992,0.398091
43.8233,0.0300,489.6841,0.398127
43.6656,0.0300,489.6700,0.398162
43.4804,0.0300,489.6535,0.398205
43.3244,0.0300,489.6394,0.398238
43.1551,0.0300,489.6238,0.398276
42.9727,0.0300,489.6071,0.398316
42.8051,0.0300,489.5917,0.398354
42.6523,0.0300,489.5776,0.398386
42.4863,0.0300,489.5623,0.398425
42.3348,0.0300,489.5483,0.398455
42.1703,0.0300,489.5331,0.398493
42.0065,0.0300,489.5179,0.398529
41.8435,0.0300,489.5027,0.398564
41.6811,0.0300,489.4877,0.398597
41.5192,0.0300,489.4728,0.398635
41.3579,0.0300,489.4583,0.398669
41.1838,0.0300,489.4428,0.398707
41.0373,0.0000,489.4297,0.398738
40.8786,0.0000,489.4150,0.398774
40.7197,0.0000,489.3987,0.398808
40.5615,0.0000,489.3832,0.398842
40.4040,0.0000,489.3691,0.398878
40.2472,0.0000,489.3553,0.398908
40.1043,0.0000,489.3425,0.398942
39.9494,0.0000,489.3289,0.398977
39.7442,0.0000,489.3109,0.399019
39.5914,0.0000,489.2978,0.399055
39.4649,0.0000,489.2868,0.399080
39.3140,0.0000,489.2736,0.399111
39.2014,0.0000,489.2638,0.399137
39.0518,0.0000,489.2509,0.399172
38.8906,-0.0000,489.2370,0.399205
38.7552,-0.0000,489.2253,0.399236
38.6073,0.0000,489.2126,0.399269
38.4121,0.0000,489.1943,0.399313
38.2783,0.0000,489.1820,0.399337
38.1331,-0.0000,489.1697,0.399370
37.9882,0.0000,489.1578,0.399403
37.8561,-0.0000,489.1469,0.399430
37.7126,0.0000,489.1350,0.399463
37.5696,0.0000,489.1230,0.399491
37.4270,0.0000,489.1111,0.399524
37.2850,0.0000,489.0990,0.399555
37.1443,0.0000,489.0870,0.399584
36.9933,0.0000,489.0739,0.399618
36.8664,-0.0000,489.0629,0.399647
36.7286,0.0000,489.0508,0.399675
36.6025,-0.0000,489.0397,0.399704
36.4652,0.0000,489.0276,0.399734
36.3281,0.0000,489.0156,0.399766
36.2025,0.0000,489.0045,0.399793
36.0654,-0.0000,488.9924,0.399821
35.9283,-0.0000,488.9803,0.399852
35.7914,-0.0000,488.9683,0.399881
35.6659,-0.0000,488.9572,0.399906
35.5403,-0.0000,488.9462,0.399935
35.4033,0.0000,488.9341,0.399965
35.2664,-0.0000,488.9220,0.399995
35.1407,0.0000,488.9109,0.400019
35.0037,-0.0000,488.8988,0.400052
34.8779,0.0000,488.8877,0.400079
34.7406,-0.0000,488.8755,0.400112
34.6147,0.0000,488.8643,0.400139
34.4772,-0.0000,488.8522,0.400166
34.3396,-0.0000,488.8397,0.400195
34.2134,0.0000,488.8282,0.400227
34.0756,0.0000,488.8157,0.400253
33.9492,-0.0000,488.8043,0.400281
33.8227,-0.0000,488.7927,0.400306
33.6846,0.0000,488.7800,0.400339
33.5119,0.0000,488.7640,0.400375
33.3851,0.0000,488.7522,0.400405
33.2697,-0.0000,488.7412,0.400432
33.1312,-0.0000,488.7281,0.400460
32.9925,0.0000,488.7150,0.400491
32.8651,-0.0000,488.7029,0.400520
32.7260,0.0000,488.6897,0.400549
32.5982,0.0000,488.6776,0.400577
32.4703,-0.0000,488.6652,0.400604
32.3305,0.0000,488.6516,0.400635
32.1906,0.0000,488.6380,0.400663
32.0620,-0.0000,488.6255,0.400695
31.9099,0.0000,488.6105,0.400726
31.7691,0.0000,488.5964,0.400756
31.6279,0.0000,488.5823,0.400790
31.4982,-0.0000,488.5692,0.400817
31.3562,0.0000,488.5547,0.400850
31.2137,0.0000,488.5402,0.400878
31.0827,0.0000,488.5269,0.400910
30.9274,0.0000,488.5109,0.400945
30.7834,-0.0000,488.4962,0.400974
30.6389,-0.0000,488.4816,0.401003
30.4938,0.0000,488.4669,0.401036
30.3604,0.0000,488.4536,0.401064
30.2143,0.0000,488.4391,0.401096
30.0798,-0.0000,488.4258,0.401125
29.9327,-0.0000,488.4115,0.401157
29.7974,-0.0000,488.3983,0.401186
29.6494,0.0000,488.3839,0.401217
29.4884,0.0000,488.3681,0.401254
29.2896,-0.0000,488.3486,0.401298
29.1398,0.0000,488.3339,0.401332
28.9895,-0.0000,488.3192,0.401365
28.8511,-0.0000,488.3058,0.401395
28.6997,-0.0000,488.2912,0.401431
28.5477,-0.0000,488.2766,0.401461
28.4079,-0.0000,488.2635,0.401491
28.2549,0.0000,488.2492,0.401526
28.0500,-0.0000,488.2303,0.401567
27.8958,0.0000,488.2160,0.401605
27.7410,-0.0000,488.2017,0.401639
27.5857,0.0000,488.1874,0.401670
27.4429,-0.0000,488.1743,0.401704
27.2866,-0.0000,488.1600,0.401735
27.1429,-0.0000,488.1468,0.401766
26.9725,-0.0000,488.1310,0.401807
26.8147,0.0000,488.1164,0.401840
26.6696,-0.0000,488.1029,0.401870
26.5107,-0.0000,488.0882,0.401905
26.3513,-0.0000,488.0734,0.401943
26.2047,-0.0000,488.0599,0.401975
26.0442,-0.0000,488.0452,0.402007
25.8833,-0.0000,488.0302,0.402044
25.7353,0.0000,488.0165,0.402074
25.5734,0.0000,488.0015,0.402107
25.3973,0.0000,487.9852,0.402148
25.2477,0.0000,487.9713,0.402181
25.0840,-0.0000,487.9562,0.402213
24.8649,-0.0000,487.9359,0.402263
24.6999,0.0000,487.9206,0.402299
24.5482,0.0000,487.9066,0.402333
24.4237,0.0000,487.8951,0.402356
24.2712,0.0000,487.8810,0.402394
24.1461,-0.0000,487.8695,0.402420
23.9788,0.0000,487.8539,0.402458
23.8109,0.0000,487.8382,0.402497
23.6565,-0.0000,487.8237,0.402529
23.5016,-0.0000,487.8093,0.402562
23.3178,0.0000,487.7920,0.402602
23.1618,-0.0000,487.7773,0.402635
22.9911,0.0000,487.7613,0.402674
22.8341,-0.0000,487.7465,0.402706
22.6623,0.0000,487.7304,0.402745
22.5042,0.0000,487.7156,0.402779
22.3313,0.0000,487.6995,0.402818
22.1432,-0.0000,487.6822,0.402860
21.9248,0.0000,487.6631,0.402904
21.7494,-0.0000,487.6480,0.402945
21.5740,0.0000,487.6319,0.402981
21.4127,-0.0000,487.6163,0.403016
21.2363,-0.0000,487.5990,0.403055
21.0741,-0.0000,487.5830,0.403090
20.8965,0.0000,487.5655,0.403128
20.7334,0.0000,487.5494,0.403167
20.5547,-0.0000,487.5318,0.403205
20.3306,-0.0000,487.5096,0.403251
20.1506,-0.0000,487.4916,0.403294
19.9699,-0.0000,487.4737,0.403332
19.8189,-0.0000,487.4586,0.403363
19.6526,-0.0000,487.4425,0.403401
19.4708,-0.0000,487.4259,0.403440
19.2876,0.0000,487.4084,0.403481
19.1191,-0.0000,487.3919,0.403518
18.9191,0.0000,487.3721,0.403564
18.7339,0.0000,487.3541,0.403602
18.5327,-0.0000,487.3347,0.403646
18.3465,-0.0000,487.3168,0.403689
18.1600,-0.0000,487.2988,0.403725
17.9732,0.0000,487.2809,0.403770
17.8018,0.0000,487.2645,0.403805
17.5991,-0.0000,487.2455,0.403851
17.4274,-0.0000,487.2294,0.403886
17.2399,-0.0000,487.2120,0.403927
17.0680,-0.0000,487.1960,0.403967
16.8804,-0.0000,487.1787,0.404005
16.7084,-0.0000,487.1628,0.404047
16.5208,0.0000,487.1452,0.404084
16.3331,-0.0000,487.1276,0.404124
16.1611,0.0000,487.1115,0.404165
15.9736,0.0000,487.0938,0.404204
15.7862,-0.0000,487.0762,0.404245
15.6146,0.0000,487.0600,0.404282
15.4277,0.0000,487.0422,0.404325
15.2414,0.0000,487.0244,0.404363
15.0556,-0.0000,487.0066,0.404402
14.8547,-0.0000,486.9874,0.404447
14.6703,-0.0000,486.9697,0.404488
14.4557,0.0000,486.9492,0.404535
14.2723,-0.0000,486.9317,0.404574
14.1047,0.0000,486.9157,0.404610
13.9223,0.0000,486.8985,0.404652
13.7553,0.0000,486.8828,0.404685
13.5735,0.0000,486.8658,0.404726
13.3919,-0.0000,486.8489,0.404767
13.2256,0.0000,486.8335,0.404802
13.0444,0.0000,486.8167,0.404841
12.8786,0.0000,486.8014,0.404878
12.6979,-0.0000,486.7847,0.404916
12.5326,0.0000,486.7694,0.404953
12.3525,-0.0000,486.7527,0.404988
12.1877,0.0000,486.7375,0.405028
12.0084,-0.0000,486.7211,0.405066
11.8443,0.0000,486.7061,0.405105
11.6656,-0.0000,486.6898,0.405140
11.5020,0.0000,486.6749,0.405177
11.3240,0.0000,486.6586,0.405216
11.1610,0.0000,486.6436,0.405253
10.9836,0.0000,486.6274,0.405290
10.8212,0.0000,486.6126,0.405326
10.6443,-0.0000,486.5965,0.405362
10.4826,0.0000,486.5818,0.405396
10.3068,0.0000,486.5658,0.405441
10.1462,0.0000,486.5511,0.405471
9.9712,0.0000,486.5350,0.405510
9.7967,0.0000,486.5190,0.405546
9.6078,0.0000,486.5018,0.405586
9.4483,0.0000,486.4872,0.405621
9.2745,0.0000,486.4713,0.405658
9.1153,0.0000,486.4568,0.405695
8.9419,0.0000,486.4409,0.405735
8.7831,0.0000,486.4265,0.405767
8.6100,0.0000,486.4107,0.405806
8.4517,0.0000,486.3963,0.405839
8.2650,0.0000,486.3792,0.405881
8.1074,0.0000,486.3648,0.405914
7.9503,0.0000,486.3504,0.405949
7.7793,0.0000,486.3347,0.405992
7.6088,0.0000,486.3189,0.406023
7.4389,0.0000,486.3035,0.406056
7.2555,0.0000,486.2869,0.406103
7.0727,0.0000,486.2702,0.406140
6.9322,0.0000,486.2574,0.406169
6.7638,0.0000,486.2420,0.406203
6.6094,0.0000,486.2279,0.406240
6.4409,0.0000,486.2126,0.406277
6.2864,0.0000,486.1985,0.406313
6.1176,0.0000,486.1830,0.406347
5.9628,0.0000,486.1689,0.406376
5.7937,0.0000,486.1533,0.406414
5.6105,0.0000,486.1361,0.406453
5.4413,0.0000,486.1200,0.406494
5.2578,0.0000,486.1021,0.406531
5.0881,0.0000,486.0856,0.406569
4.9181,0.0000,486.0693,0.406608
4.7904,0.0000,486.0571,0.406633
4.6199,0.0000,486.0410,0.406672
4.4635,0.0000,486.0264,0.406705
4.2927,0.0000,486.0104,0.406745
4.1360,0.0000,485.9957,0.406776
3.9648,0.0000,485.9796,0.406815
3.7935,0.0000,485.9634,0.406851
3.6219,0.0000,485.9472,0.406894
3.4501,0.0000,485.9309,0.406925
3.2780,0.0000,485.9144,0.406967
3.1055,0.0000,485.8980,0.407000
2.9904,0.0000,485.8870,0.407027
2.8173,0.0000,485.8705,0.407063
2.6584,0.0000,485.8553,0.407101
2.4847,0.0000,485.8387,0.407135
2.3251,0.0000,485.8235,0.407172
2.1507,0.0000,485.8069,0.407210
1.9905,0.0000,485.7916,0.407242
1.8158,0.0000,485.7748,0.407283
1.6409,0.0000,485.7579,0.407323
1.4803,0.0000,485.7423,0.407354
1.3050,0.0000,485.7251,0.407395
1.1296,0.0000,485.7079,0.407435
0.9685,0.0000,485.6917,0.407467
0.7778,0.0000,485.6727,0.407509
0.5720,0.0000,485.6521,0.407554
0.3804,0.0000,485.6330,0.407595
0.2032,0.0000,485.6152,0.407635
0.0404,0.0000,485.5988,0.407671
-0.1374,0.0000,485.5809,0.407713
-0.3453,0.0000,485.5600,0.407753
-0.5090,0.0000,485.5435,0.407794
-0.6879,0.0000,485.5254,0.407832
-0.8522,0.0000,485.5087,0.407863
-1.0317,0.0000,485.4904,0.407903
-1.1966,0.0000,485.4736,0.407941
-1.3768,0.0000,485.4554,0.407982
-1.5573,0.0000,485.4368,0.408014
-1.7231,0.0000,485.4197,0.408057
-1.9042,0.0000,485.4010,0.408097
-2.0704,0.0000,485.3837,0.408131
-2.2522,0.0000,485.3645,0.408171
-2.4191,0.0000,485.3470,0.408207
-2.6015,0.0000,485.3275,0.408242
-2.7690,0.0000,485.3096,0.408290
-2.9520,0.0000,485.2899,0.408322
-3.1352,0.0000,485.2700,0.408366
-3.3035,0.0000,485.2516,0.408399
-3.4873,0.0000,485.2310,0.408435
-3.6714,0.0000,485.2102,0.408481
-3.8404,0.0000,485.1909,0.408518
-4.0252,0.0000,485.1695,0.408556
-4.2103,0.0000,485.1480,0.408600
-4.3803,0.0000,485.1282,0.408637
-4.5506,0.0000,485.1082,0.408674
-4.7212,0.0000,485.0881,0.408708
-4.9077,0.0000,485.0659,0.408750
-5.0947,0.0000,485.0439,0.408795
-5.2664,0.0000,485.0236,0.408829
-5.4542,0.0000,485.0016,0.408872
-5.6424,-0.0000,484.9796,0.408914
-5.8153,0.0000,484.9593,0.408950
-6.0042,0.0000,484.9370,0.408991
-6.1777,0.0000,484.9165,0.409031
-6.3673,0.0000,484.8939,0.409074
-6.5573,0.0000,484.8713,0.409113
-6.7318,0.0000,484.8504,0.409154
-6.9225,0.0000,484.8275,0.409194
-7.1137,0.0000,484.8046,0.409238
-7.2892,0.0000,484.7834,0.409275
-7.4810,0.0000,484.7602,0.409316
-7.6572,0.0000,484.7388,0.409358
-7.8498,0.0000,484.7153,0.409402
-8.0428,-0.0000,484.6917,0.409437
-8.2361,0.0000,484.6680,0.409485
-8.4136,0.0000,484.6459,0.409524
-8.6077,0.0000,484.6219,0.409569
-8.7859,0.0000,484.5997,0.409608
-8.9808,0.0000,484.5753,0.409647
-9.1924,0.0000,484.5487,0.409697
-9.3882,0.0000,484.5242,0.409737
-9.5845,0.0000,484.4997,0.409779
-9.7813,0.0000,484.4752,0.409821
-9.9785,0.0000,484.4506,0.409869
-10.1597,0.0000,484.4280,0.409906
-10.3579,0.0000,484.4035,0.409950
-10.5567,0.0000,484.3790,0.409998
-10.7395,0.0000,484.3569,0.410038
-10.9394,0.0000,484.3329,0.410077
-11.1398,0.0000,484.3091,0.410123
-11.3239,0.0000,484.2875,0.410164
-11.5253,0.0000,484.2639,0.410209
-11.7103,0.0000,484.2424,0.410252
-11.9125,0.0000,484.2189,0.410296
-12.0983,0.0000,484.1973,0.410334
-12.3014,0.0000,484.1738,0.410380
-12.4881,0.0000,484.1523,0.410417
-12.6921,0.0000,484.1288,0.410470
-12.8967,0.0000,484.1053,0.410510
-13.0845,0.0000,484.0837,0.410551
-13.2899,0.0000,484.0602,0.410596
-13.4786,0.0000,484.0385,0.410642
-13.6848,0.0000,484.0147,0.410686
-13.8915,0.0000,483.9909,0.410732
-14.0814,0.0000,483.9691,0.410774
-14.2717,0.0000,483.9472,0.410816
-14.4797,0.0000,483.9232,0.410858
-14.6883,0.0000,483.8992,0.410902
-14.8974,0.0000,483.8754,0.410952
-15.1071,0.0000,483.8516,0.411000
-15.2997,0.0000,483.8297,0.411042
-15.5102,0.0000,483.8059,0.411092
-15.7213,0.0000,483.7820,0.411131
-15.9152,0.0000,483.7602,0.411176
-16.1272,0.0000,483.7363,0.411223
-16.3220,0.0000,483.7144,0.411264
-16.5704,0.0000,483.6864,0.411318
-16.7838,0.0000,483.6622,0.411367
-17.0512,0.0000,483.6316,0.411428
-17.2657,0.0000,483.6071,0.411474
-17.4628,0.0000,483.5846,0.411517
-17.6782,-0.0000,483.5601,0.411559
-17.8941,0.0000,483.5356,0.411611
-18.0925,0.0000,483.5128,0.411657
-18.3095,0.0000,483.4880,0.411702
-18.5269,0.0000,483.4631,0.411748
-18.7267,0.0000,483.4402,0.411793
-18.9451,0.0000,483.4153,0.411845
-19.1458,0.0000,483.3925,0.411887
-19.3469,0.0000,483.3697,0.411932
-19.5668,0.0000,483.3445,0.411977
-19.7689,0.0000,483.3214,0.412023
-19.9898,0.0000,483.2961,0.412072
-20.1928,0.0000,483.2730,0.412118
-20.3962,0.0000,483.2498,0.412159
-20.6185,0.0000,483.2245,0.412208
-20.8228,0.0000,483.2014,0.412257
-21.0462,0.0000,483.1758,0.412307
-21.2513,0.0000,483.1523,0.412353
-21.4943,0.0000,483.1245,0.412403
-21.6628,0.0000,483.1053,0.412440
-21.8881,0.0000,483.0797,0.412493
-22.1138,0.0000,483.0541,0.412545
-22.3212,0.0000,483.0308,0.412585
-22.5481,0.0000,483.0054,0.412639
-22.7754,0.0000,482.9802,0.412690
-22.9843,0.0000,482.9571,0.412738
-23.2126,0.0000,482.9319,0.412782
-23.4224,0.0000,482.9088,0.412831
-23.6517,0.0000,482.8838,0.412876
-23.8816,0.0000,482.8589,0.412929
-24.1120,0.0000,482.8339,0.412983
-24.3236,0.0000,482.8110,0.413026
-24.5549,0.0000,482.7861,0.413074
-24.7867,0.0000,482.7612,0.413126
-24.9996,0.0000,482.7383,0.413173
-25.2323,0.0000,482.7131,0.413229
-25.4461,0.0000,482.6899,0.413269
-25.6797,0.0000,482.6646,0.413323
-25.9139,0.0000,482.6394,0.413377
-26.1487,0.0000,482.6141,0.413427
-26.3643,0.0000,482.5911,0.413474
-26.5999,0.0000,482.5659,0.413527
-26.8163,0.0000,482.5430,0.413577
-27.0527,0.0000,482.5180,0.413634
-27.2698,0.0000,482.4950,0.413673
-27.5071,0.0000,482.4701,0.413731
-27.7249,0.0000,482.4472,0.413777
-27.9430,0.0000,482.4244,0.413830
-28.1814,0.0000,482.3995,0.413879
-28.4202,0.0000,482.3745,0.413934
-28.6395,0.0000,482.3517,0.413992
-28.8791,0.0000,482.3268,0.414032
-29.0991,0.0000,482.3041,0.414080
-29.3395,0.0000,482.2794,0.414137
-29.5603,0.0000,482.2569,0.414188
-29.8015,0.0000,482.2325,0.414235
-30.0231,0.0000,482.2101,0.414291
-30.2652,0.0000,482.1858,0.414342
-30.5281,0.0000,482.1599,0.414400
-30.7510,0.0000,482.1381,0.414454
-30.9947,0.0000,482.1147,0.414506
-31.2389,0.0000,482.0919,0.414562
-31.4633,0.0000,482.0713,0.414611
-31.6677,0.0000,482.0530,0.414660
-31.9544,0.0000,482.0280,0.414724
-32.2005,0.0000,482.0068,0.414775
-32.4264,0.0000,481.9875,0.414824
-32.6732,0.0000,481.9665,0.414877
-32.8998,0.0000,481.9472,0.414932
-33.1473,0.0000,481.9262,0.414984
-33.3746,0.0000,481.9071,0.415036
-33.6230,0.0000,481.8866,0.415092
-33.8511,0.0000,481.8680,0.415139
-34.1004,0.0000,481.8481,0.415194
-34.4540,0.0000,481.8197,0.415277
-34.6830,0.0000,481.8013,0.415329
-34.9749,0.0000,481.7774,0.415395
-35.2045,0.0000,481.7585,0.415442
-35.4554,0.0000,481.7376,0.415493
-35.7066,0.0000,481.7166,0.415553
-35.9792,0.0000,481.6935,0.415615
-36.2313,0.0000,481.6723,0.415668
-36.4627,0.0000,481.6529,0.415720
-36.7155,0.0000,481.6317,0.415775
-36.9477,0.0000,481.6122,0.415827
-37.2014,0.0000,481.5912,0.415881
-37.4556,0.0000,481.5701,0.415942
-37.6889,0.0000,481.5508,0.415998
-37.9439,0.0000,481.5298,0.416051
-38.1992,0.0000,481.5087,0.416104
-38.4549,0.0000,481.4874,0.416159
-38.6896,0.0000,481.4680,0.416210
-38.9462,0.0000,481.4467,0.416271
-39.1817,0.0000,481.4272,0.416322
-39.4176,0.0000,481.4077,0.416380
-39.6754,0.0000,481.3865,0.416429
-40.0412,0.0000,481.3564,0.416515
-40.3000,0.0000,481.3351,0.416573
-40.5377,0.0000,481.3156,0.416627
-40.7973,-0.0000,481.2944,0.416682
-41.0357,0.0000,481.2750,0.416733
-41.2962,0.0000,481.2541,0.416797
-41.5789,0.0000,481.2314,0.416857
-41.7750,0.0000,481.2157,0.416905
-41.9931,0.0000,481.1983,0.416950
-42.2553,0.0000,481.1775,0.417017
-42.5178,0.0000,481.1567,0.417077
-42.7807,0.0000,481.1359,0.417128
-43.0659,0.0000,481.1133,0.417190
-43.3296,0.0000,481.0921,0.417252
-43.5716,0.0000,481.0726,0.417303
-43.8360,0.0000,481.0512,0.417361
-44.1008,0.0000,481.0295,0.417431
-44.3439,0.0000,481.0096,0.417474
-44.6095,0.0000,480.9876,0.417543
-44.8534,0.0000,480.9673,0.417595
-45.1197,0.0000,480.9451,0.417655
-45.3198,0.0000,480.9284,0.417697
-45.5647,0.0000,480.9079,0.417760
-45.8322,0.0000,480.8854,0.417814
-46.0778,0.0000,480.8647,0.417865
-46.3461,0.0000,480.8421,0.417922
-46.5925,0.0000,480.8213,0.417988
-46.8617,0.0000,480.7984,0.418041
-47.1089,0.0000,480.7775,0.418095
-47.3789,0.0000,480.7545,0.418157
-47.6269,0.0000,480.7334,0.418213
-47.8979,0.0000,480.7105,0.418274
-48.1467,0.0000,480.6895,0.418329
-48.4187,0.0000,480.6668,0.418388
-48.6684,0.0000,480.6461,0.418444
-48.9412,0.0000,480.6234,0.418506
-49.2144,0.0000,480.6007,0.418566
-49.4652,0.0000,480.5798,0.418624
-49.7849,0.0000,480.5529,0.418690
-50.0593,0.0000,480.5297,0.418752
-50.3114,0.0000,480.5084,0.418813
-50.5867,0.0000,480.4851,0.418873
-50.8394,0.0000,480.4636,0.418928
-51.0925,0.0000,480.4421,0.418986
-51.3691,0.0000,480.4185,0.419048
-51.6924,0.0000,480.3911,0.419112
-51.9701,0.0000,480.3677,0.419182
-52.2481,0.0000,480.3442,0.419248
-52.5034,0.0000,480.3227,0.419300
-52.7822,0.0000,480.2991,0.419355
-53.1081,0.0000,480.2713,0.419431
-53.3879,0.0000,480.2475,0.419494
-53.6448,0.0000,480.2257,0.419552
-53.9255,0.0000,480.2019,0.419615
-54.1833,0.0000,480.1801,0.419671
-54.4413,0.0000,480.1582,0.419729
-54.7233,0.0000,480.1344,0.419794
-55.0055,0.0000,480.1102,0.419854
-55.2646,0.0000,480.0878,0.419916
-55.5240,0.0000,480.0653,0.419964
-55.8075,0.0000,480.0406,0.420032
-56.0913,0.0000,480.0157,0.420093
-56.3519,0.0000,479.9929,0.420155
-56.6366,0.0000,479.9680,0.420220
-56.9930,0.0000,479.9365,0.420296
-57.2787,0.0000,479.9112,0.420365
-57.5410,0.0000,479.8880,0.420423
-57.8275,0.0000,479.8626,0.420486
-58.0906,0.0000,479.8391,0.420540
-58.3779,0.0000,479.8135,0.420612
-58.6418,0.0000,479.7900,0.420669
-58.9060,0.0000,479.7664,0.420720
-59.1946,0.0000,479.7404,0.420794
-59.4113,0.0000,479.7210,0.420835
-59.7006,0.0000,479.6949,0.420894
-59.9904,0.0000,479.6685,0.420966
-60.2563,0.0000,479.6443,0.421025
-60.5469,0.0000,479.6176,0.421092
-60.8379,0.0000,479.5909,0.421162
-61.1050,0.0000,479.5663,0.421215
-61.3969,0.0000,479.5393,0.421283
-61.6648,0.0000,479.5145,0.421342
-61.9574,0.0000,479.4872,0.421409
-62.2505,0.0000,479.4597,0.421474
-62.4706,0.0000,479.4391,0.421521
-62.7400,0.0000,479.4138,0.421586
-63.0342,0.0000,479.3860,0.421656
-63.3045,0.0000,479.3605,0.421717
-63.5998,0.0000,479.3328,0.421779
-63.8955,0.0000,479.3052,0.421845
-64.1670,0.0000,479.2799,0.421900
-64.4637,0.0000,479.2523,0.421964
-64.7608,0.0000,479.2245,0.422036
-65.0831,0.0000,479.1945,0.422112
-65.4060,0.0000,479.1644,0.422181
-65.6797,0.0000,479.1391,0.422245
-65.9788,0.0000,479.1117,0.422305
-66.2534,0.0000,479.0865,0.422373
-66.5533,0.0000,479.0590,0.422438
-66.8286,0.0000,479.0338,0.422500
-67.1043,0.0000,479.0086,0.422562
-67.4055,-0.0000,478.9811,0.422633
-67.6820,0.0000,478.9559,0.422692
-67.9589,0.0000,478.9307,0.422754
-68.2614,0.0000,478.9032,0.422825
-68.5390,0.0000,478.8780,0.422886
-68.8423,0.0000,478.8505,0.422952
-69.1208,0.0000,478.8253,0.423020
-69.4249,0.0000,478.7978,0.423086
-69.7803,-0.0000,478.7655,0.423164
-70.0852,0.0000,478.7376,0.423230
-70.3650,0.0000,478.7118,0.423294
-70.6451,0.0000,478.6857,0.423356
-70.9510,0.0000,478.6570,0.423428
-71.2573,0.0000,478.6280,0.423498
-71.5384,0.0000,478.6012,0.423558
-71.8456,0.0000,478.5717,0.423629
-72.1275,0.0000,478.5447,0.423689
-72.4355,0.0000,478.5149,0.423754
-72.7182,0.0000,478.4877,0.423821
-73.0013,0.0000,478.4603,0.423888
-73.3106,0.0000,478.4302,0.423949
-73.6202,0.0000,478.4000,0.424029
-73.9044,0.0000,478.3722,0.424089
-74.2149,0.0000,478.3416,0.424157
-74.4999,0.0000,478.3136,0.424223
-74.8112,0.0000,478.2827,0.424294
-75.0970,0.0000,478.2544,0.424361
-75.4091,0.0000,478.2233,0.424426
-75.6957,0.0000,478.1947,0.424490
-76.0087,0.0000,478.1635,0.424558
-76.2961,0.0000,478.1348,0.424625
-76.6100,0.0000,478.1033,0.424697
-76.8981,0.0000,478.0744,0.424756
-77.1866,0.0000,478.0455,0.424823
-77.5017,0.0000,478.0136,0.424892
-77.7910,0.0000,477.9844,0.424960
-78.1069,0.0000,477.9524,0.425024
-78.3969,0.0000,477.9229,0.425089
-78.6873,0.0000,477.8932,0.425161
-79.0045,0.0000,477.8608,0.425226
-79.2956,0.0000,477.8310,0.425289
-79.6136,0.0000,477.7984,0.425361
-79.9055,0.0000,477.7683,0.425428
-80.2244,0.0000,477.7353,0.425500
-80.5171,0.0000,477.7051,0.425563
-80.7835,0.0000,477.6777,0.425620
-81.0770,0.0000,477.6472,0.425693
-81.3974,0.0000,477.6140,0.425759
-81.6916,0.0000,477.5834,0.425828
-82.0128,0.0000,477.5499,0.425899
-82.3076,0.0000,477.5190,0.425962
-82.6297,-0.0000,477.4850,0.426034
-82.9521,0.0000,477.4508,0.426112
-83.2750,0.0000,477.4165,0.426189
-83.5715,0.0000,477.3849,0.426251
-83.8683,0.0000,477.3535,0.426311
-84.1926,0.0000,477.3192,0.426384
-84.5175,0.0000,477.2850,0.426457
-84.8156,0.0000,477.2538,0.426529
-85.1141,0.0000,477.2225,0.426591
-85.4398,0.0000,477.1884,0.426663
-85.7652,0.0000,477.1543,0.426737
-86.0625,0.0000,477.1231,0.426805
-86.3857,0.0000,477.0891,0.426874
-86.6805,0.0000,477.0581,0.426946
-87.0003,0.0000,477.0244,0.427011
-87.2917,0.0000,476.9939,0.427075
-87.5814,0.0000,476.9634,0.427143
-87.8956,0.0000,476.9305,0.427216
-88.1819,0.0000,476.9003,0.427284
-88.4665,0.0000,476.8705,0.427343
-88.7751,0.0000,476.8380,0.427415
-89.0816,-0.0000,476.8058,0.427481
-89.3863,0.0000,476.7737,0.427552
-89.6639,0.0000,476.7445,0.427616
-89.9648,0.0000,476.7129,0.427681
-90.2391,0.0000,476.6842,0.427744
-90.5858,0.0000,476.6481,0.427823
-90.8564,0.0000,476.6200,0.427884
-91.1497,0.0000,476.5897,0.427947
-91.4171,0.0000,476.5620,0.428014
-91.7069,0.0000,476.5323,0.428073
-91.9710,0.0000,476.5054,0.428141
-92.3286,0.0000,476.4694,0.428212
-92.5891,0.0000,476.4432,0.428272
-92.8479,0.0000,476.4174,0.428334
-93.1284,0.0000,476.3893,0.428402
-93.4071,0.0000,476.3616,0.428463
-93.6609,0.0000,476.3364,0.428512
-93.9360,0.0000,476.3091,0.428577
-94.1864,0.0000,476.2842,0.428642
-94.4579,0.0000,476.2573,0.428698
-94.7275,0.0000,476.2305,0.428761
-94.9730,0.0000,476.2060,0.428815
-95.2390,-0.0000,476.1794,0.428872
-95.4812,0.0000,476.1552,0.428930
-95.7437,0.0000,476.1289,0.428989
-95.9827,0.0000,476.1050,0.429042
-96.2202,0.0000,476.0812,0.429096
-96.4562,0.0000,476.0577,0.429151
-96.6907,0.0000,476.0342,0.429201
-96.9447,0.0000,476.0088,0.429260
-97.1760,0.0000,475.9857,0.429314
-97.4266,0.0000,475.9605,0.429370
-97.6547,0.0000,475.9377,0.429422
-97.9019,0.0000,475.9128,0.429478
-98.1472,0.0000,475.8880,0.429531
-98.3908,0.0000,475.8633,0.429578
-98.6125,0.0000,475.8407,0.429634
-98.8329,0.0000,475.8180,0.429684
-99.0730,0.0000,475.7932,0.429737
-99.3135,0.0000,475.7685,0.429789
-99.5345,0.0000,475.7458,0.429838
-99.7763,0.0000,475.7209,0.429888
-99.9985,0.0000,475.6979,0.429936
-100.2415,0.0000,475.6728,0.429998
-100.4648,0.0000,475.6496,0.430046
-100.7086,0.0000,475.6241,0.430095
-100.9526,0.0000,475.5984,0.430156
-101.1761,0.0000,475.5748,0.430203
-101.4197,0.0000,475.5490,0.430257
-101.6631,0.0000,475.5233,0.430305
-101.9067,0.0000,475.4976,0.430364
-102.1503,0.0000,475.4723,0.430419
-102.3941,0.0000,475.4471,0.430473
-102.6176,0.0000,475.4241,0.430524
-102.8616,0.0000,475.3994,0.430572
-103.0853,0.0000,475.3769,0.430626
-103.3090,0.0000,475.3544,0.430668
-103.5735,0.0000,475.3278,0.430733
-103.8381,0.0000,475.3013,0.430795
-104.0620,0.0000,475.2789,0.430839
-104.3063,0.0000,475.2546,0.430894
-104.5302,0.0000,475.2323,0.430946
-104.7743,0.0000,475.2081,0.431003
-105.0182,0.0000,475.1838,0.431054
-105.2822,0.0000,475.1575,0.431107
-105.5456,0.0000,475.1311,0.431170
-105.7682,0.0000,475.1089,0.431217
-106.0109,0.0000,475.0847,0.431270
-106.2333,0.0000,475.0625,0.431323
-106.4757,0.0000,475.0384,0.431377
-106.7584,0.0000,475.0102,0.431437
-106.9803,0.0000,474.9880,0.431487
-107.2224,0.0000,474.9639,0.431546
-107.4441,0.0000,474.9418,0.431595
-107.6658,0.0000,474.9197,0.431640
-107.9075,0.0000,474.8956,0.431695
-108.1491,0.0000,474.8715,0.431744
-108.3705,0.0000,474.8494,0.431795
-108.6120,0.0000,474.8256,0.431859
-108.8735,0.0000,474.7998,0.431909
-109.1149,0.0000,474.7761,0.431965
-109.3361,0.0000,474.7545,0.432009
-109.5774,0.0000,474.7311,0.432068
-109.8186,0.0000,474.7076,0.432118
-110.0797,0.0000,474.6822,0.432180
-110.3006,0.0000,474.6608,0.432229
-110.5414,0.0000,474.6373,0.432283
-110.7621,0.0000,474.6159,0.432332
-111.0028,0.0000,474.5925,0.432382
-111.2434,0.0000,474.5692,0.432441
-111.4639,0.0000,474.5479,0.432483
-111.6443,0.0000,474.5305,0.432527
-111.9049,0.0000,474.5056,0.432585
-112.1453,0.0000,474.4829,0.432635
-112.3256,0.0000,474.4659,0.432681
-112.5659,0.0000,474.4432,0.432735
-112.7861,0.0000,474.4224,0.432783
-113.0062,0.0000,474.4016,0.432830
-113.2462,0.0000,474.3791,0.432887
-113.4661,0.0000,474.3586,0.432932
-113.7060,0.0000,474.3362,0.432991
-113.9258,0.0000,474.3156,0.433036
-114.1654,0.0000,474.2931,0.433085
-114.3849,0.0000,474.2724,0.433133
-114.6243,0.0000,474.2498,0.433190
-114.8636,0.0000,474.2274,0.433242
-115.1029,0.0000,474.2051,0.433289
-115.3420,0.0000,474.1828,0.433344
-115.5810,0.0000,474.1607,0.433400
-115.8198,0.0000,474.1387,0.433453
-116.0386,0.0000,474.1185,0.433506
-116.2772,0.0000,474.0964,0.433556
-116.5157,0.0000,474.0746,0.433606
-116.7541,0.0000,474.0527,0.433661
-116.9923,0.0000,474.0310,0.433713
-117.2106,-0.0000,474.0111,0.433759
-117.4287,0.0000,473.9911,0.433816
-117.6666,0.0000,473.9693,0.433866
-117.8845,0.0000,473.9492,0.433909
-118.1220,0.0000,473.9273,0.433965
-118.3397,0.0000,473.9072,0.434013
-118.5771,0.0000,473.8853,0.434066
-118.8145,0.0000,473.8639,0.434125
-119.0322,0.0000,473.8444,0.434170
-119.2695,0.0000,473.8233,0.434219
-119.4870,0.0000,473.8040,0.434266
-119.7043,0.0000,473.7847,0.434310
-119.9216,0.0000,473.7657,0.434359
-120.1585,0.0000,473.7448,0.434412
-120.3755,0.0000,473.7258,0.434467
-120.6122,0.0000,473.7050,0.434516
-120.8290,0.0000,473.6861,0.434562
-121.0654,0.0000,473.6655,0.434617
-121.2820,0.0000,473.6466,0.434658
-121.5182,0.0000,473.6261,0.434711
-121.7347,0.0000,473.6072,0.434761
-121.9707,0.0000,473.5867,0.434815
-122.1870,0.0000,473.5678,0.434859
-122.4227,0.0000,473.5473,0.434911
-122.6386,0.0000,473.5286,0.434963
-122.8736,0.0000,473.5082,0.435010
-123.0887,0.0000,473.4897,0.435064
-123.3037,0.0000,473.4711,0.435110
-123.5380,0.0000,473.4508,0.435164
-123.7527,0.0000,473.4323,0.435205
-123.9867,0.0000,473.4121,0.435265
-124.2012,0.0000,473.3937,0.435308
-124.4350,0.0000,473.3736,0.435362
-124.6491,0.0000,473.3553,0.435410
-124.8821,0.0000,473.3353,0.435459
-125.0954,0.0000,473.3170,0.435504
-125.3278,0.0000,473.2972,0.435554
-125.5407,0.0000,473.2791,0.435607
-125.7533,0.0000,473.2610,0.435654
-125.9851,0.0000,473.2415,0.435698
-126.1972,0.0000,473.2235,0.435751
-126.4092,0.0000,473.2056,0.435794
-126.6212,0.0000,473.1877,0.435846
-126.8523,0.0000,473.1682,0.435896
-127.0640,0.0000,473.1504,0.435948
-127.2755,0.0000,473.1326,0.435988
-127.5061,0.0000,473.1132,0.436035
-127.7173,0.0000,473.0954,0.436082
-127.9476,0.0000,473.0759,0.436137
-128.1585,0.0000,473.0581,0.436182
-128.3884,0.0000,473.0383,0.436229
-128.6182,0.0000,473.0185,0.436285
-128.8287,0.0000,473.0004,0.436326
-129.0583,0.0000,472.9806,0.436379
-129.2686,0.0000,472.9625,0.436427
-129.4981,0.0000,472.9429,0.436480
-129.7083,0.0000,472.9251,0.436523
-129.9375,0.0000,472.9057,0.436575
-130.1665,0.0000,472.8863,0.436630
-130.3764,0.0000,472.8685,0.436670
-130.6052,-0.0000,472.8491,0.436723
-130.8338,0.0000,472.8295,0.436769
-131.0622,0.0000,472.8098,0.436818
-131.3094,0.0000,472.7881,0.436873
-131.5184,0.0000,472.7696,0.436921
-131.7462,0.0000,472.7490,0.436974
-131.9549,0.0000,472.7299,0.437021
-132.1824,0.0000,472.7086,0.437068
-132.3909,0.0000,472.6891,0.437116
-132.5993,0.0000,472.6695,0.437158
-132.8266,0.0000,472.6479,0.437207
-133.0539,0.0000,472.6265,0.437258
-133.2622,0.0000,472.6071,0.437308
-133.4895,0.0000,472.5859,0.437358
-133.6977,0.0000,472.5665,0.437404
-133.9435,0.0000,472.5435,0.437457
-134.1514,0.0000,472.5238,0.437500
-134.3781,0.0000,472.5022,0.437552
-134.6046,0.0000,472.4803,0.437602
-134.8121,0.0000,472.4601,0.437647
-135.0195,0.0000,472.4396,0.437692
-135.2457,0.0000,472.4173,0.437739
-135.4530,0.0000,472.3968,0.437791
-135.6601,0.0000,472.3760,0.437837
-135.8861,0.0000,472.3534,0.437889
-136.1119,0.0000,472.3308,0.437938
-136.3189,0.0000,472.3101,0.437981
-136.5258,0.0000,472.2893,0.438026
-136.7326,0.0000,472.2684,0.438076
-136.9582,0.0000,472.2456,0.438121
-137.1648,0.0000,472.2246,0.438167
-137.3902,0.0000,472.2018,0.438215
-137.6154,0.0000,472.1789,0.438269
-137.8219,0.0000,472.1580,0.438311
-138.0658,0.0000,472.1331,0.438367
-138.2721,0.0000,472.1120,0.438412
-138.4970,0.0000,472.0890,0.438461
-138.7031,0.0000,472.0678,0.438506
-138.9091,0.0000,472.0467,0.438547
-139.1151,0.0000,472.0255,0.438597
-139.3396,0.0000,472.0025,0.438643
-139.5454,0.0000,471.9813,0.438696
-139.7511,0.0000,471.9600,0.438734
-139.9753,0.0000,471.9366,0.438789
-140.1993,0.0000,471.9130,0.438839
-140.4231,0.0000,471.8893,0.438881
-140.6282,0.0000,471.8673,0.438931
-140.8517,0.0000,471.8433,0.438985
-141.0566,0.0000,471.8212,0.439023
-141.2800,0.0000,471.7970,0.439071
-141.4847,0.0000,471.7748,0.439121
-141.7078,0.0000,471.7507,0.439172
-141.9115,0.0000,471.7286,0.439217
-142.1331,0.0000,471.7043,0.439260
-142.3362,0.0000,471.6820,0.439307
-142.5392,0.0000,471.6597,0.439349
-142.7420,-0.0000,471.6374,0.439395
-142.9632,0.0000,471.6127,0.439449
-143.1657,0.0000,471.5900,0.439488
-143.3865,0.0000,471.5651,0.439541
-143.5887,0.0000,471.5418,0.439586
-143.8458,0.0000,471.5116,0.439637
-144.0843,0.0000,471.4829,0.439696
-144.3042,0.0000,471.4560,0.439748
-144.5057,0.0000,471.4309,0.439782
-144.7071,0.0000,471.4055,0.439831
-144.9084,0.0000,471.3800,0.439875
-145.1279,-0.0000,471.3518,0.439930
-145.3474,0.0000,471.3235,0.439979
-145.5485,0.0000,471.2972,0.440022
-145.7678,0.0000,471.2684,0.440067
-145.9687,-0.0000,471.2417,0.440117
-146.1695,0.0000,471.2148,0.440157
-146.3885,0.0000,471.1852,0.440203
-146.5890,0.0000,471.1578,0.440253
-146.8076,0.0000,471.1274,0.440298
-147.0441,0.0000,471.0938,0.440356
-147.2622,0.0000,471.0621,0.440401
-147.4619,0.0000,471.0326,0.440444
-147.6616,-0.0000,471.0028,0.440491
-147.8793,0.0000,470.9698,0.440546
-148.0788,0.0000,470.9393,0.440583
-148.2962,0.0000,470.9057,0.440638
-148.4956,0.0000,470.8746,0.440677
-148.7129,0.0000,470.8405,0.440728
-148.9302,0.0000,470.8060,0.440780
-149.1293,0.0000,470.7742,0.440827
-149.3284,0.0000,470.7423,0.440865
-149.5456,0.0000,470.7075,0.440915
-149.7629,0.0000,470.6725,0.440958
-149.9621,0.0000,470.6405,0.441013
-150.1794,0.0000,470.6055,0.441055
-150.3969,0.0000,470.5707,0.441114
-150.5962,0.0000,470.5389,0.441151
-150.8136,0.0000,470.5043,0.441198
-151.0129,0.0000,470.4726,0.441246
-151.2121,0.0000,470.4408,0.441290
-151.4293,0.0000,470.4060,0.441336
-151.6281,0.0000,470.3739,0.441382
-151.8449,0.0000,470.3384,0.441431
-152.0434,0.0000,470.3055,0.441474
-152.2599,0.0000,470.2693,0.441521
-152.4582,0.0000,470.2359,0.441566
-152.6743,0.0000,470.1992,0.441618
-152.8725,0.0000,470.1655,0.441663
-153.0885,0.0000,470.1285,0.441705
-153.3045,0.0000,470.0915,0.441761
-153.5027,0.0000,470.0577,0.441807
-153.7188,0.0000,470.0210,0.441854
-153.9170,0.0000,469.9876,0.441898
-154.1334,0.0000,469.9514,0.441947
-154.3317,0.0000,469.9184,0.441985
-154.5479,0.0000,469.8823,0.442037
-154.7460,0.0000,469.8492,0.442080
-154.9621,0.0000,469.8130,0.442132
-155.1780,0.0000,469.7768,0.442177
-155.3939,-0.0000,469.7406,0.442226
-155.6095,0.0000,469.7043,0.442274
-155.8430,0.0000,469.6645,0.442331
-156.0405,0.0000,469.6307,0.442367
-156.2199,0.0000,469.5999,0.442414
-156.4350,0.0000,469.5627,0.442461
-156.6501,0.0000,469.5254,0.442512
-156.8472,0.0000,469.4910,0.442549
-157.0441,0.0000,469.4565,0.442599
-157.2589,0.0000,469.4189,0.442649
-157.4555,0.0000,469.3843,0.442697
-157.6699,0.0000,469.3466,0.442742
-157.8662,0.0000,469.3118,0.442785
-158.0625,0.0000,469.2771,0.442827
-158.2767,0.0000,469.2393,0.442880
-158.4729,0.0000,469.2047,0.442919
-158.6870,0.0000,469.1669,0.442965
-158.9010,0.0000,469.1292,0.443016
-159.1148,0.0000,469.0914,0.443061
-159.3284,0.0000,469.0535,0.443111
-159.5242,0.0000,469.0184,0.443151
-159.7198,0.0000,468.9832,0.443202
-159.9332,0.0000,468.9447,0.443245
-160.1292,0.0200,468.9099,0.443295
-160.3418,0.0000,468.8719,0.443336
-160.5542,0.0000,468.8331,0.443384
-160.7486,0.0000,468.7950,0.443431
-160.9786,0.0000,468.7511,0.443478
-161.1741,0.0000,468.7152,0.443530
-161.3517,0.0000,468.6829,0.443566
-161.5997,-0.0000,468.6371,0.443622
-161.7592,0.0000,468.6075,0.443657
-161.9719,-0.0000,468.5681,0.443706
-162.2024,0.0000,468.5257,0.443758
-162.3973,0.0000,468.4901,0.443802
-162.5923,-0.0000,468.4546,0.443843
-162.8055,0.0000,468.4165,0.443891
-163.0003,0.0000,468.3808,0.443935
-163.2133,0.0000,468.3405,0.443985
-163.4604,0.0000,468.2945,0.444040
-163.6547,0.0000,468.2595,0.444081
-163.8667,0.0000,468.2206,0.444135
-164.0610,0.0000,468.1847,0.444179
-164.2731,0.0000,468.1454,0.444220
-164.4498,0.0000,468.1129,0.444258
-164.6442,0.0000,468.0773,0.444305
-164.8916,-0.0000,468.0321,0.444359
-165.1036,-0.0000,467.9935,0.444404
-165.3157,0.0000,467.9553,0.444459
-165.5100,0.0000,467.9203,0.444502
-165.7042,0.0000,467.8854,0.444542
-165.9160,0.0000,467.8473,0.444592
-166.1453,0.0000,467.8060,0.444646
-166.3393,0.0000,467.7710,0.444682
-166.5507,0.0000,467.7329,0.444731
-166.7621,0.0000,467.6949,0.444777
-166.9381,0.0000,467.6632,0.444817
-167.0965,0.0000,467.6348,0.444854
-167.2900,0.0000,467.6001,0.444897
-167.5186,-0.0000,467.5592,0.444947
-167.7121,0.0000,467.5248,0.444989
-167.9583,0.0000,467.4813,0.445046
-168.1694,0.0000,467.4443,0.445098
-168.3807,0.0000,467.4078,0.445141
-168.5743,0.0000,467.3749,0.445187
-168.7678,-0.0000,467.3422,0.445225
-168.9787,0.0000,467.3066,0.445273
-169.1719,0.0000,467.2741,0.445315
-169.3650,0.0000,467.2416,0.445359
-169.5754,0.0000,467.2061,0.445403
-169.7682,0.0000,467.1737,0.445450
-169.9785,-0.0000,467.1385,0.445496
-170.1711,-0.0000,467.1063,0.445536
-170.3636,-0.0000,467.0743,0.445583
-170.5910,0.0000,467.0367,0.445634
-170.8879,0.0000,466.9874,0.445701
-171.0973,-0.0000,466.9528,0.445745
-171.3065,0.0000,466.9180,0.445790
-171.5154,0.0000,466.8832,0.445844
-171.7242,0.0000,466.8483,0.445888
-171.9154,0.0000,466.8164,0.445928
-172.1066,0.0000,466.7845,0.445971
-172.2977,0.0000,466.7526,0.446016
-172.5060,0.0000,466.7179,0.446059
-172.6968,0.0000,466.6862,0.446102
-172.8876,0.0000,466.6547,0.446145
-173.0956,-0.0000,466.6203,0.446194
-173.2860,0.0000,466.5887,0.446236
-173.5108,0.0000,466.5514,0.446288
-173.7009,-0.0000,466.5198,0.446329
-173.9253,0.0000,466.4823,0.446380
-174.1150,0.0000,466.4504,0.446423
-174.2874,-0.0000,466.4214,0.446461
-174.4768,-0.0000,466.3896,0.446505
-174.6834,0.0000,466.3548,0.446549
-174.8727,0.0000,466.3232,0.446589
-175.0618,-0.0000,466.2917,0.446639
-175.2681,0.0000,466.2573,0.446681
-175.4741,-0.0000,466.2230,0.446725
-175.6800,0.0000,466.1886,0.446772
-175.8857,0.0000,466.1542,0.446820
-176.0913,0.0000,466.1198,0.446865
-176.2967,0.0000,466.0853,0.446911
-176.5020,0.0000,466.0509,0.446957
-176.7071,0.0000,466.0165,0.447004
-176.8950,0.0000,465.9849,0.447043
-177.0828,-0.0000,465.9534,0.447085
-177.2875,0.0000,465.9189,0.447136
-177.4751,0.0000,465.8874,0.447178
-177.6797,0.0000,465.8532,0.447227
-177.8671,0.0000,465.8221,0.447264
-178.0714,0.0000,465.7883,0.447307
-178.2586,-0.0000,465.7574,0.447352
-178.4457,0.0000,465.7267,0.447393
-178.6157,0.0000,465.6987,0.447430
-178.8195,0.0000,465.6653,0.447475
-179.0063,-0.0000,465.6347,0.447524
-179.2099,0.0000,465.6013,0.447560
-179.4132,0.0000,465.5680,0.447613
-179.6163,0.0000,465.5345,0.447651
-179.8022,0.0000,465.5036,0.447695
-180.0049,0.0000,465.4698,0.447744
-180.2243,0.0000,465.4331,0.447794
-180.4098,0.0000,465.4021,0.447831
-180.6121,0.0000,465.3684,0.447877
-180.7974,-0.0000,465.3376,0.447917
-180.9994,0.0000,465.3039,0.447958
-181.1845,0.0000,465.2731,0.448004
-181.4870,0.0000,465.2231,0.448075
-181.7054,0.0000,465.1870,0.448123
-181.8900,-0.0000,465.1564,0.448163
-182.0912,0.0000,465.1232,0.448201
-182.3760,0.0000,465.0760,0.448278
-182.5601,-0.0000,465.0457,0.448318
-182.7441,0.0000,465.0153,0.448356
-182.9281,0.0000,464.9850,0.448395
-183.1285,-0.0000,464.9520,0.448437
-183.3121,0.0000,464.9218,0.448480
-183.4955,0.0000,464.8915,0.448522
-183.6954,-0.0000,464.8584,0.448568
-183.8951,0.0000,464.8252,0.448618
-184.0779,0.0000,464.7946,0.448651
-184.2606,-0.0000,464.7642,0.448694
-184.4598,-0.0000,464.7308,0.448733
-184.6422,0.0000,464.7004,0.448777
-184.8411,-0.0000,464.6671,0.448823
-185.0729,0.0000,464.6284,0.448880
-185.2549,0.0000,464.5981,0.448919
-185.4368,0.0000,464.5677,0.448954
-185.6185,0.0000,464.5374,0.448999
-185.8332,-0.0000,464.5016,0.449044
-186.0148,0.0200,464.4713,0.449085
-186.1960,0.0000,464.4414,0.449129
-186.3922,0.0000,464.4079,0.449169
-186.5732,0.0000,464.3773,0.449214
-186.7712,0.0000,464.3441,0.449257
-186.9521,0.0000,464.3140,0.449297
-187.1328,0.0000,464.2838,0.449335
-187.3297,0.0000,464.2508,0.449379
-187.5100,0.0000,464.2206,0.449417
-187.7065,0.0000,464.1876,0.449467
-187.8866,0.0000,464.1574,0.449508
-188.0829,0.0000,464.1245,0.449547
-188.2789,0.0000,464.0917,0.449591
-188.4584,0.0000,464.0616,0.449632
-188.6550,0.0000,464.0291,0.449675
-188.8516,0.0000,463.9959,0.449718
-189.0306,0.0000,463.9654,0.449758
-189.2256,0.0000,463.9333,0.449804
-189.4044,0.0000,463.9035,0.449838
-189.5826,0.0000,463.8736,0.449878
-189.7764,0.0000,463.8410,0.449920
-189.9535,0.0000,463.8112,0.449958
-190.1461,0.0000,463.7787,0.450008
-190.3221,0.0000,463.7490,0.450047
-190.4816,0.0000,463.7221,0.450080
-190.6883,0.0000,463.6872,0.450125
-190.8626,0.0000,463.6576,0.450166
-191.0520,0.0000,463.6254,0.450206
-191.2249,0.0000,463.5956,0.450250
-191.4127,0.0000,463.5627,0.450292
-191.5843,0.0000,463.5325,0.450329
-191.7553,0.0000,463.5023,0.450363
-191.9412,0.0000,463.4692,0.450403
-192.1111,0.0000,463.4390,0.450449
-192.2958,0.0000,463.4059,0.450489
-192.4646,0.0000,463.3757,0.450525
-192.6481,0.0000,463.3427,0.450564
-192.8159,0.0000,463.3127,0.450609
-192.9982,0.0000,463.2799,0.450644
-193.1801,0.0000,463.2473,0.450691
-193.3461,0.0000,463.2176,0.450719
-193.5265,0.0000,463.1851,0.450760
-193.6911,0.0000,463.1550,0.450797
-193.8700,0.0000,463.1220,0.450836
-194.0185,0.0000,463.0943,0.450875
-194.1812,0.0000,463.0638,0.450909
-194.3580,0.0000,463.0301,0.450950
-194.5195,0.0000,462.9992,0.450988
-194.6803,0.0000,462.9682,0.451026
-194.8552,0.0000,462.9343,0.451061
-195.0148,0.0000,462.9030,0.451097
-195.1884,0.0000,462.8689,0.451140
-195.3471,0.0000,462.8376,0.451175
-195.5483,0.0000,462.7982,0.451222
-195.6915,0.0000,462.7701,0.451251
-195.8626,0.0000,462.7363,0.451289
-196.0186,0.0000,462.7054,0.451322
-196.1882,0.0000,462.6718,0.451358
-196.3430,0.0000,462.6408,0.451397
-196.4972,0.0000,462.6100,0.451437
-196.6643,0.0000,462.5766,0.451469
-196.8163,0.0000,462.5460,0.451507
-196.9675,0.0000,462.5153,0.451535
-197.1314,0.0000,462.4818,0.451577
-197.2811,0.0000,462.4510,0.451607
-197.4301,0.0000,462.4201,0.451645
-197.5918,0.0000,462.3864,0.451681
-197.7528,0.0000,462.3524,0.451714
-197.9000,0.0000,462.3212,0.451751
-198.0599,0.0000,462.2871,0.451788
-198.2061,0.0000,462.2557,0.451815
-198.3653,0.0000,462.2216,0.451860
-198.5244,0.0000,462.1874,0.451891
-198.6703,0.0000,462.1561,0.451926
-198.8425,0.0000,462.1191,0.451963
-199.0015,0.0000,462.0849,0.452003
-199.1470,0.0000,462.0535,0.452029
-199.2925,0.0000,462.0220,0.452065
-199.4511,0.0000,461.9876,0.452105
-199.6096,0.0000,461.9530,0.452141
-199.7679,0.0000,461.9183,0.452180
-199.9261,0.0000,461.8833,0.452212
-200.0843,0.0000,461.8482,0.452252
-200.2424,0.0000,461.8130,0.452280
-200.3872,0.0000,461.7806,0.452313
-200.5321,0.0000,461.7482,0.452349
-200.6903,0.0000,461.7127,0.452390
-200.8352,0.0000,461.6801,0.452415
-200.9935,0.0000,461.6445,0.452450
-201.1518,0.0000,461.6088,0.452495
-201.3102,0.0000,461.5731,0.452525
-201.4555,0.0000,461.5402,0.452557
-201.6140,0.0000,461.5043,0.452594
-201.7727,0.0000,461.4684,0.452633
-201.9316,0.0000,461.4325,0.452667
-202.0774,0.0000,461.3996,0.452703
-202.2366,0.0000,461.3635,0.452736
-202.3827,0.0000,461.3305,0.452768
-202.5424,0.0000,461.2943,0.452808
-202.6889,0.0000,461.2609,0.452839
-202.8490,0.0000,461.2244,0.452873
-202.9961,0.0000,461.1907,0.452914
-203.1434,0.0000,461.1570,0.452943
-203.2910,0.0000,461.1232,0.452979
-203.4524,0.0000,461.0860,0.453011
-203.6007,0.0000,461.0520,0.453047
-203.7627,0.0000,461.0148,0.453082
-203.9116,0.0000,460.9806,0.453113
-204.0744,0.0000,460.9432,0.453152
-204.2375,0.0000,460.9059,0.453187
-204.4010,0.0000,460.8683,0.453222
-204.5512,0.0000,460.8336,0.453256
-204.7157,0.0000,460.7957,0.453296
-204.8670,0.0000,460.7606,0.453334
-205.0326,0.0000,460.7222,0.453367
-205.1850,0.0000,460.6870,0.453399
-205.3520,0.0000,460.6483,0.453444
-205.5057,0.0000,460.6127,0.453478
-205.6739,0.0000,460.5739,0.453516
-205.8288,0.0000,460.5381,0.453552
-205.9841,0.0000,460.5023,0.453590
-206.1685,0.0000,460.4597,0.453629
-206.3536,0.0000,460.4168,0.453668
-206.5250,0.0000,460.3770,0.453702
-206.6828,0.0000,460.3404,0.453742
-206.8556,0.0000,460.3001,0.453782
-207.0146,0.0000,460.2632,0.453817
-207.1886,0.0000,460.2226,0.453856
-207.3487,0.0000,460.1852,0.453894
-207.5241,0.0000,460.1443,0.453928
-207.6854,0.0000,460.1066,0.453972
-207.8621,0.0000,460.0652,0.454011
-208.0247,0.0000,460.0271,0.454044
-208.1879,0.0000,459.9888,0.454085
-208.3666,0.0000,459.9469,0.454124
-208.5311,0.0000,459.9083,0.454161
-208.6962,0.0000,459.8697,0.454198
-208.8922,0.0000,459.8238,0.454243
-209.0436,0.0000,459.7885,0.454278
-209.2260,0.0000,459.7459,0.454315
-209.4245,0.0000,459.6999,0.454366
-209.5932,0.0000,459.6609,0.454404
-209.7779,0.0000,459.6180,0.454445
-209.9479,0.0000,459.5788,0.454484
-210.1185,0.0000,459.5395,0.454523
-210.3053,0.0000,459.4964,0.454565
-210.4773,0.0000,459.4568,0.454596
-210.6498,0.0000,459.4170,0.454645
-210.8387,0.0000,459.3734,0.454684
-211.0125,0.0000,459.3333,0.454723
-211.1868,0.0000,459.2930,0.454763
-211.3777,0.0000,459.2489,0.454803
-211.5532,0.0000,459.2083,0.454849
-211.7453,0.0000,459.1640,0.454891
-211.9220,0.0000,459.1232,0.454926
-212.1154,0.0000,459.0785,0.454974
-212.2932,0.0000,459.0375,0.455013
-212.4715,0.0000,458.9962,0.455053
-212.6667,0.0000,458.9510,0.455096
-212.8461,0.0000,458.9092,0.455145
-213.0425,0.0000,458.8633,0.455184
-213.2396,0.0000,458.8173,0.455227
-213.4374,0.0000,458.7710,0.455277
-213.6194,0.0000,458.7286,0.455315
-213.8186,0.0000,458.6821,0.455361
-214.0018,0.0000,458.6395,0.455400
-214.1857,0.0000,458.5968,0.455442
-214.3869,0.0000,458.5501,0.455484
-214.5888,0.0000,458.5032,0.455529
-214.7914,0.0000,458.4561,0.455579
-214.9778,0.0000,458.4128,0.455621
-215.2158,0.0000,458.3575,0.455675
-215.4034,0.0000,458.3137,0.455714
-215.5916,0.0000,458.2698,0.455758
-215.7804,0.0000,458.2257,0.455795
-215.9698,0.0000,458.1813,0.455843
-216.1772,0.0000,458.1328,0.455888
-216.3853,0.0000,458.0841,0.455934
-216.5766,0.0000,458.0393,0.455981
-216.7862,0.0000,457.9904,0.456029
-216.9963,0.0000,457.9413,0.456075
-217.1895,0.0000,457.8963,0.456116
-217.4007,0.0000,457.8471,0.456161
-217.6476,0.0000,457.7894,0.456220
-217.8420,0.0000,457.7439,0.456267
-218.0543,0.0000,457.6939,0.456309
-218.2138,0.0000,457.6563,0.456345
-218.4621,0.0000,457.5975,0.456401
-218.6753,0.0000,457.5468,0.456452
-218.8887,0.0000,457.4956,0.456502
-219.0846,0.0000,457.4483,0.456540
-219.2449,0.0000,457.4093,0.456585
-219.4768,0.0000,457.3524,0.456631
-219.6732,0.0000,457.3037,0.456676
-219.8878,0.0000,457.2502,0.456725
-220.0848,0.0000,457.2009,0.456770
-220.3001,0.0000,457.1468,0.456821
-220.4979,0.0000,457.0971,0.456866
-220.7139,0.0000,457.0427,0.456911
-220.9304,0.0000,456.9881,0.456959
-221.1291,0.0000,456.9378,0.457005
-221.3279,0.0000,456.8873,0.457052
-221.5452,0.0000,456.8318,0.457101
-221.7445,0.0000,456.7807,0.457151
-221.9442,0.0000,456.7293,0.457195
-222.1623,0.0000,456.6730,0.457244
-222.3806,0.0000,456.6164,0.457293
-222.5993,0.0000,456.5594,0.457336
-222.8183,0.0000,456.5021,0.457390
-223.0193,0.0000,456.4494,0.457436
-223.2389,0.0000,456.3915,0.457484
-223.3854,0.0000,456.3527,0.457520
-223.6607,0.0000,456.2798,0.457584
-223.8814,0.0000,456.2213,0.457634
-224.0841,0.0000,456.1675,0.457685
-224.3795,0.0000,456.0891,0.457750
-224.6386,0.0000,456.0204,0.457808
-224.8611,0.0000,455.9614,0.457859
-225.0654,0.0000,455.9071,0.457909
-225.2888,0.0000,455.8479,0.457961
-225.4938,0.0000,455.7936,0.458002
-225.7179,0.0000,455.7343,0.458054
-225.9423,0.0000,455.6748,0.458104
-226.2233,0.0000,455.6001,0.458167
-226.4297,0.0000,455.5452,0.458219
-226.6552,0.0000,455.4850,0.458263
-226.8811,0.0000,455.4246,0.458323
-227.0885,0.0000,455.3691,0.458362
-227.3152,0.0000,455.3087,0.458416
-227.5232,0.0000,455.2530,0.458464
-227.7316,0.0000,455.1972,0.458516
-227.9591,0.0000,455.1363,0.458563
-228.1679,0.0000,455.0803,0.458611
-228.3768,0.0000,455.0242,0.458658
-228.6049,0.0000,454.9626,0.458710
-228.8142,0.0000,454.9061,0.458759
-229.0236,0.0000,454.8494,0.458806
-229.2523,0.0000,454.7874,0.458861
-229.4621,0.0000,454.7305,0.458907
-229.6913,0.0000,454.6683,0.458963
-229.9588,0.0000,454.5957,0.459019
-230.1692,0.0000,454.5387,0.459066
-230.3798,0.0000,454.4816,0.459119
-230.5905,0.0000,454.4243,0.459163
-230.8205,0.0000,454.3617,0.459218
-231.0315,0.0000,454.3043,0.459265
-231.2619,0.0000,454.2415,0.459319
-231.4732,0.0000,454.1838,0.459367
-231.6847,0.0000,454.1260,0.459417
-231.9156,0.0000,454.0630,0.459466
-232.1467,0.0000,453.9997,0.459523
-232.3589,0.0000,453.9419,0.459576
-232.5904,0.0000,453.8787,0.459629
-232.8029,0.0000,453.8208,0.459673
-233.0349,0.0000,453.7575,0.459727
-233.2477,0.0000,453.6993,0.459775
-233.4800,0.0000,453.6358,0.459828
-233.6932,0.0000,453.5775,0.459879
-233.9260,0.0000,453.5140,0.459933
-234.1979,0.0000,453.4400,0.459994
-234.4118,0.0000,453.3818,0.460042
-234.6453,0.0000,453.3185,0.460095
-234.8595,0.0000,453.2604,0.460144
-235.0934,0.0000,453.1970,0.460198
-235.3081,0.0000,453.1387,0.460247
-235.5424,0.0000,453.0751,0.460299
-235.7574,0.0000,453.0168,0.460348
-235.9725,0.0000,452.9584,0.460399
-236.2074,0.0000,452.8947,0.460449
-236.4228,0.0000,452.8363,0.460499
-236.6384,0.0000,452.7779,0.460550
-236.8739,0.0000,452.7142,0.460603
-237.0898,0.0000,452.6555,0.460656
-237.3060,0.0000,452.5968,0.460706
-237.5419,0.0000,452.5327,0.460758
-237.7782,0.0000,452.4687,0.460812
-238.0145,0.0000,452.4046,0.460866
-238.2314,0.0000,452.3458,0.460914
-238.4484,0.0000,452.2871,0.460968
-238.6854,0.0000,452.2230,0.461019
-238.9027,0.0000,452.1639,0.461070
-239.1203,0.0000,452.1049,0.461120
-239.3577,0.0000,452.0404,0.461170
-239.5756,0.0000,451.9813,0.461218
-239.8134,0.0000,451.9169,0.461277
-240.0315,0.0000,451.8578,0.461327
-240.2497,0.0000,451.7987,0.461375
-240.4682,0.0000,451.7396,0.461430
-240.7066,0.0000,451.6750,0.461480
-240.9254,0.0000,451.6158,0.461534
-241.2639,0.0000,451.5244,0.461608
-241.4830,0.0000,451.4651,0.461657
-241.7024,0.0000,451.4060,0.461703
-241.9219,0.0000,451.3468,0.461761
-242.1416,0.0000,451.2876,0.461808
-242.3814,0.0000,451.2231,0.461862
-242.6014,0.0000,451.1639,0.461913
-242.7815,0.0000,451.1155,0.461954
-243.0018,0.0000,451.0564,0.462004
-243.2422,0.0000,450.9918,0.462058
-243.4628,0.0000,450.9327,0.462108
-243.6835,0.0000,450.8735,0.462160
-243.9243,0.0000,450.8087,0.462217
-244.1451,0.0000,450.7493,0.462267
-244.3662,0.0000,450.6899,0.462318
-244.6075,0.0000,450.6251,0.462371
-244.8288,0.0000,450.5656,0.462423
-245.0503,0.0000,450.5062,0.462470
-245.2720,0.0000,450.4465,0.462523
-245.5140,0.0000,450.3815,0.462574
-245.7360,0.0000,450.3220,0.462630
-245.9582,0.0000,450.2624,0.462682
-246.2007,0.0000,450.1973,0.462735
-246.4231,0.0000,450.1377,0.462787
-246.6457,0.0000,450.0780,0.462836
-246.8280,0.0000,450.0293,0.462884
-247.0509,0.0000,449.9697,0.462932
-247.2740,0.0000,449.9101,0.462980
-247.5379,0.0000,449.8399,0.463043
-247.7614,0.0000,449.7804,0.463097
-247.9850,0.0000,449.7209,0.463149
-248.2292,0.0000,449.6560,0.463204
-248.4533,0.0000,449.5966,0.463252
-248.6979,0.0000,449.5319,0.463307
-248.9632,0.0000,449.4620,0.463371
-249.2084,0.0000,449.3975,0.463421
-249.4333,0.0000,449.3386,0.463478
-249.7200,0.0000,449.2636,0.463543
-249.9455,0.0000,449.2050,0.463591
-250.1713,0.0000,449.1466,0.463643
-250.4384,0.0000,449.0779,0.463702
-250.7057,0.0000,449.0094,0.463769
-250.9527,0.0000,448.9463,0.463821
-251.1792,0.0000,448.8884,0.463878
-251.4058,0.0000,448.8305,0.463919
-251.6326,0.0000,448.7727,0.463975
-251.8802,0.0000,448.7096,0.464031
-252.1073,0.0000,448.6517,0.464082
-252.3347,0.0000,448.5939,0.464137
-252.5828,0.0000,448.5311,0.464191
-252.8105,0.0000,448.4735,0.464239
-253.0176,0.0000,448.4212,0.464291
-253.2663,0.0000,448.3585,0.464346
-253.4945,0.0000,448.3011,0.464399
-253.7438,0.0000,448.2387,0.464452
-253.9725,0.0000,448.1816,0.464509
-254.2222,0.0000,448.1195,0.464562
-254.4515,0.0000,448.0628,0.464622
-254.7018,0.0000,448.0013,0.464673
-254.9316,0.0000,447.9452,0.464723
-255.1616,0.0000,447.8893,0.464776
-255.3708,0.0000,447.8387,0.464825
-255.6640,0.0000,447.7679,0.464893
-255.9155,0.0000,447.7073,0.464947
-256.1670,0.0000,447.6467,0.465000
-256.4187,0.0000,447.5860,0.465062
-256.5866,0.0000,447.5457,0.465099
-256.7966,0.0000,447.4954,0.465152
-257.0278,0.0000,447.4400,0.465200
-257.2801,0.0000,447.3795,0.465255
-257.5747,0.0000,447.3091,0.465330
-257.8062,0.0000,447.2538,0.465375
-258.0591,0.0000,447.1933,0.465434
-258.2909,0.0000,447.1379,0.465484
-258.5229,0.0000,447.0825,0.465531
-258.7762,0.0000,447.0221,0.465596
-259.0296,0.0000,446.9616,0.465649
-259.2620,0.0000,446.9062,0.465704
-259.5156,0.0000,446.8454,0.465763
-259.7903,0.0000,446.7794,0.465826
-260.0440,0.0000,446.7182,0.465878
-260.2979,0.0000,446.6569,0.465942
-260.5308,0.0000,446.6008,0.465991
-260.7640,0.0000,446.5445,0.466047
-260.9973,0.0000,446.4884,0.466101
-261.2521,0.0000,446.4272,0.466159
-261.4858,0.0000,446.3710,0.466209
-261.7197,0.0000,446.3148,0.466260
-261.9538,0.0000,446.2587,0.466318
-262.2092,0.0000,446.1975,0.466368
-262.4436,0.0000,446.1413,0.466426
-262.6995,0.0000,446.0800,0.466488
-262.9343,0.0000,446.0240,0.466535
-263.1906,0.0000,445.9629,0.466599
-263.4472,0.0000,445.9020,0.466652
-263.7039,0.0000,445.8411,0.466713
-263.9395,0.0000,445.7853,0.466770
-264.1964,0.0000,445.7243,0.466822
-264.4321,0.0000,445.6682,0.466876
-264.6892,0.0000,445.6068,0.466937
-264.9250,0.0000,445.5504,0.466990
-265.1610,0.0000,445.4940,0.467043
-265.4185,0.0000,445.4325,0.467100
-265.6549,0.0000,445.3761,0.467155
-265.8483,0.0000,445.3299,0.467198
-266.0850,0.0000,445.2736,0.467256
-266.3217,0.0000,445.2173,0.467302
-266.5801,0.0000,445.1558,0.467363
-266.7741,0.0000,445.1096,0.467408
-267.0327,0.0000,445.0481,0.467465
-267.2915,0.0000,444.9864,0.467520
-267.5288,0.0000,444.9297,0.467573
-267.7662,0.0000,444.8729,0.467631
-268.0039,0.0000,444.8160,0.467687
-268.2631,0.0000,444.7538,0.467739
-268.5011,0.0000,444.6968,0.467789
-268.7391,0.0000,444.6397,0.467845
-268.9990,0.0000,444.5777,0.467905
-269.2375,0.0000,444.5208,0.467959
-269.4762,0.0000,444.4641,0.468016
-269.7368,0.0000,444.4022,0.468073
-269.9757,0.0000,444.3455,0.468128
-270.2147,0.0000,444.2889,0.468179
-270.4754,0.0000,444.2272,0.468240
-270.7363,0.0000,444.1655,0.468299
-270.9970,0.0000,444.1035,0.468362
-271.2577,0.0000,444.0414,0.468424
-271.5184,0.0000,443.9791,0.468478
-271.7574,0.0000,443.9220,0.468527
-271.9963,0.0000,443.8649,0.468586
-272.2571,0.0000,443.8026,0.468647
-272.4961,0.0000,443.7455,0.468699
-272.7352,0.0000,443.6885,0.468756
-272.9960,0.0000,443.6262,0.468814
-273.2353,0.0000,443.5692,0.468871
-273.4745,0.0000,443.5121,0.468923
-273.7139,0.0000,443.4550,0.468981
-273.9750,0.0000,443.3928,0.469041
-274.2363,0.0000,443.3307,0.469093
-274.4757,0.0000,443.2739,0.469150
-274.7370,0.0000,443.2120,0.469212
-274.9982,0.0000,443.1501,0.469270
-275.2376,0.0000,443.0934,0.469324
-275.4989,0.0000,443.0315,0.469388
-275.7384,0.0000,442.9747,0.469439
-275.9998,0.0000,442.9128,0.469501
-276.3049,0.0000,442.8406,0.469571
-276.5446,0.0000,442.7838,0.469629
-276.7844,0.0000,442.7271,0.469680
-277.0242,0.0000,442.6703,0.469733
-277.2639,0.0000,442.6136,0.469787
-277.5254,0.0000,442.5517,0.469852
-277.7651,0.0000,442.4950,0.469905
-278.0049,0.0000,442.4383,0.469957
-278.2665,0.0000,442.3764,0.470013
-278.5064,0.0000,442.3197,0.470069
-278.7463,0.0000,442.2630,0.470122
-278.9863,0.0000,442.2063,0.470181
-279.2483,0.0000,442.1445,0.470238
-279.4884,0.0000,442.0879,0.470293
-279.7503,0.0000,442.0261,0.470353
-279.9904,0.0000,441.9694,0.470408
-280.2304,0.0000,441.9127,0.470462
-280.4921,0.0000,441.8508,0.470522
-280.7537,0.0000,441.7886,0.470578
-280.9934,0.0000,441.7312,0.470634
-281.2766,0.0000,441.6631,0.470696
-281.5162,0.0000,441.6051,0.470759
-281.7557,0.0000,441.5471,0.470809
-282.0171,0.0000,441.4836,0.470870
-282.2567,0.0000,441.4254,0.470921
-282.5182,0.0000,441.3618,0.470985
-282.7580,0.0000,441.3034,0.471035
-282.9760,0.0000,441.2504,0.471085
-283.2159,0.0000,441.1921,0.471146
-283.4776,0.0000,441.1285,0.471203
-283.7176,0.0000,441.0701,0.471255
-283.9575,0.0000,441.0117,0.471311
-284.2193,0.0000,440.9478,0.471376
-284.5028,0.0000,440.8784,0.471438
-284.8521,0.0000,440.7931,0.471515
-285.1140,0.0000,440.7291,0.471570
-285.3979,0.0000,440.6598,0.471643
-285.6382,0.0000,440.6012,0.471693
-285.9441,0.0000,440.5266,0.471762
-286.2061,0.0000,440.4627,0.471819
-286.4463,0.0000,440.4040,0.471873
-286.7083,0.0000,440.3397,0.471934
-286.9484,0.0000,440.2807,0.471987
-287.2104,0.0000,440.2163,0.472049
-287.4507,0.0000,440.1573,0.472102
-287.6911,0.0000,440.0984,0.472156
-287.9535,0.0000,440.0341,0.472213
-288.1941,0.0000,439.9754,0.472269
-288.4567,0.0000,439.9113,0.472333
-288.7193,0.0000,439.8473,0.472397
-288.9600,0.0000,439.7885,0.472443
-289.2007,0.0000,439.7299,0.472501
-289.4633,0.0000,439.6658,0.472556
-289.7040,0.0000,439.6070,0.472617
-289.9447,0.0000,439.5483,0.472669
-290.2072,0.0000,439.4842,0.472731
-290.4481,0.0000,439.4254,0.472782
-290.7109,0.0000,439.3614,0.472848
-290.9519,0.0000,439.3026,0.472901
-291.2148,0.0000,439.2385,0.472957
-291.4777,0.0000,439.1744,0.473020
-291.7407,0.0000,439.1102,0.473073
-291.9817,0.0000,439.0513,0.473133
-292.3104,0.0000,438.9710,0.473205
-292.5295,0.0000,438.9174,0.473257
-292.8143,0.0000,438.8476,0.473322
-293.0554,0.0000,438.7886,0.473372
-293.2964,0.0000,438.7296,0.473431
-293.5374,0.0000,438.6705,0.473484
-293.8006,0.0000,438.6060,0.473546
-294.0417,0.0000,438.5468,0.473605
-294.3047,0.0000,438.4820,0.473654
-294.5457,0.0000,438.4224,0.473711
-294.8087,0.0000,438.3573,0.473769
-295.0497,0.0000,438.2975,0.473828
-295.3126,0.0000,438.2323,0.473882
-295.5537,0.0000,438.1722,0.473943
-295.7948,0.0000,438.1121,0.473998
-296.0797,0.0000,438.0411,0.474059
-296.3427,0.0000,437.9756,0.474119
-296.6058,0.0000,437.9099,0.474177
-296.8470,0.0000,437.8498,0.474235
-297.0883,0.0000,437.7897,0.474288
-297.3514,0.0000,437.7241,0.474346
-297.6146,0.0000,437.6585,0.474407
-297.8557,0.0000,437.5982,0.474460
-298.1187,0.0000,437.5322,0.474522
-298.3596,0.0000,437.4714,0.474573
-298.6005,0.0000,437.4105,0.474629
-298.8634,0.0000,437.3437,0.474685
-299.1043,0.0000,437.2825,0.474746
-299.3452,0.0000,437.2212,0.474792
-299.6080,0.0000,437.1541,0.474860
-299.8490,0.0000,437.0925,0.474914
-300.0899,0.0000,437.0309,0.474965
-300.3308,0.0000,436.9690,0.475020
-300.5936,0.0000,436.9015,0.475074
-300.8346,0.0000,436.8396,0.475136
-301.0756,0.0000,436.7775,0.475183
-301.3166,0.0000,436.7153,0.475240
-301.6014,0.0000,436.6417,0.475307
-301.8426,0.0000,436.5795,0.475361
-302.0838,0.0000,436.5172,0.475415
-302.3251,0.0000,436.4549,0.475477
-302.5884,0.0000,436.3868,0.475534
-302.8297,0.0000,436.3244,0.475584
-303.0711,0.0000,436.2620,0.475642
-303.3345,0.0000,436.1939,0.475698
-303.5759,0.0000,436.1314,0.475753
-303.8393,0.0000,436.0630,0.475812
-304.0807,0.0000,436.0002,0.475869
-304.3221,0.0000,435.9374,0.475921
-304.5634,0.0000,435.8745,0.475973
-304.8266,0.0000,435.8056,0.476037
-305.0679,0.0000,435.7423,0.476089
-305.3092,0.0000,435.6789,0.476145
-305.5504,0.0000,435.6152,0.476195
-305.8134,0.0000,435.5456,0.476259
-306.0546,0.0000,435.4815,0.476310
-306.2958,0.0000,435.4175,0.476363
-306.5808,0.0000,435.3414,0.476433
-306.8221,0.0000,435.2771,0.476482
-307.1729,0.0000,435.1835,0.476569
-307.4361,0.0000,435.1130,0.476625
-307.6774,0.0000,435.0484,0.476679
-307.9186,0.0000,434.9837,0.476733
-308.1598,0.0000,434.9188,0.476791
-308.4229,0.0000,434.8479,0.476848
-308.6640,0.0000,434.7826,0.476898
-308.9050,0.0000,434.7172,0.476955
-309.1461,0.0000,434.6515,0.477014
-309.3871,0.0000,434.5857,0.477065
-309.6499,0.0000,434.5136,0.477129
-309.8909,0.0000,434.4474,0.477185
-310.1318,0.0000,434.3811,0.477241
-310.3947,0.0000,434.3086,0.477296
-310.6575,0.0000,434.2360,0.477355
-310.8983,0.0000,434.1692,0.477410
-311.0952,0.0000,434.1145,0.477454
-311.3359,0.0000,434.0473,0.477510
-311.5984,0.0000,433.9738,0.477570
-311.8389,0.0000,433.9061,0.477624
-312.0793,0.0000,433.8381,0.477678
-312.3416,0.0000,433.7638,0.477741
-312.5820,0.0000,433.6954,0.477799
-312.8224,0.0000,433.6267,0.477851
-313.0628,0.0000,433.5579,0.477903
-313.3251,0.0000,433.4825,0.477964
-313.5871,0.0000,433.4069,0.478028
-313.8272,0.0000,433.3373,0.478082
-314.0891,0.0000,433.2611,0.478140
-314.3290,0.0000,433.1909,0.478194
-314.5907,0.0000,433.1139,0.478256
-314.8958,0.0000,433.0236,0.478325
-315.1353,0.0000,432.9521,0.478383
-315.3965,0.0000,432.8737,0.478443
-315.6357,0.0000,432.8015,0.478496
-315.8749,0.0000,432.7289,0.478550
-316.1359,0.0000,432.6493,0.478612
-316.3749,0.0000,432.5760,0.478670
-316.6138,0.0000,432.5024,0.478728
-316.8526,0.0000,432.4284,0.478780
-317.0914,0.0000,432.3541,0.478835
-317.3302,0.0000,432.2795,0.478892
-317.5905,0.0000,432.1977,0.478948
-317.8290,0.0000,432.1224,0.479006
-318.0892,0.0000,432.0399,0.479069
-318.3277,0.0000,431.9640,0.479122
-318.5662,0.0000,431.8878,0.479180
-318.8264,0.0000,431.8043,0.479237
-319.0648,0.0000,431.7277,0.479292
-319.3250,0.0000,431.6440,0.479351
-319.5852,0.0000,431.5602,0.479408
-319.8456,0.0000,431.4762,0.479473
-320.0841,0.0000,431.3990,0.479527
-320.3443,0.0000,431.3144,0.479586
-320.5827,0.0000,431.2366,0.479644
-320.8427,0.0000,431.1513,0.479704
-321.0807,0.0000,431.0729,0.479758
-321.3188,0.0000,430.9942,0.479812
-321.6220,0.0000,430.8937,0.479884
-321.8169,0.0000,430.8289,0.479929
-322.0551,0.0000,430.7497,0.479985
-322.3152,0.0000,430.6631,0.480042
-322.5535,0.0000,430.5837,0.480101
-322.7918,0.0000,430.5042,0.480152
-323.0300,0.0000,430.4245,0.480206
-323.2899,0.0000,430.3375,0.480271
-323.5714,0.0000,430.2429,0.480332
-323.8095,0.0000,430.1626,0.480389
-324.1343,0.0000,430.0530,0.480468
-324.4159,0.0000,429.9577,0.480529
-324.6976,0.0000,429.8625,0.480597
-324.9578,0.0000,429.7744,0.480656
-325.1963,0.0000,429.6938,0.480717
-325.4565,0.0000,429.6057,0.480775
-325.6949,0.0000,429.5250,0.480830
-325.9335,0.0000,429.4441,0.480885
-326.1719,0.0000,429.3630,0.480939
-326.3670,0.0000,429.2966,0.480984
-326.6053,0.0000,429.2152,0.481041
-326.8437,0.0000,429.1336,0.481098
-327.1035,0.0000,429.0444,0.481153
-327.3416,0.0000,428.9623,0.481209
-327.6012,0.0000,428.8726,0.481274
-327.8390,0.0000,428.7899,0.481325
-328.0766,0.0000,428.7070,0.481381
-328.3356,0.0000,428.6161,0.481442
-328.5728,0.0000,428.5322,0.481501
-328.8313,0.0000,428.4402,0.481557
-329.0681,0.0000,428.3554,0.481612
-329.3048,0.0000,428.2702,0.481665
-329.5413,0.0000,428.1847,0.481721
-329.7991,0.0000,428.0909,0.481783
-330.0355,0.0000,428.0047,0.481839
-330.2717,0.0000,427.9180,0.481899
-330.5293,0.0000,427.8232,0.481956
-330.7654,0.0000,427.7359,0.482010
-331.0232,0.0000,427.6407,0.482069
-331.2596,0.0000,427.5532,0.482124
-331.5821,0.0000,427.4338,0.482202
-331.8401,0.0000,427.3383,0.482261
-332.1411,0.0000,427.2265,0.482337
-332.4423,0.0000,427.1148,0.482402
-332.7005,0.0000,427.0189,0.482465
-332.9374,0.0000,426.9311,0.482515
-333.1963,0.0000,426.8354,0.482583
-333.4338,0.0000,426.7481,0.482634
-333.6715,0.0000,426.6610,0.482687
-333.9307,0.0000,426.5661,0.482748
-334.1683,0.0000,426.4791,0.482808
-334.4274,0.0000,426.3838,0.482867
-334.6216,0.0000,426.3122,0.482909
-334.8805,0.0000,426.2166,0.482969
-335.1608,0.0000,426.1127,0.483040
-335.4197,0.0000,426.0168,0.483102
-335.6786,0.0000,425.9207,0.483155
-335.9159,0.0000,425.8325,0.483218
-336.2179,0.0000,425.7201,0.483284
-336.4552,-0.0000,425.6318,0.483339
-336.7141,-0.0000,425.5354,0.483401
-336.9514,-0.0000,425.4468,0.483459
-337.1888,0.0000,425.3583,0.483517
-337.4477,-0.0000,425.2617,0.483572
-337.6851,-0.0000,425.1732,0.483627
-337.9224,0.0000,425.0845,0.483680
-338.1598,0.0000,424.9959,0.483739
-338.4187,0.0000,424.8990,0.483799
-338.6561,0.0000,424.8102,0.483850
-338.8934,0.0000,424.7212,0.483911
-339.1955,0.0000,424.6080,0.483984
-339.4328,0.0000,424.5189,0.484042
-339.6918,-0.0000,424.4216,0.484095
-339.9292,0.0000,424.3324,0.484155
-340.1881,0.0000,424.2350,0.484215
-340.4470,0.0000,424.1375,0.484276
-340.6842,0.0000,424.0479,0.484327
-340.9214,-0.0000,423.9582,0.484387
-341.1802,0.0000,423.8600,0.484450
-341.4391,-0.0000,423.7619,0.484508
-341.6764,0.0000,423.6719,0.484562
-341.9138,-0.0000,423.5818,0.484620
-342.1729,0.0000,423.4837,0.484685
-342.4320,0.0000,423.3856,0.484747
-342.6697,0.0000,423.2958,0.484799
-342.9290,-0.0000,423.1979,0.484866
-343.1883,-0.0000,423.0999,0.484921
-343.5558,0.0000,422.9611,0.485009
-343.7938,0.0000,422.8714,0.485062
-344.0319,0.0000,422.7818,0.485118
-344.2917,0.0000,422.6841,0.485185
-344.5300,-0.0000,422.5946,0.485237
-344.7683,-0.0000,422.5054,0.485287
-345.0286,0.0000,422.4083,0.485350
-345.2888,0.0000,422.3109,0.485411
-345.5272,0.0000,422.2217,0.485468
-345.7657,0.0000,422.1324,0.485523
-346.0043,-0.0000,422.0432,0.485584
-346.3079,-0.0000,421.9296,0.485651
-346.5464,0.0000,421.8405,0.485710
-346.8284,-0.0000,421.7352,0.485774
-347.1107,-0.0000,421.6300,0.485840
-347.3929,0.0000,421.5249,0.485910
-347.6317,0.0000,421.4358,0.485959
-347.8922,0.0000,421.3385,0.486023
-348.1310,0.0000,421.2494,0.486077
-348.3697,0.0000,421.1602,0.486132
-348.6951,0.0000,421.0384,0.486211
-348.9338,-0.0000,420.9491,0.486266
-349.1941,-0.0000,420.8517,0.486327
-349.4326,0.0000,420.7623,0.486383
-349.6712,0.0000,420.6728,0.486438
-349.9314,0.0000,420.5748,0.486499
-350.1700,0.0000,420.4851,0.486557
-350.4521,0.0000,420.3791,0.486621
-350.6692,0.0000,420.2975,0.486671
-350.9732,-0.0000,420.1833,0.486742
-351.2121,0.0000,420.0937,0.486795
-351.4510,-0.0000,420.0039,0.486855
-351.7115,0.0000,419.9058,0.486914
-351.9503,0.0000,419.8158,0.486973
-352.2761,0.0000,419.6931,0.487050
-352.5584,-0.0000,419.5868,0.487117
-352.7974,0.0000,419.4968,0.487166
-353.0364,-0.0000,419.4068,0.487228
-353.2755,0.0000,419.3169,0.487283
-353.5145,0.0000,419.2269,0.487337
-353.7752,0.0000,419.1288,0.487397
-354.0360,0.0000,419.0306,0.487462
-354.2751,0.0000,418.9406,0.487517
-354.5362,0.0000,418.8425,0.487582
-354.7755,0.0000,418.7525,0.487630
-355.0149,-0.0000,418.6626,0.487690
-355.2543,0.0000,418.5726,0.487746
-355.4937,0.0000,418.4827,0.487803
-355.7549,0.0000,418.3847,0.487860
-355.9944,0.0000,418.2950,0.487920
-356.2557,0.0000,418.1972,0.487982
-356.4954,-0.0000,418.1076,0.488036
-356.7351,-0.0000,418.0181,0.488094
-356.9968,0.0000,417.9206,0.488151
-357.2366,-0.0000,417.8311,0.488211
-357.4983,0.0000,417.7335,0.488270
-357.7382,-0.0000,417.6440,0.488327
-357.9998,0.0000,417.5464,0.488392
-358.2397,0.0000,417.4570,0.488444
-358.5016,0.0000,417.3595,0.488510
-358.7198,0.0000,417.2783,0.488556
-358.9817,0.0000,417.1809,0.488620
-359.3092,0.0000,417.0590,0.488693
-359.5929,0.0000,416.9532,0.488761
-359.8329,0.0000,416.8636,0.488819
-360.0729,0.0000,416.7740,0.488873
-360.3348,0.0000,416.6762,0.488936
-360.5748,-0.0000,416.5866,0.488990
-360.8149,0.0000,416.4970,0.489047
-361.1422,0.0000,416.3748,0.489123
-361.4041,0.0000,416.2770,0.489187
-361.6661,0.0000,416.1792,0.489244
-361.9064,0.0000,416.0896,0.489300
-362.1467,0.0000,415.9999,0.489359
-362.3870,0.0000,415.9103,0.489412
-362.6491,0.0000,415.8125,0.489475
-362.8894,0.0000,415.7227,0.489531
-363.1297,0.0000,415.6328,0.489585
-363.3701,0.0000,415.5429,0.489644
-363.6104,0.0000,415.4529,0.489697
-363.8725,0.0000,415.3548,0.489759
-364.1346,0.0000,415.2566,0.489822
-364.3748,0.0000,415.1665,0.489874
-364.6366,0.0000,415.0680,0.489935
-364.8766,-0.0000,414.9774,0.489993
-365.1384,0.0000,414.8786,0.490054
-365.3783,0.0000,414.7878,0.490111
-365.6182,0.0000,414.6968,0.490169
-365.9235,-0.0000,414.5809,0.490241
-366.2069,0.0000,414.4730,0.490305
-366.4687,-0.0000,414.3734,0.490368
-366.7087,0.0000,414.2821,0.490426
-366.9705,0.0000,414.1825,0.490487
-367.2104,-0.0000,414.0909,0.490542
-367.4504,-0.0000,413.9993,0.490601
-367.7122,0.0000,413.8993,0.490661
-368.0178,-0.0000,413.7827,0.490735
-368.3234,0.0000,413.6662,0.490804
-368.5855,0.0000,413.5663,0.490864
-368.8477,0.0000,413.4667,0.490924
-369.0664,0.0000,413.3838,0.490980
-369.3068,0.0000,413.2925,0.491036
-369.5691,0.0000,413.1930,0.491102
-369.8316,0.0000,413.0935,0.491155
-370.0723,0.0000,413.0022,0.491221
-370.3349,-0.0000,412.9026,0.491283
-370.5756,-0.0000,412.8113,0.491335
-370.8163,0.0000,412.7200,0.491396
-371.0570,0.0000,412.6287,0.491446
-371.2978,-0.0000,412.5375,0.491509
-371.5386,0.0000,412.4463,0.491561
-371.8014,-0.0000,412.3470,0.491626
-372.0424,0.0000,412.2560,0.491683
-372.3055,0.0000,412.1568,0.491744
-372.6126,0.0000,412.0413,0.491813
-372.8759,0.0000,411.9424,0.491879
-373.1173,-0.0000,411.8517,0.491934
-373.3587,0.0000,411.7612,0.491992
-373.6221,0.0000,411.6625,0.492054
-373.8636,0.0000,411.5721,0.492111
-374.1490,0.0000,411.4652,0.492176
-374.3906,-0.0000,411.3747,0.492233
-374.6321,0.0000,411.2842,0.492288
-374.8737,0.0000,411.1937,0.492345
-375.1152,-0.0000,411.1032,0.492409
-375.3788,-0.0000,411.0046,0.492462
-375.6204,-0.0000,410.9141,0.492522
-375.8621,0.0000,410.8238,0.492575
-376.1260,-0.0000,410.7253,0.492638
-376.3678,-0.0000,410.6349,0.492698
-376.6096,-0.0000,410.5446,0.492752
-376.8515,-0.0000,410.4543,0.492815
-377.1154,-0.0000,410.3557,0.492874
-377.3572,0.0000,410.2654,0.492931
-377.5771,0.0000,410.1833,0.492980
-377.8188,0.0000,410.0930,0.493039
-378.0606,0.0000,410.0027,0.493091
-378.3024,0.0000,409.9124,0.493146
-378.5663,-0.0000,409.8138,0.493213
-378.8302,-0.0000,409.7151,0.493271
-379.0722,-0.0000,409.6246,0.493325
-379.3142,0.0000,409.5341,0.493387
-379.5782,0.0000,409.4352,0.493450
-379.8423,0.0000,409.3363,0.493503
-380.0844,0.0000,409.2457,0.493567
-380.3484,0.0000,409.1469,0.493629
-380.5905,0.0000,409.0563,0.493681
-380.8325,0.0000,408.9657,0.493748
-381.0746,-0.0000,408.8751,0.493797
-381.3387,0.0000,408.7762,0.493864
-381.5808,0.0000,408.6856,0.493916
-381.8231,0.0000,408.5950,0.493973
-382.0655,0.0000,408.5043,0.494033
-382.3299,0.0000,408.4055,0.494097
-382.5724,-0.0000,408.3149,0.494150
-382.8589,-0.0000,408.2079,0.494223
-383.1234,-0.0000,408.1091,0.494281
-383.3658,0.0000,408.0186,0.494335
-383.6082,-0.0000,407.9280,0.494396
-383.8727,0.0000,407.8292,0.494456
-384.1151,-0.0000,407.7387,0.494514
-384.3577,0.0000,407.6481,0.494572
-384.6004,0.0000,407.5576,0.494630
-384.8652,0.0000,407.4589,0.494688
-385.1080,0.0000,407.3684,0.494746
-385.3509,-0.0000,407.2781,0.494804
-385.5938,-0.0000,407.1877,0.494866
-385.8588,0.0000,407.0892,0.494920
-386.1016,0.0000,406.9989,0.494982
-386.3445,0.0000,406.9086,0.495037
-386.5873,-0.0000,406.8184,0.495091
-386.8302,0.0000,406.7281,0.495149
-387.0951,0.0000,406.6295,0.495219
-387.2938,0.0000,406.5555,0.495262
-387.5367,-0.0000,406.4649,0.495315
-387.7797,0.0000,406.3743,0.495374
-388.0448,0.0000,406.2754,0.495436
-388.2878,0.0000,406.1848,0.495493
-388.5309,-0.0000,406.0942,0.495549
-388.7740,0.0000,406.0035,0.495609
-389.0170,-0.0000,405.9129,0.495663
-389.2600,0.0000,405.8223,0.495721
-389.5252,0.0000,405.7234,0.495788
-389.7683,0.0000,405.6327,0.495841
-390.0113,0.0000,405.5421,0.495897
-390.2766,0.0000,405.4432,0.495958
-390.5199,0.0000,405.3526,0.496016
-390.7853,0.0000,405.2537,0.496084
-391.0287,0.0000,405.1631,0.496132
-391.2720,0.0000,405.0724,0.496197
-391.5154,0.0000,404.9818,0.496249
-391.7809,0.0000,404.8829,0.496313
-392.0242,0.0000,404.7922,0.496371
-392.2675,0.0000,404.7013,0.496428
-392.5107,0.0000,404.6104,0.496481
-392.7762,0.0000,404.5112,0.496544
-393.0195,0.0000,404.4202,0.496603
-393.3293,0.0000,404.3047,0.496674
-393.5728,-0.0000,404.2141,0.496732
-393.8165,-0.0000,404.1235,0.496791
-394.1266,0.0000,404.0081,0.496859
-394.3925,0.0000,403.9093,0.496921
-394.6805,0.0000,403.8021,0.496994
-394.9463,0.0000,403.7029,0.497055
-395.1900,0.0000,403.6120,0.497114
-395.4336,0.0000,403.5210,0.497166
-395.6773,0.0000,403.4300,0.497223
-395.9431,0.0000,403.3307,0.497293
-396.1869,0.0000,403.2397,0.497348
-396.4306,0.0000,403.1487,0.497400
-396.6743,0.0000,403.0578,0.497463
-396.9180,0.0000,402.9668,0.497520
-397.1839,0.0000,402.8675,0.497579
-397.4276,0.0000,402.7765,0.497638
-397.6716,0.0000,402.6855,0.497691
-397.9378,-0.0000,402.5863,0.497758
-398.2041,0.0000,402.4870,0.497815
-398.4483,-0.0000,402.3963,0.497880
-398.6924,-0.0000,402.3055,0.497934
-398.9588,0.0000,402.2065,0.497998
-399.2030,0.0000,402.1158,0.498056
-399.4694,0.0000,402.0168,0.498114
-399.7134,0.0000,401.9259,0.498170
-399.9575,0.0000,401.8349,0.498230
-400.2016,-0.0000,401.7439,0.498293
-400.4681,0.0000,401.6447,0.498354
-400.7124,-0.0000,401.5537,0.498414
-400.9566,-0.0000,401.4627,0.498471
-401.2230,0.0000,401.3633,0.498528
-401.4673,-0.0000,401.2720,0.498585
-401.7336,0.0000,401.1725,0.498651
-402.0442,0.0000,401.0560,0.498720
-402.3104,-0.0000,400.9561,0.498791
-402.5544,0.0000,400.8645,0.498844
-402.7984,0.0000,400.7726,0.498900
-403.0424,0.0000,400.6807,0.498951
-403.3085,0.0000,400.5804,0.499018
-403.5524,0.0000,400.4883,0.499079
-403.8184,0.0000,400.3877,0.499139
-404.0624,0.0000,400.2954,0.499199
-404.3286,0.0000,400.1948,0.499258
-404.5726,0.0000,400.1025,0.499316
-404.8167,0.0000,400.0102,0.499377
-405.0831,0.0000,399.9095,0.499437
-405.3273,-0.0000,399.8172,0.499494
-405.5938,0.0000,399.7165,0.499556
-405.8602,0.0000,399.6158,0.499619
-406.1045,0.0000,399.5235,0.499676
-406.3488,0.0000,399.4311,0.499731
-406.5930,-0.0000,399.3387,0.499792
-406.8595,0.0000,399.2379,0.499855
-407.1038,0.0000,399.1454,0.499910
-407.3479,0.0000,399.0528,0.499966
-407.5921,0.0000,398.9601,0.500027
-407.8363,-0.0000,398.8674,0.500080
-408.0805,0.0000,398.7746,0.500138
-408.3247,-0.0000,398.6818,0.500192
-408.5913,0.0000,398.5806,0.500254
-408.8356,0.0000,398.4878,0.500319
-409.0799,0.0000,398.3950,0.500370
-409.3464,0.0000,398.2937,0.500436
-409.5907,0.0000,398.2007,0.500498
-409.8795,0.0000,398.0909,0.500562
-410.1240,0.0000,397.9979,0.500618
-410.3684,0.0000,397.9049,0.500679
-410.6352,0.0000,397.8033,0.500735
-410.8796,0.0000,397.7102,0.500798
-411.1242,0.0000,397.6170,0.500855
-411.3909,0.0000,397.5152,0.500915
-411.6353,0.0000,397.4220,0.500971
-411.8798,0.0000,397.3285,0.501032
-412.1241,0.0000,397.2350,0.501080
-412.3906,0.0000,397.1329,0.501151
-412.6568,-0.0000,397.0303,0.501211
-412.9227,0.0000,396.9274,0.501273
-413.1663,-0.0000,396.8328,0.501336
-413.4321,0.0000,396.7292,0.501394
-413.6758,0.0000,396.6342,0.501449
-413.9195,0.0000,396.5390,0.501506
-414.1633,0.0000,396.4438,0.501568
-414.4072,0.0000,396.3487,0.501628
-414.6734,-0.0000,396.2450,0.501687
-414.9397,0.0000,396.1411,0.501747
-415.2060,0.0000,396.0374,0.501814
-415.4948,0.0000,395.9252,0.501887
-415.7391,0.0000,395.8305,0.501937
-416.0058,0.0000,395.7272,0.502003
-416.2504,0.0000,395.6326,0.502065
-416.4950,0.0000,395.5380,0.502113
-416.7620,0.0000,395.4348,0.502179
-417.0068,0.0000,395.3403,0.502237
-417.2516,-0.0000,395.2458,0.502294
-417.4965,0.0000,395.1513,0.502357
-417.7414,-0.0000,395.0569,0.502414
-418.0084,0.0000,394.9538,0.502480
-418.2533,0.0000,394.8594,0.502530
-418.4981,0.0000,394.7650,0.502587
-418.7654,0.0000,394.6620,0.502652
-419.0104,-0.0000,394.5675,0.502706
-419.2556,0.0000,394.4732,0.502767
-419.5231,0.0000,394.3702,0.502828
-419.7682,0.0000,394.2758,0.502880
-420.0134,-0.0000,394.1815,0.502945
-420.2586,0.0000,394.0872,0.503001
-420.5261,0.0000,393.9843,0.503063
-420.7712,0.0000,393.8901,0.503120
-421.0164,0.0000,393.7958,0.503176
-421.2616,0.0000,393.7015,0.503237
-421.5068,0.0000,393.6072,0.503294
-421.7744,0.0000,393.5044,0.503359
-422.0197,0.0000,393.4100,0.503415
-422.2651,-0.0000,393.3157,0.503478
-422.5329,-0.0000,393.2128,0.503536
-422.7784,-0.0000,393.1185,0.503595
-423.0462,-0.0000,393.0157,0.503656
-423.2916,0.0000,392.9214,0.503715
-423.5370,0.0000,392.8271,0.503773
-423.7825,0.0000,392.7328,0.503828
-424.0056,0.0000,392.6470,0.503880
-424.2733,0.0000,392.5441,0.503944
-424.5411,0.0000,392.4412,0.504007
-424.7867,-0.0000,392.3469,0.504068
-425.0323,0.0000,392.2525,0.504120
-425.2780,0.0000,392.1582,0.504188
-425.5238,0.0000,392.0638,0.504240
-425.7920,0.0000,391.9609,0.504296
-426.0377,0.0000,391.8666,0.504364
-426.2835,0.0000,391.7722,0.504419
-426.5292,0.0000,391.6779,0.504477
-426.7973,0.0000,391.5750,0.504537
-427.0431,0.0000,391.4807,0.504594
-427.3112,0.0000,391.3778,0.504658
-427.5569,0.0000,391.2834,0.504714
-427.8251,-0.0000,391.1805,0.504779
-428.0933,0.0000,391.0775,0.504844
-428.3392,0.0000,390.9829,0.504906
-428.5851,-0.0000,390.8883,0.504959
-428.8311,-0.0000,390.7936,0.505019
-429.0771,0.0000,390.6989,0.505077
-429.3455,0.0000,390.5956,0.505138
-429.5916,0.0000,390.5010,0.505201
-429.8376,0.0000,390.4063,0.505252
-430.1061,0.0000,390.3030,0.505317
-430.3521,0.0000,390.2083,0.505372
-430.6204,0.0000,390.1049,0.505436
-430.8664,0.0000,390.0099,0.505494
-431.1346,0.0000,389.9063,0.505558
-431.3806,-0.0000,389.8113,0.505620
-431.6266,0.0000,389.7163,0.505674
-431.8950,0.0000,389.6128,0.505736
-432.1634,0.0000,389.5092,0.505796
-432.4095,0.0000,389.4143,0.505856
-432.6556,0.0000,389.3193,0.505918
-432.9243,0.0000,389.2157,0.505977
-433.1706,0.0000,389.1207,0.506035
-433.4394,0.0000,389.0171,0.506099
-433.6858,-0.0000,388.9221,0.506159
-433.9322,0.0000,388.8271,0.506213
-434.2010,0.0000,388.7234,0.506274
-434.4474,-0.0000,388.6284,0.506338
-434.7162,-0.0000,388.5248,0.506402
-434.9626,-0.0000,388.4298,0.506453
-435.2090,0.0000,388.3348,0.506517
-435.4777,0.0000,388.2311,0.506578
-435.7241,0.0000,388.1360,0.506636
-435.9703,-0.0000,388.0407,0.506693
-436.2166,0.0000,387.9454,0.506752
-436.4629,0.0000,387.8500,0.506810
-436.7316,0.0000,387.7460,0.506871
-436.9780,0.0000,387.6508,0.506928
-437.2470,0.0000,387.5468,0.506993
-437.4937,0.0000,387.4514,0.507051
-437.7628,-0.0000,387.3475,0.507118
-438.0097,0.0000,387.2524,0.507173
-438.2566,0.0000,387.1573,0.507236
-438.5260,0.0000,387.0537,0.507296
-438.7953,0.0000,386.9502,0.507358
-438.9973,0.0000,386.8725,0.507405
-439.2889,0.0000,386.7603,0.507475
-439.5357,-0.0000,386.6653,0.507536
-439.8048,0.0000,386.5614,0.507597
-440.0514,-0.0000,386.4660,0.507656
-440.2533,0.0000,386.3880,0.507699
-440.5000,0.0000,386.2925,0.507757
-440.7467,0.0000,386.1970,0.507816
-440.9933,0.0000,386.1013,0.507871
-441.2624,-0.0000,385.9969,0.507933
-441.5091,0.0000,385.9012,0.507994
-441.7782,-0.0000,385.7967,0.508061
-442.0475,0.0000,385.6922,0.508120
-442.3394,-0.0000,385.5790,0.508190
-442.5864,0.0000,385.4834,0.508249
-442.8559,0.0000,385.3790,0.508313
-443.1030,0.0000,385.2833,0.508369
-443.3725,0.0000,385.1790,0.508433
-443.6196,0.0000,385.0833,0.508491
-443.8667,0.0000,384.9876,0.508547
-444.1139,-0.0000,384.8919,0.508607
-444.3611,0.0000,384.7964,0.508661
-444.6084,0.0000,384.7010,0.508721
-444.8784,0.0000,384.5970,0.508790
-445.1259,-0.0000,384.5016,0.508844
-445.3959,0.0000,384.3976,0.508908
-445.6434,-0.0000,384.3023,0.508966
-445.8909,-0.0000,384.2070,0.509024
-446.1609,-0.0000,384.1030,0.509087
-446.4533,0.0000,383.9903,0.509154
-446.7008,0.0000,383.8950,0.509211
-446.9482,0.0000,383.7997,0.509271
-447.1957,0.0000,383.7043,0.509331
-447.4658,-0.0000,383.6004,0.509394
-447.7133,0.0000,383.5051,0.509450
-447.9835,-0.0000,383.4010,0.509512
-448.2537,0.0000,383.2970,0.509578
-448.5015,0.0000,383.2016,0.509638
-448.7492,-0.0000,383.1061,0.509695
-448.9970,-0.0000,383.0106,0.509753
-449.2672,0.0000,382.9064,0.509819
-449.6273,-0.0000,382.7672,0.509902
-449.8971,0.0000,382.6624,0.509968
-450.1890,-0.0000,382.5484,0.510028
-450.4583,-0.0000,382.4427,0.510099
-450.7050,-0.0000,382.3458,0.510160
-450.9517,0.0000,382.2486,0.510212
-451.1985,0.0000,382.1513,0.510276
-451.4677,0.0000,382.0451,0.510333
-451.7145,0.0000,381.9476,0.510391
-451.9615,0.0000,381.8502,0.510447
-452.2310,0.0000,381.7440,0.510514
-452.4782,0.0000,381.6466,0.510570
-452.7254,0.0000,381.5492,0.510632
-452.9951,0.0000,381.4431,0.510692
-453.2424,0.0000,381.3458,0.510753
-453.4897,0.0000,381.2485,0.510814
-453.7594,0.0000,381.1423,0.510873
-453.9617,-0.0000,381.0627,0.510924
-454.2090,-0.0000,380.9652,0.510978
-454.4562,0.0000,380.8676,0.511040
-454.7933,0.0000,380.7346,0.511122
-455.0854,0.0000,380.6191,0.511190
-455.3326,0.0000,380.5211,0.511249
-455.5797,0.0000,380.4233,0.511309
-455.8269,0.0000,380.3253,0.511364
-456.0741,0.0000,380.2273,0.511419
-456.3213,0.0000,380.1293,0.511487
-456.5684,-0.0000,380.0311,0.511539
-456.8379,-0.0000,379.9239,0.511596
-457.0401,0.0000,379.8434,0.511649
-457.2869,0.0000,379.7449,0.511706
-457.5338,0.0000,379.6461,0.511765
-457.7805,0.0000,379.5470,0.511828
-458.0273,-0.0000,379.4478,0.511883
-458.2963,-0.0000,379.3394,0.511948
-458.5429,0.0000,379.2398,0.512008
-458.7894,-0.0000,379.1402,0.512063
-459.0585,-0.0000,379.0312,0.512128
-459.3052,0.0000,378.9315,0.512183
-459.5521,0.0000,378.8318,0.512244
-459.7991,0.0000,378.7321,0.512306
-460.0462,0.0000,378.6326,0.512362
-460.3159,-0.0000,378.5240,0.512424
-460.5856,0.0000,378.4155,0.512485
-460.8327,0.0000,378.3158,0.512546
-461.1022,0.0000,378.2070,0.512609
-461.3492,0.0000,378.1071,0.512665
-461.5959,0.0000,378.0070,0.512723
-461.8651,-0.0000,377.8976,0.512792
-462.1118,0.0000,377.7971,0.512849
-462.4034,0.0000,377.6785,0.512917
-462.6502,0.0000,377.5779,0.512977
-462.9196,-0.0000,377.4684,0.513039
-463.1666,0.0000,377.3680,0.513100
-463.4138,0.0000,377.2676,0.513160
-463.6834,0.0000,377.1582,0.513218
-463.9307,0.0000,377.0578,0.513282
-464.1780,0.0000,376.9575,0.513337
-464.4254,0.0000,376.8571,0.513398
-464.6952,0.0000,376.7476,0.513460
-464.9426,0.0000,376.6472,0.513517
-465.1450,0.0000,376.5650,0.513567
-465.3474,-0.0000,376.4829,0.513614
-465.5948,-0.0000,376.3825,0.513674
-465.8422,0.0000,376.2821,0.513732
-466.1121,-0.0000,376.1726,0.513798
-466.3595,0.0000,376.0722,0.513858
-466.6069,0.0000,375.9718,0.513913
-466.8543,0.0000,375.8713,0.513977
-467.1242,0.0000,375.7618,0.514036
-467.3716,0.0000,375.6614,0.514096
-467.6415,-0.0000,375.5519,0.514160
-467.8890,0.0000,375.4513,0.514220
-468.1589,0.0000,375.3416,0.514286
-468.4065,-0.0000,375.2410,0.514343
-468.6541,0.0000,375.1403,0.514397
-468.9242,0.0000,375.0304,0.514474
-469.1719,0.0000,374.9297,0.514525
-469.4197,0.0000,374.8290,0.514579
-469.6899,0.0000,374.7191,0.514649
-469.9602,0.0000,374.6093,0.514707
-470.2079,0.0000,374.5086,0.514769
-470.4782,0.0000,374.3987,0.514835
-470.7260,-0.0000,374.2980,0.514891
-470.9737,-0.0000,374.1973,0.514948
-471.2440,0.0000,374.0874,0.515014
-471.4918,0.0000,373.9867,0.515073
-471.7396,0.0000,373.8860,0.515132
-471.9875,0.0000,373.7852,0.515194
-472.2580,0.0000,373.6753,0.515250
-472.5060,0.0000,373.5746,0.515310
-472.7767,0.0000,373.4647,0.515378
-473.0473,-0.0000,373.3549,0.515441
-473.2955,0.0000,373.2542,0.515499
-473.5437,0.0000,373.1535,0.515559
-473.7919,0.0000,373.0531,0.515614
-474.0401,0.0000,372.9525,0.515675
-474.2884,0.0000,372.8521,0.515732
-474.5367,0.0000,372.7517,0.515794
-474.8076,0.0000,372.6422,0.515857
-475.0560,0.0000,372.5417,0.515913
-475.3045,0.0000,372.4413,0.515975
-475.5757,-0.0000,372.3317,0.516037
-475.8242,0.0000,372.2313,0.516095
-476.0727,0.0000,372.1310,0.516153
-476.3438,0.0000,372.0215,0.516217
-476.5923,0.0000,371.9211,0.516277
-476.8409,0.0000,371.8207,0.516335
-477.1119,0.0000,371.7112,0.516398
-477.3830,0.0000,371.6018,0.516466
-477.6314,0.0000,371.5015,0.516523
-477.8799,0.0000,371.4010,0.516583
-478.1283,0.0000,371.3004,0.516640
-478.4445,-0.0000,371.1723,0.516716
-478.6931,0.0000,371.0716,0.516774
-478.9643,0.0000,370.9616,0.516841
-479.2357,0.0000,370.8517,0.516906
-479.4844,0.0000,370.7510,0.516967
-479.7332,0.0000,370.6503,0.517020
-480.0498,0.0000,370.5221,0.517096
-480.3664,-0.0000,370.3940,0.517170
-480.6151,0.0000,370.2932,0.517226
-480.8639,0.0000,370.1925,0.517287
-481.1126,0.0000,370.0918,0.517344
-481.3613,0.0000,369.9911,0.517406
-481.6327,0.0000,369.8812,0.517468
-481.8814,0.0000,369.7805,0.517526
-482.1302,0.0000,369.6797,0.517592
-482.4016,0.0000,369.5699,0.517654
-482.6503,0.0000,369.4690,0.517711
-482.9217,0.0000,369.3590,0.517769
-483.1705,0.0000,369.2581,0.517833
-483.4193,-0.0000,369.1570,0.517889
-483.6683,0.0000,369.0560,0.517953
-483.9172,0.0000,368.9550,0.518005
-484.1890,0.0000,368.8447,0.518073
-484.4607,0.0000,368.7345,0.518140
-484.6871,0.0000,368.6426,0.518189
-484.9589,0.0000,368.5324,0.518248
-485.2081,0.0000,368.4315,0.518316
-485.4574,0.0000,368.3307,0.518376
-485.7293,-0.0000,368.2209,0.518440
-485.9787,0.0000,368.1203,0.518493
-486.2281,0.0000,368.0197,0.518554
-486.5004,0.0000,367.9101,0.518619
-486.7502,0.0000,367.8096,0.518678
-487.0226,0.0000,367.7001,0.518739
-487.2950,0.0000,367.5908,0.518808
-487.6129,0.0000,367.4634,0.518881
-487.8627,0.0000,367.3633,0.518938
-488.1126,0.0000,367.2632,0.519000
-488.3626,0.0000,367.1630,0.519056
-488.6125,0.0000,367.0629,0.519111
-488.9080,0.0000,366.9447,0.519186
-489.1580,0.0000,366.8447,0.519245
-489.4080,0.0000,366.7447,0.519303
-489.6580,0.0000,366.6448,0.519353
-489.9308,0.0000,366.5359,0.519428
-490.1808,0.0000,366.4361,0.519485
-490.4537,0.0000,366.3272,0.519546
-490.7038,0.0000,366.2272,0.519607
-490.9538,0.0000,366.1272,0.519666
-491.2037,0.0000,366.0270,0.519732
-491.4763,0.0000,365.9175,0.519789
-491.7264,-0.0000,365.8171,0.519850
-491.9765,0.0000,365.7168,0.519907
-492.2495,0.0000,365.6076,0.519973
-492.4997,0.0000,365.5075,0.520035
-492.7499,0.0000,365.4075,0.520086
-493.0229,0.0000,365.2984,0.520151
-493.2047,-0.0000,365.2257,0.520195
-493.4549,0.0000,365.1257,0.520251
-493.7277,0.0000,365.0166,0.520324
-493.9779,0.0000,364.9165,0.520374
-494.2281,0.0000,364.8164,0.520442
-494.4785,0.0000,364.7163,0.520497
-494.7516,-0.0000,364.6071,0.520559
-495.0021,0.0000,364.5070,0.520620
-495.1842,0.0000,364.4342,0.520661
-495.5030,0.0000,364.3066,0.520738
-495.7534,0.0000,364.2065,0.520796
-496.0038,0.0000,364.1063,0.520855
-496.2771,0.0000,363.9969,0.520918
-496.5275,0.0000,363.8967,0.520976
-496.7780,-0.0000,363.7967,0.521035
-497.0287,0.0000,363.6967,0.521099
-497.2794,0.0000,363.5968,0.521153
-497.5301,0.0000,363.4969,0.521218
-497.8038,0.0000,363.3879,0.521272
-498.0547,0.0000,363.2881,0.521337
-498.3057,0.0000,363.1883,0.521396
-498.6023,0.0000,363.0705,0.521468
-498.8533,0.0000,362.9708,0.521524
-499.1270,0.0000,362.8620,0.521593
-499.3780,-0.0000,362.7623,0.521647
-499.6518,0.0000,362.6535,0.521713
-499.9028,0.0000,362.5538,0.521765
-500.1539,-0.0000,362.4542,0.521829
-500.4050,-0.0000,362.3545,0.521886
-500.6562,0.0000,362.2549,0.521948
-500.9074,0.0000,362.1552,0.522003
-501.1815,0.0000,362.0466,0.522066
-501.4326,0.0000,361.9469,0.522127
-501.6838,0.0000,361.8473,0.522188
-501.9578,0.0000,361.7385,0.522250
-502.2090,0.0000,361.6389,0.522308
-502.4830,0.0000,361.5302,0.522371
-502.7343,-0.0000,361.4306,0.522439
-503.0085,0.0000,361.3219,0.522495
-503.2599,0.0000,361.2223,0.522554
-503.5113,-0.0000,361.1226,0.522615
-503.7627,0.0000,361.0229,0.522672
-504.0142,0.0000,360.9232,0.522731
-504.2886,0.0000,360.8145,0.522791
-504.5400,-0.0000,360.7148,0.522855
-504.8373,0.0000,360.5970,0.522920
-505.1117,0.0000,360.4884,0.522989
-505.3633,0.0000,360.3890,0.523043
-505.6151,0.0000,360.2896,0.523110
-505.8897,0.0000,360.1812,0.523175
-506.1415,0.0000,360.0819,0.523229
-506.3934,0.0000,359.9826,0.523288
-506.6684,0.0000,359.8744,0.523348
-506.9433,0.0000,359.7663,0.523410
-507.1952,-0.0000,359.6671,0.523471
-507.4471,0.0000,359.5678,0.523533
-507.7218,0.0000,359.4594,0.523597
-507.9736,0.0000,359.3600,0.523655
-508.2254,0.0000,359.2607,0.523709
-508.5001,0.0000,359.1523,0.523776
-508.7519,0.0000,359.0529,0.523834
-509.0038,-0.0000,358.9536,0.523898
-509.2787,0.0000,358.8452,0.523958
-509.5308,0.0000,358.7460,0.524014
-509.7830,0.0000,358.6467,0.524075
-510.0353,-0.0000,358.5475,0.524133
-510.2876,-0.0000,358.4484,0.524193
-510.5628,-0.0000,358.3403,0.524254
-510.8152,0.0000,358.2413,0.524317
-511.0674,0.0000,358.1423,0.524373
-511.3427,0.0000,358.0344,0.524435
-511.6410,0.0000,357.9174,0.524507
-511.9163,0.0000,357.8094,0.524566
-512.1687,0.0000,357.7103,0.524626
-512.4211,0.0000,357.6113,0.524685
-512.6736,0.0000,357.5122,0.524744
-512.9491,0.0000,357.4041,0.524813
-513.2015,0.0000,357.3051,0.524873
-513.4540,0.0000,357.2060,0.524935
-513.7065,0.0000,357.1070,0.524989
-513.9590,0.0000,357.0080,0.525043
-514.2344,0.0000,356.8999,0.525111
-514.5098,0.0000,356.7919,0.525177
-514.7623,0.0000,356.6929,0.525231
-515.0148,-0.0000,356.5938,0.525292
-515.4050,0.0000,356.4408,0.525376
-515.6804,0.0000,356.3327,0.525445
-515.9329,0.0000,356.2337,0.525504
-516.1854,0.0000,356.1347,0.525567
-516.4609,0.0000,356.0267,0.525627
-516.7134,0.0000,355.9277,0.525686
-516.9661,0.0000,355.8287,0.525747
-517.2188,0.0000,355.7298,0.525805
-517.4946,0.0000,355.6219,0.525868
-517.7015,-0.0000,355.5409,0.525916
-517.9085,0.0000,355.4599,0.525963
-518.1155,0.0000,355.3789,0.526012
-518.3226,0.0000,355.2979,0.526061
-518.6217,0.0000,355.1808,0.526130
-518.8978,0.0000,355.0726,0.526200
-519.1509,0.0000,354.9734,0.526257
-519.4271,0.0000,354.8653,0.526319
-519.6802,0.0000,354.7661,0.526382
-520.0024,0.0000,354.6400,0.526454
-520.2786,0.0000,354.5318,0.526519
-520.5317,0.0000,354.4328,0.526578
-520.8769,0.0000,354.2976,0.526659
-521.1300,0.0000,354.1984,0.526716
-521.4061,0.0000,354.0902,0.526784
-521.6132,0.0000,354.0091,0.526832
-521.8663,0.0000,353.9099,0.526887
-522.0964,0.0000,353.8196,0.526943
-522.3956,0.0000,353.7024,0.527013
-522.6718,0.0000,353.5941,0.527080
-522.9249,0.0000,353.4950,0.527135
-523.2012,0.0000,353.3868,0.527199
-523.4773,0.0000,353.2788,0.527262
-523.7535,0.0000,353.1708,0.527332
-524.0297,0.0000,353.0627,0.527395
-524.2369,0.0000,352.9818,0.527444
-524.4902,0.0000,352.8827,0.527505
-524.7436,0.0000,352.7837,0.527557
-525.0201,0.0000,352.6757,0.527623
-525.2968,0.0000,352.5677,0.527692
-525.4812,0.0000,352.4957,0.527735
-525.7811,-0.0000,352.3787,0.527806
-526.0349,0.0000,352.2797,0.527858
-526.2886,0.0000,352.1807,0.527917
-526.5655,0.0000,352.0727,0.527990
-526.8193,0.0000,351.9737,0.528046
-527.0731,0.0000,351.8745,0.528105
-527.3268,0.0000,351.7753,0.528161
-527.5806,0.0000,351.6761,0.528223
-527.8344,0.0000,351.5768,0.528282
-528.0883,0.0000,351.4775,0.528339
-528.3652,0.0000,351.3694,0.528403
-528.6192,0.0000,351.2704,0.528466
-528.8731,0.0000,351.1715,0.528521
-529.1270,0.0000,351.0725,0.528584
-529.3809,0.0000,350.9736,0.528640
-529.6348,0.0000,350.8747,0.528698
-529.9117,0.0000,350.7669,0.528766
-530.1887,0.0000,350.6590,0.528831
-530.4428,0.0000,350.5602,0.528887
-530.7200,0.0000,350.4525,0.528954
-530.9741,0.0000,350.3538,0.529016
-531.1820,0.0000,350.2730,0.529059
-531.4595,-0.0000,350.1653,0.529127
-531.7139,0.0000,350.0667,0.529181
-531.9683,0.0000,349.9683,0.529245
-532.2228,0.0000,349.8698,0.529306
-532.4775,0.0000,349.7713,0.529365
-532.7324,0.0000,349.6729,0.529422
-533.0335,0.0000,349.5568,0.529495
-533.2884,0.0000,349.4587,0.529552
-533.5433,0.0000,349.3607,0.529611
-533.8214,0.0000,349.2540,0.529679
-534.0764,0.0000,349.1564,0.529741
-534.3315,0.0000,349.0589,0.529801
-534.5868,0.0000,348.9616,0.529855
-534.8654,0.0000,348.8554,0.529920
-535.1208,0.0000,348.7582,0.529983
-535.3764,0.0000,348.6609,0.530037
-535.6320,0.0000,348.5640,0.530092
-535.8877,0.0000,348.4670,0.530157
-536.1665,0.0000,348.3613,0.530222
-536.4453,0.0000,348.2555,0.530287
-536.7240,0.0000,348.1498,0.530354
-536.9794,0.0000,348.0530,0.530412
-537.3044,0.0000,347.9298,0.530487
-537.5598,-0.0000,347.8330,0.530543
-537.8152,0.0000,347.7362,0.530601
-538.0938,-0.0000,347.6305,0.530672
-538.3493,0.0000,347.5337,0.530733
-538.6049,0.0000,347.4369,0.530783
-538.8838,0.0000,347.3314,0.530851
-539.1395,0.0000,347.2347,0.530914
-539.3954,0.0000,347.1380,0.530972
-539.6745,-0.0000,347.0326,0.531032
-539.9305,0.0000,346.9359,0.531103
-540.1864,-0.0000,346.8393,0.531157
-540.4423,0.0000,346.7426,0.531211
-540.7679,0.0000,346.6195,0.531293
-541.0703,0.0000,346.5052,0.531359
-541.3494,0.0000,346.3996,0.531422
-541.6052,-0.0000,346.3026,0.531484
-541.8609,0.0000,346.2056,0.531541
-542.1166,0.0000,346.1085,0.531606
-542.3957,0.0000,346.0026,0.531671
-542.6515,0.0000,345.9056,0.531726
-542.9073,0.0000,345.8086,0.531792
-543.1632,0.0000,345.7116,0.531847
-543.4191,0.0000,345.6149,0.531902
-543.6984,0.0000,345.5095,0.531975
-543.9543,-0.0000,345.4129,0.532031
-544.2103,0.0000,345.3164,0.532091
-544.4662,-0.0000,345.2198,0.532150
-544.7222,0.0000,345.1232,0.532209
-545.0015,0.0000,345.0179,0.532270
-545.2575,-0.0000,344.9213,0.532333
-545.5136,0.0000,344.8246,0.532394
-545.7697,0.0000,344.7280,0.532449
-546.0492,0.0000,344.6225,0.532516
-546.3055,0.0000,344.5258,0.532572
-546.5616,0.0000,344.4292,0.532634
-546.8178,0.0000,344.3326,0.532692
-547.0974,0.0000,344.2271,0.532758
-547.3537,0.0000,344.1302,0.532814
-547.6100,0.0000,344.0333,0.532876
-547.8663,0.0000,343.9364,0.532934
-548.1228,0.0000,343.8395,0.532992
-548.3793,0.0000,343.7426,0.533054
-548.6591,0.0000,343.6369,0.533118
-548.9156,0.0000,343.5402,0.533175
-549.1954,-0.0000,343.4347,0.533246
-549.4519,0.0000,343.3378,0.533303
-549.7317,0.0000,343.2320,0.533370
-550.0115,0.0000,343.1262,0.533432
-550.2679,0.0000,343.0291,0.533492
-550.5709,0.0000,342.9144,0.533562
-550.8274,0.0000,342.8174,0.533618
-551.0839,0.0000,342.7203,0.533673
-551.3403,0.0000,342.6233,0.533733
-551.5968,0.0000,342.5263,0.533798
-551.8766,0.0000,342.4203,0.533860
-552.1330,0.0000,342.3232,0.533926
-552.3895,0.0000,342.2262,0.533979
-552.6460,0.0000,342.1292,0.534041
-552.9959,0.0000,341.9969,0.534123
-553.3226,0.0000,341.8739,0.534202
-553.5793,0.0000,341.7773,0.534261
-553.8594,0.0000,341.6721,0.534325
-554.1396,0.0000,341.5667,0.534392
-554.3497,0.0000,341.4877,0.534438
-554.6765,0.0000,341.3648,0.534514
-554.9566,0.0000,341.2594,0.534580
-555.2133,0.0000,341.1626,0.534641
-555.4931,0.0000,341.0568,0.534707
-555.7498,0.0000,340.9597,0.534766
-556.0064,0.0000,340.8626,0.534825
-556.2631,0.0000,340.7654,0.534885
-556.5197,0.0000,340.6682,0.534943
-556.7762,0.0000,340.5708,0.535007
-557.0560,0.0000,340.4644,0.535068
-557.3125,0.0000,340.3668,0.535129
-557.6389,0.0000,340.2426,0.535212
-557.8955,0.0000,340.1450,0.535264
-558.1520,0.0000,340.0473,0.535325
-558.4084,0.0000,339.9496,0.535388
-558.6650,0.0000,339.8519,0.535441
-558.9216,0.0000,339.7541,0.535500
-559.2015,0.0000,339.6473,0.535567
-559.4580,0.0000,339.5494,0.535630
-559.7379,0.0000,339.4426,0.535696
-559.9944,-0.0000,339.3446,0.535759
-560.2043,0.0000,339.2644,0.535802
-560.4610,0.0000,339.1663,0.535863
-560.8110,0.0000,339.0324,0.535943
-561.0444,0.0000,338.9432,0.535997
-561.3011,0.0000,338.8451,0.536057
-561.5580,0.0000,338.7469,0.536119
-561.8148,0.0000,338.6487,0.536181
-562.0950,0.0000,338.5416,0.536248
-562.3518,0.0000,338.4433,0.536306
-562.6086,0.0000,338.3450,0.536364
-562.8889,-0.0000,338.2376,0.536427
-563.1458,0.0000,338.1393,0.536491
-563.4028,0.0000,338.0408,0.536550
-563.6599,0.0000,337.9424,0.536610
-563.9170,0.0000,337.8441,0.536669
-564.2209,0.0000,337.7278,0.536737
-564.4780,0.0000,337.6295,0.536801
-564.7585,0.0000,337.5222,0.536866
-565.0157,0.0000,337.4238,0.536930
-565.2729,0.0000,337.3254,0.536978
-565.5301,0.0000,337.2272,0.537043
-565.7874,0.0000,337.1291,0.537103
-566.0447,0.0000,337.0311,0.537160
-566.3020,0.0000,336.9332,0.537223
-566.5828,0.0000,336.8264,0.537291
-566.8401,-0.0000,336.7286,0.537347
-567.0975,-0.0000,336.6307,0.537408
-567.3548,0.0000,336.5330,0.537463
-567.6355,-0.0000,336.4263,0.537528
-567.8931,-0.0000,336.3286,0.537593
-568.1506,-0.0000,336.2310,0.537652
-568.4083,-0.0000,336.1335,0.537710
-568.6896,-0.0000,336.0273,0.537778
-568.9474,-0.0000,335.9299,0.537834
-569.2054,-0.0000,335.8326,0.537892
-569.4870,-0.0000,335.7264,0.537959
-569.7450,-0.0000,335.6292,0.538021
-570.0030,-0.0000,335.5318,0.538074
-570.2609,0.0000,335.4344,0.538136
-570.5189,-0.0000,335.3371,0.538199
-570.7769,-0.0000,335.2398,0.538253
-571.0349,-0.0000,335.1426,0.538322
-571.3163,-0.0000,335.0366,0.538386
-571.5743,-0.0000,334.9394,0.538443
-571.8322,-0.0000,334.8421,0.538500
-572.0901,-0.0000,334.7449,0.538566
-572.3715,-0.0000,334.6388,0.538630
-572.6763,-0.0000,334.5240,0.538701
-572.9342,-0.0000,334.4268,0.538768
-573.1922,-0.0000,334.3298,0.538820
-573.4504,-0.0000,334.2327,0.538878
-573.7086,0.0000,334.1357,0.538937
-573.9668,-0.0000,334.0387,0.539000
-574.2251,0.0000,333.9417,0.539060
-574.5070,0.0000,333.8361,0.539124
-574.7654,-0.0000,333.7393,0.539185
-575.0239,-0.0000,333.6425,0.539244
-575.2827,-0.0000,333.5456,0.539306
-575.5413,-0.0000,333.4488,0.539370
-575.8236,0.0000,333.3433,0.539437
-576.0824,-0.0000,333.2468,0.539493
-576.3412,-0.0000,333.1504,0.539558
-576.6001,-0.0000,333.0540,0.539615
-576.8825,0.0000,332.9490,0.539680
-577.1414,-0.0000,332.8529,0.539737
-577.4237,-0.0000,332.7481,0.539806
-577.7061,-0.0000,332.6434,0.539872
-577.9651,-0.0000,332.5473,0.539930
-578.2242,-0.0000,332.4514,0.539992
-578.5305,-0.0000,332.3380,0.540062
-578.7896,0.0000,332.2422,0.540125
-579.0488,-0.0000,332.1465,0.540180
-579.3083,-0.0000,332.0508,0.540247
-579.5912,-0.0000,331.9463,0.540307
-579.8271,0.0000,331.8593,0.540360
-580.1104,0.0000,331.7552,0.540421
-580.3699,0.0000,331.6598,0.540494
-580.6296,0.0000,331.5646,0.540546
-580.9366,-0.0000,331.4525,0.540621
-581.2438,0.0000,331.3407,0.540694
-581.5277,-0.0000,331.2378,0.540756
-581.8119,-0.0000,331.1352,0.540821
-582.2147,0.0000,330.9902,0.540913
-582.4754,0.0000,330.8966,0.540971
-582.7361,-0.0000,330.8032,0.541033
-582.9967,0.0000,330.7100,0.541094
-583.2811,0.0000,330.6085,0.541158
-583.5418,0.0000,330.5155,0.541217
-583.8499,-0.0000,330.4057,0.541290
-584.2288,0.0000,330.2704,0.541373
-584.4893,-0.0000,330.1772,0.541438
-584.7496,-0.0000,330.0840,0.541496
-585.0101,-0.0000,329.9909,0.541551
-585.2707,-0.0000,329.8979,0.541612
-585.5314,-0.0000,329.8050,0.541676
-585.7921,-0.0000,329.7122,0.541744
-586.0768,-0.0000,329.6112,0.541804
-586.3140,-0.0000,329.5270,0.541858
-586.5986,0.0000,329.4261,0.541922
-586.8595,-0.0000,329.3338,0.541980
-587.1204,0.0000,329.2415,0.542047
-587.4288,-0.0000,329.1324,0.542113
-587.7134,0.0000,329.0320,0.542180
-587.9981,0.0000,328.9316,0.542247
-588.2592,-0.0000,328.8397,0.542304
-588.5439,0.0000,328.7398,0.542373
-588.8050,-0.0000,328.6483,0.542428
-589.0662,-0.0000,328.5570,0.542492
-589.3511,0.0000,328.4576,0.542553
-589.6124,-0.0000,328.3666,0.542613
-589.8738,0.0000,328.2758,0.542673
-590.1351,-0.0000,328.1850,0.542739
-590.4202,-0.0000,328.0858,0.542796
-590.6815,-0.0000,327.9950,0.542858
-590.9426,-0.0000,327.9042,0.542916
-591.2038,-0.0000,327.8136,0.542971
-591.4650,-0.0000,327.7229,0.543035
-591.7263,0.0000,327.6323,0.543088
-592.0113,0.0000,327.5337,0.543156
-592.2725,-0.0000,327.4434,0.543218
-592.5339,-0.0000,327.3531,0.543276
-592.8190,-0.0000,327.2546,0.543342
-593.0804,0.0000,327.1646,0.543405
-593.3655,-0.0000,327.0663,0.543463
-593.6270,-0.0000,326.9764,0.543522
-593.8884,-0.0000,326.8864,0.543591
-594.1498,0.0000,326.7967,0.543638
-594.4114,-0.0000,326.7070,0.543699
-594.6729,0.0000,326.6174,0.543762
-594.9343,0.0000,326.5278,0.543815
-595.2195,-0.0000,326.4301,0.543886
-595.5048,-0.0000,326.3326,0.543945
-595.7663,0.0000,326.2433,0.544008
-596.0278,-0.0000,326.1540,0.544066
-596.2892,0.0000,326.0647,0.544125
-596.5746,-0.0000,325.9674,0.544188
-596.8360,-0.0000,325.8784,0.544253
-597.0975,-0.0000,325.7894,0.544307
-597.4301,0.0000,325.6760,0.544397
-597.6913,-0.0000,325.5869,0.544448
-597.9763,-0.0000,325.4895,0.544512
-598.2850,-0.0000,325.3840,0.544582
-598.6174,-0.0000,325.2704,0.544658
-598.8785,-0.0000,325.1811,0.544720
-599.1397,-0.0000,325.0918,0.544780
-599.4009,-0.0000,325.0025,0.544834
-599.6619,-0.0000,324.9132,0.544897
-599.9468,-0.0000,324.8157,0.544962
-600.1366,0.0000,324.7508,0.545011
-600.4210,0.0000,324.6531,0.545076
-600.6817,-0.0000,324.5636,0.545141
-600.9422,-0.0000,324.4740,0.545193
-601.2026,-0.0000,324.3842,0.545255
-601.4628,-0.0000,324.2943,0.545314
-601.7469,0.0000,324.1963,0.545379
-602.0071,0.0000,324.1064,0.545442
-602.2672,-0.0000,324.0164,0.545496
-602.5274,-0.0000,323.9261,0.545553
-602.7875,-0.0000,323.8358,0.545616
-603.0711,0.0000,323.7372,0.545680
-603.3312,0.0000,323.6465,0.545739
-603.6149,0.0000,323.5476,0.545806
-603.8747,0.0000,323.4567,0.545865
-604.2054,0.0000,323.3409,0.545941
-604.4652,0.0000,323.2499,0.546000
-604.7249,-0.0000,323.1589,0.546066
-605.0083,0.0000,323.0596,0.546129
-605.2680,-0.0000,322.9687,0.546199
-605.5276,0.0000,322.8777,0.546248
-605.7874,0.0000,322.7868,0.546309
-606.0470,0.0000,322.6958,0.546368
-606.3066,-0.0000,322.6049,0.546428
-606.5898,-0.0000,322.5056,0.546493
-606.8494,0.0000,322.4146,0.546550
-607.1090,0.0000,322.3234,0.546616
-607.3685,0.0000,322.2321,0.546681
-607.6280,-0.0000,322.1408,0.546738
-607.9109,0.0000,322.0411,0.546814
-608.1938,-0.0000,321.9411,0.546879
-608.4526,0.0000,321.8495,0.546937
-608.7112,0.0000,321.7576,0.546996
-608.9931,-0.0000,321.6570,0.547057
-609.2509,-0.0000,321.5648,0.547126
-609.5080,-0.0000,321.4725,0.547186
-609.7878,-0.0000,321.3719,0.547252
-610.0436,0.0000,321.2799,0.547309
-610.2988,-0.0000,321.1881,0.547374
-610.5532,0.0000,321.0963,0.547430
-610.8069,-0.0000,321.0047,0.547489
-611.0600,-0.0000,320.9133,0.547554
-611.3352,-0.0000,320.8139,0.547623
-611.5866,0.0000,320.7231,0.547680
-611.8599,0.0000,320.6244,0.547747
-612.0640,-0.0000,320.5506,0.547792
-612.3121,0.0000,320.4608,0.547846
-612.5588,-0.0000,320.3715,0.547908
-612.8039,-0.0000,320.2827,0.547973
-613.0696,-0.0000,320.1863,0.548027
-613.3114,0.0000,320.0984,0.548087
-613.5518,0.0000,320.0110,0.548149
-613.7906,0.0000,319.9240,0.548200
-614.0279,0.0000,319.8374,0.548261
-614.2637,-0.0000,319.7513,0.548315
-614.5193,0.0000,319.6581,0.548376
-614.7523,0.0000,319.5730,0.548436
-614.9836,-0.0000,319.4886,0.548487
-615.2344,0.0000,319.3970,0.548555
-615.4420,0.0000,319.3212,0.548600
-615.6691,0.0000,319.2383,0.548651
-615.9152,0.0000,319.1485,0.548721
-616.1800,-0.0000,319.0520,0.548780
-616.4227,-0.0000,318.9636,0.548841
-616.6439,-0.0000,318.8832,0.548887
-616.8636,-0.0000,318.8036,0.548942
-617.1017,0.0000,318.7173,0.549003
-617.3381,0.0000,318.6316,0.549057
-617.5532,-0.0000,318.5535,0.549114
-617.7669,-0.0000,318.4759,0.549165
-617.9792,-0.0000,318.3988,0.549221
-618.2093,-0.0000,318.3152,0.549271
-618.4377,-0.0000,318.2323,0.549326
-618.6456,0.0000,318.1568,0.549378
-618.8522,-0.0000,318.0820,0.549426
-619.0574,-0.0000,318.0076,0.549476
-619.2797,-0.0000,317.9271,0.549535
-619.4820,-0.0000,317.8538,0.549583
-619.6829,-0.0000,317.7809,0.549630
-619.8826,-0.0000,317.7087,0.549683
-620.0809,-0.0000,317.6370,0.549727
-620.2779,-0.0000,317.5659,0.549772
-620.4913,-0.0000,317.4889,0.549820
-620.6854,-0.0000,317.4189,0.549873
-620.8784,-0.0000,317.3495,0.549917
-621.0699,-0.0000,317.2805,0.549972
-621.2775,0.0000,317.2058,0.550023
-621.4664,0.0000,317.1378,0.550059
-621.6541,-0.0000,317.0703,0.550109
-621.8572,-0.0000,316.9972,0.550161
-622.0422,-0.0000,316.9306,0.550200
-622.2259,0.0000,316.8646,0.550247
-622.4083,-0.0000,316.7989,0.550289
-622.5893,0.0000,316.7337,0.550336
-622.7692,-0.0000,316.6690,0.550376
-622.9478,0.0000,316.6046,0.550420
-623.1412,-0.0000,316.5351,0.550466
-623.3173,-0.0000,316.4718,0.550517
-623.4921,-0.0000,316.4090,0.550549
-623.6656,-0.0000,316.3468,0.550601
-623.8381,0.0000,316.2850,0.550635
-624.0092,-0.0000,316.2237,0.550683
-624.2100,-0.0000,316.1518,0.550732
-624.3936,-0.0000,316.0861,0.550780
-624.5607,0.0000,316.0262,0.550817
-624.7267,-0.0000,315.9669,0.550858
-624.8914,0.0000,315.9079,0.550897
-625.0549,-0.0000,315.8494,0.550943
-625.2172,-0.0000,315.7914,0.550986
-625.3782,-0.0000,315.7338,0.551022
-625.5526,-0.0000,315.6714,0.551073
-625.7112,-0.0000,315.6148,0.551112
-625.8687,-0.0000,315.5586,0.551148
-626.0248,-0.0000,315.5028,0.551189
-626.1798,-0.0000,315.4474,0.551228
-626.3058,-0.0000,315.4025,0.551265
-626.4586,-0.0000,315.3480,0.551302
-626.6103,-0.0000,315.2939,0.551335
-626.8017,-0.0000,315.2257,0.551395
-626.9507,-0.0000,315.1726,0.551427
-627.1118,-0.0000,315.1151,0.551471
-627.2584,-0.0000,315.0628,0.551515
-627.4037,-0.0000,315.0110,0.551549
-627.5609,-0.0000,314.9548,0.551594
-627.7037,0.0000,314.9037,0.551630
-627.8711,-0.0000,314.8440,0.551675
-628.0114,-0.0000,314.7936,0.551712
-628.1629,-0.0000,314.7392,0.551751
-628.3007,0.0000,314.6896,0.551786
-628.4374,-0.0000,314.6404,0.551819
-628.5852,-0.0000,314.5872,0.551868
-628.7316,-0.0000,314.5346,0.551903
-628.8649,-0.0000,314.4868,0.551937
-629.0089,0.0000,314.4352,0.551976
-629.1399,-0.0000,314.3884,0.552013
-629.2698,-0.0000,314.3421,0.552046
-629.4218,-0.0000,314.2879,0.552088
-629.5491,-0.0000,314.2424,0.552122
-629.6754,-0.0000,314.1973,0.552153
-629.8007,-0.0000,314.1525,0.552192
-629.9478,-0.0000,314.0999,0.552225
-630.0713,0.0000,314.0556,0.552268
-630.1947,-0.0000,314.0117,0.552294
-630.3400,-0.0000,313.9597,0.552336
-630.4633,-0.0000,313.9156,0.552366
-630.5868,-0.0000,313.8713,0.552404
-630.7104,0.0000,313.8270,0.552439
-630.8345,-0.0000,313.7827,0.552472
-630.9700,-0.0000,313.7341,0.552503
-631.0947,-0.0000,313.6895,0.552540
-631.2195,-0.0000,313.6448,0.552575
-631.3447,0.0000,313.6001,0.552616
-631.4703,-0.0000,313.5552,0.552647
-631.6077,0.0000,313.5061,0.552683
-631.7913,0.0000,313.4404,0.552737
-631.9180,0.0000,313.3951,0.552771
-632.0565,-0.0000,313.3457,0.552806
-632.1838,0.0000,313.3002,0.552839
-632.3230,0.0000,313.2503,0.552883
-632.4510,0.0000,313.2047,0.552914
-632.5909,0.0000,313.1547,0.552954
-632.7197,-0.0000,313.1087,0.552992
-632.8487,0.0000,313.0627,0.553028
-632.9783,-0.0000,313.0163,0.553066
-633.1202,-0.0000,312.9658,0.553103
-633.2509,-0.0000,312.9192,0.553139
-633.3821,-0.0000,312.8724,0.553178
-633.5139,0.0000,312.8254,0.553209
-633.6464,-0.0000,312.7782,0.553240
-633.7797,-0.0000,312.7309,0.553281
-633.9135,-0.0000,312.6833,0.553328
-634.0602,-0.0000,312.6312,0.553365
-634.2449,0.0000,312.5656,0.553408
-634.3811,-0.0000,312.5174,0.553450
-634.5305,-0.0000,312.4645,0.553499
-634.6680,0.0000,312.4157,0.553536
-634.8441,0.0000,312.3534,0.553588
-634.9958,-0.0000,312.2997,0.553626
-635.1354,-0.0000,312.2502,0.553669
-635.2884,-0.0000,312.1961,0.553711
-635.4423,-0.0000,312.1418,0.553750
-635.5839,-0.0000,312.0919,0.553789
-635.7262,-0.0000,312.0419,0.553833
-635.8820,0.0000,311.9871,0.553875
-636.0256,-0.0000,311.9369,0.553913
-636.1695,-0.0000,311.8866,0.553961
-636.3137,-0.0000,311.8364,0.554003
-636.4715,0.0000,311.7816,0.554043
-636.6164,-0.0000,311.7314,0.554088
-636.7614,-0.0000,311.6813,0.554123
-636.9595,-0.0000,311.6131,0.554180
-637.1050,-0.0000,311.5633,0.554220
-637.2503,-0.0000,311.5136,0.554270
-637.3954,-0.0000,311.4642,0.554304
-637.5537,-0.0000,311.4107,0.554351
-637.6982,-0.0000,311.3618,0.554394
-637.8424,0.0000,311.3133,0.554426
-637.9861,0.0000,311.2650,0.554471
-638.1422,0.0000,311.2126,0.554518
-638.2846,-0.0000,311.1649,0.554559
-638.4392,-0.0000,311.1132,0.554603
-638.5929,-0.0000,311.0619,0.554643
-638.7328,-0.0000,311.0150,0.554688
-638.8717,-0.0000,310.9684,0.554730
-639.0844,0.0000,310.8965,0.554780
-639.2332,0.0000,310.8458,0.554826
-639.3685,0.0000,310.7996,0.554862
-639.5031,0.0000,310.7534,0.554905
-639.6367,0.0000,310.7076,0.554952
-639.7695,0.0000,310.6621,0.554990
-639.9016,0.0000,310.6171,0.555017
-640.0447,-0.0000,310.5685,0.555060
-640.1750,-0.0000,310.5242,0.555092
-640.3044,0.0000,310.4803,0.555129
-640.4329,-0.0000,310.4368,0.555165
-640.5605,-0.0000,310.3935,0.555201
-640.6874,-0.0000,310.3505,0.555234
-640.8247,-0.0000,310.3040,0.555271
-640.9498,-0.0000,310.2616,0.555304
-641.0739,-0.0000,310.2195,0.555343
-641.2082,-0.0000,310.1740,0.555377
-641.3416,-0.0000,310.1288,0.555418
-641.4628,-0.0000,310.0877,0.555450
-641.5942,0.0000,310.0432,0.555483
-641.7136,0.0000,310.0027,0.555519
-641.8321,-0.0000,309.9624,0.555552
-641.9496,-0.0000,309.9224,0.555587
-642.0768,0.0000,309.8788,0.555618
-642.1923,-0.0000,309.8392,0.555644
-642.3276,0.0000,309.7927,0.555691
-642.4409,0.0000,309.7534,0.555714
-642.5636,-0.0000,309.7107,0.555749
-642.6754,-0.0000,309.6718,0.555780
-642.7966,0.0000,309.6295,0.555815
-642.8870,0.0000,309.5980,0.555845
-642.9965,-0.0000,309.5598,0.555866
-643.1150,0.0000,309.5183,0.555897
-643.2228,0.0000,309.4807,0.555929
-643.3300,-0.0000,309.4431,0.555954
-643.4460,-0.0000,309.4024,0.555990
-643.5517,-0.0000,309.3653,0.556014
-643.6567,-0.0000,309.3284,0.556039
-643.7610,-0.0000,309.2917,0.556066
-643.8645,-0.0000,309.2551,0.556099
-643.9766,-0.0000,309.2154,0.556123
-644.0786,-0.0000,309.1791,0.556148
-644.1890,-0.0000,309.1398,0.556185
-644.2987,0.0000,309.1006,0.556207
-644.4073,0.0000,309.0616,0.556237
-644.5067,0.0000,309.0259,0.556264
-644.6151,0.0000,308.9869,0.556295
-644.7143,0.0000,308.9512,0.556322
-644.8226,0.0000,308.9120,0.556349
-644.9219,-0.0000,308.8761,0.556377
-645.0212,-0.0000,308.8400,0.556397
-645.1206,-0.0000,308.8041,0.556425
-645.2198,-0.0000,308.7680,0.556452
-645.3187,0.0000,308.7319,0.556473
-645.4266,0.0000,308.6922,0.556507
-645.5253,0.0000,308.6556,0.556528
-645.6240,-0.0000,308.6188,0.556550
-645.7318,-0.0000,308.5785,0.556587
-645.8303,-0.0000,308.5413,0.556608
-645.9288,-0.0000,308.5040,0.556635
-646.0275,-0.0000,308.4665,0.556656
-646.1258,0.0000,308.4289,0.556687
-646.2330,-0.0000,308.3878,0.556706
-646.3314,-0.0000,308.3501,0.556737
-646.4299,-0.0000,308.3123,0.556764
-646.5515,0.0025,308.2651,0.556789
-646.6588,0.0047,308.2241,0.556818
-646.7569,0.0068,308.1867,0.556846
-646.8549,0.0088,308.1493,0.556868
-646.9533,0.0108,308.1120,0.556895
-647.0516,0.0129,308.0745,0.556919
-647.1497,0.0149,308.0370,0.556943
-647.2302,0.0166,308.0064,0.556963
-647.3464,0.0190,307.9620,0.556992
-647.4534,0.0212,307.9210,0.557020
-647.5516,0.0232,307.8834,0.557050
-647.6497,0.0253,307.8458,0.557072
-647.7479,0.0273,307.8081,0.557093
-647.8552,0.0295,307.7671,0.557119
-647.9536,0.0315,307.7294,0.557145
-648.0519,0.0336,307.6918,0.557168
-648.1503,0.0356,307.6541,0.557190
-648.2486,0.0377,307.6164,0.557220
-648.3265,0.0463,307.5379,0.557250
-648.4330,0.0470,307.4954,0.557263
-648.5397,0.0476,307.4536,0.557292
-648.6376,0.0482,307.4150,0.557319
-648.7446,0.0489,307.3727,0.557348
-648.8431,0.0495,307.3341,0.557373
-648.9505,0.0501,307.2919,0.557395
-649.0491,0.0507,307.2533,0.557425
-649.1475,0.0513,307.2147,0.557446
-649.2460,0.0519,307.1760,0.557469
-649.3440,0.0525,307.1372,0.557493
-649.4422,0.0531,307.0984,0.557513
-649.5403,0.0538,307.0594,0.557541
-649.6384,0.0544,307.0205,0.557564
-649.7451,0.0551,306.9781,0.557586
-649.8426,0.0558,306.9391,0.557611
-649.9404,0.0564,306.9000,0.557631
-650.0380,0.0571,306.8606,0.557659
-650.1354,0.0578,306.8210,0.557684
-650.2416,0.0586,306.7774,0.557704
-650.3566,0.0595,306.7301,0.557737
-650.4626,0.0603,306.6862,0.557759
-650.5686,0.0612,306.6421,0.557783
-650.6655,0.0621,306.6014,0.557803
-650.7625,0.0630,306.5605,0.557831
-650.8595,0.0639,306.5195,0.557853
-650.9561,0.0649,306.4780,0.557875
-651.0609,0.0661,306.4326,0.557901
-651.1743,0.0673,306.3833,0.557930
-651.2702,0.0685,306.3411,0.557949
-651.3656,0.0697,306.2987,0.557974
-651.4682,0.0713,306.2506,0.557998
-651.5618,0.0728,306.2067,0.558019
-651.6555,0.0743,306.1634,0.558039
-651.7828,0.0763,306.1035,0.558075
-651.8590,0.0777,306.0668,0.558090
-651.9529,0.0728,306.0522,0.558107
-652.0458,0.0735,306.0064,0.558133
-652.1381,0.0742,305.9593,0.558156
-652.2297,0.0751,305.9114,0.558179
-652.3208,0.0760,305.8629,0.558199
-652.4114,0.0769,305.8137,0.558225
-652.5093,0.0780,305.7591,0.558250
-652.5984,0.0790,305.7081,0.558276
-652.6870,0.0801,305.6564,0.558293
-652.7750,0.0813,305.6037,0.558314
-652.8623,0.0825,305.5501,0.558336
-652.9568,0.0840,305.4909,0.558360
-653.0377,0.0846,305.4384,0.558386
-653.1536,0.0840,305.3616,0.558416
-653.2223,0.0837,305.3145,0.558434
-653.2979,0.0834,305.2610,0.558459
-653.4018,0.0832,305.1847,0.558487
-653.4816,0.0832,305.1229,0.558507
-653.5613,0.0833,305.0589,0.558533
-653.6456,0.0837,304.9866,0.558556
-653.7207,0.0841,304.9201,0.558583
-653.8024,0.0845,304.8476,0.558603
-653.8835,0.0850,304.7745,0.558632
-653.9564,0.0855,304.7061,0.558659
-654.0352,0.0862,304.6295,0.558681
-654.1044,0.0866,304.5601,0.558705
-654.1753,0.0865,304.4878,0.558729
-654.2527,0.1144,304.4183,0.558754
-654.3414,0.1152,304.3263,0.558783
-654.3967,0.1158,304.2666,0.558804
-654.4641,0.1166,304.1926,0.558828
-654.5383,0.1174,304.1112,0.558849
-654.5937,0.1180,304.0496,0.558871
-654.6609,0.1188,303.9737,0.558895
-654.7288,0.1182,303.8932,0.558920
-654.7894,0.1177,303.8223,0.558940
-654.8602,0.1173,303.7376,0.558966
-654.9243,0.1169,303.6589,0.558993
-654.9874,0.1167,303.5790,0.559016
-655.0494,0.1165,303.4980,0.559041
-655.1102,0.1163,303.4164,0.559064
-655.1700,0.1162,303.3340,0.559087
-655.2283,0.1162,303.2509,0.559115
-655.2902,0.1163,303.1595,0.559137
-655.3403,0.1165,303.0831,0.559164
-655.3824,0.1167,303.0151,0.559182
-655.4442,0.1163,302.9142,0.559213
-655.4946,0.1161,302.8277,0.559236
-655.5430,0.1158,302.7408,0.559257
-655.5903,0.1155,302.6523,0.559286
-655.6401,0.1153,302.5548,0.559310
-655.6843,0.1152,302.4646,0.559336
-655.7269,0.1152,302.3736,0.559358
-655.7717,0.1153,302.2733,0.559386
-655.8115,0.1155,302.1808,0.559413
-655.8540,0.1157,302.0793,0.559440
-655.8923,0.1160,301.9860,0.559461
-655.9301,0.1162,301.8925,0.559491
-655.9672,0.1166,301.7987,0.559513
-656.0100,0.1170,301.6876,0.559544
-656.0449,0.1172,301.5941,0.559568
-656.0788,0.1174,301.4996,0.559595
-656.1146,0.1177,301.3958,0.559619
-656.1494,0.1180,301.2911,0.559647
-656.1812,0.1183,301.1948,0.559673
-656.2133,0.1186,301.0983,0.559699
-656.2484,0.1190,300.9932,0.559723
-656.2805,0.1193,300.8971,0.559749
-656.3120,0.1196,300.8011,0.559775
-656.3452,0.1200,300.6961,0.559801
-656.3745,0.1205,300.5996,0.559826
-656.4050,0.1210,300.4951,0.559854
-656.4349,0.1211,300.3899,0.559878
-656.4603,0.1214,300.2925,0.559905
-656.4865,0.1217,300.1855,0.559931
-656.5094,0.1221,300.0871,0.559956
-656.5316,0.1225,299.9887,0.559981
-656.5528,0.1230,299.8902,0.560008
-656.5730,0.1236,299.7914,0.560032
-656.5942,0.1242,299.6833,0.560058
-656.6129,0.1248,299.5840,0.560080
-656.6307,0.1254,299.4845,0.560107
-656.6482,0.1262,299.3844,0.560130
-656.6653,0.1263,299.2787,0.560160
-656.6813,0.1260,299.1785,0.560182
-656.7038,0.1255,299.0325,0.560219
-656.7188,0.1253,298.9321,0.560243
-656.7342,0.1251,298.8225,0.560272
-656.7472,0.1249,298.7220,0.560296
-656.7599,0.1248,298.6123,0.560325
-656.7708,0.1248,298.5117,0.560350
-656.7805,0.1248,298.4109,0.560376
-656.7840,0.0965,298.3304,0.560392
-656.7926,0.0959,298.2207,0.560421
-656.7982,0.0954,298.1203,0.560445
-656.8002,0.0952,298.0186,0.560470
-656.8041,0.0949,297.9073,0.560499
-656.8088,0.0945,297.7875,0.560527
-656.8107,0.0943,297.6773,0.560550
-656.8109,0.0942,297.5764,0.560581
-656.8101,0.0941,297.4755,0.560603
-656.8071,0.0942,297.3564,0.560633
-656.8030,0.0943,297.2557,0.560657
-656.7975,0.0945,297.1461,0.560685
-656.7913,0.0948,297.0456,0.560706
-656.7847,0.0947,296.9507,0.560733
-656.7725,0.0927,296.8047,0.560772
-656.7630,0.0914,296.7039,0.560794
-656.7516,0.0899,296.5933,0.560819
-656.7379,0.0885,296.4731,0.560847
-656.7251,0.0873,296.3717,0.560876
-656.7097,0.0861,296.2615,0.560905
-656.6934,0.0850,296.1519,0.560929
-656.6777,0.0840,296.0518,0.560953
-656.6608,0.0831,295.9520,0.560981
-656.6414,0.0822,295.8433,0.561004
-656.6227,0.0814,295.7440,0.561030
-656.6013,0.0806,295.6359,0.561057
-656.5809,0.0799,295.5368,0.561084
-656.5598,0.0792,295.4377,0.561104
-656.5381,0.0786,295.3383,0.561124
-656.5120,0.0779,295.2208,0.561163
-656.4855,0.0772,295.1035,0.561187
-656.4628,0.0766,295.0043,0.561211
-656.4396,0.0760,294.9053,0.561238
-656.4156,0.0756,294.8063,0.561260
-656.3908,0.0751,294.7076,0.561286
-656.3654,0.0747,294.6097,0.561310
-656.3403,0.0743,294.5120,0.561333
-656.3128,0.0738,294.4052,0.561363
-656.2823,0.0734,294.2897,0.561388
-656.2536,0.0730,294.1833,0.561413
-656.2270,0.0727,294.0855,0.561438
-656.1749,0.0768,294.0019,0.561466
-656.1461,0.0742,293.9037,0.561487
-656.1174,0.0715,293.8053,0.561514
-656.0884,0.0689,293.7064,0.561538
-656.0569,0.0659,293.5979,0.561565
-656.0288,0.0631,293.4982,0.561586
-656.0012,0.0602,293.3982,0.561612
-655.9738,0.0572,293.2978,0.561634
-655.9443,0.0539,293.1882,0.561666
-655.9177,0.0508,293.0875,0.561688
-655.8919,0.0476,292.9863,0.561714
-655.8651,0.0437,292.8747,0.561739
-655.8401,0.0403,292.7721,0.561770
-655.8136,0.0371,292.6700,0.561787
-655.7869,0.0339,292.5683,0.561812
-655.7605,0.0307,292.4671,0.561838
-655.7314,0.0274,292.3573,0.561864
-655.7017,0.0241,292.2479,0.561896
-655.6742,0.0212,292.1479,0.561919
-655.6435,0.0181,292.0390,0.561950
-655.6147,0.0154,291.9395,0.561967
-655.5828,0.0125,291.8311,0.561996
-655.5530,0.0099,291.7317,0.562023
-655.5624,0.0009,291.6030,0.562055
-655.5323,0.0008,291.5034,0.562075
-655.4993,0.0007,291.3948,0.562103
-655.4659,0.0006,291.2867,0.562127
-655.4354,0.0005,291.1879,0.562153
-655.4048,0.0004,291.0887,0.562174
-655.3748,0.0003,290.9901,0.562201
-655.3421,0.0002,290.8834,0.562228
-655.3111,0.0002,290.7846,0.562254
-655.2792,0.0001,290.6858,0.562278
-655.2438,0.0000,290.5778,0.562308
-655.2115,0.0000,290.4788,0.562330
-655.1765,0.0000,290.3704,0.562359
-655.1447,0.0000,290.2709,0.562384
-655.1130,0.0000,290.1714,0.562407
-655.0787,0.0000,290.0626,0.562435
-655.0474,0.0000,289.9622,0.562461
-655.0164,0.0000,289.8618,0.562483
-654.9824,0.0000,289.7525,0.562513
-654.9485,0.0000,289.6432,0.562536
-654.9171,0.0000,289.5432,0.562566
-654.8828,0.0000,289.4344,0.562591
-654.8512,0.0000,289.3344,0.562622
-654.8196,0.0000,289.2344,0.562648
-654.7852,0.0000,289.1252,0.562668
-654.7531,0.0000,289.0252,0.562698
-654.7184,0.0000,288.9160,0.562728
-654.6839,0.0000,288.8066,0.562756
-654.6522,0.0000,288.7068,0.562778
-654.6205,0.0000,288.6071,0.562807
-654.5864,0.0000,288.4976,0.562833
-654.5552,0.0000,288.3970,0.562854
-654.5208,0.0000,288.2874,0.562886
-654.4863,0.0000,288.1780,0.562910
-654.4547,0.0000,288.0777,0.562945
-654.4169,0.0000,287.9593,0.562963
-654.3818,0.0000,287.8501,0.562994
-654.3495,0.0000,287.7502,0.563021
-654.3168,0.0000,287.6504,0.563050
-654.2839,0.0000,287.5505,0.563072
-654.2449,0.0000,287.4327,0.563100
-654.2088,0.0000,287.3238,0.563133
-654.1758,0.0000,287.2239,0.563159
-654.1425,0.0000,287.1239,0.563180
-654.1089,0.0000,287.0240,0.563208
-654.0755,0.0000,286.9242,0.563237
-654.0389,0.0000,286.8152,0.563260
-653.9873,0.0000,286.6604,0.563301
-653.9510,0.0000,286.5511,0.563327
-653.9178,0.0000,286.4507,0.563355
-653.8848,0.0000,286.3503,0.563378
-653.8488,0.0000,286.2405,0.563405
-653.8159,0.0000,286.1398,0.563433
-653.7802,0.0000,286.0302,0.563460
-653.7444,0.0000,285.9203,0.563493
-653.7117,0.0000,285.8196,0.563513
-653.6760,0.0000,285.7100,0.563546
-653.6403,0.0000,285.6001,0.563573
-653.6076,0.0000,285.4994,0.563600
-653.5749,0.0000,285.3988,0.563619
-653.5363,0.0000,285.2800,0.563657
-653.5004,0.0000,285.1704,0.563680
-653.4670,0.0000,285.0701,0.563704
-653.4307,0.0000,284.9606,0.563737
-653.3972,0.0000,284.8604,0.563764
-653.3640,0.0000,284.7601,0.563784
-653.3274,0.0000,284.6507,0.563814
-653.2939,0.0000,284.5504,0.563838
-653.2603,0.0000,284.4500,0.563864
-653.2268,0.0000,284.3497,0.563891
-653.1932,0.0000,284.2493,0.563915
-653.1561,0.0000,284.1397,0.563939
-653.1191,0.0000,284.0298,0.563974
-653.0850,0.0000,283.9288,0.563996
-653.0508,0.0000,283.8275,0.564025
-653.0045,0.0000,283.6886,0.564056
-652.9642,0.0000,283.5676,0.564094
-652.9297,0.0000,283.4649,0.564121
-652.8954,0.0000,283.3619,0.564143
-652.8609,0.0000,283.2583,0.564171
-652.8262,0.0000,283.1544,0.564197
-652.7880,0.0000,283.0407,0.564228
-652.7493,0.0000,282.9266,0.564255
-652.7139,0.0000,282.8214,0.564279
-652.6782,0.0000,282.7157,0.564314
-652.6421,0.0000,282.6095,0.564336
-652.6060,0.0000,282.5027,0.564363
-652.5660,0.0000,282.3856,0.564396
-652.5293,0.0000,282.2777,0.564426
-652.4924,0.0000,282.1691,0.564447
-652.4345,0.0000,282.0000,0.564490
-652.3970,0.0000,281.8898,0.564518
-652.3590,0.0000,281.7789,0.564549
-652.3175,0.0000,281.6572,0.564575
-652.2790,0.0000,281.5448,0.564599
-652.2369,0.0000,281.4215,0.564632
-652.1983,0.0000,281.3076,0.564664
-652.1594,0.0000,281.1931,0.564690
-652.1202,0.0000,281.0780,0.564716
-652.0772,0.0000,280.9515,0.564753
-652.0337,0.0000,280.8243,0.564784
-651.9938,0.0000,280.7069,0.564810
-651.9533,0.0000,280.5887,0.564847
-651.9127,0.0000,280.4697,0.564872
-651.8532,0.0000,280.2952,0.564909
-651.8008,0.0000,280.1411,0.564946
-651.7595,0.0000,280.0190,0.564982
-651.7139,0.0000,279.8849,0.565014
-651.6720,0.0000,279.7610,0.565050
-651.6258,0.0000,279.6250,0.565081
-651.5833,0.0000,279.4994,0.565113
-651.5363,0.0000,279.3614,0.565142
-651.4930,0.0000,279.2339,0.565175
-651.4493,0.0000,279.1056,0.565203
-651.4055,0.0000,278.9764,0.565244
-651.3572,0.0000,278.8343,0.565276
-651.3127,0.0000,278.7032,0.565309
-651.2681,0.0000,278.5710,0.565334
-651.2190,0.0000,278.4259,0.565372
-651.1737,0.0000,278.2919,0.565406
-651.1280,0.0000,278.1570,0.565444
-651.0820,0.0000,278.0213,0.565470
-651.0356,0.0000,277.8846,0.565506
-650.9890,0.0000,277.7469,0.565539
-650.9420,0.0000,277.6084,0.565568
-650.8905,0.0000,277.4561,0.565602
-650.8384,0.0000,277.3026,0.565646
-650.7908,0.0000,277.1609,0.565672
-650.7385,0.0000,277.0051,0.565712
-650.6902,0.0000,276.8613,0.565751
-650.6375,0.0000,276.7032,0.565783
-650.5886,0.0000,276.5573,0.565823
-650.5397,0.0000,276.4102,0.565860
-650.4684,0.0000,276.1946,0.565908
-650.4192,0.0000,276.0453,0.565941
-650.3699,0.0000,275.8952,0.565979
-650.3160,0.0000,275.7306,0.566020
-650.2616,0.0000,275.5654,0.566055
-650.2117,0.0000,275.4133,0.566094
-650.1574,0.0000,275.2469,0.566136
-650.1075,0.0000,275.0939,0.566169
-650.0576,0.0000,274.9408,0.566208
-650.0079,0.0000,274.7874,0.566240
-649.9582,0.0000,274.6341,0.566283
-649.9089,0.0000,274.4811,0.566314
-649.8552,0.0000,274.3146,0.566355
-649.8060,0.0000,274.1623,0.566387
-649.7567,0.0000,274.0104,0.566424
-649.7028,0.0000,273.8451,0.566467
-649.6534,0.0000,273.6940,0.566496
-649.6045,0.0000,273.5432,0.566542
-649.5555,0.0000,273.3928,0.566577
-649.5067,0.0000,273.2426,0.566608
-649.4534,0.0000,273.0792,0.566650
-649.4045,0.0000,272.9299,0.566685
-649.3560,0.0000,272.7810,0.566720
-649.3076,0.0000,272.6324,0.566753
-649.2593,0.0000,272.4842,0.566790
-649.2065,0.0000,272.3230,0.566830
-649.1583,0.0000,272.1757,0.566864
-649.1058,0.0000,272.0153,0.566906
-649.0580,0.0000,271.8686,0.566949
-649.0061,0.0000,271.7090,0.566974
-648.9542,0.0000,271.5500,0.567012
-648.9069,0.0000,271.4046,0.567050
-648.8599,0.0000,271.2594,0.567084
-648.8130,0.0000,271.1146,0.567120
-648.7661,0.0000,270.9704,0.567154
-648.7150,0.0000,270.8137,0.567193
-648.6639,0.0000,270.6575,0.567225
-648.6176,0.0000,270.5150,0.567257
-648.5713,0.0000,270.3733,0.567299
-648.5250,0.0000,270.2321,0.567333
-648.4791,0.0000,270.0916,0.567366
-648.4293,0.0000,269.9388,0.567398
-648.3920,0.0000,269.8249,0.567426
-648.3463,0.0000,269.6865,0.567465
-648.2972,0.0000,269.5363,0.567500
-648.2563,0.0000,269.4118,0.567531
-648.2115,0.0000,269.2756,0.567562
-648.1672,0.0000,269.1400,0.567596
-648.1229,0.0000,269.0046,0.567623
-648.0786,0.0000,268.8694,0.567661
-648.0303,0.0000,268.7222,0.567690
-647.9861,0.0000,268.5873,0.567733
-647.9422,0.0000,268.4526,0.567758
-647.8986,0.0000,268.3180,0.567794
-647.8549,0.0000,268.1837,0.567824
-647.8073,0.0000,268.0377,0.567859
-647.7638,0.0000,267.9039,0.567897
-647.7203,0.0000,267.7705,0.567919
-647.6733,0.0000,267.6254,0.567964
-647.6303,0.0000,267.4928,0.567994
-647.5874,0.0000,267.3605,0.568021
-647.5446,0.0000,267.2286,0.568056
-647.4977,0.0000,267.0851,0.568096
-647.4548,0.0000,266.9538,0.568124
-647.4120,0.0000,266.8227,0.568154
-647.3696,0.0000,266.6918,0.568191
-647.3235,0.0000,266.5496,0.568220
-647.2811,0.0000,266.4194,0.568253
-647.2350,0.0000,266.2776,0.568291
-647.1927,0.0000,266.1481,0.568318
-647.1504,0.0000,266.0189,0.568352
-647.1043,0.0000,265.8781,0.568382
-647.0625,0.0000,265.7492,0.568413
-647.0133,0.0000,265.5974,0.568446
-646.9641,0.0000,265.4458,0.568491
-646.9225,0.0000,265.3177,0.568516
-646.8809,0.0000,265.1897,0.568549
-646.8356,0.0000,265.0502,0.568580
-646.7940,0.0000,264.9224,0.568617
-646.7524,0.0000,264.7946,0.568644
-646.7108,0.0000,264.6668,0.568672
-646.6691,0.0000,264.5392,0.568702
-646.6236,0.0000,264.3998,0.568746
-646.5814,0.0000,264.2723,0.568771
-646.5353,0.0000,264.1333,0.568804
-646.4929,0.0000,264.0058,0.568837
-646.4506,0.0000,263.8783,0.568862
-646.4080,0.0000,263.7507,0.568902
-646.3576,0.0000,263.5999,0.568933
-646.3150,0.0000,263.4722,0.568967
-646.2727,0.0000,263.3444,0.568994
-646.2303,0.0000,263.2165,0.569024
-646.1880,0.0000,263.0885,0.569059
-646.1457,0.0000,262.9606,0.569089
-646.0995,0.0000,262.8209,0.569126
-646.0573,0.0000,262.6927,0.569156
-646.0149,0.0000,262.5647,0.569187
-645.9724,0.0000,262.4367,0.569223
-645.9296,0.0000,262.3087,0.569248
-645.8829,0.0000,262.1690,0.569284
-645.8284,0.0000,262.0060,0.569328
-645.7858,0.0000,261.8778,0.569361
-645.7351,0.0000,261.7260,0.569393
-645.6848,0.0000,261.5742,0.569429
-645.6422,0.0000,261.4456,0.569460
-645.5955,0.0000,261.3051,0.569495
-645.5526,0.0000,261.1763,0.569528
-645.5096,0.0000,261.0474,0.569555
-645.4667,0.0000,260.9183,0.569591
-645.4238,0.0000,260.7891,0.569622
-645.3769,0.0000,260.6481,0.569655
-645.3456,0.0000,260.5540,0.569673
-645.2986,0.0000,260.4128,0.569708
-645.2633,0.0000,260.3069,0.569732
-645.2198,0.0000,260.1775,0.569766
-645.1764,0.0000,260.0480,0.569800
-645.1328,0.0000,259.9184,0.569828
-645.1010,0.0000,259.8240,0.569844
-645.0377,0.0000,259.6352,0.569900
-644.9899,0.0000,259.4934,0.569934
-644.9462,0.0000,259.3633,0.569958
-644.9024,0.0000,259.2328,0.569995
-644.8586,0.0000,259.1024,0.570027
-644.8148,0.0000,258.9718,0.570058
-644.7671,0.0000,258.8291,0.570090
-644.7231,0.0000,258.6982,0.570125
-644.6751,0.0000,258.5556,0.570152
-644.6310,0.0000,258.4246,0.570185
-644.5867,0.0000,258.2935,0.570215
-644.5425,0.0000,258.1624,0.570253
-644.4942,0.0000,258.0192,0.570282
-644.4499,0.0000,257.8876,0.570317
-644.4016,0.0000,257.7441,0.570357
-644.3572,0.0000,257.6122,0.570383
-644.3129,0.0000,257.4802,0.570415
-644.2686,0.0000,257.3482,0.570447
-644.2203,0.0000,257.2039,0.570476
-644.1759,0.0000,257.0717,0.570515
-644.1315,0.0000,256.9392,0.570543
-644.0870,0.0000,256.8067,0.570572
-644.0422,0.0000,256.6742,0.570603
-643.9975,0.0000,256.5414,0.570639
-643.9486,0.0000,256.3965,0.570672
-643.9037,0.0000,256.2636,0.570705
-643.8588,0.0000,256.1304,0.570737
-643.8138,0.0000,255.9972,0.570770
-643.7689,0.0000,255.8637,0.570805
-643.7197,0.0000,255.7180,0.570830
-643.6747,0.0000,255.5843,0.570874
-643.6296,0.0000,255.4504,0.570900
-643.5763,0.0000,255.2921,0.570931
-643.5309,0.0000,255.1581,0.570966
-643.4853,0.0000,255.0242,0.570998
-643.4229,0.0000,254.8414,0.571045
-643.3769,0.0000,254.7073,0.571076
-643.3307,0.0000,254.5730,0.571110
-643.2805,0.0000,254.4265,0.571144
-643.2339,0.0000,254.2921,0.571174
-643.1876,0.0000,254.1575,0.571207
-643.1198,0.0000,253.9615,0.571248
-643.0729,0.0000,253.8267,0.571283
-643.0219,0.0000,253.6794,0.571319
-642.9750,0.0000,253.5442,0.571349
-642.9281,0.0000,253.4088,0.571381
-642.8812,0.0000,253.2733,0.571413
-642.8342,0.0000,253.1375,0.571452
-642.7874,0.0000,253.0016,0.571476
-642.7362,0.0000,252.8532,0.571514
-642.6892,0.0000,252.7170,0.571551
-642.6422,0.0000,252.5805,0.571582
-642.5909,0.0000,252.4315,0.571622
-642.5438,0.0000,252.2947,0.571652
-642.4924,0.0000,252.1451,0.571684
-642.4454,0.0000,252.0078,0.571720
-642.3984,0.0000,251.8704,0.571745
-642.3429,0.0000,251.7078,0.571784
-642.2916,0.0000,251.5575,0.571822
-642.2446,0.0000,251.4195,0.571850
-642.1976,0.0000,251.2815,0.571884
-642.1506,0.0000,251.1432,0.571924
-642.1036,0.0000,251.0049,0.571943
-642.0566,0.0000,250.8665,0.571984
-642.0049,0.0000,250.7154,0.572018
-641.9572,0.0000,250.5768,0.572045
-641.9095,0.0000,250.4379,0.572084
-641.8619,0.0000,250.2988,0.572107
-641.8143,0.0000,250.1597,0.572148
-641.7623,0.0000,250.0075,0.572179
-641.7146,0.0000,249.8679,0.572210
-641.6669,0.0000,249.7281,0.572242
-641.6149,0.0000,249.5754,0.572286
-641.5760,0.0000,249.4607,0.572306
-641.5283,0.0000,249.3204,0.572336
-641.4763,0.0000,249.1672,0.572380
-641.4246,0.0000,249.0136,0.572411
-641.3774,0.0000,248.8725,0.572442
-641.3259,0.0000,248.7182,0.572480
-641.2745,0.0000,248.5638,0.572512
-641.2231,0.0000,248.4091,0.572552
-641.1760,0.0000,248.2671,0.572585
-641.1247,0.0000,248.1120,0.572618
-641.0777,0.0000,247.9696,0.572654
-641.0308,0.0000,247.8270,0.572690
-640.9839,0.0000,247.6842,0.572714
-640.9370,0.0000,247.5412,0.572751
-640.8815,0.0000,247.3722,0.572788
-640.8302,0.0000,247.2160,0.572823
-640.7831,0.0000,247.0726,0.572860
-640.7360,0.0000,246.9292,0.572896
-640.6845,0.0000,246.7725,0.572925
-640.6374,0.0000,246.6286,0.572962
-640.5859,0.0000,246.4715,0.572991
-640.5344,0.0000,246.3144,0.573037
-640.4827,0.0000,246.1572,0.573068
-640.4309,0.0000,246.0000,0.573108
-640.3790,0.0000,245.8426,0.573143
-640.3315,0.0000,245.6982,0.573174
-640.2796,0.0000,245.5404,0.573207
-640.2279,0.0000,245.3824,0.573253
-640.1805,0.0000,245.2374,0.573279
-640.1287,0.0000,245.0790,0.573315
-640.0813,0.0000,244.9337,0.573349
-640.0337,0.0000,244.7883,0.573386
-639.9817,0.0000,244.6295,0.573420
-639.9335,0.0000,244.4839,0.573454
-639.8809,0.0000,244.3251,0.573489
-639.8326,0.0000,244.1793,0.573524
-639.7842,0.0000,244.0332,0.573564
-639.7359,0.0000,243.8871,0.573592
-639.6876,0.0000,243.7407,0.573626
-639.6348,0.0000,243.5807,0.573660
-639.5865,0.0000,243.4340,0.573693
-639.5381,0.0000,243.2871,0.573732
-639.4854,0.0000,243.1266,0.573763
-639.4371,0.0000,242.9792,0.573804
-639.3887,0.0000,242.8317,0.573837
-639.3403,0.0000,242.6839,0.573869
-639.2875,0.0000,242.5224,0.573905
-639.2391,0.0000,242.3742,0.573935
-639.1907,0.0000,242.2257,0.573978
-639.1378,0.0000,242.0637,0.574014
-639.0892,0.0000,241.9150,0.574048
-639.0359,0.0000,241.7527,0.574084
-638.9869,0.0000,241.6039,0.574117
-638.9379,0.0000,241.4548,0.574151
-638.8889,0.0000,241.3056,0.574180
-638.8398,0.0000,241.1562,0.574221
-638.7729,0.0000,240.9522,0.574270
-638.7239,0.0000,240.8024,0.574300
-638.6702,0.0000,240.6388,0.574338
-638.6206,0.0000,240.4887,0.574373
-638.5709,0.0000,240.3383,0.574410
-638.5212,0.0000,240.1879,0.574447
-638.4716,0.0000,240.0371,0.574479
-638.4219,0.0000,239.8861,0.574513
-638.3677,0.0000,239.7213,0.574544
-638.3181,0.0000,239.5699,0.574583
-638.2684,0.0000,239.4184,0.574618
-638.2187,0.0000,239.2668,0.574651
-638.1690,0.0000,239.1149,0.574693
-638.1148,0.0000,238.9492,0.574728
-638.0648,0.0000,238.7970,0.574758
-638.0144,0.0000,238.6448,0.574797
-637.9641,0.0000,238.4923,0.574831
-637.9091,0.0000,238.3257,0.574866
-637.8586,0.0000,238.1727,0.574904
-637.8080,0.0000,238.0197,0.574937
-637.7574,0.0000,237.8664,0.574969
-637.7020,0.0000,237.6991,0.575008
-637.6510,0.0000,237.5455,0.575039
-637.6000,0.0000,237.3917,0.575089
-637.5443,0.0000,237.2237,0.575114
-637.4885,0.0000,237.0555,0.575162
-637.4373,0.0000,236.9011,0.575193
-637.3854,0.0000,236.7467,0.575232
-637.3337,0.0000,236.5921,0.575266
-637.2818,0.0000,236.4373,0.575301
-637.2251,0.0000,236.2681,0.575333
-637.1732,0.0000,236.1128,0.575375
-637.1166,0.0000,235.9429,0.575411
-637.0649,0.0000,235.7869,0.575449
-637.0129,0.0000,235.6309,0.575488
-636.9610,0.0000,235.4747,0.575523
-636.9041,0.0000,235.3042,0.575560
-636.8517,0.0000,235.1476,0.575595
-636.7993,0.0000,234.9907,0.575637
-636.7422,0.0000,234.8193,0.575678
-636.6898,0.0000,234.6618,0.575705
-636.6374,0.0000,234.5041,0.575744
-636.5850,0.0000,234.3462,0.575779
-636.5326,0.0000,234.1881,0.575816
-636.4802,0.0000,234.0297,0.575852
-636.4230,0.0000,233.8568,0.575886
-636.3659,0.0000,233.6836,0.575925
-636.3134,0.0000,233.5247,0.575968
-636.2556,0.0000,233.3512,0.576004
-636.2025,0.0000,233.1919,0.576045
-636.1494,0.0000,233.0324,0.576081
-636.0961,0.0000,232.8728,0.576116
-636.0424,0.0000,232.7130,0.576158
-635.9839,0.0000,232.5385,0.576195
-635.9302,0.0000,232.3783,0.576229
-635.8715,0.0000,232.2032,0.576266
-635.8177,0.0000,232.0422,0.576310
-635.7640,0.0000,231.8810,0.576345
-635.7054,0.0000,231.7049,0.576385
-635.6370,0.0000,231.4991,0.576434
-635.5833,0.0000,231.3372,0.576473
-635.5295,0.0000,231.1751,0.576509
-635.4758,0.0000,231.0128,0.576548
-635.4221,0.0000,230.8502,0.576586
-635.3678,0.0000,230.6875,0.576623
-635.3085,0.0000,230.5097,0.576664
-635.2541,0.0000,230.3464,0.576700
-635.1997,0.0000,230.1830,0.576741
-635.1453,0.0000,230.0193,0.576780
-635.0909,0.0000,229.8555,0.576815
-635.0315,0.0000,229.6765,0.576852
-634.9614,0.0000,229.4675,0.576908
-634.8863,0.0000,229.2431,0.576951
-634.8061,0.0000,229.0031,0.577007
-634.7560,0.0000,228.8529,0.577044
-634.6905,0.0000,228.6574,0.577091
-634.6299,0.0000,228.4766,0.577136
-634.5593,0.0000,228.2654,0.577182
-634.4985,0.0000,228.0839,0.577230
-634.4377,0.0000,227.9021,0.577271
-634.3718,0.0000,227.7048,0.577313
-634.3110,0.0000,227.5225,0.577357
-634.2401,0.0000,227.3092,0.577400
-634.1692,0.0000,227.0956,0.577449
-634.1185,0.0000,226.9428,0.577488
-634.0729,0.0000,226.8051,0.577517
-634.0016,0.0000,226.5906,0.577564
-633.9251,0.0000,226.3602,0.577622
-633.8790,0.0000,226.2218,0.577649
-633.8021,0.0000,225.9909,0.577707
-633.7405,0.0000,225.8058,0.577750
-633.6739,0.0000,225.6049,0.577791
-633.6124,0.0000,225.4191,0.577842
-633.5661,0.0000,225.2795,0.577872
-633.5197,0.0000,225.1398,0.577908
-633.4734,0.0000,224.9998,0.577940
-633.4116,0.0000,224.8128,0.577979
-633.3393,0.0000,224.5944,0.578030
-633.2669,0.0000,224.3756,0.578080
-633.2098,0.0000,224.2034,0.578118
-633.1476,0.0000,224.0154,0.578163
-633.0853,0.0000,223.8270,0.578199
-633.0334,0.0000,223.6698,0.578241
-632.9712,0.0000,223.4809,0.578287
-632.8979,0.0000,223.2600,0.578333
-632.8350,0.0000,223.0703,0.578379
-632.7720,0.0000,222.8804,0.578419
-632.6985,0.0000,222.6585,0.578476
-632.6251,0.0000,222.4362,0.578524
-632.5831,0.0000,222.3090,0.578562
-632.5197,0.0000,222.1179,0.578598
-632.4560,0.0000,221.9265,0.578640
-632.3923,0.0000,221.7348,0.578689
-632.3339,0.0000,221.5588,0.578726
-632.2914,0.0000,221.4306,0.578761
-632.2170,0.0000,221.2059,0.578810
-632.1692,0.0000,221.0612,0.578845
-632.0946,0.0000,220.8358,0.578897
-632.0197,0.0000,220.6098,0.578947
-631.9446,0.0000,220.3835,0.578998
-631.8962,0.0000,220.2378,0.579030
-631.8318,0.0000,220.0433,0.579084
-631.7619,0.0000,219.8322,0.579127
-631.6812,0.0000,219.5882,0.579182
-631.6160,0.0000,219.3926,0.579231
-631.5508,0.0000,219.1967,0.579269
-631.4857,0.0000,219.0004,0.579317
-631.4368,0.0000,218.8530,0.579354
-631.3715,0.0000,218.6562,0.579394
-631.3005,0.0000,218.4427,0.579444
-631.2291,0.0000,218.2289,0.579499
-631.1577,0.0000,218.0146,0.579546
-631.1081,0.0000,217.8661,0.579577
-631.0417,0.0000,217.6679,0.579625
-630.9691,0.0000,217.4533,0.579671
-630.9242,0.0000,217.3211,0.579699
-630.8397,0.0000,217.0731,0.579757
-630.7659,0.0000,216.8579,0.579815
-630.7029,0.0000,216.6757,0.579854
-630.6338,0.0000,216.4767,0.579898
-630.5702,0.0000,216.2940,0.579944
-630.4832,0.0000,216.0443,0.579998
-630.3846,0.0000,215.7600,0.580066
-630.2923,0.0000,215.4915,0.580123
-630.2234,0.0000,215.2895,0.580177
-630.1606,0.0000,215.1039,0.580217
-630.0920,0.0000,214.9011,0.580263
-630.0292,0.0000,214.7150,0.580302
-629.9604,0.0000,214.5117,0.580349
-629.8915,0.0000,214.3080,0.580395
-629.8227,0.0000,214.1040,0.580445
-629.7539,0.0000,213.8995,0.580488
-629.6681,0.0000,213.6431,0.580555
-629.5995,0.0000,213.4374,0.580597
-629.5253,0.0000,213.2140,0.580655
-629.4570,0.0000,213.0073,0.580697
-629.3775,0.0000,212.7654,0.580754
-629.2925,0.0000,212.5054,0.580810
-629.2026,0.0000,212.2272,0.580870
-629.1467,0.0000,212.0530,0.580919
-629.0964,0.0000,211.8959,0.580957
-629.0013,0.0000,211.5989,0.581021
-628.9789,0.0000,211.5289,0.581034
-628.8661,0.0000,211.1792,0.581116
-628.7922,0.0000,210.9517,0.581172
-628.7236,0.0000,210.7414,0.581215
-628.6320,0.0000,210.4604,0.581278
-628.5633,0.0000,210.2491,0.581333
-628.5004,0.0000,210.0552,0.581371
-628.4260,0.0000,209.8256,0.581428
-628.3627,0.0000,209.6310,0.581472
-628.2935,0.0000,209.4185,0.581525
-628.2297,0.0000,209.2235,0.581566
-628.1659,0.0000,209.0282,0.581612
-628.1021,0.0000,208.8326,0.581654
-628.0383,0.0000,208.6366,0.581700
-627.9747,0.0000,208.4403,0.581748
-627.9110,0.0000,208.2437,0.581788
-627.8356,0.0000,208.0112,0.581843
-627.7656,0.0000,207.7961,0.581897
-627.7014,0.0000,207.5989,0.581936
-627.6369,0.0000,207.4015,0.581981
-627.5724,0.0000,207.2040,0.582031
-627.5080,0.0000,207.0065,0.582068
-627.4325,0.0000,206.7737,0.582126
-627.3688,0.0000,206.5773,0.582175
-627.3057,0.0000,206.3816,0.582212
-627.2429,0.0000,206.1866,0.582256
-627.1751,0.0000,205.9746,0.582306
-627.1132,0.0000,205.7812,0.582356
-627.0515,0.0000,205.5885,0.582397
-626.9902,0.0000,205.3967,0.582444
-626.9294,0.0000,205.2057,0.582484
-626.8688,0.0000,205.0159,0.582518
-626.8035,0.0000,204.8102,0.582578
-626.7441,0.0000,204.6230,0.582621
-626.6851,0.0000,204.4371,0.582660
-626.6266,0.0000,204.2524,0.582705
-626.5582,0.0000,204.0358,0.582750
-626.4851,0.0000,203.8046,0.582809
-626.4231,0.0000,203.6080,0.582850
-626.3667,0.0000,203.4290,0.582897
-626.3057,0.0000,203.2352,0.582937
-626.2503,0.0000,203.0589,0.582974
-626.1903,0.0000,202.8680,0.583015
-626.1357,0.0000,202.6943,0.583060
-626.0817,0.0000,202.5218,0.583092
-626.0282,0.0000,202.3505,0.583132
-625.9702,0.0000,202.1649,0.583179
-625.9129,0.0000,201.9809,0.583219
-625.8608,0.0000,201.8134,0.583257
-625.8091,0.0000,201.6471,0.583295
-625.7579,0.0000,201.4818,0.583330
-625.7021,0.0000,201.3024,0.583373
-625.6515,0.0000,201.1385,0.583406
-625.6010,0.0000,200.9754,0.583448
-625.5413,0.0000,200.7837,0.583490
-625.4912,0.0000,200.6222,0.583528
-625.4274,0.0000,200.4179,0.583571
-625.3776,0.0000,200.2580,0.583611
-625.3236,0.0000,200.0843,0.583644
-625.2741,0.0000,199.9257,0.583690
-625.2250,0.0000,199.7676,0.583724
-625.1717,0.0000,199.5959,0.583759
-625.1227,0.0000,199.4389,0.583796
-625.0693,0.0000,199.2685,0.583836
-625.0160,0.0000,199.0990,0.583880
-624.9626,0.0000,198.9299,0.583913
-624.9095,0.0000,198.7616,0.583954
-624.8606,0.0000,198.6078,0.583990
-624.8119,0.0000,198.4542,0.584022
-624.7632,0.0000,198.3009,0.584054
-624.7103,0.0000,198.1337,0.584100
-624.6485,0.0000,197.9385,0.584141
-624.6001,0.0000,197.7850,0.584178
-624.5518,0.0000,197.6316,0.584215
-624.4990,0.0000,197.4643,0.584249
-624.4507,0.0000,197.3109,0.584286
-624.3980,0.0000,197.1440,0.584322
-624.3502,0.0000,196.9917,0.584357
-624.2982,0.0000,196.8262,0.584398
-624.2376,0.0000,196.6331,0.584440
-624.1899,0.0000,196.4816,0.584473
-624.1423,0.0000,196.3300,0.584510
-624.0903,0.0000,196.1648,0.584540
-624.0427,0.0000,196.0134,0.584577
-623.9950,0.0000,195.8619,0.584621
-623.9473,0.0000,195.7103,0.584648
-623.8953,0.0000,195.5450,0.584683
-623.8475,-0.0000,195.3936,0.584723
-623.7990,0.0000,195.2425,0.584749
-623.7457,0.0000,195.0781,0.584794
-623.6964,0.0000,194.9276,0.584826
-623.6422,0.0000,194.7635,0.584868
-623.5744,0.0000,194.5582,0.584911
-623.5112,0.0000,194.3663,0.584955
-623.4529,0.0000,194.1880,0.584998
-623.4036,-0.0000,194.0371,0.585032
-623.3502,0.0000,193.8723,0.585064
-623.2967,0.0000,193.7075,0.585105
-623.2434,0.0000,193.5427,0.585144
-623.1946,0.0000,193.3917,0.585181
-623.1369,0.0000,193.2132,0.585223
-623.0834,0.0000,193.0486,0.585262
-623.0344,0.0000,192.8978,0.585296
-622.9805,0.0000,192.7332,0.585327
-622.9312,0.0000,192.5824,0.585366
-622.8817,0.0000,192.4317,0.585401
-622.8276,0.0000,192.2674,0.585436
-622.7738,0.0000,192.1030,0.585471
-622.7244,0.0000,191.9523,0.585513
-622.6708,0.0000,191.7878,0.585544
-622.6216,0.0000,191.6369,0.585584
-622.5724,0.0000,191.4861,0.585616
-622.5231,0.0000,191.3351,0.585651
-622.4737,0.0000,191.1842,0.585689
-622.4153,0.0000,191.0060,0.585729
-622.3614,0.0000,190.8414,0.585767
-622.3120,0.0000,190.6904,0.585799
-622.2627,-0.0000,190.5393,0.585832
-622.2134,-0.0000,190.3880,0.585868
-622.1598,-0.0000,190.2230,0.585908
-622.1105,-0.0000,190.0715,0.585942
-622.0610,0.0000,189.9201,0.585972
-622.0117,0.0000,189.7685,0.586009
-621.9578,0.0000,189.6031,0.586048
-621.9082,0.0000,189.4514,0.586081
-621.8586,0.0000,189.2995,0.586117
-621.8091,0.0000,189.1475,0.586152
-621.7596,0.0000,188.9955,0.586184
-621.7100,0.0000,188.8434,0.586229
-621.6558,0.0000,188.6774,0.586268
-621.6061,-0.0000,188.5252,0.586296
-621.5565,0.0000,188.3730,0.586335
-621.5068,0.0000,188.2206,0.586363
-621.4571,0.0000,188.0681,0.586404
-621.4028,0.0000,187.9018,0.586433
-621.3530,0.0000,187.7493,0.586477
-621.3033,0.0000,187.5967,0.586511
-621.2349,0.0000,187.3886,0.586552
-621.1848,0.0000,187.2360,0.586594
-621.1299,0.0000,187.0695,0.586635
-621.0797,0.0000,186.9167,0.586663
-621.0294,0.0000,186.7637,0.586697
-620.9791,0.0000,186.6106,0.586738
-620.9288,0.0000,186.4574,0.586769
-620.8739,0.0000,186.2902,0.586804
-620.8235,0.0000,186.1368,0.586847
-620.7733,0.0000,185.9833,0.586877
-620.7230,-0.0000,185.8297,0.586914
-620.6726,0.0000,185.6760,0.586947
-620.6223,0.0000,185.5222,0.586988
-620.5719,0.0000,185.3685,0.587021
-620.5124,0.0000,185.1866,0.587065
-620.4620,0.0000,185.0327,0.587096
-620.4117,0.0000,184.8786,0.587138
-620.3613,0.0000,184.7244,0.587168
-620.2972,0.0000,184.5280,0.587212
-620.2422,-0.0000,184.3595,0.587249
-620.1919,0.0000,184.2050,0.587292
-620.1415,0.0000,184.0504,0.587324
-620.0866,0.0000,183.8818,0.587363
-620.0363,0.0000,183.7270,0.587398
-619.9859,0.0000,183.5723,0.587439
-619.9355,0.0000,183.4176,0.587472
-619.8802,0.0000,183.2485,0.587506
-619.8296,-0.0000,183.0935,0.587542
-619.7789,0.0000,182.9384,0.587582
-619.7238,0.0000,182.7690,0.587613
-619.6731,0.0000,182.6136,0.587656
-619.6224,0.0000,182.4582,0.587691
-619.5717,0.0000,182.3026,0.587725
-619.5210,-0.0000,182.1470,0.587757
-619.4703,0.0000,181.9912,0.587804
-619.4152,0.0000,181.8211,0.587837
-619.3647,0.0000,181.6650,0.587871
-619.3097,0.0000,181.4946,0.587916
-619.2729,0.0000,181.3810,0.587939
-619.2089,0.0000,181.1819,0.587984
-619.1584,0.0000,181.0254,0.588017
-619.1034,-0.0000,180.8546,0.588060
-619.0529,0.0000,180.6979,0.588095
-619.0024,-0.0000,180.5412,0.588132
-618.9520,0.0000,180.3843,0.588173
-618.9016,0.0000,180.2274,0.588204
-618.8511,0.0000,180.0703,0.588246
-618.8007,0.0000,179.9132,0.588281
-618.7457,0.0000,179.7417,0.588318
-618.6953,0.0000,179.5843,0.588354
-618.6448,0.0000,179.4268,0.588396
-618.5944,0.0000,179.2693,0.588428
-618.5440,0.0000,179.1117,0.588468
-618.4937,0.0000,178.9541,0.588503
-618.4433,0.0000,178.7964,0.588541
-618.3884,0.0000,178.6245,0.588580
-618.3380,0.0000,178.4669,0.588608
-618.2877,0.0000,178.3093,0.588650
-618.2373,0.0000,178.1518,0.588685
-618.1824,0.0000,177.9799,0.588724
-618.1320,0.0000,177.8225,0.588762
-618.0814,0.0000,177.6651,0.588799
-618.0259,0.0000,177.4936,0.588843
-617.9749,0.0000,177.3364,0.588881
-617.9238,0.0000,177.1791,0.588912
-617.8682,0.0000,177.0075,0.588955
-617.8171,0.0000,176.8502,0.588993
-617.7614,0.0000,176.6785,0.589031
-617.7057,0.0000,176.5067,0.589075
-617.6547,0.0000,176.3492,0.589109
-617.6036,0.0000,176.1918,0.589146
-617.5480,0.0000,176.0200,0.589185
-617.4970,0.0000,175.8626,0.589223
-617.4413,0.0000,175.6910,0.589263
-617.3855,0.0000,175.5195,0.589300
-617.3481,-0.0000,175.4054,0.589328
-617.2960,0.0000,175.2487,0.589360
-617.2438,-0.0000,175.0922,0.589403
-617.1868,-0.0000,174.9212,0.589437
-617.1346,0.0000,174.7645,0.589472
-617.0776,-0.0000,174.5935,0.589512
-617.0112,0.0000,174.3939,0.589563
-616.9543,-0.0000,174.2228,0.589601
-616.9023,0.0000,174.0659,0.589640
-616.8454,0.0000,173.8950,0.589675
-616.7932,0.0000,173.7383,0.589707
-616.7408,0.0000,173.5817,0.589747
-616.6837,0.0000,173.4110,0.589792
-616.6262,0.0000,173.2405,0.589834
-616.5732,0.0000,173.0844,0.589866
-616.5153,0.0000,172.9142,0.589906
-616.4617,0.0000,172.7581,0.589946
-616.4081,0.0000,172.6019,0.589976
-616.3546,0.0000,172.4456,0.590012
-616.3107,-0.0000,172.3176,0.590043
-616.2523,-0.0000,172.1469,0.590080
-616.1986,0.0000,171.9903,0.590127
-616.1450,0.0000,171.8338,0.590159
-616.0913,0.0000,171.6771,0.590194
-616.0323,0.0000,171.5061,0.590230
-615.9785,0.0000,171.3492,0.590266
-615.9197,-0.0000,171.1778,0.590311
-615.8611,0.0000,171.0063,0.590352
-615.8367,0.0000,170.9348,0.590362
-615.7440,0.0000,170.6628,0.590431
-615.6854,0.0000,170.4907,0.590474
-615.6317,0.0000,170.3329,0.590503
-615.5779,0.0000,170.1749,0.590544
-615.5194,-0.0000,170.0025,0.590582
-615.4658,-0.0000,169.8443,0.590617
-615.4120,0.0000,169.6861,0.590658
-615.3535,0.0000,169.5135,0.590698
-615.2997,-0.0000,169.3553,0.590735
-615.2409,0.0000,169.1828,0.590774
-615.1866,0.0000,169.0245,0.590812
-615.1324,0.0000,168.8662,0.590843
-615.0682,0.0000,168.6790,0.590893
-614.9992,0.0000,168.4773,0.590941
-614.9449,0.0000,168.3186,0.590976
-614.8860,-0.0000,168.1453,0.591016
-614.8320,0.0000,167.9863,0.591055
-614.7681,0.0000,167.7982,0.591095
-614.7240,0.0000,167.6678,0.591128
-614.6700,0.0000,167.5084,0.591160
-614.6159,0.0000,167.3490,0.591206
-614.5373,0.0000,167.1169,0.591258
-614.4833,0.0000,166.9572,0.591295
-614.4293,0.0000,166.7974,0.591329
-614.3705,0.0000,166.6228,0.591371
-614.3167,0.0000,166.4627,0.591413
-614.2628,0.0000,166.3024,0.591445
-614.2042,0.0000,166.1275,0.591484
-614.1504,0.0000,165.9671,0.591520
-614.0917,0.0000,165.7919,0.591563
-614.0380,0.0000,165.6313,0.591598
-613.9841,0.0000,165.4707,0.591634
-613.9302,0.0000,165.3100,0.591675
-613.8763,0.0000,165.1491,0.591716
-613.8225,0.0000,164.9882,0.591746
-613.7783,0.0000,164.8564,0.591778
-613.6951,0.0000,164.6074,0.591835
-613.6411,-0.0000,164.4461,0.591879
-613.5824,0.0000,164.2700,0.591912
-613.5237,0.0000,164.0938,0.591952
-613.4700,0.0000,163.9322,0.591993
-613.4065,0.0000,163.7410,0.592033
-613.3528,-0.0000,163.5791,0.592072
-613.2942,-0.0000,163.4023,0.592123
-613.2405,0.0000,163.2403,0.592150
-613.1868,0.0000,163.0781,0.592193
-613.1331,0.0000,162.9159,0.592227
-613.0745,0.0000,162.7389,0.592262
-613.0208,0.0000,162.5765,0.592304
-612.9620,0.0000,162.3992,0.592346
-612.9082,0.0000,162.2366,0.592383
-612.8492,0.0000,162.0592,0.592420
-612.7902,0.0000,161.8818,0.592460
-612.7358,0.0000,161.7193,0.592500
-612.6764,0.0000,161.5419,0.592541
-612.6219,0.0000,161.3790,0.592572
-612.5676,0.0000,161.2161,0.592612
-612.5082,0.0000,161.0383,0.592655
-612.4538,0.0000,160.8752,0.592700
-612.3994,-0.0000,160.7120,0.592731
-612.3449,0.0000,160.5487,0.592770
-612.2903,0.0000,160.3854,0.592808
-612.2307,0.0000,160.2072,0.592849
-612.1758,0.0000,160.0438,0.592885
-612.1209,0.0000,159.8803,0.592922
-612.0659,0.0000,159.7167,0.592966
-611.9858,0.0000,159.4785,0.593026
-611.9258,0.0000,159.2997,0.593059
-611.8707,0.0000,159.1356,0.593090
-611.8157,0.0000,158.9714,0.593131
-611.7606,0.0000,158.8071,0.593173
-611.7006,0.0000,158.6279,0.593212
-611.6454,0.0000,158.4635,0.593250
-611.5903,0.0000,158.2990,0.593289
-611.5302,0.0000,158.1194,0.593333
-611.4747,-0.0000,157.9549,0.593370
-611.4193,0.0000,157.7902,0.593410
-611.3636,0.0000,157.6255,0.593450
-611.3079,0.0000,157.4606,0.593484
-611.2522,0.0000,157.2956,0.593525
-611.1965,0.0000,157.1304,0.593565
-611.1357,0.0000,156.9499,0.593600
-611.0801,0.0000,156.7843,0.593642
-611.0143,0.0000,156.5884,0.593688
-610.9588,0.0000,156.4224,0.593726
-610.9135,0.0000,156.2865,0.593757
-610.8580,-0.0000,156.1203,0.593792
-610.7974,0.0000,155.9389,0.593829
-610.7418,0.0000,155.7725,0.593875
-610.6760,0.0000,155.5757,0.593920
-610.6204,0.0000,155.4090,0.593956
-610.5598,0.0000,155.2270,0.594003
-610.4940,0.0000,155.0297,0.594043
-610.4384,0.0000,154.8626,0.594082
-610.3828,0.0000,154.6953,0.594123
-610.3275,0.0000,154.5278,0.594160
-610.2619,0.0000,154.3297,0.594210
-610.2066,0.0000,154.1618,0.594245
-610.1514,0.0000,153.9938,0.594287
-610.0962,0.0000,153.8256,0.594323
-610.0410,0.0000,153.6573,0.594358
-609.9808,0.0000,153.4734,0.594403
-609.9207,-0.0000,153.2894,0.594448
-609.8658,0.0000,153.1205,0.594484
-609.8013,-0.0000,152.9206,0.594528
-609.7469,-0.0000,152.7514,0.594567
-609.6925,0.0000,152.5822,0.594605
-609.6332,0.0000,152.3974,0.594648
-609.5791,-0.0000,152.2279,0.594688
-609.5252,0.0000,152.0585,0.594730
-609.4714,0.0000,151.8890,0.594764
-609.4176,0.0000,151.7195,0.594803
-609.3639,-0.0000,151.5499,0.594843
-609.3053,-0.0000,151.3650,0.594891
-609.2418,0.0000,151.1645,0.594932
-609.1880,0.0000,150.9948,0.594971
-609.1296,0.0000,150.8098,0.595015
-609.0759,0.0000,150.6403,0.595056
-609.0222,-0.0000,150.4708,0.595094
-608.9636,0.0000,150.2859,0.595136
-608.9196,0.0000,150.1473,0.595160
-608.8657,0.0000,149.9778,0.595204
-608.8120,0.0000,149.8083,0.595244
-608.7582,0.0000,149.6388,0.595281
-608.6995,0.0000,149.4538,0.595328
-608.6410,0.0000,149.2687,0.595364
-608.5873,0.0000,149.0991,0.595408
-608.5338,-0.0000,148.9295,0.595448
-608.4802,0.0000,148.7598,0.595484
-608.4170,0.0000,148.5594,0.595531
-608.3587,0.0000,148.3742,0.595572
-608.3054,0.0000,148.2043,0.595616
-608.2523,0.0000,148.0342,0.595650
-608.1948,0.0000,147.8486,0.595695
-608.1420,0.0000,147.6783,0.595729
-608.0847,0.0000,147.4925,0.595775
-608.0322,0.0000,147.3222,0.595814
-607.9798,0.0000,147.1517,0.595853
-607.9274,0.0000,146.9811,0.595889
-607.8704,0.0000,146.7951,0.595930
-607.8181,0.0000,146.6246,0.595971
-607.7659,0.0000,146.4542,0.596007
-607.7136,0.0000,146.2838,0.596048
-607.6565,0.0000,146.0980,0.596085
-607.6041,0.0000,145.9276,0.596132
-607.5519,0.0000,145.7571,0.596166
-607.4950,0.0000,145.5710,0.596215
-607.4431,0.0000,145.4003,0.596250
-607.3912,0.0000,145.2296,0.596287
-607.3394,0.0000,145.0589,0.596331
-607.2828,0.0000,144.8726,0.596372
-607.2214,0.0000,144.6707,0.596420
-607.1696,0.0000,144.4999,0.596456
-607.1132,0.0000,144.3136,0.596502
-607.0614,0.0000,144.1428,0.596536
-607.0049,0.0000,143.9565,0.596577
-606.9530,0.0000,143.7858,0.596619
-606.9008,0.0000,143.6152,0.596652
-606.8341,0.0000,143.3982,0.596705
-606.7817,-0.0000,143.2275,0.596743
-606.7246,0.0000,143.0411,0.596787
-606.6678,0.0000,142.8547,0.596829
-606.6158,0.0000,142.6838,0.596871
-606.5640,0.0000,142.5127,0.596910
-606.5122,0.0000,142.3416,0.596947
-606.4603,-0.0000,142.1705,0.596987
-606.4039,0.0000,141.9838,0.597028
-606.3519,-0.0000,141.8128,0.597066
-606.2996,0.0000,141.6421,0.597105
-606.2424,0.0000,141.4559,0.597153
-606.1851,-0.0000,141.2697,0.597199
-606.1324,-0.0000,141.0990,0.597234
-606.0795,-0.0000,140.9284,0.597269
-606.0266,-0.0000,140.7578,0.597309
-605.9736,-0.0000,140.5873,0.597347
-605.9158,-0.0000,140.4012,0.597396
-605.8628,-0.0000,140.2306,0.597435
-605.8096,-0.0000,140.0600,0.597469
-605.7513,-0.0000,139.8739,0.597516
-605.6977,-0.0000,139.7035,0.597553
-605.6442,-0.0000,139.5331,0.597597
-605.5905,-0.0000,139.3626,0.597634
-605.5366,-0.0000,139.1921,0.597668
-605.4780,-0.0000,139.0058,0.597718
-605.4244,-0.0000,138.8350,0.597749
-605.3660,-0.0000,138.6487,0.597799
-605.3124,-0.0000,138.4779,0.597836
-605.2587,-0.0000,138.3072,0.597873
-605.2001,-0.0000,138.1210,0.597914
-605.1412,-0.0000,137.9348,0.597963
-605.0870,-0.0000,137.7643,0.598003
-605.0277,-0.0000,137.5782,0.598044
-604.9583,-0.0000,137.3612,0.598092
-604.9039,-0.0000,137.1906,0.598134
-604.8198,-0.0000,136.9266,0.598196
-604.7556,-0.0000,136.7247,0.598240
-604.7010,-0.0000,136.5539,0.598277
-604.6465,-0.0000,136.3831,0.598322
-604.5717,-0.0000,136.1503,0.598373
-604.4918,-0.0000,135.9021,0.598431
-604.4315,-0.0000,135.7161,0.598475
-604.3762,-0.0000,135.5455,0.598514
-604.3157,-0.0000,135.3594,0.598558
-604.2601,-0.0000,135.1887,0.598598
-604.2045,-0.0000,135.0180,0.598633
-604.1489,-0.0000,134.8474,0.598676
-604.0932,-0.0000,134.6768,0.598709
-604.0373,-0.0000,134.5062,0.598757
-603.9761,-0.0000,134.3200,0.598804
-603.9200,-0.0000,134.1493,0.598840
-603.8638,-0.0000,133.9784,0.598877
-603.8076,-0.0000,133.8074,0.598916
-603.7513,-0.0000,133.6363,0.598959
-603.6951,-0.0000,133.4652,0.598994
-603.6232,-0.0000,133.2473,0.599045
-603.5667,-0.0000,133.0760,0.599085
-603.5045,-0.0000,132.8891,0.599133
-603.4476,-0.0000,132.7176,0.599169
-603.3907,-0.0000,132.5461,0.599209
-603.3337,-0.0000,132.3744,0.599247
-603.2762,-0.0000,132.2027,0.599292
-603.2188,-0.0000,132.0308,0.599328
-603.1614,-0.0000,131.8589,0.599368
-603.0984,-0.0000,131.6713,0.599416
-603.0408,-0.0000,131.4992,0.599454
-602.9831,-0.0000,131.3270,0.599487
-602.9249,-0.0000,131.1548,0.599531
-602.8666,-0.0000,130.9827,0.599570
-602.8029,-0.0000,130.7949,0.599616
-602.7440,-0.0000,130.6227,0.599653
-602.6849,-0.0000,130.4505,0.599695
-602.6203,-0.0000,130.2625,0.599742
-602.5608,-0.0000,130.0900,0.599785
-602.5010,-0.0000,129.9176,0.599820
-602.4412,-0.0000,129.7451,0.599863
-602.3813,-0.0000,129.5725,0.599902
-602.3214,-0.0000,129.3997,0.599940
-602.2610,-0.0000,129.2270,0.599983
-602.1949,-0.0000,129.0383,0.600025
-602.1345,-0.0000,128.8653,0.600065
-602.0739,-0.0000,128.6921,0.600112
-602.0075,-0.0000,128.5031,0.600149
-601.9410,-0.0000,128.3140,0.600192
-601.8799,-0.0000,128.1405,0.600232
-601.8133,-0.0000,127.9511,0.600279
-601.7520,-0.0000,127.7774,0.600320
-601.6848,-0.0000,127.5878,0.600361
-601.6232,-0.0000,127.4138,0.600404
-601.5616,-0.0000,127.2396,0.600439
-601.5000,-0.0000,127.0653,0.600483
-601.4384,-0.0000,126.8909,0.600529
-601.3713,-0.0000,126.7003,0.600567
-601.3096,-0.0000,126.5255,0.600613
-601.2421,-0.0000,126.3347,0.600649
-601.1804,-0.0000,126.1596,0.600693
-601.1186,-0.0000,125.9843,0.600738
-601.0568,-0.0000,125.8089,0.600774
-600.9893,-0.0000,125.6174,0.600818
-600.9273,-0.0000,125.4417,0.600859
-600.8653,-0.0000,125.2659,0.600902
-600.7974,-0.0000,125.0742,0.600949
-600.7347,-0.0000,124.8984,0.600987
-600.6722,-0.0000,124.7225,0.601030
-600.6038,-0.0000,124.5303,0.601076
-600.5411,-0.0000,124.3539,0.601112
-600.4783,-0.0000,124.1774,0.601150
-600.4158,-0.0000,124.0005,0.601192
-600.3476,-0.0000,123.8074,0.601244
-600.2852,-0.0000,123.6301,0.601283
-600.2170,-0.0000,123.4365,0.601329
-600.1546,-0.0000,123.2590,0.601371
-600.0922,-0.0000,123.0813,0.601413
-600.0297,-0.0000,122.9036,0.601454
-599.9673,-0.0000,122.7257,0.601493
-599.8935,-0.0000,122.5152,0.601541
-599.8311,-0.0000,122.3370,0.601583
-599.7629,-0.0000,122.1425,0.601629
-599.6946,-0.0000,121.9478,0.601674
-599.6315,-0.0000,121.7693,0.601718
-599.5684,-0.0000,121.5906,0.601754
-599.4995,-0.0000,121.3955,0.601803
-599.4307,-0.0000,121.2002,0.601844
-599.3676,-0.0000,121.0210,0.601890
-599.3044,-0.0000,120.8417,0.601936
-599.2355,-0.0000,120.6460,0.601979
-599.1664,-0.0000,120.4502,0.602018
-599.1030,-0.0000,120.2706,0.602068
-599.0397,-0.0000,120.0908,0.602105
-598.9703,-0.0000,119.8945,0.602150
-598.9008,-0.0000,119.6980,0.602194
-598.8313,-0.0000,119.5014,0.602240
-598.7676,-0.0000,119.3209,0.602282
-598.7039,-0.0000,119.1401,0.602329
-598.6402,-0.0000,118.9593,0.602363
-598.5650,-0.0000,118.7454,0.602420
-598.4955,-0.0000,118.5477,0.602460
-598.4317,-0.0000,118.3665,0.602505
-598.3679,-0.0000,118.1850,0.602551
-598.3041,-0.0000,118.0034,0.602591
-598.2404,-0.0000,117.8217,0.602635
-598.1766,-0.0000,117.6397,0.602670
-598.1128,-0.0000,117.4577,0.602715
-598.0432,-0.0000,117.2589,0.602761
-597.9794,-0.0000,117.0766,0.602802
-597.9037,-0.0000,116.8609,0.602850
-597.8334,-0.0000,116.6618,0.602899
-597.7631,-0.0000,116.4626,0.602948
-597.6926,-0.0000,116.2633,0.602987
-597.6278,-0.0000,116.0806,0.603036
-597.5626,-0.0000,115.8977,0.603078
-597.4917,-0.0000,115.6980,0.603124
-597.4266,-0.0000,115.5147,0.603162
-597.3615,-0.0000,115.3312,0.603204
-597.2905,-0.0000,115.1308,0.603253
-597.2254,-0.0000,114.9467,0.603297
-597.1603,-0.0000,114.7626,0.603336
-597.0952,-0.0000,114.5784,0.603386
-597.0300,-0.0000,114.3939,0.603426
-596.9590,-0.0000,114.1926,0.603471
-596.8879,-0.0000,113.9913,0.603515
-596.8226,-0.0000,113.8066,0.603558
-596.7569,-0.0000,113.6219,0.603607
-596.6849,-0.0000,113.4203,0.603653
-596.6190,-0.0000,113.2353,0.603695
-596.5709,-0.0000,113.1006,0.603730
-596.4988,-0.0000,112.8985,0.603773
-596.4325,-0.0000,112.7131,0.603817
-596.3661,-0.0000,112.5276,0.603858
-596.2997,-0.0000,112.3420,0.603904
-596.2272,-0.0000,112.1393,0.603951
-596.1608,-0.0000,111.9532,0.603992
-596.0942,-0.0000,111.7669,0.604040
-596.0277,-0.0000,111.5804,0.604082
-595.9612,-0.0000,111.3937,0.604125
-595.8885,-0.0000,111.1898,0.604168
-595.8220,-0.0000,111.0029,0.604217
-595.7551,-0.0000,110.8159,0.604258
-595.6880,-0.0000,110.6287,0.604307
-595.6149,-0.0000,110.4244,0.604348
-595.5478,-0.0000,110.2370,0.604386
-595.4807,-0.0000,110.0493,0.604431
-595.4135,-0.0000,109.8613,0.604480
-595.3464,-0.0000,109.6731,0.604520
-595.2792,-0.0000,109.4848,0.604569
-595.2059,-0.0000,109.2793,0.604613
-595.1387,-0.0000,109.0906,0.604657
-595.0653,-0.0000,108.8847,0.604708
-594.9982,-0.0000,108.6957,0.604750
-594.9249,-0.0000,108.4893,0.604799
-594.8575,-0.0000,108.2999,0.604840
-594.7903,-0.0000,108.1102,0.604885
-594.7231,-0.0000,107.9204,0.604929
-594.6558,-0.0000,107.7303,0.604970
-594.5886,-0.0000,107.5400,0.605015
-594.5214,-0.0000,107.3495,0.605064
-594.4541,-0.0000,107.1588,0.605106
-594.3807,-0.0000,106.9507,0.605151
-594.3134,-0.0000,106.7596,0.605199
-594.2399,-0.0000,106.5510,0.605248
-594.1723,-0.0000,106.3598,0.605294
-594.1045,-0.0000,106.1685,0.605330
-594.0304,-0.0000,105.9599,0.605382
-593.9624,-0.0000,105.7684,0.605421
-593.8940,-0.0000,105.5768,0.605471
-593.8256,-0.0000,105.3850,0.605514
-593.7571,-0.0000,105.1931,0.605556
-593.6823,-0.0000,104.9835,0.605613
-593.6137,-0.0000,104.7911,0.605657
-593.5389,-0.0000,104.5810,0.605705
-593.4641,-0.0000,104.3707,0.605752
-593.3956,-0.0000,104.1778,0.605796
-593.3268,-0.0000,103.9847,0.605838
-593.2579,-0.0000,103.7916,0.605888
-593.1826,-0.0000,103.5808,0.605934
-593.1135,-0.0000,103.3875,0.605980
-593.0443,-0.0000,103.1939,0.606020
-592.9752,-0.0000,103.0001,0.606075
-592.8996,-0.0000,102.7886,0.606119
-592.8177,-0.0000,102.5592,0.606169
-592.7421,-0.0000,102.3473,0.606222
-592.6666,-0.0000,102.1353,0.606272
-592.5972,-0.0000,101.9408,0.606320
-592.5277,-0.0000,101.7462,0.606363
-592.4584,-0.0000,101.5514,0.606405
-592.3890,-0.0000,101.3565,0.606454
-592.3130,-0.0000,101.1437,0.606502
-592.2432,-0.0000,100.9485,0.606548
-592.1735,-0.0000,100.7532,0.606591
-592.0973,-0.0000,100.5399,0.606641
-592.0275,-0.0000,100.3441,0.606690
-591.9576,-0.0000,100.1483,0.606734
-591.8878,-0.0000,99.9523,0.606779
-591.8179,-0.0000,99.7562,0.606825
-591.7480,-0.0000,99.5600,0.606867
-591.6781,-0.0000,99.3637,0.606914
-591.6013,-0.0000,99.1494,0.606961
-591.5309,-0.0000,98.9528,0.607010
-591.4604,-0.0000,98.7561,0.607055
-591.3899,-0.0000,98.5591,0.607098
-591.3194,-0.0000,98.3620,0.607145
-591.2425,-0.0000,98.1468,0.607197
-591.1720,-0.0000,97.9495,0.607241
-591.1014,-0.0000,97.7521,0.607292
-591.0307,-0.0000,97.5545,0.607333
-590.9597,-0.0000,97.3569,0.607375
-590.8821,-0.0000,97.1413,0.607428
-590.8109,-0.0000,96.9434,0.607476
-590.7201,-0.0000,96.6913,0.607533
-590.6487,-0.0000,96.4930,0.607587
-590.5775,-0.0000,96.2946,0.607629
-590.5060,-0.0000,96.0961,0.607673
-590.4277,-0.0000,95.8795,0.607726
-590.3560,-0.0000,95.6808,0.607771
-590.2842,-0.0000,95.4821,0.607811
-590.2123,-0.0000,95.2830,0.607862
-590.1405,-0.0000,95.0837,0.607908
-590.0621,-0.0000,94.8661,0.607962
-589.9902,-0.0000,94.6664,0.608005
-589.9053,-0.0000,94.4301,0.608063
-589.8334,-0.0000,94.2300,0.608105
-589.7616,-0.0000,94.0298,0.608153
-589.6636,-0.0000,93.7566,0.608212
-589.5853,-0.0000,93.5379,0.608267
-589.5134,-0.0000,93.3372,0.608319
-589.4348,-0.0000,93.1183,0.608366
-589.3625,-0.0000,92.9174,0.608412
-589.2834,-0.0000,92.6980,0.608457
-589.2044,-0.0000,92.4784,0.608517
-589.1320,-0.0000,92.2768,0.608554
-589.0596,-0.0000,92.0751,0.608607
-588.9810,-0.0000,91.8548,0.608656
-588.9086,-0.0000,91.6526,0.608706
-588.8367,-0.0000,91.4502,0.608751
-588.7580,-0.0000,91.2292,0.608797
-588.6861,-0.0000,91.0263,0.608850
-588.6141,-0.0000,90.8233,0.608901
-588.5358,-0.0000,90.6016,0.608950
-588.4639,-0.0000,90.3983,0.608998
-588.3921,-0.0000,90.1947,0.609041
-588.3138,-0.0000,89.9724,0.609091
-588.2420,-0.0000,89.7685,0.609142
-588.1636,-0.0000,89.5460,0.609195
-588.0917,-0.0000,89.3419,0.609246
-588.0195,-0.0000,89.1377,0.609285
-587.9406,-0.0000,88.9149,0.609343
-587.8681,-0.0000,88.7105,0.609385
-587.7956,-0.0000,88.5061,0.609430
-587.7231,-0.0000,88.3015,0.609482
-587.6506,-0.0000,88.0966,0.609529
-587.5715,-0.0000,87.8730,0.609580
-587.4924,-0.0000,87.6492,0.609632
-587.4133,-0.0000,87.4252,0.609681
-587.3408,-0.0000,87.2197,0.609731
-587.2681,-0.0000,87.0140,0.609772
-587.1954,-0.0000,86.8080,0.609827
-587.1161,-0.0000,86.5832,0.609878
-587.0435,-0.0000,86.3769,0.609923
-586.9707,-0.0000,86.1705,0.609971
-586.8978,-0.0000,85.9640,0.610019
-586.8182,-0.0000,85.7384,0.610080
-586.7452,-0.0000,85.5315,0.610115
-586.6722,-0.0000,85.3245,0.610167
-586.5991,-0.0000,85.1173,0.610213
-586.5262,-0.0000,84.9100,0.610263
-586.4465,-0.0000,84.6836,0.610317
-586.3733,-0.0000,84.4760,0.610359
-586.3002,-0.0000,84.2682,0.610410
-586.2203,-0.0000,84.0414,0.610460
-586.1472,-0.0000,83.8333,0.610511
-586.0740,-0.0000,83.6251,0.610561
-585.9808,-0.0000,83.3597,0.610614
-585.9077,-0.0000,83.1511,0.610660
-585.8344,-0.0000,82.9424,0.610716
-585.7542,-0.0000,82.7144,0.610766
-585.6807,-0.0000,82.5051,0.610814
-585.6072,-0.0000,82.2958,0.610863
-585.5268,-0.0000,82.0673,0.610913
-585.4530,-0.0000,81.8579,0.610958
-585.3792,-0.0000,81.6482,0.611009
-585.2986,-0.0000,81.4194,0.611062
-585.2045,-0.0000,81.1522,0.611124
-585.1306,-0.0000,80.9421,0.611170
-585.0565,-0.0000,80.7319,0.611220
-584.9753,-0.0000,80.5025,0.611274
-584.9008,-0.0000,80.2920,0.611323
-584.8263,-0.0000,80.0813,0.611365
-584.7518,-0.0000,79.8704,0.611417
-584.6772,-0.0000,79.6593,0.611469
-584.5958,-0.0000,79.4288,0.611517
-584.5213,-0.0000,79.2174,0.611564
-584.4468,-0.0000,79.0058,0.611608
-584.3655,-0.0000,78.7747,0.611664
-584.2910,-0.0000,78.5627,0.611713
-584.2097,-0.0000,78.3312,0.611764
-584.1284,-0.0000,78.0995,0.611820
-584.0539,-0.0000,77.8869,0.611871
-583.9795,-0.0000,77.6742,0.611917
-583.9051,-0.0000,77.4611,0.611958
-583.8241,-0.0000,77.2285,0.612014
-583.7499,-0.0000,77.0150,0.612066
-583.6757,-0.0000,76.8013,0.612112
-583.6014,-0.0000,76.5875,0.612169
-583.5271,-0.0000,76.3736,0.612215
-583.4526,-0.0000,76.1596,0.612267
-583.3781,-0.0000,75.9453,0.612311
-583.2968,-0.0000,75.7114,0.612367
-583.2020,-0.0000,75.4381,0.612431
-583.1274,-0.0000,75.2232,0.612480
-583.0394,-0.0000,74.9690,0.612534
-582.9648,-0.0000,74.7537,0.612592
-582.8903,-0.0000,74.5383,0.612643
-582.8089,-0.0000,74.3032,0.612693
-582.7275,-0.0000,74.0678,0.612743
-582.6528,-0.0000,73.8518,0.612799
-582.5780,-0.0000,73.6357,0.612843
-582.4963,-0.0000,73.3998,0.612902
-582.4216,-0.0000,73.1834,0.612946
-582.3604,-0.0000,73.0061,0.612994
-582.2788,-0.0000,72.7696,0.613047
-582.2040,-0.0000,72.5526,0.613091
-582.1291,-0.0000,72.3354,0.613148
-582.0544,-0.0000,72.1180,0.613194
-581.9797,-0.0000,71.9004,0.613249
-581.8915,-0.0000,71.6430,0.613313
-581.8168,-0.0000,71.4249,0.613358
-581.7423,-0.0000,71.2067,0.613406
-581.6677,-0.0000,70.9882,0.613460
-581.5864,-0.0000,70.7497,0.613511
-581.5121,-0.0000,70.5307,0.613563
-581.4379,-0.0000,70.3115,0.613615
-581.3572,-0.0000,70.0720,0.613668
-581.3035,-0.0000,69.9122,0.613702
-581.2230,-0.0000,69.6721,0.613758
-581.1492,-0.0000,69.4519,0.613811
-581.0759,-0.0000,69.2314,0.613858
-580.9959,-0.0000,68.9907,0.613912
-580.9227,-0.0000,68.7697,0.613962
-580.8495,-0.0000,68.5484,0.614014
-580.7767,-0.0000,68.3268,0.614063
-580.6913,-0.0000,68.0645,0.614124
-580.6191,-0.0000,67.8422,0.614177
-580.5405,-0.0000,67.5995,0.614231
-580.4683,-0.0000,67.3770,0.614281
-580.3831,-0.0000,67.1140,0.614339
-580.3107,-0.0000,66.8915,0.614393
-580.2188,-0.0000,66.6082,0.614456
-580.1402,-0.0000,66.3656,0.614510
-580.0617,-0.0000,66.1234,0.614570
-579.9833,-0.0000,65.8817,0.614622
-579.9119,-0.0000,65.6606,0.614673
-579.8283,-0.0000,65.4000,0.614726
-579.7581,-0.0000,65.1802,0.614782
-579.6819,-0.0000,64.9411,0.614834
-579.6124,-0.0000,64.7226,0.614881
-579.5433,-0.0000,64.5048,0.614932
-579.4746,-0.0000,64.2877,0.614982
-579.3937,-0.0000,64.0322,0.615041
-579.3254,-0.0000,63.8167,0.615087
-579.2513,-0.0000,63.5826,0.615139
-579.1833,-0.0000,63.3687,0.615188
-579.1157,-0.0000,63.1557,0.615241
-579.0482,-0.0000,62.9434,0.615287
-578.9747,-0.0000,62.7127,0.615335
-578.8894,-0.0000,62.4446,0.615402
-578.8224,-0.0000,62.2347,0.615448
-578.7559,-0.0000,62.0256,0.615495
-578.6896,-0.0000,61.8172,0.615542
-578.6177,-0.0000,61.5906,0.615598
-578.5522,-0.0000,61.3836,0.615642
-578.4868,-0.0000,61.1773,0.615686
-578.4218,-0.0000,60.9717,0.615735
-578.3569,-0.0000,60.7669,0.615777
-578.2864,-0.0000,60.5442,0.615825
-578.2224,-0.0000,60.3409,0.615870
-578.1408,-0.0000,60.0832,0.615930
-578.0713,-0.0000,59.8634,0.615987
-578.0018,-0.0000,59.6445,0.616032
-577.9380,-0.0000,59.4448,0.616075
-577.8748,-0.0000,59.2457,0.616122
-577.8059,-0.0000,59.0293,0.616172
-577.7429,-0.0000,58.8317,0.616221
-577.6749,-0.0000,58.6170,0.616265
-577.6127,-0.0000,58.4210,0.616314
-577.5511,-0.0000,58.2256,0.616358
-577.4897,-0.0000,58.0310,0.616400
-577.4288,-0.0000,57.8370,0.616442
-577.3626,-0.0000,57.6262,0.616495
-577.3026,-0.0000,57.4336,0.616532
-577.2428,-0.0000,57.2417,0.616584
-577.1836,-0.0000,57.0505,0.616623
-577.1248,-0.0000,56.8600,0.616662
-577.0610,-0.0000,56.6530,0.616711
-577.0029,-0.0000,56.4639,0.616752
-576.9451,-0.0000,56.2756,0.616797
-576.8828,-0.0000,56.0711,0.616844
-576.8257,-0.0000,55.8843,0.616886
-576.7692,-0.0000,55.6984,0.616924
-576.7128,-0.0000,55.5131,0.616970
-576.6519,-0.0000,55.3118,0.617016
-576.5964,-0.0000,55.1280,0.617054
-576.5414,-0.0000,54.9451,0.617104
-576.4768,-0.0000,54.7301,0.617142
-576.4126,-0.0000,54.5162,0.617193
-576.3588,-0.0000,54.3362,0.617231
-576.3051,-0.0000,54.1574,0.617274
-576.2516,-0.0000,53.9801,0.617318
-576.1932,-0.0000,53.7880,0.617356
-576.1395,-0.0000,53.6131,0.617399
-576.0857,-0.0000,53.4389,0.617439
-576.0417,-0.0000,53.2968,0.617470
-575.9785,-0.0000,53.0924,0.617513
-575.9252,-0.0000,52.9199,0.617551
-575.8721,-0.0000,52.7481,0.617593
-575.8148,-0.0000,52.5613,0.617636
-575.7625,-0.0000,52.3906,0.617672
-575.7104,-0.0000,52.2206,0.617715
-575.6587,-0.0000,52.0511,0.617753
-575.6070,-0.0000,51.8822,0.617794
-575.5554,-0.0000,51.7141,0.617827
-575.4990,-0.0000,51.5313,0.617869
-575.4474,-0.0000,51.3644,0.617911
-575.3962,-0.0000,51.1980,0.617948
-575.3451,-0.0000,51.0320,0.617983
-575.2802,-0.0000,50.8214,0.618032
-575.2291,-0.0000,50.6566,0.618064
-575.1785,-0.0000,50.4922,0.618102
-575.1235,-0.0000,50.3135,0.618145
-575.0732,-0.0000,50.1502,0.618187
-575.0142,-0.0000,49.9581,0.618217
-574.9645,-0.0000,49.7965,0.618259
-574.9103,-0.0000,49.6213,0.618299
-574.8564,-0.0000,49.4467,0.618343
-574.8070,-0.0000,49.2873,0.618379
-574.7577,-0.0000,49.1287,0.618410
-574.7084,-0.0000,48.9710,0.618445
-574.6546,-0.0000,48.7996,0.618488
-574.6053,-0.0000,48.6432,0.618521
-574.5564,-0.0000,48.4874,0.618558
-574.4988,-0.0000,48.3038,0.618599
-574.4459,-0.0000,48.1346,0.618637
-574.3976,-0.0000,47.9796,0.618675
-574.3361,-0.0000,47.7828,0.618723
-574.2884,-0.0000,47.6285,0.618752
-574.2321,-0.0000,47.4468,0.618791
-574.1801,-0.0000,47.2794,0.618834
-574.1324,-0.0000,47.1264,0.618873
-574.0847,-0.0000,46.9737,0.618904
-574.0372,-0.0000,46.8214,0.618937
-573.9897,-0.0000,46.6694,0.618972
-573.9290,-0.0000,46.4765,0.619015
-573.8770,-0.0000,46.3115,0.619055
-573.8250,-0.0000,46.1465,0.619090
-573.7729,-0.0000,45.9815,0.619131
-573.7038,-0.0000,45.7615,0.619178
-573.6476,-0.0000,45.5829,0.619224
-573.6001,-0.0000,45.4318,0.619254
-573.5526,-0.0000,45.2807,0.619289
-573.5050,-0.0000,45.1296,0.619323
-573.4445,-0.0000,44.9371,0.619364
-573.3925,-0.0000,44.7721,0.619407
-573.3448,-0.0000,44.6209,0.619437
-573.2971,-0.0000,44.4695,0.619470
-573.2536,-0.0000,44.3319,0.619506
-573.2012,-0.0000,44.1668,0.619543
-573.1484,-0.0000,44.0017,0.619585
-573.1000,-0.0000,43.8500,0.619620
-573.0427,-0.0000,43.6705,0.619656
-572.9895,-0.0000,43.5046,0.619697
-572.9362,-0.0000,43.3384,0.619737
-572.8870,-0.0000,43.1856,0.619764
-572.8375,-0.0000,43.0324,0.619799
-572.7880,-0.0000,42.8788,0.619841
-572.7383,-0.0000,42.7248,0.619871
-572.6791,-0.0000,42.5422,0.619915
-572.6290,-0.0000,42.3871,0.619951
-572.5739,-0.0000,42.2174,0.619986
-572.5233,-0.0000,42.0614,0.620022
-572.4727,-0.0000,41.9048,0.620060
-572.4174,-0.0000,41.7333,0.620104
-572.3666,-0.0000,41.5757,0.620138
-572.3154,-0.0000,41.4175,0.620182
-572.2783,-0.0000,41.3022,0.620201
-572.2177,-0.0000,41.1143,0.620247
-572.1617,-0.0000,40.9401,0.620287
-572.1099,-0.0000,40.7800,0.620323
-572.0582,-0.0000,40.6193,0.620355
-572.0018,-0.0000,40.4435,0.620396
-571.9500,-0.0000,40.2818,0.620438
-571.8932,-0.0000,40.1049,0.620475
-571.8409,-0.0000,39.9424,0.620518
-571.7884,-0.0000,39.7793,0.620553
-571.7356,-0.0000,39.6158,0.620586
-571.6824,-0.0000,39.4520,0.620623
-571.6240,-0.0000,39.2728,0.620670
-571.5702,-0.0000,39.1080,0.620705
-571.5064,-0.0000,38.9125,0.620748
-571.4476,-0.0000,38.7314,0.620793
-571.3935,-0.0000,38.5648,0.620823
-571.3390,-0.0000,38.3977,0.620866
-571.2845,-0.0000,38.2301,0.620908
-571.2299,-0.0000,38.0618,0.620943
-571.1704,-0.0000,37.8777,0.620984
-571.1053,-0.0000,37.6777,0.621030
-571.0502,-0.0000,37.5078,0.621075
-570.9901,-0.0000,37.3218,0.621110
-570.9348,-0.0000,37.1508,0.621154
-570.8790,-0.0000,36.9794,0.621197
-570.8179,-0.0000,36.7918,0.621240
-570.7619,-0.0000,36.6193,0.621276
-570.7158,-0.0000,36.4778,0.621307
-570.6541,-0.0000,36.2884,0.621354
-570.5874,-0.0000,36.0824,0.621403
-570.5411,-0.0000,35.9394,0.621434
-570.4847,-0.0000,35.7640,0.621471
-570.4279,-0.0000,35.5881,0.621515
-570.3708,-0.0000,35.4116,0.621562
-570.3137,-0.0000,35.2347,0.621597
-570.2515,-0.0000,35.0410,0.621639
-570.1940,-0.0000,34.8629,0.621687
-570.1363,-0.0000,34.6843,0.621725
-570.0786,-0.0000,34.5051,0.621765
-570.0208,-0.0000,34.3253,0.621809
-569.9626,-0.0000,34.1449,0.621846
-569.8989,-0.0000,33.9475,0.621891
-569.8406,-0.0000,33.7660,0.621937
-569.7821,-0.0000,33.5839,0.621978
-569.7236,-0.0000,33.4012,0.622012
-569.6591,-0.0000,33.2012,0.622064
-569.6000,-0.0000,33.0174,0.622105
-569.5193,-0.0000,32.7659,0.622163
-569.4595,-0.0000,32.5807,0.622201
-569.3998,-0.0000,32.3951,0.622247
-569.3235,-0.0000,32.1579,0.622302
-569.2631,-0.0000,31.9709,0.622345
-569.2026,-0.0000,31.7834,0.622389
-569.1422,-0.0000,31.5952,0.622429
-569.0812,-0.0000,31.4064,0.622472
-569.0145,-0.0000,31.1998,0.622519
-568.9479,-0.0000,30.9926,0.622569
-568.8866,-0.0000,30.8019,0.622609
-568.8248,-0.0000,30.6106,0.622657
-568.7574,-0.0000,30.4013,0.622700
-568.6901,-0.0000,30.1913,0.622749
-568.6281,-0.0000,29.9980,0.622790
-568.5659,-0.0000,29.8040,0.622844
-568.4924,-0.0000,29.5739,0.622891
-568.4244,-0.0000,29.3607,0.622940
-568.3621,-0.0000,29.1647,0.622987
-568.2999,-0.0000,28.9680,0.623029
-568.2371,-0.0000,28.7708,0.623078
-568.1746,-0.0000,28.5729,0.623121
-568.1060,-0.0000,28.3564,0.623174
-568.0432,-0.0000,28.1572,0.623219
-567.9689,-0.0000,27.9210,0.623271
-567.9057,-0.0000,27.7206,0.623321
-567.8425,-0.0000,27.5195,0.623362
-567.7676,-0.0000,27.2810,0.623413
-567.7042,-0.0000,27.0785,0.623462
-567.6409,-0.0000,26.8754,0.623507
-567.5718,-0.0000,26.6531,0.623559
-567.5084,-0.0000,26.4486,0.623608
-567.4448,-0.0000,26.2435,0.623653
-567.3696,-0.0000,26.0005,0.623711
-567.3060,-0.0000,25.7945,0.623759
-567.2426,-0.0000,25.5880,0.623807
-567.1734,-0.0000,25.3624,0.623856
-567.1102,-0.0000,25.1553,0.623902
-567.0471,-0.0000,24.9482,0.623952
-566.9839,-0.0000,24.7411,0.623997
-566.8868,-0.0000,24.4211,0.624070
-566.8243,-0.0000,24.2142,0.624122
-566.7620,-0.0000,24.0077,0.624168
-566.7000,-0.0000,23.8015,0.624218
-566.6214,-0.0000,23.5396,0.624270
-566.5596,-0.0000,23.3342,0.624321
-566.4924,-0.0000,23.1105,0.624369
-566.4311,-0.0000,22.9059,0.624418
-566.3699,-0.0000,22.7016,0.624463
-566.3087,-0.0000,22.4979,0.624510
-566.2419,-0.0000,22.2764,0.624562
-566.1812,-0.0000,22.0741,0.624605
-566.1205,-0.0000,21.8725,0.624653
-566.0552,-0.0000,21.6537,0.624700
-565.9849,-0.0000,21.4181,0.624762
-565.8937,-0.0000,21.1124,0.624826
-565.8350,-0.0000,20.9156,0.624873
-565.7764,-0.0000,20.7197,0.624918
-565.7130,-0.0000,20.5070,0.624965
-565.6442,-0.0000,20.2776,0.625020
-565.5864,-0.0000,20.0844,0.625058
-565.5236,-0.0000,19.8741,0.625114
-565.4609,-0.0000,19.6644,0.625156
-565.4040,-0.0000,19.4725,0.625198
-565.3472,-0.0000,19.2809,0.625246
-565.2855,-0.0000,19.0720,0.625286
-565.2289,-0.0000,18.8807,0.625339
-565.1725,-0.0000,18.6896,0.625378
-565.1060,-0.0000,18.4640,0.625436
-565.0397,-0.0000,18.2387,0.625483
-564.9837,-0.0000,18.0483,0.625529
-564.9228,-0.0000,17.8410,0.625575
-564.8671,-0.0000,17.6513,0.625620
-564.8067,-0.0000,17.4446,0.625667
-564.7514,-0.0000,17.2553,0.625705
-564.6912,-0.0000,17.0490,0.625760
-564.6359,-0.0000,16.8601,0.625799
-564.5812,-0.0000,16.6714,0.625843
-564.5262,-0.0000,16.4830,0.625883
-564.4716,-0.0000,16.2946,0.625927
-564.4171,-0.0000,16.1064,0.625972
-564.3625,-0.0000,15.9184,0.626016
-564.3035,-0.0000,15.7134,0.626060
-564.2544,-0.0000,15.5430,0.626099
-564.2006,-0.0000,15.3559,0.626138
-564.1469,-0.0000,15.1694,0.626184
-564.0936,-0.0000,14.9835,0.626226
-564.0355,-0.0000,14.7811,0.626274
-563.9824,-0.0000,14.5958,0.626315
-563.9293,-0.0000,14.4109,0.626352
-563.8756,-0.0000,14.2264,0.626397
-563.8219,-0.0000,14.0423,0.626441
-563.7583,-0.0000,13.8249,0.626487
-563.6995,-0.0000,13.6245,0.626541
-563.6553,-0.0000,13.4744,0.626571
-563.6012,-0.0000,13.2912,0.626614
-563.5419,-0.0000,13.0914,0.626658
-563.4877,-0.0000,12.9085,0.626700
-563.4335,-0.0000,12.7256,0.626743
-563.3792,-0.0000,12.5428,0.626784
-563.3199,-0.0000,12.3435,0.626829
-563.2657,-0.0000,12.1607,0.626873
-563.2115,-0.0000,11.9780,0.626912
-563.1423,-0.0000,11.7454,0.626962
-563.0880,-0.0000,11.5626,0.627007
-563.0286,-0.0000,11.3631,0.627050
-562.9692,-0.0000,11.1634,0.627093
-562.9147,-0.0000,10.9800,0.627140
-562.8604,-0.0000,10.7965,0.627182
-562.8060,-0.0000,10.6128,0.627219
-562.7516,-0.0000,10.4290,0.627267
-562.6971,-0.0000,10.2451,0.627306
-562.6277,-0.0000,10.0109,0.627357
-562.5577,-0.0000,9.7767,0.627414
-562.4976,-0.0000,9.5759,0.627455
-562.4424,-0.0000,9.3916,0.627495
-562.3871,-0.0000,9.2072,0.627545
-562.3318,-0.0000,9.0226,0.627583
-562.2765,-0.0000,8.8378,0.627626
-562.2161,-0.0000,8.6360,0.627672
-562.1605,-0.0000,8.4510,0.627717
-562.1049,-0.0000,8.2659,0.627758
-562.0493,-0.0000,8.0807,0.627806
-561.9885,-0.0000,7.8785,0.627852
-561.9326,-0.0000,7.6929,0.627885
-561.8765,-0.0000,7.5072,0.627930
-561.8154,-0.0000,7.3044,0.627981
-561.7595,-0.0000,7.1184,0.628016
-561.7032,-0.0000,6.9323,0.628062
-561.6469,-0.0000,6.7460,0.628107
-561.5905,-0.0000,6.5596,0.628143
-561.5340,-0.0000,6.3730,0.628189
-561.4723,-0.0000,6.1692,0.628237
-561.4158,-0.0000,5.9822,0.628281
-561.3591,-0.0000,5.7950,0.628325
-561.3025,-0.0000,5.6077,0.628368
-561.2457,-0.0000,5.4203,0.628409
-561.1834,-0.0000,5.2158,0.628461
-561.1263,-0.0000,5.0282,0.628498
-561.0690,-0.0000,4.8404,0.628539
-561.0115,-0.0000,4.6526,0.628584
-560.9539,-0.0000,4.4647,0.628629
-560.8904,-0.0000,4.2596,0.628673
-560.8322,-0.0000,4.0716,0.628718
-560.7739,-0.0000,3.8835,0.628765
-560.7155,-0.0000,3.6954,0.628806
-560.6510,-0.0000,3.4901,0.628853
-560.5917,-0.0000,3.3019,0.628891
-560.5209,-0.0000,3.0794,0.628948
-560.4609,-0.0000,2.8910,0.628993
-560.3953,-0.0000,2.6853,0.629037
-560.3349,-0.0000,2.4964,0.629079
-560.2745,-0.0000,2.3073,0.629122
-560.2086,-0.0000,2.1007,0.629171
-560.1482,-0.0000,1.9112,0.629211
-560.0878,-0.0000,1.7215,0.629258
-560.0273,-0.0000,1.5317,0.629297
-559.9608,-0.0000,1.3245,0.629351
-559.8998,-0.0000,1.1343,0.629391
-559.8387,-0.0000,0.9440,0.629430
-559.7722,-0.0000,0.7361,0.629485
-559.7110,-0.0000,0.5453,0.629526
-559.6443,-0.0000,0.3368,0.629577
-559.5777,-0.0000,0.1279,0.629623
-559.5168,-0.0000,-0.0638,0.629667
-559.4446,-0.0000,-0.2905,0.629719
-559.3835,-0.0000,-0.4827,0.629765
-559.3224,-0.0000,-0.6750,0.629805
-559.2613,-0.0000,-0.8674,0.629848
-559.2000,-0.0000,-1.0599,0.629891
-559.1327,-0.0000,-1.2701,0.629945
-559.0596,-0.0000,-1.4979,0.629994
-558.9978,-0.0000,-1.6909,0.630039
-558.9078,-0.0000,-1.9722,0.630101
-558.8403,-0.0000,-2.1835,0.630152
-558.7786,-0.0000,-2.3775,0.630197
-558.7167,-0.0000,-2.5717,0.630244
-558.6550,-0.0000,-2.7661,0.630289
-558.5932,-0.0000,-2.9606,0.630330
-558.5314,-0.0000,-3.1553,0.630377
-558.4640,-0.0000,-3.3679,0.630424
-558.4022,-0.0000,-3.5630,0.630470
-558.3403,-0.0000,-3.7582,0.630506
-558.2781,-0.0000,-3.9535,0.630558
-558.2156,-0.0000,-4.1491,0.630603
-558.1475,-0.0000,-4.3626,0.630655
-558.0851,-0.0000,-4.5584,0.630694
-558.0226,-0.0000,-4.7544,0.630744
-557.9601,-0.0000,-4.9506,0.630785
-557.8976,-0.0000,-5.1468,0.630828
-557.8348,-0.0000,-5.3431,0.630879
-557.7661,-0.0000,-5.5575,0.630922
-557.7032,-0.0000,-5.7541,0.630968
-557.6403,-0.0000,-5.9510,0.631011
-557.5773,-0.0000,-6.1480,0.631061
-557.5143,-0.0000,-6.3452,0.631104
-557.4514,-0.0000,-6.5428,0.631148
-557.3888,-0.0000,-6.7406,0.631195
-557.3206,-0.0000,-6.9568,0.631241
-557.2581,-0.0000,-7.1552,0.631283
-557.1848,-0.0000,-7.3901,0.631332
-557.1229,-0.0000,-7.5890,0.631388
-557.0609,-0.0000,-7.7881,0.631430
-556.9933,-0.0000,-8.0055,0.631480
-556.9314,-0.0000,-8.2050,0.631521
-556.8694,-0.0000,-8.4045,0.631571
-556.7903,-0.0000,-8.6586,0.631626
-556.7224,-0.0000,-8.8765,0.631682
-556.6600,-0.0000,-9.0763,0.631724
-556.5975,-0.0000,-9.2762,0.631768
-556.5351,-0.0000,-9.4762,0.631815
-556.4723,-0.0000,-9.6765,0.631857
-556.4097,-0.0000,-9.8770,0.631910
-556.3470,-0.0000,-10.0778,0.631950
-556.2845,-0.0000,-10.2787,0.631992
-556.2163,-0.0000,-10.4982,0.632043
-556.1537,-0.0000,-10.6995,0.632082
-556.0913,-0.0000,-10.9011,0.632136
-556.0289,-0.0000,-11.1028,0.632182
-555.9664,-0.0000,-11.3046,0.632227
-555.8868,-0.0000,-11.5618,0.632287
-555.8413,-0.0000,-11.7088,0.632321
-555.7730,-0.0000,-11.9295,0.632364
-555.7103,-0.0000,-12.1321,0.632415
-555.6422,-0.0000,-12.3533,0.632467
-555.5797,-0.0000,-12.5563,0.632510
-555.5172,-0.0000,-12.7595,0.632566
-555.4490,-0.0000,-12.9813,0.632606
-555.3866,-0.0000,-13.1848,0.632653
-555.3242,-0.0000,-13.3885,0.632702
-555.2560,-0.0000,-13.6109,0.632748
-555.2048,-0.0000,-13.7778,0.632791
-555.1423,-0.0000,-13.9820,0.632845
-555.0798,-0.0000,-14.1864,0.632883
-555.0174,-0.0000,-14.3909,0.632932
-554.9493,-0.0000,-14.6143,0.632985
-554.8868,-0.0000,-14.8193,0.633029
-554.8245,-0.0000,-15.0245,0.633076
-554.7621,-0.0000,-15.2298,0.633122
-554.6998,-0.0000,-15.4353,0.633175
-554.6317,-0.0000,-15.6596,0.633228
-554.5635,-0.0000,-15.8842,0.633276
-554.4954,-0.0000,-16.1090,0.633327
-554.4330,-0.0000,-16.3153,0.633369
-554.3708,-0.0000,-16.5217,0.633420
-554.3087,-0.0000,-16.7284,0.633477
-554.2466,-0.0000,-16.9353,0.633515
-554.1846,-0.0000,-17.1425,0.633569
-554.1166,0.0006,-17.3695,0.633616
-554.0547,0.0013,-17.5770,0.633662
-553.9869,0.0020,-17.8034,0.633715
-553.8964,0.0030,-18.1053,0.633782
-553.8283,0.0037,-18.3317,0.633834
-553.7656,0.0044,-18.5392,0.633888
-553.7024,0.0050,-18.7470,0.633931
-553.6335,0.0057,-18.9739,0.633986
-553.5704,0.0064,-19.1822,0.634033
-553.5073,0.0071,-19.3906,0.634080
-553.4385,0.0078,-19.6181,0.634134
-553.3696,0.0085,-19.8458,0.634179
-553.3065,0.0092,-20.0547,0.634229
-553.2433,0.0099,-20.2638,0.634276
-553.1745,0.0106,-20.4921,0.634327
-553.1114,0.0113,-20.7016,0.634372
-553.0483,0.0119,-20.9113,0.634426
-552.9797,0.0127,-21.1403,0.634472
-552.9169,0.0133,-21.3504,0.634527
-552.8487,0.0141,-21.5799,0.634578
-552.7861,0.0147,-21.7905,0.634623
-552.7175,0.0155,-22.0202,0.634681
-552.6487,0.0162,-22.2499,0.634727
-552.5856,0.0169,-22.4606,0.634778
-552.5225,0.0175,-22.6714,0.634826
-552.4594,0.0182,-22.8824,0.634875
-552.3963,0.0189,-23.0936,0.634922
-552.3328,0.0196,-23.3048,0.634967
-552.2635,0.0203,-23.5354,0.635026
-552.1999,0.0210,-23.7469,0.635071
-552.1303,0.0217,-23.9778,0.635121
-552.0549,0.0225,-24.2283,0.635182
-551.9913,0.0232,-24.4403,0.635227
-551.9219,0.0239,-24.6720,0.635278
-551.8643,0.0245,-24.8652,0.635320
-551.8008,0.0252,-25.0779,0.635370
-551.7374,0.0259,-25.2907,0.635420
-551.6738,0.0266,-25.5037,0.635467
-551.6046,0.0273,-25.7362,0.635521
-551.5352,0.0280,-25.9689,0.635574
-551.4716,0.0287,-26.1824,0.635620
-551.4081,0.0294,-26.3960,0.635670
-551.3445,0.0301,-26.6098,0.635717
-551.2810,0.0308,-26.8237,0.635766
-551.2115,0.0315,-27.0570,0.635821
-551.1418,0.0322,-27.2904,0.635873
-551.0778,0.0329,-27.5043,0.635915
-551.0076,0.0337,-27.7380,0.635971
-550.9431,0.0344,-27.9524,0.636022
-550.8786,0.0350,-28.1671,0.636073
-550.8083,0.0358,-28.4015,0.636123
-550.7439,0.0365,-28.6164,0.636170
-550.6562,0.0374,-28.9100,0.636235
-550.5920,0.0381,-29.1255,0.636292
-550.5278,0.0388,-29.3410,0.636340
-550.4458,0.0397,-29.6156,0.636403
-550.3813,0.0403,-29.8313,0.636443
-550.3169,0.0410,-30.0471,0.636494
-550.2523,0.0417,-30.2631,0.636541
-550.1876,0.0424,-30.4793,0.636592
-550.1167,0.0432,-30.7151,0.636647
-550.0516,0.0439,-30.9316,0.636696
-549.9865,0.0445,-31.1482,0.636744
-549.9213,0.0452,-31.3650,0.636791
-549.8503,0.0460,-31.6017,0.636846
-549.7852,0.0467,-31.8188,0.636898
-549.7200,0.0474,-32.0361,0.636940
-549.6549,0.0481,-32.2535,0.636988
-549.5839,0.0488,-32.4909,0.637043
-549.5187,0.0495,-32.7086,0.637096
-549.4357,0.0504,-32.9861,0.637157
-549.3706,0.0511,-33.2043,0.637210
-549.3055,0.0518,-33.4226,0.637262
-549.2404,0.0525,-33.6411,0.637305
-549.1753,0.0532,-33.8597,0.637354
-549.1102,0.0539,-34.0785,0.637407
-549.0450,0.0546,-34.2975,0.637460
-548.9740,0.0553,-34.5366,0.637504
-548.9089,0.0560,-34.7560,0.637563
-548.8378,0.0568,-34.9956,0.637613
-548.7549,0.0577,-35.2753,0.637678
-548.6838,0.0585,-35.5151,0.637730
-548.6126,0.0592,-35.7551,0.637781
-548.5472,0.0599,-35.9751,0.637839
-548.4816,0.0606,-36.1953,0.637887
-548.4102,0.0614,-36.4356,0.637945
-548.3448,0.0621,-36.6561,0.637998
-548.2796,0.0628,-36.8767,0.638047
-548.2145,0.0635,-37.0972,0.638096
-548.1494,0.0642,-37.3177,0.638143
-548.0844,0.0649,-37.5381,0.638201
-548.0193,0.0656,-37.7583,0.638246
-547.9543,0.0663,-37.9783,0.638293
-547.8895,0.0670,-38.1979,0.638349
-547.8190,0.0678,-38.4371,0.638404
-547.7547,0.0685,-38.6557,0.638448
-547.6846,0.0692,-38.8933,0.638499
-547.6207,0.0699,-39.1105,0.638550
-547.5513,0.0707,-39.3466,0.638604
-547.4877,0.0713,-39.5622,0.638654
-547.4247,0.0720,-39.7769,0.638703
-547.3617,0.0727,-39.9909,0.638751
-547.2990,0.0734,-40.2040,0.638799
-547.2310,0.0741,-40.4353,0.638851
-547.1691,0.0748,-40.6459,0.638902
-547.1074,0.0754,-40.8550,0.638947
-547.0406,0.0762,-41.0814,0.639003
-546.9795,0.0768,-41.2874,0.639052
-546.9188,0.0775,-41.4920,0.639092
-546.8530,0.0782,-41.7136,0.639141
-546.7932,0.0788,-41.9151,0.639188
-546.7338,0.0795,-42.1153,0.639235
-546.6694,0.0802,-42.3321,0.639290
-546.6056,0.0808,-42.5472,0.639326
-546.5422,0.0815,-42.7606,0.639383
-546.4844,0.0821,-42.9548,0.639426
-546.4267,0.0827,-43.1476,0.639475
-546.3694,0.0834,-43.3390,0.639514
-546.3123,0.0840,-43.5294,0.639558
-546.2505,0.0846,-43.7360,0.639608
-546.1940,0.0852,-43.9244,0.639648
-546.1380,0.0858,-44.1119,0.639696
-546.0822,0.0864,-44.2984,0.639730
-546.0264,0.0870,-44.4839,0.639773
-545.9661,0.0876,-44.6851,0.639824
-545.9005,0.0883,-44.9014,0.639877
-545.8449,0.0889,-45.0833,0.639918
-545.7845,0.0896,-45.2807,0.639960
-545.7295,0.0901,-45.4606,0.639998
-545.6746,0.0907,-45.6397,0.640043
-545.6150,0.0913,-45.8339,0.640082
-545.5608,0.0919,-46.0110,0.640131
-545.5067,0.0924,-46.1871,0.640166
-545.4525,0.0930,-46.3622,0.640212
-545.3989,0.0936,-46.5363,0.640246
-545.3406,0.0942,-46.7253,0.640288
-545.2969,0.0946,-46.8664,0.640318
-545.2440,0.0952,-47.0380,0.640361
-545.1915,0.0957,-47.2088,0.640407
-545.1392,0.0963,-47.3788,0.640435
-545.0827,0.0968,-47.5633,0.640482
-545.0311,0.0974,-47.7314,0.640518
-544.9801,0.0979,-47.8986,0.640558
-544.9291,0.0984,-48.0649,0.640597
-544.8786,0.0990,-48.2302,0.640630
-544.8282,0.0995,-48.3945,0.640668
-544.7785,0.1000,-48.5563,0.640709
-544.7242,0.0994,-48.7338,0.640754
-544.6744,0.0989,-48.8960,0.640789
-544.6248,0.0983,-49.0581,0.640826
-544.5751,0.0978,-49.2198,0.640865
-544.5255,0.0973,-49.3813,0.640899
-544.4719,0.0967,-49.5570,0.640943
-544.4048,0.0960,-49.7756,0.640994
-544.3513,0.0954,-49.9497,0.641031
-544.3021,0.0949,-50.1089,0.641074
-544.2482,0.0943,-50.2821,0.641114
-544.2078,0.0939,-50.4118,0.641142
-544.1585,0.0933,-50.5700,0.641177
-544.1093,0.0928,-50.7280,0.641213
-544.0602,0.0923,-50.8858,0.641254
-544.0068,0.0917,-51.0577,0.641291
-543.9578,0.0912,-51.2149,0.641327
-543.9089,0.0907,-51.3720,0.641365
-543.8557,0.0901,-51.5432,0.641405
-543.7891,0.0894,-51.7568,0.641460
-543.7358,0.0889,-51.9273,0.641495
-543.6826,0.0883,-52.0975,0.641528
-543.6428,0.0879,-52.2247,0.641564
-543.5939,0.0874,-52.3798,0.641600
-543.5407,0.0868,-52.5487,0.641639
-543.4918,0.0863,-52.7031,0.641680
-543.4472,0.0858,-52.8432,0.641713
-543.3982,0.0853,-52.9970,0.641760
-543.3490,0.0848,-53.1504,0.641793
-543.2954,0.0843,-53.3176,0.641832
-543.2460,0.0838,-53.4707,0.641872
-543.1966,0.0833,-53.6236,0.641903
-543.1428,0.0827,-53.7903,0.641945
-543.0934,0.0822,-53.9429,0.641989
-543.0443,0.0817,-54.0954,0.642023
-542.9910,0.0811,-54.2614,0.642062
-542.9423,0.0806,-54.4134,0.642100
-542.8936,0.0801,-54.5650,0.642143
-542.8408,0.0796,-54.7303,0.642179
-542.7924,0.0791,-54.8818,0.642219
-542.7485,0.0786,-55.0193,0.642255
-542.7001,0.0781,-55.1703,0.642292
-542.6519,0.0776,-55.3210,0.642327
-542.6036,0.0771,-55.4714,0.642367
-542.5509,0.0766,-55.6353,0.642415
-542.5026,0.0761,-55.7854,0.642452
-542.4543,0.0756,-55.9352,0.642490
-542.4062,0.0751,-56.0846,0.642527
-542.3536,0.0746,-56.2471,0.642561
-542.3054,0.0741,-56.3960,0.642606
-542.2573,0.0736,-56.5447,0.642645
-542.2090,0.0731,-56.6932,0.642678
-542.1609,0.0726,-56.8415,0.642722
-542.1084,0.0721,-57.0032,0.642768
-542.0605,0.0716,-57.1514,0.642800
-541.9954,0.0709,-57.3534,0.642855
-541.9477,0.0704,-57.5016,0.642894
-541.9001,0.0699,-57.6497,0.642939
-541.8527,0.0694,-57.7976,0.642978
-541.8057,0.0689,-57.9454,0.643021
-541.7586,0.0685,-58.0931,0.643057
-541.7073,0.0679,-58.2541,0.643102
-541.6603,0.0674,-58.4015,0.643136
-541.6133,0.0669,-58.5488,0.643172
-541.5663,0.0665,-58.6959,0.643220
-541.5150,0.0659,-58.8562,0.643261
-541.4681,0.0654,-59.0032,0.643304
-541.4211,0.0650,-59.1500,0.643345
-541.3699,0.0644,-59.3098,0.643381
-541.3232,0.0639,-59.4562,0.643422
-541.2726,0.0634,-59.6157,0.643461
-541.2263,0.0629,-59.7618,0.643496
-541.1801,0.0624,-59.9076,0.643534
-541.1295,0.0619,-60.0665,0.643580
-541.0833,0.0614,-60.2120,0.643621
-541.0372,0.0610,-60.3576,0.643658
-540.9916,0.0605,-60.5033,0.643704
-540.9461,0.0600,-60.6491,0.643746
-540.9009,0.0595,-60.7948,0.643786
-540.8517,0.0590,-60.9536,0.643824
-540.8068,0.0585,-61.0992,0.643861
-540.7618,0.0580,-61.2447,0.643898
-540.7132,0.0575,-61.4033,0.643950
-540.6685,0.0570,-61.5485,0.643989
-540.6119,0.0564,-61.7332,0.644041
-540.5674,0.0559,-61.8781,0.644074
-540.5229,0.0555,-62.0229,0.644111
-540.4784,0.0550,-62.1676,0.644156
-540.4302,0.0545,-62.3254,0.644194
-540.3860,0.0540,-62.4700,0.644240
-540.3420,0.0535,-62.6145,0.644280
-540.2983,0.0530,-62.7590,0.644319
-540.2546,0.0526,-62.9034,0.644357
-540.2109,0.0521,-63.0478,0.644394
-540.1636,0.0516,-63.2052,0.644441
-540.1205,0.0511,-63.3493,0.644480
-540.0734,0.0506,-63.5063,0.644528
-540.0264,0.0501,-63.6632,0.644573
-539.9792,0.0496,-63.8198,0.644610
-539.9439,0.0492,-63.9372,0.644640
-539.9008,0.0487,-64.0806,0.644682
-539.8578,0.0482,-64.2240,0.644720
-539.8110,0.0477,-64.3802,0.644765
-539.7681,0.0472,-64.5233,0.644803
-539.7255,0.0468,-64.6662,0.644840
-539.6827,0.0463,-64.8091,0.644882
-539.6403,0.0458,-64.9518,0.644922
-539.5978,0.0454,-65.0946,0.644963
-539.5360,0.0447,-65.3019,0.645022
-539.5014,0.0443,-65.4183,0.645052
-539.4590,0.0438,-65.5605,0.645095
-539.4167,0.0434,-65.7026,0.645131
-539.3706,0.0429,-65.8575,0.645175
-539.3245,0.0424,-66.0121,0.645220
-539.2706,0.0418,-66.1923,0.645272
-539.2283,0.0413,-66.3336,0.645301
-539.1860,0.0408,-66.4747,0.645351
-539.1436,0.0404,-66.6156,0.645387
-539.1011,0.0399,-66.7563,0.645431
-539.0546,0.0394,-66.9096,0.645469
-539.0119,0.0389,-67.0500,0.645511
-538.9693,0.0385,-67.1903,0.645553
-538.9268,0.0380,-67.3306,0.645582
-538.8845,0.0376,-67.4708,0.645625
-538.8384,0.0371,-67.6237,0.645665
-538.7961,0.0366,-67.7636,0.645699
-538.7538,0.0361,-67.9035,0.645739
-538.7115,0.0357,-68.0432,0.645782
-538.6693,0.0352,-68.1829,0.645824
-538.6234,0.0347,-68.3353,0.645860
-538.5817,0.0343,-68.4747,0.645903
-538.5396,0.0338,-68.6140,0.645936
-538.4978,0.0333,-68.7531,0.645980
-538.4557,0.0329,-68.8921,0.646010
-538.4136,0.0324,-69.0308,0.646048
-538.3677,0.0319,-69.1819,0.646086
-538.3256,0.0315,-69.3203,0.646126
-538.2837,0.0310,-69.4586,0.646159
-538.2418,0.0306,-69.5968,0.646200
-538.1924,0.0300,-69.7602,0.646247
-538.1433,0.0295,-69.9235,0.646288
-538.1017,0.0290,-70.0614,0.646329
-538.0601,0.0286,-70.1993,0.646367
-538.0148,0.0281,-70.3495,0.646400
-537.9695,0.0276,-70.4996,0.646444
-537.9280,0.0271,-70.6371,0.646481
-537.8870,0.0267,-70.7746,0.646515
-537.8459,0.0262,-70.9121,0.646555
-537.8050,0.0258,-71.0494,0.646583
-537.7640,0.0253,-71.1864,0.646623
-537.7193,0.0248,-71.3358,0.646663
-537.6783,0.0244,-71.4726,0.646702
-537.6375,0.0239,-71.6092,0.646741
-537.5965,0.0235,-71.7456,0.646768
-537.5557,0.0231,-71.8820,0.646802
-537.5110,0.0226,-72.0305,0.646844
-537.4701,0.0221,-72.1666,0.646878
-537.4293,0.0217,-72.3026,0.646916
-537.3814,0.0211,-72.4632,0.646954
-537.3301,0.0206,-72.6357,0.646999
-537.2898,0.0201,-72.7706,0.647030
-537.2495,0.0197,-72.9049,0.647067
-537.2094,0.0192,-73.0386,0.647098
-537.1552,0.0187,-73.2201,0.647148
-537.1157,0.0182,-73.3524,0.647177
-537.0763,0.0178,-73.4838,0.647214
-537.0374,0.0174,-73.6145,0.647242
-536.9951,0.0169,-73.7561,0.647276
-536.9567,0.0165,-73.8848,0.647309
-536.9185,0.0161,-74.0124,0.647344
-536.8807,0.0156,-74.1389,0.647372
-536.8432,0.0152,-74.2643,0.647402
-536.8059,0.0148,-74.3886,0.647434
-536.7657,0.0144,-74.5229,0.647465
-536.7289,0.0140,-74.6448,0.647497
-536.6927,0.0136,-74.7656,0.647524
-536.6567,0.0132,-74.8854,0.647558
-536.6212,0.0128,-75.0041,0.647585
-536.5857,0.0124,-75.1217,0.647613
-536.5508,0.0120,-75.2383,0.647643
-536.5130,0.0116,-75.3642,0.647669
-536.4788,0.0112,-75.4784,0.647704
-536.4446,0.0109,-75.5916,0.647727
-536.4079,0.0105,-75.7138,0.647756
-536.3743,0.0101,-75.8247,0.647780
-536.3401,0.0097,-75.9336,0.647806
-536.3033,0.0093,-76.0514,0.647834
-536.2764,0.0091,-76.1394,0.647858
-536.2437,0.0087,-76.2456,0.647878
-536.2083,0.0083,-76.3601,0.647907
-536.1764,0.0080,-76.4643,0.647930
-536.1413,0.0076,-76.5764,0.647953
-536.1093,0.0073,-76.6781,0.647980
-536.0776,0.0069,-76.7789,0.648000
-536.0458,0.0066,-76.8795,0.648026
-536.0112,0.0062,-76.9891,0.648049
-535.9795,0.0059,-77.0897,0.648074
-535.9474,0.0056,-77.1901,0.648093
-535.9128,0.0052,-77.2998,0.648118
-535.8808,0.0049,-77.4002,0.648148
-535.8486,0.0046,-77.5006,0.648165
-535.8136,0.0042,-77.6101,0.648194
-535.7751,0.0038,-77.7283,0.648215
-535.7421,0.0035,-77.8282,0.648240
-535.7102,0.0334,-77.9295,0.648263
-535.6749,0.0334,-78.0386,0.648283
-535.6423,0.0334,-78.1367,0.648309
-535.6082,0.0335,-78.2351,0.648329
-535.5721,0.0335,-78.3337,0.648355
-535.5332,0.0334,-78.4408,0.648375
-535.4976,0.0333,-78.5393,0.648403
-535.4604,0.0334,-78.6381,0.648422
-535.4204,0.0336,-78.7446,0.648446
-535.3834,0.0339,-78.8420,0.648471
-535.3426,0.0341,-78.9479,0.648493
-535.3045,0.0343,-79.0447,0.648513
-535.2621,0.0346,-79.1498,0.648535
-535.2232,0.0348,-79.2460,0.648560
-535.1837,0.0350,-79.3418,0.648583
-535.1403,0.0349,-79.4451,0.648606
-535.0994,0.0348,-79.5401,0.648630
-535.0579,0.0347,-79.6348,0.648648
-535.0156,0.0346,-79.7290,0.648672
-534.9726,0.0344,-79.8227,0.648691
-534.9246,0.0343,-79.9241,0.648717
-534.8745,0.0342,-80.0251,0.648741
-534.8240,0.0344,-80.1243,0.648762
-534.7763,0.0346,-80.2143,0.648788
-534.7273,0.0347,-80.3033,0.648808
-534.6783,0.0346,-80.3905,0.648832
-534.6221,0.0343,-80.4850,0.648856
-534.5674,0.0341,-80.5694,0.648878
-534.5054,0.0338,-80.6596,0.648901
-534.4466,0.0335,-80.7406,0.648925
-534.3806,0.0332,-80.8272,0.648947
-534.3181,0.0329,-80.9050,0.648973
-534.2536,0.0326,-80.9811,0.648995
-534.1812,0.0323,-81.0623,0.649021
-534.1129,0.0320,-81.1352,0.649040
-534.0355,0.0318,-81.2135,0.649068
-533.9576,0.0317,-81.2892,0.649094
-533.8844,0.0316,-81.3573,0.649118
-533.8107,0.0315,-81.4256,0.649141
-533.7207,0.0315,-81.5024,0.649169
-533.6432,0.0315,-81.5657,0.649192
-533.5571,0.0314,-81.6329,0.649219
-533.4547,0.0313,-81.7088,0.649248
-533.3727,0.0313,-81.7664,0.649272
-533.2894,0.0312,-81.8222,0.649298
-533.2049,0.0311,-81.8762,0.649323
-533.1192,0.0310,-81.9284,0.649345
-533.0238,0.0309,-81.9836,0.649373
-532.9275,0.0309,-82.0364,0.649398
-532.8382,0.0310,-82.0833,0.649424
-532.7480,0.0310,-82.1290,0.649448
-532.6489,0.0310,-82.1774,0.649475
-532.5576,0.0310,-82.2209,0.649499
-532.4659,0.0310,-82.2636,0.649525
-532.3738,0.0310,-82.3054,0.649550
-532.2474,0.0310,-82.3604,0.649582
-532.1542,0.0309,-82.3997,0.649606
-532.0519,0.0309,-82.4418,0.649634
-531.9580,0.0309,-82.4799,0.649658
-531.8644,0.0306,-82.5170,0.649681
-531.7695,0.0306,-82.5548,0.649707
-531.6663,0.0306,-82.5951,0.649733
-531.5715,0.0306,-82.6315,0.649759
-531.4763,0.0305,-82.6672,0.649784
-531.3807,0.0305,-82.7021,0.649809
-531.2847,0.0305,-82.7361,0.649835
-531.1793,0.0305,-82.7723,0.649861
-531.0823,0.0304,-82.8048,0.649886
-530.9849,0.0304,-82.8365,0.649911
-530.8691,0.0304,-82.8728,0.649941
-530.7708,0.0303,-82.9025,0.649967
-530.6639,0.0302,-82.9323,0.649994
-530.5634,0.0301,-82.9600,0.650020
-530.4635,0.0301,-82.9858,0.650042
-530.3633,0.0300,-83.0104,0.650069
-530.2625,0.0300,-83.0338,0.650095
-530.1520,0.0300,-83.0574,0.650123
-530.0503,0.0300,-83.0782,0.650149
-529.9482,0.0300,-83.0978,0.650173
-529.8458,0.0300,-83.1163,0.650200
-529.7430,0.0300,-83.1337,0.650224
-529.6304,0.0300,-83.1514,0.650252
-529.5270,0.0300,-83.1663,0.650277
-529.4230,0.0300,-83.1801,0.650304
-529.3091,0.0300,-83.1939,0.650331
-529.1854,0.0300,-83.2072,0.650363
-529.0801,0.0300,-83.2173,0.650388
-528.9650,0.0300,-83.2271,0.650415
-528.8591,0.0300,-83.2349,0.650442
-528.7531,0.0300,-83.2415,0.650468
-528.6467,0.0300,-83.2468,0.650494
-528.5301,0.0300,-83.2511,0.650522
-528.4228,0.0300,-83.2538,0.650549
-528.3052,0.0300,-83.2557,0.650576
-528.1968,0.0300,-83.2569,0.650603
-528.0779,0.0300,-83.2581,0.650631
-527.9683,0.0300,-83.2594,0.650657
-527.8481,0.0300,-83.2611,0.650686
-527.7376,0.0300,-83.2630,0.650711
-527.6164,0.0300,-83.2652,0.650740
-527.4949,0.0300,-83.2675,0.650769
-527.3832,0.0300,-83.2693,0.650796
-527.2713,0.0300,-83.2704,0.650821
-527.1590,0.0300,-83.2704,0.650850
-527.0362,0.0300,-83.2694,0.650878
-526.9232,0.0300,-83.2675,0.650904
-526.8097,0.0300,-83.2649,0.650932
-526.6855,0.0300,-83.2614,0.650960
-526.5712,0.0300,-83.2576,0.650990
-526.4460,0.0300,-83.2528,0.651016
-526.3205,0.0300,-83.2475,0.651049
-526.2050,0.0300,-83.2419,0.651076
-526.0785,0.0300,-83.2351,0.651106
-525.9623,0.0300,-83.2282,0.651134
-525.8350,0.0300,-83.2199,0.651163
-525.7180,0.0300,-83.2117,0.651190
-525.6007,0.0300,-83.2029,0.651218
-525.4832,0.0300,-83.1932,0.651247
-525.3547,0.0300,-83.1816,0.651277
-525.2151,0.0300,-83.1679,0.651311
-525.0968,0.0300,-83.1552,0.651337
-524.9782,0.0300,-83.1416,0.651367
-524.8596,0.0300,-83.1269,0.651396
-524.7300,0.0300,-83.1095,0.651427
-524.6003,0.0300,-83.0907,0.651457
-524.4811,0.0300,-83.0722,0.651484
-524.3619,0.0300,-83.0526,0.651515
-524.2314,0.0300,-83.0301,0.651547
-524.1118,0.0300,-83.0083,0.651575
-523.9810,0.0300,-82.9833,0.651604
-523.8500,0.0300,-82.9572,0.651638
-523.7300,0.0300,-82.9320,0.651665
-523.6096,0.0300,-82.9057,0.651696
-523.4893,0.0300,-82.8784,0.651726
-523.3577,0.0300,-82.8474,0.651756
-523.2369,0.0300,-82.8179,0.651785
-523.1053,0.0000,-82.7845,0.651818
-522.9846,0.0000,-82.7527,0.651848
-522.8636,0.0000,-82.7179,0.651875
-522.7313,0.0000,-82.6798,0.651908
-522.5986,0.0000,-82.6420,0.651939
-522.4769,0.0000,-82.6065,0.651970
-522.3442,0.0000,-82.5665,0.651999
-522.2225,0.0000,-82.5288,0.652029
-522.0894,0.0000,-82.4867,0.652063
-521.9559,-0.0000,-82.4434,0.652095
-521.8220,0.0000,-82.3993,0.652127
-521.6990,-0.0000,-82.3582,0.652159
-521.5643,0.0000,-82.3130,0.652190
-521.4292,0.0000,-82.2670,0.652223
-521.3052,0.0000,-82.2241,0.652253
-521.1813,0.0000,-82.1808,0.652282
-521.0565,0.0000,-82.1362,0.652312
-520.9197,0.0000,-82.0863,0.652347
-520.7944,0.0000,-82.0411,0.652376
-520.6569,0.0000,-81.9914,0.652409
-520.5190,0.0000,-81.9410,0.652443
-520.3808,0.0000,-81.8899,0.652475
-520.2425,0.0000,-81.8378,0.652510
-520.1154,0.0000,-81.7893,0.652538
-519.9879,0.0000,-81.7402,0.652570
-519.8487,0.0000,-81.6858,0.652605
-519.7206,0.0000,-81.6355,0.652636
-519.5798,0.0000,-81.5810,0.652670
-519.4500,0.0000,-81.5307,0.652701
-519.3083,0.0000,-81.4749,0.652735
-519.1667,-0.0000,-81.4178,0.652773
-519.0241,0.0000,-81.3601,0.652805
-518.8808,0.0000,-81.3022,0.652842
-518.7488,0.0000,-81.2490,0.652873
-518.6037,0.0000,-81.1912,0.652909
-518.4578,0.0000,-81.1334,0.652944
-518.3110,0.0000,-81.0755,0.652978
-518.1634,0.0000,-81.0176,0.653016
-518.0275,0.0000,-80.9642,0.653049
-517.8785,0.0000,-80.9058,0.653086
-517.7289,-0.0000,-80.8472,0.653122
-517.5789,0.0000,-80.7885,0.653159
-517.4288,0.0000,-80.7305,0.653196
-517.2899,0.0000,-80.6762,0.653233
-517.1511,0.0000,-80.6207,0.653267
-517.0117,0.0000,-80.5645,0.653303
-516.8593,-0.0000,-80.5026,0.653339
-516.7194,0.0000,-80.4453,0.653374
-516.5540,0.0000,-80.3768,0.653415
-516.4137,0.0000,-80.3180,0.653451
-516.2094,0.0000,-80.2308,0.653501
-516.0555,0.0000,-80.1644,0.653541
-515.9139,0.0000,-80.1030,0.653576
-515.7719,0.0000,-80.0412,0.653612
-515.6161,0.0000,-79.9732,0.653651
-515.4728,-0.0000,-79.9104,0.653684
-515.3158,-0.0000,-79.8415,0.653727
-515.1713,0.0000,-79.7780,0.653765
-515.0131,0.0000,-79.7082,0.653803
-514.8673,0.0000,-79.6438,0.653841
-514.7075,0.0000,-79.5731,0.653881
-514.5604,0.0000,-79.5079,0.653920
-514.4124,0.0000,-79.4425,0.653956
-514.2636,0.0000,-79.3769,0.653993
-514.1004,0.0000,-79.3052,0.654036
-513.9363,0.0000,-79.2333,0.654078
-513.7714,0.0000,-79.1610,0.654119
-513.6194,0.0000,-79.0945,0.654158
-513.4390,0.0000,-79.0154,0.654202
-513.2716,0.0000,-78.9420,0.654249
-513.1174,0.0000,-78.8744,0.654285
-512.9623,0.0000,-78.8066,0.654323
-512.7922,0.0000,-78.7326,0.654367
-512.6210,0.0000,-78.6584,0.654411
-512.4631,0.0000,-78.5903,0.654454
-512.3046,0.0000,-78.5222,0.654491
-512.1306,0.0000,-78.4477,0.654536
-511.9413,0.0000,-78.3667,0.654582
-511.7509,0.0000,-78.2854,0.654633
-511.5743,0.0000,-78.2101,0.654678
-511.4117,0.0000,-78.1407,0.654719
-511.2483,0.0000,-78.0711,0.654758
-511.0693,0.0000,-77.9949,0.654804
-510.9044,0.0000,-77.9247,0.654846
-510.7388,0.0000,-77.8543,0.654888
-510.5725,0.0000,-77.7836,0.654929
-510.3904,0.0000,-77.7061,0.654975
-510.2228,0.0000,-77.6348,0.655019
-510.0398,0.0000,-77.5566,0.655065
-509.8719,0.0000,-77.4847,0.655108
-509.6886,-0.0000,-77.4057,0.655156
-509.5207,0.0000,-77.3330,0.655198
-509.3377,0.0000,-77.2532,0.655245
-509.1093,0.0000,-77.1529,0.655302
-508.8964,0.0000,-77.0588,0.655355
-508.7293,-0.0000,-76.9848,0.655400
-508.5623,0.0000,-76.9107,0.655443
-508.3957,0.0000,-76.8366,0.655488
-508.2144,0.0000,-76.7558,0.655531
-508.0335,0.0000,-76.6751,0.655578
-507.8531,-0.0000,-76.5944,0.655623
-507.6881,0.0000,-76.5205,0.655666
-507.5087,0.0000,-76.4401,0.655713
-507.3445,0.0000,-76.3664,0.655755
-507.1804,0.0000,-76.2928,0.655800
-507.0015,0.0000,-76.2125,0.655844
-506.8078,0.0000,-76.1258,0.655890
-506.6290,0.0000,-76.0459,0.655937
-506.4651,0.0000,-75.9727,0.655979
-506.3013,0.0000,-75.8997,0.656020
-506.1225,0.0000,-75.8201,0.656066
-505.9587,0.0000,-75.7472,0.656108
-505.7949,0.0000,-75.6741,0.656149
-505.6311,0.0000,-75.6010,0.656188
-505.4673,0.0000,-75.5277,0.656232
-505.2884,0.0000,-75.4476,0.656278
-505.1241,-0.0000,-75.3741,0.656318
-504.9597,0.0000,-75.3004,0.656358
-504.7952,-0.0000,-75.2266,0.656401
-504.6304,0.0000,-75.1526,0.656441
-504.4503,0.0000,-75.0718,0.656491
-504.2851,0.0000,-74.9975,0.656529
-504.1196,0.0000,-74.9231,0.656574
-503.9539,0.0000,-74.8486,0.656617
-503.7880,0.0000,-74.7738,0.656658
-503.6067,0.0000,-74.6921,0.656708
-503.4250,0.0000,-74.6103,0.656749
-503.2582,0.0000,-74.5353,0.656794
-503.0910,0.0000,-74.4602,0.656834
-502.9083,0.0000,-74.3782,0.656883
-502.7405,0.0000,-74.3031,0.656923
-502.5725,0.0000,-74.2279,0.656967
-502.4042,0.0000,-74.1525,0.657011
-502.2357,0.0000,-74.0770,0.657055
-502.0670,0.0000,-74.0014,0.657100
-501.8980,0.0000,-73.9256,0.657144
-501.6210,0.0000,-73.8014,0.657213
-501.4514,0.0000,-73.7253,0.657260
-501.2815,-0.0000,-73.6491,0.657302
-501.0959,0.0000,-73.5659,0.657351
-500.9254,0.0000,-73.4894,0.657395
-500.7547,0.0000,-73.4129,0.657436
-500.5680,0.0000,-73.3294,0.657488
-500.3966,0.0000,-73.2528,0.657533
-500.2248,0.0000,-73.1762,0.657577
-500.0526,0.0000,-73.0995,0.657623
-499.8802,0.0000,-73.0229,0.657673
-499.6758,0.0000,-72.9324,0.657723
-499.5024,0.0000,-72.8559,0.657769
-499.3128,0.0000,-72.7726,0.657819
-499.1385,0.0000,-72.6963,0.657864
-498.9640,0.0000,-72.6201,0.657910
-498.7733,0.0000,-72.5369,0.657959
-498.5981,0.0000,-72.4606,0.658005
-498.4226,0.0000,-72.3843,0.658053
-498.2308,0.0000,-72.3012,0.658107
-498.0549,0.0000,-72.2250,0.658148
-497.8787,0.0000,-72.1490,0.658195
-497.7023,0.0000,-72.0730,0.658241
-497.5255,0.0000,-71.9972,0.658285
-497.3323,0.0000,-71.9146,0.658334
-497.1547,0.0000,-71.8391,0.658380
-496.9767,0.0000,-71.7637,0.658428
-496.7658,0.0000,-71.6748,0.658481
-496.5870,0.0000,-71.5997,0.658531
-496.3916,0.0000,-71.5178,0.658580
-496.2120,0.0000,-71.4427,0.658626
-496.0322,0.0000,-71.3678,0.658669
-495.8356,0.0000,-71.2860,0.658720
-495.6551,0.0000,-71.2111,0.658767
-495.4578,0.0000,-71.1294,0.658819
-495.2766,0.0000,-71.0544,0.658865
-495.0951,0.0000,-70.9796,0.658911
-494.9133,0.0000,-70.9048,0.658961
-494.7145,0.0000,-70.8233,0.659010
-494.5320,0.0000,-70.7486,0.659057
-494.3158,0.0000,-70.6604,0.659113
-494.1326,0.0000,-70.5858,0.659159
-493.9492,0.0000,-70.5112,0.659206
-493.7152,0.0000,-70.4162,0.659267
-493.5311,0.0000,-70.3416,0.659317
-493.3298,0.0000,-70.2602,0.659368
-493.1450,0.0000,-70.1855,0.659414
-492.9598,0.0000,-70.1110,0.659464
-492.7745,0.0000,-70.0366,0.659513
-492.5722,0.0000,-69.9555,0.659560
-492.3867,0.0000,-69.8813,0.659610
-492.2012,0.0000,-69.8072,0.659657
-491.9991,0.0000,-69.7261,0.659710
-491.8140,0.0000,-69.6516,0.659757
-491.6122,0.0000,-69.5701,0.659811
-491.4272,0.0000,-69.4953,0.659859
-491.1745,0.0000,-69.3935,0.659930
-490.9722,0.0000,-69.3120,0.659979
-490.7867,0.0000,-69.2376,0.660027
-490.6010,0.0000,-69.1632,0.660078
-490.3984,0.0000,-69.0822,0.660131
-490.1957,0.0000,-69.0011,0.660180
-489.9761,0.0000,-68.9133,0.660238
-489.7903,0.0000,-68.8389,0.660284
-489.6044,0.0000,-68.7645,0.660331
-489.3677,0.0000,-68.6696,0.660391
-489.1817,0.0000,-68.5952,0.660440
-488.9955,0.0000,-68.5207,0.660486
-488.7922,0.0000,-68.4396,0.660538
-488.6059,0.0000,-68.3653,0.660585
-488.4193,0.0000,-68.2910,0.660631
-488.2157,0.0000,-68.2100,0.660684
-488.0121,0.0000,-68.1290,0.660735
-487.8253,0.0000,-68.0547,0.660781
-487.6385,0.0000,-67.9803,0.660829
-487.4349,0.0000,-67.8990,0.660879
-487.2484,0.0000,-67.8241,0.660925
-487.0450,0.0000,-67.7421,0.660978
-486.8584,0.0000,-67.6667,0.661022
-486.6548,0.0000,-67.5843,0.661076
-486.4339,0.0000,-67.4949,0.661132
-486.2467,0.0000,-67.4194,0.661176
-486.0424,0.0000,-67.3370,0.661228
-485.8551,0.0000,-67.2614,0.661275
-485.6679,0.0000,-67.1858,0.661324
-485.4464,0.0000,-67.0964,0.661376
-485.2589,0.0000,-67.0207,0.661426
-485.0542,0.0000,-66.9381,0.661476
-484.8665,0.0000,-66.8624,0.661521
-484.6787,0.0000,-66.7868,0.661569
-484.4907,0.0000,-66.7113,0.661617
-484.2855,0.0000,-66.6289,0.661667
-484.0974,0.0000,-66.5534,0.661714
-483.9092,0.0000,-66.4778,0.661761
-483.7208,0.0000,-66.4022,0.661809
-483.5153,0.0000,-66.3197,0.661861
-483.3267,0.0000,-66.2439,0.661909
-483.1380,0.0000,-66.1681,0.661955
-482.9492,0.0000,-66.0923,0.661998
-482.7603,0.0000,-66.0164,0.662051
-482.5712,0.0000,-65.9405,0.662096
-482.3649,0.0000,-65.8576,0.662147
-482.1584,0.0000,-65.7747,0.662195
-481.9690,0.0000,-65.6986,0.662242
-481.7795,0.0000,-65.6225,0.662292
-481.5898,0.0000,-65.5463,0.662337
-481.3828,0.0000,-65.4632,0.662391
-481.1929,0.0000,-65.3869,0.662438
-481.0029,0.0000,-65.3106,0.662487
-480.8127,0.0000,-65.2343,0.662530
-480.6223,0.0000,-65.1578,0.662577
-480.4144,0.0000,-65.0744,0.662628
-480.2238,0.0000,-64.9978,0.662675
-480.0159,0.0000,-64.9141,0.662727
-479.8078,0.0000,-64.8300,0.662776
-479.5998,0.0000,-64.7456,0.662828
-479.3916,0.0000,-64.6609,0.662882
-479.2007,0.0000,-64.5830,0.662922
-479.0096,0.0000,-64.5051,0.662976
-478.8183,0.0000,-64.4271,0.663020
-478.6093,0.0000,-64.3420,0.663071
-478.4173,0.0000,-64.2641,0.663119
-478.2253,0.0000,-64.1862,0.663166
-478.0154,0.0000,-64.1013,0.663221
-477.8056,0.0000,-64.0163,0.663272
-477.6130,0.0000,-63.9383,0.663315
-477.4031,0.0000,-63.8529,0.663370
-477.1932,0.0000,-63.7671,0.663421
-476.9836,0.0000,-63.6808,0.663468
-476.7741,0.0000,-63.5940,0.663524
-476.5476,0.0000,-63.4994,0.663578
-476.3387,0.0000,-63.4115,0.663630
-476.1473,0.0000,-63.3304,0.663683
-475.9908,0.0000,-63.2637,0.663720
-475.7994,0.0000,-63.1817,0.663765
-475.6081,0.0000,-63.0994,0.663813
-475.4166,0.0000,-63.0167,0.663861
-475.2077,0.0000,-62.9262,0.663913
-475.0164,0.0000,-62.8429,0.663958
-474.8250,0.0000,-62.7592,0.664010
-474.6339,0.0000,-62.6749,0.664054
-474.4255,0.0000,-62.5823,0.664106
-474.2345,0.0000,-62.4969,0.664153
-474.0261,0.0000,-62.4033,0.664207
-473.8174,0.0000,-62.3093,0.664259
-473.6083,0.0000,-62.2151,0.664304
-473.3990,0.0000,-62.1208,0.664357
-473.1720,0.0000,-62.0186,0.664414
-472.9620,0.0000,-61.9241,0.664464
-472.7168,0.0000,-61.8138,0.664530
-472.5062,0.0000,-61.7192,0.664574
-472.2953,0.0000,-61.6245,0.664633
-472.1017,0.0000,-61.5377,0.664671
-471.8902,0.0000,-61.4430,0.664728
-471.6959,0.0000,-61.3564,0.664774
-471.4838,0.0000,-61.2618,0.664822
-471.2891,0.0000,-61.1750,0.664873
-471.0765,0.0000,-61.0803,0.664922
-470.8636,0.0000,-60.9856,0.664976
-470.6505,0.0000,-60.8908,0.665028
-470.4548,0.0000,-60.8040,0.665073
-470.2412,0.0000,-60.7092,0.665126
-470.0452,0.0000,-60.6223,0.665173
-469.8492,0.0000,-60.5353,0.665220
-469.6530,0.0000,-60.4481,0.665269
-469.4392,0.0000,-60.3526,0.665321
-469.2430,0.0000,-60.2647,0.665367
-469.0466,0.0000,-60.1767,0.665417
-468.8502,0.0000,-60.0885,0.665461
-468.6355,0.0000,-59.9922,0.665517
-468.4386,0.0000,-59.9040,0.665564
-468.2413,0.0000,-59.8158,0.665618
-468.0260,0.0000,-59.7195,0.665665
-467.8283,0.0000,-59.6312,0.665713
-467.5946,0.0000,-59.5267,0.665770
-467.3965,0.0000,-59.4382,0.665820
-467.1803,0.0000,-59.3416,0.665872
-466.9818,0.0000,-59.2531,0.665919
-466.7831,0.0000,-59.1646,0.665968
-466.5842,0.0000,-59.0761,0.666021
-466.3669,0.0000,-58.9795,0.666072
-466.1677,0.0000,-58.8909,0.666117
-465.9682,0.0000,-58.8021,0.666167
-465.7505,0.0000,-58.7052,0.666221
-465.5507,0.0000,-58.6163,0.666266
-465.3508,0.0000,-58.5274,0.666320
-465.1325,0.0000,-58.4302,0.666371
-464.9324,0.0000,-58.3409,0.666416
-464.6227,0.0000,-58.2025,0.666496
-464.4221,0.0000,-58.1127,0.666543
-464.2029,0.0000,-58.0146,0.666597
-464.0016,0.0000,-57.9245,0.666646
-463.7817,0.0000,-57.8261,0.666698
-463.5246,0.0000,-57.7112,0.666763
-463.3222,0.0000,-57.6210,0.666810
-463.1010,0.0000,-57.5225,0.666866
-462.8980,0.0000,-57.4320,0.666913
-462.6762,0.0000,-57.3332,0.666967
-462.4727,0.0000,-57.2426,0.667015
-462.2505,0.0000,-57.1434,0.667067
-462.0464,0.0000,-57.0523,0.667117
-461.8420,0.0000,-56.9611,0.667162
-461.6559,0.0000,-56.8781,0.667212
-461.4883,0.0000,-56.8034,0.667252
-461.2830,0.0000,-56.7119,0.667299
-461.0775,0.0000,-56.6203,0.667348
-460.8716,0.0000,-56.5286,0.667400
-460.6468,0.0000,-56.4285,0.667453
-460.4403,0.0000,-56.3365,0.667505
-460.2335,0.0000,-56.2444,0.667553
-460.0265,0.0000,-56.1522,0.667602
-459.8191,0.0000,-56.0599,0.667653
-459.6115,0.0000,-55.9675,0.667704
-459.3847,0.0000,-55.8664,0.667753
-459.1576,0.0000,-55.7652,0.667810
-458.9492,0.0000,-55.6722,0.667861
-458.7403,0.0000,-55.5791,0.667910
-458.5692,0.0000,-55.5028,0.667951
-458.3407,0.0000,-55.4010,0.668006
-458.1308,0.0000,-55.3077,0.668055
-457.9206,0.0000,-55.2144,0.668110
-457.7100,0.0000,-55.1210,0.668159
-457.4798,0.0000,-55.0191,0.668211
-457.2685,0.0000,-54.9256,0.668264
-457.0568,0.0000,-54.8320,0.668320
-456.8447,0.0000,-54.7385,0.668363
-456.6128,0.0000,-54.6364,0.668421
-456.3998,0.0000,-54.5430,0.668471
-456.1864,0.0000,-54.4496,0.668523
-455.9726,0.0000,-54.3562,0.668576
-455.7390,0.0000,-54.2543,0.668628
-455.5440,0.0000,-54.1693,0.668677
-455.3293,0.0000,-54.0758,0.668730
-455.1141,0.0000,-53.9822,0.668780
-454.8790,0.0000,-53.8801,0.668834
-454.6631,0.0000,-53.7865,0.668889
-454.4469,0.0000,-53.6928,0.668938
-454.2304,0.0000,-53.5991,0.668987
-453.9938,0.0000,-53.4969,0.669048
-453.7766,0.0000,-53.4030,0.669099
-453.5591,0.0000,-53.3090,0.669152
-453.3412,0.0000,-53.2151,0.669201
-453.1030,0.0000,-53.1125,0.669258
-452.8644,0.0000,-53.0100,0.669318
-452.6454,0.0000,-52.9159,0.669372
-452.4060,0.0000,-52.8133,0.669425
-452.1862,0.0000,-52.7192,0.669482
-451.9464,0.0000,-52.6167,0.669537
-451.7072,0.0000,-52.5144,0.669594
-451.4876,0.0000,-52.4205,0.669649
-451.2480,0.0000,-52.3181,0.669704
-451.0280,0.0000,-52.2240,0.669755
-450.7877,0.0000,-52.1214,0.669813
-450.5471,0.0000,-52.0185,0.669872
-450.3264,0.0000,-51.9241,0.669927
-450.1056,0.0000,-51.8295,0.669977
-449.9247,0.0000,-51.7520,0.670020
-449.7033,0.0000,-51.6572,0.670073
-449.4614,0.0000,-51.5539,0.670135
-449.2393,0.0000,-51.4591,0.670188
-448.9966,0.0000,-51.3557,0.670246
-448.7737,0.0000,-51.2609,0.670296
-448.5101,0.0000,-51.1487,0.670362
-448.2869,0.0000,-51.0536,0.670414
-448.0431,0.0000,-50.9499,0.670473
-447.8194,0.0000,-50.8547,0.670526
-447.5953,0.0000,-50.7594,0.670580
-447.3709,0.0000,-50.6640,0.670631
-447.1257,0.0000,-50.5599,0.670691
-446.9006,0.0000,-50.4644,0.670745
-446.6753,0.0000,-50.3688,0.670798
-446.4498,0.0000,-50.2732,0.670855
-446.2037,0.0000,-50.1689,0.670912
-445.9780,0.0000,-50.0733,0.670967
-445.7521,0.0000,-49.9777,0.671021
-445.5054,0.0000,-49.8734,0.671081
-445.2586,0.0000,-49.7690,0.671137
-445.0732,0.0000,-49.6906,0.671179
-444.8260,0.0000,-49.5860,0.671239
-444.5992,0.0000,-49.4899,0.671294
-444.3722,0.0000,-49.3935,0.671346
-444.1243,0.0000,-49.2882,0.671410
-443.8968,0.0000,-49.1915,0.671464
-443.6690,0.0000,-49.0946,0.671516
-443.4409,0.0000,-48.9975,0.671570
-443.1918,0.0000,-48.8915,0.671634
-442.9631,0.0000,-48.7941,0.671685
-442.7133,0.0000,-48.6878,0.671742
-442.4838,0.0000,-48.5901,0.671800
-442.2331,0.0000,-48.4836,0.671859
-441.9820,0.0000,-48.3770,0.671922
-441.7935,0.0000,-48.2970,0.671966
-441.5208,0.0000,-48.1813,0.672031
-441.2896,0.0000,-48.0833,0.672082
-441.0580,0.0000,-47.9852,0.672141
-440.8261,0.0000,-47.8870,0.672193
-440.5727,0.0000,-47.7796,0.672254
-440.3401,0.0000,-47.6811,0.672308
-440.1071,0.0000,-47.5824,0.672365
-439.8738,0.0000,-47.4835,0.672420
-439.6189,0.0000,-47.3753,0.672482
-439.3849,0.0000,-47.2760,0.672539
-439.0652,0.0000,-47.1403,0.672615
-438.8089,0.0000,-47.0315,0.672674
-438.5738,0.0000,-46.9315,0.672732
-438.2955,0.0000,-46.8129,0.672797
-438.0597,0.0000,-46.7124,0.672853
-437.7805,0.0000,-46.5933,0.672918
-437.5223,0.0000,-46.4832,0.672985
-437.2852,0.0000,-46.3821,0.673039
-437.0477,0.0000,-46.2809,0.673095
-436.7882,0.0000,-46.1703,0.673154
-436.5499,0.0000,-46.0687,0.673213
-436.3113,0.0000,-45.9671,0.673270
-436.0504,0.0000,-45.8561,0.673333
-435.8108,0.0000,-45.7543,0.673391
-435.5707,0.0000,-45.6525,0.673449
-435.3303,0.0000,-45.5505,0.673503
-435.0675,0.0000,-45.4391,0.673564
-434.8263,0.0000,-45.3370,0.673625
-434.5626,0.0000,-45.2254,0.673685
-434.2985,0.0000,-45.1137,0.673746
-434.0559,0.0000,-45.0113,0.673806
-433.8130,0.0000,-44.9087,0.673862
-433.5698,0.0000,-44.8059,0.673919
-433.3041,0.0000,-44.6936,0.673981
-433.0602,0.0000,-44.5905,0.674039
-432.7937,0.0000,-44.4778,0.674105
-432.5492,0.0000,-44.3742,0.674161
-432.3043,0.0000,-44.2704,0.674221
-432.0368,0.0000,-44.1569,0.674283
-431.7913,0.0000,-44.0526,0.674338
-431.5454,0.0000,-43.9481,0.674397
-431.2769,0.0000,-43.8338,0.674461
-431.0303,0.0000,-43.7288,0.674522
-430.7834,0.0000,-43.6236,0.674582
-430.5137,0.0000,-43.5087,0.674645
-430.2661,0.0000,-43.4030,0.674703
-429.9957,0.0000,-43.2875,0.674767
-429.7474,0.0000,-43.1813,0.674826
-429.4761,-0.0000,-43.0653,0.674891
-429.2271,0.0000,-42.9588,0.674950
-428.9095,0.0000,-42.8230,0.675025
-428.6597,0.0000,-42.7161,0.675086
-428.3867,0.0000,-42.5993,0.675151
-428.1361,0.0000,-42.4920,0.675207
-427.8850,0.0000,-42.3845,0.675269
-427.6108,0.0000,-42.2671,0.675335
-427.3590,0.0000,-42.1593,0.675394
-427.0609,0.0000,-42.0317,0.675463
-426.8083,0.0000,-41.9235,0.675525
-426.5324,0.0000,-41.8053,0.675589
-426.2790,0.0000,-41.6968,0.675651
-426.0253,0.0000,-41.5882,0.675710
-425.7712,0.0000,-41.4793,0.675767
-425.5167,0.0000,-41.3703,0.675829
-425.2386,0.0000,-41.2513,0.675891
-424.9834,0.0000,-41.1420,0.675958
-424.7045,0.0000,-41.0226,0.676022
-424.4485,0.0000,-40.9130,0.676081
-424.1921,0.0000,-40.8032,0.676142
-423.9353,0.0000,-40.6932,0.676205
-423.6548,0.0000,-40.5730,0.676267
-423.3740,0.0000,-40.4526,0.676336
-423.0692,0.0000,-40.3219,0.676406
-422.8109,0.0000,-40.2111,0.676467
-422.5287,0.0000,-40.0900,0.676533
-422.2698,0.0000,-39.9787,0.676596
-421.9868,0.0000,-39.8572,0.676661
-421.6325,0.0000,-39.7050,0.676748
-421.3486,0.0000,-39.5830,0.676817
-421.0879,0.0000,-39.4710,0.676875
-420.8269,0.0000,-39.3589,0.676936
-420.5417,0.0000,-39.2363,0.677006
-420.2799,0.0000,-39.1238,0.677066
-420.0178,0.0000,-39.0112,0.677128
-419.7553,0.0000,-38.8983,0.677190
-419.4686,0.0000,-38.7749,0.677258
-419.1814,0.0000,-38.6513,0.677324
-418.8937,0.0000,-38.5275,0.677397
-418.6297,0.0000,-38.4139,0.677458
-418.3412,0.0000,-38.2898,0.677527
-418.0764,0.0000,-38.1761,0.677588
-417.8111,0.0000,-38.0623,0.677651
-417.5455,0.0000,-37.9484,0.677715
-417.2554,0.0000,-37.8242,0.677782
-416.9650,0.0000,-37.6997,0.677851
-416.6984,0.0000,-37.5856,0.677913
-416.4072,0.0000,-37.4608,0.677980
-416.1400,0.0000,-37.3463,0.678042
-415.8483,-0.0000,-37.2211,0.678114
-415.5804,0.0000,-37.1061,0.678176
-415.3122,0.0000,-36.9911,0.678242
-415.0193,0.0000,-36.8655,0.678310
-414.7504,0.0000,-36.7503,0.678376
-414.4811,0.0000,-36.6349,0.678439
-414.1871,0.0000,-36.5089,0.678505
-413.9172,0.0000,-36.3932,0.678572
-413.5979,0.0000,-36.2563,0.678645
-413.3273,0.0000,-36.1403,0.678711
-413.0316,0.0000,-36.0137,0.678778
-412.7602,0.0000,-35.8976,0.678844
-412.4637,0.0000,-35.7709,0.678913
-412.1916,0.0000,-35.6546,0.678979
-411.9190,0.0000,-35.5383,0.679044
-411.6213,0.0000,-35.4113,0.679113
-411.3232,0.0000,-35.2842,0.679184
-411.0247,0.0000,-35.1569,0.679251
-410.7259,0.0000,-35.0296,0.679324
-410.4516,0.0000,-34.9127,0.679387
-410.1520,0.0000,-34.7851,0.679462
-409.8770,0.0000,-34.6680,0.679523
-409.5768,0.0000,-34.5401,0.679595
-409.2762,0.0000,-34.4119,0.679665
-408.9755,0.0000,-34.2834,0.679735
-408.6996,0.0000,-34.1653,0.679801
-408.3983,0.0000,-34.0361,0.679876
-408.0968,0.0000,-33.9066,0.679947
-407.8202,0.0000,-33.7877,0.680012
-407.5182,0.0000,-33.6575,0.680081
-407.2413,0.0000,-33.5377,0.680151
-406.9138,0.0000,-33.3956,0.680226
-406.6365,0.0000,-33.2750,0.680292
-406.3589,0.0000,-33.1541,0.680361
-405.9799,0.0000,-32.9889,0.680446
-405.7015,0.0000,-32.8675,0.680513
-405.3976,0.0000,-32.7348,0.680587
-405.1187,0.0000,-32.6129,0.680652
-404.8394,0.0000,-32.4908,0.680719
-404.5344,0.0000,-32.3574,0.680790
-404.1781,0.0000,-32.2015,0.680877
-403.8976,0.0000,-32.0790,0.680942
-403.6168,0.0000,-31.9563,0.681008
-403.3100,0.0000,-31.8224,0.681079
-403.0029,0.0000,-31.6884,0.681156
-402.7210,0.0000,-31.5653,0.681222
-402.4130,0.0000,-31.4311,0.681295
-402.1303,0.0000,-31.3079,0.681360
-401.8472,0.0000,-31.1847,0.681430
-401.5380,0.0000,-31.0503,0.681502
-401.2542,0.0000,-30.9269,0.681574
-400.9701,0.0000,-30.8035,0.681638
-400.6856,0.0000,-30.6799,0.681703
-400.3749,0.0000,-30.5450,0.681778
-400.0897,0.0000,-30.4212,0.681847
-399.8042,0.0000,-30.2974,0.681916
-399.4923,0.0000,-30.1622,0.681989
-399.2061,0.0000,-30.0382,0.682056
-398.9194,0.0000,-29.9142,0.682123
-398.6064,0.0000,-29.7788,0.682200
-398.2928,0.0000,-29.6434,0.682276
-398.0051,0.0000,-29.5192,0.682344
-397.6908,0.0000,-29.3836,0.682418
-397.4023,0.0000,-29.2593,0.682486
-397.0873,0.0000,-29.1236,0.682560
-396.7719,0.0000,-28.9877,0.682635
-396.4561,0.0000,-28.8518,0.682713
-396.1662,0.0000,-28.7271,0.682780
-395.8496,0.0000,-28.5909,0.682858
-395.5591,0.0000,-28.4660,0.682922
-395.2683,0.0000,-28.3410,0.682995
-394.9507,0.0000,-28.2046,0.683071
-394.6593,0.0000,-28.0794,0.683140
-394.3940,0.0000,-27.9655,0.683205
-393.9956,0.0000,-27.7945,0.683299
-393.7031,0.0000,-27.6690,0.683369
-393.3837,0.0000,-27.5320,0.683446
-393.0906,0.0000,-27.4063,0.683513
-392.7973,0.0000,-27.2806,0.683582
-392.4771,0.0000,-27.1435,0.683660
-392.1835,0.0000,-27.0177,0.683727
-391.8896,0.0000,-26.8919,0.683800
-391.5689,0.0000,-26.7546,0.683875
-391.2746,0.0000,-26.6287,0.683948
-390.9803,0.0000,-26.5028,0.684015
-390.6321,0.0000,-26.3539,0.684099
-390.3373,0.0000,-26.2279,0.684174
-390.0423,0.0000,-26.1019,0.684238
-389.7204,0.0000,-25.9643,0.684315
-389.4251,0.0000,-25.8380,0.684384
-389.1030,0.0000,-25.7000,0.684461
-388.8076,0.0000,-25.5732,0.684534
-388.4853,0.0000,-25.4346,0.684611
-388.1897,0.0000,-25.3073,0.684684
-387.8939,0.0000,-25.1799,0.684750
-387.5711,0.0000,-25.0408,0.684827
-387.2749,0.0000,-24.9131,0.684899
-386.9516,0.0000,-24.7738,0.684980
-386.6550,0.0000,-24.6460,0.685047
-386.3583,0.0000,-24.5181,0.685120
-386.0613,0.0000,-24.3901,0.685190
-385.8183,0.0000,-24.2853,0.685248
-385.5751,0.0000,-24.1805,0.685307
-385.2507,0.0000,-24.0405,0.685385
-384.9532,0.0000,-23.9120,0.685456
-384.6285,0.0000,-23.7717,0.685533
-384.3305,0.0000,-23.6430,0.685604
-384.0325,0.0000,-23.5141,0.685677
-383.7343,0.0000,-23.3852,0.685744
-383.4358,0.0000,-23.2563,0.685816
-383.1100,0.0000,-23.1155,0.685894
-382.7840,0.0000,-22.9746,0.685970
-382.4849,0.0000,-22.8453,0.686044
-382.1585,0.0000,-22.7042,0.686118
-381.8319,0.0000,-22.5630,0.686197
-381.5324,0.0000,-22.4334,0.686270
-381.2328,0.0000,-22.3036,0.686342
-380.9059,0.0000,-22.1617,0.686419
-380.5789,0.0000,-22.0195,0.686496
-380.2791,0.0000,-21.8890,0.686575
-379.9790,0.0000,-21.7583,0.686641
-379.6243,0.0000,-21.6035,0.686726
-379.3239,0.0000,-21.4725,0.686798
-379.0235,0.0000,-21.3412,0.686870
-378.7228,0.0000,-21.2098,0.686941
-378.3947,0.0000,-21.0663,0.687020
-378.0664,0.0000,-20.9226,0.687098
-377.7651,0.0000,-20.7908,0.687171
-377.4363,0.0000,-20.6470,0.687249
-377.0796,0.0000,-20.4911,0.687334
-376.7501,0.0000,-20.3473,0.687414
-376.4203,0.0000,-20.2036,0.687496
-375.9526,0.0000,-19.9999,0.687607
-375.6222,0.0000,-19.8560,0.687687
-375.3191,0.0000,-19.7240,0.687759
-374.9883,0.0000,-19.5800,0.687837
-374.6848,0.0000,-19.4479,0.687911
-374.3536,0.0000,-19.3037,0.687993
-374.0222,0.0000,-19.1595,0.688074
-373.7183,0.0000,-19.0271,0.688144
-373.4142,0.0000,-18.8945,0.688219
-373.0824,0.0000,-18.7498,0.688297
-372.7502,0.0000,-18.6050,0.688377
-372.4456,0.0000,-18.4722,0.688451
-372.1408,0.0000,-18.3394,0.688524
-371.8080,0.0000,-18.1944,0.688607
-371.4751,0.0000,-18.0493,0.688683
-371.1696,0.0000,-17.9163,0.688754
-370.8638,0.0000,-17.7833,0.688829
-370.5300,0.0000,-17.6382,0.688910
-370.2238,0.0000,-17.5052,0.688982
-369.9174,0.0000,-17.3722,0.689057
-369.6107,0.0000,-17.2392,0.689131
-369.2759,0.0000,-17.0941,0.689210
-368.9687,0.0000,-16.9612,0.689285
-368.6613,0.0000,-16.8283,0.689361
-368.3538,0.0000,-16.6954,0.689432
-368.0180,0.0000,-16.5504,0.689513
-367.7099,0.0000,-16.4175,0.689587
-367.3736,0.0000,-16.2725,0.689667
-367.0371,0.0000,-16.1276,0.689745
-366.6722,0.0000,-15.9705,0.689835
-366.3353,0.0000,-15.8255,0.689915
-366.0262,0.0000,-15.6925,0.689987
-365.7170,0.0000,-15.5594,0.690063
-365.3795,0.0000,-15.4141,0.690145
-365.0700,0.0000,-15.2809,0.690218
-364.7603,0.0000,-15.1476,0.690292
-364.4503,0.0000,-15.0142,0.690361
-364.1120,0.0000,-14.8688,0.690445
-363.8016,0.0000,-14.7354,0.690520
-363.4627,0.0000,-14.5900,0.690604
-363.1519,0.0000,-14.4567,0.690677
-362.8125,0.0000,-14.3112,0.690754
-362.5013,0.0000,-14.1779,0.690832
-362.1615,0.0000,-14.0324,0.690913
-361.8498,0.0000,-13.8991,0.690984
-361.5096,0.0000,-13.7536,0.691064
-361.1975,0.0000,-13.6203,0.691140
-360.8853,0.0000,-13.4870,0.691215
-360.5730,0.0000,-13.3537,0.691285
-360.2321,0.0000,-13.2084,0.691369
-359.9195,0.0000,-13.0752,0.691444
-359.5782,0.0000,-12.9299,0.691523
-359.2368,0.0000,-12.7846,0.691606
-358.9236,0.0000,-12.6516,0.691680
-358.5818,0.0000,-12.5065,0.691760
-358.2682,0.0000,-12.3736,0.691836
-357.9259,0.0000,-12.2288,0.691916
-357.6119,0.0000,-12.0961,0.691992
-357.2978,0.0000,-11.9635,0.692069
-356.9549,0.0000,-11.8189,0.692148
-356.5261,0.0000,-11.6383,0.692249
-356.2114,0.0000,-11.5058,0.692324
-355.8969,0.0000,-11.3734,0.692400
-355.5535,0.0000,-11.2288,0.692483
-355.2387,0.0000,-11.0960,0.692558
-354.9240,0.0000,-10.9632,0.692628
-354.5803,0.0000,-10.8183,0.692714
-354.2653,0.0000,-10.6854,0.692785
-353.9500,0.0000,-10.5526,0.692863
-353.6345,0.0000,-10.4198,0.692939
-353.3190,0.0000,-10.2870,0.693014
-352.9746,0.0000,-10.1422,0.693094
-352.6014,0.0000,-9.9852,0.693183
-352.2855,0.0000,-9.8524,0.693256
-351.9408,0.0000,-9.7074,0.693339
-351.6249,0.0000,-9.5743,0.693415
-351.2799,0.0000,-9.4291,0.693496
-350.9637,0.0000,-9.2959,0.693573
-350.5900,0.0000,-9.1384,0.693659
-350.2448,0.0000,-8.9929,0.693742
-349.9284,0.0000,-8.8593,0.693817
-349.6120,0.0000,-8.7256,0.693891
-349.2667,0.0000,-8.5796,0.693974
-348.9501,0.0000,-8.4456,0.694049
-348.6334,0.0000,-8.3115,0.694123
-348.2303,0.0000,-8.1406,0.694221
-347.9135,0.0000,-8.0063,0.694299
-347.5390,0.0000,-7.8473,0.694382
-347.2221,0.0000,-7.7126,0.694461
-346.9052,0.0000,-7.5776,0.694536
-346.5883,0.0000,-7.4425,0.694610
-346.2427,0.0000,-7.2949,0.694695
-345.9257,0.0000,-7.1593,0.694768
-345.6086,0.0000,-7.0235,0.694843
-345.2626,0.0000,-6.8752,0.694924
-344.9166,0.0000,-6.7268,0.695008
-344.5703,0.0000,-6.5784,0.695089
-344.1660,0.0000,-6.4052,0.695189
-343.8194,0.0000,-6.2567,0.695266
-343.5016,0.0000,-6.1205,0.695346
-343.1837,0.0000,-5.9841,0.695420
-342.8656,0.0000,-5.8477,0.695496
-342.5186,0.0000,-5.6987,0.695578
-342.2005,0.0000,-5.5620,0.695656
-341.8821,0.0000,-5.4253,0.695735
-341.5637,0.0000,-5.2884,0.695811
-341.2163,0.0000,-5.1391,0.695893
-340.8976,0.0000,-5.0022,0.695973
-340.5498,0.0000,-4.8527,0.696054
-340.2310,0.0000,-4.7157,0.696131
-339.9122,0.0000,-4.5785,0.696208
-339.5643,0.0000,-4.4287,0.696295
-339.2455,0.0000,-4.2911,0.696371
-338.8977,0.0000,-4.1405,0.696457
-338.5790,0.0000,-4.0023,0.696535
-338.2312,0.0000,-3.8513,0.696622
-337.8833,0.0000,-3.7001,0.696705
-337.5061,0.0000,-3.5363,0.696797
-337.1577,0.0000,-3.3851,0.696881
-336.8382,0.0000,-3.2466,0.696957
-336.5184,0.0000,-3.1080,0.697031
-336.1694,0.0000,-2.9570,0.697118
-335.8494,0.0000,-2.8185,0.697195
-335.5294,0.0000,-2.6801,0.697275
-335.1805,0.0000,-2.5291,0.697357
-334.8609,0.0000,-2.3909,0.697432
-334.5131,0.0000,-2.2406,0.697519
-334.1666,0.0000,-2.0908,0.697605
-333.8504,0.0000,-1.9542,0.697678
-333.5074,0.0000,-1.8061,0.697763
-333.1663,0.0000,-1.6589,0.697844
-332.8553,0.0000,-1.5247,0.697922
-332.4621,0.0000,-1.3549,0.698017
-332.1551,0.0000,-1.2222,0.698092
-331.8497,0.0000,-1.0902,0.698164
-331.5184,0.0000,-0.9471,0.698242
-331.2165,0.0000,-0.8166,0.698320
-330.8889,0.0000,-0.6750,0.698396
-330.5903,0.0000,-0.5461,0.698464
-330.2933,0.0000,-0.4179,0.698537
-329.9711,0.0000,-0.2788,0.698616
-329.6774,0.0000,-0.1522,0.698684
-329.3853,0.0000,-0.0262,0.698756
-329.0422,0.0000,0.1217,0.698840
-328.7536,0.0000,0.2461,0.698908
-328.4665,0.0000,0.3698,0.698974
-328.1552,0.0000,0.5040,0.699045
-327.8715,0.0000,0.6263,0.699116
-327.5639,0.0000,0.7589,0.699189
-327.1822,0.0000,0.9237,0.699284
-326.8791,0.0000,1.0548,0.699352
-326.6032,0.0000,1.1746,0.699422
-326.3042,0.0000,1.3049,0.699489
-326.0319,0.0000,1.4239,0.699555
-325.7366,0.0000,1.5531,0.699624
-325.4677,0.0000,1.6711,0.699688
-325.2004,0.0000,1.7885,0.699752
-324.9105,0.0000,1.9160,0.699824
-324.5985,0.0000,2.0532,0.699902
-324.2887,0.0000,2.1897,0.699973
-324.0282,0.0000,2.3045,0.700029
-323.7458,0.0000,2.4291,0.700100
-323.4887,0.0000,2.5428,0.700160
-323.2794,0.0000,2.6354,0.700212
-323.0711,0.0000,2.7276,0.700260
-322.7950,0.0000,2.8499,0.700328
-322.5434,0.0000,2.9615,0.700385
-322.2707,0.0000,3.0824,0.700450
-321.9997,0.0000,3.2027,0.700513
-321.7528,0.0000,3.3123,0.700575
-321.5074,0.0000,3.4212,0.700634
-321.2413,0.0000,3.5393,0.700695
-320.9989,0.0000,3.6468,0.700756
-320.7361,0.0000,3.7634,0.700819
-320.4967,0.0000,3.8696,0.700875
-320.2589,0.0000,3.9753,0.700930
-320.0013,0.0000,4.0900,0.700993
-319.7456,0.0000,4.2043,0.701050
-319.5130,0.0000,4.3087,0.701108
-319.2822,0.0000,4.4127,0.701161
-319.0326,0.0000,4.5261,0.701224
-318.7854,0.0000,4.6397,0.701280
-318.5409,0.0000,4.7537,0.701341
-318.3191,0.0000,4.8587,0.701393
-318.0796,0.0000,4.9738,0.701453
-317.8426,0.0000,5.0893,0.701510
-317.6275,0.0000,5.1956,0.701563
-317.3759,0.0000,5.3216,0.701622
-317.1462,0.0000,5.4384,0.701680
-316.9377,0.0000,5.5461,0.701732
-316.7308,0.0000,5.6545,0.701785
-316.5067,0.0000,5.7738,0.701842
-316.2662,0.0000,5.9041,0.701900
-316.1194,0.0000,5.9849,0.701938
-315.9006,0.0000,6.1070,0.701993
-315.7017,0.0000,6.2196,0.702045
-315.5042,0.0000,6.3328,0.702091
-315.3079,0.0000,6.4465,0.702142
-315.0954,0.0000,6.5711,0.702197
-314.8841,0.0000,6.6962,0.702253
-314.6743,0.0000,6.8215,0.702307
-314.4655,0.0000,6.9474,0.702359
-314.2574,0.0000,7.0735,0.702413
-314.0670,0.0000,7.1894,0.702461
-313.8596,0.0000,7.3157,0.702512
-313.6693,0.0000,7.4313,0.702561
-313.4438,0.0000,7.5676,0.702621
-313.2526,0.0000,7.6827,0.702668
-313.0435,0.0000,7.8082,0.702719
-312.8513,0.0000,7.9231,0.702775
-312.6589,0.0000,8.0380,0.702822
-312.3606,0.0000,8.2154,0.702893
-312.1672,0.0000,8.3302,0.702944
-311.9559,0.0000,8.4555,0.702997
-311.7618,0.0000,8.5705,0.703045
-311.5496,0.0000,8.6963,0.703101
-311.3370,0.0000,8.8225,0.703154
-311.1241,0.0000,8.9492,0.703207
-310.9288,0.0000,9.0658,0.703256
-310.7156,0.0000,9.1939,0.703309
-310.5203,0.0000,9.3122,0.703361
-310.3248,0.0000,9.4313,0.703415
-310.1114,0.0000,9.5620,0.703467
-309.8976,0.0000,9.6935,0.703520
-309.7013,0.0000,9.8147,0.703573
-309.5047,0.0000,9.9364,0.703620
-309.3077,0.0000,10.0586,0.703674
-309.0924,0.0000,10.1926,0.703725
-308.8588,0.0000,10.3385,0.703790
-308.6247,0.0000,10.4851,0.703850
-308.4081,0.0000,10.6211,0.703903
-308.2093,-0.0000,10.7464,0.703954
-308.0101,0.0000,10.8724,0.704008
-307.8105,0.0000,10.9989,0.704058
-307.5923,0.0000,11.1377,0.704119
-307.3918,0.0000,11.2655,0.704167
-307.1909,0.0000,11.3939,0.704218
-306.9528,0.0000,11.5465,0.704278
-306.7508,0.0000,11.6761,0.704335
-306.5298,0.0000,11.8182,0.704393
-306.3266,0.0000,11.9489,0.704446
-306.0858,0.0000,12.1039,0.704505
-305.8814,0.0000,12.2357,0.704558
-305.6577,0.0000,12.3799,0.704619
-305.4333,0.0000,12.5246,0.704676
-305.2269,0.0000,12.6576,0.704726
-305.0010,0.0000,12.8032,0.704784
-304.7933,0.0000,12.9370,0.704839
-304.5471,0.0000,13.0957,0.704903
-304.2811,0.0000,13.2674,0.704973
-304.0142,0.0000,13.4398,0.705037
-303.7847,0.0000,13.5881,0.705100
-303.5737,0.0000,13.7246,0.705153
-303.3427,0.0000,13.8738,0.705214
-303.1303,0.0000,14.0110,0.705267
-302.9173,0.0000,14.1486,0.705320
-302.6841,0.0000,14.2991,0.705383
-302.4307,-0.0000,14.4627,0.705448
-302.2351,0.0000,14.5889,0.705497
-301.9998,0.0000,14.7407,0.705560
-301.7833,0.0000,14.8802,0.705615
-301.5661,0.0000,15.0200,0.705672
-301.3285,0.0000,15.1730,0.705732
-301.1100,0.0000,15.3135,0.705788
-300.8909,0.0000,15.4545,0.705843
-300.6512,0.0000,15.6087,0.705904
-300.4309,0.0000,15.7504,0.705962
-300.2099,0.0000,15.8926,0.706023
-299.9682,0.0000,16.0481,0.706080
-299.6853,0.0000,16.2301,0.706153
-299.4623,-0.0000,16.3736,0.706210
-299.2183,0.0000,16.5305,0.706270
-298.9734,0.0000,16.6879,0.706337
-298.7892,0.0000,16.8061,0.706383
-298.5635,0.0000,16.9509,0.706441
-298.3164,0.0000,17.1092,0.706506
-298.0892,0.0000,17.2545,0.706564
-297.8613,0.0000,17.4002,0.706618
-297.6326,0.0000,17.5461,0.706677
-297.3824,0.0000,17.7056,0.706746
-297.1523,0.0000,17.8521,0.706804
-296.9216,0.0000,17.9989,0.706861
-296.6902,0.0000,18.1461,0.706922
-296.4370,0.0000,18.3070,0.706987
-296.2044,0.0000,18.4549,0.707050
-295.9500,0.0000,18.6167,0.707108
-295.7162,0.0000,18.7652,0.707173
-295.3967,0.0000,18.9682,0.707254
-295.1405,0.0000,19.1309,0.707323
-294.8840,0.0000,19.2939,0.707385
-294.6271,0.0000,19.4571,0.707454
-294.3914,-0.0000,19.6070,0.707513
-294.1555,0.0000,19.7571,0.707573
-293.8979,0.0000,19.9212,0.707643
-293.6614,0.0000,20.0718,0.707702
-293.4247,0.0000,20.2226,0.707759
-293.1662,0.0000,20.3873,0.707831
-292.9290,0.0000,20.5383,0.707890
-292.6699,0.0000,20.7033,0.707958
-292.4322,0.0000,20.8546,0.708017
-292.1725,0.0000,21.0198,0.708082
-291.9342,0.0000,21.1714,0.708147
-291.6958,0.0000,21.3231,0.708207
-291.4570,0.0000,21.4750,0.708266
-291.1963,0.0000,21.6407,0.708337
-290.9571,0.0000,21.7928,0.708397
-290.7174,0.0000,21.9449,0.708460
-290.4775,0.0000,22.0970,0.708522
-290.2155,0.0000,22.2629,0.708591
-289.9749,0.0000,22.4150,0.708651
-289.7120,0.0000,22.5807,0.708721
-289.4707,0.0000,22.7325,0.708775
-289.2072,0.0000,22.8979,0.708844
-288.9652,0.0000,23.0494,0.708908
-288.7009,0.0000,23.2145,0.708974
-288.4582,0.0000,23.3656,0.709037
-288.1489,0.0000,23.5576,0.709116
-287.9719,0.0000,23.6672,0.709159
-287.7061,0.0000,23.8313,0.709228
-287.4621,0.0000,23.9816,0.709291
-287.2179,0.0000,24.1318,0.709349
-286.9511,0.0000,24.2954,0.709419
-286.7062,0.0000,24.4451,0.709483
-286.4609,0.0000,24.5945,0.709547
-286.1929,0.0000,24.7573,0.709613
-285.9243,0.0000,24.9196,0.709678
-285.6777,0.0000,25.0679,0.709743
-285.4084,0.0000,25.2290,0.709812
-285.1613,0.0000,25.3760,0.709872
-284.8913,0.0000,25.5357,0.709942
-284.6212,0.0000,25.6947,0.710009
-284.3734,0.0000,25.8398,0.710072
-284.1028,0.0000,25.9973,0.710141
-283.8547,0.0000,26.1412,0.710202
-283.6065,0.0000,26.2844,0.710266
-283.3356,0.0000,26.4400,0.710329
-283.0872,0.0000,26.5821,0.710389
-282.8389,0.0000,26.7237,0.710451
-282.5679,0.0000,26.8777,0.710521
-282.3195,0.0000,27.0184,0.710584
-282.1164,0.0000,27.1332,0.710636
-281.8456,0.0000,27.2859,0.710703
-281.5524,0.0000,27.4507,0.710774
-281.2592,0.0000,27.6150,0.710849
-281.0112,0.0000,27.7536,0.710909
-280.6956,0.0000,27.9292,0.710986
-280.4251,0.0000,28.0792,0.711054
-280.1771,0.0000,28.2161,0.711115
-279.9291,0.0000,28.3527,0.711175
-279.6586,0.0000,28.5011,0.711241
-279.4107,0.0000,28.6368,0.711306
-279.1404,0.0000,28.7844,0.711375
-278.8926,0.0000,28.9194,0.711435
-278.6449,0.0000,29.0539,0.711498
-278.3973,0.0000,29.1881,0.711556
-278.1272,0.0000,29.3340,0.711630
-277.8795,0.0000,29.4673,0.711687
-277.6318,0.0000,29.6000,0.711749
-277.3614,0.0000,29.7442,0.711815
-277.1135,0.0000,29.8758,0.711877
-276.8657,0.0000,30.0070,0.711939
-276.6178,0.0000,30.1378,0.711999
-276.3475,0.0000,30.2799,0.712068
-276.0999,0.0000,30.4097,0.712129
-275.8297,0.0000,30.5507,0.712198
-275.5821,0.0000,30.6795,0.712260
-275.3120,0.0000,30.8195,0.712323
-275.0645,0.0000,30.9475,0.712385
-274.7944,0.0000,31.0865,0.712450
-274.5469,0.0000,31.2136,0.712510
-274.2997,0.0000,31.3403,0.712570
-274.0524,0.0000,31.4666,0.712630
-273.7826,0.0000,31.6039,0.712695
-273.5129,0.0000,31.7407,0.712759
-273.2656,0.0000,31.8657,0.712818
-272.9957,0.0000,32.0016,0.712887
-272.7258,0.0000,32.1372,0.712951
-272.4562,0.0000,32.2723,0.713013
-272.2088,0.0000,32.3957,0.713074
-271.9390,0.0000,32.5299,0.713142
-271.6692,0.0000,32.6638,0.713203
-271.4219,0.0000,32.7863,0.713265
-271.1521,0.0000,32.9196,0.713328
-270.9046,0.0000,33.0414,0.713389
-270.6346,0.0000,33.1740,0.713450
-270.3870,0.0000,33.2952,0.713515
-270.1171,0.0000,33.4270,0.713583
-269.8475,0.0000,33.5584,0.713645
-269.6002,0.0000,33.6785,0.713704
-269.3303,0.0000,33.8094,0.713769
-269.0829,0.0000,33.9291,0.713832
-268.8132,0.0000,34.0593,0.713888
-268.5660,0.0000,34.1783,0.713951
-268.3187,0.0000,34.2971,0.714011
-268.0711,0.0000,34.4157,0.714074
-267.8459,0.0000,34.5234,0.714125
-267.5754,0.0000,34.6525,0.714191
-267.3048,0.0000,34.7813,0.714253
-267.0566,0.0000,34.8992,0.714314
-266.7859,0.0000,35.0279,0.714378
-266.5377,0.0000,35.1458,0.714440
-266.2895,0.0000,35.2638,0.714496
-265.9960,0.0000,35.4032,0.714568
-265.7249,0.0000,35.5320,0.714630
-265.4535,0.0000,35.6606,0.714703
-265.1818,0.0000,35.7893,0.714765
-264.9327,0.0000,35.9073,0.714823
-264.6609,0.0000,36.0364,0.714888
-264.3889,0.0000,36.1658,0.714954
-264.1395,0.0000,36.2848,0.715013
-263.8672,0.0000,36.4150,0.715080
-263.5945,0.0000,36.5454,0.715146
-263.3441,0.0000,36.6650,0.715209
-263.0932,0.0000,36.7846,0.715264
-262.8419,0.0000,36.9043,0.715325
-262.5673,0.0000,37.0349,0.715395
-262.3152,0.0000,37.1547,0.715456
-262.0626,0.0000,37.2745,0.715514
-261.7866,0.0000,37.4054,0.715582
-261.5100,0.0000,37.5362,0.715647
-261.2559,0.0000,37.6561,0.715711
-260.9548,0.0000,37.7976,0.715782
-260.6763,0.0000,37.9280,0.715847
-260.3972,0.0000,38.0583,0.715916
-260.1409,0.0000,38.1776,0.715975
-259.8843,0.0000,38.2970,0.716039
-259.6273,0.0000,38.4163,0.716101
-259.3465,0.0000,38.5464,0.716166
-259.0654,0.0000,38.6767,0.716233
-258.8075,0.0000,38.7963,0.716297
-258.5492,0.0000,38.9161,0.716362
-258.2436,0.0000,39.0578,0.716432
-257.9610,0.0000,39.1886,0.716500
-257.7014,0.0000,39.3086,0.716563
-257.4179,0.0000,39.4395,0.716630
-257.1575,0.0000,39.5595,0.716695
-256.8731,0.0000,39.6905,0.716763
-256.6120,0.0000,39.8107,0.716826
-256.3504,0.0000,39.9309,0.716889
-256.0645,0.0000,40.0621,0.716958
-255.8020,0.0000,40.1825,0.717022
-255.5390,0.0000,40.3030,0.717086
-255.2515,0.0000,40.4346,0.717156
-255.0115,0.0000,40.5443,0.717214
-254.7471,0.0000,40.6651,0.717275
-254.4582,0.0000,40.7971,0.717344
-254.1689,0.0000,40.9295,0.717415
-253.8792,0.0000,41.0622,0.717485
-253.6131,0.0000,41.1840,0.717547
-253.3222,0.0000,41.3171,0.717619
-253.0551,0.0000,41.4392,0.717682
-252.7875,0.0000,41.5615,0.717747
-252.5194,0.0000,41.6839,0.717810
-252.2508,0.0000,41.8065,0.717876
-251.9573,0.0000,41.9404,0.717943
-251.6878,0.0000,42.0633,0.718010
-251.3932,0.0000,42.1975,0.718080
-251.1227,0.0000,42.3207,0.718145
-250.8518,0.0000,42.4441,0.718207
-250.5557,0.0000,42.5790,0.718283
-250.2839,0.0000,42.7028,0.718349
-250.0116,0.0000,42.8268,0.718410
-249.7140,0.0000,42.9623,0.718482
-249.4407,0.0000,43.0867,0.718548
-249.1422,0.0000,43.2225,0.718619
-248.8432,0.0000,43.3587,0.718695
-248.5441,0.0000,43.4954,0.718765
-248.2699,0.0000,43.6214,0.718830
-247.9957,0.0000,43.7482,0.718893
-247.6962,0.0000,43.8873,0.718966
-247.4214,0.0000,44.0153,0.719030
-247.1461,0.0000,44.1436,0.719099
-246.8455,0.0000,44.2840,0.719170
-246.4438,0.0000,44.4720,0.719271
-246.1672,0.0000,44.6016,0.719333
-245.8649,0.0000,44.7432,0.719405
-245.5874,0.0000,44.8734,0.719474
-245.3094,0.0000,45.0038,0.719539
-245.0058,0.0000,45.1466,0.719613
-244.7270,0.0000,45.2777,0.719676
-244.4477,0.0000,45.4092,0.719744
-244.1425,0.0000,45.5528,0.719820
-243.8367,0.0000,45.6967,0.719893
-243.5558,0.0000,45.8287,0.719961
-243.2745,0.0000,45.9608,0.720026
-242.9670,0.0000,46.1051,0.720099
-242.6849,0.0000,46.2376,0.720167
-242.4025,0.0000,46.3703,0.720236
-242.0941,0.0000,46.5155,0.720310
-241.8110,0.0000,46.6489,0.720380
-241.5017,0.0000,46.7947,0.720453
-241.1918,0.0000,46.9407,0.720527
-240.9074,0.0000,47.0747,0.720594
-240.5707,0.0000,47.2334,0.720676
-240.2854,0.0000,47.3678,0.720746
-239.9995,0.0000,47.5024,0.720816
-239.6873,0.0000,47.6496,0.720888
-239.4005,0.0000,47.7847,0.720957
-239.0873,0.0000,47.9323,0.721036
-238.7999,0.0000,48.0680,0.721100
-238.4859,0.0000,48.2163,0.721177
-238.1979,0.0000,48.3528,0.721247
-237.8834,0.0000,48.5022,0.721325
-237.5950,0.0000,48.6397,0.721393
-237.2799,0.0000,48.7901,0.721468
-236.9118,0.0000,48.9662,0.721556
-236.5957,0.0000,49.1175,0.721635
-236.2791,0.0000,49.2690,0.721710
-235.9619,0.0000,49.4208,0.721787
-235.6706,0.0000,49.5601,0.721856
-235.3522,0.0000,49.7123,0.721931
-235.0333,0.0000,49.8646,0.722008
-234.7405,0.0000,50.0044,0.722080
-234.4205,0.0000,50.1572,0.722156
-234.1000,0.0000,50.3103,0.722236
-233.8057,0.0000,50.4507,0.722305
-233.5110,0.0000,50.5913,0.722378
-233.1888,0.0000,50.7449,0.722456
-232.8661,0.0000,50.8985,0.722531
-232.5697,0.0000,51.0395,0.722605
-232.2729,0.0000,51.1807,0.722674
-231.9486,0.0000,51.3348,0.722755
-231.6508,0.0000,51.4763,0.722823
-231.3526,0.0000,51.6179,0.722898
-231.0266,0.0000,51.7725,0.722975
-230.7273,0.0000,51.9143,0.723050
-230.4276,0.0000,52.0563,0.723117
-230.1274,0.0000,52.1984,0.723190
-229.8268,0.0000,52.3407,0.723260
-229.4983,0.0000,52.4960,0.723339
-229.1967,0.0000,52.6386,0.723414
-228.8947,0.0000,52.7813,0.723485
-228.5647,0.0000,52.9372,0.723566
-228.2618,0.0000,53.0803,0.723642
-227.9308,0.0000,53.2365,0.723718
-227.6269,0.0000,53.3799,0.723792
-227.2948,0.0000,53.5364,0.723874
-226.9900,0.0000,53.6800,0.723945
-226.6846,0.0000,53.8238,0.724022
-226.3511,0.0000,53.9809,0.724101
-226.0448,0.0000,54.1250,0.724174
-225.7382,0.0000,54.2692,0.724247
-225.4310,0.0000,54.4136,0.724326
-225.0954,0.0000,54.5713,0.724403
-224.7873,0.0000,54.7159,0.724476
-224.4788,0.0000,54.8607,0.724555
-224.1698,0.0000,55.0057,0.724627
-223.8322,0.0000,55.1640,0.724707
-223.5223,0.0000,55.3093,0.724784
-223.2120,0.0000,55.4547,0.724856
-222.8730,0.0000,55.6135,0.724934
-222.5617,0.0000,55.7593,0.725013
-222.2216,0.0000,55.9184,0.725096
-221.9094,0.0000,56.0644,0.725169
-221.5683,0.0000,56.2239,0.725249
-221.2552,0.0000,56.3702,0.725325
-220.9416,0.0000,56.5166,0.725399
-220.5990,0.0000,56.6766,0.725483
-220.2844,0.0000,56.8233,0.725559
-219.9695,0.0000,56.9702,0.725634
-219.6253,0.0000,57.1305,0.725718
-219.3094,0.0000,57.2777,0.725789
-218.8779,0.0000,57.4785,0.725897
-218.6186,0.0000,57.5991,0.725958
-218.3013,0.0000,57.7467,0.726035
-217.9548,0.0000,57.9079,0.726116
-217.6368,0.0000,58.0560,0.726193
-217.3185,0.0000,58.2044,0.726268
-216.9711,0.0000,58.3667,0.726356
-216.6523,0.0000,58.5158,0.726428
-216.3044,0.0000,58.6789,0.726510
-215.9853,0.0000,58.8289,0.726588
-215.4919,0.0000,59.0616,0.726702
-215.1435,0.0000,59.2266,0.726794
-214.7948,0.0000,59.3920,0.726877
-214.5330,0.0000,59.5164,0.726940
-214.1837,0.0000,59.6826,0.727027
-213.8340,0.0000,59.8490,0.727109
-213.4839,0.0000,60.0157,0.727198
-213.1626,0.0000,60.1688,0.727273
-212.8412,0.0000,60.3223,0.727348
-212.4903,0.0000,60.4901,0.727434
-212.1685,0.0000,60.6444,0.727514
-211.8465,0.0000,60.7991,0.727591
-211.5244,0.0000,60.9543,0.727669
-211.1726,0.0000,61.1240,0.727752
-210.8499,0.0000,61.2800,0.727830
-210.4974,0.0000,61.4503,0.727920
-210.1738,0.0000,61.6067,0.727993
-209.8203,0.0000,61.7774,0.728083
-209.4957,0.0000,61.9339,0.728158
-209.1412,0.0000,62.1048,0.728241
-208.7863,0.0000,62.2757,0.728327
-208.4606,0.0000,62.4327,0.728405
-208.1051,0.0000,62.6042,0.728490
-207.7791,0.0000,62.7618,0.728570
-207.4233,0.0000,62.9343,0.728655
-207.0970,0.0000,63.0929,0.728734
-206.7408,0.0000,63.2663,0.728818
-206.3842,0.0000,63.4401,0.728905
-206.0273,0.0000,63.6142,0.728990
-205.6998,0.0000,63.7740,0.729067
-205.3720,0.0000,63.9341,0.729146
-205.0141,0.0000,64.1091,0.729229
-204.6557,0.0000,64.2843,0.729316
-204.3269,0.0000,64.4451,0.729398
-203.9379,0.0000,64.6354,0.729487
-203.5785,0.0000,64.8114,0.729572
-203.2487,0.0000,64.9729,0.729649
-202.9188,0.0000,65.1345,0.729732
-202.5585,0.0000,65.3110,0.729820
-202.2281,0.0000,65.4730,0.729899
-201.8975,0.0000,65.6351,0.729976
-201.5667,0.0000,65.7975,0.730057
-201.2357,0.0000,65.9601,0.730139
-200.8745,0.0000,66.1378,0.730221
-200.5432,0.0000,66.3009,0.730299
-200.1817,0.0000,66.4792,0.730387
-199.8500,0.0000,66.6428,0.730468
-199.4881,0.0000,66.8216,0.730553
-199.1560,0.0000,66.9857,0.730630
-198.7936,0.0000,67.1649,0.730720
-198.4308,0.0000,67.3444,0.730808
-198.0678,0.0000,67.5240,0.730893
-197.7044,0.0000,67.7037,0.730983
-197.3407,0.0000,67.8835,0.731073
-196.9766,0.0000,68.0635,0.731160
-196.6425,0.0000,68.2284,0.731239
-196.3082,0.0000,68.3934,0.731321
-195.9433,0.0000,68.5731,0.731407
-195.6089,0.0000,68.7378,0.731485
-195.2748,0.0000,68.9021,0.731569
-194.9112,0.0000,69.0808,0.731655
-194.5485,0.0000,69.2590,0.731743
-194.2173,0.0000,69.4216,0.731823
-193.8576,0.0000,69.5980,0.731910
-193.5295,0.0000,69.7588,0.731990
-193.2030,0.0000,69.9187,0.732066
-192.8487,0.0000,70.0921,0.732154
-192.5256,0.0000,70.2499,0.732229
-192.1748,0.0000,70.4210,0.732319
-191.8548,0.0000,70.5767,0.732394
-191.5364,0.0000,70.7313,0.732470
-191.1908,0.0000,70.8989,0.732553
-190.8469,0.0000,71.0651,0.732633
-190.5334,0.0000,71.2165,0.732714
-190.1931,0.0000,71.3804,0.732793
-189.8827,0.0000,71.5297,0.732865
-189.5458,0.0000,71.6914,0.732950
-189.2108,0.0000,71.8518,0.733027
-188.8775,0.0000,72.0110,0.733111
-188.5736,0.0000,72.1559,0.733185
-188.2713,0.0000,72.2999,0.733258
-187.9433,0.0000,72.4559,0.733334
-187.6442,0.0000,72.5980,0.733410
-187.3198,0.0000,72.7519,0.733490
-187.0241,0.0000,72.8921,0.733563
-186.6234,0.0000,73.0819,0.733658
-186.3050,0.0000,73.2326,0.733733
-185.9885,0.0000,73.3825,0.733814
-185.7001,0.0000,73.5191,0.733880
-185.3611,0.0000,73.6794,0.733965
-185.1018,0.0000,73.8019,0.734027
-184.8694,0.0000,73.9114,0.734084
-184.5099,0.0000,74.0806,0.734173
-184.2292,0.0000,74.2126,0.734240
-183.9500,0.0000,74.3437,0.734308
-183.6472,0.0000,74.4860,0.734382
-183.3714,0.0000,74.6156,0.734449
-183.0722,0.0000,74.7561,0.734523
-182.7995,0.0000,74.8841,0.734588
-182.5284,0.0000,75.0114,0.734655
-182.2588,0.0000,75.1379,0.734718
-181.9664,0.0000,75.2751,0.734788
-181.7000,0.0000,75.4000,0.734854
-181.4110,0.0000,75.5354,0.734918
-181.1238,0.0000,75.6699,0.734990
-180.8620,0.0000,75.7924,0.735052
-180.5781,0.0000,75.9250,0.735126
-180.2958,0.0000,76.0567,0.735192
-180.0386,0.0000,76.1766,0.735251
-179.7827,0.0000,76.2956,0.735314
-179.5284,0.0000,76.4139,0.735373
-179.2755,0.0000,76.5315,0.735437
-179.0012,0.0000,76.6588,0.735502
-178.7513,0.0000,76.7747,0.735559
-178.5029,0.0000,76.8899,0.735625
-178.2558,0.0000,77.0043,0.735681
-177.9880,0.0000,77.1282,0.735747
-177.7440,0.0000,77.2411,0.735802
-177.5014,0.0000,77.3532,0.735862
-177.2384,0.0000,77.4747,0.735927
-176.9770,0.0000,77.5953,0.735990
-176.7389,0.0000,77.7051,0.736047
-176.4807,0.0000,77.8240,0.736111
-176.2456,0.0000,77.9322,0.736165
-176.0118,0.0000,78.0397,0.736223
-175.7584,0.0000,78.1562,0.736284
-175.5486,0.0000,78.2527,0.736337
-175.3191,0.0000,78.3582,0.736387
-175.0910,0.0000,78.4630,0.736446
-174.8438,0.0000,78.5766,0.736505
-174.6187,0.0000,78.6800,0.736559
-174.3747,0.0000,78.7921,0.736619
-174.1525,0.0000,78.8941,0.736672
-173.9317,0.0000,78.9955,0.736722
-173.7124,0.0000,79.0962,0.736778
-173.4747,0.0000,79.2054,0.736837
-173.2386,0.0000,79.3140,0.736896
-173.0238,0.0000,79.4128,0.736947
-172.8102,0.0000,79.5110,0.736998
-172.5981,0.0000,79.6086,0.737046
-172.3682,0.0000,79.7143,0.737105
-172.1589,0.0000,79.8106,0.737154
-171.9322,0.0000,79.9150,0.737207
-171.6697,0.0000,80.0358,0.737272
-171.5208,0.0000,80.1044,0.737306
-171.2988,0.0000,80.2068,0.737364
-171.0968,0.0000,80.3002,0.737409
-170.8780,0.0000,80.4015,0.737466
-170.6790,0.0000,80.4938,0.737514
-170.4633,0.0000,80.5939,0.737566
-170.2670,0.0000,80.6851,0.737611
-170.0714,0.0000,80.7761,0.737659
-169.8575,0.0000,80.8756,0.737715
-169.6607,0.0000,80.9672,0.737758
-169.4629,0.0000,81.0593,0.737806
-169.2460,0.0000,81.1603,0.737864
-169.0280,0.0000,81.2620,0.737912
-168.8087,0.0000,81.3643,0.737962
-168.5878,0.0000,81.4671,0.738019
-168.3654,0.0000,81.5705,0.738071
-168.1602,0.0000,81.6658,0.738120
-167.9350,0.0000,81.7703,0.738175
-167.7084,0.0000,81.8754,0.738231
-167.4803,-0.0000,81.9812,0.738284
-167.2314,0.0000,82.0967,0.738345
-167.0194,0.0000,82.1951,0.738401
-166.7867,0.0000,82.3031,0.738453
-166.5719,0.0000,82.4027,0.738507
-166.3559,0.0000,82.5030,0.738557
-166.1385,0.0000,82.6039,0.738609
-165.9199,0.0000,82.7055,0.738663
-165.6799,0.0000,82.8171,0.738724
-165.4586,0.0000,82.9200,0.738776
-165.2361,0.0000,83.0236,0.738830
-165.0123,0.0000,83.1279,0.738880
-164.7669,0.0000,83.2422,0.738944
-164.5406,0.0000,83.3477,0.738996
-164.2718,0.0000,83.4731,0.739066
-164.0431,0.0000,83.5800,0.739120
-163.8131,0.0000,83.6874,0.739178
-163.5607,0.0000,83.8054,0.739238
-163.3067,0.0000,83.9240,0.739298
-163.0724,0.0000,84.0333,0.739355
-162.8366,0.0000,84.1432,0.739415
-162.5778,0.0000,84.2635,0.739477
-162.3392,0.0000,84.3744,0.739534
-162.0772,0.0000,84.4960,0.739595
-161.7915,0.0000,84.6285,0.739667
-161.5481,0.0000,84.7411,0.739721
-161.2811,0.0000,84.8647,0.739790
-161.0347,0.0000,84.9785,0.739850
-160.7191,0.0000,85.1242,0.739925
-160.4240,0.0000,85.2604,0.739996
-160.2185,0.0000,85.3551,0.740043
-159.9660,0.0000,85.4715,0.740106
-159.6425,0.0000,85.6203,0.740183
-159.3867,0.0000,85.7378,0.740246
-159.1059,0.0000,85.8666,0.740313
-158.8471,0.0000,85.9851,0.740374
-158.5632,0.0000,86.1149,0.740443
-158.3017,0.0000,86.2343,0.740504
-158.0149,0.0000,86.3652,0.740577
-157.7509,0.0000,86.4856,0.740639
-157.4620,0.0000,86.6174,0.740711
-157.1962,0.0000,86.7386,0.740777
-156.9297,0.0000,86.8601,0.740839
-156.6623,0.0000,86.9818,0.740903
-156.3697,0.0000,87.1149,0.740977
-156.0761,0.0000,87.2483,0.741047
-155.8062,0.0000,87.3709,0.741113
-155.4863,0.0000,87.5160,0.741187
-155.2150,0.0000,87.6391,0.741252
-154.9184,0.0000,87.7734,0.741327
-154.6460,0.0000,87.8967,0.741392
-154.3732,0.0000,88.0200,0.741459
-154.1000,0.0000,88.1435,0.741526
-153.8014,0.0000,88.2783,0.741598
-153.5273,0.0000,88.4019,0.741665
-153.2027,0.0000,88.5481,0.741742
-152.9276,0.0000,88.6719,0.741810
-152.6522,0.0000,88.7957,0.741882
-152.3512,0.0000,88.9309,0.741957
-152.1252,0.0000,89.0324,0.742010
-151.8486,0.0000,89.1566,0.742073
-151.5716,0.0000,89.2809,0.742146
-151.2691,0.0000,89.4167,0.742214
-150.9913,0.0000,89.5413,0.742287
-150.7130,0.0000,89.6660,0.742354
-150.3837,0.0000,89.8133,0.742437
-150.0538,0.0000,89.9606,0.742515
-149.7742,0.0000,90.0853,0.742585
-149.4941,0.0000,90.2098,0.742647
-149.1881,0.0000,90.3456,0.742724
-148.9071,0.0000,90.4700,0.742795
-148.6257,0.0000,90.5944,0.742864
-148.3181,0.0000,90.7299,0.742937
-148.0358,0.0000,90.8540,0.743003
-147.7274,0.0000,90.9894,0.743076
-147.4442,0.0000,91.1134,0.743147
-147.1607,0.0000,91.2374,0.743215
-146.8509,0.0000,91.3725,0.743292
-146.5665,0.0000,91.4964,0.743361
-146.2817,0.0000,91.6202,0.743427
-145.9706,0.0000,91.7553,0.743505
-145.6851,0.0000,91.8790,0.743572
-145.3991,0.0000,92.0027,0.743642
-145.0868,0.0000,92.1376,0.743714
-144.8002,0.0000,92.2614,0.743788
-144.4871,0.0000,92.3964,0.743863
-144.1476,0.0000,92.5427,0.743940
-143.8339,0.0000,92.6779,0.744018
-143.5723,0.0000,92.7905,0.744081
-143.2581,0.0000,92.9257,0.744157
-142.9700,0.0000,93.0495,0.744226
-142.6820,0.0000,93.1732,0.744291
-142.3416,0.0000,93.3192,0.744375
-142.0275,0.0000,93.4536,0.744451
-141.7402,0.0000,93.5765,0.744518
-141.4537,0.0000,93.6990,0.744590
-141.1681,0.0000,93.8209,0.744659
-140.8575,0.0000,93.9534,0.744735
-140.5738,0.0000,94.0743,0.744804
-140.2911,0.0000,94.1948,0.744870
-139.9838,0.0000,94.3258,0.744944
-139.6777,0.0000,94.4563,0.745020
-139.3729,0.0000,94.5864,0.745091
-139.0947,0.0000,94.7053,0.745158
-138.7923,0.0000,94.8346,0.745231
-138.5162,0.0000,94.9528,0.745296
-138.2162,0.0000,95.0815,0.745372
-137.9174,0.0000,95.2097,0.745440
-137.6445,0.0000,95.3268,0.745506
-137.3724,0.0000,95.4435,0.745577
-137.0765,0.0000,95.5701,0.745646
-136.7817,0.0000,95.6961,0.745714
-136.4879,0.0000,95.8214,0.745789
-136.2195,0.0000,95.9357,0.745853
-135.9277,0.0000,96.0599,0.745926
-135.6612,0.0000,96.1732,0.745990
-135.3956,0.0000,96.2861,0.746055
-135.1070,0.0000,96.4088,0.746122
-134.8195,0.0000,96.5309,0.746192
-134.5569,0.0000,96.6424,0.746255
-134.2716,0.0000,96.7636,0.746319
-134.0110,0.0000,96.8743,0.746385
-133.7514,0.0000,96.9846,0.746449
-133.4223,0.0000,97.1244,0.746525
-133.1415,0.0000,97.2436,0.746594
-132.8854,0.0000,97.3523,0.746656
-132.6306,0.0000,97.4605,0.746716
-132.3541,0.0000,97.5781,0.746785
-132.0563,0.0000,97.7050,0.746855
-131.8058,0.0000,97.8118,0.746917
-131.5114,0.0000,97.9375,0.746984
-131.2186,0.0000,98.0625,0.747055
-130.9722,0.0000,98.1677,0.747115
-130.7270,0.0000,98.2724,0.747171
-130.4609,0.0000,98.3858,0.747241
-130.1964,0.0000,98.4984,0.747303
-129.9336,0.0000,98.6101,0.747370
-129.6941,0.0000,98.7117,0.747422
-129.4561,0.0000,98.8127,0.747483
-129.1980,0.0000,98.9220,0.747542
-128.9630,0.0000,99.0216,0.747599
-128.7081,0.0000,99.1294,0.747660
-128.4549,0.0000,99.2364,0.747721
-128.2242,0.0000,99.3338,0.747777
-127.9742,0.0000,99.4393,0.747836
-127.7465,0.0000,99.5353,0.747893
-127.4998,0.0000,99.6393,0.747953
-127.2751,0.0000,99.7341,0.748008
-127.0519,0.0000,99.8283,0.748063
-126.8301,0.0000,99.9219,0.748116
-126.6096,0.0000,100.0149,0.748171
-126.3708,0.0000,100.1157,0.748227
-126.1336,0.0000,100.2158,0.748285
-125.8981,0.0000,100.3152,0.748340
-125.6837,0.0000,100.4058,0.748390
-125.4515,0.0000,100.5039,0.748450
-125.2402,0.0000,100.5934,0.748499
-125.0113,0.0000,100.6905,0.748553
-124.8029,0.0000,100.7790,0.748606
-124.5771,0.0000,100.8749,0.748663
-124.3716,0.0000,100.9622,0.748708
-124.1490,0.0000,101.0569,0.748762
-123.9280,0.0000,101.1509,0.748815
-123.7267,0.0000,101.2364,0.748866
-123.5087,0.0000,101.3291,0.748921
-123.2922,0.0000,101.4210,0.748970
-123.0952,0.0000,101.5047,0.749025
-122.8995,0.0000,101.5878,0.749070
-122.6876,0.0000,101.6778,0.749119
-122.4947,0.0000,101.7598,0.749167
-122.2858,0.0000,101.8487,0.749216
-122.0958,0.0000,101.9296,0.749265
-121.9072,0.0000,102.0101,0.749306
-121.7028,0.0000,102.0974,0.749353
-121.5168,0.0000,102.1769,0.749403
-121.3153,0.0000,102.2630,0.749450
-121.1319,0.0000,102.3414,0.749495
-120.9498,0.0000,102.4193,0.749542
-120.7689,0.0000,102.4968,0.749585
-120.5730,0.0000,102.5807,0.749633
-120.3946,0.0000,102.6570,0.749675
-120.1854,0.0000,102.7465,0.749723
-120.0415,0.0000,102.8080,0.749760
-119.8667,0.0000,102.8827,0.749800
-119.6930,0.0000,102.9567,0.749843
-119.5050,0.0000,103.0369,0.749891
-119.3338,0.0000,103.1098,0.749931
-119.1639,0.0000,103.1822,0.749975
-118.9799,0.0000,103.2606,0.750016
-118.8125,0.0000,103.3319,0.750062
-118.6462,0.0000,103.4028,0.750100
-118.4660,0.0000,103.4795,0.750145
-118.3017,0.0000,103.5493,0.750185
-118.1382,0.0000,103.6187,0.750222
-117.8872,0.0000,103.7251,0.750285
-117.7260,0.0000,103.7933,0.750326
-117.5509,0.0000,103.8673,0.750367
-117.3913,0.0000,103.9347,0.750405
-117.2326,0.0000,104.0017,0.750448
-117.0605,0.0000,104.0743,0.750491
-116.9035,0.0000,104.1404,0.750532
-116.7474,0.0000,104.2063,0.750566
-116.5777,0.0000,104.2777,0.750608
-116.4088,0.0000,104.3488,0.750652
-116.2269,0.0000,104.4252,0.750694
-116.0739,0.0000,104.4895,0.750735
-115.9078,0.0000,104.5590,0.750773
-115.7564,0.0000,104.6223,0.750812
-115.6193,0.0000,104.6796,0.750846
-115.4689,0.0000,104.7422,0.750883
-115.2781,0.0000,104.8217,0.750930
-115.1147,0.0000,104.8897,0.750969
-114.9650,0.0000,104.9522,0.751008
-114.8154,0.0000,105.0147,0.751042
-114.6521,0.0000,105.0830,0.751085
-114.4887,0.0000,105.1514,0.751121
-114.3660,0.0000,105.2028,0.751155
-114.2022,0.0000,105.2714,0.751196
-114.0518,0.0000,105.3343,0.751231
-113.8875,0.0000,105.4030,0.751273
-113.7230,0.0000,105.4717,0.751311
-113.5719,0.0000,105.5347,0.751349
-113.4206,0.0000,105.5977,0.751387
-113.2553,0.0000,105.6665,0.751429
-113.1035,0.0000,105.7296,0.751465
-112.9514,0.0000,105.7926,0.751503
-112.7992,0.0000,105.8558,0.751539
-112.6191,0.0000,105.9304,0.751585
-112.4664,0.0000,105.9937,0.751619
-112.3135,0.0000,106.0570,0.751659
-112.1465,0.0000,106.1261,0.751701
-111.9932,0.0000,106.1895,0.751742
-111.8257,0.0000,106.2588,0.751779
-111.6720,0.0000,106.3223,0.751817
-111.5041,0.0000,106.3917,0.751859
-111.3499,0.0000,106.4554,0.751899
-111.1954,0.0000,106.5191,0.751938
-111.0267,0.0000,106.5886,0.751982
-110.8719,0.0000,106.6524,0.752021
-110.7027,0.0000,106.7221,0.752062
-110.5473,0.0000,106.7859,0.752105
-110.3919,0.0000,106.8497,0.752143
-110.2222,0.0000,106.9194,0.752184
-110.0666,0.0000,106.9832,0.752228
-109.9109,0.0000,107.0470,0.752270
-109.7409,0.0000,107.1167,0.752312
-109.5709,0.0000,107.1864,0.752353
-109.4149,0.0000,107.2503,0.752398
-109.2730,0.0000,107.3084,0.752434
-109.1026,0.0000,107.3781,0.752480
-108.9462,0.0000,107.4421,0.752522
-108.7756,0.0000,107.5118,0.752564
-108.6191,0.0000,107.5759,0.752609
-108.4624,0.0000,107.6399,0.752653
-108.3057,0.0000,107.7039,0.752694
-108.1345,0.0000,107.7739,0.752742
-107.9632,0.0000,107.8438,0.752784
-107.8061,0.0000,107.9078,0.752828
-107.6345,0.0000,107.9778,0.752873
-107.4771,0.0000,108.0419,0.752916
-107.3053,0.0000,108.1118,0.752964
-107.1477,0.0000,108.1759,0.753005
-106.9470,0.0000,108.2576,0.753062
-106.7461,0.0000,108.3392,0.753113
-106.5882,0.0000,108.4034,0.753160
-106.4158,0.0000,108.4735,0.753202
-106.2576,0.0000,108.5377,0.753247
-106.0994,0.0000,108.6019,0.753290
-105.9267,0.0000,108.6720,0.753340
-105.7683,0.0000,108.7363,0.753380
-105.5955,0.0000,108.8066,0.753430
-105.4227,0.0000,108.8771,0.753477
-105.2641,0.0000,108.9418,0.753524
-105.1054,0.0000,109.0066,0.753568
-104.9322,0.0000,109.0772,0.753616
-104.7589,0.0000,109.1480,0.753664
-104.5998,0.0000,109.2129,0.753709
-104.4262,0.0000,109.2837,0.753762
-104.2670,0.0000,109.3487,0.753809
-104.1076,0.0000,109.4137,0.753853
-103.9481,0.0000,109.4788,0.753895
-103.7885,0.0000,109.5439,0.753942
-103.6143,0.0000,109.6150,0.753994
-103.4399,0.0000,109.6861,0.754038
-103.2798,0.0000,109.7512,0.754090
-103.1197,0.0000,109.8164,0.754137
-102.9594,0.0000,109.8817,0.754177
-102.7845,0.0000,109.9529,0.754228
-102.6241,0.0000,110.0183,0.754274
-102.4344,0.0000,110.0956,0.754326
-102.2591,0.0000,110.1671,0.754374
-102.0984,0.0000,110.2328,0.754423
-101.8792,0.0000,110.3224,0.754484
-101.7038,0.0000,110.3944,0.754534
-101.5284,0.0000,110.4665,0.754586
-101.3675,0.0000,110.5329,0.754632
-101.2066,0.0000,110.5994,0.754677
-101.0748,0.0000,110.6538,0.754713
-100.8697,0.0000,110.7387,0.754770
-100.6643,0.0000,110.8236,0.754830
-100.5028,0.0000,110.8904,0.754872
-100.3265,0.0000,110.9634,0.754923
-100.1647,0.0000,111.0302,0.754972
-99.9882,0.0000,111.1033,0.755019
-99.8262,0.0000,111.1704,0.755065
-99.6642,0.0000,111.2375,0.755112
-99.4872,0.0000,111.3108,0.755158
-99.3249,0.0000,111.3782,0.755206
-99.1478,0.0000,111.4517,0.755255
-98.9852,0.0000,111.5191,0.755299
-98.8226,0.0000,111.5867,0.755348
-98.6598,0.0000,111.6543,0.755389
-98.4821,0.0000,111.7282,0.755440
-98.3192,0.0000,111.7959,0.755485
-98.1561,0.0000,111.8638,0.755531
-97.9782,0.0000,111.9380,0.755582
-97.8149,0.0000,112.0060,0.755624
-97.6516,0.0000,112.0742,0.755670
-97.4882,0.0000,112.1424,0.755720
-97.3098,0.0000,112.2170,0.755763
-97.1461,0.0000,112.2854,0.755809
-96.9824,0.0000,112.3538,0.755859
-96.8036,0.0000,112.4286,0.755906
-96.6396,0.0000,112.4972,0.755943
-96.4755,0.0000,112.5658,0.755994
-96.3113,0.0000,112.6346,0.756039
-96.1321,0.0000,112.7097,0.756087
-95.9527,0.0000,112.7848,0.756135
-95.7881,0.0000,112.8538,0.756181
-95.6084,0.0000,112.9290,0.756232
-95.4435,0.0000,112.9980,0.756274
-95.2785,0.0000,113.0670,0.756321
-95.0983,0.0000,113.1423,0.756369
-94.9030,0.0000,113.2239,0.756420
-94.7228,0.0000,113.2990,0.756470
-94.5580,0.0000,113.3677,0.756515
-94.3939,0.0000,113.4361,0.756557
-94.2157,0.0000,113.5103,0.756608
-94.0532,0.0000,113.5780,0.756652
-93.8915,0.0000,113.6454,0.756697
-93.7161,0.0000,113.7186,0.756746
-93.5561,0.0000,113.7854,0.756790
-93.3969,0.0000,113.8518,0.756828
-93.2241,0.0000,113.9239,0.756881
-93.0524,0.0000,113.9957,0.756925
-92.8958,0.0000,114.0610,0.756968
-92.7401,0.0000,114.1261,0.757009
-92.5713,0.0000,114.1966,0.757054
-92.3478,0.0000,114.2899,0.757119
-92.1952,0.0000,114.3536,0.757156
-92.0435,0.0000,114.4170,0.757198
-91.8928,0.0000,114.4800,0.757236
-91.7428,0.0000,114.5426,0.757280
-91.5803,0.0000,114.6106,0.757324
-91.4322,0.0000,114.6724,0.757370
-91.2850,0.0000,114.7340,0.757407
-91.1387,0.0000,114.7951,0.757445
-90.9801,0.0000,114.8615,0.757489
-90.8356,0.0000,114.9219,0.757528
-90.6790,0.0000,114.9874,0.757570
-90.5234,0.0000,115.0525,0.757614
-90.3690,0.0000,115.1172,0.757652
-90.2283,0.0000,115.1762,0.757696
-90.0506,0.0000,115.2509,0.757742
-89.8994,0.0000,115.3145,0.757787
-89.7617,0.0000,115.3724,0.757823
-89.6125,0.0000,115.4353,0.757860
-89.4767,0.0000,115.4925,0.757902
-89.3174,0.0000,115.5598,0.757940
-89.1716,0.0000,115.6215,0.757983
-89.0391,0.0000,115.6776,0.758020
-88.9078,0.0000,115.7333,0.758056
-88.7657,0.0000,115.7936,0.758095
-88.6365,0.0000,115.8486,0.758126
-88.5081,0.0000,115.9032,0.758162
-88.3807,0.0000,115.9575,0.758199
-88.2428,0.0000,116.0162,0.758236
-88.1173,0.0000,116.0697,0.758269
-87.9927,0.0000,116.1229,0.758304
-87.8577,0.0000,116.1806,0.758342
-87.7348,0.0000,116.2331,0.758375
-87.6018,0.0000,116.2900,0.758410
-87.4809,0.0000,116.3418,0.758447
-87.3610,0.0000,116.3932,0.758479
-87.2312,0.0000,116.4490,0.758517
-87.1132,0.0000,116.4998,0.758550
-86.9961,0.0000,116.5504,0.758578
-86.8694,0.0000,116.6053,0.758616
-86.7230,0.0000,116.6688,0.758657
-86.5986,0.0000,116.7229,0.758692
-86.4855,0.0000,116.7722,0.758722
-86.3630,0.0000,116.8256,0.758759
-86.2515,0.0000,116.8743,0.758790
-86.1409,0.0000,116.9226,0.758817
-86.0310,0.0000,116.9706,0.758848
-85.9121,0.0000,117.0227,0.758881
-85.8039,0.0000,117.0702,0.758912
-85.6965,0.0000,117.1173,0.758940
-85.5899,0.0000,117.1641,0.758972
-85.4840,0.0000,117.2106,0.759002
-85.3695,0.0000,117.2610,0.759035
-85.2655,0.0000,117.3068,0.759065
-85.1528,0.0000,117.3565,0.759093
-85.0504,0.0000,117.4017,0.759119
-84.9488,0.0000,117.4467,0.759151
-84.8481,0.0000,117.4913,0.759176
-84.7209,0.0000,117.5478,0.759213
-84.6128,0.0000,117.5959,0.759245
-84.5055,0.0000,117.6437,0.759274
-84.3989,0.0000,117.6913,0.759302
-84.3019,0.0000,117.7347,0.759337
-84.2055,0.0000,117.7779,0.759359
-84.1005,0.0000,117.8250,0.759388
-84.0044,0.0000,117.8683,0.759418
-83.9082,0.0000,117.9117,0.759443
-83.8034,0.0000,117.9591,0.759473
-83.6986,0.0000,118.0067,0.759505
-83.5939,0.0000,118.0544,0.759531
-83.4892,0.0000,118.1023,0.759563
-83.3932,0.0000,118.1462,0.759590
-83.2799,0.0000,118.1983,0.759621
-83.1755,0.0000,118.2464,0.759650
-83.0712,0.0000,118.2947,0.759681
-82.9757,0.0000,118.3392,0.759704
-82.8715,0.0000,118.3878,0.759735
-82.7761,0.0000,118.4325,0.759763
-82.6722,0.0000,118.4813,0.759792
-82.5771,0.0000,118.5262,0.759820
-82.4733,0.0000,118.5754,0.759851
-82.3784,0.0000,118.6206,0.759876
-82.2749,0.0000,118.6702,0.759904
-82.1801,0.0000,118.7158,0.759930
-82.1026,0.0000,118.7532,0.759952
-82.0079,0.0000,118.7992,0.759981
-81.9047,0.0000,118.8495,0.760008
-81.7846,0.0000,118.9085,0.760041
-81.6817,0.0000,118.9593,0.760073
-81.5876,0.0000,119.0060,0.760098
-81.4850,0.0000,119.0573,0.760126
-81.3826,0.0000,119.1088,0.760153
-81.2804,0.0000,119.1606,0.760181
-81.1785,0.0000,119.2127,0.760212
-81.0852,0.0000,119.2607,0.760237
-80.9921,0.0000,119.3090,0.760265
-80.8907,0.0000,119.3620,0.760298
-80.7980,0.0000,119.4108,0.760323
-80.7055,0.0000,119.4599,0.760349
-80.6048,0.0000,119.5137,0.760380
-80.5042,0.0000,119.5678,0.760405
-80.4039,0.0000,119.6223,0.760435
-80.3121,0.0000,119.6725,0.760464
-80.2205,0.0000,119.7230,0.760489
-80.1207,0.0000,119.7784,0.760516
-80.0212,0.0000,119.8341,0.760545
-79.9302,0.0000,119.8854,0.760571
-79.8311,0.0000,119.9418,0.760603
-79.7405,0.0000,119.9937,0.760631
-79.6419,0.0000,120.0507,0.760661
-79.5517,0.0000,120.1032,0.760687
-79.4453,0.0000,120.1656,0.760716
-79.3555,0.0000,120.2188,0.760743
-79.2659,0.0000,120.2722,0.760771
-79.1684,0.0000,120.3308,0.760796
-79.0711,0.0000,120.3898,0.760829
-78.9821,0.0000,120.4442,0.760855
-78.8853,0.0000,120.5038,0.760885
-78.7967,0.0000,120.5588,0.760912
-78.7084,0.0000,120.6141,0.760935
-78.6362,0.0000,120.6595,0.760957
-78.5401,0.0000,120.7203,0.760986
-78.4522,0.0000,120.7763,0.761013
-78.3644,0.0000,120.8325,0.761043
-78.2768,0.0000,120.8890,0.761069
-78.1814,0.0000,120.9508,0.761098
-78.0941,0.0000,121.0078,0.761125
-78.0069,0.0000,121.0650,0.761148
-77.9199,0.0000,121.1224,0.761180
-77.8252,0.0000,121.1853,0.761211
-77.7149,0.0000,121.2590,0.761241
-77.6206,0.0000,121.3225,0.761272
-77.5265,0.0000,121.3862,0.761303
-77.4326,0.0000,121.4503,0.761334
-77.3388,0.0000,121.5146,0.761360
-77.2530,0.0000,121.5739,0.761390
-77.1596,0.0000,121.6388,0.761418
-77.0742,0.0000,121.6985,0.761445
-76.9811,0.0000,121.7639,0.761474
-76.8883,0.0000,121.8296,0.761505
-76.8034,0.0000,121.8901,0.761530
-76.7110,0.0000,121.9563,0.761560
-76.6187,0.0000,122.0228,0.761590
-76.5343,0.0000,122.0840,0.761615
-76.4424,0.0000,122.1510,0.761645
-76.3583,0.0000,122.2127,0.761674
-76.2668,0.0000,122.2802,0.761705
-76.1831,0.0000,122.3424,0.761728
-76.0919,0.0000,122.4105,0.761760
-76.0086,0.0000,122.4731,0.761786
-75.9181,0.0000,122.5416,0.761816
-75.8351,0.0000,122.6046,0.761841
-75.7523,0.0000,122.6679,0.761869
-75.6547,0.0000,122.7430,0.761902
-75.5724,0.0000,122.8069,0.761928
-75.4829,0.0000,122.8767,0.761960
-75.4011,0.0000,122.9409,0.761985
-75.2971,0.0000,123.0231,0.762019
-75.2157,0.0000,123.0881,0.762046
-75.1272,0.0000,123.1592,0.762077
-75.0462,0.0000,123.2247,0.762103
-74.9655,0.0000,123.2905,0.762130
-74.8777,0.0000,123.3625,0.762158
-74.7903,-0.0000,123.4349,0.762192
-74.7031,-0.0000,123.5076,0.762217
-74.6235,-0.0000,123.5746,0.762244
-74.5369,-0.0000,123.6479,0.762274
-74.4579,0.0000,123.7155,0.762300
-74.3720,0.0000,123.7895,0.762329
-74.2864,0.0000,123.8638,0.762361
-74.2082,0.0000,123.9323,0.762385
-74.1233,0.0000,124.0074,0.762414
-74.0388,0.0000,124.0828,0.762446
-73.9477,0.0000,124.1649,0.762475
-73.8641,0.0000,124.2411,0.762505
-73.7810,0.0000,124.3175,0.762534
-73.7050,0.0000,124.3880,0.762560
-73.6225,0.0000,124.4653,0.762590
-73.5474,0.0000,124.5366,0.762618
-73.4658,0.0000,124.6148,0.762648
-73.3846,0.0000,124.6933,0.762674
-73.3105,0.0000,124.7657,0.762701
-73.2302,0.0000,124.8450,0.762731
-73.1569,0.0000,124.9181,0.762757
-73.0774,0.0000,124.9982,0.762785
-73.0049,0.0000,125.0719,0.762814
-72.9263,0.0000,125.1527,0.762842
-72.8546,0.0000,125.2272,0.762869
-72.7768,0.0000,125.3089,0.762895
-72.7059,0.0000,125.3840,0.762924
-72.6289,0.0000,125.4664,0.762952
-72.5587,0.0000,125.5423,0.762980
-72.4888,0.0000,125.6184,0.763005
-72.4130,0.0000,125.7019,0.763034
-72.3376,0.0000,125.7857,0.763062
-72.2627,0.0000,125.8699,0.763089
-72.1882,0.0000,125.9544,0.763118
-72.1203,0.0000,126.0321,0.763144
-72.0465,0.0000,126.1173,0.763172
-71.9792,0.0000,126.1956,0.763201
-71.9123,0.0000,126.2743,0.763226
-71.8396,0.0000,126.3604,0.763254
-71.7733,0.0000,126.4396,0.763278
-71.7014,0.0000,126.5264,0.763309
-71.6359,0.0000,126.6062,0.763335
-71.5648,0.0000,126.6936,0.763362
-71.5000,0.0000,126.7741,0.763389
-71.4298,0.0000,126.8622,0.763417
-71.3658,0.0000,126.9432,0.763443
-71.3022,0.0000,127.0246,0.763468
-71.2332,0.0000,127.1137,0.763495
-71.1703,0.0000,127.1956,0.763522
-71.1077,0.0000,127.2779,0.763549
-71.0399,0.0000,127.3679,0.763575
-70.9781,0.0000,127.4507,0.763599
-70.9111,0.0000,127.5413,0.763629
-70.8390,0.0000,127.6399,0.763658
-70.7785,0.0000,127.7236,0.763683
-70.7128,0.0000,127.8153,0.763712
-70.6529,0.0000,127.8996,0.763738
-70.5881,0.0000,127.9918,0.763765
-70.5290,0.0000,128.0766,0.763791
-70.4649,0.0000,128.1695,0.763818
-70.4013,0.0000,128.2626,0.763847
-70.3434,0.0000,128.3483,0.763870
-70.2858,0.0000,128.4343,0.763897
-70.2286,0.0000,128.5205,0.763922
-70.1666,0.0000,128.6149,0.763950
-70.1102,0.0000,128.7016,0.763975
-70.0643,0.0000,128.7728,0.763997
-70.0085,0.0000,128.8601,0.764022
-69.9480,0.0000,128.9556,0.764051
-69.8929,0.0000,129.0434,0.764076
-69.8344,0.0000,129.1399,0.764103
-69.7765,0.0000,129.2366,0.764132
-69.7181,0.0000,129.3338,0.764157
-69.6605,0.0000,129.4312,0.764188
-69.5816,0.0021,129.5662,0.764225
-69.5246,0.0042,129.6641,0.764253
-69.4682,0.0063,129.7623,0.764278
-69.4170,0.0082,129.8526,0.764304
-69.3618,0.0103,129.9516,0.764333
-69.3115,0.0122,130.0425,0.764359
-69.2617,0.0141,130.1337,0.764385
-69.2033,0.0164,130.2418,0.764413
-69.1543,0.0183,130.3336,0.764439
-69.1014,0.0204,130.4340,0.764467
-69.0535,0.0223,130.5263,0.764493
-69.0018,0.0244,130.6273,0.764521
-68.9517,0.0267,130.7297,0.764547
-68.9011,0.0290,130.8313,0.764576
-68.8553,0.0311,130.9246,0.764604
-68.8060,0.0334,131.0267,0.764633
-68.7613,0.0355,131.1205,0.764657
-68.7132,0.0378,131.2232,0.764685
-68.6695,0.0399,131.3176,0.764709
-68.6225,0.0422,131.4209,0.764738
-68.5796,0.0443,131.5169,0.764765
-68.5345,0.0467,131.6228,0.764794
-68.4793,0.0496,131.7540,0.764829
-68.4381,0.0517,131.8503,0.764855
-68.3942,0.0540,131.9554,0.764884
-68.3546,0.0562,132.0520,0.764908
-68.3156,0.0583,132.1490,0.764935
-68.2735,0.0606,132.2551,0.764963
-68.2320,0.0630,132.3616,0.764992
-68.1879,0.0655,132.4774,0.765022
-68.1510,0.0677,132.5757,0.765046
-68.1134,0.0676,132.6774,0.765076
-68.0746,0.0676,132.7854,0.765103
-68.0366,0.0676,132.8937,0.765132
-67.9989,0.0676,133.0024,0.765161
-67.9617,0.0676,133.1115,0.765188
-67.9279,0.0676,133.2117,0.765214
-67.8946,0.0676,133.3123,0.765241
-67.8588,0.0676,133.4224,0.765269
-67.8264,0.0676,133.5237,0.765295
-67.7917,0.0676,133.6346,0.765323
-67.7548,0.0676,133.7553,0.765354
-67.7214,0.0676,133.8671,0.765385
-67.6886,0.0676,133.9793,0.765412
-67.6590,0.0676,134.0824,0.765438
-67.6274,0.0676,134.1953,0.765468
-67.5964,0.0676,134.3086,0.765496
-67.5686,0.0676,134.4127,0.765522
-67.5388,0.0676,134.5267,0.765550
-67.5121,0.0676,134.6315,0.765578
-67.4837,0.0676,134.7464,0.765606
-67.4583,0.0676,134.8521,0.765633
-67.4335,0.0676,134.9582,0.765661
-67.4071,0.0676,135.0744,0.765688
-67.3835,0.0676,135.1814,0.765717
-67.3576,0.0976,135.2990,0.765745
-67.3320,0.0976,135.4154,0.765776
-67.3095,0.0976,135.5228,0.765801
-67.2857,0.0976,135.6412,0.765830
-67.2681,0.0976,135.7303,0.765852
-67.2472,0.0976,135.8398,0.765880
-67.2252,0.0976,135.9597,0.765910
-67.2055,0.0976,136.0699,0.765937
-67.1845,0.0977,136.1908,0.765968
-67.1659,0.0977,136.3019,0.765995
-67.1511,0.0977,136.3932,0.766017
-67.1321,0.0977,136.5153,0.766048
-67.1137,0.0977,136.6380,0.766079
-67.0974,0.0977,136.7509,0.766106
-67.0804,0.0977,136.8745,0.766136
-67.0640,0.0977,136.9987,0.766166
-67.0496,0.0977,137.1129,0.766195
-67.0358,0.0977,137.2276,0.766224
-67.0215,0.0977,137.3532,0.766253
-67.0090,0.0977,137.4687,0.766282
-66.9961,0.0977,137.5951,0.766312
-66.9849,0.0977,137.7115,0.766341
-66.9734,0.0977,137.8389,0.766373
-66.9637,0.0977,137.9560,0.766400
-66.9499,0.0977,138.1379,0.766445
-66.9390,0.0977,138.2992,0.766484
-66.9313,0.0977,138.4288,0.766517
-66.9245,0.0977,138.5588,0.766547
-66.9190,0.0977,138.6783,0.766577
-66.9138,0.0977,138.8093,0.766608
-66.9081,0.0977,138.9733,0.766649
-66.9039,0.0976,139.1046,0.766680
-66.9019,0.0976,139.2260,0.766710
-66.9014,0.0975,139.3587,0.766741
-66.9015,0.0975,139.4918,0.766774
-66.9024,0.0975,139.6254,0.766806
-66.9039,0.0975,139.7481,0.766836
-66.9064,0.0975,139.8825,0.766869
-66.9098,0.0975,140.0173,0.766901
-66.9141,0.0975,140.1524,0.766935
-66.9193,0.0975,140.2880,0.766967
-66.9250,0.0975,140.4125,0.766997
-66.9326,0.0974,140.5604,0.767033
-66.9404,0.0972,140.6972,0.767065
-66.9491,0.0970,140.8345,0.767101
-66.9578,0.0969,140.9608,0.767130
-66.9654,0.0968,141.0645,0.767155
-66.9762,0.0966,141.2031,0.767188
-66.9877,0.0965,141.3421,0.767222
-66.9990,0.0963,141.4700,0.767253
-67.0120,0.0962,141.6098,0.767286
-67.0246,0.0961,141.7386,0.767317
-67.0415,0.0959,141.9030,0.767357
-67.0529,0.0959,142.0090,0.767382
-67.0674,0.0958,142.1390,0.767414
-67.0839,0.0957,142.2813,0.767447
-67.1011,0.0956,142.4242,0.767482
-67.1204,0.0955,142.5797,0.767519
-67.1388,0.0954,142.7238,0.767552
-67.1579,0.0953,142.8685,0.767588
-67.1775,0.0952,143.0138,0.767622
-67.1994,0.0951,143.1719,0.767664
-67.2222,0.0950,143.3306,0.767699
-67.2420,0.0949,143.4655,0.767729
-67.2699,0.0948,143.6501,0.767774
-67.2929,0.0947,143.7984,0.767810
-67.3166,0.0946,143.9474,0.767846
-67.3387,0.0945,144.0845,0.767878
-67.3635,0.0944,144.2346,0.767914
-67.3889,0.0943,144.3853,0.767951
-67.4127,0.0942,144.5239,0.767983
-67.4393,0.0941,144.6756,0.768019
-67.4642,0.0940,144.8152,0.768053
-67.4921,0.0939,144.9681,0.768089
-67.5254,0.0938,145.1470,0.768133
-67.5523,0.0937,145.2882,0.768166
-67.5823,0.0936,145.4427,0.768203
-67.6130,0.0935,145.5977,0.768240
-67.6445,0.0934,145.7531,0.768277
-67.6878,0.0933,145.9612,0.768326
-67.7209,0.0632,146.1176,0.768365
-67.7553,0.0631,146.2741,0.768402
-67.7901,0.0630,146.4181,0.768436
-67.8318,0.0629,146.5887,0.768476
-67.8734,0.0627,146.7596,0.768519
-67.9128,0.0626,146.9177,0.768558
-67.9535,0.0625,147.0759,0.768595
-67.9919,0.0624,147.2211,0.768631
-68.0353,0.0623,147.3798,0.768669
-68.0762,0.0622,147.5255,0.768704
-68.1220,0.0621,147.6841,0.768742
-68.1660,0.0620,147.8308,0.768778
-68.2149,0.0618,147.9912,0.768817
-68.2637,0.0617,148.1519,0.768856
-68.3132,0.0616,148.3134,0.768897
-68.3592,0.0615,148.4619,0.768932
-68.4102,0.0614,148.6244,0.768971
-68.4579,0.0613,148.7738,0.769009
-68.5107,0.0611,148.9374,0.769048
-68.5596,0.0610,149.0879,0.769085
-68.6137,0.0609,149.2526,0.769125
-68.6685,0.0608,149.4179,0.769165
-68.7240,0.0607,149.5838,0.769206
-68.7757,0.0605,149.7363,0.769243
-68.8328,0.0604,149.9032,0.769284
-68.8906,0.0603,150.0706,0.769324
-68.9443,0.0602,150.2247,0.769363
-69.0084,0.0600,150.4075,0.769408
-69.0683,0.0599,150.5768,0.769448
-69.1289,0.0598,150.7468,0.769491
-69.1849,0.0597,150.9031,0.769531
-69.2467,0.0595,151.0743,0.769571
-69.3092,0.0594,151.2461,0.769613
-69.3669,0.0593,151.4043,0.769653
-69.4357,0.0591,151.5921,0.769698
-69.4996,0.0590,151.7662,0.769740
-69.5586,0.0589,151.9264,0.769781
-69.6235,0.0588,152.1020,0.769823
-69.6887,0.0586,152.2784,0.769866
-69.7597,0.0585,152.4703,0.769913
-69.8311,0.0583,152.6631,0.769960
-69.9028,0.0582,152.8567,0.770008
-69.9749,0.0580,153.0510,0.770056
-70.0419,0.0579,153.2310,0.770099
-70.1038,0.0578,153.3965,0.770140
-70.1717,0.0576,153.5775,0.770184
-70.2401,0.0575,153.7589,0.770230
-70.3087,0.0574,153.9405,0.770273
-70.3773,0.0572,154.1222,0.770319
-70.4400,0.0571,154.2888,0.770358
-70.5080,0.0570,154.4703,0.770404
-70.5754,0.0568,154.6513,0.770449
-70.6422,0.0567,154.8316,0.770493
-70.7029,0.0566,154.9964,0.770533
-70.7793,0.0564,155.2052,0.770585
-70.8442,0.0563,155.3834,0.770628
-70.9033,0.0562,155.5458,0.770668
-70.9670,0.0560,155.7221,0.770712
-71.0246,0.0559,155.8833,0.770753
-71.0868,0.0558,156.0582,0.770794
-71.1442,0.0557,156.2169,0.770834
-71.2075,0.0555,156.3885,0.770875
-71.2653,0.0554,156.5449,0.770915
-71.3281,0.0553,156.7145,0.770956
-71.3850,0.0552,156.8692,0.770994
-71.4466,0.0550,157.0370,0.771036
-71.5024,0.0549,157.1901,0.771073
-71.5629,0.0548,157.3561,0.771115
-71.6228,0.0547,157.5211,0.771155
-71.6775,0.0546,157.6714,0.771193
-71.7417,0.0544,157.8480,0.771236
-71.7959,0.0543,157.9963,0.771272
-71.8530,0.0542,158.1565,0.771314
-71.9101,0.0541,158.3166,0.771353
-71.9629,0.0540,158.4624,0.771389
-72.0202,0.0538,158.6204,0.771424
-72.0770,0.0537,158.7776,0.771466
-72.1284,0.0536,158.9207,0.771502
-72.1976,0.0535,159.1143,0.771550
-72.2573,0.0533,159.2805,0.771590
-72.3122,0.0532,159.4331,0.771626
-72.3668,0.0531,159.5850,0.771663
-72.4210,0.0530,159.7360,0.771701
-72.4747,0.0529,159.8868,0.771739
-72.5279,0.0528,160.0372,0.771775
-72.5766,0.0527,160.1749,0.771810
-72.6295,0.0526,160.3249,0.771845
-72.6824,0.0525,160.4747,0.771883
-72.7352,0.0523,160.6244,0.771919
-72.7837,0.0522,160.7615,0.771952
-72.8365,0.0521,160.9113,0.771990
-72.8849,0.0520,161.0485,0.772023
-72.9378,0.0519,161.1983,0.772062
-72.9862,0.0518,161.3358,0.772094
-73.0346,0.0517,161.4733,0.772130
-73.0873,0.0516,161.6234,0.772165
-73.1444,0.0515,161.7861,0.772205
-73.1927,0.0514,161.9239,0.772238
-73.2452,0.0513,162.0743,0.772274
-73.2934,0.0511,162.2123,0.772307
-73.3415,0.0510,162.3503,0.772343
-73.3940,0.0509,162.5010,0.772381
-73.4421,0.0508,162.6392,0.772411
-73.4945,0.0507,162.7900,0.772451
-73.5426,0.0506,162.9284,0.772483
-73.5950,0.0505,163.0793,0.772519
-73.6430,0.0504,163.2178,0.772554
-73.6954,0.0503,163.3689,0.772591
-73.7477,0.0502,163.5202,0.772627
-73.7957,0.0501,163.6589,0.772659
-73.8480,0.0500,163.8103,0.772699
-73.9003,0.0498,163.9617,0.772736
-73.9569,0.0497,164.1259,0.772775
-74.0091,0.0496,164.2776,0.772810
-74.0569,0.0495,164.4168,0.772845
-74.1090,0.0494,164.5687,0.772883
-74.1567,0.0493,164.7081,0.772915
-74.2043,0.0492,164.8475,0.772950
-74.2563,0.0491,164.9997,0.772986
-74.3082,0.0489,165.1520,0.773023
-74.3601,0.0488,165.3043,0.773060
-74.4077,0.0487,165.4440,0.773094
-74.4597,0.0486,165.5964,0.773130
-74.5074,0.0485,165.7361,0.773166
-74.5597,0.0484,165.8884,0.773202
-74.6121,0.0483,166.0406,0.773238
-74.6646,0.0482,166.1928,0.773273
-74.7041,0.0481,166.3071,0.773303
-74.7525,0.0480,166.4467,0.773333
-74.8053,0.0479,166.5991,0.773373
-74.8537,0.0478,166.7389,0.773406
-74.9022,0.0477,166.8787,0.773439
-74.9550,0.0475,167.0314,0.773477
-75.0034,0.0474,167.1714,0.773511
-75.0520,0.0473,167.3113,0.773545
-75.1049,0.0472,167.4642,0.773581
-75.1535,0.0471,167.6043,0.773616
-75.2066,0.0470,167.7573,0.773654
-75.2552,0.0469,167.8976,0.773686
-75.3082,0.0468,168.0507,0.773721
-75.3745,0.0466,168.2423,0.773770
-75.4231,0.0465,168.3829,0.773804
-75.4762,0.0464,168.5363,0.773839
-75.5249,0.0463,168.6770,0.773875
-75.5736,0.0462,168.8177,0.773908
-75.6268,0.0461,168.9713,0.773944
-75.6756,0.0460,169.1121,0.773977
-75.7243,0.0459,169.2531,0.774012
-75.7775,0.0458,169.4071,0.774049
-75.8350,0.0456,169.5741,0.774089
-75.8879,0.0455,169.7285,0.774128
-75.9407,0.0454,169.8830,0.774164
-75.9889,0.0453,170.0248,0.774197
-76.0415,0.0452,170.1796,0.774233
-76.0896,0.0451,170.3215,0.774267
-76.1552,0.0449,170.5152,0.774313
-76.2077,0.0448,170.6703,0.774348
-76.2602,0.0447,170.8254,0.774387
-76.3128,0.0446,170.9806,0.774422
-76.3654,0.0445,171.1358,0.774460
-76.4179,0.0444,171.2912,0.774496
-76.4705,0.0442,171.4467,0.774534
-76.5187,0.0441,171.5893,0.774565
-76.5712,0.0440,171.7450,0.774603
-76.6238,0.0439,171.9007,0.774640
-76.6721,0.0438,172.0435,0.774675
-76.7249,0.0437,172.1992,0.774712
-76.7734,0.0436,172.3419,0.774745
-76.8353,0.0434,172.5237,0.774787
-76.8885,0.0433,172.6795,0.774825
-76.9373,0.0432,172.8225,0.774858
-76.9907,0.0431,172.9785,0.774893
-77.0441,0.0430,173.1346,0.774930
-77.0931,0.0429,173.2776,0.774966
-77.1468,0.0428,173.4337,0.775001
-77.1961,0.0427,173.5768,0.775035
-77.2501,0.0425,173.7329,0.775073
-77.3042,0.0424,173.8892,0.775108
-77.3539,0.0423,174.0324,0.775141
-77.4082,0.0422,174.1888,0.775179
-77.4581,0.0421,174.3322,0.775213
-77.5170,0.0420,174.5018,0.775251
-77.5670,0.0419,174.6454,0.775286
-77.6215,0.0417,174.8021,0.775324
-77.6761,0.0416,174.9589,0.775361
-77.7308,0.0415,175.1158,0.775397
-77.7810,0.0414,175.2596,0.775432
-77.8313,0.0413,175.4035,0.775465
-77.8863,0.0412,175.5607,0.775503
-77.9368,0.0411,175.7048,0.775536
-77.9919,0.0409,175.8622,0.775573
-78.0469,0.0408,176.0199,0.775610
-78.1065,0.0407,176.1910,0.775648
-78.1614,0.0406,176.3493,0.775686
-78.2118,0.0405,176.4944,0.775720
-78.2667,0.0403,176.6530,0.775758
-78.3173,0.0402,176.7983,0.775792
-78.3727,0.0401,176.9569,0.775830
-78.4284,0.0400,177.1156,0.775868
-78.4796,0.0399,177.2611,0.775901
-78.5357,0.0398,177.4201,0.775937
-78.5873,0.0397,177.5660,0.775972
-78.6389,0.0396,177.7121,0.776007
-78.6952,0.0394,177.8717,0.776044
-78.7468,0.0393,178.0182,0.776078
-78.8033,0.0392,178.1782,0.776118
-78.8599,0.0391,178.3383,0.776154
-78.9118,0.0390,178.4853,0.776190
-78.9687,0.0389,178.6457,0.776227
-79.0209,0.0387,178.7930,0.776261
-79.0780,0.0386,178.9538,0.776299
-79.1352,0.0385,179.1149,0.776337
-79.1925,0.0384,179.2762,0.776375
-79.2498,0.0383,179.4378,0.776413
-79.3082,0.0381,179.5988,0.776449
-79.3613,0.0380,179.7468,0.776486
-79.4141,0.0379,179.8956,0.776520
-79.4715,0.0378,180.0579,0.776559
-79.5290,0.0377,180.2202,0.776595
-79.5820,0.0376,180.3690,0.776633
-79.6404,0.0374,180.5315,0.776670
-79.6991,0.0373,180.6942,0.776706
-79.7578,0.0372,180.8572,0.776746
-79.8165,0.0371,181.0204,0.776785
-79.8900,0.0369,181.2249,0.776831
-79.9488,0.0368,181.3887,0.776871
-80.0076,0.0367,181.5527,0.776909
-80.0616,0.0366,181.7033,0.776945
-80.1159,0.0364,181.8542,0.776979
-80.1765,0.0363,182.0193,0.777018
-80.2321,0.0362,182.1696,0.777054
-80.2920,0.0361,182.3344,0.777093
-80.3516,0.0360,182.4996,0.777133
-80.4064,0.0358,182.6511,0.777168
-80.4664,0.0357,182.8166,0.777207
-80.5215,0.0356,182.9685,0.777243
-80.5816,0.0355,183.1346,0.777280
-80.6368,0.0354,183.2870,0.777315
-80.6970,0.0352,183.4535,0.777356
-80.7623,0.0351,183.6342,0.777398
-80.8377,0.0349,183.8429,0.777446
-80.8983,0.0348,184.0101,0.777486
-80.9539,0.0347,184.1635,0.777521
-81.0148,0.0346,184.3309,0.777560
-81.0605,0.0345,184.4567,0.777589
-81.1267,0.0343,184.6386,0.777632
-81.1879,0.0342,184.8068,0.777672
-81.2441,0.0341,184.9611,0.777708
-81.3054,0.0340,185.1296,0.777747
-81.3670,0.0338,185.2983,0.777787
-81.4235,0.0337,185.4530,0.777822
-81.4855,0.0336,185.6220,0.777861
-81.5425,0.0335,185.7769,0.777898
-81.6102,0.0333,185.9602,0.777942
-81.6676,0.0332,186.1156,0.777979
-81.7304,0.0331,186.2852,0.778019
-81.7932,0.0330,186.4551,0.778057
-81.8509,0.0329,186.6111,0.778094
-81.9139,0.0327,186.7814,0.778134
-81.9771,0.0326,186.9520,0.778174
-82.0351,0.0325,187.1087,0.778212
-82.1036,0.0323,187.2941,0.778254
-82.1617,0.0322,187.4512,0.778291
-82.2356,0.0321,187.6516,0.778338
-82.2938,0.0320,187.8092,0.778374
-82.3521,0.0318,187.9670,0.778411
-82.4158,0.0317,188.1393,0.778451
-82.4797,0.0316,188.3118,0.778492
-82.5277,0.0315,188.4413,0.778522
-82.5919,0.0313,188.6142,0.778564
-82.6507,0.0312,188.7729,0.778600
-82.7148,0.0311,188.9462,0.778639
-82.7786,0.0310,189.1190,0.778680
-82.8366,0.0308,189.2769,0.778717
-82.8992,0.0307,189.4482,0.778758
-82.9611,0.0306,189.6183,0.778797
-83.0173,0.0305,189.7730,0.778833
-83.0781,0.0303,189.9404,0.778871
-83.1333,0.0302,190.0927,0.778908
-83.1930,0.0301,190.2574,0.778946
-83.2473,0.0300,190.4072,0.778982
-83.3060,0.0299,190.5693,0.779018
-83.3594,0.0298,190.7168,0.779054
-83.4122,0.0296,190.8631,0.779087
-83.4694,0.0295,191.0214,0.779124
-83.5213,0.0294,191.1653,0.779155
-83.5774,0.0293,191.3210,0.779193
-83.6283,0.0292,191.4626,0.779227
-83.6788,0.0291,191.6031,0.779258
-83.7334,0.0290,191.7550,0.779293
-83.7830,0.0289,191.8931,0.779325
-83.8366,0.0288,192.0425,0.779362
-83.8852,0.0287,192.1783,0.779393
-83.9334,0.0286,192.3130,0.779423
-83.9855,0.0284,192.4587,0.779458
-84.0327,0.0283,192.5911,0.779488
-84.0879,0.0282,192.7463,0.779525
-84.1382,0.0281,192.8882,0.779557
-84.1880,0.0280,193.0289,0.779590
-84.2330,0.0279,193.1568,0.779619
-84.2816,0.0278,193.2950,0.779653
-84.3258,0.0277,193.4206,0.779679
-84.3734,0.0276,193.5564,0.779712
-84.4205,0.0275,193.6908,0.779742
-84.4633,0.0274,193.8130,0.779772
-84.5094,0.0273,193.9450,0.779801
-84.5513,0.0272,194.0649,0.779828
-84.5965,0.0271,194.1944,0.779858
-84.6412,0.0270,194.3227,0.779887
-84.6855,0.0270,194.4496,0.779919
-84.7258,0.0269,194.5647,0.779944
-84.7765,0.0268,194.7098,0.779978
-84.8301,0.0266,194.8635,0.780012
-84.8723,0.0266,194.9851,0.780041
-84.9105,0.0265,195.0955,0.780066
-84.9516,0.0264,195.2148,0.780092
-84.9889,0.0263,195.3230,0.780118
-85.0258,0.0562,195.4302,0.780142
-85.0675,0.0561,195.5566,0.780173
-85.1124,0.0564,195.6594,0.780195
-85.1511,0.0570,195.7722,0.780222
-85.1893,0.0575,195.8846,0.780249
-85.2274,0.0581,195.9962,0.780273
-85.2652,0.0586,196.1068,0.780298
-85.3056,0.0592,196.2258,0.780327
-85.3426,0.0598,196.3355,0.780351
-85.3766,0.0602,196.4360,0.780374
-85.4136,0.0608,196.5457,0.780399
-85.4474,0.0612,196.6465,0.780422
-85.4842,0.0618,196.7565,0.780446
-85.5209,0.0623,196.8667,0.780472
-85.5574,0.0628,196.9770,0.780497
-85.5908,0.0633,197.0782,0.780520
-85.6270,0.0638,197.1886,0.780545
-85.6631,0.0642,197.2992,0.780570
-85.6962,0.0647,197.4004,0.780593
-85.7323,0.0652,197.5108,0.780619
-85.7684,0.0657,197.6213,0.780644
-85.8013,0.0661,197.7226,0.780667
-85.8451,0.0667,197.8623,0.780698
-85.8801,0.0672,197.9740,0.780724
-85.9162,0.0676,198.0846,0.780749
-85.9492,0.0681,198.1858,0.780772
-85.9848,0.0686,198.2963,0.780797
-86.0173,0.0690,198.3975,0.780821
-86.0526,0.0695,198.5080,0.780844
-86.0848,0.0699,198.6095,0.780868
-86.1199,0.0704,198.7204,0.780894
-86.1548,0.0708,198.8314,0.780919
-86.1866,0.0712,198.9332,0.780942
-86.2213,0.0717,199.0442,0.780967
-86.2558,0.0721,199.1550,0.780993
-86.2876,0.0725,199.2566,0.781016
-86.3224,0.0730,199.3673,0.781042
-86.3604,0.0735,199.4869,0.781067
-86.3927,0.0739,199.5880,0.781091
-86.4281,0.0744,199.6983,0.781115
-86.4608,0.0748,199.7992,0.781139
-86.4967,0.0753,199.9090,0.781163
-86.5358,0.0759,200.0281,0.781191
-86.5720,0.0764,200.1382,0.781216
-86.6053,0.0768,200.2392,0.781240
-86.6387,0.0773,200.3404,0.781263
-86.6751,0.0778,200.4511,0.781288
-86.7085,0.0782,200.5527,0.781311
-86.7450,0.0788,200.6637,0.781336
-86.7816,0.0793,200.7750,0.781362
-86.8182,0.0798,200.8865,0.781386
-86.8611,0.0804,201.0168,0.781418
-86.8978,0.0809,201.1288,0.781444
-86.9315,0.0813,201.2317,0.781467
-86.9684,0.0818,201.3440,0.781493
-87.0024,0.0823,201.4471,0.781517
-87.0397,0.0828,201.5594,0.781542
-87.0774,0.0834,201.6719,0.781566
-87.1153,0.0839,201.7846,0.781593
-87.1503,0.0844,201.8881,0.781617
-87.1884,0.0849,202.0013,0.781643
-87.2266,0.0855,202.1149,0.781670
-87.2647,0.0860,202.2289,0.781696
-87.3028,0.0866,202.3433,0.781721
-87.3364,0.0866,202.4459,0.781746
-87.3648,0.0862,202.5322,0.781765
-87.4028,0.0857,202.6475,0.781792
-87.4408,0.0851,202.7632,0.781818
-87.4756,0.0846,202.8694,0.781842
-87.5138,0.0841,202.9856,0.781869
-87.5521,0.0835,203.1019,0.781895
-87.5876,0.0830,203.2088,0.781919
-87.6265,0.0825,203.3257,0.781947
-87.6656,0.0819,203.4429,0.781974
-87.7016,0.0814,203.5506,0.781997
-87.7411,0.0809,203.6682,0.782026
-87.7808,0.0804,203.7862,0.782052
-87.8176,0.0799,203.8945,0.782077
-87.8580,0.0794,204.0130,0.782106
-87.8953,0.0789,204.1218,0.782130
-87.9364,0.0784,204.2410,0.782158
-87.9777,0.0779,204.3605,0.782186
-88.0191,0.0774,204.4805,0.782214
-88.0573,0.0769,204.5908,0.782238
-88.0992,0.0764,204.7115,0.782267
-88.1378,0.0759,204.8224,0.782293
-88.1803,0.0754,204.9439,0.782320
-88.2195,0.0749,205.0555,0.782345
-88.2627,0.0745,205.1776,0.782374
-88.3025,0.0740,205.2898,0.782401
-88.3462,0.0735,205.4126,0.782429
-88.3865,0.0731,205.5257,0.782456
-88.4307,0.0726,205.6493,0.782484
-88.4715,0.0721,205.7630,0.782511
-88.5199,0.0716,205.8979,0.782543
-88.5611,0.0712,206.0124,0.782569
-88.6063,0.0707,206.1377,0.782597
-88.6479,0.0703,206.2529,0.782624
-88.6937,0.0698,206.3790,0.782654
-88.7358,0.0693,206.4949,0.782680
-88.7821,0.0689,206.6218,0.782710
-88.8247,0.0684,206.7384,0.782737
-88.8714,0.0680,206.8662,0.782767
-88.9301,0.0674,207.0267,0.782804
-88.9785,0.0671,207.1556,0.782834
-89.0293,0.0667,207.2961,0.782866
-89.0723,0.0663,207.4155,0.782896
-89.1193,0.0659,207.5462,0.782926
-89.1666,0.0655,207.6773,0.782955
-89.2141,0.0652,207.8088,0.782985
-89.2618,0.0648,207.9408,0.783016
-89.3098,0.0644,208.0732,0.783047
-89.3579,0.0640,208.2061,0.783078
-89.4022,0.0637,208.3284,0.783106
-89.4425,0.0634,208.4399,0.783132
-89.4870,0.0630,208.5630,0.783160
-89.5357,0.0626,208.6977,0.783191
-89.5806,0.0623,208.8216,0.783220
-89.6298,0.0619,208.9570,0.783252
-89.6753,0.0616,209.0813,0.783281
-89.7264,0.0623,209.2199,0.783313
-89.7769,0.0632,209.3562,0.783344
-89.8277,0.0642,209.4928,0.783375
-89.8790,0.0652,209.6296,0.783408
-89.9262,0.0661,209.7552,0.783437
-89.9780,0.0671,209.8925,0.783468
-90.0255,0.0681,210.0185,0.783499
-90.0775,0.0691,210.1561,0.783530
-90.1292,0.0701,210.2935,0.783563
-90.1764,0.0710,210.4191,0.783592
-90.2275,0.0720,210.5555,0.783624
-90.2781,0.0730,210.6912,0.783656
-90.3240,0.0738,210.8147,0.783684
-90.3774,0.0749,210.9594,0.783718
-90.4218,0.0757,211.0808,0.783746
-90.4697,0.0766,211.2121,0.783776
-90.5173,0.0775,211.3418,0.783806
-90.5643,0.0784,211.4701,0.783836
-90.6069,0.0792,211.5868,0.783863
-90.6530,0.0801,211.7128,0.783892
-90.6950,0.0809,211.8271,0.783917
-90.7365,0.0817,211.9404,0.783944
-90.7814,0.0825,212.0627,0.783973
-90.8221,0.0833,212.1736,0.783998
-90.8660,0.0841,212.2933,0.784026
-90.9059,0.0849,212.4019,0.784051
-90.9490,0.0857,212.5192,0.784078
-90.9881,0.0865,212.6255,0.784102
-91.0302,0.0873,212.7404,0.784130
-91.0718,0.0881,212.8541,0.784156
-91.1127,0.0888,212.9667,0.784182
-91.1431,0.0893,213.0828,0.784207
-91.1794,0.0904,213.1839,0.784231
-91.2152,0.0914,213.2840,0.784255
-91.2544,0.0926,213.3927,0.784280
-91.2902,0.0937,213.4922,0.784303
-91.3294,0.0949,213.6010,0.784327
-91.3684,0.0961,213.7098,0.784354
-91.4073,0.0972,213.8187,0.784378
-91.4557,0.0987,213.9550,0.784409
-91.4942,0.0999,214.0642,0.784435
-91.5325,0.1011,214.1736,0.784460
-91.5675,0.1022,214.2740,0.784483
-91.6055,0.1034,214.3837,0.784508
-91.6529,0.1048,214.5210,0.784539
-91.6907,0.1060,214.6309,0.784565
-91.7284,0.1072,214.7408,0.784590
-91.7536,0.1080,214.8141,0.784605
-91.7913,0.1092,214.9241,0.784631
-91.8383,0.1095,215.0257,0.784657
-91.8735,0.1089,215.1259,0.784679
-91.9120,0.1083,215.2354,0.784706
-91.9505,0.1077,215.3450,0.784730
-91.9859,0.1072,215.4454,0.784754
-92.0245,0.1066,215.5551,0.784778
-92.0598,0.1061,215.6556,0.784801
-92.0987,0.1056,215.7658,0.784827
-92.1342,0.1053,215.8661,0.784850
-92.1728,0.1050,215.9754,0.784875
-92.2114,0.1047,216.0846,0.784901
-92.2499,0.1044,216.1940,0.784925
-92.2852,0.1040,216.2944,0.784948
-92.3204,0.1037,216.3949,0.784972
-92.3588,0.1034,216.5044,0.784997
-92.3938,0.1031,216.6051,0.785020
-92.4287,0.1027,216.7057,0.785043
-92.4670,0.1024,216.8152,0.785068
-92.5053,0.1021,216.9247,0.785093
-92.5437,0.1017,217.0341,0.785118
-92.5822,0.1014,217.1434,0.785144
-92.6207,0.1011,217.2528,0.785169
-92.6561,0.1008,217.3532,0.785191
-92.6915,0.1005,217.4534,0.785215
-92.7432,0.1000,217.5991,0.785249
-92.7721,0.0998,217.6810,0.785267
-92.8075,0.0995,217.7811,0.785290
-92.8428,0.0992,217.8812,0.785314
-92.8813,0.0989,217.9903,0.785338
-92.9198,0.0985,218.0996,0.785364
-92.9549,0.0982,218.2001,0.785386
-92.9930,0.0979,218.3098,0.785412
-93.0310,0.0975,218.4196,0.785437
-93.0657,0.0972,218.5201,0.785460
-93.1035,0.0968,218.6296,0.785485
-93.1381,0.0965,218.7300,0.785508
-93.1758,0.0961,218.8396,0.785533
-93.2137,0.0958,218.9492,0.785558
-93.2484,0.0954,219.0497,0.785581
-93.3034,0.0947,219.2036,0.785617
-93.3412,0.0940,219.3132,0.785641
-93.3759,0.0934,219.4138,0.785665
-93.4138,0.0927,219.5235,0.785690
-93.4517,0.0920,219.6332,0.785715
-93.4896,0.0913,219.7429,0.785740
-93.5275,0.0906,219.8525,0.785766
-93.5655,0.0900,219.9622,0.785791
-93.6034,0.0893,220.0719,0.785816
-93.6540,0.0884,220.2181,0.785850
-93.7016,0.0876,220.3551,0.785881
-93.7591,0.0866,220.5194,0.785919
-93.7913,0.0860,220.6107,0.785940
-93.8172,0.0856,220.6839,0.785957
-93.8688,0.0847,220.8303,0.785991
-93.9111,0.0841,220.9501,0.786018
-93.9500,0.0836,221.0604,0.786044
-93.9890,0.0832,221.1709,0.786069
-94.0283,0.0827,221.2815,0.786095
-94.0677,0.0823,221.3923,0.786121
-94.1073,0.0818,221.5035,0.786146
-94.1438,0.0815,221.6052,0.786169
-94.1835,0.0808,221.7171,0.786195
-94.2265,0.0802,221.8389,0.786223
-94.2629,0.0796,221.9422,0.786247
-94.3026,0.0790,222.0552,0.786273
-94.3524,0.0782,222.1968,0.786306
-94.3928,0.0777,222.3110,0.786331
-94.4297,0.0774,222.4155,0.786356
-94.4702,0.0770,222.5297,0.786382
-94.5075,0.0767,222.6348,0.786407
-94.5482,0.0763,222.7499,0.786432
-94.5889,0.0760,222.8653,0.786459
-94.6297,0.0756,222.9812,0.786486
-94.6707,0.0752,223.0974,0.786513
-94.7117,0.0748,223.2141,0.786540
-94.7494,0.0745,223.3213,0.786564
-94.7908,0.0741,223.4382,0.786591
-94.8286,0.0736,223.5462,0.786616
-94.8665,0.0731,223.6544,0.786641
-94.9080,0.0725,223.7727,0.786669
-94.9497,0.0720,223.8911,0.786696
-94.9918,0.0714,224.0098,0.786723
-95.0343,0.0709,224.1287,0.786751
-95.0735,0.0705,224.2380,0.786776
-95.1166,0.0699,224.3578,0.786804
-95.1598,0.0694,224.4780,0.786831
-95.1994,0.0690,224.5887,0.786857
-95.2428,0.0684,224.7099,0.786883
-95.2827,0.0679,224.8214,0.786911
-95.3264,0.0674,224.9437,0.786939
-95.3664,0.0670,225.0561,0.786965
-95.4102,0.0665,225.1792,0.786993
-95.4541,0.0661,225.3027,0.787021
-95.5165,0.0654,225.4783,0.787062
-95.5571,0.0650,225.5922,0.787089
-95.6015,0.0645,225.7169,0.787117
-95.6426,0.0640,225.8310,0.787144
-95.6873,0.0634,225.9563,0.787173
-95.7321,0.0628,226.0818,0.787201
-95.7769,0.0622,226.2075,0.787231
-95.8218,0.0616,226.3333,0.787259
-95.8667,0.0610,226.4592,0.787289
-95.9079,0.0605,226.5745,0.787316
-95.9526,0.0599,226.6999,0.787344
-95.9971,0.0593,226.8246,0.787373
-96.0414,0.0587,226.9487,0.787402
-96.0816,0.0581,227.0616,0.787428
-96.1286,0.0575,227.1939,0.787458
-96.1715,0.0569,227.3149,0.787486
-96.2138,0.0563,227.4347,0.787514
-96.2559,0.0558,227.5540,0.787541
-96.2972,0.0555,227.6714,0.787568
-96.3380,0.0553,227.7874,0.787595
-96.3784,0.0550,227.9022,0.787621
-96.4184,0.0548,228.0155,0.787647
-96.4550,0.0546,228.1181,0.787671
-96.4951,0.0544,228.2282,0.787697
-96.5314,0.0541,228.3283,0.787720
-96.5710,0.0538,228.4366,0.787746
-96.6105,0.0535,228.5445,0.787771
-96.6501,0.0532,228.6526,0.787796
-96.6862,0.0529,228.7518,0.787819
-96.7321,0.0525,228.8783,0.787848
-96.7714,0.0522,228.9868,0.787873
-96.8268,0.0517,229.1408,0.787909
-96.8626,0.0514,229.2405,0.787932
-96.9016,0.0510,229.3492,0.787958
-96.9374,0.0507,229.4486,0.787980
-96.9767,0.0504,229.5570,0.788006
-97.0131,0.0501,229.6562,0.788029
-97.0530,0.0498,229.7642,0.788054
-97.0899,0.0496,229.8632,0.788077
-97.1302,0.0493,229.9712,0.788102
-97.1674,0.0491,230.0701,0.788125
-97.2013,0.0489,230.1599,0.788146
-97.2526,0.0486,230.2942,0.788178
-97.2946,0.0488,230.4032,0.788203
-97.3363,0.0493,230.5104,0.788228
-97.3747,0.0497,230.6086,0.788252
-97.4167,0.0502,230.7155,0.788277
-97.4552,0.0506,230.8137,0.788300
-97.4972,0.0511,230.9208,0.788325
-97.5392,0.0515,231.0280,0.788350
-97.5812,0.0520,231.1352,0.788375
-97.6197,0.0524,231.2336,0.788398
-97.6617,0.0528,231.3411,0.788423
-97.7000,0.0532,231.4396,0.788446
-97.7419,0.0537,231.5470,0.788471
-97.7840,0.0541,231.6542,0.788496
-97.8334,0.0547,231.7792,0.788525
-97.8833,0.0560,231.9059,0.788554
-97.9258,0.0572,232.0130,0.788579
-97.9648,0.0583,232.1111,0.788602
-98.0110,0.0595,232.2270,0.788630
-98.0538,0.0607,232.3337,0.788654
-98.0965,0.0618,232.4406,0.788679
-98.1392,0.0630,232.5476,0.788704
-98.1820,0.0641,232.6545,0.788729
-98.2211,0.0651,232.7525,0.788751
-98.2638,0.0663,232.8595,0.788776
-98.3030,0.0673,232.9577,0.788799
-98.3457,0.0684,233.0648,0.788823
-98.3883,0.0696,233.1721,0.788847
-98.4308,0.0707,233.2794,0.788872
-98.4731,0.0720,233.3882,0.788897
-98.5153,0.0736,233.4958,0.788921
-98.5537,0.0751,233.5945,0.788943
-98.5956,0.0767,233.7022,0.788968
-98.6341,0.0782,233.8008,0.788990
-98.6761,0.0798,233.9082,0.789015
-98.7148,0.0813,234.0065,0.789037
-98.7571,0.0829,234.1138,0.789062
-98.7961,0.0844,234.2120,0.789084
-98.8386,0.0860,234.3193,0.789107
-98.8775,0.0874,234.4176,0.789129
-98.9307,0.0894,234.5518,0.789159
-98.9732,0.0910,234.6591,0.789183
-99.0123,0.0925,234.7575,0.789205
-99.0544,0.0936,234.8479,0.789229
-99.0938,0.0895,234.9461,0.789250
-99.1339,0.0855,235.0442,0.789272
-99.1782,0.0811,235.1515,0.789296
-99.2188,0.0771,235.2500,0.789317
-99.2633,0.0728,235.3573,0.789341
-99.3080,0.0684,235.4643,0.789365
-99.3492,0.0645,235.5621,0.789386
-99.3942,0.0602,235.6687,0.789409
-99.4396,0.0559,235.7752,0.789432
-99.4851,0.0517,235.8816,0.789454
-99.5269,0.0478,235.9790,0.789475
-99.5726,0.0435,236.0853,0.789498
-99.6184,0.0393,236.1916,0.789520
-99.6643,0.0351,236.2978,0.789542
-99.6916,0.0300,236.4135,0.789562
-99.7334,0.0300,236.5109,0.789584
-99.7787,0.0300,236.6174,0.789606
-99.8241,0.0300,236.7234,0.789629
-99.8810,0.0324,236.8209,0.789648
-99.9228,0.0346,236.9177,0.789668
-99.9680,0.0371,237.0233,0.789689
-100.0095,0.0393,237.1201,0.789708
-100.0511,0.0415,237.2170,0.789727
-100.0968,0.0440,237.3225,0.789748
-100.1391,0.0462,237.4192,0.789767
-100.1851,0.0487,237.5246,0.789788
-100.2272,0.0509,237.6213,0.789807
-100.2731,0.0534,237.7267,0.789827
-100.3152,0.0557,237.8234,0.789844
-100.3611,0.0581,237.9287,0.789864
-100.4032,0.0604,238.0252,0.789883
-100.4491,0.0628,238.1305,0.789902
-100.4912,0.0651,238.2269,0.789921
-100.5333,0.0673,238.3232,0.789939
-100.5755,0.0696,238.4195,0.789957
-100.6230,0.0686,238.5119,0.789975
-100.6657,0.0671,238.6080,0.789993
-100.7168,0.0654,238.7216,0.790012
-100.7639,0.0638,238.8267,0.790032
-100.8071,0.0623,238.9235,0.790049
-100.8502,0.0608,239.0205,0.790064
-100.8974,0.0592,239.1264,0.790083
-100.9485,0.0574,239.2410,0.790103
-100.9920,0.0559,239.3379,0.790119
-101.0395,0.0543,239.4437,0.790136
-101.0831,0.0529,239.5405,0.790151
-101.1306,0.0513,239.6459,0.790168
-101.1980,0.0490,239.7952,0.790191
-101.2416,0.0475,239.8920,0.790206
-101.2893,0.0460,239.9975,0.790223
-101.3328,0.0445,240.0944,0.790238
-101.3803,0.0429,240.2002,0.790254
-101.4237,0.0414,240.2973,0.790268
-101.4868,0.0392,240.4387,0.790289
-101.5172,0.0000,240.5571,0.790306
-101.5680,0.0000,240.6720,0.790323
-101.6115,0.0000,240.7699,0.790337
-101.6606,0.0000,240.8778,0.790352
-101.7044,0.0000,240.9771,0.790366
-101.7509,0.0000,241.0856,0.790381
-101.7931,0.0000,241.1854,0.790394
-101.8387,0.0000,241.2945,0.790409
-101.8841,0.0000,241.4040,0.790422
-101.9293,0.0000,241.5138,0.790438
-101.9742,0.0000,241.6237,0.790452
-102.0151,0.0000,241.7248,0.790465
-102.0593,0.0000,241.8354,0.790479
-102.1032,0.0000,241.9464,0.790491
-102.1572,0.0000,242.0856,0.790507
-102.2000,0.0000,242.1974,0.790524
-102.2421,0.0000,242.3096,0.790536
-102.2837,0.0000,242.4223,0.790549
-102.3243,0.0000,242.5357,0.790562
-102.3599,0.0000,242.6410,0.790574
-102.3982,0.0000,242.7558,0.790588
-102.4371,0.0000,242.8703,0.790600
-102.4725,0.0000,242.9756,0.790610
-102.5114,0.0000,243.0905,0.790624
-102.5490,0.0000,243.2060,0.790636
-102.5814,0.0000,243.3120,0.790647
-102.6159,0.0000,243.4286,0.790662
-102.6469,0.0000,243.5357,0.790673
-102.6802,0.0000,243.6526,0.790685
-102.7131,0.0000,243.7697,0.790698
-102.7454,0.0000,243.8868,0.790710
-102.7772,0.0000,244.0042,0.790724
-102.8136,0.0000,244.1414,0.790736
-102.8440,0.0000,244.2593,0.790750
-102.8739,0.0000,244.3773,0.790761
-102.9007,0.0000,244.4858,0.790771
-102.9292,0.0000,244.6043,0.790783
-102.9570,0.0000,244.7231,0.790795
-102.9818,0.0000,244.8323,0.790806
-103.0081,0.0000,244.9518,0.790822
-103.0332,0.0000,245.0712,0.790831
-103.0559,0.0000,245.1908,0.790842
-103.0801,0.0000,245.3218,0.790856
-103.1026,0.0000,245.4427,0.790869
-103.1242,0.0000,245.5640,0.790881
-103.1430,0.0000,245.6754,0.790891
-103.1623,0.0000,245.7971,0.790903
-103.1804,0.0000,245.9193,0.790915
-103.1960,0.0000,246.0315,0.790924
-103.2120,0.0000,246.1540,0.790937
-103.2258,0.0000,246.2665,0.790947
-103.2400,0.0000,246.3893,0.790957
-103.2521,0.0000,246.5021,0.790967
-103.2644,0.0000,246.6253,0.790979
-103.2747,0.0000,246.7384,0.790991
-103.2851,0.0000,246.8620,0.791002
-103.2944,0.0000,246.9857,0.791011
-103.3032,0.0000,247.1199,0.791026
-103.3096,0.0000,247.2337,0.791036
-103.3154,0.0000,247.3580,0.791047
-103.3199,0.0000,247.4825,0.791060
-103.3230,0.0000,247.5968,0.791070
-103.3251,0.0000,247.7217,0.791078
-103.3259,0.0000,247.8363,0.791089
-103.3253,0.0000,247.9719,0.791100
-103.3232,0.0000,248.0974,0.791114
-103.3200,0.0000,248.2124,0.791123
-103.3151,0.0000,248.3380,0.791133
-103.3087,0.0000,248.4638,0.791146
-103.3016,0.0000,248.5791,0.791156
-103.2923,0.0000,248.7051,0.791167
-103.2814,0.0000,248.8310,0.791175
-103.2680,0.0000,248.9675,0.791187
-103.2539,0.0000,249.0934,0.791198
-103.2397,0.0000,249.2087,0.791211
-103.2198,0.0000,249.3554,0.791225
-103.2012,0.0000,249.4810,0.791234
-103.1809,0.0000,249.6066,0.791245
-103.1554,0.0000,249.7528,0.791260
-103.1319,0.0000,249.8779,0.791270
-103.1091,0.0000,249.9924,0.791280
-103.0827,0.0000,250.1171,0.791289
-103.0573,0.0000,250.2312,0.791299
-103.0331,0.0000,250.3347,0.791311
-103.0052,0.0000,250.4483,0.791321
-102.9734,0.0000,250.5720,0.791331
-102.9401,0.0000,250.6954,0.791342
-102.9054,0.0000,250.8183,0.791351
-102.8692,0.0000,250.9409,0.791365
-102.8350,0.0000,251.0528,0.791371
-102.7963,0.0000,251.1746,0.791384
-102.7598,0.0000,251.2858,0.791396
-102.7222,0.0000,251.3966,0.791404
-102.6799,0.0000,251.5170,0.791416
-102.6363,0.0000,251.6370,0.791427
-102.5953,0.0000,251.7466,0.791436
-102.5492,0.0000,251.8657,0.791447
-102.5057,0.0000,251.9744,0.791456
-102.4613,0.0000,252.0826,0.791466
-102.4115,0.0000,252.2002,0.791474
-102.3605,0.0000,252.3172,0.791486
-102.3083,0.0000,252.4336,0.791496
-102.2593,0.0000,252.5399,0.791507
-102.2046,0.0000,252.6552,0.791516
-102.1534,0.0000,252.7603,0.791526
-102.0964,0.0000,252.8745,0.791537
-102.0430,0.0000,252.9785,0.791547
-101.9837,0.0000,253.0914,0.791557
-101.9282,0.0000,253.1944,0.791567
-101.8665,0.0000,253.3060,0.791579
-101.8089,0.0000,253.4077,0.791587
-101.7449,0.0000,253.5181,0.791597
-101.6797,0.0000,253.6277,0.791609
-101.6190,0.0000,253.7276,0.791619
-101.5516,0.0000,253.8358,0.791630
-101.4887,0.0000,253.9344,0.791639
-101.4249,0.0000,254.0323,0.791651
-101.3542,0.0000,254.1384,0.791659
-101.2884,0.0000,254.2350,0.791671
-101.2216,0.0000,254.3309,0.791680
-101.1476,0.0000,254.4348,0.791691
-101.0599,0.0000,254.5549,0.791703
-100.9835,0.0000,254.6569,0.791715
-100.9125,0.0000,254.7497,0.791727
-100.8340,0.0000,254.8501,0.791735
-100.7544,0.0000,254.9497,0.791744
-100.6805,0.0000,255.0402,0.791755
-100.5988,0.0000,255.1381,0.791766
-100.5231,0.0000,255.2270,0.791776
-100.4395,0.0000,255.3232,0.791787
-100.3619,0.0000,255.4105,0.791796
-100.2835,0.0000,255.4970,0.791806
-100.1970,0.0000,255.5905,0.791817
-100.1168,0.0000,255.6754,0.791824
-100.0283,0.0000,255.7671,0.791832
-99.9464,0.0000,255.8503,0.791844
-99.8561,0.0000,255.9400,0.791855
-99.7725,0.0000,256.0215,0.791865
-99.6804,0.0000,256.1094,0.791874
-99.5951,0.0000,256.1891,0.791886
-99.5011,0.0000,256.2750,0.791895
-99.4380,0.0000,256.3317,0.791906
-99.3345,0.0000,256.4229,0.791915
-99.2461,0.0000,256.4991,0.791925
-99.1489,0.0000,256.5812,0.791935
-99.0589,0.0000,256.6556,0.791947
-98.9597,0.0000,256.7356,0.791955
-98.8513,0.0000,256.8210,0.791965
-98.7502,0.0000,256.8987,0.791977
-98.6567,0.0000,256.9688,0.791987
-98.5538,0.0000,257.0442,0.791998
-98.4500,0.0000,257.1184,0.792009
-98.3452,0.0000,257.1913,0.792020
-98.2484,0.0000,257.2571,0.792030
-98.1418,0.0000,257.3276,0.792040
-98.0343,0.0000,257.3968,0.792051
-97.9621,0.0000,257.4422,0.792061
-97.8531,0.0000,257.5092,0.792068
-97.7431,0.0000,257.5748,0.792079
-97.6414,0.0000,257.6337,0.792089
-97.5297,0.0000,257.6965,0.792097
-97.4265,0.0000,257.7530,0.792108
-97.3129,0.0000,257.8132,0.792120
-97.2081,0.0000,257.8672,0.792130
-97.0543,0.0000,257.9436,0.792140
-96.9382,0.0000,257.9992,0.792149
-96.8213,0.0000,258.0533,0.792162
-96.6937,0.0000,258.1102,0.792174
-96.5851,0.0000,258.1570,0.792183
-96.4660,0.0000,258.2065,0.792193
-96.3461,0.0000,258.2544,0.792205
-96.2154,0.0000,258.3044,0.792217
-96.0941,0.0000,258.3490,0.792227
-95.9822,0.0000,258.3884,0.792236
-95.8593,0.0000,258.4297,0.792247
-95.7460,0.0000,258.4661,0.792257
-95.6219,0.0000,258.5041,0.792270
-95.5077,0.0000,258.5374,0.792279
-95.3930,0.0000,258.5693,0.792289
-95.2147,0.0000,258.6155,0.792300
-95.0881,0.0000,258.6461,0.792312
-94.9502,0.0000,258.6772,0.792322
-94.8329,0.0000,258.7016,0.792334
-94.6724,0.0000,258.7324,0.792348
-94.5434,0.0000,258.7549,0.792356
-94.3924,0.0000,258.7785,0.792369
-94.2626,0.0000,258.7967,0.792380
-94.1432,0.0000,258.8116,0.792387
-94.0125,0.0000,258.8260,0.792399
-93.8814,0.0000,258.8384,0.792407
-93.7610,0.0000,258.8479,0.792419
-93.6295,0.0000,258.8564,0.792430
-93.5088,0.0000,258.8623,0.792439
-93.3768,0.0000,258.8667,0.792449
-93.2448,0.0000,258.8690,0.792461
-93.1236,0.0000,258.8693,0.792465
-92.9910,0.0000,258.8674,0.792477
-92.8583,0.0000,258.8633,0.792485
-92.7367,0.0000,258.8575,0.792500
-92.6041,0.0000,258.8493,0.792510
-92.4716,0.0000,258.8387,0.792520
-92.3502,0.0000,258.8272,0.792527
-92.2177,0.0000,258.8123,0.792537
-92.0963,0.0000,258.7967,0.792550
-91.9640,0.0000,258.7776,0.792557
-91.8321,0.0000,258.7564,0.792569
-91.7007,0.0000,258.7332,0.792579
-91.6133,0.0000,258.7166,0.792586
-91.5153,0.0000,258.6969,0.792592
-91.3850,0.0000,258.6690,0.792604
-91.2551,0.0000,258.6392,0.792615
-91.1367,0.0000,258.6101,0.792623
-91.0079,0.0000,258.5767,0.792635
-90.8799,0.0000,258.5414,0.792642
-90.7523,0.0000,258.5046,0.792653
-90.6254,0.0000,258.4662,0.792663
-90.4468,0.0000,258.4092,0.792679
-90.3320,0.0000,258.3709,0.792689
-90.2074,0.0000,258.3279,0.792697
-90.0938,0.0000,258.2875,0.792706
-89.9706,0.0000,258.2425,0.792717
-89.8582,0.0000,258.2004,0.792725
-89.7362,0.0000,258.1537,0.792734
-89.6249,0.0000,258.1101,0.792747
-89.4639,0.0000,258.0457,0.792758
-89.3537,0.0000,258.0005,0.792767
-89.2142,0.0000,257.9421,0.792777
-89.0952,0.0000,257.8911,0.792790
-88.9865,0.0000,257.8437,0.792794
-88.8683,0.0000,257.7911,0.792808
-88.7505,0.0000,257.7375,0.792817
-88.6331,0.0000,257.6830,0.792830
-88.5161,0.0000,257.6272,0.792838
-88.3804,0.0000,257.5606,0.792851
-88.2646,0.0000,257.5022,0.792861
-88.1589,0.0000,257.4474,0.792870
-88.0442,0.0000,257.3864,0.792882
-87.9302,0.0000,257.3239,0.792888
-87.8262,0.0000,257.2654,0.792899
-87.7228,0.0000,257.2058,0.792909
-87.6106,0.0000,257.1395,0.792922
-87.4897,0.0000,257.0660,0.792930
-87.3882,0.0000,257.0026,0.792939
-87.2872,0.0000,256.9381,0.792950
-87.1868,0.0000,256.8726,0.792958
-87.0778,0.0000,256.7998,0.792968
-86.9694,0.0000,256.7258,0.792979
-86.8617,0.0000,256.6505,0.792989
-86.7634,0.0000,256.5805,0.792999
-86.6657,0.0000,256.5096,0.793008
-86.5596,0.0000,256.4314,0.793018
-86.4628,0.0000,256.3588,0.793030
-86.3227,0.0000,256.2517,0.793041
-86.2270,0.0000,256.1771,0.793053
-86.1230,0.0000,256.0948,0.793063
-86.0196,0.0000,256.0114,0.793074
-85.9252,0.0000,255.9342,0.793083
-85.8313,0.0000,255.8562,0.793091
-85.7294,0.0000,255.7702,0.793104
-85.6279,0.0000,255.6832,0.793117
-85.5353,0.0000,255.6027,0.793125
-85.4431,0.0000,255.5215,0.793132
-85.3429,0.0000,255.4319,0.793148
-85.2431,0.0000,255.3415,0.793156
-85.1438,0.0000,255.2500,0.793165
-85.0532,0.0000,255.1653,0.793175
-84.9548,0.0000,255.0719,0.793188
-84.8568,0.0000,254.9776,0.793199
-84.7675,0.0000,254.8902,0.793207
-84.6947,0.0000,254.8182,0.793218
-84.5980,0.0000,254.7215,0.793227
-84.5017,0.0000,254.6239,0.793241
-84.4138,0.0000,254.5338,0.793252
-84.3263,0.0000,254.4432,0.793261
-84.2311,0.0000,254.3437,0.793274
-84.1441,0.0000,254.2522,0.793285
-84.0494,0.0000,254.1518,0.793296
-83.9628,0.0000,254.0594,0.793308
-83.8686,0.0000,253.9583,0.793320
-83.7822,0.0000,253.8652,0.793332
-83.6882,0.0000,253.7633,0.793342
-83.6021,0.0000,253.6696,0.793355
-83.5005,0.0000,253.5585,0.793370
-83.4066,0.0000,253.4557,0.793382
-83.3207,0.0000,253.3611,0.793393
-83.2270,0.0000,253.2575,0.793407
-83.1411,0.0000,253.1623,0.793421
-83.0552,0.0000,253.0667,0.793437
-82.9615,0.0000,252.9621,0.793446
-82.8756,0.0000,252.8658,0.793461
-82.7898,0.0000,252.7691,0.793474
-82.6963,0.0000,252.6631,0.793487
-82.6027,0.0000,252.5567,0.793501
-82.5092,0.0000,252.4498,0.793515
-82.4235,0.0000,252.3514,0.793529
-82.3300,0.0000,252.2438,0.793542
-82.2364,0.0000,252.1357,0.793556
-82.1505,0.0000,252.0364,0.793571
-82.0646,0.0000,251.9367,0.793585
-81.9397,0.0000,251.7909,0.793602
-81.8381,0.0000,251.6718,0.793622
-81.7520,0.0000,251.5706,0.793634
-81.6581,0.0000,251.4598,0.793651
-81.5642,0.0000,251.3485,0.793669
-81.4624,0.0000,251.2273,0.793687
-81.3683,0.0000,251.1149,0.793704
-81.2821,0.0000,251.0113,0.793721
-81.1959,0.0000,250.9071,0.793737
-81.1098,0.0000,250.8022,0.793756
-81.0159,0.0000,250.6870,0.793770
-80.9301,0.0000,250.5805,0.793789
-80.8367,0.0000,250.4633,0.793808
-80.7514,0.0000,250.3548,0.793824
-80.6587,0.0000,250.2356,0.793843
-80.5659,0.0000,250.1163,0.793862
-80.4810,0.0000,250.0058,0.793878
-80.3818,0.0000,249.8729,0.793899
-80.2913,0.0000,249.7487,0.793916
-80.2088,0.0000,249.6337,0.793933
-80.1196,0.0000,249.5069,0.793956
-80.0310,0.0000,249.3791,0.793976
-79.9503,0.0000,249.2612,0.793994
-79.8631,0.0000,249.1316,0.794014
-79.7838,0.0000,249.0121,0.794034
-79.7051,0.0000,248.8920,0.794054
-79.6199,0.0000,248.7603,0.794073
-79.5145,0.0000,248.5949,0.794100
-79.4448,0.0000,248.4841,0.794118
-79.3619,0.0000,248.3504,0.794141
-79.2856,0.0000,248.2266,0.794159
-79.2029,0.0000,248.0928,0.794180
-79.1286,0.0000,247.9693,0.794200
-79.0354,0.0000,247.8107,0.794226
-78.9630,0.0000,247.6858,0.794246
-78.8912,0.0000,247.5603,0.794266
-78.8135,0.0000,247.4230,0.794287
-78.7428,0.0000,247.2967,0.794307
-78.6728,0.0000,247.1700,0.794328
-78.5971,0.0000,247.0314,0.794352
-78.5284,0.0000,246.9040,0.794372
-78.4417,0.0000,246.7414,0.794401
-78.3508,0.0300,246.5654,0.794430
-78.2791,0.0300,246.4256,0.794453
-78.2074,0.0300,246.2856,0.794477
-78.1420,0.0300,246.1568,0.794499
-78.0472,0.0300,245.9696,0.794530
-77.9648,0.0300,245.8059,0.794559
-77.8950,0.0300,245.6654,0.794583
-77.8490,0.0300,245.5715,0.794600
-77.7579,0.0300,245.3839,0.794633
-77.6903,0.0300,245.2433,0.794657
-77.6290,0.0300,245.1146,0.794682
-77.5626,0.0300,244.9744,0.794706
-77.5020,0.0300,244.8463,0.794728
-77.4472,0.0300,244.7302,0.794750
-77.3764,0.0300,244.5792,0.794779
-77.3179,0.0300,244.4514,0.794802
-77.2333,0.0377,244.2887,0.794831
-77.1849,0.0444,244.1850,0.794850
-77.1167,0.0540,244.0353,0.794876
-77.0546,0.0628,243.8970,0.794900
-76.9934,0.0716,243.7589,0.794926
-76.9402,0.0754,243.6570,0.794951
-76.8745,0.0723,243.5080,0.794981
-76.8183,0.0698,243.3825,0.795004
-76.7570,0.0670,243.2457,0.795030
-76.6963,0.0641,243.1090,0.795058
-76.6360,0.0613,242.9724,0.795084
-76.5763,0.0584,242.8362,0.795111
-76.5122,0.0575,242.6955,0.795139
-76.4584,0.0577,242.5715,0.795162
-76.4053,0.0579,242.4475,0.795188
-76.3478,0.0583,242.3132,0.795212
-76.2954,0.0586,242.1906,0.795237
-76.2431,0.0589,242.0691,0.795262
-76.1864,0.0592,241.9379,0.795289
-76.1351,0.0595,241.8183,0.795312
-76.0887,0.0598,241.7099,0.795334
-76.0473,0.0600,241.6127,0.795356
-75.9972,0.0602,241.4942,0.795380
-75.9386,0.0605,241.3542,0.795408
-75.8762,0.0625,241.1851,0.795441
-75.8273,0.0700,241.0673,0.795465
-75.7752,0.0781,240.9385,0.795491
-75.7285,0.0856,240.8204,0.795515
-75.6779,0.0936,240.6917,0.795542
-75.6316,0.1010,240.5743,0.795565
-75.5811,0.1090,240.4466,0.795592
-75.5355,0.1163,240.3290,0.795617
-75.4869,0.1243,240.2002,0.795643
-75.4432,0.1316,240.0821,0.795667
-75.3959,0.1395,239.9532,0.795694
-75.3528,0.1383,239.8589,0.795719
-75.3044,0.1361,239.7304,0.795745
-75.2573,0.1354,239.6103,0.795770
-75.2125,0.1347,239.4927,0.795795
-75.1644,0.1339,239.3641,0.795821
-75.1164,0.1331,239.2361,0.795850
-75.0683,0.1323,239.1085,0.795876
-75.0241,0.1316,238.9917,0.795900
-74.9759,0.1308,238.8644,0.795928
-74.9318,0.1301,238.7478,0.795951
-74.8840,0.1288,238.6232,0.795981
-74.8402,0.1271,238.5069,0.796005
-74.7961,0.1254,238.3909,0.796030
-74.7467,0.1237,238.2636,0.796058
-74.7012,0.1226,238.1485,0.796083
-74.6433,0.1212,238.0027,0.796116
-74.5982,0.1201,237.8879,0.796140
-74.5491,0.1188,237.7627,0.796167
-74.5041,0.1177,237.6476,0.796194
-74.4468,0.1162,237.5004,0.796225
-74.3890,0.1147,237.3530,0.796258
-74.3439,0.1136,237.2368,0.796284
-74.2952,0.1122,237.1096,0.796311
-74.2507,0.1110,236.9930,0.796337
-74.2102,0.1099,236.8869,0.796361
-74.1658,0.1086,236.7699,0.796387
-74.1130,0.1073,236.6319,0.796419
-74.0682,0.1062,236.5152,0.796445
-74.0191,0.1050,236.3878,0.796474
-73.9738,0.1040,236.2711,0.796499
-73.9241,0.1028,236.1439,0.796528
-73.8783,0.1018,236.0271,0.796554
-73.8282,0.1006,235.8996,0.796583
-73.7780,0.0995,235.7719,0.796612
-73.7280,0.0983,235.6438,0.796641
-73.6773,0.0974,235.5138,0.796670
-73.6320,0.0970,235.3957,0.796697
-73.5829,0.0966,235.2665,0.796727
-73.5382,0.0961,235.1479,0.796753
-73.4855,0.0956,235.0074,0.796785
-73.4411,0.0951,234.8884,0.796812
-73.3966,0.0946,234.7693,0.796838
-73.3481,0.0941,234.6392,0.796868
-73.2955,0.0936,234.4982,0.796899
-73.2509,0.0931,234.3789,0.796926
-73.1938,0.0926,234.2272,0.796960
-73.1446,0.0921,234.0971,0.796990
-73.0994,0.0917,233.9777,0.797017
-73.0502,0.0913,233.8472,0.797046
-72.9970,0.0908,233.7054,0.797079
-72.9520,0.0903,233.5853,0.797106
-72.9031,0.0898,233.4539,0.797135
-72.8544,0.0893,233.3223,0.797165
-72.8100,0.0888,233.2015,0.797192
-72.7617,0.0883,233.0696,0.797223
-72.7175,0.0878,232.9485,0.797249
-72.6725,0.0876,232.8254,0.797276
-72.6286,0.0880,232.7040,0.797304
-72.5809,0.0883,232.5713,0.797334
-72.5335,0.0887,232.4384,0.797364
-72.4864,0.0890,232.3052,0.797394
-72.4396,0.0893,232.1718,0.797424
-72.3931,0.0895,232.0381,0.797455
-72.3428,0.0898,231.8931,0.797487
-72.3004,0.0900,231.7704,0.797515
-72.2541,0.0903,231.6363,0.797545
-72.2116,0.0905,231.5133,0.797573
-72.1654,0.0907,231.3789,0.797603
-72.1234,0.0909,231.2554,0.797631
-72.0774,0.0911,231.1206,0.797661
-72.0316,0.0914,230.9857,0.797692
-71.9857,0.0916,230.8509,0.797723
-71.9473,0.0918,230.7385,0.797748
-71.8934,0.0921,230.5811,0.797785
-71.8471,0.0924,230.4462,0.797815
-71.7930,0.0927,230.2888,0.797851
-71.7387,0.0930,230.1315,0.797887
-71.6840,0.0933,229.9741,0.797923
-71.6369,0.0936,229.8390,0.797955
-71.5896,0.0940,229.7037,0.797985
-71.5463,0.0942,229.5794,0.798013
-71.4991,0.0945,229.4435,0.798044
-71.4518,0.0948,229.3075,0.798075
-71.4083,0.0951,229.1827,0.798104
-71.3569,0.0955,229.0348,0.798138
-71.3211,0.0958,228.9316,0.798161
-71.2776,0.0964,228.8060,0.798190
-71.2303,0.0970,228.6685,0.798221
-71.1870,0.0975,228.5423,0.798250
-71.1400,0.0981,228.4042,0.798281
-71.0968,0.0986,228.2774,0.798310
-71.0496,0.0992,228.1388,0.798342
-71.0023,0.0998,227.9999,0.798373
-70.9588,0.1003,227.8723,0.798403
-70.9113,0.1009,227.7327,0.798434
-70.8677,0.1014,227.6043,0.798463
-70.8201,0.1020,227.4640,0.798495
-70.7764,0.1025,227.3350,0.798524
-70.7286,0.1031,227.1939,0.798557
-70.6847,0.1036,227.0643,0.798586
-70.6368,0.1042,226.9225,0.798619
-70.5926,0.1048,226.7922,0.798648
-70.5442,0.1054,226.6497,0.798681
-70.4998,0.1059,226.5187,0.798711
-70.4514,0.1065,226.3754,0.798744
-70.4070,0.1071,226.2436,0.798775
-70.3585,0.1077,226.0995,0.798807
-70.3140,0.1082,225.9670,0.798836
-70.2694,0.1088,225.8343,0.798868
-70.2164,0.1094,225.6771,0.798905
-70.1714,0.1100,225.5439,0.798935
-70.1219,0.1106,225.3982,0.798968
-70.0763,0.1112,225.2642,0.798998
-70.0266,0.1118,225.1175,0.799033
-69.9808,0.1126,224.9819,0.799063
-69.9354,0.1134,224.8464,0.799093
-69.8859,0.1142,224.6979,0.799127
-69.8405,0.1150,224.5614,0.799159
-69.7951,0.1158,224.4245,0.799189
-69.7454,0.1166,224.2747,0.799224
-69.6954,0.1175,224.1247,0.799258
-69.6493,0.1183,223.9869,0.799289
-69.5986,0.1192,223.8361,0.799324
-69.5477,0.1201,223.6848,0.799359
-69.4966,0.1210,223.5330,0.799393
-69.4497,0.1218,223.3933,0.799425
-69.4027,0.1227,223.2532,0.799456
-69.3512,0.1236,223.0998,0.799491
-69.2997,0.1245,222.9459,0.799526
-69.2394,0.1255,222.7657,0.799567
-69.1919,0.1263,222.6236,0.799600
-69.1398,0.1273,222.4680,0.799635
-69.0794,0.1283,222.2854,0.799677
-69.0182,0.1295,222.1025,0.799717
-68.9699,0.1304,221.9583,0.799751
-68.9213,0.1314,221.8137,0.799784
-68.8680,0.1324,221.6555,0.799819
-68.8189,0.1334,221.5099,0.799854
-68.7696,0.1344,221.3637,0.799886
-68.7157,0.1355,221.2038,0.799922
-68.6661,0.1365,221.0566,0.799956
-68.6138,0.1334,220.9045,0.799993
-68.5633,0.1296,220.7562,0.800027
-68.5124,0.1259,220.6072,0.800060
-68.4476,0.1211,220.4167,0.800103
-68.3921,0.1170,220.2525,0.800141
-68.3410,0.1131,220.1015,0.800174
-68.2759,0.1083,219.9086,0.800218
-68.2149,0.1037,219.7289,0.800260
-68.1630,0.0999,219.5763,0.800294
-68.1107,0.0961,219.4234,0.800330
-68.0531,0.0919,219.2561,0.800368
-67.9999,0.0881,219.1022,0.800402
-67.9463,0.0842,218.9478,0.800438
-67.8876,0.0801,218.7788,0.800477
-67.8334,0.0762,218.6233,0.800512
-67.7789,0.0724,218.4672,0.800548
-67.7186,0.0682,218.2963,0.800586
-67.6630,0.0644,218.1390,0.800623
-67.6020,0.0602,217.9668,0.800662
-67.5457,0.0563,217.8083,0.800697
-67.4839,0.0522,217.6350,0.800738
-67.4215,0.0480,217.4611,0.800778
-67.3587,0.0438,217.2867,0.800817
-67.3006,0.0400,217.1264,0.800855
-67.2621,0.0347,216.9613,0.800890
-67.1790,0.0344,216.7943,0.800928
-67.1141,0.0367,216.6176,0.800969
-67.0549,0.0389,216.4549,0.801006
-66.9957,0.0411,216.2918,0.801043
-66.9307,0.0434,216.1132,0.801085
-66.8655,0.0458,215.9339,0.801125
-66.8055,0.0480,215.7687,0.801162
-66.7456,0.0502,215.6027,0.801200
-66.6802,0.0526,215.4208,0.801241
-66.6203,0.0547,215.2534,0.801280
-66.5275,0.0581,214.9936,0.801339
-66.4670,0.0602,214.8249,0.801377
-66.4008,0.0626,214.6404,0.801419
-66.3395,0.0648,214.4707,0.801457
-66.2782,0.0671,214.3003,0.801496
-66.2007,0.0698,214.0824,0.801545
-66.1397,0.0720,213.9105,0.801585
-66.0801,0.0740,213.7381,0.801624
-66.0136,0.0758,213.5490,0.801667
-65.9473,0.0777,213.3591,0.801710
-65.8865,0.0794,213.1844,0.801748
-65.8201,0.0813,212.9931,0.801792
-65.7591,0.0829,212.8173,0.801832
-65.6924,0.0848,212.6250,0.801875
-65.6309,0.0870,212.4472,0.801916
-65.5636,0.0895,212.2537,0.801959
-65.5019,0.0919,212.0758,0.802000
-65.4400,0.0942,211.8972,0.802040
-65.3725,0.0968,211.7018,0.802083
-65.3105,0.0992,211.5220,0.802125
-65.2484,0.1015,211.3416,0.802166
-65.1863,0.1039,211.1607,0.802207
-65.1184,0.1064,210.9626,0.802251
-65.0561,0.1088,210.7804,0.802293
-64.9936,0.1111,210.5977,0.802333
-64.9253,0.1137,210.3976,0.802379
-64.8855,0.1116,210.2180,0.802421
-64.8225,0.1066,210.0333,0.802461
-64.7648,0.1021,209.8649,0.802501
-64.6834,0.0957,209.6283,0.802553
-64.6134,0.0902,209.4246,0.802600
-64.5318,0.0838,209.1860,0.802653
-64.4617,0.0782,208.9806,0.802699
-64.3975,0.0731,208.7917,0.802742
-64.3330,0.0680,208.6023,0.802785
-64.2624,0.0624,208.3951,0.802831
-64.1975,0.0573,208.2045,0.802875
-64.1263,0.0517,207.9961,0.802921
-64.0607,0.0465,207.8047,0.802965
-63.9878,0.0408,207.5959,0.803013
-63.9141,0.0352,207.3862,0.803060
-63.8452,0.0316,207.1852,0.803104
-63.7707,0.0316,206.9739,0.803151
-63.6958,0.0316,206.7621,0.803199
-63.6204,0.0316,206.5500,0.803248
-63.5505,0.0315,206.3549,0.803291
-63.4801,0.0315,206.1592,0.803337
-63.4030,0.0315,205.9448,0.803385
-63.3257,0.0314,205.7295,0.803434
-63.2677,0.0008,205.5674,0.803471
-63.1963,0.0008,205.3689,0.803516
-63.1100,0.0008,205.1331,0.803570
-63.0176,0.0008,204.8780,0.803627
-62.9454,0.0008,204.6770,0.803672
-62.8666,0.0008,204.4573,0.803723
-62.7940,0.0008,204.2555,0.803769
-62.7276,0.0008,204.0717,0.803812
-62.6473,0.0008,203.8504,0.803861
-62.5667,0.0008,203.6284,0.803912
-62.4923,0.0007,203.4243,0.803958
-62.4174,0.0007,203.2201,0.804006
-62.3412,0.0007,203.0155,0.804051
-62.2505,0.0007,202.7722,0.804106
-62.1741,0.0007,202.5658,0.804153
-62.0978,0.0007,202.3586,0.804202
-62.0145,0.0007,202.1317,0.804250
-61.9311,0.0007,201.9039,0.804304
-61.8547,0.0007,201.6941,0.804352
-61.7714,0.0007,201.4643,0.804403
-61.6951,0.0007,201.2529,0.804452
-61.6118,0.0007,201.0215,0.804503
-61.5353,0.0007,200.8086,0.804552
-61.4517,0.0007,200.5756,0.804606
-61.3680,0.0006,200.3418,0.804658
-61.2912,0.0006,200.1265,0.804707
-61.2145,0.0006,199.9106,0.804756
-61.1310,0.0006,199.6744,0.804809
-61.0546,0.0006,199.4574,0.804859
-60.9642,0.0006,199.2008,0.804917
-60.8807,0.0006,198.9637,0.804972
-60.7898,0.0006,198.7069,0.805028
-60.7055,0.0006,198.4699,0.805084
-60.6279,0.0006,198.2529,0.805133
-60.5436,0.0006,198.0157,0.805187
-60.4666,0.0006,197.7978,0.805237
-60.3828,0.0006,197.5602,0.805291
-60.3126,0.0006,197.3628,0.805336
-60.2279,0.0006,197.1260,0.805389
-60.1434,0.0006,196.8893,0.805441
-60.0454,0.0006,196.6131,0.805506
-59.9689,0.0006,196.3964,0.805556
-59.8929,0.0006,196.1803,0.805605
-59.8171,0.0006,195.9649,0.805655
-59.7418,0.0006,195.7501,0.805703
-59.6614,0.0006,195.5174,0.805757
-59.5876,0.0006,195.3044,0.805805
-59.5135,0.0006,195.0923,0.805854
-59.4326,0.0006,194.8618,0.805906
-59.3519,0.0006,194.6324,0.805958
-59.2782,0.0006,194.4230,0.806007
-59.1983,0.0006,194.1953,0.806059
-59.1320,0.0006,194.0063,0.806105
-59.0595,0.0006,193.7991,0.806152
-58.9808,0.0006,193.5739,0.806203
-58.9092,0.0007,193.3681,0.806250
-58.8379,0.0007,193.1631,0.806298
-58.7671,0.0007,192.9588,0.806344
-58.6901,0.0007,192.7368,0.806394
-58.6136,0.0007,192.5158,0.806447
-58.5438,0.0007,192.3140,0.806491
-58.4679,0.0007,192.0949,0.806543
-58.3986,0.0007,191.8950,0.806590
-58.3296,0.0007,191.6959,0.806635
-58.2609,0.0007,191.4976,0.806681
-58.1801,0.0007,191.2642,0.806735
-58.1183,0.0007,191.0855,0.806776
-58.0691,0.0007,190.9429,0.806808
-57.9957,0.0007,190.7298,0.806859
-57.9288,0.0007,190.5352,0.806902
-57.8562,0.0007,190.3239,0.806951
-57.7900,0.0007,190.1310,0.807000
-57.7241,0.0007,189.9388,0.807043
-57.6407,0.0007,189.6953,0.807101
-57.5578,0.0007,189.4531,0.807156
-57.4872,0.0007,189.2469,0.807203
-57.4168,0.0007,189.0419,0.807251
-57.3525,0.0007,188.8552,0.807297
-57.2826,0.0007,188.6526,0.807344
-57.2128,0.0008,188.4507,0.807392
-57.1432,0.0008,188.2496,0.807438
-57.0739,0.0008,188.0491,0.807486
-57.0050,0.0008,187.8492,0.807533
-56.9422,0.0008,187.6665,0.807575
-56.8741,0.0008,187.4677,0.807623
-56.8121,0.0008,187.2860,0.807664
-56.7504,0.0008,187.1050,0.807709
-56.6832,0.0008,186.9083,0.807754
-56.6163,0.0008,186.7123,0.807800
-56.5495,0.0008,186.5169,0.807847
-56.4828,0.0008,186.3221,0.807893
-56.4220,0.0008,186.1443,0.807936
-56.3558,0.0008,185.9509,0.807981
-56.2789,0.0008,185.7263,0.808035
-56.2025,0.0008,185.5028,0.808089
-56.1426,0.0008,185.3278,0.808130
-56.0775,0.0008,185.1377,0.808176
-56.0017,0.0008,184.9167,0.808229
-55.9422,0.0008,184.7437,0.808270
-55.8773,0.0009,184.5556,0.808315
-55.8178,0.0009,184.3837,0.808357
-55.7584,0.0009,184.2124,0.808397
-55.6938,0.0009,184.0264,0.808443
-55.6346,0.0009,183.8568,0.808483
-55.5755,0.0009,183.6877,0.808525
-55.5109,0.0009,183.5039,0.808570
-55.4463,0.0009,183.3206,0.808614
-55.3817,0.0009,183.1382,0.808658
-55.3171,0.0009,182.9564,0.808701
-55.2525,0.0009,182.7755,0.808746
-55.1934,0.0009,182.6103,0.808785
-55.1343,0.0009,182.4458,0.808823
-55.0648,0.0009,182.2522,0.808872
-55.0012,0.0009,182.0743,0.808914
-54.9432,0.0008,181.9118,0.808955
-54.8803,0.0008,181.7351,0.808998
-54.8126,0.0008,181.5447,0.809042
-54.7505,0.0008,181.3697,0.809085
-54.6783,0.0008,181.1663,0.809133
-54.6218,0.0008,181.0070,0.809174
-54.5655,0.0008,180.8481,0.809213
-54.5043,0.0008,180.6754,0.809254
-54.4432,0.0008,180.5031,0.809297
-54.3823,0.0008,180.3313,0.809340
-54.3264,0.0008,180.1742,0.809379
-54.2706,0.0008,180.0175,0.809417
-54.2100,0.0008,179.8471,0.809460
-54.1547,0.0008,179.6911,0.809497
-54.0946,0.0008,179.5213,0.809539
-54.0397,0.0008,179.3658,0.809578
-53.9851,0.0008,179.2108,0.809616
-53.9159,0.0008,179.0146,0.809666
-53.8715,0.0008,178.8890,0.809697
-53.8123,0.0008,178.7220,0.809739
-53.7580,0.0008,178.5693,0.809776
-53.6987,0.0008,178.4034,0.809818
-53.6346,0.0008,178.2242,0.809861
-53.5902,0.0008,178.1004,0.809891
-53.5458,0.0008,177.9769,0.809924
-53.5014,0.0008,177.8537,0.809955
-53.4371,0.0008,177.6759,0.810001
-53.3827,0.0008,177.5255,0.810037
-53.3233,0.0008,177.3613,0.810079
-53.2589,0.0008,177.1834,0.810123
-53.1994,0.0008,177.0190,0.810165
-53.1450,0.0008,176.8681,0.810203
-53.0906,0.0008,176.7171,0.810243
-53.0315,0.0008,176.5521,0.810284
-52.9773,0.0008,176.4008,0.810321
-52.9182,0.0008,176.2357,0.810363
-52.8641,0.0008,176.0842,0.810402
-52.8052,0.0008,175.9190,0.810442
-52.7415,0.0008,175.7402,0.810488
-52.6926,0.0008,175.6027,0.810521
-52.6337,0.0008,175.4380,0.810564
-52.5747,0.0008,175.2735,0.810605
-52.5204,0.0008,175.1228,0.810643
-52.4659,0.0008,174.9722,0.810679
-52.4064,0.0008,174.8080,0.810721
-52.3468,0.0008,174.6437,0.810761
-52.2873,0.0008,174.4794,0.810804
-52.2280,0.0008,174.3150,0.810845
-52.1689,0.0008,174.1506,0.810887
-52.1148,0.0008,173.9997,0.810926
-52.0560,0.0008,173.8350,0.810969
-52.0020,0.0007,173.6840,0.811006
-51.9432,0.0007,173.5193,0.811048
-51.8892,0.0007,173.3683,0.811087
-51.8353,0.0007,173.2173,0.811123
-51.7766,0.0007,173.0525,0.811166
-51.7129,0.0007,172.8740,0.811213
-51.6543,0.0007,172.7091,0.811257
-51.6008,0.0007,172.5577,0.811295
-51.5425,0.0007,172.3926,0.811340
-51.4892,0.0007,172.2412,0.811378
-51.4359,0.0007,172.0898,0.811415
-51.3826,0.0007,171.9384,0.811455
-51.3294,0.0007,171.7870,0.811496
-51.2666,0.0007,171.6081,0.811541
-51.2086,0.0007,171.4430,0.811585
-51.1458,0.0007,171.2643,0.811632
-51.0876,0.0007,171.0994,0.811675
-51.0341,0.0007,170.9483,0.811714
-50.9806,0.0007,170.7971,0.811751
-50.9272,0.0007,170.6458,0.811793
-50.8691,0.0007,170.4805,0.811834
-50.8159,0.0007,170.3289,0.811875
-50.7628,0.0007,170.1771,0.811914
-50.7049,0.0007,170.0115,0.811955
-50.6520,0.0007,169.8595,0.811997
-50.5991,0.0007,169.7074,0.812033
-50.5415,0.0008,169.5413,0.812077
-50.4888,0.0008,169.3890,0.812118
-50.4361,0.0008,169.2366,0.812158
-50.3787,0.0008,169.0702,0.812197
-50.3213,0.0008,168.9038,0.812241
-50.2639,0.0008,168.7373,0.812282
-50.2112,0.0008,168.5848,0.812323
-50.1536,0.0008,168.4183,0.812366
-50.1151,0.0008,168.3074,0.812394
-50.0572,0.0008,168.1411,0.812434
-50.0040,0.0008,167.9886,0.812476
-49.9458,0.0008,167.8223,0.812518
-49.8923,0.0008,167.6698,0.812558
-49.8288,0.0008,167.4897,0.812604
-49.7652,0.0008,167.3094,0.812650
-49.7065,0.0008,167.1430,0.812693
-49.6428,0.0008,166.9624,0.812738
-49.5891,0.0008,166.8095,0.812778
-49.5306,0.0008,166.6425,0.812821
-49.4720,0.0008,166.4755,0.812863
-49.4086,0.0008,166.2946,0.812912
-49.3498,0.0008,166.1276,0.812955
-49.2959,0.0008,165.9745,0.812992
-49.2418,0.0008,165.8213,0.813033
-49.1877,0.0008,165.6680,0.813073
-49.1434,0.0008,165.5425,0.813104
-49.0844,0.0008,165.3752,0.813147
-49.0302,0.0008,165.2216,0.813188
-48.9711,0.0008,165.0541,0.813230
-48.9169,0.0008,164.9004,0.813270
-48.8628,0.0008,164.7467,0.813307
-48.8036,0.0008,164.5789,0.813352
-48.7395,0.0008,164.3971,0.813398
-48.6802,0.0008,164.2292,0.813442
-48.6258,0.0008,164.0752,0.813482
-48.5714,0.0008,163.9211,0.813522
-48.5170,0.0008,163.7670,0.813560
-48.4576,0.0008,163.5988,0.813606
-48.4031,0.0008,163.4444,0.813645
-48.3486,0.0008,163.2901,0.813684
-48.2891,0.0008,163.1215,0.813725
-48.2346,0.0008,162.9669,0.813768
-48.1801,0.0008,162.8123,0.813806
-48.1206,0.0008,162.6435,0.813851
-48.0661,0.0008,162.4888,0.813894
-48.0115,0.0008,162.3340,0.813935
-47.9521,0.0008,162.1653,0.813981
-47.8978,0.0008,162.0110,0.814023
-47.8388,0.0008,161.8433,0.814065
-47.7850,0.0008,161.6902,0.814104
-47.7266,0.0008,161.5239,0.814151
-47.6590,0.0008,161.3310,0.814199
-47.6016,0.0008,161.1669,0.814246
-47.5447,0.0008,161.0041,0.814291
-47.4930,0.0008,160.8561,0.814325
-47.4417,0.0008,160.7093,0.814366
-47.3908,0.0008,160.5636,0.814407
-47.3358,0.0008,160.4061,0.814446
-47.2859,0.0008,160.2628,0.814485
-47.2363,0.0008,160.1207,0.814523
-47.1828,0.0008,159.9670,0.814564
-47.1209,0.0008,159.7895,0.814611
-47.0727,0.0008,159.6514,0.814649
-47.0205,0.0008,159.5020,0.814687
-46.9731,0.0008,159.3663,0.814722
-46.9260,0.0008,159.2317,0.814758
-46.8794,0.0008,159.0983,0.814795
-46.8331,0.0008,158.9659,0.814828
-46.7831,0.0008,158.8228,0.814868
-46.7378,0.0008,158.6927,0.814903
-46.6928,0.0008,158.5638,0.814935
-46.6443,0.0008,158.4245,0.814973
-46.5962,0.0008,158.2864,0.815009
-46.5525,0.0008,158.1610,0.815042
-46.4936,0.0008,157.9918,0.815087
-46.4509,0.0008,157.8690,0.815119
-46.4085,0.0008,157.7474,0.815150
-46.3666,0.0008,157.6268,0.815183
-46.3212,0.0008,157.4965,0.815217
-46.2801,0.0008,157.3782,0.815250
-46.2393,0.0008,157.2610,0.815280
-46.1990,0.0008,157.1448,0.815310
-46.1590,0.0008,157.0298,0.815341
-46.1194,0.0008,156.9158,0.815371
-46.0766,0.0008,156.7927,0.815403
-46.0378,0.0008,156.6810,0.815431
-45.9994,0.0008,156.5703,0.815461
-45.9579,0.0008,156.4508,0.815491
-45.9202,0.0008,156.3424,0.815519
-45.8829,0.0008,156.2350,0.815549
-45.8427,0.0008,156.1190,0.815578
-45.8062,0.0008,156.0138,0.815606
-45.7668,0.0008,155.9003,0.815632
-45.7311,0.0009,155.7973,0.815660
-45.6862,0.0009,155.6677,0.815693
-45.6418,0.0009,155.5397,0.815726
-45.6040,0.0009,155.4307,0.815755
-45.5694,0.0009,155.3309,0.815779
-45.5316,0.0009,155.2220,0.815805
-45.4970,0.0009,155.1221,0.815832
-45.4591,0.0009,155.0132,0.815859
-45.4179,0.0009,154.8952,0.815889
-45.3798,0.0009,154.7863,0.815916
-45.3448,0.0009,154.6864,0.815940
-45.3162,0.0009,154.6046,0.815961
-45.2799,0.0012,154.5000,0.815987
-45.2418,0.0031,154.3909,0.816016
-45.2039,0.0049,154.2817,0.816041
-45.1650,0.0067,154.1735,0.816068
-45.1265,0.0085,154.0657,0.816095
-45.0917,0.0102,153.9669,0.816121
-45.0540,0.0120,153.8588,0.816147
-45.0165,0.0138,153.7503,0.816172
-44.9726,0.0159,153.6232,0.816204
-44.9316,0.0179,153.5051,0.816233
-44.8936,0.0197,153.3962,0.816260
-44.8589,0.0214,153.2962,0.816286
-44.8241,0.0231,153.1963,0.816309
-44.7831,0.0251,153.0782,0.816339
-44.7515,0.0266,152.9874,0.816362
-44.7136,0.0284,152.8783,0.816388
-44.6789,0.0301,152.7784,0.816412
-44.6442,0.0318,152.6785,0.816435
-44.6064,0.0336,152.5694,0.816459
-44.5717,0.0353,152.4694,0.816485
-44.5338,0.0371,152.3604,0.816512
-44.4991,0.0388,152.2604,0.816536
-44.4612,0.0406,152.1513,0.816559
-44.4265,0.0423,152.0514,0.816586
-44.3886,0.0441,151.9419,0.816612
-44.3525,0.0458,151.8406,0.816636
-44.3128,0.0477,151.7306,0.816663
-44.2775,0.0494,151.6301,0.816685
-44.2391,0.0512,151.5210,0.816711
-44.2005,0.0530,151.4125,0.816739
-44.1572,0.0819,151.3095,0.816763
-44.1333,0.0843,151.2429,0.816780
-44.0827,0.0890,151.1301,0.816804
-44.0481,0.0941,151.0320,0.816827
-44.0111,0.0996,150.9237,0.816854
-43.9769,0.1048,150.8240,0.816876
-43.9423,0.1099,150.7244,0.816900
-43.9077,0.1151,150.6247,0.816923
-43.8700,0.1207,150.5158,0.816948
-43.8355,0.1258,150.4160,0.816968
-43.7979,0.1315,150.3071,0.816993
-43.7712,0.1313,150.2324,0.817018
-43.7326,0.1270,150.1237,0.817044
-43.6929,0.1227,150.0150,0.817067
-43.6488,0.1181,149.8971,0.817095
-43.6116,0.1141,149.7975,0.817118
-43.5703,0.1097,149.6890,0.817144
-43.5321,0.1058,149.5899,0.817167
-43.4936,0.1018,149.4911,0.817189
-43.4513,0.0976,149.3836,0.817216
-43.4088,0.0933,149.2773,0.817239
-43.3687,0.0924,149.1789,0.817263
-43.3400,0.0926,149.0576,0.817288
-43.3006,0.0942,148.9595,0.817313
-43.2621,0.0959,148.8613,0.817333
-43.2192,0.0977,148.7553,0.817357
-43.1784,0.0993,148.6594,0.817381
-43.1179,0.1016,148.5214,0.817413
-43.0759,0.1032,148.4269,0.817436
-43.0264,0.1058,148.3650,0.817455
-42.9793,0.1082,148.2629,0.817477
-42.9359,0.1104,148.1694,0.817498
-42.8924,0.1126,148.0757,0.817522
-42.8484,0.1142,147.9819,0.817548
-42.8030,0.1133,147.8890,0.817571
-42.7562,0.1125,147.7969,0.817593
-42.6992,0.1147,147.6781,0.817618
-42.6512,0.1203,147.5866,0.817641
-42.6032,0.1259,147.4959,0.817661
-42.5633,0.1305,147.4229,0.817679
-42.5136,0.1361,147.3348,0.817703
-42.4727,0.1409,147.2714,0.817725
-42.4032,0.1371,147.1528,0.817756
-42.3460,0.1341,147.0586,0.817781
-42.2915,0.1313,146.9718,0.817801
-42.2309,0.1282,146.8768,0.817828
-42.1744,0.1255,146.7900,0.817852
-42.1113,0.1242,146.7039,0.817873
-42.0475,0.1224,146.6105,0.817900
-41.9829,0.1207,146.5178,0.817924
-41.9230,0.1193,146.4338,0.817948
-41.8565,0.1178,146.3434,0.817972
-41.7942,0.1166,146.2621,0.817997
-41.7139,0.1153,146.1601,0.818026
-41.6324,0.1140,146.0599,0.818055
-41.5671,0.1132,145.9825,0.818079
-41.4986,0.1120,145.9018,0.818104
-41.4434,0.1102,145.8401,0.818122
-41.3684,0.1080,145.7589,0.818148
-41.2919,0.1058,145.6784,0.818174
-41.2204,0.1040,145.6054,0.818198
-41.1414,0.1020,145.5265,0.818224
-41.0616,0.1002,145.4486,0.818250
-40.9497,0.1142,145.4093,0.818274
-40.8673,0.1155,145.3346,0.818301
-40.7925,0.1164,145.2654,0.818323
-40.7161,0.1178,145.1973,0.818347
-40.6242,0.1199,145.1176,0.818375
-40.5461,0.1218,145.0508,0.818399
-40.4604,0.1240,144.9782,0.818425
-40.3814,0.1262,144.9122,0.818450
-40.3175,0.1122,144.7916,0.818479
-40.2314,0.1124,144.7228,0.818506
-40.1496,0.1123,144.6590,0.818530
-40.0599,0.1122,144.5901,0.818556
-39.9771,0.1122,144.5276,0.818580
-39.8859,0.1122,144.4603,0.818607
-39.8016,0.1123,144.3994,0.818631
-39.7167,0.1125,144.3393,0.818657
-39.6311,0.1127,144.2800,0.818681
-39.5368,0.1130,144.2162,0.818707
-39.4497,0.1134,144.1585,0.818732
-39.3541,0.1138,144.0965,0.818758
-39.2658,0.1143,144.0405,0.818783
-39.1608,0.1149,143.9751,0.818811
-39.0714,0.1155,143.9206,0.818835
-38.9732,0.1162,143.8621,0.818862
-38.8765,0.1166,143.8061,0.818889
-38.7769,0.1165,143.7496,0.818916
-38.6766,0.1164,143.6940,0.818944
-38.5842,0.1164,143.6440,0.818968
-38.4827,0.1165,143.5905,0.818994
-38.3892,0.1166,143.5422,0.819020
-38.2952,0.1167,143.4949,0.819045
-38.1921,0.1170,143.4442,0.819071
-38.0883,0.1173,143.3944,0.819100
-37.9839,0.1177,143.3458,0.819126
-37.8876,0.1182,143.3020,0.819151
-37.7822,0.1187,143.2550,0.819179
-37.6585,0.1193,143.2012,0.819210
-37.5431,0.1200,143.1523,0.819239
-37.4093,0.1209,143.0971,0.819273
-37.3136,0.1213,143.0588,0.819298
-37.2056,0.1209,143.0166,0.819326
-37.0970,0.1207,142.9756,0.819353
-36.9970,0.1205,142.9387,0.819378
-36.8875,0.1203,142.8994,0.819405
-36.7776,0.1202,142.8610,0.819432
-36.6765,0.1201,142.8266,0.819457
-36.5658,0.1201,142.7898,0.819484
-36.4639,0.1202,142.7570,0.819509
-36.3431,0.1203,142.7192,0.819539
-36.2312,0.1205,142.6854,0.819566
-36.1282,0.1208,142.6554,0.819592
-36.0156,0.1211,142.6236,0.819619
-35.9120,0.1214,142.5954,0.819644
-35.8081,0.1218,142.5681,0.819669
-35.7039,0.1223,142.5417,0.819694
-35.5898,0.1228,142.5138,0.819721
-35.4850,0.1234,142.4893,0.819748
-35.3799,0.1241,142.4656,0.819772
-35.2554,0.1249,142.4388,0.819802
-35.1497,0.1256,142.4171,0.819827
-35.0371,0.1260,142.3953,0.819854
-34.9308,0.1257,142.3758,0.819880
-34.8143,0.1256,142.3557,0.819908
-34.7071,0.1255,142.3383,0.819931
-34.5899,0.1254,142.3204,0.819960
-34.4722,0.1255,142.3036,0.819987
-34.3478,0.1268,142.2900,0.820015
-34.2395,0.1292,142.2764,0.820040
-34.1241,0.1317,142.2637,0.820069
-34.0057,0.1333,142.2508,0.820096
-33.8969,0.1348,142.2401,0.820120
-33.7878,0.1364,142.2305,0.820146
-33.6785,0.1380,142.2218,0.820172
-33.5591,0.1399,142.2135,0.820199
-33.4495,0.1417,142.2075,0.820224
-33.3299,0.1438,142.2023,0.820250
-33.2200,0.1458,142.1983,0.820277
-33.1001,0.1481,142.1951,0.820304
-32.9800,0.1504,142.1930,0.820332
-32.8898,0.1522,142.1919,0.820351
-32.8094,0.1538,142.1910,0.820371
-32.6869,0.1564,142.1875,0.820398
-32.5918,0.1552,142.1953,0.820423
-32.4708,0.1524,142.1986,0.820450
-32.3522,0.1478,142.1968,0.820478
-32.2407,0.1443,142.2022,0.820503
-32.1189,0.1406,142.2094,0.820531
-32.0074,0.1372,142.2171,0.820555
-31.8752,0.1333,142.2274,0.820585
-31.7736,0.1304,142.2363,0.820607
-31.6539,0.1296,142.2467,0.820633
-31.5319,0.1293,142.2593,0.820660
-31.4198,0.1291,142.2710,0.820686
-31.2975,0.1289,142.2848,0.820713
-31.1854,0.1288,142.2986,0.820738
-31.0629,0.1288,142.3147,0.820765
-30.9403,0.1288,142.3318,0.820791
-30.8176,0.1289,142.3498,0.820820
-30.7051,0.1290,142.3673,0.820846
-30.5827,0.1292,142.3876,0.820873
-30.4704,0.1294,142.4069,0.820896
-30.3477,0.1297,142.4290,0.820922
-30.2418,0.1297,142.4490,0.820949
-30.0830,0.1290,142.4895,0.820983
-29.9594,0.1293,142.5164,0.821009
-29.8457,0.1296,142.5416,0.821035
-29.6806,0.1302,142.5800,0.821072
-29.5352,0.1305,142.6152,0.821102
-29.3895,0.1309,142.6522,0.821134
-29.2647,0.1314,142.6850,0.821161
-29.1189,0.1320,142.7237,0.821194
-28.9934,0.1325,142.7575,0.821220
-28.8672,0.1331,142.7918,0.821248
-28.7507,0.1336,142.8233,0.821273
-28.6232,0.1342,142.8584,0.821300
-28.4998,0.0995,142.8864,0.821330
-28.3711,0.0975,142.9233,0.821356
-28.2531,0.0958,142.9605,0.821380
-28.1240,0.0941,143.0019,0.821410
-27.9941,0.0922,143.0420,0.821438
-27.8745,0.0905,143.0788,0.821463
-27.7437,0.0886,143.1192,0.821492
-27.6230,0.0869,143.1563,0.821516
-27.5016,0.0851,143.1936,0.821543
-27.3464,0.0830,143.2422,0.821575
-27.2240,0.0813,143.2811,0.821603
-27.0898,0.0794,143.3236,0.821630
-26.9550,0.0775,143.3663,0.821660
-26.7967,0.0753,143.4165,0.821693
-26.6717,0.0736,143.4561,0.821719
-26.5349,0.0717,143.4993,0.821747
-26.4090,0.0699,143.5386,0.821774
-26.2711,0.0680,143.5817,0.821802
-26.1307,0.0660,143.6256,0.821830
-25.9893,0.0639,143.6679,0.821861
-25.8480,0.0619,143.7114,0.821892
-25.7060,0.0599,143.7559,0.821922
-25.5633,0.0578,143.8005,0.821952
-25.4081,0.0557,143.8495,0.821987
-25.2762,0.0538,143.8912,0.822013
-25.1315,0.0518,143.9367,0.822045
-24.9860,0.0498,143.9822,0.822073
-24.8518,0.0479,144.0241,0.822104
-24.7047,0.0458,144.0698,0.822137
-24.5693,0.0439,144.1120,0.822166
-24.4209,0.0418,144.1583,0.822196
-24.2718,0.0397,144.2050,0.822230
-24.1222,0.0376,144.2520,0.822257
-23.9845,0.0356,144.2955,0.822288
-23.8342,0.0335,144.3418,0.822323
-23.6951,0.0315,144.3849,0.822353
-23.5429,0.0294,144.4335,0.822385
-23.3646,0.0270,144.4910,0.822423
-23.2111,0.0249,144.5406,0.822455
-23.0441,0.0226,144.5946,0.822493
-22.8893,0.0206,144.6447,0.822525
-22.7282,0.0175,144.6785,0.822557
-22.5849,0.0157,144.7249,0.822588
-22.4280,0.0137,144.7760,0.822623
-22.2836,0.0119,144.8231,0.822655
-22.1119,0.0098,144.8790,0.822692
-21.9526,0.0078,144.9307,0.822726
-21.7925,0.0058,144.9825,0.822763
-21.5779,0.0031,145.0520,0.822809
-21.4434,0.0014,145.0959,0.822839
-21.2777,0.0000,145.1495,0.822871
-21.1286,0.0000,145.1987,0.822904
-20.9652,0.0000,145.2525,0.822941
-20.8010,0.0000,145.3065,0.822978
-20.6497,0.0000,145.3560,0.823009
-20.4838,0.0000,145.4101,0.823047
-20.3311,0.0000,145.4597,0.823078
-20.1638,0.0000,145.5141,0.823116
-19.9960,0.0000,145.5689,0.823150
-19.8276,0.0000,145.6241,0.823189
-19.6727,0.0000,145.6752,0.823223
-19.5171,0.0000,145.7267,0.823256
-19.3466,0.0000,145.7831,0.823297
-19.2182,0.0000,145.8255,0.823326
-19.0607,0.0000,145.8772,0.823359
-18.8881,0.0000,145.9338,0.823398
-18.7147,0.0000,145.9904,0.823435
-18.4680,0.0000,146.0708,0.823490
-18.3076,0.0000,146.1233,0.823529
-18.1321,0.0000,146.1809,0.823565
-17.9704,0.0000,146.2339,0.823600
-17.7934,0.0000,146.2920,0.823645
-17.6306,0.0000,146.3455,0.823680
-17.4522,0.0000,146.4041,0.823720
-17.2731,0.0000,146.4630,0.823761
-17.1084,0.0000,146.5173,0.823802
-16.9279,0.0000,146.5769,0.823845
-16.7466,0.0000,146.6369,0.823887
-16.5796,0.0000,146.6921,0.823925
-16.3967,0.0000,146.7527,0.823966
-16.2282,0.0000,146.8085,0.824005
-16.0435,0.0000,146.8697,0.824051
-15.8734,0.0000,146.9261,0.824091
-15.7023,0.0000,146.9829,0.824131
-15.5147,0.0000,147.0452,0.824182
-15.3260,0.0000,147.1079,0.824225
-15.1360,0.0000,147.1711,0.824271
-14.9607,0.0000,147.2293,0.824314
-14.7684,0.0000,147.2934,0.824360
-14.5910,0.0000,147.3525,0.824404
-14.4125,0.0000,147.4121,0.824446
-14.2165,0.0000,147.4775,0.824497
-14.0192,0.0000,147.5435,0.824546
-13.8206,0.0000,147.6099,0.824590
-13.5871,0.0000,147.6879,0.824649
-13.3855,0.0000,147.7552,0.824697
-13.1824,0.0000,147.8228,0.824750
-12.9607,0.0000,147.8966,0.824808
-12.7719,0.0000,147.9594,0.824854
-12.5645,0.0000,148.0283,0.824903
-12.3731,0.0000,148.0919,0.824951
-12.1631,0.0000,148.1617,0.825006
-11.9693,0.0000,148.2263,0.825053
-11.7564,0.0000,148.2973,0.825107
-11.5600,0.0000,148.3630,0.825160
-11.3444,0.0000,148.4351,0.825208
-11.1271,0.0000,148.5079,0.825270
-10.9267,0.0000,148.5751,0.825319
-10.7067,0.0000,148.6491,0.825374
-10.5039,0.0000,148.7177,0.825428
-10.2813,0.0000,148.7934,0.825486
-10.0386,0.0000,148.8764,0.825548
-9.8130,0.0000,148.9540,0.825609
-9.5670,0.0000,149.0389,0.825670
-9.3575,0.0000,149.1115,0.825726
-9.1274,0.0000,149.1915,0.825787
-8.8958,0.0000,149.2721,0.825848
-8.6627,0.0000,149.3536,0.825912
-8.4477,0.0000,149.4290,0.825971
-8.2117,0.0000,149.5120,0.826030
-7.9741,0.0000,149.5958,0.826093
-7.7550,0.0000,149.6733,0.826157
-7.4942,0.0000,149.7657,0.826226
-7.2517,0.0000,149.8516,0.826293
-7.0074,0.0000,149.9381,0.826359
-6.7614,0.0000,150.0251,0.826427
-6.4929,0.0000,150.1200,0.826498
-6.2225,0.0000,150.2155,0.826568
-5.9710,0.0000,150.3042,0.826640
-5.7177,0.0000,150.3935,0.826706
-5.4627,0.0000,150.4833,0.826777
-5.2059,0.0000,150.5736,0.826847
-4.9907,0.0000,150.6493,0.826908
-4.7310,0.0000,150.7407,0.826976
-4.4697,0.0000,150.8330,0.827048
-4.2069,0.0000,150.9261,0.827117
-3.9646,0.0000,151.0123,0.827189
-3.7209,0.0000,151.0991,0.827254
-3.4534,0.0000,151.1945,0.827323
-3.1842,0.0000,151.2906,0.827401
-2.9360,0.0000,151.3793,0.827468
-2.6636,0.0000,151.4767,0.827546
-2.4124,0.0000,151.5666,0.827615
-2.1369,0.0000,151.6653,0.827690
-1.8598,0.0000,151.7646,0.827768
-1.5811,0.0000,151.8644,0.827845
-1.3241,0.0000,151.9564,0.827914
-1.0421,0.0000,152.0573,0.827993
-0.7583,0.0000,152.1587,0.828066
-0.4967,0.0000,152.2522,0.828148
-0.2096,0.0000,152.3549,0.828216
0.0792,0.0000,152.4582,0.828299
0.3455,0.0000,152.5534,0.828376
0.6377,0.0000,152.6579,0.828459
0.9563,0.0000,152.7718,0.828545
1.2523,0.0000,152.8774,0.828621
1.5252,0.0000,152.9746,0.828696
1.7996,0.0000,153.0724,0.828772
2.0754,0.0000,153.1707,0.828848
2.3780,0.0000,153.2785,0.828931
2.6569,0.0000,153.3778,0.829008
3.0651,0.0000,153.5233,0.829127
3.3476,0.0000,153.6239,0.829203
3.6575,0.0000,153.7342,0.829291
3.9431,0.0000,153.8358,0.829370
4.2565,0.0000,153.9471,0.829458
4.5454,0.0000,154.0495,0.829539
4.8359,0.0000,154.1523,0.829619
5.1546,0.0000,154.2646,0.829710
5.4484,0.0000,154.3677,0.829796
5.7704,0.0000,154.4804,0.829893
6.0671,0.0000,154.5839,0.829975
6.3924,0.0000,154.6972,0.830060
6.7194,0.0000,154.8106,0.830154
7.0203,0.0000,154.9146,0.830241
7.3496,0.0000,155.0280,0.830331
7.7623,0.0000,155.1695,0.830445
8.0651,0.0000,155.2730,0.830529
8.3947,0.0000,155.3853,0.830619
8.7506,0.0000,155.5065,0.830730
9.0504,0.0000,155.6085,0.830809
9.3756,0.0000,155.7192,0.830900
9.6720,0.0000,155.8201,0.830987
9.9935,0.0000,155.9294,0.831075
10.2866,0.0000,156.0289,0.831160
10.5780,0.0000,156.1276,0.831233
10.8942,0.0000,156.2346,0.831320
11.1822,0.0000,156.3320,0.831400
11.4946,0.0000,156.4376,0.831484
11.8050,0.0000,156.5425,0.831573
12.1133,0.0000,156.6470,0.831653
12.3942,0.0000,156.7422,0.831729
12.6989,0.0000,156.8454,0.831811
12.9766,0.0000,156.9394,0.831887
13.2779,0.0000,157.0411,0.831967
13.5526,0.0000,157.1335,0.832041
13.8505,0.0000,157.2335,0.832118
14.1220,0.0000,157.3245,0.832190
14.4897,0.0000,157.4475,0.832288
14.7817,0.0000,157.5452,0.832363
15.1441,0.0000,157.6664,0.832458
15.4318,0.0000,157.7628,0.832531
15.7176,0.0000,157.8586,0.832609
15.9780,0.0000,157.9459,0.832676
16.2607,0.0000,158.0406,0.832743
16.5423,0.0000,158.1349,0.832815
16.7991,0.0000,158.2209,0.832889
17.0549,0.0000,158.3064,0.832954
17.3328,0.0000,158.3994,0.833025
17.5864,0.0000,158.4841,0.833084
17.8390,0.0000,158.5685,0.833153
18.1132,0.0000,158.6601,0.833223
18.3633,0.0000,158.7435,0.833283
18.6347,0.0000,158.8342,0.833352
18.9047,0.0000,158.9244,0.833425
19.1956,0.0000,159.0215,0.833500
19.3961,0.0000,159.0885,0.833551
19.6623,0.0000,159.1774,0.833611
19.9271,0.0000,159.2658,0.833682
20.1687,0.0000,159.3466,0.833744
20.4745,0.0000,159.4490,0.833822
20.7135,0.0000,159.5291,0.833880
20.9513,0.0000,159.6091,0.833946
21.2095,0.0000,159.6961,0.834009
21.4450,0.0000,159.7755,0.834070
21.6795,0.0000,159.8546,0.834131
21.9340,0.0000,159.9406,0.834197
22.1873,0.0000,160.0262,0.834257
22.4183,0.0000,160.1043,0.834319
22.6689,0.0000,160.1893,0.834380
22.8975,0.0000,160.2669,0.834436
23.1456,0.0000,160.3514,0.834501
23.3926,0.0000,160.4357,0.834565
23.6389,0.0000,160.5199,0.834625
23.8843,0.0000,160.6040,0.834690
24.1290,0.0000,160.6879,0.834750
24.3525,0.0000,160.7645,0.834808
24.5950,0.0000,160.8478,0.834874
24.8163,0.0000,160.9237,0.834930
25.0568,0.0000,161.0064,0.834990
25.2967,0.0000,161.0888,0.835047
25.5360,0.0000,161.1708,0.835111
25.6952,0.0000,161.2252,0.835150
25.9732,0.0000,161.3201,0.835218
26.2306,0.0000,161.4080,0.835289
26.4677,0.0000,161.4891,0.835347
26.7047,0.0000,161.5703,0.835404
26.9414,0.0000,161.6517,0.835464
27.1779,0.0000,161.7330,0.835523
27.4340,0.0000,161.8211,0.835588
27.6112,0.0000,161.8821,0.835631
27.8277,0.0000,161.9566,0.835686
28.0641,0.0000,162.0379,0.835744
28.2809,0.0000,162.1125,0.835797
28.5177,0.0000,162.1940,0.835858
28.7548,0.0000,162.2754,0.835918
28.9724,0.0000,162.3501,0.835971
29.2895,0.0000,162.4587,0.836052
29.5079,0.0000,162.5334,0.836105
29.7464,0.0000,162.6150,0.836163
30.0052,0.0000,162.7036,0.836230
30.2443,0.0000,162.7855,0.836287
30.4838,0.0000,162.8677,0.836346
30.7035,0.0000,162.9432,0.836404
30.9236,0.0000,163.0189,0.836457
31.1640,0.0000,163.1016,0.836515
31.4048,0.0000,163.1844,0.836570
31.6460,0.0000,163.2672,0.836635
31.8675,0.0000,163.3431,0.836688
32.0894,0.0000,163.4191,0.836743
32.3317,0.0000,163.5021,0.836800
32.5743,0.0000,163.5852,0.836857
32.8173,0.0000,163.6684,0.836919
33.1013,0.0000,163.7657,0.836991
33.3450,0.0000,163.8492,0.837046
33.5688,0.0000,163.9259,0.837100
33.8132,0.0000,164.0097,0.837158
34.0375,0.0000,164.0866,0.837215
34.2621,0.0000,164.1637,0.837272
34.5074,0.0000,164.2480,0.837326
34.7326,0.0000,164.3255,0.837383
34.9785,0.0000,164.4102,0.837438
35.2247,0.0000,164.4950,0.837495
35.4508,0.0000,164.5730,0.837552
35.6977,0.0000,164.6582,0.837613
35.9450,0.0000,164.7435,0.837669
36.1720,0.0000,164.8219,0.837724
36.4201,0.0000,164.9074,0.837778
36.6686,0.0000,164.9930,0.837837
36.9175,0.0000,165.0786,0.837895
37.1461,0.0000,165.1571,0.837948
37.3750,0.0000,165.2357,0.838005
37.6251,0.0000,165.3216,0.838059
37.8546,0.0000,165.4004,0.838115
38.1054,0.0000,165.4864,0.838174
38.3566,0.0000,165.5727,0.838235
38.5872,0.0000,165.6519,0.838285
38.8391,0.0000,165.7383,0.838343
39.0913,0.0000,165.8250,0.838399
39.2807,0.0000,165.8901,0.838450
39.5547,0.0000,165.9843,0.838507
39.8080,0.0000,166.0715,0.838573
40.0405,0.0000,166.1515,0.838626
40.2733,0.0000,166.2316,0.838678
40.5701,0.0000,166.3338,0.838750
40.8250,0.0000,166.4215,0.838807
41.0589,0.0000,166.5020,0.838866
41.2932,0.0000,166.5827,0.838916
41.5491,0.0000,166.6708,0.838977
41.7841,0.0000,166.7516,0.839032
42.0194,0.0000,166.8326,0.839084
42.2765,0.0000,166.9211,0.839141
42.5125,0.0000,167.0023,0.839198
42.7705,0.0000,167.0908,0.839259
43.0074,0.0000,167.1720,0.839314
43.2661,0.0000,167.2607,0.839374
43.5037,0.0000,167.3421,0.839429
43.7633,0.0000,167.4310,0.839491
44.0016,0.0000,167.5125,0.839544
44.2619,0.0000,167.6015,0.839607
44.5227,0.0000,167.6907,0.839668
44.7621,0.0000,167.7725,0.839723
45.0237,0.0000,167.8617,0.839784
45.2858,0.0000,167.9510,0.839843
45.5264,0.0000,168.0329,0.839897
45.7892,0.0000,168.1223,0.839958
46.0306,0.0000,168.2043,0.840015
46.2942,0.0000,168.2938,0.840080
46.5362,0.0000,168.3760,0.840135
46.8006,0.0000,168.4657,0.840193
47.1096,0.0000,168.5705,0.840268
47.3305,0.0000,168.6456,0.840321
47.5960,0.0000,168.7357,0.840380
47.8396,0.0000,168.8185,0.840439
48.1057,0.0000,168.9091,0.840503
48.3499,0.0000,168.9925,0.840556
48.6166,0.0000,169.0835,0.840619
48.8615,0.0000,169.1672,0.840676
49.1514,0.0000,169.2661,0.840739
49.3971,0.0000,169.3498,0.840798
49.6432,0.0000,169.4335,0.840856
49.9121,0.0000,169.5249,0.840921
50.1814,0.0000,169.6164,0.840979
50.4512,0.0000,169.7079,0.841045
50.6988,0.0000,169.7919,0.841101
50.9693,0.0000,169.8836,0.841162
51.2402,0.0000,169.9754,0.841223
51.4888,0.0000,170.0598,0.841285
51.8056,0.0000,170.1673,0.841356
52.0548,0.0000,170.2520,0.841416
52.3270,0.0000,170.3444,0.841478
52.5768,0.0000,170.4293,0.841532
52.8498,0.0000,170.5220,0.841598
53.1003,0.0000,170.6071,0.841656
53.3739,0.0000,170.7001,0.841720
53.6250,0.0000,170.7854,0.841776
53.8993,0.0000,170.8786,0.841838
54.1510,0.0000,170.9642,0.841898
54.4258,0.0000,171.0580,0.841958
54.7008,0.0000,171.1520,0.842023
54.9760,0.0000,171.2464,0.842085
55.2514,0.0000,171.3412,0.842152
55.5042,0.0000,171.4284,0.842211
55.7571,0.0000,171.5159,0.842271
56.0334,0.0000,171.6116,0.842331
56.2870,0.0000,171.6995,0.842392
56.5640,0.0000,171.7955,0.842456
56.8185,0.0000,171.8837,0.842516
57.0964,0.0000,171.9797,0.842573
57.3516,0.0000,172.0679,0.842640
57.6304,0.0000,172.1642,0.842703
57.9095,0.0000,172.2605,0.842768
58.1891,0.0000,172.3570,0.842836
58.5391,0.0000,172.4777,0.842916
58.8430,0.0000,172.5826,0.842985
59.0536,0.0000,172.6552,0.843035
59.3113,0.0000,172.7441,0.843092
59.5928,0.0000,172.8412,0.843157
59.8512,0.0000,172.9303,0.843219
60.1334,0.0000,173.0276,0.843286
60.4161,0.0000,173.1250,0.843350
60.6991,0.0000,173.2224,0.843415
60.9589,0.0000,173.3119,0.843475
61.2426,0.0000,173.4096,0.843543
61.5031,0.0000,173.4993,0.843601
61.7875,0.0000,173.5973,0.843665
62.0486,0.0000,173.6873,0.843732
62.3338,0.0000,173.7856,0.843790
62.6193,0.0000,173.8840,0.843858
62.9291,0.0000,173.9907,0.843929
63.2869,0.0000,174.1142,0.844009
63.5736,0.0000,174.2132,0.844078
63.8607,0.0000,174.3123,0.844147
64.1482,0.0000,174.4116,0.844211
64.4121,0.0000,174.5026,0.844276
64.7003,0.0000,174.6021,0.844338
64.9889,0.0000,174.7016,0.844406
65.2538,0.0000,174.7930,0.844469
65.5431,0.0000,174.8928,0.844534
65.8568,0.0000,175.0013,0.844603
66.1225,0.0000,175.0933,0.844663
66.4128,0.0000,175.1938,0.844731
66.7034,0.0000,175.2945,0.844800
67.0672,0.0000,175.4206,0.844884
67.3830,0.0000,175.5300,0.844957
67.6505,0.0000,175.6227,0.845017
67.9184,0.0000,175.7156,0.845078
68.2109,0.0000,175.8171,0.845148
68.5038,0.0000,175.9187,0.845215
68.7971,0.0000,176.0205,0.845281
69.0663,0.0000,176.1139,0.845347
69.3358,0.0000,176.2075,0.845406
69.6302,0.0000,176.3096,0.845474
69.9005,0.0000,176.4033,0.845536
70.1711,0.0000,176.4969,0.845595
70.4667,0.0000,176.5993,0.845664
70.7380,0.0000,176.6931,0.845725
71.0590,0.0000,176.8042,0.845800
71.3558,0.0000,176.9069,0.845870
71.6281,0.0000,177.0010,0.845938
71.9008,0.0000,177.0954,0.845994
72.1986,0.0000,177.1983,0.846064
72.4720,0.0000,177.2928,0.846125
72.7707,0.0000,177.3958,0.846195
73.1696,0.0000,177.5333,0.846287
73.4443,0.0000,177.6278,0.846349
73.7444,0.0000,177.7309,0.846417
74.0199,0.0000,177.8254,0.846481
74.3208,0.0000,177.9286,0.846549
74.6222,0.0000,178.0318,0.846614
74.8988,0.0000,178.1264,0.846678
75.2765,0.0000,178.2555,0.846767
75.5790,0.0000,178.3588,0.846835
75.8568,0.0000,178.4536,0.846904
76.1601,0.0000,178.5571,0.846970
76.4383,0.0000,178.6521,0.847034
76.7422,0.0000,178.7560,0.847100
77.0971,0.0000,178.8774,0.847183
77.3764,0.0000,178.9729,0.847247
77.6814,0.0000,179.0773,0.847320
77.9868,0.0000,179.1817,0.847386
78.2671,0.0000,179.2774,0.847450
78.5479,0.0000,179.3731,0.847516
78.8801,0.0000,179.4864,0.847591
79.1615,0.0000,179.5822,0.847656
79.4689,0.0000,179.6868,0.847730
79.7767,0.0000,179.7914,0.847799
80.0591,0.0000,179.8875,0.847861
80.3418,0.0000,179.9838,0.847926
80.6505,0.0000,180.0889,0.847996
80.9338,0.0000,180.1854,0.848064
81.2173,0.0000,180.2819,0.848129
81.5267,0.0000,180.3874,0.848198
81.8882,0.0000,180.5103,0.848283
82.1982,0.0000,180.6157,0.848353
82.4827,0.0000,180.7124,0.848419
82.7932,0.0000,180.8179,0.848491
83.0781,0.0000,180.9146,0.848560
83.3890,0.0000,181.0202,0.848630
83.7001,0.0000,181.1260,0.848700
83.9854,0.0000,181.2231,0.848765
84.2967,0.0000,181.3292,0.848840
84.5822,0.0000,181.4267,0.848908
84.8939,0.0000,181.5332,0.848978
85.1798,0.0000,181.6310,0.849044
85.4918,0.0000,181.7378,0.849115
85.7780,0.0000,181.8358,0.849185
86.0644,0.0000,181.9339,0.849249
86.3771,0.0000,182.0410,0.849321
86.6638,0.0000,182.1394,0.849386
86.9508,0.0000,182.2378,0.849454
87.2641,0.0000,182.3453,0.849524
87.5773,0.0000,182.4527,0.849597
87.9416,0.0000,182.5778,0.849683
88.2524,0.0000,182.6845,0.849753
88.5359,0.0000,182.7819,0.849821
88.8433,0.0000,182.8876,0.849890
89.1488,0.0000,182.9926,0.849961
89.4271,0.0000,183.0884,0.850022
89.7790,0.0000,183.2095,0.850103
90.1034,0.0000,183.3213,0.850179
90.3762,0.0000,183.4154,0.850241
90.6473,0.0000,183.5090,0.850305
90.9411,0.0000,183.6107,0.850372
91.2331,0.0000,183.7118,0.850438
91.5231,0.0000,183.8125,0.850508
91.8113,0.0000,183.9126,0.850571
92.0738,0.0000,184.0039,0.850632
92.3584,0.0000,184.1029,0.850698
92.6412,0.0000,184.2014,0.850763
92.9688,0.0000,184.3155,0.850835
93.2245,0.0000,184.4046,0.850896
93.5016,0.0000,184.5013,0.850957
93.7771,0.0000,184.5973,0.851024
93.9597,0.0000,184.6609,0.851065
94.2322,0.0000,184.7558,0.851127
94.5031,0.0000,184.8500,0.851191
94.7723,0.0000,184.9433,0.851249
95.0176,0.0000,185.0282,0.851306
95.2613,0.0000,185.1125,0.851361
95.5256,0.0000,185.2040,0.851422
95.7883,0.0000,185.2949,0.851480
96.0493,0.0000,185.3853,0.851540
96.3518,0.0000,185.4899,0.851612
96.6092,0.0000,185.5789,0.851670
96.9075,0.0000,185.6818,0.851737
97.1612,0.0000,185.7694,0.851796
97.4133,0.0000,185.8563,0.851850
97.6428,0.0000,185.9354,0.851907
97.8917,0.0000,186.0211,0.851961
98.1388,0.0000,186.1063,0.852015
98.3639,0.0000,186.1839,0.852076
98.5875,0.0000,186.2610,0.852119
98.8298,0.0000,186.3446,0.852173
99.0506,0.0000,186.4208,0.852228
99.2901,0.0000,186.5034,0.852284
99.5280,0.0000,186.5856,0.852338
99.7444,0.0000,186.6607,0.852384
99.9595,0.0000,186.7353,0.852435
100.2314,0.0000,186.8297,0.852497
100.4438,0.0000,186.9035,0.852546
100.6742,0.0000,186.9836,0.852597
100.9033,0.0000,187.0634,0.852653
101.2069,0.0000,187.1695,0.852720
101.4143,0.0000,187.2422,0.852772
101.6395,0.0000,187.3212,0.852820
101.8449,0.0000,187.3934,0.852870
102.0865,0.0000,187.4781,0.852925
102.3269,0.0000,187.5621,0.852979
102.6028,0.0000,187.6583,0.853043
102.8223,0.0000,187.7346,0.853093
103.0224,0.0000,187.8042,0.853140
103.2398,0.0000,187.8797,0.853188
103.4379,0.0000,187.9486,0.853230
103.6530,0.0000,188.0233,0.853284
103.8492,0.0000,188.0916,0.853329
104.0618,0.0000,188.1658,0.853379
104.2556,0.0000,188.2337,0.853423
104.4659,0.0000,188.3075,0.853467
104.6579,0.0000,188.3750,0.853514
104.8662,0.0000,188.4484,0.853560
105.0736,0.0000,188.5215,0.853609
105.2631,0.0000,188.5883,0.853651
105.5381,0.0000,188.6853,0.853717
105.7270,0.0000,188.7519,0.853759
105.9330,0.0000,188.8247,0.853807
106.1217,0.0000,188.8914,0.853848
106.3275,0.0000,188.9644,0.853898
106.5161,0.0000,189.0313,0.853942
106.7218,0.0000,189.1046,0.853989
107.0130,0.0000,189.2089,0.854056
107.1843,0.0000,189.2705,0.854093
107.3899,0.0000,189.3447,0.854141
107.5954,0.0000,189.4191,0.854192
107.7840,0.0000,189.4874,0.854234
107.9898,0.0000,189.5619,0.854282
108.1959,0.0000,189.6364,0.854329
108.4710,-0.0000,189.7357,0.854395
108.6948,0.0000,189.8163,0.854445
108.9015,-0.0000,189.8906,0.854492
109.0911,-0.0000,189.9587,0.854534
109.2808,-0.0000,190.0269,0.854578
109.4879,-0.0000,190.1012,0.854628
109.6952,0.0000,190.1756,0.854676
109.8853,0.0000,190.2437,0.854722
110.0756,-0.0000,190.3118,0.854764
110.2659,0.0000,190.3800,0.854807
110.4736,0.0000,190.4544,0.854854
110.6641,-0.0000,190.5227,0.854902
110.8717,-0.0000,190.5975,0.854945
111.0793,-0.0000,190.6727,0.854995
111.2870,-0.0000,190.7480,0.855041
111.4774,-0.0000,190.8172,0.855086
111.7197,-0.0000,190.9056,0.855142
111.9101,-0.0000,190.9753,0.855187
112.1351,-0.0000,191.0580,0.855236
112.3429,-0.0000,191.1346,0.855286
112.5334,-0.0000,191.2050,0.855328
112.7414,-0.0000,191.2818,0.855376
112.9495,0.0000,191.3587,0.855423
113.1406,0.0000,191.4293,0.855472
113.3491,0.0000,191.5062,0.855516
113.5405,0.0000,191.5767,0.855564
113.6798,0.0000,191.6279,0.855594
113.9064,0.0000,191.7110,0.855649
114.0983,0.0000,191.7813,0.855691
114.3427,0.0000,191.8708,0.855748
114.5348,0.0000,191.9412,0.855794
114.6921,0.0000,191.9988,0.855831
114.9195,0.0000,192.0820,0.855883
115.1121,0.0000,192.1523,0.855925
115.3047,0.0000,192.2226,0.855968
115.5149,-0.0000,192.2994,0.856022
115.7077,-0.0000,192.3699,0.856064
115.9006,0.0000,192.4404,0.856111
116.1111,0.0000,192.5173,0.856156
116.3041,0.0000,192.5878,0.856202
116.5147,0.0000,192.6649,0.856252
116.7079,-0.0000,192.7356,0.856296
116.9011,-0.0000,192.8062,0.856344
117.1121,-0.0000,192.8833,0.856386
117.3055,-0.0000,192.9540,0.856434
117.4990,-0.0000,193.0246,0.856476
117.7102,-0.0000,193.1017,0.856526
117.9038,-0.0000,193.1724,0.856572
118.1150,-0.0000,193.2495,0.856620
118.3088,-0.0000,193.3204,0.856666
118.5202,-0.0000,193.3977,0.856713
118.7669,-0.0000,193.4881,0.856772
118.9785,-0.0000,193.5655,0.856817
119.1725,-0.0000,193.6366,0.856866
119.3843,-0.0000,193.7141,0.856917
119.5785,-0.0000,193.7851,0.856962
119.8080,-0.0000,193.8692,0.857008
119.9847,-0.0000,193.9339,0.857050
120.1968,-0.0000,194.0116,0.857101
120.3913,-0.0000,194.0828,0.857149
120.6035,-0.0000,194.1605,0.857195
120.8158,-0.0000,194.2382,0.857245
121.0105,-0.0000,194.3096,0.857290
121.2230,-0.0000,194.3874,0.857339
121.4358,-0.0000,194.4653,0.857390
121.6486,-0.0000,194.5430,0.857441
121.8438,-0.0000,194.6141,0.857483
122.0569,-0.0000,194.6918,0.857531
122.2523,-0.0000,194.7630,0.857578
122.4477,-0.0000,194.8342,0.857618
122.6610,-0.0000,194.9119,0.857670
122.8744,-0.0000,194.9897,0.857717
123.0702,-0.0000,195.0609,0.857763
123.2838,-0.0000,195.1387,0.857817
123.4797,-0.0000,195.2099,0.857861
123.6758,-0.0000,195.2811,0.857902
123.8719,-0.0000,195.3523,0.857946
124.0859,-0.0000,195.4300,0.857999
124.2821,-0.0000,195.5013,0.858044
124.4962,-0.0000,195.5792,0.858093
124.6925,-0.0000,195.6507,0.858136
124.9067,-0.0000,195.7287,0.858189
125.1030,-0.0000,195.8003,0.858235
125.3352,-0.0000,195.8851,0.858286
125.5494,-0.0000,195.9634,0.858337
125.7458,-0.0000,196.0353,0.858385
125.9601,-0.0000,196.1137,0.858430
126.1565,-0.0000,196.1857,0.858477
126.3710,-0.0000,196.2641,0.858529
126.5676,-0.0000,196.3359,0.858570
126.7823,-0.0000,196.4142,0.858621
126.9791,-0.0000,196.4859,0.858667
127.1760,-0.0000,196.5576,0.858713
127.3729,-0.0000,196.6293,0.858757
127.5878,-0.0000,196.7076,0.858805
127.7848,-0.0000,196.7794,0.858853
127.9998,-0.0000,196.8577,0.858902
128.1970,-0.0000,196.9294,0.858950
128.3942,-0.0000,197.0011,0.858989
128.6095,-0.0000,197.0793,0.859041
128.8966,-0.0000,197.1836,0.859103
129.1300,0.0000,197.2683,0.859159
129.3275,0.0000,197.3400,0.859205
129.5251,-0.0000,197.4116,0.859250
129.7228,-0.0000,197.4833,0.859297
129.9385,-0.0000,197.5615,0.859343
130.1363,-0.0000,197.6331,0.859389
130.3341,-0.0000,197.7048,0.859438
130.5500,-0.0000,197.7830,0.859481
130.8021,-0.0000,197.8741,0.859543
131.0182,0.0000,197.9521,0.859588
131.2165,-0.0000,198.0236,0.859637
131.4329,-0.0000,198.1015,0.859687
131.6314,0.0000,198.1727,0.859731
131.9203,0.0000,198.2762,0.859800
132.1191,-0.0000,198.3473,0.859849
132.3359,-0.0000,198.4248,0.859897
132.5348,-0.0000,198.4958,0.859941
132.7518,-0.0000,198.5732,0.859992
132.9507,-0.0000,198.6442,0.860039
133.1678,-0.0000,198.7216,0.860088
133.3669,-0.0000,198.7926,0.860133
133.5842,-0.0000,198.8699,0.860184
133.7834,-0.0000,198.9409,0.860229
134.0008,-0.0000,199.0182,0.860278
134.2001,-0.0000,199.0891,0.860325
134.3996,-0.0000,199.1599,0.860369
134.6173,-0.0000,199.2371,0.860418
134.8168,-0.0000,199.3078,0.860465
135.0347,-0.0000,199.3850,0.860516
135.2344,0.0000,199.4556,0.860559
135.4525,-0.0000,199.5326,0.860611
135.6525,-0.0000,199.6031,0.860656
135.8707,-0.0000,199.6799,0.860705
136.0708,-0.0000,199.7503,0.860753
136.2710,0.0000,199.8206,0.860795
136.4895,-0.0000,199.8972,0.860848
136.6898,0.0000,199.9674,0.860892
136.8902,0.0000,200.0377,0.860936
137.1088,-0.0000,200.1143,0.860987
137.3093,-0.0000,200.1846,0.861033
137.5280,0.0000,200.2612,0.861083
137.7467,-0.0000,200.3379,0.861130
137.9655,0.0000,200.4146,0.861183
138.1659,-0.0000,200.4851,0.861232
138.3845,-0.0000,200.5622,0.861279
138.5847,0.0000,200.6331,0.861323
138.8030,-0.0000,200.7107,0.861375
139.0031,-0.0000,200.7820,0.861421
139.2034,-0.0000,200.8534,0.861465
139.4218,0.0000,200.9314,0.861518
139.6221,0.0000,201.0030,0.861562
139.8223,0.0000,201.0747,0.861609
140.0409,-0.0000,201.1530,0.861657
140.2413,-0.0000,201.2247,0.861708
140.4601,-0.0000,201.3030,0.861755
140.6607,-0.0000,201.3748,0.861799
140.9161,-0.0000,201.4662,0.861862
141.1169,-0.0000,201.5380,0.861903
141.3177,-0.0000,201.6099,0.861951
141.5368,-0.0000,201.6884,0.862002
141.7377,0.0000,201.7604,0.862045
141.9386,-0.0000,201.8326,0.862093
142.1579,-0.0000,201.9113,0.862144
142.3589,-0.0000,201.9836,0.862192
142.5600,-0.0000,202.0559,0.862239
142.7794,-0.0000,202.1349,0.862288
142.9806,-0.0000,202.2073,0.862333
143.2001,0.0000,202.2865,0.862387
143.4013,-0.0000,202.3591,0.862430
143.6209,-0.0000,202.4385,0.862481
143.8222,-0.0000,202.5114,0.862529
144.0418,-0.0000,202.5910,0.862580
144.2798,-0.0000,202.6774,0.862632
144.4995,-0.0000,202.7572,0.862683
144.7193,-0.0000,202.8372,0.862733
144.9394,-0.0000,202.9173,0.862785
145.1413,-0.0000,202.9907,0.862830
145.3618,-0.0000,203.0708,0.862882
145.5641,-0.0000,203.1442,0.862931
145.7851,-0.0000,203.2244,0.862980
146.0063,0.0000,203.3045,0.863032
146.2278,-0.0000,203.3846,0.863084
146.4311,-0.0000,203.4579,0.863128
146.6531,0.0000,203.5379,0.863181
146.8198,-0.0000,203.5978,0.863219
147.0423,-0.0000,203.6777,0.863271
147.3021,-0.0000,203.7708,0.863329
147.5250,-0.0000,203.8508,0.863383
147.7294,-0.0000,203.9241,0.863432
147.9340,0.0000,203.9975,0.863477
148.1572,-0.0000,204.0778,0.863528
148.3619,-0.0000,204.1515,0.863579
148.5854,-0.0000,204.2321,0.863631
148.8091,-0.0000,204.3127,0.863681
149.0144,-0.0000,204.3868,0.863726
149.2384,-0.0000,204.4675,0.863780
149.4627,-0.0000,204.5484,0.863834
149.6685,-0.0000,204.6226,0.863879
149.8744,-0.0000,204.6968,0.863926
150.0993,-0.0000,204.7779,0.863983
150.2493,0.0000,204.8320,0.864015
150.4746,-0.0000,204.9131,0.864065
150.7001,-0.0000,204.9944,0.864120
150.9070,-0.0000,205.0689,0.864168
151.1328,-0.0000,205.1502,0.864220
151.3401,-0.0000,205.2248,0.864265
151.5475,0.0000,205.2995,0.864314
151.7738,0.0000,205.3810,0.864367
152.0570,0.0000,205.4833,0.864432
152.2838,-0.0000,205.5653,0.864488
152.5107,-0.0000,205.6474,0.864537
152.7190,-0.0000,205.7227,0.864585
152.9274,-0.0000,205.7982,0.864633
153.1359,0.0000,205.8737,0.864684
153.3636,-0.0000,205.9562,0.864734
153.5915,-0.0000,206.0388,0.864789
153.8007,-0.0000,206.1146,0.864838
154.0100,-0.0000,206.1904,0.864886
154.2386,-0.0000,206.2732,0.864940
154.4484,-0.0000,206.3490,0.864986
154.6776,0.0000,206.4318,0.865041
154.9069,-0.0000,206.5146,0.865092
155.1174,-0.0000,206.5905,0.865143
155.3663,-0.0000,206.6803,0.865201
155.5772,-0.0000,206.7563,0.865248
155.8074,-0.0000,206.8393,0.865298
156.0187,-0.0000,206.9154,0.865349
156.2495,-0.0000,206.9984,0.865402
156.4612,-0.0000,207.0746,0.865449
156.6924,-0.0000,207.1577,0.865505
156.9237,-0.0000,207.2409,0.865559
157.1360,-0.0000,207.3172,0.865605
157.3485,0.0000,207.3936,0.865656
157.5611,-0.0000,207.4701,0.865702
157.7934,-0.0000,207.5535,0.865758
158.0064,-0.0000,207.6300,0.865809
158.2197,-0.0000,207.7066,0.865855
158.4525,-0.0000,207.7902,0.865908
158.6662,-0.0000,207.8668,0.865960
158.8800,-0.0000,207.9435,0.866007
159.1135,-0.0000,208.0273,0.866064
159.3472,-0.0000,208.1111,0.866119
159.5617,-0.0000,208.1879,0.866166
159.8741,-0.0000,208.2996,0.866235
160.1283,-0.0000,208.3903,0.866295
160.3437,-0.0000,208.4671,0.866339
160.5788,-0.0000,208.5509,0.866393
160.7944,-0.0000,208.6277,0.866451
161.0300,-0.0000,208.7116,0.866503
161.2460,-0.0000,208.7885,0.866554
161.4820,-0.0000,208.8726,0.866606
161.6985,-0.0000,208.9496,0.866652
161.9349,-0.0000,209.0337,0.866707
162.1517,-0.0000,209.1108,0.866760
162.3885,-0.0000,209.1951,0.866816
162.6058,-0.0000,209.2723,0.866862
162.8431,-0.0000,209.3566,0.866920
163.0607,-0.0000,209.4339,0.866971
163.2786,-0.0000,209.5113,0.867019
163.5165,-0.0000,209.5957,0.867074
163.7547,0.0000,209.6802,0.867127
163.9732,-0.0000,209.7576,0.867177
164.2118,0.0000,209.8422,0.867233
164.4507,-0.0000,209.9269,0.867293
164.6698,0.0000,210.0045,0.867337
164.9091,0.0000,210.0892,0.867393
165.1485,-0.0000,210.1740,0.867451
165.3883,-0.0000,210.2588,0.867509
165.6083,-0.0000,210.3366,0.867557
165.8484,-0.0000,210.4216,0.867613
166.0688,-0.0000,210.4995,0.867662
166.3496,-0.0000,210.5987,0.867731
166.5905,0.0000,210.6837,0.867781
166.8317,-0.0000,210.7689,0.867842
167.0529,-0.0000,210.8469,0.867892
167.2744,-0.0000,210.9250,0.867944
167.5163,0.0000,211.0102,0.867993
167.7383,-0.0000,211.0883,0.868047
167.9806,-0.0000,211.1736,0.868102
168.2029,-0.0000,211.2518,0.868157
168.4255,-0.0000,211.3300,0.868207
168.6483,-0.0000,211.4083,0.868257
168.8915,0.0000,211.4937,0.868316
169.1146,-0.0000,211.5720,0.868365
169.3584,-0.0000,211.6575,0.868421
169.6023,-0.0000,211.7431,0.868474
169.8262,0.0000,211.8215,0.868526
170.0502,0.0000,211.8999,0.868579
170.2744,0.0000,211.9785,0.868632
170.5193,-0.0000,212.0642,0.868688
170.7440,-0.0000,212.1427,0.868737
170.9688,0.0000,212.2213,0.868793
171.2144,-0.0000,212.3071,0.868847
171.4397,-0.0000,212.3858,0.868901
171.6652,-0.0000,212.4645,0.868952
171.9114,0.0000,212.5504,0.869010
172.1372,-0.0000,212.6293,0.869062
172.4043,-0.0000,212.7226,0.869123
172.6305,-0.0000,212.8018,0.869178
172.8569,0.0000,212.8810,0.869229
173.1247,-0.0000,212.9746,0.869288
173.3722,-0.0000,213.0611,0.869345
173.5994,-0.0000,213.1404,0.869398
173.8474,-0.0000,213.2269,0.869455
174.0750,-0.0000,213.3062,0.869507
174.3028,-0.0000,213.3856,0.869558
174.5516,-0.0000,213.4722,0.869619
174.8005,-0.0000,213.5589,0.869675
175.0290,-0.0000,213.6384,0.869728
175.2577,-0.0000,213.7179,0.869780
175.5074,-0.0000,213.8048,0.869837
175.7365,-0.0000,213.8844,0.869891
175.9866,-0.0000,213.9713,0.869950
176.2578,-0.0000,214.0655,0.870012
176.5084,-0.0000,214.1526,0.870070
176.7591,-0.0000,214.2399,0.870128
177.0100,-0.0000,214.3272,0.870188
177.2611,-0.0000,214.4148,0.870245
177.4915,-0.0000,214.4953,0.870297
177.7219,-0.0000,214.5759,0.870350
177.9736,-0.0000,214.6639,0.870410
178.2044,0.0000,214.7448,0.870459
178.4355,-0.0000,214.8257,0.870514
178.6878,-0.0000,214.9141,0.870576
178.9192,-0.0000,214.9952,0.870625
179.1720,-0.0000,215.0838,0.870686
179.4038,-0.0000,215.1651,0.870740
179.6570,0.0000,215.2538,0.870800
179.8893,-0.0000,215.3353,0.870851
180.1430,-0.0000,215.4242,0.870909
180.3756,-0.0000,215.5059,0.870963
180.6085,-0.0000,215.5876,0.871019
180.8628,-0.0000,215.6769,0.871076
181.0961,-0.0000,215.7589,0.871130
181.3296,-0.0000,215.8409,0.871186
181.5845,-0.0000,215.9305,0.871244
181.8183,-0.0000,216.0127,0.871300
182.0737,-0.0000,216.1026,0.871357
182.3079,-0.0000,216.1851,0.871408
182.5637,0.0000,216.2751,0.871469
182.7985,-0.0000,216.3578,0.871522
183.0547,-0.0000,216.4480,0.871582
183.2899,-0.0000,216.5307,0.871638
183.5680,-0.0000,216.6286,0.871703
183.8035,-0.0000,216.7117,0.871756
184.0605,-0.0000,216.8024,0.871815
184.2963,-0.0000,216.8858,0.871871
184.5538,-0.0000,216.9770,0.871927
184.7900,-0.0000,217.0606,0.871986
185.0479,-0.0000,217.1520,0.872042
185.2846,-0.0000,217.2358,0.872100
185.5430,0.0000,217.3273,0.872160
185.7802,-0.0000,217.4112,0.872213
186.0823,0.0000,217.5181,0.872285
186.3416,-0.0000,217.6097,0.872342
186.5796,0.0000,217.6938,0.872397
186.8394,-0.0000,217.7856,0.872460
187.0779,-0.0000,217.8696,0.872514
187.3384,-0.0000,217.9612,0.872575
187.6427,-0.0000,218.0681,0.872645
187.9473,-0.0000,218.1749,0.872715
188.1870,-0.0000,218.2589,0.872772
188.4486,0.0000,218.3506,0.872836
188.6887,-0.0000,218.4347,0.872884
188.9508,-0.0000,218.5264,0.872949
189.1912,-0.0000,218.6106,0.873004
189.4537,-0.0000,218.7027,0.873066
189.6945,-0.0000,218.7871,0.873120
189.9355,-0.0000,218.8716,0.873179
190.1987,-0.0000,218.9638,0.873239
190.4402,0.0000,219.0484,0.873293
190.7038,-0.0000,219.1407,0.873357
190.9457,-0.0000,219.2255,0.873411
191.2098,-0.0000,219.3180,0.873473
191.4740,-0.0000,219.4107,0.873532
191.7165,-0.0000,219.4957,0.873589
191.9813,-0.0000,219.5885,0.873649
192.2242,-0.0000,219.6736,0.873705
192.4894,-0.0000,219.7666,0.873768
192.7327,-0.0000,219.8518,0.873826
192.9763,-0.0000,219.9372,0.873879
193.2421,-0.0000,220.0304,0.873943
193.4860,-0.0000,220.1160,0.873995
193.7523,-0.0000,220.2094,0.874060
193.9965,0.0000,220.2952,0.874117
194.2630,-0.0000,220.3891,0.874174
194.5740,-0.0000,220.4991,0.874249
194.7740,0.0000,220.5700,0.874294
195.0184,-0.0000,220.6571,0.874353
195.2630,-0.0000,220.7444,0.874408
195.5300,-0.0000,220.8399,0.874470
195.7749,-0.0000,220.9276,0.874527
196.0422,-0.0000,221.0236,0.874592
196.3097,-0.0000,221.1198,0.874651
196.5552,-0.0000,221.2082,0.874708
196.8232,-0.0000,221.3046,0.874770
197.0692,-0.0000,221.3931,0.874829
197.3379,-0.0000,221.4896,0.874893
197.6069,0.0000,221.5862,0.874952
197.8761,-0.0000,221.6828,0.875018
198.1455,-0.0000,221.7795,0.875079
198.3926,-0.0000,221.8683,0.875138
198.6400,-0.0000,221.9573,0.875194
198.8875,-0.0000,222.0464,0.875250
199.1578,-0.0000,222.1436,0.875313
199.4058,0.0000,222.2329,0.875373
199.6540,-0.0000,222.3221,0.875432
199.9251,-0.0000,222.4195,0.875491
200.1738,-0.0000,222.5089,0.875547
200.4453,-0.0000,222.6064,0.875609
200.6944,-0.0000,222.6960,0.875668
200.9664,-0.0000,222.7938,0.875730
201.2159,-0.0000,222.8836,0.875790
201.4883,-0.0000,222.9816,0.875852
201.7381,-0.0000,223.0716,0.875909
202.0110,0.0000,223.1698,0.875971
202.2841,-0.0000,223.2681,0.876037
202.5347,0.0000,223.3583,0.876094
202.8083,-0.0000,223.4567,0.876157
203.0595,0.0000,223.5469,0.876217
203.3109,0.0000,223.6370,0.876278
203.5854,-0.0000,223.7354,0.876336
203.8372,-0.0000,223.8256,0.876393
204.1122,-0.0000,223.9241,0.876460
204.3646,0.0000,224.0143,0.876519
204.6171,-0.0000,224.1047,0.876576
204.8698,-0.0000,224.1950,0.876634
205.1458,-0.0000,224.2936,0.876696
205.4220,-0.0000,224.3923,0.876761
205.6985,-0.0000,224.4910,0.876823
205.9752,0.0000,224.5898,0.876889
206.2291,-0.0000,224.6803,0.876945
206.5063,-0.0000,224.7791,0.877012
206.8300,-0.0000,224.8945,0.877086
207.0846,-0.0000,224.9853,0.877147
207.3625,-0.0000,225.0843,0.877209
207.6175,0.0000,225.1752,0.877272
207.8727,0.0000,225.2661,0.877329
208.1514,-0.0000,225.3653,0.877392
208.4071,-0.0000,225.4563,0.877448
208.6863,-0.0000,225.5555,0.877517
208.9657,-0.0000,225.6548,0.877579
209.2222,-0.0000,225.7458,0.877637
209.5022,-0.0000,225.8450,0.877702
209.7825,-0.0000,225.9443,0.877768
210.0164,-0.0000,226.0269,0.877822
210.2973,-0.0000,226.1261,0.877884
210.5550,-0.0000,226.2169,0.877946
210.8600,-0.0000,226.3242,0.878012
211.1184,-0.0000,226.4149,0.878073
211.3770,0.0000,226.5054,0.878130
211.6595,-0.0000,226.6042,0.878197
211.9186,-0.0000,226.6947,0.878256
212.1779,0.0000,226.7851,0.878318
212.5318,-0.0000,226.9087,0.878394
212.8151,0.0000,227.0076,0.878463
213.0986,-0.0000,227.1066,0.878528
213.3823,-0.0000,227.2058,0.878593
213.6425,-0.0000,227.2968,0.878654
213.9267,-0.0000,227.3960,0.878718
214.1874,-0.0000,227.4871,0.878777
214.4720,-0.0000,227.5865,0.878844
214.7332,-0.0000,227.6776,0.878903
215.0183,-0.0000,227.7771,0.878969
215.2799,0.0000,227.8682,0.879029
215.5417,-0.0000,227.9594,0.879090
215.8276,0.0000,228.0589,0.879153
216.0899,-0.0000,228.1502,0.879216
216.3524,-0.0000,228.2415,0.879277
216.6390,-0.0000,228.3412,0.879342
216.9019,-0.0000,228.4325,0.879404
217.1650,0.0000,228.5238,0.879464
217.4523,-0.0000,228.6235,0.879529
217.7397,-0.0000,228.7234,0.879593
218.0034,-0.0000,228.8150,0.879656
218.2910,0.0000,228.9153,0.879723
218.5549,-0.0000,229.0074,0.879779
218.8429,-0.0000,229.1080,0.879848
219.1070,-0.0000,229.2005,0.879907
219.3713,0.0000,229.2932,0.879970
219.6599,-0.0000,229.3943,0.880036
219.9246,-0.0000,229.4872,0.880096
220.2135,0.0000,229.5886,0.880162
220.5267,0.0000,229.6987,0.880238
220.8158,-0.0000,229.8003,0.880303
221.1051,0.0000,229.9019,0.880367
221.4184,-0.0000,230.0121,0.880441
221.7077,-0.0000,230.1139,0.880509
221.9729,0.0000,230.2072,0.880567
222.2622,0.0000,230.3091,0.880633
222.5275,-0.0000,230.4026,0.880696
222.7928,0.0000,230.4961,0.880758
223.0822,0.0000,230.5982,0.880825
223.3476,-0.0000,230.6918,0.880886
223.6130,-0.0000,230.7855,0.880946
223.9025,0.0000,230.8878,0.881013
224.1679,-0.0000,230.9816,0.881074
224.4576,-0.0000,231.0840,0.881137
224.7231,-0.0000,231.1780,0.881201
224.9887,0.0000,231.2720,0.881263
225.2786,0.0000,231.3746,0.881330
225.5443,-0.0000,231.4687,0.881394
225.8585,0.0000,231.5800,0.881462
226.1245,-0.0000,231.6741,0.881525
226.4146,-0.0000,231.7769,0.881593
226.6806,-0.0000,231.8712,0.881654
226.9708,-0.0000,231.9742,0.881721
227.2369,0.0000,232.0686,0.881781
227.5031,-0.0000,232.1631,0.881843
227.7935,-0.0000,232.2663,0.881908
228.0597,-0.0000,232.3610,0.881972
228.3502,-0.0000,232.4644,0.882038
228.6165,-0.0000,232.5593,0.882099
228.8829,-0.0000,232.6542,0.882159
229.1978,-0.0000,232.7665,0.882235
229.4885,-0.0000,232.8702,0.882301
229.7550,-0.0000,232.9653,0.882363
230.0458,-0.0000,233.0692,0.882431
230.3123,-0.0000,233.1645,0.882488
230.6029,-0.0000,233.2688,0.882556
230.8693,-0.0000,233.3648,0.882618
231.1599,-0.0000,233.4697,0.882688
231.4262,0.0000,233.5660,0.882750
231.6926,0.0000,233.6625,0.882810
231.9831,-0.0000,233.7680,0.882880
232.2496,-0.0000,233.8648,0.882941
232.5161,0.0000,233.9617,0.882999
232.8069,-0.0000,234.0676,0.883064
233.0735,-0.0000,234.1647,0.883127
233.3402,-0.0000,234.2620,0.883190
233.6311,-0.0000,234.3682,0.883259
233.8735,-0.0000,234.4570,0.883314
234.0673,-0.0000,234.5283,0.883360
234.3579,-0.0000,234.6355,0.883426
234.6243,-0.0000,234.7341,0.883491
234.8907,-0.0000,234.8330,0.883550
235.1811,-0.0000,234.9411,0.883615
235.4473,-0.0000,235.0406,0.883678
235.7375,-0.0000,235.1496,0.883744
236.0033,0.0000,235.2500,0.883806
236.2930,-0.0000,235.3602,0.883876
236.6307,0.0000,235.4895,0.883955
236.8958,-0.0000,235.5918,0.884015
237.1848,0.0000,235.7040,0.884084
237.4736,0.0000,235.8168,0.884151
237.7863,-0.0000,235.9397,0.884223
238.0748,-0.0000,236.0538,0.884293
238.3391,-0.0000,236.1589,0.884351
238.6033,-0.0000,236.2644,0.884414
238.8916,-0.0000,236.3801,0.884483
239.1558,-0.0000,236.4864,0.884545
239.4924,-0.0000,236.6220,0.884625
239.7572,-0.0000,236.7286,0.884688
240.0464,-0.0000,236.8447,0.884753
240.3118,-0.0000,236.9510,0.884816
240.5291,-0.0000,237.0379,0.884868
240.8190,-0.0000,237.1539,0.884938
241.0848,0.0000,237.2602,0.885002
241.3748,0.0000,237.3764,0.885068
241.6647,-0.0000,237.4928,0.885142
241.9545,-0.0000,237.6095,0.885211
242.2445,-0.0000,237.7264,0.885279
242.5345,-0.0000,237.8434,0.885350
242.8730,0.0000,237.9803,0.885432
243.1632,0.0200,238.0978,0.885499
243.4296,-0.0000,238.2044,0.885560
243.7201,-0.0000,238.3208,0.885629
244.0109,-0.0000,238.4382,0.885698
244.2775,-0.0000,238.5460,0.885758
244.5683,-0.0000,238.6636,0.885833
244.8349,-0.0000,238.7715,0.885896
245.1017,-0.0000,238.8794,0.885955
245.4413,-0.0000,239.0174,0.886041
245.8539,0.0000,239.1841,0.886135
246.1208,0.0000,239.2920,0.886202
246.4120,0.0000,239.4104,0.886267
246.7027,0.0000,239.5284,0.886339
246.9680,0.0000,239.6360,0.886399
247.2559,0.0000,239.7528,0.886464
247.5183,0.0000,239.8593,0.886527
247.8028,0.0000,239.9747,0.886596
248.0855,0.0000,240.0894,0.886663
248.3430,0.0000,240.1940,0.886721
248.5990,-0.0000,240.2979,0.886784
248.8535,0.0000,240.4013,0.886841
249.1294,0.0000,240.5134,0.886907
249.3808,0.0000,240.6155,0.886965
249.5853,0.0000,240.6987,0.887015
249.8340,0.0000,240.7997,0.887071
250.1036,0.0000,240.9092,0.887136
250.3492,0.0000,241.0089,0.887194
250.5933,0.0000,241.1080,0.887251
250.8580,0.0000,241.2154,0.887311
251.1210,0.0000,241.3222,0.887375
251.3605,0.0000,241.4194,0.887434
251.6203,0.0000,241.5246,0.887495
251.8786,0.0000,241.6289,0.887554
252.1140,0.0000,241.7237,0.887610
252.3694,0.0000,241.8261,0.887669
252.6023,0.0000,241.9190,0.887722
252.8759,0.0000,242.0276,0.887790
253.1059,0.0000,242.1186,0.887843
253.3761,0.0000,242.2251,0.887904
253.6033,0.0000,242.3144,0.887957
253.8496,0.0000,242.4109,0.888015
254.0742,0.0000,242.4985,0.888069
254.2975,0.0000,242.5851,0.888117
254.5396,0.0000,242.6787,0.888175
254.7602,0.0000,242.7636,0.888229
254.9993,0.0000,242.8553,0.888283
255.2170,0.0000,242.9387,0.888333
255.4530,0.0000,243.0289,0.888389
255.6875,0.0000,243.1182,0.888442
255.9014,0.0200,243.1991,0.888487
256.1139,0.0000,243.2788,0.888536
256.3427,0.0000,243.3653,0.888592
256.5527,0.0000,243.4440,0.888639
256.7809,0.0000,243.5284,0.888690
257.0075,0.0000,243.6115,0.888742
257.2137,0.0000,243.6868,0.888795
257.4186,0.0000,243.7614,0.888834
257.6221,0.0000,243.8352,0.888889
257.8427,0.0000,243.9149,0.888938
258.0437,0.0000,243.9870,0.888981
258.2613,0.0000,244.0646,0.889029
258.4612,0.0000,244.1353,0.889077
258.6775,0.0000,244.2115,0.889128
258.8195,0.0000,244.2613,0.889161
259.0318,0.0000,244.3356,0.889208
259.2251,0.0000,244.4032,0.889253
259.3821,0.0000,244.4581,0.889287
259.5903,0.0000,244.5307,0.889335
259.8141,0.0000,244.6086,0.889387
260.0191,0.0000,244.6798,0.889435
260.2057,0.0000,244.7445,0.889473
260.4079,0.0000,244.8145,0.889522
260.6088,0.0000,244.8836,0.889567
260.8083,0.0000,244.9519,0.889611
260.9902,0.0000,245.0135,0.889653
261.1710,0.0000,245.0744,0.889693
261.3670,0.0000,245.1399,0.889738
261.5454,0.0000,245.1992,0.889781
261.7388,0.0000,245.2630,0.889825
261.9149,0.0000,245.3207,0.889865
262.1057,0.0000,245.3829,0.889909
262.2793,0.0000,245.4393,0.889946
262.4673,0.0000,245.5001,0.889987
262.6539,0.0000,245.5602,0.890033
262.8237,0.0000,245.6147,0.890067
263.0379,0.0000,245.6833,0.890120
263.2046,0.0000,245.7368,0.890157
263.3849,0.0000,245.7948,0.890199
263.5487,0.0000,245.8477,0.890234
263.7258,0.0000,245.9053,0.890275
263.8870,0.0000,245.9580,0.890311
264.0618,0.0000,246.0154,0.890351
264.2213,0.0000,246.0679,0.890389
264.3948,0.0000,246.1249,0.890429
264.5680,0.0000,246.1817,0.890467
264.7409,0.0000,246.2384,0.890506
264.9426,0.0000,246.3045,0.890552
265.1155,0.0000,246.3612,0.890591
265.2887,0.0000,246.4178,0.890630
265.4475,0.0000,246.4697,0.890665
265.6207,0.0000,246.5263,0.890705
265.7797,0.0000,246.5781,0.890739
265.9531,0.0000,246.6348,0.890782
266.1266,0.0000,246.6915,0.890822
266.2857,0.0000,246.7436,0.890851
266.4595,0.0000,246.8005,0.890894
266.7061,0.0000,246.8810,0.890952
266.8806,0.0000,246.9378,0.890988
267.0407,0.0000,246.9897,0.891025
267.2156,0.0000,247.0466,0.891063
267.3905,0.0000,247.1034,0.891102
267.5512,0.0000,247.1557,0.891141
267.7266,0.0000,247.2128,0.891179
267.8878,0.0000,247.2653,0.891216
268.0641,0.0000,247.3226,0.891252
268.2260,0.0000,247.3750,0.891290
268.4032,0.0000,247.4321,0.891327
268.5659,0.0000,247.4845,0.891368
268.7439,0.0000,247.5416,0.891407
268.9073,0.0000,247.5940,0.891442
269.0711,0.0000,247.6465,0.891477
269.2352,0.0000,247.6990,0.891516
269.4146,0.0000,247.7564,0.891555
269.5943,0.0000,247.8138,0.891597
269.7144,0.0000,247.8522,0.891622
269.8948,0.0000,247.9098,0.891664
270.0755,0.0000,247.9676,0.891704
270.2415,0.0000,248.0208,0.891739
270.4229,0.0000,248.0788,0.891780
270.5896,0.0000,248.1322,0.891816
270.7720,0.0000,248.1903,0.891861
270.9396,0.0000,248.2435,0.891895
271.1228,0.0000,248.3015,0.891935
271.2911,0.0000,248.3548,0.891975
271.4751,0.0000,248.4131,0.892019
271.6595,0.0000,248.4713,0.892051
271.8290,0.0000,248.5247,0.892093
272.0144,0.0000,248.5832,0.892133
272.2002,0.0000,248.6416,0.892177
272.4175,0.0000,248.7098,0.892220
272.5887,0.0000,248.7634,0.892261
272.7758,0.0000,248.8220,0.892298
272.9476,0.0000,248.8758,0.892339
273.1355,0.0000,248.9346,0.892382
273.3081,0.0000,248.9887,0.892420
273.4338,0.0000,249.0280,0.892446
273.6228,0.0000,249.0872,0.892488
273.8122,0.0000,249.1464,0.892532
274.0020,0.0000,249.2059,0.892574
274.1921,0.0000,249.2656,0.892611
274.3825,0.0000,249.3254,0.892658
274.5735,0.0000,249.3855,0.892702
274.7649,0.0000,249.4458,0.892743
274.9888,0.0000,249.5161,0.892791
275.1812,0.0000,249.5766,0.892836
275.3580,0.0000,249.6320,0.892876
275.5351,0.0000,249.6876,0.892915
275.7289,0.0000,249.7484,0.892958
275.9230,0.0000,249.8092,0.893000
276.1014,0.0000,249.8651,0.893038
276.2965,0.0000,249.9261,0.893082
276.4758,0.0000,249.9821,0.893121
276.6718,0.0000,250.0433,0.893168
276.8519,0.0000,250.0995,0.893205
277.0324,0.0000,250.1557,0.893244
277.2133,0.0000,250.2121,0.893285
277.4110,0.0000,250.2737,0.893329
277.6093,0.0000,250.3356,0.893374
277.8245,0.0000,250.4029,0.893418
278.0071,0.0000,250.4601,0.893460
278.2069,0.0000,250.5227,0.893508
278.3904,0.0000,250.5803,0.893548
278.5912,0.0000,250.6435,0.893593
278.8262,0.0000,250.7175,0.893644
279.0451,0.0000,250.7865,0.893694
279.2309,0.0000,250.8451,0.893735
279.4341,0.0000,250.9092,0.893781
279.6380,0.0000,250.9734,0.893826
279.8255,0.0000,251.0324,0.893865
280.0305,0.0000,251.0970,0.893918
280.2190,0.0000,251.1564,0.893954
280.4253,0.0000,251.2214,0.894000
280.6320,0.0000,251.2866,0.894047
280.8395,0.0000,251.3520,0.894094
281.0302,0.0000,251.4122,0.894139
281.2214,0.0000,251.4725,0.894184
281.4131,0.0000,251.5329,0.894224
281.6229,0.0000,251.5991,0.894272
281.9035,0.0000,251.6878,0.894332
282.1146,0.0000,251.7545,0.894382
282.3087,0.0000,251.8159,0.894426
282.5210,0.0000,251.8832,0.894477
282.7162,0.0000,251.9451,0.894519
282.9117,0.0000,252.0072,0.894560
283.1078,0.0000,252.0695,0.894608
283.3582,0.0000,252.1491,0.894663
283.6094,0.0000,252.2290,0.894717
283.8254,0.0000,252.2975,0.894768
284.0239,0.0000,252.3604,0.894815
284.2411,0.0000,252.4292,0.894860
284.4408,0.0000,252.4924,0.894908
284.6591,0.0000,252.5616,0.894953
284.8781,0.0000,252.6309,0.895005
285.0794,0.0000,252.6946,0.895052
285.2995,0.0000,252.7644,0.895099
285.5018,0.0000,252.8285,0.895144
285.7047,0.0000,252.8929,0.895190
285.9080,0.0000,252.9574,0.895235
286.1304,0.0000,253.0280,0.895287
286.3533,0.0000,253.0989,0.895333
286.5768,0.0000,253.1701,0.895385
286.7820,0.0000,253.2357,0.895432
287.0064,0.0000,253.3078,0.895481
287.2313,0.0000,253.3803,0.895531
287.4379,0.0000,253.4471,0.895579
287.6638,0.0000,253.5204,0.895628
287.8715,0.0000,253.5879,0.895670
288.0797,0.0000,253.6557,0.895720
288.3075,0.0000,253.7298,0.895767
288.5169,0.0000,253.7978,0.895821
288.7079,0.0000,253.8597,0.895860
288.9185,0.0000,253.9279,0.895910
289.1488,0.0000,254.0023,0.895960
289.3987,0.0000,254.0836,0.896018
289.6493,0.0000,254.1654,0.896077
289.8811,0.0000,254.2415,0.896128
290.0941,0.0000,254.3116,0.896173
290.3271,0.0000,254.3884,0.896225
290.5412,0.0000,254.4590,0.896276
290.7754,0.0000,254.5364,0.896334
291.0103,0.0000,254.6139,0.896387
291.2461,0.0000,254.6916,0.896436
291.4630,0.0000,254.7627,0.896489
291.7004,0.0000,254.8403,0.896544
291.9388,0.0000,254.9176,0.896594
292.1782,0.0000,254.9948,0.896649
292.3986,0.0000,255.0651,0.896703
292.6403,0.0000,255.1413,0.896756
292.9849,0.0000,255.2476,0.896831
293.2299,0.0000,255.3212,0.896885
293.4557,0.0000,255.3877,0.896936
293.7033,0.0000,255.4590,0.896994
293.9311,0.0000,255.5237,0.897043
294.1803,0.0000,255.5936,0.897099
294.4094,0.0000,255.6574,0.897151
294.6597,0.0000,255.7269,0.897207
294.8895,0.0000,255.7908,0.897256
295.1403,0.0000,255.8610,0.897309
295.3705,0.0000,255.9260,0.897362
295.6220,0.0000,255.9974,0.897420
295.8533,0.0000,256.0629,0.897469
296.1066,0.0000,256.1340,0.897526
296.3610,0.0000,256.2045,0.897586
296.6166,0.0000,256.2743,0.897636
296.8733,0.0000,256.3431,0.897700
297.1312,0.0000,256.4112,0.897751
297.3685,0.0000,256.4728,0.897802
297.6065,0.0000,256.5340,0.897855
297.8670,0.0000,256.6001,0.897916
298.1066,0.0000,256.6603,0.897968
298.3686,0.0000,256.7256,0.898027
298.6094,0.0000,256.7851,0.898081
298.8728,0.0000,256.8499,0.898140
299.1367,0.0000,256.9146,0.898197
299.4012,0.0000,256.9794,0.898255
299.6662,0.0000,257.0443,0.898314
299.9097,0.0000,257.1038,0.898366
300.2425,0.0000,257.1851,0.898441
300.5763,0.0000,257.2665,0.898518
300.8439,0.0000,257.3318,0.898573
301.0898,0.0000,257.3918,0.898630
301.3585,0.0000,257.4576,0.898687
301.6051,0.0000,257.5183,0.898742
301.8746,0.0000,257.5852,0.898803
302.1445,0.0000,257.6526,0.898861
302.3923,0.0000,257.7148,0.898916
302.6406,0.0000,257.7773,0.898973
302.9122,0.0000,257.8458,0.899026
303.1617,0.0000,257.9086,0.899088
303.4344,0.0000,257.9772,0.899147
303.6849,0.0000,258.0404,0.899206
303.9814,0.0000,258.1154,0.899271
304.2329,0.0000,258.1792,0.899324
304.5077,0.0000,258.2492,0.899385
304.7601,0.0000,258.3137,0.899442
305.0360,0.0000,258.3844,0.899505
305.3125,0.0000,258.4552,0.899569
305.5664,0.0000,258.5201,0.899619
305.8438,0.0000,258.5908,0.899684
306.0983,0.0000,258.6556,0.899735
306.3764,0.0000,258.7263,0.899802
306.6316,0.0000,258.7911,0.899856
306.9104,0.0000,258.8615,0.899918
307.1664,0.0000,258.9259,0.899979
307.4460,0.0000,258.9959,0.900037
307.7262,0.0000,259.0656,0.900096
307.9833,0.0000,259.1293,0.900155
308.2642,0.0000,259.1986,0.900212
308.5218,0.0000,259.2621,0.900270
308.8031,0.0000,259.3315,0.900338
309.0612,0.0000,259.3951,0.900391
309.3429,0.0000,259.4646,0.900459
309.6014,0.0000,259.5284,0.900511
309.8602,0.0000,259.5921,0.900565
310.1428,0.0000,259.6617,0.900633
310.4022,0.0000,259.7253,0.900688
310.6855,0.0000,259.7946,0.900753
310.9453,0.0000,259.8581,0.900808
311.2055,0.0000,259.9215,0.900870
311.4896,0.0000,259.9908,0.900931
311.7739,0.0000,260.0601,0.900993
312.0347,0.0000,260.1238,0.901054
312.2957,0.0000,260.1876,0.901107
312.5807,0.0000,260.2572,0.901168
312.8660,0.0000,260.3268,0.901234
313.1277,0.0000,260.3906,0.901294
313.4132,0.0000,260.4601,0.901353
313.6747,0.0000,260.5236,0.901410
313.9360,0.0000,260.5871,0.901470
314.1496,0.0000,260.6391,0.901515
314.4340,0.0000,260.7086,0.901582
314.6944,0.0000,260.7723,0.901638
314.9781,0.0000,260.8419,0.901700
315.2615,0.0000,260.9117,0.901765
315.5211,0.0000,260.9754,0.901823
315.8040,0.0000,261.0450,0.901884
316.0866,0.0000,261.1147,0.901951
316.3456,0.0000,261.1784,0.902005
316.6280,0.0000,261.2478,0.902065
316.9103,0.0000,261.3170,0.902129
317.1688,0.0000,261.3802,0.902187
317.4506,0.0000,261.4488,0.902249
317.7322,0.0000,261.5176,0.902313
318.0134,0.0000,261.5865,0.902370
318.2943,0.0000,261.6554,0.902438
318.6919,0.0000,261.7532,0.902521
318.9488,0.0000,261.8167,0.902578
319.2289,0.0000,261.8858,0.902646
319.4389,0.0000,261.9377,0.902691
319.7188,0.0000,262.0069,0.902753
319.9750,0.0000,262.0703,0.902808
320.1846,0.0000,262.1222,0.902852
320.5098,0.0000,262.2027,0.902926
320.7649,0.0000,262.2657,0.902985
321.0431,0.0000,262.3343,0.903044
321.3210,0.0000,262.4028,0.903112
321.5757,0.0000,262.4655,0.903163
321.8303,0.0000,262.5284,0.903214
322.1078,0.0000,262.5969,0.903282
322.3854,0.0000,262.6653,0.903343
322.7325,0.0000,262.7510,0.903422
323.0334,0.0000,262.8251,0.903490
323.3113,0.0000,262.8934,0.903548
323.5661,0.0000,262.9559,0.903608
323.8441,0.0000,263.0242,0.903668
324.1222,0.0000,263.0925,0.903733
324.3771,0.0000,263.1552,0.903786
324.6323,0.0000,263.2178,0.903842
324.8875,0.0000,263.2805,0.903900
325.1662,0.0000,263.3490,0.903964
325.4219,0.0000,263.4118,0.904023
325.7010,0.0000,263.4803,0.904086
325.9803,0.0000,263.5488,0.904146
326.2599,0.0000,263.6175,0.904205
326.5164,0.0000,263.6806,0.904263
326.7962,0.0000,263.7497,0.904327
327.0763,0.0000,263.8190,0.904389
327.3333,0.0000,263.8826,0.904447
327.5904,0.0000,263.9464,0.904505
327.8711,0.0000,264.0163,0.904570
328.1287,0.0000,264.0803,0.904625
328.4100,0.0000,264.1501,0.904689
328.6917,0.0000,264.2200,0.904749
328.9504,0.0000,264.2841,0.904813
329.2329,0.0000,264.3540,0.904877
329.5159,0.0000,264.4239,0.904937
329.7993,0.0000,264.4938,0.905001
330.0593,0.0000,264.5580,0.905065
330.3434,0.0000,264.6279,0.905128
330.6517,0.0000,264.7039,0.905197
330.9129,0.0000,264.7684,0.905253
331.1982,0.0000,264.8387,0.905318
331.4601,0.0000,264.9033,0.905380
331.7224,0.0000,264.9681,0.905440
332.0089,0.0000,265.0388,0.905503
332.2719,0.0000,265.1035,0.905559
332.5830,0.0000,265.1802,0.905630
332.8948,0.0000,265.2571,0.905701
333.1829,0.0000,265.3281,0.905766
333.4474,0.0000,265.3932,0.905825
333.7362,0.0000,265.4645,0.905888
334.0014,0.0000,265.5299,0.905950
334.2911,0.0000,265.6013,0.906014
334.5570,0.0000,265.6668,0.906074
334.8233,0.0000,265.7325,0.906133
335.1141,0.0000,265.8043,0.906200
335.3810,0.0000,265.8701,0.906257
335.6483,0.0000,265.9359,0.906317
335.9403,0.0000,266.0077,0.906387
336.2083,0.0000,266.0738,0.906445
336.4767,0.0000,266.1399,0.906504
336.7698,0.0000,266.2121,0.906570
337.0634,0.0000,266.2842,0.906636
337.3328,0.0000,266.3506,0.906695
337.6026,0.0000,266.4171,0.906759
338.0202,0.0000,266.5198,0.906852
338.3401,0.0000,266.5985,0.906918
338.6112,0.0000,266.6653,0.906983
338.9319,0.0000,266.7442,0.907055
339.2285,0.0000,266.8171,0.907122
339.5254,0.0000,266.8901,0.907189
339.8228,0.0000,266.9633,0.907257
340.1204,0.0000,267.0366,0.907313
340.4185,0.0000,267.1098,0.907389
340.7171,0.0000,267.1833,0.907452
340.9164,0.0000,267.2323,0.907498
341.2155,0.0000,267.3059,0.907565
341.4901,0.0000,267.3734,0.907629
341.7651,0.0000,267.4410,0.907689
342.0655,0.0000,267.5150,0.907758
342.3412,0.0000,267.5828,0.907818
342.6172,0.0000,267.6506,0.907876
342.8935,0.0000,267.7185,0.907937
343.1954,0.0000,267.7928,0.908007
343.4977,0.0000,267.8672,0.908078
343.7752,0.0000,267.9353,0.908137
344.0530,0.0000,268.0036,0.908202
344.3311,0.0000,268.0720,0.908261
344.6349,0.0000,268.1467,0.908324
344.9391,0.0000,268.2214,0.908396
345.2436,0.0000,268.2964,0.908467
345.5231,0.0000,268.3652,0.908530
345.8285,0.0000,268.4403,0.908600
346.1087,0.0000,268.5094,0.908666
346.4148,0.0000,268.5849,0.908728
346.6957,0.0000,268.6541,0.908795
347.0026,0.0000,268.7296,0.908862
347.3100,0.0000,268.8055,0.908935
347.6950,0.0000,268.8998,0.909016
347.9778,0.0000,268.9690,0.909082
348.2609,0.0000,269.0381,0.909141
348.5702,0.0000,269.1137,0.909215
348.8798,0.0000,269.1892,0.909284
349.1640,0.0000,269.2585,0.909354
349.4485,0.0000,269.3280,0.909419
349.7592,0.0000,269.4039,0.909483
350.0703,0.0000,269.4800,0.909552
350.3557,0.0000,269.5498,0.909619
350.6676,0.0000,269.6260,0.909686
350.9536,0.0000,269.6958,0.909749
351.1617,0.0000,269.7466,0.909797
351.4741,0.0000,269.8228,0.909869
351.7867,0.0000,269.8989,0.909937
352.0735,0.0000,269.9688,0.910003
352.3867,0.0000,270.0449,0.910070
352.6740,0.0000,270.1147,0.910135
352.9876,0.0000,270.1909,0.910203
353.3278,0.0000,270.2735,0.910277
353.7470,0.0000,270.3755,0.910374
354.0355,0.0000,270.4457,0.910440
354.3506,0.0000,270.5224,0.910510
354.6399,0.0000,270.5929,0.910573
354.9294,0.0000,270.6634,0.910641
355.2457,0.0000,270.7403,0.910711
355.5359,0.0000,270.8109,0.910776
355.9852,0.0000,270.9203,0.910878
356.3292,0.0000,271.0040,0.910954
356.6207,0.0000,271.0748,0.911015
356.9392,0.0000,271.1523,0.911086
357.2580,0.0000,271.2299,0.911158
357.5771,0.0000,271.3076,0.911230
357.8701,0.0000,271.3787,0.911292
358.1634,0.0000,271.4501,0.911359
358.4570,0.0000,271.5216,0.911424
358.7777,0.0000,271.5996,0.911494
359.0720,0.0000,271.6711,0.911561
359.3667,0.0000,271.7427,0.911630
359.6885,0.0000,271.8211,0.911702
359.9839,0.0000,271.8929,0.911767
360.3065,0.0000,271.9713,0.911837
360.6295,0.0000,272.0496,0.911917
360.9260,0.0000,272.1216,0.911974
361.2498,0.0000,272.2003,0.912053
361.5469,0.0000,272.2724,0.912118
361.8444,0.0000,272.3446,0.912186
362.1693,0.0000,272.4233,0.912262
362.4675,0.0000,272.4956,0.912327
362.7931,0.0000,272.5746,0.912400
363.1192,0.0000,272.6537,0.912472
363.4184,0.0000,272.7262,0.912540
363.7179,0.0000,272.7987,0.912612
364.0450,0.0000,272.8781,0.912680
364.3453,0.0000,272.9508,0.912751
364.6458,0.0000,273.0235,0.912817
364.9741,0.0000,273.1029,0.912890
365.2753,0.0000,273.1758,0.912962
365.5769,0.0000,273.2486,0.913027
365.9063,0.0000,273.3283,0.913102
366.2086,0.0000,273.4014,0.913173
366.5387,0.0000,273.4812,0.913245
366.8416,0.0000,273.5544,0.913312
367.1724,0.0000,273.6344,0.913389
367.5035,0.0000,273.7146,0.913463
367.8350,0.0000,273.7949,0.913539
368.1392,0.0000,273.8687,0.913608
368.4714,0.0000,273.9493,0.913685
368.7763,0.0000,274.0233,0.913747
369.1093,0.0000,274.1043,0.913825
369.5539,0.0000,274.2122,0.913925
369.8600,0.0000,274.2864,0.913996
370.1943,0.0000,274.3674,0.914077
370.5010,0.0000,274.4418,0.914140
370.8359,0.0000,274.5232,0.914212
371.1711,0.0000,274.6047,0.914296
371.5065,0.0000,274.6868,0.914363
371.8423,0.0000,274.7691,0.914439
372.1503,0.0000,274.8447,0.914518
372.4587,0.0000,274.9206,0.914580
372.7955,0.0000,275.0034,0.914659
373.1044,0.0000,275.0797,0.914728
373.4138,0.0000,275.1560,0.914801
373.7516,0.0000,275.2395,0.914875
374.0898,0.0000,275.3229,0.914945
374.4285,0.0000,275.4065,0.915026
374.7393,0.0000,275.4832,0.915094
375.0788,0.0000,275.5669,0.915177
375.3902,0.0000,275.6438,0.915241
375.7303,0.0000,275.7278,0.915325
376.0709,0.0000,275.8119,0.915393
376.4117,0.0000,275.8963,0.915473
376.7530,0.0000,275.9807,0.915549
377.0661,0.0000,276.0583,0.915620
377.4079,0.0000,276.1432,0.915695
377.7216,0.0000,276.2210,0.915766
378.0642,0.0000,276.3062,0.915842
378.3785,0.0000,276.3843,0.915915
378.7218,0.0000,276.4698,0.915993
379.0367,0.0000,276.5483,0.916061
379.3805,0.0000,276.6342,0.916151
379.7248,0.0000,276.7202,0.916218
380.0406,0.0000,276.7992,0.916299
380.3857,0.0000,276.8856,0.916370
380.7311,0.0000,276.9718,0.916448
381.0482,0.0000,277.0510,0.916522
381.3655,0.0000,277.1302,0.916593
381.7122,0.0000,277.2167,0.916669
382.0302,0.0000,277.2959,0.916747
382.3776,0.0000,277.3824,0.916820
382.6962,0.0000,277.4617,0.916894
383.0442,0.0000,277.5486,0.916973
383.3634,0.0000,277.6283,0.917045
383.7120,0.0000,277.7156,0.917125
384.0319,0.0000,277.7957,0.917192
384.3812,0.0000,277.8832,0.917269
384.7018,0.0000,277.9636,0.917342
385.0226,0.0000,278.0439,0.917415
385.4023,0.0000,278.1390,0.917509
385.7533,0.0000,278.2269,0.917581
386.0753,0.0000,278.3074,0.917650
386.3978,0.0000,278.3877,0.917725
386.7500,0.0000,278.4753,0.917809
387.0733,0.0000,278.5553,0.917882
387.4264,0.0000,278.6426,0.917958
387.7504,0.0000,278.7226,0.918034
388.0747,0.0000,278.8026,0.918108
388.4289,0.0000,278.8899,0.918187
388.7540,0.0000,278.9699,0.918260
389.0793,0.0000,279.0499,0.918337
389.4345,0.0000,279.1372,0.918411
389.7606,0.0000,279.2173,0.918487
390.1166,0.0000,279.3046,0.918570
390.4730,0.0000,279.3919,0.918647
390.8299,0.0000,279.4791,0.918732
391.1573,0.0000,279.5591,0.918807
391.4851,0.0000,279.6390,0.918878
391.8430,0.0000,279.7262,0.918959
392.1714,0.0000,279.8061,0.919028
392.5299,0.0000,279.8935,0.919116
392.8587,0.0000,279.9737,0.919197
393.2175,0.0000,280.0616,0.919265
393.5466,0.0000,280.1423,0.919342
393.9958,0.0000,280.2527,0.919445
394.3856,0.0000,280.3484,0.919536
394.7457,0.0000,280.4367,0.919611
395.0761,0.0000,280.5176,0.919690
395.4369,0.0000,280.6059,0.919773
395.7980,0.0000,280.6945,0.919857
396.1292,0.0000,280.7757,0.919932
396.4607,0.0000,280.8569,0.920006
396.8226,0.0000,280.9456,0.920087
397.1546,0.0000,281.0268,0.920166
397.5172,0.0000,281.1156,0.920239
397.8498,0.0000,281.1972,0.920321
398.2130,0.0000,281.2862,0.920400
398.5460,0.0000,281.3678,0.920479
399.0001,0.0000,281.4790,0.920583
399.3632,0.0000,281.5680,0.920662
399.6955,0.0000,281.6494,0.920738
400.0268,0.0000,281.7305,0.920814
400.3865,0.0000,281.8186,0.920898
400.7145,0.0000,281.8990,0.920964
401.0409,0.0000,281.9789,0.921040
401.3948,0.0000,282.0656,0.921128
401.7175,0.0000,282.1446,0.921201
402.0675,0.0000,282.2302,0.921272
402.3866,0.0000,282.3082,0.921350
402.7040,0.0000,282.3856,0.921419
403.0197,0.0000,282.4626,0.921493
403.3620,0.0000,282.5461,0.921561
403.7022,0.0000,282.6292,0.921646
404.0403,0.0000,282.7119,0.921722
404.4322,0.0000,282.8079,0.921816
404.7381,0.0000,282.8830,0.921876
405.0698,0.0000,282.9645,0.921955
405.3721,0.0000,283.0389,0.922023
405.7001,0.0000,283.1195,0.922095
405.9990,0.0000,283.1929,0.922164
406.3233,0.0000,283.2725,0.922242
406.6190,0.0000,283.3448,0.922304
406.9397,0.0000,283.4230,0.922376
407.2319,0.0000,283.4942,0.922441
407.5226,0.0000,283.5649,0.922509
407.8377,0.0000,283.6415,0.922583
408.1769,0.0000,283.7240,0.922657
408.5655,0.0000,283.8185,0.922745
408.8484,0.0000,283.8873,0.922808
409.1299,0.0000,283.9558,0.922876
409.4101,0.0000,284.0239,0.922939
409.7144,0.0000,284.0980,0.923004
410.0673,0.0000,284.1837,0.923087
410.3427,0.0000,284.2506,0.923153
410.6413,0.0000,284.3231,0.923217
410.9134,0.0000,284.3891,0.923278
411.2086,0.0000,284.4607,0.923348
411.4777,0.0000,284.5259,0.923407
411.7697,0.0000,284.5968,0.923469
412.0360,0.0000,284.6614,0.923535
412.3729,0.0000,284.7432,0.923609
412.6831,0.0000,284.8187,0.923679
412.9439,0.0000,284.8823,0.923737
413.2266,0.0000,284.9515,0.923802
413.4840,0.0000,285.0146,0.923863
413.7631,0.0000,285.0831,0.923922
414.0403,0.0000,285.1512,0.923988
414.2929,0.0000,285.2131,0.924040
414.5441,0.0000,285.2746,0.924104
414.8163,0.0000,285.3412,0.924163
415.0643,0.0000,285.4018,0.924223
415.3331,0.0000,285.4675,0.924281
415.6001,0.0000,285.5327,0.924340
415.8433,0.0000,285.5922,0.924394
416.0630,0.0000,285.6458,0.924447
416.3252,0.0000,285.7097,0.924508
416.5640,0.0000,285.7680,0.924557
416.8230,0.0000,285.8313,0.924617
417.1663,0.0000,285.9152,0.924695
417.4012,0.0000,285.9726,0.924748
417.6564,0.0000,286.0351,0.924808
417.8471,0.0000,286.0818,0.924853
418.0793,0.0000,286.1385,0.924904
418.3317,0.0000,286.2003,0.924960
418.5621,0.0000,286.2567,0.925012
418.7916,0.0000,286.3129,0.925064
419.0203,0.0000,286.3690,0.925123
419.2688,0.0000,286.4299,0.925175
419.5162,0.0000,286.4905,0.925228
419.7423,0.0000,286.5460,0.925281
419.9884,0.0000,286.6064,0.925332
420.2138,0.0000,286.6615,0.925385
420.4799,0.0000,286.7266,0.925447
420.7049,0.0000,286.7816,0.925495
420.9298,0.0000,286.8367,0.925549
421.1750,0.0000,286.8967,0.925606
421.3996,0.0000,286.9516,0.925654
421.6445,0.0000,287.0113,0.925708
421.8686,0.0000,287.0660,0.925763
422.0924,0.0000,287.1207,0.925809
422.3564,0.0000,287.1854,0.925876
422.5793,0.0000,287.2402,0.925927
422.8016,0.0000,287.2951,0.925975
423.0233,0.0000,287.3498,0.926023
423.2849,0.0000,287.4144,0.926086
423.5058,0.0000,287.4689,0.926138
423.7465,0.0000,287.5282,0.926188
423.9668,0.0000,287.5823,0.926237
424.1870,0.0000,287.6364,0.926293
424.4267,0.0000,287.6953,0.926344
424.6459,0.0000,287.7494,0.926394
424.8847,0.0000,287.8081,0.926448
425.1034,0.0000,287.8620,0.926499
425.3415,0.0000,287.9207,0.926552
425.5594,0.0000,287.9745,0.926605
425.7968,0.0000,288.0331,0.926656
425.9942,0.0000,288.0818,0.926697
426.2309,0.0000,288.1401,0.926758
426.4673,0.0000,288.1984,0.926812
426.6245,0.0000,288.2372,0.926840
426.8601,0.0000,288.2953,0.926900
427.0759,0.0000,288.3484,0.926948
427.3112,0.0000,288.4062,0.927004
427.5267,0.0000,288.4593,0.927054
427.7615,0.0000,288.5171,0.927103
427.9959,0.0000,288.5747,0.927156
428.2104,0.0000,288.6274,0.927199
428.4248,0.0000,288.6801,0.927253
428.6584,0.0000,288.7375,0.927310
428.8919,0.0000,288.7947,0.927360
429.1058,0.0000,288.8470,0.927413
429.3195,0.0000,288.8993,0.927450
429.5525,0.0000,288.9563,0.927507
429.7855,0.0000,289.0134,0.927555
430.0571,0.0000,289.0799,0.927618
430.2703,0.0000,289.1323,0.927674
430.5027,0.0000,289.1894,0.927727
430.7155,0.0000,289.2419,0.927773
430.9283,0.0000,289.2944,0.927823
431.1603,0.0000,289.3516,0.927873
431.3922,0.0000,289.4087,0.927924
431.6047,0.0000,289.4611,0.927974
431.8366,0.0000,289.5182,0.928028
432.0491,0.0000,289.5704,0.928071
432.2807,0.0000,289.6272,0.928123
432.4929,0.0000,289.6792,0.928177
432.7050,0.0000,289.7312,0.928222
432.9365,0.0000,289.7880,0.928275
433.1677,0.0000,289.8448,0.928324
433.3794,0.0000,289.8969,0.928371
433.6104,0.0000,289.9538,0.928427
433.8221,0.0000,290.0060,0.928476
434.0338,0.0000,290.0581,0.928523
434.2645,0.0000,290.1150,0.928575
434.4760,0.0000,290.1671,0.928619
434.7064,0.0000,290.2238,0.928676
434.9175,0.0000,290.2758,0.928719
435.1479,0.0000,290.3326,0.928773
435.3782,0.0000,290.3893,0.928823
435.5892,0.0000,290.4412,0.928871
435.8192,0.0000,290.4973,0.928920
436.0298,0.0000,290.5487,0.928966
436.2592,0.0000,290.6044,0.929025
436.4696,0.0000,290.6555,0.929071
436.6989,0.0000,290.7112,0.929121
436.9088,0.0000,290.7623,0.929172
437.1377,0.0000,290.8180,0.929221
437.3477,0.0000,290.8691,0.929267
437.5765,0.0000,290.9247,0.929320
437.8053,0.0000,290.9802,0.929372
438.0150,0.0000,291.0310,0.929422
438.2439,0.0000,291.0861,0.929468
438.4537,0.0000,291.1365,0.929518
438.6825,0.0000,291.1914,0.929567
438.8923,0.0000,291.2415,0.929616
439.1211,0.0000,291.2960,0.929671
439.3499,0.0000,291.3503,0.929721
439.5595,0.0000,291.4000,0.929770
439.7882,0.0000,291.4539,0.929823
439.9978,0.0000,291.5034,0.929864
440.2075,0.0000,291.5524,0.929914
440.4170,0.0000,291.6015,0.929961
440.6455,0.0000,291.6548,0.930017
440.8928,0.0000,291.7124,0.930069
441.1211,0.0000,291.7656,0.930118
441.3304,0.0000,291.8141,0.930170
441.5587,0.0000,291.8670,0.930223
441.7678,0.0000,291.9154,0.930268
441.9960,0.0000,291.9678,0.930320
442.2051,0.0000,292.0157,0.930365
442.4332,0.0000,292.0677,0.930417
442.6423,0.0000,292.1153,0.930458
442.8703,0.0000,292.1670,0.930514
443.0983,0.0000,292.2186,0.930564
443.3071,0.0000,292.2660,0.930612
443.5348,0.0000,292.3176,0.930663
443.7433,0.0000,292.3649,0.930709
443.9517,0.0000,292.4122,0.930761
444.1791,0.0000,292.4637,0.930808
444.4066,0.0000,292.5152,0.930861
444.6150,0.0000,292.5622,0.930904
444.8232,0.0000,292.6091,0.930953
445.0503,0.0000,292.6602,0.931004
445.3341,0.0000,292.7240,0.931073
445.5044,0.0000,292.7622,0.931107
445.6935,0.0000,292.8046,0.931153
445.8636,0.0000,292.8428,0.931191
446.0716,0.0000,292.8894,0.931236
446.3360,0.0000,292.9485,0.931296
446.5439,0.0000,292.9948,0.931345
446.7516,0.0000,293.0411,0.931391
446.9782,0.0000,293.0916,0.931441
447.2424,0.0000,293.1503,0.931508
447.4499,0.0000,293.1963,0.931544
447.6573,0.0000,293.2422,0.931603
447.8836,0.0000,293.2923,0.931656
448.1099,0.0000,293.3423,0.931703
448.3172,0.0000,293.3879,0.931752
448.5244,0.0000,293.4335,0.931802
448.7881,0.0000,293.4913,0.931862
449.0140,0.0000,293.5406,0.931911
449.2210,0.0000,293.5858,0.931963
449.4467,0.0000,293.6349,0.932013
449.6536,0.0000,293.6799,0.932064
449.8791,0.0000,293.7290,0.932108
450.1045,0.0000,293.7784,0.932166
450.3109,0.0000,293.8237,0.932215
450.5174,0.0000,293.8691,0.932260
450.7425,0.0000,293.9185,0.932315
450.9487,0.0000,293.9638,0.932360
451.1549,0.0000,294.0090,0.932407
451.3799,0.0000,294.0582,0.932463
451.6050,0.0000,294.1073,0.932517
451.8113,0.0000,294.1522,0.932568
452.0549,0.0000,294.2052,0.932619
452.2609,0.0000,294.2500,0.932670
452.4855,0.0000,294.2990,0.932725
452.6913,0.0000,294.3439,0.932775
452.9157,0.0000,294.3930,0.932831
453.1215,0.0000,294.4380,0.932877
453.3459,0.0000,294.4870,0.932935
453.5517,0.0000,294.5320,0.932986
453.7575,0.0000,294.5769,0.933033
453.9634,0.0000,294.6219,0.933084
454.1880,0.0000,294.6708,0.933134
454.4124,0.0000,294.7198,0.933191
454.6182,0.0000,294.7648,0.933244
454.8237,0.0000,294.8097,0.933294
455.0853,0.0000,294.8669,0.933356
455.3094,0.0000,294.9160,0.933411
455.5150,0.0000,294.9612,0.933465
455.7393,0.0000,295.0107,0.933512
455.9449,0.0000,295.0563,0.933570
456.1691,0.0000,295.1062,0.933628
456.3745,0.0000,295.1522,0.933677
456.5800,0.0000,295.1982,0.933722
456.8042,0.0000,295.2484,0.933780
457.0097,0.0000,295.2944,0.933831
457.2153,0.0000,295.3404,0.933881
457.4396,0.0000,295.3905,0.933936
457.6452,0.0000,295.4365,0.933985
457.8510,0.0000,295.4825,0.934040
458.0941,0.0000,295.5370,0.934099
458.3560,0.0000,295.5958,0.934159
458.5807,0.0000,295.6460,0.934213
458.7868,0.0000,295.6920,0.934263
459.0117,0.0000,295.7421,0.934321
459.2553,0.0000,295.7965,0.934376
459.4614,0.0000,295.8425,0.934431
459.6863,0.0000,295.8927,0.934481
459.8924,0.0000,295.9387,0.934528
460.1173,0.0000,295.9888,0.934585
460.3235,0.0000,296.0348,0.934637
460.4922,0.0000,296.0724,0.934679
460.7171,0.0000,296.1225,0.934737
460.9232,0.0000,296.1683,0.934778
461.1293,0.0000,296.2141,0.934832
461.3354,0.0000,296.2599,0.934880
461.5603,0.0000,296.3097,0.934933
461.7665,0.0000,296.3554,0.934987
461.9727,0.0000,296.4010,0.935033
462.1789,0.0000,296.4467,0.935080
462.4038,0.0000,296.4964,0.935142
462.6101,0.0000,296.5420,0.935184
462.8163,0.0000,296.5874,0.935238
463.0413,0.0000,296.6370,0.935295
463.2476,0.0000,296.6822,0.935340
463.4539,0.0000,296.7276,0.935395
463.6601,0.0000,296.7729,0.935445
463.8851,0.0000,296.8224,0.935504
464.1100,0.0000,296.8719,0.935557
464.3349,0.0000,296.9215,0.935614
464.5410,0.0000,296.9672,0.935659
464.7658,0.0000,297.0170,0.935713
464.9719,0.0000,297.0627,0.935767
465.1781,0.0000,297.1083,0.935816
465.4030,0.0000,297.1581,0.935877
465.6091,0.0000,297.2034,0.935929
465.8340,0.0000,297.2531,0.935983
466.0588,0.0000,297.3029,0.936036
466.3125,0.0014,297.3594,0.936095
466.5374,0.0094,297.4091,0.936160
466.7416,0.0205,297.5004,0.936210
466.9469,0.0206,297.5467,0.936259
467.1520,0.0206,297.5932,0.936309
467.3757,0.0207,297.6444,0.936367
467.5810,0.0209,297.6916,0.936418
467.8234,0.0211,297.7474,0.936475
468.0281,0.0212,297.7947,0.936533
468.2326,0.0214,297.8420,0.936582
468.4544,0.0212,297.8936,0.936637
468.6582,0.0209,297.9411,0.936685
468.8799,0.0205,297.9929,0.936747
469.1010,0.0202,298.0445,0.936804
469.3040,0.0198,298.0915,0.936861
469.5251,0.0193,298.1425,0.936913
469.7456,0.0190,298.1942,0.936969
469.9474,0.0188,298.2418,0.937025
470.1671,0.0185,298.2935,0.937082
470.3682,0.0182,298.3408,0.937135
470.5689,0.0178,298.3880,0.937194
470.7694,0.0175,298.4351,0.937242
470.9877,0.0171,298.4864,0.937299
471.1875,0.0168,298.5334,0.937354
471.3508,0.0165,298.5718,0.937397
471.5500,0.0162,298.6188,0.937453
471.7668,0.0159,298.6701,0.937505
471.9651,0.0157,298.7174,0.937561
472.1631,0.0155,298.7647,0.937616
472.4143,0.0151,298.8250,0.937678
472.6115,0.0148,298.8724,0.937733
472.8262,0.0145,298.9242,0.937790
473.0403,0.0142,298.9758,0.937847
473.2537,0.0139,299.0274,0.937913
473.4666,0.0137,299.0791,0.937964
473.7142,0.0134,299.1392,0.938038
473.9254,0.0132,299.1908,0.938099
474.1184,0.0131,299.2382,0.938149
474.3105,0.0129,299.2858,0.938199
474.5313,0.0042,299.2938,0.938257
474.7405,0.0031,299.3464,0.938314
474.9495,0.0020,299.3992,0.938372
475.1584,0.0008,299.4518,0.938427
475.3496,0.0000,299.4995,0.938480
475.5583,0.0000,299.5506,0.938537
475.7665,0.0000,299.6015,0.938591
476.0605,0.0000,299.6745,0.938670
476.2505,0.0000,299.7220,0.938730
476.4572,0.0000,299.7740,0.938779
476.6633,0.0000,299.8259,0.938838
476.8688,0.0000,299.8777,0.938887
477.0568,0.0000,299.9252,0.938943
477.2616,0.0000,299.9771,0.939002
477.4490,0.0000,300.0247,0.939048
477.6533,0.0000,300.0767,0.939103
477.8744,0.0000,300.1331,0.939154
478.0781,0.0000,300.1850,0.939211
478.2646,0.0000,300.2327,0.939263
478.4677,0.0000,300.2849,0.939317
478.6706,0.0000,300.3372,0.939367
478.8564,0.0000,300.3853,0.939406
479.0420,0.0000,300.4336,0.939464
479.2444,0.0000,300.4865,0.939510
479.4467,0.0000,300.5400,0.939561
479.6321,0.0000,300.5893,0.939610
479.7836,0.0000,300.6296,0.939647
479.9851,0.0000,300.6837,0.939702
480.1698,0.0000,300.7336,0.939752
480.3712,0.0000,300.7883,0.939802
480.5558,0.0000,300.8388,0.939846
480.7404,0.0000,300.8897,0.939894
480.9418,0.0000,300.9457,0.939945
481.1264,0.0000,300.9973,0.939998
481.3278,0.0000,301.0540,0.940047
481.5125,0.0000,301.1065,0.940090
481.6971,0.0000,301.1594,0.940139
481.9153,0.0000,301.2226,0.940192
482.0999,0.0000,301.2766,0.940238
482.2846,0.0000,301.3311,0.940285
482.4860,0.0000,301.3908,0.940334
482.6877,0.0000,301.4511,0.940388
482.8725,0.0000,301.5067,0.940434
483.0742,0.0000,301.5678,0.940480
483.2591,0.0000,301.6243,0.940530
483.4439,0.0000,301.6812,0.940576
483.6454,0.0000,301.7441,0.940627
483.8464,0.0000,301.8080,0.940683
484.0317,0.0200,301.8663,0.940720
484.2511,0.0000,301.9340,0.940777
484.4363,0.0000,301.9917,0.940823
484.6384,0.0000,302.0572,0.940870
484.8404,0.0000,302.1232,0.940926
485.0594,0.0000,302.1948,0.940976
485.2449,0.0000,302.2556,0.941023
485.4641,0.0000,302.3279,0.941081
485.6665,0.0000,302.3951,0.941128
485.8689,0.0000,302.4628,0.941180
486.0718,0.0000,302.5314,0.941228
486.2575,0.0000,302.5953,0.941274
486.4592,0.0000,302.6641,0.941324
486.6447,0.0000,302.7269,0.941369
486.7966,0.0000,302.7793,0.941408
486.9825,0.0000,302.8446,0.941454
487.1684,0.0000,302.9101,0.941497
487.3712,0.0000,302.9819,0.941546
487.5742,0.0000,303.0540,0.941596
487.7603,0.0000,303.1204,0.941642
487.9635,0.0000,303.1933,0.941689
488.1498,0.0000,303.2606,0.941733
488.3362,0.0000,303.3283,0.941779
488.5226,0.0000,303.3964,0.941825
488.7090,0.0000,303.4650,0.941868
488.9124,0.0000,303.5403,0.941922
489.0989,0.0000,303.6097,0.941960
489.2856,0.0000,303.6794,0.942007
489.4723,0.0000,303.7497,0.942051
489.6760,0.0000,303.8268,0.942101
489.8966,0.0000,303.9110,0.942157
490.1003,0.0000,303.9892,0.942202
490.2870,0.0000,304.0615,0.942247
490.4904,0.0000,304.1410,0.942294
490.6939,0.0000,304.2213,0.942345
490.8803,0.0000,304.2957,0.942389
491.0834,0.0000,304.3776,0.942437
491.2864,0.0000,304.4606,0.942485
491.4723,0.0000,304.5376,0.942534
491.6580,0.0000,304.6154,0.942575
491.8604,0.0000,304.7015,0.942624
492.0627,0.0000,304.7885,0.942676
492.2481,0.0000,304.8690,0.942720
492.4335,0.0000,304.9502,0.942764
492.6189,0.0000,305.0320,0.942808
492.8043,0.0000,305.1146,0.942853
493.0064,0.0000,305.2055,0.942907
493.1917,0.0000,305.2896,0.942948
493.3925,0.0000,305.3835,0.942997
493.5770,0.0000,305.4698,0.943043
493.7784,0.0000,305.5649,0.943094
493.9629,0.0000,305.6529,0.943136
494.1471,0.0000,305.7415,0.943183
494.3477,0.0000,305.8394,0.943231
494.5147,0.0000,305.9219,0.943275
494.6646,0.0000,305.9971,0.943309
494.8144,0.0000,306.0730,0.943345
494.9804,0.0000,306.1583,0.943388
495.1296,0.0000,306.2358,0.943426
495.3116,0.0000,306.3316,0.943474
495.5100,0.0000,306.4375,0.943519
495.6917,0.0000,306.5366,0.943566
495.9372,0.0000,306.6733,0.943628
496.1172,0.0000,306.7742,0.943674
496.3294,0.0000,306.8943,0.943729
496.5083,0.0000,306.9972,0.943771
496.6868,0.0000,307.1013,0.943816
496.8808,0.0000,307.2162,0.943870
497.0580,0.0000,307.3229,0.943918
497.2678,0.0319,307.4516,0.943969
497.4607,0.0330,307.5695,0.944018
497.6362,0.0340,307.6783,0.944067
497.8269,0.0350,307.7990,0.944114
497.9995,0.0358,307.9107,0.944162
498.1756,0.0364,308.0269,0.944205
498.3488,0.0385,308.1418,0.944252
498.5529,0.0411,308.2787,0.944308
498.6938,0.0429,308.3742,0.944343
498.8499,0.0449,308.4810,0.944384
498.9859,0.0463,308.5768,0.944427
499.1256,0.0458,308.6745,0.944463
499.3554,0.0443,308.8368,0.944521
499.5555,0.0411,308.9816,0.944580
499.7395,0.0382,309.1163,0.944631
499.9076,0.0355,309.2403,0.944677
500.0784,0.0348,309.3671,0.944725
500.2446,0.0346,309.4943,0.944769
500.4100,0.0344,309.6225,0.944816
500.6478,0.0324,309.8096,0.944887
500.8256,0.0307,309.9529,0.944934
500.9898,0.0300,310.0863,0.944981
501.1654,0.0300,310.2327,0.945029
501.3830,0.0300,310.4180,0.945097
501.5844,0.0300,310.5936,0.945157
501.7414,0.0300,310.7332,0.945202
501.9114,0.0300,310.8871,0.945254
502.0660,0.0300,311.0295,0.945300
502.2334,0.0300,311.1864,0.945352
502.3857,0.0300,311.3316,0.945401
502.5503,0.0300,311.4916,0.945452
502.7134,0.0300,311.6535,0.945505
502.8752,0.0300,311.8171,0.945556
503.0222,0.0300,311.9684,0.945604
503.1815,0.0300,312.1349,0.945657
503.3263,0.0300,312.2888,0.945704
503.4832,0.0300,312.4581,0.945757
503.6257,0.0300,312.6146,0.945802
503.7927,0.0300,312.8011,0.945861
503.9325,0.0300,312.9604,0.945909
504.0835,0.0300,313.1356,0.945961
504.2328,0.0300,313.3124,0.946012
504.3925,0.0300,313.5058,0.946071
504.5744,0.0300,313.7313,0.946138
504.7416,0.0300,313.9439,0.946198
504.8830,0.0300,314.1278,0.946251
505.0340,0.0300,314.3288,0.946307
505.1714,0.0300,314.5161,0.946362
505.3179,0.0300,314.7206,0.946419
505.4399,0.0300,314.8951,0.946467
505.5708,0.0300,315.0871,0.946520
505.7205,0.0300,315.3132,0.946583
505.8357,0.0300,315.4924,0.946629
505.9589,0.0300,315.6894,0.946685
506.0695,0.0300,315.8715,0.946733
506.1875,0.0300,316.0717,0.946789
506.3027,0.0300,316.2736,0.946841
506.4057,0.0300,316.4600,0.946889
506.5153,0.0300,316.6650,0.946944
506.6217,0.0300,316.8716,0.946997
506.7165,0.0300,317.0624,0.947046
506.8252,0.0300,317.2896,0.947106
506.9222,0.0300,317.5009,0.947157
507.0160,0.0300,317.7137,0.947211
507.0994,0.0300,317.9101,0.947261
507.1947,0.0300,318.1436,0.947319
507.2797,0.0300,318.3606,0.947373
507.3554,0.0303,318.5612,0.947422
507.4348,0.0308,318.7805,0.947476
507.5045,0.0309,318.9823,0.947522
507.5783,0.0310,319.2039,0.947577
507.6551,0.0311,319.4454,0.947636
507.7175,0.0311,319.6507,0.947685
507.7849,0.0326,319.8789,0.947738
507.8530,0.0358,320.1238,0.947795
507.9186,0.0390,320.3696,0.947853
507.9729,0.0409,320.5955,0.947908
508.0293,0.0415,320.8243,0.947963
508.0835,0.0422,321.0540,0.948015
508.1337,0.0417,321.2806,0.948068
508.1846,0.0391,321.5118,0.948120
508.2299,0.0369,321.7245,0.948171
508.2782,0.0344,321.9572,0.948222
508.3259,0.0319,322.1906,0.948273
508.3779,0.0306,322.4270,0.948326
508.4370,0.0306,322.7201,0.948394
508.4806,0.0305,322.9355,0.948445
508.5284,0.0304,323.1709,0.948499
508.5764,0.0303,323.4070,0.948549
508.6207,0.0302,323.6236,0.948601
508.6689,0.0301,323.8604,0.948655
508.7166,0.0000,324.0974,0.948704
508.7630,0.0000,324.3347,0.948758
508.8070,0.0000,324.5738,0.948815
508.8512,0.0000,324.8127,0.948867
508.8918,0.0000,325.0316,0.948917
508.9357,0.0000,325.2704,0.948970
508.9789,0.0000,325.5094,0.949021
509.0179,0.0000,325.7288,0.949072
509.0598,0.0000,325.9683,0.949126
509.1077,0.0000,326.2482,0.949189
509.1477,0.0000,326.4883,0.949242
509.1863,0.0000,326.7295,0.949297
509.2154,0.0000,326.9104,0.949339
509.2613,0.0000,327.1921,0.949402
509.2982,0.0000,327.4138,0.949449
509.3423,0.0000,327.6761,0.949510
509.3873,0.0000,327.9388,0.949568
509.4297,0.0000,328.1817,0.949620
509.4768,0.0000,328.4452,0.949684
509.5210,0.0000,328.6884,0.949741
509.5656,0.0000,328.9317,0.949790
509.6066,0.0000,329.1546,0.949842
509.6511,0.0000,329.3979,0.949899
509.6955,0.0000,329.6414,0.949951
509.7398,0.0000,329.8850,0.950008
509.7809,0.0000,330.1082,0.950057
509.8265,0.0000,330.3521,0.950116
509.8690,0.0000,330.5757,0.950164
509.9153,0.0000,330.8196,0.950221
509.9798,0.0000,331.1651,0.950299
510.0250,0.0000,331.4091,0.950354
510.0700,0.0000,331.6530,0.950408
510.1113,0.0000,331.8766,0.950461
510.1564,0.0000,332.1206,0.950517
510.1976,0.0000,332.3444,0.950569
510.2425,0.0000,332.5884,0.950622
510.2878,0.0000,332.8316,0.950678
510.3334,0.0000,333.0752,0.950738
510.3747,0.0000,333.2991,0.950786
510.4230,0.0000,333.5639,0.950850
510.4601,0.0000,333.7678,0.950894
510.5049,0.0000,334.0124,0.950950
510.5497,0.0000,334.2569,0.951006
510.5942,0.0000,334.5016,0.951058
510.6460,0.0000,334.7871,0.951126
510.6865,0.0000,335.0115,0.951182
510.7269,0.0000,335.2360,0.951234
510.7710,0.0000,335.4809,0.951287
510.8149,0.0000,335.7260,0.951347
510.8550,0.0000,335.9507,0.951395
510.8986,0.0000,336.1959,0.951456
510.9385,0.0000,336.4208,0.951504
510.9817,0.0000,336.6663,0.951558
511.0212,0.0000,336.8914,0.951612
511.0641,0.0000,337.1370,0.951668
511.1073,0.0000,337.3828,0.951725
511.1469,0.0000,337.6083,0.951775
511.1904,0.0000,337.8544,0.951834
511.2342,0.0000,338.1005,0.951894
511.2745,0.0000,338.3263,0.951941
511.3185,0.0000,338.5727,0.951999
511.3624,0.0000,338.8192,0.952053
511.4100,0.0000,339.0863,0.952115
511.4503,0.0000,339.3122,0.952163
511.4943,0.0000,339.5588,0.952220
511.5346,0.0000,339.7851,0.952274
511.5749,0.0000,340.0114,0.952329
511.6188,0.0000,340.2582,0.952381
511.6626,0.0000,340.5050,0.952440
511.7065,0.0000,340.7520,0.952500
511.7468,0.0000,340.9785,0.952549
511.7907,0.0000,341.2258,0.952601
511.8347,0.0000,341.4730,0.952664
511.8751,0.0000,341.6997,0.952717
511.9191,0.0000,341.9471,0.952770
511.9778,0.0000,342.2771,0.952840
512.0182,0.0000,342.5041,0.952894
512.0622,0.0000,342.7516,0.952953
512.1026,0.0000,342.9788,0.953008
512.1465,0.0000,343.2267,0.953061
512.1870,0.0000,343.4539,0.953110
512.2311,0.0000,343.7019,0.953167
512.2751,0.0000,343.9499,0.953221
512.3191,0.0000,344.1980,0.953278
512.3594,0.0000,344.4256,0.953332
512.4033,0.0000,344.6738,0.953385
512.4472,0.0000,344.9221,0.953441
512.4875,0.0000,345.1500,0.953489
512.5388,0.0000,345.4401,0.953554
512.5790,0.0000,345.6680,0.953607
512.6232,0.0000,345.9167,0.953667
512.6635,0.0000,346.1447,0.953717
512.7075,0.0000,346.3937,0.953768
512.7516,0.0000,346.6428,0.953826
512.7924,0.0000,346.8711,0.953878
512.8367,0.0000,347.1202,0.953929
512.8813,0.0000,347.3695,0.953994
512.9259,0.0000,347.6189,0.954048
512.9669,0.0000,347.8475,0.954098
513.0115,0.0000,348.0969,0.954154
513.0486,0.0000,348.3048,0.954199
513.1005,0.0000,348.5962,0.954263
513.1414,0.0000,348.8252,0.954320
513.1861,0.0000,349.0749,0.954370
513.2308,0.0000,349.3247,0.954432
513.2717,0.0000,349.5540,0.954474
513.3164,0.0000,349.8041,0.954537
513.3610,0.0000,350.0542,0.954587
513.4056,0.0000,350.3044,0.954649
513.4465,0.0000,350.5338,0.954694
513.4908,0.0000,350.7842,0.954755
513.5315,0.0000,351.0138,0.954808
513.5757,0.0000,351.2642,0.954865
513.6162,0.0000,351.4939,0.954916
513.6603,0.0000,351.7447,0.954967
513.7044,0.0000,351.9954,0.955023
513.7448,0.0000,352.2253,0.955076
513.7888,0.0000,352.4763,0.955138
513.8290,0.0000,352.7064,0.955183
513.8730,0.0000,352.9575,0.955239
513.9133,0.0000,353.1878,0.955294
513.9609,0.0000,353.4599,0.955351
514.0012,0.0000,353.6904,0.955405
514.0452,0.0000,353.9420,0.955460
514.0891,0.0000,354.1936,0.955516
514.1294,0.0000,354.4242,0.955569
514.1733,0.0000,354.6760,0.955625
514.2173,0.0000,354.9279,0.955681
514.2612,0.0000,355.1798,0.955734
514.3052,0.0000,355.4318,0.955792
514.3491,0.0000,355.6839,0.955849
514.3931,0.0000,355.9362,0.955903
514.4333,0.0000,356.1675,0.955957
514.4773,0.0000,356.4198,0.956018
514.5176,0.0000,356.6512,0.956064
514.5615,0.0000,356.9037,0.956124
514.6018,0.0000,357.1353,0.956181
514.6458,0.0000,357.3880,0.956229
514.6897,0.0000,357.6408,0.956290
514.7300,0.0000,357.8726,0.956344
514.7849,0.0000,358.1889,0.956411
514.8289,0.0000,358.4420,0.956468
514.8655,0.0000,358.6529,0.956513
514.9021,0.0000,358.8639,0.956560
514.9460,0.0000,359.1172,0.956619
514.9899,0.0000,359.3706,0.956676
515.0336,0.0000,359.6240,0.956733
515.0736,0.0000,359.8564,0.956786
515.1171,0.0000,360.1100,0.956850
515.1569,0.0000,360.3426,0.956896
515.2000,0.0000,360.5963,0.956952
515.2432,0.0000,360.8503,0.957007
515.2864,0.0000,361.1043,0.957066
515.3295,0.0000,361.3584,0.957127
515.3762,0.0000,361.6337,0.957180
515.4193,0.0000,361.8880,0.957245
515.4586,0.0000,362.1212,0.957294
515.5120,0.0000,362.4392,0.957372
515.5549,0.0000,362.6938,0.957422
515.5977,0.0000,362.9486,0.957479
515.6406,0.0000,363.2034,0.957535
515.6799,0.0000,363.4370,0.957588
515.7227,0.0000,363.6920,0.957649
515.7653,0.0000,363.9471,0.957702
515.8042,0.0000,364.1810,0.957753
515.8463,0.0000,364.4362,0.957814
515.8847,0.0000,364.6702,0.957863
515.9265,0.0000,364.9255,0.957922
515.9645,0.0000,365.1596,0.957973
516.0129,0.0000,365.4579,0.958042
516.0574,0.0000,365.7349,0.958102
516.0984,0.0000,365.9908,0.958163
516.1396,0.0000,366.2468,0.958215
516.1774,0.0000,366.4817,0.958269
516.2188,0.0000,366.7378,0.958328
516.2566,0.0000,366.9727,0.958383
516.2979,0.0000,367.2292,0.958437
516.3356,0.0000,367.4644,0.958489
516.3769,0.0000,367.7211,0.958546
516.4182,0.0000,367.9779,0.958603
516.4596,0.0000,368.2349,0.958666
516.5010,0.0000,368.4920,0.958719
516.5391,0.0000,368.7277,0.958771
516.5805,0.0000,368.9849,0.958830
516.6186,0.0000,369.2208,0.958884
516.6774,0.0000,369.5854,0.958969
516.7191,0.0000,369.8430,0.959028
516.7571,0.0000,370.0792,0.959084
516.8022,0.0000,370.3584,0.959147
516.8439,0.0000,370.6162,0.959202
516.8854,0.0000,370.8741,0.959261
516.9236,0.0000,371.1106,0.959312
516.9653,0.0000,371.3687,0.959373
517.0035,0.0000,371.6054,0.959422
517.0452,0.0000,371.8636,0.959482
517.0870,0.0000,372.1220,0.959541
517.1253,0.0000,372.3590,0.959597
517.1671,0.0000,372.6176,0.959652
517.2161,0.0000,372.9194,0.959720
517.2585,0.0000,373.1781,0.959775
517.3010,0.0000,373.4370,0.959835
517.3436,0.0000,373.6959,0.959898
517.3828,0.0000,373.9334,0.959957
517.4325,0.0000,374.2355,0.960019
517.4750,0.0000,374.4946,0.960077
517.5176,0.0000,374.7539,0.960144
517.5566,0.0000,374.9916,0.960194
517.5991,0.0000,375.2509,0.960252
517.6416,0.0000,375.5102,0.960312
517.6841,0.0000,375.7698,0.960373
517.7232,0.0000,376.0078,0.960424
517.7657,0.0000,376.2675,0.960483
517.8154,0.0000,376.5705,0.960552
517.8580,0.0000,376.8304,0.960609
517.8969,0.0000,377.0687,0.960669
517.9394,0.0000,377.3286,0.960726
517.9783,0.0000,377.5670,0.960782
518.0208,0.0000,377.8272,0.960837
518.0598,0.0000,378.0659,0.960888
518.1022,0.0000,378.3263,0.960948
518.1412,0.0000,378.5650,0.961006
518.1837,0.0000,378.8255,0.961056
518.2226,0.0000,379.0645,0.961116
518.2651,0.0000,379.3252,0.961173
518.2934,0.0000,379.4991,0.961221
518.3359,0.0000,379.7598,0.961271
518.3748,0.0000,379.9991,0.961330
518.4173,0.0000,380.2603,0.961383
518.4562,0.0000,380.4996,0.961442
518.4987,0.0000,380.7608,0.961506
518.5378,0.0000,381.0005,0.961557
518.5807,0.0000,381.2620,0.961610
518.6202,0.0000,381.5018,0.961667
518.6633,0.0000,381.7635,0.961725
518.7031,0.0000,382.0034,0.961781
518.7463,0.0000,382.2654,0.961842
518.7861,0.0000,382.5055,0.961896
518.8294,0.0000,382.7674,0.961954
518.8727,0.0000,383.0294,0.962014
518.9124,0.0000,383.2697,0.962070
518.9558,0.0000,383.5320,0.962128
518.9991,0.0000,383.7942,0.962187
519.0423,0.0000,384.0564,0.962251
519.0855,0.0000,384.3189,0.962302
519.1252,0.0000,384.5596,0.962363
519.1686,0.0000,384.8223,0.962415
519.2119,0.0000,385.0849,0.962476
519.2518,0.0000,385.3259,0.962537
519.2951,0.0000,385.5888,0.962590
519.3350,0.0000,385.8300,0.962652
519.3785,0.0000,386.0930,0.962716
519.4185,0.0000,386.3343,0.962766
519.4623,0.0000,386.5976,0.962830
519.5024,0.0000,386.8391,0.962875
519.5463,0.0000,387.1025,0.962945
519.5901,0.0000,387.3661,0.962998
519.6340,0.0000,387.6298,0.963058
519.6779,0.0000,387.8935,0.963129
519.7181,0.0000,388.1353,0.963178
519.7620,0.0000,388.3990,0.963240
519.8056,0.0000,388.6627,0.963294
519.8456,0.0000,388.9044,0.963356
519.8965,0.0000,389.2119,0.963423
519.9400,0.0000,389.4751,0.963485
519.9797,0.0000,389.7163,0.963534
520.0229,0.0000,389.9792,0.963600
520.0626,0.0000,390.2199,0.963649
520.1059,0.0000,390.4825,0.963709
520.1491,0.0000,390.7450,0.963772
520.1923,0.0000,391.0074,0.963828
520.2356,0.0000,391.2695,0.963891
520.2788,0.0000,391.5314,0.963948
520.3185,0.0000,391.7714,0.964007
520.3622,0.0000,392.0330,0.964063
520.4060,0.0000,392.2945,0.964125
520.4462,0.0000,392.5340,0.964175
520.4899,0.0000,392.7951,0.964238
520.5336,0.0000,393.0559,0.964296
520.5735,0.0000,393.2949,0.964351
520.6135,0.0000,393.5337,0.964408
520.6461,0.0000,393.7290,0.964448
520.6860,0.0000,393.9677,0.964505
520.7295,0.0000,394.2280,0.964557
520.7731,0.0000,394.4882,0.964627
520.8165,0.0000,394.7482,0.964679
520.8563,0.0000,394.9865,0.964737
520.8997,0.0000,395.2465,0.964796
520.9394,0.0000,395.4848,0.964855
520.9828,0.0000,395.7447,0.964914
521.0224,0.0000,395.9826,0.964958
521.0656,0.0000,396.2416,0.965020
521.1052,0.0000,396.4784,0.965079
521.1484,0.0000,396.7363,0.965138
521.1917,0.0000,396.9937,0.965197
521.2349,0.0000,397.2509,0.965253
521.2781,0.0000,397.5080,0.965315
521.3177,0.0000,397.7435,0.965373
521.3607,0.0000,398.0002,0.965424
521.4036,0.0000,398.2569,0.965482
521.4464,0.0000,398.5134,0.965544
521.4893,0.0000,398.7695,0.965602
521.5286,0.0000,399.0042,0.965655
521.5677,0.0000,399.2387,0.965706
521.6104,0.0000,399.4942,0.965764
521.6530,0.0000,399.7498,0.965827
521.6919,0.0000,399.9838,0.965873
521.7343,0.0000,400.2389,0.965935
521.7767,0.0000,400.4938,0.965994
521.8156,0.0000,400.7275,0.966046
521.8580,0.0000,400.9823,0.966108
521.9005,0.0000,401.2372,0.966166
521.9430,0.0000,401.4921,0.966218
521.9889,0.0000,401.7680,0.966286
522.0207,0.0000,401.9589,0.966328
522.0596,0.0000,402.1923,0.966385
522.1022,0.0000,402.4468,0.966437
522.1412,0.0000,402.6801,0.966492
522.1837,0.0000,402.9345,0.966550
522.2261,0.0000,403.1888,0.966610
522.2651,0.0000,403.4218,0.966660
522.3076,0.0000,403.6759,0.966723
522.3501,0.0000,403.9299,0.966774
522.3890,0.0000,404.1628,0.966833
522.4313,0.0000,404.4167,0.966888
522.4736,0.0000,404.6706,0.966947
522.5156,0.0000,404.9242,0.967009
522.5610,0.0000,405.1989,0.967061
522.6064,0.0000,405.4734,0.967130
522.6449,0.0000,405.7056,0.967181
522.6868,0.0000,405.9589,0.967238
522.7286,0.0000,406.2119,0.967300
522.7669,0.0000,406.4438,0.967345
522.8087,0.0000,406.6968,0.967405
522.8469,0.0000,406.9286,0.967466
522.8887,0.0000,407.1816,0.967519
522.9269,0.0000,407.4133,0.967569
522.9687,0.0000,407.6660,0.967635
523.0104,0.0000,407.9187,0.967678
523.0487,0.0000,408.1503,0.967732
523.0905,0.0000,408.4030,0.967789
523.1288,0.0000,408.6346,0.967836
523.1740,0.0000,408.9079,0.967903
523.2158,0.0000,409.1602,0.967963
523.2539,0.0000,409.3914,0.968013
523.2956,0.0000,409.6437,0.968069
523.3338,0.0000,409.8749,0.968120
523.3755,0.0000,410.1271,0.968181
523.4138,0.0000,410.3581,0.968231
523.4517,0.0000,410.5890,0.968282
523.4931,0.0000,410.8409,0.968336
523.5344,0.0000,411.0927,0.968391
523.5723,0.0000,411.3236,0.968441
523.6100,0.0000,411.5544,0.968498
523.6512,0.0000,411.8060,0.968553
523.6890,0.0000,412.0365,0.968605
523.7299,0.0000,412.2880,0.968652
523.7744,0.0000,412.5603,0.968725
523.8152,0.0000,412.8118,0.968775
523.8527,0.0000,413.0422,0.968827
523.8969,0.0000,413.3145,0.968889
523.9376,0.0000,413.5656,0.968943
523.9751,0.0000,413.7959,0.969001
524.0161,0.0000,414.0471,0.969054
524.0537,0.0000,414.2774,0.969108
524.0947,0.0000,414.5286,0.969166
524.1460,0.0000,414.8422,0.969234
524.1836,0.0000,415.0721,0.969276
524.2246,0.0000,415.3230,0.969336
524.2622,0.0000,415.5529,0.969393
524.3168,0.0000,415.8871,0.969466
524.3509,0.0000,416.0959,0.969517
524.3881,0.0000,416.3255,0.969568
524.4285,0.0000,416.5758,0.969627
524.4655,0.0000,416.8053,0.969675
524.5057,0.0000,417.0556,0.969733
524.5427,0.0000,417.2850,0.969778
524.5829,0.0000,417.5352,0.969841
524.6198,0.0000,417.7644,0.969895
524.6601,0.0000,418.0144,0.969943
524.6970,0.0000,418.2437,0.969997
524.7372,0.0000,418.4937,0.970051
524.7774,0.0000,418.7437,0.970110
524.8141,0.0000,418.9729,0.970158
524.8640,0.0000,419.2856,0.970225
524.8937,0.0000,419.4734,0.970279
524.9330,0.0000,419.7240,0.970336
524.9721,0.0000,419.9746,0.970387
525.0109,0.0000,420.2252,0.970444
525.0464,0.0000,420.4550,0.970496
525.0850,0.0000,420.7058,0.970551
525.1234,0.0000,420.9567,0.970602
525.1615,0.0000,421.2078,0.970662
525.1995,0.0000,421.4590,0.970712
525.2344,0.0000,421.6895,0.970771
525.2757,0.0000,421.9618,0.970826
525.3106,0.0000,422.1924,0.970879
525.3487,0.0000,422.4440,0.970942
525.3837,0.0000,422.6747,0.970990
525.4214,0.0000,422.9265,0.971048
525.4591,0.0000,423.1782,0.971104
525.4933,0.0000,423.4089,0.971157
525.5276,0.0000,423.6396,0.971205
525.5649,0.0000,423.8913,0.971261
525.6023,0.0000,424.1431,0.971324
525.6365,0.0000,424.3739,0.971372
525.6707,0.0000,424.6048,0.971429
525.7169,0.0000,424.9195,0.971493
525.7567,0.0000,425.1922,0.971560
525.7932,0.0000,425.4438,0.971612
525.8295,0.0000,425.6956,0.971676
525.8595,0.0000,425.9053,0.971718
525.8951,0.0000,426.1572,0.971772
525.9249,0.0000,426.3672,0.971825
525.9576,0.0000,426.5983,0.971877
525.9933,0.0000,426.8504,0.971929
526.0259,0.0000,427.0818,0.971984
526.0614,0.0000,427.3343,0.972047
526.0938,0.0000,427.5657,0.972094
526.1261,0.0000,427.7971,0.972146
526.1612,0.0000,428.0498,0.972198
526.1963,0.0000,428.3026,0.972253
526.2285,0.0000,428.5344,0.972310
526.2637,0.0000,428.7874,0.972368
526.2993,0.0000,429.0407,0.972424
526.3349,0.0000,429.2941,0.972480
526.3707,0.0000,429.5475,0.972543
526.4065,0.0000,429.8009,0.972595
526.4420,0.0000,430.0539,0.972651
526.4683,0.0000,430.2432,0.972696
526.5035,0.0000,430.4953,0.972753
526.5355,0.0000,430.7260,0.972805
526.5703,0.0000,430.9773,0.972864
526.6050,0.0000,431.2281,0.972922
526.6398,0.0000,431.4789,0.972970
526.6716,0.0000,431.7087,0.973027
526.7061,0.0000,431.9594,0.973084
526.7405,0.0000,432.2101,0.973140
526.7720,0.0000,432.4400,0.973193
526.8093,0.0000,432.7116,0.973253
526.8409,0.0000,432.9416,0.973304
526.8753,0.0000,433.1927,0.973362
526.9183,0.0000,433.5066,0.973433
526.9528,0.0000,433.7577,0.973485
526.9872,0.0000,434.0089,0.973542
527.0187,0.0000,434.2393,0.973599
527.0532,0.0000,434.4908,0.973655
527.0876,0.0000,434.7424,0.973708
527.1306,0.0000,435.0569,0.973779
527.1622,0.0000,435.2878,0.973828
527.1973,0.0000,435.5397,0.973886
527.2294,0.0000,435.7707,0.973935
527.2617,0.0000,436.0017,0.973995
527.2968,0.0000,436.2538,0.974053
527.3320,0.0000,436.5058,0.974109
527.3554,0.0000,436.6739,0.974140
527.3964,0.0000,436.9681,0.974211
527.4286,0.0000,437.1994,0.974261
527.4609,0.0000,437.4307,0.974316
527.4960,0.0000,437.6830,0.974367
527.5312,0.0000,437.9353,0.974425
527.5663,0.0000,438.1876,0.974478
527.5985,0.0000,438.4189,0.974538
527.6337,0.0000,438.6713,0.974590
527.6688,0.0000,438.9237,0.974646
527.7040,0.0000,439.1762,0.974704
527.7362,0.0000,439.4077,0.974753
527.7714,0.0000,439.6603,0.974813
527.8065,0.0000,439.9130,0.974865
527.8387,0.0000,440.1447,0.974919
527.8739,0.0000,440.3974,0.974975
527.9091,0.0000,440.6501,0.975031
527.9501,0.0000,440.9449,0.975098
527.9764,0.0000,441.1345,0.975131
528.0175,0.0000,441.4294,0.975210
528.0497,0.0000,441.6612,0.975248
528.0848,0.0000,441.9143,0.975309
528.1171,0.0000,442.1463,0.975364
528.1522,0.0000,442.3994,0.975421
528.1844,0.0000,442.6314,0.975474
528.2196,0.0000,442.8848,0.975528
528.2548,0.0000,443.1382,0.975584
528.2900,0.0000,443.3917,0.975640
528.3251,0.0000,443.6454,0.975701
528.3752,0.0000,444.0048,0.975776
528.4077,0.0000,444.2375,0.975829
528.4434,0.0000,444.4914,0.975884
528.4761,0.0000,444.7242,0.975935
528.5089,0.0000,444.9571,0.975990
528.5447,0.0000,445.2112,0.976048
528.5772,0.0000,445.4443,0.976101
528.6127,0.0000,445.6984,0.976156
528.6453,0.0000,445.9315,0.976206
528.6808,0.0000,446.1860,0.976257
528.7134,0.0000,446.4193,0.976315
528.7491,0.0000,446.6740,0.976375
528.7817,0.0000,446.9073,0.976424
528.8174,0.0000,447.1621,0.976479
528.8503,0.0000,447.3958,0.976537
528.8860,0.0000,447.6507,0.976585
528.9218,0.0000,447.9056,0.976649
528.9547,0.0000,448.1394,0.976698
528.9876,0.0000,448.3734,0.976752
529.0235,0.0000,448.6287,0.976812
529.0593,0.0000,448.8839,0.976867
529.0952,0.0000,449.1394,0.976926
529.1281,0.0000,449.3737,0.976971
529.1640,0.0000,449.6293,0.977034
529.1999,0.0000,449.8850,0.977093
529.2328,0.0000,450.1194,0.977140
529.2689,0.0000,450.3754,0.977198
529.3019,0.0000,450.6101,0.977250
529.3382,0.0000,450.8661,0.977308
529.3685,0.0000,451.0796,0.977359
529.4051,0.0000,451.3358,0.977412
529.4387,0.0000,451.5708,0.977463
529.4753,0.0000,451.8273,0.977524
529.5090,0.0000,452.0624,0.977574
529.5460,0.0000,452.3190,0.977626
529.5831,0.0000,452.5758,0.977690
529.6173,0.0000,452.8113,0.977741
529.6551,0.0000,453.0682,0.977799
529.6900,0.0000,453.3039,0.977852
529.7281,0.0000,453.5610,0.977906
529.7662,0.0000,453.8181,0.977967
529.8046,0.0000,454.0753,0.978029
529.8400,0.0000,454.3112,0.978073
529.8823,0.0000,454.5901,0.978142
529.9279,0.0000,454.8905,0.978212
529.9637,0.0000,455.1265,0.978262
530.0032,0.0000,455.3840,0.978314
530.0428,0.0000,455.6416,0.978372
530.0826,0.0000,455.8993,0.978429
530.1222,0.0000,456.1570,0.978489
530.1618,0.0000,456.4147,0.978553
530.2016,0.0000,456.6724,0.978611
530.2413,0.0000,456.9303,0.978659
530.2814,0.0000,457.1883,0.978720
530.3181,0.0000,457.4248,0.978771
530.3616,0.0000,457.7044,0.978833
530.4018,0.0000,457.9625,0.978890
530.4421,0.0000,458.2207,0.978952
530.4794,0.0000,458.4576,0.979005
530.5198,0.0000,458.7160,0.979061
530.5607,0.0000,458.9745,0.979118
530.5981,0.0000,459.2113,0.979177
530.6391,0.0000,459.4700,0.979229
530.6767,0.0000,459.7072,0.979280
530.7177,0.0000,459.9659,0.979341
530.7553,0.0000,460.2031,0.979391
530.8097,0.0000,460.5481,0.979471
530.8506,0.0000,460.8070,0.979522
530.8881,0.0000,461.0445,0.979578
530.9291,0.0000,461.3036,0.979639
530.9738,0.0000,461.5844,0.979699
531.0256,0.0000,461.9086,0.979775
531.0638,0.0000,462.1464,0.979826
531.1055,0.0000,462.4059,0.979881
531.1473,0.0000,462.6653,0.979938
531.1891,0.0000,462.9248,0.980001
531.2274,0.0000,463.1628,0.980054
531.2690,0.0000,463.4226,0.980112
531.3105,0.0000,463.6823,0.980169
531.3486,0.0000,463.9206,0.980222
531.3904,0.0000,464.1806,0.980280
531.4286,0.0000,464.4190,0.980329
531.4705,0.0000,464.6792,0.980392
531.5123,0.0000,464.9393,0.980449
531.5506,0.0000,465.1779,0.980499
531.5924,0.0000,465.4382,0.980568
531.6309,-0.0000,465.6770,0.980619
531.6729,0.0000,465.9375,0.980677
531.7117,0.0000,466.1763,0.980728
531.7543,-0.0000,466.4371,0.980794
531.7934,-0.0000,466.6763,0.980849
531.8361,0.0000,466.9372,0.980899
531.8754,0.0000,467.1764,0.980955
531.9250,0.0000,467.4810,0.981021
531.9675,-0.0000,467.7421,0.981081
532.0100,0.0000,468.0032,0.981139
532.0489,-0.0000,468.2425,0.981196
532.0913,0.0000,468.5038,0.981253
532.1371,0.0000,468.7871,0.981319
532.1796,0.0000,469.0486,0.981373
532.2218,0.0000,469.3101,0.981430
532.2747,0.0000,469.6374,0.981505
532.3066,0.0000,469.8338,0.981548
532.3491,0.0000,470.0958,0.981610
532.3915,0.0000,470.3576,0.981671
532.4305,0.0000,470.5978,0.981722
532.4730,-0.0000,470.8601,0.981781
532.5154,0.0000,471.1224,0.981843
532.5544,0.0000,471.3627,0.981892
532.5969,-0.0000,471.6252,0.981948
532.6358,0.0000,471.8659,0.982003
532.6747,0.0000,472.1066,0.982057
532.7136,0.0000,472.3473,0.982111
532.7561,-0.0000,472.6101,0.982174
532.7950,-0.0000,472.8512,0.982227
532.8375,-0.0000,473.1142,0.982292
532.8765,0.0000,473.3553,0.982336
532.9189,-0.0000,473.6186,0.982397
532.9578,0.0000,473.8599,0.982450
533.0002,0.0000,474.1232,0.982512
533.0388,0.0000,474.3646,0.982568
533.0807,-0.0000,474.6281,0.982627
533.1224,0.0000,474.8915,0.982687
533.1638,0.0000,475.1549,0.982741
533.2049,0.0000,475.4185,0.982802
533.2421,0.0000,475.6601,0.982854
533.2822,-0.0000,475.9237,0.982915
533.3218,0.0000,476.1874,0.982985
533.3574,0.0000,476.4293,0.983032
533.3958,0.0000,476.6932,0.983092
533.4335,0.0000,476.9572,0.983152
533.4710,0.0000,477.2213,0.983213
533.5078,0.0000,477.4856,0.983275
533.5410,-0.0000,477.7278,0.983329
533.5794,0.0000,478.0142,0.983391
533.6110,0.0000,478.2564,0.983444
533.6442,0.0000,478.5207,0.983504
533.6761,-0.0000,478.7850,0.983565
533.6965,0.0000,478.9613,0.983605
533.7261,0.0000,479.2256,0.983666
533.7542,0.0000,479.4901,0.983723
533.7828,0.0000,479.7767,0.983787
533.8078,0.0000,480.0413,0.983841
533.8315,0.0000,480.3061,0.983911
533.8521,-0.0000,480.5489,0.983960
533.8752,0.0000,480.8361,0.984029
533.8954,0.0000,481.1013,0.984086
533.9143,0.0000,481.3667,0.984150
533.9321,0.0000,481.6323,0.984211
533.9488,-0.0000,481.8980,0.984268
533.9594,-0.0000,482.0752,0.984305
533.9744,0.0000,482.3413,0.984370
533.9885,0.0000,482.6075,0.984428
534.0016,0.0000,482.8739,0.984492
534.0128,0.0000,483.1182,0.984542
534.0231,0.0000,483.3627,0.984596
534.0334,0.0000,483.6295,0.984662
534.0427,0.0000,483.8964,0.984719
534.0511,0.0000,484.1636,0.984780
534.0598,0.0000,484.4756,0.984849
534.0676,0.0000,484.7879,0.984917
534.0742,0.0000,485.0560,0.984982
534.0810,0.0000,485.3467,0.985050
534.0870,0.0000,485.5931,0.985101
534.0930,0.0000,485.8621,0.985159
534.0990,0.0000,486.1312,0.985223
534.1042,-0.0000,486.3780,0.985281
534.1096,-0.0000,486.6476,0.985334
534.1149,0.0000,486.9174,0.985405
534.1199,0.0000,487.1873,0.985458
534.1260,0.0000,487.5028,0.985530
534.1326,0.0000,487.8187,0.985599
534.1403,0.0000,488.1575,0.985674
534.1475,-0.0000,488.4515,0.985748
534.1546,0.0000,488.7232,0.985805
534.1613,0.0000,488.9724,0.985856
534.1687,0.0000,489.2443,0.985917
534.1762,0.0000,489.5163,0.985977
534.1833,-0.0000,489.7658,0.986037
534.1914,0.0000,490.0605,0.986094
534.1988,-0.0000,490.3326,0.986157
534.2061,0.0000,490.6049,0.986222
534.2128,-0.0000,490.8547,0.986273
534.2201,0.0000,491.1271,0.986334
534.2267,0.0000,491.3770,0.986390
534.2339,0.0000,491.6497,0.986451
534.2408,0.0000,491.9222,0.986509
534.2474,-0.0000,492.1947,0.986574
534.2527,-0.0000,492.4445,0.986633
534.2580,0.0000,492.7170,0.986690
534.2623,0.0000,492.9666,0.986748
534.2662,-0.0000,493.2390,0.986809
534.2693,-0.0000,493.5115,0.986874
534.2719,-0.0000,493.7614,0.986930
534.2744,0.0000,494.0567,0.986992
534.2766,-0.0000,494.3295,0.987053
534.2786,0.0000,494.6026,0.987114
534.2809,0.0000,494.8986,0.987182
534.2828,0.0000,495.1947,0.987249
534.2842,-0.0000,495.4455,0.987300
534.2853,-0.0000,495.6507,0.987342
534.2867,0.0000,495.9244,0.987409
534.2879,-0.0000,496.1983,0.987469
534.2894,0.0000,496.4725,0.987535
534.2909,0.0000,496.7240,0.987585
534.2933,0.0000,497.0672,0.987664
534.2961,0.0000,497.3649,0.987731
534.2989,0.0000,497.6400,0.987792
534.3018,-0.0000,497.9151,0.987847
534.3046,0.0000,498.1673,0.987908
534.3075,0.0000,498.4427,0.987969
534.3105,-0.0000,498.7180,0.988029
534.3134,-0.0000,498.9935,0.988085
534.3161,0.0000,499.2459,0.988150
534.3190,0.0000,499.5215,0.988201
534.3220,0.0000,499.7973,0.988267
534.3249,-0.0000,500.0731,0.988325
534.3282,0.0000,500.4409,0.988408
534.3303,-0.0000,500.6938,0.988469
534.3325,0.0000,500.9468,0.988523
534.3347,0.0000,501.2228,0.988586
534.3366,0.0000,501.4761,0.988640
534.3387,-0.0000,501.7525,0.988700
534.3408,0.0000,502.0290,0.988759
534.3429,-0.0000,502.3054,0.988827
534.3450,-0.0000,502.6052,0.988887
534.3469,-0.0000,502.8818,0.988950
534.3481,-0.0000,503.1354,0.989008
534.3491,-0.0000,503.3890,0.989057
534.3502,-0.0000,503.6659,0.989124
534.3510,-0.0000,503.9198,0.989172
534.3518,0.0000,504.1967,0.989238
534.3525,0.0000,504.4505,0.989296
534.3532,-0.0000,504.7278,0.989359
534.3538,-0.0000,505.0051,0.989418
534.3543,-0.0000,505.2823,0.989474
534.3546,-0.0000,505.5368,0.989535
534.3546,-0.0000,505.8143,0.989599
534.3546,-0.0000,506.0919,0.989659
534.3546,0.0000,506.3697,0.989720
534.3546,-0.0000,506.6477,0.989782
534.3546,0.0000,506.9026,0.989839
534.3546,0.0000,507.1808,0.989902
534.3546,0.0000,507.4357,0.989959
534.3545,-0.0000,507.7141,0.990020
534.3544,-0.0000,507.9694,0.990072
534.3541,0.0000,508.2480,0.990128
534.3540,-0.0000,508.5266,0.990195
534.3539,0.0000,508.7823,0.990252
534.3539,-0.0000,509.0381,0.990312
534.3539,-0.0000,509.3171,0.990372
534.3539,-0.0000,509.5963,0.990430
534.3539,-0.0000,509.8757,0.990496
534.3539,0.0000,510.1551,0.990560
534.3539,0.0000,510.4113,0.990617
534.3538,0.0000,510.7840,0.990698
534.3538,0.0000,511.0638,0.990761
534.3538,-0.0000,511.3435,0.990821
534.3538,-0.0000,511.6000,0.990877
534.3538,-0.0000,511.8801,0.990937
534.3538,0.0000,512.1603,0.991001
534.3538,-0.0000,512.4171,0.991055
534.3538,-0.0000,512.6740,0.991116
534.3538,0.0000,512.9543,0.991175
534.3538,-0.0000,513.2349,0.991234
534.3538,-0.0000,513.5154,0.991296
534.3538,-0.0000,513.7724,0.991350
534.3535,0.0000,514.0528,0.991413
534.3529,0.0000,514.3333,0.991477
534.3518,-0.0000,514.6137,0.991537
534.3504,-0.0000,514.8942,0.991601
534.3489,-0.0000,515.1747,0.991663
534.3473,0.0000,515.4553,0.991724
534.3453,-0.0000,515.7357,0.991789
534.3433,0.0000,515.9926,0.991842
534.3411,0.0000,516.2492,0.991899
534.3386,-0.0000,516.5289,0.991964
534.3358,-0.0000,516.8312,0.992035
534.3328,0.0000,517.1097,0.992099
534.3297,-0.0000,517.4104,0.992166
534.3268,0.0000,517.6872,0.992225
534.3242,0.0000,517.9401,0.992283
534.3213,-0.0000,518.2378,0.992351
534.3187,0.0000,518.4886,0.992407
534.3137,-0.0000,518.8741,0.992492
534.3103,0.0000,519.1220,0.992545
534.3065,0.0000,519.3908,0.992604
534.3026,0.0000,519.6578,0.992665
534.2984,-0.0000,519.9229,0.992723
534.2950,0.0000,520.1205,0.992766
534.2910,-0.0000,520.3608,0.992824
534.2866,-0.0000,520.6210,0.992875
534.2820,0.0000,520.8795,0.992929
534.2777,-0.0000,521.1149,0.992988
534.2728,0.0000,521.3699,0.993043
534.2654,0.0000,521.7494,0.993129
534.2607,-0.0000,522.0001,0.993180
534.2565,0.0000,522.2285,0.993233
534.2520,-0.0000,522.4760,0.993289
534.2476,-0.0000,522.7216,0.993342
534.2425,0.0000,522.9858,0.993397
534.2382,-0.0000,523.2077,0.993446
534.2333,0.0000,523.4481,0.993503
534.2288,-0.0000,523.6668,0.993548
534.2243,-0.0000,523.8842,0.993601
534.2192,0.0000,524.1196,0.993646
534.2146,0.0150,524.3339,0.993695
534.2102,0.0150,524.5663,0.993746
534.2057,0.0150,524.7963,0.993794
534.2009,0.0150,525.0057,0.993839
534.1957,0.0150,525.2327,0.993895
534.1901,0.0150,525.4583,0.993945
534.1855,0.0150,525.6636,0.993987
534.1807,0.0150,525.8861,0.994036
534.1760,0.0150,526.1069,0.994080
534.1716,0.0150,526.3079,0.994131
534.1669,-0.0000,526.5256,0.994176
534.1616,-0.0000,526.7234,0.994217
534.1564,-0.0000,526.9205,0.994267
534.1514,-0.0000,527.1337,0.994309
534.1463,-0.0000,527.3449,0.994355
534.1405,-0.0000,527.5546,0.994403
534.1351,0.0000,527.7453,0.994445
534.1292,-0.0000,527.9518,0.994488
534.1233,0.0000,528.1569,0.994532
534.1174,-0.0000,528.3604,0.994578
534.1120,-0.0000,528.5455,0.994621
534.1057,0.0000,528.7460,0.994659
534.0981,-0.0000,528.9946,0.994715
534.0927,-0.0000,529.1755,0.994755
534.0867,0.0000,529.3717,0.994801
534.0800,-0.0000,529.5659,0.994843
534.0734,-0.0000,529.7748,0.994888
534.0677,-0.0000,529.9658,0.994932
534.0618,-0.0000,530.1555,0.994974
534.0556,-0.0000,530.3591,0.995016
534.0498,-0.0000,530.5455,0.995062
534.0443,-0.0000,530.7305,0.995101
534.0390,-0.0000,530.9141,0.995144
534.0343,-0.0000,531.0812,0.995172
534.0292,0.0000,531.2620,0.995214
534.0245,-0.0000,531.4264,0.995252
534.0197,-0.0000,531.6044,0.995289
534.0154,-0.0000,531.7662,0.995326
534.0110,-0.0000,531.9414,0.995362
534.0067,-0.0000,532.1152,0.995398
534.0026,0.0000,532.2874,0.995438
533.9982,-0.0000,532.4582,0.995473
533.9941,0.0000,532.6274,0.995515
533.9899,-0.0000,532.7951,0.995549
533.9858,0.0000,532.9475,0.995587
533.9819,-0.0000,533.0987,0.995616
533.9777,-0.0000,533.2625,0.995650
533.9738,-0.0000,533.4111,0.995683
533.9698,-0.0000,533.5720,0.995718
533.9659,-0.0000,533.7315,0.995749
533.9618,-0.0000,533.9028,0.995797
533.9579,-0.0000,534.0593,0.995827
533.9543,-0.0000,534.2144,0.995864
533.9503,-0.0000,534.3681,0.995897
533.9470,-0.0000,534.5076,0.995927
533.9431,-0.0000,534.6585,0.995957
533.9398,-0.0000,534.7955,0.995988
533.9364,0.0000,534.9315,0.996018
533.9327,0.0000,535.0784,0.996053
533.9294,-0.0000,535.2119,0.996081
533.9254,-0.0000,535.3680,0.996116
533.9221,-0.0000,535.4989,0.996143
533.9184,-0.0000,535.6404,0.996171
533.9150,-0.0000,535.7689,0.996199
533.9114,0.0000,535.9077,0.996234
533.9081,-0.0000,536.0338,0.996258
533.9045,-0.0000,536.1700,0.996294
533.9013,-0.0000,536.2937,0.996312
533.8984,-0.0000,536.4164,0.996340
533.8948,0.0000,536.5490,0.996368
533.8914,-0.0000,536.6804,0.996404
533.8878,-0.0000,536.8105,0.996428
533.8845,0.0000,536.9287,0.996454
533.8809,-0.0000,537.0565,0.996482
533.8773,-0.0000,537.1830,0.996508
533.8738,-0.0000,537.3083,0.996537
533.8704,0.0000,537.4222,0.996563
533.8668,-0.0000,537.5453,0.996587
533.8632,-0.0000,537.6673,0.996614
533.8594,-0.0000,537.7881,0.996642
533.8559,-0.0000,537.8979,0.996663
533.8521,-0.0000,538.0166,0.996693
533.8484,0.0000,538.1243,0.996716
533.8447,-0.0000,538.2410,0.996741
533.8411,-0.0000,538.3470,0.996767
533.8375,-0.0000,538.4623,0.996788
533.8337,-0.0000,538.5773,0.996817
533.8300,-0.0000,538.6924,0.996841
533.8276,0.0000,538.7694,0.996860
533.8242,-0.0000,538.8749,0.996880
533.8205,-0.0000,538.9901,0.996906
533.8168,-0.0000,539.1057,0.996932
533.8135,0.0000,539.2115,0.996954
533.8096,-0.0000,539.3268,0.996977
533.8062,-0.0000,539.4324,0.997003
533.8024,-0.0000,539.5480,0.997027
533.7987,0.0000,539.6636,0.997057
533.7953,-0.0000,539.7695,0.997076
533.7916,-0.0000,539.8851,0.997102
533.7863,-0.0000,540.0485,0.997137
533.7827,0.0000,540.1642,0.997163
533.7793,-0.0000,540.2703,0.997184
533.7756,-0.0000,540.3858,0.997216
533.7719,-0.0000,540.5015,0.997235
533.7686,-0.0000,540.6075,0.997259
533.7649,-0.0000,540.7230,0.997288
533.7615,-0.0000,540.8290,0.997310
533.7578,-0.0000,540.9446,0.997330
533.7542,-0.0000,541.0604,0.997351
533.7505,-0.0000,541.1761,0.997384
533.7468,-0.0000,541.2916,0.997410
533.7432,0.0000,541.4072,0.997436
533.7398,-0.0000,541.5130,0.997457
533.7361,-0.0000,541.6287,0.997483
533.7329,-0.0000,541.7347,0.997503
533.7292,0.0000,541.8503,0.997532
533.7254,-0.0000,541.9756,0.997561
533.7213,0.0000,542.1105,0.997597
533.7181,-0.0000,542.2164,0.997610
533.7145,-0.0000,542.3320,0.997634
533.7112,-0.0000,542.4378,0.997661
533.7076,0.0000,542.5533,0.997687
533.7045,-0.0000,542.6594,0.997708
533.7012,-0.0000,542.7655,0.997731
533.6976,-0.0000,542.8808,0.997759
533.6944,-0.0000,542.9866,0.997778
533.6908,-0.0000,543.1022,0.997806
533.6876,-0.0000,543.2083,0.997832
533.6840,-0.0000,543.3239,0.997853
533.6807,-0.0000,543.4295,0.997882
533.6774,-0.0000,543.5355,0.997902
533.6739,0.0000,543.6511,0.997924
533.6703,-0.0000,543.7665,0.997955
533.6671,-0.0000,543.8725,0.997973
533.6634,-0.0000,543.9882,0.997996
533.6602,0.0000,544.0943,0.998024
533.6567,-0.0000,544.2100,0.998048
533.6528,-0.0000,544.3354,0.998079
533.6493,-0.0000,544.4509,0.998104
533.6456,-0.0000,544.5663,0.998127
533.6420,-0.0000,544.6818,0.998154
533.6387,-0.0000,544.7878,0.998176
533.6353,-0.0000,544.8939,0.998200
533.6313,-0.0000,545.0192,0.998228
533.6277,-0.0000,545.1349,0.998253
533.6243,-0.0000,545.2407,0.998275
533.6210,-0.0000,545.3466,0.998297
533.6163,-0.0000,545.4615,0.998324
533.6122,-0.0000,545.5666,0.998347
533.6080,-0.0000,545.6808,0.998370
533.6044,-0.0000,545.7856,0.998393
533.6003,-0.0000,545.9003,0.998421
533.5969,-0.0000,546.0062,0.998440
533.5933,-0.0000,546.1219,0.998470
533.5898,-0.0000,546.2280,0.998490
533.5859,-0.0000,546.3436,0.998518
533.5822,-0.0000,546.4592,0.998545
533.5784,-0.0000,546.5747,0.998562
533.5751,-0.0000,546.6807,0.998590
533.5714,-0.0000,546.7964,0.998611
533.5671,-0.0000,546.9313,0.998646
533.5633,-0.0000,547.0467,0.998668
533.5598,-0.0000,547.1525,0.998694
533.5558,-0.0000,547.2679,0.998719
533.5518,-0.0000,547.3834,0.998744
533.5477,-0.0000,547.4988,0.998769
533.5439,0.0000,547.6144,0.998796
533.5401,-0.0000,547.7301,0.998817
533.5367,-0.0000,547.8361,0.998842
533.5329,0.0000,547.9426,0.998864
533.5279,-0.0000,548.0596,0.998890
533.5233,-0.0000,548.1661,0.998912
533.5195,-0.0000,548.2819,0.998942
533.5161,-0.0000,548.3976,0.998965
533.5127,-0.0000,548.5037,0.998990
533.5090,-0.0000,548.6193,0.999015
533.5051,-0.0000,548.7444,0.999041
533.5024,-0.0000,548.8311,0.999063
533.4985,-0.0000,548.9464,0.999089
533.4949,0.0000,549.0621,0.999112
533.4908,-0.0000,549.1874,0.999135
533.4874,-0.0000,549.2837,0.999160
533.4841,-0.0000,549.3898,0.999182
533.4802,-0.0000,549.5054,0.999209
533.4769,-0.0000,549.6113,0.999233
533.4732,-0.0000,549.7271,0.999256
533.4696,-0.0000,549.8430,0.999282
533.4664,-0.0000,549.9491,0.999302
533.4624,-0.0000,550.0745,0.999329
533.4589,-0.0000,550.1902,0.999358
533.4557,-0.0000,550.2962,0.999383
533.4521,-0.0000,550.4119,0.999409
533.4484,-0.0000,550.5276,0.999432
533.4449,-0.0000,550.6433,0.999456
533.4412,-0.0000,550.7590,0.999483
533.4379,-0.0000,550.8651,0.999507
533.4342,-0.0000,550.9808,0.999531
533.4308,-0.0000,551.0869,0.999558
533.4272,0.0000,551.2026,0.999581
533.4235,-0.0000,551.3183,0.999600
533.4202,-0.0000,551.4244,0.999630
533.4166,-0.0000,551.5401,0.999658
533.4132,-0.0000,551.6462,0.999677
533.4099,0.0000,551.7523,0.999702
533.4062,-0.0000,551.8680,0.999724
533.4028,-0.0000,551.9741,0.999743
533.3992,-0.0000,552.0897,0.999773
533.3958,-0.0000,552.1956,0.999794
533.3922,-0.0000,552.3112,0.999816
533.3884,-0.0000,552.4267,0.999842
533.3848,-0.0000,552.5423,0.999868
533.3810,-0.0000,552.6580,0.999884
533.3773,-0.0000,552.7736,0.999911
533.3737,-0.0000,552.8795,0.999939
533.3694,-0.0000,552.9948,0.999959
533.3658,-0.0000,553.1006,0.999987
