-48.7381,-7.2569,567.5862,0.956922
-48.7289,-7.2486,567.5460,0.956933
-48.7229,-7.2481,567.5137,0.956944
-48.7114,-7.2479,567.4509,0.956962
-48.6986,-7.2481,567.3817,0.956981
-48.6835,-7.2484,567.2996,0.957004
-48.6631,-7.2487,567.1893,0.957034
-48.6411,-7.2488,567.0698,0.957068
-48.6179,-7.2489,566.9442,0.957106
-48.5924,-7.2491,566.8053,0.957142
-48.5645,-7.2493,566.6530,0.957186
-48.5341,-7.2495,566.4872,0.957236
-48.5013,-7.2497,566.3081,0.957286
-48.4659,-7.2500,566.1155,0.957343
-48.4281,-7.2502,565.9094,0.957399
-48.3909,-7.2505,565.7059,0.957457
-48.3484,-7.2508,565.4739,0.957523
-48.3034,-7.2511,565.2285,0.957591
-48.2561,-7.2514,564.9696,0.957666
-48.2063,-7.2517,564.6972,0.957743
-48.1580,-7.2521,564.4323,0.957820
-48.1038,-7.2524,564.1340,0.957902
-48.0513,-7.2528,563.8450,0.957986
-47.9967,-7.2532,563.5444,0.958071
-47.9358,-7.2536,563.2078,0.958168
-47.8771,-7.2540,562.8831,0.958259
-47.8164,-7.2543,562.5469,0.958355
-47.7587,-7.2546,562.2261,0.958448
-47.6893,-7.2550,561.8394,0.958555
-47.6228,-7.2553,561.4683,0.958661
-47.5545,-7.2557,561.0854,0.958770
-47.4843,-7.2562,560.6907,0.958881
-47.4067,-7.2566,560.2526,0.959006
-47.3328,-7.2569,559.8334,0.959122
-47.2511,-7.2572,559.3687,0.959256
-47.1674,-7.2575,558.8902,0.959392
-47.0879,-7.2579,558.4332,0.959523
-47.0011,-7.2583,557.9267,0.959665
-46.9087,-7.2589,557.3725,0.959823
-46.8208,-7.2592,556.8408,0.959972
-46.7306,-7.2594,556.2944,0.960126
-46.6377,-7.2597,555.7339,0.960287
-46.5353,-7.2602,555.1177,0.960458
-46.4441,-7.2607,554.5704,0.960615
-46.3507,-7.2612,554.0105,0.960773
-46.2551,-7.2618,553.4382,0.960935
-46.1571,-7.2624,552.8535,0.961101
-46.0567,-7.2630,552.2561,0.961268
-45.9459,-7.2637,551.5988,0.961455
-45.8323,-7.2645,550.9269,0.961646
-45.7158,-7.2653,550.2403,0.961837
-45.6050,-7.2661,549.5895,0.962025
-45.4741,-7.2670,548.8228,0.962241
-45.3670,-7.2677,548.1971,0.962420
-45.2392,-7.2686,547.4536,0.962632
-45.1084,-7.2694,546.6951,0.962847
-44.9842,-7.2703,545.9775,0.963053
-44.8475,-7.2712,545.1905,0.963276
-44.7076,-7.2722,544.3887,0.963501
-44.5544,-7.2732,543.5131,0.963754
-44.4081,-7.2744,542.6805,0.963988
-44.2588,-7.2758,541.8331,0.964231
-44.1176,-7.2770,541.0328,0.964457
-43.9738,-7.2784,540.2198,0.964688
-43.8278,-7.2799,539.3939,0.964925
-43.6678,-7.2816,538.4901,0.965180
-43.5168,-7.2832,537.6375,0.965425
-43.3518,-7.2848,536.7053,0.965690
-43.1963,-7.2864,535.8267,0.965939
-43.0386,-7.2880,534.9357,0.966191
-42.8665,-7.2898,533.9625,0.966470
-42.7045,-7.2914,533.0461,0.966731
-42.5405,-7.2931,532.1178,0.966995
-42.3617,-7.2949,531.1049,0.967284
-42.1936,-7.2966,530.1521,0.967555
-42.0236,-7.2983,529.1877,0.967832
-41.8385,-7.3002,528.1365,0.968130
-41.6511,-7.3021,527.0723,0.968435
-41.4751,-7.3042,526.0726,0.968720
-41.2697,-7.3067,524.9061,0.969051
-41.0896,-7.3090,523.8841,0.969342
-40.9076,-7.3115,522.8518,0.969635
-40.7096,-7.3143,521.7286,0.969956
-40.4518,-7.3179,520.2680,0.970372
-40.2490,-7.3206,519.1194,0.970701
-40.0441,-7.3233,517.9600,0.971031
-39.7628,-7.3270,516.3696,0.971485
-39.5682,-7.3296,515.2703,0.971798
-39.3567,-7.3324,514.0767,0.972139
-39.1744,-7.3349,513.0483,0.972431
-39.0224,-7.3373,512.1920,0.972677
-38.7317,-7.3414,510.5545,0.973143
-38.5308,-7.3436,509.4240,0.973464
-38.3125,-7.3461,508.1973,0.973816
-38.0924,-7.3488,506.9608,0.974169
-37.8703,-7.3517,505.7143,0.974523
-37.6462,-7.3546,504.4579,0.974883
-37.4201,-7.3576,503.1913,0.975244
-37.1920,-7.3606,501.9148,0.975609
-36.9783,-7.3634,500.7204,0.975948
-36.7459,-7.3665,499.4244,0.976318
-36.5110,-7.3698,498.1183,0.976691
-36.2905,-7.3729,496.8967,0.977037
-36.0502,-7.3762,495.5714,0.977418
-35.8066,-7.3796,494.2363,0.977799
-35.5953,-7.3825,493.0840,0.978128
-35.3454,-7.3858,491.7306,0.978513
-35.0920,-7.3893,490.3675,0.978904
-34.8350,-7.3927,488.9947,0.979297
-34.5929,-7.3959,487.7114,0.979663
-34.3475,-7.3992,486.4199,0.980030
-34.0988,-7.4025,485.1203,0.980402
-33.8272,-7.4060,483.7117,0.980805
-33.5715,-7.4093,482.3953,0.981182
-33.3925,-7.4116,481.4794,0.981444
-33.1108,-7.4152,480.0470,0.981855
-32.8456,-7.4186,478.7089,0.982238
-32.5564,-7.4222,477.2590,0.982652
-32.2636,-7.4259,475.8002,0.983071
-31.9886,-7.4293,474.4375,0.983460
-31.7111,-7.4328,473.0671,0.983853
-31.4097,-7.4365,471.5827,0.984279
-31.1061,-7.4402,470.0892,0.984707
-30.8007,-7.4439,468.5868,0.985138
-30.4939,-7.4476,467.0754,0.985570
-30.1857,-7.4512,465.5551,0.986005
-29.8987,-7.4545,464.1353,0.986413
-29.6109,-7.4579,462.7079,0.986821
-29.3003,-7.4616,461.1624,0.987266
-29.0112,-7.4650,459.7194,0.987677
-28.7216,-7.4685,458.2691,0.988093
-28.4093,-7.4722,456.6991,0.988542
-28.0964,-7.4759,455.1207,0.988994
-27.7831,-7.4797,453.5341,0.989448
-27.4694,-7.4835,451.9394,0.989906
-27.1552,-7.4873,450.3366,0.990364
-26.8632,-7.4909,448.8412,0.990793
-26.5709,-7.4944,447.3390,0.991221
-26.2333,-7.4985,445.5974,0.991719
-25.8954,-7.5027,443.8470,0.992221
-25.5797,-7.5066,442.2055,0.992689
-25.2639,-7.5105,440.5565,0.993161
-24.9704,-7.5141,439.0187,0.993601
-24.6542,-7.5179,437.3556,0.994076
-24.3379,-7.5214,435.6852,0.994553
-23.9989,-7.5247,433.8873,0.995065
-23.6824,-7.5275,432.2020,0.995544
-23.3657,-7.5304,430.5095,0.996023
-23.0491,-7.5334,428.8101,0.996505
-22.7323,-7.5366,427.1037,0.996987
-22.4379,-7.5396,425.5130,0.997433
-22.1204,-7.5428,423.7955,0.997913
-21.6892,-7.5476,421.4643,0.998565
-21.4153,-7.5503,419.9874,0.998978
-21.0702,-7.5535,418.1362,0.999497
-20.2970,-7.5606,414.0406,0.000653
-19.9856,-7.5634,412.4172,0.001116
-19.6453,-7.5656,410.6628,0.001622
-19.3245,-7.5667,409.0279,0.002098
-18.9737,-7.5669,407.2612,0.002612
-18.6689,-7.5670,405.7434,0.003057
-18.3872,-7.5675,404.3535,0.003465
-18.0788,-7.5684,402.8456,0.003904
-17.7965,-7.5694,401.4754,0.004304
-17.5156,-7.5701,400.1194,0.004696
-17.2368,-7.5705,398.7790,0.005085
-16.9855,-7.5706,397.5742,0.005434
-16.6864,-7.5706,396.1468,0.005844
-16.4390,-7.5702,394.9733,0.006181
-16.1684,-7.5692,393.6999,0.006548
-15.8020,-7.5667,391.9926,0.007037
-15.4628,-7.5634,390.4284,0.007488
-15.2466,-7.5612,389.4377,0.007774
-14.8634,-7.5592,387.8990,0.008217
-14.3933,-7.5544,386.1957,0.008714
-13.9896,-7.5492,384.7084,0.009143
-13.7390,-7.5477,383.7914,0.009411
-13.3879,-7.5475,382.5267,0.009778
-12.9015,-7.5470,380.8418,0.010289
-12.6155,-7.5444,379.8819,0.010311
-12.3554,-7.5404,379.0178,0.010826
-11.9450,-7.5327,377.6497,0.011172
-11.5952,-7.5268,376.4659,0.011648
-11.2085,-7.5223,375.1275,0.011880
-10.9748,-7.5201,374.2985,0.012176
-10.6593,-7.5171,373.1467,0.012511
-10.2744,-7.5126,371.6800,0.012937
-10.0500,-7.5097,370.7894,0.013194
-9.8130,-7.5067,369.8193,0.013475
-9.4901,-7.5026,368.4441,0.013872
-9.2348,-7.4992,367.3108,0.014197
-8.9885,-7.4957,366.1764,0.014524
-8.6836,-7.4912,364.7141,0.014944
-8.4713,-7.4880,363.6547,0.015247
-8.2654,-7.4849,362.5921,0.015550
-8.0504,-7.4815,361.4434,0.015877
-7.8566,-7.4783,360.3721,0.016185
-7.6963,-7.4756,359.4620,0.016445
-7.5390,-7.4729,358.5482,0.016704
-7.3013,-7.4686,357.1288,0.017109
-7.1101,-7.4648,355.9532,0.017443
-6.9221,-7.4607,354.7717,0.017780
-6.7497,-7.4566,353.6692,0.018092
-6.5656,-7.4519,352.4761,0.018429
-6.4085,-7.4479,351.4487,0.018721
-6.2650,-7.4442,350.5027,0.018987
-6.1217,-7.4406,349.5529,0.019259
-5.9523,-7.4364,348.4254,0.019577
-5.7818,-7.4319,347.2924,0.019895
-5.6091,-7.4271,346.1542,0.020216
-5.4197,-7.4217,344.9226,0.020570
-5.2406,-7.4165,343.7739,0.020896
-5.0022,-7.4099,342.2645,0.021324
-4.8037,-7.4045,341.0164,0.021678
-4.6052,-7.3992,339.7646,0.022032
-4.4085,-7.3937,338.5093,0.022388
-4.2148,-7.3880,337.2503,0.022746
-4.0388,-7.3826,336.0779,0.023077
-3.8673,-7.3772,334.9020,0.023409
-3.7011,-7.3717,333.7228,0.023745
-3.5402,-7.3661,332.5397,0.024078
-3.3724,-7.3599,331.2608,0.024441
-3.2207,-7.3539,330.0684,0.024775
-3.0715,-7.3477,328.8711,0.025110
-2.9240,-7.3413,327.6686,0.025452
-2.7773,-7.3347,326.4610,0.025794
-2.6983,-7.3310,325.8084,0.025976
-2.5742,-7.3251,324.7796,0.026266
-2.3817,-7.3154,323.1801,0.026718
-2.2341,-7.3078,321.9488,0.027064
-2.0747,-7.2996,320.6149,0.027441
-1.9265,-7.2919,319.3688,0.027791
-1.7555,-7.2831,317.9221,0.028199
-1.6072,-7.2755,316.6606,0.028555
-1.4585,-7.2681,315.3921,0.028908
-1.3206,-7.2614,314.2148,0.029242
-1.1585,-7.2538,312.8337,0.029629
-1.0184,-7.2473,311.6434,0.029965
-0.9361,-7.2436,310.9463,0.030159
-0.7461,-7.2352,309.3454,0.030611
-0.6016,-7.2290,308.1378,0.030952
-0.4185,-7.2211,306.6201,0.031379
-0.2698,-7.2148,305.3992,0.031723
-0.1064,-7.2079,304.0701,0.032097
0.0595,-7.2010,302.7342,0.032473
0.2018,-7.1952,301.5984,0.032793
0.4252,-7.1861,299.8334,0.033292
0.5985,-7.1791,298.4758,0.033673
0.7736,-7.1721,297.1113,0.034059
0.8685,-7.1683,296.3737,0.034267
1.0727,-7.1600,294.7862,0.034715
1.2501,-7.1529,293.4027,0.035107
1.4276,-7.1456,292.0121,0.035498
1.5910,-7.1389,290.7222,0.035863
1.7672,-7.1316,289.3177,0.036259
1.8887,-7.1265,288.3411,0.036538
2.1030,-7.1174,286.5964,0.037028
2.2887,-7.1095,285.0607,0.037461
2.4726,-7.1015,283.5165,0.037895
2.6550,-7.0934,281.9639,0.038335
2.8104,-7.0865,280.6264,0.038712
2.9525,-7.0801,279.3950,0.039060
3.1204,-7.0725,277.9331,0.039472
3.3278,-7.0629,276.1242,0.039981
3.5370,-7.0519,274.3049,0.040494
3.6954,-7.0425,272.9334,0.040883
3.8686,-7.0310,271.4410,0.041305
4.0703,-7.0172,269.7105,0.041791
4.2460,-7.0053,268.2034,0.042218
4.4221,-6.9916,266.6894,0.042645
4.6112,-6.9742,265.0509,0.043107
4.7856,-6.9554,263.5219,0.043538
4.9579,-6.9357,261.9859,0.043972
5.1400,-6.9152,260.3240,0.044442
5.3673,-6.8903,258.1755,0.045047
5.5373,-6.8718,256.4983,0.045518
5.7445,-6.8485,254.3438,0.046125
5.8535,-6.8354,253.1521,0.046460
6.0284,-6.8127,251.1390,0.047026
6.1537,-6.7951,249.6116,0.047457
6.2813,-6.7761,247.9790,0.047913
6.4024,-6.7575,246.3588,0.048367
6.5180,-6.7391,244.7510,0.048818
6.6213,-6.7221,243.2691,0.049234
6.7214,-6.7053,241.7979,0.049648
6.8115,-6.6899,240.4494,0.050025
6.9140,-6.6720,238.8875,0.050463
7.0000,-6.6569,237.5587,0.050835
7.0982,-6.6393,236.0199,0.051268
7.1874,-6.6231,234.6008,0.051664
7.2616,-6.6095,233.4056,0.051998
7.3280,-6.5973,232.3226,0.052302
7.4129,-6.5817,230.9202,0.052695
7.4960,-6.5663,229.5240,0.053087
7.5774,-6.5511,228.1347,0.053475
7.6690,-6.5337,226.5407,0.053923
7.7528,-6.5175,225.0609,0.054337
7.8292,-6.5025,223.6922,0.054720
7.9046,-6.4875,222.3261,0.055104
7.9846,-6.4710,220.8557,0.055515
8.0580,-6.4554,219.4894,0.055898
8.1304,-6.4394,218.1220,0.056282
8.2073,-6.4218,216.6485,0.056695
8.2826,-6.4038,215.1757,0.057108
8.3555,-6.3855,213.7061,0.057523
8.4248,-6.3659,212.2416,0.057936
8.4900,-6.3449,210.7829,0.058348
8.5461,-6.3239,209.4341,0.058731
8.6011,-6.3000,207.9875,0.059141
8.6461,-6.2779,206.6499,0.059521
8.6864,-6.2546,205.2155,0.059929
8.7164,-6.2317,203.7878,0.060338
8.7342,-6.2089,202.3679,0.060745
8.7381,-6.1877,201.0578,0.061124
8.7286,-6.1663,199.7561,0.061503
8.7046,-6.1450,198.4635,0.061883
8.6455,-6.1160,196.6901,0.062411
8.5771,-6.0936,195.3251,0.062824
8.4878,-6.0708,193.9738,0.063233
8.3748,-6.0455,192.6380,0.063640
8.2482,-6.0195,191.4118,0.064017
8.1003,-5.9910,190.1995,0.064387
7.9046,-5.9565,188.8173,0.064808
7.6865,-5.9244,187.4513,0.065224
7.4806,-5.8997,186.2810,0.065576
7.2409,-5.8759,185.0350,0.065948
7.0002,-5.8559,183.8907,0.066285
6.5337,-5.8231,181.9933,0.066844
6.2238,-5.8050,180.8943,0.067166
5.9139,-5.7886,179.8953,0.067462
5.5241,-5.7691,178.7481,0.067803
5.1032,-5.7471,177.6215,0.068143
4.7179,-5.7271,176.6732,0.068431
4.2706,-5.7027,175.6683,0.068741
3.7901,-5.6763,174.6912,0.069047
3.3315,-5.6557,173.8012,0.069328
2.8189,-5.6340,172.8494,0.069630
2.3318,-5.6144,171.9823,0.069907
1.7837,-5.5899,171.0622,0.070204
1.2138,-5.5608,170.1626,0.070497
0.6223,-5.5247,169.2843,0.070785
0.0616,-5.4860,168.4880,0.071052
-0.5592,-5.4423,167.6395,0.071338
-1.1893,-5.4008,166.8007,0.071622
-1.8309,-5.3625,165.9752,0.071902
-2.4376,-5.3304,165.2315,0.072159
-3.1142,-5.2971,164.4524,0.072434
-3.8003,-5.2612,163.6871,0.072705
-4.4421,-5.2259,162.9930,0.072956
-5.2005,-5.1821,162.1989,0.073252
-5.9112,-5.1393,161.4742,0.073522
-6.5176,-5.1036,160.8711,0.073752
-7.2952,-5.0592,160.1158,0.074043
-8.0251,-5.0194,159.4299,0.074309
-8.7050,-4.9839,158.8093,0.074552
-9.4459,-4.9446,158.1461,0.074815
-10.1370,-4.9076,157.5479,0.075058
-10.7756,-4.8740,157.0096,0.075280
-11.4779,-4.8385,156.4343,0.075518
-12.1858,-4.8043,155.8707,0.075756
-12.8993,-4.7715,155.3188,0.075988
-13.6188,-4.7400,154.7797,0.076221
-14.4040,-4.7066,154.2088,0.076469
-15.0733,-4.6791,153.7376,0.076681
-15.8699,-4.6472,153.1938,0.076930
-16.6111,-4.6188,152.7061,0.077155
-17.3579,-4.5912,152.2319,0.077382
-18.1730,-4.5619,151.7330,0.077631
-18.8673,-4.5377,151.3223,0.077835
-19.6936,-4.5105,150.8514,0.078080
-20.4620,-4.4864,150.4321,0.078305
-21.3006,-4.4614,149.9956,0.078542
-22.0802,-4.4396,149.6097,0.078767
-22.8651,-4.4188,149.2412,0.078989
-23.7211,-4.3964,148.8627,0.079226
-24.5163,-4.3757,148.5328,0.079445
-25.2489,-4.3569,148.2465,0.079645
-26.1193,-4.3355,147.9267,0.079886
-26.8604,-4.3182,147.6712,0.080084
-27.7420,-4.2985,147.3861,0.080327
-28.5620,-4.2809,147.1389,0.080546
-29.3882,-4.2637,146.9064,0.080768
-30.2211,-4.2467,146.6886,0.080992
-31.0610,-4.2294,146.4852,0.081213
-31.9078,-4.2118,146.2959,0.081442
-32.7617,-4.1940,146.1195,0.081673
-33.6229,-4.1762,145.9552,0.081906
-34.4914,-4.1583,145.8022,0.082140
-35.3669,-4.1406,145.6588,0.082375
-36.2491,-4.1230,145.5231,0.082615
-37.1377,-4.1058,145.3927,0.082855
-37.9577,-4.0904,145.2759,0.083080
-38.9334,-4.0720,145.1389,0.083346
-40.1440,-4.0487,144.9695,0.083682
-41.2129,-4.0277,144.8193,0.083978
-42.2142,-4.0069,144.6775,0.084251
-43.2236,-3.9852,144.5334,0.084532
-44.1628,-3.9658,144.3982,0.084790
-45.1885,-3.9451,144.2494,0.085071
-46.2222,-3.9241,144.0977,0.085367
-47.2641,-3.9032,143.9426,0.085654
-48.3145,-3.8824,143.7838,0.085960
-49.3730,-3.8604,143.6202,0.086273
-50.3559,-3.8389,143.4644,0.086573
-51.4232,-3.8153,143.2898,0.086912
-52.4882,-3.7923,143.1092,0.087255
-53.5482,-3.7700,142.9207,0.087622
-54.5206,-3.7496,142.7382,0.087994
-55.6463,-3.7265,142.5130,0.088448
-56.6821,-3.7047,142.2899,0.088864
-57.6296,-3.6842,142.0707,0.089240
-58.7240,-3.6601,141.7982,0.089658
-59.7292,-3.6385,141.5288,0.090024
-60.7233,-3.6178,141.2434,0.090378
-61.7058,-3.5980,140.9414,0.090713
-62.6762,-3.5791,140.6226,0.091039
-63.6339,-3.5610,140.2863,0.091348
-64.5785,-3.5433,139.9324,0.091655
-65.5093,-3.5261,139.5611,0.091951
-66.4257,-3.5092,139.1725,0.092242
-67.3273,-3.4930,138.7675,0.092527
-68.1460,-3.4788,138.3793,0.092785
-68.9509,-3.4645,137.9771,0.093038
-69.7419,-3.4502,137.5611,0.093284
-70.5189,-3.4360,137.1317,0.093531
-71.4073,-3.4191,136.6134,0.093814
-72.1521,-3.4034,136.1540,0.094052
-72.8215,-3.3882,135.7212,0.094269
-73.5968,-3.3705,135.1964,0.094519
-74.2966,-3.3540,134.6989,0.094750
-74.9800,-3.3362,134.1885,0.094978
-75.6475,-3.3177,133.6664,0.095204
-76.3534,-3.2985,133.0889,0.095446
-76.9890,-3.2816,132.5451,0.095665
-77.5574,-3.2662,132.0374,0.095866
-78.2605,-3.2463,131.3789,0.096117
-78.8457,-3.2296,130.8042,0.096332
-79.4150,-3.2138,130.2205,0.096544
-80.0132,-3.1972,129.5777,0.096772
-80.5479,-3.1819,128.9744,0.096980
-81.1072,-3.1643,128.3101,0.097203
-81.6870,-3.1448,127.5829,0.097442
-82.2054,-3.1275,126.8975,0.097663
-82.7037,-3.1101,126.2022,0.097880
-83.1817,-3.0919,125.4974,0.098098
-83.6383,-3.0722,124.7838,0.098312
-84.1057,-3.0489,124.0061,0.098540
-84.4874,-3.0284,123.3326,0.098735
-84.9114,-3.0047,122.5392,0.098959
-85.3117,-2.9796,121.7377,0.099183
-85.6348,-2.9561,121.0449,0.099370
-85.9877,-2.9259,120.2309,0.099594
-86.3154,-2.8945,119.4120,0.099811
-86.5979,-2.8658,118.6480,0.100012
-86.8763,-2.8333,117.8221,0.100229
-87.0927,-2.8031,117.1125,0.100410
-87.3038,-2.7680,116.3428,0.100605
-87.4923,-2.7321,115.5724,0.100803
-87.6598,-2.6973,114.8013,0.100999
-87.8048,-2.6625,114.0296,0.101195
-87.9267,-2.6267,113.2580,0.101388
-88.0183,-2.5926,112.5466,0.101566
-88.0954,-2.5550,111.7776,0.101759
-88.1509,-2.5180,111.0107,0.101952
-88.1849,-2.4819,110.2465,0.102144
-88.1958,-2.4510,109.6023,0.102305
-88.1863,-2.4112,108.7865,0.102513
-88.1550,-2.3745,108.0336,0.102701
-88.1077,-2.3415,107.3431,0.102878
-88.0367,-2.3069,106.6000,0.103067
-87.9450,-2.2732,105.8629,0.103257
-87.8327,-2.2402,105.1320,0.103446
-87.7105,-2.2100,104.4625,0.103617
-87.5709,-2.1802,103.7971,0.103792
-87.4005,-2.1484,103.0805,0.103982
-87.2111,-2.1174,102.3682,0.104170
-87.0031,-2.0870,101.6597,0.104361
-86.7956,-2.0590,101.0089,0.104535
-86.5555,-2.0291,100.3065,0.104730
-86.3212,-2.0018,99.6600,0.104905
-86.0759,-1.9748,99.0147,0.105085
-85.8209,-1.9480,98.3702,0.105266
-85.5574,-1.9210,97.7261,0.105448
-85.2865,-1.8938,97.0817,0.105631
-84.9856,-1.8644,96.3827,0.105832
-84.6774,-1.8351,95.6818,0.106034
-84.3621,-1.8057,94.9785,0.106238
-84.0897,-1.7806,94.3809,0.106413
-83.7606,-1.7508,93.6710,0.106619
-83.4495,-1.7230,93.0118,0.106814
-83.1311,-1.6950,92.3490,0.107009
-82.7778,-1.6647,91.6267,0.107227
-82.4438,-1.6372,90.9559,0.107427
-82.1022,-1.6100,90.2815,0.107629
-81.6938,-1.5780,89.4901,0.107869
-81.3356,-1.5505,88.8078,0.108076
-80.9699,-1.5235,88.1217,0.108286
-80.5649,-1.4946,87.3738,0.108514
-80.1828,-1.4676,86.6796,0.108728
-79.7599,-1.4378,85.9235,0.108962
-79.3613,-1.4100,85.2216,0.109180
-78.9551,-1.3829,84.5159,0.109403
-78.5062,-1.3545,83.7469,0.109646
-78.0836,-1.3283,83.0332,0.109870
-77.6533,-1.3023,82.3161,0.110100
-77.1783,-1.2747,81.5349,0.110349
-76.6937,-1.2473,80.7492,0.110603
-76.1995,-1.2194,79.9592,0.110858
-75.7349,-1.1931,79.2263,0.111096
-75.3021,-1.1692,78.5512,0.111317
-74.7821,-1.1414,77.7493,0.111580
-74.2940,-1.1158,77.0052,0.111826
-73.7567,-1.0883,76.1950,0.112097
-73.2951,-1.0652,75.5057,0.112327
-72.7411,-1.0378,74.6868,0.112602
-72.2657,-1.0140,73.9901,0.112837
-71.6961,-0.9862,73.1621,0.113117
-71.1632,-0.9608,72.3933,0.113379
-70.6688,-0.9372,71.6848,0.113622
-70.1233,-0.9119,70.9077,0.113888
-69.5710,-0.8867,70.1259,0.114158
-69.0119,-0.8610,69.3396,0.114430
-68.4464,-0.8360,68.5484,0.114705
-67.8747,-0.8121,67.7524,0.114978
-67.2489,-0.7864,66.8848,0.115281
-66.6169,-0.7622,66.0115,0.115587
-66.0274,-0.7405,65.1994,0.115871
-65.4325,-0.7181,64.3816,0.116158
-64.8326,-0.6962,63.5580,0.116447
-64.2280,-0.6755,62.7282,0.116740
-63.5687,-0.6537,61.8226,0.117059
-62.9565,-0.6353,60.9803,0.117353
-62.3407,-0.6181,60.1309,0.117652
-61.7213,-0.6007,59.2741,0.117954
-61.0988,-0.5825,58.4099,0.118254
-60.4734,-0.5638,57.5385,0.118559
-59.8450,-0.5457,56.6600,0.118866
-59.1607,-0.5269,55.7005,0.119201
-58.5260,-0.5105,54.8077,0.119510
-57.8348,-0.4937,53.8323,0.119848
-57.1933,-0.4781,52.9243,0.120163
-56.4947,-0.4606,51.9325,0.120505
-55.8465,-0.4438,51.0098,0.120821
-55.2493,-0.4284,50.1581,0.121115
-54.5397,-0.4110,49.1441,0.121464
-53.8810,-0.3956,48.2014,0.121786
-53.2186,-0.3809,47.2524,0.122111
-52.5523,-0.3667,46.2969,0.122439
-51.8822,-0.3524,45.3350,0.122767
-51.2080,-0.3376,44.3668,0.123099
-50.5297,-0.3225,43.3925,0.123432
-49.7903,-0.3060,42.3303,0.123794
-49.1034,-0.2919,41.3436,0.124131
-48.4123,-0.2788,40.3511,0.124471
-47.7171,-0.2668,39.3530,0.124813
-47.0175,-0.2557,38.3493,0.125155
-46.3136,-0.2448,37.3397,0.125500
-45.5459,-0.2324,36.2395,0.125876
-44.8328,-0.2205,35.2181,0.126225
-44.0554,-0.2073,34.1056,0.126606
-43.3334,-0.1954,33.0729,0.126960
-42.6069,-0.1848,32.0349,0.127315
-41.8759,-0.1755,30.9916,0.127672
-41.0792,-0.1669,29.8559,0.128061
-40.2769,-0.1594,28.7143,0.128452
-39.5311,-0.1525,27.6554,0.128816
-38.7801,-0.1449,26.5918,0.129181
-38.0872,-0.1376,25.6129,0.129517
-37.3263,-0.1294,24.5409,0.129885
-36.4960,-0.1205,23.3748,0.130288
-35.7239,-0.1128,22.2941,0.130660
-34.8814,-0.1060,21.1186,0.131066
-34.1636,-0.1015,20.1204,0.131411
-33.3754,-0.0980,19.0280,0.131789
-32.5817,-0.0952,17.9319,0.132168
-31.7152,-0.0921,16.7404,0.132582
-30.9093,-0.0886,15.6370,0.132965
-30.0978,-0.0846,14.5302,0.133350
-29.2810,-0.0806,13.4199,0.133736
-28.4589,-0.0766,12.3063,0.134125
-27.5626,-0.0723,11.0958,0.134548
-26.7302,-0.0691,9.9746,0.134939
-25.8933,-0.0668,8.8497,0.135331
-24.9821,-0.0656,7.6267,0.135759
-24.1400,-0.0655,6.4969,0.136156
-23.2278,-0.0657,5.2725,0.136584
-22.3833,-0.0652,4.1376,0.136981
-21.5366,-0.0640,2.9976,0.137379
-20.6169,-0.0624,1.7564,0.137814
-19.7661,-0.0610,0.6049,0.138215
-18.9137,-0.0598,-0.5525,0.138619
-18.0598,-0.0589,-1.7158,0.139024
-17.2047,-0.0582,-2.8852,0.139430
-16.3483,-0.0580,-4.0606,0.139838
-15.5621,-0.0582,-5.1434,0.140215
-14.6318,-0.0588,-6.4296,0.140660
-13.7718,-0.0594,-7.6234,0.141073
-12.8388,-0.0599,-8.9235,0.141523
-11.9765,-0.0602,-10.1299,0.141939
-11.1129,-0.0604,-11.3424,0.142357
-10.2482,-0.0607,-12.5607,0.142776
-9.4544,-0.0609,-13.6828,0.143162
-8.5872,-0.0612,-14.9125,0.143584
-7.6464,-0.0615,-16.2514,0.144041
-6.7041,-0.0618,-17.5971,0.144502
-5.8329,-0.0621,-18.8453,0.144931
-4.9604,-0.0623,-20.0992,0.145361
-4.1595,-0.0625,-21.2537,0.145755
-3.2844,-0.0627,-22.5185,0.146186
-2.4079,-0.0629,-23.7889,0.146619
-1.5301,-0.0631,-25.0648,0.147054
-0.7242,-0.0633,-26.2393,0.147453
0.1564,-0.0635,-27.5259,0.147891
1.0383,-0.0638,-28.8179,0.148330
1.9216,-0.0640,-30.1153,0.148769
2.8064,-0.0642,-31.4180,0.149212
3.6926,-0.0644,-32.7261,0.149655
4.5804,-0.0646,-34.0395,0.150100
5.3955,-0.0648,-35.2479,0.150508
6.2865,-0.0649,-36.5710,0.150956
7.1793,-0.0650,-37.8990,0.151405
7.9995,-0.0651,-39.1206,0.151818
8.8961,-0.0652,-40.4578,0.152270
9.8699,-0.0653,-41.9117,0.152760
10.6959,-0.0654,-43.1461,0.153177
11.5993,-0.0656,-44.4969,0.153633
12.5051,-0.0657,-45.8521,0.154091
13.4135,-0.0658,-47.2115,0.154549
14.3246,-0.0659,-48.5751,0.155009
15.2383,-0.0661,-49.9427,0.155470
16.1549,-0.0662,-51.3144,0.155932
17.0742,-0.0663,-52.6901,0.156398
17.9964,-0.0666,-54.0696,0.156864
18.8442,-0.0669,-55.3376,0.157292
19.6944,-0.0673,-56.6088,0.157722
20.7023,-0.0680,-58.1152,0.158230
21.7136,-0.0686,-59.6261,0.158741
22.6499,-0.0691,-61.0246,0.159213
23.6675,-0.0696,-62.5437,0.159726
24.6097,-0.0701,-63.9498,0.160201
25.5546,-0.0706,-65.3595,0.160678
26.5814,-0.0711,-66.8908,0.161195
27.4527,-0.0716,-68.1897,0.161634
28.2467,-0.0720,-69.3730,0.162034
29.2021,-0.0725,-70.7963,0.162515
30.1600,-0.0730,-72.2230,0.162997
31.1207,-0.0735,-73.6531,0.163481
32.1643,-0.0740,-75.2063,0.164007
33.1303,-0.0745,-76.6434,0.164493
34.1798,-0.0752,-78.2041,0.165020
35.3134,-0.0760,-79.8892,0.165590
36.2878,-0.0767,-81.3371,0.166081
37.1832,-0.0773,-82.6672,0.166531
38.2443,-0.0781,-84.2425,0.167064
39.2265,-0.0787,-85.6998,0.167557
40.2936,-0.0794,-87.2820,0.168093
41.2817,-0.0801,-88.7453,0.168589
42.2729,-0.0808,-90.2113,0.169085
43.2677,-0.0814,-91.6796,0.169583
44.3495,-0.0821,-93.2727,0.170124
45.4359,-0.0829,-94.8681,0.170666
46.4430,-0.0835,-96.3426,0.171167
47.4544,-0.0842,-97.8187,0.171669
48.4701,-0.0849,-99.2963,0.172172
49.5754,-0.0857,-100.8988,0.172719
50.6002,-0.0864,-102.3795,0.173224
51.6291,-0.0872,-103.8618,0.173731
52.7483,-0.0880,-105.4693,0.174280
53.7835,-0.0889,-106.9523,0.174788
54.7335,-0.0898,-108.3101,0.175253
55.6860,-0.0906,-109.6691,0.175719
56.8155,-0.0912,-111.2774,0.176271
57.7743,-0.0916,-112.6403,0.176739
58.8234,-0.0920,-114.1294,0.177250
59.8755,-0.0927,-115.6212,0.177762
60.9304,-0.0934,-117.1157,0.178276
62.0759,-0.0943,-118.7382,0.178834
63.2240,-0.0951,-120.3645,0.179393
64.2859,-0.0959,-121.8693,0.179909
65.2607,-0.0966,-123.2518,0.180384
66.3256,-0.0974,-124.7635,0.180904
67.3919,-0.0982,-126.2791,0.181424
68.4594,-0.0990,-127.7986,0.181945
69.5279,-0.0999,-129.3221,0.182467
70.6867,-0.1010,-130.9771,0.183035
71.8467,-0.1023,-132.6368,0.183603
72.9184,-0.1034,-134.1731,0.184129
73.9910,-0.1046,-135.7135,0.184656
75.0645,-0.1059,-137.2580,0.185184
76.2285,-0.1075,-138.9357,0.185757
77.3039,-0.1092,-140.4886,0.186287
78.3802,-0.1108,-142.0455,0.186818
79.4573,-0.1126,-143.6065,0.187351
80.6251,-0.1145,-145.3021,0.187929
81.7039,-0.1164,-146.8714,0.188464
82.7836,-0.1183,-148.4448,0.188999
83.9541,-0.1206,-150.1537,0.189581
85.0354,-0.1229,-151.7354,0.190119
86.1174,-0.1254,-153.3210,0.190657
87.2003,-0.1280,-154.9106,0.191197
88.2838,-0.1305,-156.5041,0.191738
89.3681,-0.1332,-158.1016,0.192280
90.5435,-0.1363,-159.8367,0.192868
91.6293,-0.1395,-161.4424,0.193412
92.7157,-0.1428,-163.0520,0.193957
93.8934,-0.1461,-164.8002,0.194548
94.9812,-0.1490,-166.4179,0.195097
96.0696,-0.1518,-168.0396,0.195644
97.1586,-0.1544,-169.6652,0.196193
98.1574,-0.1569,-171.1587,0.196697
99.2476,-0.1595,-172.7917,0.197247
100.3383,-0.1619,-174.4285,0.197800
101.4296,-0.1637,-176.0692,0.198353
102.6125,-0.1654,-177.8510,0.198953
103.7050,-0.1669,-179.4995,0.199508
104.7982,-0.1686,-181.1518,0.200064
105.8921,-0.1701,-182.8078,0.200622
106.9867,-0.1710,-184.4674,0.201180
108.0822,-0.1711,-186.1306,0.201739
109.1785,-0.1709,-187.7972,0.202300
110.2757,-0.1708,-189.4673,0.202860
111.3741,-0.1710,-191.1407,0.203419
112.4736,-0.1711,-192.8173,0.203985
113.5745,-0.1708,-194.4971,0.204549
114.6770,-0.1701,-196.1798,0.205113
115.7815,-0.1691,-197.8652,0.205679
116.9808,-0.1682,-199.6937,0.206293
118.0908,-0.1676,-201.3836,0.206861
119.2043,-0.1673,-203.0752,0.207429
120.3216,-0.1674,-204.7681,0.208002
121.3496,-0.1677,-206.3208,0.208522
122.5696,-0.1680,-208.1567,0.209142
123.7955,-0.1683,-209.9931,0.209762
124.9326,-0.1684,-211.6886,0.210336
126.0751,-0.1685,-213.3839,0.210911
127.2225,-0.1689,-215.0789,0.211484
128.3747,-0.1700,-216.7734,0.212061
129.5317,-0.1716,-218.4676,0.212636
130.6933,-0.1735,-220.1618,0.213213
131.8596,-0.1753,-221.8567,0.213792
133.0303,-0.1768,-223.5522,0.214368
134.3032,-0.1783,-225.3901,0.214998
135.4821,-0.1796,-227.0876,0.215577
136.7633,-0.1811,-228.9280,0.216207
137.9494,-0.1826,-230.6282,0.216789
139.1388,-0.1843,-232.3298,0.217373
140.3313,-0.1864,-234.0328,0.217956
141.4272,-0.1888,-235.5952,0.218492
142.6256,-0.1915,-237.3009,0.219079
143.9272,-0.1943,-239.1505,0.219714
145.2321,-0.1969,-241.0020,0.220349
146.4391,-0.1992,-242.7130,0.220939
147.7487,-0.2017,-244.5691,0.221576
148.9590,-0.2041,-246.2850,0.222166
150.1702,-0.2064,-248.0038,0.222755
151.3818,-0.2088,-249.7256,0.223346
152.5935,-0.2112,-251.4509,0.223941
153.8048,-0.2136,-253.1797,0.224531
155.1164,-0.2161,-255.0569,0.225177
156.3253,-0.2186,-256.7925,0.225768
157.6310,-0.2216,-258.6731,0.226412
158.7336,-0.2243,-260.2661,0.226954
159.9353,-0.2271,-262.0072,0.227549
161.2363,-0.2298,-263.8979,0.228193
162.4368,-0.2323,-265.6471,0.228788
163.6369,-0.2348,-267.3999,0.229386
164.8370,-0.2375,-269.1562,0.229983
166.0372,-0.2402,-270.9157,0.230580
167.3378,-0.2432,-272.8256,0.231228
168.5388,-0.2459,-274.5917,0.231827
169.8406,-0.2489,-276.5084,0.232477
171.0428,-0.2516,-278.2808,0.233081
172.2454,-0.2543,-280.0563,0.233681
173.5484,-0.2572,-281.9835,0.234334
174.7511,-0.2600,-283.7660,0.234938
175.9534,-0.2627,-285.5520,0.235543
177.2546,-0.2657,-287.4906,0.236200
178.4525,-0.2685,-289.2807,0.236803
179.6443,-0.2715,-291.0678,0.237407
180.9264,-0.2748,-292.9969,0.238058
182.1985,-0.2780,-294.9176,0.238703
183.3635,-0.2807,-296.6820,0.239297
184.3270,-0.2829,-298.1454,0.239789
185.4740,-0.2855,-299.8916,0.240371
186.5160,-0.2878,-301.4818,0.240910
187.3616,-0.2896,-302.7745,0.241343
188.9411,-0.2930,-305.1943,0.242156
190.3152,-0.2958,-307.3039,0.242861
191.4013,-0.2981,-308.9736,0.243423
192.4753,-0.3005,-310.6267,0.243976
193.6251,-0.3030,-312.3983,0.244570
194.7607,-0.3055,-314.1497,0.245158
195.7964,-0.3077,-315.7483,0.245690
196.8202,-0.3099,-317.3296,0.246220
197.7482,-0.3120,-318.7640,0.246699
198.8322,-0.3144,-320.4404,0.247262
199.8204,-0.3166,-321.9697,0.247772
200.7970,-0.3188,-323.4817,0.248278
201.7618,-0.3210,-324.9763,0.248776
202.7939,-0.3235,-326.5759,0.249311
203.7345,-0.3257,-328.0344,0.249797
204.7404,-0.3280,-329.5949,0.250318
205.6569,-0.3301,-331.0175,0.250793
206.6370,-0.3324,-332.5394,0.251301
207.6038,-0.3346,-334.0414,0.251803
208.5574,-0.3368,-335.5237,0.252298
209.4267,-0.3388,-336.8755,0.252749
210.3574,-0.3408,-338.3235,0.253232
211.2750,-0.3429,-339.7521,0.253709
212.1102,-0.3450,-341.0535,0.254142
212.9340,-0.3470,-342.3386,0.254571
213.8135,-0.3491,-343.7125,0.255029
214.6132,-0.3510,-344.9641,0.255447
215.5314,-0.3532,-346.4041,0.255926
216.3058,-0.3551,-347.6214,0.256331
217.0682,-0.3569,-348.8229,0.256730
217.9426,-0.3591,-350.2048,0.257189
218.6792,-0.3612,-351.3723,0.257577
219.4044,-0.3636,-352.5242,0.257959
220.1774,-0.3664,-353.7542,0.258365
220.9381,-0.3700,-354.9653,0.258767
221.6862,-0.3731,-356.1556,0.259162
222.4213,-0.3755,-357.3260,0.259550
223.1423,-0.3777,-358.4772,0.259931
223.8501,-0.3788,-359.6104,0.260306
224.5466,-0.3793,-360.7276,0.260676
225.1785,-0.3799,-361.7419,0.261012
225.8514,-0.3810,-362.8216,0.261369
226.4623,-0.3822,-363.8005,0.261693
227.1630,-0.3836,-364.9212,0.262064
227.7534,-0.3848,-365.8637,0.262377
228.3827,-0.3860,-366.8657,0.262708
229.0019,-0.3872,-367.8489,0.263035
229.5663,-0.3881,-368.7426,0.263333
230.1689,-0.3892,-369.6940,0.263648
230.6730,-0.3903,-370.4875,0.263912
231.2635,-0.3919,-371.4144,0.264223
231.8056,-0.3932,-372.2626,0.264504
232.3914,-0.3949,-373.1766,0.264808
232.9311,-0.3970,-374.0168,0.265090
233.5149,-0.3992,-374.9236,0.265394
234.0083,-0.4014,-375.6885,0.265650
234.6351,-0.4045,-376.6591,0.265977
235.2161,-0.4071,-377.5569,0.266278
235.7955,-0.4093,-378.4509,0.266578
236.3731,-0.4113,-379.3401,0.266877
236.9489,-0.4133,-380.2241,0.267172
237.5234,-0.4154,-381.1025,0.267466
238.0972,-0.4176,-381.9750,0.267759
238.6709,-0.4198,-382.8409,0.268050
239.2448,-0.4222,-383.6992,0.268339
239.7753,-0.4244,-384.4836,0.268604
240.3513,-0.4268,-385.3234,0.268888
240.8850,-0.4292,-386.0880,0.269149
241.4660,-0.4317,-386.9036,0.269428
242.0056,-0.4341,-387.6435,0.269683
242.5942,-0.4367,-388.4298,0.269958
243.1419,-0.4392,-389.1409,0.270209
243.6943,-0.4416,-389.8372,0.270455
244.2520,-0.4442,-390.5184,0.270700
244.8632,-0.4469,-391.2395,0.270963
245.4354,-0.4495,-391.8900,0.271205
246.0166,-0.4521,-392.5268,0.271447
246.6072,-0.4546,-393.1497,0.271685
247.2073,-0.4571,-393.7586,0.271924
247.8172,-0.4595,-394.3535,0.272159
248.4891,-0.4620,-394.9822,0.272416
249.1192,-0.4644,-395.5477,0.272652
249.7050,-0.4666,-396.0536,0.272867
250.4079,-0.4693,-396.6363,0.273120
251.0117,-0.4717,-397.1171,0.273335
251.6800,-0.4747,-397.6295,0.273567
252.3580,-0.4780,-398.1293,0.273800
253.0456,-0.4817,-398.6169,0.274034
253.7422,-0.4861,-399.0928,0.274268
254.4477,-0.4909,-399.5570,0.274502
255.1618,-0.4959,-400.0097,0.274738
255.8842,-0.5011,-400.4512,0.274973
256.6143,-0.5068,-400.8817,0.275209
257.3521,-0.5128,-401.3014,0.275446
258.0966,-0.5195,-401.7102,0.275683
258.8460,-0.5276,-402.1073,0.275919
259.5369,-0.5359,-402.4603,0.276135
260.2942,-0.5456,-402.8322,0.276370
261.1175,-0.5571,-403.2187,0.276625
261.8159,-0.5675,-403.5312,0.276838
262.5790,-0.5790,-403.8560,0.277069
263.3432,-0.5907,-404.1636,0.277298
264.0441,-0.6016,-404.4301,0.277506
264.8725,-0.6152,-404.7262,0.277750
265.6365,-0.6289,-404.9818,0.277973
266.3994,-0.6433,-405.2196,0.278196
267.1607,-0.6582,-405.4398,0.278413
267.8570,-0.6726,-405.6265,0.278612
268.6149,-0.6889,-405.8128,0.278827
269.3087,-0.7038,-405.9674,0.279022
270.1278,-0.7216,-406.1300,0.279251
270.8826,-0.7382,-406.2610,0.279460
271.5728,-0.7534,-406.3649,0.279651
272.3231,-0.7702,-406.4608,0.279857
273.0698,-0.7871,-406.5388,0.280058
273.8122,-0.8041,-406.5992,0.280259
274.5495,-0.8210,-406.6418,0.280456
275.2202,-0.8363,-406.6654,0.280636
275.9464,-0.8531,-406.6752,0.280831
276.6669,-0.8712,-406.6692,0.281023
277.3812,-0.8900,-406.6470,0.281213
278.0885,-0.9095,-406.6092,0.281400
278.7296,-0.9278,-406.5607,0.281573
279.3637,-0.9464,-406.4993,0.281738
280.0474,-0.9661,-406.4163,0.281922
280.7223,-0.9845,-406.3163,0.282097
281.4431,-1.0035,-406.1896,0.282285
282.1530,-1.0231,-406.0464,0.282474
282.7446,-1.0392,-405.9114,0.282628
283.3810,-1.0561,-405.7500,0.282789
283.9559,-1.0718,-405.5898,0.282944
284.5213,-1.0870,-405.4178,0.283090
285.1763,-1.1024,-405.1977,0.283266
285.7196,-1.1133,-404.9976,0.283405
286.3010,-1.1248,-404.7668,0.283554
286.8691,-1.1360,-404.5233,0.283707
287.3773,-1.1441,-404.2877,0.283843
288.0062,-1.1509,-403.9711,0.284014
288.5295,-1.1550,-403.6867,0.284158
289.0801,-1.1595,-403.3669,0.284316
289.5731,-1.1639,-403.0612,0.284458
290.1293,-1.1684,-402.6912,0.284623
290.5898,-1.1713,-402.3625,0.284760
291.0707,-1.1736,-401.9954,0.284906
291.5329,-1.1752,-401.6168,0.285053
291.9433,-1.1760,-401.2570,0.285181
292.3706,-1.1770,-400.8564,0.285321
292.7803,-1.1787,-400.4452,0.285462
293.1714,-1.1800,-400.0225,0.285596
293.5434,-1.1797,-399.5883,0.285731
293.9231,-1.1785,-399.1090,0.285876
294.2319,-1.1777,-398.6895,0.286000
294.5494,-1.1778,-398.2264,0.286135
294.8267,-1.1784,-397.7911,0.286261
295.1092,-1.1790,-397.3112,0.286387
295.3529,-1.1794,-396.8611,0.286513
295.5987,-1.1799,-396.3663,0.286644
295.8090,-1.1807,-395.9039,0.286762
296.0342,-1.1824,-395.3582,0.286908
296.2096,-1.1843,-394.8856,0.287029
296.3812,-1.1863,-394.3686,0.287158
296.5342,-1.1883,-393.8461,0.287290
296.6695,-1.1907,-393.3182,0.287424
296.7972,-1.1948,-392.7441,0.287569
296.8909,-1.1980,-392.2476,0.287695
296.9765,-1.2017,-391.7052,0.287830
297.0463,-1.2057,-391.1585,0.287965
297.1015,-1.2099,-390.6077,0.288108
297.1437,-1.2147,-390.0528,0.288249
297.1737,-1.2204,-389.4937,0.288395
297.1927,-1.2264,-388.9306,0.288541
297.2023,-1.2330,-388.3631,0.288687
297.2039,-1.2401,-387.7910,0.288837
297.1992,-1.2474,-387.2137,0.288992
297.1890,-1.2557,-386.6313,0.289146
297.1757,-1.2644,-386.0883,0.289291
297.1574,-1.2743,-385.4936,0.289450
297.1351,-1.2844,-384.8922,0.289611
297.1093,-1.2944,-384.2838,0.289773
297.0803,-1.3046,-383.6682,0.289943
297.0508,-1.3146,-383.0934,0.290097
297.0157,-1.3258,-382.4635,0.290269
296.9772,-1.3368,-381.8258,0.290442
296.9356,-1.3475,-381.1804,0.290618
296.8906,-1.3586,-380.5270,0.290797
296.8420,-1.3699,-379.8655,0.290977
296.7897,-1.3804,-379.1959,0.291161
296.7380,-1.3892,-378.5706,0.291334
296.6783,-1.3986,-377.8851,0.291525
296.6149,-1.4084,-377.1912,0.291717
296.5480,-1.4172,-376.4888,0.291913
296.4774,-1.4248,-375.7781,0.292110
296.4036,-1.4322,-375.0590,0.292309
296.3265,-1.4401,-374.3314,0.292513
296.2463,-1.4484,-373.5951,0.292720
296.1628,-1.4558,-372.8501,0.292930
296.0761,-1.4623,-372.0966,0.293141
295.9792,-1.4692,-371.2755,0.293372
295.8860,-1.4756,-370.5037,0.293591
295.7819,-1.4816,-369.6628,0.293830
295.6822,-1.4867,-368.8730,0.294053
295.5712,-1.4922,-368.0128,0.294297
295.4650,-1.4976,-367.2049,0.294525
295.3555,-1.5032,-366.3882,0.294756
295.2339,-1.5092,-365.4989,0.295010
295.1174,-1.5146,-364.6640,0.295246
294.9975,-1.5197,-363.8205,0.295487
294.8644,-1.5252,-362.9023,0.295749
294.7371,-1.5304,-362.0405,0.295995
294.6062,-1.5353,-361.1700,0.296243
294.4716,-1.5401,-360.2908,0.296495
294.3333,-1.5449,-359.4030,0.296750
294.1799,-1.5501,-358.4371,0.297026
294.0333,-1.5549,-357.5312,0.297287
293.8827,-1.5598,-356.6166,0.297549
293.7283,-1.5647,-355.6934,0.297811
293.5703,-1.5695,-354.7613,0.298082
293.4091,-1.5742,-353.8205,0.298351
293.2453,-1.5789,-352.8706,0.298626
293.0664,-1.5840,-351.8376,0.298921
292.9116,-1.5882,-350.9438,0.299178
292.7297,-1.5932,-349.8911,0.299481
292.5467,-1.5981,-348.8277,0.299782
292.3627,-1.6029,-347.7534,0.300095
292.1914,-1.6074,-346.7462,0.300382
292.0196,-1.6120,-345.7297,0.300672
291.8478,-1.6164,-344.7038,0.300962
291.6764,-1.6208,-343.6686,0.301255
291.4924,-1.6255,-342.5431,0.301576
291.3224,-1.6297,-341.4880,0.301879
291.1403,-1.6341,-340.3413,0.302203
290.9722,-1.6383,-339.2667,0.302509
290.8181,-1.6424,-338.2663,0.302791
290.6397,-1.6473,-337.0890,0.303128
290.4880,-1.6516,-336.0711,0.303416
290.3248,-1.6560,-334.9592,0.303729
290.1503,-1.6603,-333.7513,0.304072
289.9645,-1.6644,-332.4449,0.304443
289.8043,-1.6675,-331.3025,0.304768
289.6324,-1.6708,-330.0618,0.305116
289.4612,-1.6741,-328.8105,0.305472
289.2904,-1.6778,-327.5482,0.305827
289.1322,-1.6812,-326.3665,0.306160
288.9866,-1.6841,-325.2673,0.306472
288.8657,-1.6862,-324.3453,0.306734
288.7088,-1.6886,-323.1384,0.307075
288.5405,-1.6907,-321.8282,0.307446
288.3848,-1.6925,-320.6021,0.307791
288.2296,-1.6944,-319.3669,0.308140
288.0631,-1.6966,-318.0266,0.308519
287.8972,-1.6989,-316.6758,0.308900
287.7437,-1.7009,-315.4120,0.309259
287.5788,-1.7027,-314.0411,0.309643
287.4378,-1.7041,-312.8578,0.309978
287.2733,-1.7057,-311.4679,0.310371
287.1206,-1.7071,-310.1682,0.310739
286.9676,-1.7086,-308.8599,0.311108
286.8142,-1.7102,-307.5429,0.311480
286.6606,-1.7117,-306.2175,0.311855
286.5183,-1.7132,-304.9864,0.312203
286.3637,-1.7150,-303.6447,0.312582
286.2204,-1.7167,-302.3988,0.312934
286.0647,-1.7185,-301.0411,0.313317
285.8961,-1.7204,-299.5698,0.313732
285.7511,-1.7220,-298.3011,0.314091
285.5811,-1.7238,-296.8123,0.314513
285.4225,-1.7255,-295.4215,0.314906
285.2755,-1.7271,-294.1307,0.315271
285.1401,-1.7286,-292.9414,0.315607
284.9548,-1.7307,-291.3107,0.316068
284.7934,-1.7325,-289.8889,0.316469
284.6437,-1.7341,-288.5697,0.316842
284.4682,-1.7359,-287.0223,0.317280
284.3043,-1.7375,-285.5776,0.317688
284.1395,-1.7390,-284.1255,0.318098
283.9737,-1.7405,-282.6660,0.318512
283.8069,-1.7420,-281.1993,0.318925
283.6391,-1.7435,-279.7254,0.319340
283.4703,-1.7448,-278.2444,0.319761
283.3004,-1.7461,-276.7564,0.320180
283.1161,-1.7473,-275.1462,0.320636
282.9308,-1.7485,-273.5282,0.321093
282.7580,-1.7497,-272.0186,0.321520
282.5714,-1.7512,-270.3855,0.321982
282.3976,-1.7528,-268.8622,0.322413
282.2236,-1.7545,-267.3324,0.322845
282.0498,-1.7562,-265.7987,0.323278
281.8770,-1.7580,-264.2657,0.323711
281.6913,-1.7595,-262.6089,0.324179
281.5195,-1.7605,-261.0637,0.324616
281.3354,-1.7614,-259.3921,0.325087
281.1656,-1.7627,-257.8328,0.325528
280.9970,-1.7645,-256.2668,0.325970
280.8299,-1.7667,-254.6939,0.326413
280.6646,-1.7690,-253.1142,0.326860
280.5011,-1.7712,-251.5275,0.327307
280.3275,-1.7733,-249.8110,0.327792
280.1685,-1.7752,-248.2100,0.328243
280.0120,-1.7771,-246.6021,0.328695
279.8578,-1.7790,-244.9874,0.329153
279.7060,-1.7809,-243.3659,0.329611
279.5567,-1.7830,-241.7375,0.330069
279.4099,-1.7853,-240.1022,0.330530
279.2766,-1.7879,-238.5868,0.330957
279.1346,-1.7910,-236.9387,0.331421
278.9847,-1.7945,-235.1562,0.331924
278.8585,-1.7974,-233.6221,0.332356
278.7243,-1.8005,-231.9538,0.332826
278.5926,-1.8034,-230.2789,0.333297
278.4634,-1.8064,-228.5974,0.333771
278.3463,-1.8093,-227.0394,0.334209
278.2217,-1.8123,-225.3453,0.334686
278.0994,-1.8154,-223.6448,0.335165
277.9792,-1.8185,-221.9378,0.335645
277.8520,-1.8219,-220.0925,0.336165
277.7359,-1.8250,-218.3723,0.336648
277.6216,-1.8281,-216.6459,0.337134
277.5092,-1.8315,-214.9132,0.337621
277.3983,-1.8350,-213.1743,0.338110
277.2889,-1.8386,-211.4292,0.338601
277.1807,-1.8422,-209.6780,0.339094
277.0651,-1.8460,-207.7854,0.339624
276.9579,-1.8496,-206.0216,0.340122
276.8591,-1.8528,-204.3883,0.340581
276.7435,-1.8567,-202.4764,0.341118
276.6354,-1.8602,-200.6949,0.341619
276.5264,-1.8638,-198.9077,0.342123
276.4077,-1.8676,-196.9766,0.342664
276.2788,-1.8717,-194.9002,0.343250
276.1656,-1.8752,-193.0945,0.343759
276.0419,-1.8791,-191.1437,0.344304
275.9255,-1.8827,-189.3266,0.344816
275.8074,-1.8863,-187.5039,0.345330
275.6878,-1.8898,-185.6759,0.345843
275.5571,-1.8934,-183.7012,0.346399
275.4341,-1.8966,-181.8620,0.346918
275.3094,-1.8998,-180.0176,0.347437
275.1928,-1.9027,-178.3105,0.347917
275.0651,-1.9060,-176.4562,0.348437
274.9357,-1.9093,-174.5968,0.348961
274.8047,-1.9126,-172.7322,0.349486
274.6823,-1.9157,-171.0068,0.349972
274.5485,-1.9191,-169.1373,0.350498
274.4133,-1.9228,-167.2678,0.351026
274.2766,-1.9261,-165.3943,0.351554
274.1383,-1.9291,-163.5159,0.352083
273.9983,-1.9321,-161.6326,0.352611
273.8565,-1.9352,-159.7444,0.353142
273.7242,-1.9380,-157.9971,0.353634
273.5905,-1.9402,-156.2457,0.354129
273.4553,-1.9416,-154.4901,0.354623
273.2957,-1.9425,-152.4366,0.355201
273.1341,-1.9435,-150.3774,0.355782
272.9940,-1.9446,-148.6080,0.356280
272.8287,-1.9462,-146.5383,0.356864
272.6856,-1.9477,-144.7603,0.357363
272.5169,-1.9496,-142.6842,0.357947
272.3593,-1.9512,-140.7608,0.358491
272.2010,-1.9513,-138.8471,0.359028
272.0421,-1.9473,-136.9450,0.359564
271.8827,-1.9377,-135.0553,0.360099
271.7351,-1.9269,-133.3226,0.360585
271.5630,-1.9157,-131.3160,0.361151
271.4035,-1.9071,-129.4688,0.361674
271.2563,-1.8992,-127.7784,0.362148
271.0968,-1.8895,-125.9633,0.362660
270.9373,-1.8785,-124.1650,0.363165
270.7652,-1.8666,-122.2473,0.363706
270.6053,-1.8561,-120.4841,0.364205
270.4447,-1.8463,-118.7378,0.364694
270.2827,-1.8366,-117.0086,0.365180
270.1184,-1.8264,-115.2966,0.365663
269.9511,-1.8157,-113.6017,0.366139
269.7797,-1.8047,-111.9242,0.366611
269.5893,-1.7929,-110.1370,0.367115
269.3914,-1.7815,-108.3702,0.367613
269.1993,-1.7713,-106.7479,0.368072
268.9976,-1.7611,-105.1429,0.368526
268.7674,-1.7500,-103.4327,0.369008
268.5395,-1.7395,-101.8589,0.369452
268.2759,-1.7279,-100.1745,0.369929
268.0339,-1.7180,-98.7365,0.370339
267.7321,-1.7068,-97.0653,0.370811
267.4329,-1.6964,-95.5199,0.371252
267.0897,-1.6853,-93.8622,0.371724
266.7512,-1.6746,-92.3280,0.372162
266.3938,-1.6637,-90.7984,0.372601
266.0177,-1.6526,-89.2731,0.373039
265.6545,-1.6424,-87.8687,0.373444
265.2442,-1.6311,-86.3510,0.373883
264.7834,-1.6189,-84.7210,0.374356
264.3382,-1.6073,-83.2112,0.374797
263.8767,-1.5951,-81.7051,0.375239
263.3619,-1.5810,-80.0871,0.375714
262.8674,-1.5668,-78.5884,0.376158
262.3970,-1.5530,-77.2085,0.376568
261.8311,-1.5362,-75.6028,0.377047
261.2466,-1.5185,-74.0023,0.377525
260.6437,-1.5002,-72.4087,0.378005
260.1124,-1.4842,-71.0503,0.378416
259.4290,-1.4634,-69.3639,0.378929
258.8191,-1.4448,-67.9138,0.379373
258.1927,-1.4254,-66.4757,0.379816
257.5494,-1.4054,-65.0499,0.380257
256.8889,-1.3851,-63.6362,0.380697
256.2106,-1.3648,-62.2345,0.381138
255.4603,-1.3429,-60.7389,0.381612
254.7451,-1.3227,-59.3636,0.382051
254.0120,-1.3026,-58.0017,0.382489
253.2610,-1.2827,-56.6531,0.382927
252.4917,-1.2628,-55.3172,0.383365
251.7039,-1.2432,-53.9939,0.383802
250.8982,-1.2238,-52.6834,0.384239
250.0744,-1.2045,-51.3858,0.384677
249.2983,-1.1868,-50.1997,0.385081
248.4408,-1.1676,-48.9273,0.385518
247.5662,-1.1482,-47.6680,0.385956
246.6750,-1.1287,-46.4217,0.386392
245.6972,-1.1076,-45.0938,0.386863
244.7012,-1.0861,-43.7809,0.387333
243.8335,-1.0675,-42.6672,0.387735
242.8058,-1.0455,-41.3819,0.388203
241.9128,-1.0265,-40.2931,0.388604
240.9332,-1.0059,-39.1267,0.389035
240.0179,-0.9870,-38.0622,0.389432
238.9373,-0.9650,-36.8361,0.389893
237.9218,-0.9446,-35.7130,0.390320
236.8933,-0.9240,-34.6040,0.390745
235.8520,-0.9034,-33.5096,0.391172
234.8798,-0.8839,-32.5133,0.391563
233.8151,-0.8622,-31.4498,0.391987
232.7381,-0.8397,-30.4032,0.392408
231.6490,-0.8158,-29.3743,0.392830
230.5480,-0.7907,-28.3632,0.393250
229.4350,-0.7642,-27.3702,0.393670
228.3101,-0.7361,-26.3954,0.394088
227.1727,-0.7063,-25.4378,0.394506
226.0221,-0.6748,-24.4971,0.394923
224.8586,-0.6417,-23.5731,0.395341
223.5916,-0.6046,-22.5960,0.395790
222.4026,-0.5693,-21.7047,0.396207
221.2943,-0.5357,-20.8953,0.396592
219.9888,-0.4958,-19.9666,0.397042
218.8595,-0.4611,-19.1835,0.397426
217.6255,-0.4225,-18.3489,0.397845
216.2844,-0.3793,-17.4661,0.398296
214.9311,-0.3342,-16.5996,0.398747
213.6636,-0.2916,-15.8088,0.399166
212.2882,-0.2466,-14.9706,0.399618
211.0021,-0.2069,-14.2047,0.400039
209.7069,-0.1691,-13.4508,0.400460
208.3015,-0.1289,-12.6533,0.400913
206.9876,-0.0921,-11.9272,0.401334
205.6674,-0.0565,-11.2163,0.401755
204.3420,-0.0214,-10.5216,0.402175
203.0114,0.0137,-9.8437,0.402595
201.5729,0.0518,-9.1324,0.403046
200.2323,0.0871,-8.4895,0.403463
198.8869,0.1229,-7.8638,0.403880
197.5370,0.1591,-7.2555,0.404296
196.1827,0.1959,-6.6648,0.404711
194.8244,0.2331,-6.0915,0.405125
193.4622,0.2707,-5.5355,0.405539
192.2016,0.3055,-5.0375,0.405920
190.8328,0.3434,-4.5143,0.406331
189.3550,0.3843,-3.9693,0.406774
187.9781,0.4224,-3.4796,0.407184
186.5960,0.4606,-3.0050,0.407595
185.3154,0.4955,-2.5802,0.407974
183.9231,0.5318,-2.1338,0.408385
182.5255,0.5668,-1.7016,0.408795
181.1226,0.6019,-1.2841,0.409206
179.8229,0.6341,-0.9110,0.409586
178.3007,0.6721,-0.4908,0.410029
176.8820,0.7068,-0.1144,0.410441
175.5676,0.7375,0.2217,0.410822
174.1389,0.7704,0.5729,0.411235
172.7054,0.8039,0.9106,0.411648
171.2667,0.8404,1.2338,0.412061
169.8232,0.8789,1.5435,0.412476
168.3751,0.9173,1.8402,0.412890
166.9228,0.9541,2.1241,0.413306
165.4661,0.9888,2.3953,0.413721
164.0050,1.0219,2.6531,0.414137
162.5397,1.0544,2.8962,0.414553
161.0702,1.0859,3.1247,0.414968
159.5965,1.1165,3.3386,0.415386
158.1189,1.1460,3.5382,0.415806
156.7517,1.1719,3.7100,0.416192
155.2670,1.1987,3.8829,0.416611
153.7784,1.2251,4.0420,0.417031
152.4007,1.2494,4.1768,0.417419
150.9040,1.2759,4.3101,0.417840
149.4028,1.3026,4.4310,0.418262
148.0129,1.3271,4.5324,0.418653
146.3862,1.3560,4.6388,0.419110
144.8705,1.3836,4.7268,0.419535
143.4671,1.4097,4.7993,0.419930
141.9422,1.4382,4.8696,0.420357
140.6482,1.4625,4.9228,0.420720
138.8783,1.4960,4.9869,0.421217
137.5763,1.5210,5.0282,0.421582
135.9144,1.5536,5.0740,0.422049
134.3665,1.5842,5.1104,0.422482
132.6945,1.6170,5.1435,0.422951
131.1381,1.6473,5.1687,0.423388
129.5820,1.6774,5.1885,0.423824
128.0335,1.7073,5.2032,0.424259
126.6146,1.7350,5.2122,0.424656
125.0911,1.7652,5.2170,0.425084
123.4675,1.7977,5.2166,0.425539
121.9771,1.8275,5.2109,0.425957
120.5045,1.8568,5.2002,0.426370
119.1622,1.8834,5.1860,0.426746
117.7271,1.9119,5.1660,0.427149
116.3125,1.9401,5.1414,0.427546
115.0252,1.9656,5.1148,0.427907
113.6510,1.9927,5.0818,0.428292
112.2983,2.0190,5.0449,0.428672
111.1707,2.0408,5.0107,0.428988
109.8581,2.0660,4.9668,0.429359
108.5671,2.0909,4.9194,0.429722
107.3946,2.1136,4.8727,0.430049
106.1453,2.1379,4.8190,0.430400
105.0111,2.1599,4.7670,0.430717
103.8951,2.1816,4.7128,0.431032
102.7974,2.2029,4.6565,0.431341
101.6287,2.2255,4.5934,0.431669
100.4810,2.2471,4.5284,0.431993
99.3535,2.2680,4.4616,0.432310
98.3278,2.2867,4.3981,0.432597
97.3202,2.3047,4.3338,0.432880
96.3312,2.3220,4.2688,0.433159
95.2802,2.3405,4.1983,0.433456
94.3291,2.3574,4.1340,0.433723
93.3194,2.3756,4.0664,0.434007
92.3309,2.3935,4.0019,0.434286
91.3635,2.4110,3.9417,0.434559
90.5612,2.4254,3.8945,0.434780
89.6314,2.4412,3.8436,0.435045
88.7907,2.4545,3.8014,0.435281
87.8989,2.4683,3.7621,0.435533
87.0269,2.4815,3.7306,0.435778
86.2395,2.4928,3.7091,0.435999
85.4059,2.5044,3.6943,0.436233
84.5915,2.5160,3.6891,0.436462
83.7940,2.5277,3.6951,0.436686
83.0075,2.5394,3.7136,0.436907
82.2253,2.5507,3.7453,0.437127
81.3254,2.5621,3.7980,0.437381
80.6080,2.5704,3.8529,0.437583
79.8930,2.5787,3.9195,0.437787
79.1803,2.5868,3.9975,0.437989
78.4091,2.5947,4.0951,0.438210
77.6385,2.6021,4.2069,0.438431
76.8682,2.6097,4.3331,0.438654
76.1575,2.6170,4.4624,0.438860
75.4470,2.6237,4.6029,0.439067
74.6777,2.6299,4.7677,0.439293
73.9088,2.6359,4.9455,0.439520
73.1997,2.6411,5.1207,0.439731
72.4911,2.6457,5.3063,0.439941
71.7242,2.6500,5.5193,0.440171
71.0172,2.6540,5.7271,0.440385
70.3110,2.6579,5.9455,0.440599
69.6061,2.6621,6.1745,0.440814
68.8454,2.6667,6.4342,0.441048
68.1482,2.6707,6.6841,0.441262
67.3989,2.6746,6.9666,0.441494
66.6565,2.6784,7.2617,0.441724
66.0347,2.6817,7.5215,0.441919
65.3642,2.6854,7.8152,0.442130
64.7031,2.6891,8.1194,0.442340
63.9982,2.6930,8.4607,0.442566
63.3054,2.6967,8.8145,0.442789
62.6768,2.7000,9.1522,0.442995
62.0589,2.7027,9.5006,0.443198
61.4019,2.7052,9.8900,0.443418
60.8565,2.7071,10.2294,0.443602
60.1766,2.7093,10.6742,0.443835
59.6068,2.7108,11.0667,0.444033
59.0035,2.7119,11.5034,0.444247
58.4598,2.7125,11.9172,0.444443
57.9731,2.7130,12.3053,0.444620
57.4126,2.7135,12.7746,0.444828
56.9510,2.7138,13.1804,0.445003
56.4204,2.7137,13.6698,0.445209
55.9451,2.7133,14.1306,0.445396
55.4842,2.7127,14.5997,0.445583
55.0012,2.7119,15.1171,0.445783
54.5349,2.7109,15.6433,0.445980
54.1191,2.7092,16.1363,0.446163
53.6849,2.7067,16.6777,0.446358
53.2996,2.7042,17.1843,0.446537
52.9292,2.7017,17.6968,0.446714
52.5733,2.6986,18.2148,0.446889
52.2316,2.6942,18.7375,0.447064
51.8780,2.6880,19.3091,0.447252
51.5679,2.6826,19.8416,0.447424
51.2496,2.6772,20.4234,0.447610
50.9720,2.6723,20.9644,0.447779
50.6681,2.6671,21.6002,0.447976
50.3866,2.6632,22.2413,0.448172
50.1445,2.6598,22.8410,0.448352
49.9385,2.6577,23.3983,0.448518
49.7056,2.6582,24.1002,0.448725
49.5375,2.6602,24.6651,0.448889
49.3492,2.6631,25.3746,0.449093
49.2061,2.6663,25.9921,0.449270
49.0907,2.6701,26.5639,0.449433
48.9835,2.6747,27.1845,0.449610
48.8886,2.6800,27.8537,0.449799
48.8244,2.6848,28.4280,0.449962
48.7690,2.6907,29.0995,0.450150
48.7381,2.6957,29.6762,0.450312
48.7222,2.7015,30.3015,0.450488
48.7250,2.7090,30.9265,0.450664
48.7449,2.7178,31.5503,0.450839
48.7809,2.7261,32.1725,0.451015
48.8269,2.7310,32.7452,0.451178
48.8903,2.7323,33.3643,0.451354
48.9687,2.7323,33.9795,0.451529
49.0638,2.7328,34.5892,0.451705
49.1771,2.7360,35.1921,0.451879
49.2972,2.7397,35.7423,0.452039
49.4428,2.7421,36.3316,0.452211
49.6174,2.7421,36.9581,0.452396
49.7994,2.7443,37.5308,0.452567
49.9858,2.7490,38.0502,0.452725
50.2081,2.7586,38.6012,0.452895
50.4310,2.7710,39.0988,0.453051
50.7103,2.7869,39.6665,0.453231
50.9870,2.8023,40.1807,0.453399
51.2798,2.8180,40.6825,0.453565
51.5639,2.8323,41.1346,0.453719
51.8862,2.8476,41.6118,0.453884
52.1974,2.8627,42.0401,0.454036
52.5481,2.8802,42.4910,0.454200
52.9398,2.8989,42.9617,0.454376
53.2863,2.9141,43.3529,0.454526
53.6726,2.9299,43.7641,0.454689
54.1010,2.9448,44.1934,0.454864
54.5107,2.9563,44.5797,0.455026
54.9321,2.9669,44.9528,0.455189
55.3653,2.9780,45.3119,0.455351
55.8096,2.9898,45.6575,0.455514
56.2282,2.9993,45.9664,0.455663
56.6906,3.0074,46.2911,0.455827
57.1621,3.0144,46.6054,0.455992
57.6423,3.0221,46.9097,0.456157
58.1305,3.0306,47.2056,0.456321
58.5869,3.0380,47.4737,0.456476
59.0871,3.0445,47.7607,0.456642
59.6321,3.0505,48.0672,0.456822
60.1831,3.0565,48.3721,0.457003
60.6599,3.0623,48.6333,0.457159
61.1806,3.0689,48.9173,0.457329
61.6650,3.0748,49.1813,0.457487
62.1938,3.0808,49.4701,0.457658
62.6852,3.0864,49.7400,0.457816
63.2210,3.0924,50.0367,0.457990
63.7601,3.0988,50.3384,0.458164
64.2605,3.1053,50.6216,0.458327
64.8054,3.1134,50.9342,0.458503
65.3109,3.1215,51.2283,0.458668
65.8185,3.1296,51.5284,0.458831
66.3281,3.1375,51.8348,0.458998
66.8821,3.1464,52.1749,0.459179
67.3945,3.1560,52.4968,0.459348
67.9505,3.1680,52.8546,0.459531
68.4647,3.1794,53.1933,0.459701
68.9798,3.1905,53.5402,0.459874
69.5391,3.2021,53.9254,0.460062
70.1425,3.2162,54.3512,0.460267
70.7035,3.2318,54.7566,0.460458
71.2656,3.2490,55.1712,0.460651
71.8289,3.2661,55.5951,0.460847
72.3497,3.2819,55.9953,0.461030
72.8706,3.2991,56.4047,0.461213
73.4345,3.3198,56.8583,0.461415
74.0408,3.3428,57.3576,0.461633
74.6017,3.3635,57.8303,0.461838
75.1590,3.3835,58.3110,0.462042
75.6270,3.4005,58.7242,0.462216
76.1756,3.4215,59.2202,0.462423
76.6777,3.4412,59.6852,0.462614
77.1758,3.4608,60.1569,0.462806
77.6694,3.4803,60.6356,0.462998
78.1986,3.5018,61.1622,0.463207
78.7215,3.5240,61.6974,0.463416
79.1991,3.5448,62.1990,0.463610
79.6722,3.5654,62.7082,0.463806
80.1798,3.5876,63.2685,0.464018
80.6825,3.6098,63.8380,0.464233
81.1799,3.6320,64.4166,0.464447
81.6720,3.6546,65.0043,0.464663
82.1588,3.6769,65.6010,0.464881
82.6034,3.6967,66.1597,0.465082
83.0798,3.7175,66.7738,0.465303
83.5505,3.7379,67.3971,0.465523
83.9795,3.7566,67.9810,0.465730
84.4734,3.7781,68.6723,0.465970
84.8914,3.7955,69.2734,0.466181
85.3386,3.8132,69.9337,0.466405
85.7794,3.8302,70.6037,0.466634
86.1802,3.8457,71.2307,0.466847
86.6081,3.8623,71.9191,0.467078
87.0292,3.8791,72.6168,0.467311
87.4118,3.8951,73.2695,0.467527
87.7887,3.9115,73.9306,0.467743
88.1294,3.9264,74.5440,0.467942
88.5259,3.9447,75.2780,0.468181
88.9158,3.9640,76.0211,0.468421
89.2700,3.9817,76.7152,0.468643
89.6190,3.9982,77.4170,0.468867
89.9913,4.0142,78.1863,0.469108
90.3569,4.0293,78.9649,0.469352
90.6878,4.0432,79.6917,0.469581
91.0393,4.0574,80.4877,0.469828
91.3578,4.0690,81.2306,0.470058
91.6707,4.0783,81.9815,0.470288
92.0026,4.0871,82.8038,0.470539
92.3017,4.0952,83.5708,0.470772
92.5941,4.1020,84.3448,0.471005
92.9036,4.1078,85.1920,0.471263
93.2051,4.1116,86.0486,0.471519
93.4764,4.1133,86.8476,0.471759
93.7617,4.1147,87.7217,0.472020
94.0384,4.1154,88.6039,0.472281
94.2869,4.1141,89.4254,0.472523
94.5282,4.1118,90.2548,0.472767
94.7617,4.1092,91.0919,0.473014
94.9876,4.1059,91.9365,0.473263
95.2239,4.1019,92.8597,0.473533
95.4174,4.0983,93.6472,0.473762
95.6394,4.0928,94.5850,0.474035
95.8544,4.0862,95.5314,0.474310
96.0464,4.0799,96.4130,0.474566
96.2326,4.0737,97.3026,0.474823
96.4284,4.0663,98.2756,0.475107
96.6183,4.0584,99.2583,0.475389
96.7888,4.0505,100.1738,0.475652
96.9274,4.0432,100.9431,0.475877
97.0761,4.0346,101.7965,0.476124
97.2335,4.0253,102.7361,0.476395
97.4106,4.0143,103.8434,0.476715
97.5570,4.0044,104.8019,0.476992
97.7215,3.9921,105.9311,0.477317
97.8683,3.9799,106.9897,0.477624
97.9987,3.9680,107.9759,0.477911
98.1445,3.9538,109.1375,0.478247
98.2739,3.9401,110.2266,0.478561
98.3888,3.9263,111.2408,0.478855
98.5086,3.9103,112.3487,0.479171
98.6239,3.8930,113.4660,0.479492
98.7349,3.8746,114.5931,0.479819
98.8334,3.8572,115.6426,0.480120
98.9359,3.8368,116.7892,0.480452
99.0269,3.8171,117.8561,0.480760
99.1219,3.7943,119.0205,0.481092
99.2068,3.7719,120.1037,0.481404
99.2955,3.7469,121.2871,0.481739
99.3741,3.7237,122.3883,0.482055
99.4561,3.6986,123.5906,0.482400
99.5292,3.6750,124.7086,0.482720
99.6059,3.6490,125.9289,0.483068
99.6746,3.6251,127.0639,0.483390
99.7466,3.6001,128.3026,0.483742
99.8110,3.5778,129.4545,0.484068
99.8738,3.5562,130.6144,0.484398
99.9406,3.5332,131.8797,0.484755
100.0068,3.5098,133.1539,0.485115
100.0728,3.4873,134.4371,0.485478
100.1391,3.4664,135.7292,0.485841
100.2062,3.4473,137.0307,0.486207
100.2691,3.4313,138.2400,0.486545
100.3385,3.4145,139.5583,0.486915
100.4095,3.3973,140.8848,0.487288
100.4823,3.3801,142.2199,0.487660
100.5515,3.3645,143.4599,0.488008
100.6286,3.3485,144.8117,0.488386
100.7021,3.3343,146.0668,0.488737
100.7841,3.3188,147.4343,0.489120
100.8621,3.3032,148.7038,0.489475
100.9424,3.2859,149.9802,0.489833
101.0322,3.2654,151.3704,0.490224
101.1178,3.2452,152.6606,0.490585
101.2214,3.2212,154.1747,0.491010
101.3136,3.2011,155.4799,0.491376
101.4090,3.1812,156.7918,0.491743
101.5155,3.1573,158.2204,0.492145
101.6254,3.1308,159.6564,0.492549
101.7384,3.1011,161.0991,0.492955
101.8549,3.0697,162.5496,0.493364
101.9661,3.0409,163.8955,0.493743
102.0905,3.0107,165.3607,0.494156
102.2186,2.9812,166.8331,0.494570
102.3605,2.9494,168.4266,0.495020
102.4849,2.9202,169.7990,0.495407
102.6224,2.8860,171.2925,0.495826
102.7516,2.8517,172.6767,0.496216
102.8943,2.8126,174.1828,0.496643
103.0286,2.7764,175.5794,0.497037
103.1654,2.7409,176.9819,0.497433
103.3043,2.7060,178.3878,0.497830
103.4565,2.6683,179.9101,0.498259
103.5988,2.6334,181.3195,0.498658
103.7430,2.5986,182.7342,0.499057
103.9014,2.5608,184.2734,0.499491
104.0619,2.5226,185.8194,0.499928
104.2119,2.4863,187.2525,0.500333
104.3636,2.4487,188.6913,0.500739
104.5171,2.4101,190.1357,0.501147
104.6854,2.3676,191.7071,0.501588
104.8560,2.3252,193.2854,0.502036
105.0021,2.2895,194.6262,0.502415
105.1767,2.2475,196.2170,0.502865
105.3399,2.2085,197.6914,0.503282
105.5050,2.1694,199.1715,0.503700
105.6859,2.1267,200.7814,0.504155
105.8689,2.0838,202.3979,0.504611
106.0394,2.0442,203.8961,0.505035
106.2255,2.0011,205.5256,0.505495
106.4126,1.9578,207.1618,0.505958
106.5858,1.9178,208.6782,0.506386
106.7593,1.8777,210.2003,0.506817
106.9184,1.8408,211.6006,0.507212
107.1061,1.7970,213.2618,0.507682
107.2789,1.7564,214.8012,0.508117
107.4509,1.7157,216.3464,0.508554
107.6219,1.6748,217.8974,0.508992
107.8056,1.6303,219.5841,0.509469
107.9734,1.5891,221.1471,0.509908
108.1393,1.5477,222.7158,0.510352
108.3029,1.5062,224.2903,0.510798
108.4642,1.4646,225.8705,0.511244
108.6226,1.4233,227.4565,0.511692
108.7779,1.3829,229.0482,0.512141
108.9298,1.3436,230.6458,0.512592
109.0905,1.3020,232.3829,0.513082
109.2470,1.2602,234.1266,0.513573
109.3992,1.2177,235.8768,0.514067
109.5357,1.1779,237.4981,0.514524
109.6681,1.1378,239.1250,0.514982
109.8065,1.0943,240.8938,0.515481
109.9396,1.0507,242.6690,0.515980
110.0577,1.0104,244.3133,0.516443
110.1708,0.9707,245.9631,0.516908
110.2876,0.9299,247.7563,0.517412
110.3814,0.8978,249.2789,0.517840
110.4947,0.8591,251.2231,0.518387
110.5868,0.8261,252.8951,0.518858
110.6887,0.7864,254.8520,0.519408
110.7645,0.7543,256.3943,0.519841
110.8490,0.7157,258.2226,0.520355
110.9276,0.6769,260.0567,0.520868
111.0001,0.6388,261.8965,0.521387
111.0710,0.5999,263.8842,0.521946
111.1257,0.5689,265.5933,0.522426
111.1752,0.5392,267.3070,0.522908
111.2230,0.5068,269.1689,0.523431
111.2650,0.4734,271.0357,0.523955
111.2981,0.4417,272.7596,0.524439
111.3255,0.4095,274.4834,0.524923
111.3481,0.3751,276.3548,0.525449
111.3628,0.3419,278.2309,0.525976
111.3693,0.3125,279.9673,0.526463
111.3690,0.2836,281.7081,0.526952
111.3621,0.2545,283.4530,0.527442
111.3473,0.2225,285.3481,0.527974
111.3247,0.1900,287.2480,0.528508
111.2969,0.1597,289.0061,0.529002
111.2589,0.1264,290.9155,0.529538
111.2129,0.0924,292.8296,0.530075
111.1588,0.0576,294.7485,0.530615
111.0961,0.0224,296.6721,0.531155
111.0304,-0.0100,298.4518,0.531656
110.9507,-0.0448,300.3844,0.532198
110.8621,-0.0801,302.3215,0.532743
110.7652,-0.1169,304.2631,0.533289
110.6515,-0.1590,306.3589,0.533879
110.5460,-0.1962,308.1593,0.534386
110.4323,-0.2335,309.9636,0.534893
110.2999,-0.2733,311.9223,0.535445
110.1467,-0.3162,314.0364,0.536041
109.9953,-0.3570,316.0038,0.536595
109.8480,-0.3958,317.8235,0.537108
109.6800,-0.4382,319.7990,0.537665
109.5033,-0.4804,321.7786,0.538223
109.3180,-0.5221,323.7622,0.538783
109.1395,-0.5603,325.5969,0.539301
108.9385,-0.6018,327.5883,0.539861
108.7460,-0.6401,329.4302,0.540384
108.4959,-0.6873,331.7372,0.541036
108.2706,-0.7265,333.7410,0.541603
108.0371,-0.7642,335.7487,0.542171
107.8146,-0.7985,337.6053,0.542696
107.5658,-0.8356,339.6201,0.543265
107.3083,-0.8718,341.6385,0.543837
107.0414,-0.9061,343.6605,0.544410
106.7649,-0.9395,345.6858,0.544984
106.5009,-0.9701,347.5580,0.545514
106.2046,-1.0026,349.5891,0.546090
105.9212,-1.0314,351.4665,0.546623
105.6279,-1.0595,353.3462,0.547158
105.2989,-1.0895,355.3848,0.547738
104.9844,-1.1167,357.2687,0.548273
104.6319,-1.1451,359.3108,0.548855
104.2674,-1.1732,361.3525,0.549437
103.9210,-1.1993,363.2347,0.549974
103.5658,-1.2253,365.1131,0.550511
103.2022,-1.2510,366.9869,0.551046
102.7686,-1.2805,369.1643,0.551669
102.3905,-1.3053,371.0197,0.552201
101.9429,-1.3338,373.1685,0.552817
101.5220,-1.3595,375.1472,0.553385
101.1292,-1.3823,376.9587,0.553904
100.6998,-1.4066,378.9041,0.554464
100.2667,-1.4308,380.8304,0.555019
99.7971,-1.4569,382.8824,0.555609
99.3582,-1.4810,384.7659,0.556152
98.9508,-1.5028,386.4854,0.556648
98.5070,-1.5257,388.3270,0.557180
98.0608,-1.5477,390.1464,0.557705
97.6127,-1.5692,391.9434,0.558225
97.1632,-1.5906,393.7176,0.558739
96.7129,-1.6119,395.4691,0.559249
96.2621,-1.6332,397.1978,0.559748
95.8112,-1.6544,398.9038,0.560243
95.3606,-1.6752,400.5873,0.560732
94.9109,-1.6958,402.2483,0.561215
94.4629,-1.7160,403.8869,0.561692
94.0514,-1.7344,405.3799,0.562127
93.6088,-1.7541,406.9762,0.562595
93.2035,-1.7721,408.4307,0.563016
92.7687,-1.7914,409.9859,0.563468
92.3716,-1.8090,411.4027,0.563882
91.9792,-1.8264,412.8015,0.564290
91.5918,-1.8436,414.1827,0.564692
91.1457,-1.8633,415.7740,0.565159
90.7069,-1.8831,417.3419,0.565614
90.3675,-1.8989,418.5566,0.565967
89.9730,-1.9176,419.9720,0.566380
89.6151,-1.9348,421.2591,0.566755
89.2634,-1.9517,422.5277,0.567125
88.8895,-1.9696,423.8813,0.567519
88.5507,-1.9858,425.1117,0.567877
88.1907,-2.0030,426.4240,0.568258
87.8647,-2.0186,427.6161,0.568606
87.5186,-2.0353,428.8867,0.568976
87.1792,-2.0525,430.1364,0.569341
86.8462,-2.0700,431.3667,0.569696
86.5193,-2.0878,432.5779,0.570048
86.2236,-2.1045,433.6766,0.570368
85.9337,-2.1211,434.7563,0.570682
85.6497,-2.1372,435.8172,0.570992
85.3485,-2.1541,436.9454,0.571318
85.0765,-2.1694,437.9676,0.571615
84.8102,-2.1845,438.9715,0.571908
84.5279,-2.2010,440.0387,0.572217
84.2520,-2.2177,441.0849,0.572521
84.0028,-2.2331,442.0318,0.572796
83.7587,-2.2483,442.9603,0.573067
83.5002,-2.2647,443.9458,0.573353
83.2668,-2.2795,444.8368,0.573611
83.0578,-2.2930,445.6378,0.573842
82.8357,-2.3075,446.4958,0.574093
82.6203,-2.3216,447.3366,0.574335
82.4126,-2.3356,448.1618,0.574575
82.1974,-2.3506,449.0421,0.574830
82.0236,-2.3635,449.7799,0.575043
81.8429,-2.3774,450.5823,0.575274
81.6720,-2.3914,451.3852,0.575504
81.5117,-2.4055,452.1890,0.575734
81.3624,-2.4197,452.9937,0.575963
81.2359,-2.4330,453.7321,0.576171
81.0999,-2.4489,454.6058,0.576417
80.9962,-2.4626,455.3469,0.576626
80.8876,-2.4787,456.2260,0.576873
80.8077,-2.4921,456.9730,0.577083
80.7330,-2.5068,457.7912,0.577312
80.6713,-2.5215,458.6131,0.577542
80.6264,-2.5348,459.3696,0.577753
80.5894,-2.5495,460.1982,0.577985
80.5647,-2.5647,461.0301,0.578219
80.5524,-2.5805,461.8656,0.578457
80.5520,-2.5951,462.6343,0.578674
80.5632,-2.6116,463.4759,0.578919
80.5868,-2.6286,464.3206,0.579163
80.6266,-2.6474,465.2393,0.579432
80.6719,-2.6634,466.0188,0.579662
80.7336,-2.6812,466.8692,0.579912
80.8080,-2.6994,467.7172,0.580164
80.9037,-2.7194,468.6323,0.580434
80.9968,-2.7367,469.4024,0.580664
81.1214,-2.7575,470.3057,0.580933
81.2507,-2.7768,471.1317,0.581179
81.3814,-2.7948,471.8817,0.581402
81.5510,-2.8164,472.7589,0.581665
81.7227,-2.8365,473.5591,0.581903
81.9258,-2.8577,474.4150,0.582158
82.1287,-2.8771,475.1945,0.582389
82.3462,-2.8965,475.9634,0.582619
82.5782,-2.9156,476.7212,0.582847
82.8251,-2.9339,477.4669,0.583072
83.0868,-2.9511,478.2002,0.583292
83.3626,-2.9678,478.9210,0.583510
83.6271,-2.9832,479.5706,0.583708
83.9546,-3.0005,480.3237,0.583938
84.2446,-3.0136,480.9477,0.584131
84.6018,-3.0279,481.6696,0.584356
84.9150,-3.0398,482.2676,0.584543
85.2380,-3.0516,482.8535,0.584728
85.6018,-3.0639,483.4783,0.584929
85.9772,-3.0754,484.0877,0.585125
86.3639,-3.0859,484.6812,0.585319
86.7612,-3.0958,485.2589,0.585510
87.1683,-3.1060,485.8213,0.585699
87.5848,-3.1161,486.3678,0.585884
88.0110,-3.1253,486.8977,0.586066
88.4464,-3.1338,487.4107,0.586249
88.8907,-3.1412,487.9066,0.586427
89.3433,-3.1477,488.3850,0.586603
89.8037,-3.1544,488.8470,0.586777
90.2711,-3.1614,489.2927,0.586949
90.7462,-3.1676,489.7211,0.587118
91.1480,-3.1720,490.0648,0.587257
91.7202,-3.1761,490.5248,0.587450
92.2200,-3.1776,490.9001,0.587616
92.7281,-3.1788,491.2594,0.587778
93.2440,-3.1807,491.6035,0.587945
93.7237,-3.1825,491.9050,0.588093
94.2547,-3.1826,492.2169,0.588255
94.7481,-3.1789,492.4856,0.588405
95.3382,-3.1703,492.7825,0.588573
95.8427,-3.1615,493.0179,0.588720
96.3512,-3.1535,493.2402,0.588868
96.9104,-3.1460,493.4673,0.589024
97.4275,-3.1374,493.6591,0.589168
98.0436,-3.1218,493.8633,0.589337
98.5684,-3.1049,494.0185,0.589478
99.1442,-3.0856,494.1721,0.589638
99.6749,-3.0695,494.3001,0.589782
100.2574,-3.0540,494.4258,0.589937
100.8432,-3.0380,494.5345,0.590094
101.3822,-3.0211,494.6178,0.590239
101.9220,-3.0020,494.6860,0.590381
102.5119,-2.9804,494.7445,0.590535
103.0534,-2.9618,494.7854,0.590679
103.6456,-2.9439,494.8166,0.590835
104.2396,-2.9265,494.8313,0.590992
104.7844,-2.9090,494.8291,0.591138
105.3285,-2.8898,494.8121,0.591282
105.9705,-2.8660,494.7743,0.591450
106.6115,-2.8436,494.7197,0.591622
107.1535,-2.8270,494.6610,0.591766
107.7445,-2.8101,494.5822,0.591928
108.3338,-2.7920,494.4863,0.592089
108.8721,-2.7743,494.3839,0.592233
109.5059,-2.7535,494.2469,0.592407
110.0887,-2.7358,494.1064,0.592567
110.6701,-2.7200,493.9524,0.592730
111.2976,-2.7036,493.7692,0.592906
111.8260,-2.6898,493.6011,0.593057
112.3997,-2.6752,493.4046,0.593222
112.9703,-2.6614,493.1953,0.593388
113.4907,-2.6489,492.9919,0.593539
114.1021,-2.6340,492.7375,0.593720
114.6631,-2.6205,492.4901,0.593889
115.1748,-2.6091,492.2530,0.594043
115.7761,-2.5961,491.9598,0.594228
116.3273,-2.5834,491.6768,0.594400
116.9205,-2.5688,491.3576,0.594587
117.4645,-2.5553,491.0517,0.594761
118.0056,-2.5423,490.7350,0.594938
118.6333,-2.5275,490.3517,0.595146
119.1681,-2.5148,490.0114,0.595325
119.6997,-2.5019,489.6602,0.595506
120.2285,-2.4886,489.2982,0.595689
120.8417,-2.4724,488.8629,0.595904
121.3643,-2.4583,488.4788,0.596091
121.8844,-2.4441,488.0845,0.596282
122.4448,-2.4287,487.6460,0.596485
122.9594,-2.4141,487.2306,0.596679
123.5142,-2.3976,486.7690,0.596888
124.0663,-2.3807,486.2958,0.597097
124.6162,-2.3634,485.8112,0.597311
125.1219,-2.3469,485.3541,0.597511
125.6679,-2.3287,484.8486,0.597729
126.2540,-2.3090,484.2924,0.597967
126.7548,-2.2917,483.8060,0.598170
127.2957,-2.2725,483.2693,0.598396
127.8351,-2.2531,482.7222,0.598620
128.3729,-2.2336,482.1651,0.598843
128.9092,-2.2135,481.5978,0.599074
129.4849,-2.1914,480.9756,0.599324
130.0179,-2.1706,480.3875,0.599554
130.5495,-2.1498,479.7894,0.599791
131.0391,-2.1307,479.2281,0.600005
131.5681,-2.1099,478.6100,0.600241
132.0954,-2.0890,477.9814,0.600480
132.6208,-2.0679,477.3422,0.600721
133.1035,-2.0483,476.7424,0.600946
133.6237,-2.0270,476.0818,0.601191
134.1404,-2.0055,475.4097,0.601436
134.6131,-1.9854,474.7792,0.601663
135.1193,-1.9637,474.0862,0.601912
135.6184,-1.9427,473.3835,0.602159
136.1094,-1.9224,472.6712,0.602411
136.5915,-1.9022,471.9494,0.602660
137.0281,-1.8838,471.2745,0.602893
137.4919,-1.8644,470.5339,0.603144
137.9454,-1.8452,469.7835,0.603394
138.3884,-1.8257,469.0231,0.603647
138.8211,-1.8060,468.2524,0.603902
139.2443,-1.7860,467.4711,0.604156
139.6585,-1.7659,466.6787,0.604413
140.0643,-1.7458,465.8755,0.604669
140.4622,-1.7262,465.0615,0.604928
140.8527,-1.7076,464.2366,0.605193
141.2357,-1.6892,463.4009,0.605452
141.6403,-1.6698,462.4890,0.605736
141.9810,-1.6538,461.6976,0.605982
142.3439,-1.6366,460.8296,0.606249
142.6731,-1.6206,460.0182,0.606496
143.0506,-1.6014,459.0593,0.606787
143.3954,-1.5833,458.1571,0.607060
143.7351,-1.5652,457.2437,0.607337
144.0700,-1.5471,456.3192,0.607614
144.3751,-1.5304,455.4562,0.607872
144.7018,-1.5123,454.5110,0.608153
145.0245,-1.4941,453.5551,0.608436
145.3438,-1.4756,452.5886,0.608723
145.6600,-1.4569,451.6119,0.609015
145.9734,-1.4383,450.6250,0.609306
146.3080,-1.4184,449.5510,0.609622
146.6162,-1.3999,448.5433,0.609919
146.9220,-1.3816,447.5257,0.610217
147.2253,-1.3632,446.4982,0.610517
147.5262,-1.3446,445.4607,0.610822
147.8247,-1.3258,444.4132,0.611128
148.0980,-1.3082,443.4377,0.611412
148.3918,-1.2891,442.3714,0.611724
148.6832,-1.2700,441.2953,0.612037
148.9499,-1.2522,440.2932,0.612326
149.2582,-1.2312,439.1136,0.612669
149.5198,-1.2131,438.0934,0.612967
149.8006,-1.1932,436.9787,0.613289
150.0784,-1.1731,435.8542,0.613615
150.3534,-1.1529,434.7199,0.613943
150.6045,-1.1341,433.6642,0.614247
150.8532,-1.1154,432.6002,0.614554
151.1402,-1.0935,431.3483,0.614914
151.4037,-1.0732,430.1758,0.615252
151.6642,-1.0527,428.9936,0.615594
151.9216,-1.0323,427.8018,0.615937
152.1758,-1.0113,426.6004,0.616282
152.4076,-0.9920,425.4830,0.616602
152.6746,-0.9693,424.1691,0.616980
152.9191,-0.9480,422.9391,0.617332
153.1418,-0.9282,421.7954,0.617658
153.3798,-0.9065,420.5475,0.618016
153.5787,-0.8880,419.4843,0.618318
153.8287,-0.8641,418.1216,0.618708
154.0755,-0.8399,416.7484,0.619101
154.3020,-0.8172,415.4640,0.619469
154.5260,-0.7942,414.1707,0.619836
154.7479,-0.7709,412.8686,0.620208
154.9677,-0.7474,411.5577,0.620581
155.1854,-0.7236,410.2383,0.620957
155.4176,-0.6977,408.8078,0.621364
155.6311,-0.6735,407.4706,0.621745
155.8425,-0.6489,406.1250,0.622129
156.0518,-0.6241,404.7710,0.622512
156.2273,-0.6029,403.6189,0.622840
156.4328,-0.5776,402.2496,0.623230
156.6517,-0.5498,400.7659,0.623651
156.8525,-0.5233,399.3798,0.624045
157.0509,-0.4957,397.9855,0.624442
157.2470,-0.4675,396.5832,0.624840
157.4406,-0.4389,395.1729,0.625239
157.6316,-0.4103,393.7549,0.625642
157.8340,-0.3795,392.2190,0.626076
158.0187,-0.3504,390.7848,0.626483
158.2001,-0.3203,389.3427,0.626891
158.3779,-0.2893,387.8930,0.627302
158.5389,-0.2598,386.5482,0.627682
158.7228,-0.2250,384.9713,0.628128
158.8768,-0.1950,383.6130,0.628511
159.0272,-0.1646,382.2485,0.628895
159.1856,-0.1310,380.7634,0.629316
159.3387,-0.0963,379.2710,0.629737
159.4977,-0.0582,377.6560,0.630191
159.6393,-0.0224,376.1492,0.630616
159.7748,0.0135,374.6357,0.631042
159.8935,0.0468,373.2354,0.631436
160.0141,0.0830,371.7188,0.631861
160.1265,0.1196,370.1973,0.632290
160.2303,0.1570,368.6693,0.632718
160.3250,0.1949,367.1346,0.633148
160.4100,0.2330,365.5934,0.633581
160.4797,0.2687,364.1649,0.633981
160.5500,0.3113,362.4914,0.634450
160.6006,0.3487,361.0510,0.634851
160.6486,0.3938,359.3638,0.635326
160.6828,0.4369,357.7905,0.635766
160.7059,0.4779,356.3327,0.636173
160.7228,0.5273,354.6253,0.636650
160.7295,0.5744,353.0336,0.637094
160.7279,0.6231,351.4358,0.637543
160.7171,0.6780,349.7086,0.638028
160.6993,0.7314,348.0985,0.638476
160.6765,0.7830,346.6070,0.638892
160.6455,0.8409,344.9858,0.639348
160.6054,0.9049,343.2334,0.639841
160.5623,0.9650,341.6001,0.640299
160.5139,1.0242,339.9610,0.640759
160.4647,1.0776,338.4431,0.641186
160.4020,1.1375,336.6660,0.641686
160.3437,1.1862,335.1371,0.642115
160.2757,1.2360,333.4758,0.642583
160.2025,1.2836,331.8088,0.643051
160.1303,1.3252,330.2645,0.643485
160.0473,1.3679,328.5862,0.643957
159.9666,1.4047,327.0324,0.644394
159.8818,1.4402,325.4736,0.644832
159.7777,1.4812,323.6486,0.645348
159.6764,1.5186,321.9482,0.645825
159.5712,1.5549,320.2425,0.646304
159.4621,1.5909,318.5311,0.646785
159.3494,1.6272,316.8141,0.647267
159.2333,1.6644,315.0916,0.647752
159.1138,1.7020,313.3635,0.648239
159.0006,1.7369,311.7636,0.648688
158.8751,1.7749,310.0252,0.649176
158.7464,1.8144,308.2815,0.649665
158.6145,1.8560,306.5323,0.650158
158.4899,1.8959,304.9131,0.650612
158.3415,1.9427,303.0185,0.651143
158.2008,1.9870,301.2539,0.651642
158.0572,2.0328,299.4839,0.652140
157.9107,2.0809,297.7086,0.652640
157.7615,2.1303,295.9284,0.653140
157.6098,2.1797,294.1432,0.653643
157.4556,2.2293,292.3530,0.654146
157.3111,2.2758,290.6961,0.654613
157.1521,2.3270,288.8961,0.655120
156.9781,2.3827,286.9522,0.655669
156.8142,2.4343,285.1421,0.656179
156.6479,2.4860,283.3279,0.656688
156.4796,2.5380,281.5121,0.657203
156.3228,2.5861,279.8392,0.657673
156.1521,2.6380,278.0363,0.658182
155.9806,2.6895,276.2452,0.658685
155.7959,2.7445,274.3314,0.659225
155.6250,2.7949,272.5695,0.659725
155.4556,2.8447,270.8238,0.660216
155.3014,2.8901,269.2281,0.660666
155.1376,2.9389,267.5172,0.661150
154.9657,2.9908,265.6964,0.661663
154.8228,3.0347,264.1536,0.662101
154.6731,3.0814,262.5014,0.662566
154.5293,3.1274,260.8693,0.663026
154.4019,3.1693,259.3807,0.663446
154.2601,3.2177,257.6658,0.663931
154.1256,3.2656,255.9747,0.664408
154.0162,3.3062,254.5438,0.664811
153.9121,3.3463,253.1304,0.665207
153.8049,3.3892,251.6188,0.665637
153.7034,3.4313,250.1276,0.666057
153.6074,3.4728,248.6568,0.666472
153.5098,3.5167,247.0957,0.666913
153.4242,3.5569,245.6672,0.667315
153.3433,3.5965,244.2589,0.667711
153.2727,3.6325,242.9768,0.668073
153.1952,3.6737,241.5025,0.668488
153.1280,3.7114,240.1543,0.668867
153.0609,3.7513,238.7223,0.669271
153.0079,3.7848,237.5124,0.669612
152.9515,3.8229,236.1219,0.670005
152.9081,3.8548,234.9490,0.670333
152.8695,3.8861,233.7935,0.670659
152.8339,3.9195,232.5613,0.671006
152.8049,3.9520,231.3491,0.671348
152.7834,3.9836,230.1566,0.671685
152.7708,4.0119,229.0733,0.671989
152.7661,4.0416,227.9185,0.672315
152.7714,4.0704,226.7832,0.672635
152.7858,4.0964,225.7524,0.672926
152.8119,4.1238,224.6537,0.673236
152.8497,4.1505,223.5731,0.673540
152.8959,4.1744,222.5909,0.673817
152.9590,4.1994,221.5419,0.674113
153.0373,4.2240,220.5066,0.674404
153.1245,4.2463,219.5616,0.674670
153.2259,4.2683,218.6265,0.674935
153.3523,4.2919,217.6249,0.675219
153.4843,4.3133,216.7110,0.675477
153.6442,4.3366,215.7330,0.675757
153.8074,4.3581,214.8416,0.676012
154.0009,4.3813,213.8887,0.676285
154.2115,4.4045,212.9496,0.676555
154.4211,4.4259,212.0953,0.676802
154.6645,4.4493,211.1833,0.677066
154.9258,4.4724,210.2841,0.677331
155.2060,4.4953,209.3956,0.677593
155.4817,4.5163,208.5847,0.677834
155.7737,4.5374,207.7831,0.678073
156.0558,4.5568,207.0562,0.678293
156.4069,4.5796,206.2059,0.678551
156.7479,4.6004,205.4289,0.678791
157.1052,4.6209,204.6591,0.679027
157.4786,4.6412,203.8962,0.679268
157.8348,4.6595,203.2029,0.679489
158.2730,4.6812,202.3908,0.679751
158.6580,4.6994,201.7094,0.679971
159.0925,4.7189,200.9716,0.680213
159.5419,4.7383,200.2393,0.680459
159.9664,4.7560,199.5729,0.680685
160.4428,4.7753,198.8511,0.680935
160.9328,4.7946,198.1346,0.681190
161.4359,4.8138,197.4231,0.681447
161.9521,4.8330,196.7165,0.681708
162.5258,4.8539,195.9568,0.681994
163.0229,4.8718,195.3188,0.682239
163.5771,4.8914,194.6278,0.682512
164.1439,4.9113,193.9424,0.682785
164.7231,4.9312,193.2625,0.683063
165.3149,4.9514,192.5885,0.683346
165.9193,4.9719,191.9207,0.683627
166.4843,4.9910,191.3141,0.683894
167.1121,5.0120,190.6594,0.684180
167.7506,5.0329,190.0138,0.684469
168.3980,5.0535,189.3798,0.684756
169.1088,5.0756,188.7072,0.685067
169.7179,5.0946,188.1508,0.685323
170.4462,5.1175,187.5093,0.685628
171.0692,5.1367,186.9802,0.685890
171.7557,5.1571,186.4178,0.686168
172.4493,5.1772,185.8712,0.686444
173.1501,5.1973,185.3409,0.686723
173.8577,5.2171,184.8274,0.686996
174.5721,5.2368,184.3311,0.687271
175.2927,5.2562,183.8521,0.687541
176.0192,5.2748,183.3902,0.687809
176.7511,5.2932,182.9462,0.688072
177.5495,5.3131,182.4857,0.688356
178.2911,5.3307,182.0791,0.688617
179.0371,5.3476,181.6903,0.688875
179.7878,5.3632,181.3182,0.689133
180.4802,5.3764,180.9920,0.689360
181.2399,5.3905,180.6534,0.689612
182.0035,5.4040,180.3326,0.689861
182.7704,5.4163,180.0289,0.690106
183.5405,5.4273,179.7425,0.690347
184.2491,5.4363,179.4950,0.690569
185.0247,5.4455,179.2423,0.690806
185.8026,5.4547,179.0084,0.691043
186.5821,5.4635,178.7925,0.691277
187.3629,5.4713,178.5942,0.691508
188.0794,5.4778,178.4281,0.691719
188.8617,5.4845,178.2645,0.691947
189.6441,5.4912,178.1194,0.692171
190.4258,5.4981,177.9928,0.692392
191.1411,5.5043,177.8926,0.692594
191.8545,5.5100,177.8073,0.692794
192.6302,5.5166,177.7319,0.693010
193.4031,5.5235,177.6749,0.693224
194.1088,5.5298,177.6382,0.693418
194.8755,5.5366,177.6153,0.693628
195.5752,5.5433,177.6103,0.693819
196.3348,5.5516,177.6227,0.694026
196.9647,5.5592,177.6471,0.694197
197.6543,5.5678,177.6882,0.694384
198.4647,5.5775,177.7553,0.694604
199.1462,5.5861,177.8286,0.694787
199.8233,5.5954,177.9171,0.694972
200.6784,5.6077,178.0509,0.695206
201.3447,5.6174,178.1722,0.695387
202.0058,5.6268,178.3075,0.695571
202.7209,5.6368,178.4711,0.695767
203.3705,5.6456,178.6354,0.695947
204.0143,5.6539,178.8131,0.696127
204.7094,5.6625,179.0224,0.696320
205.3964,5.6713,179.2481,0.696513
205.9624,5.6785,179.4482,0.696674
206.6895,5.6870,179.7241,0.696882
207.2969,5.6931,179.9709,0.697056
207.8968,5.6981,180.2299,0.697231
208.5421,5.7032,180.5268,0.697418
209.1770,5.7085,180.8389,0.697608
209.7499,5.7130,181.1373,0.697778
210.3654,5.7163,181.4755,0.697966
210.9710,5.7176,181.8264,0.698149
211.5656,5.7181,182.1907,0.698333
212.1481,5.7187,182.5688,0.698515
212.7187,5.7191,182.9600,0.698696
213.2775,5.7184,183.3633,0.698876
213.8696,5.7160,183.8135,0.699071
214.4472,5.7126,184.2779,0.699264
215.0098,5.7094,184.7574,0.699457
215.5163,5.7066,185.2135,0.699635
216.0518,5.7031,185.7215,0.699828
216.5342,5.6991,186.2031,0.700008
216.9660,5.6950,186.6551,0.700171
217.4258,5.6904,187.1596,0.700350
217.8737,5.6857,187.6758,0.700530
218.3458,5.6805,188.2478,0.700727
218.7696,5.6754,188.7872,0.700905
219.2160,5.6696,189.3837,0.701102
219.5835,5.6646,189.8980,0.701271
220.0057,5.6586,190.5171,0.701468
220.3839,5.6531,191.0991,0.701654
220.7512,5.6474,191.6909,0.701840
221.1074,5.6416,192.2923,0.702027
221.4809,5.6353,192.9546,0.702230
221.8416,5.6290,193.6277,0.702436
222.1633,5.6230,194.2586,0.702627
222.4993,5.6167,194.9524,0.702836
222.7981,5.6109,195.6020,0.703031
223.0862,5.6047,196.2604,0.703227
223.3860,5.5980,196.9835,0.703440
223.6513,5.5918,197.6599,0.703637
223.9678,5.5843,198.5172,0.703888
224.2092,5.5781,199.2123,0.704088
224.4592,5.5711,199.9744,0.704306
224.6976,5.5640,200.7461,0.704528
224.9250,5.5566,201.5277,0.704750
225.1419,5.5492,202.3193,0.704975
225.3489,5.5418,203.1211,0.705203
225.5615,5.5334,203.9958,0.705450
225.7355,5.5259,204.7549,0.705665
225.9156,5.5175,205.5869,0.705899
226.0875,5.5089,206.4286,0.706136
226.2266,5.5013,207.1485,0.706340
226.4074,5.4909,208.1412,0.706622
226.5562,5.4815,209.0117,0.706863
226.6981,5.4716,209.8917,0.707115
226.8234,5.4622,210.7122,0.707346
226.9630,5.4510,211.6795,0.707618
227.0866,5.4401,212.5876,0.707877
227.1955,5.4298,213.4349,0.708119
227.3161,5.4177,214.4342,0.708402
227.4218,5.4062,215.3725,0.708670
227.5142,5.3951,216.2473,0.708919
227.5873,5.3856,216.9827,0.709131
227.6705,5.3737,217.8729,0.709387
227.7489,5.3614,218.7713,0.709647
227.8344,5.3465,219.8300,0.709952
227.9025,5.3335,220.7466,0.710218
227.9711,5.3192,221.7490,0.710509
228.0347,5.3049,222.7611,0.710801
228.0939,5.2903,223.7827,0.711100
228.1491,5.2753,224.8140,0.711402
228.1967,5.2612,225.7744,0.711681
228.2483,5.2444,226.9052,0.712012
228.2927,5.2286,227.9650,0.712323
228.3306,5.2138,228.9518,0.712612
228.3683,5.1975,230.0299,0.712928
228.4026,5.1810,231.1174,0.713241
228.4334,5.1644,232.2144,0.713561
228.4587,5.1490,233.2353,0.713856
228.4826,5.1323,234.3504,0.714178
228.5029,5.1157,235.4750,0.714505
228.5195,5.0991,236.6089,0.714831
228.5323,5.0824,237.7521,0.715160
228.5407,5.0670,238.8158,0.715466
228.5459,5.0503,239.9770,0.715799
228.5471,5.0339,241.1475,0.716135
228.5445,5.0189,242.2363,0.716445
228.5364,5.0006,243.6085,0.716834
228.5261,4.9861,244.7151,0.717152
228.5098,4.9692,246.0161,0.717515
228.4923,4.9545,247.1397,0.717837
228.4695,4.9390,248.3658,0.718181
228.4404,4.9235,249.6962,0.718558
228.4093,4.9101,250.9413,0.718908
228.3744,4.8980,252.1954,0.719261
228.3361,4.8863,253.4584,0.719620
228.2947,4.8742,254.7300,0.719980
228.2501,4.8624,256.0103,0.720339
228.2062,4.8520,257.1999,0.720673
228.1514,4.8408,258.5975,0.721071
228.0927,4.8308,260.0052,0.721469
228.0396,4.8222,261.2195,0.721811
227.9792,4.8124,262.5430,0.722183
227.9158,4.8020,263.8749,0.722561
227.8492,4.7911,265.2153,0.722939
227.7793,4.7801,266.5640,0.723320
227.7060,4.7693,267.9210,0.723699
227.6294,4.7576,269.2862,0.724085
227.5558,4.7457,270.5536,0.724447
227.4661,4.7301,272.0404,0.724865
227.3855,4.7154,273.3221,0.725228
227.2866,4.6980,274.8260,0.725652
227.1973,4.6824,276.1225,0.726017
227.0958,4.6641,277.5345,0.726416
226.9893,4.6438,278.9535,0.726817
226.8863,4.6232,280.2697,0.727187
226.7689,4.6002,281.7029,0.727591
226.6450,4.5774,283.1437,0.727997
226.5352,4.5579,284.3686,0.728345
226.3890,4.5322,285.9347,0.728786
226.2471,4.5068,287.3957,0.729201
226.0993,4.4806,288.8636,0.729617
225.9575,4.4564,290.2249,0.730000
225.8107,4.4324,291.5919,0.730386
225.6336,4.4046,293.1940,0.730839
225.4509,4.3766,294.8036,0.731295
225.2766,4.3502,296.3050,0.731718
225.1121,4.3257,297.6968,0.732113
224.9302,4.2995,299.2108,0.732541
224.7588,4.2761,300.6139,0.732936
224.5552,4.2499,302.2568,0.733401
224.3636,4.2262,303.7819,0.733834
224.1694,4.2026,305.3099,0.734265
223.9879,4.1811,306.7258,0.734666
223.7731,4.1570,308.3846,0.735135
223.5708,4.1358,309.9319,0.735573
223.3503,4.1139,311.6056,0.736047
223.1590,4.0951,313.0461,0.736455
222.9336,4.0731,314.7336,0.736933
222.7383,4.0545,316.1861,0.737344
222.5245,4.0347,317.7661,0.737791
222.3085,4.0153,319.3525,0.738240
222.0903,3.9962,320.9455,0.738691
221.8699,3.9773,322.5448,0.739144
221.6645,3.9603,324.0270,0.739565
221.4397,3.9422,325.6388,0.740021
221.2127,3.9242,327.2570,0.740480
221.0012,3.9076,328.7563,0.740906
220.7698,3.8898,330.3867,0.741367
220.5542,3.8736,331.8973,0.741796
220.3367,3.8575,333.4133,0.742226
220.0804,3.8387,335.1886,0.742728
219.8586,3.8224,336.7160,0.743164
219.6161,3.8048,338.3766,0.743635
219.3901,3.7886,339.9150,0.744072
219.1813,3.7738,341.3297,0.744474
218.9130,3.7549,343.1367,0.744987
218.6808,3.7388,344.6909,0.745428
218.4271,3.7216,346.3806,0.745908
218.1709,3.7048,348.0762,0.746391
217.9123,3.6880,349.7777,0.746873
217.6714,3.6726,351.3535,0.747321
217.3879,3.6547,353.1983,0.747846
217.1426,3.6398,354.7849,0.748296
216.8952,3.6251,356.3764,0.748749
216.6041,3.6080,358.2394,0.749278
216.3523,3.5932,359.8415,0.749733
216.0771,3.5769,361.5825,0.750229
215.7996,3.5608,363.3291,0.750724
215.5196,3.5449,365.0814,0.751223
215.2371,3.5292,366.8393,0.751723
214.9742,3.5147,368.4669,0.752186
214.7091,3.5002,370.0991,0.752649
214.4421,3.4855,371.7359,0.753116
214.1506,3.4694,373.5144,0.753638
213.8796,3.4545,375.1610,0.754090
213.5844,3.4384,376.9500,0.754599
213.2877,3.4225,378.7444,0.755108
212.9900,3.4067,380.5443,0.755621
212.7146,3.3924,382.2106,0.756095
212.4158,3.3770,384.0211,0.756610
212.0941,3.3602,385.9768,0.757166
211.8184,3.3457,387.6583,0.757644
211.5202,3.3299,389.4851,0.758164
211.2682,3.3165,391.0350,0.758604
210.9482,3.2994,393.0134,0.759167
210.6517,3.2834,394.8558,0.759691
210.3560,3.2675,396.7038,0.760216
210.0611,3.2514,398.5569,0.760742
209.7669,3.2354,400.4152,0.761271
209.4736,3.2193,402.2786,0.761802
209.1811,3.2032,404.1472,0.762333
208.8895,3.1872,406.0206,0.762865
208.5995,3.1711,407.8943,0.763397
208.3110,3.1551,409.7687,0.763930
208.0235,3.1392,411.6476,0.764464
207.7370,3.1235,413.5313,0.764997
207.4733,3.1090,415.2747,0.765494
207.1886,3.0932,417.1683,0.766031
206.9047,3.0771,419.0670,0.766569
206.6001,3.0597,421.1176,0.767151
206.3181,3.0435,423.0270,0.767694
206.0586,3.0285,424.7942,0.768195
205.7784,3.0122,426.7134,0.768738
205.5419,2.9984,428.3412,0.769201
205.2633,2.9821,430.2697,0.769748
204.9853,2.9657,432.2034,0.770297
204.7078,2.9493,434.1421,0.770846
204.4307,2.9328,436.0857,0.771397
204.1750,2.9175,437.8842,0.771907
203.8981,2.9008,439.8373,0.772458
203.6212,2.8840,441.7953,0.773016
203.3654,2.8685,443.6070,0.773531
203.1094,2.8529,445.4229,0.774045
202.8318,2.8360,447.3946,0.774604
202.5753,2.8204,449.2190,0.775123
202.3184,2.8048,451.0474,0.775640
202.0397,2.7878,453.0327,0.776203
201.7607,2.7707,455.0228,0.776768
201.5027,2.7550,456.8640,0.777290
201.2447,2.7392,458.7093,0.777812
200.9865,2.7233,460.5586,0.778337
200.7068,2.7062,462.5665,0.778905
200.4486,2.6903,464.4242,0.779432
200.1906,2.6743,466.2859,0.779959
199.9329,2.6583,468.1516,0.780488
199.6755,2.6420,470.0213,0.781018
199.3973,2.6239,472.0515,0.781593
199.1196,2.6054,474.0862,0.782171
198.8427,2.5868,476.1257,0.782748
198.5877,2.5697,478.0125,0.783283
198.3123,2.5513,480.0611,0.783862
198.0588,2.5344,481.9562,0.784399
197.7850,2.5159,484.0137,0.784982
197.5120,2.4974,486.0758,0.785566
197.2608,2.4803,487.9833,0.786106
197.0104,2.4631,489.8948,0.786647
196.7400,2.4445,491.9700,0.787235
196.4911,2.4271,493.8896,0.787778
196.2429,2.4088,495.8130,0.788323
195.9955,2.3892,497.7403,0.788868
195.7282,2.3667,499.8324,0.789460
195.4615,2.3440,501.9290,0.790054
195.1955,2.3217,504.0302,0.790648
194.9502,2.3015,505.9736,0.791199
194.6846,2.2798,508.0831,0.791796
194.4190,2.2576,510.1969,0.792394
194.1530,2.2335,512.3149,0.792993
193.8866,2.2069,514.4371,0.793594
193.6400,2.1810,516.3997,0.794148
193.3723,2.1528,518.5300,0.794751
193.1243,2.1272,520.5001,0.795309
192.7924,2.0924,523.1323,0.796054
192.5218,2.0623,525.2755,0.796661
192.2711,2.0335,527.2574,0.797221
192.0196,2.0052,529.2429,0.797784
191.7672,1.9787,531.2318,0.798347
191.4927,1.9522,533.3904,0.798957
191.2384,1.9286,535.3864,0.799522
190.9620,1.9042,537.5525,0.800134
190.6846,1.8820,539.7226,0.800750
190.4278,1.8633,541.7294,0.801318
190.1705,1.8451,543.7394,0.801887
189.8912,1.8259,545.9207,0.802504
189.6331,1.8089,547.9377,0.803075
189.3748,1.7924,549.9580,0.803647
189.1164,1.7759,551.9817,0.804219
188.8365,1.7575,554.1777,0.804841
188.5782,1.7398,556.2083,0.805416
188.2987,1.7189,558.4117,0.806040
188.0413,1.6975,560.4492,0.806616
187.7636,1.6728,562.6601,0.807242
187.4879,1.6483,564.8751,0.807868
187.2151,1.6248,567.0943,0.808497
186.9664,1.6037,569.1465,0.809078
186.7211,1.5828,571.2021,0.809657
186.4399,1.5581,573.6048,0.810336
186.2039,1.5371,575.6673,0.810919
185.9538,1.5150,577.9022,0.811551
185.7288,1.4955,579.9614,0.812132
185.4910,1.4747,582.1830,0.812760
185.2765,1.4554,584.2211,0.813336
185.0490,1.4340,586.4126,0.813956
184.8262,1.4125,588.5850,0.814567
184.6079,1.3921,590.7358,0.815174
184.4265,1.3766,592.5381,0.815682
184.1994,1.3591,594.8081,0.816323
184.0233,1.3461,596.5726,0.816823
183.8018,1.3291,598.7935,0.817447
183.5983,1.3118,600.8311,0.818022
183.3965,1.2925,602.8447,0.818591
183.1963,1.2719,604.8332,0.819151
182.9823,1.2498,606.9462,0.819750
182.8002,1.2316,608.7340,0.820253
182.6042,1.2128,610.6467,0.820792
182.4096,1.1957,612.5339,0.821324
182.2166,1.1804,614.3961,0.821852
182.0254,1.1669,616.2339,0.822369
181.8219,1.1528,618.1863,0.822921
181.6499,1.1404,619.8375,0.823386
181.4664,1.1266,621.6028,0.823886
181.2861,1.1125,623.3439,0.824375
181.1092,1.0982,625.0610,0.824861
180.9358,1.0840,626.7543,0.825339
180.7660,1.0698,628.4235,0.825809
180.6000,1.0559,630.0690,0.826275
180.4499,1.0433,631.5682,0.826697
180.2902,1.0290,633.1722,0.827148
180.1334,1.0135,634.7536,0.827596
179.9912,0.9981,636.1929,0.828001
179.8516,0.9825,637.6116,0.828400
179.7031,0.9659,639.1249,0.828827
179.5685,0.9515,640.5002,0.829215
179.4362,0.9375,641.8555,0.829598
179.2952,0.9217,643.3025,0.830005
179.1564,0.9051,644.7276,0.830407
179.0303,0.8895,646.0226,0.830772
178.8958,0.8734,647.4044,0.831161
178.7835,0.8610,648.5596,0.831487
178.6620,0.8488,649.8091,0.831840
178.5213,0.8351,651.2549,0.832247
178.4110,0.8236,652.3862,0.832566
178.2809,0.8090,653.7209,0.832943
178.1608,0.7949,654.9512,0.833289
178.0409,0.7808,656.1799,0.833637
177.9211,0.7670,657.4070,0.833983
177.7915,0.7527,658.7348,0.834358
177.6720,0.7398,659.9589,0.834703
177.5428,0.7260,661.2822,0.835076
177.4240,0.7133,662.4985,0.835419
177.3059,0.7006,663.7061,0.835760
177.1791,0.6869,665.0018,0.836126
177.0633,0.6744,666.1846,0.836459
176.9488,0.6621,667.3532,0.836789
176.8358,0.6499,668.5067,0.837115
176.7242,0.6379,669.6438,0.837437
176.6046,0.6255,670.8561,0.837779
176.5042,0.6153,671.8652,0.838064
176.3860,0.6036,673.0380,0.838398
176.2675,0.5922,674.1893,0.838723
176.1667,0.5825,675.1467,0.838990
176.0467,0.5706,676.2588,0.839308
175.9348,0.5597,677.2658,0.839594
175.8215,0.5486,678.2540,0.839874
175.7068,0.5376,679.2229,0.840148
175.5901,0.5267,680.1728,0.840419
175.4704,0.5161,681.1039,0.840684
175.3473,0.5059,682.0167,0.840942
175.2199,0.4959,682.9114,0.841199
175.0770,0.4854,683.8602,0.841469
174.9399,0.4758,684.7173,0.841714
174.8094,0.4672,685.4874,0.841933
174.6614,0.4580,686.3106,0.842170
174.5076,0.4488,687.1163,0.842400
174.3341,0.4382,687.9698,0.842647
174.1677,0.4279,688.7400,0.842869
173.9947,0.4177,689.4927,0.843087
173.8150,0.4077,690.2283,0.843301
173.6285,0.3973,690.9470,0.843509
173.4185,0.3860,691.7068,0.843733
173.2335,0.3765,692.3346,0.843919
173.0221,0.3664,693.0052,0.844120
172.7803,0.3556,693.7171,0.844337
172.5436,0.3455,694.3631,0.844537
172.3145,0.3360,694.9472,0.844719
172.0516,0.3254,695.5760,0.844922
171.7749,0.3145,696.1960,0.845123
171.5094,0.3039,696.7568,0.845310
171.1816,0.2901,697.4106,0.845536
170.8923,0.2777,697.9555,0.845726
170.5636,0.2641,698.5403,0.845934
170.2507,0.2516,699.0671,0.846134
169.9272,0.2382,699.5850,0.846331
169.5623,0.2227,700.1396,0.846552
169.1206,0.2037,700.7721,0.846822
168.7282,0.1876,701.3008,0.847058
168.3235,0.1715,701.8168,0.847292
167.9081,0.1540,702.3212,0.847525
167.4827,0.1342,702.8143,0.847756
167.0470,0.1133,703.2947,0.847975
166.5630,0.0905,703.7994,0.848216
166.1062,0.0687,704.2513,0.848435
165.6406,0.0450,704.6903,0.848647
165.1270,0.0155,705.1530,0.848887
164.6847,-0.0119,705.5334,0.849083
164.1519,-0.0446,705.9670,0.849301
163.6504,-0.0739,706.3514,0.849509
163.1412,-0.1048,706.7230,0.849715
162.6243,-0.1389,707.0833,0.849921
162.0987,-0.1745,707.4304,0.850121
161.5637,-0.2098,707.7626,0.850320
160.9746,-0.2474,708.1050,0.850536
160.3761,-0.2844,708.4293,0.850751
159.8160,-0.3182,708.7121,0.850947
159.2030,-0.3546,709.0003,0.851155
158.5836,-0.3898,709.2686,0.851362
158.0066,-0.4210,709.4987,0.851550
157.4255,-0.4515,709.7119,0.851728
156.8411,-0.4816,709.9080,0.851916
156.2539,-0.5114,710.0872,0.852095
155.6644,-0.5414,710.2497,0.852274
155.0234,-0.5735,710.4061,0.852468
154.4300,-0.6022,710.5316,0.852639
153.7856,-0.6332,710.6483,0.852829
153.1402,-0.6648,710.7451,0.853012
152.5442,-0.6946,710.8171,0.853181
151.9481,-0.7246,710.8720,0.853346
151.3034,-0.7566,710.9117,0.853524
150.6605,-0.7881,710.9301,0.853699
150.0689,-0.8174,710.9296,0.853860
149.4796,-0.8482,710.9130,0.854017
148.8928,-0.8799,710.8799,0.854173
148.3095,-0.9105,710.8281,0.854326
147.7306,-0.9391,710.7572,0.854480
147.1564,-0.9664,710.6684,0.854631
146.5398,-0.9967,710.5539,0.854792
145.9760,-1.0257,710.4318,0.854941
145.3715,-1.0560,710.2792,0.855104
144.8196,-1.0814,710.1188,0.855249
144.2279,-1.1077,709.9256,0.855410
143.6421,-1.1345,709.7139,0.855572
143.0622,-1.1621,709.4841,0.855735
142.4891,-1.1890,709.2352,0.855893
141.9669,-1.2121,708.9882,0.856042
141.4086,-1.2362,708.7031,0.856205
140.8996,-1.2587,708.4250,0.856355
140.3549,-1.2837,708.1079,0.856523
139.8587,-1.3070,707.8004,0.856680
139.4097,-1.3279,707.5057,0.856821
138.8462,-1.3541,707.1137,0.857000
138.3305,-1.3783,706.7336,0.857172
137.8213,-1.4027,706.3386,0.857341
137.3183,-1.4272,705.9291,0.857513
136.8589,-1.4499,705.5389,0.857674
136.3284,-1.4766,705.0696,0.857866
135.8403,-1.5014,704.6209,0.858047
135.3930,-1.5244,704.1964,0.858211
134.8746,-1.5509,703.6892,0.858408
134.3956,-1.5754,703.2079,0.858590
133.9185,-1.6001,702.7170,0.858775
133.4428,-1.6249,702.2169,0.858967
132.9318,-1.6515,701.6682,0.859171
132.4947,-1.6744,701.1899,0.859353
132.0218,-1.6992,700.6635,0.859553
131.5857,-1.7224,700.1701,0.859731
131.0771,-1.7497,699.5855,0.859951
130.6413,-1.7731,699.0769,0.860140
130.1691,-1.7987,698.5181,0.860342
129.6968,-1.8244,697.9512,0.860556
129.2242,-1.8503,697.3771,0.860766
128.7521,-1.8765,696.7981,0.860982
128.2812,-1.9029,696.2173,0.861199
127.8476,-1.9278,695.6819,0.861399
127.3791,-1.9553,695.1047,0.861616
126.9120,-1.9831,694.5328,0.861830
126.4817,-2.0085,694.0106,0.862026
125.9798,-2.0383,693.4095,0.862254
125.5128,-2.0668,692.8593,0.862466
125.0801,-2.0935,692.3586,0.862659
124.6447,-2.1203,691.8646,0.862853
124.1313,-2.1517,691.2961,0.863072
123.6857,-2.1798,690.8154,0.863263
123.2347,-2.2095,690.3407,0.863454
122.7009,-2.2453,689.7952,0.863679
122.2360,-2.2760,689.3362,0.863866
121.7240,-2.3088,688.8491,0.864068
121.2438,-2.3385,688.4089,0.864255
120.7561,-2.3682,687.9782,0.864446
120.1776,-2.4035,687.4880,0.864663
119.6738,-2.4353,687.0782,0.864849
119.1202,-2.4708,686.6450,0.865051
118.6023,-2.5041,686.2558,0.865236
118.0782,-2.5387,685.8765,0.865415
117.5041,-2.5795,685.4774,0.865614
116.9234,-2.6243,685.0911,0.865811
116.3362,-2.6742,684.7171,0.866004
115.7882,-2.7241,684.3839,0.866185
115.1870,-2.7793,684.0389,0.866378
114.6250,-2.8298,683.7366,0.866555
114.0100,-2.8853,683.4254,0.866747
113.4371,-2.9377,683.1533,0.866923
112.8108,-2.9954,682.8756,0.867111
112.1789,-3.0537,682.6163,0.867299
111.5903,-3.1066,682.3951,0.867471
110.9474,-3.1626,682.1754,0.867658
110.3497,-3.2135,681.9908,0.867827
109.7487,-3.2643,681.8229,0.867995
109.1448,-3.3160,681.6710,0.868165
108.4878,-3.3721,681.5258,0.868348
107.8786,-3.4228,681.4100,0.868515
107.2655,-3.4713,681.3128,0.868686
106.5970,-3.5189,681.2297,0.868867
105.9763,-3.5581,681.1722,0.869034
105.3526,-3.5961,681.1296,0.869206
104.6739,-3.6389,681.0981,0.869389
104.0969,-3.6760,681.0837,0.869545
103.4653,-3.7151,681.0826,0.869718
102.8320,-3.7513,681.0978,0.869888
102.1442,-3.7886,681.1310,0.870075
101.4543,-3.8266,681.1797,0.870264
100.8156,-3.8633,681.2386,0.870438
100.1755,-3.8988,681.3121,0.870611
99.5344,-3.9317,681.4001,0.870790
98.8389,-3.9642,681.5098,0.870982
98.1955,-3.9933,681.6227,0.871161
97.5504,-4.0232,681.7457,0.871338
96.9035,-4.0540,681.8787,0.871520
96.2007,-4.0861,682.0344,0.871716
95.5503,-4.1145,682.1877,0.871902
94.8438,-4.1441,682.3628,0.872104
94.1896,-4.1706,682.5323,0.872289
93.5334,-4.1970,682.7086,0.872477
92.8197,-4.2265,682.9071,0.872679
92.1025,-4.2558,683.1132,0.872885
91.4372,-4.2814,683.3101,0.873077
90.7687,-4.3064,683.5130,0.873265
90.0404,-4.3325,683.7396,0.873478
89.3070,-4.3575,683.9738,0.873693
88.6247,-4.3806,684.1968,0.873888
87.8789,-4.4062,684.4465,0.874106
87.1848,-4.4288,684.6848,0.874307
86.4855,-4.4504,684.9305,0.874515
85.7222,-4.4736,685.2051,0.874734
85.0124,-4.4951,685.4664,0.874948
84.2975,-4.5164,685.7358,0.875161
83.5776,-4.5379,686.0137,0.875371
82.8524,-4.5596,686.3005,0.875594
82.0612,-4.5822,686.6210,0.875831
81.3259,-4.6020,686.9253,0.876050
80.6476,-4.6201,687.2115,0.876255
79.9028,-4.6405,687.5311,0.876483
79.0898,-4.6635,687.8860,0.876732
78.3338,-4.6851,688.2215,0.876962
77.5724,-4.7070,688.5645,0.877193
76.7414,-4.7308,688.9442,0.877450
76.0331,-4.7512,689.2719,0.877668
75.2551,-4.7739,689.6362,0.877909
74.5369,-4.7956,689.9761,0.878133
73.7480,-4.8202,690.3536,0.878375
72.8872,-4.8475,690.7700,0.878639
72.0868,-4.8740,691.1613,0.878888
71.2805,-4.9015,691.5593,0.879142
70.5362,-4.9275,691.9301,0.879373
69.6503,-4.9590,692.3755,0.879648
68.8952,-4.9860,692.7581,0.879886
68.0655,-5.0161,693.1809,0.880148
67.2295,-5.0468,693.6093,0.880408
66.3162,-5.0806,694.0790,0.880694
65.5371,-5.1094,694.4808,0.880945
64.6805,-5.1411,694.9232,0.881213
63.8166,-5.1730,695.3693,0.881489
62.9453,-5.2053,695.8190,0.881766
61.9927,-5.2407,696.3095,0.882068
61.1794,-5.2711,696.7269,0.882325
60.2844,-5.3046,697.1840,0.882610
59.4565,-5.3357,697.6041,0.882871
58.4686,-5.3729,698.1015,0.883182
57.6244,-5.4049,698.5225,0.883452
56.6948,-5.4403,698.9817,0.883744
55.7560,-5.4761,699.4407,0.884038
54.8873,-5.5094,699.8608,0.884308
53.9305,-5.5465,700.3182,0.884609
52.9641,-5.5844,700.7745,0.884909
52.0698,-5.6198,701.1915,0.885189
51.0852,-5.6592,701.6449,0.885495
50.0909,-5.6995,702.0967,0.885804
49.1708,-5.7372,702.5094,0.886090
48.0729,-5.7823,702.9951,0.886426
47.0493,-5.8246,703.4413,0.886743
46.0162,-5.8674,703.8857,0.887058
44.9735,-5.9105,704.3281,0.887377
43.9210,-5.9536,704.7682,0.887699
42.8588,-5.9966,705.2062,0.888025
41.7870,-6.0395,705.6420,0.888350
40.7964,-6.0784,706.0395,0.888650
39.6155,-6.1236,706.5065,0.889010
38.5155,-6.1647,706.9349,0.889342
37.4057,-6.2051,707.3605,0.889677
36.2865,-6.2445,707.7827,0.890014
35.1581,-6.2829,708.2011,0.890353
34.0200,-6.3207,708.6155,0.890695
32.8720,-6.3577,709.0254,0.891039
31.8112,-6.3908,709.3968,0.891354
30.6451,-6.4262,709.7969,0.891705
29.3711,-6.4643,710.2244,0.892082
28.2841,-6.4960,710.5808,0.892403
27.0892,-6.5302,710.9637,0.892757
25.8849,-6.5635,711.3398,0.893113
24.6713,-6.5963,711.7093,0.893471
23.5503,-6.6258,712.0418,0.893800
22.3185,-6.6573,712.3975,0.894160
21.0776,-6.6879,712.7458,0.894524
19.8278,-6.7181,713.0869,0.894889
18.5691,-6.7476,713.4203,0.895254
17.3036,-6.7764,713.7451,0.895623
16.0338,-6.8044,714.0612,0.895993
14.7636,-6.8318,714.3676,0.896360
13.6008,-6.8562,714.6399,0.896694
12.3366,-6.8817,714.9271,0.897058
11.1830,-6.9037,715.1812,0.897393
10.0352,-6.9248,715.4263,0.897722
8.6869,-6.9487,715.7045,0.898108
7.5531,-6.9681,715.9298,0.898433
6.3240,-6.9884,716.1651,0.898785
5.2047,-7.0063,716.3710,0.899103
3.9921,-7.0251,716.5849,0.899449
2.8885,-7.0416,716.7710,0.899762
1.7928,-7.0574,716.9473,0.900074
0.6068,-7.0738,717.1287,0.900412
-0.4717,-7.0883,717.2845,0.900716
-1.6388,-7.1034,717.4426,0.901048
-2.7960,-7.1179,717.5883,0.901375
-3.8479,-7.1304,717.7103,0.901670
-4.9859,-7.1434,717.8311,0.901992
-6.1138,-7.1559,717.9385,0.902309
-7.2319,-7.1677,718.0325,0.902623
-8.2479,-7.1778,718.1065,0.902909
-9.3468,-7.1882,718.1745,0.903217
-10.5276,-7.2024,718.2366,0.903550
-11.5173,-7.2134,718.2759,0.903825
-12.5893,-7.2249,718.3088,0.904126
-13.6516,-7.2379,718.3290,0.904422
-14.7074,-7.2448,718.3326,0.904718
-15.6717,-7.2528,718.3253,0.904985
-16.7206,-7.2564,718.2992,0.905280
-17.7670,-7.2601,718.2617,0.905573
-18.8972,-7.2651,718.2043,0.905888
-19.8508,-7.2673,718.1436,0.906155
-20.8884,-7.2750,718.0679,0.906447
-21.9221,-7.2796,717.9764,0.906737
-22.8673,-7.2860,717.8844,0.907001
-23.8944,-7.2929,717.7694,0.907290
-25.0022,-7.2958,717.6281,0.907603
-25.9362,-7.3014,717.4984,0.907863
-26.9501,-7.3033,717.3401,0.908148
-27.9601,-7.3050,717.1709,0.908434
-28.9653,-7.3090,716.9882,0.908717
-29.8812,-7.3080,716.8052,0.908977
-30.8755,-7.3078,716.5936,0.909257
-31.7818,-7.3080,716.3862,0.909515
-32.6826,-7.3065,716.1654,0.909773
-33.7400,-7.3055,715.8878,0.910076
-34.6281,-7.3053,715.6391,0.910332
-35.5098,-7.3058,715.3778,0.910585
-36.3847,-7.3067,715.1038,0.910840
-38.0250,-7.3069,714.5513,0.911316
-38.8628,-7.3062,714.2533,0.911559
-39.6858,-7.3059,713.9504,0.911799
-40.5661,-7.3049,713.6150,0.912056
-41.4291,-7.3044,713.2750,0.912312
-42.2755,-7.3049,712.9306,0.912559
-43.1048,-7.3064,712.5821,0.912808
-43.9165,-7.3079,712.2291,0.913050
-44.6448,-7.3090,711.9013,0.913266
-45.4219,-7.3094,711.5392,0.913496
-46.1184,-7.3095,711.2037,0.913704
-46.8611,-7.3094,710.8344,0.913932
-47.5263,-7.3093,710.4927,0.914132
-48.2360,-7.3090,710.1152,0.914350
-48.9340,-7.3094,709.7261,0.914565
-49.5646,-7.3099,709.3578,0.914765
-50.1862,-7.3101,708.9785,0.914960
-50.8542,-7.3100,708.5526,0.915176
-51.5121,-7.3105,708.1151,0.915389
-52.1063,-7.3116,707.7040,0.915584
-52.7440,-7.3123,707.2446,0.915795
-53.3183,-7.3122,706.8138,0.915986
-53.9835,-7.3120,706.2947,0.916217
-54.6330,-7.3121,705.7656,0.916443
-55.2665,-7.3119,705.2266,0.916667
-55.8845,-7.3115,704.6765,0.916888
-56.4418,-7.3112,704.1581,0.917091
-56.9866,-7.3109,703.6296,0.917297
-57.5185,-7.3108,703.0909,0.917502
-58.0371,-7.3109,702.5424,0.917701
-58.5421,-7.3110,701.9841,0.917904
-59.0330,-7.3110,701.4164,0.918106
-59.5489,-7.3111,700.7911,0.918322
-60.0480,-7.3113,700.1556,0.918544
-60.4939,-7.3115,699.5594,0.918735
-60.9260,-7.3116,698.9537,0.918935
-61.3444,-7.3117,698.3386,0.919136
-61.7824,-7.3118,697.6617,0.919351
-62.2046,-7.3119,696.9746,0.919565
-62.5804,-7.3120,696.3312,0.919766
-62.9430,-7.3121,695.6790,0.919968
-63.2928,-7.3122,695.0180,0.920165
-63.6301,-7.3123,694.3489,0.920371
-63.9817,-7.3124,693.6150,0.920587
-64.3193,-7.3126,692.8718,0.920808
-64.6438,-7.3127,692.1196,0.921028
-64.9323,-7.3129,691.4172,0.921236
-65.2109,-7.3131,690.7073,0.921441
-65.5021,-7.3131,689.9294,0.921668
-65.8044,-7.3131,689.0817,0.921910
-66.0751,-7.3131,688.2853,0.922139
-66.3166,-7.3129,687.5424,0.922354
-66.5695,-7.3124,686.7292,0.922585
-66.7949,-7.3118,685.9711,0.922805
-67.0129,-7.3111,685.2059,0.923024
-67.2407,-7.3102,684.3688,0.923263
-67.4432,-7.3090,683.5888,0.923487
-67.6387,-7.3077,682.8019,0.923712
-67.8427,-7.3062,681.9417,0.923957
-68.0385,-7.3045,681.0734,0.924205
-68.2121,-7.3027,680.2649,0.924435
-68.3923,-7.3008,679.3815,0.924688
-68.5641,-7.2988,678.4902,0.924941
-68.7151,-7.2969,677.6607,0.925177
-68.8702,-7.2948,676.7547,0.925434
-69.0163,-7.2928,675.8410,0.925693
-69.1532,-7.2908,674.9197,0.925954
-69.2806,-7.2888,673.9910,0.926217
-69.3896,-7.2869,673.1271,0.926461
-69.4981,-7.2849,672.1841,0.926727
-69.5895,-7.2830,671.3074,0.926974
-69.6854,-7.2809,670.2767,0.927266
-69.7697,-7.2787,669.2380,0.927559
-69.8378,-7.2766,668.2662,0.927832
-69.8919,-7.2747,667.3631,0.928086
-69.9413,-7.2725,666.3782,0.928363
-69.9787,-7.2704,665.4631,0.928620
-70.0106,-7.2681,664.4654,0.928900
-70.0324,-7.2659,663.5385,0.929160
-70.0481,-7.2635,662.5281,0.929446
-70.0555,-7.2613,661.5897,0.929710
-70.0558,-7.2589,660.5662,0.929998
-70.0492,-7.2567,659.6152,0.930266
-70.0345,-7.2542,658.5780,0.930558
-70.0141,-7.2520,657.6143,0.930829
-69.9846,-7.2495,656.5634,0.931125
-69.9507,-7.2472,655.5869,0.931402
-69.9069,-7.2447,654.5215,0.931704
-69.8601,-7.2423,653.5310,0.931984
-69.8025,-7.2397,652.4502,0.932290
-69.7379,-7.2370,651.3611,0.932599
-69.6719,-7.2345,650.3486,0.932886
-69.6000,-7.2320,649.3288,0.933177
-69.5085,-7.2290,648.1298,0.933515
-69.4235,-7.2264,647.0943,0.933809
-69.3323,-7.2238,646.0516,0.934106
-69.2264,-7.2210,644.9139,0.934431
-69.1221,-7.2184,643.8565,0.934734
-69.0018,-7.2156,642.7029,0.935061
-68.8939,-7.2132,641.7204,0.935340
-68.7592,-7.2103,640.5516,0.935674
-68.6278,-7.2076,639.4656,0.935985
-68.5013,-7.2051,638.4641,0.936271
-68.3441,-7.2022,637.2730,0.936610
-68.1787,-7.1993,636.0740,0.936953
-68.0186,-7.1967,634.9603,0.937271
-67.8514,-7.1941,633.8400,0.937593
-67.6623,-7.1913,632.6190,0.937941
-67.4805,-7.1887,631.4850,0.938266
-67.2917,-7.1861,630.3445,0.938593
-67.0963,-7.1834,629.1976,0.938920
-66.9115,-7.1810,628.1407,0.939221
-66.6864,-7.1780,626.8846,0.939581
-66.4724,-7.1753,625.7184,0.939915
-66.2341,-7.1724,624.4478,0.940277
-65.9895,-7.1694,623.1696,0.940645
-65.7583,-7.1666,621.9831,0.940985
-65.5220,-7.1639,620.7902,0.941326
-65.2809,-7.1613,619.5908,0.941670
-64.9937,-7.1586,618.1835,0.942073
-64.7428,-7.1565,616.9704,0.942421
-64.4876,-7.1546,615.7509,0.942771
-64.2284,-7.1526,614.5250,0.943120
-63.9433,-7.1504,613.1898,0.943504
-63.6988,-7.1485,612.0542,0.943831
-63.4063,-7.1461,610.7052,0.944218
-63.1331,-7.1439,609.4534,0.944578
-62.8338,-7.1416,608.0900,0.944969
-62.5548,-7.1401,606.8250,0.945334
-62.2736,-7.1392,605.5534,0.945698
-61.9905,-7.1392,604.2756,0.946066
-61.6822,-7.1399,602.8840,0.946466
-61.3726,-7.1408,601.4846,0.946868
-61.0858,-7.1415,600.1860,0.947241
-60.7985,-7.1432,598.8809,0.947616
-60.4868,-7.1464,597.4596,0.948024
-60.1991,-7.1511,596.1414,0.948405
-59.9114,-7.1576,594.8166,0.948784
-59.6478,-7.1648,593.5964,0.949136
-59.3127,-7.1749,592.0358,0.949583
-59.0020,-7.1845,590.5792,0.950001
-58.7157,-7.1924,589.2278,0.950390
-58.4298,-7.1987,587.8701,0.950778
-58.1678,-7.2031,586.6202,0.951137
-57.8343,-7.2079,585.0223,0.951595
-57.5480,-7.2117,583.6465,0.951989
-57.2374,-7.2162,582.1521,0.952418
-56.9511,-7.2211,580.7733,0.952813
-56.6640,-7.2261,579.3909,0.953207
-56.3755,-7.2307,578.0032,0.953607
-56.0856,-7.2348,576.6100,0.954006
-55.7697,-7.2387,575.0945,0.954442
-55.4762,-7.2421,573.6900,0.954844
-55.1811,-7.2453,572.2800,0.955249
-54.8344,-7.2487,570.6281,0.955723
-54.5352,-7.2514,569.2063,0.956130
-54.2341,-7.2541,567.7792,0.956540
-53.9058,-7.2566,566.2270,0.956985
-53.6008,-7.2584,564.7886,0.957398
-53.2938,-7.2599,563.3447,0.957812
-52.9590,-7.2615,561.7747,0.958263
-52.6481,-7.2630,560.3198,0.958680
-52.3351,-7.2644,558.8596,0.959100
-51.9940,-7.2657,557.2717,0.959555
-51.7037,-7.2666,555.9233,0.959943
-51.3856,-7.2676,554.4471,0.960366
-51.0395,-7.2687,552.8419,0.960827
-50.6920,-7.2702,551.2304,0.961290
-50.3165,-7.2722,549.4879,0.961789
-49.9668,-7.2742,547.8633,0.962254
-49.6433,-7.2761,546.3580,0.962689
-49.3192,-7.2780,544.8472,0.963122
-48.9948,-7.2797,543.3311,0.963558
-48.6428,-7.2817,541.6824,0.964031
-48.2905,-7.2840,540.0275,0.964505
-47.9651,-7.2866,538.4943,0.964946
-47.6936,-7.2890,537.2126,0.965314
-47.3405,-7.2923,535.5409,0.965793
-47.0142,-7.2952,533.9922,0.966237
-46.6603,-7.2983,532.3085,0.966720
-46.3060,-7.3012,530.6188,0.967204
-45.9785,-7.3039,529.0536,0.967653
-45.6231,-7.3069,527.3523,0.968141
-45.2670,-7.3100,525.6450,0.968631
-44.9376,-7.3131,524.0637,0.969084
-44.5798,-7.3169,522.3451,0.969578
-44.2487,-7.3208,520.7535,0.970034
-43.8890,-7.3252,519.0238,0.970530
-43.5279,-7.3294,517.2883,0.971026
-43.1656,-7.3335,515.5472,0.971526
-42.8300,-7.3372,513.9351,0.971988
-42.4931,-7.3409,512.3181,0.972453
-42.1834,-7.3444,510.8318,0.972878
-41.8162,-7.3485,509.0701,0.973381
-41.4478,-7.3526,507.3029,0.973890
-41.1068,-7.3565,505.6667,0.974359
-40.7365,-7.3606,503.8890,0.974869
-40.3653,-7.3647,502.1058,0.975381
-39.9933,-7.3689,500.3173,0.975893
-39.6206,-7.3732,498.5233,0.976409
-39.3047,-7.3770,497.0012,0.976844
-38.9309,-7.3816,495.1975,0.977362
-38.5853,-7.3859,493.5277,0.977840
-38.2104,-7.3905,491.7139,0.978361
-37.8640,-7.3947,490.0350,0.978841
-37.5171,-7.3989,488.3517,0.979324
-37.1698,-7.4031,486.6640,0.979807
-36.8221,-7.4073,484.9722,0.980293
-36.4451,-7.4119,483.1346,0.980819
-36.0676,-7.4165,481.2919,0.981348
-35.7188,-7.4208,479.5866,0.981836
-35.3697,-7.4250,477.8772,0.982327
-35.0202,-7.4293,476.1635,0.982817
-34.6704,-7.4336,474.4458,0.983309
-34.3203,-7.4379,472.7241,0.983802
-33.9698,-7.4422,470.9983,0.984297
-33.5903,-7.4469,469.1263,0.984833
-33.2116,-7.4518,467.2554,0.985368
-32.8620,-7.4561,465.5257,0.985865
-32.4830,-7.4604,463.6476,0.986403
-32.1329,-7.4641,461.9096,0.986900
-31.7533,-7.4682,460.0222,0.987441
-31.4025,-7.4722,458.2758,0.987941
-31.0222,-7.4767,456.3792,0.988484
-30.7002,-7.4806,454.7705,0.988944
-30.3485,-7.4848,453.0117,0.989447
-29.9966,-7.4890,451.2489,0.989952
-29.6151,-7.4935,449.3344,0.990500
-29.2626,-7.4976,447.5629,0.991007
-28.8805,-7.5022,445.6392,0.991560
-28.5277,-7.5064,443.8591,0.992067
-28.1749,-7.5106,442.0749,0.992578
-27.8222,-7.5148,440.2865,0.993090
-27.4699,-7.5191,438.4940,0.993603
-27.1181,-7.5232,436.6972,0.994116
-26.7672,-7.5270,434.8962,0.994632
-26.4173,-7.5304,433.0909,0.995148
-26.0686,-7.5334,431.2813,0.995664
-25.6924,-7.5366,429.3159,0.996225
-25.3179,-7.5400,427.3457,0.996788
-24.9737,-7.5433,425.5225,0.997307
-24.6311,-7.5468,423.6949,0.997827
-24.2899,-7.5502,421.8631,0.998348
-23.9501,-7.5536,420.0271,0.998869
-23.6116,-7.5569,418.1869,0.999392
-23.2744,-7.5603,416.3424,0.999914
