-30.4569,-7.9639,412.5669,0.000326
-30.3233,-7.9653,411.7893,0.000547
-30.1765,-7.9668,410.9349,0.000792
-30.0429,-7.9682,410.1586,0.001011
-29.9091,-7.9686,409.3813,0.001229
-29.7616,-7.9690,408.5255,0.001469
-29.6270,-7.9694,407.7462,0.001687
-29.4917,-7.9697,406.9656,0.001903
-29.3421,-7.9701,406.1055,0.002141
-29.2053,-7.9704,405.3223,0.002357
-29.0540,-7.9708,404.4594,0.002597
-28.9157,-7.9712,403.6738,0.002813
-28.7767,-7.9715,402.8869,0.003032
-28.6230,-7.9719,402.0198,0.003271
-28.4823,-7.9723,401.2303,0.003490
-28.3264,-7.9726,400.3604,0.003732
-28.1833,-7.9730,399.5683,0.003952
-28.0241,-7.9734,398.6957,0.004197
-27.8779,-7.9737,397.9012,0.004417
-27.7154,-7.9741,397.0259,0.004665
-27.5662,-7.9745,396.2292,0.004890
-27.4004,-7.9749,395.3514,0.005137
-27.2482,-7.9752,394.5524,0.005361
-27.0945,-7.9756,393.7524,0.005590
-26.9393,-7.9751,392.9507,0.005816
-26.7671,-7.9738,392.0682,0.006069
-26.6091,-7.9726,391.2643,0.006297
-26.4339,-7.9713,390.3781,0.006549
-26.2732,-7.9702,389.5706,0.006779
-26.1113,-7.9690,388.7611,0.007009
-25.9319,-7.9677,387.8685,0.007265
-25.7679,-7.9665,387.0548,0.007499
-25.6032,-7.9653,386.2390,0.007731
-25.4211,-7.9640,385.3390,0.007989
-25.2546,-7.9628,384.5183,0.008224
-25.0869,-7.9616,383.6952,0.008458
-24.9001,-7.9603,382.7869,0.008720
-24.7278,-7.9591,381.9590,0.008955
-24.5530,-7.9566,381.1289,0.009192
-24.3581,-7.9537,380.2153,0.009454
-24.1790,-7.9510,379.3843,0.009693
-23.9985,-7.9484,378.5529,0.009941
-23.7986,-7.9454,377.6384,0.010241
-23.6161,-7.9428,376.8069,0.010311
-23.2325,-7.9372,375.0602,0.010939
-23.0508,-7.9345,374.2281,0.011146
-22.8520,-7.9316,373.3121,0.011648
-22.6726,-7.9289,372.4785,0.011661
-22.4943,-7.9263,371.6435,0.011854
-22.2997,-7.9234,370.7233,0.012176
-22.1239,-7.9208,369.8853,0.012418
-21.9494,-7.9181,369.0457,0.012657
-21.7589,-7.9152,368.1202,0.012924
-21.5873,-7.9125,367.2773,0.013165
-21.4170,-7.9099,366.4327,0.013409
-21.2314,-7.9070,365.5018,0.013675
-21.0642,-7.9043,364.6537,0.013916
-20.8981,-7.9017,363.8042,0.014162
-20.7164,-7.8990,362.8683,0.014429
-20.5521,-7.8965,362.0168,0.014674
-20.3886,-7.8940,361.1649,0.014917
-20.2098,-7.8913,360.2271,0.015182
-20.0485,-7.8889,359.3742,0.015429
-19.8887,-7.8864,358.5208,0.015674
-19.7148,-7.8837,357.5815,0.015941
-19.5583,-7.8812,356.7267,0.016184
-19.4032,-7.8787,355.8707,0.016429
-19.2339,-7.8760,354.9273,0.016699
-19.0815,-7.8728,354.0677,0.016944
-18.9292,-7.8696,353.2069,0.017189
-18.7774,-7.8664,352.3443,0.017435
-18.6108,-7.8628,351.3937,0.017707
-18.4595,-7.8596,350.5277,0.017953
-18.3087,-7.8563,349.6601,0.018203
-18.1437,-7.8528,348.7038,0.018475
-17.9949,-7.8495,347.8328,0.018723
-17.8473,-7.8462,346.9601,0.018974
-17.6862,-7.8426,345.9979,0.019248
-17.5410,-7.8388,345.1215,0.019496
-17.3966,-7.8350,344.2432,0.019744
-17.2387,-7.8308,343.2748,0.020018
-17.0959,-7.8269,342.3924,0.020272
-16.9393,-7.8227,341.4196,0.020552
-16.7975,-7.8189,340.5332,0.020804
-16.6562,-7.8150,339.6449,0.021058
-16.5014,-7.8108,338.6655,0.021337
-16.3610,-7.8067,337.7730,0.021590
-16.2207,-7.8026,336.8787,0.021846
-16.0661,-7.7981,335.8927,0.022126
-15.9254,-7.7940,334.9944,0.022381
-15.7704,-7.7894,334.0042,0.022663
-15.6297,-7.7853,333.1022,0.022919
-15.4894,-7.7812,332.1985,0.023176
-15.3362,-7.7763,331.2023,0.023459
-15.1981,-7.7717,330.2951,0.023718
-15.0476,-7.7667,329.2950,0.024002
-14.9121,-7.7621,328.3840,0.024260
-14.7644,-7.7570,327.3796,0.024548
-14.6314,-7.7524,326.4645,0.024807
-14.4867,-7.7468,325.4554,0.025095
-14.3564,-7.7414,324.5361,0.025355
-14.2147,-7.7354,323.5225,0.025643
-14.0874,-7.7299,322.5987,0.025906
-13.9488,-7.7239,321.5798,0.026197
-13.8238,-7.7182,320.6510,0.026460
-13.6877,-7.7118,319.6265,0.026753
-13.5649,-7.7059,318.6927,0.027016
-13.4309,-7.6994,317.6627,0.027308
-13.2981,-7.6929,316.6299,0.027599
-13.1782,-7.6873,315.6884,0.027868
-13.0472,-7.6812,314.6500,0.028162
-12.9172,-7.6751,313.6087,0.028458
-12.7993,-7.6694,312.6595,0.028727
-12.6695,-7.6635,311.6126,0.029023
-12.5507,-7.6584,310.6582,0.029295
-12.4189,-7.6527,309.6055,0.029594
-12.2857,-7.6470,308.5501,0.029893
-12.1635,-7.6418,307.5883,0.030165
-12.0278,-7.6362,306.5281,0.030467
-11.8908,-7.6306,305.4666,0.030769
-11.7653,-7.6255,304.5019,0.031043
-11.6261,-7.6200,303.4421,0.031344
-11.4857,-7.6144,302.3839,0.031643
-11.3570,-7.6095,301.4231,0.031916
-11.2142,-7.6040,300.3676,0.032217
-11.0701,-7.5986,299.3137,0.032516
-10.9380,-7.5936,298.3569,0.032786
-10.7914,-7.5882,297.3058,0.033087
-10.6430,-7.5828,296.2564,0.033385
-10.5074,-7.5778,295.3036,0.033656
-10.3569,-7.5724,294.2570,0.033953
-10.2051,-7.5669,293.2119,0.034251
-10.0660,-7.5620,292.2631,0.034520
-9.9118,-7.5565,291.2210,0.034817
-9.7707,-7.5516,290.2750,0.035088
-9.6147,-7.5462,289.2358,0.035383
-9.4581,-7.5408,288.1983,0.035675
-9.3011,-7.5354,287.1624,0.035972
-9.1586,-7.5305,286.2220,0.036240
-9.0023,-7.5251,285.1891,0.036534
-8.8470,-7.5197,284.1578,0.036829
-8.7069,-7.5149,283.2214,0.037094
-8.5540,-7.5095,282.1931,0.037384
-8.4164,-7.5047,281.2606,0.037651
-8.2666,-7.4994,280.2385,0.037943
-8.1187,-7.4941,279.2206,0.038233
-7.9861,-7.4893,278.2991,0.038494
-7.8552,-7.4845,277.3810,0.038758
-7.7132,-7.4792,276.3750,0.039043
-7.5859,-7.4745,275.4636,0.039302
-7.4478,-7.4693,274.4648,0.039584
-7.3237,-7.4629,273.5594,0.039842
-7.1888,-7.4555,272.5678,0.040125
-7.0673,-7.4488,271.6693,0.040379
-6.9340,-7.4415,270.6843,0.040660
-6.8007,-7.4342,269.7028,0.040939
-6.6791,-7.4276,268.8136,0.041189
-6.5450,-7.4203,267.8388,0.041467
-6.4226,-7.4137,266.9557,0.041716
-6.2869,-7.4038,265.9863,0.041989
-6.1502,-7.3927,265.0218,0.042263
-6.0247,-7.3827,264.1477,0.042510
-5.8853,-7.3717,263.1893,0.042782
-5.7572,-7.3617,262.3208,0.043029
-5.6146,-7.3507,261.3682,0.043296
-5.4703,-7.3396,260.4185,0.043566
-5.3377,-7.3295,259.5572,0.043811
-5.1906,-7.3185,258.6117,0.044079
-5.0479,-7.3095,257.7556,0.044323
-4.8982,-7.3006,256.8133,0.044594
-4.7611,-7.2922,255.9580,0.044837
-4.6091,-7.2831,255.0188,0.045101
-4.4697,-7.2747,254.1663,0.045343
-4.3149,-7.2655,253.2299,0.045610
-4.1727,-7.2571,252.3799,0.045851
-4.0171,-7.2481,251.4459,0.046118
-3.8713,-7.2398,250.5979,0.046358
-3.7114,-7.2289,249.6668,0.046624
-3.5642,-7.2188,248.8219,0.046863
-3.4143,-7.2075,247.8913,0.047130
-3.2673,-7.1966,247.0524,0.047367
-3.1082,-7.1848,246.1423,0.047630
-2.9633,-7.1750,245.3276,0.047862
-2.8118,-7.1637,244.4447,0.048110
-2.6776,-7.1536,243.6550,0.048339
-2.5338,-7.1427,242.8002,0.048581
-2.4063,-7.1329,242.0358,0.048799
-2.2796,-7.1247,241.2841,0.049014
-2.1572,-7.1154,240.5420,0.049226
-2.0256,-7.1053,239.7394,0.049456
-1.9087,-7.0963,239.0219,0.049661
-1.7941,-7.0874,238.3159,0.049860
-1.6847,-7.0780,237.6197,0.050058
-1.5642,-7.0662,236.8695,0.050272
-1.4579,-7.0567,236.2009,0.050463
-1.3546,-7.0481,235.5392,0.050650
-1.2536,-7.0395,234.8781,0.050839
-1.1445,-7.0300,234.1514,0.051047
-1.0463,-7.0215,233.4918,0.051235
-0.9503,-7.0134,232.8325,0.051423
-0.8468,-7.0044,232.1082,0.051628
-0.7546,-6.9967,231.4504,0.051815
-0.6635,-6.9892,230.7919,0.052001
-0.5645,-6.9809,230.0675,0.052209
-0.4755,-6.9734,229.4083,0.052395
-0.3792,-6.9648,228.6830,0.052604
-0.2924,-6.9569,228.0234,0.052791
-0.2069,-6.9490,227.3641,0.052979
-0.1146,-6.9403,226.6383,0.053185
-0.0324,-6.9326,225.9786,0.053372
0.0487,-6.9249,225.3186,0.053561
0.1363,-6.9165,224.5923,0.053769
0.2141,-6.9088,223.9318,0.053954
0.2916,-6.9006,223.2709,0.054144
0.3763,-6.8916,222.5440,0.054349
0.4533,-6.8834,221.8823,0.054537
0.5382,-6.8744,221.1546,0.054745
0.6150,-6.8663,220.4928,0.054932
0.6923,-6.8586,219.8308,0.055122
0.7694,-6.8508,219.1687,0.055309
0.8537,-6.8421,218.4398,0.055515
0.9305,-6.8338,217.7778,0.055704
1.0070,-6.8255,217.1153,0.055892
1.0910,-6.8164,216.3871,0.056096
1.1672,-6.8081,215.7243,0.056287
1.2432,-6.7998,215.0623,0.056476
1.3255,-6.7907,214.3336,0.056684
1.4005,-6.7829,213.6718,0.056872
1.4738,-6.7746,213.0086,0.057064
1.5467,-6.7652,212.3471,0.057255
1.6253,-6.7547,211.6188,0.057466
1.6952,-6.7452,210.9574,0.057658
1.7637,-6.7356,210.2949,0.057852
1.8377,-6.7251,209.5668,0.058065
1.9041,-6.7154,208.9042,0.058259
1.9695,-6.7058,208.2421,0.058455
2.0422,-6.6951,207.5787,0.058651
2.1056,-6.6834,206.9169,0.058844
2.1689,-6.6717,206.2542,0.059041
2.2378,-6.6588,205.5261,0.059252
2.2997,-6.6470,204.8658,0.059449
2.3608,-6.6354,204.2089,0.059641
2.4208,-6.6238,203.5566,0.059835
2.4798,-6.6123,202.9099,0.060029
2.5376,-6.6020,202.2694,0.060224
2.5943,-6.5919,201.6341,0.060417
2.6497,-6.5819,201.0047,0.060608
2.7040,-6.5719,200.3813,0.060800
2.7570,-6.5620,199.7641,0.060990
2.8088,-6.5523,199.1532,0.061181
2.8594,-6.5426,198.5488,0.061371
2.9087,-6.5333,197.9513,0.061561
2.9568,-6.5249,197.3597,0.061752
3.0037,-6.5166,196.7745,0.061944
3.0496,-6.5084,196.1959,0.062134
3.0943,-6.5002,195.6237,0.062322
3.1383,-6.4925,195.0583,0.062513
3.1807,-6.4849,194.4991,0.062701
3.2221,-6.4774,193.9465,0.062893
3.2582,-6.4707,193.4547,0.063061
3.2973,-6.4592,192.9109,0.063245
3.3351,-6.4458,192.3778,0.063427
3.3714,-6.4325,191.8511,0.063606
3.4064,-6.4195,191.3309,0.063785
3.4399,-6.4066,190.8171,0.063960
3.4725,-6.3941,190.3097,0.064133
3.5040,-6.3818,189.8087,0.064302
3.5340,-6.3695,189.3143,0.064467
3.5595,-6.3587,188.8747,0.064611
3.5855,-6.3468,188.3924,0.064773
3.6087,-6.3365,187.9194,0.064927
3.6286,-6.3292,187.4494,0.065077
3.6459,-6.3219,186.9843,0.065229
3.6604,-6.3147,186.5232,0.065375
3.6716,-6.3076,186.0689,0.065516
3.6782,-6.3006,185.6225,0.065654
3.6801,-6.2944,185.2259,0.065775
3.6791,-6.2874,184.7906,0.065908
3.6727,-6.2800,184.3621,0.066034
3.6615,-6.2728,183.9399,0.066161
3.6451,-6.2657,183.5241,0.066284
3.6230,-6.2590,183.1160,0.066403
3.5946,-6.2534,182.7137,0.066520
3.5634,-6.2485,182.3575,0.066624
3.5223,-6.2431,181.9688,0.066737
3.4740,-6.2379,181.5876,0.066848
3.4185,-6.2327,181.2139,0.066958
3.3560,-6.2278,180.8477,0.067066
3.2871,-6.2229,180.4888,0.067173
3.2122,-6.2182,180.1372,0.067277
3.1318,-6.2135,179.7928,0.067382
3.0361,-6.2079,179.4544,0.067484
2.9437,-6.1989,179.1235,0.067585
2.8476,-6.1885,178.7994,0.067685
2.7463,-6.1779,178.4834,0.067783
2.6403,-6.1672,178.1730,0.067881
2.5311,-6.1562,177.8680,0.067978
2.4173,-6.1452,177.5689,0.068074
2.2992,-6.1339,177.2739,0.068169
2.1790,-6.1224,176.9819,0.068262
2.0553,-6.1108,176.6918,0.068357
1.9292,-6.0991,176.4028,0.068449
1.8021,-6.0871,176.1153,0.068545
1.6728,-6.0748,175.8283,0.068639
1.5537,-6.0614,175.5763,0.068722
1.4175,-6.0486,175.2943,0.068815
1.2811,-6.0410,175.0217,0.068908
1.1410,-6.0336,174.7448,0.069001
0.9985,-6.0266,174.4713,0.069093
0.8053,-5.9998,174.2482,0.069175
0.6558,-5.9813,173.9849,0.069267
0.5008,-5.9633,173.7228,0.069360
0.3588,-5.9462,173.4898,0.069442
0.1990,-5.9283,173.2363,0.069534
0.0460,-5.9178,172.9736,0.069626
-0.1202,-5.9022,172.7193,0.069720
-0.2742,-5.8886,172.4908,0.069803
-0.4497,-5.8720,172.2401,0.069895
-0.6264,-5.8591,171.9950,0.069989
-0.8106,-5.8464,171.7456,0.070085
-0.9716,-5.8395,171.5315,0.070169
-1.1724,-5.8308,171.2950,0.070263
-1.3465,-5.8292,171.0748,0.070348
-1.5367,-5.8301,170.8378,0.070442
-1.7359,-5.8332,170.5999,0.070534
-1.9181,-5.8346,170.3900,0.070619
-2.0775,-5.8450,170.1101,0.070710
-2.2659,-5.8391,169.9098,0.070794
-2.4778,-5.8324,169.6919,0.070885
-2.6708,-5.8262,169.4994,0.070968
-2.8874,-5.8192,169.2888,0.071058
-3.0832,-5.8138,169.1030,0.071138
-3.3044,-5.8076,168.8991,0.071228
-3.5053,-5.8019,168.7182,0.071309
-3.7306,-5.7954,168.5203,0.071398
-3.9350,-5.7896,168.3451,0.071479
-4.1650,-5.7832,168.1522,0.071569
-4.3745,-5.7774,167.9802,0.071649
-4.5862,-5.7715,167.8100,0.071730
-4.8256,-5.7643,167.6243,0.071819
-5.0435,-5.7575,167.4606,0.071901
-5.2878,-5.7500,167.2792,0.071992
-5.5090,-5.7432,167.1161,0.072073
-5.7620,-5.7297,166.9340,0.072166
-5.9879,-5.7184,166.7737,0.072250
-6.2419,-5.7055,166.6004,0.072341
-6.4734,-5.6948,166.4450,0.072425
-6.7296,-5.6854,166.2815,0.072518
-6.9646,-5.6802,166.1237,0.072602
-7.2035,-5.6741,165.9717,0.072686
-7.4719,-5.6670,165.8050,0.072777
-7.7431,-5.6605,165.6473,0.072872
-7.9903,-5.6561,165.5045,0.072957
-8.2401,-5.6516,165.3652,0.073041
-8.5219,-5.6453,165.2153,0.073135
-8.8058,-5.6388,165.0699,0.073230
-9.0635,-5.6341,164.9459,0.073315
-9.3541,-5.6294,164.8060,0.073410
-9.6178,-5.6249,164.6822,0.073497
-9.9149,-5.6197,164.5471,0.073593
-10.1773,-5.6127,164.3972,0.073677
-10.4822,-5.6023,164.2672,0.073776
-10.7601,-5.5916,164.1545,0.073862
-11.0704,-5.5795,164.0295,0.073960
-11.3529,-5.5687,163.9194,0.074048
-11.6698,-5.5567,163.8000,0.074147
-11.9575,-5.5459,163.6942,0.074236
-12.2801,-5.5339,163.5787,0.074335
-12.5734,-5.5231,163.4767,0.074424
-12.9023,-5.5112,163.3655,0.074524
-13.2001,-5.5005,163.2678,0.074616
-13.5350,-5.4886,163.1600,0.074719
-13.8389,-5.4778,163.0631,0.074812
-14.1796,-5.4657,162.9552,0.074914
-14.4890,-5.4548,162.8580,0.075010
-14.8360,-5.4426,162.7505,0.075114
-15.1517,-5.4315,162.6540,0.075210
-15.5062,-5.4192,162.5470,0.075317
-15.8289,-5.4080,162.4506,0.075413
-16.1906,-5.3961,162.3437,0.075524
-16.5202,-5.3854,162.2473,0.075622
-16.8905,-5.3735,162.1404,0.075734
-17.2274,-5.3627,162.0444,0.075838
-17.6073,-5.3501,161.9401,0.075950
-17.9897,-5.3367,161.8340,0.076065
-18.3376,-5.3245,161.7387,0.076173
-18.7283,-5.3109,161.6328,0.076293
-19.0836,-5.2985,161.5378,0.076399
-19.4828,-5.2847,161.4328,0.076521
-19.8461,-5.2721,161.3388,0.076634
-20.2542,-5.2581,161.2350,0.076760
-20.6258,-5.2454,161.1422,0.076872
-21.0013,-5.2326,161.0500,0.076988
-21.4231,-5.2183,160.9483,0.077113
-21.8070,-5.2053,160.8576,0.077234
-22.2382,-5.1908,160.7576,0.077367
-22.6306,-5.1777,160.6681,0.077486
-23.0703,-5.1647,160.5694,0.077621
-23.4717,-5.1529,160.4803,0.077744
-23.9225,-5.1398,160.3816,0.077881
-24.3327,-5.1278,160.2930,0.078005
-24.7946,-5.1140,160.1962,0.078148
-25.2136,-5.1008,160.1077,0.078272
-25.6841,-5.0859,160.0091,0.078420
-26.1117,-5.0724,159.9202,0.078548
-26.5436,-5.0588,159.8310,0.078681
-27.0283,-5.0436,159.7318,0.078833
-27.4692,-5.0298,159.6424,0.078969
-27.9640,-5.0142,159.5430,0.079123
-28.4138,-5.0002,159.4538,0.079259
-28.8677,-4.9860,159.3648,0.079398
-29.3769,-4.9702,159.2663,0.079554
-29.8395,-4.9558,159.1780,0.079700
-30.3576,-4.9412,159.0803,0.079858
-30.8292,-4.9280,158.9922,0.080004
-31.3583,-4.9133,158.8942,0.080163
-31.8402,-4.8993,158.8078,0.080309
-32.3790,-4.8830,158.7103,0.080474
-32.8684,-4.8682,158.6228,0.080624
-33.3618,-4.8533,158.5356,0.080771
-33.9149,-4.8366,158.4390,0.080941
-34.4172,-4.8215,158.3524,0.081097
-34.9239,-4.8062,158.2660,0.081248
-35.4921,-4.7892,158.1702,0.081424
-36.0080,-4.7737,158.0842,0.081578
-36.5281,-4.7581,157.9985,0.081735
-37.1110,-4.7407,157.9033,0.081903
-37.6402,-4.7248,157.8170,0.082063
-38.2325,-4.7080,157.7203,0.082239
-38.7711,-4.6933,157.6316,0.082398
-39.3154,-4.6768,157.5438,0.082560
-39.8624,-4.6601,157.4521,0.082718
-40.4749,-4.6413,157.3481,0.082895
-41.0298,-4.6243,157.2524,0.083061
-41.5869,-4.6072,157.1549,0.083223
-42.1457,-4.5900,157.0554,0.083389
-42.7678,-4.5709,156.9426,0.083569
-43.3280,-4.5536,156.8393,0.083733
-43.8885,-4.5363,156.7343,0.083893
-44.4491,-4.5190,156.6277,0.084058
-45.0723,-4.4997,156.5075,0.084233
-45.6332,-4.4823,156.3978,0.084398
-46.1943,-4.4649,156.2865,0.084561
-46.7555,-4.4475,156.1736,0.084723
-47.3171,-4.4311,156.0616,0.084887
-47.9408,-4.4123,155.9326,0.085063
-48.5023,-4.3954,155.8148,0.085232
-49.0637,-4.3784,155.6952,0.085389
-49.6251,-4.3615,155.5739,0.085549
-50.1865,-4.3445,155.4511,0.085706
-50.8103,-4.3257,155.3132,0.085886
-51.3717,-4.3087,155.1879,0.086044
-51.9331,-4.3336,155.0619,0.086197
-52.4940,-4.3177,154.9365,0.086360
-53.0526,-4.3004,154.8114,0.086508
-53.6092,-4.2819,154.6862,0.086659
-54.2256,-4.2606,154.5459,0.086828
-54.7783,-4.2412,154.4191,0.086979
-55.3279,-4.2220,154.2917,0.087126
-55.8730,-4.2045,154.1644,0.087275
-56.4151,-4.1884,154.0379,0.087417
-57.0127,-4.1720,153.8984,0.087574
-57.5463,-4.1583,153.7739,0.087714
-58.0757,-4.1454,153.6505,0.087847
-58.6009,-4.1332,153.5281,0.087980
-59.1215,-4.1211,153.4065,0.088110
-59.6385,-4.1088,153.2850,0.088241
-60.1511,-4.0961,153.1634,0.088369
-60.7144,-4.0809,153.0286,0.088505
-61.2167,-4.0662,152.9071,0.088631
-61.7144,-4.0504,152.7850,0.088755
-62.2075,-4.0335,152.6620,0.088876
-62.6960,-4.0158,152.5380,0.088996
-63.1801,-3.9975,152.4130,0.089112
-63.7114,-3.9792,152.2733,0.089242
-64.1863,-3.9634,152.1464,0.089358
-64.6568,-3.9482,152.0185,0.089469
-65.1226,-3.9339,151.8892,0.089584
-65.5838,-3.9209,151.7585,0.089693
-66.0406,-3.9093,151.6261,0.089802
-66.4935,-3.8994,151.4922,0.089910
-66.9927,-3.8903,151.3413,0.090028
-67.4396,-3.8837,151.2036,0.090138
-67.8847,-3.8784,151.0639,0.090240
-68.3278,-3.8741,150.9222,0.090348
-68.8176,-3.8702,150.7624,0.090462
-69.2559,-3.8669,150.6160,0.090570
-69.6918,-3.8634,150.4670,0.090673
-70.1236,-3.8616,150.3158,0.090776
-70.5541,-3.8589,150.1623,0.090881
-70.9817,-3.8549,150.0065,0.090980
-71.4533,-3.8490,149.8304,0.091091
-71.8282,-3.8429,149.6871,0.091179
-72.2939,-3.8339,149.5046,0.091292
-72.7062,-3.7729,149.3329,0.091393
-73.1234,-3.7659,149.1609,0.091490
-73.5370,-3.7589,148.9837,0.091587
-73.9482,-3.7519,148.8028,0.091686
-74.3561,-3.7451,148.6187,0.091787
-74.7604,-3.7383,148.4324,0.091885
-75.1615,-3.7316,148.2436,0.091983
-75.5597,-3.7253,148.0505,0.092077
-75.9553,-3.7192,147.8513,0.092176
-76.3923,-3.7126,147.6233,0.092285
-76.7833,-3.7066,147.4131,0.092379
-77.1719,-3.7007,147.1993,0.092474
-77.5577,-3.6949,146.9825,0.092570
-77.9404,-3.6891,146.7629,0.092668
-78.3616,-3.6828,146.5151,0.092774
-78.7370,-3.6771,146.2882,0.092867
-79.1089,-3.6715,146.0573,0.092967
-79.4775,-3.6660,145.8220,0.093060
-79.8443,-3.6600,145.5814,0.093157
-80.2079,-3.6528,145.3371,0.093252
-80.6096,-3.6449,145.0608,0.093358
-80.9689,-3.6380,144.8079,0.093453
-81.3267,-3.6312,144.5514,0.093546
-81.6827,-3.6245,144.2910,0.093645
-82.0761,-3.6170,143.9971,0.093750
-82.4283,-3.6103,143.7280,0.093848
-82.7787,-3.6037,143.4548,0.093945
-83.1272,-3.5971,143.1772,0.094042
-83.5122,-3.5897,142.8639,0.094148
-83.8569,-3.5832,142.5773,0.094246
-84.2001,-3.5759,142.2859,0.094343
-84.5407,-3.5684,141.9907,0.094442
-84.8789,-3.5610,141.6912,0.094538
-85.2528,-3.5533,141.3535,0.094650
-85.5870,-3.5464,141.0454,0.094744
-85.9192,-3.5396,140.7332,0.094843
-86.2490,-3.5327,140.4168,0.094939
-86.6128,-3.5252,140.0604,0.095050
-86.9377,-3.5184,139.7351,0.095147
-87.2602,-3.5117,139.4057,0.095245
-87.5803,-3.5050,139.0719,0.095347
-87.8979,-3.4983,138.7338,0.095448
-88.2480,-3.4908,138.3528,0.095555
-88.5591,-3.4839,138.0055,0.095657
-88.8681,-3.4777,137.6537,0.095749
-89.1741,-3.4715,137.2974,0.095848
-89.4771,-3.4654,136.9366,0.095950
-89.8098,-3.4586,136.5303,0.096070
-90.1024,-3.4694,136.1577,0.096163
-90.3973,-3.4679,135.7847,0.096263
-90.6886,-3.4675,135.4087,0.096363
-90.9765,-3.4678,135.0287,0.096466
-91.2918,-3.4682,134.6008,0.096579
-91.5711,-3.4681,134.2102,0.096684
-91.8459,-3.4669,133.8147,0.096782
-92.1151,-3.4645,133.4162,0.096884
-92.4086,-3.4595,132.9659,0.096993
-92.6658,-3.4528,132.5587,0.097091
-92.9170,-3.4447,132.1489,0.097193
-93.1892,-3.4344,131.6909,0.097305
-93.4277,-3.4245,131.2769,0.097406
-93.6601,-3.4145,130.8612,0.097503
-93.9105,-3.4056,130.3994,0.097611
-94.1301,-3.3972,129.9791,0.097708
-94.3438,-3.3896,129.5599,0.097805
-94.5745,-3.3828,129.0928,0.097915
-94.7762,-3.3780,128.6711,0.098010
-94.9935,-3.3740,128.2010,0.098117
-95.1826,-3.3713,127.7762,0.098209
-95.3851,-3.3665,127.3003,0.098312
-95.5784,-3.3607,126.8240,0.098414
-95.7452,-3.3551,126.3936,0.098505
-95.9232,-3.3480,125.9140,0.098612
-96.0771,-3.3403,125.4815,0.098705
-96.2402,-3.3318,125.0021,0.098807
-96.3969,-3.3216,124.5184,0.098908
-96.5455,-3.3081,124.0371,0.099006
-96.6731,-3.2947,123.6036,0.099094
-96.8084,-3.2787,123.1208,0.099192
-96.9371,-3.2618,122.6367,0.099293
-97.0590,-3.2461,122.1534,0.099395
-97.1754,-3.2285,121.6609,0.099496
-97.2754,-3.2091,121.2222,0.099587
-97.3805,-3.1885,120.7337,0.099689
-97.4793,-3.1693,120.2437,0.099787
-97.5715,-3.1518,119.7535,0.099885
-97.6577,-3.1419,119.2672,0.099984
-97.7305,-3.1301,118.8228,0.100073
-97.8055,-3.1134,118.3345,0.100171
-97.8716,-3.0982,117.8457,0.100271
-97.9291,-3.0830,117.3562,0.100369
-97.9778,-3.0704,116.8696,0.100463
-98.0140,-3.0613,116.4217,0.100552
-98.0482,-3.0434,115.9305,0.100650
-98.0736,-3.0255,115.4395,0.100748
-98.0910,-3.0075,114.9494,0.100852
-98.1003,-2.9895,114.4607,0.100948
-98.1030,-2.9799,114.0273,0.101042
-98.0976,-2.9695,113.5360,0.101137
-98.0860,-2.9519,113.0523,0.101233
-98.0653,-2.9343,112.5708,0.101332
-98.0401,-2.9184,112.1390,0.101419
-98.0050,-2.9007,111.6610,0.101519
-97.9651,-2.8900,111.1895,0.101617
-97.9186,-2.8800,110.7135,0.101716
-97.8691,-2.8656,110.2809,0.101806
-97.8113,-2.8480,109.8067,0.101903
-97.7471,-2.8302,109.3331,0.102004
-97.6834,-2.8141,108.9072,0.102097
-97.6082,-2.7962,108.4340,0.102197
-97.5285,-2.7782,107.9603,0.102297
-97.4444,-2.7600,107.4860,0.102395
-97.3652,-2.7436,107.0590,0.102488
-97.2728,-2.7277,106.5882,0.102594
-97.1748,-2.7144,106.1120,0.102698
-97.0815,-2.7016,105.6813,0.102793
-96.9733,-2.6846,105.2048,0.102898
-96.8700,-2.6691,104.7749,0.102992
-96.7487,-2.6517,104.2960,0.103098
-96.6345,-2.6359,103.8642,0.103198
-96.5033,-2.6220,103.3864,0.103305
-96.3812,-2.6094,102.9538,0.103401
-96.2400,-2.5929,102.4707,0.103514
-96.1082,-2.5769,102.0381,0.103613
-95.9552,-2.5589,101.5573,0.103725
-95.8120,-2.5426,101.1241,0.103825
-95.6464,-2.5217,100.6397,0.103939
-95.4769,-2.4994,100.1608,0.104053
-95.3186,-2.4840,99.7258,0.104157
-95.1398,-2.4667,99.2418,0.104273
-94.9760,-2.4511,98.8059,0.104376
-94.7901,-2.4337,98.3213,0.104498
-94.5985,-2.4126,97.8330,0.104615
-94.4215,-2.3919,97.3962,0.104725
-94.2216,-2.3747,96.9132,0.104848
-94.0163,-2.3573,96.4257,0.104968
-93.8283,-2.3415,95.9859,0.105078
-93.6159,-2.3239,95.4963,0.105207
-93.4211,-2.3080,95.0548,0.105320
-93.2004,-2.2902,94.5633,0.105450
-92.9748,-2.2723,94.0706,0.105578
-92.7675,-2.2567,93.6262,0.105696
-92.5326,-2.2394,93.1299,0.105829
-92.2934,-2.2218,92.6315,0.105961
-92.0745,-2.2063,92.1816,0.106084
-91.8271,-2.1890,91.6796,0.106220
-91.5751,-2.1716,91.1759,0.106358
-91.3443,-2.1540,90.7188,0.106481
-91.0824,-2.1331,90.2121,0.106619
-90.8150,-2.1120,89.7036,0.106759
-90.5700,-2.0929,89.2445,0.106889
-90.2941,-2.0730,88.7348,0.107032
-90.0131,-2.0555,88.2210,0.107178
-89.7568,-2.0397,87.7568,0.107309
-89.4695,-2.0251,87.2445,0.107460
-89.1739,-2.0149,86.7193,0.107606
-88.9070,-1.9977,86.2504,0.107741
-88.6048,-1.9784,85.7284,0.107889
-88.2993,-1.9645,85.2097,0.108041
-88.0162,-1.9547,84.7322,0.108178
-87.6994,-1.9362,84.2023,0.108333
-87.3787,-1.9165,83.6720,0.108488
-87.0544,-1.8973,83.1411,0.108639
-86.7572,-1.8811,82.6595,0.108781
-86.4244,-1.8615,82.1243,0.108940
-86.0869,-1.8419,81.5868,0.109099
-85.7450,-1.8221,81.0474,0.109259
-85.3988,-1.8021,80.5063,0.109422
-85.0481,-1.7843,79.9636,0.109586
-84.6931,-1.7648,79.4185,0.109752
-84.3697,-1.7471,78.9262,0.109902
-84.0059,-1.7292,78.3773,0.110068
-83.6377,-1.7092,77.8264,0.110238
-83.3022,-1.6911,77.3292,0.110390
-82.9252,-1.6714,76.7753,0.110560
-82.5434,-1.6516,76.2194,0.110731
-82.1960,-1.6347,75.7176,0.110883
-81.8063,-1.6146,75.1582,0.111058
-81.4519,-1.5965,74.6534,0.111215
-81.0542,-1.5766,74.0911,0.111391
-80.6522,-1.5565,73.5268,0.111573
-80.2870,-1.5391,73.0174,0.111732
-79.8775,-1.5189,72.4495,0.111913
-79.5056,-1.5008,71.9371,0.112081
-79.0885,-1.4808,71.3658,0.112266
-78.6672,-1.4615,70.7928,0.112449
-78.2846,-1.4434,70.2755,0.112615
-77.8554,-1.4229,69.6987,0.112805
-77.4226,-1.4016,69.1212,0.112997
-77.0294,-1.3834,68.5998,0.113168
-76.5888,-1.3634,68.0185,0.113356
-76.1443,-1.3432,67.4355,0.113546
-75.6950,-1.3225,66.8495,0.113740
-75.2445,-1.3018,66.2649,0.113934
-74.8345,-1.2845,65.7359,0.114111
-74.3759,-1.2652,65.1464,0.114308
-73.9147,-1.2462,64.5557,0.114509
-73.4510,-1.2285,63.9635,0.114708
-72.9844,-1.2076,63.3685,0.114910
-72.5689,-1.1919,62.8411,0.115092
-72.1034,-1.1741,62.2517,0.115293
-71.6407,-1.1564,61.6676,0.115494
-71.1765,-1.1407,61.0830,0.115695
-70.7590,-1.1266,60.5583,0.115876
-70.2955,-1.1109,59.9769,0.116077
-69.8332,-1.0955,59.3977,0.116278
-69.3710,-1.0820,58.8192,0.116478
-68.9560,-1.0698,58.2993,0.116659
-68.4964,-1.0564,57.7227,0.116857
-68.0383,-1.0429,57.1468,0.117058
-67.6285,-1.0298,56.6302,0.117241
-67.1728,-1.0179,56.0550,0.117442
-66.7196,-1.0059,55.4810,0.117642
-66.3128,-0.9951,54.9648,0.117820
-65.8619,-0.9831,54.3916,0.118020
-65.4112,-0.9711,53.8172,0.118223
-65.0051,-0.9612,53.2992,0.118404
-64.5533,-0.9499,52.7220,0.118606
-64.1017,-0.9387,52.1428,0.118808
-63.6952,-0.9282,51.6197,0.118993
-63.2426,-0.9169,51.0365,0.119197
-62.7884,-0.9056,50.4508,0.119404
-62.3328,-0.8943,49.8624,0.119609
-61.9207,-0.8848,49.3312,0.119797
-61.4617,-0.8741,48.7386,0.120005
-61.0023,-0.8634,48.1437,0.120214
-60.5885,-0.8538,47.6060,0.120404
-60.1275,-0.8430,47.0062,0.120615
-59.6645,-0.8324,46.4028,0.120828
-59.2456,-0.8232,45.8577,0.121021
-58.7782,-0.8129,45.2500,0.121235
-58.3109,-0.8026,44.6402,0.121451
-57.8904,-0.7933,44.0890,0.121645
-57.4233,-0.7829,43.4745,0.121860
-56.9551,-0.7724,42.8555,0.122078
-56.5326,-0.7637,42.2964,0.122276
-56.0603,-0.7541,41.6722,0.122496
-55.5858,-0.7446,41.0458,0.122718
-55.1583,-0.7359,40.4800,0.122916
-54.6830,-0.7263,39.8504,0.123139
-54.2067,-0.7166,39.2178,0.123361
-53.7835,-0.7099,38.6381,0.123562
-53.2963,-0.6995,38.0081,0.123788
-52.8132,-0.6910,37.3682,0.124013
-52.3283,-0.6825,36.7264,0.124239
-51.8907,-0.6748,36.1482,0.124443
-51.4040,-0.6662,35.5048,0.124670
-50.9174,-0.6576,34.8621,0.124896
-50.4800,-0.6499,34.2847,0.125099
-50.0017,-0.6490,33.6359,0.125323
-49.5160,-0.6359,32.9976,0.125547
-49.0723,-0.6289,32.4321,0.125750
-48.5860,-0.6217,31.7961,0.125978
-48.0998,-0.6146,31.1608,0.126201
-47.6147,-0.6074,30.5274,0.126425
-47.1791,-0.6010,29.9587,0.126627
-46.7038,-0.6133,29.3198,0.126849
-46.2697,-0.6039,28.7538,0.127050
-45.7879,-0.5934,28.1273,0.127272
-45.3070,-0.5830,27.5016,0.127494
-44.8273,-0.5726,26.8757,0.127716
-44.3899,-0.5679,26.3202,0.127916
-43.9127,-0.5622,25.6960,0.128137
-43.4841,-0.5572,25.1344,0.128334
-43.0163,-0.5840,24.5018,0.128554
-42.5397,-0.5749,23.8765,0.128776
-42.1104,-0.5667,23.3144,0.128974
-41.6340,-0.5575,22.6899,0.129196
-41.2069,-0.5492,22.1269,0.129396
-40.7346,-0.5400,21.4997,0.129616
-40.2638,-0.5306,20.8707,0.129838
-39.8331,-0.5234,20.3097,0.130037
-39.3626,-0.5191,19.6757,0.130260
-38.9463,-0.5562,19.0953,0.130461
-38.4733,-0.5489,18.4598,0.130682
-37.9995,-0.5415,17.8245,0.130906
-37.5739,-0.5348,17.2532,0.131107
-37.1041,-0.5274,16.6174,0.131330
-36.6368,-0.5198,15.9795,0.131553
-36.2176,-0.5129,15.4031,0.131755
-35.7432,-0.5053,14.7669,0.131978
-35.2755,-0.4969,14.1232,0.132202
-34.8536,-0.5403,13.5431,0.132403
-34.3847,-0.5329,12.8965,0.132628
-33.9162,-0.5255,12.2498,0.132853
-33.4952,-0.5188,11.6670,0.133056
-33.0281,-0.5114,11.0200,0.133281
-32.5614,-0.5040,10.3714,0.133506
-32.1415,-0.4973,9.7859,0.133709
-31.6746,-0.4899,9.1331,0.133935
-31.2544,-0.4832,8.5456,0.134137
-30.7900,-0.4907,7.8963,0.134363
-30.3232,-0.5204,7.2427,0.134587
-29.9060,-0.5150,6.6580,0.134789
-29.4447,-0.5090,6.0090,0.135014
-28.9854,-0.5030,5.3614,0.135237
-28.5729,-0.4976,4.7783,0.135437
-28.1163,-0.4917,4.1301,0.135660
-27.6615,-0.4857,3.4821,0.135884
-27.2527,-0.4804,2.8995,0.136085
-26.7987,-0.4744,2.2532,0.136306
-26.3451,-0.4685,1.6082,0.136528
-25.9378,-0.5141,1.0276,0.136726
-25.4867,-0.5088,0.3840,0.136947
-25.0377,-0.5035,-0.2585,0.137167
-24.5904,-0.4983,-0.8991,0.137388
-24.1884,-0.4935,-1.4761,0.137586
-23.7423,-0.4882,-2.1171,0.137806
-23.2976,-0.4830,-2.7576,0.138024
-22.8978,-0.4782,-3.3332,0.138220
-22.4537,-0.4730,-3.9719,0.138438
-22.0097,-0.4677,-4.6088,0.138656
-21.6117,-0.5090,-5.1792,0.138851
-21.1679,-0.5093,-5.8168,0.139069
-20.7271,-0.5049,-6.4505,0.139286
-20.3316,-0.5010,-7.0194,0.139480
-19.8927,-0.4967,-7.6504,0.139696
-19.4531,-0.4923,-8.2816,0.139912
-19.0579,-0.4884,-8.8489,0.140106
-18.6197,-0.4841,-9.4783,0.140321
-18.2260,-0.4802,-10.0440,0.140514
-17.7890,-0.4759,-10.6711,0.140728
-17.3527,-0.4716,-11.2967,0.140943
-16.9605,-0.4677,-11.8587,0.141134
-16.5266,-0.4640,-12.4805,0.141348
-16.0920,-0.4642,-13.1029,0.141560
-15.7013,-0.4643,-13.6623,0.141752
-15.2679,-0.4645,-14.2828,0.141965
-14.8782,-0.4647,-14.8400,0.142155
-14.4457,-0.4649,-15.4582,0.142367
-14.0138,-0.4651,-16.0751,0.142579
-13.6255,-0.4652,-16.6296,0.142769
-13.1946,-0.5019,-17.2444,0.142979
-12.8080,-0.4987,-17.7985,0.143169
-12.3798,-0.4930,-18.4119,0.143379
-11.9522,-0.4869,-19.0234,0.143588
-11.5680,-0.4826,-19.5734,0.143777
-11.1403,-0.4808,-20.1843,0.143986
-10.7554,-0.4824,-20.7333,0.144172
-10.3281,-0.4877,-21.3429,0.144381
-9.9015,-0.4958,-21.9512,0.144590
-9.4758,-0.5049,-22.5580,0.144800
-9.0935,-0.5122,-23.1030,0.144986
-8.6694,-0.5178,-23.7072,0.145193
-8.2881,-0.5196,-24.2500,0.145380
-7.8649,-0.5179,-24.8521,0.145586
-7.4420,-0.5131,-25.4534,0.145793
-7.0194,-0.5067,-26.0539,0.145998
-6.6389,-0.5010,-26.5939,0.146185
-6.2156,-0.4966,-27.1941,0.146390
-5.8339,-0.4954,-27.7346,0.146576
-5.4092,-0.4977,-28.3354,0.146782
-4.9839,-0.5033,-28.9365,0.146990
-4.5581,-0.5109,-29.5381,0.147197
-4.1745,-0.5180,-30.0799,0.147383
-3.7480,-0.5244,-30.6825,0.147591
-3.3209,-0.5275,-31.2858,0.147799
-2.9358,-0.5270,-31.8296,0.147986
-2.5074,-0.5227,-32.4348,0.148195
-2.0786,-0.5157,-33.0404,0.148404
-1.6505,-0.5077,-33.6451,0.148612
-1.2659,-0.5014,-34.1885,0.148799
-0.8393,-0.4968,-34.7914,0.149006
-0.4135,-0.4958,-35.3934,0.149212
-0.0312,-0.4980,-35.9344,0.149399
0.3927,-0.5033,-36.5347,0.149606
0.8155,-0.5098,-37.1340,0.149812
1.1950,-0.5153,-37.6726,0.149997
1.6158,-0.5193,-38.2702,0.150204
2.0358,-0.5198,-38.8669,0.150409
2.4133,-0.5170,-39.4032,0.150593
2.8325,-0.5107,-39.9983,0.150798
3.2514,-0.5023,-40.5926,0.151002
3.6700,-0.4937,-41.1861,0.151206
4.0465,-0.4872,-41.7193,0.151389
4.4647,-0.4828,-42.3106,0.151593
4.8825,-0.4821,-42.9008,0.151796
5.2582,-0.4846,-43.4310,0.151977
5.6750,-0.4898,-44.0190,0.152180
6.0911,-0.4961,-44.6059,0.152382
6.4652,-0.5011,-45.1330,0.152564
6.8804,-0.5046,-45.7175,0.152766
7.2952,-0.5047,-46.3009,0.152967
7.6684,-0.5018,-46.8249,0.153149
8.0828,-0.4957,-47.4062,0.153347
8.4556,-0.4886,-47.9285,0.153528
8.8696,-0.4806,-48.5078,0.153728
9.2834,-0.4742,-49.0860,0.153928
9.6554,-0.4709,-49.6053,0.154106
10.0681,-0.4707,-50.1813,0.154305
10.4800,-0.4740,-50.7564,0.154504
10.8498,-0.4793,-51.2731,0.154682
11.2593,-0.4864,-51.8463,0.154881
11.6267,-0.4925,-52.3615,0.155059
12.0334,-0.4974,-52.9334,0.155256
12.3982,-0.4994,-53.4476,0.155432
12.8024,-0.4983,-54.0182,0.155627
13.2056,-0.4941,-54.5885,0.155824
13.5677,-0.4886,-55.1016,0.156001
13.9693,-0.4820,-55.6710,0.156200
14.3302,-0.4769,-56.1830,0.156374
14.7307,-0.4735,-56.7513,0.156570
15.0904,-0.4732,-57.2623,0.156745
15.4894,-0.4763,-57.8291,0.156940
15.8477,-0.4816,-58.3386,0.157115
16.2448,-0.4894,-58.9039,0.157309
16.6011,-0.4969,-59.4121,0.157483
16.9960,-0.5043,-59.9759,0.157677
17.3505,-0.5089,-60.4826,0.157851
17.7437,-0.5111,-61.0450,0.158045
18.1362,-0.5099,-61.6067,0.158237
18.4892,-0.5065,-62.1118,0.158409
18.8811,-0.5012,-62.6723,0.158601
19.2336,-0.4962,-63.1761,0.158774
19.6250,-0.4918,-63.7351,0.158965
20.0161,-0.4899,-64.2931,0.159157
20.3676,-0.4909,-64.7944,0.159327
20.7576,-0.4950,-65.3504,0.159519
21.1079,-0.5010,-65.8501,0.159691
21.4962,-0.5091,-66.4043,0.159879
21.8449,-0.5164,-66.9022,0.160051
22.2314,-0.5233,-67.4546,0.160239
22.5783,-0.5273,-67.9510,0.160411
22.9631,-0.5288,-68.5019,0.160600
23.3473,-0.5270,-69.0522,0.160788
23.6926,-0.5232,-69.5469,0.160958
24.0759,-0.5174,-70.0958,0.161144
24.4586,-0.5113,-70.6441,0.161333
24.8026,-0.5070,-71.1369,0.161502
25.1844,-0.5043,-71.6835,0.161688
25.5274,-0.5044,-72.1747,0.161856
25.9078,-0.5074,-72.7197,0.162042
26.2873,-0.5129,-73.2638,0.162228
26.6280,-0.5190,-73.7527,0.162397
26.9679,-0.5252,-74.2409,0.162562
27.3446,-0.5310,-74.7828,0.162749
27.7205,-0.5345,-75.3241,0.162934
28.0581,-0.5350,-75.8107,0.163100
28.4328,-0.5325,-76.3510,0.163285
28.7696,-0.5280,-76.8369,0.163451
29.1060,-0.5220,-77.3222,0.163616
29.4795,-0.5147,-77.8611,0.163799
29.8152,-0.5087,-78.3456,0.163966
30.1880,-0.5039,-78.8832,0.164148
30.5231,-0.5019,-79.3663,0.164313
30.8950,-0.5024,-79.9024,0.164497
31.2292,-0.5053,-80.3842,0.164661
31.5998,-0.5103,-80.9189,0.164843
31.9328,-0.5155,-81.3994,0.165006
32.2652,-0.5204,-81.8793,0.165171
32.6337,-0.5244,-82.4119,0.165353
32.9649,-0.5258,-82.8907,0.165516
33.3324,-0.5246,-83.4221,0.165697
33.6629,-0.5210,-83.8999,0.165861
33.9932,-0.5156,-84.3771,0.166023
34.3233,-0.5089,-84.8540,0.166186
34.6899,-0.5014,-85.3831,0.166366
35.0198,-0.4954,-85.8586,0.166529
35.3861,-0.4907,-86.3862,0.166709
35.7158,-0.4889,-86.8602,0.166871
36.0452,-0.4895,-87.3334,0.167031
36.4109,-0.4927,-87.8584,0.167211
36.7396,-0.4973,-88.3303,0.167371
37.0679,-0.5026,-88.8015,0.167534
37.4321,-0.5082,-89.3243,0.167713
37.7594,-0.5121,-89.7941,0.167873
38.1227,-0.5142,-90.3154,0.168049
38.4494,-0.5137,-90.7839,0.168210
38.7758,-0.5110,-91.2519,0.168371
39.1382,-0.5059,-91.7712,0.168549
39.4642,-0.5001,-92.2382,0.168708
39.8263,-0.4935,-92.7563,0.168886
40.1520,-0.4884,-93.2218,0.169044
40.5137,-0.4846,-93.7384,0.169221
40.8390,-0.4834,-94.2025,0.169381
41.1639,-0.4846,-94.6660,0.169539
41.5244,-0.4886,-95.1803,0.169714
41.8482,-0.4939,-95.6425,0.169872
42.1715,-0.5001,-96.1040,0.170032
42.5299,-0.5069,-96.6162,0.170207
42.8519,-0.5121,-97.0765,0.170364
43.1733,-0.5157,-97.5364,0.170522
43.5299,-0.5172,-98.0468,0.170696
43.8505,-0.5163,-98.5057,0.170853
44.1710,-0.5134,-98.9643,0.171011
44.5267,-0.5087,-99.4733,0.171184
44.8466,-0.5039,-99.9309,0.171341
45.1664,-0.4996,-100.3881,0.171498
45.5214,-0.4961,-100.8955,0.171671
45.8407,-0.4949,-101.3518,0.171828
46.1597,-0.4959,-101.8075,0.171983
46.5137,-0.4996,-102.3134,0.172157
46.8318,-0.5049,-102.7683,0.172311
47.1494,-0.5115,-103.2227,0.172467
47.5015,-0.5193,-103.7271,0.172641
47.8179,-0.5259,-104.1808,0.172795
48.1337,-0.5312,-104.6341,0.172950
48.4840,-0.5350,-105.1375,0.173123
48.7989,-0.5362,-105.5903,0.173278
49.1135,-0.5352,-106.0430,0.173432
49.4628,-0.5320,-106.5456,0.173604
49.7770,-0.5279,-106.9978,0.173760
50.1257,-0.5230,-107.4999,0.173930
50.4394,-0.5191,-107.9515,0.174085
50.7528,-0.5165,-108.4026,0.174238
51.1009,-0.5158,-108.9034,0.174409
51.4138,-0.5174,-109.3536,0.174561
51.7263,-0.5210,-109.8035,0.174715
52.0730,-0.5270,-110.3029,0.174885
52.3846,-0.5333,-110.7518,0.175039
52.6957,-0.5399,-111.2004,0.175194
53.0408,-0.5464,-111.6983,0.175365
53.3511,-0.5508,-112.1461,0.175518
53.6955,-0.5534,-112.6433,0.175688
54.0053,-0.5534,-113.0905,0.175840
54.3151,-0.5513,-113.5374,0.175993
54.6592,-0.5470,-114.0336,0.176163
55.0034,-0.5414,-114.5297,0.176332
55.3136,-0.4962,-114.9766,0.176484
55.6264,-0.4962,-115.4199,0.176636
55.9717,-0.4963,-115.9207,0.176807
56.2845,-0.4963,-116.3704,0.176960
56.6336,-0.4964,-116.8710,0.177131
56.9489,-0.4965,-117.3230,0.177285
57.3007,-0.4965,-117.8273,0.177458
57.6176,-0.4966,-118.2821,0.177616
57.9351,-0.4967,-118.7385,0.177772
58.2885,-0.4968,-119.2478,0.177946
58.6070,-0.4968,-119.7083,0.178104
58.9623,-0.4969,-120.2230,0.178279
59.2836,-0.4970,-120.6891,0.178438
59.6063,-0.4971,-121.1576,0.178599
59.9660,-0.4973,-121.6808,0.178778
60.2909,-0.4974,-122.1539,0.178939
60.6168,-0.4975,-122.6293,0.179101
60.9800,-0.4977,-123.1601,0.179282
61.3080,-0.4978,-123.6403,0.179445
61.6370,-0.4980,-124.1228,0.179610
62.0038,-0.4983,-124.6615,0.179794
62.3351,-0.4986,-125.1488,0.179959
62.6673,-0.4988,-125.6382,0.180125
63.0377,-0.4991,-126.1847,0.180312
63.3721,-0.4993,-126.6789,0.180478
63.7074,-0.4996,-127.1751,0.180647
64.0809,-0.4999,-127.7291,0.180834
64.4181,-0.5001,-128.2300,0.181004
64.7562,-0.5004,-128.7331,0.181176
65.1330,-0.5007,-129.2947,0.181364
65.4731,-0.5009,-129.8023,0.181538
65.8521,-0.5012,-130.3689,0.181728
66.1939,-0.5015,-130.8806,0.181901
66.5357,-0.5017,-131.3923,0.182075
66.9147,-0.5020,-131.9597,0.182265
67.2553,-0.5023,-132.4693,0.182438
67.5954,-0.5026,-132.9781,0.182611
67.9725,-0.5029,-133.5422,0.182800
68.3113,-0.5032,-134.0489,0.182972
68.6870,-0.5036,-134.6109,0.183161
69.0246,-0.5040,-135.1154,0.183330
69.3617,-0.5046,-135.6189,0.183501
69.7354,-0.5054,-136.1772,0.183690
70.0711,-0.5062,-136.6788,0.183859
70.4063,-0.5064,-137.1797,0.184029
70.7780,-0.5065,-137.7346,0.184214
71.1120,-0.5066,-138.2330,0.184383
71.4455,-0.5068,-138.7303,0.184552
71.8154,-0.5068,-139.2818,0.184737
72.1477,-0.5069,-139.7770,0.184904
72.4789,-0.5073,-140.2714,0.185070
72.8471,-0.5078,-140.8197,0.185257
73.1780,-0.5083,-141.3119,0.185424
73.5453,-0.5089,-141.8580,0.185607
73.8752,-0.5093,-142.3485,0.185773
74.2414,-0.5099,-142.8926,0.185959
74.5706,-0.5104,-143.3817,0.186125
74.8994,-0.5109,-143.8698,0.186290
75.2644,-0.5114,-144.4119,0.186471
75.5932,-0.5119,-144.8999,0.186639
75.9591,-0.5125,-145.4429,0.186823
76.2891,-0.5130,-145.9325,0.186987
76.6565,-0.5136,-146.4773,0.187172
76.9878,-0.5141,-146.9689,0.187339
77.3565,-0.5147,-147.5158,0.187524
77.6890,-0.5153,-148.0097,0.187691
78.0221,-0.5159,-148.5047,0.187859
78.3932,-0.5165,-149.0560,0.188045
78.7282,-0.5171,-149.5537,0.188213
79.1014,-0.5178,-150.1078,0.188402
79.4383,-0.5184,-150.6081,0.188570
79.7760,-0.5191,-151.1093,0.188740
80.1523,-0.5198,-151.6678,0.188928
80.4919,-0.5205,-152.1717,0.189099
80.8321,-0.5212,-152.6769,0.189271
81.2112,-0.5220,-153.2401,0.189460
81.5531,-0.5227,-153.7479,0.189633
81.9342,-0.5235,-154.3140,0.189825
82.2784,-0.5243,-154.8243,0.189997
82.6232,-0.5252,-155.3363,0.190169
83.0074,-0.5261,-155.9068,0.190361
83.3542,-0.5269,-156.4213,0.190539
83.7018,-0.5277,-156.9373,0.190715
84.0891,-0.5286,-157.5120,0.190908
84.4384,-0.5295,-158.0307,0.191082
84.7895,-0.5307,-158.5500,0.191258
85.1796,-0.5318,-159.1294,0.191456
85.5316,-0.5328,-159.6521,0.191630
85.9238,-0.5340,-160.2345,0.191828
86.2777,-0.5350,-160.7601,0.192008
86.6719,-0.5361,-161.3455,0.192203
87.0276,-0.5371,-161.8738,0.192384
87.4250,-0.5392,-162.4616,0.192582
87.7825,-0.5403,-162.9927,0.192762
88.1807,-0.5416,-163.5844,0.192965
88.5401,-0.5427,-164.1183,0.193143
88.9006,-0.5438,-164.6535,0.193324
89.3023,-0.5450,-165.2495,0.193527
89.6650,-0.5461,-165.7874,0.193707
90.0302,-0.5486,-166.3254,0.193889
90.4361,-0.5498,-166.9258,0.194093
90.8030,-0.5509,-167.4669,0.194277
91.2125,-0.5521,-168.0697,0.194480
91.5826,-0.5532,-168.6130,0.194662
91.9544,-0.5543,-169.1574,0.194848
92.3693,-0.5555,-169.7633,0.195056
92.7444,-0.5565,-170.3096,0.195241
93.1630,-0.5576,-170.9175,0.195447
93.5412,-0.5585,-171.4650,0.195635
93.9200,-0.5594,-172.0117,0.195820
94.3411,-0.5604,-172.6172,0.196030
94.7206,-0.5613,-173.1610,0.196213
95.1425,-0.5622,-173.7634,0.196420
95.5226,-0.5638,-174.3032,0.196605
95.9030,-0.5663,-174.8426,0.196788
96.3271,-0.5684,-175.4396,0.196995
96.7090,-0.5696,-175.9746,0.197177
97.1317,-0.5703,-176.5680,0.197383
97.5149,-0.5701,-177.0986,0.197566
97.8955,-0.5699,-177.6287,0.197750
98.3200,-0.5692,-178.2146,0.197952
98.7006,-0.5686,-178.7406,0.198133
99.1214,-0.5683,-179.3240,0.198336
99.5066,-0.5669,-179.8428,0.198515
99.8871,-0.5657,-180.3626,0.198697
100.3098,-0.5643,-180.9378,0.198899
100.6728,-0.5651,-181.4650,0.199076
101.0527,-0.5660,-181.9798,0.199256
101.4751,-0.5670,-182.5511,0.199456
101.8555,-0.5679,-183.0651,0.199636
102.2366,-0.5688,-183.5792,0.199814
102.6606,-0.5699,-184.1506,0.200013
103.0427,-0.5708,-184.6651,0.200193
103.4860,-0.5703,-185.2245,0.200393
103.8639,-0.5704,-185.7432,0.200573
104.2457,-0.5704,-186.2600,0.200754
104.6721,-0.5703,-186.8334,0.200955
105.0556,-0.5702,-187.3501,0.201135
105.4378,-0.5702,-187.8681,0.201317
105.8632,-0.5702,-188.4439,0.201518
106.2457,-0.5702,-188.9630,0.201700
106.6705,-0.5703,-189.5410,0.201901
107.0524,-0.5704,-190.0622,0.202082
107.4342,-0.5705,-190.5844,0.202265
107.8580,-0.5706,-191.1659,0.202469
108.2391,-0.5708,-191.6903,0.202649
108.6192,-0.5710,-192.2148,0.202834
109.0398,-0.5712,-192.7968,0.203032
109.4168,-0.5714,-193.3201,0.203216
109.7923,-0.5717,-193.8429,0.203394
110.2078,-0.5719,-194.4232,0.203597
110.5802,-0.5722,-194.9450,0.203778
110.9511,-0.5726,-195.4663,0.203958
111.3615,-0.5729,-196.0449,0.204158
111.7294,-0.5733,-196.5652,0.204338
112.0958,-0.5737,-197.0850,0.204516
112.4608,-0.5741,-197.6042,0.204695
112.8646,-0.5746,-198.1806,0.204893
113.2265,-0.5750,-198.6988,0.205071
113.5870,-0.5755,-199.2164,0.205251
113.9859,-0.5761,-199.7911,0.205445
114.3434,-0.5766,-200.3077,0.205623
114.6995,-0.5771,-200.8238,0.205800
115.0542,-0.5777,-201.3394,0.205976
115.4468,-0.5784,-201.9117,0.206172
115.7991,-0.5790,-202.4262,0.206346
116.1505,-0.5796,-202.9402,0.206521
116.5405,-0.5803,-203.5110,0.206717
116.8916,-0.5809,-204.0248,0.206892
117.2428,-0.5815,-204.5388,0.207066
117.6331,-0.5822,-205.1102,0.207260
117.9844,-0.5828,-205.6248,0.207435
118.3747,-0.5835,-206.1969,0.207633
118.7261,-0.5841,-206.7120,0.207807
119.0774,-0.5848,-207.2273,0.207982
119.4678,-0.5855,-207.8002,0.208177
119.8191,-0.5861,-208.3160,0.208352
120.2096,-0.5868,-208.8895,0.208546
120.5612,-0.5875,-209.4058,0.208721
120.9519,-0.5882,-209.9796,0.208918
121.3036,-0.5889,-210.4964,0.209092
121.6946,-0.5896,-211.0707,0.209289
122.0464,-0.5902,-211.5878,0.209465
122.4374,-0.5910,-212.1626,0.209659
122.7889,-0.5916,-212.6799,0.209836
123.1396,-0.5923,-213.1963,0.210011
123.5281,-0.5930,-213.7689,0.210204
123.8770,-0.5937,-214.2834,0.210378
124.2638,-0.5945,-214.8540,0.210574
124.6112,-0.5951,-215.3664,0.210746
124.9964,-0.5959,-215.9347,0.210941
125.3425,-0.5965,-216.4452,0.211114
125.7271,-0.5972,-217.0106,0.211305
126.0718,-0.5979,-217.5190,0.211478
126.4541,-0.5987,-218.0827,0.211669
126.7975,-0.5994,-218.5890,0.211840
127.1784,-0.6002,-219.1504,0.212031
127.5205,-0.6008,-219.6546,0.212201
127.9000,-0.6016,-220.2136,0.212391
128.2787,-0.6023,-220.7714,0.212583
128.6189,-0.6030,-221.2723,0.212752
128.9962,-0.6037,-221.8278,0.212939
129.3354,-0.6044,-222.3269,0.213112
129.7122,-0.6051,-222.8808,0.213297
130.0513,-0.6058,-223.3786,0.213465
130.4280,-0.6065,-223.9310,0.213655
130.7671,-0.6071,-224.4275,0.213823
131.1437,-0.6078,-224.9786,0.214013
131.4827,-0.6084,-225.4739,0.214180
131.8215,-0.6090,-225.9686,0.214349
132.1979,-0.6096,-226.5176,0.214534
132.5366,-0.6102,-227.0111,0.214701
132.9129,-0.6108,-227.5587,0.214888
133.2511,-0.6114,-228.0504,0.215054
133.6264,-0.6120,-228.5955,0.215243
133.9638,-0.6125,-229.0849,0.215408
134.3008,-0.6130,-229.5732,0.215575
134.6747,-0.6136,-230.1144,0.215761
135.0108,-0.6141,-230.6003,0.215927
135.3839,-0.6147,-231.1389,0.216110
135.7191,-0.6151,-231.6225,0.216275
136.0912,-0.6157,-232.1586,0.216457
136.4256,-0.6161,-232.6398,0.216624
136.7968,-0.6166,-233.1733,0.216805
137.1304,-0.6171,-233.6523,0.216969
137.5007,-0.6175,-234.1831,0.217151
137.8336,-0.6180,-234.6597,0.217314
138.2030,-0.6184,-235.1880,0.217495
138.5350,-0.6188,-235.6623,0.217661
138.9036,-0.6192,-236.1880,0.217838
139.2349,-0.6196,-236.6600,0.217998
139.6026,-0.6200,-237.1832,0.218180
139.9330,-0.6204,-237.6528,0.218340
140.2997,-0.6208,-238.1733,0.218520
140.6288,-0.6211,-238.6407,0.218681
140.9935,-0.6215,-239.1591,0.218857
141.3207,-0.6219,-239.6247,0.219018
141.6832,-0.6223,-240.1411,0.219197
142.0084,-0.6227,-240.6051,0.219354
142.3689,-0.6231,-241.1197,0.219532
142.6925,-0.6235,-241.5820,0.219688
143.0514,-0.6239,-242.0953,0.219866
143.3743,-0.6243,-242.5572,0.220027
143.7332,-0.6248,-243.0709,0.220202
144.0564,-0.6252,-243.5337,0.220360
144.3799,-0.6256,-243.9971,0.220518
144.7397,-0.6260,-244.5128,0.220697
145.0637,-0.6265,-244.9779,0.220855
145.4239,-0.6269,-245.4956,0.221033
145.7483,-0.6274,-245.9627,0.221193
146.1089,-0.6279,-246.4828,0.221372
146.4336,-0.6284,-246.9519,0.221531
146.7585,-0.6289,-247.4221,0.221693
147.1199,-0.6295,-247.9458,0.221872
147.4455,-0.6300,-248.4183,0.222032
147.8072,-0.6306,-248.9441,0.222212
148.1321,-0.6311,-249.4169,0.222374
148.4920,-0.6317,-249.9413,0.222553
148.8149,-0.6323,-250.4126,0.222714
149.1368,-0.6329,-250.8832,0.222874
149.4935,-0.6335,-251.4053,0.223050
149.8135,-0.6341,-251.8745,0.223212
150.1680,-0.6348,-252.3951,0.223388
150.4861,-0.6354,-252.8628,0.223548
150.8387,-0.6361,-253.3817,0.223723
151.1554,-0.6367,-253.8479,0.223882
151.5064,-0.6374,-254.3649,0.224058
151.8219,-0.6380,-254.8294,0.224217
152.1368,-0.6386,-255.2929,0.224372
152.4861,-0.6393,-255.8070,0.224547
152.7999,-0.6399,-256.2687,0.224706
153.1478,-0.6406,-256.7808,0.224880
153.4603,-0.6412,-257.2407,0.225034
153.8067,-0.6419,-257.7507,0.225210
154.1179,-0.6425,-258.2089,0.225364
154.4285,-0.6431,-258.6661,0.225521
154.7729,-0.6438,-259.1732,0.225690
155.0823,-0.6444,-259.6286,0.225846
155.4255,-0.6451,-260.1335,0.226016
155.7339,-0.6457,-260.5870,0.226168
156.0762,-0.6463,-261.0898,0.226339
156.3838,-0.6469,-261.5413,0.226491
156.7252,-0.6475,-262.0418,0.226663
157.0321,-0.6481,-262.4912,0.226815
157.3386,-0.6487,-262.9397,0.226966
157.6788,-0.6492,-263.4368,0.227138
157.9845,-0.6498,-263.8833,0.227289
158.3237,-0.6504,-264.3781,0.227458
158.6286,-0.6509,-264.8225,0.227607
158.9669,-0.6515,-265.3150,0.227776
159.2709,-0.6520,-265.7574,0.227926
159.5745,-0.6525,-266.1987,0.228078
159.9115,-0.6530,-266.6879,0.228243
160.2142,-0.6535,-267.1272,0.228393
160.5502,-0.6540,-267.6142,0.228558
160.8522,-0.6545,-268.0514,0.228708
161.1873,-0.6550,-268.5361,0.228873
161.4884,-0.6554,-268.9713,0.229023
161.8226,-0.6559,-269.4539,0.229188
162.1229,-0.6564,-269.8871,0.229334
162.4562,-0.6568,-270.3673,0.229499
162.7557,-0.6572,-270.7986,0.229648
163.0880,-0.6577,-271.2766,0.229811
163.3865,-0.6581,-271.7057,0.229959
163.7174,-0.6586,-272.1815,0.230119
164.0142,-0.6590,-272.6090,0.230261
164.3429,-0.6594,-273.0833,0.230426
164.6378,-0.6599,-273.5093,0.230572
164.9319,-0.6603,-273.9347,0.230718
165.2577,-0.6608,-274.4064,0.230878
165.5503,-0.6613,-274.8303,0.231023
165.8744,-0.6618,-275.3004,0.231183
166.1654,-0.6623,-275.7228,0.231327
166.4879,-0.6628,-276.1913,0.231487
166.7774,-0.6633,-276.6123,0.231632
167.0662,-0.6638,-277.0325,0.231772
167.3862,-0.6643,-277.4987,0.231932
167.6734,-0.6648,-277.9175,0.232076
167.9599,-0.6653,-278.3357,0.232217
168.2775,-0.6658,-278.7995,0.232376
168.5625,-0.6663,-279.2162,0.232518
168.8468,-0.6669,-279.6323,0.232660
169.1618,-0.6674,-280.0938,0.232818
169.4446,-0.6680,-280.5084,0.232958
169.7580,-0.6686,-280.9684,0.233115
170.0394,-0.6691,-281.3816,0.233257
170.3511,-0.6697,-281.8400,0.233410
170.6311,-0.6702,-282.2520,0.233553
170.9108,-0.6708,-282.6641,0.233689
171.2214,-0.6714,-283.1223,0.233846
171.5009,-0.6720,-283.5350,0.233985
171.7803,-0.6726,-283.9482,0.234125
172.0908,-0.6732,-284.4077,0.234281
172.3701,-0.6738,-284.8218,0.234420
172.6803,-0.6745,-285.2825,0.234577
172.9595,-0.6751,-285.6979,0.234720
173.2695,-0.6758,-286.1604,0.234875
173.5485,-0.6765,-286.5778,0.235016
173.8584,-0.6773,-287.0428,0.235175
174.1374,-0.6780,-287.4626,0.235315
174.4474,-0.6788,-287.9302,0.235471
174.7284,-0.6794,-288.3510,0.235617
175.0387,-0.6803,-288.8213,0.235777
175.3181,-0.6812,-289.2458,0.235916
175.6288,-0.6822,-289.7188,0.236081
175.9085,-0.6831,-290.1458,0.236221
176.2195,-0.6841,-290.6216,0.236380
176.4995,-0.6850,-291.0511,0.236524
176.8106,-0.6861,-291.5298,0.236684
177.0908,-0.6871,-291.9619,0.236832
177.4022,-0.6882,-292.4434,0.236991
177.6825,-0.6893,-292.8782,0.237137
177.9941,-0.6905,-293.3626,0.237298
178.2746,-0.6916,-293.8000,0.237446
178.5864,-0.6928,-294.2874,0.237608
178.8668,-0.6940,-294.7271,0.237758
179.1783,-0.6953,-295.2169,0.237919
179.4585,-0.6965,-295.6587,0.238068
179.7697,-0.6978,-296.1508,0.238232
180.0549,-0.6986,-296.5909,0.238380
180.3654,-0.7005,-297.0844,0.238541
180.6440,-0.7023,-297.5284,0.238691
180.9523,-0.7042,-298.0213,0.238852
181.2288,-0.7060,-298.4642,0.239000
181.5244,-0.7036,-298.8928,0.239147
181.8299,-0.7076,-299.3836,0.239309
182.0950,-0.7150,-299.9008,0.239472
182.3672,-0.7152,-300.3417,0.239616
182.6687,-0.7155,-300.8307,0.239777
182.9397,-0.7157,-301.2700,0.239924
183.2406,-0.7160,-301.7574,0.240088
183.5109,-0.7163,-302.1949,0.240232
183.7807,-0.7165,-302.6314,0.240371
184.0797,-0.7168,-303.1151,0.240535
184.3477,-0.7171,-303.5491,0.240678
184.6445,-0.7173,-304.0296,0.240836
184.9108,-0.7176,-304.4605,0.240978
185.1767,-0.7178,-304.8901,0.241120
185.4716,-0.7181,-305.3662,0.241277
185.7367,-0.7184,-305.7937,0.241417
186.0310,-0.7187,-306.2675,0.241575
186.2956,-0.7189,-306.6929,0.241717
186.5600,-0.7192,-307.1174,0.241857
186.8535,-0.7195,-307.5879,0.242014
187.1174,-0.7198,-308.0103,0.242156
187.4104,-0.7201,-308.4786,0.242308
187.6738,-0.7204,-308.8990,0.242448
187.9662,-0.7207,-309.3650,0.242600
188.2292,-0.7210,-309.7834,0.242739
188.4919,-0.7212,-310.2009,0.242878
188.7834,-0.7216,-310.6637,0.243033
189.0458,-0.7219,-311.0795,0.243171
189.3376,-0.7222,-311.5413,0.243327
189.6006,-0.7225,-311.9571,0.243467
189.8934,-0.7228,-312.4198,0.243620
190.1575,-0.7231,-312.8369,0.243757
190.4222,-0.7234,-313.2548,0.243898
190.7170,-0.7238,-313.7199,0.244053
190.9831,-0.7241,-314.1394,0.244193
191.2794,-0.7244,-314.6065,0.244349
191.5469,-0.7248,-315.0277,0.244489
191.8449,-0.7251,-315.4968,0.244648
192.1139,-0.7254,-315.9198,0.244788
192.3835,-0.7258,-316.3437,0.244931
192.6840,-0.7261,-316.8157,0.245089
192.9552,-0.7264,-317.2415,0.245231
193.2574,-0.7268,-317.7155,0.245388
193.5302,-0.7271,-318.1432,0.245530
193.8341,-0.7275,-318.6194,0.245689
194.1085,-0.7279,-319.0490,0.245831
194.4142,-0.7282,-319.5274,0.245993
194.6902,-0.7286,-319.9590,0.246134
194.9977,-0.7290,-320.4395,0.246297
195.2750,-0.7293,-320.8730,0.246444
195.5837,-0.7297,-321.3559,0.246604
195.8620,-0.7300,-321.7917,0.246749
196.1717,-0.7304,-322.2774,0.246911
196.4509,-0.7307,-322.7157,0.247055
196.7618,-0.7311,-323.2042,0.247221
197.0422,-0.7314,-323.6450,0.247368
197.3544,-0.7318,-324.1362,0.247532
197.6355,-0.7321,-324.5782,0.247678
197.9475,-0.7325,-325.0680,0.247842
198.2592,-0.7329,-325.5567,0.248007
198.5394,-0.7332,-325.9956,0.248151
198.8502,-0.7336,-326.4823,0.248315
199.1297,-0.7340,-326.9193,0.248461
199.4402,-0.7344,-327.4036,0.248622
199.7192,-0.7347,-327.8382,0.248768
200.0287,-0.7351,-328.3195,0.248929
200.3067,-0.7355,-328.7516,0.249073
200.6152,-0.7359,-329.2301,0.249232
200.8924,-0.7362,-329.6597,0.249375
201.1998,-0.7367,-330.1356,0.249536
201.4761,-0.7370,-330.5628,0.249677
201.7826,-0.7374,-331.0361,0.249836
202.0579,-0.7378,-331.4609,0.249977
202.3633,-0.7382,-331.9316,0.250134
202.6376,-0.7386,-332.3541,0.250275
202.9419,-0.7390,-332.8222,0.250431
203.2152,-0.7394,-333.2424,0.250571
203.5184,-0.7398,-333.7080,0.250727
203.8209,-0.7402,-334.1722,0.250882
204.0927,-0.7406,-334.5890,0.251022
204.3947,-0.7411,-335.0515,0.251174
204.6664,-0.7414,-335.4675,0.251316
204.9687,-0.7419,-335.9299,0.251471
205.2413,-0.7423,-336.3464,0.251608
205.5448,-0.7427,-336.8094,0.251764
205.8186,-0.7431,-337.2266,0.251905
206.1235,-0.7436,-337.6905,0.252059
206.4290,-0.7440,-338.1549,0.252213
206.7047,-0.7444,-338.5733,0.252354
206.9810,-0.7448,-338.9924,0.252496
207.3503,-0.7454,-339.5521,0.252682
207.7204,-0.7459,-340.1131,0.252874
208.0293,-0.7464,-340.5818,0.253030
208.3077,-0.7468,-341.0046,0.253170
208.6175,-0.7473,-341.4756,0.253328
208.8967,-0.7477,-341.9004,0.253472
209.2075,-0.7481,-342.3735,0.253629
209.4877,-0.7486,-342.8003,0.253772
209.8004,-0.7490,-343.2755,0.253931
210.0827,-0.7494,-343.7040,0.254074
210.3970,-0.7499,-344.1812,0.254236
210.6801,-0.7503,-344.6116,0.254379
210.9945,-0.7508,-345.0902,0.254543
211.2762,-0.7512,-345.5211,0.254685
211.5865,-0.7516,-345.9990,0.254846
211.8641,-0.7520,-346.4285,0.254992
212.1709,-0.7524,-346.9051,0.255150
212.4458,-0.7527,-347.3336,0.255294
212.7500,-0.7531,-347.8088,0.255451
213.0224,-0.7534,-348.2350,0.255593
213.3229,-0.7538,-348.7059,0.255748
213.5912,-0.7541,-349.1270,0.255888
213.8868,-0.7545,-349.5917,0.256042
214.1509,-0.7548,-350.0070,0.256182
214.4422,-0.7552,-350.4650,0.256334
214.7024,-0.7555,-350.8743,0.256469
214.9609,-0.7558,-351.2808,0.256603
215.2464,-0.7561,-351.7292,0.256754
215.5017,-0.7564,-352.1298,0.256887
215.7837,-0.7568,-352.5719,0.257036
216.0363,-0.7571,-352.9675,0.257167
216.2879,-0.7574,-353.3615,0.257299
216.5669,-0.7577,-353.7978,0.257446
216.8173,-0.7580,-354.1893,0.257578
217.0950,-0.7584,-354.6232,0.257721
217.3444,-0.7587,-355.0126,0.257852
217.5933,-0.7590,-355.4010,0.257981
217.8693,-0.7594,-355.8315,0.258125
218.1172,-0.7597,-356.2177,0.258251
218.3923,-0.7600,-356.6463,0.258396
218.6403,-0.7603,-357.0323,0.258525
218.8887,-0.7607,-357.4189,0.258655
219.1376,-0.7610,-357.8061,0.258786
219.4151,-0.7613,-358.2373,0.258929
219.6655,-0.7617,-358.6264,0.259057
219.9447,-0.7620,-359.0596,0.259204
220.1966,-0.7624,-359.4505,0.259332
220.4493,-0.7627,-359.8422,0.259462
220.7309,-0.7631,-360.2786,0.259610
220.9852,-0.7634,-360.6723,0.259742
221.2685,-0.7638,-361.1108,0.259889
221.5244,-0.7641,-361.5065,0.260020
221.7810,-0.7645,-361.9031,0.260152
222.0671,-0.7648,-362.3450,0.260301
222.3255,-0.7652,-362.7437,0.260433
222.5847,-0.7656,-363.1433,0.260566
222.8736,-0.7659,-363.5885,0.260715
223.1345,-0.7663,-363.9902,0.260848
223.3963,-0.7667,-364.3928,0.260983
223.6881,-0.7671,-364.8414,0.261133
223.9517,-0.7674,-365.2462,0.261267
224.2160,-0.7678,-365.6520,0.261405
224.5108,-0.7682,-366.1042,0.261556
224.7770,-0.7686,-366.5121,0.261691
225.0441,-0.7690,-366.9212,0.261828
225.3419,-0.7694,-367.3769,0.261981
225.6108,-0.7698,-367.7881,0.262119
225.9106,-0.7702,-368.2463,0.262274
226.1814,-0.7706,-368.6597,0.262411
226.4530,-0.7710,-369.0742,0.262550
226.7559,-0.7714,-369.5360,0.262706
227.0294,-0.7718,-369.9527,0.262845
227.3038,-0.7722,-370.3705,0.262983
227.6095,-0.7727,-370.8360,0.263143
227.8854,-0.7731,-371.2562,0.263281
228.1928,-0.7735,-371.7243,0.263440
228.4703,-0.7739,-372.1469,0.263580
228.7796,-0.7744,-372.6177,0.263738
229.0589,-0.7748,-373.0426,0.263882
229.3404,-0.7768,-373.4637,0.264024
229.6525,-0.7830,-373.9387,0.264184
229.9339,-0.7886,-374.3675,0.264326
230.2159,-0.7906,-374.8010,0.264470
230.5305,-0.7918,-375.2798,0.264629
230.8148,-0.7928,-375.7119,0.264775
231.1001,-0.7938,-376.1451,0.264918
231.4177,-0.7950,-376.6273,0.265078
231.7037,-0.7960,-377.0615,0.265223
231.9890,-0.7971,-377.4948,0.265367
232.3051,-0.7982,-377.9749,0.265528
232.5890,-0.7993,-378.4059,0.265671
232.8726,-0.8003,-378.8356,0.265815
233.1870,-0.8015,-379.3117,0.265972
233.4692,-0.8025,-379.7391,0.266114
233.7507,-0.8036,-380.1654,0.266257
234.0313,-0.8046,-380.5905,0.266396
234.3418,-0.8058,-381.0607,0.266553
234.6198,-0.8068,-381.4814,0.266694
234.8961,-0.8078,-381.8996,0.266831
235.2012,-0.8090,-382.3609,0.266985
235.4737,-0.8100,-382.7730,0.267119
235.7442,-0.8110,-383.1820,0.267257
236.0423,-0.8121,-383.6326,0.267406
236.3084,-0.8131,-384.0346,0.267538
236.5723,-0.8141,-384.4332,0.267668
236.8340,-0.8150,-384.8283,0.267799
237.0933,-0.8160,-385.2200,0.267930
237.3789,-0.8170,-385.6510,0.268073
237.6336,-0.8180,-386.0353,0.268201
237.8860,-0.8189,-386.4160,0.268328
238.1361,-0.8199,-386.7933,0.268450
238.3840,-0.8208,-387.1671,0.268573
238.6297,-0.8217,-387.5374,0.268697
238.8998,-0.8227,-387.9449,0.268832
239.1405,-0.8236,-388.3081,0.268950
239.3788,-0.8245,-388.6680,0.269072
239.6149,-0.8254,-389.0244,0.269188
239.8745,-0.8263,-389.4166,0.269318
240.1053,-0.8273,-389.7660,0.269430
240.3344,-0.8284,-390.1122,0.269544
240.5614,-0.8294,-390.4553,0.269658
240.7866,-0.8304,-390.7957,0.269770
241.0105,-0.8314,-391.1340,0.269878
241.2338,-0.8324,-391.4710,0.269991
241.4814,-0.8335,-391.8444,0.270112
241.7036,-0.8345,-392.1796,0.270219
241.9253,-0.8355,-392.5139,0.270331
242.1465,-0.8365,-392.8474,0.270437
242.3675,-0.8375,-393.1804,0.270549
242.5883,-0.8386,-393.5132,0.270653
242.8093,-0.8398,-393.8461,0.270765
243.0551,-0.8411,-394.2165,0.270883
243.2766,-0.8422,-394.5502,0.270992
243.4984,-0.8434,-394.8844,0.271101
243.7209,-0.8443,-395.2191,0.271205
243.9432,-0.8450,-395.5542,0.271316
244.1659,-0.8458,-395.8897,0.271421
244.3888,-0.8466,-396.2257,0.271527
244.6120,-0.8473,-396.5620,0.271638
244.8603,-0.8482,-396.9363,0.271754
245.0841,-0.8490,-397.2737,0.271864
245.3082,-0.8498,-397.6115,0.271972
245.5326,-0.8505,-397.9496,0.272079
245.7822,-0.8514,-398.3259,0.272198
246.0072,-0.8522,-398.6648,0.272304
246.2323,-0.8531,-399.0039,0.272409
246.4567,-0.8539,-399.3421,0.272513
246.7055,-0.8549,-399.7169,0.272632
246.9287,-0.8558,-400.0533,0.272732
247.1478,-0.8572,-400.3835,0.272836
247.3938,-0.8664,-400.7544,0.272952
247.6138,-0.8746,-401.0865,0.273051
247.8375,-0.8791,-401.4203,0.273151
248.0542,-0.8798,-401.7473,0.273250
248.2693,-0.8805,-402.0723,0.273346
248.4827,-0.8812,-402.3949,0.273443
248.7179,-0.8819,-402.7504,0.273544
248.9280,-0.8826,-403.0681,0.273641
249.1363,-0.8832,-403.3831,0.273730
249.3658,-0.8839,-403.7303,0.273835
249.5705,-0.8845,-404.0401,0.273921
249.7735,-0.8851,-404.3473,0.274006
249.9749,-0.8858,-404.6516,0.274095
250.1969,-0.8864,-404.9866,0.274190
250.3951,-0.8870,-405.2855,0.274274
250.5918,-0.8876,-405.5818,0.274354
250.8085,-0.8883,-405.9080,0.274444
251.0022,-0.8894,-406.1998,0.274527
251.1948,-0.8905,-406.4897,0.274603
251.3871,-0.8915,-406.7800,0.274683
251.5780,-0.8904,-407.0664,0.274755
251.7895,-0.8892,-407.3828,0.274841
251.9780,-0.8889,-407.6645,0.274914
252.1670,-0.8901,-407.9468,0.274986
252.3548,-0.8914,-408.2275,0.275061
252.5636,-0.8936,-408.5390,0.275141
252.7512,-0.8955,-408.8185,0.275213
252.9380,-0.8973,-409.0970,0.275277
253.1269,-0.8969,-409.3758,0.275344
253.3132,-0.8964,-409.6525,0.275416
253.5203,-0.8958,-409.9589,0.275499
253.7072,-0.8952,-410.2336,0.275562
253.8946,-0.8947,-410.5072,0.275628
254.0829,-0.8942,-410.7797,0.275693
254.2720,-0.8936,-411.0509,0.275757
254.4621,-0.8930,-411.3209,0.275826
254.6530,-0.8925,-411.5896,0.275889
254.8414,-0.8922,-411.8569,0.275955
255.0561,-0.8937,-412.1520,0.276022
255.2505,-0.8951,-412.4157,0.276085
255.4462,-0.8966,-412.6778,0.276143
255.6410,-0.9005,-412.9312,0.276209
255.8388,-0.9086,-413.1900,0.276275
256.0377,-0.9161,-413.4480,0.276332
256.2385,-0.9229,-413.7048,0.276392
256.4142,-0.9262,-413.9268,0.276450
256.6141,-0.9719,-414.1763,0.276516
256.8430,-0.9999,-414.4515,0.276565
257.0780,-1.0116,-414.7338,0.276640
257.2847,-1.0146,-414.9780,0.276698
257.4955,-1.0179,-415.2176,0.276755
257.7107,-1.0223,-415.4565,0.276805
257.9278,-1.0267,-415.6936,0.276864
258.1701,-1.0316,-415.9544,0.276935
258.3907,-1.0365,-416.1869,0.276985
258.6137,-1.0413,-416.4175,0.277049
258.8376,-1.0461,-416.6464,0.277099
259.0845,-1.0513,-416.8981,0.277158
259.3092,-1.0547,-417.1217,0.277223
259.5349,-1.0571,-417.3442,0.277272
259.7641,-1.0594,-417.5642,0.277333
260.0227,-1.0618,-417.8045,0.277395
260.2593,-1.0638,-418.0186,0.277455
260.4968,-1.0681,-418.2229,0.277511
260.7386,-1.0778,-418.4347,0.277567
261.0086,-1.0886,-418.6684,0.277634
261.2561,-1.0919,-418.8943,0.277686
261.5030,-1.0896,-419.1003,0.277747
261.7804,-1.0870,-419.3246,0.277801
262.0338,-1.0847,-419.5215,0.277861
262.2868,-1.0884,-419.7082,0.277915
262.5455,-1.0924,-419.8971,0.277975
262.8056,-1.0930,-420.0901,0.278038
263.0968,-1.0930,-420.2928,0.278095
263.3607,-1.0929,-420.4722,0.278151
263.6249,-1.0928,-420.6490,0.278206
263.8896,-1.0928,-420.8231,0.278260
264.1887,-1.0925,-421.0108,0.278318
264.4535,-1.0910,-421.1782,0.278378
264.7221,-1.0893,-421.3410,0.278432
264.9931,-1.0876,-421.5001,0.278488
265.2954,-1.0857,-421.6736,0.278544
265.5648,-1.0862,-421.8218,0.278597
265.8380,-1.0897,-421.9731,0.278647
266.1120,-1.0923,-422.1287,0.278702
266.3868,-1.0923,-422.2744,0.278752
266.6633,-1.0922,-422.4164,0.278804
266.9726,-1.0922,-422.5698,0.278855
267.2530,-1.0921,-422.7048,0.278915
267.5345,-1.0921,-422.8371,0.278964
267.8171,-1.0920,-422.9669,0.279019
268.1323,-1.1096,-423.1078,0.279071
268.4171,-1.1121,-423.2344,0.279122
268.7025,-1.1146,-423.3578,0.279168
268.9888,-1.1168,-423.4789,0.279219
269.2755,-1.1188,-423.5971,0.279276
269.5948,-1.1205,-423.7245,0.279326
269.8828,-1.1216,-423.8357,0.279373
270.1716,-1.1222,-423.9434,0.279422
270.4613,-1.1224,-424.0476,0.279475
270.7467,-1.1239,-424.1455,0.279524
271.0706,-1.1297,-424.2547,0.279572
271.3619,-1.1064,-424.3506,0.279622
271.6539,-1.1122,-424.4415,0.279668
271.9849,-1.1148,-424.5442,0.279721
272.2795,-1.1156,-424.6285,0.279765
272.5753,-1.1163,-424.7078,0.279816
272.9056,-1.1171,-424.7897,0.279866
273.2042,-1.1179,-424.8578,0.279908
273.5037,-1.1186,-424.9219,0.279958
273.8040,-1.1193,-424.9824,0.279997
274.1385,-1.1202,-425.0449,0.280046
274.4384,-1.1209,-425.0969,0.280081
274.7377,-1.1216,-425.1452,0.280131
275.0320,-1.1248,-425.1918,0.280181
275.3287,-1.1287,-425.2307,0.280223
275.6567,-1.1331,-425.2681,0.280272
275.9515,-1.1371,-425.2969,0.280313
276.2464,-1.1412,-425.3217,0.280366
276.5399,-1.1457,-425.3434,0.280407
276.8677,-1.1517,-425.3608,0.280463
277.1617,-1.1572,-425.3741,0.280510
277.4544,-1.1627,-425.3851,0.280561
277.7466,-1.1682,-425.3932,0.280599
278.0379,-1.1737,-425.3981,0.280649
278.3287,-1.1792,-425.3990,0.280689
278.6190,-1.1847,-425.3954,0.280734
278.9410,-1.1909,-425.3868,0.280786
279.2344,-1.1942,-425.3732,0.280831
279.5226,-1.1959,-425.3582,0.280875
279.8101,-1.1977,-425.3396,0.280917
280.0967,-1.1994,-425.3178,0.280964
280.4145,-1.2014,-425.2896,0.281009
280.6992,-1.2032,-425.2609,0.281054
280.9831,-1.2050,-425.2290,0.281098
281.2659,-1.2068,-425.1934,0.281139
281.5478,-1.2086,-425.1538,0.281187
281.8598,-1.2106,-425.1056,0.281238
282.1396,-1.2124,-425.0586,0.281285
282.4167,-1.2155,-425.0112,0.281335
282.6949,-1.2193,-424.9578,0.281380
283.0035,-1.2235,-424.8947,0.281427
283.2809,-1.2273,-424.8346,0.281476
283.5579,-1.2312,-424.7712,0.281520
283.8347,-1.2351,-424.7048,0.281565
284.1418,-1.2395,-424.6275,0.281608
284.4178,-1.2434,-424.5547,0.281654
284.6936,-1.2474,-424.4789,0.281705
285.0609,-1.2528,-424.3729,0.281751
285.3667,-1.2573,-424.2805,0.281805
285.6417,-1.2614,-424.1942,0.281851
285.9165,-1.2656,-424.1051,0.281905
286.1912,-1.2697,-424.0133,0.281946
286.4961,-1.2744,-423.9078,0.281992
286.7703,-1.2786,-423.8098,0.282034
287.0745,-1.2834,-423.6972,0.282081
287.3480,-1.2877,-423.5925,0.282125
287.6213,-1.2920,-423.4847,0.282164
287.9265,-1.2962,-423.3592,0.282212
288.1992,-1.2981,-423.2451,0.282254
288.5015,-1.3003,-423.1142,0.282297
288.7718,-1.3022,-422.9953,0.282335
289.0731,-1.3067,-422.8567,0.282389
289.3437,-1.3107,-422.7291,0.282436
289.6138,-1.3148,-422.5986,0.282476
289.9133,-1.3194,-422.4502,0.282529
290.1821,-1.3235,-422.3133,0.282572
290.4500,-1.3277,-422.1730,0.282612
290.7464,-1.3323,-422.0123,0.282667
291.0110,-1.3366,-421.8639,0.282706
291.2735,-1.3408,-421.7121,0.282751
291.5626,-1.3455,-421.5395,0.282797
291.8204,-1.3498,-421.3804,0.282845
292.1039,-1.3546,-421.2003,0.282883
292.3562,-1.3589,-421.0352,0.282931
292.6331,-1.3637,-420.8484,0.282971
292.8792,-1.3680,-420.6769,0.283023
293.1510,-1.3724,-420.4805,0.283064
293.3909,-1.3741,-420.3032,0.283107
293.6541,-1.3759,-420.1030,0.283151
293.8879,-1.3775,-419.9200,0.283197
294.1430,-1.3806,-419.7158,0.283235
294.3704,-1.3843,-419.5270,0.283281
294.6200,-1.3884,-419.3143,0.283321
294.8422,-1.3921,-419.1201,0.283355
295.0865,-1.3963,-418.9008,0.283395
295.3040,-1.4000,-418.7000,0.283437
295.5430,-1.4042,-418.4734,0.283469
295.7568,-1.4065,-418.2644,0.283507
295.9904,-1.4086,-418.0298,0.283554
296.1973,-1.4110,-417.8177,0.283587
296.4254,-1.4154,-417.5762,0.283629
296.6284,-1.4193,-417.3555,0.283669
296.8509,-1.4237,-417.1069,0.283710
297.0705,-1.4281,-416.8552,0.283758
297.2653,-1.4321,-416.6255,0.283797
297.4794,-1.4361,-416.3637,0.283843
297.6890,-1.4382,-416.1011,0.283890
297.8748,-1.4400,-415.8622,0.283930
298.0778,-1.4425,-415.5949,0.283976
298.2779,-1.4457,-415.3235,0.284019
298.4553,-1.4485,-415.0767,0.284073
298.6493,-1.4516,-414.7997,0.284113
298.8398,-1.4547,-414.5197,0.284160
299.0268,-1.4579,-414.2364,0.284213
299.1918,-1.4608,-413.9782,0.284259
299.3712,-1.4626,-413.6862,0.284314
299.5450,-1.4641,-413.3937,0.284369
299.7139,-1.4655,-413.0996,0.284423
299.8778,-1.4669,-412.8038,0.284472
300.0366,-1.4696,-412.5085,0.284521
300.1907,-1.4728,-412.2100,0.284569
300.3399,-1.4760,-411.9102,0.284620
300.4840,-1.4792,-411.6091,0.284667
300.6230,-1.4824,-411.3066,0.284721
300.7567,-1.4856,-411.0029,0.284755
300.8857,-1.4874,-410.6961,0.284806
301.0093,-1.4887,-410.3903,0.284855
301.1281,-1.4899,-410.0836,0.284901
301.2534,-1.4913,-409.7455,0.284952
301.3625,-1.4925,-409.4375,0.284997
301.4679,-1.4946,-409.1298,0.285046
301.5698,-1.4968,-408.8201,0.285095
301.6683,-1.4989,-408.5092,0.285131
301.7636,-1.5011,-408.1970,0.285181
301.8649,-1.5035,-407.8520,0.285226
301.9541,-1.5057,-407.5370,0.285276
302.0406,-1.5079,-407.2208,0.285324
302.1241,-1.5100,-406.9030,0.285368
302.2125,-1.5125,-406.5515,0.285422
302.2896,-1.5147,-406.2302,0.285464
302.3633,-1.5169,-405.9073,0.285512
302.4406,-1.5193,-405.5503,0.285566
302.5073,-1.5215,-405.2240,0.285613
302.5706,-1.5238,-404.8961,0.285663
302.6362,-1.5259,-404.5329,0.285713
302.6919,-1.5273,-404.2018,0.285767
302.7440,-1.5287,-403.8693,0.285812
302.7931,-1.5302,-403.5357,0.285866
302.8440,-1.5319,-403.1679,0.285918
302.8878,-1.5336,-402.8324,0.285973
302.9335,-1.5355,-402.4625,0.286024
302.9727,-1.5372,-402.1252,0.286081
303.0098,-1.5389,-401.7869,0.286135
303.0468,-1.5408,-401.4133,0.286188
303.0773,-1.5426,-401.0702,0.286239
303.1053,-1.5443,-400.7265,0.286296
303.1338,-1.5462,-400.3481,0.286352
303.1568,-1.5478,-400.0003,0.286405
303.1770,-1.5492,-399.6508,0.286464
303.1961,-1.5509,-399.2647,0.286522
303.2120,-1.5523,-398.9106,0.286581
303.2268,-1.5540,-398.5564,0.286641
303.2416,-1.5562,-398.1646,0.286705
303.2537,-1.5581,-397.8065,0.286762
303.2649,-1.5603,-397.4105,0.286827
303.2729,-1.5622,-397.0484,0.286885
303.2786,-1.5642,-396.6843,0.286946
303.2823,-1.5664,-396.2815,0.287017
303.2832,-1.5684,-395.9132,0.287078
303.2818,-1.5704,-395.5430,0.287146
303.2774,-1.5727,-395.1335,0.287221
303.2705,-1.5753,-394.7604,0.287289
303.2609,-1.5781,-394.3864,0.287359
303.2470,-1.5810,-393.9758,0.287430
303.2313,-1.5837,-393.6036,0.287499
303.2129,-1.5864,-393.2325,0.287570
303.1916,-1.5892,-392.8627,0.287643
303.1653,-1.5926,-392.4568,0.287716
303.1390,-1.5956,-392.0891,0.287788
303.1104,-1.5987,-391.7224,0.287857
303.0794,-1.6017,-391.3567,0.287931
303.0429,-1.6059,-390.9550,0.288013
303.0074,-1.6097,-390.5885,0.288096
302.9697,-1.6136,-390.2213,0.288176
302.9300,-1.6175,-389.8531,0.288248
302.8885,-1.6214,-389.4838,0.288328
302.8454,-1.6253,-389.1132,0.288411
302.7966,-1.6296,-388.7045,0.288502
302.7509,-1.6343,-388.3307,0.288593
302.7044,-1.6393,-387.9564,0.288670
302.6566,-1.6450,-387.5795,0.288759
302.6031,-1.6513,-387.1633,0.288855
302.5536,-1.6571,-386.7832,0.288951
302.5036,-1.6630,-386.4016,0.289035
302.4483,-1.6691,-385.9789,0.289140
302.3979,-1.6739,-385.5937,0.289232
302.3479,-1.6798,-385.2082,0.289325
302.2978,-1.6866,-384.8192,0.289428
302.2478,-1.6935,-384.4279,0.289519
302.1926,-1.7010,-383.9947,0.289627
302.1421,-1.7080,-383.5982,0.289728
302.0911,-1.7150,-383.1989,0.289826
302.0395,-1.7222,-382.7970,0.289929
301.9871,-1.7297,-382.3920,0.290034
301.9339,-1.7372,-381.9837,0.290136
301.8747,-1.7450,-381.5316,0.290252
301.8202,-1.7526,-381.1178,0.290356
301.7650,-1.7602,-380.7005,0.290465
301.7091,-1.7677,-380.2795,0.290575
301.6528,-1.7749,-379.8560,0.290682
301.5960,-1.7821,-379.4295,0.290791
301.5331,-1.7902,-378.9565,0.290913
301.4757,-1.7969,-378.5215,0.291027
301.4181,-1.8020,-378.0850,0.291141
301.3605,-1.8074,-377.6456,0.291256
301.3025,-1.8132,-377.2022,0.291372
301.2442,-1.8190,-376.7553,0.291489
301.1796,-1.8254,-376.2596,0.291616
301.1206,-1.8313,-375.8053,0.291738
301.0609,-1.8370,-375.3469,0.291862
301.0009,-1.8423,-374.8853,0.291981
300.9343,-1.8477,-374.3731,0.292119
300.8736,-1.8525,-373.9039,0.292241
300.8125,-1.8574,-373.4310,0.292367
300.7511,-1.8623,-372.9541,0.292498
300.6893,-1.8673,-372.4733,0.292625
300.6206,-1.8716,-371.9389,0.292774
300.5578,-1.8754,-371.4498,0.292899
300.4947,-1.8791,-370.9567,0.293035
300.4311,-1.8828,-370.4596,0.293169
300.3672,-1.8865,-369.9585,0.293306
300.3030,-1.8903,-369.4536,0.293444
300.2320,-1.8946,-368.8932,0.293600
300.1669,-1.8985,-368.3795,0.293740
300.1014,-1.9023,-367.8616,0.293883
300.0355,-1.9060,-367.3395,0.294025
299.9693,-1.9093,-366.8136,0.294170
299.9028,-1.9126,-366.2836,0.294316
299.8359,-1.9159,-365.7494,0.294462
299.7618,-1.9196,-365.1570,0.294625
299.6939,-1.9230,-364.6141,0.294775
299.6256,-1.9264,-364.0670,0.294925
299.5568,-1.9297,-363.5157,0.295080
299.4874,-1.9329,-362.9602,0.295232
299.4105,-1.9364,-362.3446,0.295404
299.3401,-1.9396,-361.7807,0.295559
299.2691,-1.9428,-361.2126,0.295716
299.1977,-1.9460,-360.6404,0.295875
299.1184,-1.9496,-360.0061,0.296055
299.0458,-1.9529,-359.4254,0.296216
298.9725,-1.9565,-358.8403,0.296376
298.8985,-1.9596,-358.2509,0.296542
298.8239,-1.9626,-357.6577,0.296707
298.7410,-1.9659,-357.0005,0.296887
298.6650,-1.9689,-356.3988,0.297057
298.5883,-1.9719,-355.7929,0.297227
298.5110,-1.9750,-355.1829,0.297396
298.4331,-1.9777,-354.5685,0.297562
298.3464,-1.9802,-353.8885,0.297754
298.2673,-1.9829,-353.2665,0.297927
298.1879,-1.9857,-352.6402,0.298102
298.1084,-1.9886,-352.0100,0.298277
298.0289,-1.9915,-351.3765,0.298452
297.9413,-1.9946,-350.6772,0.298650
297.8618,-1.9975,-350.0408,0.298826
297.7827,-2.0003,-349.4054,0.299006
297.7039,-2.0029,-348.7715,0.299180
297.6255,-2.0055,-348.1389,0.299356
297.5398,-2.0083,-347.4443,0.299552
297.4624,-2.0106,-346.8143,0.299727
297.3853,-2.0131,-346.1857,0.299899
297.3009,-2.0160,-345.4956,0.300093
297.2245,-2.0185,-344.8696,0.300271
297.1486,-2.0210,-344.2448,0.300447
297.0655,-2.0237,-343.5590,0.300637
296.9903,-2.0260,-342.9369,0.300816
296.9155,-2.0283,-342.3160,0.300990
296.8337,-2.0307,-341.6346,0.301181
296.7597,-2.0330,-341.0164,0.301353
296.6860,-2.0354,-340.3995,0.301528
296.6054,-2.0380,-339.7224,0.301719
296.5325,-2.0401,-339.1079,0.301893
296.4600,-2.0422,-338.4948,0.302068
296.3804,-2.0445,-337.8219,0.302258
296.3082,-2.0466,-337.2114,0.302429
296.2361,-2.0487,-336.6021,0.302602
296.1570,-2.0510,-335.9333,0.302788
296.0850,-2.0531,-335.3265,0.302962
296.0133,-2.0551,-334.7211,0.303131
295.9343,-2.0572,-334.0563,0.303321
295.8625,-2.0589,-333.4535,0.303487
295.7908,-2.0607,-332.8518,0.303659
295.7120,-2.0626,-332.1914,0.303843
295.6404,-2.0644,-331.5924,0.304017
295.5688,-2.0661,-330.9947,0.304186
295.4973,-2.0678,-330.3981,0.304354
295.4188,-2.0697,-329.7432,0.304541
295.3472,-2.0711,-329.1493,0.304706
295.2753,-2.0726,-328.5565,0.304875
295.1957,-2.0742,-327.9055,0.305060
295.1227,-2.0759,-327.3140,0.305229
295.0487,-2.0773,-326.7223,0.305396
294.9738,-2.0788,-326.1307,0.305563
294.8903,-2.0804,-325.4799,0.305748
294.8136,-2.0815,-324.8880,0.305917
294.7361,-2.0826,-324.2964,0.306079
294.6498,-2.0839,-323.6457,0.306265
294.5707,-2.0850,-323.0543,0.306432
294.4908,-2.0861,-322.4629,0.306600
294.4021,-2.0873,-321.8123,0.306787
294.3206,-2.0884,-321.2210,0.306955
294.2382,-2.0895,-320.6297,0.307121
294.1468,-2.0905,-319.9794,0.307306
294.0629,-2.0914,-319.3883,0.307474
293.9696,-2.0924,-318.7383,0.307658
293.8841,-2.0931,-318.1473,0.307825
293.7978,-2.0940,-317.5568,0.307995
293.7018,-2.0949,-316.9070,0.308181
293.6138,-2.0958,-316.3165,0.308347
293.5252,-2.1431,-315.7258,0.308517
293.4281,-2.1491,-315.0756,0.308701
293.3394,-2.1527,-314.4854,0.308870
293.2503,-2.1542,-313.8960,0.309041
293.1600,-2.1534,-313.3070,0.309209
293.0716,-2.1504,-312.7172,0.309376
292.9750,-2.1447,-312.0682,0.309559
292.8875,-2.1380,-311.4796,0.309727
292.7912,-2.1297,-310.8334,0.309917
292.7036,-2.1222,-310.2476,0.310082
292.6159,-2.1155,-309.6633,0.310248
292.5288,-2.1102,-309.0797,0.310415
292.4333,-2.1067,-308.4388,0.310600
292.3467,-2.1061,-307.8569,0.310766
292.2603,-2.1081,-307.2755,0.310933
292.1652,-2.1131,-306.6371,0.311116
292.0788,-2.1198,-306.0578,0.311282
291.9926,-2.1281,-305.4796,0.311450
291.8979,-2.1381,-304.8446,0.311628
291.8120,-2.1473,-304.2684,0.311796
291.7178,-2.1565,-303.6357,0.311974
291.6326,-2.1635,-303.0613,0.312137
291.5479,-2.1685,-302.4879,0.312304
291.4555,-2.1714,-301.8580,0.312485
291.3720,-2.1716,-301.2863,0.312647
291.2888,-2.1695,-300.7154,0.312809
291.1975,-2.1651,-300.0883,0.312992
291.1147,-2.1597,-299.5193,0.313150
291.0321,-2.1535,-298.9510,0.313316
290.9414,-2.1465,-298.3264,0.313494
290.8590,-2.1406,-297.7586,0.313657
290.7684,-2.1355,-297.1339,0.313829
290.6863,-2.1323,-296.5659,0.313997
290.6044,-2.1309,-295.9977,0.314162
290.5145,-2.1314,-295.3726,0.314339
290.4330,-2.1337,-294.8043,0.314499
290.3438,-2.1378,-294.1790,0.314681
290.2632,-2.1426,-293.6105,0.314843
290.1752,-2.1484,-292.9850,0.315022
290.0959,-2.1536,-292.4164,0.315181
290.0097,-2.1590,-291.7907,0.315361
289.9323,-2.1630,-291.2218,0.315526
289.8558,-2.1661,-290.6526,0.315688
289.7729,-2.1681,-290.0263,0.315865
289.6984,-2.1689,-289.4566,0.316026
289.6174,-2.1688,-288.8294,0.316210
289.5445,-2.1680,-288.2589,0.316366
289.4721,-2.1668,-287.6881,0.316532
289.3928,-2.1654,-287.0599,0.316711
289.3209,-2.1644,-286.4884,0.316873
289.2489,-2.1638,-285.9166,0.317037
289.1699,-2.1639,-285.2868,0.317215
289.0979,-2.1647,-284.7135,0.317379
289.0259,-2.1660,-284.1390,0.317544
288.9539,-2.1676,-283.5636,0.317708
288.8748,-2.1695,-282.9294,0.317888
288.8031,-2.1712,-282.3515,0.318054
288.7314,-2.1724,-281.7726,0.318215
288.6527,-2.1730,-281.1344,0.318399
288.5813,-2.1728,-280.5529,0.318562
288.5102,-2.1718,-279.9701,0.318731
288.4394,-2.1701,-279.3861,0.318899
288.3620,-2.1677,-278.7421,0.319074
288.2920,-2.1652,-278.1552,0.319244
288.2224,-2.1630,-277.5670,0.319411
288.1463,-2.1613,-276.9183,0.319597
288.0775,-2.1607,-276.3273,0.319766
288.0090,-2.1613,-275.7350,0.319931
287.9409,-2.1634,-275.1413,0.320097
287.8662,-2.1672,-274.4868,0.320287
287.7984,-2.1721,-273.8904,0.320458
287.7308,-2.1778,-273.2927,0.320628
287.6643,-2.1840,-272.6940,0.320797
287.5925,-2.1908,-272.0339,0.320981
287.5282,-2.1962,-271.4323,0.321157
287.4649,-2.2003,-270.8292,0.321325
287.3964,-2.2029,-270.1643,0.321511
287.3348,-2.2032,-269.5585,0.321686
287.2741,-2.2013,-268.9509,0.321860
287.2141,-2.1975,-268.3419,0.322031
287.1495,-2.1915,-267.6702,0.322222
287.0922,-2.1849,-267.0576,0.322395
287.0355,-2.1780,-266.4435,0.322570
286.9733,-2.1709,-265.7665,0.322762
286.9170,-2.1657,-265.1497,0.322939
286.8610,-2.1624,-264.5319,0.323112
286.8055,-2.1614,-263.9136,0.323286
286.7451,-2.1632,-263.2332,0.323481
286.6913,-2.1676,-262.6146,0.323648
286.6384,-2.1742,-261.9958,0.323825
286.5867,-2.1825,-261.3770,0.324003
286.5314,-2.1927,-260.6961,0.324196
286.4826,-2.2021,-260.0771,0.324374
286.4354,-2.2107,-259.4584,0.324549
286.3896,-2.2178,-258.8406,0.324722
286.3410,-2.2231,-258.1620,0.324915
286.2982,-2.2252,-257.5457,0.325087
286.2567,-2.2244,-256.9300,0.325262
286.2162,-2.2211,-256.3149,0.325438
286.1725,-2.2148,-255.6390,0.325623
286.1334,-2.2074,-255.0252,0.325800
286.0943,-2.1992,-254.4123,0.325974
286.0554,-2.1911,-253.8001,0.326147
286.0125,-2.1832,-253.1277,0.326333
285.9732,-2.1778,-252.5173,0.326507
285.9338,-2.1748,-251.9078,0.326676
285.8942,-2.1743,-251.2992,0.326849
285.8504,-2.1770,-250.6309,0.327036
285.8105,-2.1822,-250.0243,0.327205
285.7706,-2.1896,-249.4186,0.327377
285.7307,-2.1985,-248.8132,0.327545
285.6908,-2.2082,-248.2076,0.327717
285.6467,-2.2189,-247.5407,0.327904
285.6064,-2.2277,-246.9337,0.328077
285.5661,-2.2348,-246.3260,0.328243
285.5215,-2.2402,-245.6566,0.328431
285.4800,-2.2422,-245.0473,0.328603
285.4370,-2.2416,-244.4373,0.328775
285.3918,-2.2384,-243.8266,0.328949
285.3450,-2.2330,-243.2153,0.329121
285.2932,-2.2253,-242.5423,0.329312
285.2471,-2.2175,-241.9297,0.329482
285.2012,-2.2099,-241.3167,0.329656
285.1502,-2.2028,-240.6426,0.329844
285.1029,-2.1980,-240.0310,0.330017
285.0546,-2.1955,-239.4203,0.330188
285.0055,-2.1954,-238.8107,0.330358
284.9506,-2.1982,-238.1411,0.330552
284.9002,-2.2032,-237.5336,0.330717
284.8446,-2.2108,-236.8665,0.330906
284.7939,-2.2190,-236.2614,0.331076
284.7431,-2.2277,-235.6573,0.331246
284.6924,-2.2361,-235.0545,0.331417
284.6366,-2.2444,-234.3926,0.331600
284.5861,-2.2504,-233.7919,0.331771
284.5355,-2.2545,-233.1922,0.331937
284.4798,-2.2566,-232.5335,0.332127
284.4291,-2.2564,-231.9355,0.332294
284.3782,-2.2543,-231.3384,0.332458
284.3271,-2.2507,-230.7421,0.332629
284.2705,-2.2457,-230.0871,0.332812
284.2187,-2.2407,-229.4925,0.332981
284.1662,-2.2360,-228.8988,0.333150
284.1077,-2.2316,-228.2467,0.333331
284.0536,-2.2288,-227.6549,0.333500
283.9987,-2.2275,-227.0640,0.333663
283.9374,-2.2279,-226.4151,0.333846
283.8810,-2.2298,-225.8263,0.334013
283.8240,-2.2330,-225.2386,0.334174
283.7611,-2.2377,-224.5935,0.334359
283.7037,-2.2426,-224.0084,0.334525
283.6410,-2.2481,-223.3661,0.334703
283.5846,-2.2528,-222.7834,0.334868
283.5291,-2.2569,-222.2020,0.335031
283.4698,-2.2605,-221.5638,0.335212
283.4172,-2.2629,-220.9842,0.335376
283.3657,-2.2643,-220.4045,0.335539
283.3145,-2.2649,-219.8241,0.335706
283.2586,-2.2647,-219.1849,0.335884
283.2081,-2.2641,-218.6032,0.336051
283.1581,-2.2633,-218.0208,0.336211
283.1037,-2.2624,-217.3792,0.336395
283.0547,-2.2619,-216.7952,0.336560
283.0062,-2.2618,-216.2106,0.336724
282.9533,-2.2624,-215.5668,0.336906
282.9059,-2.2634,-214.9814,0.337070
282.8593,-2.2648,-214.3970,0.337235
282.8091,-2.2667,-213.7555,0.337421
282.7644,-2.2685,-213.1734,0.337582
282.7194,-2.2702,-212.5919,0.337747
282.6693,-2.2719,-211.9534,0.337925
282.6234,-2.2730,-211.3740,0.338090
282.5740,-2.2738,-210.7375,0.338273
282.5313,-2.2741,-210.1598,0.338434
282.4867,-2.2741,-209.5248,0.338615
282.4474,-2.2739,-208.9481,0.338773
282.4042,-2.2737,-208.3144,0.338952
282.3647,-2.2737,-207.7393,0.339115
282.3212,-2.2743,-207.1077,0.339292
282.2816,-2.2753,-206.5344,0.339454
282.2380,-2.2772,-205.9048,0.339629
282.1983,-2.2796,-205.3330,0.339789
282.1587,-2.2826,-204.7621,0.339957
282.1149,-2.2865,-204.1347,0.340132
282.0748,-2.2904,-203.5652,0.340291
282.0304,-2.2947,-202.9398,0.340467
281.9897,-2.2984,-202.3720,0.340626
281.9487,-2.3015,-201.8052,0.340786
281.9034,-2.3041,-201.1829,0.340962
281.8619,-2.3055,-200.6182,0.341120
281.8205,-2.3058,-200.0547,0.341277
281.7751,-2.3049,-199.4359,0.341452
281.7338,-2.3030,-198.8745,0.341610
281.6885,-2.3001,-198.2580,0.341783
281.6473,-2.2969,-197.6985,0.341941
281.6062,-2.2936,-197.1398,0.342098
281.5610,-2.2902,-196.5262,0.342272
281.5198,-2.2877,-195.9692,0.342426
281.4787,-2.2862,-195.4130,0.342587
281.4333,-2.2860,-194.8021,0.342756
281.3921,-2.2872,-194.2476,0.342909
281.3507,-2.2899,-193.6938,0.343070
281.3092,-2.2940,-193.1409,0.343228
281.2633,-2.2998,-192.5336,0.343392
281.2214,-2.3061,-191.9823,0.343554
281.1792,-2.3129,-191.4318,0.343705
281.1324,-2.3204,-190.8271,0.343876
281.0896,-2.3268,-190.2783,0.344030
281.0464,-2.3324,-189.7303,0.344187
280.9985,-2.3370,-189.1285,0.344357
280.9546,-2.3396,-188.5825,0.344510
280.9104,-2.3405,-188.0374,0.344666
280.8616,-2.3394,-187.4390,0.344832
280.8171,-2.3367,-186.8960,0.344982
280.7724,-2.3325,-186.3538,0.345136
280.7232,-2.3268,-185.7580,0.345304
280.6784,-2.3208,-185.2168,0.345456
280.6292,-2.3143,-184.6219,0.345624
280.5845,-2.3088,-184.0816,0.345777
280.5398,-2.3044,-183.5415,0.345927
280.4950,-2.3014,-183.0019,0.346084
280.4457,-2.3002,-182.4087,0.346250
280.4008,-2.3011,-181.8698,0.346400
280.3560,-2.3041,-181.3313,0.346552
280.3066,-2.3095,-180.7393,0.346720
280.2617,-2.3161,-180.2016,0.346876
280.2126,-2.3247,-179.6105,0.347039
280.1680,-2.3332,-179.0735,0.347190
280.1234,-2.3418,-178.5368,0.347339
280.0743,-2.3507,-177.9469,0.347505
280.0297,-2.3577,-177.4109,0.347660
279.9852,-2.3632,-176.8752,0.347810
279.9361,-2.3671,-176.2861,0.347976
279.8915,-2.3685,-175.7505,0.348129
279.8425,-2.3676,-175.1612,0.348289
279.7982,-2.3646,-174.6254,0.348444
279.7538,-2.3599,-174.0894,0.348596
279.7048,-2.3533,-173.4997,0.348762
279.6602,-2.3464,-172.9634,0.348912
279.6111,-2.3386,-172.3732,0.349078
279.5664,-2.3320,-171.8364,0.349230
279.5214,-2.3263,-171.2994,0.349379
279.4716,-2.3218,-170.7085,0.349545
279.4261,-2.3197,-170.1711,0.349701
279.3804,-2.3197,-169.6336,0.349856
279.3298,-2.3222,-169.0431,0.350018
279.2838,-2.3265,-168.5072,0.350167
279.2332,-2.3333,-167.9187,0.350334
279.1873,-2.3409,-167.3845,0.350482
279.1415,-2.3493,-166.8512,0.350636
279.0910,-2.3588,-166.2657,0.350801
279.0451,-2.3671,-165.7342,0.350950
278.9992,-2.3745,-165.2036,0.351103
278.9486,-2.3812,-164.6208,0.351266
278.9025,-2.3854,-164.0919,0.351412
278.8565,-2.3878,-163.5637,0.351560
278.8058,-2.3882,-162.9835,0.351731
278.7597,-2.3865,-162.4569,0.351876
278.7133,-2.3833,-161.9310,0.352023
278.6620,-2.3782,-161.3534,0.352184
278.6149,-2.3726,-160.8291,0.352332
278.5674,-2.3667,-160.3056,0.352480
278.5145,-2.3604,-159.7306,0.352643
278.4658,-2.3553,-159.2088,0.352793
278.4163,-2.3512,-158.6877,0.352935
278.3612,-2.3482,-158.1154,0.353101
278.3103,-2.3470,-157.5957,0.353245
278.2589,-2.3471,-157.0773,0.353391
278.2071,-2.3488,-156.5597,0.353536
278.1497,-2.3522,-155.9915,0.353697
278.0972,-2.3566,-155.4758,0.353845
278.0446,-2.3617,-154.9612,0.353987
277.9868,-2.3679,-154.3962,0.354145
277.9342,-2.3735,-153.8836,0.354290
277.8766,-2.3793,-153.3208,0.354449
277.8244,-2.3839,-152.8102,0.354593
277.7726,-2.3875,-152.3003,0.354738
277.7158,-2.3903,-151.7404,0.354898
277.6644,-2.3916,-151.2322,0.355036
277.6132,-2.3917,-150.7247,0.355178
277.5569,-2.3907,-150.1673,0.355340
277.5059,-2.3888,-149.6615,0.355483
277.4552,-2.3863,-149.1564,0.355621
277.4000,-2.3831,-148.6016,0.355786
277.3501,-2.3802,-148.0981,0.355925
277.2954,-2.3771,-147.5452,0.356080
277.2459,-2.3747,-147.0433,0.356223
277.1964,-2.3728,-146.5421,0.356360
277.1422,-2.3715,-145.9917,0.356516
277.0880,-2.3710,-145.4422,0.356672
277.0387,-2.3713,-144.9435,0.356814
276.9898,-2.3722,-144.4457,0.356951
276.9361,-2.3737,-143.8988,0.357110
276.8872,-2.3755,-143.4027,0.357249
276.8385,-2.3773,-142.9073,0.357387
276.7851,-2.3793,-142.3633,0.357544
276.7365,-2.3810,-141.8697,0.357681
276.6881,-2.3824,-141.3768,0.357822
276.6353,-2.3835,-140.8355,0.357973
276.5878,-2.3841,-140.3442,0.358110
276.5405,-2.3832,-139.8522,0.358252
276.4892,-2.3804,-139.3135,0.358403
276.4430,-2.3777,-138.8246,0.358543
276.3972,-2.3748,-138.3362,0.358682
276.3472,-2.3718,-137.7998,0.358833
276.3019,-2.3692,-137.3128,0.358969
276.2567,-2.3668,-136.8266,0.359106
276.2070,-2.3647,-136.2925,0.359255
276.1618,-2.3631,-135.8078,0.359392
276.1165,-2.3620,-135.3237,0.359529
276.0665,-2.3611,-134.7919,0.359677
276.0207,-2.3606,-134.3093,0.359816
275.9702,-2.3602,-133.7793,0.359965
275.9239,-2.3599,-133.2981,0.360100
275.8773,-2.3594,-132.8178,0.360238
275.8257,-2.3585,-132.2905,0.360384
275.7785,-2.3572,-131.8120,0.360522
275.7310,-2.3553,-131.3344,0.360651
275.6786,-2.3519,-130.8098,0.360802
275.6309,-2.3480,-130.3342,0.360935
275.5786,-2.3429,-129.8119,0.361082
275.5312,-2.3376,-129.3380,0.361219
275.4839,-2.3318,-128.8650,0.361351
275.4319,-2.3251,-128.3456,0.361496
275.3846,-2.3190,-127.8741,0.361628
275.3376,-2.3129,-127.4035,0.361762
275.2858,-2.3067,-126.8866,0.361904
275.2389,-2.3017,-126.4176,0.362041
275.1921,-2.2975,-125.9493,0.362172
275.1408,-2.2939,-125.4350,0.362316
275.0943,-2.2918,-124.9682,0.362447
275.0434,-2.2906,-124.4558,0.362593
274.9973,-2.2907,-123.9907,0.362721
274.9515,-2.2916,-123.5263,0.362850
274.9014,-2.2935,-123.0164,0.362994
274.8561,-2.2957,-122.5536,0.363124
274.8111,-2.2982,-122.0916,0.363258
274.7616,-2.3008,-121.5841,0.363401
274.7168,-2.3028,-121.1237,0.363526
274.6678,-2.3043,-120.6180,0.363671
274.6235,-2.3047,-120.1593,0.363796
274.5796,-2.3040,-119.7009,0.363928
274.5315,-2.3018,-119.1972,0.364070
274.4882,-2.2984,-118.7396,0.364198
274.4411,-2.2933,-118.2366,0.364340
274.3984,-2.2871,-117.7794,0.364469
274.3560,-2.2798,-117.3225,0.364597
274.3094,-2.2709,-116.8190,0.364733
274.2666,-2.2621,-116.3604,0.364868
274.2234,-2.2531,-115.9006,0.364994
274.1755,-2.2433,-115.3935,0.365137
274.1316,-2.2349,-114.9313,0.365265
274.0875,-2.2273,-114.4680,0.365393
274.0388,-2.2202,-113.9568,0.365536
273.9943,-2.2150,-113.4906,0.365668
273.9454,-2.2111,-112.9757,0.365813
273.9006,-2.2092,-112.5060,0.365946
273.8554,-2.2089,-112.0346,0.366080
273.8055,-2.2102,-111.5141,0.366225
273.7599,-2.2126,-111.0390,0.366357
273.7142,-2.2160,-110.5622,0.366488
273.6636,-2.2203,-110.0356,0.366639
273.6172,-2.2244,-109.5549,0.366775
273.5706,-2.2283,-109.0723,0.366908
273.5190,-2.2317,-108.5391,0.367056
273.4716,-2.2336,-108.0523,0.367193
273.4239,-2.2341,-107.5631,0.367332
273.3709,-2.2328,-107.0222,0.367481
273.3224,-2.2296,-106.5276,0.367620
273.2736,-2.2245,-106.0302,0.367763
273.2195,-2.2170,-105.4798,0.367911
273.1700,-2.2085,-104.9764,0.368056
273.1153,-2.1978,-104.4192,0.368207
273.0652,-2.1871,-103.9094,0.368353
273.0147,-2.1760,-103.3968,0.368497
272.9590,-2.1642,-102.8293,0.368658
272.9081,-2.1542,-102.3103,0.368796
272.8570,-2.1455,-101.7882,0.368946
272.8058,-2.1385,-101.2634,0.369093
272.7491,-2.1329,-100.6840,0.369252
272.6976,-2.1300,-100.1566,0.369401
272.6462,-2.1290,-99.6301,0.369548
272.5896,-2.1298,-99.0520,0.369710
272.5383,-2.1320,-98.5272,0.369855
272.4869,-2.1351,-98.0034,0.370003
272.4303,-2.1390,-97.4281,0.370163
272.3790,-2.1423,-96.9061,0.370309
272.3277,-2.1451,-96.3849,0.370450
272.2765,-2.1468,-95.8646,0.370595
272.2202,-2.1471,-95.2932,0.370754
272.1692,-2.1458,-94.7747,0.370897
272.1181,-2.1427,-94.2569,0.371038
272.0669,-2.1379,-93.7397,0.371182
272.0105,-2.1305,-93.1719,0.371340
271.9589,-2.1224,-92.6565,0.371484
271.9071,-2.1134,-92.1420,0.371623
271.8549,-2.1039,-91.6282,0.371764
271.8021,-2.0943,-91.1153,0.371903
271.7433,-2.0841,-90.5520,0.372057
271.6890,-2.0755,-90.0408,0.372192
271.6339,-2.0679,-89.5304,0.372330
271.5779,-2.0615,-89.0208,0.372470
271.5150,-2.0558,-88.4612,0.372620
271.4565,-2.0520,-87.9532,0.372759
271.3967,-2.0494,-87.4462,0.372890
271.3353,-2.0475,-86.9398,0.373031
271.2660,-2.0462,-86.3842,0.373180
271.2014,-2.0454,-85.8802,0.373316
271.1355,-2.0448,-85.3772,0.373451
271.0683,-2.0441,-84.8753,0.373586
271.0000,-2.0429,-84.3743,0.373721
270.9237,-2.0408,-83.8245,0.373867
270.8533,-2.0381,-83.3259,0.374001
270.7819,-2.0346,-82.8283,0.374135
270.7096,-2.0303,-82.3312,0.374268
270.6288,-2.0243,-81.7860,0.374412
270.5543,-2.0183,-81.2914,0.374545
270.4786,-2.0121,-80.7978,0.374681
270.4018,-2.0062,-80.3053,0.374814
270.3236,-2.0002,-79.8133,0.374946
270.2361,-1.9940,-79.2735,0.375092
270.1550,-1.9889,-78.7838,0.375223
270.0722,-1.9846,-78.2954,0.375352
269.9877,-1.9807,-77.8073,0.375484
269.9016,-1.9768,-77.3207,0.375612
269.8138,-1.9733,-76.8353,0.375745
269.7245,-1.9700,-76.3509,0.375874
269.6243,-1.9669,-75.8200,0.376022
269.5315,-1.9635,-75.3377,0.376155
269.4371,-1.9592,-74.8571,0.376288
269.3409,-1.9542,-74.3779,0.376411
269.2431,-1.9483,-73.8999,0.376544
269.1435,-1.9420,-73.4236,0.376671
269.0420,-1.9341,-72.9474,0.376803
268.9381,-1.8930,-72.4738,0.376932
268.8302,-1.8874,-72.0021,0.377054
268.7229,-1.8818,-71.5292,0.377185
268.6128,-1.8761,-71.0584,0.377314
268.5011,-1.8705,-70.5892,0.377440
268.3879,-1.8650,-70.1215,0.377568
268.2730,-1.8594,-69.6553,0.377694
268.1675,-1.8544,-69.2370,0.377805
268.0479,-1.8488,-68.7736,0.377935
267.9262,-1.8433,-68.3122,0.378059
267.8019,-1.8374,-67.8524,0.378185
267.6626,-1.8307,-67.3487,0.378322
267.5468,-1.8253,-66.9378,0.378434
267.4163,-1.8194,-66.4827,0.378559
267.2837,-1.8135,-66.0293,0.378681
267.1489,-1.8076,-65.5775,0.378807
266.9977,-1.8011,-65.0829,0.378941
266.8578,-1.7952,-64.6353,0.379066
266.7156,-1.7893,-64.1896,0.379187
266.5713,-1.7834,-63.7458,0.379306
266.4251,-1.7776,-63.3039,0.379428
266.2771,-1.7716,-62.8634,0.379551
266.1275,-1.8219,-62.4250,0.379671
265.9781,-1.8129,-61.9872,0.379791
265.8278,-1.8030,-61.5515,0.379912
265.6765,-1.7924,-61.1170,0.380038
265.5223,-1.7821,-60.6828,0.380154
265.3655,-1.7712,-60.2472,0.380272
265.2069,-1.7606,-59.8099,0.380398
265.0471,-1.7507,-59.3716,0.380513
264.8863,-1.7419,-58.9332,0.380639
264.7238,-1.7343,-58.4953,0.380763
264.5596,-1.7284,-58.0561,0.380883
264.3942,-1.7228,-57.6171,0.381003
264.2277,-1.7180,-57.1774,0.381129
264.0602,-1.7139,-56.7368,0.381249
263.8918,-1.7100,-56.2953,0.381372
263.7224,-1.7060,-55.8528,0.381493
263.5692,-1.7019,-55.4536,0.381606
263.3981,-1.6966,-55.0090,0.381728
263.2263,-1.6902,-54.5633,0.381852
263.0536,-1.6826,-54.1165,0.381981
262.8801,-1.6738,-53.6686,0.382102
262.7055,-1.6638,-53.2191,0.382226
262.5298,-1.6527,-52.7684,0.382352
262.3531,-1.6412,-52.3162,0.382475
262.1754,-1.6295,-51.8625,0.382600
261.9966,-1.6181,-51.4072,0.382726
261.8167,-1.6079,-50.9507,0.382855
261.6357,-1.5987,-50.4919,0.382980
261.4536,-1.5909,-50.0320,0.383107
261.2885,-1.5853,-49.6169,0.383223
260.6169,-1.5584,-47.9452,0.383681
260.4062,-1.5506,-47.4317,0.383823
260.1938,-1.5428,-46.9168,0.383965
260.0187,-1.5364,-46.4964,0.384077
259.8226,-1.5290,-46.0306,0.384202
259.6252,-1.5219,-45.5666,0.384328
259.4264,-1.5148,-45.1041,0.384454
259.2264,-1.5077,-44.6437,0.384580
259.0250,-1.5007,-44.1855,0.384704
258.8426,-1.4942,-43.7747,0.384817
258.6390,-1.4870,-43.3202,0.384934
258.4344,-1.4798,-42.8673,0.385057
258.2290,-1.4726,-42.4159,0.385180
258.0225,-1.4655,-41.9662,0.385303
257.8145,-1.4584,-41.5181,0.385425
257.6046,-1.4513,-41.0718,0.385545
257.3924,-1.4442,-40.6275,0.385670
257.1777,-1.4371,-40.1853,0.385784
256.9604,-1.4300,-39.7451,0.385906
256.7406,-1.4230,-39.3071,0.386025
256.5181,-1.4159,-38.8712,0.386142
256.3158,-1.4094,-38.4809,0.386252
256.0885,-1.4022,-38.0496,0.386363
255.8587,-1.3951,-37.6209,0.386486
255.6265,-1.3879,-37.1948,0.386600
255.3925,-1.3825,-36.7728,0.386717
255.1554,-1.3769,-36.3500,0.386832
254.9405,-1.3706,-35.9722,0.386937
254.6994,-1.3635,-35.5535,0.387055
254.4559,-1.3564,-35.1358,0.387170
254.2101,-1.3494,-34.7188,0.387287
253.9625,-1.3440,-34.3036,0.387406
253.7369,-1.3388,-33.9277,0.387510
253.4848,-1.3317,-33.5120,0.387628
253.2300,-1.3247,-33.0968,0.387747
252.9983,-1.3183,-32.7237,0.387855
252.7384,-1.3112,-32.3098,0.387969
252.4757,-1.3041,-31.8965,0.388085
252.2369,-1.2977,-31.5251,0.388193
251.9687,-1.2906,-31.1131,0.388312
251.6974,-1.2835,-30.7019,0.388430
251.4234,-1.2770,-30.2931,0.388547
251.1459,-1.2719,-29.8837,0.388668
250.8650,-1.2649,-29.4741,0.388790
250.6099,-1.2584,-29.1078,0.388899
250.3234,-1.2513,-28.7019,0.389020
250.0341,-1.2441,-28.2973,0.389144
249.7427,-1.2377,-27.8952,0.389265
249.4480,-1.2322,-27.4913,0.389390
249.1519,-1.2250,-27.0895,0.389518
248.8535,-1.2178,-26.6886,0.389635
248.5831,-1.2114,-26.3285,0.389746
248.2804,-1.2042,-25.9292,0.389873
247.9754,-1.1967,-25.5303,0.389994
247.6680,-1.1891,-25.1324,0.390121
247.3580,-1.1815,-24.7351,0.390246
247.0452,-1.1738,-24.3384,0.390375
246.7621,-1.1671,-23.9846,0.390487
246.4440,-1.1635,-23.5887,0.390618
246.1220,-1.1596,-23.1908,0.390745
245.7985,-1.1519,-22.7960,0.390872
245.4715,-1.1442,-22.4019,0.391004
245.1410,-1.1365,-22.0087,0.391132
244.8072,-1.1287,-21.6162,0.391261
244.4703,-1.1205,-21.2238,0.391391
244.1306,-1.1119,-20.8326,0.391521
243.7878,-1.1033,-20.4420,0.391651
243.4421,-1.0947,-20.0521,0.391786
243.0948,-1.0870,-19.6661,0.391915
242.7797,-1.0832,-19.3170,0.392035
242.4268,-1.0770,-18.9282,0.392172
242.0743,-1.0684,-18.5446,0.392298
241.7201,-1.0598,-18.1639,0.392429
241.3642,-1.0513,-17.7859,0.392556
241.0066,-1.0427,-17.4106,0.392688
240.6487,-1.0389,-17.0406,0.392819
240.2857,-1.0342,-16.6667,0.392946
239.9237,-1.0247,-16.2989,0.393070
239.5594,-1.0152,-15.9347,0.393203
239.1929,-1.0057,-15.5737,0.393331
238.8244,-0.9963,-15.2159,0.393455
238.4538,-0.9868,-14.8608,0.393583
238.0815,-0.9774,-14.5078,0.393711
237.7072,-0.9679,-14.1563,0.393839
237.3311,-0.9585,-13.8064,0.393964
236.9544,-0.9491,-13.4602,0.394097
236.5744,-0.9432,-13.1133,0.394225
236.1924,-0.9372,-12.7675,0.394353
235.8083,-0.9313,-12.4229,0.394481
235.4196,-0.9213,-12.0782,0.394610
235.0303,-0.9110,-11.7369,0.394737
234.6382,-0.9007,-11.3970,0.394872
234.2436,-0.8904,-11.0585,0.394998
233.8487,-0.8816,-10.7230,0.395129
233.4471,-0.8728,-10.3855,0.395263
233.0452,-0.8623,-10.0513,0.395390
232.6811,-0.8530,-9.7525,0.395511
232.2739,-0.8425,-9.4226,0.395643
231.8228,-0.8309,-9.0619,0.395788
231.4515,-0.8212,-8.7687,0.395905
230.9952,-0.8094,-8.4123,0.396051
230.5783,-0.7985,-8.0901,0.396187
230.1594,-0.7877,-7.7696,0.396321
229.7410,-0.7795,-7.4526,0.396450
229.3161,-0.7696,-7.1331,0.396591
228.8918,-0.7587,-6.8170,0.396724
228.4654,-0.7478,-6.5026,0.396859
228.0367,-0.7368,-6.1898,0.396995
227.6076,-0.7267,-5.8797,0.397132
227.1730,-0.7185,-5.5685,0.397261
226.7381,-0.7076,-5.2598,0.397401
226.3008,-0.6965,-4.9531,0.397541
225.8607,-0.6855,-4.6485,0.397673
225.4179,-0.6744,-4.3461,0.397811
224.9725,-0.6635,-4.0458,0.397947
224.5248,-0.6524,-3.7477,0.398086
224.0298,-0.6401,-3.4221,0.398234
223.5777,-0.6289,-3.1284,0.398374
223.1239,-0.6177,-2.8366,0.398507
222.6682,-0.6067,-2.5470,0.398647
222.2106,-0.5957,-2.2590,0.398785
221.7513,-0.5847,-1.9726,0.398923
221.2902,-0.5736,-1.6878,0.399060
220.8275,-0.5625,-1.4044,0.399206
220.3629,-0.5514,-1.1224,0.399344
219.8965,-0.5403,-0.8420,0.399485
219.4281,-0.5292,-0.5633,0.399623
218.9578,-0.5180,-0.2862,0.399763
218.4388,-0.5570,0.0176,0.399916
217.9654,-0.5508,0.2941,0.400057
217.4920,-0.5421,0.5693,0.400194
217.0167,-0.5311,0.8417,0.400337
216.5381,-0.5180,1.1125,0.400473
216.0570,-0.5031,1.3816,0.400614
215.5734,-0.4869,1.6497,0.400753
215.0883,-0.4703,1.9169,0.400895
214.6022,-0.4539,2.1826,0.401034
214.1148,-0.4385,2.4465,0.401170
213.6260,-0.4253,2.7075,0.401312
213.0867,-0.4124,2.9921,0.401465
212.5971,-0.4024,3.2485,0.401603
212.1076,-0.3939,3.5031,0.401741
211.6183,-0.3865,3.7556,0.401877
211.1289,-0.3795,4.0058,0.402014
210.6393,-0.3720,4.2533,0.402150
210.1492,-0.3635,4.4978,0.402288
209.6586,-0.3534,4.7392,0.402422
209.1674,-0.3412,4.9776,0.402560
208.6756,-0.3288,5.2129,0.402695
208.1346,-0.3110,5.4683,0.402844
207.6426,-0.2933,5.6973,0.402974
207.1508,-0.2748,5.9234,0.403110
206.6611,-0.2568,6.1458,0.403243
206.1677,-0.2420,6.3674,0.403376
205.6769,-0.2254,6.5859,0.403510
205.1863,-0.2106,6.8018,0.403641
204.6959,-0.1978,7.0152,0.403771
204.2056,-0.1870,7.2262,0.403905
203.7150,-0.1798,7.4346,0.404036
203.2247,-0.1722,7.6410,0.404164
202.7344,-0.1656,7.8447,0.404300
202.2435,-0.1594,8.0457,0.404429
201.7515,-0.1530,8.2439,0.404557
201.2578,-0.1459,8.4397,0.404686
200.7621,-0.1375,8.6330,0.404824
200.2643,-0.1278,8.8239,0.404950
199.7646,-0.1166,9.0122,0.405085
199.2644,-0.1045,9.1974,0.405212
198.7594,-0.0915,9.3811,0.405344
198.2542,-0.0772,9.5616,0.405480
197.7474,-0.0628,9.7396,0.405610
197.2390,-0.0489,9.9152,0.405742
196.7290,-0.0359,10.0885,0.405876
196.2176,-0.0243,10.2597,0.406009
195.7048,-0.0140,10.4290,0.406142
195.2420,-0.0061,10.5796,0.406260
194.7264,0.0015,10.7450,0.406394
194.2100,0.0068,10.9079,0.406528
193.6939,0.0128,11.0683,0.406660
193.1779,0.0189,11.2256,0.406793
192.6618,0.0257,11.3798,0.406926
192.1455,0.0337,11.5307,0.407057
191.6291,0.0435,11.6782,0.407191
191.1125,0.0552,11.8223,0.407323
190.6476,0.0674,11.9489,0.407440
190.1310,0.0828,12.0861,0.407571
189.6146,0.0999,12.2193,0.407705
189.0984,0.1179,12.3486,0.407833
188.5824,0.1364,12.4741,0.407964
188.0666,0.1551,12.5958,0.408095
187.6028,0.1715,12.7021,0.408212
187.0878,0.1888,12.8166,0.408340
186.5757,0.2026,12.9268,0.408470
186.0594,0.2168,13.0348,0.408602
185.5460,0.2289,13.1388,0.408730
185.0844,0.2382,13.2295,0.408849
184.5720,0.2467,13.3270,0.408976
184.1137,0.2524,13.4112,0.409094
183.6001,0.2563,13.5028,0.409220
183.0891,0.2605,13.5908,0.409355
182.5786,0.2642,13.6753,0.409483
182.1195,0.2676,13.7482,0.409600
181.6098,0.2717,13.8255,0.409731
181.1513,0.2760,13.8919,0.409847
180.6422,0.2819,13.9619,0.409980
180.1337,0.2890,14.0281,0.410109
179.6767,0.2965,14.0845,0.410226
179.1697,0.3062,14.1434,0.410356
178.7167,0.3143,14.1924,0.410470
178.2088,0.3250,14.2446,0.410599
177.7550,0.3363,14.2881,0.410715
177.2516,0.3497,14.3330,0.410846
176.7993,0.3621,14.3705,0.410959
176.2976,0.3762,14.4088,0.411089
175.7989,0.3885,14.4434,0.411219
175.3452,0.4006,14.4729,0.411334
174.8444,0.4139,14.5028,0.411462
174.3941,0.4253,14.5275,0.411576
173.8941,0.4371,14.5524,0.411705
173.4444,0.4470,14.5728,0.411819
172.9438,0.4572,14.5932,0.411945
172.4960,0.4655,14.6096,0.412059
171.9972,0.4735,14.6257,0.412191
171.4986,0.4807,14.6396,0.412318
171.0502,0.4866,14.6502,0.412434
170.5523,0.4926,14.6600,0.412559
170.1039,0.4978,14.6670,0.412675
169.6068,0.5034,14.6731,0.412804
169.1586,0.5084,14.6770,0.412918
168.6599,0.5142,14.6796,0.413047
168.2103,0.5198,14.6806,0.413163
167.7101,0.5266,14.6804,0.413291
167.2590,0.5335,14.6790,0.413407
166.7571,0.5418,14.6759,0.413537
166.3043,0.5500,14.6719,0.413654
165.8001,0.5600,14.6662,0.413783
165.3454,0.5698,14.6599,0.413899
164.8392,0.5815,14.6518,0.414030
164.3826,0.5926,14.6434,0.414146
163.8742,0.6055,14.6329,0.414275
163.4156,0.6174,14.6224,0.414394
162.9049,0.6307,14.6095,0.414525
162.3929,0.6439,14.5954,0.414658
161.9311,0.6555,14.5816,0.414774
161.4167,0.6677,14.5651,0.414905
160.9525,0.6779,14.5492,0.415025
160.4353,0.6883,14.5305,0.415162
159.9165,0.6978,14.5104,0.415292
159.4494,0.7053,14.4914,0.415413
158.9788,0.7118,14.4713,0.415537
158.4557,0.7182,14.4480,0.415670
157.9835,0.7233,14.4261,0.415794
157.4574,0.7283,14.4009,0.415930
156.9828,0.7319,14.3772,0.416054
156.4537,0.7361,14.3504,0.416191
155.9762,0.7401,14.3258,0.416316
155.4442,0.7451,14.2981,0.416453
154.9641,0.7504,14.2730,0.416579
154.4292,0.7573,14.2450,0.416718
153.9464,0.7648,14.2199,0.416847
153.4085,0.7744,14.1920,0.416987
152.9244,0.7842,14.1671,0.417115
152.3818,0.7969,14.1391,0.417254
151.8936,0.8094,14.1144,0.417385
151.3495,0.8242,14.0872,0.417527
150.8038,0.8397,14.0606,0.417673
150.3113,0.8538,14.0372,0.417803
149.7624,0.8693,14.0118,0.417947
149.2670,0.8826,13.9895,0.418080
148.7151,0.8964,13.9651,0.418227
148.2183,0.9076,13.9433,0.418359
147.6670,0.9184,13.9190,0.418505
147.1170,0.9280,13.8954,0.418653
146.6228,0.9351,13.8748,0.418786
146.0748,0.9414,13.8526,0.418931
145.5825,0.9460,13.8334,0.419063
145.0365,0.9501,13.8131,0.419211
144.5461,0.9532,13.7958,0.419342
144.0022,0.9567,13.7776,0.419487
143.5136,0.9601,13.7621,0.419619
142.9715,0.9646,13.7459,0.419765
142.4845,0.9697,13.7320,0.419895
141.9438,0.9769,13.7172,0.420043
141.4567,0.9848,13.7044,0.420174
140.9138,0.9953,13.6906,0.420322
140.3690,1.0078,13.6770,0.420469
139.8776,1.0211,13.6653,0.420603
139.3303,1.0372,13.6525,0.420752
138.7814,1.0543,13.6400,0.420900
138.2861,1.0704,13.6291,0.421035
137.7344,1.0883,13.6171,0.421185
137.2365,1.1041,13.6066,0.421320
136.6816,1.1208,13.5952,0.421472
136.1808,1.1348,13.5852,0.421609
135.6228,1.1487,13.5744,0.421761
135.1191,1.1596,13.5650,0.421898
134.5578,1.1696,13.5544,0.422053
134.0513,1.1771,13.5458,0.422192
133.4868,1.1836,13.5368,0.422346
132.9771,1.1883,13.5290,0.422486
132.4091,1.1925,13.5208,0.422643
131.8963,1.1957,13.5136,0.422785
131.3247,1.1995,13.5061,0.422942
130.8083,1.2033,13.4996,0.423084
130.2325,1.2088,13.4928,0.423243
129.7128,1.2693,13.4876,0.423386
129.1337,1.2807,13.4776,0.423547
128.5479,1.2924,13.4733,0.423708
128.0194,1.3029,13.4674,0.423854
127.4306,1.3146,13.4600,0.424016
126.8989,1.3252,13.4531,0.424163
126.3059,1.3371,13.4459,0.424328
125.7700,1.3477,13.4395,0.424475
125.1716,1.3597,13.4322,0.424641
124.6301,1.3705,13.4256,0.424791
124.0253,1.3825,13.4180,0.424959
123.4784,1.3934,13.4112,0.425110
122.8681,1.4056,13.4035,0.425278
122.3163,1.4166,13.3967,0.425431
121.7006,1.4289,13.3889,0.425601
121.1440,1.4400,13.3818,0.425756
120.5851,1.4511,13.3746,0.425910
119.9612,1.4635,13.3663,0.426083
119.3972,1.4748,13.3587,0.426239
118.7677,1.4873,13.3501,0.426414
118.1986,1.4987,13.3421,0.426571
117.5634,1.5113,13.3331,0.426747
116.9891,1.5228,13.3247,0.426906
116.3482,1.5356,13.3152,0.427083
115.7688,1.5471,13.3064,0.427245
115.1224,1.5599,13.2965,0.427424
114.5385,1.5713,13.2873,0.427586
113.9540,1.5826,13.2781,0.427749
113.3059,1.5952,13.2676,0.427929
112.7238,1.6066,13.2580,0.428090
112.0781,1.6191,13.2476,0.428270
111.4981,1.6304,13.2385,0.428431
110.9192,1.6417,13.2298,0.428592
110.2777,1.6542,13.2205,0.428771
109.7030,1.6653,13.2125,0.428931
109.0684,1.6777,13.2039,0.429109
108.5016,1.6887,13.1965,0.429267
107.9393,1.6997,13.1894,0.429425
107.3199,1.7117,13.1819,0.429596
106.7673,1.7225,13.1755,0.429752
106.2192,1.7331,13.1693,0.429903
105.6759,1.7437,13.1632,0.430056
105.0779,1.7554,13.1568,0.430220
104.5449,1.7657,13.1512,0.430369
103.9585,1.7771,13.1453,0.430534
103.4359,1.7873,13.1403,0.430679
102.9181,1.7974,13.1354,0.430824
102.3482,1.8085,13.1304,0.430984
101.8403,1.8184,13.1260,0.431128
101.3371,1.8282,13.1219,0.431268
100.7840,1.8382,13.1178,0.431423
100.2908,1.8470,13.1146,0.431561
99.8023,1.8557,13.1118,0.431697
99.2651,1.8653,13.1094,0.431848
98.7868,1.8739,13.1077,0.431984
98.3132,1.8823,13.1065,0.432118
97.8445,1.8907,13.1058,0.432250
97.3293,1.8999,13.1056,0.432395
96.8708,1.9080,13.1058,0.432524
96.4172,1.9161,13.1064,0.432652
95.9189,1.9250,13.1075,0.432791
95.4755,1.9329,13.1089,0.432917
95.0370,1.9408,13.1106,0.433043
94.6033,1.9485,13.1127,0.433165
94.1270,1.9570,13.1155,0.433300
93.7034,1.9646,13.1183,0.433423
93.2844,1.9720,13.1215,0.433540
92.8700,1.9794,13.1249,0.433658
92.4145,1.9876,13.1287,0.433787
92.0089,1.9948,13.1322,0.433902
91.6069,2.0020,13.1357,0.434017
91.1633,2.0099,13.1395,0.434145
90.7655,2.0170,13.1429,0.434258
90.3685,2.0241,13.1461,0.434372
89.9722,2.0311,13.1494,0.434485
89.5778,2.0372,13.1527,0.434598
89.1389,2.0432,13.1564,0.434724
88.7445,2.0486,13.1598,0.434836
88.3507,2.0539,13.1631,0.434948
87.9135,2.0599,13.1668,0.435072
87.5192,2.0653,13.1703,0.435185
87.1237,2.0707,13.1740,0.435297
86.7271,2.0761,13.1778,0.435410
86.3291,2.0815,13.1819,0.435525
85.8852,2.0876,13.1865,0.435652
85.4842,2.0930,13.1907,0.435766
85.0817,2.0985,13.1950,0.435881
84.6779,2.1040,13.1995,0.435998
84.2726,2.1096,13.2040,0.436113
83.8659,2.1151,13.2087,0.436229
83.4122,2.1214,13.2138,0.436362
83.0025,2.1271,13.2187,0.436483
82.5914,2.1329,13.2238,0.436601
82.1788,2.1386,13.2289,0.436722
81.7665,2.1437,13.2341,0.436846
81.3047,2.1476,13.2402,0.436986
80.8878,2.1511,13.2457,0.437109
80.4711,2.1546,13.2513,0.437237
80.0555,2.1580,13.2569,0.437372
79.6410,2.1615,13.2626,0.437498
79.2281,2.1650,13.2684,0.437628
78.7714,2.1688,13.2749,0.437786
78.3624,2.1723,13.2810,0.437926
77.9555,2.1757,13.2872,0.438065
77.5505,2.1793,13.2930,0.438210
77.1479,2.1830,13.2995,0.438351
76.7474,2.1867,13.3062,0.438493
76.3490,2.1904,13.3133,0.438637
75.9543,2.1939,13.3207,0.438779
75.5164,2.1959,13.3301,0.438936
75.1244,2.1977,13.3395,0.439077
74.7345,2.1994,13.3498,0.439217
74.3468,2.2012,13.3612,0.439360
73.9614,2.2029,13.3740,0.439503
73.5782,2.2046,13.3884,0.439641
73.1552,2.2065,13.4063,0.439792
72.7763,2.2084,13.4239,0.439933
72.4001,2.2105,13.4437,0.440074
72.0262,2.2126,13.4653,0.440210
71.6544,2.2146,13.4889,0.440350
71.2847,2.2167,13.5145,0.440487
70.8763,2.2188,13.5457,0.440637
70.5104,2.2206,13.5762,0.440771
70.1460,2.2224,13.6093,0.440905
69.7828,2.2243,13.6448,0.441036
69.3806,2.2263,13.6872,0.441178
69.0200,2.2281,13.7281,0.441307
68.6602,2.2299,13.7715,0.441436
68.2621,2.2321,13.8233,0.441573
67.9050,2.2341,13.8730,0.441698
67.5491,2.2360,13.9256,0.441822
67.1551,2.2382,13.9874,0.441958
66.8011,2.2403,14.0460,0.442081
66.4481,2.2426,14.1075,0.442200
66.0568,2.2451,14.1791,0.442334
65.7055,2.2474,14.2467,0.442453
65.3550,2.2496,14.3172,0.442573
64.9668,2.2521,14.3993,0.442705
64.6185,2.2543,14.4768,0.442821
64.2714,2.2565,14.5579,0.442938
63.8873,2.2589,14.6523,0.443068
63.5431,2.2611,14.7414,0.443185
63.1626,2.2634,14.8451,0.443315
62.8224,2.2651,14.9426,0.443427
62.4464,2.2669,15.0559,0.443558
62.0733,2.2686,15.1741,0.443684
61.7400,2.2701,15.2849,0.443798
61.3726,2.2718,15.4130,0.443924
61.0445,2.2732,15.5327,0.444038
60.6832,2.2747,15.6707,0.444164
60.3250,2.2762,15.8140,0.444288
60.0057,2.2775,15.9473,0.444400
59.6548,2.2784,16.1004,0.444522
59.3074,2.2792,16.2588,0.444644
58.9644,2.2800,16.4227,0.444768
58.6263,2.2807,16.5920,0.444886
58.3265,2.2813,16.7492,0.444993
57.9989,2.2820,16.9292,0.445110
57.6771,2.2825,17.1148,0.445227
57.3618,2.2828,17.3058,0.445342
57.0522,2.2828,17.5023,0.445456
56.7487,2.2827,17.7041,0.445567
56.4515,2.2825,17.9110,0.445679
56.1610,2.2823,18.1231,0.445789
55.8774,2.2821,18.3405,0.445899
55.6009,2.2818,18.5630,0.446004
55.3387,2.2830,18.8016,0.446113
55.0769,2.2848,19.0338,0.446218
54.8226,2.2868,19.2708,0.446325
54.5776,2.2885,19.5115,0.446428
54.3388,2.2895,19.7572,0.446532
54.1075,2.2907,20.0070,0.446635
53.8855,2.2920,20.2600,0.446736
53.6696,2.2915,20.5178,0.446836
53.4608,2.2913,20.7797,0.446936
53.2603,2.2908,21.0448,0.447038
53.0652,2.2896,21.3147,0.447138
52.8765,2.2886,21.5876,0.447238
52.6954,2.2871,21.8632,0.447338
52.5207,2.2855,22.1425,0.447438
52.3528,2.2839,22.4242,0.447536
52.1748,2.2822,22.7380,0.447646
52.0190,2.2805,23.0251,0.447744
51.8688,2.2795,23.3153,0.447842
51.7255,2.2789,23.6070,0.447940
51.5883,2.2786,23.9008,0.448038
51.4573,2.2787,24.1964,0.448137
51.3321,2.2790,24.4943,0.448234
51.2123,2.2799,24.7948,0.448331
51.0994,2.2814,25.0965,0.448427
50.9923,2.2831,25.3995,0.448525
50.9593,2.3130,25.7303,0.448621
50.8609,2.3205,26.0354,0.448717
50.7653,2.3287,26.3411,0.448812
50.6743,2.3339,26.6423,0.448906
50.5828,2.3376,26.9490,0.449002
50.4935,2.3420,27.2560,0.449096
50.4090,2.3447,27.5596,0.449191
50.3265,2.3462,27.8681,0.449285
50.2475,2.3486,28.1764,0.449380
50.1747,2.3508,28.4798,0.449474
50.1061,2.3517,28.7875,0.449567
50.0415,2.3537,29.0953,0.449661
49.9824,2.3562,29.3984,0.449754
49.9330,2.3563,29.6753,0.449837
49.8822,2.3575,29.9825,0.449929
49.8365,2.3601,30.2895,0.450021
49.7946,2.3608,30.6224,0.450121
49.7649,2.3622,30.8979,0.450203
49.7352,2.3655,31.2334,0.450303
49.7161,2.3653,31.5319,0.450392
49.7020,2.3666,31.8351,0.450482
49.6940,2.3690,32.1308,0.450572
49.6935,2.3679,32.4318,0.450661
49.6980,2.3682,32.7311,0.450750
49.7084,2.3676,33.0222,0.450838
49.7281,2.3654,33.3480,0.450935
49.6631,2.3404,33.6517,0.451023
49.7063,2.3416,33.9416,0.451111
49.7479,2.3425,34.2605,0.451206
49.7929,2.3434,34.5470,0.451293
49.8453,2.3440,34.8312,0.451379
49.9054,2.3450,35.1122,0.451465
49.9801,2.3462,35.4169,0.451560
50.0548,2.3475,35.6904,0.451645
50.1363,2.3489,35.9604,0.451729
50.2334,2.3507,36.2537,0.451823
50.3287,2.3525,36.5151,0.451907
50.4312,2.3548,36.7722,0.451990
50.5502,2.3581,37.0483,0.452082
50.6662,2.3611,37.2946,0.452165
50.8052,2.3651,37.5605,0.452255
50.9391,2.3694,37.7976,0.452337
51.0931,2.3748,38.0525,0.452427
51.2417,2.3808,38.2787,0.452508
51.4098,2.3869,38.5190,0.452597
51.5701,2.3928,38.7314,0.452678
51.7377,2.3990,38.9362,0.452759
51.9262,2.4057,39.1571,0.452848
52.1011,2.4120,39.3529,0.452929
52.2781,2.4171,39.5426,0.453009
52.4814,2.4236,39.7451,0.453097
52.6678,2.4296,39.9210,0.453176
52.8811,2.4349,40.1073,0.453263
53.0793,2.4400,40.2701,0.453342
53.2815,2.4453,40.4273,0.453420
53.4821,2.4512,40.5926,0.453498
53.6921,2.4597,40.7358,0.453577
53.9059,2.4681,40.8706,0.453655
54.1206,2.4759,40.9955,0.453733
54.3420,2.4824,41.1150,0.453810
54.5644,2.4893,41.2288,0.453887
54.7891,2.4961,41.3366,0.453963
55.0160,2.5029,41.4376,0.454038
55.2449,2.5096,41.5314,0.454113
55.4754,2.5162,41.6177,0.454186
55.7077,2.5227,41.6968,0.454261
55.9418,2.5291,41.7693,0.454335
56.1756,2.5350,41.8343,0.454407
56.4129,2.5397,41.8956,0.454480
56.6508,2.5442,41.9528,0.454552
56.8902,2.5492,42.0060,0.454625
57.1290,2.5544,42.0558,0.454699
57.3687,2.5596,42.1017,0.454771
57.6090,2.5648,42.1441,0.454845
57.8507,2.5699,42.1842,0.454917
58.0701,2.5746,42.2192,0.454985
58.3161,2.5798,42.2570,0.455060
58.5643,2.5850,42.2937,0.455137
58.8149,2.5903,42.3294,0.455214
59.0661,2.5951,42.3633,0.455290
59.3213,2.5992,42.3970,0.455370
59.5789,2.6032,42.4295,0.455447
59.8391,2.6073,42.4605,0.455529
60.0755,2.6109,42.4873,0.455602
60.3416,2.6157,42.5155,0.455684
60.6088,2.6207,42.5438,0.455765
60.8784,2.6258,42.5715,0.455848
61.1505,2.6309,42.5983,0.455934
61.3971,2.6355,42.6216,0.456015
61.6734,2.6407,42.6463,0.456102
61.9521,2.6459,42.6696,0.456190
62.2330,2.6511,42.6918,0.456274
62.4866,2.6557,42.7102,0.456356
62.7719,2.6599,42.7304,0.456447
63.0597,2.6641,42.7493,0.456537
63.3500,2.6684,42.7670,0.456625
63.6134,2.6722,42.7823,0.456701
63.9085,2.6765,42.7985,0.456796
64.2073,2.6812,42.8132,0.456888
64.5079,2.6865,42.8275,0.456977
64.7805,2.6913,42.8395,0.457056
65.0859,2.6967,42.8523,0.457142
65.3944,2.7022,42.8647,0.457235
65.7059,2.7077,42.8766,0.457328
66.0207,2.7132,42.8883,0.457420
66.3068,2.7183,42.8988,0.457495
66.6276,2.7236,42.9109,0.457581
66.9522,2.7289,42.9245,0.457672
67.2472,2.7337,42.9380,0.457756
67.5785,2.7392,42.9549,0.457845
67.9155,2.7449,42.9739,0.457931
68.2550,2.7511,42.9960,0.458022
68.5632,2.7568,43.0185,0.458106
68.9092,2.7632,43.0470,0.458198
69.2604,2.7697,43.0795,0.458292
69.6155,2.7762,43.1158,0.458381
69.9372,2.7822,43.1518,0.458467
70.2981,2.7889,43.1962,0.458561
70.6620,2.7959,43.2450,0.458657
71.0288,2.8029,43.2987,0.458749
71.3985,2.8100,43.3571,0.458838
71.7708,2.8173,43.4204,0.458933
72.1082,2.8238,43.4815,0.459020
72.4855,2.8312,43.5541,0.459113
72.8653,2.8386,43.6315,0.459205
73.2476,2.8460,43.7142,0.459297
73.6323,2.8535,43.8023,0.459394
74.0194,2.8611,43.8962,0.459486
74.4081,2.8691,43.9958,0.459579
74.7971,2.8770,44.1017,0.459675
75.1855,2.8847,44.2139,0.459769
75.5714,2.8924,44.3325,0.459864
75.9548,2.9001,44.4577,0.459956
76.3354,2.9077,44.5894,0.460048
76.7132,2.9152,44.7270,0.460136
77.0879,2.9228,44.8703,0.460224
77.4964,2.9310,45.0342,0.460324
77.8645,2.9389,45.1893,0.460416
78.2289,2.9469,45.3495,0.460505
78.5893,2.9544,45.5151,0.460595
78.9467,2.9618,45.6858,0.460685
79.3005,2.9692,45.8615,0.460773
79.6506,2.9766,46.0422,0.460864
79.9968,2.9838,46.2279,0.460955
80.3393,2.9911,46.4185,0.461042
80.6778,2.9982,46.6139,0.461131
81.0123,3.0054,46.8140,0.461220
81.3760,3.0138,47.0400,0.461316
81.6698,3.0206,47.2287,0.461396
81.9917,3.0277,47.4425,0.461482
82.3103,3.0347,47.6604,0.461571
82.6248,3.0417,47.8821,0.461659
82.9353,3.0486,48.1077,0.461746
83.2415,3.0555,48.3370,0.461832
83.5436,3.0623,48.5699,0.461919
83.8417,3.0690,48.8061,0.462008
84.1358,3.0757,49.0453,0.462092
84.4262,3.0823,49.2874,0.462175
84.7128,3.0888,49.5321,0.462261
84.9958,3.0951,49.7796,0.462346
85.2750,3.1014,50.0298,0.462429
85.5778,3.1083,50.3082,0.462522
85.8494,3.1145,50.5642,0.462605
86.1180,3.1207,50.8231,0.462688
86.3841,3.1268,51.0847,0.462769
86.6478,3.1329,51.3489,0.462855
86.9090,3.1390,51.6157,0.462938
87.1678,3.1450,51.8850,0.463021
87.4241,3.1510,52.1570,0.463104
87.6782,3.1571,52.4329,0.463185
87.9307,3.1639,52.7105,0.463266
88.1811,3.1700,52.9904,0.463355
88.4308,3.1758,53.2736,0.463438
88.6791,3.1816,53.5594,0.463524
88.9261,3.1874,53.8481,0.463612
89.1717,3.1932,54.1396,0.463696
89.4159,3.1990,54.4341,0.463781
89.6587,3.2048,54.7315,0.463868
89.9001,3.2105,55.0318,0.463955
90.1401,3.2163,55.3349,0.464043
90.3788,3.2221,55.6408,0.464133
90.6163,3.2279,55.9494,0.464220
90.8525,3.2337,56.2606,0.464312
91.0876,3.2394,56.5743,0.464397
91.3211,3.2452,56.8921,0.464485
91.5542,3.2522,57.2107,0.464574
91.7863,3.2592,57.5318,0.464664
92.0154,3.2654,57.8558,0.464755
92.2454,3.2712,58.1824,0.464847
92.4742,3.2771,58.5116,0.464937
92.7019,3.2829,58.8436,0.465031
92.9283,3.2888,59.1785,0.465120
93.1536,3.2947,59.5165,0.465210
93.3778,3.3007,59.8576,0.465302
93.6010,3.3067,60.2020,0.465395
93.8232,3.3127,60.5497,0.465486
94.0443,3.3187,60.9008,0.465581
94.2642,3.3248,61.2559,0.465673
94.4826,3.3309,61.6150,0.465767
94.6989,3.3371,61.9785,0.465863
94.9135,3.3440,62.3471,0.465959
95.1451,3.3513,62.7568,0.466064
95.3336,3.3572,63.0958,0.466151
95.5615,3.3644,63.5147,0.466257
95.7664,3.3710,63.8995,0.466354
95.9688,3.3776,64.2879,0.466453
96.1685,3.3843,64.6795,0.466550
96.3652,3.3910,65.0741,0.466647
96.5590,3.3977,65.4717,0.466750
96.7499,3.4044,65.8722,0.466848
96.9381,3.4112,66.2757,0.466947
97.1417,3.4187,66.7229,0.467060
97.3242,3.4267,67.1334,0.467160
97.5030,3.4352,67.5459,0.467261
97.6787,3.4436,67.9612,0.467363
97.8513,3.4521,68.3793,0.467465
98.0368,3.4615,68.8417,0.467582
98.2008,3.4700,69.2629,0.467685
98.3601,3.4785,69.6849,0.467788
98.5301,3.4878,70.1501,0.467907
98.6799,3.4962,70.5737,0.468007
98.8252,3.5046,70.9979,0.468108
98.9670,3.4755,71.4233,0.468212
99.1065,3.4896,71.8475,0.468318
99.2550,3.5045,72.3124,0.468433
99.3855,3.5173,72.7353,0.468536
99.5111,3.5285,73.1591,0.468644
99.6452,3.5405,73.6258,0.468758
99.7631,3.5504,74.0501,0.468863
99.8780,3.5594,74.4740,0.468968
100.0012,3.5686,74.9408,0.469083
100.1102,3.5755,75.3634,0.469197
100.2167,3.5812,75.7868,0.469297
100.3300,3.5874,76.2518,0.469413
100.4287,3.5932,76.6742,0.469519
100.5231,3.5993,77.0967,0.469625
100.6224,3.6066,77.5616,0.469748
100.7092,3.6137,77.9841,0.469852
100.7929,3.6214,78.4064,0.469958
100.8815,3.6304,78.8705,0.470076
100.9587,3.6391,79.2919,0.470183
101.0319,3.6438,79.7101,0.470290
101.1102,3.6496,80.1722,0.470408
101.1784,3.6547,80.5915,0.470514
101.2498,3.6601,81.0521,0.470633
101.3115,3.6647,81.4706,0.470736
101.3762,3.6687,81.9303,0.470854
101.4335,3.6704,82.3501,0.470962
101.4949,3.6715,82.8131,0.471078
101.5493,3.6717,83.2352,0.471188
101.6023,3.6713,83.6586,0.471296
101.6590,3.6701,84.1261,0.471417
101.7091,3.6684,84.5528,0.471524
101.7626,3.6661,85.0242,0.471649
101.8099,3.6639,85.4549,0.471760
101.8534,3.6632,85.8888,0.471871
101.9029,3.6628,86.3668,0.471992
101.9439,3.7068,86.7995,0.472108
101.9924,3.7072,87.2844,0.472232
102.0331,3.7068,87.7251,0.472345
102.0731,3.7057,88.1690,0.472458
102.1160,3.7046,88.6589,0.472591
102.1548,3.7035,89.1067,0.472705
102.1930,3.7024,89.5568,0.472821
102.2338,3.7013,90.0527,0.472951
102.2702,3.7000,90.5048,0.473071
102.3067,3.6980,90.9597,0.473188
102.3471,3.6957,91.4620,0.473319
102.3845,3.6936,91.9213,0.473440
102.4259,3.6913,92.4298,0.473576
102.4628,3.6891,92.8942,0.473699
102.4992,3.6870,93.3612,0.473822
102.5387,3.6843,93.8772,0.473958
102.5739,3.6812,94.3495,0.474086
102.6122,3.6778,94.8725,0.474224
102.6469,3.6747,95.3514,0.474351
102.6811,3.6716,95.8331,0.474476
102.7184,3.6681,96.3669,0.474619
102.7522,3.6649,96.8556,0.474749
102.7850,3.6611,97.3471,0.474880
102.8196,3.6567,97.8928,0.475028
102.8499,3.6526,98.3928,0.475159
102.8790,3.6485,98.8961,0.475294
102.9099,3.6440,99.4537,0.475446
102.9371,3.6399,99.9640,0.475580
102.9642,3.6355,100.4765,0.475719
102.9948,3.6300,101.0449,0.475873
103.0226,3.6251,101.5656,0.476011
103.0496,3.6201,102.0895,0.476153
103.0789,3.6145,102.6711,0.476310
103.1049,3.6094,103.2041,0.476453
103.1297,3.6042,103.7404,0.476598
103.1555,3.5979,104.3355,0.476759
103.1776,3.5921,104.8806,0.476903
103.1985,3.5863,105.4295,0.477053
103.2206,3.5799,106.0380,0.477216
103.2401,3.5740,106.5948,0.477366
103.2604,3.5669,107.2106,0.477532
103.2785,3.5600,107.7758,0.477686
103.2976,3.5524,108.4014,0.477855
103.3147,3.5454,108.9739,0.478013
103.3307,3.5383,109.5498,0.478170
103.3472,3.5303,110.1871,0.478344
103.3612,3.5218,110.7714,0.478504
103.3737,3.5133,111.3594,0.478663
103.3862,3.5039,112.0104,0.478840
103.3966,3.4954,112.6042,0.479004
103.4067,3.4854,113.2572,0.479184
103.4146,3.4755,113.8503,0.479348
103.4206,3.4656,114.4428,0.479510
103.4251,3.4548,115.0935,0.479689
103.4282,3.4449,115.6841,0.479851
103.4321,3.4341,116.2730,0.480014
103.4368,3.4227,116.8616,0.480176
103.4410,3.4101,117.5077,0.480354
103.4442,3.3987,118.0941,0.480515
103.4468,3.3873,118.6786,0.480679
103.4485,3.3751,119.2634,0.480840
103.4491,3.3617,119.9059,0.481020
103.4492,3.3495,120.4894,0.481181
103.4491,3.3361,121.1307,0.481359
103.4496,3.3237,121.7122,0.481521
103.4519,3.3112,122.2931,0.481682
103.4531,3.2987,122.8725,0.481844
103.4550,3.2849,123.5084,0.482021
103.4567,3.2725,124.0856,0.482183
103.4578,3.2601,124.6626,0.482344
103.4580,3.2479,125.2406,0.482506
103.4586,3.2344,125.8772,0.482682
103.4601,3.2221,126.4568,0.482845
103.4635,3.2098,127.0375,0.483007
103.4690,3.1970,127.6773,0.483186
103.4764,3.1854,128.2606,0.483349
103.4833,3.1737,128.8459,0.483513
103.4905,3.1621,129.4325,0.483676
103.4996,3.1492,130.0798,0.483859
103.5085,3.1379,130.6698,0.484023
103.5177,3.1272,131.2614,0.484190
103.5271,3.1164,131.8546,0.484357
103.5380,3.1057,132.4486,0.484524
103.5524,3.0938,133.1035,0.484708
103.5677,3.0831,133.6995,0.484875
103.5856,3.0739,134.2982,0.485043
103.6045,3.0649,134.8983,0.485213
103.6259,3.0551,135.5603,0.485398
103.6463,3.0461,136.1640,0.485566
103.6679,3.0370,136.7686,0.485736
103.6913,3.0282,137.3753,0.485906
103.7172,3.0194,138.0440,0.486095
103.7405,3.0115,138.6536,0.486267
103.7647,3.0034,139.2643,0.486437
103.7904,2.9954,139.8759,0.486610
103.8186,2.9874,140.4887,0.486783
103.8521,2.9792,141.1643,0.486973
103.8838,2.9722,141.7808,0.487146
103.9159,2.9651,142.3987,0.487320
103.9490,2.9580,143.0181,0.487493
103.9836,2.9508,143.6387,0.487666
104.0236,2.9430,144.3222,0.487859
104.0612,2.9357,144.9452,0.488036
104.0988,2.9284,145.5698,0.488213
104.1375,2.9210,146.1956,0.488390
104.1780,2.9136,146.8220,0.488567
104.2210,2.9063,147.4494,0.488744
104.2711,2.8978,148.1398,0.488939
104.3185,2.8892,148.7705,0.489118
104.3663,2.8806,149.4034,0.489299
104.4147,2.8719,150.0376,0.489477
104.4643,2.8632,150.6734,0.489659
104.5203,2.8536,151.3735,0.489856
104.5730,2.8449,152.0111,0.490037
104.6269,2.8356,152.6494,0.490220
104.6807,2.8255,153.2900,0.490402
104.7343,2.8153,153.9325,0.490585
104.7947,2.8040,154.6403,0.490786
104.8519,2.7938,155.2848,0.490969
104.9112,2.7835,155.9296,0.491152
104.9725,2.7733,156.5765,0.491337
105.0350,2.7617,157.2249,0.491519
105.1048,2.7482,157.9420,0.491725
105.1689,2.7359,158.5965,0.491911
105.2333,2.7236,159.2527,0.492099
105.3048,2.7100,159.9770,0.492306
105.3700,2.6975,160.6371,0.492493
105.4355,2.6851,161.2996,0.492682
105.5016,2.6726,161.9642,0.492871
105.5752,2.6588,162.6983,0.493081
105.6421,2.6446,163.3677,0.493273
105.7086,2.6304,164.0405,0.493464
105.7746,2.6160,164.7158,0.493657
105.8475,2.6002,165.4605,0.493870
105.9145,2.5857,166.1393,0.494065
105.9821,2.5712,166.8204,0.494258
106.0576,2.5552,167.5734,0.494473
106.1269,2.5406,168.2603,0.494667
106.1970,2.5253,168.9491,0.494865
106.2677,2.5087,169.6409,0.495063
106.3461,2.4905,170.4047,0.495278
106.4175,2.4739,171.1009,0.495476
106.4894,2.4572,171.7996,0.495677
106.5619,2.4405,172.5001,0.495874
106.6352,2.4237,173.2032,0.496075
106.7163,2.4051,173.9795,0.496296
106.7906,2.3882,174.6884,0.496498
106.8651,2.3712,175.3997,0.496700
106.9475,2.3524,176.1850,0.496924
107.0228,2.3353,176.9013,0.497126
107.0988,2.3173,177.6197,0.497331
107.1753,2.2990,178.3408,0.497535
107.2603,2.2788,179.1371,0.497764
107.3378,2.2605,179.8634,0.497972
107.4160,2.2420,180.5924,0.498177
107.5024,2.2216,181.3969,0.498405
107.5815,2.2030,182.1311,0.498614
107.6609,2.1844,182.8675,0.498825
107.7411,2.1656,183.6066,0.499033
107.8298,2.1450,184.4221,0.499264
107.9112,2.1261,185.1661,0.499476
107.9931,2.1067,185.9120,0.499688
108.0757,2.0871,186.6608,0.499900
108.1588,2.0675,187.4117,0.500113
108.2509,2.0458,188.2407,0.500350
108.3353,2.0260,188.9965,0.500564
108.4203,2.0062,189.7549,0.500778
108.5145,1.9843,190.5915,0.501019
108.6009,1.9643,191.3548,0.501234
108.6877,1.9443,192.1202,0.501449
108.7753,1.9242,192.8881,0.501668
108.8723,1.9020,193.7352,0.501908
108.9612,1.8818,194.5077,0.502131
109.0508,1.8615,195.2821,0.502347
109.1410,1.8410,196.0577,0.502569
109.2408,1.8183,196.9114,0.502813
109.3318,1.7977,197.6863,0.503032
109.4233,1.7772,198.4603,0.503251
109.5243,1.7546,199.3102,0.503491
109.6177,1.7334,200.0908,0.503712
109.7206,1.7074,200.9388,0.503951
109.8156,1.6845,201.7088,0.504171
109.9112,1.6622,202.4775,0.504386
110.0171,1.6381,203.3221,0.504625
110.1117,1.6207,204.0827,0.504844
110.2140,1.6025,204.9285,0.505082
110.3058,1.5353,205.6982,0.505299
110.3988,1.5185,206.4709,0.505517
110.4911,1.5018,207.2427,0.505735
110.5916,1.4833,208.0917,0.505978
110.6825,1.4666,208.8648,0.506194
110.7736,1.4497,209.6400,0.506413
110.8743,1.4312,210.4958,0.506652
110.9660,1.4142,211.2754,0.506872
111.0575,1.3973,212.0567,0.507094
111.1577,1.3786,212.9175,0.507338
111.2489,1.3616,213.7019,0.507557
111.3402,1.3445,214.4874,0.507777
111.4412,1.3257,215.3535,0.508021
111.5330,1.3082,216.1408,0.508242
111.6257,1.2875,216.9313,0.508466
111.7282,1.2648,217.8024,0.508709
111.8219,1.2441,218.5960,0.508933
111.9157,1.2234,219.3911,0.509155
112.0191,1.2006,220.2673,0.509404
112.1135,1.1798,221.0656,0.509626
112.2172,1.1569,221.9436,0.509873
112.3115,1.1361,222.7411,0.510098
112.4166,1.0923,223.5383,0.510321
112.5209,1.0777,224.4119,0.510570
112.6165,1.0628,225.2044,0.510792
112.7169,1.0484,225.9996,0.511016
112.8222,1.0407,226.8702,0.511262
112.9244,1.0299,227.6550,0.511480
113.0216,1.0094,228.4448,0.511704
113.1272,0.9878,229.3124,0.511945
113.2222,0.9694,230.0996,0.512167
113.3166,0.9518,230.8856,0.512389
113.4197,0.9329,231.7490,0.512632
113.5131,0.9154,232.5332,0.512851
113.6063,0.8970,233.3165,0.513072
113.7083,0.8750,234.1768,0.513314
113.8007,0.8533,234.9578,0.513534
113.9017,0.8277,235.8156,0.513777
113.9929,0.8037,236.5942,0.513994
114.0839,0.7798,237.3720,0.514213
114.1837,0.7547,238.2269,0.514453
114.2741,0.7340,239.0036,0.514671
114.3732,0.7143,239.8574,0.514911
114.4631,0.6992,240.6335,0.515128
114.5528,0.6864,241.4101,0.515347
114.6515,0.6740,242.2650,0.515586
114.7409,0.6628,243.0432,0.515805
114.8068,0.6471,243.8131,0.516024
114.9056,0.5993,244.6708,0.516266
114.9972,0.5679,245.4649,0.516484
115.0868,0.5486,246.2455,0.516705
115.1843,0.5231,247.1052,0.516947
115.2731,0.4973,247.8876,0.517164
115.3622,0.4704,248.6715,0.517386
115.4606,0.4414,249.5357,0.517627
115.5503,0.4175,250.3225,0.517848
115.6487,0.3954,251.1890,0.518092
115.7376,0.3800,251.9778,0.518315
115.8258,0.3689,252.7678,0.518536
115.9223,0.3616,253.6391,0.518779
116.0096,0.3567,254.4321,0.519000
116.0957,0.3516,255.2272,0.519224
116.1889,0.3441,256.1039,0.519469
116.2725,0.3336,256.9024,0.519692
116.3633,0.3169,257.7824,0.519938
116.4450,0.2966,258.5839,0.520161
116.5259,0.2722,259.3866,0.520387
116.6143,0.2420,260.2709,0.520633
116.6943,0.2134,261.0766,0.520853
116.7815,0.1844,261.9647,0.521104
116.8600,0.1618,262.7735,0.521327
116.9377,0.1433,263.5846,0.521557
117.0220,0.1282,264.4794,0.521805
117.0973,0.1189,265.2950,0.522032
117.1787,0.1124,266.1943,0.522280
117.2508,0.1080,267.0137,0.522508
117.3280,0.1027,267.9164,0.522758
117.3958,0.0949,268.7360,0.522986
117.4677,0.0825,269.6375,0.523237
117.5311,0.0676,270.4554,0.523463
117.5986,0.0468,271.3540,0.523714
117.6578,0.0249,272.1698,0.523939
117.7150,0.0013,272.9843,0.524164
117.7760,-0.0247,273.8790,0.524412
117.8293,-0.0468,274.6909,0.524639
117.8806,-0.0665,275.5022,0.524863
117.9344,-0.0830,276.3927,0.525111
117.9811,-0.0949,277.2010,0.525333
118.0301,-0.1049,278.0891,0.525580
118.0724,-0.1122,278.8954,0.525803
118.1163,-0.1194,279.7811,0.526047
118.1536,-0.1266,280.5851,0.526271
118.1886,-0.1353,281.3879,0.526493
118.2244,-0.1475,282.2700,0.526738
118.2547,-0.1608,283.0705,0.526958
118.2830,-0.1769,283.8697,0.527178
118.3116,-0.1968,284.7477,0.527423
118.3356,-0.2161,285.5445,0.527643
118.3578,-0.2355,286.3400,0.527865
118.3802,-0.2559,287.2135,0.528108
118.3988,-0.2729,288.0063,0.528327
118.4176,-0.2893,288.8769,0.528567
118.4333,-0.3020,289.6669,0.528787
118.4477,-0.3131,290.4556,0.529005
118.4620,-0.3237,291.3219,0.529246
118.4734,-0.3327,292.1082,0.529463
118.4845,-0.3426,292.9718,0.529702
118.4934,-0.3524,293.7555,0.529920
118.5011,-0.3637,294.5381,0.530134
118.5078,-0.3767,295.3197,0.530351
118.5140,-0.3928,296.1775,0.530588
118.5188,-0.4095,296.9562,0.530804
118.5228,-0.4275,297.7337,0.531017
118.5268,-0.4479,298.5873,0.531254
118.5300,-0.4663,299.3620,0.531471
118.5329,-0.4838,300.1354,0.531682
118.5356,-0.4999,300.9077,0.531894
118.5383,-0.5164,301.7551,0.532130
118.5404,-0.5303,302.5253,0.532343
118.5422,-0.5424,303.2943,0.532552
118.5436,-0.5533,304.0622,0.532768
118.5445,-0.5647,304.9057,0.532998
118.5447,-0.5752,305.6716,0.533212
118.5441,-0.5864,306.4365,0.533422
118.5428,-0.5992,307.2000,0.533632
118.5405,-0.6150,308.0392,0.533862
118.5379,-0.6310,308.8006,0.534076
118.5347,-0.6486,309.5608,0.534283
118.5309,-0.6692,310.3956,0.534514
118.5271,-0.6886,311.1533,0.534723
118.5231,-0.7079,311.9097,0.534932
118.5190,-0.7263,312.6652,0.535136
118.5143,-0.7457,313.4945,0.535366
118.5097,-0.7617,314.2477,0.535573
118.5045,-0.7758,315.0000,0.535781
118.4978,-0.7895,315.8266,0.536005
118.4905,-0.8006,316.5773,0.536212
118.4818,-0.8110,317.3275,0.536417
118.4716,-0.8211,318.0763,0.536623
118.4581,-0.8332,318.8993,0.536851
118.4441,-0.8453,319.6464,0.537053
118.4283,-0.8591,320.3924,0.537258
118.4108,-0.8748,321.1374,0.537462
118.3918,-0.8922,321.8811,0.537664
118.3690,-0.9132,322.6980,0.537888
118.3470,-0.9331,323.4394,0.538093
118.3236,-0.9533,324.1794,0.538295
118.2987,-0.9731,324.9184,0.538496
118.2724,-0.9918,325.6562,0.538699
118.2419,-1.0103,326.4666,0.538922
118.2123,-1.0250,327.2020,0.539122
118.1815,-1.0374,327.9364,0.539321
118.1492,-1.0478,328.6698,0.539525
118.1153,-1.0566,329.4021,0.539723
118.0741,-1.0386,330.2045,0.539944
118.0378,-1.0532,330.9363,0.540144
117.9977,-1.0668,331.6664,0.540345
117.9555,-1.0802,332.3942,0.540541
117.9118,-1.0936,333.1200,0.540741
117.8616,-1.1083,333.9166,0.540960
117.8143,-1.1216,334.6399,0.541158
117.7656,-1.1349,335.3625,0.541360
117.7157,-1.1482,336.0840,0.541555
117.6593,-1.1629,336.8763,0.541773
117.6064,-1.1761,337.5955,0.541967
117.5517,-1.1894,338.3136,0.542164
117.4952,-1.2026,339.0305,0.542364
117.4367,-1.2158,339.7465,0.542561
117.3703,-1.2293,340.5334,0.542778
117.3080,-1.2412,341.2472,0.542976
117.2438,-1.2531,341.9600,0.543169
117.1779,-1.2650,342.6716,0.543360
117.1034,-1.2781,343.4529,0.543577
117.0338,-1.2900,344.1620,0.543775
116.9622,-1.3019,344.8698,0.543971
116.8885,-1.3153,345.5765,0.544163
116.8134,-1.3285,346.2820,0.544355
116.7290,-1.3471,347.0567,0.544569
116.6507,-1.3668,347.7596,0.544761
116.5709,-1.3878,348.4618,0.544957
116.4898,-1.4088,349.1619,0.545154
116.3988,-1.4310,349.9305,0.545366
116.3146,-1.4491,350.6277,0.545559
116.2288,-1.4642,351.3236,0.545751
116.1318,-1.4767,352.0887,0.545965
116.0419,-1.4843,352.7832,0.546157
115.9506,-1.4887,353.4768,0.546343
115.8579,-1.4907,354.1693,0.546539
115.7534,-1.4915,354.9295,0.546749
115.6557,-1.4921,355.6198,0.546939
115.5557,-1.4931,356.3075,0.547132
115.4530,-1.4966,356.9940,0.547322
115.3481,-1.5031,357.6793,0.547511
115.2303,-1.5140,358.4315,0.547718
115.1210,-1.5271,359.1137,0.547905
115.0096,-1.5423,359.7950,0.548096
114.8963,-1.5590,360.4740,0.548285
114.7807,-1.5763,361.1518,0.548473
114.6511,-1.5945,361.8957,0.548681
114.5310,-1.6094,362.5704,0.548867
114.4088,-1.6222,363.2436,0.549054
114.2844,-1.6325,363.9156,0.549238
114.1579,-1.6404,364.5860,0.549430
114.0164,-1.6471,365.3218,0.549634
113.8857,-1.6522,365.9891,0.549820
113.7529,-1.6572,366.6549,0.550005
113.6181,-1.6628,367.3193,0.550192
113.4814,-1.6695,367.9821,0.550380
113.3287,-1.6784,368.7096,0.550581
113.1879,-1.6880,369.3691,0.550765
113.0451,-1.6987,370.0273,0.550951
112.8857,-1.7108,370.7497,0.551153
112.7388,-1.7215,371.4047,0.551337
112.5901,-1.7311,372.0583,0.551518
112.4394,-1.7393,372.7104,0.551702
112.2714,-1.7462,373.4261,0.551905
112.1168,-1.7503,374.0751,0.552089
111.9604,-1.7531,374.7224,0.552273
111.8024,-1.7555,375.3682,0.552454
111.6429,-1.7584,376.0124,0.552636
111.4820,-1.7627,376.6552,0.552817
111.3198,-1.7690,377.2965,0.553000
111.1564,-1.7780,377.9363,0.553184
110.9918,-1.7897,378.5747,0.553364
110.8263,-1.8039,379.2116,0.553543
110.6434,-1.8216,379.9107,0.553744
110.4765,-1.8386,380.5448,0.553923
110.3094,-1.8553,381.1776,0.554107
110.1422,-1.8707,381.8091,0.554284
109.9750,-1.8838,382.4394,0.554469
109.8079,-1.8941,383.0686,0.554648
109.6408,-1.9011,383.6969,0.554827
109.4739,-1.9052,384.3242,0.555006
109.3070,-1.9069,384.9508,0.555186
109.1401,-1.9069,385.5761,0.555366
108.9732,-1.9064,386.2005,0.555542
108.7898,-1.9063,386.8862,0.555742
108.6232,-1.9074,387.5085,0.555917
108.4568,-1.9104,388.1297,0.556096
108.2908,-1.9157,388.7498,0.556275
108.1251,-1.9234,389.3691,0.556450
107.9597,-1.9331,389.9874,0.556630
107.7944,-1.9441,390.6047,0.556802
107.6125,-1.9567,391.2826,0.556999
107.4471,-1.9680,391.8979,0.557173
107.2819,-1.9782,392.5122,0.557353
107.1169,-1.9871,393.1256,0.557530
106.9520,-1.9944,393.7384,0.557702
106.7873,-2.0004,394.3502,0.557879
106.6230,-2.0053,394.9613,0.558053
106.4590,-2.0099,395.5717,0.558228
106.2787,-2.0153,396.2420,0.558422
106.1152,-2.0213,396.8505,0.558596
105.9520,-2.0289,397.4582,0.558771
105.7893,-2.0382,398.0649,0.558951
105.6268,-2.0493,398.6707,0.559116
105.4649,-2.0618,399.2756,0.559296
105.3036,-2.0751,399.8795,0.559468
105.1430,-2.0885,400.4826,0.559646
104.9830,-2.1011,401.0848,0.559815
104.8238,-2.1122,401.6862,0.559991
104.6651,-2.1210,402.2868,0.560162
104.5068,-2.1272,402.8868,0.560336
104.3329,-2.1313,403.5461,0.560530
104.1748,-2.1326,404.1447,0.560698
104.0166,-2.1320,404.7426,0.560867
103.8583,-2.1306,405.3397,0.561044
103.6997,-2.1291,405.9358,0.561218
103.5408,-2.1285,406.5311,0.561387
103.3657,-2.1299,407.1848,0.561579
103.2061,-2.1337,407.7787,0.561747
103.0464,-2.1401,408.3727,0.561919
102.8866,-2.1493,408.9672,0.562091
102.7266,-2.1608,409.5625,0.562267
102.5667,-2.1741,410.1587,0.562437
102.4068,-2.1884,410.7558,0.562613
102.2468,-2.2028,411.3539,0.562783
102.0708,-2.2179,412.0130,0.562975
101.9108,-2.2301,412.6136,0.563149
101.7508,-2.2405,413.2155,0.563323
101.5908,-2.2488,413.8189,0.563496
101.4307,-2.2554,414.4236,0.563675
101.2703,-2.2605,415.0297,0.563845
101.1098,-2.2649,415.6371,0.564029
100.9491,-2.2691,416.2457,0.564201
100.7884,-2.2739,416.8556,0.564374
100.6116,-2.2805,417.5279,0.564574
100.4508,-2.2879,418.1402,0.564753
100.2903,-2.2971,418.7532,0.564931
100.1297,-2.3081,419.3673,0.565108
99.9695,-2.3197,419.9805,0.565289
99.8095,-2.3312,420.5928,0.565467
99.6498,-2.3419,421.2040,0.565642
99.4905,-2.3512,421.8137,0.565819
99.3319,-2.3587,422.4207,0.565995
99.1744,-2.3640,423.0240,0.566168
99.0180,-2.3675,423.6230,0.566346
98.8629,-2.3695,424.2171,0.566514
98.7092,-2.3707,424.8061,0.566688
98.5418,-2.3720,425.4477,0.566874
98.3909,-2.3740,426.0252,0.567042
98.2413,-2.3775,426.5969,0.567208
98.0932,-2.3830,427.1630,0.567374
97.9460,-2.3908,427.7234,0.567525
97.7998,-2.4009,428.2780,0.567699
97.6545,-2.4130,428.8269,0.567857
97.5102,-2.4268,429.3702,0.568014
97.3527,-2.4432,429.9613,0.568184
97.2108,-2.4584,430.4928,0.568341
97.0703,-2.4733,431.0186,0.568494
96.9314,-2.4872,431.5387,0.568642
96.7945,-2.5001,432.0519,0.568794
96.6589,-2.5125,432.5601,0.568940
96.5248,-2.5230,433.0623,0.569088
96.3924,-2.5314,433.5585,0.569234
96.2617,-2.5381,434.0487,0.569374
96.1328,-2.5433,434.5327,0.569513
96.0054,-2.5474,435.0107,0.569653
95.8794,-2.5507,435.4830,0.569792
95.7546,-2.5538,435.9501,0.569923
95.6305,-2.5571,436.4132,0.570059
95.5066,-2.5608,436.8734,0.570190
95.3828,-2.5653,437.3319,0.570324
95.2588,-2.5707,437.7892,0.570462
95.1345,-2.5772,438.2459,0.570589
95.0100,-2.5847,438.7018,0.570724
94.8853,-2.5932,439.1571,0.570860
94.7606,-2.6024,439.6116,0.570985
94.6484,-2.6111,440.0202,0.571106
94.5239,-2.6210,440.4735,0.571241
94.3996,-2.6308,440.9263,0.571372
94.2753,-2.6403,441.3788,0.571498
94.1509,-2.6492,441.8315,0.571630
94.0266,-2.6574,442.2834,0.571764
93.9019,-2.6663,442.7365,0.571892
93.7770,-2.6744,443.1898,0.572025
93.6646,-2.6810,443.5980,0.572147
93.5396,-2.6878,444.0518,0.572273
93.4146,-2.6941,444.5057,0.572405
93.2896,-2.7004,444.9600,0.572536
93.1645,-2.7070,445.4145,0.572665
93.0392,-2.7141,445.8693,0.572802
92.9138,-2.7220,446.3244,0.572930
92.7881,-2.7310,446.7796,0.573065
92.6621,-2.7414,447.2350,0.573197
92.5487,-2.7518,447.6451,0.573317
92.4228,-2.7646,448.1009,0.573447
92.2970,-2.7785,448.5564,0.573579
92.1716,-2.7934,449.0112,0.573713
92.0464,-2.8088,449.4649,0.573844
91.9220,-2.8243,449.9166,0.573977
91.7985,-2.8396,450.3653,0.574107
91.6764,-2.8542,450.8107,0.574238
91.5558,-2.8685,451.2520,0.574358
91.4366,-2.8817,451.6901,0.574490
91.3189,-2.8935,452.1247,0.574615
91.2143,-2.9028,452.5128,0.574729
91.0991,-2.9116,452.9411,0.574849
90.9846,-2.9189,453.3666,0.574975
90.8710,-2.9250,453.7900,0.575097
90.7577,-2.9300,454.2120,0.575220
90.6447,-2.9343,454.6330,0.575343
90.5314,-2.9381,455.0537,0.575466
90.4180,-2.9418,455.4737,0.575591
90.3044,-2.9457,455.8932,0.575709
90.2019,-2.9496,456.2703,0.575824
90.0879,-2.9546,456.6887,0.575942
89.9736,-2.9606,457.1067,0.576070
89.8592,-2.9677,457.5240,0.576194
89.7445,-2.9760,457.9408,0.576315
89.6298,-2.9854,458.3570,0.576442
89.5152,-2.9958,458.7725,0.576565
89.4121,-3.0059,459.1459,0.576681
89.2978,-3.0179,459.5601,0.576810
89.1837,-3.0304,459.9736,0.576936
89.0698,-3.0431,460.3864,0.577070
88.9562,-3.0559,460.7985,0.577201
88.8427,-3.0684,461.2100,0.577334
88.7292,-3.0807,461.6208,0.577469
88.6162,-3.0921,462.0309,0.577603
88.5148,-3.1018,462.3994,0.577726
88.3913,-3.1128,462.8493,0.577877
88.2796,-3.1220,463.2575,0.578012
88.1795,-3.1298,463.6243,0.578140
88.0688,-3.1379,464.0313,0.578288
87.9589,-3.1456,464.4378,0.578443
87.8498,-3.1530,464.8438,0.578591
87.7418,-3.1604,465.2491,0.578756
87.6348,-3.1680,465.6540,0.578919
87.5291,-3.1760,466.0583,0.579077
87.4251,-3.1846,466.4620,0.579238
87.3232,-3.1938,466.8652,0.579395
87.2337,-3.2028,467.2276,0.579537
87.1378,-3.2133,467.6296,0.579695
87.0461,-3.2245,468.0310,0.579847
86.9593,-3.2361,468.4317,0.579999
86.8779,-3.2479,468.8315,0.580153
86.8028,-3.2598,469.2302,0.580303
86.7411,-3.2704,469.5879,0.580437
86.6795,-3.2824,469.9836,0.580581
86.6260,-3.2938,470.3782,0.580724
86.5807,-3.3045,470.7712,0.580869
86.5439,-3.3143,471.1625,0.581006
86.5136,-3.3241,471.5908,0.581161
86.4944,-3.3240,471.9857,0.581298
86.5024,-3.3202,472.3658,0.581431
86.5037,-3.3227,472.7488,0.581564
86.5125,-3.3241,473.1300,0.581696
86.5285,-3.3248,473.5093,0.581829
86.5501,-3.3249,473.8869,0.581960
86.5783,-3.3245,474.2625,0.582087
86.6166,-3.2974,474.6309,0.582213
86.6662,-3.3014,475.0009,0.582337
86.7218,-3.3055,475.3652,0.582461
86.7819,-3.3109,475.7298,0.582583
86.8476,-3.3158,476.0915,0.582709
86.9201,-3.3201,476.4499,0.582828
87.0008,-3.3239,476.8019,0.582946
87.0909,-3.3293,477.1517,0.583065
87.1897,-3.3340,477.4972,0.583182
87.2949,-3.3380,477.8395,0.583304
87.4076,-3.3413,478.1774,0.583419
87.5271,-3.3463,478.5086,0.583533
87.6542,-3.3511,478.8383,0.583649
87.7881,-3.3554,479.1643,0.583763
87.9290,-3.3591,479.4867,0.583883
88.0750,-3.3640,479.8035,0.583999
88.2064,-3.4036,480.1273,0.584110
88.3672,-3.4107,480.4389,0.584226
88.5338,-3.4171,480.7470,0.584339
88.7225,-3.4239,481.0824,0.584461
88.9016,-3.4283,481.3806,0.584572
89.0868,-3.4322,481.6742,0.584684
89.2759,-3.4358,481.9644,0.584802
89.4684,-3.4392,482.2518,0.584910
89.6653,-3.4424,482.5367,0.585021
89.8655,-3.4453,482.8184,0.585133
90.0696,-3.4485,483.0985,0.585244
90.2563,-3.4520,483.3488,0.585341
90.4671,-3.4566,483.6247,0.585451
90.7317,-3.4369,483.9566,0.585558
90.9578,-3.3635,484.1781,0.585668
91.1501,-3.3646,484.4026,0.585776
91.3757,-3.3677,484.6641,0.585885
91.5994,-3.3711,484.9265,0.585989
91.7616,-3.3842,485.2002,0.586088
92.0174,-3.3810,485.4274,0.586195
92.2390,-3.3877,485.6907,0.586303
92.4643,-3.3935,485.9495,0.586405
92.6949,-3.3978,486.1997,0.586513
92.9073,-3.4001,486.4163,0.586605
93.1442,-3.4034,486.6496,0.586710
93.3850,-3.4072,486.8809,0.586813
93.6276,-3.4101,487.1070,0.586913
93.8483,-3.4119,487.3049,0.587006
94.0973,-3.4129,487.5199,0.587108
94.3482,-3.4135,487.7299,0.587209
94.6033,-3.4150,487.9382,0.587312
94.8606,-3.4159,488.1428,0.587412
95.0944,-3.4158,488.3219,0.587503
95.3575,-3.4145,488.5140,0.587603
95.6221,-3.4132,488.6975,0.587700
95.8917,-3.4121,488.8752,0.587795
96.1366,-3.4100,489.0288,0.587886
96.3815,-3.4155,489.2358,0.587981
96.6582,-3.4156,489.3954,0.588080
96.9362,-3.4091,489.5512,0.588174
97.2144,-3.3960,489.6446,0.588264
97.4962,-3.3910,489.7873,0.588360
97.7799,-3.3848,489.9219,0.588454
98.0622,-3.3783,490.0482,0.588550
98.3201,-3.3735,490.1581,0.588635
98.6080,-3.3675,490.2752,0.588729
98.8965,-3.3606,490.3864,0.588822
99.1861,-3.3526,490.4904,0.588916
99.4449,-3.3462,490.5763,0.589000
99.7365,-3.3389,490.6667,0.589093
100.0291,-3.3306,490.7505,0.589186
100.3216,-3.3214,490.8272,0.589278
100.5848,-3.3122,490.8901,0.589360
100.8740,-3.3034,490.9529,0.589449
101.1672,-3.2944,491.0093,0.589541
101.4599,-3.2846,491.0598,0.589633
101.7519,-3.2741,491.1047,0.589724
102.0435,-3.2626,491.1432,0.589810
102.3309,-3.2525,491.1744,0.589900
102.5928,-3.2259,491.1553,0.589981
102.8830,-3.2159,491.1735,0.590069
103.1724,-3.2051,491.1887,0.590159
103.4610,-3.1930,491.1990,0.590245
103.7405,-3.1822,491.2023,0.590332
104.0274,-3.1739,491.1996,0.590420
104.3135,-3.1640,491.1919,0.590507
104.5981,-3.1527,491.1788,0.590591
104.8809,-3.1393,491.1584,0.590679
105.1520,-3.1258,491.1320,0.590765
105.4034,-3.1179,491.1015,0.590843
105.6813,-3.1083,491.0644,0.590928
105.9575,-3.0973,491.0229,0.591013
106.2317,-3.0848,490.9760,0.591098
106.5061,-3.1472,491.0167,0.591178
106.7928,-3.1679,490.9599,0.591264
107.0620,-3.1534,490.8985,0.591350
107.3290,-3.1391,490.8323,0.591434
107.5936,-3.1249,490.7608,0.591513
107.8554,-3.1109,490.6840,0.591598
108.1132,-3.0981,490.6022,0.591675
108.3437,-3.0870,490.5241,0.591752
108.5972,-3.0752,490.4334,0.591835
108.8481,-3.0639,490.3381,0.591917
109.0969,-3.0530,490.2386,0.592000
109.3418,-3.0419,490.1337,0.592085
109.5849,-3.0326,490.0264,0.592163
109.8258,-3.0240,489.9153,0.592248
110.0661,-3.0158,489.8008,0.592323
110.3299,-3.0075,489.6711,0.592414
110.5681,-3.0006,489.5500,0.592494
110.8044,-2.9943,489.4259,0.592576
111.0382,-2.9885,489.2988,0.592652
111.2936,-2.9825,489.1559,0.592740
111.5252,-2.9774,489.0240,0.592822
111.7560,-2.9710,488.8888,0.592900
112.0109,-2.9656,488.7389,0.592989
112.2422,-2.9607,488.6002,0.593073
112.4737,-2.9557,488.4591,0.593159
112.7274,-2.9498,488.3006,0.593244
112.9569,-2.9442,488.1531,0.593327
113.1853,-2.9381,488.0022,0.593415
113.4353,-2.9309,487.8333,0.593505
113.6619,-2.9239,487.6767,0.593587
113.8879,-2.9162,487.5171,0.593676
114.1356,-2.9072,487.3384,0.593772
114.3508,-2.9054,487.1749,0.593860
114.5742,-2.9041,487.0053,0.593946
114.8187,-2.9022,486.8151,0.594042
115.0396,-2.9001,486.6385,0.594129
115.2589,-2.8977,486.4580,0.594220
115.4981,-2.8949,486.2557,0.594325
115.7141,-2.8922,486.0684,0.594415
115.9288,-2.8896,485.8776,0.594505
116.1628,-2.8870,485.6636,0.594610
116.3736,-2.8849,485.4653,0.594703
116.6028,-2.8831,485.2429,0.594805
116.8086,-2.8820,485.0369,0.594901
117.0201,-2.8759,484.8171,0.594997
117.2381,-2.8679,484.5850,0.595101
117.4371,-2.8610,484.3670,0.595197
117.6539,-2.8541,484.1230,0.595305
117.8491,-2.8484,483.8976,0.595407
118.0615,-2.8425,483.6456,0.595513
118.2522,-2.8375,483.4128,0.595614
118.4592,-2.8319,483.1523,0.595728
118.6444,-2.8269,482.9118,0.595828
118.8452,-2.8212,482.6430,0.595937
119.0260,-2.8157,482.3949,0.596041
119.2051,-2.8099,482.1436,0.596142
119.4001,-2.8029,481.8640,0.596263
119.5756,-2.7959,481.6068,0.596367
119.7494,-2.7882,481.3473,0.596471
119.9388,-2.7789,481.0589,0.596587
120.1091,-2.7697,480.7929,0.596691
120.2949,-2.7587,480.4963,0.596818
120.4624,-2.7481,480.2241,0.596925
120.6446,-2.7357,479.9211,0.597042
120.8082,-2.7242,479.6421,0.597153
120.9860,-2.7111,479.3308,0.597272
121.1463,-2.6992,479.0443,0.597385
121.3054,-2.6873,478.7547,0.597498
121.4787,-2.6746,478.4324,0.597626
121.6348,-2.6635,478.1362,0.597741
121.7896,-2.6530,477.8368,0.597857
121.9588,-2.6463,477.5088,0.597984
122.1139,-2.6385,477.1994,0.598104
122.2653,-2.6303,476.8906,0.598216
122.4304,-2.6224,476.5473,0.598343
122.5797,-2.6160,476.2319,0.598464
122.7284,-2.6103,475.9134,0.598585
122.8914,-2.6047,475.5594,0.598722
123.0391,-2.6001,475.2346,0.598843
123.2015,-2.5957,474.8735,0.598973
123.3486,-2.5917,474.5418,0.599108
123.4958,-2.5875,474.2065,0.599231
123.6576,-2.5823,473.8338,0.599366
123.8046,-2.5770,473.4914,0.599488
123.9513,-2.5708,473.1455,0.599618
124.0975,-2.5638,472.7961,0.599745
124.2578,-2.5550,472.4076,0.599897
124.4033,-2.5460,472.0501,0.600028
124.5631,-2.5351,471.6523,0.600168
124.7083,-2.5243,471.2863,0.600302
124.8681,-2.5118,470.8786,0.600451
125.0135,-2.4999,470.5036,0.600600
125.1589,-2.4879,470.1242,0.600730
125.3190,-2.4748,469.7017,0.600884
125.4650,-2.4635,469.3138,0.601025
125.6114,-2.4528,468.9207,0.601174
125.7732,-2.4422,468.4833,0.601332
125.9207,-2.4334,468.0812,0.601479
126.0685,-2.4254,467.6746,0.601626
126.2312,-2.4175,467.2222,0.601798
126.3790,-2.4109,466.8062,0.601944
126.5267,-2.4047,466.3858,0.602007
126.6894,-2.3978,465.9182,0.602271
126.8377,-2.3913,465.4887,0.602432
126.9866,-2.3840,465.0549,0.602584
127.1523,-2.3742,464.5713,0.602762
127.3019,-2.3645,464.1298,0.602919
127.4682,-2.3522,463.6373,0.603105
127.6196,-2.3393,463.1845,0.603281
127.7712,-2.3250,462.7267,0.603445
127.9382,-2.3078,462.2173,0.603635
128.0903,-2.2912,461.7488,0.603812
128.2425,-2.2742,461.2753,0.603992
128.4105,-2.2555,460.7487,0.604187
128.5651,-2.2388,460.2610,0.604371
128.7155,-2.2195,459.7763,0.604548
128.8858,-2.2051,459.2334,0.604743
129.0418,-2.1941,458.7351,0.604922
129.2148,-2.1841,458.1829,0.605125
129.3734,-2.1770,457.6791,0.605305
129.5327,-2.1716,457.1761,0.605485
129.7086,-2.1668,456.6238,0.605681
129.8694,-2.1631,456.1226,0.605857
130.0472,-2.1589,455.5726,0.606050
130.2095,-2.1543,455.0737,0.606224
130.3887,-2.1481,454.5262,0.606405
130.5524,-2.1408,454.0298,0.606580
130.7337,-2.1295,453.4824,0.606762
130.8980,-2.1169,452.9908,0.606921
131.0646,-2.1051,452.4981,0.607082
131.2486,-2.0912,451.9575,0.607264
131.4164,-2.0780,451.4675,0.607429
131.6013,-2.0636,450.9299,0.607598
131.7694,-2.0512,450.4427,0.607749
131.9376,-2.0396,449.9567,0.607911
132.1228,-2.0283,449.4235,0.608076
132.2914,-2.0192,448.9401,0.608240
132.4600,-2.0113,448.4576,0.608392
132.6459,-2.0036,447.9268,0.608553
132.8154,-1.9971,447.4432,0.608710
132.9851,-1.9895,446.9557,0.608864
133.1717,-1.9794,446.4239,0.609033
133.3425,-1.9718,445.9367,0.609186
133.5133,-1.9628,445.4482,0.609336
133.7010,-1.9510,444.9094,0.609509
133.8715,-1.9384,444.4179,0.609664
134.0417,-1.9241,443.9250,0.609821
134.2289,-1.9068,443.3812,0.609987
134.3990,-1.8901,442.8852,0.610137
134.5691,-1.8730,442.3877,0.610294
134.7391,-1.8561,441.8885,0.610443
134.9260,-1.8385,441.3376,0.610619
135.0958,-1.8239,440.8352,0.610772
135.2655,-1.8111,440.3313,0.610929
135.4350,-1.8004,439.8257,0.611085
135.6214,-1.7909,439.2678,0.611252
135.7905,-1.7842,438.7587,0.611411
135.9597,-1.7788,438.2483,0.611564
136.1457,-1.7743,437.6854,0.611734
136.3148,-1.7706,437.1717,0.611889
136.4839,-1.7665,436.6565,0.612045
136.6532,-1.7616,436.1398,0.612204
136.8395,-1.7547,435.5695,0.612379
137.0091,-1.7467,435.0494,0.612535
137.1788,-1.7370,434.5278,0.612693
137.3487,-1.7257,434.0045,0.612853
137.5358,-1.7119,433.4271,0.613032
137.7059,-1.6986,432.9007,0.613184
137.8760,-1.6851,432.3728,0.613348
138.0462,-1.6720,431.8435,0.613509
138.2333,-1.6585,431.2597,0.613683
138.4033,-1.6475,430.7275,0.613849
138.5731,-1.6378,430.1938,0.614013
138.7427,-1.6291,429.6590,0.614172
138.9123,-1.6219,429.1226,0.614333
139.0989,-1.6143,428.5309,0.614511
139.2685,-1.6074,427.9915,0.614678
139.4382,-1.5997,427.4508,0.614835
139.6081,-1.5907,426.9085,0.615004
139.7953,-1.5789,426.3104,0.615188
139.9657,-1.5661,425.7652,0.615353
140.1361,-1.5512,425.2184,0.615524
140.3235,-1.5328,424.6154,0.615708
140.4937,-1.5148,424.0657,0.615868
140.6639,-1.4963,423.5146,0.616040
140.8514,-1.4761,422.9067,0.616226
141.0221,-1.4587,422.3528,0.616389
141.2102,-1.4417,421.7418,0.616573
141.3816,-1.4286,421.1849,0.616740
141.5531,-1.4179,420.6269,0.616909
141.7247,-1.4097,420.0674,0.617079
141.8961,-1.4036,419.5067,0.617245
142.0844,-1.3987,418.8884,0.617430
142.2556,-1.3951,418.3250,0.617599
142.4267,-1.3915,417.7601,0.617774
142.5978,-1.3870,417.1938,0.617944
142.7861,-1.3804,416.5692,0.618130
142.9576,-1.3724,415.9998,0.618299
143.1292,-1.3622,415.4288,0.618472
143.3011,-1.3501,414.8563,0.618638
143.4733,-1.3363,414.2824,0.618810
143.6458,-1.3215,413.7070,0.618986
143.8360,-1.3048,413.0727,0.619181
144.0093,-1.2901,412.4947,0.619348
144.1831,-1.2754,411.9163,0.619522
144.3565,-1.2623,411.3397,0.619692
144.5302,-1.2509,410.7640,0.619868
144.7038,-1.2408,410.1895,0.620035
144.8944,-1.2309,409.5589,0.620226
145.0674,-1.2223,408.9868,0.620396
145.2400,-1.2135,408.4159,0.620567
145.4124,-1.2037,407.8462,0.620738
145.5848,-1.1925,407.2775,0.620900
145.7568,-1.1795,406.7099,0.621075
145.9288,-1.1647,406.1434,0.621246
146.1007,-1.1482,405.5779,0.621412
146.2726,-1.1300,405.0132,0.621582
146.4442,-1.1112,404.4500,0.621752
146.6331,-1.0911,403.8316,0.621934
146.8048,-1.0739,403.2705,0.622105
146.9765,-1.0583,402.7106,0.622273
147.1479,-1.0449,402.1519,0.622439
147.3190,-1.0340,401.5943,0.622600
147.5065,-1.0249,400.9823,0.622782
147.6760,-1.0189,400.4271,0.622951
147.8442,-1.0145,399.8730,0.623119
148.0110,-1.0111,399.3199,0.623282
148.1761,-1.0079,398.7678,0.623446
148.3395,-1.0038,398.2161,0.623615
148.5171,-0.9973,397.6107,0.623791
148.6765,-0.9895,397.0610,0.623956
148.8341,-0.9797,396.5120,0.624121
148.9898,-0.9677,395.9635,0.624280
149.1586,-0.9524,395.3607,0.624460
149.3096,-0.9369,394.8132,0.624622
149.4583,-0.9205,394.2664,0.624784
149.6046,-0.9035,393.7200,0.624945
149.7484,-0.8866,393.1744,0.625112
149.8895,-0.8707,392.6295,0.625266
150.0422,-0.8546,392.0307,0.625450
150.1785,-0.8413,391.4870,0.625605
150.3127,-0.8293,390.9439,0.625770
150.4446,-0.8183,390.4014,0.625927
150.5743,-0.8082,389.8595,0.626090
150.7147,-0.7975,389.2642,0.626261
150.8412,-0.7872,388.7192,0.626424
150.9650,-0.7689,388.1796,0.626584
151.0872,-0.7498,387.6405,0.626738
151.2082,-0.7297,387.1017,0.626901
151.3403,-0.7064,386.5095,0.627069
151.4594,-0.6841,385.9712,0.627230
151.5778,-0.6612,385.4331,0.627390
151.6961,-0.6414,384.8992,0.627546
151.8249,-0.6237,384.3070,0.627720
151.9414,-0.6082,383.7686,0.627874
152.0570,-0.5936,383.2300,0.628036
152.1718,-0.5805,382.6909,0.628189
152.2857,-0.5689,382.1507,0.628351
152.3988,-0.5590,381.6094,0.628508
152.5108,-0.5502,381.0666,0.628665
152.6326,-0.5420,380.4677,0.628839
152.7421,-0.5353,379.9213,0.628999
152.8507,-0.5289,379.3728,0.629156
152.9584,-0.5222,378.8222,0.629318
153.0652,-0.5144,378.2693,0.629480
153.1714,-0.5049,377.7146,0.629641
153.2770,-0.4933,377.1575,0.629803
153.3926,-0.4779,376.5420,0.629984
153.4972,-0.4615,375.9800,0.630144
153.6015,-0.4428,375.4156,0.630306
153.7056,-0.4221,374.8490,0.630470
153.8093,-0.4000,374.2802,0.630634
153.9230,-0.3750,373.6518,0.630815
154.0260,-0.3524,373.0782,0.630982
154.1288,-0.3307,372.5023,0.631149
154.2415,-0.3085,371.8663,0.631330
154.3437,-0.2906,371.2858,0.631496
154.4455,-0.2751,370.7030,0.631666
154.5467,-0.2621,370.1179,0.631834
154.6473,-0.2513,369.5307,0.632004
154.7571,-0.2416,368.8822,0.632189
154.8557,-0.2339,368.2904,0.632358
154.9531,-0.2269,367.6964,0.632533
155.0583,-0.2186,367.0399,0.632717
155.1526,-0.2099,366.4410,0.632890
155.2457,-0.1995,365.8393,0.633062
155.3379,-0.1871,365.2350,0.633236
155.4379,-0.1709,364.5668,0.633428
155.5275,-0.1533,363.9568,0.633602
155.6152,-0.1336,363.3444,0.633776
155.7012,-0.1128,362.7292,0.633953
155.7937,-0.0887,362.0495,0.634147
155.8756,-0.0663,361.4293,0.634323
155.9555,-0.0442,360.8063,0.634500
156.0335,-0.0231,360.1813,0.634678
156.1174,-0.0006,359.4920,0.634876
156.1917,0.0187,358.8665,0.635053
156.2715,0.0379,358.1800,0.635244
156.3418,0.0546,357.5563,0.635424
156.4099,0.0707,356.9337,0.635602
156.4819,0.0879,356.2516,0.635794
156.5450,0.1036,355.6317,0.635970
156.6055,0.1198,355.0135,0.636146
156.6688,0.1384,354.3345,0.636340
156.7237,0.1557,353.7185,0.636512
156.7760,0.1744,353.1031,0.636686
156.8305,0.1959,352.4279,0.636878
156.8773,0.2156,351.8152,0.637053
156.9256,0.2383,351.1418,0.637241
156.9664,0.2597,350.5314,0.637414
157.0037,0.2810,349.9223,0.637586
157.0413,0.3039,349.2537,0.637775
157.0722,0.3253,348.6467,0.637946
157.0999,0.3466,348.0417,0.638117
157.1262,0.3697,347.3777,0.638306
157.1465,0.3908,346.7744,0.638475
157.1649,0.4152,346.1119,0.638663
157.1676,0.4682,345.5115,0.638831
157.1748,0.4899,344.9075,0.639005
157.1810,0.5138,344.2425,0.639191
157.1851,0.5356,343.6365,0.639364
157.1872,0.5574,343.0285,0.639536
157.1868,0.5816,342.3596,0.639725
157.1827,0.6048,341.6908,0.639915
157.1754,0.6261,341.0818,0.640087
157.1655,0.6475,340.4721,0.640259
157.1516,0.6710,339.8007,0.640449
157.1368,0.6913,339.1884,0.640622
157.1196,0.7118,338.5747,0.640795
157.0984,0.7345,337.8984,0.640986
157.0768,0.7548,337.2833,0.641159
157.0528,0.7739,336.6658,0.641335
157.0245,0.7950,335.9852,0.641528
156.9966,0.8142,335.3647,0.641702
156.9669,0.8336,334.7431,0.641878
156.9355,0.8516,334.1210,0.642054
156.8988,0.8712,333.4339,0.642249
156.8642,0.8891,332.8077,0.642423
156.8285,0.9071,332.1796,0.642600
156.7921,0.9241,331.5512,0.642779
156.7510,0.9416,330.8561,0.642976
156.7133,0.9575,330.2228,0.643154
156.6753,0.9735,329.5875,0.643331
156.6333,0.9911,328.8869,0.643529
156.5951,1.0064,328.2491,0.643709
156.5564,1.0210,327.6086,0.643890
156.5137,1.0372,326.9026,0.644089
156.4743,1.0519,326.2587,0.644269
156.4350,1.0666,325.6135,0.644450
156.3951,1.0808,324.9669,0.644632
156.3547,1.0945,324.3175,0.644816
156.3097,1.1096,323.6002,0.645017
156.2682,1.1234,322.9449,0.645203
156.2260,1.1374,322.2865,0.645388
156.1828,1.1513,321.6250,0.645574
156.1342,1.1662,320.8938,0.645780
156.0887,1.1799,320.2253,0.645969
156.0422,1.1936,319.5537,0.646158
155.9896,1.2089,318.8108,0.646368
155.9408,1.2229,318.1322,0.646559
155.8908,1.2370,317.4498,0.646751
155.8397,1.2511,316.7642,0.646946
155.7874,1.2654,316.0750,0.647141
155.7286,1.2812,315.3129,0.647356
155.6740,1.2957,314.6163,0.647552
155.6181,1.3106,313.9160,0.647750
155.5615,1.3258,313.2124,0.647948
155.4981,1.3426,312.4342,0.648168
155.4398,1.3579,311.7231,0.648369
155.3807,1.3734,311.0082,0.648571
155.3209,1.3678,310.2890,0.648774
155.2600,1.3926,309.5669,0.648978
155.1929,1.4179,308.7698,0.649203
155.1419,1.4368,308.0440,0.649409
155.0786,1.4446,307.3116,0.649615
155.0136,1.4496,306.5720,0.649822
154.9415,1.4615,305.7592,0.650054
154.8750,1.4702,305.0168,0.650263
154.8075,1.4780,304.2718,0.650472
154.7388,1.4865,303.5244,0.650683
154.6619,1.4980,302.6994,0.650936
154.5905,1.5140,301.9451,0.651128
154.5176,1.5343,301.1884,0.651346
154.4357,1.5614,300.3519,0.651582
154.3600,1.5899,299.5877,0.651800
154.2832,1.6210,298.8203,0.652018
154.2061,1.6531,298.0505,0.652235
154.1220,1.6875,297.2038,0.652475
154.0466,1.7161,296.4350,0.652690
153.9722,1.7410,295.6674,0.652908
153.8986,1.7616,294.9009,0.653125
153.8186,1.7795,294.0590,0.653361
153.7466,1.7929,293.2956,0.653575
153.6750,1.8041,292.5339,0.653791
153.5967,1.8156,291.6979,0.654027
153.5260,1.8271,290.9396,0.654242
153.4561,1.8412,290.1828,0.654456
153.3869,1.8587,289.4274,0.654668
153.3118,1.8827,288.5978,0.654904
153.2446,1.9086,287.8447,0.655115
153.1783,1.9376,287.0925,0.655327
153.1135,1.9686,286.3415,0.655538
153.0439,2.0033,285.5166,0.655770
152.9823,2.0342,284.7683,0.655980
152.9222,2.0627,284.0213,0.656189
152.8637,2.0881,283.2757,0.656401
152.8067,2.1099,282.5314,0.656608
152.7455,2.1299,281.7144,0.656838
152.6913,2.1452,280.9733,0.657048
152.6380,2.1586,280.2339,0.657257
152.5854,2.1712,279.4960,0.657464
152.5283,2.1857,278.6862,0.657692
152.4769,2.2006,277.9518,0.657898
152.4259,2.2180,277.2188,0.658102
152.3756,2.2381,276.4872,0.658309
152.3257,2.2608,275.7571,0.658514
152.2714,2.2884,274.9553,0.658741
152.2227,2.3152,274.2277,0.658944
152.1746,2.3427,273.5015,0.659148
152.1270,2.3701,272.7769,0.659349
152.0794,2.3965,272.0536,0.659554
152.0269,2.4234,271.2603,0.659781
151.9790,2.4455,270.5406,0.659980
151.9307,2.4654,269.8227,0.660184
151.8820,2.4832,269.1065,0.660384
151.8325,2.4996,268.3920,0.660586
151.7771,2.5168,267.6078,0.660805
151.7256,2.5320,266.8972,0.661007
151.6733,2.5476,266.1878,0.661206
151.6199,2.5643,265.4799,0.661407
151.5655,2.5823,264.7734,0.661605
151.5102,2.6018,264.0682,0.661805
151.4483,2.6249,263.2935,0.662025
151.3913,2.6474,262.5912,0.662220
151.3336,2.6698,261.8898,0.662419
151.2754,2.6922,261.1895,0.662615
151.2109,2.7163,260.4207,0.662831
151.1519,2.7375,259.7233,0.663027
151.0926,2.7577,259.0272,0.663223
151.0330,2.7775,258.3323,0.663418
150.9671,2.7982,257.5699,0.663633
150.9070,2.8166,256.8782,0.663830
150.8468,2.8350,256.1884,0.664024
150.7868,2.8535,255.5023,0.664216
150.7272,2.8725,254.8212,0.664407
150.6680,2.8919,254.1458,0.664596
150.6090,2.9121,253.4763,0.664787
150.5504,2.9321,252.8134,0.664972
150.4863,2.9540,252.0911,0.665174
150.4282,2.9734,251.4407,0.665358
150.3704,2.9921,250.7965,0.665537
150.3130,3.0098,250.1582,0.665715
150.2557,3.0266,249.5258,0.665893
150.1988,3.0418,248.8997,0.666070
150.1425,3.0558,248.2782,0.666244
150.0866,3.0698,247.6625,0.666417
150.0261,3.0848,246.9917,0.666606
149.9717,3.0985,246.3875,0.666775
149.9182,3.1126,245.7886,0.666942
149.8651,3.1275,245.1950,0.667109
149.8124,3.1435,244.6066,0.667274
149.7600,3.1597,244.0234,0.667438
149.7086,3.1779,243.4427,0.667598
149.6581,3.1972,242.8642,0.667762
149.6083,3.2175,242.2870,0.667921
149.5593,3.2384,241.7108,0.668084
149.5065,3.2615,241.0780,0.668261
149.4597,3.2822,240.5036,0.668421
149.4142,3.3020,239.9302,0.668580
149.3697,3.3215,239.3580,0.668741
149.3268,3.3383,238.7863,0.668899
149.2854,3.3534,238.2156,0.669060
149.2455,3.3669,237.6457,0.669220
149.2072,3.3787,237.0768,0.669378
149.1706,3.3891,236.5089,0.669534
149.1324,3.3998,235.8847,0.669710
149.0993,3.4097,235.3198,0.669866
149.0681,3.4188,234.7552,0.670025
149.0385,3.4284,234.1918,0.670180
149.0102,3.4391,233.6294,0.670334
148.9835,3.4512,233.0680,0.670490
148.9583,3.4650,232.5076,0.670644
148.9351,3.4803,231.9496,0.670799
148.9135,3.4955,231.3900,0.670952
148.8934,3.5137,230.8321,0.671106
148.8750,3.5333,230.2741,0.671260
148.8583,3.5538,229.7158,0.671413
148.8433,3.5748,229.1569,0.671566
148.8292,3.5969,228.5422,0.671735
148.8186,3.6163,227.9803,0.671887
148.8101,3.6353,227.4185,0.672040
148.8043,3.6527,226.8558,0.672193
148.8016,3.6682,226.2921,0.672345
148.8023,3.6818,225.7273,0.672500
148.8068,3.6918,225.1637,0.672653
148.8148,3.7006,224.5991,0.672806
148.8265,3.7079,224.0361,0.672959
148.8423,3.7144,223.4740,0.673108
148.8625,3.7205,222.9129,0.673256
148.8900,3.7266,222.2972,0.673423
148.9194,3.7338,221.7392,0.673573
148.9532,3.7423,221.1831,0.673724
148.9911,3.7523,220.6289,0.673874
149.0334,3.7640,220.0767,0.674021
149.0798,3.7772,219.5262,0.674171
149.1302,3.7921,218.9775,0.674318
149.1844,3.8083,218.4307,0.674469
149.2424,3.8236,217.8872,0.674616
149.3036,3.8411,217.3428,0.674763
149.3683,3.8587,216.8018,0.674909
149.4366,3.8760,216.2625,0.675057
149.5087,3.8920,215.7264,0.675203
149.5842,3.9063,215.1889,0.675352
149.6631,3.9210,214.6550,0.675497
149.7454,3.9344,214.1229,0.675642
149.8311,3.9464,213.5926,0.675789
149.9201,3.9570,213.0645,0.675931
150.0125,3.9673,212.5373,0.676077
150.0985,3.9761,212.0646,0.676208
150.1971,3.9859,211.5410,0.676351
150.2993,3.9960,211.0192,0.676497
150.4055,4.0067,210.4986,0.676638
150.5154,4.0191,209.9804,0.676781
150.6293,4.0324,209.4641,0.676923
150.7472,4.0466,208.9497,0.677064
150.8687,4.0612,208.4380,0.677208
150.9809,4.0746,207.9779,0.677334
151.1087,4.0900,207.4696,0.677474
151.2395,4.1051,206.9634,0.677612
151.3734,4.1197,206.4595,0.677752
151.5104,4.1329,205.9583,0.677892
151.6363,4.1443,205.5075,0.678014
151.7788,4.1560,205.0096,0.678155
151.9240,4.1665,204.5138,0.678291
152.0721,4.1760,204.0202,0.678428
152.2229,4.1842,203.5286,0.678565
152.3762,4.1925,203.0390,0.678704
152.5166,4.1999,202.6002,0.678826
152.6753,4.2087,202.1146,0.678964
152.8369,4.2185,201.6310,0.679097
153.0018,4.2293,201.1495,0.679230
153.1530,4.2406,200.7179,0.679356
153.3246,4.2549,200.2404,0.679490
153.4999,4.2710,199.7653,0.679626
153.6790,4.2886,199.2926,0.679760
153.8622,4.3058,198.8224,0.679895
154.0299,4.3235,198.4014,0.680013
154.2197,4.3434,197.9362,0.680146
154.4132,4.3631,197.4738,0.680276
154.6103,4.3819,197.0142,0.680410
154.7908,4.3964,196.6035,0.680529
154.9943,4.4120,196.1491,0.680655
155.2012,4.4258,195.6977,0.680788
155.3903,4.4368,195.2939,0.680905
155.6037,4.4474,194.8479,0.681031
155.8202,4.4560,194.4059,0.681159
156.0185,4.4635,194.0086,0.681273
156.2417,4.4715,193.5710,0.681401
156.4683,4.4796,193.1364,0.681527
156.6982,4.4882,192.7048,0.681656
156.9313,4.4979,192.2763,0.681780
157.1439,4.5069,191.8935,0.681894
157.3833,4.5186,191.4708,0.682016
157.6259,4.5317,191.0513,0.682140
157.8470,4.5445,190.6764,0.682253
158.0959,4.5597,190.2630,0.682377
158.3483,4.5753,189.8529,0.682500
158.6042,4.5908,189.4463,0.682622
158.8374,4.6044,189.0834,0.682730
159.0998,4.6185,188.6834,0.682850
159.3653,4.6312,188.2870,0.682972
159.6341,4.6422,187.8941,0.683094
159.9055,4.6506,187.5093,0.683213
160.1529,4.6524,187.1616,0.683321
160.4322,4.6584,186.7756,0.683440
160.7129,4.6636,186.3966,0.683559
160.9969,4.6683,186.0212,0.683677
161.2554,4.6727,185.6865,0.683784
161.5455,4.6780,185.3183,0.683902
161.8388,4.6844,184.9536,0.684020
162.1350,4.6922,184.5927,0.684135
162.4336,4.7015,184.2355,0.684253
162.7345,4.7123,183.8821,0.684369
163.0377,4.7247,183.5326,0.684486
163.3433,4.7381,183.1869,0.684600
163.6511,4.7524,182.8449,0.684717
163.9299,4.7654,182.5403,0.684817
164.2413,4.7790,182.2055,0.684935
164.5550,4.7920,181.8735,0.685049
164.8708,4.8039,181.5441,0.685163
165.1886,4.8144,181.2174,0.685274
165.5085,4.8235,180.8930,0.685390
165.8307,4.8310,180.5709,0.685505
166.1547,4.8363,180.2537,0.685620
166.4822,4.8396,179.9336,0.685731
166.8107,4.8441,179.6177,0.685845
167.1411,4.8485,179.3037,0.685960
167.4737,4.8533,178.9916,0.686071
167.8084,4.8588,178.6814,0.686183
168.1452,4.8655,178.3731,0.686295
168.4840,4.8737,178.0667,0.686408
168.8247,4.8827,177.7630,0.686523
169.1679,4.8928,177.4600,0.686631
169.5127,4.9043,177.1591,0.686742
169.8597,4.9169,176.8601,0.686854
170.2090,4.9300,176.5632,0.686962
170.5605,4.9432,176.2685,0.687073
170.8788,4.9548,176.0050,0.687170
171.2346,4.9668,175.7142,0.687283
171.5927,4.9776,175.4256,0.687390
171.9530,4.9870,175.1390,0.687500
172.3158,4.9948,174.8547,0.687611
172.6810,5.0012,174.5730,0.687717
173.0486,5.0063,174.2945,0.687826
173.4180,5.0105,174.0197,0.687934
173.7892,5.0142,173.7487,0.688041
174.1620,5.0141,173.4828,0.688147
174.5368,5.0165,173.2191,0.688246
174.8755,5.0194,172.9851,0.688341
175.2538,5.0238,172.7292,0.688450
175.6340,5.0295,172.4776,0.688552
176.0162,5.0367,172.2304,0.688653
176.4001,5.0452,171.9875,0.688758
176.7856,5.0548,171.7487,0.688858
177.1726,5.0651,171.5141,0.688959
177.5608,5.0757,171.2837,0.689058
177.9502,5.0862,171.0576,0.689162
178.3413,5.0961,170.8355,0.689261
178.7345,5.1051,170.6168,0.689359
179.1272,5.1128,170.4026,0.689457
179.5273,5.1159,170.1891,0.689559
179.9273,5.1193,169.9784,0.689658
180.3295,5.1212,169.7701,0.689757
180.7341,5.1218,169.5643,0.689854
181.1412,5.1215,169.3609,0.689952
181.5506,5.1204,169.1598,0.690051
181.9625,5.1192,168.9610,0.690148
182.3768,5.1181,168.7644,0.690248
182.7935,5.1177,168.5700,0.690351
183.2129,5.1182,168.3779,0.690446
183.6349,5.1199,168.1882,0.690545
184.0596,5.1230,168.0010,0.690640
184.4870,5.1275,167.8164,0.690742
184.8741,5.1326,167.6526,0.690826
185.3067,5.1382,167.4735,0.690927
185.7424,5.1449,167.2972,0.691028
186.1812,5.1520,167.1240,0.691120
186.6225,5.1591,166.9546,0.691218
187.0655,5.1658,166.7898,0.691318
187.5094,5.1718,166.6299,0.691411
187.9545,5.1766,166.4753,0.691510
188.4008,5.1807,166.3260,0.691600
188.8480,5.1838,166.1820,0.691691
189.2960,5.1861,166.0436,0.691783
189.7446,5.1877,165.9106,0.691880
190.1940,5.1890,165.7832,0.691971
190.5990,5.1901,165.6735,0.692058
191.0495,5.1913,165.5572,0.692148
191.5006,5.1933,165.4467,0.692242
191.9521,5.1961,165.3421,0.692334
192.4037,5.2000,165.2434,0.692426
192.8556,5.2050,165.1505,0.692516
193.3073,5.2112,165.0635,0.692609
193.7588,5.2179,164.9826,0.692699
194.2099,5.2259,164.9073,0.692786
194.6606,5.2346,164.8379,0.692879
195.1109,5.2437,164.7743,0.692969
195.5158,5.2519,164.7219,0.693052
195.9651,5.2607,164.6693,0.693140
196.4139,5.2690,164.6225,0.693230
196.8622,5.2763,164.5818,0.693318
197.2650,5.2823,164.5505,0.693397
197.7118,5.2878,164.5215,0.693486
198.1579,5.2921,164.4987,0.693572
198.5588,5.2947,164.4835,0.693646
199.0033,5.2965,164.4727,0.693742
199.4459,5.2967,164.4684,0.693827
199.8894,5.2963,164.4707,0.693910
200.2866,5.2955,164.4782,0.693987
200.7266,5.2941,164.4929,0.694079
201.1652,5.2925,164.5142,0.694160
201.5586,5.2913,164.5390,0.694241
201.9943,5.2903,164.5728,0.694328
202.4268,5.2889,164.6130,0.694412
202.8169,5.2889,164.6549,0.694490
203.2471,5.2900,164.7071,0.694576
203.6753,5.2923,164.7655,0.694660
204.0586,5.2953,164.8234,0.694739
204.4822,5.2997,164.8937,0.694830
204.9032,5.3051,164.9701,0.694911
205.3215,5.3112,165.0525,0.694997
205.7370,5.3180,165.1406,0.695083
206.1085,5.3243,165.2246,0.695157
206.5183,5.3314,165.3231,0.695252
206.9250,5.3384,165.4269,0.695336
207.3287,5.3449,165.5359,0.695418
207.6894,5.3502,165.6385,0.695497
208.0861,5.3548,165.7575,0.695580
208.4808,5.3574,165.8816,0.695664
208.8735,5.3598,166.0112,0.695748
209.2237,5.3615,166.1320,0.695825
209.6100,5.3627,166.2712,0.695907
209.9933,5.3633,166.4157,0.695987
210.3735,5.3636,166.5656,0.696075
210.7507,5.3638,166.7208,0.696159
211.0880,5.3641,166.8650,0.696229
211.4607,5.3639,167.0302,0.696312
211.7943,5.3651,167.1828,0.696388
212.1627,5.3672,167.3567,0.696469
212.5287,5.3703,167.5353,0.696550
212.8922,5.3743,167.7187,0.696636
213.2532,5.3793,167.9068,0.696719
213.5760,5.3846,168.0800,0.696790
213.9308,5.3911,168.2762,0.696871
214.2849,5.3962,168.4776,0.696953
214.6010,5.4014,168.6621,0.697026
214.9498,5.4072,168.8708,0.697113
215.2961,5.4125,169.0837,0.697195
215.6396,5.4172,169.3009,0.697276
215.9465,5.4205,169.5002,0.697349
216.2849,5.4233,169.7256,0.697428
216.6196,5.4248,169.9549,0.697511
216.9508,5.4250,170.1882,0.697592
217.2456,5.4243,170.4015,0.697664
217.5696,5.4225,170.6422,0.697747
217.8897,5.4199,170.8867,0.697828
218.1744,5.4172,171.1101,0.697904
218.4868,5.4140,171.3619,0.697982
218.7947,5.4104,171.6173,0.698056
219.0982,5.4061,171.8760,0.698137
219.3686,5.4026,172.1125,0.698207
219.6648,5.3996,172.3789,0.698284
219.9564,5.3978,172.6493,0.698358
220.2430,5.3971,172.9237,0.698436
220.5246,5.3976,173.2020,0.698510
220.8012,5.3991,173.4841,0.698588
221.0728,5.4017,173.7697,0.698657
221.3129,5.4043,174.0296,0.698725
221.5750,5.4074,174.3212,0.698802
221.8322,5.4104,174.6156,0.698870
222.0845,5.4131,174.9126,0.698942
222.3319,5.4152,175.2119,0.699015
222.5503,5.4163,175.4834,0.699086
222.7877,5.4159,175.7863,0.699153
223.0212,5.4137,176.0925,0.699224
223.2501,5.4103,176.4010,0.699293
223.4743,5.4059,176.7118,0.699368
223.6720,5.4012,176.9936,0.699435
223.8871,5.3952,177.3091,0.699506
224.0978,5.3888,177.6272,0.699579
224.3044,5.3822,177.9483,0.699645
224.5064,5.3751,178.2715,0.699723
224.7049,5.3687,178.5976,0.699797
224.8998,5.3628,178.9265,0.699868
225.0912,5.3576,179.2581,0.699943
225.2789,5.3532,179.5923,0.700016
225.4631,5.3497,179.9290,0.700091
225.6439,5.3471,180.2680,0.700170
225.8209,5.3449,180.6083,0.700241
225.9960,5.3442,180.9518,0.700316
226.1679,5.3429,181.2970,0.700395
226.3372,5.3421,181.6440,0.700465
226.5206,5.3413,182.0276,0.700551
226.6849,5.3404,182.3783,0.700625
226.8472,5.3392,182.7309,0.700704
227.0078,5.3374,183.0852,0.700782
227.1670,5.3348,183.4415,0.700859
227.3251,5.3313,183.7997,0.700934
227.4823,5.3269,184.1597,0.701017
227.6387,5.3215,184.5216,0.701097
227.7944,5.3152,184.8853,0.701181
227.9651,5.3073,185.2877,0.701278
228.1196,5.2995,185.6554,0.701355
228.2740,5.2920,186.0261,0.701439
228.4270,5.2839,186.3969,0.701526
228.5799,5.2756,186.7709,0.701610
228.7324,5.2677,187.1470,0.701700
228.8997,5.2598,187.5632,0.701795
229.0515,5.2537,187.9437,0.701883
229.2034,5.2487,188.3263,0.701976
229.3557,5.2454,188.7120,0.702071
229.5061,5.2443,189.0976,0.702163
229.6552,5.2430,189.4875,0.702252
229.8035,5.2428,189.8802,0.702351
229.9662,5.2436,190.3144,0.702455
230.1147,5.2449,190.7118,0.702561
230.2629,5.2465,191.1113,0.702652
230.4108,5.2480,191.5125,0.702752
230.5584,5.2493,191.9156,0.702853
230.7053,5.2500,192.3212,0.702956
230.8513,5.2497,192.7296,0.703059
230.9964,5.2485,193.1408,0.703162
231.1405,5.2461,193.5547,0.703265
231.2973,5.2422,194.0120,0.703384
231.4374,5.2376,194.4279,0.703489
231.5750,5.2322,194.8443,0.703596
231.7098,5.2262,195.2612,0.703703
231.8419,5.2200,195.6786,0.703804
231.9712,5.2137,196.0965,0.703912
232.0978,5.2077,196.5147,0.704020
232.2215,5.2021,196.9333,0.704124
232.3540,5.1966,197.3942,0.704244
232.4706,5.1924,197.8137,0.704348
232.5853,5.1889,198.2331,0.704453
232.6983,5.1862,198.6521,0.704557
232.8205,5.1838,199.1123,0.704673
232.9282,5.2069,199.5304,0.704780
233.0297,5.2028,199.9487,0.704887
233.1298,5.1987,200.3682,0.704991
233.2270,5.1946,200.7879,0.705097
233.3232,5.1905,201.2085,0.705202
233.4180,5.1864,201.6303,0.705310
233.5203,5.1818,202.0961,0.705429
233.6118,5.1776,202.5205,0.705536
233.7017,5.1731,202.9458,0.705643
233.7895,5.1685,203.3726,0.705750
233.8829,5.1635,203.8444,0.705871
233.9657,5.1591,204.2755,0.705983
234.0487,5.1545,204.7085,0.706094
234.1318,5.1500,205.1431,0.706203
234.2216,5.1448,205.6224,0.706324
234.3020,5.1399,206.0604,0.706433
234.3815,5.1349,206.4998,0.706553
234.4579,5.1300,206.9402,0.706663
234.5305,5.1250,207.3832,0.706780
234.6099,5.1195,207.8735,0.706902
234.6823,5.1145,208.3206,0.707021
234.7537,5.1091,208.7690,0.707132
234.8232,5.1037,209.2196,0.707247
234.8910,5.0982,209.6734,0.707365
234.9636,5.0922,210.1738,0.707496
235.0281,5.0867,210.6298,0.707610
235.0908,5.0812,211.0878,0.707737
235.1515,5.0757,211.5479,0.707849
235.2101,5.0699,212.0101,0.707966
235.2723,5.0633,212.5211,0.708100
235.3270,5.0572,212.9875,0.708220
235.3801,5.0511,213.4558,0.708341
235.4320,5.0451,213.9258,0.708461
235.4824,5.0390,214.3974,0.708583
235.5314,5.0328,214.8705,0.708706
235.5840,5.0259,215.3925,0.708840
235.6306,5.0191,215.8693,0.708963
235.6761,5.0123,216.3476,0.709089
235.7211,5.0054,216.8279,0.709212
235.7655,4.9986,217.3103,0.709340
235.8095,4.9917,217.7948,0.709463
235.8580,4.9840,218.3309,0.709603
235.9024,4.9771,218.8210,0.709732
235.9472,4.9702,219.3131,0.709860
235.9928,4.9628,219.8085,0.709989
236.0392,4.9553,220.3067,0.710121
236.0862,4.9477,220.8075,0.710255
236.1342,4.9401,221.3116,0.710384
236.1827,4.9325,221.8188,0.710518
236.2317,4.9248,222.3291,0.710654
236.2864,4.9161,222.8940,0.710804
236.3367,4.9078,223.4115,0.710938
236.3874,4.8995,223.9322,0.711080
236.4390,4.8912,224.4565,0.711218
236.4911,4.8828,224.9842,0.711360
236.5439,4.8744,225.5153,0.711501
236.6032,4.8650,226.1037,0.711657
236.6578,4.8565,226.6420,0.711799
236.7133,4.8478,227.1839,0.711945
236.7697,4.8389,227.7299,0.712093
236.8263,4.8300,228.2794,0.712237
236.8890,4.8202,228.8886,0.712401
236.9459,4.8112,229.4466,0.712554
237.0022,4.8021,230.0086,0.712699
237.0579,4.7930,230.5747,0.712851
237.1124,4.7838,231.1443,0.713007
237.1708,4.7731,231.7742,0.713175
237.2224,4.7639,232.3490,0.713327
237.2721,4.7546,232.9254,0.713483
237.3245,4.7444,233.5615,0.713653
237.3703,4.7351,234.1414,0.713807
237.4144,4.7257,234.7227,0.713961
237.4611,4.7155,235.3638,0.714135
237.5017,4.7055,235.9475,0.714293
237.5406,4.6963,236.5338,0.714448
237.5779,4.6871,237.1211,0.714604
237.6133,4.6780,237.7104,0.714767
237.6504,4.6694,238.3624,0.714944
237.6824,4.6610,238.9550,0.715103
237.7125,4.6518,239.5511,0.715262
237.7411,4.6425,240.1492,0.715425
237.7679,4.6335,240.7496,0.715588
237.7953,4.6238,241.4121,0.715770
237.8187,4.6149,242.0167,0.715927
237.8408,4.6061,242.6236,0.716093
237.8620,4.5972,243.2328,0.716262
237.8843,4.5873,243.9060,0.716444
237.9035,4.5799,244.5219,0.716610
237.9211,4.5721,245.1391,0.716778
237.9370,4.5639,245.7601,0.716953
237.9523,4.5548,246.4470,0.717139
237.9639,4.5464,247.0748,0.717311
237.9733,4.5381,247.7059,0.717485
237.9803,4.5302,248.3412,0.717658
237.9849,4.5228,249.0422,0.717851
237.9860,4.5158,249.6832,0.718026
237.9845,4.5087,250.3274,0.718204
237.9804,4.5016,250.9747,0.718382
237.9729,4.4937,251.6903,0.718578
237.9631,4.4870,252.3443,0.718756
237.9501,4.4808,253.0012,0.718936
237.9336,4.4746,253.6609,0.719122
237.9138,4.4685,254.3236,0.719304
237.8881,4.4616,255.0561,0.719507
237.8614,4.4559,255.7258,0.719687
237.8312,4.4511,256.3970,0.719873
237.7975,4.4459,257.0703,0.720055
237.7560,4.4402,257.8098,0.720262
237.7147,4.4350,258.4800,0.720447
237.6700,4.4300,259.1484,0.720629
237.6220,4.4254,259.8144,0.720818
237.5657,4.4203,260.5446,0.721014
237.5117,4.4156,261.2062,0.721201
237.4550,4.4110,261.8655,0.721386
237.3956,4.4062,262.5221,0.721565
237.3334,4.4009,263.1776,0.721747
237.2685,4.3963,263.8304,0.721922
237.1939,4.3909,264.5455,0.722127
237.1231,4.3859,265.1945,0.722305
237.0496,4.3813,265.8409,0.722486
236.9735,4.3766,266.4850,0.722664
236.8949,4.3715,267.1273,0.722843
236.8137,4.3665,267.7675,0.723015
236.7301,4.3615,268.4055,0.723198
236.6441,4.3565,269.0413,0.723370
236.5558,4.3485,269.6744,0.723543
236.4570,4.3420,270.3690,0.723742
236.3654,4.3357,270.9958,0.723915
236.2723,4.3282,271.6252,0.724090
236.1781,4.3224,272.2502,0.724266
236.0825,4.3162,272.8721,0.724440
235.9856,4.3086,273.4937,0.724611
235.8878,4.3017,274.1129,0.724784
235.7788,4.2942,274.7917,0.724974
235.6789,4.2874,275.4070,0.725144
235.5781,4.2806,276.0207,0.725315
235.4767,4.2732,276.6317,0.725486
235.3749,4.2648,277.2422,0.725659
235.2726,4.2565,277.8510,0.725827
235.1597,4.2477,278.5193,0.726018
235.0567,4.2394,279.1251,0.726187
234.9535,4.2312,279.7302,0.726355
234.8503,4.2227,280.3344,0.726527
234.7471,4.2135,280.9388,0.726698
234.6441,4.2042,281.5434,0.726866
234.5309,4.1942,282.2083,0.727053
234.4283,4.1850,282.8132,0.727223
234.3259,4.1757,283.4189,0.727395
234.2234,4.1664,284.0255,0.727563
234.1216,4.1132,284.6328,0.727733
234.0194,4.1085,285.2424,0.727907
233.9068,4.1034,285.9128,0.728097
233.8035,4.0980,286.5230,0.728269
233.7005,4.0913,287.1351,0.728441
233.5983,4.0830,287.7485,0.728615
233.4864,4.0720,288.4254,0.728805
233.3849,4.0602,289.0443,0.728979
233.2831,4.0471,289.6656,0.729155
233.1812,4.0331,290.2887,0.729332
233.0692,4.0173,290.9761,0.729525
232.9676,4.0032,291.6028,0.729700
232.8664,3.9897,292.2312,0.729879
232.7655,3.9774,292.8618,0.730061
232.6552,3.9651,293.5579,0.730254
232.5553,3.9548,294.1934,0.730434
232.4556,3.9450,294.8318,0.730614
232.3561,3.9354,295.4730,0.730793
232.2566,3.9255,296.1165,0.730976
232.1471,3.9137,296.8272,0.731175
232.0473,3.9019,297.4755,0.731361
231.9473,3.8889,298.1261,0.731538
231.8469,3.8748,298.7789,0.731726
231.7362,3.8592,299.5000,0.731929
231.6351,3.8451,300.1574,0.732116
231.5337,3.8314,300.8170,0.732300
231.4218,3.8176,301.5453,0.732505
231.3197,3.8066,302.2101,0.732694
231.2173,3.7977,302.8773,0.732884
231.1041,3.7903,303.6140,0.733090
231.0010,3.7854,304.2865,0.733279
230.8976,3.7817,304.9614,0.733471
230.7938,3.7785,305.6389,0.733661
230.6790,3.7743,306.3871,0.733873
230.5741,3.7700,307.0710,0.734067
230.4683,3.7636,307.7556,0.734259
230.3618,3.7542,308.4429,0.734456
230.2546,3.7416,309.1325,0.734650
230.1465,3.7260,309.8242,0.734843
230.0267,3.7065,310.5877,0.735055
229.9169,3.6895,311.2829,0.735258
229.8058,3.6704,311.9787,0.735454
229.6943,3.6527,312.6734,0.735646
229.5817,3.6376,313.3668,0.735848
229.4679,3.6258,314.0591,0.736046
229.3418,3.6175,314.8198,0.736258
229.2262,3.6141,315.5102,0.736456
229.1093,3.6134,316.1996,0.736651
228.9911,3.6144,316.8877,0.736845
228.8714,3.6162,317.5756,0.737043
228.7384,3.6181,318.3285,0.737252
228.6158,3.6168,319.0122,0.737449
228.4917,3.6126,319.6947,0.737641
228.3660,3.6052,320.3757,0.737838
228.2390,3.5947,321.0556,0.738029
228.0977,3.5807,321.8029,0.738245
227.9678,3.5661,322.4822,0.738439
227.8365,3.5509,323.1620,0.738630
227.7037,3.5359,323.8422,0.738828
227.5695,3.5222,324.5230,0.739025
227.4201,3.5093,325.2725,0.739237
227.2829,3.5001,325.9544,0.739430
227.1445,3.4930,326.6370,0.739628
227.0050,3.4877,327.3203,0.739822
226.8644,3.4833,328.0045,0.740023
226.7228,3.4794,328.6901,0.740221
226.5802,3.4750,329.3769,0.740415
226.4368,3.4693,330.0651,0.740614
226.2778,3.4614,330.8241,0.740833
226.1325,3.4527,331.5160,0.741031
225.9863,3.4431,332.2100,0.741229
225.8397,3.4332,332.9062,0.741433
225.6931,3.4238,333.6049,0.741633
225.5438,3.4534,334.3034,0.741837
225.3989,3.4458,335.0091,0.742038
225.2534,3.4381,335.7167,0.742245
225.1078,3.4305,336.4279,0.742448
224.9618,3.4229,337.1425,0.742652
224.8162,3.4153,337.8592,0.742860
224.6713,3.4076,338.5786,0.743073
224.5272,3.3999,339.3009,0.743278
224.3833,3.3922,340.0263,0.743488
224.2395,3.3845,340.7554,0.743698
224.0956,3.3767,341.4884,0.743908
223.9518,3.3688,342.2250,0.744120
223.8079,3.3610,342.9651,0.744335
223.6643,3.3531,343.7084,0.744549
223.5208,3.3453,344.4552,0.744760
223.3775,3.3377,345.2050,0.744976
223.2343,3.3300,345.9580,0.745194
223.0911,3.3224,346.7144,0.745412
222.9480,3.3146,347.4738,0.745628
222.8049,3.3069,348.2365,0.745849
222.6619,3.2991,349.0023,0.746070
222.5188,3.2913,349.7709,0.746288
222.3758,3.2835,350.5422,0.746508
222.2330,3.2757,351.3144,0.746729
222.0907,3.2682,352.0857,0.746951
221.9489,3.2609,352.8558,0.747171
221.8077,3.2537,353.6249,0.747391
221.6670,3.2464,354.3929,0.747610
221.5267,3.2391,355.1599,0.747830
221.3866,3.2319,355.9260,0.748050
221.2466,3.2247,356.6919,0.748266
221.1066,3.2174,357.4590,0.748489
220.9660,3.2101,358.2304,0.748707
220.8254,3.2028,359.0010,0.748928
220.6850,3.1956,359.7709,0.749148
220.5446,3.1884,360.5401,0.749368
220.4044,3.1811,361.3086,0.749586
220.2642,3.1740,362.0764,0.749805
220.1242,3.1670,362.8436,0.750027
219.9842,3.1601,363.6100,0.750244
219.8443,3.1532,364.3756,0.750463
219.7044,3.1463,365.1406,0.750683
219.5646,3.1394,365.9048,0.750900
219.4248,3.1325,366.6683,0.751117
219.2852,3.1257,367.4311,0.751335
219.1455,3.1188,368.1930,0.751552
219.0061,3.1119,368.9544,0.751768
218.8672,3.1050,369.7161,0.751984
218.7288,3.0982,370.4785,0.752204
218.5910,3.0913,371.2419,0.752423
218.4538,3.0844,372.0065,0.752640
218.3172,3.0775,372.7723,0.752859
218.1812,3.0706,373.5395,0.753080
218.0459,3.0637,374.3080,0.753297
217.9114,3.0568,375.0782,0.753518
217.7778,3.0498,375.8500,0.753736
217.6452,3.0429,376.6235,0.753959
217.5136,3.0359,377.3987,0.754180
217.3830,3.0290,378.1757,0.754400
217.2534,3.0223,378.9544,0.754627
217.1246,3.0156,379.7348,0.754844
216.9967,3.0089,380.5169,0.755067
216.8697,3.0021,381.3009,0.755293
216.7436,2.9954,382.0866,0.755515
216.6184,2.9886,382.8741,0.755741
216.4942,2.9818,383.6634,0.755964
216.3707,2.9750,384.4546,0.756190
216.2476,2.9682,385.2476,0.756414
216.1247,2.9613,386.0426,0.756642
216.0018,2.9545,386.8394,0.756867
215.8789,2.9476,387.6381,0.757094
215.7560,2.9408,388.4386,0.757321
215.6332,2.9339,389.2409,0.757549
215.5103,2.9269,390.0451,0.757779
215.3875,2.9200,390.8513,0.758006
215.2647,2.9131,391.6593,0.758235
215.1420,2.9061,392.4693,0.758467
215.0194,2.8991,393.2813,0.758698
214.8968,2.8921,394.0953,0.758926
214.7743,2.8851,394.9113,0.759158
214.6518,2.8781,395.7294,0.759390
214.5293,2.8710,396.5495,0.759622
214.4069,2.8640,397.3717,0.759855
214.2844,2.8569,398.1960,0.760092
214.1619,2.8498,399.0225,0.760324
214.0390,2.8426,399.8511,0.760557
213.9159,2.8355,400.6819,0.760797
213.7800,2.8276,401.5983,0.761055
213.6561,2.8204,402.4336,0.761293
213.5319,2.8132,403.2709,0.761528
213.4074,2.8061,404.1100,0.761766
213.2827,2.7991,404.9507,0.762006
213.1576,2.7920,405.7929,0.762244
213.0323,2.7848,406.6366,0.762484
212.9066,2.7777,407.4819,0.762722
212.7807,2.7706,408.3286,0.762962
212.6419,2.7627,409.2615,0.763227
212.5156,2.7556,410.1113,0.763472
212.3892,2.7484,410.9624,0.763709
212.2626,2.7412,411.8150,0.763951
212.1358,2.7340,412.6691,0.764194
212.0088,2.7268,413.5246,0.764435
211.8816,2.7196,414.3816,0.764679
211.7543,2.7123,415.2400,0.764925
211.6141,2.7044,416.1859,0.765192
211.4864,2.6971,417.0473,0.765439
211.3586,2.6898,417.9101,0.765682
211.2307,2.6825,418.7737,0.765927
211.1028,2.6753,419.6367,0.766169
210.9749,2.6680,420.4988,0.766419
210.8470,2.6607,421.3602,0.766665
210.7193,2.6535,422.2208,0.766908
210.5916,2.6462,423.0805,0.767151
210.4638,2.6390,423.9393,0.767394
210.3360,2.6318,424.7973,0.767638
210.2083,2.6245,425.6545,0.767883
210.0805,2.6173,426.5109,0.768124
209.9525,2.6101,427.3663,0.768368
209.8246,2.6029,428.2209,0.768608
209.6966,2.5957,429.0746,0.768850
209.5685,2.5885,429.9274,0.769094
209.4404,2.5813,430.7795,0.769337
209.3122,2.5741,431.6306,0.769577
209.1840,2.5669,432.4808,0.769818
209.0558,2.5598,433.3303,0.770059
208.9276,2.5526,434.1788,0.770301
208.7994,2.5454,435.0265,0.770541
208.6712,2.5383,435.8733,0.770782
208.5430,2.5311,436.7192,0.771023
208.4148,2.5239,437.5645,0.771261
208.2865,2.5167,438.4095,0.771501
208.1707,2.5102,439.1700,0.771717
208.0287,2.5023,440.1000,0.771979
207.9121,2.4958,440.8615,0.772193
207.7822,2.4885,441.7083,0.772436
207.6518,2.4813,442.5557,0.772677
207.5210,2.4741,443.4037,0.772918
207.3898,2.4668,444.2523,0.773158
207.2582,2.4596,445.1014,0.773399
207.1262,2.4523,445.9513,0.773640
206.9938,2.4451,446.8017,0.773881
206.8609,2.4378,447.6527,0.774124
206.7276,2.4306,448.5044,0.774368
206.5939,2.4233,449.3566,0.774607
206.4598,2.4160,450.2092,0.774850
206.3254,2.4088,451.0610,0.775090
206.1906,2.4015,451.9119,0.775334
206.0556,2.3942,452.7619,0.775574
205.9203,2.3870,453.6111,0.775816
205.7847,2.3798,454.4594,0.776057
205.6488,2.3725,455.3068,0.776298
205.5126,2.3653,456.1534,0.776536
205.3761,2.3581,456.9990,0.776778
205.2393,2.3509,457.8437,0.777018
205.1021,2.3437,458.6875,0.777259
204.9646,2.3365,459.5305,0.777496
204.8267,2.3293,460.3725,0.777736
204.6886,2.3221,461.2136,0.777976
204.5501,2.3149,462.0539,0.778212
204.4112,2.3077,462.8932,0.778454
204.2721,2.3005,463.7317,0.778690
204.1326,2.2934,464.5692,0.778929
203.9927,2.2862,465.4059,0.779167
203.8526,2.2791,466.2416,0.779403
203.7123,2.2719,467.0765,0.779642
203.5720,2.2648,467.9104,0.779877
203.4315,2.2575,468.7433,0.780116
203.2909,2.2500,469.5755,0.780352
203.1502,2.2426,470.4068,0.780591
203.0093,2.2351,471.2373,0.780825
202.8683,2.2277,472.0669,0.781063
202.7272,2.2202,472.8957,0.781300
202.5859,2.2128,473.7236,0.781536
202.4446,2.2053,474.5506,0.781771
202.3033,2.1979,475.3772,0.782005
202.1479,2.1898,476.2860,0.782264
202.0211,2.1831,477.0293,0.782476
201.8664,2.1749,477.9373,0.782733
201.7401,2.1683,478.6799,0.782944
201.5999,2.1608,479.5047,0.783182
201.4599,2.1534,480.3292,0.783417
201.3202,2.1460,481.1534,0.783651
201.1808,2.1386,481.9767,0.783887
201.0419,2.1313,482.7993,0.784119
200.9034,2.1239,483.6213,0.784353
200.7653,2.1165,484.4424,0.784589
200.6276,2.1091,485.2628,0.784822
200.4904,2.1018,486.0825,0.785057
200.3537,2.0944,486.9014,0.785291
200.2175,2.0871,487.7195,0.785523
200.0954,2.0804,488.4552,0.785732
199.9603,2.0731,489.2719,0.785966
199.8258,2.0658,490.0879,0.786196
199.6920,2.0584,490.9032,0.786431
199.5588,2.0511,491.7178,0.786665
199.4261,2.0438,492.5316,0.786897
199.2941,2.0365,493.3448,0.787126
199.1628,2.0288,494.1568,0.787360
199.0451,2.0213,494.8874,0.787567
198.9149,2.0128,495.6985,0.787800
198.7853,2.0044,496.5090,0.788029
198.6563,1.9960,497.3188,0.788259
198.5279,1.9876,498.1278,0.788490
198.4002,1.9793,498.9362,0.788719
198.2858,1.9717,499.6631,0.788926
198.1592,1.9633,500.4702,0.789158
198.0333,1.9550,501.2767,0.789386
197.9081,1.9466,502.0824,0.789615
197.7834,1.9383,502.8875,0.789843
197.6594,1.9299,503.6919,0.790073
197.5484,1.9224,504.4153,0.790277
197.4256,1.9141,505.2184,0.790507
197.3034,1.9058,506.0209,0.790735
197.1818,1.8975,506.8226,0.790964
197.0608,1.8892,507.6237,0.791193
196.9525,1.8817,508.3441,0.791394
196.8327,1.8734,509.1440,0.791623
196.7136,1.8650,509.9424,0.791850
196.5950,1.8550,510.7409,0.792077
196.4770,1.8450,511.5387,0.792304
196.3713,1.8361,512.2562,0.792506
196.2543,1.8261,513.0527,0.792733
196.1378,1.8161,513.8486,0.792959
196.0214,1.8062,514.6440,0.793187
195.9053,1.7962,515.4388,0.793411
195.7891,1.7863,516.2328,0.793638
195.6847,1.7773,516.9471,0.793838
195.5573,1.7664,517.8192,0.794087
195.4531,1.7575,518.5321,0.794288
195.3375,1.7475,519.3236,0.794512
195.2220,1.7376,520.1143,0.794738
195.1070,1.7269,520.9037,0.794963
194.9923,1.7158,521.6930,0.795187
194.8778,1.7047,522.4816,0.795411
194.7635,1.6936,523.2693,0.795633
194.6494,1.6826,524.0565,0.795856
194.5356,1.6715,524.8429,0.796080
194.4220,1.6605,525.6286,0.796302
194.3087,1.6494,526.4138,0.796524
194.1956,1.6384,527.1982,0.796747
194.0941,1.6285,527.9036,0.796947
193.9814,1.6185,528.6871,0.797170
193.8690,1.6087,529.4696,0.797391
193.7569,1.5988,530.2514,0.797613
193.6451,1.5890,531.0323,0.797835
193.5335,1.5792,531.8128,0.798057
193.4222,1.5694,532.5926,0.798278
193.3111,1.5596,533.3716,0.798499
193.2114,1.5507,534.0721,0.798698
193.1008,1.5409,534.8499,0.798918
192.9903,1.5313,535.6278,0.799138
192.8802,1.5235,536.4042,0.799359
192.7703,1.5157,537.1799,0.799576
192.6608,1.5079,537.9548,0.799797
192.5515,1.5001,538.7292,0.800014
192.4534,1.4931,539.4255,0.800215
192.3446,1.4854,540.1985,0.800435
192.2361,1.4776,540.9708,0.800653
192.1278,1.4699,541.7424,0.800873
192.0199,1.4621,542.5132,0.801090
191.9123,1.4544,543.2838,0.801310
191.8050,1.4478,544.0532,0.801527
191.6984,1.4412,544.8218,0.801745
191.5927,1.4346,545.5897,0.801963
191.4881,1.4281,546.3567,0.802181
191.3847,1.4215,547.1230,0.802396
191.2828,1.4149,547.8886,0.802615
191.1823,1.4084,548.6535,0.802833
191.0830,1.4019,549.4178,0.803049
190.9948,1.3960,550.1049,0.803243
190.8981,1.3894,550.8680,0.803460
190.8028,1.3828,551.6305,0.803675
190.7088,1.3762,552.3924,0.803893
190.6162,1.3697,553.1537,0.804109
190.5251,1.3631,553.9145,0.804323
190.4353,1.3566,554.6749,0.804540
190.3467,1.3501,555.4346,0.804754
190.2591,1.3427,556.1932,0.804969
190.1725,1.3347,556.9521,0.805184
190.0866,1.3267,557.7104,0.805400
190.0014,1.3187,558.4682,0.805612
189.9171,1.3107,559.2254,0.805827
189.8335,1.3027,559.9821,0.806042
189.7509,1.2948,560.7381,0.806256
189.6772,1.2876,561.4181,0.806447
189.5961,1.2798,562.1731,0.806659
189.5157,1.2720,562.9274,0.806873
189.4361,1.2642,563.6812,0.807087
189.3573,1.2564,564.4342,0.807302
189.2792,1.2486,565.1868,0.807514
189.2018,1.2408,565.9386,0.807726
189.1252,1.2330,566.6899,0.807937
189.0493,1.2253,567.4405,0.808150
188.9740,1.2176,568.1904,0.808359
188.8996,1.2098,568.9398,0.808575
188.8258,1.2020,569.6885,0.808788
188.7600,1.1951,570.3619,0.808979
188.6876,1.1873,571.1095,0.809187
188.6159,1.1796,571.8565,0.809397
188.5449,1.1719,572.6028,0.809607
188.4747,1.1641,573.3486,0.809817
188.4051,1.1564,574.0938,0.810029
188.3362,1.1492,574.8384,0.810239
188.2680,1.1422,575.5823,0.810448
188.2006,1.1352,576.3255,0.810659
188.1339,1.1282,577.0681,0.810869
188.0679,1.1211,577.8102,0.811078
188.0026,1.1141,578.5516,0.811287
187.9379,1.1071,579.2923,0.811495
187.8740,1.1001,580.0325,0.811705
187.8118,1.0653,580.7726,0.811913
187.7505,1.0541,581.5112,0.812123
187.6905,1.0425,582.2486,0.812331
187.6322,1.0313,582.9854,0.812538
187.5751,1.0211,583.7215,0.812745
187.5188,1.0124,584.4573,0.812954
187.4629,1.0056,585.1929,0.813161
187.4077,1.0009,585.9285,0.813370
187.3534,0.9980,586.6639,0.813579
187.2998,0.9964,587.3992,0.813786
187.2462,0.9954,588.1337,0.813990
187.1927,0.9944,588.8680,0.814196
187.1394,0.9931,589.6010,0.814401
187.0864,0.9899,590.3332,0.814607
187.0338,0.9842,591.0648,0.814815
186.9815,0.9758,591.7957,0.815021
186.9292,0.9649,592.5260,0.815225
186.8769,0.9520,593.2553,0.815432
186.8245,0.9381,593.9841,0.815637
186.7717,0.9242,594.7122,0.815841
186.7183,0.9113,595.4398,0.816046
186.6640,0.9004,596.1667,0.816252
186.6090,0.8923,596.8933,0.816455
186.5530,0.8874,597.6196,0.816662
186.5017,0.8857,598.2729,0.816846
186.4436,0.8864,598.9978,0.817050
186.3842,0.8879,599.7226,0.817252
186.3235,0.8902,600.4467,0.817453
186.2614,0.8921,601.1698,0.817657
186.1980,0.8924,601.8920,0.817860
186.1333,0.8900,602.6133,0.818061
186.0674,0.8843,603.3337,0.818265
186.0004,0.8749,604.0533,0.818468
185.9325,0.8622,604.7719,0.818670
185.8640,0.8467,605.4894,0.818872
185.7950,0.8296,606.2059,0.819074
185.7259,0.8121,606.9215,0.819277
185.6564,0.7956,607.6362,0.819478
185.5866,0.7813,608.3502,0.819682
185.5165,0.7702,609.0634,0.819882
185.4461,0.7628,609.7764,0.820086
185.3754,0.7592,610.4888,0.820284
185.3113,0.7592,611.1300,0.820463
185.2396,0.7625,611.8414,0.820663
185.1670,0.7672,612.5522,0.820866
185.0936,0.7719,613.2623,0.821063
185.0192,0.7753,613.9714,0.821264
184.9440,0.7763,614.6798,0.821463
184.8679,0.7754,615.3873,0.821664
184.7911,0.7697,616.0940,0.821864
184.7137,0.7641,616.7998,0.822064
184.6357,0.7584,617.5045,0.822263
184.5652,0.7533,618.1378,0.822441
184.4863,0.7477,618.8409,0.822639
184.4071,0.7421,619.5433,0.822838
184.3277,0.7365,620.2449,0.823036
184.2481,0.7309,620.9447,0.823234
184.1686,0.7253,621.6414,0.823432
184.0973,0.7203,622.2650,0.823610
184.0183,0.7146,622.9537,0.823802
183.9396,0.7088,623.6380,0.823996
183.8615,0.7031,624.3175,0.824186
183.7838,0.6974,624.9921,0.824376
183.7066,0.6918,625.6614,0.824566
183.6375,0.6867,626.2592,0.824736
183.5613,0.6811,626.9180,0.824926
183.4857,0.6756,627.5708,0.825107
183.4109,0.6702,628.2175,0.825291
183.3369,0.6648,628.8581,0.825470
183.2708,0.6599,629.4294,0.825631
183.1981,0.6546,630.0579,0.825808
183.1261,0.6494,630.6802,0.825983
183.0548,0.6442,631.2963,0.826162
182.9913,0.6395,631.8453,0.826316
182.9214,0.6339,632.4485,0.826487
182.8521,0.6276,633.0471,0.826655
182.7834,0.6213,633.6411,0.826824
182.7218,0.6156,634.1735,0.826970
182.6534,0.6093,634.7642,0.827138
182.5851,0.6031,635.3543,0.827307
182.5169,0.5968,635.9439,0.827475
182.4556,0.5912,636.4741,0.827622
182.3874,0.5849,637.0628,0.827790
182.3194,0.5788,637.6510,0.827956
182.2582,0.5732,638.1799,0.828107
182.1904,0.5669,638.7671,0.828272
182.1225,0.5607,639.3538,0.828437
182.0616,0.5550,639.8816,0.828588
181.9939,0.5488,640.4675,0.828753
181.9263,0.5425,641.0533,0.828919
181.8584,0.5364,641.6387,0.829084
181.7906,0.5300,642.2234,0.829250
181.7294,0.5235,642.7503,0.829399
181.6613,0.5163,643.3358,0.829565
181.5998,0.5098,643.8628,0.829714
181.5312,0.5026,644.4487,0.829880
181.4623,0.4953,645.0348,0.830045
181.4000,0.4888,645.5624,0.830195
181.3304,0.4820,646.1495,0.830360
181.2607,0.4763,646.7363,0.830526
181.1976,0.4711,647.2645,0.830675
181.1274,0.4654,647.8515,0.830841
181.0570,0.4597,648.4387,0.831008
180.9934,0.4545,648.9675,0.831157
180.9224,0.4487,649.5551,0.831323
180.8584,0.4436,650.0839,0.831472
180.7870,0.4378,650.6716,0.831638
180.7232,0.4325,651.2006,0.831788
180.6524,0.4266,651.7883,0.831953
180.5821,0.4206,652.3763,0.832120
180.5193,0.4148,652.9056,0.832269
180.4501,0.4084,653.4938,0.832435
180.3882,0.4026,654.0236,0.832584
180.3200,0.3962,654.6122,0.832750
180.2530,0.3901,655.2015,0.832916
180.1923,0.3848,655.7318,0.833068
180.1253,0.3789,656.3212,0.833233
180.0653,0.3735,656.8519,0.833384
179.9991,0.3676,657.4415,0.833549
179.9399,0.3622,657.9717,0.833700
179.8745,0.3563,658.5604,0.833866
179.8161,0.3510,659.0898,0.834015
179.7516,0.3451,659.6776,0.834181
179.6940,0.3398,660.2062,0.834331
179.6304,0.3339,660.7932,0.834496
179.5735,0.3286,661.3211,0.834645
179.5171,0.3233,661.8486,0.834795
179.4550,0.3174,662.4343,0.834960
179.3934,0.3113,663.0190,0.835125
179.3383,0.3057,663.5447,0.835273
179.2838,0.3000,664.0687,0.835422
179.2239,0.2938,664.6486,0.835584
179.1707,0.2882,665.1677,0.835731
179.1137,0.2821,665.7417,0.835894
179.0619,0.2772,666.2546,0.836038
179.0052,0.2718,666.8206,0.836198
178.9548,0.2669,667.3266,0.836341
178.9047,0.2621,667.8292,0.836483
178.8493,0.2568,668.3836,0.836638
178.7997,0.2521,668.8789,0.836778
178.7504,0.2474,669.3707,0.836917
178.6960,0.2422,669.9129,0.837070
178.6474,0.2375,670.3973,0.837207
178.5937,0.2324,670.9312,0.837357
178.5459,0.2278,671.4080,0.837491
178.4983,0.2233,671.8813,0.837624
178.4511,0.2188,672.3510,0.837756
178.3992,0.2138,672.8688,0.837903
178.3527,0.2094,673.3313,0.838034
178.3012,0.2045,673.8409,0.838178
178.2551,0.2001,674.2959,0.838306
178.2091,0.1958,674.7473,0.838432
178.1581,0.1910,675.2450,0.838573
178.1122,0.1867,675.6895,0.838698
178.0666,0.1819,676.1304,0.838822
178.0159,0.1765,676.6179,0.838959
177.9703,0.1716,677.0551,0.839082
177.9246,0.1668,677.4915,0.839205
177.8737,0.1614,677.9758,0.839342
177.8292,0.1569,678.4116,0.839465
177.7832,0.1526,678.8464,0.839588
177.7319,0.1479,679.3293,0.839725
177.6855,0.1436,679.7634,0.839847
177.6390,0.1393,680.1973,0.839969
177.5872,0.1345,680.6790,0.840105
177.5404,0.1302,681.1120,0.840227
177.4935,0.1259,681.5449,0.840349
177.4412,0.1212,682.0254,0.840486
177.3939,0.1169,682.4575,0.840607
177.3464,0.1126,682.8894,0.840729
177.2935,0.1078,683.3688,0.840864
177.2457,0.1035,683.7999,0.840986
177.1978,0.0992,684.2308,0.841107
177.1443,0.0945,684.7090,0.841243
177.0961,0.0902,685.1392,0.841364
177.0479,0.0859,685.5690,0.841485
176.9941,0.0812,686.0461,0.841620
176.9456,0.0769,686.4753,0.841741
176.8970,0.0726,686.9041,0.841862
176.8428,0.0679,687.3802,0.841996
176.7938,0.0636,687.8084,0.842117
176.7444,0.0593,688.2365,0.842239
176.6944,0.0550,688.6643,0.842359
176.6384,0.0494,689.1387,0.842493
176.5868,0.0441,689.5662,0.842613
176.5340,0.0389,689.9933,0.842734
176.4748,0.0336,690.4679,0.842866
176.4192,0.0289,690.8939,0.842987
176.3623,0.0242,691.3188,0.843108
176.2977,0.0189,691.7897,0.843240
176.2386,0.0142,692.2120,0.843359
176.1785,0.0094,692.6329,0.843477
176.1107,0.0041,693.0986,0.843608
176.0487,-0.0006,693.5159,0.843725
175.9857,-0.0054,693.9314,0.843842
175.9216,-0.0101,694.3449,0.843958
175.8492,-0.0154,694.8021,0.844087
175.7831,-0.0202,695.2117,0.844201
175.7161,-0.0249,695.6193,0.844318
175.6407,-0.0302,696.0701,0.844444
175.5719,-0.0349,696.4740,0.844558
175.4944,-0.0402,696.9207,0.844685
175.4238,-0.0449,697.3209,0.844797
175.3523,-0.0497,697.7195,0.844908
175.2799,-0.0544,698.1164,0.845020
175.1983,-0.0597,698.5555,0.845142
175.1235,-0.0645,698.9489,0.845252
175.0477,-0.0700,699.3395,0.845360
174.9610,-0.0768,699.7727,0.845481
174.8819,-0.0822,700.1616,0.845587
174.7995,-0.0876,700.5477,0.845695
174.7150,-0.0930,700.9320,0.845800
174.6280,-0.0984,701.3145,0.845904
174.5284,-0.1045,701.7372,0.846019
174.4357,-0.1101,702.1157,0.846121
174.3400,-0.1157,702.4919,0.846223
174.2409,-0.1213,702.8658,0.846321
174.1381,-0.1270,703.2374,0.846422
174.0196,-0.1333,703.6473,0.846528
173.9089,-0.1391,704.0134,0.846622
173.7944,-0.1450,704.3768,0.846718
173.6765,-0.1509,704.7372,0.846813
173.5553,-0.1568,705.0947,0.846904
173.4171,-0.1635,705.4887,0.847002
173.2894,-0.1695,705.8403,0.847094
173.1600,-0.1773,706.1880,0.847181
173.0267,-0.1855,706.5349,0.847271
172.8906,-0.1937,706.8793,0.847352
172.7370,-0.2015,707.2610,0.847451
172.5943,-0.2085,707.6004,0.847533
172.4485,-0.2156,707.9373,0.847620
172.2996,-0.2227,708.2716,0.847704
172.1479,-0.2299,708.6033,0.847783
171.9933,-0.2372,708.9326,0.847862
171.8360,-0.2445,709.2591,0.847943
171.6759,-0.2519,709.5829,0.848023
171.5132,-0.2593,709.9041,0.848102
171.3294,-0.2676,710.2579,0.848189
171.1631,-0.2766,710.5714,0.848262
170.9927,-0.2868,710.8842,0.848343
170.8196,-0.2971,711.1945,0.848419
170.6434,-0.3074,711.5020,0.848494
170.4644,-0.3170,711.8094,0.848569
170.2808,-0.3255,712.1113,0.848643
170.0930,-0.3342,712.4101,0.848720
169.9011,-0.3430,712.7055,0.848784
169.7049,-0.3519,712.9977,0.848855
169.4821,-0.3619,713.3185,0.848933
169.2774,-0.3710,713.6035,0.849006
169.0698,-0.3812,713.8845,0.849078
168.8576,-0.3918,714.1629,0.849145
168.6420,-0.4026,714.4378,0.849222
168.4228,-0.4135,714.7090,0.849296
168.1998,-0.4244,714.9784,0.849359
167.9472,-0.4351,715.2709,0.849436
167.7156,-0.4449,715.5300,0.849502
167.4802,-0.4547,715.7850,0.849570
167.2411,-0.4647,716.0358,0.849636
166.9715,-0.4760,716.3098,0.849710
166.7255,-0.4862,716.5518,0.849778
166.4756,-0.4963,716.7903,0.849843
166.2234,-0.5057,717.0240,0.849908
165.9682,-0.5153,717.2534,0.849978
165.6814,-0.5259,717.5034,0.850044
165.4202,-0.5356,717.7239,0.850112
165.1561,-0.5455,717.9402,0.850177
164.8591,-0.5565,718.1758,0.850251
164.5887,-0.5665,718.3835,0.850314
164.3152,-0.5766,718.5870,0.850381
164.0391,-0.5867,718.7866,0.850442
163.7291,-0.5982,719.0034,0.850511
163.4488,-0.6087,719.1949,0.850565
163.1644,-0.6200,719.3816,0.850640
162.8456,-0.6328,719.5844,0.850704
162.5544,-0.6442,719.7634,0.850771
162.2623,-0.6539,719.9371,0.850829
161.9678,-0.6638,720.1063,0.850887
161.6378,-0.6748,720.2893,0.850962
161.3386,-0.6848,720.4495,0.851021
161.0373,-0.6950,720.6054,0.851087
160.7001,-0.7063,720.7736,0.851154
160.3944,-0.7166,720.9203,0.851212
160.0525,-0.7281,721.0781,0.851282
159.7427,-0.7385,721.2151,0.851339
159.4310,-0.7491,721.3473,0.851402
159.0825,-0.7608,721.4886,0.851471
158.7669,-0.7715,721.6107,0.851536
158.4495,-0.7823,721.7282,0.851590
158.0945,-0.8380,721.8531,0.851665
157.7756,-0.8451,721.9645,0.851718
157.4574,-0.8516,722.0715,0.851778
157.1015,-0.8589,722.1838,0.851841
156.7788,-0.8654,722.2793,0.851904
156.4538,-0.8721,722.3692,0.851964
156.0907,-0.8797,722.4625,0.852036
155.7628,-0.8870,722.5416,0.852089
155.3978,-0.8957,722.6245,0.852153
155.0690,-0.9043,722.6948,0.852221
154.7031,-0.9146,722.7682,0.852282
154.3731,-0.9247,722.8298,0.852348
154.0052,-0.9369,722.8926,0.852407
153.6724,-0.9489,722.9440,0.852473
153.3021,-0.9631,722.9955,0.852526
152.9689,-0.9766,723.0372,0.852596
152.5988,-0.9925,723.0778,0.852660
152.2657,-1.0074,723.1088,0.852721
151.8941,-1.0236,723.1381,0.852776
151.5597,-1.0378,723.1581,0.852836
151.1903,-1.0562,723.1752,0.852898
150.8557,-1.0735,723.1848,0.852949
150.4840,-1.0928,723.1901,0.853011
150.1498,-1.1100,723.1901,0.853070
149.7791,-1.1288,723.1843,0.853141
149.4458,-1.1454,723.1739,0.853191
149.0767,-1.1633,723.1563,0.853256
148.7469,-1.1786,723.1360,0.853305
148.3817,-1.1949,723.1085,0.853366
148.0520,-1.2090,723.0784,0.853426
147.6839,-1.2238,723.0396,0.853481
147.3165,-1.2377,722.9951,0.853545
146.9872,-1.2493,722.9501,0.853597
146.6228,-1.2613,722.8943,0.853648
146.2964,-1.2707,722.8392,0.853713
145.9351,-1.2820,722.7716,0.853770
145.5752,-1.2927,722.6976,0.853832
145.2529,-1.3020,722.6262,0.853885
144.8966,-1.3119,722.5414,0.853947
144.5423,-1.3216,722.4510,0.854006
144.2253,-1.3304,722.3649,0.854062
143.8752,-1.3403,722.2637,0.854118
143.5274,-1.3506,722.1566,0.854185
143.2166,-1.3604,722.0552,0.854235
142.8735,-1.3719,721.9370,0.854287
142.5331,-1.3842,721.8129,0.854340
142.2290,-1.3961,721.6964,0.854391
141.8933,-1.4100,721.5610,0.854442
141.5617,-1.4261,721.4214,0.854506
141.2322,-1.4421,721.2770,0.854559
140.9059,-1.4589,721.1273,0.854620
140.5830,-1.4762,720.9719,0.854684
140.2951,-1.4921,720.8278,0.854743
139.9783,-1.5100,720.6630,0.854811
139.6673,-1.5282,720.4957,0.854866
139.3556,-1.5467,720.3182,0.854931
139.0494,-1.5638,720.1389,0.854986
138.7469,-1.5801,719.9545,0.855058
138.4483,-1.5956,719.7654,0.855123
138.1533,-1.6102,719.5718,0.855180
137.8621,-1.6238,719.3738,0.855234
137.5754,-1.6386,719.1714,0.855293
137.2908,-1.6510,718.9644,0.855362
137.0090,-1.6627,718.7523,0.855422
136.7300,-1.6738,718.5353,0.855491
136.4538,-1.6844,718.3137,0.855559
136.1533,-1.6958,718.0646,0.855633
135.8832,-1.7062,717.8334,0.855703
135.6165,-1.7192,717.5974,0.855764
135.3525,-1.7303,717.3578,0.855837
135.0918,-1.7420,717.1139,0.855898
134.8076,-1.7558,716.8384,0.855985
134.5533,-1.7692,716.5839,0.856054
134.3021,-1.7834,716.3254,0.856125
134.0535,-1.7984,716.0610,0.856198
133.7835,-1.8053,715.7669,0.856273
133.5440,-1.8222,715.4918,0.856352
133.3080,-1.8395,715.2122,0.856430
133.0530,-1.8586,714.9000,0.856512
132.8255,-1.8756,714.6118,0.856591
132.5803,-1.8938,714.2894,0.856680
132.3624,-1.9095,713.9918,0.856759
132.1491,-1.9243,713.6897,0.856831
131.9197,-1.9395,713.3533,0.856918
131.7157,-1.9521,713.0437,0.856990
131.5156,-1.9637,712.7308,0.857074
131.2995,-1.9753,712.3835,0.857152
131.1062,-1.9851,712.0657,0.857248
130.8901,-1.9937,711.7058,0.857327
130.7069,-1.9913,711.3943,0.857409
130.5226,-2.0001,711.0706,0.857486
130.3221,-2.0101,710.7129,0.857576
130.1419,-2.0197,710.3860,0.857666
129.9456,-2.0310,710.0246,0.857754
129.7688,-2.0422,709.6942,0.857836
129.5762,-2.0557,709.3286,0.857931
129.4027,-2.0691,708.9944,0.858019
129.2122,-2.0814,708.6256,0.858114
129.0248,-2.0985,708.2537,0.858212
128.8553,-2.1149,707.9136,0.858301
128.6698,-2.1336,707.5376,0.858394
128.5019,-2.1511,707.1941,0.858488
128.3350,-2.1686,706.8489,0.858583
128.1525,-2.1876,706.4672,0.858691
127.9708,-2.2062,706.0837,0.858790
127.8063,-2.2230,705.7329,0.858887
127.6253,-2.2390,705.3461,0.858991
127.4607,-2.2525,704.9933,0.859092
127.2792,-2.2663,704.6040,0.859200
127.1136,-2.2778,704.2490,0.859292
126.9309,-2.2895,703.8571,0.859402
126.7645,-2.2993,703.4998,0.859511
126.5806,-2.3096,703.1056,0.859620
126.4123,-2.3186,702.7464,0.859726
126.2218,-2.3212,702.3449,0.859841
126.0514,-2.3211,701.9846,0.859951
125.8624,-2.3216,701.5875,0.860067
125.6903,-2.3228,701.2272,0.860173
125.5005,-2.3251,700.8317,0.860295
125.3142,-2.3324,700.4865,0.860406
125.1403,-2.3450,700.1287,0.860512
124.9485,-2.3597,699.7362,0.860645
124.7733,-2.3736,699.3810,0.860758
124.5826,-2.3516,698.9930,0.860879
124.4085,-2.3622,698.6420,0.860993
124.2170,-2.3738,698.2583,0.861123
124.0445,-2.3844,697.9114,0.861231
123.8551,-2.3959,697.5330,0.861357
123.6826,-2.4062,697.1923,0.861462
123.4915,-2.4172,696.8222,0.861590
123.3173,-2.4270,696.4916,0.861701
123.1245,-2.4375,696.1326,0.861821
122.9503,-2.4474,695.8118,0.861931
122.7567,-2.4597,695.4614,0.862052
122.5798,-2.4705,695.1475,0.862155
122.3834,-2.4821,694.8073,0.862279
122.2031,-2.4924,694.5027,0.862380
122.0030,-2.5033,694.1727,0.862505
121.8199,-2.5130,693.8773,0.862604
121.6168,-2.5233,693.5577,0.862716
121.4299,-2.5324,693.2721,0.862826
121.2475,-2.5593,692.9512,0.862939
121.0601,-2.5730,692.6730,0.863044
120.8486,-2.5896,692.3705,0.863158
120.6540,-2.6057,692.0980,0.863261
120.4366,-2.6244,691.8018,0.863367
120.2359,-2.6423,691.5359,0.863471
120.0112,-2.6627,691.2485,0.863580
119.8027,-2.6818,690.9927,0.863682
119.5770,-2.7041,690.7214,0.863797
119.3384,-2.6660,690.4653,0.863890
119.1061,-2.6227,690.1920,0.864005
118.8946,-2.6322,689.9426,0.864104
118.6799,-2.6545,689.6926,0.864201
118.4450,-2.6871,689.4160,0.864309
118.2312,-2.7284,689.1638,0.864413
118.0176,-2.7697,688.9115,0.864510
117.7806,-2.8182,688.6382,0.864614
117.5631,-2.8321,688.3962,0.864715
117.3442,-2.8485,688.1617,0.864808
117.1009,-2.8719,687.9124,0.864909
116.8765,-2.8987,687.6934,0.865007
116.6489,-2.9312,687.4818,0.865099
116.3952,-2.9560,687.2565,0.865202
116.1623,-2.9653,687.0569,0.865295
115.9278,-2.9766,686.8603,0.865387
115.6684,-2.9915,686.6467,0.865482
115.4312,-3.0068,686.4547,0.865577
115.1926,-3.0243,686.2654,0.865669
114.9520,-3.0292,686.0801,0.865758
114.6813,-3.0401,685.8872,0.865855
114.4280,-3.0638,685.7261,0.865947
114.1721,-3.0887,685.5729,0.866034
113.9144,-3.1148,685.4260,0.866122
113.6290,-3.1401,685.2703,0.866223
113.3691,-3.1615,685.1323,0.866309
113.1086,-3.1831,684.9973,0.866399
112.8461,-3.2055,684.8678,0.866486
112.5905,-3.2202,684.8079,0.866575
112.3297,-3.2505,684.6967,0.866661
112.0289,-3.2892,684.5818,0.866757
111.7554,-3.3234,684.4817,0.866846
111.4799,-3.3569,684.3859,0.866934
111.2042,-3.3888,684.2972,0.867019
110.9320,-3.4184,684.2206,0.867106
110.6479,-3.4305,684.2004,0.867194
110.3697,-3.4636,684.1470,0.867282
110.0921,-3.4940,684.1008,0.867368
109.8143,-3.5227,684.0600,0.867455
109.5361,-3.5493,684.0252,0.867541
109.2629,-3.5755,683.9977,0.867626
109.0118,-3.5986,683.9799,0.867706
108.7330,-3.6219,683.9677,0.867790
108.4545,-3.6422,683.9644,0.867876
108.1766,-3.6600,683.9685,0.867962
107.9071,-3.6738,683.9811,0.868046
107.6591,-3.6904,684.0008,0.868122
107.3838,-3.7315,683.9841,0.868207
107.1078,-3.7503,684.0156,0.868291
106.8304,-3.7687,684.0504,0.868377
106.5802,-3.7849,684.0851,0.868450
106.3062,-3.8015,684.1302,0.868538
106.0573,-3.8181,684.1757,0.868613
105.7801,-3.8363,684.2278,0.868696
105.5017,-3.8545,684.2803,0.868781
105.2501,-3.8708,684.3281,0.868860
104.9375,-3.9710,684.3275,0.868943
104.6884,-4.0123,684.3916,0.869029
104.4337,-4.0293,684.4407,0.869107
104.1499,-4.0488,684.4952,0.869194
103.8947,-4.0668,684.5440,0.869269
103.6116,-4.0873,684.5988,0.869355
103.3294,-4.1084,684.6557,0.869439
103.0763,-4.1276,684.7092,0.869517
102.7966,-4.1492,684.7702,0.869601
102.5169,-4.1713,684.8336,0.869683
102.2649,-4.1916,684.8927,0.869765
101.9855,-4.2146,684.9614,0.869854
101.7055,-4.2378,685.0361,0.869939
101.4240,-4.2611,685.1167,0.870026
101.1696,-4.2822,685.1931,0.870104
100.8864,-4.3058,685.2815,0.870191
100.6040,-4.3293,685.3738,0.870284
100.3513,-4.3502,685.4609,0.870360
100.0704,-4.3725,685.5631,0.870448
99.7937,-4.3534,685.6683,0.870541
99.5442,-4.3687,685.7723,0.870617
99.2663,-4.3858,685.8884,0.870713
98.9873,-4.4029,686.0068,0.870800
98.7343,-4.4184,686.1140,0.870882
98.4540,-4.4352,686.2361,0.870970
98.1724,-4.4528,686.3622,0.871062
97.9195,-4.4685,686.4792,0.871143
97.6391,-4.4859,686.6130,0.871233
97.3871,-4.5014,686.7366,0.871318
97.1065,-4.5187,686.8765,0.871412
96.8213,-4.5713,687.0208,0.871502
96.5647,-4.5817,687.1520,0.871585
96.2807,-4.5932,687.2994,0.871684
96.0256,-4.6036,687.4329,0.871766
95.7414,-4.6138,687.5881,0.871860
95.4838,-4.6233,687.7258,0.871944
95.1969,-4.6343,687.8805,0.872036
94.9378,-4.6446,688.0215,0.872123
94.6442,-4.6588,688.1733,0.872219
94.3820,-4.6716,688.3190,0.872305
94.1202,-4.6848,688.4659,0.872396
93.8277,-4.7003,688.6328,0.872496
93.5626,-4.7148,688.7858,0.872581
93.2663,-4.7316,688.9586,0.872686
92.9978,-4.7471,689.1161,0.872775
92.6977,-4.7647,689.2932,0.872879
92.4268,-4.7807,689.4548,0.872972
92.1551,-4.7966,689.6193,0.873061
91.8522,-4.8140,689.8053,0.873168
91.5787,-4.8293,689.9757,0.873258
91.2735,-4.8457,690.1685,0.873367
90.9950,-4.8610,690.3453,0.873463
90.6873,-4.8727,690.5454,0.873572
90.4098,-4.8824,690.7291,0.873671
90.1017,-4.8922,690.9369,0.873783
89.8248,-4.9001,691.1271,0.873878
89.5176,-4.9080,691.3417,0.873983
89.2569,-4.9150,691.5315,0.874083
88.9619,-4.9239,691.7346,0.874187
88.6550,-4.9279,691.9573,0.874291
88.3786,-4.9315,692.1605,0.874391
88.0710,-4.9357,692.3884,0.874500
87.7932,-4.9400,692.5953,0.874599
87.4836,-4.9456,692.8273,0.874714
87.2030,-4.9529,693.0376,0.874819
86.8908,-4.9603,693.2748,0.874929
86.6083,-4.9679,693.4905,0.875031
86.3239,-4.9765,693.7084,0.875133
86.0054,-4.9871,693.9527,0.875244
85.7169,-4.9974,694.1741,0.875339
85.3928,-5.0105,694.4212,0.875465
85.1005,-5.0209,694.6462,0.875570
84.7738,-5.0326,694.8985,0.875688
84.4781,-5.0428,695.1281,0.875789
84.1806,-5.0525,695.3599,0.875897
83.8480,-5.0624,695.6204,0.876019
83.5469,-5.0703,695.8574,0.876127
83.2092,-5.0783,696.1224,0.876242
82.9043,-5.0839,696.3649,0.876353
82.5973,-5.0885,696.6098,0.876470
82.2526,-5.0545,696.8797,0.876592
81.9404,-5.0619,697.1315,0.876698
81.5904,-5.0702,697.4117,0.876823
81.2739,-5.0785,697.6649,0.876942
80.9536,-5.0877,697.9209,0.877063
80.5939,-5.0981,698.2079,0.877190
80.2645,-5.1076,698.4686,0.877304
79.9321,-5.1171,698.7288,0.877431
79.5576,-5.1279,699.0177,0.877558
79.2163,-5.1376,699.2783,0.877681
78.8717,-5.1475,699.5397,0.877801
78.4847,-5.1586,699.8317,0.877938
78.1320,-5.1686,700.0961,0.878056
77.7348,-5.1800,700.3920,0.878208
77.3737,-5.1903,700.6594,0.878327
77.0091,-5.2029,700.9261,0.878460
76.5978,-5.2172,701.2238,0.878603
76.2227,-5.2656,701.4910,0.878729
75.8047,-5.2785,701.7900,0.878874
75.4283,-5.2885,702.0574,0.879007
75.0512,-5.2974,702.3218,0.879139
74.6302,-5.3065,702.6135,0.879287
74.2497,-5.3144,702.8740,0.879423
73.8255,-5.3236,703.1610,0.879562
73.4428,-5.3327,703.4175,0.879700
73.0171,-5.3442,703.7005,0.879843
72.6321,-5.3571,703.9536,0.879967
72.2469,-5.3716,704.2049,0.880105
71.8182,-5.3895,704.4819,0.880254
71.4317,-5.4069,704.7285,0.880379
71.0006,-5.4274,704.9986,0.880515
70.6106,-5.4465,705.2382,0.880648
70.1752,-5.4677,705.5004,0.880790
69.7816,-5.4863,705.7333,0.880917
69.3429,-5.5061,705.9893,0.881059
68.9471,-5.5227,706.2169,0.881187
68.5061,-5.5397,706.4668,0.881326
68.1079,-5.5542,706.6887,0.881446
67.6632,-5.5690,706.9323,0.881586
67.2164,-5.5827,707.1725,0.881732
66.8126,-5.5946,707.3856,0.881845
66.3621,-5.6077,707.6191,0.881988
65.9553,-5.6193,707.8270,0.882099
65.5013,-5.6338,708.0541,0.882241
65.0912,-5.6480,708.2560,0.882359
64.6343,-5.6654,708.4774,0.882504
64.2218,-5.6825,708.6743,0.882627
63.7623,-5.7032,708.8901,0.882764
63.3479,-5.7233,709.0820,0.882884
62.8863,-5.7468,709.2930,0.883012
62.4700,-5.7684,709.4808,0.883131
62.0527,-5.7901,709.6669,0.883257
61.5877,-5.8137,709.8720,0.883397
61.1677,-5.8339,710.0557,0.883521
60.7453,-5.8533,710.2379,0.883639
60.2736,-5.8732,710.4388,0.883776
59.8467,-5.8896,710.6187,0.883901
59.3698,-5.9060,710.8171,0.884036
58.9384,-5.9195,710.9943,0.884163
58.5057,-5.9320,711.1716,0.884281
58.0216,-5.9458,711.3666,0.884437
57.5840,-5.9579,711.5411,0.884553
57.0955,-5.9716,711.7345,0.884693
56.6538,-5.9845,711.9077,0.884825
56.2106,-5.9981,712.0813,0.884952
55.7154,-6.0149,712.2720,0.885097
55.2675,-6.0314,712.4429,0.885220
54.7674,-6.0512,712.6318,0.885364
54.3151,-6.0702,712.8009,0.885498
53.8102,-6.0922,712.9878,0.885642
53.3539,-6.1131,713.1548,0.885771
52.8951,-6.1340,713.3211,0.885911
52.3829,-6.1569,713.5046,0.886053
51.9198,-6.1766,713.6683,0.886185
51.4054,-6.1973,713.8480,0.886337
50.9424,-6.2145,714.0076,0.886462
50.4790,-6.2306,714.1649,0.886593
49.9637,-6.2473,714.3378,0.886739
49.4998,-6.2616,714.4918,0.886871
49.0357,-6.2755,714.6440,0.886997
48.5194,-6.2909,714.8116,0.887147
48.0547,-6.3049,714.9597,0.887280
47.5379,-6.3216,715.1218,0.887424
47.0725,-6.3381,715.2653,0.887560
46.6069,-6.3561,715.4069,0.887687
46.0890,-6.3785,715.5605,0.887838
45.6232,-6.4001,715.6984,0.887962
45.1576,-6.4230,715.8347,0.888091
44.6403,-6.4498,715.9841,0.888244
44.1746,-6.4747,716.1170,0.888364
43.7090,-6.4997,716.2482,0.888496
43.1902,-6.5264,716.3905,0.888641
42.7243,-6.5488,716.5175,0.888766
42.2582,-6.5701,716.6422,0.888898
41.7395,-6.5921,716.7783,0.889047
41.2715,-6.6102,716.8991,0.889164
40.8020,-6.6270,717.0185,0.889305
40.2784,-6.6435,717.1501,0.889434
39.8055,-6.6569,717.2678,0.889569
39.2781,-6.6704,717.3975,0.889709
38.8015,-6.6819,717.5134,0.889850
38.3219,-6.6927,717.6288,0.889980
37.7881,-6.7029,717.7560,0.890128
37.3055,-6.7126,717.8699,0.890260
36.8209,-6.7232,717.9829,0.890386
36.2800,-6.7362,718.1078,0.890541
35.7909,-6.7512,718.2181,0.890675
35.3000,-6.7657,718.3292,0.890810
34.8069,-6.7814,718.4395,0.890936
34.2566,-6.8001,718.5607,0.891094
33.7590,-6.8176,718.6689,0.891226
33.2557,-6.8357,718.7762,0.891371
32.6975,-6.8494,718.8937,0.891518
32.1925,-6.8615,718.9977,0.891661
31.6851,-6.8730,719.1009,0.891791
31.1754,-6.8838,719.2031,0.891935
30.6100,-6.8963,719.3221,0.892090
30.0966,-6.9088,719.4224,0.892224
29.5826,-6.9207,719.5215,0.892371
29.0127,-6.9338,719.6304,0.892527
28.4996,-6.9462,719.7263,0.892670
27.9854,-6.9347,719.8207,0.892810
27.4733,-6.9464,719.9106,0.892943
26.9596,-6.9581,720.0018,0.893084
26.3892,-6.9711,720.1002,0.893240
25.8761,-6.9828,720.1863,0.893384
25.3633,-6.9946,720.2702,0.893513
24.8505,-7.0058,720.3517,0.893662
24.3383,-7.0169,720.4304,0.893805
23.7693,-7.0293,720.5138,0.893952
23.2570,-7.0405,720.5857,0.894085
22.7450,-7.0517,720.6552,0.894223
22.2330,-7.0626,720.7231,0.894366
21.6648,-7.0746,720.7958,0.894522
21.1539,-7.0855,720.8582,0.894652
20.6433,-7.0964,720.9179,0.894778
20.1332,-7.1074,720.9761,0.894927
19.5656,-7.1571,721.0386,0.895074
19.0559,-7.1626,721.0964,0.895209
18.5456,-7.1677,721.1521,0.895349
18.0341,-7.1727,721.2059,0.895482
17.5210,-7.1782,721.2587,0.895620
17.0063,-7.1839,721.3117,0.895758
16.4334,-7.1916,721.3696,0.895909
15.9159,-7.2001,721.4206,0.896049
15.3963,-7.2104,721.4706,0.896189
14.8745,-7.2224,721.5208,0.896329
14.3522,-7.2356,721.5703,0.896466
13.8287,-7.2503,721.6197,0.896610
13.3037,-7.2663,721.6689,0.896746
12.7779,-7.2832,721.7167,0.896888
12.1920,-7.3024,721.7672,0.897044
11.6651,-7.3187,721.8118,0.897186
11.1385,-7.3344,721.8550,0.897324
10.6119,-7.3488,721.8955,0.897462
10.0852,-7.3617,721.9330,0.897605
9.5583,-7.3730,721.9684,0.897743
8.9740,-7.3823,722.0075,0.897900
8.4489,-7.3885,722.0414,0.898037
7.9244,-7.3930,722.0726,0.898175
7.4007,-7.3959,722.1005,0.898320
6.8773,-7.3975,722.1261,0.898459
6.3548,-7.3982,722.1513,0.898597
5.8332,-7.3987,722.1753,0.898741
5.3125,-7.3996,722.1968,0.898878
4.7347,-7.4018,722.2172,0.899034
4.2148,-7.4048,722.2335,0.899177
3.6958,-7.4092,722.2484,0.899319
3.1772,-7.4156,722.2614,0.899460
2.6593,-7.4240,722.2726,0.899604
2.0855,-7.4356,722.2828,0.899758
1.5680,-7.4478,722.2898,0.899900
1.0523,-7.4608,722.2950,0.900037
0.5376,-7.4749,722.2982,0.900187
0.0238,-7.4894,722.2995,0.900322
-0.4892,-7.5039,722.2991,0.900462
-1.0017,-7.5176,722.2969,0.900602
-1.5698,-7.5315,722.2922,0.900760
-2.0804,-7.5426,722.2863,0.900896
-2.5903,-7.5519,722.2787,0.901041
-3.0995,-7.5594,722.2697,0.901181
-3.6083,-7.5646,722.2593,0.901321
-4.1724,-7.5681,722.2459,0.901474
-4.6795,-7.5694,722.2325,0.901613
-5.1857,-7.5694,722.2179,0.901749
-5.6912,-7.5684,722.2018,0.901890
-6.1963,-7.5664,722.1844,0.902024
-6.7002,-7.5643,722.1653,0.902161
-7.2593,-7.5625,722.1422,0.902314
-7.7617,-7.5617,722.1196,0.902447
-8.2635,-7.5623,722.0955,0.902591
-8.7648,-7.5638,722.0696,0.902724
-9.2652,-7.5671,722.0422,0.902861
-9.7646,-7.5721,722.0131,0.902994
-10.2636,-7.5790,721.9826,0.903128
-10.7623,-7.5874,721.9506,0.903267
-11.2613,-7.5967,721.9174,0.903395
-11.7598,-7.6069,721.8829,0.903532
-12.2584,-7.6178,721.8474,0.903664
-12.8120,-7.6300,721.8066,0.903813
-13.3109,-7.6407,721.7686,0.903950
-13.8093,-7.6502,721.7291,0.904085
-14.3082,-7.6586,721.6878,0.904217
-14.8069,-7.6656,721.6443,0.904350
-15.3052,-7.6710,721.5988,0.904487
-15.8028,-7.6747,721.5507,0.904626
-16.3547,-7.6765,721.4958,0.904765
-16.8500,-7.6765,721.4449,0.904906
-17.3447,-7.6753,721.3922,0.905038
-17.8383,-7.6732,721.3366,0.905171
-18.3314,-7.6705,721.2791,0.905302
-18.8779,-7.6671,721.2142,0.905449
-19.3686,-7.6644,721.1547,0.905582
-19.8583,-7.6623,721.0940,0.905714
-20.3469,-7.6611,721.0318,0.905843
-20.8348,-7.6610,720.9683,0.905974
-21.3221,-7.6617,720.9039,0.906109
-21.8101,-7.6637,720.8387,0.906238
-22.2989,-7.6669,720.7726,0.906373
-22.7878,-7.6713,720.7042,0.906504
-23.3310,-7.6771,720.6259,0.906653
-23.8211,-7.6825,720.5541,0.906785
-24.3113,-7.6881,720.4816,0.906918
-24.8025,-7.6936,720.4079,0.907054
-25.2947,-7.6989,720.3326,0.907188
-25.7876,-7.7036,720.2559,0.907321
-26.2812,-7.7073,720.1793,0.907455
-26.7754,-7.7100,720.1023,0.907594
-27.3255,-7.7121,720.0162,0.907739
-27.8225,-7.7132,719.9384,0.907880
-28.3199,-7.7136,719.8599,0.908010
-28.8188,-7.7136,719.7814,0.908145
-29.3181,-7.7130,719.7029,0.908282
-29.8168,-7.6808,719.6261,0.908415
-30.3203,-7.6823,719.5483,0.908550
-30.8238,-7.6838,719.4685,0.908687
-31.3281,-7.6853,719.3882,0.908829
-31.8901,-7.6867,719.2991,0.908981
-32.3972,-7.6879,719.2191,0.909116
-32.9055,-7.6890,719.1386,0.909253
-33.4149,-7.6901,719.0563,0.909396
-33.9254,-7.6913,718.9734,0.909534
-34.4375,-7.6924,718.8905,0.909668
-35.0078,-7.6933,718.7986,0.909818
-35.5220,-7.6942,718.7149,0.909955
-36.0380,-7.6950,718.6305,0.910095
-36.5565,-7.6959,718.5450,0.910239
-37.0746,-7.6968,718.4590,0.910373
-37.5924,-7.6974,718.3727,0.910512
-38.1667,-7.6981,718.2762,0.910662
-38.6826,-7.6987,718.1887,0.910800
-39.1981,-7.6993,718.1006,0.910928
-39.7127,-7.6999,718.0118,0.911063
-40.2271,-7.7109,717.9226,0.911200
-40.7405,-7.7091,717.8333,0.911334
-41.3093,-7.7084,717.7327,0.911481
-41.8197,-7.7099,717.6406,0.911614
-42.3301,-7.7130,717.5483,0.911748
-42.8397,-7.7177,717.4550,0.911876
-43.3486,-7.7235,717.3608,0.912001
-43.8551,-7.7315,717.2626,0.912133
-44.4185,-7.7409,717.1578,0.912272
-44.9245,-7.7494,717.0632,0.912400
-45.4295,-7.7572,716.9684,0.912525
-45.9337,-7.7639,716.8734,0.912652
-46.4928,-7.7697,716.7678,0.912795
-46.9954,-7.7731,716.6724,0.912916
-47.4973,-7.7745,716.5765,0.913041
-47.9986,-7.7741,716.4797,0.913160
-48.5004,-7.7715,716.3817,0.913285
-49.0553,-7.7654,716.2714,0.913417
-49.5542,-7.7588,716.1705,0.913537
-50.0523,-7.7515,716.0680,0.913658
-50.5494,-7.7441,715.9640,0.913770
-51.1004,-7.7365,715.8466,0.913903
-51.5949,-7.7305,715.7396,0.914016
-52.0871,-7.7259,715.6315,0.914141
-52.5765,-7.7228,715.5221,0.914258
-53.0627,-7.7215,715.4113,0.914367
-53.5457,-7.7220,715.2991,0.914477
-54.0785,-7.7243,715.1724,0.914603
-54.5547,-7.7277,715.0568,0.914714
-55.0276,-7.7321,714.9396,0.914821
-55.4971,-7.7371,714.8207,0.914927
-55.9632,-7.7422,714.7001,0.915038
-56.4259,-7.7471,714.5779,0.915149
-56.8856,-7.7514,714.4537,0.915254
-57.3428,-7.7548,714.3273,0.915359
-57.8463,-7.7183,714.1822,0.915479
-58.2986,-7.7183,714.0480,0.915575
-58.7506,-7.7183,713.9130,0.915686
-59.2002,-7.7183,713.7744,0.915784
-59.6477,-7.7182,713.6332,0.915887
-60.0930,-7.7182,713.4897,0.915986
-60.5845,-7.7182,713.3275,0.916104
-61.0244,-7.7182,713.1780,0.916207
-61.4619,-7.7182,713.0240,0.916308
-61.8976,-7.7182,712.8656,0.916405
-62.3313,-7.7182,712.7030,0.916502
-62.8109,-7.7182,712.5182,0.916614
-63.2402,-7.7182,712.3487,0.916711
-63.6669,-7.7182,712.1760,0.916819
-64.0907,-7.7181,712.0000,0.916913
-64.5112,-7.7181,711.8201,0.916997
-64.9744,-7.7181,711.6154,0.917113
-65.3878,-7.7181,711.4265,0.917198
-65.7977,-7.7181,711.2332,0.917306
-66.2041,-7.7181,711.0356,0.917396
-66.6069,-7.7180,710.8340,0.917485
-67.0062,-7.7180,710.6284,0.917578
-67.4457,-7.7180,710.3954,0.917678
-67.8376,-7.7180,710.1816,0.917771
-68.2259,-7.7180,709.9640,0.917868
-68.6108,-7.7180,709.7425,0.917957
-69.0342,-7.7180,709.4919,0.918052
-69.4115,-7.7180,709.2623,0.918131
-69.7854,-7.7180,709.0289,0.918235
-70.1966,-7.7179,708.7653,0.918335
-70.5632,-7.7179,708.5240,0.918418
-70.9263,-7.7179,708.2794,0.918499
-71.3257,-7.7179,708.0032,0.918600
-71.6814,-7.7180,707.7509,0.918688
-72.0726,-7.7180,707.4665,0.918788
-72.4211,-7.7180,707.2073,0.918867
-72.7665,-7.7180,706.9461,0.918957
-73.1458,-7.7180,706.6516,0.919055
-73.4828,-7.7180,706.3815,0.919141
-73.8531,-7.7181,706.0779,0.919238
-74.1832,-7.7181,705.8024,0.919320
-74.5467,-7.7563,705.4949,0.919417
-74.8734,-7.7541,705.2152,0.919499
-75.1955,-7.7503,704.9373,0.919589
-75.5461,-7.7458,704.6213,0.919680
-75.8568,-7.7414,704.3317,0.919766
-76.1989,-7.7364,704.0061,0.919860
-76.5039,-7.7323,703.7101,0.919941
-76.8393,-7.7286,703.3771,0.920038
-77.1365,-7.7265,703.0756,0.920123
-77.4623,-7.7254,702.7405,0.920221
-77.7521,-7.7259,702.4394,0.920295
-78.0703,-7.7279,702.1047,0.920394
-78.3846,-7.7313,701.7686,0.920488
-78.6634,-7.7352,701.4631,0.920571
-78.9685,-7.7402,701.1196,0.920648
-79.2387,-7.7448,700.8065,0.920734
-79.5345,-7.7497,700.4543,0.920826
-79.8203,-7.7181,700.0956,0.920914
-80.0777,-7.7181,699.7696,0.920994
-80.3568,-7.7181,699.4034,0.921080
-80.6030,-7.7181,699.0713,0.921155
-80.8703,-7.7181,698.6997,0.921246
-81.1310,-7.7180,698.3259,0.921331
-81.3597,-7.7180,697.9872,0.921409
-81.6065,-7.7181,697.6093,0.921489
-81.8459,-7.7181,697.2290,0.921584
-82.0553,-7.7181,696.8842,0.921658
-82.2814,-7.7180,696.4984,0.921744
-82.5012,-7.7178,696.1104,0.921824
-82.7151,-7.7177,695.7206,0.921910
-82.9234,-7.7175,695.3295,0.922001
-83.1260,-7.7173,694.9373,0.922079
-83.3026,-7.7172,694.5825,0.922159
-83.4914,-7.7169,694.1853,0.922234
-83.6748,-7.7164,693.7874,0.922324
-83.8536,-7.7159,693.3891,0.922406
-84.0275,-7.7154,692.9904,0.922491
-84.1957,-7.7149,692.5906,0.922575
-84.3577,-7.7145,692.1896,0.922655
-84.5132,-7.7133,691.7870,0.922731
-84.6621,-7.7121,691.3842,0.922819
-84.8061,-7.7109,690.9805,0.922901
-84.9446,-7.7098,690.5759,0.922983
-85.0772,-7.7086,690.1703,0.923061
-85.2162,-7.7074,689.7237,0.923154
-85.3365,-7.7062,689.3176,0.923245
-85.4510,-7.7051,688.9116,0.923335
-85.5597,-7.7045,688.5064,0.923408
-85.6629,-7.7044,688.1005,0.923491
-85.7602,-7.7042,687.6948,0.923580
-85.8520,-7.7041,687.2889,0.923661
-85.9467,-7.7040,686.8424,0.923761
-86.0274,-7.7039,686.4369,0.923842
-86.1029,-7.7037,686.0320,0.923932
-86.1733,-7.7034,685.6274,0.924015
-86.2384,-7.7031,685.2230,0.924094
-86.2986,-7.7025,684.8193,0.924182
-86.3590,-7.7018,684.3760,0.924273
-86.4087,-7.7012,683.9739,0.924357
-86.4537,-7.7007,683.5725,0.924441
-86.4939,-7.7001,683.1719,0.924517
-86.5329,-7.6995,682.7324,0.924612
-86.5638,-7.6992,682.3338,0.924695
-86.5908,-7.6991,681.9346,0.924779
-86.6140,-7.6990,681.5352,0.924860
-86.6334,-7.6985,681.1348,0.924949
-86.6506,-7.6978,680.6944,0.925038
-86.6625,-7.6971,680.2935,0.925122
-86.6708,-7.6964,679.8923,0.925215
-86.6757,-7.6957,679.4905,0.925291
-86.6773,-7.6950,679.0880,0.925382
-86.6756,-7.6945,678.6854,0.925460
-86.6709,-7.6944,678.2814,0.925552
-86.6632,-7.6943,677.8765,0.925633
-86.6513,-7.6943,677.4300,0.925731
-86.6374,-7.6935,677.0225,0.925821
-86.6208,-7.6926,676.6143,0.925909
-86.6018,-7.6918,676.2047,0.926001
-86.5803,-7.6910,675.7939,0.926093
-86.5565,-7.6902,675.3816,0.926183
-86.5273,-7.6893,674.9265,0.926287
-86.4979,-7.6884,674.5110,0.926382
-86.4658,-7.6876,674.0942,0.926479
-86.4310,-7.6875,673.6763,0.926569
-86.3935,-7.6874,673.2563,0.926664
-86.3535,-7.6874,672.8350,0.926771
-86.3064,-7.6873,672.3691,0.926874
-86.2613,-7.6865,671.9445,0.926974
-86.2139,-7.6857,671.5184,0.927078
-86.1641,-7.6849,671.0906,0.927178
-86.1121,-7.6841,670.6612,0.927279
-86.0576,-7.6833,670.2301,0.927388
-86.0006,-7.6825,669.7972,0.927491
-85.9410,-7.6817,669.3622,0.927601
-85.8789,-7.6808,668.9250,0.927701
-85.8142,-7.6800,668.4854,0.927812
-85.7468,-7.6792,668.0432,0.927918
-85.6696,-7.6783,667.5539,0.928039
-85.6040,-7.6776,667.1511,0.928142
-85.5209,-7.6775,666.6565,0.928260
-85.4427,-7.6775,666.2034,0.928375
-85.3619,-7.6775,665.7475,0.928489
-85.2783,-7.6775,665.2888,0.928600
-85.1918,-7.6775,664.8274,0.928714
-85.1025,-7.6775,664.3631,0.928831
-85.0102,-7.6769,663.8951,0.928949
-84.9152,-7.6758,663.4252,0.929065
-84.8173,-7.6747,662.9522,0.929181
-84.7168,-7.6736,662.4763,0.929299
-84.6136,-7.6724,661.9973,0.929423
-84.5079,-7.6713,661.5154,0.929545
-84.3995,-7.6701,661.0303,0.929665
-84.2882,-7.6690,660.5423,0.929790
-84.1739,-7.6678,660.0513,0.929914
-84.0566,-7.6675,659.5580,0.930036
-83.9364,-7.6675,659.0609,0.930161
-83.8132,-7.6675,658.5607,0.930287
-83.6873,-7.6702,658.0593,0.930414
-83.5452,-7.6738,657.5018,0.930556
-83.4121,-7.6753,656.9891,0.930679
-83.2759,-7.6740,656.4764,0.930811
-83.1359,-7.6727,655.9608,0.930939
-82.9925,-7.6713,655.4421,0.931072
-82.8463,-7.6699,654.9202,0.931203
-82.6824,-7.6684,654.3428,0.931346
-82.5306,-7.6670,653.8143,0.931478
-82.3761,-7.6656,653.2828,0.931613
-82.2188,-7.6652,652.7516,0.931750
-82.0584,-7.6685,652.2145,0.931887
-81.8952,-7.6719,651.6746,0.932025
-81.7285,-7.6720,651.1298,0.932164
-81.5586,-7.6719,650.5840,0.932304
-81.3675,-7.6718,649.9802,0.932460
-81.1902,-7.6706,649.4274,0.932601
-81.0106,-7.6689,648.8726,0.932747
-80.8284,-7.6671,648.3147,0.932889
-80.6439,-7.6654,647.7535,0.933037
-80.4575,-7.6636,647.1894,0.933188
-80.2693,-7.6619,646.6226,0.933336
-80.0602,-7.6599,645.9956,0.933501
-79.8681,-7.6581,645.4225,0.933654
-79.6742,-7.6563,644.8463,0.933809
-79.4785,-7.6545,644.2668,0.933964
-79.2809,-7.6541,643.6849,0.934118
-79.0615,-7.6539,643.0399,0.934294
-78.8600,-7.6538,642.4501,0.934449
-78.6566,-7.6538,641.8571,0.934614
-78.4508,-7.6528,641.2599,0.934773
-78.2436,-7.6508,640.6605,0.934935
-78.0138,-7.6486,639.9973,0.935118
-77.8034,-7.6465,639.3909,0.935282
-77.5918,-7.6445,638.7808,0.935448
-77.3577,-7.6422,638.1055,0.935632
-77.1439,-7.6401,637.4879,0.935802
-76.9293,-7.6381,636.8668,0.935973
-76.7141,-7.6360,636.2422,0.936147
-76.4771,-7.6339,635.5521,0.936338
-76.2610,-7.6338,634.9200,0.936515
-76.0445,-7.6338,634.2841,0.936692
-75.8052,-7.6327,633.5795,0.936889
-75.5876,-7.6305,632.9359,0.937066
-75.3697,-7.6283,632.2885,0.937248
-75.1514,-7.6261,631.6376,0.937430
-74.9111,-7.6237,630.9172,0.937635
-74.6923,-7.6214,630.2581,0.937823
-74.4733,-7.6192,629.5950,0.938009
-74.2322,-7.6168,628.8615,0.938218
-74.0130,-7.6145,628.1909,0.938407
-73.7941,-7.6126,627.5179,0.938602
-73.5532,-7.6126,626.7723,0.938813
-73.3337,-7.6125,626.0896,0.939008
-73.0928,-7.6100,625.3355,0.939224
-72.8739,-7.6078,624.6461,0.939426
-72.6547,-7.6055,623.9532,0.939626
-72.4132,-7.6030,623.1870,0.939844
-72.1928,-7.6007,622.4865,0.940044
-71.9493,-7.5982,621.7118,0.940274
-71.7271,-7.5959,621.0039,0.940476
-71.4817,-7.5934,620.2216,0.940706
-71.2581,-7.5913,619.5082,0.940911
-71.0336,-7.5917,618.7905,0.941123
-70.7854,-7.5905,617.9963,0.941355
-70.5592,-7.5882,617.2722,0.941564
-70.3322,-7.5859,616.5451,0.941777
-70.0816,-7.5834,615.7419,0.942011
-69.8529,-7.5811,615.0088,0.942227
-69.6007,-7.5785,614.2003,0.942466
-69.3713,-7.5762,613.4653,0.942681
-69.1194,-7.5753,612.6608,0.942917
-68.8899,-7.5751,611.9287,0.943130
-68.6387,-7.5728,611.1274,0.943368
-68.4106,-7.5707,610.4012,0.943579
-68.1600,-7.5684,609.6047,0.943814
-67.9325,-7.5664,608.8827,0.944026
-67.6827,-7.5641,608.0910,0.944261
-67.4563,-7.5620,607.3730,0.944471
-67.2085,-7.5603,606.5873,0.944702
-66.9835,-7.5595,605.8719,0.944912
-66.7378,-7.5579,605.0884,0.945145
-66.4933,-7.5563,604.3064,0.945371
-66.2722,-7.5549,603.5974,0.945582
-66.0302,-7.5539,602.8202,0.945812
-65.7887,-7.5533,602.0427,0.946038
-65.5703,-7.5527,601.3380,0.946244
-65.3308,-7.5519,600.5648,0.946470
-65.0925,-7.5512,599.7932,0.946697
-64.8552,-7.5510,599.0239,0.946922
-64.6409,-7.5516,598.3254,0.947127
-64.4064,-7.5522,597.5588,0.947351
-64.1774,-7.5533,596.7937,0.947576
-63.9673,-7.5562,596.0995,0.947779
-63.7389,-7.5595,595.3373,0.948004
-63.5132,-7.5629,594.5767,0.948228
-63.2901,-7.5677,593.8170,0.948448
-63.0893,-7.5720,593.1267,0.948651
-62.8706,-7.5770,592.3683,0.948874
-62.6547,-7.5820,591.6105,0.949095
-62.4416,-7.5862,590.8531,0.949314
-62.2505,-7.5896,590.1655,0.949516
-62.0433,-7.5934,589.4100,0.949737
-61.8392,-7.5967,588.6546,0.949956
-61.6384,-7.5999,587.9005,0.950175
-61.4410,-7.6028,587.1465,0.950394
-61.2650,-7.6051,586.4621,0.950593
-61.0753,-7.6076,585.7096,0.950814
-60.8898,-7.6101,584.9580,0.951031
-60.7083,-7.6124,584.2066,0.951248
-60.5303,-7.6147,583.4559,0.951467
-60.3715,-7.6268,582.7736,0.951665
-60.1997,-7.6378,582.0238,0.951881
-60.0315,-7.6509,581.2743,0.952097
-59.8657,-7.6247,580.5278,0.952312
-59.7061,-7.6273,579.7778,0.952529
-59.5627,-7.6297,579.0941,0.952726
-59.4064,-7.6319,578.3390,0.952942
-59.2503,-7.6341,577.5807,0.953160
-59.0937,-7.6363,576.8204,0.953378
-58.9360,-7.6386,576.0580,0.953598
-58.7917,-7.6406,575.3630,0.953798
-58.6322,-7.6429,574.5966,0.954017
-58.4719,-7.6447,573.8278,0.954239
-58.3111,-7.6463,573.0572,0.954460
-58.1646,-7.6478,572.3549,0.954660
-58.0031,-7.6494,571.5805,0.954884
-57.8410,-7.6511,570.8043,0.955106
-57.6933,-7.6526,570.0969,0.955309
-57.5304,-7.6542,569.3170,0.955532
-57.3675,-7.6559,568.5351,0.955757
-57.2196,-7.6574,567.8228,0.955963
-57.0578,-7.6583,567.0394,0.956188
-56.8969,-7.6593,566.2567,0.956411
-56.7515,-7.6602,565.5458,0.956615
-56.5924,-7.6611,564.7642,0.956839
-56.4337,-7.6621,563.9833,0.957062
-56.2898,-7.6630,563.2739,0.957267
-56.1320,-7.6639,562.4942,0.957490
-55.9891,-7.6648,561.7859,0.957696
-55.8325,-7.6658,561.0075,0.957919
-55.6772,-7.6666,560.2292,0.958140
-55.5372,-7.6671,559.5214,0.958344
-55.3848,-7.6677,558.7417,0.958568
-55.2476,-7.6682,558.0319,0.958770
-55.0981,-7.6688,557.2501,0.958996
-54.9501,-7.6694,556.4669,0.959220
-54.8168,-7.6699,555.7538,0.959425
-54.6716,-7.6705,554.9683,0.959650
-54.5279,-7.6711,554.1814,0.959875
-54.3985,-7.6716,553.4647,0.960082
-54.2577,-7.6722,552.6746,0.960307
-54.1310,-7.6729,551.9550,0.960514
-53.9931,-7.6738,551.1614,0.960739
-53.8690,-7.6746,550.4384,0.960946
-53.7339,-7.6754,549.6413,0.961176
-53.6125,-7.6762,548.9149,0.961383
-53.4804,-7.6771,548.1140,0.961611
-53.3494,-7.6780,547.3112,0.961839
-53.2312,-7.6788,546.5795,0.962053
-53.1017,-7.6797,545.7735,0.962276
-52.9842,-7.6805,545.0411,0.962487
-52.8549,-7.6814,544.2367,0.962716
-52.7373,-7.6822,543.5063,0.962924
-52.6082,-7.6831,542.7042,0.963151
-52.4912,-7.6839,541.9761,0.963358
-52.3633,-7.6848,541.1765,0.963585
-52.2476,-7.6860,540.4507,0.963794
-52.1208,-7.6874,539.6538,0.964019
-52.0059,-7.6886,538.9305,0.964222
-51.8799,-7.6900,538.1362,0.964450
-51.7657,-7.6912,537.4152,0.964656
-51.6405,-7.6926,536.6232,0.964880
-51.5268,-7.6938,535.9046,0.965084
-51.4017,-7.6951,535.1152,0.965309
-51.2767,-7.6965,534.3272,0.965533
-51.1633,-7.6977,533.6120,0.965737
-51.0500,-7.6989,532.8979,0.965940
-50.9255,-7.7002,532.1137,0.966162
-50.8124,-7.7014,531.4020,0.966364
-50.6994,-7.7027,530.6914,0.966567
-50.5752,-7.7040,529.9111,0.966788
-50.4623,-7.7052,529.2028,0.966990
-50.3382,-7.7065,528.4252,0.967210
-50.2256,-7.7077,527.7194,0.967411
-50.1135,-7.7089,527.0147,0.967611
-49.9905,-7.7102,526.2409,0.967831
-49.8789,-7.7114,525.5386,0.968033
-49.7565,-7.7128,524.7676,0.968251
-49.6456,-7.7144,524.0676,0.968448
-49.5348,-7.7159,523.3687,0.968648
-49.4130,-7.7177,522.6011,0.968865
-49.3025,-7.7193,521.9044,0.969063
-49.1812,-7.7210,521.1393,0.969278
-49.0710,-7.7226,520.4449,0.969476
-48.9501,-7.7243,519.6824,0.969693
-48.8404,-7.7259,518.9902,0.969890
-48.7199,-7.7276,518.2302,0.970108
-48.6106,-7.7292,517.5402,0.970302
-48.5013,-7.7307,516.8514,0.970497
-48.3812,-7.7324,516.0948,0.970713
-48.2721,-7.7340,515.4083,0.970907
-48.1519,-7.7357,514.6542,0.971121
-48.0426,-7.7373,513.9697,0.971315
-47.9221,-7.7390,513.2181,0.971527
-47.8122,-7.7405,512.5359,0.971725
-47.7020,-7.7421,511.8548,0.971915
-47.5805,-7.7437,511.1068,0.972129
-47.4697,-7.7453,510.4279,0.972320
-47.3475,-7.7470,509.6815,0.972533
-47.2359,-7.7485,509.0027,0.972726
-47.1126,-7.7502,508.2551,0.972938
-46.9999,-7.7518,507.5744,0.973132
-46.8754,-7.7535,506.8244,0.973342
-46.7617,-7.7550,506.1414,0.973536
-46.6364,-7.7567,505.3888,0.973749
-46.5221,-7.7583,504.7033,0.973948
-46.3963,-7.7600,503.9478,0.974163
-46.2818,-7.7616,503.2594,0.974357
-46.1557,-7.7633,502.5002,0.974574
-46.0411,-7.7649,501.8077,0.974771
-45.9148,-7.7666,501.0432,0.974987
-45.7997,-7.7682,500.3454,0.975184
-45.6729,-7.7699,499.5746,0.975407
-45.5573,-7.7716,498.8710,0.975605
-45.4415,-7.7734,498.1646,0.975808
-45.3139,-7.7753,497.3841,0.976028
-45.1977,-7.7770,496.6715,0.976232
-45.0696,-7.7789,495.8843,0.976455
-44.9529,-7.7807,495.1654,0.976660
-44.8244,-7.7826,494.3714,0.976884
-44.7073,-7.7844,493.6464,0.977093
-44.5783,-7.7864,492.8454,0.977319
-44.4609,-7.7881,492.1141,0.977528
-44.3433,-7.7899,491.3805,0.977736
-44.2140,-7.7919,490.5725,0.977964
-44.0969,-7.7937,489.8392,0.978173
-43.9684,-7.7957,489.0338,0.978403
-43.8520,-7.7974,488.3027,0.978609
-43.7242,-7.7994,487.4997,0.978837
-43.6081,-7.8012,486.7709,0.979044
-43.4807,-7.8031,485.9705,0.979272
-43.3650,-7.8049,485.2440,0.979477
-43.2493,-7.8067,484.5187,0.979685
-43.1222,-7.8086,483.7221,0.979908
-43.0067,-7.8104,482.9992,0.980115
-42.8798,-7.8123,482.2053,0.980341
-42.7645,-7.8141,481.4847,0.980543
-42.6378,-7.8160,480.6934,0.980768
-42.5227,-7.8177,479.9753,0.980973
-42.3961,-7.8197,479.1866,0.981198
-42.2809,-7.8214,478.4708,0.981400
-42.1656,-7.8232,477.7561,0.981604
-42.0383,-7.8251,476.9712,0.981825
-41.9223,-7.8268,476.2588,0.982029
-41.7943,-7.8287,475.4765,0.982249
-41.6774,-7.8305,474.7665,0.982451
-41.5602,-7.8322,474.0577,0.982654
-41.4307,-7.8341,473.2794,0.982872
-41.3127,-7.8358,472.5731,0.983075
-41.1824,-7.8377,471.7975,0.983295
-41.0635,-7.8394,471.0937,0.983494
-40.9323,-7.8413,470.3209,0.983715
-40.8126,-7.8430,469.6194,0.983911
-40.6806,-7.8449,468.8481,0.984132
-40.5602,-7.8466,468.1467,0.984333
-40.4395,-7.8483,467.4453,0.984531
-40.3065,-7.8501,466.6736,0.984750
-40.1853,-7.8518,465.9720,0.984950
-40.0517,-7.8536,465.2000,0.985170
-39.9300,-7.8552,464.4982,0.985369
-39.8081,-7.8568,463.7966,0.985569
-39.6739,-7.8586,463.0262,0.985788
-39.5519,-7.8602,462.3270,0.985986
-39.4175,-7.8620,461.5591,0.986206
-39.2954,-7.8636,460.8622,0.986404
-39.1610,-7.8654,460.0970,0.986619
-39.0387,-7.8670,459.4025,0.986819
-38.9165,-7.8686,458.7091,0.987017
-38.7820,-7.8704,457.9478,0.987234
-38.6599,-7.8720,457.2569,0.987431
-38.5259,-7.8738,456.4982,0.987646
-38.4045,-7.8754,455.8097,0.987842
-38.2714,-7.8771,455.0536,0.988057
-38.1507,-7.8787,454.3674,0.988252
-38.0183,-7.8805,453.6138,0.988466
-37.8983,-7.8820,452.9298,0.988662
-37.7666,-7.8838,452.1787,0.988877
-37.6472,-7.8854,451.4969,0.989072
-37.5162,-7.8871,450.7481,0.989283
-37.3974,-7.8887,450.0686,0.989476
-37.2671,-7.8904,449.3222,0.989688
-37.1490,-7.8920,448.6448,0.989881
-37.0312,-7.8936,447.9684,0.990072
-36.9020,-7.8953,447.2256,0.990286
-36.7849,-7.8968,446.5513,0.990478
-36.6564,-7.8986,445.8108,0.990689
-36.5399,-7.9001,445.1388,0.990880
-36.4121,-7.9018,444.4007,0.991091
-36.2962,-7.9034,443.7308,0.991282
-36.1692,-7.9051,442.9951,0.991491
-36.0540,-7.9066,442.3273,0.991678
-35.9391,-7.9082,441.6606,0.991870
-35.8131,-7.9099,440.9283,0.992079
-35.6989,-7.9114,440.2636,0.992266
-35.5735,-7.9131,439.5333,0.992476
-35.4597,-7.9147,438.8693,0.992663
-35.3348,-7.9164,438.1391,0.992871
-35.2213,-7.9179,437.4753,0.993060
-35.0966,-7.9196,436.7453,0.993270
-34.9835,-7.9211,436.0816,0.993458
-34.8591,-7.9227,435.3516,0.993664
-34.7464,-7.9239,434.6885,0.993854
-34.6227,-7.9252,433.9603,0.994060
-34.5106,-7.9264,433.2994,0.994248
-34.3876,-7.9277,432.5735,0.994457
-34.2760,-7.9289,431.9146,0.994643
-34.1533,-7.9302,431.1909,0.994851
-34.0417,-7.9314,430.5341,0.995039
-33.9191,-7.9327,429.8128,0.995244
-33.8078,-7.9339,429.1581,0.995434
-33.6966,-7.9350,428.5044,0.995623
-33.5744,-7.9363,427.7866,0.995828
-33.4634,-7.9375,427.1350,0.996017
-33.3414,-7.9388,426.4195,0.996224
-33.2309,-7.9399,425.7701,0.996414
-33.1206,-7.9411,425.1218,0.996603
-32.9997,-7.9424,424.4099,0.996810
-32.8900,-7.9436,423.7637,0.997003
-32.7697,-7.9448,423.0541,0.997211
-32.6605,-7.9460,422.4100,0.997403
-32.5516,-7.9471,421.7669,0.997595
-32.4321,-7.9484,421.0606,0.997801
-32.3237,-7.9496,420.4196,0.997993
-32.2047,-7.9508,419.7155,0.998205
-32.0968,-7.9520,419.0765,0.998395
-31.9784,-7.9532,418.3748,0.998606
-31.8710,-7.9544,417.7378,0.998793
-31.7639,-7.9555,417.1020,0.998983
-31.6466,-7.9568,416.4050,0.999189
-31.5405,-7.9579,415.7747,0.999376
-31.4245,-7.9592,415.0859,0.999575
-31.3093,-7.9604,414.4023,0.999776
-31.2053,-7.9615,413.7853,0.999953
