40.1215,0.0005,-41.9753,0.000050
40.4025,0.0005,-42.2102,0.000135
40.6833,0.0005,-42.4451,0.000221
40.9638,0.0005,-42.6798,0.000307
41.2696,0.0005,-42.9359,0.000400
41.5496,0.0005,-43.1705,0.000485
41.8294,0.0005,-43.4050,0.000573
42.1090,0.0005,-43.6394,0.000656
42.3885,0.0005,-43.8737,0.000744
42.6677,0.0005,-44.1078,0.000829
42.9467,0.0005,-44.3419,0.000915
43.2255,0.0005,-44.5759,0.001003
43.5042,0.0005,-44.8097,0.001088
43.8080,0.0005,-45.0647,0.001182
44.0864,0.0005,-45.2982,0.001266
44.3649,0.0005,-45.5315,0.001353
44.6433,0.0005,-45.7645,0.001440
44.9217,0.0005,-45.9973,0.001524
45.2002,0.0005,-46.2298,0.001612
45.4788,0.0005,-46.4620,0.001699
45.7574,0.0005,-46.6939,0.001782
46.0361,0.0005,-46.9254,0.001871
46.3402,0.0005,-47.1776,0.001964
46.6192,0.0005,-47.4083,0.002050
46.8982,0.0005,-47.6387,0.002137
47.1774,0.0005,-47.8686,0.002223
47.4566,0.0005,-48.0982,0.002309
47.7359,0.0005,-48.3274,0.002395
48.0153,0.0005,-48.5562,0.002482
48.2946,0.0005,-48.7847,0.002567
48.5740,0.0005,-49.0128,0.002652
48.8789,0.0005,-49.2612,0.002745
49.1583,0.0005,-49.4885,0.002832
49.4378,0.0005,-49.7155,0.002916
49.7173,0.0005,-49.9422,0.003003
49.9967,0.0005,-50.1686,0.003088
50.2760,0.0005,-50.3946,0.003173
50.5552,0.0005,-50.6204,0.003257
50.8343,0.0005,-50.8461,0.003343
51.1132,0.0005,-51.0715,0.003428
51.4171,0.0005,-51.3172,0.003520
51.6956,0.0005,-51.5423,0.003604
51.9739,0.0005,-51.7673,0.003690
52.2520,0.0005,-51.9921,0.003773
52.5299,0.0005,-52.2168,0.003858
52.8076,0.0005,-52.4413,0.003943
53.0851,0.0005,-52.6658,0.004026
53.3625,0.0005,-52.8901,0.004111
53.6397,0.0005,-53.1143,0.004195
53.9419,0.0005,-53.3588,0.004285
54.2189,0.0005,-53.5827,0.004369
54.4957,0.0005,-53.8065,0.004454
54.7723,0.0005,-54.0302,0.004536
55.0487,0.0005,-54.2538,0.004622
55.3250,0.0005,-54.4774,0.004702
55.6010,0.0005,-54.7008,0.004787
55.8769,0.0005,-54.9242,0.004871
56.1776,0.0005,-55.1678,0.004963
56.4530,0.0005,-55.3910,0.005044
56.7283,0.0005,-55.6142,0.005129
57.0034,0.0005,-55.8373,0.005211
57.2783,0.0005,-56.0604,0.005293
57.5529,0.0005,-56.2834,0.005378
57.8274,0.0005,-56.5064,0.005461
58.1017,0.0005,-56.7293,0.005543
58.3757,0.0005,-56.9522,0.005628
58.6745,0.0005,-57.1953,0.005717
58.9482,0.0005,-57.4181,0.005800
59.2219,0.0005,-57.6407,0.005882
59.4955,0.0005,-57.8633,0.005966
59.7690,0.0005,-58.0856,0.006049
60.0425,0.0005,-58.3079,0.006131
60.3158,0.0005,-58.5300,0.006214
60.5890,0.0005,-58.7520,0.006296
60.8621,0.0005,-58.9739,0.006379
61.1598,0.0005,-59.2159,0.006469
61.4325,0.0005,-59.4377,0.006552
61.7050,0.0005,-59.6594,0.006632
61.9772,0.0005,-59.8811,0.006715
62.2492,0.0005,-60.1028,0.006798
62.5210,0.0005,-60.3245,0.006880
62.7925,0.0005,-60.5461,0.006963
63.0638,0.0005,-60.7678,0.007043
63.3349,0.0005,-60.9894,0.007126
63.6304,0.0005,-61.2311,0.007217
63.9011,0.0005,-61.4526,0.007298
64.1716,0.0005,-61.6742,0.007380
64.4419,0.0005,-61.8957,0.007464
64.7120,0.0005,-62.1172,0.007544
64.9820,0.0005,-62.3386,0.007626
65.2517,0.0005,-62.5601,0.007707
65.5212,0.0005,-62.7815,0.007790
65.7906,0.0005,-63.0029,0.007871
66.0842,0.0005,-63.2444,0.007961
66.3531,0.0005,-63.4657,0.008042
66.6219,0.0005,-63.6871,0.008150
66.8905,0.0005,-63.9084,0.008260
67.1589,0.0005,-64.1297,0.008327
67.4271,0.0005,-64.3510,0.008377
67.6951,0.0005,-64.5722,0.008383
68.7897,0.0005,-65.4771,0.008802
69.0570,0.0005,-65.6983,0.008873
69.3252,0.0005,-65.9203,0.008943
69.5946,0.0005,-66.1431,0.009013
69.8651,0.0005,-66.3667,0.009452
71.2658,0.0005,-67.5222,0.009500
71.5458,0.0005,-67.7528,0.009570
71.8275,0.0005,-67.9847,0.009679
72.1108,0.0005,-68.2179,0.009791
72.3958,0.0005,-68.4523,0.009879
72.6826,0.0005,-68.6882,0.009967
72.9712,0.0005,-68.9255,0.010054
73.2618,0.0005,-69.1642,0.010142
73.5809,0.0005,-69.4263,0.010241
73.8754,0.0005,-69.6681,0.010330
74.1718,0.0005,-69.9114,0.010419
74.4700,0.0005,-70.1561,0.010510
74.7702,0.0005,-70.4022,0.010599
75.0722,0.0005,-70.6498,0.010692
75.3760,0.0005,-70.8988,0.010783
75.6817,0.0005,-71.1492,0.010877
75.9893,0.0005,-71.4011,0.010971
76.3269,0.0005,-71.6774,0.011073
76.6383,0.0005,-71.9322,0.011166
76.9513,0.0005,-72.1881,0.011260
77.2658,0.0005,-72.4452,0.011357
77.5817,0.0005,-72.7034,0.011450
77.8991,0.0005,-72.9627,0.011548
78.2178,0.0005,-73.2231,0.011646
78.5378,0.0005,-73.4847,0.011742
78.8592,0.0005,-73.7474,0.011838
79.2113,0.0005,-74.0351,0.011944
79.5354,0.0005,-74.3001,0.012044
79.8609,0.0005,-74.5661,0.012143
80.1878,0.0005,-74.8333,0.012239
80.5160,0.0005,-75.1015,0.012340
80.8456,0.0005,-75.3708,0.012439
81.1765,0.0005,-75.6412,0.012540
81.5088,0.0005,-75.9127,0.012639
81.8423,0.0005,-76.1852,0.012743
82.2077,0.0005,-76.4838,0.012851
82.5429,0.0005,-76.7579,0.012953
82.8802,0.0005,-77.0338,0.013055
83.2219,0.0005,-77.3133,0.013159
83.5643,0.0005,-77.5935,0.013264
83.9080,0.0005,-77.8748,0.013366
84.2527,0.0005,-78.1570,0.013471
84.5984,0.0005,-78.4402,0.013578
84.9452,0.0005,-78.7246,0.013683
85.3248,0.0005,-79.0359,0.013796
85.6741,0.0005,-79.3222,0.013904
86.0246,0.0005,-79.6095,0.014008
86.3763,0.0005,-79.8976,0.014115
86.7294,0.0005,-80.1866,0.014223
87.0836,0.0005,-80.4765,0.014332
87.4390,0.0005,-80.7673,0.014438
87.7955,0.0005,-81.0590,0.014546
88.1533,0.0005,-81.3516,0.014654
88.5448,0.0005,-81.6718,0.014773
88.9050,0.0005,-81.9663,0.014881
89.2663,0.0005,-82.2616,0.014993
89.6286,0.0005,-82.5579,0.015102
89.9921,0.0005,-82.8551,0.015210
90.3564,0.0005,-83.1534,0.015322
90.7217,0.0005,-83.4527,0.015434
91.0879,0.0005,-83.7530,0.015543
91.4884,0.0005,-84.0819,0.015667
91.8566,0.0005,-84.3844,0.015778
92.2258,0.0005,-84.6880,0.015890
92.5962,0.0005,-84.9924,0.016001
92.9677,0.0005,-85.2978,0.016113
93.3404,0.0005,-85.6041,0.016228
93.7142,0.0005,-85.9113,0.016341
94.0893,0.0005,-86.2192,0.016453
94.4657,0.0005,-86.5280,0.016570
94.8776,0.0005,-86.8658,0.016693
95.2566,0.0005,-87.1762,0.016807
95.6368,0.0005,-87.4873,0.016923
96.0182,0.0005,-87.7992,0.017039
96.4008,0.0005,-88.1118,0.017154
96.7844,0.0005,-88.4253,0.017270
97.1691,0.0005,-88.7396,0.017387
97.5547,0.0005,-89.0548,0.017503
97.9413,0.0005,-89.3708,0.017622
98.3641,0.0005,-89.7165,0.017748
98.7527,0.0005,-90.0343,0.017866
99.1422,0.0005,-90.3529,0.017982
99.5326,0.0005,-90.6723,0.018103
99.9238,0.0005,-90.9924,0.018220
100.3159,0.0005,-91.3132,0.018340
100.7089,0.0005,-91.6348,0.018460
101.1026,0.0005,-91.9570,0.018580
101.4970,0.0005,-92.2798,0.018697
101.9282,0.0005,-92.6328,0.018828
102.3241,0.0005,-92.9569,0.018950
102.7206,0.0005,-93.2816,0.019067
103.1177,0.0005,-93.6068,0.019190
103.5154,0.0005,-93.9326,0.019310
103.9137,0.0005,-94.2589,0.019430
104.3127,0.0005,-94.5858,0.019552
104.7121,0.0005,-94.9132,0.019673
105.1120,0.0005,-95.2411,0.019793
105.5486,0.0005,-95.5996,0.019927
105.9492,0.0005,-95.9287,0.020050
106.3503,0.0005,-96.2585,0.020172
106.7516,0.0005,-96.5889,0.020291
107.1534,0.0005,-96.9199,0.020415
107.5555,0.0005,-97.2515,0.020537
107.9581,0.0005,-97.5837,0.020659
108.3610,0.0005,-97.9166,0.020782
108.7644,0.0005,-98.2500,0.020904
109.2049,0.0005,-98.6144,0.021038
109.6091,0.0005,-98.9491,0.021163
110.0138,0.0005,-99.2844,0.021284
110.4192,0.0005,-99.6200,0.021409
110.8253,0.0005,-99.9561,0.021532
111.2322,0.0005,-100.2925,0.021654
111.6398,0.0005,-100.6292,0.021780
112.0482,0.0005,-100.9661,0.021904
112.4572,0.0005,-101.3034,0.022026
112.9041,0.0005,-101.6715,0.022163
113.3143,0.0005,-102.0092,0.022286
113.7250,0.0005,-102.3470,0.022411
114.1363,0.0005,-102.6849,0.022536
114.5480,0.0005,-103.0230,0.022663
114.9601,0.0005,-103.3611,0.022787
115.3726,0.0005,-103.6992,0.022909
115.7855,0.0005,-104.0373,0.023038
116.1987,0.0005,-104.3755,0.023161
116.6500,0.0005,-104.7444,0.023298
117.0640,0.0005,-105.0826,0.023424
117.4783,0.0005,-105.4208,0.023549
117.8929,0.0005,-105.7592,0.023676
118.3076,0.0005,-106.0976,0.023800
118.7225,0.0005,-106.4362,0.023928
119.1375,0.0005,-106.7751,0.024052
119.5526,0.0005,-107.1142,0.024176
119.9678,0.0005,-107.4534,0.024302
120.4210,0.0005,-107.8239,0.024438
120.8368,0.0005,-108.1639,0.024569
121.2529,0.0005,-108.5041,0.024690
121.6694,0.0005,-108.8447,0.024819
122.0861,0.0005,-109.1856,0.024944
122.5033,0.0005,-109.5268,0.025071
122.9210,0.0005,-109.8684,0.025197
123.3392,0.0005,-110.2103,0.025324
123.7580,0.0005,-110.5525,0.025451
124.1773,0.0005,-110.8950,0.025576
124.6353,0.0005,-111.2690,0.025717
125.0557,0.0005,-111.6121,0.025844
125.4766,0.0005,-111.9554,0.025971
125.8980,0.0005,-112.2991,0.026099
126.3198,0.0005,-112.6430,0.026223
126.7420,0.0005,-112.9873,0.026355
127.1644,0.0005,-113.3320,0.026481
127.5868,0.0005,-113.6769,0.026610
128.0475,0.0005,-114.0534,0.026749
128.4698,0.0005,-114.3988,0.026878
128.8922,0.0005,-114.7444,0.027002
129.3145,0.0005,-115.0902,0.027131
129.7368,0.0005,-115.4362,0.027262
130.1591,0.0005,-115.7825,0.027390
130.5816,0.0005,-116.1292,0.027515
131.0042,0.0005,-116.4762,0.027645
131.4271,0.0005,-116.8236,0.027775
131.8888,0.0005,-117.2032,0.027914
132.3124,0.0005,-117.5515,0.028041
132.7363,0.0005,-117.9002,0.028171
133.1604,0.0005,-118.2491,0.028303
133.5846,0.0005,-118.5982,0.028429
134.0088,0.0005,-118.9475,0.028558
134.4329,0.0005,-119.2969,0.028685
134.8569,0.0005,-119.6464,0.028815
135.2811,0.0005,-119.9961,0.028945
135.7438,0.0005,-120.3778,0.029087
136.1683,0.0005,-120.7281,0.029216
136.5929,0.0005,-121.0786,0.029343
137.0173,0.0005,-121.4291,0.029469
137.4415,0.0005,-121.7795,0.029604
137.8655,0.0005,-122.1300,0.029729
138.2893,0.0005,-122.4804,0.029859
138.7128,0.0005,-122.8307,0.029989
139.1362,0.0005,-123.1809,0.030118
139.5980,0.0005,-123.5628,0.030257
140.0213,0.0005,-123.9125,0.030387
140.4446,0.0005,-124.2620,0.030517
140.8679,0.0005,-124.6113,0.030644
141.2912,0.0005,-124.9602,0.030771
141.7146,0.0005,-125.3091,0.030902
142.1382,0.0005,-125.6581,0.031031
142.5621,0.0005,-126.0074,0.031158
142.9864,0.0005,-126.3569,0.031286
143.4492,0.0005,-126.7382,0.031429
143.8734,0.0005,-127.0878,0.031557
144.2977,0.0005,-127.4375,0.031686
144.7221,0.0005,-127.7873,0.031816
145.1468,0.0005,-128.1374,0.031944
145.5716,0.0005,-128.4876,0.032075
145.9961,0.0005,-128.8378,0.032203
146.4201,0.0005,-129.1878,0.032329
146.8437,0.0005,-129.5377,0.032461
147.3053,0.0005,-129.9192,0.032600
147.7280,0.0005,-130.2687,0.032728
148.1503,0.0005,-130.6181,0.032859
148.5725,0.0005,-130.9675,0.032986
148.9947,0.0005,-131.3169,0.033115
149.4167,0.0005,-131.6660,0.033244
149.8386,0.0005,-132.0150,0.033372
150.2606,0.0005,-132.3639,0.033500
150.6827,0.0005,-132.7126,0.033628
151.1434,0.0005,-133.0929,0.033767
151.5658,0.0005,-133.4411,0.033897
151.9879,0.0005,-133.7889,0.034023
152.4100,0.0005,-134.1363,0.034152
152.8319,0.0005,-134.4834,0.034281
153.2538,0.0005,-134.8301,0.034409
153.6757,0.0005,-135.1766,0.034536
154.0976,0.0005,-135.5229,0.034665
154.5193,0.0005,-135.8690,0.034793
154.9790,0.0005,-136.2461,0.034931
155.3997,0.0005,-136.5913,0.035062
155.8197,0.0005,-136.9361,0.035188
156.2387,0.0005,-137.2801,0.035314
156.6568,0.0005,-137.6233,0.035442
157.0738,0.0005,-137.9657,0.035568
157.4900,0.0005,-138.3074,0.035695
157.9051,0.0005,-138.6482,0.035819
158.3194,0.0005,-138.9884,0.035946
158.7702,0.0005,-139.3586,0.036079
159.1824,0.0005,-139.6971,0.036206
159.5937,0.0005,-140.0350,0.036331
160.0040,0.0005,-140.3722,0.036460
160.4134,0.0005,-140.7086,0.036580
160.8218,0.0005,-141.0443,0.036706
161.2294,0.0005,-141.3793,0.036828
161.6360,0.0005,-141.7135,0.036952
162.0416,0.0005,-142.0471,0.037075
162.4831,0.0005,-142.4102,0.037211
162.8868,0.0005,-142.7424,0.037332
163.2896,0.0005,-143.0738,0.037455
163.6915,0.0005,-143.4046,0.037575
164.0924,0.0005,-143.7346,0.037699
164.4924,0.0005,-144.0641,0.037817
164.8914,0.0005,-144.3929,0.037942
165.2895,0.0005,-144.7211,0.038060
165.6866,0.0005,-145.0486,0.038184
166.1188,0.0005,-145.4052,0.038312
166.5141,0.0005,-145.7313,0.038433
166.9084,0.0005,-146.0568,0.038552
167.3020,0.0005,-146.3817,0.038672
167.6946,0.0005,-146.7058,0.038793
168.0864,0.0005,-147.0294,0.038912
168.4773,0.0005,-147.3523,0.039033
168.8674,0.0005,-147.6745,0.039150
169.2567,0.0005,-147.9960,0.039267
169.6805,0.0005,-148.3460,0.039394
170.0683,0.0005,-148.6660,0.039513
170.4553,0.0005,-148.9852,0.039633
170.8416,0.0005,-149.3038,0.039750
171.2272,0.0005,-149.6215,0.039868
171.6120,0.0005,-149.9386,0.039983
171.9961,0.0005,-150.2549,0.040099
172.3794,0.0005,-150.5705,0.040216
172.7619,0.0005,-150.8854,0.040332
173.1784,0.0005,-151.2281,0.040460
173.5594,0.0005,-151.5415,0.040574
173.9397,0.0005,-151.8542,0.040693
174.3192,0.0005,-152.1661,0.040805
174.6981,0.0005,-152.4773,0.040919
175.0762,0.0005,-152.7878,0.041034
175.4537,0.0005,-153.0976,0.041150
175.8304,0.0005,-153.4066,0.041265
176.2064,0.0005,-153.7149,0.041380
176.6158,0.0005,-154.0505,0.041504
176.9903,0.0005,-154.3573,0.041614
177.3642,0.0005,-154.6634,0.041730
177.7373,0.0005,-154.9689,0.041843
178.1096,0.0005,-155.2737,0.041955
178.4811,0.0005,-155.5779,0.042069
178.8518,0.0005,-155.8815,0.042179
179.2218,0.0005,-156.1845,0.042292
179.5910,0.0005,-156.4868,0.042405
179.9930,0.0005,-156.8159,0.042525
180.3607,0.0005,-157.1169,0.042638
180.7276,0.0005,-157.4174,0.042748
181.0939,0.0005,-157.7172,0.042859
181.4594,0.0005,-158.0164,0.042970
181.8241,0.0005,-158.3150,0.043081
182.1882,0.0005,-158.6131,0.043190
182.5515,0.0005,-158.9105,0.043301
182.9141,0.0005,-159.2073,0.043409
183.3088,0.0005,-159.5305,0.043527
183.6700,0.0005,-159.8261,0.043644
184.0304,0.0005,-160.1211,0.043745
184.3901,0.0005,-160.4156,0.043854
184.7492,0.0005,-160.7094,0.043964
185.1075,0.0005,-161.0027,0.044076
185.4651,0.0005,-161.2954,0.044185
185.8221,0.0005,-161.5875,0.044290
186.1784,0.0005,-161.8790,0.044401
186.5663,0.0005,-162.1964,0.044517
186.9211,0.0005,-162.4868,0.044624
187.2753,0.0005,-162.7766,0.044729
187.6288,0.0005,-163.0658,0.044838
187.9816,0.0005,-163.3545,0.044944
188.3337,0.0005,-163.6426,0.045051
188.6852,0.0005,-163.9301,0.045157
189.0360,0.0005,-164.2171,0.045262
189.4179,0.0005,-164.5296,0.045380
189.7674,0.0005,-164.8154,0.045486
190.1161,0.0005,-165.1008,0.045590
190.4642,0.0005,-165.3855,0.045699
190.8117,0.0005,-165.6697,0.045801
191.1585,0.0005,-165.9534,0.045905
191.5047,0.0005,-166.2365,0.046012
191.8503,0.0005,-166.5190,0.046116
192.1953,0.0005,-166.8011,0.046223
192.5396,0.0005,-167.0825,0.046324
192.9145,0.0005,-167.3889,0.046437
193.2575,0.0005,-167.6693,0.046542
193.5997,0.0005,-167.9492,0.046646
193.9412,0.0005,-168.2287,0.046748
194.2818,0.0005,-168.5077,0.046851
194.6217,0.0005,-168.7864,0.046955
194.9607,0.0005,-169.0647,0.047057
195.2991,0.0005,-169.3427,0.047159
195.6673,0.0005,-169.6454,0.047271
196.0041,0.0005,-169.9225,0.047377
196.3401,0.0005,-170.1993,0.047479
196.6754,0.0005,-170.4757,0.047575
197.0099,0.0005,-170.7517,0.047679
197.3438,0.0005,-171.0274,0.047781
197.6770,0.0005,-171.3027,0.047883
198.0096,0.0005,-171.5775,0.047984
198.3417,0.0005,-171.8518,0.048085
198.6731,0.0005,-172.1257,0.048185
199.0341,0.0005,-172.4240,0.048296
199.3642,0.0005,-172.6970,0.048395
199.6937,0.0005,-172.9696,0.048495
200.0225,0.0005,-173.2418,0.048598
200.3507,0.0005,-173.5135,0.048698
200.6783,0.0005,-173.7849,0.048798
201.0051,0.0005,-174.0559,0.048894
201.3312,0.0005,-174.3266,0.048994
201.6566,0.0005,-174.5969,0.049091
202.0107,0.0005,-174.8914,0.049200
202.3347,0.0005,-175.1610,0.049302
202.6580,0.0005,-175.4302,0.049397
202.9806,0.0005,-175.6991,0.049497
203.3026,0.0005,-175.9676,0.049597
203.6239,0.0005,-176.2357,0.049694
203.9446,0.0005,-176.5036,0.049790
204.2647,0.0005,-176.7710,0.049892
204.6132,0.0005,-177.0623,0.049995
204.9321,0.0005,-177.3289,0.050096
205.2505,0.0005,-177.5951,0.050189
205.5685,0.0005,-177.8608,0.050289
205.8861,0.0005,-178.1259,0.050386
206.2034,0.0005,-178.3905,0.050483
206.5205,0.0005,-178.6544,0.050579
206.8373,0.0005,-178.9178,0.050676
207.1539,0.0005,-179.1804,0.050772
207.4989,0.0005,-179.4661,0.050876
207.8149,0.0005,-179.7274,0.050972
208.1304,0.0005,-179.9881,0.051067
208.4456,0.0005,-180.2481,0.051164
208.7605,0.0005,-180.5075,0.051260
209.0749,0.0005,-180.7664,0.051354
209.3889,0.0005,-181.0246,0.051451
209.7026,0.0005,-181.2822,0.051546
210.0159,0.0005,-181.5392,0.051638
210.3572,0.0005,-181.8188,0.051744
210.6697,0.0005,-182.0746,0.051837
210.9819,0.0005,-182.3297,0.051933
211.2936,0.0005,-182.5843,0.052029
211.6056,0.0005,-182.8390,0.052123
211.9182,0.0005,-183.0939,0.052216
212.2315,0.0005,-183.3490,0.052310
212.5453,0.0005,-183.6044,0.052404
212.8596,0.0005,-183.8601,0.052500
213.2030,0.0005,-184.1395,0.052604
213.5182,0.0005,-184.3962,0.052698
213.8339,0.0005,-184.6535,0.052794
214.1501,0.0005,-184.9115,0.052892
214.4667,0.0005,-185.1701,0.052987
214.7840,0.0005,-185.4293,0.053079
215.1021,0.0005,-185.6892,0.053180
215.4208,0.0005,-185.9497,0.053275
215.7403,0.0005,-186.2107,0.053369
216.0897,0.0005,-186.4962,0.053478
216.4108,0.0005,-186.7585,0.053576
216.7326,0.0005,-187.0215,0.053670
217.0551,0.0005,-187.2850,0.053771
217.3784,0.0005,-187.5491,0.053865
217.7025,0.0005,-187.8138,0.053965
218.0273,0.0005,-188.0791,0.054060
218.3530,0.0005,-188.3449,0.054163
218.6794,0.0005,-188.6113,0.054261
219.0363,0.0005,-188.9026,0.054369
219.3642,0.0005,-189.1703,0.054468
219.6927,0.0005,-189.4386,0.054569
220.0221,0.0005,-189.7076,0.054667
220.3521,0.0005,-189.9771,0.054764
220.6829,0.0005,-190.2473,0.054868
221.0141,0.0005,-190.5179,0.054967
221.3456,0.0005,-190.7888,0.055069
221.6775,0.0005,-191.0601,0.055168
222.0398,0.0005,-191.3563,0.055276
222.3723,0.0005,-191.6282,0.055381
222.7051,0.0005,-191.9005,0.055479
223.0382,0.0005,-192.1730,0.055581
223.3716,0.0005,-192.4460,0.055684
223.7052,0.0005,-192.7193,0.055784
224.0390,0.0005,-192.9931,0.055880
224.3732,0.0005,-193.2672,0.055984
224.7076,0.0005,-193.5416,0.056086
225.0423,0.0005,-193.8165,0.056191
225.4079,0.0005,-194.1167,0.056298
225.7433,0.0005,-194.3922,0.056398
226.0791,0.0005,-194.6681,0.056505
226.4153,0.0005,-194.9443,0.056603
226.7517,0.0005,-195.2208,0.056704
227.0885,0.0005,-195.4977,0.056809
227.4257,0.0005,-195.7749,0.056910
227.7632,0.0005,-196.0524,0.057011
228.1010,0.0005,-196.3303,0.057116
228.4700,0.0005,-196.6337,0.057225
228.8086,0.0005,-196.9122,0.057328
229.1475,0.0005,-197.1910,0.057432
229.4868,0.0005,-197.4701,0.057533
229.8263,0.0005,-197.7496,0.057638
230.1661,0.0005,-198.0294,0.057740
230.5062,0.0005,-198.3096,0.057843
230.8467,0.0005,-198.5901,0.057950
231.2184,0.0005,-198.8965,0.058059
231.5595,0.0005,-199.1778,0.058165
231.9009,0.0005,-199.4594,0.058265
232.2426,0.0005,-199.7413,0.058372
232.5846,0.0005,-200.0236,0.058476
232.9269,0.0005,-200.3062,0.058577
233.2696,0.0005,-200.5892,0.058684
233.6125,0.0005,-200.8725,0.058786
233.9558,0.0005,-201.1562,0.058891
234.3307,0.0005,-201.4660,0.059003
234.6746,0.0005,-201.7504,0.059109
235.0189,0.0005,-202.0352,0.059215
235.3636,0.0005,-202.3201,0.059320
235.7088,0.0005,-202.6054,0.059424
236.0545,0.0005,-202.8909,0.059530
236.4007,0.0005,-203.1765,0.059633
236.7475,0.0005,-203.4623,0.059738
237.0948,0.0005,-203.7484,0.059842
237.4741,0.0005,-204.0606,0.059953
237.8223,0.0005,-204.3470,0.060056
238.1709,0.0005,-204.6337,0.060164
238.5200,0.0005,-204.9205,0.060272
238.8694,0.0005,-205.2075,0.060372
239.2193,0.0005,-205.4947,0.060478
239.5695,0.0005,-205.7821,0.060582
239.9201,0.0005,-206.0698,0.060688
240.2711,0.0005,-206.3577,0.060795
240.6226,0.0005,-206.6460,0.060900
241.0068,0.0005,-206.9610,0.061016
241.3595,0.0005,-207.2501,0.061122
241.7129,0.0005,-207.5396,0.061229
242.0669,0.0005,-207.8296,0.061332
242.4212,0.0005,-208.1197,0.061440
242.7757,0.0005,-208.4098,0.061547
243.1304,0.0005,-208.7000,0.061654
243.4857,0.0004,-208.9907,0.061760
243.8738,0.0003,-209.3081,0.061875
244.2298,0.0002,-209.5991,0.061984
244.5860,0.0001,-209.8903,0.062092
244.9428,0.0001,-210.1817,0.062198
245.3002,-0.0000,-210.4737,0.062305
245.6580,-0.0001,-210.7658,0.062413
246.0159,-0.0002,-211.0579,0.062522
246.3738,-0.0003,-211.3499,0.062628
246.7316,-0.0003,-211.6419,0.062736
247.1217,-0.0005,-211.9602,0.062852
247.4791,-0.0006,-212.2519,0.062960
247.8364,-0.0008,-212.5433,0.063064
248.1934,-0.0010,-212.8346,0.063175
248.5504,-0.0012,-213.1258,0.063281
248.9076,-0.0014,-213.4172,0.063390
249.2649,-0.0015,-213.7086,0.063495
249.6223,-0.0017,-214.0002,0.063602
249.9799,-0.0019,-214.2918,0.063710
250.3701,-0.0021,-214.6100,0.063828
250.7280,-0.0023,-214.9018,0.063937
251.0859,-0.0025,-215.1936,0.064041
251.4441,-0.0027,-215.4856,0.064152
251.8023,-0.0029,-215.7776,0.064257
252.1607,-0.0031,-216.0697,0.064367
252.5192,-0.0033,-216.3619,0.064475
252.8778,-0.0035,-216.6542,0.064582
253.2365,-0.0037,-216.9466,0.064693
253.6278,-0.0039,-217.2657,0.064810
253.9867,-0.0042,-217.5583,0.064917
254.3457,-0.0044,-217.8511,0.065026
254.7048,-0.0046,-218.1439,0.065135
255.0640,-0.0048,-218.4368,0.065244
255.4234,-0.0049,-218.7299,0.065352
255.7828,-0.0051,-219.0230,0.065462
256.1424,-0.0052,-219.3162,0.065569
256.5019,-0.0054,-219.6096,0.065676
256.8942,-0.0056,-219.9299,0.065796
257.2539,-0.0057,-220.2236,0.065902
257.6136,-0.0059,-220.5174,0.066015
257.9733,-0.0060,-220.8114,0.066122
258.3331,-0.0062,-221.1056,0.066231
258.6931,-0.0063,-221.3999,0.066339
259.0531,-0.0065,-221.6944,0.066451
259.4131,-0.0065,-221.9889,0.066556
259.7732,-0.0065,-222.2836,0.066664
260.1335,-0.0066,-222.5784,0.066779
260.5266,-0.0066,-222.9001,0.066897
260.8871,-0.0066,-223.1952,0.067003
261.2475,-0.0066,-223.4904,0.067114
261.6080,-0.0067,-223.7857,0.067223
261.9688,-0.0067,-224.0811,0.067336
262.3292,-0.0067,-224.3765,0.067444
262.6895,-0.0067,-224.6716,0.067550
263.0496,-0.0067,-224.9666,0.067662
263.4421,-0.0065,-225.2881,0.067777
263.8016,-0.0063,-225.5826,0.067887
264.1609,-0.0062,-225.8770,0.067996
264.5199,-0.0060,-226.1711,0.068109
264.8787,-0.0058,-226.4650,0.068217
265.2372,-0.0056,-226.7588,0.068323
265.5955,-0.0054,-227.0523,0.068431
265.9535,-0.0053,-227.3457,0.068544
266.3113,-0.0051,-227.6389,0.068650
266.7013,-0.0049,-227.9585,0.068769
267.0585,-0.0046,-228.2514,0.068874
267.4155,-0.0042,-228.5441,0.068990
267.7720,-0.0037,-228.8366,0.069090
268.1283,-0.0032,-229.1291,0.069204
268.4842,-0.0028,-229.4213,0.069313
268.8398,-0.0023,-229.7135,0.069420
269.1952,-0.0018,-230.0055,0.069528
269.5825,-0.0013,-230.3239,0.069648
269.9373,-0.0009,-230.6156,0.069754
270.2917,-0.0004,-230.9072,0.069862
270.6459,0.0001,-231.1986,0.069971
270.9999,0.0005,-231.4901,0.070076
271.3535,0.0012,-231.7813,0.070184
271.7066,0.0020,-232.0725,0.070293
272.0593,0.0027,-232.3636,0.070402
272.4117,0.0034,-232.6547,0.070508
272.7958,0.0042,-232.9721,0.070625
273.1477,0.0049,-233.2629,0.070730
273.4994,0.0056,-233.5535,0.070839
273.8510,0.0063,-233.8439,0.070946
274.2024,0.0070,-234.1341,0.071055
274.5541,0.0078,-234.4239,0.071156
274.9057,0.0085,-234.7133,0.071268
275.2575,0.0093,-235.0024,0.071376
275.6092,0.0102,-235.2910,0.071484
275.9927,0.0112,-235.6055,0.071599
276.3442,0.0121,-235.8935,0.071705
276.6956,0.0130,-236.1811,0.071810
277.0467,0.0139,-236.4684,0.071917
277.3976,0.0148,-236.7555,0.072022
277.7482,0.0157,-237.0424,0.072135
278.0986,0.0166,-237.3291,0.072235
278.4486,0.0174,-237.6156,0.072343
278.7984,0.0183,-237.9019,0.072447
279.1797,0.0194,-238.2142,0.072564
279.5289,0.0205,-238.5002,0.072672
279.8780,0.0215,-238.7860,0.072780
280.2268,0.0226,-239.0715,0.072880
280.5755,0.0237,-239.3569,0.072987
280.9239,0.0247,-239.6421,0.073094
281.2722,0.0258,-239.9271,0.073202
281.6203,0.0268,-240.2118,0.073304
281.9681,0.0279,-240.4964,0.073409
282.3474,0.0291,-240.8065,0.073526
282.6944,0.0301,-241.0902,0.073633
283.0410,0.0312,-241.3734,0.073733
283.3868,0.0324,-241.6559,0.073835
283.7320,0.0337,-241.9379,0.073945
284.0766,0.0349,-242.2192,0.074047
284.4206,0.0361,-242.4999,0.074155
284.7640,0.0373,-242.7801,0.074258
285.1068,0.0386,-243.0596,0.074357
285.4800,0.0399,-243.3639,0.074476
285.8215,0.0411,-243.6422,0.074583
286.1624,0.0423,-243.9200,0.074682
286.5027,0.0435,-244.1972,0.074785
286.8423,0.0447,-244.4738,0.074887
287.1814,0.0460,-244.7500,0.074988
287.5198,0.0474,-245.0255,0.075090
287.8576,0.0488,-245.3005,0.075193
288.1948,0.0501,-245.5749,0.075297
288.5619,0.0516,-245.8736,0.075410
288.8978,0.0530,-246.1469,0.075512
289.2331,0.0544,-246.4196,0.075605
289.5677,0.0557,-246.6919,0.075709
289.9016,0.0571,-246.9637,0.075815
290.2349,0.0584,-247.2350,0.075910
290.5675,0.0598,-247.5058,0.076012
290.8995,0.0611,-247.7761,0.076116
291.2308,0.0626,-248.0461,0.076213
291.5913,0.0642,-248.3400,0.076323
291.9210,0.0657,-248.6092,0.076420
292.2497,0.0672,-248.8780,0.076523
292.5776,0.0687,-249.1465,0.076623
292.9046,0.0702,-249.4147,0.076722
293.2309,0.0717,-249.6827,0.076823
293.5565,0.0732,-249.9503,0.076921
293.8813,0.0747,-250.2176,0.077019
294.2054,0.0762,-250.4846,0.077113
294.5581,0.0778,-250.7754,0.077224
294.8808,0.0793,-251.0417,0.077323
295.2029,0.0809,-251.3077,0.077419
295.5244,0.0825,-251.5732,0.077517
295.8454,0.0842,-251.8382,0.077615
296.1660,0.0858,-252.1026,0.077710
296.4863,0.0874,-252.3665,0.077809
296.8062,0.0890,-252.6298,0.077907
297.1256,0.0907,-252.8926,0.078006
297.4735,0.0924,-253.1786,0.078109
297.7918,0.0941,-253.4403,0.078206
298.1096,0.0957,-253.7015,0.078303
298.4266,0.0973,-253.9623,0.078400
298.7427,0.0989,-254.2224,0.078501
299.0580,0.1006,-254.4819,0.078596
299.3722,0.1024,-254.7407,0.078694
299.6855,0.1042,-254.9987,0.078788
299.9978,0.1060,-255.2562,0.078888
300.3376,0.1080,-255.5362,0.078988
300.6481,0.1098,-255.7922,0.079088
300.9577,0.1116,-256.0475,0.079185
301.2664,0.1134,-256.3022,0.079274
301.5743,0.1152,-256.5562,0.079369
301.8813,0.1170,-256.8096,0.079467
302.1875,0.1188,-257.0623,0.079561
302.4928,0.1205,-257.3143,0.079652
302.7973,0.1223,-257.5656,0.079746
303.1284,0.1243,-257.8391,0.079848
303.4311,0.1263,-258.0891,0.079938
303.7332,0.1283,-258.3387,0.080033
304.0347,0.1302,-258.5879,0.080122
304.3357,0.1322,-258.8367,0.080215
304.6362,0.1342,-259.0851,0.080307
304.9362,0.1362,-259.3332,0.080400
305.2356,0.1382,-259.5808,0.080489
305.5346,0.1401,-259.8281,0.080583
305.8602,0.1423,-260.0974,0.080679
306.1581,0.1442,-260.3438,0.080776
306.4557,0.1462,-260.5897,0.080859
306.7528,0.1481,-260.8353,0.080950
307.0494,0.1501,-261.0804,0.081042
307.3457,0.1521,-261.3252,0.081135
307.6413,0.1542,-261.5695,0.081220
307.9364,0.1563,-261.8134,0.081308
308.2310,0.1584,-262.0570,0.081406
308.5517,0.1607,-262.3223,0.081504
308.8452,0.1628,-262.5651,0.081593
309.1381,0.1649,-262.8075,0.081684
309.4305,0.1669,-263.0496,0.081772
309.7224,0.1690,-263.2914,0.081861
310.0138,0.1711,-263.5327,0.081953
310.3046,0.1732,-263.7737,0.082041
310.5950,0.1753,-264.0144,0.082132
310.8849,0.1773,-264.2547,0.082221
311.1745,0.1794,-264.4946,0.082309
311.4900,0.1816,-264.7558,0.082403
311.7788,0.1838,-264.9948,0.082495
312.0673,0.1859,-265.2333,0.082583
312.3553,0.1881,-265.4714,0.082671
312.6431,0.1902,-265.7090,0.082762
312.9304,0.1924,-265.9461,0.082846
313.2173,0.1945,-266.1829,0.082937
313.5038,0.1967,-266.4192,0.083024
313.7899,0.1988,-266.6551,0.083113
314.1015,0.2011,-266.9120,0.083209
314.3867,0.2033,-267.1469,0.083296
314.6716,0.2054,-267.3815,0.083387
314.9560,0.2075,-267.6157,0.083474
315.2401,0.2096,-267.8494,0.083563
315.5237,0.2118,-268.0827,0.083652
315.8070,0.2139,-268.3156,0.083737
316.0899,0.2160,-268.5481,0.083825
316.3980,0.2184,-268.8012,0.083918
316.6801,0.2206,-269.0328,0.084006
316.9617,0.2227,-269.2640,0.084089
317.2430,0.2248,-269.4948,0.084175
317.5238,0.2270,-269.7252,0.084267
317.8043,0.2291,-269.9552,0.084352
318.0844,0.2313,-270.1848,0.084439
318.3641,0.2334,-270.4140,0.084525
318.6434,0.2355,-270.6428,0.084610
318.9223,0.2377,-270.8712,0.084696
319.2262,0.2400,-271.1198,0.084792
319.5043,0.2421,-271.3474,0.084879
319.7821,0.2442,-271.5746,0.084960
320.0595,0.2463,-271.8013,0.085050
320.3366,0.2484,-272.0277,0.085132
320.6131,0.2506,-272.2538,0.085218
320.8891,0.2527,-272.4796,0.085302
321.1647,0.2548,-272.7050,0.085395
321.4648,0.2571,-272.9506,0.085488
321.7393,0.2591,-273.1755,0.085574
322.0134,0.2612,-273.4001,0.085655
322.2871,0.2633,-273.6243,0.085739
322.5605,0.2654,-273.8482,0.085823
322.8333,0.2675,-274.0718,0.085905
323.1059,0.2696,-274.2951,0.085992
323.3782,0.2717,-274.5180,0.086077
323.6501,0.2737,-274.7405,0.086157
323.9465,0.2759,-274.9827,0.086254
324.2181,0.2779,-275.2042,0.086337
324.4894,0.2799,-275.4253,0.086420
324.7605,0.2820,-275.6459,0.086504
325.0313,0.2840,-275.8662,0.086591
325.3018,0.2860,-276.0860,0.086674
325.5719,0.2880,-276.3054,0.086755
325.8417,0.2900,-276.5244,0.086843
326.1112,0.2919,-276.7430,0.086927
326.4046,0.2941,-276.9812,0.087024
326.6731,0.2961,-277.1992,0.087104
326.9411,0.2981,-277.4170,0.087185
327.2086,0.3001,-277.6346,0.087267
327.4757,0.3020,-277.8518,0.087354
327.7423,0.3040,-278.0688,0.087435
328.0086,0.3060,-278.2855,0.087518
328.2745,0.3079,-278.5019,0.087603
328.5401,0.3099,-278.7180,0.087687
328.8293,0.3120,-278.9534,0.087779
329.0941,0.3140,-279.1690,0.087857
329.3586,0.3159,-279.3842,0.087943
329.6226,0.3179,-279.5991,0.088025
329.8863,0.3198,-279.8138,0.088106
330.1497,0.3218,-280.0281,0.088188
330.4126,0.3237,-280.2422,0.088272
330.6753,0.3257,-280.4561,0.088351
330.9374,0.3277,-280.6696,0.088429
331.2229,0.3299,-280.9022,0.088520
331.4841,0.3319,-281.1152,0.088606
331.7450,0.3339,-281.3281,0.088686
332.0054,0.3359,-281.5406,0.088768
332.2656,0.3379,-281.7530,0.088849
332.5255,0.3399,-281.9651,0.088927
332.7849,0.3419,-282.1769,0.089011
333.0439,0.3439,-282.3885,0.089092
333.3024,0.3459,-282.5999,0.089173
333.5831,0.3481,-282.8296,0.089259
333.8390,0.3501,-283.0393,0.089341
334.0937,0.3521,-283.2481,0.089422
334.3471,0.3541,-283.4561,0.089502
334.5993,0.3561,-283.6632,0.089581
334.8503,0.3581,-283.8694,0.089659
335.1004,0.3600,-284.0751,0.089738
335.3499,0.3620,-284.2804,0.089819
335.5990,0.3639,-284.4855,0.089895
335.8702,0.3661,-284.7091,0.089978
336.1186,0.3680,-284.9139,0.090060
336.3665,0.3700,-285.1185,0.090139
336.6140,0.3719,-285.3230,0.090213
336.8612,0.3739,-285.5273,0.090295
337.1079,0.3758,-285.7314,0.090371
337.3543,0.3778,-285.9354,0.090447
337.6003,0.3797,-286.1393,0.090525
337.8459,0.3816,-286.3429,0.090602
338.1135,0.3837,-286.5649,0.090686
338.3583,0.3857,-286.7682,0.090763
338.6029,0.3876,-286.9715,0.090837
338.8471,0.3895,-287.1744,0.090912
339.0910,0.3913,-287.3772,0.090989
339.3347,0.3932,-287.5797,0.091067
339.5783,0.3951,-287.7820,0.091148
339.8214,0.3969,-287.9836,0.091223
340.0640,0.3988,-288.1844,0.091298
340.3277,0.4008,-288.4024,0.091378
340.5683,0.4026,-288.6010,0.091457
340.8074,0.4045,-288.7982,0.091528
341.0449,0.4063,-288.9940,0.091604
341.2806,0.4080,-289.1883,0.091675
341.5147,0.4097,-289.3813,0.091748
341.7470,0.4113,-289.5730,0.091828
341.9778,0.4130,-289.7634,0.091896
342.2072,0.4146,-289.9528,0.091968
342.4562,0.4164,-290.1583,0.092042
342.6830,0.4181,-290.3455,0.092118
342.9084,0.4197,-290.5316,0.092187
343.1325,0.4213,-290.7166,0.092261
343.3551,0.4229,-290.9005,0.092328
343.5763,0.4244,-291.0832,0.092395
343.7962,0.4258,-291.2650,0.092462
344.0149,0.4273,-291.4459,0.092530
344.2329,0.4287,-291.6263,0.092597
344.4699,0.4302,-291.8224,0.092672
344.6867,0.4316,-292.0018,0.092741
344.9029,0.4330,-292.1807,0.092808
345.1187,0.4345,-292.3592,0.092874
345.3339,0.4359,-292.5374,0.092937
345.5486,0.4373,-292.7151,0.093006
345.7626,0.4386,-292.8922,0.093073
345.9754,0.4399,-293.0685,0.093140
346.1874,0.4411,-293.2440,0.093204
346.4172,0.4424,-293.4345,0.093272
346.6267,0.4436,-293.6080,0.093340
346.8349,0.4448,-293.7806,0.093407
347.0418,0.4460,-293.9521,0.093472
347.2475,0.4472,-294.1227,0.093537
347.4519,0.4483,-294.2922,0.093602
347.6551,0.4495,-294.4608,0.093662
347.8571,0.4507,-294.6283,0.093725
348.0762,0.4519,-294.8100,0.093793
348.2759,0.4530,-294.9756,0.093854
348.4748,0.4540,-295.1403,0.093919
348.6726,0.4550,-295.3042,0.093979
348.8694,0.4560,-295.4671,0.094039
349.0648,0.4570,-295.6289,0.094103
349.2590,0.4579,-295.7896,0.094161
349.4517,0.4589,-295.9492,0.094221
349.6430,0.4599,-296.1075,0.094278
349.8326,0.4609,-296.2645,0.094335
350.0373,0.4619,-296.4339,0.094398
350.2226,0.4628,-296.5874,0.094455
350.4057,0.4638,-296.7392,0.094511
350.5867,0.4646,-296.8893,0.094562
350.7657,0.4654,-297.0378,0.094619
350.9427,0.4662,-297.1846,0.094673
351.1183,0.4670,-297.3303,0.094722
351.2930,0.4678,-297.4752,0.094777
351.4824,0.4686,-297.6324,0.094833
351.6550,0.4694,-297.7757,0.094888
351.8267,0.4702,-297.9182,0.094936
351.9974,0.4710,-298.0601,0.094991
352.1672,0.4718,-298.2011,0.095040
352.3360,0.4725,-298.3414,0.095091
352.5037,0.4733,-298.4807,0.095143
352.6703,0.4740,-298.6192,0.095191
352.8362,0.4746,-298.7571,0.095244
353.0163,0.4754,-298.9069,0.095299
353.1806,0.4761,-299.0435,0.095343
353.3441,0.4767,-299.1795,0.095393
353.5067,0.4774,-299.3148,0.095448
353.6682,0.4780,-299.4492,0.095497
353.8284,0.4787,-299.5828,0.095547
353.9874,0.4793,-299.7153,0.095594
354.1452,0.4800,-299.8470,0.095642
354.3017,0.4806,-299.9777,0.095689
354.4570,0.4813,-300.1075,0.095737
354.6252,0.4819,-300.2481,0.095789
354.7787,0.4825,-300.3765,0.095841
354.9315,0.4831,-300.5044,0.095883
355.0837,0.4836,-300.6318,0.095934
355.2352,0.4842,-300.7589,0.095979
355.3861,0.4847,-300.8855,0.096024
355.5363,0.4853,-301.0117,0.096072
355.6858,0.4859,-301.1376,0.096120
355.8480,0.4865,-301.2744,0.096170
355.9959,0.4870,-301.3994,0.096217
356.1431,0.4876,-301.5241,0.096261
356.2896,0.4881,-301.6484,0.096305
356.4355,0.4886,-301.7724,0.096351
356.5805,0.4892,-301.8960,0.096396
356.7247,0.4897,-302.0193,0.096438
356.8681,0.4901,-302.1425,0.096488
357.0104,0.4906,-302.2654,0.096528
357.1646,0.4912,-302.3994,0.096579
357.3045,0.4917,-302.5221,0.096623
357.4157,0.4705,-302.6776,0.096671
357.5540,0.4737,-302.7990,0.096713
357.6886,0.4774,-302.9215,0.096758
357.8188,0.4817,-303.0467,0.096798
357.9485,0.4857,-303.1703,0.096842
358.0777,0.4894,-303.2927,0.096888
358.2040,0.4925,-303.4135,0.096931
358.3399,0.4954,-303.5468,0.096982
358.4891,0.4929,-303.6384,0.097026
358.6067,0.4958,-303.7653,0.097070
358.7262,0.4969,-303.8874,0.097114
358.8452,0.4978,-304.0088,0.097155
358.9628,0.4984,-304.1288,0.097197
359.0792,0.4988,-304.2488,0.097242
359.1951,0.4991,-304.3689,0.097286
359.3112,0.4991,-304.4897,0.097331
359.4355,0.5004,-304.6290,0.097382
359.5517,0.5022,-304.7509,0.097428
359.6682,0.5038,-304.8728,0.097474
359.7926,0.5125,-304.9940,0.097520
359.8931,0.5146,-305.1221,0.097562
360.0112,0.5153,-305.2441,0.097610
360.1297,0.5161,-305.3669,0.097652
360.2476,0.5169,-305.4906,0.097697
360.3652,0.5177,-305.6152,0.097744
360.4932,0.5188,-305.7521,0.097795
360.6104,0.5199,-305.8774,0.097843
360.7270,0.5221,-306.0060,0.097886
360.8448,0.5259,-306.1347,0.097933
360.9553,0.5286,-306.2556,0.097977
361.0696,0.5302,-306.3794,0.098021
361.1832,0.5318,-306.5025,0.098062
361.2958,0.5334,-306.6251,0.098104
361.4077,0.5350,-306.7472,0.098145
361.5290,0.5368,-306.8795,0.098191
361.6405,0.5383,-306.9997,0.098231
361.7517,0.5398,-307.1189,0.098273
361.8623,0.5413,-307.2377,0.098317
361.9722,0.5426,-307.3546,0.098353
362.0827,0.5433,-307.4711,0.098393
362.1927,0.5441,-307.5865,0.098436
362.3021,0.5448,-307.7010,0.098477
362.4105,0.5455,-307.8148,0.098514
362.5277,0.5463,-307.9379,0.098552
362.6344,0.5470,-308.0501,0.098590
362.7402,0.5478,-308.1623,0.098629
362.8441,0.5483,-308.2738,0.098670
362.9493,0.5483,-308.3868,0.098705
363.0543,0.5483,-308.5001,0.098748
363.1590,0.5483,-308.6142,0.098781
363.2631,0.5484,-308.7290,0.098824
363.3669,0.5486,-308.8443,0.098864
363.4702,0.5488,-308.9602,0.098902
363.5809,0.5481,-309.0862,0.098944
363.6834,0.5473,-309.2034,0.098984
363.7853,0.5465,-309.3216,0.099019
363.8867,0.5458,-309.4407,0.099063
363.9875,0.5452,-309.5606,0.099100
364.0867,0.5440,-309.6795,0.099144
364.1869,0.5423,-309.8009,0.099184
364.2868,0.5408,-309.9229,0.099224
364.3956,0.5391,-310.0569,0.099268
364.4828,0.5275,-310.1923,0.099308
364.5818,0.5260,-310.3141,0.099348
364.6801,0.5247,-310.4398,0.099389
364.7780,0.5233,-310.5660,0.099430
364.8766,0.5215,-310.6915,0.099470
364.9747,0.5198,-310.8174,0.099512
365.0710,0.5173,-310.9420,0.099549
365.1672,0.5143,-311.0685,0.099592
365.2709,0.5111,-311.2073,0.099636
365.3653,0.5082,-311.3355,0.099677
365.4590,0.5052,-311.4645,0.099718
365.5515,0.5024,-311.5946,0.099754
365.6411,0.4992,-311.7253,0.099798
365.7317,0.4953,-311.8579,0.099839
365.8218,0.4914,-311.9910,0.099880
365.9108,0.4876,-312.1252,0.099924
365.9984,0.4841,-312.2607,0.099960
366.0847,0.4809,-312.3974,0.100005
366.1769,0.4769,-312.5462,0.100048
366.2615,0.4728,-312.6851,0.100090
366.3455,0.4689,-312.8248,0.100132
366.4282,0.4653,-312.9654,0.100175
366.5100,0.4620,-313.1072,0.100216
366.5921,0.4588,-313.2496,0.100258
366.6730,0.4551,-313.3914,0.100301
366.7545,0.4511,-313.5355,0.100345
366.8345,0.4475,-313.6808,0.100386
366.9209,0.4441,-313.8406,0.100431
366.9993,0.4414,-313.9880,0.100475
367.0769,0.4389,-314.1364,0.100518
367.1531,0.4359,-314.2842,0.100561
367.2290,0.4331,-314.4346,0.100604
367.3042,0.4306,-314.5859,0.100647
367.3784,0.4286,-314.7383,0.100691
367.4517,0.4270,-314.8915,0.100734
367.5298,0.4253,-315.0584,0.100783
367.6015,0.4233,-315.2134,0.100825
367.6716,0.4217,-315.3697,0.100868
367.7405,0.4206,-315.5269,0.100914
367.8080,0.4199,-315.6845,0.100960
367.8742,0.4195,-315.8425,0.101000
367.9384,0.4187,-315.9995,0.101043
368.0020,0.4178,-316.1580,0.101086
368.0637,0.4173,-316.3168,0.101132
368.1291,0.4172,-316.4902,0.101176
368.1872,0.4174,-316.6492,0.101221
368.2433,0.4175,-316.8066,0.101266
368.2984,0.4170,-316.9658,0.101308
368.3523,0.4168,-317.1252,0.101349
368.4047,0.4168,-317.2848,0.101391
368.4557,0.4170,-317.4448,0.101436
368.5056,0.4173,-317.6050,0.101478
368.5543,0.4167,-317.7644,0.101522
368.6072,0.4160,-317.9409,0.101567
368.6551,0.4154,-318.1035,0.101610
368.7026,0.4147,-318.2671,0.101654
368.7498,0.4141,-318.4314,0.101697
368.7964,0.4128,-318.5949,0.101738
368.8428,0.4110,-318.7606,0.101782
368.8881,0.4093,-318.9271,0.101823
368.9322,0.4076,-319.0942,0.101869
368.9746,0.4060,-319.2621,0.101914
369.0189,0.4043,-319.4447,0.101960
369.0583,0.4020,-319.6140,0.102004
369.0963,0.3997,-319.7841,0.102047
369.1325,0.3976,-319.9550,0.102092
369.1671,0.3956,-320.1266,0.102137
369.2001,0.3938,-320.2988,0.102182
369.2499,0.3820,-320.4676,0.102225
369.2833,0.3801,-320.6568,0.102274
369.3085,0.3788,-320.8153,0.102315
369.3361,0.3775,-321.0061,0.102364
369.3601,0.3763,-321.1814,0.102411
369.3826,0.3753,-321.3568,0.102454
369.4027,0.3742,-321.5328,0.102501
369.4203,0.3734,-321.7088,0.102546
369.4355,0.3727,-321.8847,0.102591
369.4489,0.3722,-322.0606,0.102635
369.4604,0.3719,-322.2365,0.102679
369.4700,0.3715,-322.4120,0.102724
369.4785,0.3713,-322.6036,0.102776
369.4843,0.3712,-322.7791,0.102819
369.4885,0.3712,-322.9546,0.102864
369.4910,0.3714,-323.1298,0.102909
369.4916,0.3715,-323.3040,0.102953
369.4906,0.3715,-323.4787,0.102998
369.4878,0.3717,-323.6533,0.103042
369.4655,0.3593,-323.8282,0.103088
369.4608,0.3584,-324.0035,0.103133
369.4546,0.3575,-324.1776,0.103177
369.4427,0.3562,-324.3694,0.103226
369.4311,0.3552,-324.5457,0.103271
369.4194,0.3543,-324.7225,0.103315
369.4066,0.3535,-324.8998,0.103362
369.3918,0.3532,-325.0775,0.103408
369.3749,0.3521,-325.2533,0.103450
369.3564,0.3512,-325.4311,0.103494
369.3361,0.3506,-325.6090,0.103544
369.3116,0.3505,-325.8033,0.103591
369.2873,0.3508,-325.9814,0.103636
369.2613,0.3508,-326.1579,0.103682
369.2336,0.3506,-326.3362,0.103730
369.2042,0.3507,-326.5145,0.103775
369.1728,0.3514,-326.6924,0.103821
369.1395,0.3524,-326.8698,0.103866
369.1049,0.3538,-327.0455,0.103911
369.0683,0.3544,-327.2230,0.103957
369.0550,0.3499,-327.4219,0.104007
369.0163,0.3505,-327.6001,0.104055
368.9766,0.3514,-327.7789,0.104099
368.9355,0.3525,-327.9576,0.104147
368.8945,0.3535,-328.1353,0.104193
368.8528,0.3546,-328.3136,0.104241
368.8103,0.3560,-328.4917,0.104285
368.7670,0.3576,-328.6695,0.104328
368.7214,0.3596,-328.8470,0.104377
368.6729,0.3614,-329.0385,0.104426
368.6275,0.3631,-329.2143,0.104472
368.5818,0.3650,-329.3895,0.104517
368.5360,0.3670,-329.5640,0.104561
368.4637,0.3747,-329.7281,0.104602
368.4165,0.3751,-329.9007,0.104651
368.3694,0.3755,-330.0725,0.104694
368.3223,0.3760,-330.2436,0.104739
368.2740,0.3768,-330.4132,0.104781
368.2204,0.3771,-330.5946,0.104828
368.1698,0.3770,-330.7607,0.104869
368.1182,0.3770,-330.9249,0.104916
368.0822,0.3716,-331.0938,0.104957
368.0290,0.3707,-331.2543,0.104998
367.9751,0.3698,-331.4120,0.105040
367.9199,0.3686,-331.5687,0.105082
367.8645,0.3674,-331.7240,0.105124
367.8089,0.3664,-331.8777,0.105163
367.7478,0.3653,-332.0439,0.105206
367.6918,0.3644,-332.1949,0.105251
367.6358,0.3633,-332.3445,0.105282
367.5792,0.3621,-332.4940,0.105325
367.5225,0.3609,-332.6434,0.105364
367.4656,0.3597,-332.7932,0.105404
367.4085,0.3585,-332.9437,0.105444
367.3514,0.3573,-333.0952,0.105484
367.2949,0.3559,-333.2480,0.105526
367.2341,0.3542,-333.4156,0.105567
367.1783,0.3525,-333.5705,0.105610
367.1229,0.3507,-333.7264,0.105648
367.0681,0.3489,-333.8833,0.105689
367.0134,0.3470,-334.0408,0.105729
366.9590,0.3451,-334.1991,0.105774
366.9045,0.3431,-334.3577,0.105811
366.8490,0.3412,-334.5167,0.105853
366.7940,0.3392,-334.6761,0.105894
366.7341,0.3371,-334.8504,0.105941
366.6786,0.3351,-335.0104,0.105984
366.6230,0.3331,-335.1709,0.106024
366.5670,0.3312,-335.3318,0.106066
366.5106,0.3293,-335.4931,0.106107
366.4540,0.3275,-335.6545,0.106150
366.3969,0.3257,-335.8161,0.106195
366.3393,0.3240,-335.9780,0.106237
366.2814,0.3223,-336.1400,0.106279
366.2177,0.3204,-336.3172,0.106328
366.1590,0.3187,-336.4799,0.106371
366.0999,0.3171,-336.6429,0.106412
366.0416,0.3144,-336.8049,0.106456
365.9835,0.3118,-336.9713,0.106499
365.9255,0.3100,-337.1372,0.106543
365.8651,0.3092,-337.3015,0.106590
365.8044,0.3083,-337.4662,0.106628
365.7437,0.3075,-337.6314,0.106678
365.6768,0.3066,-337.8117,0.106727
365.6150,0.3059,-337.9773,0.106768
365.5528,0.3052,-338.1431,0.106813
365.4902,0.3045,-338.3092,0.106858
365.4269,0.3038,-338.4753,0.106904
365.3629,0.3032,-338.6413,0.106948
365.3003,0.2860,-338.8071,0.106993
365.2353,0.2855,-338.9733,0.107043
365.1479,0.2902,-339.1287,0.107086
365.0710,0.2891,-339.3078,0.107137
365.0018,0.2879,-339.4728,0.107183
364.9326,0.2866,-339.6386,0.107229
364.8623,0.2856,-339.8044,0.107275
364.7911,0.2847,-339.9699,0.107325
364.7191,0.2838,-340.1357,0.107372
364.6905,0.3029,-340.3246,0.107417
364.6202,0.3034,-340.4933,0.107467
364.5495,0.3039,-340.6614,0.107510
364.4715,0.3044,-340.8446,0.107562
364.3985,0.3049,-341.0123,0.107611
364.3228,0.3052,-341.1796,0.107658
364.2472,0.3056,-341.3466,0.107705
364.1714,0.3060,-341.5141,0.107749
364.0950,0.3063,-341.6817,0.107803
364.0178,0.3066,-341.8495,0.107859
363.9398,0.3069,-342.0173,0.107898
363.8612,0.3072,-342.1855,0.107948
363.7749,0.3075,-342.3692,0.107998
363.6949,0.3078,-342.5379,0.108047
363.6144,0.3080,-342.7068,0.108099
363.5335,0.3082,-342.8759,0.108149
363.4521,0.3085,-343.0454,0.108196
363.3702,0.3087,-343.2150,0.108246
363.2883,0.3089,-343.3840,0.108297
363.2060,0.3090,-343.5529,0.108347
363.1228,0.3092,-343.7221,0.108397
363.0308,0.3093,-343.9068,0.108446
362.9456,0.3095,-344.0762,0.108502
362.8597,0.3095,-344.2455,0.108548
362.7732,0.3096,-344.4149,0.108600
362.6859,0.3096,-344.5843,0.108649
362.5980,0.3096,-344.7538,0.108706
362.5092,0.3096,-344.9233,0.108753
362.4198,0.3095,-345.0928,0.108803
362.3297,0.3095,-345.2624,0.108857
362.2305,0.3094,-345.4473,0.108910
362.1389,0.3093,-345.6168,0.108961
362.0467,0.3092,-345.7866,0.109013
361.9539,0.3090,-345.9565,0.109063
361.8607,0.3089,-346.1268,0.109114
361.7672,0.3087,-346.2975,0.109169
361.6735,0.3086,-346.4689,0.109221
361.5798,0.3084,-346.6409,0.109271
361.4861,0.3083,-346.8135,0.109327
361.3838,0.3082,-347.0024,0.109382
361.2898,0.3081,-347.1762,0.109435
361.1958,0.3080,-347.3504,0.109486
361.1015,0.3079,-347.5250,0.109539
361.0070,0.3078,-347.6999,0.109586
360.9123,0.3077,-347.8752,0.109645
360.8172,0.3076,-348.0506,0.109697
360.7218,0.3075,-348.2263,0.109747
360.6261,0.3074,-348.4023,0.109797
360.5214,0.3073,-348.5945,0.109861
360.4250,0.3071,-348.7709,0.109910
360.3282,0.3070,-348.9475,0.109963
360.2310,0.3069,-349.1242,0.110016
360.1332,0.3068,-349.3009,0.110068
360.0350,0.3067,-349.4778,0.110116
359.9364,0.3065,-349.6547,0.110169
359.8374,0.3063,-349.8316,0.110225
359.7385,0.3062,-350.0079,0.110276
359.6307,0.3061,-350.1992,0.110333
359.5323,0.3059,-350.3733,0.110388
359.4342,0.3058,-350.5462,0.110438
359.3366,0.3056,-350.7177,0.110490
359.2394,0.3055,-350.8878,0.110539
359.1428,0.3053,-351.0566,0.110592
359.0468,0.3052,-351.2241,0.110639
358.9512,0.3051,-351.3904,0.110690
358.8559,0.3050,-351.5561,0.110746
358.7518,0.3049,-351.7364,0.110795
358.6561,0.3048,-351.9019,0.110847
358.5599,0.3047,-352.0678,0.110899
358.4636,0.3047,-352.2338,0.110943
358.3669,0.3046,-352.4002,0.110997
358.2697,0.3046,-352.5667,0.111042
358.1724,0.3045,-352.7336,0.111097
358.0746,0.3045,-352.9007,0.111147
357.9764,0.3045,-353.0679,0.111200
357.8690,0.3046,-353.2505,0.111254
357.7699,0.3045,-353.4179,0.111304
357.6703,0.3045,-353.5855,0.111349
357.5701,0.3046,-353.7527,0.111401
357.4693,0.3046,-353.9199,0.111452
357.3677,0.3046,-354.0870,0.111499
357.2654,0.3046,-354.2539,0.111550
357.1624,0.3046,-354.4207,0.111601
357.0589,0.3046,-354.5875,0.111651
356.9452,0.3046,-354.7694,0.111704
356.8401,0.3046,-354.9362,0.111750
356.7335,0.3046,-355.1035,0.111804
356.6268,0.3046,-355.2711,0.111853
356.5202,0.3046,-355.4388,0.111903
356.4130,0.3046,-355.6065,0.111953
356.3052,0.3046,-355.7741,0.112002
356.1968,0.3046,-355.9416,0.112052
356.0779,0.3045,-356.1245,0.112108
355.9684,0.3045,-356.2924,0.112157
355.8586,0.3045,-356.4605,0.112209
355.7483,0.3044,-356.6288,0.112257
355.6377,0.3043,-356.7973,0.112310
355.5267,0.3042,-356.9660,0.112354
355.4153,0.3041,-357.1348,0.112407
355.3033,0.3039,-357.3037,0.112457
355.1907,0.3038,-357.4724,0.112510
355.0773,0.3035,-357.6409,0.112562
354.9525,0.3032,-357.8243,0.112617
354.8372,0.3029,-357.9919,0.112668
354.7208,0.3025,-358.1589,0.112718
354.6033,0.3021,-358.3255,0.112771
354.4848,0.3017,-358.4915,0.112823
354.3651,0.3012,-358.6571,0.112874
354.2443,0.3008,-358.8221,0.112925
354.1225,0.3003,-358.9868,0.112981
353.9997,0.2998,-359.1508,0.113029
353.8644,0.2993,-359.3289,0.113087
353.7392,0.2989,-359.4909,0.113139
353.6130,0.2985,-359.6527,0.113193
353.4860,0.2980,-359.8144,0.113247
353.3576,0.2977,-359.9757,0.113298
353.2282,0.2975,-360.1362,0.113350
353.0978,0.2971,-360.2963,0.113400
352.9663,0.2968,-360.4560,0.113451
352.8336,0.2967,-360.6157,0.113510
352.6878,0.2966,-360.7890,0.113563
352.5532,0.2965,-360.9473,0.113617
352.4173,0.2964,-361.1056,0.113670
352.2807,0.2964,-361.2632,0.113721
352.1431,0.2965,-361.4205,0.113776
352.0048,0.2965,-361.5777,0.113829
351.8654,0.2965,-361.7350,0.113880
351.7255,0.2967,-361.8920,0.113938
351.5721,0.2969,-362.0631,0.113999
351.4307,0.2970,-362.2196,0.114047
351.2879,0.2974,-362.3765,0.114104
351.1447,0.2979,-362.5324,0.114154
351.0006,0.2983,-362.6879,0.114211
350.8550,0.2989,-362.8434,0.114262
350.7092,0.2997,-362.9980,0.114318
350.5624,0.3006,-363.1522,0.114368
350.4150,0.3013,-363.3056,0.114425
350.2521,0.3028,-363.4739,0.114483
350.1028,0.3042,-363.6270,0.114540
349.9527,0.3056,-363.7798,0.114590
349.8010,0.3071,-363.9326,0.114645
349.6491,0.3091,-364.0844,0.114696
349.4963,0.3111,-364.2352,0.114749
349.3416,0.3128,-364.3856,0.114800
349.1866,0.3153,-364.5347,0.114857
349.0305,0.3178,-364.6828,0.114911
348.8590,0.3204,-364.8432,0.114967
348.7003,0.3227,-364.9897,0.115023
348.5410,0.3254,-365.1353,0.115072
348.3808,0.3281,-365.2800,0.115128
348.2195,0.3307,-365.4239,0.115181
348.0568,0.3331,-365.5674,0.115236
347.8937,0.3362,-365.7099,0.115288
347.7296,0.3392,-365.8516,0.115343
347.5647,0.3421,-365.9925,0.115398
347.3841,0.3453,-366.1447,0.115454
347.2162,0.3483,-366.2852,0.115509
347.0484,0.3517,-366.4239,0.115563
346.8799,0.3550,-366.5619,0.115616
346.7105,0.3583,-366.6994,0.115674
346.5398,0.3614,-366.8368,0.115730
346.3690,0.3651,-366.9737,0.115783
346.1976,0.3687,-367.1102,0.115837
346.0256,0.3723,-367.2465,0.115895
345.8378,0.3762,-367.3940,0.115954
345.6634,0.3800,-367.5307,0.116008
345.4896,0.3839,-367.6660,0.116065
345.3151,0.3878,-367.8008,0.116117
345.1399,0.3917,-367.9351,0.116178
344.9635,0.3955,-368.0688,0.116230
344.7870,0.3997,-368.2019,0.116285
344.6098,0.4039,-368.3342,0.116339
344.4320,0.4081,-368.4660,0.116393
344.2372,0.4126,-368.6090,0.116456
344.0575,0.4167,-368.7395,0.116512
343.8778,0.4211,-368.8694,0.116566
343.6980,0.4255,-368.9981,0.116622
343.4880,0.4322,-369.0843,0.116677
343.3086,0.4395,-369.2084,0.116735
343.1276,0.4464,-369.3304,0.116788
342.9482,0.4529,-369.4524,0.116843
342.7697,0.4591,-369.5741,0.116899
342.5754,0.4657,-369.7055,0.116957
342.3973,0.4716,-369.8248,0.117009
342.2185,0.4772,-369.9437,0.117063
342.0392,0.4825,-370.0620,0.117117
341.8593,0.4876,-370.1800,0.117176
341.6789,0.4925,-370.2974,0.117228
341.4980,0.4971,-370.4145,0.117280
341.3171,0.5012,-370.5309,0.117335
341.1354,0.5051,-370.6472,0.117387
340.9364,0.5092,-370.7733,0.117446
340.7534,0.5128,-370.8883,0.117502
340.5700,0.5162,-371.0031,0.117560
340.3867,0.5191,-371.1172,0.117611
340.2235,0.5150,-371.2645,0.117666
340.0389,0.5171,-371.3792,0.117721
339.8539,0.5193,-371.4937,0.117774
339.6686,0.5215,-371.6074,0.117828
339.4828,0.5237,-371.7204,0.117880
339.2798,0.5264,-371.8433,0.117939
339.0932,0.5290,-371.9555,0.117994
338.9060,0.5318,-372.0672,0.118049
338.7183,0.5349,-372.1786,0.118101
338.5304,0.5383,-372.2898,0.118158
338.3419,0.5419,-372.4008,0.118213
338.1531,0.5458,-372.5114,0.118264
337.9638,0.5501,-372.6216,0.118318
337.7742,0.5547,-372.7316,0.118371
337.5670,0.5600,-372.8512,0.118432
337.3602,0.5706,-372.9291,0.118484
337.1687,0.5754,-373.0356,0.118533
336.9771,0.5804,-373.1415,0.118592
336.7849,0.5859,-373.2467,0.118647
336.5933,0.5912,-373.3497,0.118695
336.3998,0.5961,-373.4524,0.118752
336.2058,0.6013,-373.5543,0.118807
336.0112,0.6066,-373.6552,0.118860
335.7981,0.6127,-373.7639,0.118919
335.6023,0.6184,-373.8629,0.118973
335.4067,0.6239,-373.9608,0.119026
335.2099,0.6289,-374.0584,0.119081
335.0125,0.6340,-374.1551,0.119137
334.8145,0.6390,-374.2508,0.119188
334.6161,0.6440,-374.3456,0.119245
334.4172,0.6488,-374.4397,0.119297
334.2184,0.6533,-374.5329,0.119350
334.0002,0.6575,-374.6343,0.119409
333.7997,0.6611,-374.7269,0.119466
333.5987,0.6645,-374.8192,0.119521
333.3973,0.6677,-374.9113,0.119574
333.1955,0.6706,-375.0032,0.119631
332.9942,0.6733,-375.0945,0.119685
332.7914,0.6752,-375.1853,0.119740
332.5883,0.6771,-375.2754,0.119792
332.3847,0.6790,-375.3645,0.119846
332.1620,0.6811,-375.4605,0.119906
331.9573,0.6831,-375.5479,0.119961
331.7520,0.6853,-375.6347,0.120015
331.5468,0.6869,-375.7204,0.120067
331.3404,0.6884,-375.8064,0.120124
331.1333,0.6904,-375.8913,0.120180
330.9261,0.6926,-375.9753,0.120237
330.7185,0.6953,-376.0580,0.120288
330.5102,0.6985,-376.1398,0.120344
330.2833,0.7015,-376.2289,0.120404
330.0741,0.7044,-376.3103,0.120457
329.8642,0.7079,-376.3902,0.120515
329.6538,0.7119,-376.4693,0.120567
329.4435,0.7164,-376.5477,0.120620
329.2323,0.7217,-376.6243,0.120679
329.0217,0.7268,-376.7006,0.120736
328.8098,0.7317,-376.7770,0.120786
328.6091,0.7768,-376.8906,0.120846
328.3776,0.7820,-376.9757,0.120904
328.1661,0.7868,-377.0525,0.120959
327.9540,0.7916,-377.1301,0.121016
327.7416,0.7960,-377.2072,0.121069
327.5278,0.8003,-377.2852,0.121125
327.3129,0.8045,-377.3597,0.121182
327.0984,0.8087,-377.4310,0.121238
326.8842,0.8129,-377.5029,0.121292
326.6694,0.8172,-377.5753,0.121349
326.4347,0.8216,-377.6540,0.121406
326.2176,0.8262,-377.7255,0.121464
326.0015,0.8307,-377.7956,0.121517
325.7852,0.8353,-377.8653,0.121575
325.5683,0.8399,-377.9347,0.121629
325.3511,0.8445,-378.0034,0.121685
325.1329,0.8488,-378.0705,0.121741
324.9156,0.8538,-378.1359,0.121796
324.6989,0.8587,-378.1993,0.121855
324.4619,0.8640,-378.2668,0.121913
324.2436,0.8688,-378.3259,0.121967
324.0244,0.8733,-378.3820,0.122020
323.8050,0.8783,-378.4366,0.122076
323.5851,0.8832,-378.4889,0.122131
323.3649,0.8881,-378.5392,0.122185
323.1442,0.8930,-378.5878,0.122243
322.9241,0.8977,-378.6339,0.122300
322.7016,0.9022,-378.6792,0.122354
322.4593,0.9072,-378.7262,0.122416
322.2368,0.9119,-378.7675,0.122477
322.0139,0.9165,-378.8071,0.122528
321.7907,0.9211,-378.8452,0.122584
321.5670,0.9257,-378.8818,0.122636
321.3431,0.9299,-378.9163,0.122697
321.1185,0.9342,-378.9497,0.122750
320.8936,0.9384,-378.9817,0.122810
320.6684,0.9427,-379.0123,0.122861
320.4222,0.9474,-379.0440,0.122927
320.1961,0.9517,-379.0717,0.122979
319.9696,0.9560,-379.0981,0.123037
319.7434,0.9601,-379.1226,0.123094
319.5159,0.9641,-379.1467,0.123150
319.2882,0.9681,-379.1699,0.123208
319.0601,0.9722,-379.1927,0.123264
318.8315,0.9762,-379.2151,0.123318
318.6024,0.9803,-379.2373,0.123376
318.3519,0.9847,-379.2612,0.123435
318.1219,0.9888,-379.2831,0.123493
317.8914,0.9928,-379.3048,0.123549
317.6605,0.9969,-379.3266,0.123605
317.4292,1.0009,-379.3480,0.123664
317.1975,1.0050,-379.3696,0.123723
316.9655,1.0091,-379.3911,0.123777
316.7332,1.0133,-379.4124,0.123835
316.5006,1.0174,-379.4336,0.123893
316.2466,1.0219,-379.4563,0.123956
316.0136,1.0261,-379.4767,0.124012
315.7803,1.0302,-379.4966,0.124068
315.5469,1.0343,-379.5159,0.124130
315.3134,1.0385,-379.5345,0.124186
315.0787,1.0426,-379.5520,0.124244
314.8441,1.0466,-379.5689,0.124302
314.6090,1.0506,-379.5868,0.124362
314.3739,1.0545,-379.6042,0.124422
314.1172,1.0588,-379.6229,0.124481
313.8816,1.0627,-379.6400,0.124539
313.6458,1.0667,-379.6569,0.124599
313.4097,1.0706,-379.6737,0.124660
313.1734,1.0746,-379.6905,0.124716
312.9369,1.0785,-379.7069,0.124775
312.7003,1.0825,-379.7231,0.124834
312.4634,1.0865,-379.7391,0.124895
312.2264,1.0904,-379.7548,0.124953
311.9676,1.0947,-379.7715,0.125015
311.7304,1.0986,-379.7860,0.125072
311.4928,1.1024,-379.8002,0.125129
311.2561,1.1062,-379.8138,0.125189
311.0194,1.1100,-379.8267,0.125246
310.7824,1.1138,-379.8387,0.125308
310.5452,1.1176,-379.8496,0.125367
310.3076,1.1215,-379.8599,0.125424
310.0699,1.1253,-379.8696,0.125482
309.8103,1.1295,-379.8795,0.125547
309.5721,1.1333,-379.8881,0.125605
309.3337,1.1371,-379.8964,0.125668
309.0951,1.1410,-379.9042,0.125722
308.8561,1.1448,-379.9118,0.125783
308.6169,1.1486,-379.9192,0.125844
308.3774,1.1525,-379.9262,0.125897
308.1376,1.1562,-379.9333,0.125957
307.8975,1.1600,-379.9403,0.126016
307.6353,1.1641,-379.9480,0.126079
307.3945,1.1678,-379.9550,0.126138
307.1535,1.1716,-379.9621,0.126196
306.9123,1.1754,-379.9693,0.126258
306.6708,1.1792,-379.9764,0.126319
306.4291,1.1830,-379.9836,0.126378
306.1872,1.1868,-379.9907,0.126431
305.9449,1.1906,-379.9977,0.126495
305.7026,1.1944,-380.0047,0.126556
305.4380,1.1985,-380.0122,0.126620
305.1952,1.2023,-380.0190,0.126678
304.9523,1.2061,-380.0258,0.126739
304.7092,1.2100,-380.0323,0.126799
304.4660,1.2137,-380.0386,0.126858
304.2225,1.2174,-380.0449,0.126913
303.9789,1.2212,-380.0511,0.126980
303.7350,1.2249,-380.0574,0.127039
303.4910,1.2287,-380.0635,0.127097
303.2245,1.2328,-380.0702,0.127160
302.9801,1.2365,-380.0763,0.127221
302.7355,1.2403,-380.0823,0.127281
302.4908,1.2440,-380.0881,0.127343
302.2459,1.2478,-380.0938,0.127402
302.0008,1.2516,-380.0995,0.127461
301.7561,1.2553,-380.1049,0.127521
301.5082,1.2591,-380.1105,0.127583
301.2603,1.2629,-380.1160,0.127640
300.9896,1.2671,-380.1219,0.127713
300.7416,1.2709,-380.1271,0.127775
300.4934,1.2747,-380.1323,0.127836
300.2451,1.2784,-380.1376,0.127896
299.9965,1.2822,-380.1432,0.127953
299.7478,1.2859,-380.1489,0.128014
299.4991,1.2897,-380.1547,0.128078
299.2503,1.2934,-380.1604,0.128141
298.9788,1.2975,-380.1666,0.128202
298.7297,1.3013,-380.1722,0.128266
298.4807,1.3050,-380.1776,0.128324
298.2318,1.3088,-380.1830,0.128385
297.9827,1.3125,-380.1881,0.128445
297.7333,1.3163,-380.1934,0.128504
297.4839,1.3201,-380.1988,0.128565
297.2345,1.3238,-380.2045,0.128624
296.9849,1.3276,-380.2103,0.128689
296.7123,1.3317,-380.2166,0.128749
296.4620,1.3354,-380.2226,0.128810
296.2107,1.3391,-380.2286,0.128873
295.9583,1.3429,-380.2346,0.128931
295.7047,1.3466,-380.2408,0.128992
295.4499,1.3504,-380.2470,0.129055
295.1936,1.3542,-380.2533,0.129117
294.9361,1.3580,-380.2596,0.129176
294.6772,1.3618,-380.2661,0.129239
294.4171,1.3656,-380.2726,0.129297
294.1316,1.3699,-380.2798,0.129366
293.8686,1.3737,-380.2865,0.129435
293.6044,1.3777,-380.2932,0.129498
293.3407,1.3816,-380.3001,0.129557
293.0774,1.3854,-380.3070,0.129619
292.8135,1.3894,-380.3141,0.129684
292.5432,1.3934,-380.3213,0.129748
292.2731,1.3974,-380.3286,0.129814
292.0028,1.4014,-380.3361,0.129875
291.7078,1.4058,-380.3441,0.129946
291.4379,1.4099,-380.3517,0.130010
291.1684,1.4139,-380.3594,0.130075
290.8976,1.4179,-380.3671,0.130141
290.6255,1.4220,-380.3748,0.130207
290.3548,1.4260,-380.3826,0.130272
290.0843,1.4301,-380.3903,0.130337
289.8145,1.4341,-380.3978,0.130404
289.5454,1.4381,-380.4052,0.130471
289.2523,1.4425,-380.4132,0.130544
288.9843,1.4465,-380.4206,0.130608
288.7167,1.4504,-380.4280,0.130674
288.4496,1.4544,-380.4354,0.130741
288.1831,1.4584,-380.4428,0.130805
287.9171,1.4623,-380.4502,0.130876
287.6516,1.4663,-380.4576,0.130941
287.3866,1.4702,-380.4649,0.131011
287.1221,1.4742,-380.4724,0.131074
286.8340,1.4785,-380.4808,0.131147
286.5705,1.4824,-380.4888,0.131215
286.3074,1.4863,-380.4968,0.131280
286.0448,1.4902,-380.5047,0.131352
285.7827,1.4941,-380.5125,0.131418
285.5209,1.4980,-380.5203,0.131483
285.2579,1.5019,-380.5282,0.131552
284.9927,1.5059,-380.5362,0.131622
284.7248,1.5098,-380.5444,0.131693
284.4290,1.5142,-380.5533,0.131759
284.1547,1.5183,-380.5614,0.131836
283.8772,1.5224,-380.5695,0.131908
283.5965,1.5266,-380.5775,0.131977
283.3126,1.5308,-380.5857,0.132051
283.0255,1.5351,-380.5938,0.132118
282.7354,1.5394,-380.6018,0.132193
282.4420,1.5437,-380.6099,0.132268
282.1454,1.5481,-380.6180,0.132339
281.8186,1.5530,-380.6269,0.132421
281.5162,1.5575,-380.6349,0.132502
281.2115,1.5620,-380.6430,0.132574
280.9045,1.5666,-380.6510,0.132654
280.5953,1.5712,-380.6589,0.132734
280.2840,1.5758,-380.6667,0.132807
279.9707,1.5804,-380.6745,0.132883
279.6555,1.5851,-380.6822,0.132968
279.3383,1.5898,-380.6899,0.133046
278.9901,1.5950,-380.6982,0.133133
278.6687,1.5997,-380.7056,0.133213
278.3454,1.6045,-380.7130,0.133297
278.0201,1.6093,-380.7201,0.133380
277.6926,1.6142,-380.7271,0.133464
277.3632,1.6191,-380.7341,0.133543
277.0315,1.6240,-380.7408,0.133632
276.6978,1.6289,-380.7475,0.133716
276.3313,1.6344,-380.7548,0.133805
275.9931,1.6394,-380.7614,0.133886
275.6526,1.6444,-380.7681,0.133972
275.3098,1.6495,-380.7751,0.134059
274.9648,1.6546,-380.7824,0.134145
274.6175,1.6598,-380.7899,0.134233
274.2679,1.6649,-380.7973,0.134314
273.9162,1.6702,-380.8047,0.134403
273.5622,1.6754,-380.8122,0.134489
273.1736,1.6812,-380.8203,0.134579
272.8152,1.6865,-380.8276,0.134666
272.4546,1.6918,-380.8348,0.134752
272.0922,1.6972,-380.8419,0.134834
271.7278,1.7026,-380.8489,0.134924
271.3616,1.7080,-380.8560,0.135007
270.9936,1.7134,-380.8631,0.135094
270.6238,1.7189,-380.8704,0.135183
270.2525,1.7244,-380.8779,0.135261
269.8462,1.7304,-380.8865,0.135359
269.4728,1.7360,-380.8946,0.135447
269.0989,1.7415,-380.9029,0.135536
268.7248,1.7470,-380.9113,0.135623
268.3503,1.7526,-380.9199,0.135714
267.9756,1.7581,-380.9285,0.135800
267.6006,1.7637,-380.9374,0.135886
267.2254,1.7692,-380.9464,0.135973
266.8500,1.7748,-380.9554,0.136062
266.4401,1.7809,-380.9655,0.136158
266.0641,1.7864,-380.9748,0.136243
265.6879,1.7920,-380.9843,0.136336
265.3114,1.7976,-380.9939,0.136417
264.9347,1.8032,-381.0037,0.136505
264.5577,1.8088,-381.0136,0.136596
264.1805,1.8144,-381.0235,0.136680
263.8030,1.8200,-381.0336,0.136768
263.3911,1.8261,-381.0446,0.136866
263.0133,1.8318,-381.0546,0.136953
262.6353,1.8374,-381.0644,0.137042
262.2572,1.8430,-381.0740,0.137126
261.8788,1.8486,-381.0835,0.137213
261.5002,1.8542,-381.0929,0.137301
261.1214,1.8599,-381.1021,0.137386
260.7424,1.8655,-381.1113,0.137476
260.3632,1.8712,-381.1204,0.137557
259.9837,1.8768,-381.1294,0.137646
259.5695,1.8830,-381.1391,0.137741
259.1896,1.8886,-381.1478,0.137827
258.8094,1.8943,-381.1565,0.137920
258.4289,1.8999,-381.1652,0.138004
258.0482,1.9056,-381.1738,0.138095
257.6673,1.9113,-381.1823,0.138179
257.2861,1.9169,-381.1909,0.138273
256.9047,1.9226,-381.1994,0.138357
256.5231,1.9283,-381.2078,0.138447
256.1065,1.9345,-381.2170,0.138543
255.7245,1.9402,-381.2253,0.138634
255.3421,1.9459,-381.2336,0.138718
254.9595,1.9516,-381.2418,0.138810
254.5768,1.9573,-381.2499,0.138901
254.1938,1.9630,-381.2581,0.138986
253.8106,1.9687,-381.2663,0.139078
253.4270,1.9744,-381.2747,0.139165
253.0432,1.9801,-381.2833,0.139253
252.6242,1.9864,-381.2929,0.139361
252.2398,1.9921,-381.3020,0.139439
251.8552,1.9978,-381.3111,0.139535
251.4704,2.0036,-381.3203,0.139623
251.0854,2.0093,-381.3297,0.139709
250.7001,2.0150,-381.3391,0.139801
250.3147,2.0208,-381.3486,0.139892
249.9291,2.0265,-381.3583,0.139977
249.5081,2.0328,-381.3691,0.140078
249.1220,2.0385,-381.3791,0.140170
248.7356,2.0443,-381.3895,0.140254
248.3490,2.0500,-381.4001,0.140351
247.9622,2.0558,-381.4109,0.140434
247.5751,2.0615,-381.4220,0.140525
247.1879,2.0673,-381.4333,0.140616
246.8005,2.0731,-381.4448,0.140705
246.4129,2.0788,-381.4565,0.140799
246.0251,2.0846,-381.4684,0.140889
245.6018,2.0909,-381.4817,0.140988
245.2137,2.0967,-381.4939,0.141074
244.8254,2.1024,-381.5062,0.141167
244.4370,2.1082,-381.5184,0.141263
244.0484,2.1140,-381.5305,0.141352
243.6597,2.1198,-381.5424,0.141443
243.2709,2.1256,-381.5541,0.141533
242.8820,2.1313,-381.5658,0.141618
242.4928,2.1371,-381.5775,0.141713
242.0681,2.1434,-381.5901,0.141811
241.6786,2.1492,-381.6016,0.141901
241.2890,2.1550,-381.6129,0.141990
240.8992,2.1608,-381.6241,0.142082
240.5092,2.1666,-381.6352,0.142173
240.1191,2.1724,-381.6463,0.142261
239.7287,2.1782,-381.6573,0.142349
239.3382,2.1840,-381.6683,0.142440
238.9119,2.1903,-381.6801,0.142539
238.5207,2.1962,-381.6909,0.142630
238.1296,2.2024,-381.7014,0.142723
237.7384,2.2087,-381.7115,0.142810
237.3472,2.2149,-381.7216,0.142897
236.9557,2.2212,-381.7313,0.142987
236.5640,2.2274,-381.7412,0.143081
236.1720,2.2337,-381.7509,0.143174
235.7799,2.2399,-381.7607,0.143257
235.3518,2.2468,-381.7716,0.143360
234.9592,2.2530,-381.7815,0.143457
234.5664,2.2593,-381.7915,0.143547
234.1734,2.2656,-381.8015,0.143638
233.7805,2.2719,-381.8116,0.143725
233.3875,2.2781,-381.8216,0.143822
232.9944,2.2844,-381.8317,0.143911
232.6013,2.2907,-381.8418,0.144005
232.2077,2.2970,-381.8518,0.144093
231.7787,2.3043,-381.8628,0.144195
231.3854,2.3111,-381.8729,0.144286
230.9921,2.3178,-381.8831,0.144382
230.5987,2.3245,-381.8932,0.144471
230.2053,2.3313,-381.9034,0.144560
229.8118,2.3380,-381.9137,0.144651
229.4182,2.3447,-381.9240,0.144740
229.0246,2.3515,-381.9344,0.144835
228.6309,2.3582,-381.9449,0.144926
228.2372,2.3650,-381.9553,0.145025
227.8078,2.3723,-381.9666,0.145118
227.4141,2.3791,-381.9770,0.145210
227.0203,2.3858,-381.9874,0.145301
226.6266,2.3926,-381.9978,0.145389
226.2328,2.3993,-382.0082,0.145482
225.8389,2.4060,-382.0187,0.145576
225.4450,2.4128,-382.0291,0.145667
225.0511,2.4195,-382.0395,0.145761
224.6213,2.4269,-382.0509,0.145863
224.2273,2.4337,-382.0613,0.145954
223.8333,2.4405,-382.0717,0.146041
223.4392,2.4473,-382.0820,0.146136
223.0452,2.4541,-382.0922,0.146231
222.6512,2.4609,-382.1021,0.146323
222.2572,2.4677,-382.1118,0.146413
221.8631,2.4745,-382.1216,0.146505
221.4690,2.4813,-382.1313,0.146600
221.0748,2.4881,-382.1410,0.146690
220.6448,2.4955,-382.1515,0.146790
220.2505,2.5023,-382.1611,0.146880
219.8561,2.5091,-382.1706,0.146974
219.4618,2.5159,-382.1801,0.147069
219.0674,2.5227,-382.1897,0.147157
218.6730,2.5295,-382.1992,0.147253
218.2784,2.5363,-382.2088,0.147338
217.8838,2.5431,-382.2186,0.147437
217.4891,2.5499,-382.2285,0.147528
217.0587,2.5572,-382.2393,0.147630
216.6639,2.5637,-382.2493,0.147723
216.2690,2.5703,-382.2594,0.147816
215.8741,2.5768,-382.2695,0.147910
215.4793,2.5833,-382.2796,0.148001
215.0844,2.5899,-382.2898,0.148089
214.6894,2.5964,-382.3000,0.148187
214.2945,2.6029,-382.3101,0.148279
213.8995,2.6095,-382.3202,0.148371
213.4687,2.6166,-382.3311,0.148472
213.0737,2.6231,-382.3412,0.148564
212.6786,2.6297,-382.3512,0.148659
212.2835,2.6362,-382.3613,0.148748
211.8884,2.6428,-382.3714,0.148842
211.4932,2.6493,-382.3814,0.148938
211.0980,2.6558,-382.3914,0.149026
210.7027,2.6624,-382.4015,0.149123
210.2715,2.6695,-382.4125,0.149219
209.8762,2.6761,-382.4226,0.149314
209.4809,2.6826,-382.4326,0.149407
209.0855,2.6892,-382.4427,0.149498
208.6904,2.6953,-382.4528,0.149596
208.2949,2.7012,-382.4628,0.149685
207.8993,2.7072,-382.4729,0.149780
207.5037,2.7132,-382.4830,0.149871
207.1081,2.7192,-382.4930,0.149965
206.6765,2.7257,-382.5040,0.150063
206.2808,2.7317,-382.5141,0.150155
205.8850,2.7377,-382.5242,0.150245
205.4892,2.7436,-382.5342,0.150343
205.0934,2.7496,-382.5443,0.150435
204.6975,2.7556,-382.5544,0.150524
204.3015,2.7616,-382.5646,0.150625
203.9054,2.7676,-382.5750,0.150711
203.5093,2.7736,-382.5854,0.150809
203.0765,2.7801,-382.5967,0.150912
202.6793,2.7861,-382.6071,0.151003
202.2817,2.7921,-382.6176,0.151095
201.8836,2.7981,-382.6279,0.151187
201.4851,2.8042,-382.6382,0.151281
201.0861,2.8102,-382.6486,0.151378
200.6866,2.8162,-382.6589,0.151469
200.2872,2.8215,-382.6693,0.151565
199.8868,2.8267,-382.6796,0.151657
199.4493,2.8323,-382.6907,0.151760
199.0479,2.8374,-382.7007,0.151854
198.6460,2.8426,-382.7108,0.151950
198.2437,2.8478,-382.7207,0.152044
197.8408,2.8530,-382.7307,0.152133
197.4374,2.8582,-382.7407,0.152229
197.0335,2.8634,-382.7508,0.152329
196.6291,2.8686,-382.7612,0.152420
196.2241,2.8738,-382.7717,0.152512
195.7817,2.8795,-382.7834,0.152620
195.3757,2.8847,-382.7942,0.152714
194.9691,2.8899,-382.8052,0.152809
194.5622,2.8951,-382.8163,0.152907
194.1548,2.9004,-382.8274,0.152998
193.7469,2.9056,-382.8386,0.153095
193.3385,2.9109,-382.8500,0.153195
192.9298,2.9161,-382.8614,0.153289
192.5206,2.9214,-382.8728,0.153386
192.0747,2.9263,-382.8851,0.153491
191.6646,2.9302,-382.8963,0.153583
191.2540,2.9341,-382.9075,0.153683
190.8429,2.9380,-382.9188,0.153780
190.4314,2.9420,-382.9301,0.153875
190.0195,2.9459,-382.9416,0.153974
189.6071,2.9498,-382.9530,0.154071
189.1943,2.9538,-382.9643,0.154165
188.7810,2.9577,-382.9755,0.154263
188.3297,2.9620,-382.9875,0.154369
187.9156,2.9660,-382.9984,0.154468
187.5010,2.9699,-383.0091,0.154565
187.0860,2.9739,-383.0199,0.154662
186.6705,2.9779,-383.0306,0.154758
186.2545,2.9818,-383.0411,0.154855
185.8381,2.9858,-383.0515,0.154955
185.4212,2.9898,-383.0619,0.155051
185.0038,2.9938,-383.0722,0.155148
184.5480,2.9981,-383.0833,0.155258
184.1310,3.0012,-383.0933,0.155356
183.7122,3.0035,-383.1032,0.155455
183.2929,3.0058,-383.1130,0.155553
182.8732,3.0081,-383.1226,0.155649
182.4531,3.0104,-383.1321,0.155748
182.0324,3.0126,-383.1416,0.155850
181.6112,3.0149,-383.1512,0.155945
181.1894,3.0172,-383.1613,0.156049
180.7287,3.0198,-383.1725,0.156152
180.3058,3.0221,-383.1829,0.156253
179.8823,3.0244,-383.1934,0.156355
179.4584,3.0267,-383.2042,0.156452
179.0340,3.0290,-383.2150,0.156548
178.6092,3.0313,-383.2259,0.156647
178.1839,3.0336,-383.2369,0.156750
177.7582,3.0360,-383.2479,0.156850
177.3322,3.0383,-383.2587,0.156948
176.8669,3.0408,-383.2705,0.157054
176.4409,3.0431,-383.2811,0.157157
176.0135,3.0441,-383.2917,0.157256
175.5856,3.0450,-383.3023,0.157359
175.1572,3.0460,-383.3128,0.157463
174.7284,3.0470,-383.3232,0.157561
174.2992,3.0480,-383.3335,0.157662
173.8695,3.0490,-383.3438,0.157763
173.4393,3.0499,-383.3540,0.157861
172.9695,3.0510,-383.3651,0.157971
172.5383,3.0520,-383.3755,0.158072
172.1065,3.0530,-383.3859,0.158177
171.6743,3.0540,-383.3963,0.158278
171.2416,3.0550,-383.4068,0.158377
170.8084,3.0559,-383.4174,0.158476
170.3747,3.0569,-383.4280,0.158582
169.9406,3.0579,-383.4388,0.158683
169.5059,3.0589,-383.4495,0.158785
169.0314,3.0600,-383.4612,0.158897
168.5958,3.0610,-383.4720,0.158998
168.1606,3.0616,-383.4827,0.159101
167.7241,3.0616,-383.4934,0.159207
167.2872,3.0616,-383.5042,0.159309
166.8502,3.0616,-383.5150,0.159405
166.4134,3.0616,-383.5260,0.159509
165.9770,3.0616,-383.5374,0.159608
165.5408,3.0616,-383.5488,0.159708
165.0654,3.0616,-383.5614,0.159827
164.6300,3.0616,-383.5728,0.159932
164.1950,3.0616,-383.5845,0.160032
163.7603,3.0616,-383.5962,0.160127
163.3260,3.0616,-383.6078,0.160233
162.8921,3.0616,-383.6193,0.160334
162.4586,3.0616,-383.6307,0.160434
162.0255,3.0616,-383.6421,0.160540
161.5926,3.0616,-383.6535,0.160640
161.1208,3.0616,-383.6660,0.160754
160.6887,3.0616,-383.6774,0.160853
160.2569,3.0616,-383.6888,0.160952
159.8259,3.0610,-383.7002,0.161051
159.3947,3.0604,-383.7116,0.161155
158.9639,3.0597,-383.7228,0.161258
158.5334,3.0591,-383.7339,0.161359
158.1033,3.0584,-383.7448,0.161464
157.6736,3.0578,-383.7555,0.161562
157.2052,3.0570,-383.7669,0.161670
156.7762,3.0564,-383.7772,0.161772
156.3474,3.0557,-383.7875,0.161871
155.9191,3.0551,-383.7976,0.161973
155.4909,3.0544,-383.8075,0.162075
155.0631,3.0538,-383.8173,0.162167
154.6356,3.0531,-383.8270,0.162273
154.2083,3.0525,-383.8367,0.162372
153.7813,3.0518,-383.8464,0.162475
153.3158,3.0511,-383.8567,0.162583
152.8894,3.0505,-383.8661,0.162686
152.4633,3.0498,-383.8755,0.162781
152.0377,3.0491,-383.8846,0.162881
151.6122,3.0481,-383.8936,0.162983
151.1869,3.0471,-383.9027,0.163080
150.7620,3.0461,-383.9116,0.163177
150.3373,3.0451,-383.9203,0.163282
149.9129,3.0441,-383.9290,0.163380
149.4502,3.0430,-383.9385,0.163491
149.0264,3.0420,-383.9469,0.163589
148.6028,3.0410,-383.9553,0.163691
148.1796,3.0399,-383.9635,0.163790
147.7566,3.0389,-383.9716,0.163887
147.3339,3.0379,-383.9796,0.163987
146.9114,3.0369,-383.9877,0.164086
146.4891,3.0359,-383.9958,0.164185
146.0671,3.0349,-384.0038,0.164282
145.6070,3.0339,-384.0127,0.164394
145.1855,3.0329,-384.0208,0.164484
144.7642,3.0319,-384.0289,0.164586
144.3432,3.0309,-384.0370,0.164687
143.9224,3.0298,-384.0451,0.164785
143.5019,3.0288,-384.0532,0.164886
143.0817,3.0277,-384.0613,0.164982
142.6616,3.0266,-384.0695,0.165085
142.2418,3.0256,-384.0781,0.165183
141.7840,3.0244,-384.0876,0.165283
141.3644,3.0234,-384.0968,0.165387
140.9451,3.0223,-384.1065,0.165483
140.5259,3.0213,-384.1166,0.165582
140.1070,3.0202,-384.1270,0.165679
139.6884,3.0192,-384.1376,0.165779
139.2700,3.0181,-384.1485,0.165879
138.8519,3.0171,-384.1595,0.165976
138.3962,3.0160,-384.1715,0.166082
137.9788,3.0149,-384.1826,0.166180
137.5616,3.0139,-384.1936,0.166280
137.1448,3.0128,-384.2047,0.166377
136.7281,3.0119,-384.2159,0.166473
136.3118,3.0112,-384.2268,0.166571
135.8959,3.0104,-384.2377,0.166668
135.4803,3.0097,-384.2485,0.166769
135.0649,3.0089,-384.2592,0.166863
134.6121,3.0081,-384.2707,0.166970
134.1973,3.0073,-384.2812,0.167066
133.7827,3.0066,-384.2916,0.167164
133.3684,3.0058,-384.3019,0.167264
132.9543,3.0051,-384.3121,0.167356
132.5405,3.0043,-384.3222,0.167457
132.1269,3.0035,-384.3323,0.167554
131.7136,3.0028,-384.3422,0.167648
131.3004,3.0020,-384.3520,0.167746
130.8876,3.0013,-384.3618,0.167841
130.4376,3.0005,-384.3725,0.167948
130.0252,2.9998,-384.3825,0.168046
129.6133,2.9991,-384.3925,0.168140
129.2016,2.9985,-384.4029,0.168239
128.7903,2.9979,-384.4133,0.168336
128.3794,2.9973,-384.4240,0.168437
127.9689,2.9967,-384.4347,0.168529
127.5589,2.9961,-384.4454,0.168621
127.1122,2.9954,-384.4572,0.168731
126.7033,2.9948,-384.4677,0.168826
126.2948,2.9942,-384.4782,0.168916
125.8869,2.9936,-384.4885,0.169017
125.4794,2.9930,-384.4988,0.169112
125.0723,2.9923,-384.5090,0.169208
124.6657,2.9917,-384.5190,0.169301
124.2595,2.9911,-384.5291,0.169399
123.8540,2.9904,-384.5392,0.169496
123.4118,2.9894,-384.5501,0.169591
123.0069,2.9885,-384.5602,0.169694
122.6023,2.9876,-384.5702,0.169787
122.1982,2.9867,-384.5802,0.169884
121.7945,2.9858,-384.5902,0.169978
121.3913,2.9849,-384.6000,0.170065
120.9884,2.9840,-384.6097,0.170167
120.5860,2.9831,-384.6194,0.170260
120.1840,2.9822,-384.6290,0.170354
119.7459,2.9812,-384.6393,0.170456
119.3448,2.9803,-384.6489,0.170549
118.9440,2.9794,-384.6583,0.170645
118.5436,2.9785,-384.6677,0.170736
118.1437,2.9774,-384.6773,0.170834
117.7441,2.9762,-384.6867,0.170923
117.3448,2.9751,-384.6961,0.171023
116.9459,2.9739,-384.7054,0.171112
116.5473,2.9728,-384.7147,0.171208
116.1131,2.9715,-384.7246,0.171308
115.7154,2.9704,-384.7336,0.171401
115.3181,2.9693,-384.7426,0.171496
114.9212,2.9681,-384.7515,0.171584
114.5246,2.9670,-384.7603,0.171678
114.1284,2.9658,-384.7692,0.171775
113.7326,2.9647,-384.7781,0.171864
113.3372,2.9635,-384.7868,0.171960
112.9421,2.9622,-384.7955,0.172056
112.5114,2.9608,-384.8050,0.172157
112.1170,2.9594,-384.8135,0.172249
111.7230,2.9581,-384.8221,0.172337
111.3292,2.9568,-384.8307,0.172430
110.9359,2.9555,-384.8392,0.172526
110.5428,2.9542,-384.8477,0.172619
110.1501,2.9529,-384.8564,0.172710
109.7577,2.9515,-384.8651,0.172803
109.3656,2.9502,-384.8738,0.172889
108.9382,2.9488,-384.8835,0.172990
108.5468,2.9475,-384.8926,0.173085
108.1556,2.9461,-384.9019,0.173174
107.7647,2.9447,-384.9114,0.173267
107.3741,2.9433,-384.9209,0.173358
106.9839,2.9419,-384.9304,0.173451
106.5941,2.9405,-384.9400,0.173543
106.2046,2.9391,-384.9495,0.173634
105.8155,2.9377,-384.9589,0.173723
105.3914,2.9362,-384.9692,0.173824
105.0030,2.9348,-384.9787,0.173916
104.6150,2.9334,-384.9881,0.174004
104.2273,2.9321,-384.9975,0.174096
103.8399,2.9307,-385.0069,0.174186
103.4528,2.9293,-385.0163,0.174278
103.0659,2.9280,-385.0257,0.174366
102.6795,2.9266,-385.0351,0.174457
102.2933,2.9253,-385.0445,0.174551
101.9075,2.9239,-385.0539,0.174640
101.4869,2.9224,-385.0642,0.174738
101.1017,2.9211,-385.0736,0.174830
100.7168,2.9197,-385.0830,0.174914
100.3321,2.9184,-385.0924,0.175009
99.9478,2.9170,-385.1018,0.175100
99.5638,2.9157,-385.1112,0.175187
99.1800,2.9143,-385.1206,0.175279
98.7965,2.9131,-385.1300,0.175369
98.3785,2.9117,-385.1402,0.175464
97.9957,2.9105,-385.1496,0.175562
97.6132,2.9093,-385.1590,0.175651
97.2309,2.9081,-385.1684,0.175742
96.8490,2.9069,-385.1778,0.175824
96.4673,2.9057,-385.1872,0.175916
96.0859,2.9045,-385.1966,0.176005
95.7049,2.9033,-385.2060,0.176096
95.3241,2.9021,-385.2153,0.176183
94.9090,2.9007,-385.2253,0.176283
94.5288,2.8995,-385.2344,0.176373
94.1489,2.8983,-385.2435,0.176464
93.7693,2.8972,-385.2525,0.176545
93.3900,2.8961,-385.2616,0.176637
93.0109,2.8950,-385.2707,0.176730
92.6321,2.8938,-385.2797,0.176814
92.2536,2.8927,-385.2888,0.176903
91.8753,2.8916,-385.2978,0.176994
91.4630,2.8904,-385.3077,0.177092
91.0854,2.8893,-385.3167,0.177175
90.7080,2.8881,-385.3255,0.177263
90.3310,2.8870,-385.3343,0.177360
89.9542,2.8859,-385.3430,0.177442
89.5777,2.8848,-385.3514,0.177532
89.2014,2.8837,-385.3599,0.177618
88.8254,2.8826,-385.3685,0.177713
88.4496,2.8814,-385.3772,0.177798
88.0740,2.8803,-385.3860,0.177884
87.6645,2.8791,-385.3958,0.177980
87.2893,2.8779,-385.4048,0.178071
86.9144,2.8768,-385.4138,0.178161
86.5398,2.8757,-385.4229,0.178245
86.1654,2.8746,-385.4319,0.178331
85.7913,2.8734,-385.4410,0.178421
85.4174,2.8723,-385.4502,0.178510
85.0438,2.8712,-385.4594,0.178594
84.6365,2.8700,-385.4695,0.178692
84.2633,2.8688,-385.4791,0.178783
83.8903,2.8677,-385.4888,0.178863
83.5176,2.8666,-385.4986,0.178958
83.1451,2.8654,-385.5085,0.179038
82.7729,2.8643,-385.5182,0.179131
82.4010,2.8632,-385.5280,0.179216
82.0293,2.8620,-385.5377,0.179304
81.6580,2.8609,-385.5473,0.179393
81.2532,2.8597,-385.5576,0.179482
80.8824,2.8586,-385.5670,0.179571
80.5119,2.8574,-385.5764,0.179659
80.1415,2.8563,-385.5858,0.179749
79.7715,2.8552,-385.5951,0.179829
79.4016,2.8540,-385.6043,0.179918
79.0320,2.8529,-385.6136,0.180005
78.6626,2.8518,-385.6228,0.180092
78.2934,2.8507,-385.6320,0.180175
77.8910,2.8494,-385.6420,0.180275
77.5223,2.8483,-385.6511,0.180364
77.1538,2.8472,-385.6602,0.180446
76.7855,2.8460,-385.6693,0.180536
76.4174,2.8449,-385.6783,0.180621
76.0496,2.8438,-385.6874,0.180708
75.6819,2.8427,-385.6964,0.180796
75.3145,2.8415,-385.7055,0.180878
74.9473,2.8404,-385.7146,0.180964
74.5469,2.8392,-385.7245,0.181058
74.1801,2.8381,-385.7335,0.181147
73.8135,2.8369,-385.7426,0.181232
73.4472,2.8358,-385.7516,0.181314
73.0810,2.8347,-385.7607,0.181405
72.7151,2.8336,-385.7698,0.181492
72.3494,2.8324,-385.7788,0.181577
71.9838,2.8313,-385.7879,0.181662
71.6185,2.8302,-385.7969,0.181753
71.2205,2.8290,-385.8067,0.181845
70.8566,2.8279,-385.8157,0.181931
70.4937,2.8268,-385.8246,0.182021
70.1317,2.8256,-385.8333,0.182105
69.7707,2.8245,-385.8419,0.182193
69.4105,2.8234,-385.8505,0.182277
69.0512,2.8223,-385.8590,0.182363
68.6928,2.8212,-385.8675,0.182454
68.3353,2.8201,-385.8758,0.182539
67.9462,2.8189,-385.8849,0.182627
67.5905,2.8179,-385.8931,0.182712
67.2357,2.8168,-385.9012,0.182796
66.8819,2.8157,-385.9089,0.182881
66.5289,2.8146,-385.9165,0.182966
66.1768,2.8135,-385.9240,0.183045
65.8255,2.8125,-385.9312,0.183136
65.4751,2.8114,-385.9384,0.183219
65.1255,2.8103,-385.9454,0.183298
64.7456,2.8092,-385.9530,0.183394
64.3995,2.8081,-385.9601,0.183471
64.0557,2.8071,-385.9669,0.183558
63.7148,2.8060,-385.9737,0.183636
63.3771,2.8050,-385.9803,0.183716
63.0427,2.8040,-385.9868,0.183791
62.7118,2.8030,-385.9933,0.183876
62.3843,2.8020,-385.9996,0.183953
62.0603,2.8010,-386.0058,0.184034
61.7106,2.7999,-386.0125,0.184118
61.3936,2.7990,-386.0186,0.184191
61.0798,2.7980,-386.0244,0.184273
60.7691,2.7971,-386.0303,0.184348
60.4614,2.7962,-386.0361,0.184419
60.1567,2.7952,-386.0418,0.184488
59.8550,2.7943,-386.0474,0.184566
59.5563,2.7934,-386.0529,0.184640
59.2606,2.7925,-386.0583,0.184712
58.9414,2.7916,-386.0639,0.184788
58.6516,2.7907,-386.0690,0.184859
58.3643,2.7898,-386.0743,0.184928
58.0792,2.7890,-386.0797,0.184998
57.7958,2.7881,-386.0852,0.185069
57.5140,2.7873,-386.0907,0.185140
57.2335,2.7864,-386.0962,0.185206
56.9539,2.7856,-386.1017,0.185277
56.6753,2.7848,-386.1073,0.185345
56.3722,2.7839,-386.1135,0.185418
56.0949,2.7831,-386.1193,0.185486
55.8179,2.7823,-386.1253,0.185551
55.5417,2.7814,-386.1313,0.185621
55.2664,2.7806,-386.1375,0.185689
54.9922,2.7798,-386.1436,0.185757
54.7194,2.7790,-386.1497,0.185821
54.4482,2.7782,-386.1559,0.185890
54.1787,2.7774,-386.1621,0.185957
53.8870,2.7765,-386.1688,0.186029
53.6218,2.7757,-386.1749,0.186088
53.3588,2.7750,-386.1809,0.186154
53.0978,2.7742,-386.1870,0.186219
52.8389,2.7734,-386.1930,0.186280
52.5817,2.7727,-386.1990,0.186346
52.3258,2.7719,-386.2051,0.186409
52.0710,2.7711,-386.2111,0.186465
51.8171,2.7704,-386.2172,0.186530
51.5411,2.7696,-386.2238,0.186600
51.2891,2.7688,-386.2297,0.186659
51.0380,2.7681,-386.2357,0.186724
50.7878,2.7674,-386.2417,0.186782
50.5384,2.7666,-386.2477,0.186841
50.2900,2.7659,-386.2538,0.186903
50.0424,2.7652,-386.2597,0.186964
49.7953,2.7645,-386.2656,0.187024
49.5485,2.7637,-386.2713,0.187086
49.2796,2.7629,-386.2774,0.187154
49.0334,2.7622,-386.2831,0.187212
48.7874,2.7615,-386.2887,0.187272
48.5417,2.7608,-386.2943,0.187331
48.2963,2.7601,-386.2995,0.187393
48.0512,2.7593,-386.3045,0.187461
47.8065,2.7586,-386.3093,0.187521
47.5620,2.7579,-386.3140,0.187578
47.3178,2.7572,-386.3184,0.187639
47.0517,2.7564,-386.3231,0.187707
46.8080,2.7557,-386.3271,0.187764
46.5646,2.7550,-386.3310,0.187828
46.3221,2.7543,-386.3345,0.187881
46.0803,2.7536,-386.3379,0.187943
45.8393,2.7528,-386.3409,0.188004
45.5988,2.7521,-386.3439,0.188064
45.3585,2.7514,-386.3466,0.188127
45.1185,2.7507,-386.3491,0.188185
44.8569,2.7500,-386.3514,0.188252
44.6175,2.7493,-386.3530,0.188307
44.3786,2.7486,-386.3540,0.188370
44.1407,2.7479,-386.3544,0.188431
43.9038,2.7472,-386.3539,0.188489
43.6682,2.7465,-386.3525,0.188546
43.4338,2.7458,-386.3500,0.188604
43.2004,2.7451,-386.3465,0.188661
42.9677,2.7444,-386.3419,0.188720
42.7149,2.7437,-386.3356,0.188786
42.4840,2.7430,-386.3287,0.188843
42.2538,2.7423,-386.3209,0.188898
42.0241,2.7417,-386.3122,0.188957
41.7937,2.7305,-386.2596,0.189013
41.5647,2.7335,-386.2478,0.189068
41.3366,2.7366,-386.2339,0.189127
41.1087,2.7399,-386.2184,0.189186
40.8812,2.7383,-386.2485,0.189242
40.6299,2.7388,-386.2197,0.189307
40.3992,2.7391,-386.2060,0.189365
40.1680,2.7395,-386.1915,0.189416
39.9363,2.7399,-386.1770,0.189480
39.7039,2.7402,-386.1625,0.189535
39.4705,2.7406,-386.1480,0.189595
39.2362,2.7409,-386.1350,0.189652
39.0012,2.7411,-386.1230,0.189715
38.7656,2.7413,-386.1116,0.189763
38.5081,2.7415,-386.1002,0.189828
38.2721,2.7417,-386.0903,0.189890
38.0359,2.7417,-386.0811,0.189947
37.7994,2.7418,-386.0726,0.190005
37.5624,2.7418,-386.0648,0.190062
37.3251,2.7418,-386.0575,0.190120
37.0877,2.7418,-386.0510,0.190180
36.8502,2.7417,-386.0451,0.190242
36.6127,2.7416,-386.0396,0.190295
36.3536,2.7415,-386.0341,0.190362
36.1161,2.7413,-386.0294,0.190418
35.8785,2.7411,-386.0253,0.190476
35.6410,2.7410,-386.0215,0.190531
35.4034,2.7407,-386.0181,0.190590
35.1660,2.7405,-386.0150,0.190646
34.9285,2.7402,-386.0120,0.190707
34.6911,2.7399,-386.0092,0.190760
34.4536,2.7396,-386.0069,0.190822
34.1944,2.7392,-386.0049,0.190883
33.9568,2.7388,-386.0038,0.190939
33.7192,2.7384,-386.0030,0.190995
33.4816,2.7380,-386.0024,0.191054
33.2441,2.7376,-386.0021,0.191111
33.0067,2.7372,-386.0019,0.191168
32.7693,2.7368,-386.0018,0.191226
32.5320,2.7363,-386.0020,0.191280
32.2947,2.7359,-386.0023,0.191336
32.0358,2.7354,-386.0030,0.191400
31.7986,2.7349,-386.0039,0.191457
31.5616,2.7344,-386.0052,0.191511
31.3247,2.7339,-386.0070,0.191570
31.0876,2.7333,-386.0094,0.191625
30.8504,2.7328,-386.0120,0.191679
30.6131,2.7322,-386.0148,0.191740
30.3758,2.7316,-386.0178,0.191797
30.1388,2.7310,-386.0208,0.191852
29.8801,2.7303,-386.0240,0.191912
29.6434,2.7296,-386.0270,0.191968
29.4068,2.7289,-386.0297,0.192024
29.1703,2.7283,-386.0320,0.192080
28.9340,2.7276,-386.0338,0.192137
28.6978,2.7271,-386.0348,0.192194
28.4618,2.7265,-386.0351,0.192246
28.2259,2.7260,-386.0349,0.192301
27.9902,2.7255,-386.0345,0.192358
27.7331,2.7250,-386.0335,0.192418
27.4974,2.7245,-386.0322,0.192475
27.2617,2.7240,-386.0307,0.192528
27.0260,2.7236,-386.0293,0.192585
26.7901,2.7231,-386.0280,0.192640
26.5542,2.7226,-386.0269,0.192695
26.3183,2.7222,-386.0259,0.192753
26.0826,2.7217,-386.0250,0.192806
25.8256,2.7211,-386.0239,0.192867
25.5902,2.7207,-386.0229,0.192923
25.3549,2.7200,-386.0225,0.192974
25.1194,2.7193,-386.0222,0.193032
24.8840,2.7185,-386.0222,0.193089
24.6490,2.7178,-386.0220,0.193139
24.4145,2.7171,-386.0217,0.193195
24.1804,2.7164,-386.0213,0.193252
23.9468,2.7157,-386.0210,0.193304
23.7135,2.7150,-386.0207,0.193357
23.4596,2.7142,-386.0202,0.193415
23.2274,2.7135,-386.0194,0.193470
22.9958,2.7129,-386.0180,0.193523
22.7647,2.7122,-386.0160,0.193578
22.5339,2.7116,-386.0134,0.193628
22.3032,2.7111,-386.0104,0.193685
22.0726,2.7105,-386.0069,0.193738
21.8431,2.7100,-386.0029,0.193794
21.5919,2.7086,-385.9974,0.193852
21.3618,2.7075,-385.9913,0.193902
21.1316,2.7063,-385.9840,0.193957
20.9013,2.7053,-385.9756,0.194009
20.6707,2.7042,-385.9662,0.194066
20.4398,2.7033,-385.9558,0.194117
20.2086,2.7023,-385.9443,0.194174
19.9771,2.7015,-385.9315,0.194225
19.7457,2.7006,-385.9177,0.194283
19.4925,2.6995,-385.9014,0.194340
19.2598,2.6985,-385.8857,0.194396
19.0268,2.6975,-385.8695,0.194451
18.7935,2.6966,-385.8527,0.194507
18.5602,2.6956,-385.8353,0.194562
18.3268,2.6947,-385.8174,0.194616
18.0933,2.6938,-385.7991,0.194671
17.8601,2.6926,-385.7805,0.194724
17.6265,2.6914,-385.7616,0.194779
17.3717,2.6901,-385.7404,0.194841
17.1382,2.6890,-385.7202,0.194895
16.9049,2.6879,-385.6990,0.194949
16.6722,2.6867,-385.6768,0.195003
16.4393,2.6854,-385.6537,0.195059
16.2066,2.6842,-385.6297,0.195114
15.9739,2.6829,-385.6049,0.195172
15.7415,2.6817,-385.5790,0.195225
15.5093,2.6806,-385.5523,0.195279
15.2561,2.6792,-385.5221,0.195341
15.0240,2.6780,-385.4936,0.195396
14.7921,2.6768,-385.4643,0.195451
14.5601,2.6756,-385.4344,0.195505
14.3283,2.6745,-385.4038,0.195561
14.0967,2.6734,-385.3722,0.195614
13.8656,2.6723,-385.3398,0.195670
13.6348,2.6713,-385.3067,0.195724
13.4042,2.6704,-385.2729,0.195779
13.1737,2.6694,-385.2384,0.195833
12.9219,2.6685,-385.1999,0.195895
12.6912,2.6678,-385.1635,0.195948
12.4606,2.6671,-385.1262,0.196002
12.2300,2.6664,-385.0880,0.196058
11.9996,2.6658,-385.0491,0.196112
11.7693,2.6653,-385.0096,0.196169
11.5391,2.6647,-384.9692,0.196224
11.3092,2.6642,-384.9280,0.196279
11.0585,2.6636,-384.8821,0.196340
10.8289,2.6631,-384.8390,0.196394
10.5995,2.6627,-384.7950,0.196449
10.3703,2.6623,-384.7502,0.196505
10.1413,2.6619,-384.7045,0.196561
9.9128,2.6616,-384.6578,0.196615
9.6844,2.6612,-384.6099,0.196672
9.4563,2.6609,-384.5610,0.196726
9.2284,2.6607,-384.5110,0.196782
8.9800,2.6604,-384.4556,0.196840
8.7525,2.6603,-384.4039,0.196897
8.5253,2.6602,-384.3513,0.196952
8.2985,2.6601,-384.2975,0.197006
8.0719,2.6599,-384.2428,0.197064
7.8455,2.6598,-384.1871,0.197118
7.6192,2.6597,-384.1305,0.197175
7.3931,2.6596,-384.0732,0.197227
7.1672,2.6596,-384.0150,0.197286
6.9210,2.6597,-383.9505,0.197344
6.6955,2.6597,-383.8904,0.197400
6.4706,2.6598,-383.8296,0.197456
6.2455,2.6597,-383.7679,0.197512
6.0207,2.6597,-383.7055,0.197567
5.7961,2.6597,-383.6421,0.197623
5.5719,2.6598,-383.5777,0.197679
5.3482,2.6599,-383.5125,0.197733
5.1247,2.6601,-383.4464,0.197789
4.9012,2.6603,-383.3796,0.197844
4.6577,2.6604,-383.3062,0.197905
4.4340,2.6603,-383.2384,0.197960
4.2103,2.6603,-383.1702,0.198016
3.9866,2.6603,-383.1016,0.198072
3.7628,2.6603,-383.0326,0.198128
3.5391,2.6603,-382.9632,0.198183
3.3154,2.6603,-382.8935,0.198238
3.0918,2.6604,-382.8235,0.198294
2.8485,2.6601,-382.7465,0.198354
2.6252,2.6598,-382.6753,0.198410
2.4022,2.6595,-382.6033,0.198466
2.1793,2.6593,-382.5307,0.198521
1.9565,2.6591,-382.4576,0.198576
1.7338,2.6589,-382.3843,0.198632
1.5112,2.6588,-382.3105,0.198687
1.2892,2.6582,-382.2367,0.198740
1.0667,2.6575,-382.1621,0.198797
0.8240,2.6568,-382.0803,0.198857
0.6015,2.6561,-382.0050,0.198914
0.3790,2.6554,-381.9294,0.198970
0.1567,2.6548,-381.8535,0.199025
-0.0648,2.6541,-381.7774,0.199078
-0.2867,2.6528,-381.7005,0.199136
-0.5084,2.6517,-381.6231,0.199192
-0.7300,2.6505,-381.5451,0.199248
-0.9511,2.6494,-381.4667,0.199302
-1.1918,2.6482,-381.3806,0.199365
-1.4111,2.6470,-381.3012,0.199419
-1.6305,2.6454,-381.2208,0.199475
-1.8494,2.6438,-381.1396,0.199530
-2.0678,2.6423,-381.0575,0.199585
-2.2862,2.6408,-380.9747,0.199641
-2.5047,2.6393,-380.8911,0.199697
-2.7224,2.6374,-380.8070,0.199751
-2.9403,2.6354,-380.7217,0.199809
-3.1777,2.6332,-380.6275,0.199867
-3.3949,2.6313,-380.5401,0.199924
-3.6118,2.6295,-380.4520,0.199981
-3.8280,2.6272,-380.3636,0.200035
-4.0444,2.6249,-380.2743,0.200091
-4.2606,2.6226,-380.1842,0.200147
-4.4766,2.6204,-380.0936,0.200202
-4.6921,2.6182,-380.0024,0.200258
-4.9078,2.6158,-379.9109,0.200313
-5.1431,2.6132,-379.8105,0.200373
-5.3586,2.6108,-379.7181,0.200429
-5.5738,2.6085,-379.6250,0.200485
-5.7885,2.6062,-379.5315,0.200540
-6.0026,2.6040,-379.4376,0.200596
-6.2163,2.6018,-379.3429,0.200651
-6.4297,2.5996,-379.2479,0.200705
-6.6430,2.5975,-379.1522,0.200761
-6.8557,2.5956,-379.0560,0.200817
-7.0873,2.5936,-378.9503,0.200877
-7.2991,2.5919,-378.8528,0.200932
-7.5105,2.5901,-378.7547,0.200988
-7.7217,2.5884,-378.6561,0.201042
-7.9327,2.5869,-378.5568,0.201097
-8.1429,2.5855,-378.4570,0.201151
-8.3523,2.5841,-378.3567,0.201207
-8.5609,2.5828,-378.2558,0.201262
-8.7689,2.5815,-378.1543,0.201318
-8.9950,2.5801,-378.0431,0.201375
-9.2019,2.5789,-377.9410,0.201430
-9.4085,2.5777,-377.8386,0.201484
-9.6148,2.5764,-377.7361,0.201540
-9.8211,2.5752,-377.6332,0.201593
-10.0272,2.5740,-377.5303,0.201649
-10.2335,2.5727,-377.4273,0.201704
-10.4399,2.5714,-377.3244,0.201757
-10.6464,2.5701,-377.2215,0.201811
-10.8715,2.5687,-377.1091,0.201870
-11.0775,2.5672,-377.0059,0.201926
-11.2834,2.5658,-376.9024,0.201978
-11.4891,2.5644,-376.7987,0.202032
-11.6946,2.5631,-376.6948,0.202090
-11.8999,2.5617,-376.5907,0.202142
-12.1047,2.5602,-376.4864,0.202196
-12.3091,2.5587,-376.3815,0.202251
-12.5130,2.5573,-376.2760,0.202304
-12.7348,2.5557,-376.1602,0.202364
-12.9377,2.5544,-376.0536,0.202420
-13.1405,2.5530,-375.9469,0.202474
-13.3428,2.5515,-375.8398,0.202526
-13.5451,2.5500,-375.7324,0.202580
-13.7469,2.5486,-375.6246,0.202636
-13.9485,2.5471,-375.5164,0.202688
-14.1499,2.5457,-375.4080,0.202741
-14.3511,2.5443,-375.2994,0.202796
-14.5707,2.5428,-375.1808,0.202858
-14.7717,2.5413,-375.0720,0.202909
-14.9726,2.5398,-374.9627,0.202962
-15.1734,2.5382,-374.8532,0.203020
-15.3742,2.5368,-374.7435,0.203071
-15.5751,2.5352,-374.6338,0.203125
-15.7767,2.5337,-374.5239,0.203178
-15.9791,2.5322,-374.4140,0.203231
-16.1821,2.5306,-374.3039,0.203288
-16.4039,2.5290,-374.1833,0.203348
-16.6074,2.5274,-374.0723,0.203401
-16.8110,2.5258,-373.9607,0.203455
-17.0149,2.5243,-373.8485,0.203510
-17.2189,2.5228,-373.7358,0.203566
-17.4230,2.5213,-373.6223,0.203621
-17.6270,2.5198,-373.5081,0.203677
-17.8309,2.5184,-373.3929,0.203733
-18.0350,2.5170,-373.2771,0.203787
-18.2577,2.5155,-373.1503,0.203849
-18.4621,2.5141,-373.0339,0.203902
-18.6665,2.5128,-372.9173,0.203960
-18.8708,2.5114,-372.8004,0.204015
-19.0749,2.5101,-372.6833,0.204070
-19.2788,2.5088,-372.5657,0.204125
-19.4825,2.5075,-372.4479,0.204183
-19.6861,2.5062,-372.3299,0.204240
-19.8896,2.5049,-372.2117,0.204295
-20.1113,2.5036,-372.0823,0.204353
-20.3142,2.5023,-371.9633,0.204409
-20.5169,2.5011,-371.8440,0.204467
-20.7195,2.5000,-371.7243,0.204522
-20.9219,2.4988,-371.6043,0.204576
-21.0959,2.5339,-371.4399,0.204631
-21.2948,2.5338,-371.3160,0.204688
-21.4953,2.5325,-371.1958,0.204743
-21.6979,2.5301,-371.0771,0.204800
-21.9193,2.5273,-370.9461,0.204862
-22.1190,2.5257,-370.8220,0.204915
-22.3177,2.5240,-370.6972,0.204974
-22.5167,2.5216,-370.5731,0.205028
-22.7161,2.5188,-370.4491,0.205082
-22.9536,2.4920,-370.3833,0.205140
-23.1526,2.4914,-370.2581,0.205196
-23.3529,2.4908,-370.1331,0.205250
-23.5543,2.4902,-370.0078,0.205306
-23.7738,2.4895,-369.8711,0.205366
-23.9747,2.4889,-369.7456,0.205423
-24.1758,2.4882,-369.6200,0.205480
-24.3768,2.4876,-369.4945,0.205536
-24.5776,2.4870,-369.3691,0.205591
-24.7781,2.4863,-369.2436,0.205646
-24.9784,2.4857,-369.1180,0.205702
-25.1787,2.4850,-368.9924,0.205761
-25.3787,2.4844,-368.8669,0.205814
-25.5966,2.4837,-368.7299,0.205874
-25.7960,2.4831,-368.6042,0.205929
-25.9953,2.4824,-368.4785,0.205983
-26.1939,2.4818,-368.3531,0.206040
-26.3921,2.4811,-368.2276,0.206094
-26.5906,2.4804,-368.1016,0.206151
-26.7892,2.4796,-367.9754,0.206204
-26.9877,2.4789,-367.8487,0.206261
-27.1858,2.4781,-367.7218,0.206318
-27.4017,2.4773,-367.5831,0.206377
-27.5994,2.4765,-367.4557,0.206433
-27.7970,2.4758,-367.3279,0.206489
-27.9943,2.4750,-367.1999,0.206545
-28.1914,2.4743,-367.0715,0.206603
-28.3883,2.4735,-366.9428,0.206658
-28.5849,2.4728,-366.8138,0.206713
-28.7814,2.4720,-366.6845,0.206771
-28.9776,2.4713,-366.5549,0.206824
-29.1915,2.4704,-366.4132,0.206884
-29.3872,2.4696,-366.2832,0.206942
-29.5830,2.4687,-366.1529,0.206999
-29.7789,2.4677,-366.0223,0.207056
-29.9748,2.4668,-365.8918,0.207108
-30.1710,2.4659,-365.7611,0.207164
-30.3676,2.4650,-365.6303,0.207223
-30.5648,2.4640,-365.4992,0.207276
-30.7628,2.4631,-365.3676,0.207331
-30.9798,2.4621,-365.2234,0.207395
-31.1798,2.4611,-365.0904,0.207449
-31.3811,2.4602,-364.9566,0.207503
-31.5839,2.4592,-364.8219,0.207566
-31.7883,2.4583,-364.6864,0.207619
-31.9942,2.4573,-364.5498,0.207681
-32.2016,2.4563,-364.4123,0.207740
-32.4102,2.4552,-364.2738,0.207801
-32.6396,2.4539,-364.1214,0.207867
-32.8514,2.4526,-363.9805,0.207927
-33.0646,2.4514,-363.8386,0.207986
-33.2793,2.4501,-363.6956,0.208044
-33.4954,2.4489,-363.5516,0.208106
-33.7130,2.4476,-363.4066,0.208170
-33.9320,2.4463,-363.2606,0.208227
-34.1525,2.4450,-363.1135,0.208290
-34.3745,2.4437,-362.9653,0.208357
-34.6186,2.4423,-362.8023,0.208424
-34.8439,2.4410,-362.6517,0.208487
-35.0711,2.4396,-362.4998,0.208553
-35.2999,2.4383,-362.3465,0.208616
-35.5303,2.4368,-362.1922,0.208684
-35.7632,2.4350,-362.0361,0.208751
-35.9980,2.4333,-361.8786,0.208816
-36.2350,2.4315,-361.7195,0.208885
-36.4740,2.4297,-361.5590,0.208951
-36.7371,2.4277,-361.3822,0.209027
-36.9805,2.4258,-361.2187,0.209100
-37.2261,2.4240,-361.0537,0.209168
-37.4740,2.4221,-360.8875,0.209234
-37.7242,2.4202,-360.7198,0.209309
-37.9767,2.4183,-360.5509,0.209377
-38.2316,2.4164,-360.3805,0.209454
-38.4888,2.4144,-360.2086,0.209524
-38.7481,2.4125,-360.0356,0.209602
-39.0338,2.4099,-359.8448,0.209681
-39.2984,2.4075,-359.6685,0.209756
-39.5655,2.4052,-359.4904,0.209836
-39.8351,2.4028,-359.3107,0.209910
-40.1074,2.4003,-359.1291,0.209989
-40.3823,2.3979,-358.9456,0.210068
-40.6598,2.3954,-358.7602,0.210149
-40.9400,2.3929,-358.5729,0.210226
-41.2230,2.3904,-358.3838,0.210306
-41.5090,2.3878,-358.1928,0.210389
-41.8245,2.3850,-357.9824,0.210481
-42.1171,2.3824,-357.7878,0.210559
-42.4126,2.3797,-357.5917,0.210643
-42.7110,2.3768,-357.3941,0.210730
-43.0124,2.3740,-357.1950,0.210820
-43.3165,2.3711,-356.9944,0.210901
-43.6232,2.3681,-356.7923,0.210988
-43.9324,2.3652,-356.5888,0.211080
-44.2724,2.3620,-356.3652,0.211176
-44.5865,2.3590,-356.1588,0.211262
-44.9027,2.3560,-355.9512,0.211358
-45.2210,2.3529,-355.7424,0.211448
-45.5412,2.3499,-355.5324,0.211536
-45.8633,2.3468,-355.3211,0.211625
-46.1871,2.3437,-355.1086,0.211725
-46.5129,2.3406,-354.8950,0.211818
-46.8405,2.3375,-354.6801,0.211909
-47.1999,2.3341,-354.4445,0.212019
-47.5312,2.3309,-354.2271,0.212109
-47.8643,2.3278,-354.0086,0.212210
-48.1992,2.3246,-353.7888,0.212304
-48.5359,2.3213,-353.5679,0.212409
-48.8743,2.3181,-353.3458,0.212500
-49.2146,2.3149,-353.1225,0.212601
-49.5566,2.3116,-352.8980,0.212697
-49.9004,2.3084,-352.6723,0.212804
-50.2773,2.3051,-352.4249,0.212909
-50.6244,2.3019,-352.1968,0.213013
-50.9731,2.2988,-351.9674,0.213116
-51.3232,2.2956,-351.7368,0.213220
-51.6747,2.2924,-351.5050,0.213323
-52.0278,2.2893,-351.2721,0.213425
-52.3822,2.2861,-351.0380,0.213528
-52.7381,2.2828,-350.8028,0.213638
-53.1281,2.2793,-350.5452,0.213753
-53.4545,2.2764,-350.3297,0.213846
-53.8480,2.2732,-350.0700,0.213961
-54.2100,2.2703,-349.8310,0.214063
-54.5733,2.2674,-349.5911,0.214175
-54.9378,2.2646,-349.3501,0.214274
-55.3037,2.2616,-349.1080,0.214389
-55.6707,2.2587,-348.8649,0.214499
-56.0390,2.2558,-348.6207,0.214608
-56.4086,2.2529,-348.3754,0.214712
-56.8130,2.2496,-348.1065,0.214831
-57.1850,2.2467,-347.8588,0.214942
-57.5583,2.2442,-347.6096,0.215050
-57.9325,2.2418,-347.3594,0.215165
-58.3078,2.2395,-347.1080,0.215273
-58.6843,2.2371,-346.8555,0.215384
-59.0622,2.2348,-346.6020,0.215497
-59.4414,2.2324,-346.3474,0.215607
-59.8220,2.2300,-346.0918,0.215718
-60.2386,2.2274,-345.8117,0.215848
-60.6218,2.2250,-345.5541,0.215955
-61.0064,2.2227,-345.2953,0.216069
-61.3917,2.2210,-345.0358,0.216183
-61.7776,2.2193,-344.7757,0.216292
-62.1640,2.2176,-344.5151,0.216413
-62.5505,2.2159,-344.2541,0.216524
-62.9372,2.2142,-343.9928,0.216636
-63.3240,2.2125,-343.7313,0.216751
-63.7461,2.2106,-343.4460,0.216873
-64.2036,2.2086,-343.1369,0.217005
-64.5909,2.2069,-342.8756,0.217118
-64.9082,2.2059,-342.6618,0.217215
-65.2958,2.2047,-342.4009,0.217321
-65.6834,2.2035,-342.1401,0.217440
-66.0708,2.2023,-341.8795,0.217550
-66.4581,2.2011,-341.6190,0.217661
-66.8453,2.1999,-341.3587,0.217773
-67.2675,2.1986,-341.0750,0.217897
-67.6544,2.1974,-340.8152,0.218013
-68.0411,2.1963,-340.5560,0.218123
-68.4276,2.1952,-340.2972,0.218237
-68.8132,2.1944,-340.0392,0.218349
-69.1982,2.1937,-339.7819,0.218461
-69.5826,2.1929,-339.5250,0.218572
-69.9662,2.1921,-339.2686,0.218678
-70.3491,2.1913,-339.0126,0.218792
-70.7660,2.1905,-338.7339,0.218913
-71.1474,2.1897,-338.4789,0.219027
-71.5282,2.1889,-338.2244,0.219130
-71.9084,2.1881,-337.9704,0.219245
-72.2881,2.1876,-337.7167,0.219354
-72.6670,2.1871,-337.4637,0.219463
-73.0452,2.1866,-337.2111,0.219573
-73.4228,2.1862,-336.9590,0.219680
-73.7999,2.1857,-336.7074,0.219785
-74.2105,2.1851,-336.4334,0.219903
-74.5863,2.1847,-336.1828,0.220011
-74.9615,2.1842,-335.9327,0.220116
-75.3362,2.1837,-335.6831,0.220228
-75.7104,2.1833,-335.4339,0.220337
-76.0839,2.1829,-335.1853,0.220438
-76.4568,2.1826,-334.9372,0.220546
-76.8292,2.1823,-334.6895,0.220653
-77.2009,2.1820,-334.4424,0.220758
-77.6058,2.1817,-334.1733,0.220873
-77.9764,2.1814,-333.9271,0.220977
-78.3463,2.1811,-333.6814,0.221081
-78.7157,2.1807,-333.4362,0.221188
-79.0844,2.1804,-333.1913,0.221298
-79.4526,2.1802,-332.9469,0.221400
-79.8200,2.1799,-332.7028,0.221504
-80.1868,2.1797,-332.4591,0.221603
-80.5528,2.1794,-332.2157,0.221713
-80.9513,2.1792,-331.9503,0.221826
-81.3163,2.1789,-331.7066,0.221923
-81.6812,2.1787,-331.4629,0.222030
-82.0458,2.1784,-331.2189,0.222131
-82.4103,2.1782,-330.9748,0.222238
-82.7747,2.1779,-330.7305,0.222338
-83.1390,2.1777,-330.4861,0.222445
-83.5034,2.1774,-330.2416,0.222549
-83.8679,2.1771,-329.9971,0.222655
-84.2658,2.1768,-329.7304,0.222763
-84.6307,2.1765,-329.4861,0.222868
-84.9958,2.1762,-329.2421,0.222969
-85.3610,2.1759,-328.9980,0.223072
-85.7263,2.1757,-328.7542,0.223177
-86.0917,2.1754,-328.5103,0.223280
-86.4570,2.1751,-328.2664,0.223384
-86.8224,2.1748,-328.0227,0.223487
-87.1878,2.1746,-327.7790,0.223585
-87.5864,2.1743,-327.5132,0.223702
-87.9519,2.1741,-327.2697,0.223801
-88.3175,2.1738,-327.0262,0.223905
-88.6831,2.1736,-326.7828,0.224010
-89.0487,2.1733,-326.5394,0.224114
-89.4142,2.1731,-326.2960,0.224215
-89.7797,2.1728,-326.0526,0.224319
-90.1450,2.1726,-325.8091,0.224422
-90.5102,2.1724,-325.5653,0.224524
-90.9084,2.1723,-325.2994,0.224634
-91.2733,2.1722,-325.0555,0.224738
-91.6382,2.1721,-324.8116,0.224842
-92.0030,2.1720,-324.5676,0.224945
-92.3677,2.1719,-324.3234,0.225048
-92.7323,2.1719,-324.0791,0.225150
-93.0970,2.1718,-323.8349,0.225249
-93.4615,2.1717,-323.5905,0.225353
-93.8260,2.1716,-323.3461,0.225455
-94.2237,2.1716,-323.0793,0.225563
-94.5882,2.1716,-322.8347,0.225667
-94.9528,2.1716,-322.5902,0.225773
-95.3173,2.1716,-322.3458,0.225872
-95.6817,2.1716,-322.1010,0.225975
-96.0461,2.1716,-321.8564,0.226075
-96.4104,2.1717,-321.6116,0.226181
-96.7747,2.1717,-321.3669,0.226287
-97.1391,2.1717,-321.1220,0.226388
-97.5366,2.1717,-320.8549,0.226496
-97.9011,2.1718,-320.6102,0.226599
-98.2658,2.1719,-320.3654,0.226702
-98.6307,2.1720,-320.1208,0.226808
-98.9958,2.1720,-319.8762,0.226910
-99.3611,2.1721,-319.6316,0.227013
-99.7266,2.1722,-319.3871,0.227112
-100.0923,2.1723,-319.1425,0.227216
-100.4581,2.1724,-318.8980,0.227320
-100.8573,2.1725,-318.6313,0.227428
-101.2234,2.1726,-318.3867,0.227535
-101.5896,2.1727,-318.1422,0.227636
-101.9558,2.1728,-317.8976,0.227739
-102.3219,2.1729,-317.6528,0.227840
-102.6881,2.1730,-317.4081,0.227943
-103.0543,2.1731,-317.1633,0.228047
-103.4206,2.1732,-316.9184,0.228145
-103.7870,2.1733,-316.6733,0.228247
-104.1870,2.1735,-316.4057,0.228359
-104.5541,2.1736,-316.1601,0.228460
-104.9218,2.1737,-315.9142,0.228563
-105.2898,2.1738,-315.6678,0.228664
-105.6583,2.1739,-315.4211,0.228769
-106.0271,2.1740,-315.1740,0.228870
-106.3964,2.1741,-314.9266,0.228977
-106.7661,2.1742,-314.6788,0.229075
-107.1364,2.1743,-314.4306,0.229182
-107.5409,2.1744,-314.1596,0.229293
-107.9123,2.1745,-313.9109,0.229398
-108.2843,2.1746,-313.6620,0.229497
-108.6568,2.1746,-313.4129,0.229606
-109.0298,2.1747,-313.1635,0.229708
-109.4034,2.1747,-312.9139,0.229813
-109.7776,2.1747,-312.6641,0.229913
-110.1524,2.1748,-312.4142,0.230025
-110.5276,2.1748,-312.1639,0.230125
-110.9377,2.1749,-311.8908,0.230240
-111.3140,2.1749,-311.6402,0.230345
-111.6908,2.1749,-311.3893,0.230449
-112.0681,2.1750,-311.1382,0.230560
-112.4457,2.1750,-310.8867,0.230661
-112.8236,2.1750,-310.6349,0.230766
-113.2020,2.1750,-310.3828,0.230870
-113.5809,2.1750,-310.1304,0.230977
-113.9602,2.1750,-309.8777,0.231082
-114.3744,2.1750,-309.6017,0.231202
-114.7545,2.1750,-309.3484,0.231305
-115.1350,2.1750,-309.0947,0.231411
-115.5160,2.1750,-308.8407,0.231520
-115.8973,2.1750,-308.5863,0.231627
-116.2790,2.1750,-308.3316,0.231731
-116.6612,2.1750,-308.0766,0.231838
-117.0439,2.1750,-307.8214,0.231947
-117.4619,2.1750,-307.5426,0.232066
-117.8455,2.1750,-307.2868,0.232172
-118.2297,2.1750,-307.0307,0.232278
-118.6143,2.1750,-306.7744,0.232388
-118.9994,2.1750,-306.5180,0.232495
-119.3850,2.1750,-306.2612,0.232602
-119.7710,2.1750,-306.0042,0.232713
-120.1573,2.1750,-305.7472,0.232818
-120.5434,2.1750,-305.4903,0.232927
-120.9293,2.1750,-305.2334,0.233035
-121.3500,2.1750,-304.9532,0.233155
-121.7355,2.1750,-304.6962,0.233262
-122.1207,2.1750,-304.4390,0.233369
-122.5057,2.1750,-304.1819,0.233482
-122.8906,2.1750,-303.9247,0.233588
-123.2755,2.1750,-303.6675,0.233698
-123.6602,2.1750,-303.4105,0.233805
-124.0447,2.1750,-303.1535,0.233910
-124.4290,2.1750,-302.8966,0.234019
-124.8480,2.1750,-302.6164,0.234140
-125.2320,2.1750,-302.3596,0.234244
-125.6157,2.1750,-302.1029,0.234355
-125.9992,2.1750,-301.8464,0.234464
-126.3826,2.1750,-301.5899,0.234571
-126.7659,2.1750,-301.3336,0.234679
-127.1490,2.1749,-301.0775,0.234787
-127.5321,2.1749,-300.8214,0.234895
-127.9149,2.1749,-300.5656,0.235002
-128.3324,2.1749,-300.2867,0.235122
-128.7150,2.1749,-300.0311,0.235226
-129.0974,2.1749,-299.7757,0.235334
-129.4796,2.1748,-299.5204,0.235442
-129.8616,2.1748,-299.2653,0.235550
-130.2434,2.1748,-299.0101,0.235657
-130.6250,2.1748,-298.7550,0.235766
-131.0064,2.1748,-298.5002,0.235876
-131.3876,2.1747,-298.2454,0.235980
-131.8036,2.1747,-297.9674,0.236101
-132.1851,2.1747,-297.7126,0.236204
-132.5668,2.1746,-297.4577,0.236315
-132.9486,2.1746,-297.2028,0.236423
-133.3301,2.1746,-296.9483,0.236528
-133.7113,2.1745,-296.6942,0.236635
-134.0923,2.1745,-296.4402,0.236745
-134.4731,2.1745,-296.1864,0.236852
-134.8883,2.1744,-295.9098,0.236967
-135.2686,2.1743,-295.6565,0.237076
-135.6487,2.1743,-295.4033,0.237181
-136.0286,2.1742,-295.1504,0.237290
-136.4082,2.1742,-294.8977,0.237395
-136.7876,2.1741,-294.6452,0.237505
-137.1667,2.1741,-294.3929,0.237608
-137.5457,2.1740,-294.1409,0.237716
-137.9243,2.1740,-293.8891,0.237823
-138.3028,2.1739,-293.6375,0.237927
-138.7155,2.1738,-293.3633,0.238044
-139.0934,2.1737,-293.1121,0.238152
-139.4712,2.1736,-292.8611,0.238258
-139.8486,2.1735,-292.6102,0.238365
-140.2256,2.1734,-292.3594,0.238467
-140.6023,2.1733,-292.1087,0.238576
-140.9784,2.1733,-291.8579,0.238686
-141.3542,2.1732,-291.6072,0.238790
-141.7636,2.1730,-291.3338,0.238905
-142.1387,2.1729,-291.0832,0.239012
-142.5134,2.1728,-290.8325,0.239117
-142.8878,2.1727,-290.5819,0.239221
-143.2619,2.1726,-290.3314,0.239327
-143.6358,2.1725,-290.0810,0.239434
-144.0093,2.1723,-289.8307,0.239540
-144.3825,2.1722,-289.5804,0.239644
-144.7555,2.1721,-289.3302,0.239750
-145.1622,2.1720,-289.0574,0.239864
-145.5348,2.1718,-288.8075,0.239969
-145.9071,2.1717,-288.5577,0.240076
-146.2792,2.1716,-288.3080,0.240177
-146.6510,2.1714,-288.0585,0.240283
-147.0226,2.1713,-287.8091,0.240389
-147.3941,2.1711,-287.5598,0.240492
-147.7655,2.1710,-287.3108,0.240599
-148.1368,2.1709,-287.0622,0.240703
-148.5420,2.1707,-286.7914,0.240816
-148.9135,2.1706,-286.5435,0.240922
-149.2848,2.1704,-286.2960,0.241026
-149.6559,2.1703,-286.0487,0.241130
-150.0268,2.1702,-285.8016,0.241236
-150.3974,2.1700,-285.5547,0.241339
-150.7676,2.1699,-285.3077,0.241444
-151.1376,2.1697,-285.0610,0.241547
-151.5072,2.1696,-284.8143,0.241653
-151.9103,2.1694,-284.5455,0.241765
-152.2795,2.1693,-284.2992,0.241871
-152.6487,2.1692,-284.0532,0.241974
-153.0176,2.1690,-283.8074,0.242079
-153.3864,2.1689,-283.5617,0.242183
-153.7549,2.1688,-283.3162,0.242284
-154.1233,2.1686,-283.0709,0.242389
-154.4915,2.1685,-282.8257,0.242493
-154.8596,2.1684,-282.5808,0.242596
-155.2609,2.1682,-282.3139,0.242709
-155.6287,2.1681,-282.0694,0.242810
-155.9963,2.1680,-281.8251,0.242919
-156.3637,2.1678,-281.5809,0.243019
-156.7312,2.1677,-281.3368,0.243125
-157.0985,2.1676,-281.0929,0.243228
-157.4648,2.1675,-280.8497,0.243327
-157.8298,2.1674,-280.6073,0.243434
-158.1937,2.1673,-280.3656,0.243535
-158.5892,2.1672,-280.1028,0.243645
-158.9506,2.1670,-279.8626,0.243746
-159.3109,2.1669,-279.6231,0.243848
-159.6700,2.1668,-279.3844,0.243948
-160.0280,2.1668,-279.1464,0.244051
-160.3850,2.1667,-278.9091,0.244150
-160.7409,2.1666,-278.6726,0.244251
-161.0957,2.1665,-278.4369,0.244350
-161.4494,2.1665,-278.2018,0.244451
-161.8340,2.1664,-277.9461,0.244558
-162.1854,2.1663,-277.7124,0.244654
-162.5358,2.1662,-277.4794,0.244757
-162.8850,2.1661,-277.2471,0.244855
-163.2332,2.1661,-277.0154,0.244953
-163.5804,2.1660,-276.7845,0.245048
-163.9264,2.1659,-276.5541,0.245147
-164.2715,2.1658,-276.3245,0.245245
-164.6155,2.1657,-276.0955,0.245343
-164.9896,2.1656,-275.8464,0.245446
-165.3314,2.1655,-275.6188,0.245544
-165.6723,2.1654,-275.3918,0.245638
-166.0122,2.1653,-275.1655,0.245734
-166.3512,2.1653,-274.9399,0.245830
-166.6891,2.1652,-274.7149,0.245927
-167.0261,2.1651,-274.4907,0.246019
-167.3621,2.1649,-274.2670,0.246114
-167.6973,2.1648,-274.0440,0.246210
-168.0617,2.1647,-273.8015,0.246311
-168.3949,2.1645,-273.5800,0.246401
-168.7271,2.1644,-273.3590,0.246498
-169.0583,2.1643,-273.1387,0.246591
-169.3886,2.1642,-272.9190,0.246684
-169.7179,2.1640,-272.6999,0.246776
-170.0463,2.1639,-272.4814,0.246871
-170.3737,2.1638,-272.2634,0.246962
-170.7001,2.1637,-272.0461,0.247053
-171.0551,2.1635,-271.8097,0.247155
-171.3796,2.1634,-271.5936,0.247247
-171.7031,2.1633,-271.3780,0.247336
-172.0257,2.1632,-271.1630,0.247428
-172.3473,2.1630,-270.9485,0.247515
-172.6680,2.1629,-270.7345,0.247607
-172.9877,2.1628,-270.5210,0.247698
-173.3064,2.1627,-270.3081,0.247787
-173.6243,2.1626,-270.0957,0.247878
-173.9702,2.1624,-269.8647,0.247973
-174.2864,2.1623,-269.6535,0.248064
-174.6018,2.1622,-269.4428,0.248155
-174.9163,2.1621,-269.2327,0.248245
-175.2299,2.1620,-269.0232,0.248331
-175.5427,2.1620,-268.8142,0.248418
-175.8546,2.1619,-268.6058,0.248504
-176.1658,2.1618,-268.3979,0.248593
-176.4761,2.1617,-268.1906,0.248683
-176.8138,2.1616,-267.9651,0.248777
-177.1226,2.1616,-267.7591,0.248863
-177.4306,2.1615,-267.5536,0.248951
-177.7378,2.1614,-267.3487,0.249039
-178.0441,2.1613,-267.1443,0.249123
-178.3496,2.1613,-266.9403,0.249208
-178.6543,2.1613,-266.7369,0.249294
-178.9581,2.1613,-266.5340,0.249379
-179.2612,2.1613,-266.3317,0.249463
-179.5908,2.1613,-266.1114,0.249558
-179.8922,2.1613,-265.9101,0.249642
-180.1927,2.1613,-265.7092,0.249726
-180.4925,2.1613,-265.5089,0.249811
-180.7916,2.1613,-265.3091,0.249896
-181.0899,2.1613,-265.1098,0.249979
-181.3875,2.1613,-264.9110,0.250064
-181.6844,2.1613,-264.7127,0.250146
-181.9806,2.1613,-264.5149,0.250229
-182.3028,2.1614,-264.2997,0.250320
-182.5974,2.1615,-264.1030,0.250405
-182.8913,2.1616,-263.9068,0.250488
-183.1844,2.1617,-263.7110,0.250568
-183.4768,2.1619,-263.5158,0.250652
-183.7685,2.1620,-263.3210,0.250733
-184.0594,2.1621,-263.1268,0.250817
-184.3497,2.1622,-262.9329,0.250898
-184.6392,2.1623,-262.7395,0.250981
-184.9541,2.1624,-262.5291,0.251068
-185.2421,2.1626,-262.3367,0.251148
-185.5295,2.1627,-262.1447,0.251231
-185.8161,2.1630,-261.9532,0.251311
-186.1020,2.1633,-261.7622,0.251391
-186.3872,2.1635,-261.5717,0.251472
-186.6717,2.1638,-261.3816,0.251552
-186.9556,2.1641,-261.1920,0.251632
-187.2387,2.1644,-261.0027,0.251712
-187.5468,2.1647,-260.7968,0.251798
-187.8286,2.1650,-260.6086,0.251877
-188.1096,2.1652,-260.4208,0.251956
-188.3901,2.1655,-260.2334,0.252036
-188.6698,2.1658,-260.0464,0.252111
-188.9490,2.1662,-259.8598,0.252191
-189.2274,2.1666,-259.6737,0.252272
-189.5052,2.1670,-259.4880,0.252348
-189.7823,2.1675,-259.3028,0.252426
-190.0838,2.1679,-259.1012,0.252510
-190.3596,2.1684,-258.9168,0.252589
-190.6348,2.1688,-258.7329,0.252667
-190.9093,2.1693,-258.5494,0.252745
-191.1832,2.1697,-258.3663,0.252823
-191.4564,2.1701,-258.1836,0.252897
-191.7290,2.1705,-258.0013,0.252973
-192.0011,2.1710,-257.8194,0.253051
-192.2725,2.1716,-257.6379,0.253126
-192.5678,2.1722,-257.4404,0.253210
-192.8379,2.1727,-257.2598,0.253285
-193.1074,2.1733,-257.0796,0.253360
-193.3763,2.1739,-256.8998,0.253437
-193.6446,2.1744,-256.7204,0.253508
-193.9123,2.1749,-256.5414,0.253585
-194.1794,2.1755,-256.3627,0.253663
-194.4458,2.1760,-256.1845,0.253735
-194.7117,2.1766,-256.0067,0.253810
-195.0012,2.1773,-255.8130,0.253890
-195.2658,2.1780,-255.6359,0.253965
-195.5297,2.1787,-255.4591,0.254040
-195.7929,2.1794,-255.2826,0.254114
-196.0555,2.1801,-255.1065,0.254188
-196.3176,2.1807,-254.9307,0.254261
-196.5791,2.1814,-254.7553,0.254336
-196.8400,2.1821,-254.5802,0.254409
-197.1005,2.1828,-254.4055,0.254481
-197.3842,2.1835,-254.2156,0.254562
-197.6440,2.1843,-254.0419,0.254634
-197.9033,2.1851,-253.8688,0.254706
-198.1620,2.1860,-253.6961,0.254778
-198.4203,2.1868,-253.5238,0.254850
-198.6779,2.1876,-253.3519,0.254923
-198.9350,2.1884,-253.1804,0.254994
-199.1915,2.1893,-253.0092,0.255067
-199.4475,2.1901,-252.8384,0.255139
-199.7262,2.1910,-252.6525,0.255217
-199.9812,2.1918,-252.4825,0.255290
-200.2358,2.1927,-252.3129,0.255361
-200.4898,2.1937,-252.1437,0.255430
-200.7432,2.1946,-251.9749,0.255501
-201.0192,2.1957,-251.7912,0.255579
-201.2487,2.1966,-251.6384,0.255643
-201.5007,2.1976,-251.4707,0.255711
-201.7522,2.1985,-251.3034,0.255784
-202.0259,2.1996,-251.1213,0.255859
-202.2764,2.2006,-250.9548,0.255929
-202.5264,2.2015,-250.7887,0.255999
-202.7760,2.2025,-250.6228,0.256068
-203.0250,2.2036,-250.4573,0.256137
-203.2735,2.2047,-250.2923,0.256207
-203.5216,2.2058,-250.1275,0.256276
-203.7691,2.2070,-249.9632,0.256346
-204.0162,2.2081,-249.7992,0.256413
-204.2852,2.2093,-249.6207,0.256490
-204.5313,2.2104,-249.4574,0.256558
-204.7770,2.2115,-249.2944,0.256625
-205.0221,2.2126,-249.1319,0.256694
-205.2668,2.2137,-248.9696,0.256762
-205.5110,2.2149,-248.8075,0.256831
-205.7547,2.2161,-248.6458,0.256898
-205.9978,2.2173,-248.4844,0.256966
-206.2405,2.2185,-248.3233,0.257033
-206.5047,2.2199,-248.1479,0.257105
-206.7464,2.2211,-247.9875,0.257172
-206.9876,2.2223,-247.8274,0.257239
-207.2284,2.2235,-247.6676,0.257305
-207.4688,2.2248,-247.5081,0.257373
-207.7087,2.2260,-247.3489,0.257441
-207.9481,2.2272,-247.1900,0.257506
-208.1875,2.2287,-247.0312,0.257574
-208.4261,2.2304,-246.8729,0.257638
-208.6856,2.2322,-246.7005,0.257710
-208.9230,2.2339,-246.5428,0.257776
-209.1600,2.2356,-246.3852,0.257841
-209.3964,2.2373,-246.2280,0.257907
-209.6324,2.2390,-246.0710,0.257972
-209.8679,2.2406,-245.9143,0.258038
-210.1030,2.2423,-245.7578,0.258103
-210.3376,2.2440,-245.6016,0.258166
-210.5717,2.2456,-245.4457,0.258231
-210.8265,2.2474,-245.2758,0.258301
-211.0602,2.2496,-245.1200,0.258365
-211.2929,2.2519,-244.9648,0.258430
-211.5251,2.2542,-244.8099,0.258493
-211.7569,2.2564,-244.6553,0.258559
-211.9883,2.2587,-244.5009,0.258622
-212.2192,2.2610,-244.3468,0.258684
-212.4496,2.2633,-244.1929,0.258747
-212.6796,2.2655,-244.0393,0.258810
-212.9300,2.2680,-243.8720,0.258880
-213.1590,2.2702,-243.7188,0.258943
-213.3874,2.2725,-243.5658,0.259003
-213.6151,2.2747,-243.4129,0.259067
-213.8431,2.2768,-243.2599,0.259128
-214.0700,2.2795,-243.1075,0.259190
-214.2965,2.2822,-242.9552,0.259252
-214.5224,2.2849,-242.8032,0.259315
-214.7684,2.2879,-242.6376,0.259382
-214.9934,2.2906,-242.4860,0.259444
-215.2180,2.2932,-242.3347,0.259501
-215.4421,2.2959,-242.1835,0.259565
-215.6657,2.2986,-242.0324,0.259625
-215.8888,2.3013,-241.8816,0.259684
-216.1114,2.3039,-241.7309,0.259746
-216.3335,2.3066,-241.5804,0.259806
-216.5548,2.3092,-241.4298,0.259866
-216.7960,2.3118,-241.2660,0.259934
-217.0172,2.3148,-241.1156,0.259991
-217.2374,2.3178,-240.9657,0.260053
-217.4572,2.3208,-240.8161,0.260108
-217.6766,2.3238,-240.6668,0.260167
-217.8956,2.3268,-240.5176,0.260226
-218.1142,2.3298,-240.3687,0.260285
-218.3327,2.3328,-240.2196,0.260342
-218.5514,2.3358,-240.0701,0.260405
-218.7904,2.3390,-239.9066,0.260467
-219.0099,2.3420,-239.7563,0.260525
-219.2300,2.3450,-239.6055,0.260582
-219.4505,2.3481,-239.4543,0.260640
-219.6712,2.3508,-239.3025,0.260700
-219.8936,2.3539,-239.1502,0.260757
-220.1160,2.3573,-238.9979,0.260818
-220.3391,2.3607,-238.8453,0.260877
-220.5627,2.3640,-238.6924,0.260936
-220.8073,2.3677,-238.5253,0.260998
-221.0314,2.3711,-238.3723,0.261057
-221.2551,2.3745,-238.2196,0.261115
-221.4783,2.3779,-238.0673,0.261175
-221.7012,2.3812,-237.9152,0.261228
-221.9237,2.3846,-237.7635,0.261288
-222.1458,2.3880,-237.6121,0.261346
-222.3671,2.3912,-237.4609,0.261404
-222.5891,2.3943,-237.3098,0.261463
-222.8302,2.3982,-237.1458,0.261523
-223.0509,2.4018,-236.9957,0.261581
-223.2713,2.4054,-236.8461,0.261638
-223.4915,2.4090,-236.6970,0.261695
-223.7117,2.4126,-236.5485,0.261754
-223.9320,2.4162,-236.4006,0.261807
-224.1524,2.4197,-236.2535,0.261860
-224.3730,2.4233,-236.1072,0.261916
-224.5936,2.4268,-235.9616,0.261969
-224.8342,2.4307,-235.8036,0.262031
-225.0540,2.4339,-235.6592,0.262082
-225.2747,2.4375,-235.5151,0.262133
-225.4944,2.4413,-235.3717,0.262186
-225.7137,2.4450,-235.2288,0.262239
-225.9326,2.4488,-235.0863,0.262289
-226.1511,2.4525,-234.9442,0.262343
-226.3694,2.4562,-234.8025,0.262392
-226.5875,2.4599,-234.6614,0.262443
-226.8251,2.4640,-234.5080,0.262499
-227.0427,2.4677,-234.3678,0.262549
-227.2594,2.4711,-234.2281,0.262598
-227.4775,2.4750,-234.0882,0.262646
-227.6944,2.4792,-233.9494,0.262697
-227.9110,2.4835,-233.8112,0.262745
-228.1277,2.4877,-233.6736,0.262795
-228.3444,2.4919,-233.5366,0.262841
-228.5613,2.4960,-233.4006,0.262891
-228.7983,2.5006,-233.2532,0.262941
-229.0149,2.5046,-233.1192,0.262985
-229.2340,2.5088,-232.9857,0.263032
-229.4525,2.5133,-232.8540,0.263077
-229.6713,2.5178,-232.7234,0.263120
-229.8907,2.5223,-232.5941,0.263167
-230.1107,2.5267,-232.4661,0.263211
-230.3315,2.5311,-232.3398,0.263255
-230.5519,2.5353,-232.2151,0.263299
-230.7956,2.5403,-232.0804,0.263341
-231.0189,2.5449,-231.9595,0.263389
-231.2433,2.5495,-231.8406,0.263428
-231.4690,2.5540,-231.7240,0.263469
-231.6962,2.5585,-231.6101,0.263514
-231.9241,2.5627,-231.4992,0.263554
-232.1558,2.5672,-231.3910,0.263597
-232.3882,2.5717,-231.2866,0.263638
-232.6221,2.5761,-231.1856,0.263680
-232.8790,2.5808,-231.0793,0.263726
-233.1158,2.5851,-230.9853,0.263768
-233.3539,2.5891,-230.8942,0.263807
-233.5926,2.5935,-230.8065,0.263847
-233.8320,2.5978,-230.7218,0.263889
-234.0721,2.6021,-230.6401,0.263926
-234.3128,2.6062,-230.5615,0.263971
-234.5533,2.6101,-230.4862,0.264008
-234.7962,2.6145,-230.4140,0.264052
-235.0606,2.6194,-230.3395,0.264098
-235.3035,2.6238,-230.2747,0.264141
-235.5468,2.6281,-230.2131,0.264181
-235.7898,2.6323,-230.1546,0.264227
-236.0352,2.6367,-230.0988,0.264266
-236.2792,2.6414,-230.0461,0.264306
-236.5232,2.6461,-229.9962,0.264346
-236.7672,2.6507,-229.9490,0.264385
-237.0104,2.6550,-229.9047,0.264426
-237.2772,2.6591,-229.8597,0.264470
-237.5215,2.6629,-229.8215,0.264507
-237.7658,2.6666,-229.7860,0.264551
-238.0103,2.6703,-229.7534,0.264591
-238.2550,2.6738,-229.7237,0.264634
-238.4993,2.6772,-229.6965,0.264675
-238.7449,2.6804,-229.6720,0.264716
-238.9901,2.6840,-229.6501,0.264760
-239.2354,2.6874,-229.6305,0.264799
-239.4807,2.6908,-229.6135,0.264839
-239.7484,2.6944,-229.5977,0.264880
-239.9932,2.6975,-229.5856,0.264921
-240.2391,2.7006,-229.5758,0.264961
-240.4843,2.7038,-229.5683,0.265003
-240.7293,2.7071,-229.5630,0.265054
-240.9742,2.7102,-229.5600,0.265098
-241.2191,2.7133,-229.5593,0.265146
-241.4636,2.7162,-229.5608,0.265199
-241.7312,2.7193,-229.5654,0.265251
-241.9761,2.7222,-229.5721,0.265298
-242.2209,2.7251,-229.5813,0.265350
-242.4655,2.7279,-229.5929,0.265391
-242.7100,2.7307,-229.6072,0.265444
-242.9544,2.7333,-229.6243,0.265484
-243.1995,2.7357,-229.6449,0.265538
-243.4443,2.7382,-229.6691,0.265583
-243.7116,2.7408,-229.6999,0.265638
-243.9565,2.7431,-229.7322,0.265688
-244.2012,2.7452,-229.7684,0.265729
-244.4456,2.7471,-229.8082,0.265779
-244.6900,2.7489,-229.8522,0.265825
-244.9339,2.7506,-229.8999,0.265870
-245.1773,2.7522,-229.9518,0.265918
-245.4201,2.7536,-230.0076,0.265967
-245.6623,2.7549,-230.0675,0.266017
-245.9035,2.7560,-230.1313,0.266064
-246.1658,2.7568,-230.2054,0.266113
-246.4053,2.7575,-230.2775,0.266157
-246.6438,2.7580,-230.3534,0.266203
-246.8812,2.7583,-230.4333,0.266245
-247.1174,2.7586,-230.5171,0.266296
-247.3520,2.7586,-230.6046,0.266341
-247.5856,2.7583,-230.6959,0.266388
-247.8178,2.7579,-230.7910,0.266429
-248.0485,2.7574,-230.8898,0.266472
-248.2984,2.7567,-231.0016,0.266517
-248.5257,2.7560,-231.1078,0.266558
-248.7514,2.7551,-231.2175,0.266598
-248.9754,2.7540,-231.3309,0.266642
-249.1976,2.7527,-231.4477,0.266681
-249.4179,2.7514,-231.5681,0.266726
-249.6366,2.7499,-231.6920,0.266764
-249.8527,2.7485,-231.8188,0.266808
-250.0672,2.7466,-231.9489,0.266846
-250.2989,2.7445,-232.0943,0.266890
-250.5093,2.7425,-232.2302,0.266929
-250.7177,2.7404,-232.3685,0.266968
-250.9245,2.7384,-232.5092,0.267010
-251.1286,2.7361,-232.6512,0.267047
-251.3314,2.7336,-232.7952,0.267088
-251.5325,2.7311,-232.9404,0.267126
-251.7322,2.7285,-233.0863,0.267168
-251.9307,2.7259,-233.2321,0.267214
-252.1464,2.7234,-233.3912,0.267260
-252.3422,2.7209,-233.5357,0.267301
-252.5379,2.7181,-233.6805,0.267345
-252.7328,2.7153,-233.8251,0.267385
-252.9270,2.7125,-233.9700,0.267422
-253.1206,2.7096,-234.1153,0.267467
-253.3135,2.7070,-234.2619,0.267507
-253.5047,2.7044,-234.4083,0.267551
-253.6957,2.7011,-234.5562,0.267598
-253.9030,2.6976,-234.7188,0.267654
-254.0923,2.6942,-234.8690,0.267700
-254.2807,2.6909,-235.0203,0.267748
-254.4683,2.6875,-235.1727,0.267789
-254.6550,2.6844,-235.3268,0.267838
-254.8398,2.6809,-235.4811,0.267882
-255.0243,2.6770,-235.6376,0.267926
-255.2076,2.6730,-235.7960,0.267973
-255.3897,2.6689,-235.9563,0.268017
-255.5867,2.6644,-236.1331,0.268063
-255.7656,2.6602,-236.2967,0.268109
-255.9432,2.6563,-236.4622,0.268153
-256.1192,2.6523,-236.6283,0.268198
-256.2941,2.6483,-236.7959,0.268242
-256.4677,2.6441,-236.9647,0.268287
-256.6401,2.6400,-237.1347,0.268329
-256.8111,2.6358,-237.3059,0.268369
-256.9809,2.6315,-237.4778,0.268412
-257.1646,2.6269,-237.6659,0.268459
-257.3318,2.6227,-237.8389,0.268501
-257.4975,2.6185,-238.0109,0.268545
-257.6626,2.6138,-238.1831,0.268585
-257.8266,2.6091,-238.3546,0.268632
-257.9898,2.6045,-238.5251,0.268676
-258.1524,2.5999,-238.6941,0.268721
-258.3148,2.5954,-238.8614,0.268763
-258.4769,2.5909,-239.0269,0.268802
-258.6538,2.5861,-239.2052,0.268853
-258.8153,2.5819,-239.3666,0.268897
-258.9773,2.5771,-239.5265,0.268942
-259.1391,2.5724,-239.6851,0.268988
-259.3005,2.5678,-239.8426,0.269036
-259.4616,2.5631,-239.9992,0.269080
-259.6219,2.5585,-240.1551,0.269130
-259.7769,2.5532,-240.3140,0.269173
-259.9501,2.5473,-240.4835,0.269222
-260.1082,2.5419,-240.6386,0.269265
-260.2647,2.5613,-240.7950,0.269315
-260.4206,2.5557,-240.9501,0.269359
-260.5764,2.5501,-241.1055,0.269404
-260.7324,2.5444,-241.2617,0.269449
-260.8876,2.5388,-241.4189,0.269500
-261.0416,2.5330,-241.5777,0.269545
-261.1948,2.5271,-241.7380,0.269591
-261.3611,2.5206,-241.9147,0.269637
-261.5131,2.5145,-242.0793,0.269684
-261.6642,2.5084,-242.2458,0.269729
-261.8147,2.5022,-242.4136,0.269777
-261.9645,2.4961,-242.5820,0.269821
-262.1141,2.4899,-242.7522,0.269869
-262.2637,2.4836,-242.9234,0.269913
-262.4130,2.4772,-243.0959,0.269961
-262.5616,2.4708,-243.2700,0.270008
-262.7097,2.4645,-243.4458,0.270048
-262.8752,2.4570,-243.6461,0.270102
-263.0172,2.4510,-243.8187,0.270149
-263.1633,2.4446,-243.9990,0.270193
-263.3088,2.4380,-244.1798,0.270239
-263.4548,2.4313,-244.3610,0.270286
-263.6010,2.4246,-244.5423,0.270331
-263.7476,2.4180,-244.7235,0.270379
-263.8947,2.4115,-244.9048,0.270428
-264.0421,2.4052,-245.0860,0.270472
-264.2036,2.3982,-245.2838,0.270525
-264.3517,2.3917,-245.4659,0.270573
-264.4995,2.3852,-245.6481,0.270622
-264.6477,2.3784,-245.8309,0.270670
-264.7964,2.3474,-246.0136,0.270716
-264.9470,2.3658,-246.1981,0.270766
-265.0975,2.3600,-246.3816,0.270814
-265.2476,2.3546,-246.5640,0.270865
-265.3976,2.3243,-246.7459,0.270914
-265.5623,2.3432,-246.9460,0.270968
-265.7124,2.3378,-247.1306,0.271014
-265.8618,2.3324,-247.3153,0.271065
-266.0104,2.3020,-247.5002,0.271115
-266.1599,2.3215,-247.6862,0.271165
-266.3084,2.3160,-247.8732,0.271216
-266.4566,2.3106,-248.0594,0.271265
-266.6087,2.3045,-248.2507,0.271313
-266.7664,2.2993,-248.4483,0.271369
-266.9151,2.2939,-248.6348,0.271420
-267.0638,2.2884,-248.8204,0.271470
-267.2124,2.2829,-249.0056,0.271519
-267.3656,2.2727,-249.1957,0.271573
-267.5107,2.2720,-249.3760,0.271624
-267.6602,2.2667,-249.5608,0.271674
-267.8095,2.2615,-249.7446,0.271726
-267.9589,2.2314,-249.9279,0.271777
-268.1092,2.2512,-250.1122,0.271830
-268.2731,2.2455,-250.3120,0.271885
-268.4236,2.2400,-250.4940,0.271938
-268.5744,2.2103,-250.6758,0.271992
-268.7263,2.2291,-250.8577,0.272044
-268.8785,2.2239,-251.0393,0.272097
-269.0311,2.2191,-251.2196,0.272150
-269.1834,2.1895,-251.3991,0.272203
-269.3369,2.2096,-251.5791,0.272257
-269.4903,2.2048,-251.7595,0.272310
-269.6578,2.1996,-251.9549,0.272369
-269.8112,2.1700,-252.1333,0.272420
-269.9659,2.1901,-252.3120,0.272475
-270.1205,2.1853,-252.4911,0.272530
-270.2755,2.1805,-252.6687,0.272585
-270.4305,2.1756,-252.8454,0.272636
-270.5862,2.1459,-253.0220,0.272691
-270.7433,2.1662,-253.1997,0.272746
-270.9005,2.1619,-253.3766,0.272799
-271.0716,2.1572,-253.5680,0.272861
-271.2286,2.1282,-253.7435,0.272915
-271.3864,2.1488,-253.9202,0.272968
-271.5436,2.1445,-254.0970,0.273025
-271.7006,2.1398,-254.2731,0.273077
-271.8578,2.1110,-254.4498,0.273133
-272.0159,2.1308,-254.6271,0.273188
-272.1738,2.1267,-254.8048,0.273243
-272.3463,2.1227,-254.9970,0.273301
-272.5040,2.0943,-255.1723,0.273357
-272.6628,2.1155,-255.3479,0.273414
-272.8217,2.1119,-255.5239,0.273468
-272.9809,2.1083,-255.6983,0.273522
-273.1396,2.0799,-255.8717,0.273578
-273.3028,2.0876,-256.0490,0.273634
-273.4598,2.0976,-256.2205,0.273690
-273.6198,2.0939,-256.3945,0.273745
-273.7936,2.0649,-256.5832,0.273806
-273.9539,2.0613,-256.7567,0.273858
-274.1151,2.0833,-256.9319,0.273915
-274.2759,2.0803,-257.1061,0.273970
-274.4363,2.0775,-257.2787,0.274024
-274.5970,2.0498,-257.4514,0.274078
-274.7583,2.0718,-257.6250,0.274133
-274.9192,2.0688,-257.7982,0.274189
-275.0803,2.0652,-257.9703,0.274244
-275.2568,2.0380,-258.1586,0.274303
-275.4191,2.0586,-258.3316,0.274358
-275.5821,2.0560,-258.5051,0.274413
-275.7440,2.0541,-258.6760,0.274468
-275.9055,2.0272,-258.8466,0.274523
-276.0676,2.0502,-259.0176,0.274579
-276.2297,2.0483,-259.1887,0.274634
-276.3917,2.0464,-259.3585,0.274688
-276.5549,2.0309,-259.5295,0.274743
-276.7301,2.0424,-259.7128,0.274804
-276.8926,2.0405,-259.8835,0.274859
-277.0547,2.0384,-260.0534,0.274913
-277.2166,2.0361,-260.2236,0.274967
-277.3792,2.0340,-260.3948,0.275023
-277.5417,2.0322,-260.5668,0.275078
-277.7044,2.0305,-260.7397,0.275135
-277.8660,2.0291,-260.9119,0.275189
-278.0274,2.0027,-261.0846,0.275244
-278.2040,2.0261,-261.2740,0.275305
-278.3658,2.0247,-261.4483,0.275361
-278.5268,2.0233,-261.6219,0.275417
-278.6876,1.9969,-261.7960,0.275472
-278.8487,2.0204,-261.9705,0.275528
-279.0099,2.0190,-262.1451,0.275583
-279.1705,2.0175,-262.3187,0.275638
-279.3311,2.0159,-262.4928,0.275693
-279.4917,2.0145,-262.6675,0.275749
-279.6668,2.0129,-262.8582,0.275809
-279.8272,2.0116,-263.0328,0.275865
-279.9873,2.0104,-263.2073,0.275919
-280.1474,2.0091,-263.3820,0.275975
-280.3076,2.0079,-263.5568,0.276029
-280.4675,2.0067,-263.7316,0.276086
-280.6270,2.0054,-263.9066,0.276142
-280.7864,2.0042,-264.0819,0.276196
-280.9458,2.0029,-264.2573,0.276251
-281.1194,2.0015,-264.4487,0.276311
-281.2784,2.0003,-264.6244,0.276367
-281.4371,1.9991,-264.8003,0.276422
-281.5957,1.9978,-264.9764,0.276479
-281.7541,1.9966,-265.1526,0.276534
-281.9124,1.9953,-265.3291,0.276588
-282.0705,1.9941,-265.5057,0.276644
-282.2286,1.9677,-265.6816,0.276699
-282.3875,1.9663,-265.8570,0.276754
-282.5616,1.9648,-266.0490,0.276813
-282.7209,1.9634,-266.2262,0.276869
-282.8793,1.9620,-266.4034,0.276924
-283.0374,1.9606,-266.5806,0.276979
-283.1954,1.9592,-266.7581,0.277036
-283.3532,1.9578,-266.9358,0.277093
-283.5108,1.9564,-267.1134,0.277147
-283.6682,1.9550,-267.2908,0.277201
-283.8257,1.9536,-267.4682,0.277257
-283.9980,1.9521,-267.6610,0.277318
-284.1583,1.9355,-267.8356,0.277372
-284.3175,1.9569,-268.0069,0.277428
-284.4763,1.9571,-268.1806,0.277484
-284.6355,1.9573,-268.3535,0.277538
-284.7957,1.9575,-268.5251,0.277595
-284.9830,1.9629,-268.6652,0.277650
-285.1474,1.9608,-268.8302,0.277705
-285.3261,1.9670,-268.9793,0.277760
-285.5081,1.9644,-269.1557,0.277821
-285.6759,1.9621,-269.3163,0.277876
-285.8447,1.9597,-269.4757,0.277932
-286.0150,1.9576,-269.6331,0.277987
-286.1866,1.9556,-269.7889,0.278044
-286.3593,1.9535,-269.9440,0.278098
-286.5331,1.9514,-270.0976,0.278154
-286.6933,1.9402,-270.2655,0.278210
-286.8672,1.9362,-270.4154,0.278265
-287.0608,1.9312,-270.5789,0.278327
-287.2104,1.9167,-270.7626,0.278381
-287.3893,1.9142,-270.9116,0.278437
-287.5687,1.9117,-271.0622,0.278492
-287.7484,1.9092,-271.2137,0.278548
-287.9283,1.9067,-271.3650,0.278604
-288.1082,1.9042,-271.5160,0.278659
-288.2885,1.9017,-271.6670,0.278715
-288.4689,1.8992,-271.8181,0.278772
-288.6657,1.8965,-271.9829,0.278832
-288.8462,1.8940,-272.1340,0.278886
-289.0268,1.8915,-272.2851,0.278941
-289.2075,1.8890,-272.4363,0.278997
-289.3882,1.8865,-272.5877,0.279053
-289.5679,1.8832,-272.7379,0.279108
-289.7488,1.8798,-272.8885,0.279164
-289.9300,1.8764,-273.0387,0.279223
-290.1115,1.8730,-273.1884,0.279274
-290.3100,1.8693,-273.3510,0.279334
-290.4922,1.8659,-273.4992,0.279390
-290.6749,1.8625,-273.6468,0.279445
-290.8580,1.8591,-273.7936,0.279502
-291.0417,1.8557,-273.9398,0.279559
-291.2258,1.8523,-274.0854,0.279613
-291.4104,1.8489,-274.2303,0.279669
-291.5947,1.8455,-274.3741,0.279725
-291.7793,1.8421,-274.5175,0.279780
-291.9817,1.8384,-274.6735,0.279841
-292.1682,1.8351,-274.8158,0.279897
-292.3541,1.8312,-274.9564,0.279951
-292.5413,1.8270,-275.0972,0.280008
-292.7290,1.8229,-275.2377,0.280062
-292.9170,1.8187,-275.3780,0.280118
-293.1052,1.8146,-275.5179,0.280174
-293.2937,1.8104,-275.6575,0.280229
-293.4826,1.8063,-275.7965,0.280283
-293.6892,1.8017,-275.9474,0.280345
-293.8798,1.7976,-276.0855,0.280400
-294.0722,1.7934,-276.2241,0.280456
-294.2667,1.7891,-276.3633,0.280513
-294.4634,1.7849,-276.5035,0.280569
-294.6621,1.7805,-276.6448,0.280627
-294.8629,1.7762,-276.7874,0.280685
-295.0656,1.7718,-276.9314,0.280744
-295.2696,1.7675,-277.0764,0.280802
-295.4952,1.7619,-277.2363,0.280867
-295.7041,1.7567,-277.3839,0.280927
-295.9151,1.7515,-277.5323,0.280987
-296.1281,1.7462,-277.6814,0.281048
-296.3432,1.7410,-277.8314,0.281110
-296.5605,1.7356,-277.9821,0.281170
-296.7798,1.7302,-278.1335,0.281234
-297.0013,1.7248,-278.2856,0.281299
-297.2250,1.7193,-278.4383,0.281362
-297.4714,1.7133,-278.6055,0.281431
-297.6995,1.7078,-278.7594,0.281498
-297.9298,1.7022,-278.9140,0.281562
-298.1622,1.6965,-279.0694,0.281627
-298.3969,1.6909,-279.2259,0.281695
-298.6328,1.6849,-279.3823,0.281763
-298.8715,1.6786,-279.5399,0.281830
-299.1123,1.6722,-279.6980,0.281897
-299.3554,1.6658,-279.8566,0.281967
-299.6230,1.6588,-280.0302,0.282043
-299.8706,1.6523,-280.1897,0.282120
-300.1205,1.6458,-280.3497,0.282183
-300.3726,1.6392,-280.5103,0.282254
-300.6268,1.6326,-280.6716,0.282328
-300.8826,1.6259,-280.8335,0.282399
-301.1401,1.6192,-280.9961,0.282472
-301.3990,1.6125,-281.1596,0.282545
-301.6593,1.6057,-281.3240,0.282614
-301.9442,1.5983,-281.5043,0.282697
-302.2073,1.5911,-281.6702,0.282769
-302.4716,1.5838,-281.8365,0.282842
-302.7369,1.5766,-282.0029,0.282915
-303.0032,1.5693,-282.1693,0.282989
-303.2702,1.5620,-282.3358,0.283064
-303.5380,1.5547,-282.5027,0.283136
-303.8066,1.5474,-282.6700,0.283212
-304.0760,1.5400,-282.8377,0.283288
-304.3708,1.5320,-283.0210,0.283367
-304.6417,1.5246,-283.1892,0.283444
-304.9134,1.5172,-283.3574,0.283516
-305.1859,1.5098,-283.5255,0.283596
-305.4589,1.5025,-283.6935,0.283668
-305.7329,1.4949,-283.8614,0.283748
-306.0078,1.4872,-284.0294,0.283823
-306.2834,1.4796,-284.1974,0.283898
-306.5598,1.4719,-284.3654,0.283976
-306.8622,1.4636,-284.5486,0.284061
-307.1402,1.4559,-284.7165,0.284138
-307.4190,1.4482,-284.8845,0.284218
-307.6986,1.4405,-285.0524,0.284298
-307.9790,1.4327,-285.2203,0.284377
-308.2600,1.4250,-285.3885,0.284451
-308.5419,1.4172,-285.5566,0.284534
-308.8246,1.4094,-285.7247,0.284613
-309.1083,1.4017,-285.8930,0.284692
-309.4181,1.3932,-286.0763,0.284780
-309.7032,1.3854,-286.2444,0.284859
-309.9891,1.3776,-286.4127,0.284938
-310.2757,1.3697,-286.5809,0.285016
-310.5632,1.3618,-286.7488,0.285094
-310.8515,1.3539,-286.9166,0.285174
-311.1407,1.3460,-287.0841,0.285252
-311.4306,1.3381,-287.2516,0.285336
-311.7479,1.3295,-287.4343,0.285418
-312.0396,1.3215,-287.6016,0.285499
-312.3323,1.3135,-287.7690,0.285577
-312.6263,1.3055,-287.9363,0.285662
-312.9215,1.2975,-288.1034,0.285741
-313.2181,1.2896,-288.2701,0.285822
-313.5159,1.2817,-288.4364,0.285905
-313.8144,1.2738,-288.6023,0.285986
-314.1139,1.2659,-288.7678,0.286069
-314.4143,1.2579,-288.9332,0.286150
-314.7433,1.2492,-289.1135,0.286238
-315.0456,1.2412,-289.2786,0.286319
-315.3481,1.2333,-289.4434,0.286405
-315.6510,1.2253,-289.6078,0.286485
-315.9539,1.2173,-289.7720,0.286569
-316.2565,1.2093,-289.9355,0.286653
-316.5587,1.2014,-290.0985,0.286737
-316.8607,1.1934,-290.2607,0.286815
-317.1622,1.1855,-290.4222,0.286899
-317.4910,1.1769,-290.5978,0.286990
-317.7917,1.1690,-290.7577,0.287072
-318.0923,1.1611,-290.9170,0.287149
-318.3926,1.1532,-291.0755,0.287233
-318.6926,1.1453,-291.2332,0.287310
-318.9923,1.1375,-291.3903,0.287389
-319.2917,1.1296,-291.5466,0.287470
-319.6180,1.1210,-291.7166,0.287558
-319.8895,1.1139,-291.8578,0.287631
-320.2150,1.1054,-292.0267,0.287721
-320.5130,1.0976,-292.1810,0.287798
-320.8105,1.0898,-292.3347,0.287876
-321.1078,1.0820,-292.4878,0.287952
-321.4048,1.0742,-292.6401,0.288033
-321.7015,1.0665,-292.7916,0.288111
-321.9979,1.0587,-292.9423,0.288188
-322.2938,1.0512,-293.0922,0.288270
-322.6165,1.0427,-293.2549,0.288351
-322.9120,1.0350,-293.4033,0.288432
-323.2072,1.0273,-293.5511,0.288510
-323.5020,1.0195,-293.6982,0.288588
-323.7967,1.0118,-293.8449,0.288672
-324.0909,1.0041,-293.9912,0.288742
-324.3849,0.9965,-294.1373,0.288825
-324.6784,0.9888,-294.2834,0.288906
-324.9716,0.9811,-294.4291,0.288981
-325.2643,0.9735,-294.5745,0.289063
-325.5833,0.9652,-294.7326,0.289145
-325.8752,0.9575,-294.8772,0.289224
-326.1668,0.9499,-295.0217,0.289301
-326.4579,0.9423,-295.1661,0.289375
-326.7486,0.9347,-295.3105,0.289454
-327.0388,0.9271,-295.4548,0.289529
-327.3287,0.9196,-295.5989,0.289604
-327.6179,0.9121,-295.7422,0.289683
-327.9331,0.9039,-295.8982,0.289765
-328.2217,0.8963,-296.0406,0.289840
-328.5100,0.8888,-296.1827,0.289918
-328.7988,0.8812,-296.3247,0.289993
-329.0880,0.8737,-296.4667,0.290071
-329.3777,0.8661,-296.6087,0.290149
-329.6683,0.8586,-296.7510,0.290223
-329.9597,0.8509,-296.8934,0.290299
-330.2521,0.8433,-297.0362,0.290376
-330.5721,0.8350,-297.1924,0.290460
-330.8665,0.8273,-297.3359,0.290535
-331.1617,0.8196,-297.4799,0.290615
-331.4579,0.8119,-297.6243,0.290694
-331.7550,0.8041,-297.7691,0.290775
-332.0530,0.7964,-297.9143,0.290853
-332.3520,0.7886,-298.0598,0.290931
-332.6518,0.7808,-298.2057,0.291009
-332.9526,0.7730,-298.3521,0.291092
-333.2817,0.7644,-298.5121,0.291180
-333.5844,0.7566,-298.6591,0.291266
-333.8880,0.7487,-298.8067,0.291344
-334.1926,0.7407,-298.9547,0.291430
-334.4979,0.7328,-299.1032,0.291511
-334.8043,0.7248,-299.2523,0.291593
-335.1118,0.7168,-299.4019,0.291679
-335.4205,0.7088,-299.5522,0.291761
-335.7304,0.7007,-299.7029,0.291848
-336.0695,0.6919,-299.8679,0.291937
-336.3812,0.6838,-300.0193,0.292019
-336.6935,0.6757,-300.1709,0.292100
-337.0066,0.6675,-300.3227,0.292185
-337.3205,0.6594,-300.4746,0.292267
-337.6350,0.6512,-300.6266,0.292355
-337.9504,0.6430,-300.7789,0.292436
-338.2665,0.6348,-300.9314,0.292520
-338.5833,0.6266,-301.0842,0.292604
-338.9296,0.6177,-301.2511,0.292696
-339.2477,0.6095,-301.4044,0.292781
-339.5665,0.6012,-301.5580,0.292864
-339.8858,0.5930,-301.7117,0.292950
-340.2059,0.5847,-301.8657,0.293038
-340.5266,0.5764,-302.0198,0.293127
-340.8479,0.5681,-302.1741,0.293216
-341.1699,0.5598,-302.3286,0.293298
-341.4925,0.5515,-302.4833,0.293388
-341.8452,0.5424,-302.6523,0.293487
-342.1691,0.5340,-302.8074,0.293571
-342.4936,0.5257,-302.9627,0.293660
-342.8188,0.5173,-303.1181,0.293752
-343.1446,0.5089,-303.2737,0.293838
-343.4710,0.5005,-303.4294,0.293928
-343.7981,0.4920,-303.5852,0.294012
-344.1258,0.4836,-303.7411,0.294106
-344.4542,0.4752,-303.8973,0.294193
-344.8131,0.4660,-304.0677,0.294286
-345.1428,0.4576,-304.2241,0.294371
-345.4730,0.4492,-304.3806,0.294463
-345.8039,0.4407,-304.5372,0.294555
-346.1354,0.4323,-304.6939,0.294639
-346.4676,0.4238,-304.8507,0.294724
-346.8003,0.4153,-305.0078,0.294810
-347.1337,0.4068,-305.1649,0.294905
-347.4677,0.3983,-305.3220,0.294991
-347.8328,0.3890,-305.4937,0.295084
-348.1680,0.3805,-305.6512,0.295177
-348.5038,0.3719,-305.8088,0.295269
-348.8403,0.3634,-305.9665,0.295355
-349.1774,0.3548,-306.1243,0.295449
-349.5150,0.3462,-306.2822,0.295540
-349.8533,0.3376,-306.4403,0.295628
-350.1922,0.3290,-306.5986,0.295720
-350.5317,0.3205,-306.7569,0.295815
-350.9026,0.3112,-306.9298,0.295910
-351.2432,0.3026,-307.0884,0.296002
-351.5844,0.2941,-307.2471,0.296094
-351.9262,0.2855,-307.4059,0.296186
-352.2686,0.2769,-307.5649,0.296276
-352.6115,0.2683,-307.7242,0.296367
-352.9549,0.2597,-307.8837,0.296460
-353.2989,0.2511,-308.0438,0.296549
-353.6433,0.2425,-308.2044,0.296639
-354.0196,0.2331,-308.3802,0.296741
-354.3650,0.2244,-308.5419,0.296826
-354.7108,0.2157,-308.7039,0.296919
-355.0571,0.2070,-308.8665,0.297012
-355.4038,0.1983,-309.0294,0.297103
-355.7509,0.1896,-309.1927,0.297194
-356.0985,0.1808,-309.3567,0.297278
-356.4464,0.1722,-309.5210,0.297378
-356.7945,0.1635,-309.6855,0.297470
-357.1747,0.1540,-309.8653,0.297565
-357.5235,0.1453,-310.0304,0.297662
-357.8723,0.1366,-310.1956,0.297752
-358.2209,0.1278,-310.3611,0.297846
-358.5694,0.1191,-310.5269,0.297941
-358.9178,0.1104,-310.6933,0.298028
-359.2660,0.1017,-310.8603,0.298120
-359.6139,0.0930,-311.0278,0.298214
-359.9615,0.0843,-311.1957,0.298302
-360.3404,0.0748,-311.3789,0.298405
-360.6875,0.0661,-311.5468,0.298497
-361.0343,0.0574,-311.7147,0.298585
-361.3809,0.0487,-311.8823,0.298678
-361.7274,0.0400,-312.0498,0.298769
-362.0737,0.0315,-312.2170,0.298854
-362.4198,0.0229,-312.3842,0.298944
-362.7659,0.0143,-312.5512,0.299041
-363.1117,0.0057,-312.7180,0.299128
-363.4889,-0.0036,-312.9000,0.299230
-363.8344,-0.0122,-313.0668,0.299321
-364.1798,-0.0208,-313.2337,0.299408
-364.5251,-0.0293,-313.4009,0.299501
-364.8702,-0.0379,-313.5684,0.299590
-365.2150,-0.0465,-313.7362,0.299678
-365.5597,-0.0550,-313.9044,0.299769
-365.9041,-0.0636,-314.0725,0.299864
-366.2483,-0.0722,-314.2409,0.299947
-366.6236,-0.0815,-314.4244,0.300048
-366.9674,-0.0900,-314.5923,0.300139
-367.3112,-0.0986,-314.7600,0.300227
-367.6548,-0.1070,-314.9275,0.300318
-367.9983,-0.1155,-315.0947,0.300410
-368.3416,-0.1240,-315.2617,0.300499
-368.6850,-0.1325,-315.4285,0.300588
-369.0282,-0.1409,-315.5951,0.300678
-369.3713,-0.1494,-315.7615,0.300767
-369.7455,-0.1586,-315.9430,0.300865
-370.0885,-0.1671,-316.1092,0.300953
-370.4313,-0.1756,-316.2754,0.301043
-370.7740,-0.1840,-316.4415,0.301135
-371.1167,-0.1925,-316.6073,0.301221
-371.4594,-0.2009,-316.7731,0.301312
-371.8020,-0.2094,-316.9388,0.301400
-372.1444,-0.2178,-317.1043,0.301485
-372.4868,-0.2263,-317.2698,0.301576
-372.8603,-0.2355,-317.4503,0.301676
-373.2025,-0.2439,-317.6158,0.301762
-373.5445,-0.2523,-317.7812,0.301849
-373.8866,-0.2607,-317.9467,0.301940
-374.2285,-0.2692,-318.1122,0.302030
-374.5703,-0.2776,-318.2776,0.302120
-374.9117,-0.2860,-318.4428,0.302208
-375.2531,-0.2944,-318.6079,0.302294
-375.5942,-0.3028,-318.7729,0.302389
-375.9662,-0.3119,-318.9525,0.302487
-376.3069,-0.3203,-319.1171,0.302577
-376.6476,-0.3287,-319.2813,0.302662
-376.9880,-0.3371,-319.4455,0.302748
-377.3282,-0.3455,-319.6093,0.302839
-377.6682,-0.3538,-319.7731,0.302923
-378.0082,-0.3622,-319.9366,0.303013
-378.3479,-0.3705,-320.0999,0.303102
-378.6876,-0.3789,-320.2628,0.303191
-379.0579,-0.3880,-320.4403,0.303289
-379.3972,-0.3964,-320.6028,0.303375
-379.7364,-0.4048,-320.7652,0.303462
-380.0754,-0.4131,-320.9275,0.303548
-380.4144,-0.4215,-321.0897,0.303640
-380.7531,-0.4298,-321.2519,0.303728
-381.0916,-0.4382,-321.4144,0.303819
-381.4300,-0.4465,-321.5766,0.303903
-381.7682,-0.4549,-321.7388,0.303995
-382.1369,-0.4639,-321.9157,0.304083
-382.4747,-0.4723,-322.0777,0.304175
-382.8124,-0.4806,-322.2395,0.304261
-383.1498,-0.4889,-322.4012,0.304352
-383.4872,-0.4972,-322.5630,0.304438
-383.8243,-0.5056,-322.7245,0.304529
-384.1613,-0.5139,-322.8860,0.304618
-384.4980,-0.5222,-323.0474,0.304699
-384.8346,-0.5305,-323.2088,0.304789
-385.2016,-0.5397,-323.3846,0.304889
-385.5379,-0.5480,-323.5457,0.304971
-385.8739,-0.5564,-323.7069,0.305056
-386.2098,-0.5647,-323.8681,0.305146
-386.5454,-0.5731,-324.0294,0.305231
-386.8809,-0.5814,-324.1907,0.305320
-387.2162,-0.5897,-324.3520,0.305409
-387.5514,-0.5981,-324.5133,0.305495
-387.8870,-0.6064,-324.6749,0.305582
-388.2538,-0.6155,-324.8516,0.305677
-388.5910,-0.6239,-325.0139,0.305768
-388.9294,-0.6323,-325.1767,0.305854
-389.2688,-0.6408,-325.3398,0.305945
-389.6091,-0.6492,-325.5034,0.306033
-389.9501,-0.6577,-325.6673,0.306117
-390.2917,-0.6663,-325.8314,0.306213
-390.6341,-0.6749,-325.9959,0.306298
-390.9772,-0.6835,-326.1607,0.306387
-391.3523,-0.6930,-326.3408,0.306485
-391.6969,-0.7016,-326.5063,0.306576
-392.0422,-0.7103,-326.6721,0.306664
-392.3881,-0.7190,-326.8382,0.306754
-392.7348,-0.7277,-327.0048,0.306844
-393.0820,-0.7365,-327.1719,0.306935
-393.4300,-0.7453,-327.3395,0.307023
-393.7785,-0.7540,-327.5074,0.307115
-394.1595,-0.7636,-327.6910,0.307217
-394.5095,-0.7724,-327.8595,0.307312
-394.8600,-0.7813,-328.0283,0.307400
-395.2113,-0.7901,-328.1974,0.307486
-395.5632,-0.7990,-328.3667,0.307580
-395.9156,-0.8079,-328.5363,0.307670
-396.2689,-0.8169,-328.7062,0.307765
-396.6227,-0.8260,-328.8763,0.307859
-396.9772,-0.8350,-329.0466,0.307947
-397.3645,-0.8449,-329.2325,0.308048
-397.7201,-0.8540,-329.4031,0.308141
-398.0763,-0.8631,-329.5739,0.308235
-398.4330,-0.8722,-329.7450,0.308329
-398.7903,-0.8813,-329.9164,0.308423
-399.1481,-0.8905,-330.0882,0.308514
-399.5065,-0.8996,-330.2601,0.308608
-399.8654,-0.9088,-330.4323,0.308700
-400.2248,-0.9180,-330.6048,0.308792
-400.5848,-0.9272,-330.7776,0.308889
-400.9780,-0.9372,-330.9665,0.308994
-401.3390,-0.9465,-331.1401,0.309084
-401.7005,-0.9558,-331.3140,0.309179
-402.0624,-0.9652,-331.4882,0.309274
-402.4249,-0.9746,-331.6626,0.309368
-402.7879,-0.9840,-331.8373,0.309464
-403.1514,-0.9934,-332.0122,0.309560
-403.5154,-1.0028,-332.1874,0.309652
-403.8799,-1.0122,-332.3629,0.309745
-404.2780,-1.0225,-332.5547,0.309849
-404.6434,-1.0320,-332.7308,0.309945
-405.0094,-1.0415,-332.9070,0.310038
-405.3759,-1.0509,-333.0835,0.310134
-405.7428,-1.0604,-333.2600,0.310230
-406.1103,-1.0699,-333.4367,0.310325
-406.4783,-1.0795,-333.6136,0.310426
-406.8467,-1.0890,-333.7906,0.310520
-407.2493,-1.0995,-333.9841,0.310622
-407.6187,-1.1091,-334.1617,0.310718
-407.9887,-1.1188,-334.3395,0.310818
-408.3592,-1.1285,-334.5175,0.310911
-408.7302,-1.1381,-334.6958,0.311013
-409.1016,-1.1478,-334.8744,0.311100
-409.4734,-1.1575,-335.0531,0.311203
-409.8457,-1.1672,-335.2320,0.311295
-410.2183,-1.1769,-335.4111,0.311393
-410.6252,-1.1875,-335.6067,0.311498
-410.9986,-1.1973,-335.7864,0.311603
-411.3723,-1.2070,-335.9663,0.311697
-411.7463,-1.2168,-336.1465,0.311796
-412.1207,-1.2266,-336.3269,0.311893
-412.4955,-1.2364,-336.5076,0.311989
-412.8705,-1.2462,-336.6885,0.312084
-413.2459,-1.2560,-336.8696,0.312185
-413.6216,-1.2659,-337.0509,0.312283
-414.0319,-1.2766,-337.2491,0.312388
-414.4083,-1.2865,-337.4309,0.312485
-414.7850,-1.2964,-337.6130,0.312586
-415.1621,-1.3063,-337.7954,0.312684
-415.5394,-1.3162,-337.9782,0.312783
-415.9171,-1.3261,-338.1614,0.312880
-416.2950,-1.3360,-338.3451,0.312977
-416.6731,-1.3459,-338.5293,0.313078
-417.0515,-1.3558,-338.7139,0.313174
-417.4646,-1.3667,-338.9154,0.313278
-417.8435,-1.3767,-339.1004,0.313384
-418.2228,-1.3866,-339.2853,0.313480
-418.6024,-1.3966,-339.4703,0.313582
-418.9823,-1.4065,-339.6553,0.313682
-419.3625,-1.4165,-339.8403,0.313778
-419.7431,-1.4265,-340.0254,0.313877
-420.1240,-1.4365,-340.2104,0.313975
-420.5053,-1.4465,-340.3955,0.314074
-420.9217,-1.4574,-340.5977,0.314187
-421.3037,-1.4675,-340.7830,0.314283
-421.6862,-1.4775,-340.9683,0.314388
-422.0690,-1.4875,-341.1536,0.314488
-422.4521,-1.4976,-341.3393,0.314585
-422.8356,-1.5076,-341.5248,0.314689
-423.2195,-1.5177,-341.7104,0.314786
-423.6038,-1.5277,-341.8961,0.314882
-423.9888,-1.5377,-342.0819,0.314986
-424.4095,-1.5487,-342.2850,0.315093
-424.7956,-1.5588,-342.4712,0.315195
-425.1815,-1.5689,-342.6572,0.315298
-425.5670,-1.5789,-342.8432,0.315395
-425.9517,-1.5890,-343.0288,0.315493
-426.3353,-1.5990,-343.2141,0.315598
-426.7180,-1.6090,-343.3988,0.315698
-427.0998,-1.6189,-343.5829,0.315793
-427.4805,-1.6289,-343.7664,0.315900
-427.8603,-1.6388,-343.9494,0.316000
-428.2736,-1.6496,-344.1485,0.316102
-428.6515,-1.6594,-344.3304,0.316202
-429.0284,-1.6691,-344.5118,0.316299
-429.4044,-1.6788,-344.6927,0.316393
-429.7795,-1.6885,-344.8731,0.316496
-430.1537,-1.6982,-345.0529,0.316593
-430.5270,-1.7079,-345.2321,0.316687
-430.8994,-1.7175,-345.4109,0.316787
-431.3047,-1.7280,-345.6053,0.316893
-431.6752,-1.7376,-345.7831,0.316990
-432.0448,-1.7471,-345.9607,0.317088
-432.4135,-1.7567,-346.1379,0.317179
-432.7813,-1.7662,-346.3148,0.317280
-433.1482,-1.7757,-346.4915,0.317371
-433.5142,-1.7851,-346.6677,0.317470
-433.8792,-1.7946,-346.8437,0.317567
-434.2434,-1.8039,-347.0193,0.317657
-434.6396,-1.8141,-347.2105,0.317759
-435.0018,-1.8234,-347.3855,0.317856
-435.3632,-1.8327,-347.5600,0.317958
-435.7236,-1.8420,-347.7343,0.318048
-436.0832,-1.8513,-347.9081,0.318141
-436.4418,-1.8605,-348.0817,0.318234
-436.7996,-1.8697,-348.2549,0.318321
-437.1565,-1.8789,-348.4276,0.318413
-437.5126,-1.8881,-348.6000,0.318511
-437.9001,-1.8980,-348.7874,0.318613
-438.2545,-1.9072,-348.9587,0.318707
-438.6080,-1.9163,-349.1296,0.318800
-438.9607,-1.9253,-349.3000,0.318889
-439.3126,-1.9344,-349.4702,0.318984
-439.6637,-1.9434,-349.6400,0.319076
-440.0140,-1.9524,-349.8094,0.319166
-440.3634,-1.9614,-349.9784,0.319259
-440.7121,-1.9703,-350.1472,0.319346
-441.0915,-1.9800,-350.3308,0.319445
-441.4385,-1.9890,-350.4987,0.319538
-441.7847,-1.9978,-350.6663,0.319627
-442.1302,-2.0067,-350.8334,0.319722
-442.4749,-2.0156,-351.0001,0.319807
-442.8188,-2.0244,-351.1664,0.319901
-443.1620,-2.0332,-351.3325,0.319985
-443.5044,-2.0420,-351.4983,0.320078
-443.8460,-2.0508,-351.6639,0.320168
-444.2177,-2.0603,-351.8445,0.320264
-444.5577,-2.0690,-352.0100,0.320351
-444.8968,-2.0778,-352.1756,0.320441
-445.2351,-2.0864,-352.3411,0.320531
-445.5725,-2.0951,-352.5066,0.320615
-445.9092,-2.1037,-352.6718,0.320707
-446.2450,-2.1124,-352.8369,0.320798
-446.5800,-2.1210,-353.0017,0.320885
-446.9142,-2.1295,-353.1661,0.320965
-447.2780,-2.1389,-353.3448,0.321065
-447.6107,-2.1474,-353.5081,0.321152
-447.9427,-2.1559,-353.6710,0.321242
-448.2740,-2.1644,-353.8333,0.321336
-448.6046,-2.1729,-353.9952,0.321415
-448.9345,-2.1814,-354.1566,0.321504
-449.2642,-2.1898,-354.3179,0.321590
-449.5940,-2.1983,-354.4793,0.321670
-449.9240,-2.2068,-354.6407,0.321760
-450.2844,-2.2160,-354.8171,0.321857
-450.6152,-2.2245,-354.9789,0.321946
-450.9463,-2.2329,-355.1409,0.322029
-451.2776,-2.2414,-355.3032,0.322120
-451.6094,-2.2499,-355.4659,0.322203
-451.9414,-2.2584,-355.6290,0.322291
-452.2738,-2.2669,-355.7921,0.322377
-452.6065,-2.2754,-355.9555,0.322466
-452.9395,-2.2839,-356.1188,0.322550
-453.3032,-2.2932,-356.2972,0.322647
-453.6369,-2.3017,-356.4607,0.322734
-453.9709,-2.3103,-356.6245,0.322820
-454.3054,-2.3188,-356.7883,0.322913
-454.6401,-2.3274,-356.9522,0.322991
-454.9752,-2.3359,-357.1163,0.323088
-455.3107,-2.3445,-357.2802,0.323170
-455.6465,-2.3531,-357.4440,0.323262
-455.9827,-2.3616,-357.6079,0.323347
-456.3499,-2.3710,-357.7867,0.323445
-456.6869,-2.3795,-357.9505,0.323533
-457.0243,-2.3881,-358.1144,0.323619
-457.3621,-2.3967,-358.2783,0.323710
-457.7003,-2.4053,-358.4422,0.323800
-458.0388,-2.4139,-358.6061,0.323889
-458.3777,-2.4225,-358.7701,0.323981
-458.7170,-2.4311,-358.9340,0.324065
-459.0566,-2.4397,-359.0981,0.324154
-459.4275,-2.4492,-359.2775,0.324250
-459.7678,-2.4578,-359.4419,0.324342
-460.1085,-2.4664,-359.6063,0.324427
-460.4495,-2.4751,-359.7707,0.324519
-460.7910,-2.4838,-359.9349,0.324606
-461.1328,-2.4924,-360.0991,0.324698
-461.4749,-2.5011,-360.2632,0.324784
-461.8174,-2.5097,-360.4273,0.324874
-462.1603,-2.5184,-360.5914,0.324961
-462.5348,-2.5278,-360.7704,0.325063
-462.8784,-2.5365,-360.9345,0.325153
-463.2225,-2.5452,-361.0986,0.325239
-463.5669,-2.5538,-361.2628,0.325333
-463.9116,-2.5625,-361.4270,0.325425
-464.2567,-2.5712,-361.5914,0.325510
-464.6021,-2.5799,-361.7560,0.325605
-464.9478,-2.5886,-361.9208,0.325689
-465.2939,-2.5974,-362.0856,0.325783
-465.6718,-2.6069,-362.2655,0.325885
-466.0186,-2.6156,-362.4305,0.325974
-466.3656,-2.6244,-362.5958,0.326061
-466.7130,-2.6331,-362.7614,0.326152
-467.0605,-2.6419,-362.9273,0.326240
-467.4083,-2.6506,-363.0935,0.326333
-467.7563,-2.6593,-363.2600,0.326430
-468.1047,-2.6681,-363.4267,0.326521
-468.4532,-2.6768,-363.5935,0.326612
-468.8337,-2.6864,-363.7758,0.326712
-469.1827,-2.6951,-363.9430,0.326801
-469.5320,-2.7039,-364.1105,0.326896
-469.8815,-2.7127,-364.2780,0.326991
-470.2313,-2.7214,-364.4458,0.327073
-470.5813,-2.7302,-364.6136,0.327168
-470.9315,-2.7390,-364.7818,0.327264
-471.2820,-2.7478,-364.9502,0.327351
-471.6326,-2.7566,-365.1189,0.327448
-472.0154,-2.7662,-365.3033,0.327548
-472.3665,-2.7750,-365.4726,0.327638
-472.7179,-2.7839,-365.6420,0.327727
-473.0695,-2.7926,-365.8116,0.327820
-473.4212,-2.8014,-365.9810,0.327915
-473.7733,-2.8102,-366.1505,0.328003
-474.1255,-2.8190,-366.3200,0.328097
-474.4780,-2.8277,-366.4895,0.328190
-474.8308,-2.8365,-366.6591,0.328280
-475.2159,-2.8461,-366.8441,0.328380
-475.5693,-2.8549,-367.0136,0.328475
-475.9230,-2.8637,-367.1831,0.328565
-476.2769,-2.8725,-367.3526,0.328660
-476.6310,-2.8814,-367.5222,0.328756
-476.9855,-2.8902,-367.6918,0.328851
-477.3403,-2.8990,-367.8617,0.328940
-477.6953,-2.9079,-368.0315,0.329038
-478.0505,-2.9167,-368.2014,0.329135
-478.4384,-2.9264,-368.3869,0.329239
-478.7943,-2.9352,-368.5571,0.329336
-479.1503,-2.9440,-368.7276,0.329430
-479.5066,-2.9529,-368.8983,0.329524
-479.8630,-2.9617,-369.0694,0.329620
-480.2197,-2.9706,-369.2411,0.329714
-480.5765,-2.9794,-369.4130,0.329807
-480.9334,-2.9883,-369.5853,0.329901
-481.2906,-2.9972,-369.7579,0.329990
-481.6803,-3.0068,-369.9464,0.330088
-482.0378,-3.0157,-370.1194,0.330190
-482.3953,-3.0246,-370.2925,0.330280
-482.7532,-3.0335,-370.4657,0.330380
-483.1111,-3.0424,-370.6391,0.330474
-483.4693,-3.0513,-370.8128,0.330568
-483.8275,-3.0602,-370.9867,0.330661
-484.1861,-3.0691,-371.1609,0.330759
-484.5773,-3.0788,-371.3512,0.330863
-484.9360,-3.0877,-371.5261,0.330955
-485.2949,-3.0966,-371.7012,0.331053
-485.6540,-3.1055,-371.8764,0.331144
-486.0132,-3.1145,-372.0519,0.331239
-486.3725,-3.1234,-372.2274,0.331335
-486.7321,-3.1323,-372.4030,0.331428
-487.0919,-3.1412,-372.5785,0.331526
-487.4518,-3.1502,-372.7541,0.331618
-487.8119,-3.1591,-372.9297,0.331715
-488.2049,-3.1688,-373.1214,0.331816
-488.5655,-3.1778,-373.2975,0.331917
-488.9261,-3.1867,-373.4737,0.332009
-489.2870,-3.1957,-373.6502,0.332104
-489.6481,-3.2047,-373.8268,0.332206
-490.0093,-3.2136,-374.0036,0.332297
-490.4036,-3.2234,-374.1966,0.332402
-490.7323,-3.2316,-374.3576,0.332490
-491.0941,-3.2405,-374.5349,0.332587
-491.4891,-3.2503,-374.7285,0.332695
-491.8511,-3.2593,-374.9061,0.332785
-492.2128,-3.2682,-375.0835,0.332886
-492.5738,-3.2772,-375.2605,0.332976
-492.9343,-3.2861,-375.4371,0.333073
-493.2947,-3.2950,-375.6137,0.333171
-493.6552,-3.3040,-375.7902,0.333262
-494.0155,-3.3129,-375.9666,0.333358
-494.3750,-3.3218,-376.1424,0.333451
-494.7662,-3.3315,-376.3337,0.333559
-495.1247,-3.3403,-376.5089,0.333648
-495.4829,-3.3492,-376.6837,0.333740
-495.8407,-3.3581,-376.8582,0.333836
-496.1978,-3.3669,-377.0321,0.333931
-496.5540,-3.3757,-377.2054,0.334027
-496.9095,-3.3845,-377.3781,0.334120
-497.2642,-3.3932,-377.5502,0.334213
-497.6182,-3.4020,-377.7218,0.334308
-498.0034,-3.4115,-377.9084,0.334408
-498.3557,-3.4202,-378.0788,0.334493
-498.7073,-3.4288,-378.2486,0.334587
-499.0582,-3.4375,-378.4179,0.334680
-499.4083,-3.4461,-378.5868,0.334770
-499.7576,-3.4547,-378.7554,0.334862
-500.1062,-3.4633,-378.9236,0.334954
-500.4540,-3.4719,-379.0914,0.335043
-500.8326,-3.4812,-379.2740,0.335145
-501.1789,-3.4898,-379.4409,0.335233
-501.5244,-3.4983,-379.6071,0.335325
-501.8691,-3.5068,-379.7731,0.335413
-502.2131,-3.5153,-379.9389,0.335502
-502.5563,-3.5237,-380.1046,0.335592
-502.8983,-3.5322,-380.2701,0.335678
-503.2387,-3.5405,-380.4349,0.335770
-503.5772,-3.5489,-380.5989,0.335860
-503.9441,-3.5579,-380.7766,0.335956
-504.2784,-3.5662,-380.9384,0.336045
-504.6104,-3.5744,-381.0989,0.336131
-504.9401,-3.5825,-381.2583,0.336213
-505.2675,-3.5906,-381.4165,0.336303
-505.5927,-3.5986,-381.5736,0.336386
-505.9156,-3.6066,-381.7295,0.336472
-506.2363,-3.6145,-381.8843,0.336551
-506.5549,-3.6223,-382.0383,0.336639
-506.8714,-3.6301,-382.1914,0.336722
-507.2144,-3.6386,-382.3573,0.336812
-507.5266,-3.6463,-382.5085,0.336890
-507.8369,-3.6539,-382.6587,0.336972
-508.1453,-3.6615,-382.8079,0.337054
-508.4519,-3.6691,-382.9561,0.337137
-508.7568,-3.6766,-383.1035,0.337218
-509.0605,-3.6841,-383.2501,0.337297
-509.3629,-3.6916,-383.3962,0.337372
-509.6915,-3.6997,-383.5548,0.337461
-509.9915,-3.7071,-383.6995,0.337542
-510.2903,-3.7144,-383.8435,0.337621
-510.5879,-3.7218,-383.9868,0.337699
-510.8842,-3.7291,-384.1293,0.337774
-511.1791,-3.7363,-384.2710,0.337855
-511.4728,-3.7436,-384.4120,0.337930
-511.7652,-3.7508,-384.5524,0.338009
-512.0566,-3.7579,-384.6921,0.338084
-512.3733,-3.7657,-384.8439,0.338166
-512.6631,-3.7728,-384.9826,0.338240
-512.9524,-3.7798,-385.1209,0.338314
-513.2412,-3.7868,-385.2588,0.338395
-513.5294,-3.7937,-385.3963,0.338468
-513.8168,-3.8007,-385.5331,0.338547
-514.1033,-3.8076,-385.6694,0.338619
-514.3887,-3.8144,-385.8051,0.338695
-514.6729,-3.8213,-385.9400,0.338769
-514.9811,-3.8287,-386.0863,0.338850
-515.2618,-3.8355,-386.2194,0.338928
-515.5409,-3.8422,-386.3515,0.338997
-515.8181,-3.8489,-386.4827,0.339070
-516.0933,-3.8555,-386.6129,0.339143
-516.3668,-3.8621,-386.7419,0.339218
-516.6382,-3.8686,-386.8701,0.339284
-516.9077,-3.8751,-386.9971,0.339359
-517.1750,-3.8815,-387.1230,0.339426
-517.4645,-3.8885,-387.2594,0.339501
-517.7278,-3.8949,-387.3832,0.339575
-517.9891,-3.9012,-387.5062,0.339641
-518.2483,-3.9074,-387.6282,0.339709
-518.5057,-3.9136,-387.7492,0.339777
-518.7615,-3.9198,-387.8695,0.339846
-519.0162,-3.9260,-387.9892,0.339911
-519.2700,-3.9321,-388.1084,0.339981
-519.5229,-3.9382,-388.2272,0.340051
-519.7983,-3.9448,-388.3565,0.340122
-520.0507,-3.9509,-388.4749,0.340190
-520.3029,-3.9570,-388.5931,0.340257
-520.5546,-3.9630,-388.7110,0.340323
-520.8058,-3.9691,-388.8284,0.340388
-521.0561,-3.9751,-388.9452,0.340459
-521.3053,-3.9811,-389.0614,0.340521
-521.5531,-3.9871,-389.1768,0.340588
-521.7994,-3.9931,-389.2916,0.340655
-522.0664,-3.9995,-389.4157,0.340723
-522.3095,-4.0054,-389.5287,0.340788
-522.5510,-4.0113,-389.6409,0.340854
-522.7910,-4.0171,-389.7522,0.340919
-523.0297,-4.0229,-389.8628,0.340982
-523.2670,-4.0286,-389.9727,0.341045
-523.5032,-4.0343,-390.0821,0.341110
-523.7385,-4.0400,-390.1909,0.341172
-523.9730,-4.0457,-390.2993,0.341232
-524.2276,-4.0519,-390.4169,0.341302
-524.4601,-4.0575,-390.5241,0.341365
-524.6915,-4.0631,-390.6308,0.341428
-524.9218,-4.0687,-390.7368,0.341491
-525.1506,-4.0742,-390.8420,0.341552
-525.3780,-4.0797,-390.9465,0.341612
-525.6038,-4.0852,-391.0503,0.341675
-525.8280,-4.0907,-391.1532,0.341734
-526.0507,-4.0962,-391.2553,0.341796
-526.2917,-4.1021,-391.3658,0.341858
-526.5298,-4.1307,-391.4275,0.341918
-526.7474,-4.1336,-391.5284,0.341973
-526.9638,-4.1362,-391.6266,0.342031
-527.1805,-4.1383,-391.7202,0.342090
-527.3956,-4.1408,-391.8144,0.342148
-527.6092,-4.1438,-391.9097,0.342204
-527.8218,-4.1472,-392.0056,0.342260
-528.0345,-4.1508,-392.1013,0.342319
-528.2665,-4.1551,-392.2053,0.342378
-528.4794,-4.1591,-392.2995,0.342435
-528.6923,-4.1634,-392.3934,0.342488
-528.9038,-4.1682,-392.4880,0.342548
-529.1160,-4.1741,-392.5830,0.342605
-529.3287,-4.1802,-392.6779,0.342659
-529.5417,-4.1866,-392.7731,0.342719
-529.7555,-4.1930,-392.8680,0.342772
-529.9699,-4.1997,-392.9632,0.342830
-530.2046,-4.2070,-393.0672,0.342892
-530.4203,-4.2138,-393.1628,0.342947
-530.6365,-4.2205,-393.2585,0.343005
-530.8531,-4.2272,-393.3543,0.343059
-531.0699,-4.2338,-393.4503,0.343115
-531.2867,-4.2401,-393.5461,0.343173
-531.5034,-4.2463,-393.6417,0.343234
-531.7202,-4.2521,-393.7371,0.343290
-531.9370,-4.2576,-393.8323,0.343345
-532.1735,-4.2631,-393.9357,0.343412
-532.3887,-4.2684,-394.0292,0.343461
-532.6055,-4.2744,-394.1229,0.343521
-532.8228,-4.2799,-394.2159,0.343575
-533.0402,-4.2848,-394.3079,0.343633
-533.2576,-4.2892,-394.3985,0.343690
-533.4752,-4.2931,-394.4878,0.343748
-533.6931,-4.2965,-394.5756,0.343805
-533.9113,-4.2993,-394.6617,0.343860
-534.1497,-4.3019,-394.7533,0.343922
-534.3797,-4.2898,-394.8087,0.343978
-534.5983,-4.2890,-394.8862,0.344034
-534.8154,-4.2880,-394.9626,0.344089
-535.0321,-4.2868,-395.0378,0.344147
-535.2213,-4.3084,-395.1768,0.344202
-535.4377,-4.3107,-395.2498,0.344258
-535.6606,-4.3114,-395.3116,0.344313
-535.8693,-4.3356,-395.3929,0.344367
-536.1069,-4.3413,-395.4666,0.344428
-536.3261,-4.3465,-395.5341,0.344484
-536.5458,-4.3517,-395.6021,0.344539
-536.7748,-4.3541,-395.6463,0.344598
-536.9958,-4.3582,-395.7136,0.344653
-537.2176,-4.3624,-395.7807,0.344709
-537.4405,-4.3664,-395.8470,0.344765
-537.6642,-4.3704,-395.9127,0.344821
-537.8885,-4.3743,-395.9777,0.344878
-538.1336,-4.3786,-396.0482,0.344940
-538.3588,-4.3824,-396.1122,0.344998
-538.5844,-4.3861,-396.1742,0.345054
-538.8103,-4.3897,-396.2361,0.345108
-539.0362,-4.3934,-396.2984,0.345165
-539.2620,-4.3972,-396.3601,0.345222
-539.4885,-4.4012,-396.4214,0.345279
-539.7151,-4.4052,-396.4820,0.345335
-539.9421,-4.4092,-396.5417,0.345393
-540.1899,-4.4134,-396.6057,0.345456
-540.4172,-4.4171,-396.6637,0.345510
-540.6448,-4.4209,-396.7214,0.345565
-540.8726,-4.4246,-396.7794,0.345625
-541.1008,-4.4285,-396.8382,0.345680
-541.3290,-4.4324,-396.8981,0.345738
-541.5574,-4.4365,-396.9592,0.345796
-541.7858,-4.4406,-397.0205,0.345853
-542.0142,-4.4447,-397.0819,0.345908
-542.2634,-4.4492,-397.1484,0.345969
-542.4918,-4.4532,-397.2086,0.346024
-542.7203,-4.4571,-397.2680,0.346080
-542.9482,-4.4611,-397.3264,0.346139
-543.1766,-4.4654,-397.3844,0.346193
-543.4051,-4.4697,-397.4422,0.346252
-543.6337,-4.4739,-397.5001,0.346307
-543.8624,-4.4782,-397.5584,0.346363
-544.0912,-4.4826,-397.6170,0.346416
-544.3408,-4.4873,-397.6811,0.346480
-544.5696,-4.4917,-397.7398,0.346537
-544.7985,-4.4960,-397.7981,0.346591
-545.0273,-4.5003,-397.8557,0.346648
-545.2563,-4.5045,-397.9126,0.346702
-545.4854,-4.5087,-397.9692,0.346757
-545.7145,-4.5129,-398.0254,0.346815
-545.9437,-4.5170,-398.0814,0.346870
-546.1729,-4.5211,-398.1373,0.346926
-546.4224,-4.5257,-398.1985,0.346989
-546.6519,-4.5304,-398.2550,0.347044
-546.8813,-4.5352,-398.3119,0.347100
-547.1107,-4.5399,-398.3687,0.347155
-547.3401,-4.5446,-398.4253,0.347211
-547.5693,-4.5494,-398.4818,0.347268
-547.7986,-4.5541,-398.5375,0.347322
-548.0280,-4.5587,-398.5929,0.347379
-548.2574,-4.5634,-398.6481,0.347434
-548.5078,-4.5684,-398.7081,0.347493
-548.7374,-4.5730,-398.7629,0.347550
-548.9670,-4.5776,-398.8175,0.347605
-549.1968,-4.5822,-398.8718,0.347660
-549.4266,-4.5867,-398.9257,0.347716
-549.6565,-4.5912,-398.9794,0.347772
-549.8856,-4.5957,-399.0326,0.347827
-550.1155,-4.6008,-399.0856,0.347881
-550.3453,-4.6058,-399.1382,0.347937
-550.5962,-4.6112,-399.1953,0.347997
-550.8262,-4.6162,-399.2473,0.348052
-551.0565,-4.6212,-399.2989,0.348110
-551.2868,-4.6261,-399.3502,0.348163
-551.5171,-4.6310,-399.4010,0.348217
-551.7474,-4.6359,-399.4516,0.348275
-551.9778,-4.6408,-399.5018,0.348330
-552.2081,-4.6456,-399.5517,0.348384
-552.4385,-4.6504,-399.6013,0.348441
-552.6898,-4.6556,-399.6550,0.348499
-552.9202,-4.6603,-399.7036,0.348553
-553.1507,-4.6649,-399.7516,0.348609
-553.3806,-4.6697,-399.7986,0.348664
-553.6113,-4.6749,-399.8449,0.348720
-553.8420,-4.6800,-399.8905,0.348776
-554.0727,-4.6850,-399.9353,0.348830
-554.3034,-4.6900,-399.9797,0.348884
-554.5343,-4.6949,-400.0233,0.348939
-554.7865,-4.7003,-400.0703,0.349000
-555.0177,-4.7051,-400.1130,0.349055
-555.2490,-4.7100,-400.1554,0.349111
-555.4805,-4.7148,-400.1978,0.349167
-555.7120,-4.7196,-400.2401,0.349220
-555.9435,-4.7244,-400.2821,0.349276
-556.1752,-4.7292,-400.3237,0.349332
-556.4069,-4.7339,-400.3648,0.349386
-556.6388,-4.7386,-400.4055,0.349441
-556.8912,-4.7441,-400.4492,0.349503
-557.1232,-4.7494,-400.4890,0.349557
-557.3553,-4.7546,-400.5284,0.349612
-557.5872,-4.7599,-400.5673,0.349668
-557.8193,-4.7651,-400.6053,0.349723
-558.0516,-4.7702,-400.6428,0.349778
-558.2838,-4.7752,-400.6795,0.349833
-558.5163,-4.7802,-400.7158,0.349888
-558.7699,-4.7856,-400.7547,0.349948
-559.0023,-4.7905,-400.7895,0.350004
-559.2346,-4.7953,-400.8236,0.350060
-559.4669,-4.8001,-400.8569,0.350115
-559.6995,-4.8048,-400.8896,0.350169
-559.9321,-4.8094,-400.9218,0.350225
-560.1650,-4.8141,-400.9536,0.350281
-560.3970,-4.8191,-400.9848,0.350335
-560.6300,-4.8243,-401.0157,0.350391
-560.8630,-4.8295,-401.0464,0.350446
-561.1173,-4.8352,-401.0795,0.350506
-561.3504,-4.8404,-401.1095,0.350562
-561.5836,-4.8456,-401.1391,0.350617
-561.8169,-4.8507,-401.1683,0.350673
-562.0504,-4.8558,-401.1970,0.350728
-562.2839,-4.8608,-401.2252,0.350783
-562.5176,-4.8658,-401.2530,0.350839
-562.7513,-4.8707,-401.2804,0.350894
-562.9851,-4.8757,-401.3074,0.350950
-563.2402,-4.8810,-401.3364,0.351010
-563.4741,-4.8858,-401.3624,0.351066
-563.7078,-4.8906,-401.3878,0.351121
-563.9409,-4.8957,-401.4127,0.351177
-564.1746,-4.9009,-401.4370,0.351232
-564.4084,-4.9061,-401.4609,0.351287
-564.6423,-4.9113,-401.4844,0.351343
-564.8763,-4.9164,-401.5071,0.351399
-565.1317,-4.9219,-401.5311,0.351459
-565.3658,-4.9269,-401.5526,0.351515
-565.6000,-4.9319,-401.5735,0.351570
-565.8343,-4.9368,-401.5939,0.351626
-566.0684,-4.9417,-401.6137,0.351681
-566.3026,-4.9465,-401.6330,0.351737
-566.5367,-4.9513,-401.6516,0.351792
-566.7709,-4.9560,-401.6695,0.351847
-567.0051,-4.9607,-401.6869,0.351903
-567.2606,-4.9657,-401.7055,0.351963
-567.4943,-4.9703,-401.7223,0.352019
-567.7286,-4.9754,-401.7389,0.352074
-567.9630,-4.9805,-401.7549,0.352130
-568.1977,-4.9855,-401.7708,0.352186
-568.4326,-4.9906,-401.7863,0.352241
-568.6675,-4.9956,-401.8018,0.352297
-568.9026,-5.0006,-401.8172,0.352353
-569.1378,-5.0057,-401.8326,0.352408
-569.3945,-5.0111,-401.8490,0.352468
-569.6296,-5.0161,-401.8635,0.352524
-569.8649,-5.0210,-401.8776,0.352579
-570.1002,-5.0259,-401.8913,0.352635
-570.3353,-5.0308,-401.9045,0.352690
-570.5706,-5.0356,-401.9174,0.352746
-570.8057,-5.0403,-401.9295,0.352801
-571.0407,-5.0450,-401.9408,0.352857
-571.2750,-5.0498,-401.9514,0.352912
-571.5311,-5.0553,-401.9622,0.352973
-571.7660,-5.0604,-401.9716,0.353028
-572.0008,-5.0655,-401.9809,0.353084
-572.2357,-5.0706,-401.9894,0.353139
-572.4705,-5.0756,-401.9976,0.353194
-572.7054,-5.0805,-402.0052,0.353249
-572.9402,-5.0854,-402.0124,0.353306
-573.1751,-5.0903,-402.0193,0.353361
-573.4100,-5.0952,-402.0258,0.353416
-573.6664,-5.1004,-402.0323,0.353477
-573.9016,-5.1052,-402.0377,0.353532
-574.1367,-5.1099,-402.0426,0.353588
-574.3718,-5.1146,-402.0472,0.353644
-574.6072,-5.1193,-402.0515,0.353700
-574.8425,-5.1240,-402.0558,0.353755
-575.0771,-5.1289,-402.0599,0.353811
-575.3126,-5.1341,-402.0636,0.353866
-575.5480,-5.1393,-402.0670,0.353921
-575.8051,-5.1450,-402.0703,0.353982
-576.0405,-5.1502,-402.0728,0.354037
-576.2761,-5.1553,-402.0749,0.354093
-576.5117,-5.1605,-402.0768,0.354148
-576.7473,-5.1655,-402.0782,0.354204
-576.9828,-5.1706,-402.0791,0.354259
-577.2184,-5.1756,-402.0797,0.354314
-577.4540,-5.1806,-402.0799,0.354370
-577.6896,-5.1855,-402.0798,0.354426
-577.9466,-5.1909,-402.0796,0.354486
-578.1821,-5.1958,-402.0789,0.354542
-578.4177,-5.2007,-402.0777,0.354597
-578.6531,-5.2055,-402.0760,0.354652
-578.8878,-5.2105,-402.0738,0.354708
-579.1231,-5.2159,-402.0710,0.354763
-579.3586,-5.2213,-402.0679,0.354819
-579.5939,-5.2266,-402.0643,0.354874
-579.8292,-5.2319,-402.0600,0.354930
-580.0856,-5.2376,-402.0545,0.354990
-580.3206,-5.2428,-402.0489,0.355045
-580.5556,-5.2479,-402.0427,0.355101
-580.7906,-5.2530,-402.0361,0.355157
-581.0256,-5.2580,-402.0289,0.355211
-581.2605,-5.2630,-402.0212,0.355267
-581.4953,-5.2679,-402.0128,0.355323
-581.7300,-5.2728,-402.0037,0.355377
-581.9645,-5.2776,-401.9941,0.355434
-582.2206,-5.2828,-401.9832,0.355494
-582.4553,-5.2876,-401.9727,0.355550
-582.6890,-5.2925,-401.9618,0.355605
-582.9238,-5.2978,-401.9503,0.355660
-583.1586,-5.3032,-401.9384,0.355715
-583.3935,-5.3085,-401.9262,0.355770
-583.6286,-5.3139,-401.9141,0.355826
-583.8639,-5.3193,-401.9018,0.355882
-584.0992,-5.3246,-401.8893,0.355937
-584.3558,-5.3304,-401.8753,0.355997
-584.5908,-5.3357,-401.8618,0.356053
-584.8258,-5.3409,-401.8477,0.356108
-585.0606,-5.3460,-401.8330,0.356163
-585.2953,-5.3512,-401.8178,0.356219
-585.5298,-5.3562,-401.8018,0.356274
-585.7643,-5.3612,-401.7851,0.356329
-585.9986,-5.3660,-401.7674,0.356384
-586.2327,-5.3709,-401.7489,0.356441
-586.4880,-5.3760,-401.7278,0.356501
-586.7209,-5.3813,-401.7079,0.356557
-586.9549,-5.3867,-401.6872,0.356612
-587.1888,-5.3920,-401.6658,0.356667
-587.4225,-5.3973,-401.6436,0.356723
-587.6562,-5.4025,-401.6208,0.356778
-587.8896,-5.4077,-401.5971,0.356834
-588.1229,-5.4128,-401.5729,0.356890
-588.3563,-5.4179,-401.5482,0.356945
-588.6107,-5.4233,-401.5206,0.357003
-588.8438,-5.4283,-401.4945,0.357060
-589.0768,-5.4332,-401.4678,0.357114
-589.3098,-5.4380,-401.4404,0.357170
-589.5430,-5.4428,-401.4124,0.357226
-589.7760,-5.4475,-401.3840,0.357280
-590.0090,-5.4522,-401.3549,0.357336
-590.2419,-5.4569,-401.3253,0.357393
-590.4733,-5.4615,-401.2952,0.357447
-590.7268,-5.4676,-401.2614,0.357508
-590.9595,-5.4732,-401.2299,0.357562
-591.1923,-5.4789,-401.1984,0.357617
-591.4252,-5.4845,-401.1663,0.357672
-591.6580,-5.4900,-401.1339,0.357728
-591.8907,-5.4956,-401.1010,0.357780
-592.1236,-5.5011,-401.0677,0.357835
-592.3564,-5.5065,-401.0339,0.357892
-592.5892,-5.5120,-400.9998,0.357944
-592.8433,-5.5179,-400.9622,0.358006
-593.0762,-5.5233,-400.9272,0.358062
-593.3090,-5.5286,-400.8916,0.358119
-593.5413,-5.5338,-400.8554,0.358169
-593.7738,-5.5390,-400.8188,0.358227
-594.0063,-5.5443,-400.7821,0.358280
-594.2391,-5.5495,-400.7451,0.358336
-594.4708,-5.5549,-400.7082,0.358393
-594.7034,-5.5608,-400.6705,0.358446
-594.9570,-5.5672,-400.6289,0.358508
-595.1893,-5.5731,-400.5903,0.358563
-595.4216,-5.5789,-400.5510,0.358617
-595.6539,-5.5847,-400.5110,0.358674
-595.8859,-5.5904,-400.4704,0.358729
-596.1177,-5.5960,-400.4290,0.358782
-596.3491,-5.6015,-400.3867,0.358838
-596.5801,-5.6070,-400.3437,0.358892
-596.8112,-5.6124,-400.3000,0.358949
-597.0632,-5.6183,-400.2518,0.359006
-597.2942,-5.6236,-400.2070,0.359065
-597.5251,-5.6289,-400.1615,0.359118
-597.7557,-5.6341,-400.1154,0.359174
-597.9861,-5.6392,-400.0686,0.359227
-598.2164,-5.6443,-400.0214,0.359283
-598.4468,-5.6494,-399.9737,0.359337
-598.6765,-5.6547,-399.9257,0.359392
-598.9070,-5.6602,-399.8772,0.359448
-599.1584,-5.6662,-399.8236,0.359508
-599.3887,-5.6717,-399.7744,0.359562
-599.6192,-5.6772,-399.7249,0.359619
-599.8499,-5.6827,-399.6753,0.359673
-600.0807,-5.6882,-399.6259,0.359728
-600.3116,-5.6937,-399.5763,0.359783
-600.5423,-5.6992,-399.5262,0.359839
-600.7726,-5.7046,-399.4759,0.359894
-601.0025,-5.7100,-399.4252,0.359951
-601.2529,-5.7158,-399.3698,0.360008
-601.4823,-5.7211,-399.3188,0.360064
-601.7114,-5.7264,-399.2678,0.360121
-601.9403,-5.7317,-399.2164,0.360175
-602.1696,-5.7370,-399.1646,0.360228
-602.3992,-5.7422,-399.1125,0.360287
-602.6287,-5.7474,-399.0600,0.360340
-602.8578,-5.7526,-399.0073,0.360396
-603.0873,-5.7581,-398.9541,0.360450
-603.3375,-5.7640,-398.8956,0.360513
-603.5669,-5.7694,-398.8417,0.360569
-603.7963,-5.7748,-398.7874,0.360624
-604.0258,-5.7802,-398.7328,0.360677
-604.2553,-5.7856,-398.6782,0.360733
-604.4849,-5.7910,-398.6235,0.360790
-604.7144,-5.7964,-398.5688,0.360844
-604.9435,-5.8017,-398.5139,0.360900
-605.1724,-5.8070,-398.4589,0.360954
-605.4215,-5.8128,-398.3987,0.361015
-605.6499,-5.8181,-398.3435,0.361070
-605.8779,-5.8234,-398.2885,0.361125
-606.1057,-5.8286,-398.2333,0.361184
-606.3331,-5.8339,-398.1780,0.361238
-606.5602,-5.8391,-398.1227,0.361288
-606.7870,-5.8443,-398.0674,0.361339
-607.0134,-5.8495,-398.0122,0.361397
-607.2393,-5.8547,-397.9572,0.361454
-607.4854,-5.8605,-397.8971,0.361517
-607.7107,-5.8658,-397.8423,0.361564
-607.9354,-5.8711,-397.7877,0.361622
-608.1598,-5.8764,-397.7334,0.361672
-608.3836,-5.8817,-397.6795,0.361727
-608.6069,-5.8871,-397.6260,0.361783
-608.8293,-5.8924,-397.5731,0.361832
-609.0507,-5.8977,-397.5205,0.361888
-609.2709,-5.9030,-397.4682,0.361944
-609.5094,-5.9087,-397.4113,0.362004
-609.7263,-5.9139,-397.3595,0.362054
-609.9417,-5.9191,-397.3078,0.362105
-610.1555,-5.9242,-397.2566,0.362156
-610.3676,-5.9292,-397.2059,0.362208
-610.5779,-5.9342,-397.1553,0.362261
-610.7866,-5.9392,-397.1049,0.362310
-610.9934,-5.9441,-397.0547,0.362358
-611.1986,-5.9489,-397.0046,0.362407
-611.4210,-5.9542,-396.9505,0.362464
-611.6234,-5.9589,-396.9013,0.362510
-611.8245,-5.9636,-396.8524,0.362560
-612.0240,-5.9682,-396.8037,0.362607
-612.2220,-5.9728,-396.7553,0.362658
-612.4187,-5.9774,-396.7073,0.362702
-612.6143,-5.9819,-396.6598,0.362754
-612.8085,-5.9865,-396.6129,0.362801
-613.0015,-5.9910,-396.5667,0.362852
-613.2108,-5.9960,-396.5172,0.362900
-613.4014,-6.0005,-396.4725,0.362944
-613.5906,-6.0051,-396.4283,0.362988
-613.7786,-6.0096,-396.3847,0.363035
-613.9656,-6.0141,-396.3417,0.363080
-614.1518,-6.0187,-396.2995,0.363124
-614.3376,-6.0234,-396.2583,0.363168
-614.5229,-6.0280,-396.2181,0.363212
-614.7081,-6.0328,-396.1789,0.363260
-614.9094,-6.0380,-396.1368,0.363313
-615.0934,-6.0428,-396.0987,0.363350
-615.2773,-6.0476,-396.0609,0.363394
-615.4611,-6.0525,-396.0235,0.363439
-615.6449,-6.0574,-395.9865,0.363483
-615.8290,-6.0623,-395.9500,0.363524
-616.0138,-6.0673,-395.9139,0.363574
-616.1984,-6.0721,-395.8786,0.363614
-616.3835,-6.0770,-395.8439,0.363664
-616.5857,-6.0823,-395.8065,0.363707
-616.7714,-6.0873,-395.7729,0.363749
-616.9574,-6.0923,-395.7397,0.363800
-617.1437,-6.0974,-395.7072,0.363840
-617.3304,-6.1026,-395.6751,0.363889
-617.5174,-6.1078,-395.6436,0.363930
-617.7047,-6.1130,-395.6125,0.363972
-617.8920,-6.1183,-395.5816,0.364019
-618.0793,-6.1235,-395.5509,0.364061
-618.2844,-6.1293,-395.5178,0.364112
-618.4722,-6.1347,-395.4879,0.364158
-618.6607,-6.1401,-395.4588,0.364203
-618.8497,-6.1457,-395.4306,0.364243
-619.0390,-6.1513,-395.4032,0.364291
-619.2287,-6.1570,-395.3764,0.364337
-619.4185,-6.1627,-395.3500,0.364379
-619.6080,-6.1684,-395.3240,0.364426
-619.7975,-6.1742,-395.2985,0.364473
-620.0042,-6.1806,-395.2711,0.364523
-620.1937,-6.1864,-395.2467,0.364563
-620.3834,-6.1923,-395.2229,0.364606
-620.5732,-6.1983,-395.1996,0.364651
-620.7632,-6.2043,-395.1767,0.364698
-620.9532,-6.2103,-395.1539,0.364741
-621.1438,-6.2163,-395.1311,0.364790
-621.3349,-6.2224,-395.1080,0.364832
-621.5438,-6.2290,-395.0829,0.364884
-621.7360,-6.2350,-395.0594,0.364928
-621.9286,-6.2411,-395.0357,0.364975
-622.1218,-6.2471,-395.0117,0.365021
-622.3153,-6.2531,-394.9871,0.365065
-622.5092,-6.2591,-394.9619,0.365113
-622.7034,-6.2651,-394.9359,0.365159
-622.8981,-6.2710,-394.9093,0.365209
-623.0932,-6.2768,-394.8819,0.365248
-623.2886,-6.2826,-394.8538,0.365301
-623.5084,-6.2899,-394.8477,0.365353
-623.7055,-6.2944,-394.8194,0.365398
-623.9029,-6.2988,-394.7903,0.365446
-624.1005,-6.3033,-394.7601,0.365498
-624.2961,-6.2875,-394.7162,0.365543
-624.4940,-6.2919,-394.6831,0.365590
-624.6811,-6.2842,-394.6005,0.365641
-624.8797,-6.2909,-394.5667,0.365690
-625.0972,-6.2984,-394.5286,0.365743
-625.2961,-6.3048,-394.4908,0.365787
-625.4953,-6.3111,-394.4514,0.365839
-625.6951,-6.3177,-394.4117,0.365891
-625.8958,-6.3245,-394.3719,0.365937
-626.0970,-6.3314,-394.3314,0.365987
-626.2984,-6.3383,-394.2900,0.366039
-626.4999,-6.3451,-394.2475,0.366089
-626.7019,-6.3518,-394.2041,0.366137
-626.9233,-6.3594,-394.1569,0.366194
-627.1271,-6.3666,-394.1140,0.366245
-627.3312,-6.3734,-394.0689,0.366293
-627.5358,-6.3800,-394.0228,0.366343
-627.7447,-6.3941,-393.9944,0.366391
-627.9509,-6.4009,-393.9473,0.366443
-628.1578,-6.4077,-393.8990,0.366495
-628.3651,-6.4142,-393.8503,0.366544
-628.5731,-6.4206,-393.8010,0.366599
-628.8007,-6.4274,-393.7467,0.366653
-629.0101,-6.4334,-393.6965,0.366703
-629.2200,-6.4391,-393.6457,0.366753
-629.4305,-6.4447,-393.5945,0.366808
-629.6419,-6.4501,-393.5432,0.366860
-629.8541,-6.4553,-393.4917,0.366911
-630.0671,-6.4603,-393.4401,0.366962
-630.2809,-6.4651,-393.3884,0.367012
-630.4955,-6.4698,-393.3367,0.367068
-630.7306,-6.4748,-393.2803,0.367125
-630.9470,-6.4793,-393.2287,0.367180
-631.1650,-6.4837,-393.1768,0.367230
-631.3849,-6.4882,-393.1247,0.367281
-631.6071,-6.4926,-393.0721,0.367338
-631.8317,-6.4970,-393.0191,0.367390
-632.0582,-6.5015,-392.9655,0.367445
-632.2871,-6.5060,-392.9116,0.367501
-632.5184,-6.5106,-392.8575,0.367557
-632.7733,-6.5159,-392.7982,0.367619
-633.0096,-6.5210,-392.7440,0.367678
-633.2483,-6.5263,-392.6896,0.367734
-633.4894,-6.5320,-392.6351,0.367794
-633.7326,-6.5379,-392.5804,0.367851
-633.9883,-6.5310,-392.5671,0.367914
-634.2376,-6.5367,-392.5155,0.367974
-634.4887,-6.5425,-392.4637,0.368030
-634.7421,-6.5483,-392.4115,0.368093
-635.0206,-6.5547,-392.3542,0.368158
-635.2776,-6.5607,-392.3017,0.368222
-635.5361,-6.5666,-392.2492,0.368283
-635.7963,-6.5726,-392.1966,0.368355
-636.0581,-6.5787,-392.1440,0.368408
-636.3214,-6.5848,-392.0912,0.368476
-636.5854,-6.5908,-392.0383,0.368541
-636.8503,-6.5970,-391.9852,0.368609
-637.1166,-6.6031,-391.9312,0.368673
-637.4085,-6.6098,-391.8713,0.368747
-637.6774,-6.6161,-391.8157,0.368812
-637.9474,-6.6223,-391.7595,0.368877
-638.2185,-6.6286,-391.7028,0.368944
-638.4904,-6.6349,-391.6455,0.369019
-638.7625,-6.6412,-391.5876,0.369086
-639.0342,-6.6476,-391.5292,0.369155
-639.3054,-6.6539,-391.4704,0.369221
-639.5762,-6.6602,-391.4112,0.369287
-639.8713,-6.6671,-391.3462,0.369360
-640.1414,-6.6734,-391.2864,0.369430
-640.4111,-6.6797,-391.2263,0.369497
-640.6806,-6.6860,-391.1659,0.369565
-640.9498,-6.6923,-391.1053,0.369629
-641.2189,-6.6986,-391.0446,0.369699
-641.4875,-6.7049,-390.9839,0.369765
-641.7562,-6.7112,-390.9233,0.369828
-642.0248,-6.7174,-390.8629,0.369899
-642.3177,-6.7243,-390.7969,0.369969
-642.5857,-6.7306,-390.7365,0.370039
-642.8536,-6.7370,-390.6761,0.370102
-643.1215,-6.7433,-390.6157,0.370175
-643.3889,-6.7496,-390.5555,0.370238
-643.6564,-6.7559,-390.4953,0.370302
-643.9236,-6.7622,-390.4352,0.370367
-644.1905,-6.7685,-390.3752,0.370438
-644.4574,-6.7748,-390.3151,0.370501
-644.7491,-6.7817,-390.2492,0.370572
-645.0180,-6.7880,-390.1885,0.370641
-645.2888,-6.7944,-390.1273,0.370705
-645.5616,-6.8008,-390.0656,0.370770
-645.8362,-6.8073,-390.0035,0.370843
-646.1129,-6.8138,-389.9409,0.370913
-646.3914,-6.8204,-389.8779,0.370980
-646.6717,-6.8271,-389.8144,0.371048
-646.9539,-6.8340,-389.7505,0.371118
-647.2641,-6.8415,-389.6804,0.371196
-647.5502,-6.8485,-389.6155,0.371269
-647.8383,-6.8555,-389.5500,0.371345
-648.1280,-6.8625,-389.4838,0.371410
-648.4196,-6.8696,-389.4169,0.371485
-648.7129,-6.8768,-389.3495,0.371553
-649.0080,-6.8839,-389.2812,0.371630
-649.3048,-6.8912,-389.2120,0.371703
-649.6035,-6.8984,-389.1420,0.371778
-649.9311,-6.9064,-389.0648,0.371862
-650.2332,-6.9138,-388.9932,0.371929
-650.5368,-6.9212,-388.9210,0.372015
-650.8418,-6.9286,-388.8481,0.372087
-651.1480,-6.9361,-388.7746,0.372164
-651.4549,-6.9437,-388.7007,0.372239
-651.7628,-6.9514,-388.6263,0.372316
-652.0715,-6.9591,-388.5516,0.372389
-652.3806,-6.9669,-388.4765,0.372471
-652.7182,-6.9753,-388.3943,0.372552
-653.0278,-6.9831,-388.3188,0.372629
-653.3380,-6.9909,-388.2432,0.372708
-653.6481,-6.9986,-388.1674,0.372783
-653.9584,-7.0064,-388.0914,0.372863
-654.2690,-7.0142,-388.0152,0.372936
-654.5799,-7.0220,-387.9390,0.373010
-654.8910,-7.0298,-387.8626,0.373091
-655.2023,-7.0376,-387.7863,0.373169
-655.5426,-7.0462,-387.7032,0.373254
-655.8547,-7.0540,-387.6270,0.373328
-656.1670,-7.0618,-387.5508,0.373409
-656.4795,-7.0697,-387.4746,0.373481
-656.7924,-7.0776,-387.3984,0.373553
-657.1053,-7.0855,-387.3222,0.373635
-657.4185,-7.0934,-387.2460,0.373710
-657.7320,-7.1013,-387.1698,0.373791
-658.0455,-7.1092,-387.0936,0.373863
-658.3880,-7.1179,-387.0104,0.373950
-658.7024,-7.1258,-386.9343,0.374022
-659.0172,-7.1338,-386.8585,0.374103
-659.3322,-7.1417,-386.7829,0.374174
-659.6477,-7.1497,-386.7075,0.374262
-659.9632,-7.1576,-386.6321,0.374334
-660.2790,-7.1656,-386.5568,0.374407
-660.5950,-7.1736,-386.4814,0.374483
-660.9111,-7.1816,-386.4060,0.374564
-661.2560,-7.1903,-386.3240,0.374652
-661.5724,-7.1982,-386.2488,0.374724
-661.8890,-7.2062,-386.1736,0.374803
-662.2056,-7.2141,-386.0984,0.374876
-662.5223,-7.2221,-386.0233,0.374966
-662.8392,-7.2300,-385.9484,0.375031
-663.1562,-7.2379,-385.8736,0.375108
-663.4734,-7.2459,-385.7987,0.375181
-663.7908,-7.2538,-385.7239,0.375260
-664.1370,-7.2625,-385.6425,0.375345
-664.4545,-7.2704,-385.5680,0.375426
-664.7722,-7.2784,-385.4935,0.375498
-665.0900,-7.2863,-385.4189,0.375574
-665.4079,-7.2943,-385.3444,0.375659
-665.7258,-7.3022,-385.2699,0.375734
-666.0439,-7.3102,-385.1956,0.375807
-666.3621,-7.3181,-385.1214,0.375886
-666.6807,-7.3261,-385.0472,0.375968
-667.0284,-7.3348,-384.9664,0.376042
-667.3473,-7.3428,-384.8925,0.376122
-667.6663,-7.3506,-384.8189,0.376201
-667.9854,-7.3584,-384.7453,0.376273
-668.3046,-7.3662,-384.6720,0.376353
-668.6241,-7.3740,-384.5986,0.376429
-668.9435,-7.3818,-384.5252,0.376507
-669.2629,-7.3896,-384.4520,0.376582
-669.5825,-7.3974,-384.3788,0.376660
-669.9313,-7.4059,-384.2990,0.376746
-670.2512,-7.4137,-384.2258,0.376822
-670.5711,-7.4215,-384.1526,0.376899
-670.8911,-7.4293,-384.0795,0.376971
-671.2109,-7.4372,-384.0063,0.377048
-671.5311,-7.4450,-383.9331,0.377129
-671.8513,-7.4528,-383.8596,0.377207
-672.1716,-7.4606,-383.7861,0.377283
-672.4918,-7.4685,-383.7126,0.377362
-672.8412,-7.4770,-383.6323,0.377449
-673.1617,-7.4846,-383.5585,0.377527
-673.4819,-7.4921,-383.4847,0.377604
-673.8021,-7.4997,-383.4108,0.377680
-674.1226,-7.5072,-383.3369,0.377755
-674.4434,-7.5147,-383.2628,0.377835
-674.7642,-7.5223,-383.1888,0.377911
-675.0851,-7.5298,-383.1147,0.377989
-675.4059,-7.5374,-383.0405,0.378068
-675.7560,-7.5456,-382.9596,0.378153
-676.0770,-7.5532,-382.8854,0.378231
-676.3980,-7.5607,-382.8112,0.378310
-676.7194,-7.5683,-382.7370,0.378386
-677.0410,-7.5758,-382.6628,0.378466
-677.3626,-7.5834,-382.5887,0.378545
-677.6842,-7.5909,-382.5144,0.378619
-678.0056,-7.5985,-382.4399,0.378695
-678.3269,-7.6061,-382.3650,0.378774
-678.6777,-7.6142,-382.2831,0.378852
-678.9989,-7.6213,-382.2080,0.378937
-679.3203,-7.6284,-382.1326,0.379016
-679.6417,-7.6355,-382.0573,0.379088
-679.9633,-7.6427,-381.9817,0.379165
-680.2849,-7.6498,-381.9061,0.379242
-680.6066,-7.6570,-381.8304,0.379323
-680.9286,-7.6641,-381.7548,0.379401
-681.2509,-7.6712,-381.6792,0.379479
-681.6024,-7.6790,-381.5970,0.379567
-681.9247,-7.6862,-381.5217,0.379642
-682.2472,-7.6934,-381.4465,0.379721
-682.5698,-7.7005,-381.3713,0.379796
-682.8925,-7.7077,-381.2964,0.379875
-683.2155,-7.7148,-381.2214,0.379952
-683.5385,-7.7220,-381.1465,0.380031
-683.8618,-7.7292,-381.0716,0.380111
-684.2144,-7.7370,-380.9902,0.380190
-684.5377,-7.7442,-380.9157,0.380269
-684.8610,-7.7514,-380.8412,0.380351
-685.1845,-7.7587,-380.7667,0.380422
-685.5081,-7.7659,-380.6922,0.380505
-685.8318,-7.7731,-380.6180,0.380586
-686.1557,-7.7804,-380.5437,0.380663
-686.4797,-7.7876,-380.4695,0.380741
-686.8036,-7.7948,-380.3953,0.380824
-687.1570,-7.8027,-380.3144,0.380906
-687.4808,-7.8100,-380.2402,0.380984
-687.8047,-7.8172,-380.1659,0.381057
-688.1287,-7.8244,-380.0916,0.381141
-688.4529,-7.8317,-380.0172,0.381216
-688.7772,-7.8389,-379.9427,0.381295
-689.1015,-7.8462,-379.8682,0.381379
-689.4258,-7.8534,-379.7937,0.381449
-689.7498,-7.8608,-379.7192,0.381529
-690.1035,-7.8691,-379.6379,0.381613
-690.4278,-7.8767,-379.5634,0.381689
-690.7521,-7.8843,-379.4888,0.381768
-691.0765,-7.8919,-379.4142,0.381850
-691.4010,-7.8995,-379.3394,0.381925
-691.7258,-7.9071,-379.2646,0.382006
-692.0505,-7.9147,-379.1897,0.382083
-692.3754,-7.9223,-379.1147,0.382159
-692.7003,-7.9299,-379.0398,0.382241
-693.0252,-7.9375,-378.9648,0.382319
-693.3797,-7.9458,-378.8831,0.382404
-693.7047,-7.9534,-378.8082,0.382482
-694.0297,-7.9610,-378.7334,0.382561
-694.3550,-7.9687,-378.6585,0.382637
-694.6804,-7.9763,-378.5838,0.382713
-695.0060,-7.9839,-378.5089,0.382793
-695.3317,-7.9915,-378.4341,0.382875
-695.6573,-7.9990,-378.3591,0.382949
-696.0125,-8.0072,-378.2773,0.383032
-696.3380,-8.0147,-378.2020,0.383110
-696.6634,-8.0222,-378.1265,0.383195
-696.9888,-8.0298,-378.0510,0.383272
-697.3143,-8.0373,-377.9752,0.383350
-697.6398,-8.0448,-377.8994,0.383427
-697.9653,-8.0523,-377.8235,0.383507
-698.2910,-8.0598,-377.7475,0.383590
-698.6166,-8.0674,-377.6712,0.383665
-698.9721,-8.0756,-377.5881,0.383749
-699.2981,-8.0831,-377.5116,0.383832
-699.6242,-8.0907,-377.4352,0.383913
-699.9504,-8.0982,-377.3587,0.383988
-700.2766,-8.1057,-377.2823,0.384063
-700.6028,-8.1133,-377.2060,0.384144
-700.9295,-8.1205,-377.1294,0.384220
-701.2562,-8.1275,-377.0528,0.384303
-701.5837,-8.1345,-376.9761,0.384379
-701.9418,-8.1422,-376.8921,0.384465
-702.2709,-8.1492,-376.8148,0.384547
-702.6008,-8.1563,-376.7374,0.384622
-702.9314,-8.1633,-376.6598,0.384706
-703.2628,-8.1704,-376.5822,0.384779
-703.5948,-8.1775,-376.5042,0.384863
-703.9277,-8.1847,-376.4262,0.384946
-704.2614,-8.1918,-376.3480,0.385026
-704.5958,-8.1990,-376.2698,0.385107
-704.9615,-8.2068,-376.1842,0.385198
-705.2974,-8.2140,-376.1056,0.385277
-705.6342,-8.2212,-376.0267,0.385357
-705.9716,-8.2284,-375.9478,0.385441
-706.3097,-8.2356,-375.8687,0.385519
-706.6495,-8.2420,-375.7893,0.385600
-706.9893,-8.2482,-375.7098,0.385682
-707.3297,-8.2544,-375.6302,0.385770
-707.6709,-8.2607,-375.5507,0.385845
-708.0441,-8.2675,-375.4637,0.385941
-708.3872,-8.2738,-375.3842,0.386019
-708.7311,-8.2801,-375.3046,0.386105
-709.0757,-8.2864,-375.2250,0.386178
-709.4210,-8.2927,-375.1451,0.386268
-709.7669,-8.2990,-375.0651,0.386350
-710.1135,-8.3054,-374.9848,0.386437
-710.4605,-8.3117,-374.9042,0.386517
-710.8082,-8.3181,-374.8232,0.386599
-711.1882,-8.3251,-374.7345,0.386695
-711.5372,-8.3315,-374.6529,0.386777
-711.8868,-8.3379,-374.5710,0.386865
-712.2385,-8.3430,-374.4886,0.386946
-712.5895,-8.3479,-374.4063,0.387030
-712.9412,-8.3528,-374.3237,0.387116
-713.2933,-8.3576,-374.2408,0.387198
-713.6462,-8.3625,-374.1576,0.387282
-713.9998,-8.3674,-374.0742,0.387369
-714.3861,-8.3728,-373.9828,0.387462
-714.7408,-8.3777,-373.8987,0.387544
-715.0961,-8.3826,-373.8144,0.387633
-715.4521,-8.3875,-373.7297,0.387718
-715.8087,-8.3925,-373.6448,0.387806
-716.1658,-8.3974,-373.5597,0.387888
-716.5237,-8.4024,-373.4743,0.387977
-716.8821,-8.4073,-373.3888,0.388065
-717.2411,-8.4123,-373.3029,0.388155
-717.6350,-8.4174,-373.2086,0.388248
-717.9953,-8.4202,-373.1224,0.388335
-718.3562,-8.4231,-373.0361,0.388420
-718.7178,-8.4260,-372.9498,0.388512
-719.0801,-8.4289,-372.8635,0.388591
-719.4432,-8.4317,-372.7775,0.388680
-719.8070,-8.4346,-372.6916,0.388772
-720.1714,-8.4375,-372.6056,0.388857
-720.5364,-8.4404,-372.5194,0.388939
-720.9352,-8.4436,-372.4255,0.389044
-721.3015,-8.4465,-372.3395,0.389133
-721.6682,-8.4494,-372.2534,0.389219
-722.0353,-8.4524,-372.1671,0.389309
-722.4031,-8.4553,-372.0808,0.389395
-722.7714,-8.4582,-371.9944,0.389482
-723.1402,-8.4611,-371.9078,0.389573
-723.5114,-8.4616,-371.8205,0.389661
-723.8810,-8.4620,-371.7339,0.389751
-724.2850,-8.4623,-371.6393,0.389852
-724.6558,-8.4627,-371.5526,0.389937
-725.0272,-8.4630,-371.4659,0.390023
-725.3991,-8.4634,-371.3792,0.390118
-725.7715,-8.4637,-371.2923,0.390205
-726.1442,-8.4641,-371.2052,0.390299
-726.5173,-8.4644,-371.1180,0.390389
-726.8909,-8.4647,-371.0307,0.390474
-727.2648,-8.4651,-370.9432,0.390566
-727.6733,-8.4655,-370.8476,0.390665
-728.0482,-8.4658,-370.7599,0.390754
-728.4235,-8.4661,-370.6720,0.390843
-728.7992,-8.4665,-370.5840,0.390940
-729.1769,-8.4647,-370.4954,0.391023
-729.5535,-8.4628,-370.4071,0.391113
-729.9304,-8.4609,-370.3188,0.391212
-730.3077,-8.4590,-370.2304,0.391299
-730.6854,-8.4571,-370.1418,0.391395
-731.0978,-8.4550,-370.0450,0.391490
-731.4764,-8.4531,-369.9562,0.391578
-731.8550,-8.4512,-369.8671,0.391670
-732.2343,-8.4493,-369.7776,0.391764
-732.6137,-8.4474,-369.6880,0.391855
-732.9935,-8.4455,-369.5981,0.391945
-733.3735,-8.4435,-369.5081,0.392036
-733.7540,-8.4416,-369.4178,0.392130
-734.1346,-8.4397,-369.3273,0.392228
-734.5503,-8.4376,-369.2282,0.392321
-734.9328,-8.4341,-369.1369,0.392410
-735.3146,-8.4305,-369.0456,0.392500
-735.6964,-8.4269,-368.9540,0.392598
-736.0786,-8.4233,-368.8622,0.392690
-736.4611,-8.4197,-368.7702,0.392784
-736.8440,-8.4161,-368.6780,0.392874
-737.2271,-8.4125,-368.5854,0.392968
-737.6105,-8.4089,-368.4927,0.393063
-738.0291,-8.4049,-368.3912,0.393160
-738.4131,-8.4013,-368.2980,0.393255
-738.7974,-8.3977,-368.2046,0.393342
-739.1819,-8.3941,-368.1109,0.393438
-739.5667,-8.3904,-368.0170,0.393526
-739.9520,-8.3868,-367.9230,0.393624
-740.3377,-8.3832,-367.8292,0.393714
-740.7247,-8.3784,-367.7354,0.393810
-741.1115,-8.3736,-367.6424,0.393900
-741.5340,-8.3684,-367.5412,0.394004
-741.9218,-8.3636,-367.4487,0.394096
-742.3099,-8.3588,-367.3564,0.394196
-742.6985,-8.3540,-367.2642,0.394288
-743.0872,-8.3492,-367.1720,0.394381
-743.4760,-8.3444,-367.0797,0.394476
-743.8650,-8.3396,-366.9871,0.394565
-744.2542,-8.3348,-366.8944,0.394660
-744.6437,-8.3299,-366.8016,0.394757
-745.0687,-8.3247,-366.7002,0.394860
-745.4586,-8.3199,-366.6073,0.394948
-745.8488,-8.3150,-366.5143,0.395049
-746.2396,-8.3100,-366.4212,0.395139
-746.6302,-8.3045,-366.3281,0.395232
-747.0211,-8.2990,-366.2348,0.395331
-747.4119,-8.2936,-366.1412,0.395422
-747.8032,-8.2881,-366.0476,0.395516
-748.1946,-8.2826,-365.9537,0.395614
-748.6221,-8.2767,-365.8514,0.395716
-749.0142,-8.2712,-365.7577,0.395811
-749.4064,-8.2657,-365.6638,0.395905
-749.7991,-8.2602,-365.5698,0.395995
-750.1918,-8.2547,-365.4759,0.396096
-750.5849,-8.2493,-365.3819,0.396191
-750.9784,-8.2438,-365.2880,0.396287
-751.3721,-8.2383,-365.1943,0.396377
-751.7665,-8.2327,-365.1009,0.396472
-752.1970,-8.2266,-364.9993,0.396576
-752.5919,-8.2210,-364.9063,0.396668
-752.9872,-8.2154,-364.8133,0.396766
-753.3825,-8.2098,-364.7204,0.396868
-753.7780,-8.2042,-364.6272,0.396958
-754.1736,-8.1986,-364.5339,0.397048
-754.5694,-8.1930,-364.4406,0.397143
-754.9655,-8.1873,-364.3471,0.397238
-755.3621,-8.1817,-364.2534,0.397336
-755.7948,-8.1756,-364.1513,0.397448
-756.1909,-8.1699,-364.0578,0.397539
-756.5865,-8.1643,-363.9643,0.397625
-756.9816,-8.1587,-363.8709,0.397732
-757.3758,-8.1534,-363.7776,0.397827
-757.7698,-8.1483,-363.6843,0.397920
-758.1634,-8.1432,-363.5913,0.398012
-758.5565,-8.1381,-363.4985,0.398107
-758.9492,-8.1330,-363.4060,0.398205
-759.3769,-8.1275,-363.3052,0.398305
-759.7684,-8.1224,-363.2131,0.398402
-760.1595,-8.1174,-363.1212,0.398495
-760.5504,-8.1123,-363.0296,0.398591
-760.9407,-8.1073,-362.9385,0.398683
-761.3306,-8.1022,-362.8480,0.398774
-761.7198,-8.0972,-362.7578,0.398871
-762.1086,-8.0922,-362.6679,0.398961
-762.4966,-8.0872,-362.5783,0.399057
-762.9192,-8.0819,-362.4805,0.399158
-763.3058,-8.0771,-362.3909,0.399255
-763.6918,-8.0722,-362.3013,0.399345
-764.0778,-8.0674,-362.2117,0.399435
-764.4631,-8.0626,-362.1222,0.399530
-764.8485,-8.0578,-362.0328,0.399625
-765.2334,-8.0530,-361.9434,0.399718
-765.6180,-8.0482,-361.8540,0.399801
-766.0023,-8.0434,-361.7645,0.399900
-766.4212,-8.0381,-361.6668,0.400004
-766.8051,-8.0333,-361.5774,0.400093
-767.1886,-8.0285,-361.4881,0.400188
-767.5723,-8.0236,-361.3989,0.400279
-767.9557,-8.0183,-361.3101,0.400369
-768.3386,-8.0131,-361.2213,0.400462
-768.7213,-8.0078,-361.1323,0.400557
-769.1037,-8.0025,-361.0433,0.400645
-769.4857,-7.9972,-360.9544,0.400736
-769.9024,-7.9915,-360.8575,0.400839
-770.2840,-7.9862,-360.7689,0.400934
-770.6653,-7.9810,-360.6804,0.401022
-771.0467,-7.9757,-360.5919,0.401114
-771.4276,-7.9705,-360.5035,0.401206
-771.8082,-7.9652,-360.4149,0.401300
-772.1885,-7.9600,-360.3262,0.401389
-772.5686,-7.9546,-360.2374,0.401476
-772.9482,-7.9490,-360.1487,0.401569
-773.3621,-7.9429,-360.0520,0.401674
-773.7412,-7.9373,-359.9634,0.401761
-774.1201,-7.9317,-359.8748,0.401855
-774.4987,-7.9261,-359.7862,0.401943
-774.8770,-7.9206,-359.6975,0.402034
-775.2551,-7.9150,-359.6087,0.402128
-775.6329,-7.9094,-359.5201,0.402219
-776.0108,-7.9038,-359.4318,0.402305
-776.3884,-7.8983,-359.3436,0.402399
-776.8001,-7.8922,-359.2474,0.402493
-777.1768,-7.8867,-359.1595,0.402589
-777.5525,-7.8809,-359.0717,0.402678
-777.9267,-7.8752,-358.9841,0.402765
-778.2996,-7.8695,-358.8968,0.402858
-778.6715,-7.8638,-358.8098,0.402951
-779.0423,-7.8581,-358.7228,0.403039
-779.4119,-7.8524,-358.6362,0.403126
-779.7804,-7.8467,-358.5497,0.403213
-780.1809,-7.8406,-358.4557,0.403308
-780.5471,-7.8350,-358.3697,0.403396
-780.9121,-7.8294,-358.2840,0.403488
-781.2762,-7.8238,-358.1986,0.403573
-781.6391,-7.8182,-358.1136,0.403662
-782.0010,-7.8126,-358.0290,0.403748
-782.3618,-7.8070,-357.9445,0.403829
-782.7214,-7.8014,-357.8601,0.403922
-783.1124,-7.7953,-357.7682,0.404016
-783.4697,-7.7898,-357.6843,0.404106
-783.8260,-7.7842,-357.6006,0.404187
-784.1812,-7.7787,-357.5171,0.404274
-784.5353,-7.7732,-357.4338,0.404356
-784.8884,-7.7677,-357.3507,0.404437
-785.2404,-7.7622,-357.2676,0.404528
-785.5911,-7.7567,-357.1846,0.404610
-785.9409,-7.7513,-357.1017,0.404698
-786.2896,-7.7458,-357.0191,0.404778
-786.6688,-7.7400,-356.9291,0.404872
-787.0155,-7.7347,-356.8468,0.404958
-787.3611,-7.7294,-356.7648,0.405034
-787.7057,-7.7241,-356.6829,0.405125
-788.0494,-7.7188,-356.6012,0.405211
-788.3920,-7.7135,-356.5195,0.405274
-788.7336,-7.7083,-356.4381,0.405366
-789.0744,-7.7030,-356.3569,0.405446
-789.4143,-7.6978,-356.2761,0.405529
-789.7841,-7.6921,-356.1884,0.405614
-790.1221,-7.6869,-356.1083,0.405704
-790.4592,-7.6817,-356.0286,0.405779
-790.7955,-7.6768,-355.9492,0.405866
-791.1309,-7.6719,-355.8701,0.405942
-791.4655,-7.6670,-355.7914,0.406023
-791.7994,-7.6621,-355.7134,0.406104
-792.1326,-7.6572,-355.6358,0.406181
-792.4949,-7.6519,-355.5517,0.406266
-792.8264,-7.6471,-355.4751,0.406347
-793.1570,-7.6422,-355.3989,0.406431
-793.4866,-7.6374,-355.3231,0.406507
-793.8155,-7.6326,-355.2477,0.406582
-794.1434,-7.6278,-355.1726,0.406664
-794.4697,-7.6233,-355.0978,0.406745
-794.7956,-7.6193,-355.0230,0.406822
-795.1207,-7.6153,-354.9482,0.406898
-795.4447,-7.6114,-354.8734,0.406978
-795.7969,-7.6071,-354.7916,0.407056
-796.1189,-7.6031,-354.7168,0.407141
-796.4399,-7.5992,-354.6421,0.407221
-796.7601,-7.5953,-354.5673,0.407297
-797.0793,-7.5914,-354.4928,0.407367
-797.3978,-7.5875,-354.4182,0.407445
-797.7154,-7.5836,-354.3438,0.407524
-798.0314,-7.5797,-354.2701,0.407597
-798.3762,-7.5766,-354.1895,0.407682
-798.6917,-7.5738,-354.1157,0.407760
-799.0063,-7.5710,-354.0422,0.407831
-799.3202,-7.5682,-353.9687,0.407909
-799.6329,-7.5655,-353.8952,0.407988
-799.9449,-7.5627,-353.8217,0.408057
-800.2561,-7.5599,-353.7483,0.408134
-800.5667,-7.5572,-353.6750,0.408209
-800.8766,-7.5544,-353.6020,0.408286
-801.2162,-7.5507,-353.5227,0.408361
-801.5215,-7.5474,-353.4516,0.408436
-801.8288,-7.5454,-353.3789,0.408510
-802.1354,-7.5434,-353.3062,0.408582
-802.4412,-7.5415,-353.2333,0.408664
-802.7462,-7.5395,-353.1605,0.408737
-803.0505,-7.5375,-353.0879,0.408810
-803.3541,-7.5356,-353.0152,0.408879
-803.6569,-7.5336,-352.9424,0.408958
-803.9864,-7.5315,-352.8629,0.409038
-804.2873,-7.5296,-352.7903,0.409110
-804.5878,-7.5280,-352.7174,0.409183
-804.8876,-7.5264,-352.6447,0.409252
-805.1867,-7.5249,-352.5721,0.409333
-805.4853,-7.5233,-352.4998,0.409399
-805.7831,-7.5217,-352.4275,0.409470
-806.0804,-7.5201,-352.3553,0.409551
-806.3770,-7.5186,-352.2831,0.409624
-806.6996,-7.5169,-352.2043,0.409701
-806.9968,-7.5151,-352.1324,0.409781
-807.2891,-7.5126,-352.0606,0.409856
-807.5824,-7.5109,-351.9884,0.409924
-807.8740,-7.5092,-351.9168,0.409992
-808.1631,-7.5076,-351.8458,0.410066
-808.4495,-7.5059,-351.7754,0.410138
-808.7326,-7.5043,-351.7056,0.410203
-809.0125,-7.5027,-351.6365,0.410271
-809.3141,-7.5010,-351.5617,0.410354
-809.5869,-7.4994,-351.4937,0.410424
-809.8574,-7.4969,-351.4272,0.410492
-810.1247,-7.4947,-351.3608,0.410567
-810.3904,-7.4926,-351.2953,0.410637
-810.6550,-7.4904,-351.2304,0.410719
-810.9191,-7.4883,-351.1660,0.410784
-811.1829,-7.4862,-351.1021,0.410856
-811.4464,-7.4840,-351.0386,0.410937
-811.7335,-7.4817,-350.9698,0.411028
-811.9960,-7.4796,-350.9069,0.411106
-812.2576,-7.4774,-350.8443,0.411188
-812.5190,-7.4744,-350.7826,0.411260
-812.7775,-7.4712,-350.7213,0.411336
-813.0338,-7.4681,-350.6606,0.411408
-813.2879,-7.4649,-350.6003,0.411489
-813.5399,-7.4618,-350.5405,0.411560
-813.7897,-7.4587,-350.4811,0.411634
-814.0597,-7.4554,-350.4169,0.411716
-814.3049,-7.4524,-350.3585,0.411785
-814.5482,-7.4494,-350.3005,0.411858
-814.7894,-7.4464,-350.2429,0.411935
-815.0292,-7.4433,-350.1858,0.412003
-815.2668,-7.4399,-350.1289,0.412084
-815.5022,-7.4365,-350.0725,0.412157
-815.7355,-7.4331,-350.0166,0.412230
-815.9667,-7.4298,-349.9611,0.412311
-816.2168,-7.4262,-349.9010,0.412387
-816.4445,-7.4229,-349.8463,0.412454
-816.6708,-7.4196,-349.7920,0.412533
-816.8958,-7.4164,-349.7379,0.412603
-817.1194,-7.4132,-349.6843,0.412679
-817.3416,-7.4100,-349.6311,0.412742
-817.5623,-7.4068,-349.5782,0.412802
-817.7819,-7.4035,-349.5258,0.412868
-817.9999,-7.4003,-349.4738,0.412927
-818.2360,-7.3968,-349.4172,0.412992
-818.4508,-7.3936,-349.3657,0.413063
-818.6642,-7.3905,-349.3143,0.413130
-818.8762,-7.3873,-349.2632,0.413206
-819.0866,-7.3842,-349.2122,0.413262
-819.2958,-7.3811,-349.1614,0.413317
-819.5043,-7.3781,-349.1105,0.413384
-819.7128,-7.3750,-349.0595,0.413454
-819.9214,-7.3719,-349.0085,0.413513
-820.1496,-7.3685,-348.9528,0.413590
-820.3593,-7.3654,-348.9016,0.413655
-820.5690,-7.3621,-348.8503,0.413723
-820.7789,-7.3588,-348.7986,0.413778
-820.9890,-7.3556,-348.7467,0.413848
-821.1993,-7.3523,-348.6945,0.413899
-821.4097,-7.3491,-348.6420,0.413959
-821.6201,-7.3458,-348.5892,0.414020
-821.8301,-7.3425,-348.5360,0.414081
-822.0590,-7.3390,-348.4777,0.414144
-822.2686,-7.3358,-348.4238,0.414200
-822.4667,-7.3484,-348.3224,0.414254
-822.6760,-7.3439,-348.2692,0.414310
-822.8816,-7.3384,-348.2116,0.414365
-823.0872,-7.3335,-348.1516,0.414422
-823.2924,-7.3286,-348.0928,0.414474
-823.4969,-7.3236,-348.0347,0.414532
-823.7003,-7.3184,-347.9761,0.414581
-823.9199,-7.3123,-347.9109,0.414634
-824.1150,-7.2979,-347.8311,0.414686
-824.3122,-7.2900,-347.7679,0.414740
-824.5075,-7.2819,-347.7046,0.414792
-824.7161,-7.2899,-347.7000,0.414847
-824.9075,-7.2849,-347.6372,0.414893
-825.0956,-7.2798,-347.5712,0.414937
-825.2735,-7.2815,-347.4858,0.414990
-825.4543,-7.2777,-347.4181,0.415035
-825.6478,-7.2733,-347.3417,0.415090
-825.8218,-7.2692,-347.2703,0.415137
-825.9937,-7.2650,-347.1988,0.415185
-826.1629,-7.2607,-347.1257,0.415232
-826.3303,-7.2562,-347.0507,0.415279
-826.4967,-7.2517,-346.9746,0.415324
-826.6622,-7.2468,-346.8962,0.415367
-826.8270,-7.2418,-346.8175,0.415416
-826.9919,-7.2359,-346.7357,0.415459
-827.1688,-7.2298,-346.6471,0.415512
-827.3312,-7.2244,-346.5640,0.415561
-827.4927,-7.2189,-346.4795,0.415609
-827.6532,-7.2132,-346.3936,0.415654
-827.8128,-7.2074,-346.3061,0.415705
-827.9714,-7.2015,-346.2171,0.415751
-828.1290,-7.1953,-346.1267,0.415798
-828.2861,-7.1890,-346.0352,0.415846
-828.4425,-7.1825,-345.9422,0.415898
-828.6125,-7.1753,-345.8392,0.415952
-828.7665,-7.1694,-345.7437,0.416000
-828.9210,-7.1634,-345.6461,0.416053
-829.0746,-7.1572,-345.5468,0.416097
-829.2274,-7.1505,-345.4451,0.416150
-829.3790,-7.1437,-345.3427,0.416197
-829.5294,-7.1367,-345.2390,0.416252
-829.6786,-7.1296,-345.1340,0.416303
-829.8242,-7.1231,-345.0293,0.416351
-829.9844,-7.1172,-344.9118,0.416412
-830.1301,-7.1111,-344.8013,0.416460
-830.2746,-7.1048,-344.6900,0.416513
-830.4179,-7.0984,-344.5772,0.416563
-830.5596,-7.0918,-344.4630,0.416612
-830.6995,-7.0851,-344.3476,0.416660
-830.8345,-7.0795,-344.2326,0.416709
-830.9697,-7.0740,-344.1136,0.416759
-831.1020,-7.0682,-343.9942,0.416809
-831.2430,-7.0617,-343.8625,0.416865
-831.3695,-7.0555,-343.7408,0.416908
-831.4933,-7.0492,-343.6182,0.416963
-831.6122,-7.0433,-343.4965,0.417006
-831.7307,-7.0379,-343.3705,0.417047
-831.8467,-7.0325,-343.2441,0.417107
-831.9481,-7.0467,-343.1046,0.417145
-832.0613,-7.0387,-342.9764,0.417194
-832.1705,-7.0296,-342.8459,0.417242
-832.2834,-7.0184,-342.6991,0.417298
-832.3835,-7.0103,-342.5653,0.417349
-832.4871,-7.0023,-342.4292,0.417388
-832.5902,-6.9941,-342.2921,0.417442
-832.6898,-6.9853,-342.1530,0.417487
-832.8095,-6.9828,-342.0311,0.417537
-832.9023,-6.9743,-341.8846,0.417583
-832.9960,-6.9669,-341.7437,0.417626
-833.0900,-6.9597,-341.5991,0.417673
-833.1907,-6.9519,-341.4401,0.417725
-833.2818,-6.9448,-341.2932,0.417771
-833.3716,-6.9376,-341.1450,0.417818
-833.4604,-6.9305,-340.9958,0.417864
-833.5474,-6.9243,-340.8465,0.417911
-833.6336,-6.9182,-340.6951,0.417959
-833.7188,-6.9122,-340.5428,0.418006
-833.8054,-6.9071,-340.3920,0.418056
-833.8952,-6.9015,-340.2232,0.418109
-833.9765,-6.8963,-340.0669,0.418154
-834.0566,-6.8911,-339.9101,0.418199
-834.1355,-6.8859,-339.7524,0.418251
-834.2153,-6.8814,-339.5960,0.418295
-834.2917,-6.8771,-339.4365,0.418342
-834.3677,-6.8726,-339.2735,0.418389
-834.4409,-6.8667,-339.1119,0.418437
-834.5123,-6.8608,-338.9494,0.418488
-834.5802,-6.8542,-338.7841,0.418531
-834.6523,-6.8478,-338.6090,0.418581
-834.7177,-6.8437,-338.4438,0.418632
-834.7807,-6.8396,-338.2774,0.418681
-834.8405,-6.8352,-338.1095,0.418726
-834.8985,-6.8306,-337.9415,0.418774
-834.9532,-6.8266,-337.7751,0.418818
-835.0059,-6.8231,-337.6064,0.418866
-835.0557,-6.8194,-337.4374,0.418915
-835.0989,-6.8149,-337.2651,0.418961
-835.1466,-6.8094,-337.0789,0.419013
-835.1866,-6.8044,-336.9103,0.419058
-835.2244,-6.8007,-336.7386,0.419103
-835.2590,-6.7967,-336.5668,0.419151
-835.2905,-6.7926,-336.3952,0.419196
-835.3182,-6.7883,-336.2236,0.419242
-835.3427,-6.7837,-336.0519,0.419292
-835.3640,-6.7791,-335.8803,0.419337
-835.3826,-6.7746,-335.7074,0.419380
-835.4011,-6.7699,-335.5190,0.419429
-835.4138,-6.7654,-335.3452,0.419481
-835.4244,-6.7607,-335.1711,0.419525
-835.4329,-6.7560,-334.9970,0.419574
-835.4391,-6.7510,-334.8219,0.419617
-835.4414,-6.7453,-334.6454,0.419667
-835.4449,-6.7396,-334.4691,0.419714
-835.4471,-6.7337,-334.2925,0.419756
-835.4474,-6.7272,-334.0998,0.419809
-835.4473,-6.7218,-333.9236,0.419857
-835.4438,-6.7164,-333.7462,0.419899
-835.4384,-6.7109,-333.5684,0.419951
-835.4308,-6.7053,-333.3905,0.419997
-835.4213,-6.7002,-333.2142,0.420043
-835.4088,-6.6956,-333.0356,0.420090
-835.3954,-6.6908,-332.8571,0.420137
-835.3798,-6.6859,-332.6784,0.420186
-835.3605,-6.6804,-332.4835,0.420233
-835.3411,-6.6756,-332.3068,0.420279
-835.3192,-6.6717,-332.1280,0.420326
-835.2941,-6.6676,-331.9490,0.420372
-835.2676,-6.6632,-331.7704,0.420419
-835.2388,-6.6588,-331.5922,0.420466
-835.2079,-6.6541,-331.4138,0.420510
-835.1750,-6.6495,-331.2370,0.420556
-835.1398,-6.6454,-331.0590,0.420605
-835.1024,-6.6411,-330.8814,0.420649
-835.0557,-6.6355,-330.6882,0.420699
-835.0128,-6.6301,-330.5117,0.420742
-834.9673,-6.6246,-330.3357,0.420791
-834.9197,-6.6189,-330.1617,0.420836
-834.8690,-6.6139,-329.9870,0.420880
-834.8173,-6.6088,-329.8134,0.420925
-834.7613,-6.6035,-329.6413,0.420973
-834.7026,-6.5979,-329.4706,0.421020
-834.6414,-6.5921,-329.3005,0.421066
-834.5720,-6.5855,-329.1155,0.421115
-834.5061,-6.5792,-328.9466,0.421160
-834.4380,-6.5727,-328.7783,0.421209
-834.3621,-6.5647,-328.6115,0.421255
-834.2891,-6.5568,-328.4451,0.421302
-834.2141,-6.5487,-328.2793,0.421348
-834.1380,-6.5407,-328.1160,0.421394
-834.0523,-6.5318,-327.9541,0.421440
-833.9634,-6.5228,-327.7774,0.421493
-833.9018,-6.5327,-327.6065,0.421539
-833.8164,-6.5254,-327.4472,0.421585
-833.7278,-6.5181,-327.2893,0.421631
-833.6373,-6.5098,-327.1330,0.421677
-833.5466,-6.5017,-326.9789,0.421724
-833.4402,-6.4781,-326.8365,0.421769
-833.3448,-6.4711,-326.6852,0.421813
-833.2491,-6.4646,-326.5367,0.421861
-833.1317,-6.4566,-326.3775,0.421913
-833.0298,-6.4500,-326.2293,0.421959
-832.9244,-6.4432,-326.0842,0.422002
-832.8176,-6.4363,-325.9410,0.422050
-832.7333,-6.4494,-325.7826,0.422098
-832.6213,-6.4438,-325.6404,0.422144
-832.4985,-6.4222,-325.5121,0.422191
-832.3830,-6.4177,-325.3749,0.422237
-832.2660,-6.4133,-325.2400,0.422284
-832.1366,-6.4086,-325.0932,0.422334
-832.0140,-6.4040,-324.9590,0.422378
-831.8903,-6.3983,-324.8287,0.422425
-831.7636,-6.3922,-324.7008,0.422468
-831.6368,-6.3861,-324.5735,0.422516
-831.5085,-6.3799,-324.4474,0.422566
-831.3792,-6.3736,-324.3239,0.422611
-831.2472,-6.3681,-324.2001,0.422657
-831.1143,-6.3625,-324.0768,0.422707
-830.9800,-6.3567,-323.9542,0.422754
-830.8323,-6.3501,-323.8213,0.422806
-830.6973,-6.3443,-323.7015,0.422849
-830.5594,-6.3392,-323.5811,0.422896
-830.4204,-6.3337,-323.4614,0.422944
-830.2800,-6.3279,-323.3430,0.422995
-830.1385,-6.3217,-323.2257,0.423039
-829.9954,-6.3151,-323.1094,0.423086
-829.8412,-6.3039,-323.0172,0.423137
-829.6834,-6.3016,-322.8904,0.423188
-829.5384,-6.2991,-322.7738,0.423239
-829.3926,-6.2964,-322.6572,0.423290
-829.2536,-6.2819,-322.5267,0.423339
-829.1064,-6.2777,-322.4113,0.423386
-828.9590,-6.2736,-322.2953,0.423438
-828.8138,-6.2718,-322.1815,0.423488
-828.6639,-6.2697,-322.0675,0.423537
-828.5122,-6.2672,-321.9560,0.423588
-828.3459,-6.2645,-321.8347,0.423642
-828.1928,-6.2619,-321.7232,0.423694
-828.0391,-6.2594,-321.6117,0.423745
-827.8848,-6.2567,-321.5006,0.423796
-827.7298,-6.2540,-321.3901,0.423845
-827.5823,-6.2547,-321.2846,0.423896
-827.4234,-6.2575,-321.1726,0.423944
-827.2652,-6.2586,-321.0639,0.424001
-827.1050,-6.2584,-320.9541,0.424052
-826.9299,-6.2575,-320.8395,0.424106
-826.7695,-6.2557,-320.7305,0.424154
-826.6078,-6.2534,-320.6268,0.424201
-826.4445,-6.2509,-320.5251,0.424251
-826.2803,-6.2484,-320.4241,0.424306
-826.1146,-6.2454,-320.3264,0.424360
-825.9476,-6.2423,-320.2307,0.424407
-825.7803,-6.2096,-320.1412,0.424456
-825.6105,-6.2088,-320.0509,0.424511
-825.4258,-6.2082,-319.9528,0.424563
-825.2551,-6.2079,-319.8616,0.424618
-825.0828,-6.2077,-319.7715,0.424666
-824.9086,-6.2073,-319.6854,0.424716
-824.7320,-6.2067,-319.6058,0.424769
-824.5550,-6.2060,-319.5280,0.424822
-824.3776,-6.2055,-319.4496,0.424872
-824.1992,-6.2050,-319.3707,0.424926
-824.0035,-6.2045,-319.2851,0.424977
-823.8234,-6.2040,-319.2075,0.425036
-823.6429,-6.2034,-319.1303,0.425093
-823.4629,-6.2028,-319.0518,0.425143
-823.2822,-6.2021,-318.9736,0.425189
-823.1047,-6.2022,-318.8873,0.425238
-822.9205,-6.2017,-318.8086,0.425293
-822.7354,-6.2010,-318.7286,0.425343
-822.5499,-6.1999,-318.6483,0.425398
-822.3641,-6.1985,-318.5681,0.425449
-822.1608,-6.1968,-318.4797,0.425503
-821.9624,-6.1893,-318.4277,0.425557
-821.7748,-6.1880,-318.3465,0.425612
-821.5872,-6.1866,-318.2641,0.425662
-821.3992,-6.1851,-318.1808,0.425712
-821.2106,-6.1833,-318.0971,0.425764
-821.0216,-6.1814,-318.0129,0.425814
-820.8322,-6.1792,-317.9282,0.425871
-820.6427,-6.1770,-317.8427,0.425914
-820.4354,-6.1744,-317.7491,0.425976
-820.2451,-6.1719,-317.6632,0.426027
-820.0544,-6.1692,-317.5775,0.426081
-819.8636,-6.1665,-317.4917,0.426135
-819.6893,-6.1455,-317.3619,0.426196
-819.4987,-6.1425,-317.2735,0.426246
-819.3078,-6.1395,-317.1850,0.426306
-819.1161,-6.1366,-317.0962,0.426355
-818.9233,-6.1336,-317.0090,0.426410
-818.7126,-6.1304,-316.9150,0.426482
-818.5192,-6.1275,-316.8290,0.426536
-818.3253,-6.1246,-316.7428,0.426590
-818.1310,-6.1217,-316.6563,0.426646
-817.9364,-6.1187,-316.5697,0.426705
-817.7417,-6.1158,-316.4832,0.426760
-817.5464,-6.1128,-316.3965,0.426820
-817.3510,-6.1099,-316.3094,0.426877
-817.1550,-6.1069,-316.2221,0.426933
-816.9421,-6.1037,-316.1266,0.426999
-816.7466,-6.1007,-316.0388,0.427062
-816.5505,-6.0978,-315.9511,0.427122
-816.3538,-6.0948,-315.8639,0.427185
-816.1566,-6.0918,-315.7768,0.427241
-815.9593,-6.0891,-315.6906,0.427308
-815.7613,-6.0864,-315.6042,0.427371
-815.5627,-6.0836,-315.5178,0.427432
-815.3641,-6.0807,-315.4316,0.427498
-815.1468,-6.0776,-315.3380,0.427567
-814.9473,-6.0748,-315.2524,0.427630
-814.7472,-6.0719,-315.1672,0.427690
-814.5468,-6.0691,-315.0823,0.427760
-814.3459,-6.0663,-314.9977,0.427824
-814.1446,-6.0634,-314.9134,0.427888
-813.9429,-6.0606,-314.8294,0.427957
-813.7408,-6.0578,-314.7457,0.428025
-813.5382,-6.0550,-314.6623,0.428087
-813.3167,-6.0519,-314.5717,0.428155
-813.1131,-6.0491,-314.4890,0.428220
-812.9091,-6.0463,-314.4066,0.428286
-812.7047,-6.0435,-314.3245,0.428351
-812.4997,-6.0407,-314.2426,0.428415
-812.2943,-6.0379,-314.1609,0.428470
-812.0886,-6.0353,-314.0799,0.428541
-811.8823,-6.0327,-313.9987,0.428597
-811.6754,-6.0301,-313.9177,0.428661
-811.4493,-6.0270,-313.8294,0.428724
-811.2416,-6.0242,-313.7486,0.428789
-811.0336,-6.0214,-313.6677,0.428856
-810.8251,-6.0186,-313.5869,0.428911
-810.6162,-6.0158,-313.5059,0.428973
-810.4068,-6.0130,-313.4250,0.429037
-810.1971,-6.0102,-313.3438,0.429104
-809.9871,-6.0074,-313.2624,0.429158
-809.7766,-6.0045,-313.1806,0.429216
-809.5466,-6.0014,-313.0910,0.429281
-809.3353,-5.9986,-313.0085,0.429342
-809.1238,-5.9957,-312.9257,0.429407
-808.9120,-5.9929,-312.8425,0.429465
-808.6999,-5.9900,-312.7592,0.429529
-808.4875,-5.9871,-312.6756,0.429579
-808.2746,-5.9842,-312.5919,0.429637
-808.0609,-5.9813,-312.5079,0.429697
-807.8464,-5.9786,-312.4239,0.429757
-807.6113,-5.9755,-312.3317,0.429814
-807.3947,-5.9725,-312.2468,0.429877
-807.1774,-5.9695,-312.1618,0.429937
-806.9592,-5.9664,-312.0765,0.429995
-806.7401,-5.9634,-311.9909,0.430051
-806.5200,-5.9603,-311.9048,0.430108
-806.2990,-5.9572,-311.8184,0.430165
-806.0767,-5.9541,-311.7315,0.430225
-805.8529,-5.9509,-311.6441,0.430283
-805.6072,-5.9475,-311.5482,0.430346
-805.3802,-5.9443,-311.4597,0.430402
-805.1518,-5.9411,-311.3707,0.430458
-804.9217,-5.9379,-311.2812,0.430519
-804.6901,-5.9347,-311.1912,0.430580
-804.4568,-5.9314,-311.1007,0.430642
-804.2220,-5.9282,-311.0096,0.430700
-803.9856,-5.9249,-310.9179,0.430766
-803.7477,-5.9216,-310.8258,0.430827
-803.4863,-5.9180,-310.7246,0.430891
-803.2442,-5.9141,-310.6310,0.430960
-803.0015,-5.9099,-310.5370,0.431028
-802.7572,-5.9058,-310.4423,0.431099
-802.5115,-5.9017,-310.3469,0.431163
-802.2642,-5.8975,-310.2508,0.431235
-802.0153,-5.8932,-310.1539,0.431306
-801.7651,-5.8890,-310.0564,0.431373
-801.5133,-5.8847,-309.9583,0.431447
-801.2369,-5.8800,-309.8505,0.431530
-800.9821,-5.8757,-309.7512,0.431602
-800.7256,-5.8714,-309.6512,0.431680
-800.4679,-5.8670,-309.5507,0.431745
-800.2086,-5.8626,-309.4495,0.431812
-799.9479,-5.8582,-309.3477,0.431883
-799.6857,-5.8537,-309.2454,0.431956
-799.4222,-5.8496,-309.1430,0.432022
-799.1571,-5.8453,-309.0392,0.432088
-798.8657,-5.8404,-308.9260,0.432165
-798.5992,-5.8350,-308.8205,0.432235
-798.3323,-5.8296,-308.7141,0.432305
-798.0651,-5.8241,-308.6068,0.432374
-797.7972,-5.8187,-308.4989,0.432446
-797.5294,-5.8132,-308.3906,0.432512
-797.2617,-5.8077,-308.2820,0.432582
-796.9944,-5.8023,-308.1733,0.432648
-796.7271,-5.7968,-308.0648,0.432718
-796.4358,-5.7909,-307.9467,0.432794
-796.1692,-5.7854,-307.8386,0.432861
-795.9026,-5.7800,-307.7307,0.432928
-795.6360,-5.7746,-307.6233,0.433001
-795.3695,-5.7691,-307.5161,0.433067
-795.1032,-5.7637,-307.4094,0.433135
-794.8368,-5.7583,-307.3028,0.433205
-794.5710,-5.7527,-307.1964,0.433265
-794.2809,-5.7465,-307.0802,0.433345
-794.0150,-5.7409,-306.9738,0.433412
-793.7491,-5.7352,-306.8675,0.433480
-793.4834,-5.7296,-306.7614,0.433546
-793.2177,-5.7240,-306.6555,0.433617
-792.9523,-5.7183,-306.5497,0.433682
-792.6870,-5.7127,-306.4440,0.433749
-792.4218,-5.7071,-306.3383,0.433814
-792.1567,-5.7015,-306.2325,0.433885
-791.8916,-5.6958,-306.1264,0.433950
-791.6024,-5.6897,-306.0104,0.434023
-791.3379,-5.6841,-305.9040,0.434090
-791.0734,-5.6785,-305.7976,0.434157
-790.8088,-5.6728,-305.6911,0.434224
-790.5449,-5.6677,-305.5863,0.434290
-790.2808,-5.6632,-305.4799,0.434354
-790.0173,-5.6593,-305.3738,0.434422
-789.7516,-5.6540,-305.2681,0.434494
-789.4878,-5.6486,-305.1618,0.434554
-789.2001,-5.6428,-305.0456,0.434626
-788.9367,-5.6375,-304.9389,0.434693
-788.6733,-5.6322,-304.8323,0.434764
-788.4102,-5.6269,-304.7259,0.434830
-788.1470,-5.6216,-304.6198,0.434897
-787.8838,-5.6163,-304.5135,0.434963
-787.6206,-5.6110,-304.4074,0.435027
-787.3575,-5.6057,-304.3013,0.435093
-787.0948,-5.6004,-304.1953,0.435157
-786.8083,-5.5947,-304.0800,0.435232
-786.5458,-5.5894,-303.9745,0.435294
-786.2833,-5.5841,-303.8691,0.435361
-786.0208,-5.5788,-303.7638,0.435424
-785.7584,-5.5735,-303.6587,0.435491
-785.4966,-5.5686,-303.5538,0.435556
-785.2343,-5.5641,-303.4486,0.435622
-784.9718,-5.5596,-303.3432,0.435682
-784.6858,-5.5547,-303.2282,0.435753
-784.4240,-5.5502,-303.1228,0.435820
-784.1621,-5.5457,-303.0174,0.435881
-783.9003,-5.5412,-302.9118,0.435948
-783.6384,-5.5368,-302.8058,0.436013
-783.3771,-5.5323,-302.6996,0.436078
-783.1158,-5.5278,-302.5934,0.436148
-782.8547,-5.5233,-302.4872,0.436210
-782.5939,-5.5188,-302.3812,0.436276
-782.3334,-5.5144,-302.2752,0.436338
-782.0492,-5.5095,-302.1598,0.436413
-781.7888,-5.5050,-302.0541,0.436479
-781.5285,-5.5005,-301.9488,0.436544
-781.2686,-5.4961,-301.8436,0.436603
-781.0091,-5.4921,-301.7396,0.436672
-780.7494,-5.4882,-301.6352,0.436737
-780.4897,-5.4843,-301.5311,0.436805
-780.2300,-5.4804,-301.4272,0.436865
-779.9704,-5.4765,-301.3235,0.436934
-779.6874,-5.4723,-301.2104,0.437007
-779.4280,-5.4684,-301.1070,0.437069
-779.1688,-5.4645,-301.0037,0.437134
-778.9097,-5.4606,-300.9005,0.437203
-778.6506,-5.4567,-300.7971,0.437266
-778.3915,-5.4528,-300.6937,0.437331
-778.1325,-5.4490,-300.5901,0.437397
-777.8738,-5.4451,-300.4865,0.437461
-777.6152,-5.4412,-300.3831,0.437527
-777.3333,-5.4370,-300.2703,0.437598
-777.0748,-5.4331,-300.1671,0.437666
-776.8165,-5.4292,-300.0641,0.437726
-776.5582,-5.4253,-299.9613,0.437795
-776.3001,-5.4214,-299.8586,0.437859
-776.0422,-5.4175,-299.7561,0.437926
-775.7844,-5.4136,-299.6538,0.437986
-775.5266,-5.4097,-299.5518,0.438053
-775.2689,-5.4058,-299.4499,0.438119
-774.9878,-5.4016,-299.3388,0.438189
-774.7300,-5.3977,-299.2371,0.438254
-774.4725,-5.3938,-299.1356,0.438315
-774.2151,-5.3899,-299.0341,0.438383
-773.9579,-5.3860,-298.9327,0.438455
-773.7006,-5.3821,-298.8315,0.438513
-773.4435,-5.3782,-298.7304,0.438577
-773.1865,-5.3743,-298.6293,0.438644
-772.9294,-5.3704,-298.5282,0.438706
-772.6491,-5.3661,-298.4176,0.438776
-772.3926,-5.3623,-298.3161,0.438844
-772.1360,-5.3584,-298.2145,0.438906
-771.8796,-5.3545,-298.1128,0.438967
-771.6230,-5.3505,-298.0110,0.439036
-771.3666,-5.3466,-297.9096,0.439097
-771.1104,-5.3426,-297.8083,0.439163
-770.8546,-5.3387,-297.7072,0.439228
-770.5988,-5.3347,-297.6062,0.439291
-770.3197,-5.3304,-297.4960,0.439362
-770.0639,-5.3265,-297.3950,0.439426
-769.8079,-5.3225,-297.2939,0.439491
-769.5513,-5.3186,-297.1925,0.439553
-769.2940,-5.3146,-297.0910,0.439621
-769.0362,-5.3106,-296.9893,0.439688
-768.7781,-5.3067,-296.8872,0.439759
-768.5196,-5.3027,-296.7852,0.439819
-768.2375,-5.2983,-296.6736,0.439888
-767.9783,-5.2943,-296.5712,0.439952
-767.7191,-5.2903,-296.4688,0.440013
-767.4592,-5.2863,-296.3661,0.440087
-767.1992,-5.2822,-296.2634,0.440148
-766.9387,-5.2782,-296.1606,0.440214
-766.6782,-5.2741,-296.0576,0.440280
-766.4171,-5.2700,-295.9545,0.440344
-766.1559,-5.2659,-295.8513,0.440410
-765.8704,-5.2614,-295.7385,0.440482
-765.6085,-5.2573,-295.6352,0.440547
-765.3461,-5.2532,-295.5318,0.440611
-765.0836,-5.2490,-295.4282,0.440679
-764.8206,-5.2449,-295.3246,0.440743
-764.5573,-5.2408,-295.2211,0.440813
-764.2936,-5.2367,-295.1174,0.440877
-764.0298,-5.2325,-295.0135,0.440944
-763.7655,-5.2284,-294.9097,0.441006
-763.5010,-5.2242,-294.8058,0.441076
-763.2120,-5.2197,-294.6922,0.441148
-762.9468,-5.2155,-294.5881,0.441211
-762.6813,-5.2113,-294.4839,0.441282
-762.4154,-5.2071,-294.3796,0.441351
-762.1494,-5.2029,-294.2752,0.441416
-761.8828,-5.1986,-294.1705,0.441485
-761.6162,-5.1944,-294.0658,0.441551
-761.3492,-5.1902,-293.9607,0.441618
-761.0820,-5.1859,-293.8556,0.441685
-760.7902,-5.1813,-293.7408,0.441763
-760.5223,-5.1771,-293.6353,0.441828
-760.2543,-5.1728,-293.5298,0.441895
-759.9858,-5.1686,-293.4240,0.441963
-759.7172,-5.1643,-293.3182,0.442031
-759.4482,-5.1600,-293.2125,0.442096
-759.1790,-5.1558,-293.1065,0.442164
-758.9095,-5.1515,-293.0005,0.442234
-758.6151,-5.1468,-292.8847,0.442311
-758.3452,-5.1425,-292.7784,0.442371
-758.0748,-5.1382,-292.6720,0.442437
-757.8042,-5.1339,-292.5655,0.442507
-757.5335,-5.1296,-292.4587,0.442575
-757.2623,-5.1253,-292.3519,0.442640
-756.9911,-5.1210,-292.2451,0.442707
-756.7198,-5.1166,-292.1383,0.442771
-756.4482,-5.1123,-292.0313,0.442844
-756.1516,-5.1076,-291.9144,0.442914
-755.8796,-5.1033,-291.8073,0.442983
-755.6076,-5.0989,-291.7001,0.443053
-755.3351,-5.0946,-291.5926,0.443121
-755.0625,-5.0903,-291.4850,0.443192
-754.7899,-5.0859,-291.3773,0.443256
-754.5171,-5.0816,-291.2693,0.443325
-754.2440,-5.0772,-291.1613,0.443393
-753.9707,-5.0729,-291.0533,0.443461
-753.6973,-5.0686,-290.9451,0.443529
-753.3989,-5.0638,-290.8269,0.443604
-753.1251,-5.0595,-290.7184,0.443676
-752.8511,-5.0551,-290.6099,0.443740
-752.5771,-5.0508,-290.5012,0.443812
-752.3030,-5.0464,-290.3926,0.443881
-752.0284,-5.0420,-290.2841,0.443945
-751.7538,-5.0377,-290.1753,0.444017
-751.4792,-5.0333,-290.0665,0.444083
-751.1794,-5.0286,-289.9479,0.444161
-750.9042,-5.0242,-289.8391,0.444228
-750.6290,-5.0198,-289.7302,0.444298
-750.3536,-5.0155,-289.6210,0.444368
-750.0781,-5.0112,-289.5117,0.444437
-749.8021,-5.0068,-289.4023,0.444505
-749.5262,-5.0025,-289.2928,0.444576
-749.2501,-4.9981,-289.1833,0.444648
-748.9739,-4.9938,-289.0738,0.444714
-748.6721,-4.9890,-288.9544,0.444789
-748.3955,-4.9847,-288.8446,0.444864
-748.1188,-4.9803,-288.7348,0.444931
-747.8418,-4.9760,-288.6250,0.444999
-747.5645,-4.9716,-288.5151,0.445068
-747.2872,-4.9673,-288.4051,0.445137
-747.0099,-4.9629,-288.2948,0.445208
-746.7068,-4.9581,-288.1744,0.445286
-746.4542,-4.9541,-288.0739,0.445351
-746.1509,-4.9494,-287.9532,0.445425
-745.8727,-4.9451,-287.8425,0.445494
-745.5944,-4.9408,-287.7317,0.445565
-745.3157,-4.9365,-287.6206,0.445636
-745.0371,-4.9322,-287.5096,0.445706
-744.7584,-4.9279,-287.3984,0.445774
-744.4793,-4.9235,-287.2870,0.445846
-744.2000,-4.9192,-287.1756,0.445916
-743.9207,-4.9149,-287.0640,0.445989
-743.6158,-4.9102,-286.9419,0.446062
-743.3362,-4.9058,-286.8296,0.446134
-743.0565,-4.9015,-286.7171,0.446202
-742.7766,-4.8972,-286.6045,0.446274
-742.4965,-4.8928,-286.4917,0.446345
-742.2164,-4.8885,-286.3788,0.446417
-741.9361,-4.8842,-286.2660,0.446488
-741.6556,-4.8799,-286.1532,0.446558
-741.3749,-4.8756,-286.0404,0.446632
-741.0687,-4.8709,-285.9173,0.446704
-740.7878,-4.8666,-285.8045,0.446777
-740.5065,-4.8623,-285.6916,0.446845
-740.2252,-4.8580,-285.5786,0.446919
-739.9438,-4.8538,-285.4653,0.446989
-739.6622,-4.8495,-285.3521,0.447061
-739.3802,-4.8452,-285.2387,0.447133
-739.0983,-4.8409,-285.1252,0.447202
-738.8162,-4.8365,-285.0116,0.447274
-738.5085,-4.8319,-284.8878,0.447350
-738.2259,-4.8275,-284.7742,0.447425
-737.9432,-4.8232,-284.6604,0.447496
-737.6606,-4.8189,-284.5466,0.447565
-737.3776,-4.8146,-284.4326,0.447634
-737.0942,-4.8104,-284.3187,0.447705
-736.8109,-4.8061,-284.2045,0.447779
-736.5275,-4.8018,-284.0903,0.447850
-736.2438,-4.7975,-283.9762,0.447925
-735.9340,-4.7928,-283.8517,0.448000
-735.6500,-4.7885,-283.7375,0.448068
-735.3660,-4.7842,-283.6234,0.448141
-735.0815,-4.7799,-283.5092,0.448216
-734.7968,-4.7756,-283.3949,0.448285
-734.5121,-4.7713,-283.2804,0.448358
-734.2274,-4.7670,-283.1659,0.448434
-733.9422,-4.7627,-283.0515,0.448498
-733.6569,-4.7584,-282.9369,0.448571
-733.3456,-4.7537,-282.8116,0.448655
-733.0602,-4.7494,-282.6968,0.448725
-732.7742,-4.7451,-282.5820,0.448799
-732.4882,-4.7408,-282.4672,0.448868
-732.2021,-4.7365,-282.3522,0.448942
-731.9161,-4.7323,-282.2372,0.449012
-731.6294,-4.7280,-282.1221,0.449086
-731.3427,-4.7237,-282.0069,0.449156
-731.0560,-4.7194,-281.8918,0.449228
-730.7430,-4.7147,-281.7662,0.449307
-730.4556,-4.7104,-281.6508,0.449382
-730.1683,-4.7060,-281.5353,0.449457
-729.8809,-4.7017,-281.4198,0.449530
-729.5932,-4.6974,-281.3043,0.449599
-729.3052,-4.6931,-281.1888,0.449674
-729.0172,-4.6888,-281.0733,0.449741
-728.7290,-4.6845,-280.9580,0.449816
-728.4404,-4.6802,-280.8429,0.449887
-728.1255,-4.6755,-280.7170,0.449967
-727.8368,-4.6712,-280.6018,0.450041
-727.5476,-4.6669,-280.4867,0.450110
-727.2583,-4.6626,-280.3716,0.450182
-726.9689,-4.6583,-280.2563,0.450253
-726.6792,-4.6540,-280.1411,0.450329
-726.3892,-4.6496,-280.0259,0.450406
-726.0992,-4.6453,-279.9104,0.450476
-725.8091,-4.6410,-279.7948,0.450554
-725.4921,-4.6363,-279.6684,0.450630
-725.2014,-4.6320,-279.5525,0.450702
-724.9107,-4.6276,-279.4366,0.450776
-724.6199,-4.6233,-279.3205,0.450845
-724.3288,-4.6190,-279.2043,0.450921
-724.0374,-4.6146,-279.0882,0.450995
-723.7460,-4.6103,-278.9721,0.451067
-723.4545,-4.6060,-278.8560,0.451142
-723.1627,-4.6017,-278.7398,0.451219
-722.8441,-4.5969,-278.6130,0.451296
-722.5520,-4.5926,-278.4969,0.451367
-722.2595,-4.5883,-278.3808,0.451446
-721.9669,-4.5839,-278.2646,0.451514
-721.6742,-4.5796,-278.1484,0.451588
-721.3814,-4.5753,-278.0322,0.451666
-721.0881,-4.5709,-277.9160,0.451739
-720.7947,-4.5666,-277.7997,0.451818
-720.4746,-4.5618,-277.6728,0.451892
-720.1810,-4.5575,-277.5565,0.451964
-719.8870,-4.5531,-277.4400,0.452037
-719.5929,-4.5488,-277.3232,0.452111
-719.2988,-4.5444,-277.2063,0.452188
-719.0047,-4.5401,-277.0892,0.452263
-718.7101,-4.5357,-276.9718,0.452337
-718.4154,-4.5313,-276.8544,0.452411
-718.1207,-4.5270,-276.7371,0.452483
-717.8259,-4.5226,-276.6196,0.452556
-717.5038,-4.5178,-276.4916,0.452641
-717.2084,-4.5135,-276.3741,0.452716
-716.9130,-4.5091,-276.2567,0.452790
-716.6175,-4.5047,-276.1392,0.452862
-716.3215,-4.5004,-276.0217,0.452940
-716.0254,-4.4960,-275.9042,0.453013
-715.7293,-4.4916,-275.7865,0.453090
-715.4332,-4.4872,-275.6687,0.453166
-715.1367,-4.4828,-275.5509,0.453238
-714.8129,-4.4781,-275.4224,0.453318
-714.5162,-4.4737,-275.3046,0.453392
-714.2194,-4.4693,-275.1866,0.453464
-713.9221,-4.4649,-275.0687,0.453543
-713.6247,-4.4605,-274.9506,0.453620
-713.3273,-4.4561,-274.8324,0.453695
-713.0298,-4.4517,-274.7143,0.453769
-712.7318,-4.4473,-274.5963,0.453843
-712.4066,-4.4425,-274.4676,0.453928
-712.1085,-4.4381,-274.3497,0.454003
-711.8099,-4.4337,-274.2319,0.454081
-711.5113,-4.4293,-274.1139,0.454151
-711.2125,-4.4248,-273.9954,0.454226
-710.9137,-4.4204,-273.8766,0.454300
-710.6148,-4.4160,-273.7575,0.454378
-710.3155,-4.4116,-273.6381,0.454453
-710.0161,-4.4072,-273.5184,0.454528
-709.6894,-4.4024,-273.3876,0.454609
-709.3898,-4.3979,-273.2674,0.454688
-709.0903,-4.3935,-273.1471,0.454762
-708.7905,-4.3891,-273.0266,0.454836
-708.4905,-4.3847,-272.9063,0.454913
-708.1904,-4.3802,-272.7858,0.454994
-707.8903,-4.3758,-272.6652,0.455069
-707.5900,-4.3714,-272.5445,0.455140
-707.2896,-4.3669,-272.4236,0.455212
-706.9888,-4.3625,-272.3028,0.455294
-706.6606,-4.3577,-272.1708,0.455371
-706.3597,-4.3532,-272.0497,0.455453
-706.0589,-4.3488,-271.9286,0.455532
-705.7576,-4.3444,-271.8076,0.455604
-705.4562,-4.3400,-271.6866,0.455680
-705.1547,-4.3355,-271.5654,0.455756
-704.8533,-4.3311,-271.4442,0.455831
-704.5516,-4.3267,-271.3230,0.455908
-704.2495,-4.3222,-271.2018,0.455984
-703.9199,-4.3174,-271.0694,0.456068
-703.6177,-4.3130,-270.9479,0.456148
-703.3155,-4.3085,-270.8264,0.456224
-703.0128,-4.3041,-270.7048,0.456301
-702.7100,-4.2996,-270.5833,0.456373
-702.4072,-4.2952,-270.4616,0.456449
-702.1044,-4.2907,-270.3397,0.456527
-701.8011,-4.2863,-270.2179,0.456602
-701.4701,-4.2814,-270.0849,0.456684
-701.1666,-4.2770,-269.9628,0.456766
-700.8630,-4.2726,-269.8406,0.456838
-700.5591,-4.2681,-269.7184,0.456917
-700.2549,-4.2637,-269.5961,0.456994
-699.9508,-4.2592,-269.4739,0.457067
-699.6467,-4.2548,-269.3517,0.457147
-699.3423,-4.2503,-269.2295,0.457224
-699.0375,-4.2459,-269.1073,0.457306
-698.7050,-4.2410,-268.9738,0.457383
-698.4001,-4.2366,-268.8515,0.457463
-698.0949,-4.2321,-268.7291,0.457542
-697.7894,-4.2276,-268.6067,0.457619
-697.4839,-4.2232,-268.4845,0.457695
-697.1783,-4.2187,-268.3625,0.457773
-696.8722,-4.2142,-268.2410,0.457852
-696.5661,-4.2098,-268.1195,0.457926
-696.2599,-4.2053,-267.9982,0.458004
-695.9255,-4.2004,-267.8661,0.458088
-695.6187,-4.1960,-267.7452,0.458169
-695.3119,-4.1915,-267.6244,0.458244
-695.0045,-4.1870,-267.5038,0.458319
-694.6970,-4.1825,-267.3833,0.458397
-694.3895,-4.1781,-267.2627,0.458480
-694.0814,-4.1736,-267.1422,0.458554
-693.7732,-4.1691,-267.0212,0.458634
-693.4650,-4.1646,-266.9000,0.458708
-693.1566,-4.1601,-266.7786,0.458789
-692.8197,-4.1552,-266.6459,0.458874
-692.5109,-4.1507,-266.5240,0.458948
-692.2020,-4.1462,-266.4019,0.459030
-691.8931,-4.1417,-266.2799,0.459106
-691.5842,-4.1372,-266.1580,0.459184
-691.2756,-4.1327,-266.0363,0.459261
-690.9672,-4.1282,-265.9148,0.459342
-690.6590,-4.1237,-265.7934,0.459417
-690.3228,-4.1188,-265.6609,0.459501
-690.0146,-4.1143,-265.5397,0.459580
-689.7065,-4.1098,-265.4185,0.459660
-689.3986,-4.1053,-265.2973,0.459734
-689.0910,-4.1009,-265.1761,0.459814
-688.7835,-4.0964,-265.0548,0.459890
-688.4760,-4.0919,-264.9336,0.459969
-688.1685,-4.0874,-264.8124,0.460048
-687.8611,-4.0829,-264.6913,0.460122
-687.5261,-4.0780,-264.5594,0.460204
-687.2192,-4.0735,-264.4389,0.460282
-686.9124,-4.0691,-264.3184,0.460363
-686.6055,-4.0646,-264.1982,0.460437
-686.2988,-4.0601,-264.0779,0.460519
-685.9920,-4.0556,-263.9577,0.460594
-685.6854,-4.0511,-263.8373,0.460672
-685.3790,-4.0467,-263.7168,0.460749
-685.0729,-4.0422,-263.5962,0.460828
-684.7389,-4.0373,-263.4643,0.460911
-684.4327,-4.0328,-263.3434,0.460989
-684.1268,-4.0284,-263.2224,0.461063
-683.8212,-4.0239,-263.1015,0.461140
-683.5156,-4.0194,-262.9807,0.461218
-683.2101,-4.0150,-262.8600,0.461298
-682.9047,-4.0105,-262.7394,0.461372
-682.5994,-4.0060,-262.6189,0.461448
-682.2945,-4.0015,-262.4984,0.461526
-681.9620,-3.9966,-262.3669,0.461614
-681.6572,-3.9922,-262.2465,0.461691
-681.3524,-3.9877,-262.1262,0.461765
-681.0476,-3.9832,-262.0060,0.461842
-680.7430,-3.9787,-261.8858,0.461915
-680.4385,-3.9743,-261.7656,0.461992
-680.1335,-3.9698,-261.6451,0.462067
-679.8281,-3.9653,-261.5245,0.462145
-679.5226,-3.9608,-261.4040,0.462225
-679.1894,-3.9559,-261.2726,0.462307
-678.8843,-3.9514,-261.1522,0.462383
-678.5794,-3.9469,-261.0320,0.462461
-678.2739,-3.9424,-260.9117,0.462540
-677.9682,-3.9379,-260.7914,0.462619
-677.6620,-3.9334,-260.6710,0.462697
-677.3559,-3.9289,-260.5506,0.462772
-677.0498,-3.9244,-260.4303,0.462849
-676.7439,-3.9199,-260.3100,0.462926
-676.4106,-3.9150,-260.1791,0.463011
-676.1052,-3.9105,-260.0590,0.463088
-675.7999,-3.9060,-259.9388,0.463167
-675.4950,-3.9015,-259.8187,0.463243
-675.1902,-3.8970,-259.6987,0.463314
-674.8856,-3.8925,-259.5786,0.463398
-674.5814,-3.8880,-259.4584,0.463471
-674.2772,-3.8835,-259.3384,0.463547
-673.9733,-3.8790,-259.2184,0.463625
-673.6422,-3.8741,-259.0876,0.463705
-673.3387,-3.8696,-258.9677,0.463787
-673.0353,-3.8651,-258.8480,0.463858
-672.7323,-3.8607,-258.7284,0.463941
-672.4295,-3.8562,-258.6089,0.464015
-672.1267,-3.8517,-258.4893,0.464091
-671.8243,-3.8472,-258.3698,0.464167
-671.5222,-3.8428,-258.2505,0.464241
-671.2200,-3.8383,-258.1313,0.464317
-670.8907,-3.8334,-258.0012,0.464404
-670.5892,-3.8290,-257.8820,0.464478
-670.2878,-3.8245,-257.7629,0.464554
-669.9864,-3.8201,-257.6441,0.464633
-669.6854,-3.8156,-257.5252,0.464709
-669.3846,-3.8112,-257.4064,0.464784
-669.0839,-3.8067,-257.2878,0.464858
-668.7833,-3.8023,-257.1693,0.464936
-668.4830,-3.7978,-257.0508,0.465007
-668.1556,-3.7930,-256.9215,0.465092
-667.8556,-3.7885,-256.8030,0.465168
-667.5559,-3.7841,-256.6844,0.465246
-667.2565,-3.7797,-256.5657,0.465321
-666.9571,-3.7752,-256.4470,0.465394
-666.6583,-3.7708,-256.3282,0.465469
-666.3594,-3.7664,-256.2095,0.465544
-666.0607,-3.7619,-256.0908,0.465622
-665.7625,-3.7575,-255.9721,0.465694
-665.4373,-3.7527,-255.8427,0.465779
-665.1392,-3.7483,-255.7242,0.465853
-664.8416,-3.7439,-255.6057,0.465929
-664.5441,-3.7394,-255.4875,0.466004
-664.2466,-3.7350,-255.3693,0.466079
-663.9493,-3.7306,-255.2512,0.466153
-663.6525,-3.7262,-255.1332,0.466229
-663.3558,-3.7218,-255.0153,0.466306
-663.0590,-3.7174,-254.8974,0.466379
-662.7357,-3.7126,-254.7689,0.466461
-662.4396,-3.7082,-254.6512,0.466538
-662.1436,-3.7038,-254.5335,0.466608
-661.8475,-3.6994,-254.4158,0.466686
-661.5519,-3.6951,-254.2983,0.466759
-661.2565,-3.6907,-254.1808,0.466837
-660.9611,-3.6863,-254.0633,0.466909
-660.6659,-3.6819,-253.9460,0.466987
-660.3711,-3.6775,-253.8287,0.467060
-660.0496,-3.6727,-253.7010,0.467138
-659.7549,-3.6684,-253.5840,0.467217
-659.4604,-3.6640,-253.4671,0.467286
-659.1663,-3.6596,-253.3504,0.467366
-658.8723,-3.6553,-253.2337,0.467438
-658.5782,-3.6509,-253.1171,0.467513
-658.2845,-3.6465,-253.0004,0.467589
-657.9911,-3.6422,-252.8838,0.467660
-657.6711,-3.6374,-252.7566,0.467741
-657.3777,-3.6331,-252.6401,0.467815
-657.0848,-3.6287,-252.5236,0.467893
-656.7921,-3.6244,-252.4073,0.467965
-656.4993,-3.6200,-252.2910,0.468039
-656.2067,-3.6157,-252.1747,0.468111
-655.9146,-3.6113,-252.0582,0.468187
-655.6226,-3.6070,-251.9417,0.468258
-655.3305,-3.6026,-251.8250,0.468333
-655.0389,-3.5983,-251.7081,0.468409
-654.7211,-3.5936,-251.5807,0.468489
-654.4297,-3.5892,-251.4639,0.468562
-654.1387,-3.5849,-251.3473,0.468634
-653.8480,-3.5806,-251.2309,0.468708
-653.5573,-3.5762,-251.1146,0.468785
-653.2665,-3.5719,-250.9984,0.468857
-652.9763,-3.5676,-250.8824,0.468930
-652.6863,-3.5633,-250.7664,0.469004
-652.3963,-3.5590,-250.6507,0.469076
-652.0805,-3.5543,-250.5245,0.469157
-651.7911,-3.5500,-250.4090,0.469230
-651.5019,-3.5457,-250.2935,0.469305
-651.2132,-3.5414,-250.1780,0.469377
-650.9245,-3.5371,-250.0625,0.469447
-650.6362,-3.5328,-249.9470,0.469522
-650.3482,-3.5285,-249.8315,0.469594
-650.0603,-3.5242,-249.7161,0.469667
-649.7729,-3.5199,-249.6007,0.469737
-649.4595,-3.5153,-249.4749,0.469819
-649.1725,-3.5110,-249.3596,0.469891
-648.8859,-3.5067,-249.2443,0.469962
-648.5993,-3.5025,-249.1290,0.470031
-648.3133,-3.4982,-249.0137,0.470108
-648.0273,-3.4939,-248.8986,0.470183
-647.7416,-3.4897,-248.7834,0.470253
-647.4562,-3.4854,-248.6684,0.470324
-647.1710,-3.4812,-248.5536,0.470397
-646.8602,-3.4766,-248.4285,0.470476
-646.5756,-3.4723,-248.3141,0.470547
-646.2910,-3.4681,-248.2000,0.470620
-646.0067,-3.4639,-248.0860,0.470691
-645.7227,-3.4596,-247.9722,0.470762
-645.4388,-3.4554,-247.8586,0.470836
-645.1552,-3.4512,-247.7452,0.470908
-644.8719,-3.4470,-247.6319,0.470978
-644.5887,-3.4428,-247.5188,0.471053
-644.2799,-3.4382,-247.3955,0.471130
-643.9973,-3.4340,-247.2827,0.471202
-643.7147,-3.4298,-247.1700,0.471269
-643.4324,-3.4256,-247.0575,0.471341
-643.1503,-3.4214,-246.9453,0.471418
-642.8684,-3.4172,-246.8333,0.471482
-642.5865,-3.4130,-246.7217,0.471557
-642.3051,-3.4088,-246.6102,0.471626
-642.0237,-3.4047,-246.4988,0.471699
-641.7169,-3.4001,-246.3771,0.471777
-641.4359,-3.3959,-246.2655,0.471848
-641.1552,-3.3918,-246.1539,0.471920
-640.8746,-3.3876,-246.0423,0.471989
-640.5941,-3.3835,-245.9308,0.472061
-640.3140,-3.3793,-245.8194,0.472131
-640.0341,-3.3751,-245.7081,0.472203
-639.7542,-3.3710,-245.5969,0.472276
-639.4749,-3.3668,-245.4858,0.472347
-639.1702,-3.3623,-245.3646,0.472418
-638.8910,-3.3582,-245.2538,0.472494
-638.6123,-3.3540,-245.1431,0.472563
-638.3337,-3.3499,-245.0324,0.472636
-638.0551,-3.3458,-244.9219,0.472702
-637.7770,-3.3416,-244.8114,0.472773
-637.4990,-3.3375,-244.7009,0.472848
-637.2211,-3.3334,-244.5905,0.472916
-636.9435,-3.3292,-244.4802,0.472988
-636.6410,-3.3247,-244.3602,0.473061
-636.3638,-3.3206,-244.2503,0.473138
-636.0868,-3.3165,-244.1405,0.473202
-635.8102,-3.3124,-244.0309,0.473273
-635.5336,-3.3083,-243.9214,0.473345
-635.2571,-3.3042,-243.8121,0.473413
-634.9810,-3.3001,-243.7029,0.473487
-634.7051,-3.2960,-243.5937,0.473551
-634.4292,-3.2919,-243.4847,0.473627
-634.1284,-3.2874,-243.3657,0.473700
-633.8531,-3.2833,-243.2566,0.473769
-633.5779,-3.2792,-243.1475,0.473838
-633.3027,-3.2751,-243.0384,0.473908
-633.0281,-3.2710,-242.9293,0.473975
-632.7535,-3.2669,-242.8204,0.474048
-632.4789,-3.2629,-242.7115,0.474116
-632.2049,-3.2588,-242.6028,0.474188
-631.9310,-3.2547,-242.4940,0.474259
-631.6321,-3.2502,-242.3754,0.474328
-631.3588,-3.2462,-242.2666,0.474399
-631.0856,-3.2421,-242.1578,0.474470
-630.8123,-3.2380,-242.0490,0.474540
-630.5396,-3.2340,-241.9402,0.474611
-630.2669,-3.2299,-241.8315,0.474678
-629.9943,-3.2258,-241.7228,0.474745
-629.7221,-3.2218,-241.6140,0.474817
-629.4501,-3.2177,-241.5051,0.474886
-629.1535,-3.2133,-241.3861,0.474965
-628.8820,-3.2092,-241.2769,0.475034
-628.6107,-3.2051,-241.1675,0.475102
-628.3395,-3.2011,-241.0583,0.475171
-628.0687,-3.1970,-240.9491,0.475240
-627.7980,-3.1930,-240.8403,0.475308
-627.5274,-3.1889,-240.7314,0.475378
-627.2562,-3.1848,-240.6225,0.475447
-626.9603,-3.1804,-240.5037,0.475523
-626.6891,-3.1763,-240.3948,0.475592
-626.4181,-3.1723,-240.2859,0.475658
-626.1469,-3.1682,-240.1772,0.475728
-625.8755,-3.1642,-240.0682,0.475801
-625.6037,-3.1601,-239.9592,0.475869
-625.3318,-3.1560,-239.8502,0.475933
-625.0599,-3.1519,-239.7411,0.476007
-624.7877,-3.1478,-239.6320,0.476075
-624.5151,-3.1437,-239.5229,0.476142
-624.2172,-3.1393,-239.4039,0.476222
-623.9439,-3.1351,-239.2948,0.476292
-623.6701,-3.1310,-239.1859,0.476361
-623.3961,-3.1269,-239.0768,0.476429
-623.1216,-3.1228,-238.9677,0.476498
-622.8468,-3.1186,-238.8586,0.476570
-622.5716,-3.1145,-238.7493,0.476638
-622.2960,-3.1103,-238.6400,0.476708
-622.0201,-3.1062,-238.5307,0.476782
-621.7186,-3.1016,-238.4113,0.476855
-621.4420,-3.0975,-238.3017,0.476925
-621.1649,-3.0933,-238.1919,0.476995
-620.8875,-3.0891,-238.0818,0.477065
-620.6097,-3.0850,-237.9715,0.477135
-620.3318,-3.0808,-237.8612,0.477208
-620.0544,-3.0766,-237.7509,0.477280
-619.7771,-3.0724,-237.6407,0.477346
-619.4998,-3.0681,-237.5305,0.477417
-619.1973,-3.0636,-237.4103,0.477497
-618.9200,-3.0594,-237.3001,0.477564
-618.6428,-3.0551,-237.1900,0.477634
-618.3655,-3.0509,-237.0800,0.477705
-618.0883,-3.0467,-236.9703,0.477776
-617.8110,-3.0425,-236.8608,0.477847
-617.5338,-3.0383,-236.7514,0.477916
-617.2566,-3.0341,-236.6422,0.477988
-616.9794,-3.0299,-236.5331,0.478058
-616.6769,-3.0254,-236.4141,0.478131
-616.3992,-3.0212,-236.3050,0.478205
-616.1213,-3.0169,-236.1957,0.478275
-615.8431,-3.0126,-236.0861,0.478344
-615.5652,-3.0082,-235.9762,0.478415
-615.2872,-3.0037,-235.8661,0.478484
-615.0092,-2.9993,-235.7558,0.478555
-614.7311,-2.9949,-235.6452,0.478623
-614.4276,-2.9901,-235.5246,0.478703
-614.1493,-2.9856,-235.4139,0.478771
-613.8708,-2.9812,-235.3032,0.478841
-613.5922,-2.9768,-235.1925,0.478914
-613.3136,-2.9723,-235.0818,0.478981
-613.0350,-2.9679,-234.9710,0.479053
-612.7561,-2.9634,-234.8600,0.479124
-612.4766,-2.9590,-234.7488,0.479197
-612.1967,-2.9545,-234.6374,0.479263
-611.9160,-2.9501,-234.5257,0.479336
-611.6091,-2.9451,-234.4035,0.479415
-611.3276,-2.9404,-234.2913,0.479484
-611.0455,-2.9356,-234.1787,0.479554
-610.7630,-2.9308,-234.0659,0.479628
-610.4800,-2.9260,-233.9528,0.479703
-610.1965,-2.9212,-233.8395,0.479771
-609.9126,-2.9164,-233.7260,0.479843
-609.6282,-2.9116,-233.6124,0.479913
-609.3434,-2.9068,-233.4987,0.479986
-609.0322,-2.9015,-233.3744,0.480067
-608.7463,-2.8967,-233.2602,0.480140
-608.4600,-2.8918,-233.1458,0.480212
-608.1732,-2.8870,-233.0312,0.480284
-607.8859,-2.8821,-232.9164,0.480356
-607.5981,-2.8773,-232.8013,0.480426
-607.3099,-2.8724,-232.6860,0.480503
-607.0212,-2.8674,-232.5705,0.480574
-606.7057,-2.8619,-232.4443,0.480652
-606.4159,-2.8569,-232.3284,0.480729
-606.1257,-2.8519,-232.2122,0.480800
-605.8350,-2.8469,-232.0957,0.480876
-605.5438,-2.8419,-231.9790,0.480948
-605.2521,-2.8369,-231.8620,0.481022
-604.9600,-2.8318,-231.7449,0.481093
-604.6673,-2.8268,-231.6275,0.481168
-604.3741,-2.8217,-231.5099,0.481241
-604.0539,-2.8162,-231.3815,0.481322
-603.7598,-2.8111,-231.2634,0.481401
-603.4652,-2.8061,-231.1451,0.481475
-603.1702,-2.8010,-231.0266,0.481549
-602.8747,-2.7960,-230.9079,0.481626
-602.5786,-2.7910,-230.7888,0.481697
-602.2821,-2.7860,-230.6696,0.481773
-601.9852,-2.7809,-230.5502,0.481849
-601.6877,-2.7759,-230.4305,0.481928
-601.3897,-2.7709,-230.3106,0.482004
-601.0641,-2.7654,-230.1795,0.482084
-600.7653,-2.7604,-230.0592,0.482160
-600.4658,-2.7553,-229.9389,0.482233
-600.1659,-2.7502,-229.8185,0.482312
-599.8654,-2.7452,-229.6980,0.482388
-599.5645,-2.7401,-229.5774,0.482463
-599.2630,-2.7350,-229.4566,0.482541
-598.9609,-2.7299,-229.3358,0.482619
-598.6310,-2.7246,-229.2040,0.482705
-598.3278,-2.7198,-229.0829,0.482778
-598.0242,-2.7150,-228.9617,0.482857
-597.7200,-2.7102,-228.8404,0.482932
-597.4152,-2.7053,-228.7188,0.483013
-597.1099,-2.7005,-228.5969,0.483092
-596.8043,-2.6957,-228.4747,0.483161
-596.4980,-2.6909,-228.3523,0.483241
-596.1912,-2.6860,-228.2297,0.483320
-595.8560,-2.6807,-228.0958,0.483407
-595.5482,-2.6758,-227.9729,0.483483
-595.2397,-2.6710,-227.8499,0.483559
-594.9308,-2.6661,-227.7266,0.483642
-594.6213,-2.6612,-227.6032,0.483717
-594.3118,-2.6567,-227.4797,0.483796
-594.0012,-2.6523,-227.3559,0.483874
-593.6902,-2.6479,-227.2318,0.483951
-593.3787,-2.6436,-227.1076,0.484032
-593.0381,-2.6388,-226.9719,0.484117
-592.7253,-2.6344,-226.8473,0.484197
-592.4124,-2.6300,-226.7228,0.484275
-592.0995,-2.6256,-226.5983,0.484353
-591.7865,-2.6212,-226.4738,0.484437
-591.4730,-2.6168,-226.3492,0.484515
-591.1591,-2.6124,-226.2245,0.484594
-590.8449,-2.6079,-226.0996,0.484673
-590.5303,-2.6035,-225.9747,0.484753
-590.1873,-2.5988,-225.8385,0.484840
-589.8719,-2.5951,-225.7134,0.484924
-589.5562,-2.5914,-225.5882,0.484998
-589.2399,-2.5877,-225.4629,0.485083
-588.9235,-2.5840,-225.3376,0.485164
-588.6066,-2.5803,-225.2122,0.485245
-588.2894,-2.5766,-225.0869,0.485328
-587.9719,-2.5729,-224.9614,0.485403
-587.6538,-2.5692,-224.8359,0.485485
-587.3066,-2.5651,-224.6993,0.485577
-586.9877,-2.5614,-224.5742,0.485659
-586.6685,-2.5577,-224.4492,0.485734
-586.3489,-2.5540,-224.3242,0.485816
-586.0288,-2.5502,-224.1992,0.485899
-585.7092,-2.5469,-224.0747,0.485982
-585.3882,-2.5441,-223.9498,0.486061
-585.0668,-2.5412,-223.8247,0.486143
-584.7450,-2.5384,-223.6994,0.486225
-584.3934,-2.5353,-223.5622,0.486313
-584.0709,-2.5325,-223.4359,0.486397
-583.7479,-2.5296,-223.3090,0.486477
-583.4246,-2.5268,-223.1814,0.486554
-583.1008,-2.5239,-223.0533,0.486641
-582.7769,-2.5210,-222.9247,0.486722
-582.4527,-2.5182,-222.7956,0.486808
-582.1281,-2.5153,-222.6663,0.486890
-581.8032,-2.5124,-222.5365,0.486976
-581.4485,-2.5093,-222.3947,0.487064
-581.1237,-2.5069,-222.2646,0.487145
-580.7979,-2.5047,-222.1342,0.487227
-580.4717,-2.5026,-222.0038,0.487310
-580.1453,-2.5004,-221.8734,0.487394
-579.8183,-2.4983,-221.7428,0.487476
-579.4913,-2.4961,-221.6122,0.487559
-579.1636,-2.4939,-221.4815,0.487644
-578.8358,-2.4918,-221.3508,0.487728
-578.4777,-2.4894,-221.2081,0.487819
-578.1489,-2.4872,-221.0772,0.487902
-577.8198,-2.4851,-220.9462,0.487983
-577.4901,-2.4829,-220.8149,0.488068
-577.1604,-2.4807,-220.6833,0.488153
-576.8300,-2.4785,-220.5514,0.488232
-576.4997,-2.4767,-220.4195,0.488320
-576.1687,-2.4750,-220.2874,0.488405
-575.8372,-2.4733,-220.1552,0.488487
-575.4752,-2.4715,-220.0110,0.488582
-575.1428,-2.4698,-219.8787,0.488665
-574.8101,-2.4681,-219.7463,0.488748
-574.4771,-2.4665,-219.6138,0.488834
-574.1435,-2.4648,-219.4812,0.488920
-573.8092,-2.4631,-219.3482,0.489000
-573.4749,-2.4614,-219.2151,0.489090
-573.1405,-2.4597,-219.0819,0.489174
-572.8062,-2.4580,-218.9486,0.489257
-572.4414,-2.4561,-218.8032,0.489352
-572.1071,-2.4545,-218.6698,0.489438
-571.7729,-2.4530,-218.5365,0.489523
-571.4386,-2.4516,-218.4032,0.489610
-571.1042,-2.4503,-218.2700,0.489696
-570.7699,-2.4489,-218.1369,0.489780
-570.4355,-2.4475,-218.0038,0.489865
-570.1013,-2.4462,-217.8707,0.489948
-569.7670,-2.4448,-217.7377,0.490034
-569.4025,-2.4433,-217.5928,0.490130
-569.0688,-2.4419,-217.4601,0.490211
-568.7351,-2.4405,-217.3275,0.490296
-568.4015,-2.4392,-217.1951,0.490379
-568.0681,-2.4378,-217.0628,0.490465
-567.7351,-2.4364,-216.9306,0.490549
-567.4023,-2.4351,-216.7987,0.490634
-567.0695,-2.4339,-216.6669,0.490717
-566.7371,-2.4326,-216.5352,0.490806
-566.3745,-2.4313,-216.3917,0.490895
-566.0423,-2.4301,-216.2602,0.490979
-565.7103,-2.4288,-216.1288,0.491065
-565.3786,-2.4276,-215.9976,0.491150
-565.0470,-2.4264,-215.8665,0.491235
-564.7155,-2.4251,-215.7355,0.491316
-564.3843,-2.4239,-215.6048,0.491402
-564.0533,-2.4227,-215.4742,0.491489
-563.7224,-2.4215,-215.3440,0.491568
-563.3616,-2.4201,-215.2022,0.491665
-563.0311,-2.4189,-215.0725,0.491742
-562.7007,-2.4177,-214.9430,0.491826
-562.3705,-2.4164,-214.8138,0.491909
-562.0403,-2.4151,-214.6850,0.491994
-561.7103,-2.4138,-214.5565,0.492077
-561.3804,-2.4125,-214.4284,0.492159
-561.0507,-2.4113,-214.3006,0.492244
-560.7211,-2.4100,-214.1731,0.492328
-560.3617,-2.4086,-214.0344,0.492416
-560.0323,-2.4073,-213.9074,0.492501
-559.7028,-2.4061,-213.7807,0.492587
-559.3730,-2.4048,-213.6542,0.492670
-559.0438,-2.4035,-213.5280,0.492756
-558.7148,-2.4022,-213.4021,0.492838
-558.3853,-2.4007,-213.2763,0.492920
-558.0559,-2.3992,-213.1507,0.493007
-557.7264,-2.3976,-213.0254,0.493087
-557.3678,-2.3959,-212.8890,0.493180
-557.0399,-2.3944,-212.7646,0.493263
-556.7126,-2.3928,-212.6407,0.493346
-556.3862,-2.3913,-212.5172,0.493432
-556.0606,-2.3897,-212.3943,0.493513
-555.7357,-2.3882,-212.2720,0.493598
-555.4116,-2.3867,-212.1500,0.493679
-555.0883,-2.3851,-212.0286,0.493760
-554.7364,-2.3835,-211.8968,0.493847
-554.4143,-2.3817,-211.7763,0.493929
-554.0933,-2.3800,-211.6564,0.494008
-553.7729,-2.3782,-211.5369,0.494090
-553.4533,-2.3765,-211.4179,0.494170
-553.1345,-2.3747,-211.2992,0.494250
-552.8163,-2.3730,-211.1806,0.494331
-552.4990,-2.3713,-211.0622,0.494409
-552.1824,-2.3695,-210.9441,0.494490
-551.8666,-2.3678,-210.8263,0.494571
-551.5228,-2.3659,-210.6984,0.494657
-551.2086,-2.3642,-210.5818,0.494736
-550.8950,-2.3625,-210.4660,0.494814
-550.5822,-2.3607,-210.3509,0.494893
-550.2701,-2.3590,-210.2366,0.494969
-549.9586,-2.3573,-210.1232,0.495049
-549.6478,-2.3555,-210.0108,0.495127
-549.3375,-2.3538,-209.8992,0.495207
-549.0280,-2.3521,-209.7886,0.495284
-548.6908,-2.3502,-209.6686,0.495368
-548.3824,-2.3485,-209.5592,0.495447
-548.0747,-2.3468,-209.4503,0.495519
-547.7675,-2.3451,-209.3416,0.495598
-547.4609,-2.3434,-209.2332,0.495675
-547.1550,-2.3416,-209.1253,0.495754
-546.8496,-2.3399,-209.0178,0.495828
-546.5449,-2.3382,-208.9108,0.495902
-546.2409,-2.3365,-208.8044,0.495980
-545.9098,-2.3346,-208.6891,0.496062
-545.6071,-2.3329,-208.5838,0.496137
-545.3049,-2.3312,-208.4790,0.496212
-545.0033,-2.3295,-208.3746,0.496287
-544.7023,-2.3278,-208.2705,0.496365
-544.4019,-2.3261,-208.1665,0.496439
-544.1022,-2.3244,-208.0627,0.496513
-543.8030,-2.3227,-207.9592,0.496587
-543.4775,-2.3208,-207.8468,0.496670
-543.1797,-2.3191,-207.7443,0.496746
-542.8824,-2.3174,-207.6422,0.496819
-542.5859,-2.3157,-207.5406,0.496893
-542.2899,-2.3140,-207.4394,0.496968
-541.9946,-2.3124,-207.3386,0.497041
-541.6998,-2.3107,-207.2383,0.497114
-541.4056,-2.3090,-207.1385,0.497188
-541.1120,-2.3073,-207.0393,0.497261
-540.7924,-2.3055,-206.9317,0.497344
-540.5000,-2.3039,-206.8335,0.497416
-540.2081,-2.3022,-206.7358,0.497488
-539.9169,-2.3005,-206.6384,0.497561
-539.6261,-2.2989,-206.5415,0.497634
-539.3360,-2.2972,-206.4452,0.497707
-539.0464,-2.2956,-206.3497,0.497778
-538.7574,-2.2940,-206.2551,0.497853
-538.4688,-2.2924,-206.1613,0.497921
-538.1545,-2.2906,-206.0599,0.498001
-537.8669,-2.2890,-205.9677,0.498073
-537.5799,-2.2874,-205.8759,0.498144
-537.2933,-2.2858,-205.7846,0.498213
-537.0071,-2.2842,-205.6934,0.498284
-536.7215,-2.2826,-205.6024,0.498356
-536.4364,-2.2810,-205.5115,0.498426
-536.1518,-2.2794,-205.4207,0.498497
-535.8677,-2.2779,-205.3302,0.498565
-535.5583,-2.2762,-205.2319,0.498644
-535.2753,-2.2746,-205.1422,0.498715
-534.9928,-2.2731,-205.0529,0.498783
-534.7109,-2.2715,-204.9641,0.498854
-534.4294,-2.2700,-204.8756,0.498926
-534.1484,-2.2684,-204.7874,0.498992
-533.8680,-2.2669,-204.6997,0.499064
-533.5881,-2.2653,-204.6124,0.499131
-533.3086,-2.2638,-204.5255,0.499201
-533.0043,-2.2621,-204.4311,0.499276
-532.7260,-2.2606,-204.3447,0.499344
-532.4480,-2.2591,-204.2586,0.499412
-532.1705,-2.2576,-204.1725,0.499481
-531.8936,-2.2561,-204.0868,0.499549
-531.6172,-2.2546,-204.0015,0.499617
-531.3413,-2.2532,-203.9166,0.499686
-531.0658,-2.2517,-203.8322,0.499753
-530.7909,-2.2502,-203.7483,0.499821
-530.4915,-2.2486,-203.6572,0.499896
-530.2174,-2.2471,-203.5741,0.499962
-529.9439,-2.2456,-203.4913,0.500031
-529.6708,-2.2442,-203.4090,0.500096
-529.3982,-2.2427,-203.3269,0.500167
-529.1261,-2.2412,-203.2452,0.500230
-528.8544,-2.2398,-203.1639,0.500297
-528.5832,-2.2383,-203.0829,0.500366
-528.3124,-2.2369,-203.0023,0.500431
-528.0175,-2.2353,-202.9147,0.500505
-527.7477,-2.2338,-202.8348,0.500570
-527.4782,-2.2324,-202.7552,0.500639
-527.2092,-2.2309,-202.6760,0.500704
-526.9406,-2.2295,-202.5971,0.500771
-526.6725,-2.2280,-202.5186,0.500837
-526.4049,-2.2266,-202.4406,0.500902
-526.1376,-2.2252,-202.3630,0.500969
-525.8708,-2.2238,-202.2859,0.501033
-525.5802,-2.2222,-202.2021,0.501105
-525.3141,-2.2208,-202.1257,0.501171
-525.0486,-2.2194,-202.0494,0.501235
-524.7834,-2.2179,-201.9732,0.501301
-524.5186,-2.2165,-201.8972,0.501364
-524.2543,-2.2151,-201.8215,0.501430
-523.9903,-2.2137,-201.7460,0.501495
-523.7269,-2.2123,-201.6710,0.501560
-523.4638,-2.2109,-201.5963,0.501625
-523.1772,-2.2094,-201.5154,0.501694
-522.9150,-2.2080,-201.4415,0.501758
-522.6531,-2.2066,-201.3680,0.501821
-522.3917,-2.2052,-201.2947,0.501886
-522.1306,-2.2038,-201.2218,0.501949
-521.8699,-2.2024,-201.1489,0.502014
-521.6096,-2.2010,-201.0762,0.502078
-521.3497,-2.1996,-201.0037,0.502139
-521.0903,-2.1982,-200.9314,0.502202
-520.8077,-2.1967,-200.8527,0.502271
-520.5490,-2.1954,-200.7810,0.502337
-520.2908,-2.1940,-200.7093,0.502399
-520.0329,-2.1926,-200.6380,0.502464
-519.7755,-2.1912,-200.5671,0.502526
-519.5184,-2.1899,-200.4965,0.502589
-519.2617,-2.1885,-200.4263,0.502650
-519.0054,-2.1872,-200.3563,0.502713
-518.7493,-2.1858,-200.2866,0.502776
-518.4706,-2.1843,-200.2109,0.502843
-518.2153,-2.1830,-200.1417,0.502906
-517.9606,-2.1816,-200.0726,0.502968
-517.7061,-2.1802,-200.0037,0.503030
-517.4520,-2.1789,-199.9348,0.503091
-517.1982,-2.1775,-199.8661,0.503154
-516.9449,-2.1762,-199.7973,0.503216
-516.6918,-2.1749,-199.7287,0.503278
-516.4163,-2.1734,-199.6540,0.503343
-516.1641,-2.1720,-199.5856,0.503406
-515.9122,-2.1707,-199.5173,0.503467
-515.6607,-2.1694,-199.4492,0.503528
-515.4097,-2.1680,-199.3813,0.503589
-515.1588,-2.1667,-199.3135,0.503650
-514.9085,-2.1654,-199.2459,0.503712
-514.6585,-2.1641,-199.1786,0.503774
-514.4090,-2.1627,-199.1115,0.503835
-514.1598,-2.1614,-199.0449,0.503894
-513.8883,-2.1600,-198.9727,0.503962
-513.6398,-2.1586,-198.9069,0.504021
-513.3918,-2.1573,-198.8414,0.504082
-513.1439,-2.1560,-198.7761,0.504143
-512.8956,-2.1547,-198.7109,0.504203
-512.6470,-2.1534,-198.6458,0.504262
-512.3979,-2.1521,-198.5809,0.504323
-512.1485,-2.1507,-198.5160,0.504385
-511.8990,-2.1494,-198.4513,0.504446
-511.6266,-2.1480,-198.3808,0.504510
-511.3766,-2.1467,-198.3162,0.504570
-511.1264,-2.1453,-198.2515,0.504632
-510.8761,-2.1440,-198.1869,0.504695
-510.6258,-2.1427,-198.1224,0.504755
-510.3752,-2.1413,-198.0581,0.504815
-510.1246,-2.1400,-197.9939,0.504877
-509.8737,-2.1387,-197.9300,0.504938
-509.6228,-2.1374,-197.8662,0.504998
-509.3489,-2.1359,-197.7969,0.505065
-509.0976,-2.1346,-197.7334,0.505125
-508.8461,-2.1332,-197.6702,0.505187
-508.5945,-2.1319,-197.6073,0.505248
-508.3428,-2.1306,-197.5446,0.505308
-508.0909,-2.1292,-197.4822,0.505368
-507.8388,-2.1279,-197.4201,0.505431
-507.5866,-2.1266,-197.3582,0.505493
-507.3113,-2.1251,-197.2910,0.505558
-507.0588,-2.1238,-197.2299,0.505620
-506.8061,-2.1225,-197.1692,0.505682
-506.5533,-2.1211,-197.1090,0.505741
-506.3004,-2.1198,-197.0493,0.505802
-506.0472,-2.1185,-196.9900,0.505865
-505.7939,-2.1171,-196.9312,0.505926
-505.5406,-2.1158,-196.8729,0.505988
-505.2871,-2.1145,-196.8149,0.506048
-505.0335,-2.1131,-196.7573,0.506111
-504.7567,-2.1117,-196.6949,0.506177
-504.5028,-2.1104,-196.6381,0.506240
-504.2489,-2.1090,-196.5816,0.506300
-503.9948,-2.1077,-196.5255,0.506361
-503.7407,-2.1064,-196.4698,0.506423
-503.4864,-2.1051,-196.4144,0.506484
-503.2319,-2.1037,-196.3594,0.506546
-502.9775,-2.1024,-196.3048,0.506609
-502.7228,-2.1011,-196.2505,0.506670
-502.4449,-2.0997,-196.1916,0.506737
-502.1900,-2.0983,-196.1379,0.506797
-501.9351,-2.0970,-196.0843,0.506860
-501.6800,-2.0957,-196.0310,0.506920
-501.4248,-2.0944,-195.9781,0.506982
-501.1696,-2.0930,-195.9255,0.507043
-500.9141,-2.0917,-195.8733,0.507105
-500.6587,-2.0904,-195.8214,0.507167
-500.3799,-2.0889,-195.7650,0.507235
-500.1241,-2.0876,-195.7136,0.507297
-499.8683,-2.0863,-195.6623,0.507359
-499.6123,-2.0850,-195.6110,0.507418
-499.3563,-2.0837,-195.5599,0.507481
-499.1002,-2.0823,-195.5090,0.507542
-498.8440,-2.0810,-195.4583,0.507603
-498.5876,-2.0797,-195.4078,0.507666
-498.3312,-2.0784,-195.3575,0.507728
-498.0748,-2.0771,-195.3072,0.507789
-497.7950,-2.0756,-195.2524,0.507856
-497.5383,-2.0743,-195.2020,0.507916
-497.2815,-2.0730,-195.1513,0.507979
-497.0245,-2.0717,-195.1005,0.508040
-496.7674,-2.0703,-195.0495,0.508102
-496.5103,-2.0690,-194.9983,0.508165
-496.2532,-2.0677,-194.9469,0.508226
-495.9960,-2.0664,-194.8952,0.508287
-495.7389,-2.0651,-194.8436,0.508348
-495.4583,-2.0636,-194.7871,0.508417
-495.2011,-2.0623,-194.7355,0.508478
-494.9439,-2.0610,-194.6839,0.508539
-494.6868,-2.0597,-194.6325,0.508600
-494.4296,-2.0583,-194.5814,0.508662
-494.1724,-2.0570,-194.5304,0.508724
-493.9151,-2.0557,-194.4798,0.508786
-493.6578,-2.0544,-194.4294,0.508848
-493.4005,-2.0531,-194.3792,0.508908
-493.1198,-2.0516,-194.3248,0.508976
-492.8625,-2.0503,-194.2750,0.509039
-492.6050,-2.0490,-194.2253,0.509099
-492.3475,-2.0477,-194.1757,0.509162
-492.0898,-2.0464,-194.1259,0.509224
-491.8321,-2.0450,-194.0760,0.509284
-491.5745,-2.0437,-194.0261,0.509346
-491.3168,-2.0424,-193.9764,0.509408
-491.0587,-2.0411,-193.9268,0.509469
-490.7765,-2.0397,-193.8730,0.509538
-490.5173,-2.0383,-193.8236,0.509600
-490.2576,-2.0370,-193.7741,0.509661
-489.9973,-2.0357,-193.7244,0.509724
-489.7365,-2.0344,-193.6745,0.509787
-489.4752,-2.0330,-193.6244,0.509849
-489.2134,-2.0317,-193.5742,0.509912
-488.9511,-2.0304,-193.5239,0.509976
-488.6884,-2.0290,-193.4735,0.510038
-488.4013,-2.0276,-193.4184,0.510107
-488.1376,-2.0262,-193.3678,0.510169
-487.8734,-2.0249,-193.3171,0.510233
-487.6087,-2.0235,-193.2663,0.510297
-487.3436,-2.0222,-193.2155,0.510361
-487.0780,-2.0208,-193.1645,0.510423
-486.8120,-2.0195,-193.1135,0.510487
-486.5455,-2.0181,-193.0624,0.510550
-486.2786,-2.0168,-193.0112,0.510616
-485.9869,-2.0153,-192.9552,0.510686
-485.7196,-2.0139,-192.9039,0.510750
-485.4521,-2.0126,-192.8525,0.510813
-485.1847,-2.0112,-192.8012,0.510877
-484.9175,-2.0098,-192.7499,0.510941
-484.6503,-2.0085,-192.6987,0.511005
-484.3588,-2.0070,-192.6429,0.511075
-484.1159,-2.0058,-192.5965,0.511132
-483.8487,-2.0044,-192.5455,0.511195
-483.5573,-2.0029,-192.4898,0.511266
-483.2901,-2.0016,-192.4387,0.511330
-483.0229,-2.0002,-192.3874,0.511392
-482.7556,-1.9988,-192.3360,0.511458
-482.4883,-1.9975,-192.2842,0.511521
-482.2207,-1.9961,-192.2323,0.511585
-481.9529,-1.9948,-192.1802,0.511650
-481.6846,-1.9934,-192.1279,0.511714
-481.4160,-1.9920,-192.0755,0.511777
-481.1226,-1.9905,-192.0184,0.511848
-480.8534,-1.9892,-191.9659,0.511913
-480.5838,-1.9878,-191.9136,0.511977
-480.3139,-1.9864,-191.8614,0.512041
-480.0436,-1.9850,-191.8093,0.512107
-479.7730,-1.9837,-191.7573,0.512171
-479.5021,-1.9823,-191.7056,0.512236
-479.2308,-1.9809,-191.6539,0.512302
-478.9592,-1.9795,-191.6023,0.512365
-478.6624,-1.9780,-191.5461,0.512435
-478.3900,-1.9766,-191.4946,0.512501
-478.1173,-1.9752,-191.4431,0.512567
-477.8442,-1.9738,-191.3917,0.512632
-477.5707,-1.9724,-191.3405,0.512696
-477.2969,-1.9710,-191.2894,0.512762
-477.0228,-1.9696,-191.2384,0.512828
-476.7483,-1.9682,-191.1875,0.512895
-476.4734,-1.9667,-191.1368,0.512959
-476.1732,-1.9652,-191.0816,0.513031
-475.8976,-1.9638,-191.0311,0.513097
-475.6216,-1.9624,-190.9808,0.513162
-475.3453,-1.9609,-190.9306,0.513230
-475.0686,-1.9595,-190.8805,0.513296
-474.7916,-1.9581,-190.8304,0.513362
-474.5142,-1.9567,-190.7805,0.513427
-474.2364,-1.9553,-190.7305,0.513496
-473.9582,-1.9538,-190.6805,0.513559
-473.6543,-1.9523,-190.6258,0.513634
-473.3755,-1.9508,-190.5757,0.513700
-473.0963,-1.9494,-190.5257,0.513767
-472.8167,-1.9480,-190.4757,0.513833
-472.5368,-1.9465,-190.4258,0.513901
-472.2566,-1.9451,-190.3759,0.513967
-471.9760,-1.9437,-190.3261,0.514035
-471.6953,-1.9422,-190.2764,0.514101
-471.4150,-1.9408,-190.2270,0.514168
-471.1091,-1.9392,-190.1734,0.514241
-470.8288,-1.9378,-190.1245,0.514308
-470.5485,-1.9363,-190.0758,0.514376
-470.2683,-1.9349,-190.0272,0.514443
-469.9882,-1.9335,-189.9787,0.514509
-469.7082,-1.9320,-189.9305,0.514576
-469.4282,-1.9306,-189.8825,0.514642
-469.1482,-1.9292,-189.8346,0.514709
-468.8682,-1.9277,-189.7869,0.514776
-468.5629,-1.9262,-189.7349,0.514849
-468.2832,-1.9248,-189.6872,0.514917
-468.0034,-1.9233,-189.6394,0.514982
-467.7236,-1.9219,-189.5916,0.515048
-467.4438,-1.9205,-189.5437,0.515115
-467.1642,-1.9190,-189.4958,0.515182
-466.8846,-1.9176,-189.4477,0.515249
-466.6050,-1.9162,-189.3996,0.515315
-466.3254,-1.9148,-189.3515,0.515383
-466.0207,-1.9132,-189.2991,0.515454
-465.7415,-1.9118,-189.2511,0.515521
-465.4622,-1.9104,-189.2033,0.515586
-465.1832,-1.9089,-189.1558,0.515654
-464.9041,-1.9075,-189.1086,0.515721
-464.6252,-1.9061,-189.0617,0.515787
-464.3465,-1.9047,-189.0149,0.515853
-464.0677,-1.9033,-188.9683,0.515920
-463.7637,-1.9017,-188.9176,0.515992
-463.4850,-1.9003,-188.8712,0.516058
-463.2064,-1.8989,-188.8250,0.516124
-462.9278,-1.8975,-188.7789,0.516191
-462.6494,-1.8961,-188.7328,0.516257
-462.3710,-1.8947,-188.6868,0.516323
-462.0926,-1.8932,-188.6408,0.516389
-461.8141,-1.8918,-188.5950,0.516455
-461.5358,-1.8904,-188.5491,0.516522
-461.2323,-1.8889,-188.4993,0.516594
-460.9542,-1.8875,-188.4537,0.516660
-460.6761,-1.8861,-188.4082,0.516727
-460.3980,-1.8847,-188.3628,0.516793
-460.1199,-1.8832,-188.3174,0.516858
-459.8419,-1.8818,-188.2720,0.516924
-459.5640,-1.8804,-188.2265,0.516991
-459.2860,-1.8790,-188.1808,0.517057
-459.0081,-1.8776,-188.1350,0.517123
-458.7049,-1.8761,-188.0848,0.517195
-458.4272,-1.8747,-188.0388,0.517261
-458.1495,-1.8733,-187.9930,0.517327
-457.8719,-1.8719,-187.9472,0.517393
-457.5944,-1.8705,-187.9016,0.517459
-457.3168,-1.8691,-187.8560,0.517525
-457.0395,-1.8677,-187.8105,0.517592
-456.7622,-1.8663,-187.7650,0.517657
-456.4850,-1.8649,-187.7196,0.517723
-456.1826,-1.8634,-187.6700,0.517794
-455.9055,-1.8620,-187.6245,0.517859
-455.6284,-1.8606,-187.5791,0.517927
-455.3514,-1.8592,-187.5337,0.517994
-455.0745,-1.8579,-187.4883,0.518057
-454.7975,-1.8565,-187.4428,0.518123
-454.5207,-1.8551,-187.3975,0.518190
-454.2439,-1.8537,-187.3521,0.518254
-453.9672,-1.8523,-187.3067,0.518321
-453.6654,-1.8508,-187.2571,0.518393
-453.3888,-1.8494,-187.2114,0.518458
-453.1122,-1.8480,-187.1658,0.518525
-452.8356,-1.8467,-187.1200,0.518590
-452.5592,-1.8453,-187.0743,0.518657
-452.2829,-1.8439,-187.0285,0.518722
-452.0066,-1.8425,-186.9826,0.518788
-451.7302,-1.8411,-186.9366,0.518852
-451.4540,-1.8397,-186.8906,0.518919
-451.1529,-1.8382,-186.8403,0.518989
-450.8768,-1.8369,-186.7942,0.519055
-450.6009,-1.8355,-186.7482,0.519121
-450.3249,-1.8341,-186.7022,0.519187
-450.0490,-1.8327,-186.6561,0.519252
-449.7733,-1.8313,-186.6101,0.519318
-449.4977,-1.8300,-186.5640,0.519383
-449.2220,-1.8286,-186.5177,0.519449
-448.9463,-1.8272,-186.4713,0.519514
-448.6456,-1.8257,-186.4204,0.519587
-448.3701,-1.8243,-186.3734,0.519652
-448.0946,-1.8229,-186.3263,0.519717
-447.8192,-1.8216,-186.2789,0.519781
-447.5439,-1.8202,-186.2315,0.519848
-447.2686,-1.8188,-186.1840,0.519913
-446.9935,-1.8174,-186.1364,0.519980
-446.7184,-1.8161,-186.0887,0.520043
-446.4433,-1.8147,-186.0409,0.520109
-446.1434,-1.8132,-185.9887,0.520180
-445.8686,-1.8118,-185.9407,0.520246
-445.5939,-1.8104,-185.8928,0.520310
-445.3192,-1.8091,-185.8449,0.520376
-445.0445,-1.8077,-185.7970,0.520442
-444.7700,-1.8063,-185.7492,0.520507
-444.4956,-1.8050,-185.7013,0.520572
-444.2212,-1.8036,-185.6532,0.520637
-443.9468,-1.8022,-185.6049,0.520702
-443.6476,-1.8007,-185.5522,0.520774
-443.3734,-1.7994,-185.5038,0.520839
-443.0993,-1.7980,-185.4553,0.520905
-442.8253,-1.7966,-185.4068,0.520969
-442.5512,-1.7953,-185.3584,0.521034
-442.2773,-1.7939,-185.3100,0.521100
-442.0035,-1.7925,-185.2616,0.521164
-441.7297,-1.7912,-185.2133,0.521229
-441.4561,-1.7898,-185.1648,0.521294
-441.1576,-1.7883,-185.1120,0.521366
-440.8839,-1.7869,-185.0636,0.521431
-440.6104,-1.7856,-185.0153,0.521497
-440.3369,-1.7842,-184.9671,0.521561
-440.0636,-1.7828,-184.9189,0.521626
-439.7904,-1.7815,-184.8707,0.521692
-439.5171,-1.7801,-184.8226,0.521757
-439.2439,-1.7788,-184.7744,0.521821
-438.9706,-1.7774,-184.7262,0.521886
-438.6725,-1.7759,-184.6737,0.521958
-438.3994,-1.7745,-184.6255,0.522023
-438.1264,-1.7732,-184.5773,0.522088
-437.8534,-1.7718,-184.5289,0.522153
-437.5804,-1.7705,-184.4804,0.522218
-437.3074,-1.7691,-184.4316,0.522283
-437.0344,-1.7677,-184.3827,0.522348
-436.7615,-1.7664,-184.3337,0.522414
-436.4887,-1.7650,-184.2845,0.522478
-436.1912,-1.7635,-184.2309,0.522549
-435.9185,-1.7622,-184.1817,0.522612
-435.6458,-1.7608,-184.1324,0.522678
-435.3732,-1.7595,-184.0831,0.522744
-435.1007,-1.7581,-184.0337,0.522809
-434.8283,-1.7567,-183.9842,0.522872
-434.5559,-1.7554,-183.9347,0.522938
-434.2835,-1.7540,-183.8850,0.523003
-434.0112,-1.7527,-183.8354,0.523067
-433.7142,-1.7512,-183.7812,0.523138
-433.4421,-1.7498,-183.7317,0.523203
-433.1702,-1.7485,-183.6823,0.523268
-432.8983,-1.7471,-183.6331,0.523333
-432.6264,-1.7458,-183.5839,0.523398
-432.3545,-1.7444,-183.5347,0.523461
-432.0826,-1.7431,-183.4856,0.523526
-431.8108,-1.7417,-183.4367,0.523591
-431.5390,-1.7403,-183.3879,0.523656
-431.2427,-1.7389,-183.3349,0.523728
-430.9711,-1.7375,-183.2864,0.523791
-430.6995,-1.7362,-183.2381,0.523856
-430.4279,-1.7348,-183.1900,0.523921
-430.1566,-1.7334,-183.1422,0.523985
-429.8853,-1.7321,-183.0946,0.524050
-429.6139,-1.7307,-183.0472,0.524116
-429.3180,-1.7293,-182.9959,0.524186
-429.0714,-1.7280,-182.9533,0.524244
-428.7755,-1.7266,-182.9024,0.524315
-428.5042,-1.7252,-182.8560,0.524379
-428.2330,-1.7239,-182.8099,0.524444
-427.9618,-1.7225,-182.7639,0.524508
-427.6906,-1.7211,-182.7181,0.524573
-427.4194,-1.7198,-182.6726,0.524638
-427.1482,-1.7184,-182.6272,0.524703
-426.8770,-1.7171,-182.5819,0.524768
-426.6057,-1.7157,-182.5367,0.524832
-426.3097,-1.7143,-182.4872,0.524902
-426.0383,-1.7129,-182.4417,0.524966
-425.7670,-1.7115,-182.3961,0.525031
-425.4957,-1.7102,-182.3507,0.525097
-425.2244,-1.7088,-182.3053,0.525161
-424.9531,-1.7075,-182.2600,0.525226
-424.6819,-1.7061,-182.2145,0.525290
-424.4106,-1.7048,-182.1689,0.525354
-424.1394,-1.7034,-182.1231,0.525419
-423.8435,-1.7019,-182.0731,0.525489
-423.5723,-1.7006,-182.0271,0.525553
-423.3010,-1.6992,-181.9812,0.525617
-423.0298,-1.6979,-181.9352,0.525682
-422.7587,-1.6965,-181.8891,0.525747
-422.4876,-1.6952,-181.8428,0.525810
-422.2166,-1.6938,-181.7964,0.525875
-421.9454,-1.6925,-181.7495,0.525940
-421.6743,-1.6911,-181.7022,0.526004
-421.3786,-1.6896,-181.6503,0.526074
-421.1077,-1.6883,-181.6026,0.526139
-420.8368,-1.6869,-181.5547,0.526204
-420.5660,-1.6856,-181.5069,0.526269
-420.2953,-1.6842,-181.4591,0.526332
-420.0246,-1.6829,-181.4114,0.526396
-419.7540,-1.6815,-181.3640,0.526461
-419.4834,-1.6802,-181.3168,0.526526
-419.2130,-1.6788,-181.2698,0.526589
-418.9182,-1.6773,-181.2187,0.526660
-418.6479,-1.6760,-181.1720,0.526723
-418.3777,-1.6746,-181.1255,0.526789
-418.1075,-1.6733,-181.0793,0.526852
-417.8374,-1.6719,-181.0330,0.526918
-417.5673,-1.6706,-180.9868,0.526980
-417.2972,-1.6692,-180.9406,0.527045
-417.0269,-1.6679,-180.8945,0.527110
-416.7565,-1.6665,-180.8483,0.527173
-416.4612,-1.6651,-180.7979,0.527245
-416.1903,-1.6637,-180.7518,0.527308
-415.9190,-1.6624,-180.7057,0.527373
-415.6475,-1.6610,-180.6594,0.527439
-415.3756,-1.6597,-180.6130,0.527502
-415.1034,-1.6583,-180.5664,0.527568
-414.8310,-1.6569,-180.5197,0.527631
-414.5583,-1.6556,-180.4731,0.527697
-414.2853,-1.6542,-180.4263,0.527761
-413.9872,-1.6527,-180.3752,0.527832
-413.7136,-1.6514,-180.3284,0.527897
-413.4398,-1.6500,-180.2815,0.527963
-413.1656,-1.6486,-180.2345,0.528028
-412.8912,-1.6473,-180.1872,0.528094
-412.6165,-1.6459,-180.1396,0.528159
-412.3414,-1.6445,-180.0916,0.528225
-412.0661,-1.6431,-180.0433,0.528289
-411.7906,-1.6418,-179.9949,0.528354
-411.4897,-1.6403,-179.9419,0.528426
-411.2137,-1.6389,-179.8932,0.528492
-410.9375,-1.6375,-179.8447,0.528558
-410.6610,-1.6361,-179.7962,0.528624
-410.3844,-1.6348,-179.7480,0.528690
-410.1076,-1.6334,-179.6998,0.528755
-409.8305,-1.6320,-179.6518,0.528821
-409.5533,-1.6306,-179.6038,0.528887
-409.2757,-1.6292,-179.5560,0.528954
-408.9727,-1.6277,-179.5043,0.529026
-408.6948,-1.6263,-179.4572,0.529091
-408.4165,-1.6250,-179.4104,0.529157
-408.1380,-1.6236,-179.3637,0.529223
-407.8592,-1.6222,-179.3170,0.529290
-407.5801,-1.6208,-179.2704,0.529357
-407.3008,-1.6194,-179.2238,0.529425
-407.0211,-1.6180,-179.1769,0.529490
-406.7414,-1.6166,-179.1300,0.529557
-406.4362,-1.6151,-179.0788,0.529629
-406.1565,-1.6137,-179.0320,0.529695
-405.8768,-1.6123,-178.9852,0.529762
-405.5972,-1.6109,-178.9385,0.529828
-405.3177,-1.6095,-178.8917,0.529895
-405.0381,-1.6081,-178.8449,0.529962
-404.7587,-1.6068,-178.7977,0.530028
-404.4793,-1.6054,-178.7503,0.530095
-404.1744,-1.6038,-178.6981,0.530167
-403.8947,-1.6024,-178.6500,0.530234
-403.6148,-1.6011,-178.6017,0.530300
-403.3349,-1.5997,-178.5533,0.530366
-403.0548,-1.5983,-178.5047,0.530433
-402.7746,-1.5969,-178.4560,0.530500
-402.4943,-1.5955,-178.4073,0.530567
-402.2137,-1.5941,-178.3587,0.530633
-401.9332,-1.5927,-178.3101,0.530700
-401.6273,-1.5912,-178.2574,0.530772
-401.3476,-1.5898,-178.2092,0.530839
-401.0684,-1.5884,-178.1612,0.530905
-400.7898,-1.5870,-178.1133,0.530972
-400.5117,-1.5856,-178.0655,0.531037
-400.2341,-1.5842,-178.0179,0.531104
-399.9570,-1.5828,-177.9704,0.531169
-399.6804,-1.5815,-177.9231,0.531235
-399.4044,-1.5801,-177.8760,0.531301
-399.1288,-1.5787,-177.8289,0.531366
-398.8287,-1.5772,-177.7778,0.531438
-398.5542,-1.5758,-177.7309,0.531503
-398.2801,-1.5745,-177.6842,0.531569
-398.0065,-1.5731,-177.6376,0.531633
-397.7334,-1.5718,-177.5910,0.531698
-397.4607,-1.5704,-177.5442,0.531763
-397.1885,-1.5690,-177.4973,0.531828
-396.9167,-1.5677,-177.4502,0.531893
-396.6208,-1.5662,-177.3989,0.531963
-396.3501,-1.5649,-177.3521,0.532028
-396.0799,-1.5635,-177.3055,0.532092
-395.8102,-1.5622,-177.2591,0.532156
-395.5409,-1.5608,-177.2130,0.532220
-395.2722,-1.5595,-177.1671,0.532284
-395.0039,-1.5582,-177.1214,0.532348
-394.7361,-1.5568,-177.0758,0.532413
-394.4687,-1.5555,-177.0304,0.532476
-394.1776,-1.5540,-176.9811,0.532544
-393.9111,-1.5527,-176.9360,0.532607
-393.6451,-1.5514,-176.8911,0.532672
-393.3795,-1.5501,-176.8463,0.532734
-393.1143,-1.5487,-176.8013,0.532798
-392.8495,-1.5474,-176.7562,0.532861
-392.5851,-1.5461,-176.7109,0.532923
-392.3211,-1.5448,-176.6653,0.532985
-392.0574,-1.5435,-176.6197,0.533049
-391.7704,-1.5420,-176.5698,0.533118
-391.5078,-1.5407,-176.5241,0.533179
-391.2455,-1.5394,-176.4786,0.533241
-390.9838,-1.5381,-176.4332,0.533305
-390.7226,-1.5368,-176.3880,0.533366
-390.4616,-1.5355,-176.3428,0.533429
-390.2012,-1.5342,-176.2977,0.533490
-389.9412,-1.5329,-176.2524,0.533552
-389.6815,-1.5316,-176.2071,0.533614
-389.3987,-1.5302,-176.1576,0.533682
-389.1399,-1.5289,-176.1122,0.533742
-388.8815,-1.5276,-176.0668,0.533804
-388.6235,-1.5263,-176.0214,0.533865
-388.3659,-1.5250,-175.9760,0.533927
-388.1088,-1.5238,-175.9307,0.533988
-387.8521,-1.5225,-175.8853,0.534048
-387.5958,-1.5212,-175.8401,0.534110
-387.3399,-1.5199,-175.7951,0.534171
-387.0844,-1.5186,-175.7500,0.534231
-386.8061,-1.5172,-175.7009,0.534297
-386.5514,-1.5160,-175.6557,0.534358
-386.2970,-1.5147,-175.6105,0.534419
-386.0431,-1.5134,-175.5650,0.534479
-385.7895,-1.5122,-175.5195,0.534540
-385.5362,-1.5109,-175.4739,0.534600
-385.2834,-1.5096,-175.4285,0.534660
-385.0311,-1.5084,-175.3832,0.534721
-384.7562,-1.5070,-175.3340,0.534786
-384.5047,-1.5057,-175.2890,0.534845
-384.2535,-1.5045,-175.2440,0.534905
-384.0027,-1.5032,-175.1992,0.534964
-383.7522,-1.5020,-175.1544,0.535024
-383.5022,-1.5007,-175.1096,0.535085
-383.2524,-1.4995,-175.0648,0.535144
-383.0031,-1.4982,-175.0200,0.535202
-382.7541,-1.4970,-174.9753,0.535262
-382.4829,-1.4956,-174.9266,0.535326
-382.2346,-1.4944,-174.8820,0.535385
-381.9867,-1.4931,-174.8373,0.535444
-381.7392,-1.4919,-174.7927,0.535503
-381.4919,-1.4906,-174.7482,0.535563
-381.2451,-1.4894,-174.7038,0.535622
-380.9986,-1.4882,-174.6593,0.535679
-380.7524,-1.4869,-174.6151,0.535738
-380.5066,-1.4857,-174.5709,0.535797
-380.2388,-1.4843,-174.5228,0.535860
-379.9937,-1.4831,-174.4788,0.535919
-379.7489,-1.4819,-174.4349,0.535977
-379.5044,-1.4807,-174.3909,0.536035
-379.2603,-1.4794,-174.3471,0.536094
-379.0164,-1.4782,-174.3033,0.536152
-378.7729,-1.4770,-174.2596,0.536210
-378.5298,-1.4758,-174.2161,0.536268
-378.2870,-1.4746,-174.1726,0.536326
-378.0224,-1.4732,-174.1252,0.536389
-377.7802,-1.4720,-174.0818,0.536446
-377.5383,-1.4708,-174.0385,0.536503
-377.2967,-1.4696,-173.9953,0.536561
-377.0554,-1.4684,-173.9521,0.536619
-376.8145,-1.4672,-173.9090,0.536676
-376.5739,-1.4659,-173.8662,0.536733
-376.3336,-1.4647,-173.8235,0.536791
-376.0936,-1.4635,-173.7810,0.536847
-375.8322,-1.4622,-173.7346,0.536910
-375.5928,-1.4610,-173.6922,0.536967
-375.3537,-1.4598,-173.6498,0.537023
-375.1149,-1.4586,-173.6075,0.537081
-374.8764,-1.4574,-173.5653,0.537138
-374.6381,-1.4562,-173.5231,0.537194
-374.4001,-1.4550,-173.4810,0.537250
-374.1624,-1.4538,-173.4387,0.537307
-373.9249,-1.4526,-173.3961,0.537364
-373.6661,-1.4513,-173.3493,0.537426
-373.4291,-1.4501,-173.3062,0.537482
-373.1925,-1.4489,-173.2631,0.537538
-372.9562,-1.4477,-173.2202,0.537595
-372.7202,-1.4465,-173.1776,0.537650
-372.4846,-1.4453,-173.1350,0.537707
-372.2492,-1.4442,-173.0928,0.537762
-372.0142,-1.4430,-173.0507,0.537819
-371.7794,-1.4418,-173.0086,0.537875
-371.5235,-1.4405,-172.9628,0.537935
-371.2893,-1.4393,-172.9211,0.537991
-371.0555,-1.4381,-172.8796,0.538047
-370.8218,-1.4370,-172.8383,0.538102
-370.5884,-1.4358,-172.7971,0.538158
-370.3553,-1.4346,-172.7560,0.538214
-370.1225,-1.4334,-172.7149,0.538269
-369.8898,-1.4322,-172.6738,0.538324
-369.6573,-1.4311,-172.6327,0.538380
-369.4036,-1.4298,-172.5880,0.538441
-369.1711,-1.4286,-172.5470,0.538496
-368.9388,-1.4274,-172.5060,0.538552
-368.7063,-1.4263,-172.4651,0.538606
-368.4738,-1.4251,-172.4241,0.538662
-368.2413,-1.4239,-172.3831,0.538718
-368.0088,-1.4227,-172.3423,0.538772
-367.7764,-1.4216,-172.3016,0.538828
-367.5439,-1.4204,-172.2609,0.538883
-367.2903,-1.4191,-172.2164,0.538944
-367.0578,-1.4179,-172.1757,0.538999
-366.8253,-1.4168,-172.1349,0.539055
-366.5927,-1.4156,-172.0941,0.539111
-366.3602,-1.4144,-172.0534,0.539167
-366.1276,-1.4132,-172.0126,0.539222
-365.8951,-1.4120,-171.9719,0.539278
-365.6625,-1.4109,-171.9312,0.539332
-365.4300,-1.4097,-171.8905,0.539387
-365.1763,-1.4084,-171.8461,0.539449
-364.9437,-1.4072,-171.8055,0.539504
-364.7105,-1.4060,-171.7647,0.539559
-364.4775,-1.4048,-171.7241,0.539614
-364.2444,-1.4037,-171.6835,0.539669
-364.0107,-1.4025,-171.6429,0.539725
-363.7764,-1.4013,-171.6021,0.539780
-363.5414,-1.4001,-171.5614,0.539835
-363.3061,-1.3989,-171.5207,0.539892
-363.0490,-1.3976,-171.4762,0.539953
-362.8127,-1.3964,-171.4354,0.540009
-362.5756,-1.3952,-171.3947,0.540066
-362.3376,-1.3940,-171.3539,0.540123
-362.0988,-1.3928,-171.3131,0.540180
-361.8590,-1.3915,-171.2720,0.540236
-361.6187,-1.3903,-171.2306,0.540293
-361.3778,-1.3891,-171.1888,0.540351
-361.1363,-1.3879,-171.1467,0.540409
-360.8721,-1.3865,-171.1007,0.540472
-360.6295,-1.3853,-171.0584,0.540529
-360.3863,-1.3840,-171.0162,0.540586
-360.1425,-1.3828,-170.9739,0.540645
-359.8983,-1.3816,-170.9316,0.540703
-359.6534,-1.3803,-170.8892,0.540761
-359.4080,-1.3791,-170.8467,0.540820
-359.1620,-1.3778,-170.8041,0.540878
-358.9155,-1.3766,-170.7614,0.540937
-358.6459,-1.3752,-170.7147,0.541001
-358.3983,-1.3739,-170.6718,0.541060
-358.1501,-1.3727,-170.6289,0.541119
-357.9013,-1.3714,-170.5857,0.541178
-357.6520,-1.3701,-170.5424,0.541238
-357.4022,-1.3689,-170.4988,0.541298
-357.1518,-1.3676,-170.4552,0.541358
-356.9008,-1.3663,-170.4114,0.541417
-356.6495,-1.3650,-170.3674,0.541478
-356.3746,-1.3636,-170.3194,0.541535
-356.1220,-1.3623,-170.2753,0.541603
-355.8690,-1.3610,-170.2310,0.541663
-355.6155,-1.3597,-170.1867,0.541723
-355.3616,-1.3585,-170.1424,0.541783
-355.1071,-1.3572,-170.0981,0.541843
-354.8521,-1.3559,-170.0538,0.541904
-354.5966,-1.3546,-170.0095,0.541965
-354.3406,-1.3533,-169.9652,0.542025
-354.0607,-1.3518,-169.9169,0.542091
-353.8037,-1.3505,-169.8725,0.542153
-353.5461,-1.3492,-169.8282,0.542214
-353.2881,-1.3479,-169.7839,0.542279
-353.0296,-1.3466,-169.7396,0.542337
-352.7705,-1.3453,-169.6952,0.542399
-352.5109,-1.3440,-169.6507,0.542461
-352.2509,-1.3426,-169.6060,0.542522
-351.9903,-1.3413,-169.5613,0.542584
-351.7055,-1.3399,-169.5124,0.542653
-351.4439,-1.3385,-169.4676,0.542715
-351.1819,-1.3372,-169.4227,0.542778
-350.9194,-1.3359,-169.3777,0.542840
-350.6565,-1.3345,-169.3327,0.542903
-350.3932,-1.3332,-169.2877,0.542966
-350.1296,-1.3319,-169.2427,0.543028
-349.8657,-1.3305,-169.1976,0.543092
-349.6015,-1.3292,-169.1524,0.543154
-349.3128,-1.3277,-169.1032,0.543222
-349.0474,-1.3264,-169.0579,0.543285
-348.7810,-1.3250,-169.0125,0.543348
-348.5143,-1.3237,-168.9670,0.543412
-348.2470,-1.3223,-168.9214,0.543474
-347.9792,-1.3210,-168.8757,0.543538
-347.7110,-1.3196,-168.8298,0.543602
-347.4424,-1.3182,-168.7835,0.543666
-347.1732,-1.3169,-168.7370,0.543730
-346.8790,-1.3154,-168.6860,0.543800
-346.6089,-1.3140,-168.6391,0.543864
-346.3384,-1.3127,-168.5921,0.543928
-346.0675,-1.3113,-168.5451,0.543993
-345.7961,-1.3099,-168.4980,0.544058
-345.5244,-1.3086,-168.4510,0.544123
-345.2522,-1.3072,-168.4038,0.544187
-344.9797,-1.3058,-168.3567,0.544252
-344.7067,-1.3045,-168.3095,0.544317
-344.4084,-1.3029,-168.2581,0.544388
-344.1345,-1.3016,-168.2111,0.544453
-343.8602,-1.3002,-168.1640,0.544519
-343.5855,-1.2988,-168.1169,0.544584
-343.3104,-1.2974,-168.0697,0.544649
-343.0348,-1.2960,-168.0226,0.544715
-342.7588,-1.2946,-167.9755,0.544780
-342.4824,-1.2932,-167.9284,0.544846
-342.2056,-1.2917,-167.8812,0.544912
-341.9031,-1.2902,-167.8296,0.544984
-341.6254,-1.2888,-167.7823,0.545050
-341.3473,-1.2873,-167.7350,0.545117
-341.0688,-1.2859,-167.6877,0.545183
-340.7899,-1.2845,-167.6403,0.545249
-340.5105,-1.2830,-167.5928,0.545316
-340.2307,-1.2816,-167.5453,0.545382
-339.9506,-1.2802,-167.4978,0.545449
-339.6700,-1.2787,-167.4503,0.545516
-339.3635,-1.2771,-167.3983,0.545588
-339.0821,-1.2757,-167.3505,0.545655
-338.8002,-1.2742,-167.3026,0.545722
-338.5180,-1.2727,-167.2545,0.545789
-338.2354,-1.2712,-167.2064,0.545856
-337.9525,-1.2697,-167.1583,0.545924
-337.6693,-1.2682,-167.1101,0.545991
-337.3858,-1.2667,-167.0619,0.546059
-337.1021,-1.2652,-167.0138,0.546126
-336.7921,-1.2636,-166.9613,0.546200
-336.5078,-1.2621,-166.9133,0.546267
-336.2231,-1.2606,-166.8652,0.546335
-335.9381,-1.2591,-166.8172,0.546404
-335.6528,-1.2576,-166.7691,0.546472
-335.3672,-1.2561,-166.7210,0.546539
-335.0812,-1.2546,-166.6728,0.546607
-334.7950,-1.2531,-166.6245,0.546676
-334.5084,-1.2516,-166.5761,0.546744
-334.1956,-1.2499,-166.5231,0.546818
-333.9084,-1.2484,-166.4746,0.546885
-333.6210,-1.2469,-166.4258,0.546954
-333.3333,-1.2454,-166.3771,0.547022
-333.0453,-1.2438,-166.3284,0.547090
-332.7571,-1.2423,-166.2795,0.547159
-332.4686,-1.2408,-166.2307,0.547227
-332.1798,-1.2393,-166.1818,0.547296
-331.8907,-1.2377,-166.1329,0.547364
-331.5750,-1.2361,-166.0795,0.547440
-331.2855,-1.2346,-166.0305,0.547509
-330.9958,-1.2330,-165.9814,0.547578
-330.7058,-1.2315,-165.9324,0.547646
-330.4157,-1.2300,-165.8834,0.547715
-330.1249,-1.2285,-165.8343,0.547784
-329.8338,-1.2270,-165.7852,0.547854
-329.5427,-1.2255,-165.7360,0.547923
-329.2515,-1.2240,-165.6868,0.547992
-328.9340,-1.2223,-165.6331,0.548068
-328.6430,-1.2208,-165.5840,0.548137
-328.3526,-1.2193,-165.5348,0.548205
-328.0629,-1.2178,-165.4858,0.548275
-327.7737,-1.2163,-165.4370,0.548344
-327.4850,-1.2148,-165.3881,0.548412
-327.1970,-1.2133,-165.3395,0.548481
-326.8836,-1.2117,-165.2869,0.548555
-326.6229,-1.2104,-165.2433,0.548617
-326.3105,-1.2089,-165.1911,0.548691
-326.0247,-1.2075,-165.1432,0.548759
-325.7395,-1.2060,-165.0954,0.548827
-325.4549,-1.2046,-165.0477,0.548894
-325.1709,-1.2032,-165.0002,0.548962
-324.8873,-1.2018,-164.9528,0.549030
-324.6042,-1.2004,-164.9054,0.549097
-324.3215,-1.1990,-164.8584,0.549163
-324.0395,-1.1976,-164.8113,0.549231
-323.7325,-1.1961,-164.7600,0.549304
-323.4517,-1.1947,-164.7132,0.549371
-323.1714,-1.1933,-164.6667,0.549438
-322.8917,-1.1919,-164.6203,0.549504
-322.6124,-1.1907,-164.5741,0.549570
-322.3336,-1.1894,-164.5280,0.549637
-322.0553,-1.1881,-164.4819,0.549702
-321.7775,-1.1868,-164.4359,0.549769
-321.4749,-1.1854,-164.3855,0.549841
-321.1982,-1.1841,-164.3392,0.549906
-320.9218,-1.1828,-164.2930,0.549972
-320.6460,-1.1815,-164.2468,0.550038
-320.3706,-1.1803,-164.2007,0.550103
-320.0958,-1.1790,-164.1545,0.550169
-319.8215,-1.1777,-164.1085,0.550233
-319.5477,-1.1765,-164.0625,0.550299
-319.2744,-1.1752,-164.0165,0.550364
-318.9768,-1.1740,-163.9664,0.550434
-318.7045,-1.1729,-163.9206,0.550499
-318.4326,-1.1718,-163.8748,0.550565
-318.1613,-1.1706,-163.8292,0.550629
-317.8904,-1.1695,-163.7836,0.550693
-317.6199,-1.1684,-163.7380,0.550757
-317.3499,-1.1673,-163.6923,0.550821
-317.0804,-1.1662,-163.6467,0.550885
-316.8114,-1.1651,-163.6013,0.550949
-316.5184,-1.1639,-163.5516,0.551019
-316.2503,-1.1628,-163.5062,0.551082
-315.9826,-1.1617,-163.4609,0.551145
-315.7153,-1.1605,-163.4155,0.551210
-315.4485,-1.1593,-163.3702,0.551273
-315.1822,-1.1580,-163.3248,0.551337
-314.9164,-1.1567,-163.2797,0.551400
-314.6510,-1.1554,-163.2344,0.551463
-314.3860,-1.1541,-163.1892,0.551525
-314.0974,-1.1527,-163.1396,0.551594
-313.8334,-1.1515,-163.0942,0.551657
-313.5697,-1.1502,-163.0487,0.551719
-313.3065,-1.1489,-163.0032,0.551782
-313.0437,-1.1476,-162.9577,0.551845
-312.7814,-1.1464,-162.9123,0.551907
-312.5195,-1.1452,-162.8671,0.551969
-312.2574,-1.1435,-162.8218,0.552031
-311.9965,-1.1416,-162.7769,0.552094
-311.7123,-1.1396,-162.7281,0.552160
-311.4523,-1.1377,-162.6835,0.552222
-311.1926,-1.1359,-162.6388,0.552285
-310.9333,-1.1340,-162.5942,0.552347
-310.6745,-1.1322,-162.5497,0.552408
-310.4161,-1.1303,-162.5052,0.552469
-310.1581,-1.1285,-162.4607,0.552531
-309.9000,-1.1267,-162.4162,0.552592
-309.6415,-1.1248,-162.3718,0.552653
-309.3577,-1.1229,-162.3228,0.552721
-309.0982,-1.1204,-162.2778,0.552782
-308.8382,-1.1179,-162.2327,0.552844
-308.5775,-1.1155,-162.1874,0.552907
-308.3162,-1.1129,-162.1418,0.552969
-308.0543,-1.1104,-162.0962,0.553031
-307.7920,-1.1079,-162.0504,0.553093
-307.5294,-1.1054,-162.0046,0.553154
-307.2664,-1.1029,-161.9586,0.553219
-307.0032,-1.1004,-161.9126,0.553280
-306.7159,-1.0977,-161.8626,0.553349
-306.4510,-1.0953,-161.8162,0.553412
-306.1870,-1.0921,-161.7701,0.553475
-305.9227,-1.0889,-161.7239,0.553538
-305.6582,-1.0857,-161.6777,0.553600
-305.3934,-1.0826,-161.6316,0.553664
-305.1284,-1.0794,-161.5854,0.553727
-304.8631,-1.0762,-161.5392,0.553790
-304.5734,-1.0727,-161.4887,0.553858
-304.3076,-1.0695,-161.4425,0.553922
-304.0415,-1.0662,-161.3963,0.553985
-303.7757,-1.0633,-161.3508,0.554048
-303.5081,-1.0598,-161.3048,0.554111
-303.2416,-1.0560,-161.2589,0.554174
-302.9749,-1.0521,-161.2131,0.554237
-302.7081,-1.0483,-161.1672,0.554301
-302.4410,-1.0444,-161.1213,0.554366
-302.1496,-1.0403,-161.0712,0.554434
-301.8821,-1.0364,-161.0251,0.554498
-301.6145,-1.0325,-160.9790,0.554563
-301.3470,-1.0287,-160.9330,0.554626
-301.0799,-1.0250,-160.8876,0.554691
-300.8109,-1.0212,-160.8415,0.554754
-300.5426,-1.0168,-160.7955,0.554818
-300.2743,-1.0124,-160.7495,0.554881
-300.0067,-1.0080,-160.7035,0.554945
-299.7152,-1.0032,-160.6534,0.555014
-299.4486,-0.9988,-160.6075,0.555077
-299.1826,-0.9944,-160.5616,0.555140
-298.9171,-0.9900,-160.5159,0.555204
-298.6520,-0.9857,-160.4701,0.555267
-298.3879,-0.9814,-160.4249,0.555330
-298.1228,-0.9775,-160.3786,0.555392
-297.8593,-0.9727,-160.3324,0.555455
-297.5723,-0.9675,-160.2818,0.555523
-297.3099,-0.9628,-160.2355,0.555585
-297.0480,-0.9581,-160.1893,0.555647
-296.7867,-0.9534,-160.1432,0.555710
-296.5260,-0.9487,-160.0972,0.555772
-296.2658,-0.9440,-160.0513,0.555834
-296.0062,-0.9393,-160.0056,0.555895
-295.7470,-0.9346,-159.9601,0.555957
-295.4889,-0.9301,-159.9155,0.556020
-295.2296,-0.9258,-159.8701,0.556081
-294.9485,-0.9203,-159.8210,0.556144
-294.6915,-0.9152,-159.7761,0.556208
-294.4349,-0.9102,-159.7312,0.556270
-294.1789,-0.9052,-159.6864,0.556331
-293.9232,-0.9002,-159.6415,0.556391
-293.6680,-0.8951,-159.5968,0.556451
-293.4133,-0.8901,-159.5522,0.556512
-293.1591,-0.8852,-159.5078,0.556572
-292.9054,-0.8802,-159.4636,0.556633
-292.6292,-0.8748,-159.4155,0.556697
-292.3770,-0.8704,-159.3724,0.556757
-292.1236,-0.8652,-159.3283,0.556818
-291.8718,-0.8599,-159.2846,0.556879
-291.6206,-0.8545,-159.2410,0.556937
-291.3698,-0.8492,-159.1975,0.556997
-291.1197,-0.8439,-159.1540,0.557056
-290.8698,-0.8386,-159.1107,0.557117
-290.6205,-0.8333,-159.0674,0.557176
-290.3490,-0.8275,-159.0201,0.557240
-290.1006,-0.8223,-158.9768,0.557299
-289.8527,-0.8170,-158.9335,0.557358
-289.6052,-0.8118,-158.8903,0.557418
-289.3587,-0.8071,-158.8480,0.557475
-289.1111,-0.8018,-158.8048,0.557535
-288.8650,-0.7963,-158.7619,0.557592
-288.6195,-0.7908,-158.7192,0.557650
-288.3744,-0.7854,-158.6765,0.557709
-288.1075,-0.7794,-158.6300,0.557772
-287.8634,-0.7740,-158.5875,0.557830
-287.6197,-0.7685,-158.5450,0.557888
-287.3764,-0.7631,-158.5026,0.557946
-287.1337,-0.7577,-158.4603,0.558004
-286.8913,-0.7523,-158.4180,0.558061
-286.6494,-0.7469,-158.3758,0.558118
-286.4085,-0.7419,-158.3347,0.558175
-286.1664,-0.7368,-158.2927,0.558233
-285.9040,-0.7308,-158.2472,0.558295
-285.6640,-0.7253,-158.2057,0.558352
-285.4244,-0.7198,-158.1644,0.558408
-285.1853,-0.7143,-158.1233,0.558466
-284.9466,-0.7088,-158.0823,0.558522
-284.7084,-0.7033,-158.0415,0.558578
-284.4706,-0.6978,-158.0009,0.558635
-284.2331,-0.6924,-157.9605,0.558691
-283.9961,-0.6869,-157.9202,0.558747
-283.7380,-0.6810,-157.8764,0.558809
-283.5025,-0.6756,-157.8374,0.558864
-283.2667,-0.6709,-157.7977,0.558920
-283.0304,-0.6654,-157.7578,0.558977
-282.7954,-0.6599,-157.7184,0.559032
-282.5609,-0.6545,-157.6790,0.559087
-282.3267,-0.6490,-157.6397,0.559144
-282.0930,-0.6436,-157.6005,0.559199
-281.8597,-0.6382,-157.5614,0.559254
-281.6056,-0.6323,-157.5190,0.559313
-281.3730,-0.6269,-157.4801,0.559369
-281.1405,-0.6214,-157.4412,0.559423
-280.9080,-0.6160,-157.4023,0.559478
-280.6756,-0.6106,-157.3634,0.559533
-280.4440,-0.6056,-157.3256,0.559589
-280.2105,-0.6006,-157.2866,0.559643
-279.9780,-0.5952,-157.2480,0.559698
-279.7455,-0.5899,-157.2095,0.559753
-279.4919,-0.5840,-157.1676,0.559812
-279.2595,-0.5787,-157.1293,0.559867
-279.0271,-0.5733,-157.0909,0.559923
-278.7946,-0.5680,-157.0526,0.559977
-278.5621,-0.5626,-157.0143,0.560032
-278.3296,-0.5572,-156.9761,0.560086
-278.0971,-0.5519,-156.9379,0.560141
-277.8646,-0.5465,-156.8996,0.560196
-277.6328,-0.5415,-156.8623,0.560249
-277.3783,-0.5361,-156.8204,0.560309
-277.1457,-0.5309,-156.7821,0.560361
-276.9129,-0.5257,-156.7439,0.560416
-276.6803,-0.5205,-156.7056,0.560469
-276.4477,-0.5154,-156.6673,0.560523
-276.2151,-0.5102,-156.6291,0.560578
-275.9825,-0.5050,-156.5909,0.560632
-275.7499,-0.4998,-156.5527,0.560685
-275.5172,-0.4946,-156.5144,0.560737
-275.2633,-0.4890,-156.4727,0.560795
-275.0315,-0.4839,-156.4356,0.560849
-274.7982,-0.4794,-156.3974,0.560902
-274.5654,-0.4746,-156.3595,0.560954
-274.3326,-0.4698,-156.3217,0.561009
-274.0999,-0.4650,-156.2840,0.561061
-273.8672,-0.4602,-156.2464,0.561113
-273.6345,-0.4555,-156.2087,0.561167
-273.4017,-0.4507,-156.1710,0.561219
-273.1478,-0.4455,-156.1298,0.561277
-272.9150,-0.4407,-156.0922,0.561330
-272.6822,-0.4359,-156.0545,0.561382
-272.4502,-0.4319,-156.0181,0.561435
-272.2173,-0.4279,-155.9807,0.561487
-271.9845,-0.4240,-155.9434,0.561537
-271.7516,-0.4201,-155.9061,0.561590
-271.5186,-0.4162,-155.8689,0.561642
-271.2643,-0.4119,-155.8282,0.561698
-271.0313,-0.4080,-155.7907,0.561748
-270.7983,-0.4041,-155.7530,0.561799
-270.5653,-0.4002,-155.7151,0.561847
-270.3323,-0.3963,-155.6774,0.561897
-270.1003,-0.3928,-155.6407,0.561948
-269.8666,-0.3896,-155.6028,0.561997
-269.6333,-0.3863,-155.5652,0.562046
-269.4003,-0.3830,-155.5276,0.562093
-269.1674,-0.3797,-155.4900,0.562141
-268.9132,-0.3760,-155.4490,0.562193
-268.6800,-0.3727,-155.4113,0.562239
-268.4469,-0.3694,-155.3733,0.562284
-268.2138,-0.3661,-155.3352,0.562330
-267.9807,-0.3628,-155.2968,0.562377
-267.7484,-0.3597,-155.2591,0.562424
-267.5143,-0.3571,-155.2197,0.562471
-267.2809,-0.3541,-155.1799,0.562518
-267.0261,-0.3508,-155.1358,0.562569
-266.7925,-0.3479,-155.0944,0.562616
-266.5589,-0.3450,-155.0519,0.562662
-266.3252,-0.3421,-155.0083,0.562707
-266.0914,-0.3393,-154.9632,0.562755
-265.8576,-0.3366,-154.9165,0.562801
-265.6238,-0.3339,-154.8683,0.562852
-265.3908,-0.3313,-154.8196,0.562901
-265.1347,-0.3291,-154.7634,0.562959
-264.9223,-0.3268,-154.7154,0.563003
-264.6676,-0.3240,-154.6562,0.563058
-264.4343,-0.3215,-154.6005,0.563109
-264.2013,-0.3190,-154.5436,0.563155
-263.9686,-0.3166,-154.4854,0.563203
-263.7361,-0.3093,-154.4256,0.563254
-263.5042,-0.3071,-154.3649,0.563299
-263.2728,-0.3048,-154.3035,0.563351
-263.0421,-0.3026,-154.2419,0.563397
-262.7897,-0.3061,-154.1734,0.563451
-262.5568,-0.3033,-154.1087,0.563499
-262.3253,-0.3007,-154.0427,0.563548
-262.0945,-0.2982,-153.9754,0.563591
-261.8643,-0.2957,-153.9071,0.563639
-261.6344,-0.2933,-153.8376,0.563686
-261.4048,-0.2909,-153.7668,0.563732
-261.1756,-0.2886,-153.6948,0.563777
-260.9469,-0.2864,-153.6214,0.563823
-260.6980,-0.2840,-153.5393,0.563874
-260.4704,-0.2825,-153.4626,0.563915
-260.2409,-0.2800,-153.3823,0.563962
-260.0144,-0.2771,-153.3002,0.564005
-259.7886,-0.2742,-153.2160,0.564051
-259.5629,-0.2715,-153.1301,0.564093
-259.3374,-0.2688,-153.0422,0.564140
-259.1125,-0.2662,-152.9524,0.564183
-258.8883,-0.2638,-152.8607,0.564225
-258.6447,-0.2612,-152.7585,0.564272
-258.4222,-0.2590,-152.6627,0.564315
-258.2005,-0.2569,-152.5651,0.564358
-257.9773,-0.2552,-152.4635,0.564397
-257.7570,-0.2519,-152.3602,0.564439
-257.5377,-0.2488,-152.2542,0.564480
-257.3193,-0.2458,-152.1456,0.564521
-257.1021,-0.2429,-152.0343,0.564564
-256.8860,-0.2402,-151.9202,0.564604
-256.6515,-0.2374,-151.7928,0.564651
-256.4378,-0.2350,-151.6738,0.564697
-256.2253,-0.2327,-151.5528,0.564740
-256.0143,-0.2308,-151.4303,0.564783
-255.8027,-0.2287,-151.3045,0.564823
-255.5938,-0.2259,-151.1774,0.564866
-255.3862,-0.2233,-151.0484,0.564906
-255.1798,-0.2208,-150.9175,0.564951
-254.9745,-0.2184,-150.7849,0.564995
-254.7518,-0.2159,-150.6384,0.565043
-254.5490,-0.2138,-150.5025,0.565094
-254.3474,-0.2117,-150.3653,0.565140
-254.1472,-0.2098,-150.2273,0.565183
-253.9480,-0.2084,-150.0870,0.565227
-253.7488,-0.2059,-149.9438,0.565270
-253.5522,-0.2036,-149.7992,0.565315
-253.3571,-0.2014,-149.6525,0.565363
-253.1636,-0.1993,-149.5032,0.565407
-252.9542,-0.1973,-149.3374,0.565456
-252.7640,-0.1956,-149.1825,0.565500
-252.5757,-0.1941,-149.0252,0.565544
-252.3891,-0.1928,-148.8656,0.565586
-252.2045,-0.1920,-148.7043,0.565634
-252.0206,-0.1905,-148.5393,0.565676
-251.8395,-0.1890,-148.3733,0.565722
-251.6601,-0.1876,-148.2056,0.565769
-251.4823,-0.1863,-148.0366,0.565812
-251.2900,-0.1850,-147.8507,0.565860
-251.1153,-0.1840,-147.6790,0.565906
-250.9420,-0.1830,-147.5062,0.565950
-250.7704,-0.1822,-147.3320,0.565997
-250.6006,-0.1819,-147.1569,0.566040
-250.4314,-0.1810,-146.9787,0.566082
-250.2648,-0.1800,-146.7997,0.566127
-250.1001,-0.1792,-146.6191,0.566167
-249.9370,-0.1785,-146.4370,0.566211
-249.7611,-0.1779,-146.2363,0.566262
-249.6017,-0.1775,-146.0504,0.566301
-249.4442,-0.1772,-145.8630,0.566349
-249.2886,-0.1772,-145.6746,0.566390
-249.1348,-0.1775,-145.4843,0.566430
-248.9821,-0.1773,-145.2918,0.566478
-248.8320,-0.1772,-145.0986,0.566524
-248.6837,-0.1772,-144.9041,0.566560
-248.5372,-0.1773,-144.7083,0.566605
-248.3794,-0.1776,-144.4933,0.566651
-248.2365,-0.1780,-144.2948,0.566691
-248.0953,-0.1785,-144.0953,0.566735
-247.9559,-0.1792,-143.8950,0.566777
-247.8178,-0.1802,-143.6927,0.566819
-247.6819,-0.1808,-143.4898,0.566860
-247.5479,-0.1815,-143.2857,0.566902
-247.4157,-0.1824,-143.0804,0.566947
-247.2853,-0.1833,-142.8741,0.566987
-247.1565,-0.1844,-142.6668,0.567029
-247.0178,-0.1857,-142.4397,0.567073
-246.8923,-0.1871,-142.2308,0.567115
-246.7683,-0.1886,-142.0216,0.567158
-246.6451,-0.1900,-141.8107,0.567194
-246.5237,-0.1909,-141.6003,0.567236
-246.4035,-0.1920,-141.3896,0.567280
-246.2845,-0.1931,-141.1785,0.567317
-246.1667,-0.1943,-140.9670,0.567361
-246.0395,-0.1957,-140.7356,0.567405
-245.9243,-0.1970,-140.5226,0.567447
-245.8106,-0.1986,-140.3091,0.567486
-245.6979,-0.1999,-140.0927,0.567528
-245.5879,-0.2004,-139.8766,0.567565
-245.4800,-0.2009,-139.6594,0.567607
-245.3744,-0.2016,-139.4409,0.567645
-245.2710,-0.2025,-139.2210,0.567685
-245.1700,-0.2036,-138.9994,0.567724
-245.0626,-0.2050,-138.7558,0.567770
-244.9668,-0.2064,-138.5313,0.567806
-244.8734,-0.2082,-138.3055,0.567842
-244.7818,-0.2087,-138.0766,0.567884
-244.6933,-0.2092,-137.8486,0.567920
-244.6071,-0.2098,-137.6201,0.567959
-244.5230,-0.2106,-137.3907,0.568003
-244.4411,-0.2115,-137.1604,0.568041
-244.3614,-0.2125,-136.9290,0.568078
-244.2771,-0.2139,-136.6755,0.568121
-244.2024,-0.2153,-136.4426,0.568157
-244.1297,-0.2167,-136.2067,0.568197
-244.0600,-0.2169,-135.9718,0.568233
-243.9929,-0.2172,-135.7364,0.568271
-243.9283,-0.2177,-135.5004,0.568312
-243.8660,-0.2184,-135.2636,0.568350
-243.8063,-0.2192,-135.0257,0.568388
-243.7492,-0.2203,-134.7870,0.568427
-243.6899,-0.2215,-134.5260,0.568471
-243.6383,-0.2229,-134.2862,0.568508
-243.5890,-0.2243,-134.0438,0.568547
-243.5428,-0.2246,-133.8027,0.568586
-243.4993,-0.2250,-133.5611,0.568622
-243.4583,-0.2255,-133.3192,0.568665
-243.4200,-0.2263,-133.0767,0.568701
-243.3844,-0.2272,-132.8335,0.568740
-243.3517,-0.2283,-132.5897,0.568781
-243.3218,-0.2295,-132.3456,0.568819
-243.2924,-0.2311,-132.0789,0.568859
-243.2685,-0.2329,-131.8341,0.568898
-243.2476,-0.2337,-131.5870,0.568939
-243.2298,-0.2344,-131.3414,0.568979
-243.2149,-0.2353,-131.0956,0.569021
-243.2027,-0.2363,-130.8496,0.569061
-243.1934,-0.2376,-130.6033,0.569100
-243.1870,-0.2390,-130.3569,0.569141
-243.1830,-0.2407,-130.0881,0.569181
-243.1821,-0.2425,-129.8418,0.569223
-243.1836,-0.2444,-129.5959,0.569261
-243.1873,-0.2465,-129.3485,0.569300
-243.1931,-0.2476,-129.1031,0.569339
-243.2004,-0.2487,-128.8581,0.569379
-243.2092,-0.2500,-128.6137,0.569417
-243.2191,-0.2513,-128.3696,0.569458
-243.2303,-0.2526,-128.1260,0.569498
-243.2442,-0.2542,-127.8607,0.569541
-243.2586,-0.2558,-127.6178,0.569582
-243.2750,-0.2575,-127.3750,0.569624
-243.2936,-0.2594,-127.1323,0.569662
-243.3144,-0.2614,-126.8897,0.569708
-243.3377,-0.2631,-126.6460,0.569745
-243.3633,-0.2646,-126.4036,0.569784
-243.3909,-0.2662,-126.1613,0.569827
-243.4206,-0.2679,-125.9193,0.569868
-243.4554,-0.2699,-125.6556,0.569911
-243.4895,-0.2719,-125.4142,0.569954
-243.5256,-0.2740,-125.1731,0.569993
-243.5639,-0.2762,-124.9322,0.570035
-243.6044,-0.2786,-124.6917,0.570079
-243.6476,-0.2812,-124.4513,0.570122
-243.6932,-0.2840,-124.2114,0.570162
-243.7417,-0.2870,-123.9717,0.570203
-243.7929,-0.2896,-123.7316,0.570245
-243.8512,-0.2925,-123.4709,0.570288
-243.9068,-0.2954,-123.2326,0.570333
-243.9642,-0.2983,-122.9949,0.570377
-244.0231,-0.3013,-122.7579,0.570421
-244.0834,-0.3045,-122.5216,0.570461
-244.1453,-0.3077,-122.2857,0.570511
-244.2089,-0.3110,-122.0505,0.570552
-244.2746,-0.3145,-121.8158,0.570597
-244.3423,-0.3182,-121.5816,0.570641
-244.4192,-0.3225,-121.3267,0.570691
-244.4927,-0.3261,-121.0930,0.570735
-244.5686,-0.3299,-120.8605,0.570780
-244.6471,-0.3338,-120.6286,0.570825
-244.7282,-0.3379,-120.3974,0.570867
-244.8118,-0.3422,-120.1671,0.570915
-244.8978,-0.3466,-119.9375,0.570958
-244.9862,-0.3512,-119.7088,0.571005
-245.0771,-0.3559,-119.4810,0.571050
-245.1790,-0.3613,-119.2334,0.571097
-245.2749,-0.3664,-119.0076,0.571146
-245.3733,-0.3716,-118.7825,0.571195
-245.4741,-0.3770,-118.5585,0.571240
-245.5772,-0.3825,-118.3355,0.571280
-245.6826,-0.3882,-118.1136,0.571331
-245.7903,-0.3940,-117.8927,0.571374
-245.9002,-0.3999,-117.6729,0.571423
-246.0123,-0.4060,-117.4543,0.571472
-246.1371,-0.4128,-117.2171,0.571526
-246.2537,-0.4192,-117.0009,0.571578
-246.3725,-0.4257,-116.7858,0.571623
-246.4932,-0.4323,-116.5724,0.571672
-246.6162,-0.4394,-116.3598,0.571725
-246.7412,-0.4467,-116.1485,0.571766
-246.8683,-0.4540,-115.9384,0.571820
-246.9970,-0.4615,-115.7294,0.571865
-247.1271,-0.4691,-115.5216,0.571908
-247.2701,-0.4774,-115.2962,0.571965
-247.4019,-0.4851,-115.0906,0.572013
-247.5336,-0.4928,-114.8858,0.572059
-247.6656,-0.5004,-114.6814,0.572109
-247.7960,-0.5077,-114.4787,0.572158
-247.9261,-0.5158,-114.2755,0.572201
-248.0553,-0.5238,-114.0725,0.572253
-248.1831,-0.5318,-113.8695,0.572294
-248.3093,-0.5396,-113.6665,0.572341
-248.4450,-0.5480,-113.4448,0.572390
-248.5677,-0.5557,-113.2414,0.572437
-248.6889,-0.5632,-113.0376,0.572485
-248.8085,-0.5706,-112.8335,0.572532
-248.9266,-0.5779,-112.6290,0.572577
-249.0442,-0.5847,-112.4238,0.572623
-249.1587,-0.5923,-112.2197,0.572669
-249.2727,-0.5999,-112.0139,0.572718
-249.3851,-0.6074,-111.8076,0.572767
-249.5062,-0.6155,-111.5819,0.572818
-249.6159,-0.6229,-111.3746,0.572863
-249.7244,-0.6302,-111.1667,0.572910
-249.8090,-0.6553,-110.9423,0.572959
-249.8923,-0.6386,-110.7156,0.573003
-250.0427,-0.6612,-110.5405,0.573054
-250.1386,-0.6644,-110.3215,0.573101
-250.2421,-0.6651,-110.1111,0.573147
-250.3602,-0.6795,-109.9167,0.573197
-250.4719,-0.6888,-109.6868,0.573250
-250.5736,-0.6973,-109.4752,0.573303
-250.6757,-0.7058,-109.2627,0.573350
-250.7781,-0.7144,-109.0498,0.573397
-250.8797,-0.7230,-108.8367,0.573445
-250.9819,-0.7315,-108.6236,0.573496
-251.0858,-0.7401,-108.4105,0.573546
-251.1908,-0.7488,-108.1977,0.573594
-251.2972,-0.7574,-107.9852,0.573646
-251.4153,-0.7669,-107.7539,0.573702
-251.5281,-0.7502,-107.5406,0.573756
-251.6411,-0.7581,-107.3297,0.573806
-251.7532,-0.7658,-107.1195,0.573855
-251.8669,-0.7737,-106.9085,0.573905
-251.9833,-0.7815,-106.6977,0.573959
-252.1014,-0.7894,-106.4874,0.574014
-252.2198,-0.7973,-106.2776,0.574067
-252.3384,-0.8052,-106.0680,0.574118
-252.4675,-0.8138,-105.8395,0.574177
-252.5863,-0.8218,-105.6303,0.574228
-252.7043,-0.8297,-105.4219,0.574285
-252.8225,-0.8376,-105.2135,0.574332
-252.9402,-0.8703,-105.0056,0.574389
-253.0592,-0.8530,-104.7960,0.574442
-253.1788,-0.8604,-104.5879,0.574494
-253.2994,-0.8679,-104.3803,0.574547
-253.4311,-0.9009,-104.1544,0.574605
-253.5533,-0.8833,-103.9464,0.574663
-253.6785,-0.8907,-103.7399,0.574712
-253.8045,-0.8981,-103.5345,0.574766
-253.9303,-0.9304,-103.3299,0.574823
-254.0565,-0.9128,-103.1240,0.574874
-254.1856,-0.9203,-102.9193,0.574932
-254.3145,-0.9278,-102.7158,0.574985
-254.4433,-0.9600,-102.5134,0.575036
-254.5777,-0.9668,-102.3024,0.575090
-254.7166,-0.9508,-102.0881,0.575151
-254.8487,-0.9581,-101.8867,0.575207
-254.9800,-0.9902,-101.6868,0.575263
-255.1123,-0.9973,-101.4854,0.575314
-255.2467,-0.9795,-101.2838,0.575371
-255.3810,-0.9866,-101.0838,0.575422
-255.5135,-1.0186,-100.8856,0.575477
-255.6465,-1.0256,-100.6861,0.575531
-255.7809,-1.0077,-100.4858,0.575585
-255.9271,-1.0154,-100.2686,0.575643
-256.0590,-1.0474,-100.0714,0.575695
-256.1919,-1.0544,-99.8728,0.575746
-256.3263,-1.0365,-99.6734,0.575800
-256.4621,-1.0437,-99.4751,0.575855
-256.5954,-1.0755,-99.2791,0.575904
-256.7297,-1.0826,-99.0816,0.575956
-256.8655,-1.0649,-98.8830,0.576010
-257.0159,-1.0725,-98.6680,0.576067
-257.1507,-1.1043,-98.4733,0.576119
-257.2868,-1.1112,-98.2770,0.576170
-257.4238,-1.0931,-98.0796,0.576222
-257.5627,-1.1000,-97.8830,0.576273
-257.6991,-1.1319,-97.6885,0.576328
-257.8355,-1.1387,-97.4930,0.576380
-257.9729,-1.1206,-97.2961,0.576432
-258.1128,-1.1276,-97.1002,0.576486
-258.2624,-1.1600,-96.8886,0.576547
-258.3996,-1.1669,-96.6939,0.576596
-258.5378,-1.1488,-96.4977,0.576650
-258.6782,-1.1557,-96.3023,0.576705
-258.8167,-1.1626,-96.1079,0.576757
-258.9543,-1.1944,-95.9146,0.576810
-259.0979,-1.1910,-95.7124,0.576865
-259.2335,-1.1832,-95.5240,0.576920
-259.3722,-1.1900,-95.3297,0.576976
-259.5216,-1.2224,-95.1190,0.577036
-259.6646,-1.2271,-94.9170,0.577091
-259.7997,-1.2111,-94.7288,0.577147
-259.9383,-1.2180,-94.5342,0.577198
-260.0750,-1.2498,-94.3412,0.577254
-260.2126,-1.2566,-94.1465,0.577314
-260.3518,-1.2384,-93.9509,0.577366
-260.4902,-1.2453,-93.7559,0.577423
-260.6264,-1.2771,-93.5628,0.577475
-260.7757,-1.2845,-93.3503,0.577537
-260.9141,-1.2663,-93.1545,0.577591
-261.0518,-1.2731,-92.9592,0.577646
-261.1873,-1.3049,-92.7656,0.577700
-261.3235,-1.3118,-92.5704,0.577757
-261.4607,-1.2935,-92.3743,0.577811
-261.5981,-1.3004,-92.1786,0.577867
-261.7382,-1.3199,-91.9771,0.577920
-261.8683,-1.3391,-91.7893,0.577976
-262.0170,-1.3216,-91.5749,0.578037
-262.1539,-1.3286,-91.3788,0.578093
-262.2888,-1.3354,-91.1836,0.578147
-262.4233,-1.3673,-90.9886,0.578205
-262.5591,-1.3492,-90.7918,0.578259
-262.6963,-1.3562,-90.5956,0.578315
-262.8322,-1.3631,-90.4003,0.578371
-262.9675,-1.3949,-90.2057,0.578425
-263.1039,-1.3769,-90.0092,0.578479
-263.2545,-1.3844,-89.7955,0.578542
-263.3912,-1.3914,-89.6002,0.578597
-263.5268,-1.4232,-89.4060,0.578652
-263.6677,-1.4080,-89.2029,0.578707
-263.8002,-1.4120,-89.0137,0.578769
-263.9362,-1.4189,-88.8178,0.578819
-264.0709,-1.4507,-88.6232,0.578875
-264.2062,-1.4576,-88.4273,0.578929
-264.3430,-1.4395,-88.2305,0.578986
-264.4914,-1.4470,-88.0165,0.579048
-264.6259,-1.4788,-87.8218,0.579104
-264.7611,-1.4856,-87.6258,0.579157
-264.8976,-1.4675,-87.4289,0.579214
-265.0339,-1.4744,-87.2325,0.579268
-265.1685,-1.5062,-87.0377,0.579323
-265.3036,-1.5130,-86.8417,0.579377
-265.4395,-1.4949,-86.6448,0.579433
-265.5759,-1.5018,-86.4483,0.579486
-265.7154,-1.5090,-86.2459,0.579543
-265.8574,-1.5411,-86.0395,0.579603
-265.9933,-1.5227,-85.8421,0.579660
-266.1297,-1.5292,-85.6456,0.579712
-266.2645,-1.5356,-85.4498,0.579770
-266.3990,-1.5670,-85.2544,0.579826
-266.5345,-1.5485,-85.0575,0.579880
-266.6713,-1.5550,-84.8610,0.579936
-266.8066,-1.5614,-84.6651,0.579991
-266.9539,-1.5934,-84.4518,0.580051
-267.0903,-1.5749,-84.2538,0.580106
-267.2281,-1.5817,-84.0562,0.580163
-267.3654,-1.5884,-83.8585,0.580221
-267.5029,-1.6194,-83.6610,0.580277
-267.6416,-1.6018,-83.4615,0.580332
-267.7816,-1.6080,-83.2627,0.580388
-267.9211,-1.6143,-83.0638,0.580444
-268.0600,-1.6454,-82.8652,0.580502
-268.2127,-1.6270,-82.6468,0.580563
-268.3540,-1.6331,-82.4468,0.580620
-268.4947,-1.6392,-82.2470,0.580677
-268.6343,-1.6702,-82.0483,0.580733
-268.7785,-1.6544,-81.8423,0.580792
-268.9158,-1.6574,-81.6484,0.580844
-269.0562,-1.6634,-81.4488,0.580904
-269.1954,-1.6945,-81.2507,0.580959
-269.3401,-1.6882,-81.0443,0.581015
-269.4902,-1.6824,-80.8309,0.581077
-269.6321,-1.6886,-80.6292,0.581134
-269.7743,-1.7195,-80.4270,0.581190
-269.9216,-1.7025,-80.2168,0.581251
-270.0624,-1.7067,-80.0176,0.581307
-270.2068,-1.7125,-79.8125,0.581365
-270.3508,-1.7431,-79.6067,0.581422
-270.4958,-1.7238,-79.3989,0.581481
-270.6420,-1.7294,-79.1908,0.581542
-270.8011,-1.7356,-78.9632,0.581605
-270.9468,-1.7662,-78.7541,0.581666
-271.0936,-1.7470,-78.5431,0.581725
-271.2414,-1.7528,-78.3320,0.581787
-271.3887,-1.7586,-78.1205,0.581846
-271.5363,-1.7891,-77.9083,0.581906
-271.6851,-1.7703,-77.6940,0.581966
-271.8347,-1.7760,-77.4797,0.582028
-271.9838,-1.7817,-77.2655,0.582087
-272.1461,-1.8129,-77.0316,0.582155
-272.2959,-1.7928,-76.8168,0.582216
-272.4458,-1.7978,-76.6025,0.582276
-272.5974,-1.8218,-76.3850,0.582338
-272.7422,-1.8328,-76.1765,0.582399
-272.8914,-1.8128,-75.9625,0.582460
-273.0403,-1.8177,-75.7491,0.582521
-273.1877,-1.8477,-75.5371,0.582581
-273.3354,-1.8276,-75.3239,0.582644
-273.4975,-1.8334,-75.0913,0.582708
-273.6454,-1.8386,-74.8787,0.582770
-273.7929,-1.8679,-74.6669,0.582830
-273.9412,-1.8488,-74.4538,0.582891
-274.0901,-1.8531,-74.2417,0.582952
-274.2376,-1.8574,-74.0302,0.583011
-274.3846,-1.8865,-73.8191,0.583072
-274.5321,-1.8655,-73.6074,0.583131
-274.6802,-1.8695,-73.3961,0.583194
-274.8400,-1.8738,-73.1667,0.583258
-274.9861,-1.9028,-72.9567,0.583319
-275.1334,-1.8817,-72.7458,0.583378
-275.2809,-1.8857,-72.5354,0.583436
-275.4271,-1.8896,-72.3261,0.583498
-275.5728,-1.9186,-72.1168,0.583558
-275.7192,-1.8976,-71.9070,0.583618
-275.8654,-1.9017,-71.6973,0.583676
-276.0132,-1.9072,-71.4850,0.583738
-276.1712,-1.9254,-71.2572,0.583803
-276.3152,-1.9129,-71.0511,0.583862
-276.4603,-1.9159,-70.8424,0.583922
-276.6043,-1.9439,-70.6346,0.583981
-276.7502,-1.9254,-70.4236,0.584040
-276.8934,-1.9246,-70.2181,0.584100
-277.0377,-1.9274,-70.0101,0.584157
-277.1810,-1.9553,-69.8031,0.584217
-277.3239,-1.9331,-69.5954,0.584276
-277.4811,-1.9365,-69.3689,0.584342
-277.6241,-1.9395,-69.1617,0.584398
-277.7668,-1.9669,-68.9552,0.584458
-277.9099,-1.9455,-68.7479,0.584519
-278.0535,-1.9480,-68.5411,0.584577
-278.1963,-1.9505,-68.3350,0.584635
-278.3384,-1.9779,-68.1294,0.584693
-278.4807,-1.9551,-67.9233,0.584753
-278.6240,-1.9574,-67.7176,0.584813
-278.7790,-1.9598,-67.4937,0.584876
-278.9204,-1.9871,-67.2891,0.584933
-279.0620,-1.9643,-67.0838,0.584992
-279.2043,-1.9666,-66.8787,0.585052
-279.3452,-1.9688,-66.6742,0.585108
-279.4857,-1.9961,-66.4703,0.585168
-279.6264,-1.9733,-66.2658,0.585225
-279.7681,-1.9755,-66.0615,0.585282
-279.9082,-1.9778,-65.8579,0.585342
-280.0604,-2.0052,-65.6364,0.585405
-280.2001,-1.9824,-65.4326,0.585463
-280.3406,-1.9847,-65.2288,0.585521
-280.4799,-1.9870,-65.0259,0.585580
-280.6190,-2.0142,-64.8235,0.585636
-280.7582,-1.9915,-64.6204,0.585695
-280.8986,-1.9937,-64.4176,0.585752
-281.0376,-1.9960,-64.2155,0.585811
-281.1764,-2.0233,-64.0140,0.585866
-281.3281,-2.0007,-63.7936,0.585930
-281.4682,-2.0030,-63.5918,0.585988
-281.6071,-2.0052,-63.3906,0.586045
-281.7453,-2.0325,-63.1902,0.586103
-281.8836,-2.0097,-62.9890,0.586159
-282.0229,-2.0119,-62.7880,0.586216
-282.1609,-2.0142,-62.5875,0.586274
-282.2981,-2.0414,-62.3877,0.586330
-282.4355,-2.0187,-62.1873,0.586388
-282.5867,-2.0212,-61.9687,0.586449
-282.7240,-2.0234,-61.7689,0.586506
-282.8607,-2.0507,-61.5699,0.586563
-282.9992,-2.0297,-61.3680,0.586620
-283.1357,-2.0302,-61.1707,0.586676
-283.2729,-2.0324,-60.9717,0.586733
-283.4091,-2.0596,-60.7738,0.586790
-283.5454,-2.0619,-60.5751,0.586845
-283.6828,-2.0391,-60.3763,0.586904
-283.8320,-2.0416,-60.1599,0.586963
-283.9674,-2.0688,-59.9626,0.587020
-284.1031,-2.0710,-59.7646,0.587077
-284.2396,-2.0483,-59.5665,0.587131
-284.3758,-2.0505,-59.3686,0.587189
-284.5123,-2.0774,-59.1696,0.587243
-284.6458,-2.0800,-58.9749,0.587299
-284.7816,-2.0572,-58.7775,0.587354
-284.9299,-2.0596,-58.5624,0.587417
-285.0658,-2.0781,-58.3641,0.587474
-285.1988,-2.0891,-58.1701,0.587529
-285.3341,-2.0663,-57.9733,0.587584
-285.4701,-2.0685,-57.7768,0.587639
-285.6046,-2.0707,-57.5812,0.587695
-285.7390,-2.0980,-57.3857,0.587752
-285.8739,-2.0752,-57.1894,0.587807
-286.0101,-2.0774,-56.9934,0.587864
-286.1565,-2.0798,-56.7804,0.587923
-286.2901,-2.1070,-56.5855,0.587980
-286.4241,-2.0842,-56.3895,0.588036
-286.5595,-2.0864,-56.1936,0.588091
-286.6936,-2.0886,-55.9981,0.588144
-286.8270,-2.1158,-55.8032,0.588201
-286.9622,-2.1042,-55.6052,0.588257
-287.0958,-2.0953,-55.4114,0.588312
-287.2298,-2.0975,-55.2157,0.588369
-287.3625,-2.1247,-55.0210,0.588424
-287.5077,-2.1271,-54.8075,0.588484
-287.6421,-2.1043,-54.6114,0.588540
-287.7761,-2.1065,-54.4157,0.588596
-287.9087,-2.1337,-54.2211,0.588651
-288.0417,-2.1358,-54.0256,0.588707
-288.1754,-2.1130,-53.8295,0.588762
-288.3095,-2.1152,-53.6336,0.588818
-288.4418,-2.1424,-53.4389,0.588873
-288.5744,-2.1446,-53.2436,0.588929
-288.7199,-2.1219,-53.0298,0.588989
-288.8544,-2.1241,-52.8340,0.589044
-288.9889,-2.1401,-52.6367,0.589100
-289.1202,-2.1535,-52.4439,0.589154
-289.2536,-2.1307,-52.2480,0.589209
-289.3885,-2.1329,-52.0523,0.589265
-289.5219,-2.1350,-51.8572,0.589322
-289.6546,-2.1622,-51.6627,0.589376
-289.8017,-2.1406,-51.4471,0.589436
-289.9359,-2.1417,-51.2538,0.589491
-290.0699,-2.1439,-51.0589,0.589546
-290.2028,-2.1710,-50.8647,0.589601
-290.3362,-2.1732,-50.6695,0.589657
-290.4711,-2.1503,-50.4740,0.589713
-290.6053,-2.1525,-50.2787,0.589767
-290.7379,-2.1796,-50.0846,0.589823
-290.8711,-2.1817,-49.8896,0.589880
-291.0181,-2.1591,-49.6763,0.589939
-291.1531,-2.1613,-49.4811,0.589992
-291.2859,-2.1884,-49.2873,0.590049
-291.4193,-2.1905,-49.0926,0.590105
-291.5538,-2.1677,-48.8971,0.590159
-291.6889,-2.1698,-48.7018,0.590214
-291.8217,-2.1969,-48.5078,0.590270
-291.9550,-2.1990,-48.3131,0.590324
-292.0888,-2.1761,-48.1177,0.590382
-292.2362,-2.1784,-47.9047,0.590442
-292.3707,-2.2034,-47.7082,0.590495
-292.5019,-2.2076,-47.5161,0.590549
-292.6355,-2.1847,-47.3207,0.590606
-292.7708,-2.1868,-47.1255,0.590663
-292.9044,-2.1889,-46.9309,0.590717
-293.0370,-2.2160,-46.7371,0.590771
-293.1707,-2.2181,-46.5421,0.590827
-293.3060,-2.1952,-46.3470,0.590883
-293.4526,-2.1975,-46.1346,0.590944
-293.5854,-2.2245,-45.9411,0.591001
-293.7193,-2.2266,-45.7464,0.591055
-293.8547,-2.2037,-45.5512,0.591110
-293.9898,-2.2058,-45.3565,0.591166
-294.1229,-2.2328,-45.1632,0.591221
-294.2569,-2.2349,-44.9689,0.591278
-294.3918,-2.2120,-44.7740,0.591333
-294.5273,-2.2140,-44.5793,0.591389
-294.6726,-2.2413,-44.3685,0.591449
-294.8063,-2.2433,-44.1744,0.591504
-294.9411,-2.2204,-43.9795,0.591559
-295.0772,-2.2225,-43.7848,0.591614
-295.2108,-2.2495,-43.5915,0.591667
-295.3445,-2.2516,-43.3977,0.591723
-295.4791,-2.2287,-43.2030,0.591780
-295.6153,-2.2307,-43.0085,0.591834
-295.7510,-2.2401,-42.8125,0.591888
-295.8951,-2.2600,-42.6035,0.591950
-296.0309,-2.2466,-42.4068,0.592004
-296.1657,-2.2391,-42.2143,0.592062
-296.3005,-2.2411,-42.0204,0.592117
-296.4342,-2.2682,-41.8273,0.592173
-296.5689,-2.2702,-41.6331,0.592227
-296.7055,-2.2473,-41.4389,0.592283
-296.8413,-2.2493,-41.2449,0.592339
-296.9749,-2.2763,-41.0522,0.592394
-297.1216,-2.2786,-40.8406,0.592453
-297.2574,-2.2556,-40.6462,0.592509
-297.3930,-2.2577,-40.4521,0.592565
-297.5265,-2.2847,-40.2595,0.592619
-297.6609,-2.2867,-40.0658,0.592673
-297.7965,-2.2638,-39.8716,0.592727
-297.9332,-2.2658,-39.6777,0.592783
-298.0675,-2.2929,-39.4851,0.592841
-298.2018,-2.2949,-39.2918,0.592895
-298.3493,-2.2721,-39.0799,0.592954
-298.4857,-2.2742,-38.8860,0.593010
-298.6213,-2.3004,-38.6910,0.593065
-298.7538,-2.3032,-38.5001,0.593121
-298.8887,-2.2802,-38.3061,0.593177
-299.0252,-2.2823,-38.1123,0.593232
-299.1601,-2.2843,-37.9189,0.593287
-299.2939,-2.3113,-37.7261,0.593342
-299.4285,-2.3134,-37.5323,0.593397
-299.5778,-2.2906,-37.3207,0.593457
-299.7131,-2.2926,-37.1273,0.593512
-299.8473,-2.3197,-36.9347,0.593566
-299.9825,-2.3217,-36.7411,0.593623
-300.1191,-2.2987,-36.5471,0.593679
-300.2552,-2.3008,-36.3535,0.593732
-300.3894,-2.3278,-36.1611,0.593787
-300.5244,-2.3298,-35.9677,0.593844
-300.6604,-2.3069,-35.7737,0.593900
-300.8090,-2.3091,-35.5622,0.593958
-300.9430,-2.3361,-35.3697,0.594015
-301.0776,-2.3382,-35.1762,0.594069
-301.2133,-2.3152,-34.9821,0.594125
-301.3501,-2.3173,-34.7883,0.594181
-301.4862,-2.3430,-34.5932,0.594234
-301.6194,-2.3463,-34.4022,0.594290
-301.7547,-2.3234,-34.2081,0.594345
-301.8914,-2.3254,-34.0142,0.594402
-302.0397,-2.3298,-33.8012,0.594460
-302.1723,-2.3547,-33.6103,0.594515
-302.3071,-2.3318,-33.4161,0.594572
-302.4435,-2.3338,-33.2221,0.594628
-302.5784,-2.3359,-33.0286,0.594681
-302.7125,-2.3629,-32.8358,0.594736
-302.8474,-2.3650,-32.6419,0.594793
-302.9842,-2.3421,-32.4479,0.594848
-303.1205,-2.3441,-32.2542,0.594902
-303.2677,-2.3714,-32.0439,0.594963
-303.4035,-2.3734,-31.8503,0.595018
-303.5405,-2.3505,-31.6563,0.595075
-303.6772,-2.3526,-31.4626,0.595128
-303.8122,-2.3796,-31.2702,0.595186
-303.9477,-2.3817,-31.0770,0.595239
-304.0843,-2.3587,-30.8832,0.595295
-304.2211,-2.3608,-30.6895,0.595350
-304.3576,-2.3857,-30.4946,0.595405
-304.5033,-2.3902,-30.2862,0.595466
-304.6392,-2.3673,-30.0921,0.595520
-304.7758,-2.3694,-29.8982,0.595576
-304.9107,-2.3714,-29.7052,0.595631
-305.0455,-2.3985,-29.5122,0.595686
-305.1809,-2.3756,-29.3182,0.595743
-305.3178,-2.3778,-29.1244,0.595798
-305.4532,-2.3801,-28.9309,0.595852
-305.5879,-2.4069,-28.7384,0.595906
-305.7354,-2.3846,-28.5277,0.595966
-305.8711,-2.3866,-28.3362,0.596021
-306.0050,-2.3885,-28.1458,0.596075
-306.1376,-2.4153,-27.9568,0.596129
-306.2711,-2.4171,-27.7673,0.596182
-306.4035,-2.3937,-27.5799,0.596236
-306.5349,-2.3954,-27.3939,0.596289
-306.6645,-2.4220,-27.2105,0.596340
-306.7945,-2.4237,-27.0271,0.596394
-306.9359,-2.4005,-26.8285,0.596450
-307.0653,-2.4021,-26.6479,0.596501
-307.1925,-2.4037,-26.4689,0.596550
-307.3195,-2.4303,-26.2906,0.596602
-307.4467,-2.4069,-26.1118,0.596655
-307.5736,-2.4086,-25.9347,0.596705
-307.6990,-2.4104,-25.7583,0.596754
-307.8246,-2.4283,-25.5817,0.596803
-307.9478,-2.4382,-25.4088,0.596853
-308.0832,-2.4151,-25.2188,0.596906
-308.2064,-2.4163,-25.0462,0.596955
-308.3276,-2.4174,-24.8754,0.597003
-308.4486,-2.4435,-24.7056,0.597051
-308.5703,-2.4375,-24.5348,0.597100
-308.6893,-2.4205,-24.3681,0.597148
-308.8083,-2.4215,-24.2011,0.597194
-308.9253,-2.4225,-24.0364,0.597241
-309.0423,-2.4484,-23.8725,0.597289
-309.1694,-2.4245,-23.6941,0.597338
-309.2849,-2.4255,-23.5330,0.597385
-309.3990,-2.4264,-23.3731,0.597431
-309.5118,-2.4273,-23.2152,0.597474
-309.6250,-2.4533,-23.0573,0.597519
-309.7377,-2.4292,-22.8991,0.597565
-309.8512,-2.4302,-22.7419,0.597608
-309.9635,-2.4311,-22.5846,0.597654
-310.0752,-2.4321,-22.4282,0.597697
-310.1983,-2.4580,-22.2570,0.597747
-310.3112,-2.4339,-22.0988,0.597792
-310.4260,-2.4346,-21.9410,0.597835
-310.5400,-2.4352,-21.7828,0.597877
-310.6535,-2.4359,-21.6252,0.597925
-310.7690,-2.4610,-21.4658,0.597971
-310.8831,-2.4373,-21.3072,0.598017
-310.9996,-2.4379,-21.1478,0.598060
-311.1161,-2.4386,-20.9882,0.598107
-311.2431,-2.4393,-20.8144,0.598156
-311.3614,-2.4578,-20.6536,0.598202
-311.4782,-2.4407,-20.4938,0.598245
-311.5971,-2.4414,-20.3331,0.598293
-311.7161,-2.4421,-20.1723,0.598335
-311.8351,-2.4428,-20.0118,0.598382
-311.9555,-2.4451,-19.8502,0.598429
-312.0749,-2.4442,-19.6901,0.598472
-312.1957,-2.4448,-19.5297,0.598518
-312.3271,-2.4455,-19.3552,0.598565
-312.4475,-2.4461,-19.1958,0.598612
-312.5687,-2.4467,-19.0366,0.598655
-312.6900,-2.4473,-18.8774,0.598703
-312.8115,-2.4479,-18.7186,0.598747
-312.9330,-2.4485,-18.5602,0.598790
-313.0543,-2.4490,-18.4021,0.598837
-313.1759,-2.4496,-18.2445,0.598882
-313.2974,-2.4502,-18.0874,0.598927
-313.4295,-2.4508,-17.9164,0.598974
-313.5503,-2.4514,-17.7601,0.599020
-313.6709,-2.4520,-17.6042,0.599061
-313.7916,-2.4526,-17.4488,0.599107
-313.9124,-2.4531,-17.2939,0.599148
-314.0330,-2.4537,-17.1395,0.599192
-314.1533,-2.4542,-16.9855,0.599237
-314.2736,-2.4548,-16.8318,0.599280
-314.3939,-2.4553,-16.6786,0.599325
-314.5252,-2.4560,-16.5120,0.599374
-314.6461,-2.4567,-16.3595,0.599415
-314.7671,-2.4573,-16.2073,0.599460
-314.8882,-2.4580,-16.0553,0.599504
-315.0093,-2.4586,-15.9035,0.599547
-315.1306,-2.4593,-15.7518,0.599590
-315.2520,-2.4600,-15.6002,0.599632
-315.3737,-2.4606,-15.4488,0.599678
-315.4956,-2.4613,-15.2976,0.599722
-315.6288,-2.4620,-15.1328,0.599768
-315.7512,-2.4627,-14.9817,0.599808
-315.8735,-2.4632,-14.8308,0.599852
-315.9959,-2.4638,-14.6799,0.599898
-316.1188,-2.4643,-14.5287,0.599941
-316.2420,-2.4649,-14.3771,0.599986
-316.3655,-2.4656,-14.2257,0.600032
-316.4900,-2.4664,-14.0736,0.600073
-316.6151,-2.4673,-13.9212,0.600116
-316.7522,-2.4683,-13.7548,0.600165
-316.8784,-2.4692,-13.6021,0.600208
-317.0051,-2.4701,-13.4492,0.600253
-317.1321,-2.4712,-13.2959,0.600298
-317.2597,-2.4722,-13.1423,0.600344
-317.3878,-2.4732,-12.9885,0.600388
-317.5165,-2.4742,-12.8344,0.600432
-317.6456,-2.4753,-12.6802,0.600476
-317.7751,-2.4763,-12.5257,0.600522
-317.9167,-2.4774,-12.3567,0.600569
-318.0465,-2.4784,-12.2015,0.600614
-318.1770,-2.4811,-12.0445,0.600659
-318.3052,-2.4906,-11.8876,0.600702
-318.4321,-2.4993,-11.7296,0.600749
-318.5571,-2.5067,-11.5700,0.600793
-318.6782,-2.5087,-11.4089,0.600837
-318.8046,-2.5099,-11.2488,0.600883
-318.9293,-2.5116,-11.0883,0.600928
-319.0657,-2.5136,-10.9119,0.600979
-319.1898,-2.5154,-10.7491,0.601025
-319.3131,-2.5172,-10.5853,0.601069
-319.4362,-2.5190,-10.4208,0.601113
-319.5591,-2.5209,-10.2555,0.601160
-319.6819,-2.5227,-10.0896,0.601206
-319.8051,-2.5245,-9.9224,0.601252
-319.9283,-2.5263,-9.7543,0.601297
-320.0517,-2.5281,-9.5851,0.601341
-320.1870,-2.5300,-9.3999,0.601393
-320.3117,-2.5319,-9.2299,0.601439
-320.4367,-2.5337,-9.0603,0.601484
-320.5619,-2.5355,-8.8903,0.601528
-320.6875,-2.5375,-8.7199,0.601577
-320.8145,-2.5391,-8.5484,0.601621
-320.9415,-2.5407,-8.3770,0.601665
-321.0689,-2.5423,-8.2052,0.601711
-321.1967,-2.5439,-8.0329,0.601761
-321.3367,-2.5457,-7.8445,0.601809
-321.4653,-2.5473,-7.6714,0.601855
-321.5939,-2.5489,-7.4977,0.601902
-321.7226,-2.5505,-7.3235,0.601946
-321.8513,-2.5521,-7.1487,0.601991
-321.9802,-2.5537,-6.9734,0.602041
-322.1094,-2.5553,-6.7977,0.602083
-322.2393,-2.5569,-6.6215,0.602130
-322.3701,-2.5586,-6.4451,0.602175
-322.5139,-2.5605,-6.2525,0.602225
-322.6487,-2.5612,-6.0745,0.602272
-322.7841,-2.5617,-5.8981,0.602318
-322.9212,-2.5623,-5.7219,0.602363
-323.0599,-2.5628,-5.5460,0.602408
-323.2002,-2.5634,-5.3703,0.602455
-323.3420,-2.5640,-5.1948,0.602503
-323.4850,-2.5647,-5.0196,0.602547
-323.6287,-2.5653,-4.8444,0.602591
-323.7862,-2.5660,-4.6533,0.602645
-323.9307,-2.5667,-4.4784,0.602688
-324.0746,-2.5673,-4.3043,0.602735
-324.2175,-2.5680,-4.1312,0.602780
-324.3588,-2.5689,-3.9594,0.602826
-324.5011,-2.5690,-3.7869,0.602873
-324.6416,-2.5685,-3.6166,0.602917
-324.7816,-2.5680,-3.4471,0.602962
-324.9212,-2.5675,-3.2782,0.603006
-325.0736,-2.5669,-3.0945,0.603052
-325.2132,-2.5665,-2.9268,0.603100
-325.3528,-2.5660,-2.7598,0.603142
-325.4921,-2.5655,-2.5936,0.603186
-325.6314,-2.5651,-2.4283,0.603232
-325.7705,-2.5646,-2.2640,0.603277
-325.9095,-2.5642,-2.1007,0.603321
-326.0487,-2.5638,-1.9384,0.603366
-326.1997,-2.5637,-1.7628,0.603415
-326.3402,-2.5630,-1.6014,0.603456
-326.4794,-2.5616,-1.4426,0.603501
-326.6184,-2.5602,-1.2852,0.603543
-326.7574,-2.5589,-1.1289,0.603589
-326.8966,-2.5575,-0.9738,0.603632
-327.0357,-2.5562,-0.8199,0.603673
-327.1751,-2.5549,-0.6672,0.603717
-327.3150,-2.5537,-0.5154,0.603757
-327.4678,-2.5523,-0.3511,0.603803
-327.6082,-2.5511,-0.2014,0.603846
-327.7489,-2.5499,-0.0527,0.603888
-327.8899,-2.5487,0.0953,0.603930
-328.0299,-2.5477,0.2424,0.603974
-328.1726,-2.5470,0.3906,0.604017
-328.3141,-2.5449,0.5369,0.604057
-328.4558,-2.5428,0.6832,0.604103
-328.5979,-2.5407,0.8295,0.604144
-328.7534,-2.5384,0.9892,0.604193
-328.8965,-2.5364,1.1357,0.604233
-329.0402,-2.5343,1.2820,0.604279
-329.1849,-2.5322,1.4282,0.604320
-329.3305,-2.5302,1.5741,0.604363
-329.4771,-2.5282,1.7198,0.604405
-329.6248,-2.5262,1.8652,0.604453
-329.7734,-2.5242,2.0104,0.604496
-329.9219,-2.5223,2.1551,0.604539
-330.0876,-2.5206,2.3144,0.604590
-330.2387,-2.5178,2.4587,0.604636
-330.3907,-2.5149,2.6028,0.604678
-330.5434,-2.5121,2.7465,0.604727
-330.6971,-2.5093,2.8899,0.604767
-330.8519,-2.5065,3.0328,0.604811
-331.0076,-2.5038,3.1750,0.604856
-331.1640,-2.5011,3.3160,0.604902
-331.3210,-2.4984,3.4557,0.604948
-331.4926,-2.4955,3.6063,0.605000
-331.6501,-2.4929,3.7429,0.605045
-331.8078,-2.4904,3.8779,0.605090
-331.9644,-2.4884,4.0112,0.605134
-332.1235,-2.4856,4.1443,0.605179
-332.2809,-2.4824,4.2743,0.605222
-332.4380,-2.4792,4.4027,0.605268
-332.5948,-2.4761,4.5294,0.605311
-332.7513,-2.4731,4.6545,0.605355
-332.9216,-2.4698,4.7893,0.605402
-333.0776,-2.4668,4.9113,0.605446
-333.2335,-2.4639,5.0320,0.605490
-333.3895,-2.4610,5.1516,0.605536
-333.5458,-2.4582,5.2702,0.605579
-333.7024,-2.4554,5.3879,0.605622
-333.8595,-2.4526,5.5050,0.605665
-334.0156,-2.4504,5.6215,0.605710
-334.1755,-2.4468,5.7393,0.605752
-334.3481,-2.4426,5.8658,0.605801
-334.5069,-2.4388,5.9814,0.605844
-334.6663,-2.4350,6.0968,0.605890
-334.8263,-2.4312,6.2117,0.605935
-334.9873,-2.4275,6.3261,0.605977
-335.1492,-2.4237,6.4399,0.606021
-335.3122,-2.4200,6.5530,0.606069
-335.4761,-2.4164,6.6655,0.606109
-335.6392,-2.4128,6.7774,0.606156
-335.8213,-2.4096,6.9002,0.606197
-335.9873,-2.4056,7.0113,0.606244
-336.1536,-2.4016,7.1222,0.606291
-336.3202,-2.3976,7.2329,0.606335
-336.4871,-2.3936,7.3435,0.606378
-336.6545,-2.3897,7.4538,0.606420
-336.8225,-2.3857,7.5637,0.606465
-336.9911,-2.3818,7.6732,0.606508
-337.1605,-2.3779,7.7822,0.606555
-337.3445,-2.3739,7.9005,0.606598
-337.5166,-2.3707,8.0093,0.606645
-337.6882,-2.3669,8.1168,0.606687
-337.8605,-2.3630,8.2240,0.606729
-338.0334,-2.3592,8.3307,0.606776
-338.2067,-2.3554,8.4371,0.606818
-338.3805,-2.3516,8.5432,0.606862
-338.5544,-2.3478,8.6490,0.606904
-338.7278,-2.3440,8.7543,0.606948
-338.9147,-2.3400,8.8684,0.606996
-339.0864,-2.3371,8.9722,0.607040
-339.2580,-2.3338,9.0755,0.607083
-339.4285,-2.3306,9.1776,0.607123
-339.5983,-2.3273,9.2787,0.607169
-339.7676,-2.3241,9.3789,0.607210
-339.9366,-2.3209,9.4780,0.607251
-340.1050,-2.3178,9.5760,0.607292
-340.2730,-2.3147,9.6728,0.607336
-340.4554,-2.3114,9.7771,0.607379
-340.6207,-2.3089,9.8715,0.607417
-340.7860,-2.3067,9.9648,0.607460
-340.9503,-2.3045,10.0571,0.607499
-341.1137,-2.3023,10.1483,0.607536
-341.2762,-2.3001,10.2384,0.607577
-341.4380,-2.2980,10.3276,0.607616
-341.5995,-2.2960,10.4158,0.607653
-341.7611,-2.2940,10.5030,0.607690
-341.9376,-2.2918,10.5969,0.607730
-342.0996,-2.2899,10.6820,0.607769
-342.2612,-2.2885,10.7661,0.607806
-342.4234,-2.2875,10.8490,0.607842
-342.5866,-2.2867,10.9314,0.607880
-342.7502,-2.2860,11.0131,0.607921
-342.9145,-2.2853,11.0943,0.607956
-343.0795,-2.2846,11.1752,0.607995
-343.2451,-2.2840,11.2556,0.608032
-343.4265,-2.2833,11.3430,0.608073
-343.5934,-2.2827,11.4227,0.608113
-343.7609,-2.2822,11.5019,0.608150
-343.9285,-2.2820,11.5809,0.608188
-344.0960,-2.2823,11.6588,0.608227
-344.2653,-2.2832,11.7372,0.608263
-344.4352,-2.2841,11.8155,0.608307
-344.6055,-2.2849,11.8936,0.608344
-344.7764,-2.2858,11.9716,0.608383
-344.9637,-2.2869,12.0561,0.608428
-345.1362,-2.2879,12.1332,0.608467
-345.3095,-2.2889,12.2099,0.608507
-345.4835,-2.2899,12.2861,0.608544
-345.6579,-2.2912,12.3621,0.608586
-345.8322,-2.2929,12.4371,0.608622
-346.0085,-2.2951,12.5121,0.608660
-346.1858,-2.2974,12.5867,0.608705
-346.3639,-2.2997,12.6607,0.608743
-346.5591,-2.3023,12.7409,0.608785
-346.7390,-2.3047,12.8138,0.608828
-346.9196,-2.3072,12.8863,0.608868
-347.1009,-2.3097,12.9585,0.608904
-347.2828,-2.3123,13.0303,0.608947
-347.4651,-2.3149,13.1017,0.608983
-347.6483,-2.3178,13.1729,0.609025
-347.8322,-2.3207,13.2439,0.609064
-348.0167,-2.3237,13.3147,0.609104
-348.2187,-2.3269,13.3917,0.609149
-348.4045,-2.3299,13.4620,0.609190
-348.5909,-2.3329,13.5322,0.609232
-348.7779,-2.3360,13.6022,0.609271
-348.9653,-2.3391,13.6723,0.609310
-349.1532,-2.3422,13.7423,0.609352
-349.3418,-2.3454,13.8122,0.609389
-349.5310,-2.3486,13.8820,0.609434
-349.7209,-2.3519,13.9516,0.609469
-349.9290,-2.3555,14.0272,0.609514
-350.1206,-2.3588,14.0961,0.609555
-350.3131,-2.3622,14.1646,0.609599
-350.5065,-2.3656,14.2326,0.609638
-350.7008,-2.3691,14.3001,0.609681
-350.8962,-2.3726,14.3670,0.609719
-351.0923,-2.3761,14.4334,0.609765
-351.2892,-2.3797,14.4994,0.609806
-351.4869,-2.3833,14.5649,0.609847
-351.7034,-2.3872,14.6360,0.609894
-351.9026,-2.3909,14.7007,0.609935
-352.1028,-2.3946,14.7649,0.609977
-352.3037,-2.3984,14.8285,0.610020
-352.5058,-2.4022,14.8914,0.610062
-352.7091,-2.4060,14.9535,0.610105
-352.9133,-2.4098,15.0145,0.610149
-353.1187,-2.4136,15.0744,0.610193
-353.3439,-2.4179,15.1386,0.610241
-353.5515,-2.4219,15.1963,0.610285
-353.7601,-2.4260,15.2530,0.610326
-353.9697,-2.4302,15.3087,0.610371
-354.1802,-2.4344,15.3634,0.610413
-354.3919,-2.4387,15.4169,0.610455
-354.6046,-2.4429,15.4696,0.610500
-354.8179,-2.4470,15.5211,0.610544
-355.0321,-2.4512,15.5718,0.610589
-355.2470,-2.4555,15.6215,0.610630
-355.4822,-2.4602,15.6749,0.610681
-355.6985,-2.4645,15.7232,0.610722
-355.9155,-2.4690,15.7708,0.610762
-356.1330,-2.4734,15.8180,0.610809
-356.3510,-2.4779,15.8646,0.610854
-356.5700,-2.4823,15.9107,0.610897
-356.7894,-2.4865,15.9564,0.610942
-357.0092,-2.4907,16.0016,0.610984
-357.2296,-2.4950,16.0463,0.611030
-357.4709,-2.4997,16.0944,0.611079
-357.6927,-2.5040,16.1379,0.611123
-357.9152,-2.5084,16.1808,0.611168
-358.1384,-2.5128,16.2231,0.611211
-358.3622,-2.5172,16.2649,0.611257
-358.5867,-2.5217,16.3061,0.611306
-358.8123,-2.5263,16.3466,0.611349
-359.0380,-2.5306,16.3868,0.611395
-359.2648,-2.5347,16.4267,0.611440
-359.5124,-2.5390,16.4697,0.611491
-359.7396,-2.5430,16.5084,0.611536
-359.9665,-2.5470,16.5464,0.611585
-360.1925,-2.5510,16.5833,0.611631
-360.4176,-2.5550,16.6191,0.611674
-360.6416,-2.5591,16.6536,0.611717
-360.8645,-2.5632,16.6868,0.611764
-361.0862,-2.5673,16.7186,0.611810
-361.3269,-2.5718,16.7520,0.611859
-361.5468,-2.5760,16.7814,0.611904
-361.7665,-2.5801,16.8096,0.611949
-361.9863,-2.5843,16.8372,0.611993
-362.2061,-2.5882,16.8638,0.612038
-362.4260,-2.5923,16.8896,0.612082
-362.6461,-2.5963,16.9147,0.612127
-362.8665,-2.6004,16.9390,0.612175
-363.0869,-2.6045,16.9626,0.612218
-363.3071,-2.6086,16.9857,0.612262
-363.5469,-2.6132,17.0100,0.612312
-363.7662,-2.6174,17.0313,0.612358
-363.9850,-2.6216,17.0513,0.612402
-364.2029,-2.6258,17.0700,0.612446
-364.4200,-2.6301,17.0873,0.612491
-364.6364,-2.6344,17.1030,0.612536
-364.8518,-2.6386,17.1176,0.612579
-365.0659,-2.6426,17.1311,0.612621
-365.2788,-2.6467,17.1436,0.612662
-365.5097,-2.6511,17.1563,0.612710
-365.7199,-2.6551,17.1672,0.612754
-365.9286,-2.6592,17.1776,0.612795
-366.1356,-2.6632,17.1873,0.612838
-366.3410,-2.6673,17.1964,0.612882
-366.5446,-2.6713,17.2048,0.612924
-366.7465,-2.6753,17.2124,0.612968
-366.9466,-2.6793,17.2193,0.613010
-367.1448,-2.6833,17.2254,0.613049
-367.3590,-2.6876,17.2311,0.613093
-367.5532,-2.6915,17.2359,0.613135
-367.7461,-2.6952,17.2402,0.613175
-367.9371,-2.6988,17.2440,0.613216
-368.1270,-2.7024,17.2472,0.613258
-368.3157,-2.7060,17.2498,0.613300
-368.5034,-2.7096,17.2518,0.613342
-368.6902,-2.7133,17.2530,0.613383
-368.8759,-2.7169,17.2533,0.613424
-369.0773,-2.7209,17.2526,0.613466
-369.2609,-2.7245,17.2512,0.613503
-369.4435,-2.7282,17.2489,0.613546
-369.6252,-2.7319,17.2458,0.613586
-369.8058,-2.7356,17.2421,0.613624
-369.9854,-2.7393,17.2376,0.613666
-370.1638,-2.7430,17.2325,0.613705
-370.3415,-2.7467,17.2267,0.613746
-370.5179,-2.7502,17.2205,0.613786
-370.7094,-2.7540,17.2132,0.613828
-370.8835,-2.7574,17.2059,0.613866
-371.0565,-2.7607,17.1982,0.613905
-371.2285,-2.7641,17.1901,0.613944
-371.3994,-2.7675,17.1814,0.613980
-371.5693,-2.7709,17.1722,0.614017
-371.7382,-2.7743,17.1624,0.614057
-371.9061,-2.7777,17.1518,0.614096
-372.0729,-2.7811,17.1406,0.614132
-372.2536,-2.7848,17.1278,0.614172
-372.4181,-2.7882,17.1156,0.614209
-372.5813,-2.7916,17.1031,0.614246
-372.7431,-2.7950,17.0903,0.614283
-372.9035,-2.7984,17.0775,0.614316
-373.0625,-2.8017,17.0646,0.614352
-373.2204,-2.8050,17.0514,0.614387
-373.3767,-2.8081,17.0386,0.614423
-373.5460,-2.8115,17.0246,0.614461
-373.6995,-2.8144,17.0119,0.614495
-373.8517,-2.8173,16.9989,0.614530
-374.0027,-2.8202,16.9856,0.614563
-374.1524,-2.8232,16.9720,0.614598
-374.3008,-2.8261,16.9580,0.614629
-374.4479,-2.8290,16.9436,0.614663
-374.5936,-2.8318,16.9291,0.614694
-374.7380,-2.8347,16.9143,0.614726
-374.8940,-2.8378,16.8980,0.614757
-375.0356,-2.8407,16.8827,0.614787
-375.1760,-2.8435,16.8671,0.614820
-375.3152,-2.8463,16.8512,0.614851
-375.4535,-2.8492,16.8349,0.614882
-375.5910,-2.8520,16.8184,0.614912
-375.7278,-2.8548,16.8016,0.614941
-375.8639,-2.8576,16.7846,0.614971
-375.9994,-2.8604,16.7672,0.615001
-376.1343,-2.8633,16.7494,0.615028
-376.2814,-2.8663,16.7292,0.615061
-376.4158,-2.8690,16.7104,0.615089
-376.5498,-2.8716,16.6912,0.615117
-376.6835,-2.8743,16.6715,0.615145
-376.8175,-2.8769,16.6514,0.615174
-376.9514,-2.8796,16.6308,0.615203
-377.0854,-2.8822,16.6098,0.615231
-377.2191,-2.8849,16.5884,0.615260
-377.3647,-2.8878,16.5646,0.615292
-377.4978,-2.8905,16.5426,0.615320
-377.6305,-2.8932,16.5202,0.615349
-377.7625,-2.8959,16.4977,0.615375
-377.8936,-2.8986,16.4752,0.615404
-378.0238,-2.9013,16.4527,0.615431
-378.1529,-2.9039,16.4304,0.615458
-378.2808,-2.9066,16.4083,0.615484
-378.4075,-2.9092,16.3866,0.615512
-378.5443,-2.9119,16.3633,0.615540
-378.6685,-2.9145,16.3425,0.615568
-378.7914,-2.9170,16.3222,0.615592
-378.9131,-2.9194,16.3025,0.615619
-379.0334,-2.9218,16.2832,0.615645
-379.1524,-2.9242,16.2645,0.615670
-379.2704,-2.9265,16.2459,0.615695
-379.3868,-2.9287,16.2281,0.615721
-379.5017,-2.9309,16.2107,0.615745
-379.6263,-2.9334,16.1921,0.615771
-379.7394,-2.9357,16.1753,0.615796
-379.8516,-2.9379,16.1588,0.615822
-379.9630,-2.9402,16.1423,0.615844
-380.0737,-2.9424,16.1260,0.615866
-380.1839,-2.9446,16.1098,0.615891
-380.2934,-2.9468,16.0939,0.615914
-380.4023,-2.9489,16.0782,0.615937
-380.5105,-2.9510,16.0630,0.615961
-380.6278,-2.9533,16.0472,0.615986
-380.7346,-2.9554,16.0334,0.616009
-380.8406,-2.9574,16.0204,0.616032
-380.9460,-2.9594,16.0084,0.616055
-381.0505,-2.9613,15.9974,0.616079
-381.1544,-2.9632,15.9875,0.616101
-381.2575,-2.9651,15.9786,0.616124
-381.3663,-2.9804,16.0035,0.616146
-381.4682,-2.9806,15.9959,0.616170
-381.5814,-2.9749,16.0045,0.616196
-381.6820,-2.9733,16.0024,0.616218
-381.7830,-2.9722,15.9979,0.616240
-381.8747,-2.9818,15.9452,0.616263
-381.9762,-2.9835,15.9422,0.616286
-382.0779,-2.9852,15.9397,0.616309
-382.1802,-2.9869,15.9378,0.616332
-382.2845,-2.9880,15.9386,0.616355
-382.3908,-2.9874,15.9308,0.616379
-382.5006,-2.9634,15.9256,0.616404
-382.6052,-2.9655,15.9225,0.616428
-382.7104,-2.9675,15.9196,0.616452
-382.8175,-2.9696,15.9165,0.616475
-382.9255,-2.9718,15.9148,0.616499
-383.0336,-2.9739,15.9151,0.616524
-383.1427,-2.9760,15.9153,0.616549
-383.2523,-2.9781,15.9141,0.616575
-383.3629,-2.9803,15.9123,0.616601
-383.4840,-2.9828,15.9103,0.616627
-383.5959,-2.9851,15.9082,0.616653
-383.7083,-2.9874,15.9060,0.616679
-383.8215,-2.9897,15.9042,0.616704
-383.9356,-2.9920,15.9024,0.616729
-384.0507,-2.9944,15.8995,0.616755
-384.1666,-2.9968,15.8958,0.616780
-384.2832,-2.9992,15.8918,0.616807
-384.4008,-3.0016,15.8873,0.616834
-384.5301,-3.0042,15.8818,0.616862
-384.6491,-3.0066,15.8764,0.616889
-384.7689,-3.0090,15.8709,0.616917
-384.8887,-3.0114,15.8653,0.616944
-385.0091,-3.0138,15.8591,0.616972
-385.1306,-3.0163,15.8525,0.617000
-385.2529,-3.0187,15.8470,0.617026
-385.3759,-3.0212,15.8417,0.617053
-385.4999,-3.0236,15.8357,0.617082
-385.6357,-3.0263,15.8291,0.617111
-385.7610,-3.0288,15.8228,0.617139
-385.8871,-3.0312,15.8159,0.617168
-386.0141,-3.0337,15.8085,0.617196
-386.1418,-3.0362,15.8006,0.617225
-386.2703,-3.0388,15.7921,0.617255
-386.4052,-3.0594,15.7819,0.617285
-386.5291,-3.0439,15.7734,0.617313
-386.6595,-3.0465,15.7618,0.617342
-386.8017,-3.0493,15.7487,0.617374
-386.9325,-3.0519,15.7362,0.617403
-387.0636,-3.0546,15.7231,0.617433
-387.1953,-3.0572,15.7095,0.617462
-387.3333,-3.0768,15.6942,0.617492
-387.4659,-3.0797,15.6808,0.617522
-387.5943,-3.0652,15.6667,0.617552
-387.7286,-3.0678,15.6500,0.617581
-387.8631,-3.0704,15.6334,0.617610
-388.0108,-3.0733,15.6148,0.617644
-388.1471,-3.0760,15.5973,0.617673
-388.2894,-3.0984,15.5782,0.617706
-388.4207,-3.1069,15.5619,0.617735
-388.5640,-3.0841,15.5434,0.617766
-388.6975,-3.0865,15.5235,0.617797
-388.8359,-3.0892,15.5033,0.617827
-388.9748,-3.0918,15.4830,0.617858
-389.1145,-3.0944,15.4627,0.617889
-389.2672,-3.1229,15.4407,0.617924
-389.4077,-3.1256,15.4217,0.617956
-389.5545,-3.1090,15.4016,0.617986
-389.6917,-3.1053,15.3788,0.618018
-389.8336,-3.1080,15.3562,0.618048
-389.9749,-3.1107,15.3335,0.618080
-390.1178,-3.1134,15.3101,0.618113
-390.2604,-3.1418,15.2869,0.618145
-390.4032,-3.1445,15.2651,0.618176
-390.5644,-3.1263,15.2398,0.618211
-390.7025,-3.1246,15.2144,0.618242
-390.8453,-3.1273,15.1897,0.618274
-390.9870,-3.1300,15.1649,0.618306
-391.1306,-3.1327,15.1395,0.618337
-391.2749,-3.1611,15.1147,0.618370
-391.4196,-3.1638,15.0914,0.618402
-391.5704,-3.1419,15.0652,0.618434
-391.7111,-3.1435,15.0387,0.618466
-391.8688,-3.1463,15.0103,0.618501
-392.0123,-3.1489,14.9846,0.618533
-392.1629,-3.1646,14.9576,0.618566
-392.3042,-3.1797,14.9334,0.618600
-392.4515,-3.1823,14.9082,0.618632
-392.5992,-3.1594,14.8805,0.618665
-392.7462,-3.1620,14.8536,0.618698
-392.8910,-3.1646,14.8277,0.618731
-393.0361,-3.1672,14.8018,0.618764
-393.1959,-3.1957,14.7734,0.618800
-393.3431,-3.1983,14.7474,0.618833
-393.4943,-3.1888,14.7213,0.618867
-393.6360,-3.1780,14.6933,0.618900
-393.7808,-3.1806,14.6677,0.618933
-393.9230,-3.1832,14.6428,0.618965
-394.0673,-3.1858,14.6175,0.618998
-394.2121,-3.2139,14.5922,0.619032
-394.3575,-3.2165,14.5668,0.619066
-394.5211,-3.1973,14.5371,0.619102
-394.6624,-3.1963,14.5084,0.619135
-394.8058,-3.1987,14.4826,0.619168
-394.9483,-3.2011,14.4572,0.619201
-395.0973,-3.2148,14.4305,0.619234
-395.2371,-3.2315,14.4056,0.619268
-395.3822,-3.2340,14.3797,0.619301
-395.5268,-3.2108,14.3519,0.619334
-395.6703,-3.2132,14.3232,0.619367
-395.8244,-3.2158,14.2953,0.619402
-395.9656,-3.2182,14.2698,0.619436
-396.1077,-3.2461,14.2441,0.619469
-396.2509,-3.2485,14.2183,0.619502
-396.3940,-3.2508,14.1926,0.619535
-396.5370,-3.2277,14.1633,0.619568
-396.6784,-3.2302,14.1360,0.619600
-396.8179,-3.2326,14.1100,0.619632
-396.9579,-3.2350,14.0840,0.619665
-397.1115,-3.2628,14.0554,0.619701
-397.2531,-3.2652,14.0291,0.619734
-397.3989,-3.2635,14.0020,0.619766
-397.5361,-3.2449,13.9714,0.619799
-397.6753,-3.2471,13.9437,0.619830
-397.8129,-3.2493,13.9166,0.619862
-397.9510,-3.2515,13.8896,0.619895
-398.0898,-3.2792,13.8625,0.619928
-398.2294,-3.2814,13.8353,0.619960
-398.3851,-3.2748,13.8053,0.619995
-398.5200,-3.2604,13.7748,0.620026
-398.6566,-3.2625,13.7474,0.620058
-398.7919,-3.2646,13.7203,0.620090
-398.9277,-3.2667,13.6934,0.620121
-399.0641,-3.2943,13.6664,0.620154
-399.2013,-3.2964,13.6392,0.620185
-399.3420,-3.2932,13.6119,0.620217
-399.4745,-3.2751,13.5821,0.620249
-399.6213,-3.2774,13.5523,0.620283
-399.7545,-3.2795,13.5252,0.620314
-399.8879,-3.2815,13.4984,0.620345
-400.0268,-3.2975,13.4707,0.620376
-400.1573,-3.3112,13.4447,0.620408
-400.2970,-3.3118,13.4175,0.620440
-400.4286,-3.2899,13.3881,0.620471
-400.5636,-3.2921,13.3602,0.620502
-400.6974,-3.2942,13.3330,0.620532
-400.8433,-3.2965,13.3035,0.620566
-400.9787,-3.2987,13.2765,0.620597
-401.1145,-3.3260,13.2492,0.620629
-401.2520,-3.3282,13.2220,0.620661
-401.3902,-3.3051,13.1903,0.620693
-401.5276,-3.3070,13.1605,0.620724
-401.6635,-3.3090,13.1323,0.620755
-401.7990,-3.3110,13.1043,0.620787
-401.9361,-3.3129,13.0760,0.620819
-402.0866,-3.3405,13.0452,0.620854
-402.2299,-3.3402,13.0163,0.620887
-402.3659,-3.3190,12.9847,0.620918
-402.5055,-3.3210,12.9543,0.620950
-402.6435,-3.3229,12.9253,0.620982
-402.7811,-3.3249,12.8966,0.621014
-402.9204,-3.3268,12.8676,0.621046
-403.0608,-3.3543,12.8382,0.621079
-403.2061,-3.3496,12.8082,0.621112
-403.3569,-3.3330,12.7721,0.621147
-403.4985,-3.3350,12.7410,0.621180
-403.6385,-3.3370,12.7106,0.621211
-403.7784,-3.3389,12.6807,0.621244
-403.9202,-3.3409,12.6501,0.621279
-404.0634,-3.3684,12.6185,0.621312
-404.2104,-3.3499,12.5866,0.621346
-404.3499,-3.3470,12.5529,0.621379
-404.5062,-3.3493,12.5190,0.621415
-404.6482,-3.3514,12.4882,0.621448
-404.7908,-3.3534,12.4574,0.621482
-404.9357,-3.3555,12.4251,0.621515
-405.0806,-3.3828,12.3933,0.621549
-405.2262,-3.3597,12.3605,0.621584
-405.3716,-3.3616,12.3277,0.621618
-405.5172,-3.3635,12.2966,0.621651
-405.6623,-3.3654,12.2654,0.621687
-405.8087,-3.3673,12.2335,0.621721
-405.9696,-3.3694,12.1985,0.621759
-406.1204,-3.3765,12.1670,0.621793
-406.2651,-3.3732,12.1352,0.621828
-406.4140,-3.3751,12.1030,0.621864
-406.5625,-3.3770,12.0715,0.621898
-406.7111,-3.3789,12.0406,0.621933
-406.8609,-3.3808,12.0090,0.621969
-407.0150,-3.4071,11.9769,0.622003
-407.1624,-3.3846,11.9463,0.622039
-407.3278,-3.3867,11.9116,0.622077
-407.4797,-3.3887,11.8807,0.622114
-407.6315,-3.3906,11.8503,0.622150
-407.7843,-3.3925,11.8196,0.622187
-407.9380,-3.3945,11.7884,0.622222
-408.0920,-3.3964,11.7579,0.622259
-408.2468,-3.3984,11.7264,0.622295
-408.4021,-3.4005,11.6952,0.622332
-408.5574,-3.4025,11.6644,0.622368
-408.7277,-3.4047,11.6305,0.622407
-408.8848,-3.4067,11.5988,0.622445
-409.0426,-3.4088,11.5670,0.622483
-409.2008,-3.4107,11.5343,0.622520
-409.3597,-3.4127,11.5019,0.622557
-409.5186,-3.4147,11.4700,0.622595
-409.6781,-3.4167,11.4385,0.622632
-409.8383,-3.4187,11.4070,0.622670
-410.0141,-3.4208,11.3729,0.622711
-410.1757,-3.4227,11.3412,0.622749
-410.3380,-3.4246,11.3096,0.622787
-410.5002,-3.4264,11.2785,0.622826
-410.6632,-3.4283,11.2473,0.622864
-410.8270,-3.4302,11.2159,0.622903
-410.9914,-3.4321,11.1845,0.622941
-411.1564,-3.4340,11.1527,0.622979
-411.3220,-3.4359,11.1212,0.623019
-411.5030,-3.4380,11.0873,0.623060
-411.6696,-3.4400,11.0559,0.623098
-411.8370,-3.4419,11.0240,0.623139
-412.0051,-3.4438,10.9918,0.623178
-412.1737,-3.4458,10.9589,0.623217
-412.3428,-3.4478,10.9263,0.623256
-412.5122,-3.4497,10.8942,0.623296
-412.6823,-3.4517,10.8622,0.623336
-412.8530,-3.4537,10.8302,0.623377
-413.0399,-3.4559,10.7954,0.623419
-413.2119,-3.4579,10.7632,0.623459
-413.3844,-3.4599,10.7311,0.623499
-413.5573,-3.4620,10.6990,0.623540
-413.7310,-3.4641,10.6667,0.623580
-413.9086,-3.4696,10.6337,0.623621
-414.0804,-3.4680,10.6016,0.623662
-414.2559,-3.4699,10.5691,0.623702
-414.4318,-3.4719,10.5368,0.623743
-414.6245,-3.4739,10.5013,0.623788
-414.8018,-3.4759,10.4684,0.623830
-414.9798,-3.4778,10.4353,0.623871
-415.1584,-3.4796,10.4014,0.623913
-415.3373,-3.4815,10.3678,0.623955
-415.5167,-3.4834,10.3346,0.623996
-415.6966,-3.4853,10.3015,0.624039
-415.8802,-3.4883,10.2680,0.624081
-416.0585,-3.4891,10.2350,0.624124
-416.2568,-3.4912,10.1985,0.624170
-416.4390,-3.4931,10.1653,0.624213
-416.6218,-3.4951,10.1320,0.624256
-416.8053,-3.4970,10.0985,0.624299
-416.9894,-3.4989,10.0649,0.624342
-417.1741,-3.5009,10.0312,0.624386
-417.3591,-3.5028,9.9978,0.624429
-417.5447,-3.5048,9.9643,0.624473
-417.7310,-3.5067,9.9305,0.624518
-417.9350,-3.5089,9.8934,0.624564
-418.1227,-3.5109,9.8588,0.624609
-418.3106,-3.5129,9.8243,0.624653
-418.4990,-3.5149,9.7901,0.624698
-418.6881,-3.5170,9.7559,0.624742
-418.8781,-3.5189,9.7217,0.624787
-419.0685,-3.5208,9.6871,0.624832
-419.2591,-3.5226,9.6527,0.624877
-419.4503,-3.5245,9.6183,0.624922
-419.6595,-3.5265,9.5806,0.624971
-419.8520,-3.5283,9.5460,0.625016
-420.0451,-3.5301,9.5107,0.625062
-420.2386,-3.5320,9.4756,0.625107
-420.4325,-3.5338,9.4407,0.625153
-420.6270,-3.5357,9.4054,0.625198
-420.8223,-3.5375,9.3698,0.625244
-421.0181,-3.5394,9.3333,0.625291
-421.2143,-3.5413,9.2968,0.625337
-421.4286,-3.5433,9.2572,0.625388
-421.6258,-3.5452,9.2210,0.625434
-421.8238,-3.5470,9.1846,0.625481
-422.0222,-3.5487,9.1480,0.625527
-422.2209,-3.5504,9.1115,0.625575
-422.4200,-3.5521,9.0749,0.625621
-422.6198,-3.5538,9.0380,0.625667
-422.8197,-3.5555,9.0014,0.625715
-423.0206,-3.5577,8.9639,0.625763
-423.2402,-3.5600,8.9234,0.625814
-423.4420,-3.5621,8.8866,0.625862
-423.6443,-3.5643,8.8495,0.625910
-423.8467,-3.5667,8.8122,0.625957
-424.0503,-3.5693,8.7743,0.626006
-424.2542,-3.5719,8.7365,0.626054
-424.4585,-3.5744,8.6986,0.626101
-424.6669,-3.5828,8.6600,0.626150
-424.8689,-3.5796,8.6225,0.626199
-425.0936,-3.5824,8.5803,0.626252
-425.2997,-3.5850,8.5417,0.626301
-425.5065,-3.5876,8.5028,0.626350
-425.7174,-3.5906,8.4631,0.626399
-425.9218,-3.5929,8.4239,0.626448
-426.1302,-3.5955,8.3840,0.626497
-426.3387,-3.5981,8.3445,0.626547
-426.5477,-3.6008,8.3047,0.626596
-426.7577,-3.6033,8.2644,0.626646
-426.9871,-3.6060,8.2198,0.626700
-427.1978,-3.6085,8.1790,0.626751
-427.4088,-3.6109,8.1381,0.626801
-427.6237,-3.6277,8.0967,0.626851
-427.8312,-3.6168,8.0566,0.626902
-428.0438,-3.6203,8.0155,0.626952
-428.2567,-3.6239,7.9746,0.627002
-428.4702,-3.6275,7.9335,0.627053
-428.6839,-3.6312,7.8921,0.627104
-428.9180,-3.6354,7.8464,0.627159
-429.1330,-3.6392,7.8049,0.627211
-429.3484,-3.6430,7.7635,0.627261
-429.5644,-3.6469,7.7217,0.627313
-429.7810,-3.6507,7.6795,0.627365
-429.9981,-3.6546,7.6370,0.627415
-430.2156,-3.6584,7.5945,0.627468
-430.4337,-3.6623,7.5521,0.627519
-430.6523,-3.6662,7.5097,0.627571
-430.8914,-3.6704,7.4631,0.627628
-431.1111,-3.6742,7.4205,0.627679
-431.3312,-3.6781,7.3780,0.627732
-431.5567,-3.6881,7.3344,0.627784
-431.7726,-3.6861,7.2925,0.627837
-431.9943,-3.6902,7.2498,0.627890
-432.2163,-3.6944,7.2075,0.627942
-432.4390,-3.6986,7.1654,0.627996
-432.6621,-3.7028,7.1230,0.628048
-432.9064,-3.7074,7.0761,0.628105
-433.1309,-3.7117,7.0328,0.628158
-433.3558,-3.7160,6.9895,0.628212
-433.5810,-3.7204,6.9466,0.628266
-433.8071,-3.7251,6.9031,0.628319
-434.0338,-3.7298,6.8596,0.628372
-434.2610,-3.7345,6.8161,0.628426
-434.4893,-3.7392,6.7725,0.628481
-434.7182,-3.7432,6.7272,0.628534
-434.9681,-3.7475,6.6789,0.628594
-435.1978,-3.7514,6.6346,0.628648
-435.4278,-3.7554,6.5900,0.628702
-435.6592,-3.7588,6.5452,0.628758
-435.8904,-3.7621,6.5001,0.628812
-436.1219,-3.7655,6.4549,0.628867
-436.3537,-3.7688,6.4097,0.628922
-436.5856,-3.7721,6.3646,0.628977
-436.8177,-3.7754,6.3195,0.629032
-437.0705,-3.7790,6.2705,0.629092
-437.3022,-3.7824,6.2256,0.629147
-437.5341,-3.7857,6.1808,0.629203
-437.7661,-3.7891,6.1360,0.629257
-437.9980,-3.7925,6.0915,0.629313
-438.2300,-3.7959,6.0472,0.629368
-438.4635,-3.7992,6.0027,0.629423
-438.6955,-3.8014,5.9591,0.629478
-438.9275,-3.8037,5.9154,0.629533
-439.1804,-3.8061,5.8677,0.629592
-439.4149,-3.8091,5.8237,0.629648
-439.6441,-3.8106,5.7806,0.629703
-439.8760,-3.8128,5.7371,0.629758
-440.1079,-3.8149,5.6935,0.629813
-440.3398,-3.8171,5.6498,0.629868
-440.5716,-3.8193,5.6060,0.629923
-440.8031,-3.8215,5.5622,0.629978
-441.0342,-3.8237,5.5187,0.630033
-441.2858,-3.8260,5.4714,0.630092
-441.5158,-3.8282,5.4279,0.630147
-441.7450,-3.8304,5.3844,0.630201
-441.9732,-3.8325,5.3414,0.630256
-442.2007,-3.8347,5.2987,0.630309
-442.4274,-3.8369,5.2561,0.630363
-442.6534,-3.8390,5.2134,0.630417
-442.8790,-3.8411,5.1707,0.630471
-443.1043,-3.8433,5.1278,0.630524
-443.3531,-3.8461,5.0800,0.630583
-443.5767,-3.8478,5.0367,0.630636
-443.8032,-3.8499,4.9929,0.630691
-444.0302,-3.8521,4.9492,0.630744
-444.2576,-3.8542,4.9055,0.630798
-444.4849,-3.8564,4.8616,0.630852
-444.7122,-3.8586,4.8176,0.630906
-444.9388,-3.8607,4.7738,0.630960
-445.1650,-3.8629,4.7302,0.631014
-445.4113,-3.8652,4.6826,0.631072
-445.6369,-3.8674,4.6388,0.631125
-445.8625,-3.8695,4.5953,0.631180
-446.0884,-3.8717,4.5516,0.631234
-446.3149,-3.8739,4.5077,0.631287
-446.5419,-3.8760,4.4634,0.631341
-446.7692,-3.8782,4.4194,0.631395
-446.9969,-3.8804,4.3757,0.631450
-447.2486,-3.8907,4.3276,0.631509
-447.4748,-3.8849,4.2841,0.631564
-447.7040,-3.8871,4.2399,0.631617
-447.9335,-3.8893,4.1959,0.631673
-448.1631,-3.8914,4.1520,0.631727
-448.3925,-3.8936,4.1080,0.631783
-448.6214,-3.8958,4.0639,0.631836
-448.8495,-3.8980,4.0201,0.631890
-449.0769,-3.9001,3.9763,0.631944
-449.3037,-3.9023,3.9324,0.631998
-449.5501,-3.9046,3.8844,0.632056
-449.7750,-3.9068,3.8409,0.632110
-449.9988,-3.9089,3.7976,0.632163
-450.2220,-3.9110,3.7544,0.632217
-450.4442,-3.9131,3.7110,0.632268
-450.6656,-3.9152,3.6677,0.632321
-450.8857,-3.9173,3.6247,0.632374
-451.1046,-3.9193,3.5819,0.632428
-451.3225,-3.9214,3.5393,0.632479
-451.5587,-3.9236,3.4929,0.632536
-451.7735,-3.9256,3.4510,0.632588
-451.9867,-3.9276,3.4094,0.632637
-452.1985,-3.9296,3.3680,0.632688
-452.4088,-3.9316,3.3268,0.632739
-452.6175,-3.9336,3.2863,0.632789
-452.8245,-3.9356,3.2465,0.632838
-453.0300,-3.9375,3.2069,0.632886
-453.2527,-3.9396,3.1640,0.632940
-453.4550,-3.9415,3.1248,0.632989
-453.6555,-3.9434,3.0861,0.633036
-453.8542,-3.9452,3.0480,0.633083
-454.0512,-3.9471,3.0104,0.633130
-454.2464,-3.9489,2.9731,0.633178
-454.4397,-3.9507,2.9361,0.633223
-454.6310,-3.9525,2.8998,0.633270
-454.8203,-3.9543,2.8640,0.633314
-455.0081,-3.9560,2.8286,0.633359
-455.2113,-3.9579,2.7900,0.633408
-455.3957,-3.9597,2.7549,0.633451
-455.5785,-3.9614,2.7205,0.633495
-455.7597,-3.9631,2.6866,0.633538
-455.9396,-3.9647,2.6527,0.633582
-456.1181,-3.9664,2.6190,0.633623
-456.2953,-3.9681,2.5852,0.633667
-456.4713,-3.9697,2.5515,0.633708
-456.6620,-3.9715,2.5152,0.633753
-456.8358,-3.9731,2.4821,0.633794
-457.0087,-3.9747,2.4492,0.633836
-457.1806,-3.9764,2.4162,0.633877
-457.3517,-3.9780,2.3832,0.633917
-457.5215,-3.9795,2.3507,0.633958
-457.6902,-3.9811,2.3185,0.633999
-457.8582,-3.9827,2.2865,0.634039
-458.0280,-3.9927,2.2541,0.634079
-458.2065,-3.9859,2.2197,0.634122
-458.3716,-3.9875,2.1880,0.634161
-458.5356,-3.9890,2.1569,0.634201
-458.6986,-3.9905,2.1259,0.634239
-458.8607,-3.9921,2.0949,0.634278
-459.0245,-3.9974,2.0636,0.634316
-459.1822,-3.9951,2.0331,0.634354
-459.3413,-3.9966,2.0025,0.634392
-459.4992,-3.9980,1.9723,0.634430
-459.6558,-3.9995,1.9426,0.634468
-459.8255,-4.0011,1.9102,0.634508
-459.9822,-4.0161,1.8803,0.634545
-460.1324,-4.0040,1.8514,0.634582
-460.2838,-4.0054,1.8221,0.634619
-460.4335,-4.0068,1.7931,0.634652
-460.5816,-4.0082,1.7644,0.634688
-460.7283,-4.0095,1.7359,0.634722
-460.8736,-4.0109,1.7075,0.634759
-461.0303,-4.0124,1.6769,0.634796
-461.1724,-4.0137,1.6487,0.634829
-461.3134,-4.0150,1.6210,0.634862
-461.4535,-4.0163,1.5936,0.634896
-461.5928,-4.0176,1.5662,0.634929
-461.7314,-4.0189,1.5386,0.634963
-461.8695,-4.0202,1.5109,0.634994
-462.0069,-4.0215,1.4828,0.635028
-462.1436,-4.0228,1.4541,0.635060
-462.2922,-4.0242,1.4224,0.635097
-462.4276,-4.0255,1.3929,0.635127
-462.5624,-4.0267,1.3627,0.635160
-462.6965,-4.0280,1.3318,0.635192
-462.8300,-4.0293,1.3003,0.635223
-462.9628,-4.0305,1.2684,0.635256
-463.0949,-4.0318,1.2359,0.635287
-463.2263,-4.0330,1.2031,0.635318
-463.3570,-4.0342,1.1700,0.635350
-463.4987,-4.0356,1.1336,0.635383
-463.6279,-4.0368,1.0999,0.635413
-463.7564,-4.0380,1.0661,0.635444
-463.8845,-4.0392,1.0325,0.635475
-464.0119,-4.0404,0.9988,0.635505
-464.1389,-4.0416,0.9650,0.635535
-464.2654,-4.0428,0.9311,0.635566
-464.3914,-4.0440,0.8971,0.635596
-464.5169,-4.0452,0.8628,0.635627
-464.6534,-4.0465,0.8251,0.635659
-464.7780,-4.0477,0.7904,0.635689
-464.9023,-4.0489,0.7555,0.635718
-465.0264,-4.0501,0.7203,0.635749
-465.1503,-4.0512,0.6850,0.635778
-465.2742,-4.0524,0.6496,0.635808
-465.3984,-4.0536,0.6141,0.635838
-465.5231,-4.0548,0.5786,0.635867
-465.6483,-4.0560,0.5432,0.635898
-465.7854,-4.0573,0.5045,0.635932
-465.9117,-4.0585,0.4688,0.635963
-466.0386,-4.0597,0.4327,0.635993
-466.1660,-4.0609,0.3960,0.636024
-466.2939,-4.0621,0.3587,0.636054
-466.4224,-4.0633,0.3208,0.636085
-466.5513,-4.0645,0.2823,0.636116
-466.6808,-4.0658,0.2433,0.636148
-466.8106,-4.0670,0.2040,0.636180
-466.9529,-4.0684,0.1606,0.636214
-467.0838,-4.0696,0.1204,0.636245
-467.2153,-4.0709,0.0797,0.636276
-467.3472,-4.0721,0.0386,0.636309
-467.4796,-4.0734,-0.0032,0.636342
-467.6125,-4.0747,-0.0454,0.636373
-467.7459,-4.0759,-0.0883,0.636405
-467.8798,-4.0772,-0.1316,0.636438
-468.0141,-4.0785,-0.1754,0.636469
-468.1611,-4.0799,-0.2235,0.636508
-468.2963,-4.0812,-0.2677,0.636540
-468.4319,-4.0825,-0.3117,0.636572
-468.5679,-4.0838,-0.3552,0.636605
-468.7044,-4.0851,-0.3980,0.636640
-468.8414,-4.0864,-0.4401,0.636673
-468.9814,-4.1101,-0.4815,0.636706
-469.1165,-4.1143,-0.5202,0.636740
-469.2553,-4.1156,-0.5577,0.636774
-469.4077,-4.1171,-0.5974,0.636812
-469.5476,-4.1184,-0.6336,0.636846
-469.6980,-4.1039,-0.6182,0.636879
-469.8393,-4.1079,-0.6512,0.636915
-469.9805,-4.1124,-0.6862,0.636950
-470.1227,-4.1170,-0.7219,0.636984
-470.2660,-4.1212,-0.7551,0.637020
-470.3998,-4.1264,-0.8394,0.637054
-470.5443,-4.1278,-0.8760,0.637090
-470.7027,-4.1293,-0.9158,0.637128
-470.8487,-4.1306,-0.9517,0.637163
-470.9951,-4.1320,-0.9877,0.637199
-471.1421,-4.1334,-1.0234,0.637235
-471.2898,-4.1348,-1.0590,0.637271
-471.4380,-4.1362,-1.0945,0.637306
-471.5870,-4.1376,-1.1299,0.637343
-471.7366,-4.1390,-1.1653,0.637380
-471.8869,-4.1404,-1.2004,0.637415
-472.0524,-4.1419,-1.2379,0.637455
-472.2046,-4.1434,-1.2738,0.637493
-472.3574,-4.1448,-1.3106,0.637529
-472.5109,-4.1462,-1.3463,0.637566
-472.6649,-4.1477,-1.3818,0.637603
-472.8197,-4.1491,-1.4173,0.637641
-472.9752,-4.1506,-1.4528,0.637678
-473.1312,-4.1521,-1.4881,0.637715
-473.2878,-4.1535,-1.5233,0.637754
-473.4589,-4.1551,-1.5615,0.637794
-473.6157,-4.1566,-1.5962,0.637833
-473.7732,-4.1581,-1.6308,0.637871
-473.9317,-4.1596,-1.6652,0.637909
-474.0909,-4.1610,-1.6993,0.637949
-474.2506,-4.1625,-1.7331,0.637987
-474.4109,-4.1640,-1.7667,0.638026
-474.5719,-4.1655,-1.8001,0.638064
-474.7335,-4.1670,-1.8334,0.638104
-474.9106,-4.1687,-1.8695,0.638146
-475.0742,-4.1702,-1.9023,0.638186
-475.2393,-4.1717,-1.9350,0.638226
-475.4056,-4.1733,-1.9673,0.638266
-475.5734,-4.1748,-1.9993,0.638305
-475.7425,-4.1764,-2.0310,0.638346
-475.9130,-4.1780,-2.0625,0.638388
-476.0850,-4.1796,-2.0940,0.638430
-476.2585,-4.1812,-2.1256,0.638471
-476.4494,-4.1829,-2.1604,0.638517
-476.6258,-4.1846,-2.1929,0.638559
-476.8032,-4.1862,-2.2259,0.638602
-476.9816,-4.1879,-2.2594,0.638645
-477.1610,-4.1895,-2.2933,0.638686
-477.3414,-4.1912,-2.3277,0.638732
-477.5228,-4.1929,-2.3624,0.638774
-477.7051,-4.1946,-2.3974,0.638818
-477.8884,-4.1963,-2.4325,0.638862
-478.0893,-4.1981,-2.4708,0.638910
-478.2746,-4.1999,-2.5060,0.638954
-478.4611,-4.2016,-2.5413,0.638998
-478.6497,-4.2033,-2.5771,0.639044
-478.8403,-4.2051,-2.6132,0.639089
-479.0331,-4.2069,-2.6497,0.639136
-479.2281,-4.2087,-2.6865,0.639181
-479.4252,-4.2105,-2.7236,0.639229
-479.6246,-4.2123,-2.7610,0.639276
-479.8445,-4.2144,-2.8022,0.639329
-480.0485,-4.2163,-2.8404,0.639377
-480.2549,-4.2182,-2.8790,0.639427
-480.4638,-4.2201,-2.9179,0.639476
-480.6752,-4.2220,-2.9573,0.639528
-480.8892,-4.2240,-2.9970,0.639578
-481.1059,-4.2260,-3.0372,0.639630
-481.3252,-4.2280,-3.0779,0.639684
-481.5473,-4.2301,-3.1193,0.639735
-481.7926,-4.2324,-3.1653,0.639794
-482.0202,-4.2345,-3.2082,0.639849
-482.2505,-4.2366,-3.2518,0.639903
-482.4835,-4.2387,-3.2961,0.639959
-482.7191,-4.2409,-3.3409,0.640016
-482.9574,-4.2431,-3.3863,0.640071
-483.1982,-4.2453,-3.4322,0.640129
-483.4417,-4.2475,-3.4786,0.640187
-483.6879,-4.2498,-3.5255,0.640246
-483.9593,-4.2523,-3.5773,0.640309
-484.2109,-4.2546,-3.6253,0.640369
-484.4652,-4.2569,-3.6738,0.640428
-484.7222,-4.2593,-3.7226,0.640491
-484.9820,-4.2617,-3.7719,0.640561
-485.2445,-4.2641,-3.8217,0.640616
-485.5098,-4.2665,-3.8721,0.640677
-485.7779,-4.2690,-3.9230,0.640743
-486.0488,-4.2715,-3.9745,0.640809
-486.3474,-4.2742,-4.0313,0.640880
-486.6240,-4.2768,-4.0839,0.640947
-486.9034,-4.2793,-4.1370,0.641012
-487.1855,-4.2819,-4.1907,0.641080
-487.4702,-4.2845,-4.2449,0.641148
-487.7578,-4.2871,-4.2996,0.641215
-488.0481,-4.2898,-4.3549,0.641285
-488.3411,-4.2924,-4.4107,0.641355
-488.6370,-4.2951,-4.4670,0.641427
-488.9630,-4.2981,-4.5289,0.641503
-489.2650,-4.3009,-4.5862,0.641576
-489.5698,-4.3037,-4.6440,0.641648
-489.8776,-4.3065,-4.7024,0.641723
-490.1884,-4.3093,-4.7614,0.641797
-490.5022,-4.3122,-4.8209,0.641871
-490.8192,-4.3151,-4.8811,0.641947
-491.1392,-4.3180,-4.9418,0.642023
-491.4623,-4.3209,-5.0029,0.642100
-491.8185,-4.3241,-5.0700,0.642184
-492.1483,-4.3271,-5.1319,0.642264
-492.4814,-4.3302,-5.1942,0.642344
-492.8178,-4.3332,-5.2570,0.642424
-493.1576,-4.3363,-5.3204,0.642504
-493.5009,-4.3394,-5.3846,0.642587
-493.8477,-4.3426,-5.4496,0.642670
-494.1978,-4.3457,-5.5154,0.642753
-494.5515,-4.3490,-5.5820,0.642837
-494.9411,-4.3525,-5.6553,0.642930
-495.3018,-4.3558,-5.7231,0.643016
-495.6659,-4.3591,-5.7914,0.643102
-496.0333,-4.3624,-5.8602,0.643190
-496.4040,-4.3658,-5.9294,0.643278
-496.7780,-4.3691,-5.9991,0.643367
-497.1555,-4.3726,-6.0692,0.643457
-497.5363,-4.3760,-6.1399,0.643549
-497.9204,-4.3795,-6.2111,0.643641
-498.3434,-4.3833,-6.2894,0.643741
-498.7346,-4.3869,-6.3617,0.643835
-499.1291,-4.3904,-6.4346,0.643928
-499.5269,-4.3940,-6.5080,0.644023
-499.9280,-4.3977,-6.5819,0.644119
-500.3325,-4.4013,-6.6564,0.644216
-500.7402,-4.4050,-6.7313,0.644311
-501.1514,-4.4087,-6.8067,0.644410
-501.5658,-4.4125,-6.8827,0.644509
-502.0217,-4.4166,-6.9661,0.644618
-502.4431,-4.4204,-7.0431,0.644718
-502.8679,-4.4243,-7.1207,0.644820
-503.2960,-4.4281,-7.1987,0.644922
-503.7274,-4.4320,-7.2772,0.645024
-504.1622,-4.4360,-7.3562,0.645128
-504.6004,-4.4399,-7.4357,0.645233
-505.0419,-4.4439,-7.5157,0.645338
-505.4867,-4.4480,-7.5961,0.645444
-505.9758,-4.4524,-7.6845,0.645559
-506.4275,-4.4565,-7.7659,0.645666
-506.8820,-4.4606,-7.8478,0.645775
-507.3389,-4.4648,-7.9300,0.645885
-507.7977,-4.4689,-8.0124,0.645994
-508.2581,-4.4731,-8.0952,0.646105
-508.7195,-4.4773,-8.1782,0.646213
-509.1815,-4.4815,-8.2615,0.646323
-509.6440,-4.4857,-8.3452,0.646433
-510.1488,-4.4903,-8.4368,0.646554
-510.6119,-4.4945,-8.5211,0.646665
-511.0754,-4.4987,-8.6059,0.646774
-511.5392,-4.5029,-8.6911,0.646885
-512.0033,-4.5071,-8.7768,0.646995
-512.4677,-4.5114,-8.8631,0.647106
-512.9323,-4.5156,-8.9501,0.647217
-513.3973,-4.5199,-9.0375,0.647327
-513.8624,-4.5241,-9.1254,0.647438
-514.3697,-4.5288,-9.2215,0.647559
-514.8347,-4.5330,-9.3095,0.647670
-515.2997,-4.5373,-9.3975,0.647780
-515.7647,-4.5416,-9.4851,0.647892
-516.2297,-4.5458,-9.5725,0.648002
-516.6948,-4.5501,-9.6597,0.648114
-517.1595,-4.5544,-9.7465,0.648226
-517.6242,-4.5586,-9.8332,0.648336
-518.1310,-4.5633,-9.9275,0.648455
-518.5952,-4.5675,-10.0136,0.648566
-519.0591,-4.5718,-10.0996,0.648679
-519.5228,-4.5761,-10.1854,0.648789
-519.9862,-4.5803,-10.2712,0.648900
-520.4493,-4.5846,-10.3568,0.649008
-520.9123,-4.5888,-10.4423,0.649120
-521.3748,-4.5931,-10.5276,0.649230
-521.8372,-4.5974,-10.6127,0.649341
-522.2993,-4.6016,-10.6977,0.649449
-522.8031,-4.6062,-10.7904,0.649570
-523.2648,-4.6105,-10.8755,0.649679
-523.7260,-4.6147,-10.9607,0.649791
-524.1872,-4.6190,-11.0460,0.649901
-524.6479,-4.6232,-11.1316,0.650010
-525.1081,-4.6275,-11.2171,0.650118
-525.5676,-4.6317,-11.3025,0.650228
-526.0266,-4.6359,-11.3878,0.650339
-526.5264,-4.6406,-11.4806,0.650456
-526.9839,-4.6448,-11.5655,0.650567
-527.4408,-4.6490,-11.6504,0.650675
-527.8970,-4.6532,-11.7353,0.650784
-528.3526,-4.6574,-11.8201,0.650892
-528.8076,-4.6616,-11.9048,0.651001
-529.2618,-4.6658,-11.9895,0.651109
-529.7156,-4.6699,-12.0742,0.651217
-530.1685,-4.6741,-12.1589,0.651325
-530.6207,-4.6783,-12.2436,0.651432
-531.1132,-4.6828,-12.3360,0.651550
-531.5639,-4.6870,-12.4207,0.651658
-532.0138,-4.6911,-12.5053,0.651764
-532.4630,-4.6953,-12.5899,0.651870
-532.9114,-4.6994,-12.6745,0.651976
-533.3591,-4.7035,-12.7590,0.652083
-533.8061,-4.7076,-12.8435,0.652190
-534.2524,-4.7117,-12.9279,0.652297
-534.7384,-4.7162,-13.0201,0.652414
-535.1830,-4.7203,-13.1047,0.652520
-535.6263,-4.7244,-13.1894,0.652625
-536.0682,-4.7284,-13.2741,0.652731
-536.5087,-4.7325,-13.3589,0.652835
-536.9479,-4.7365,-13.4437,0.652941
-537.3857,-4.7405,-13.5284,0.653046
-537.8221,-4.7446,-13.6128,0.653152
-538.2572,-4.7485,-13.6968,0.653255
-538.7303,-4.7529,-13.7879,0.653367
-539.1625,-4.7568,-13.8708,0.653471
-539.5933,-4.7608,-13.9533,0.653575
-540.0228,-4.7647,-14.0353,0.653676
-540.4510,-4.7686,-14.1168,0.653779
-540.8781,-4.7725,-14.1977,0.653881
-541.3039,-4.7764,-14.2781,0.653982
-541.7285,-4.7803,-14.3580,0.654084
-542.1518,-4.7842,-14.4374,0.654184
-542.6123,-4.7884,-14.5236,0.654296
-543.0331,-4.7922,-14.6021,0.654394
-543.4529,-4.7960,-14.6803,0.654496
-543.8715,-4.7998,-14.7581,0.654594
-544.2889,-4.8036,-14.8354,0.654694
-544.7051,-4.8074,-14.9124,0.654794
-545.1202,-4.8112,-14.9889,0.654894
-545.5341,-4.8149,-15.0651,0.654991
-545.9469,-4.8187,-15.1408,0.655090
-546.3961,-4.8228,-15.2232,0.655199
-546.8066,-4.8265,-15.2986,0.655296
-547.2160,-4.8302,-15.3740,0.655394
-547.6244,-4.8339,-15.4493,0.655490
-548.0317,-4.8376,-15.5247,0.655587
-548.4378,-4.8412,-15.5999,0.655685
-548.8429,-4.8449,-15.6751,0.655781
-549.2468,-4.8485,-15.7503,0.655876
-549.6496,-4.8522,-15.8256,0.655973
-550.0878,-4.8562,-15.9076,0.656077
-550.4883,-4.8598,-15.9827,0.656173
-550.8876,-4.8634,-16.0577,0.656266
-551.2858,-4.8670,-16.1326,0.656362
-551.6830,-4.8706,-16.2072,0.656456
-552.0792,-4.8741,-16.2817,0.656551
-552.4756,-4.8777,-16.3560,0.656647
-552.8726,-4.8813,-16.4303,0.656740
-553.2703,-4.8849,-16.5046,0.656835
-553.7053,-4.8888,-16.5855,0.656938
-554.1056,-4.8924,-16.6599,0.657034
-554.5074,-4.8960,-16.7345,0.657132
-554.9111,-4.8997,-16.8095,0.657226
-555.3162,-4.9033,-16.8849,0.657323
-555.7231,-4.9070,-16.9608,0.657423
-556.1317,-4.9107,-17.0373,0.657517
-556.5419,-4.9144,-17.1142,0.657616
-556.9913,-4.9184,-17.1986,0.657724
-557.4050,-4.9222,-17.2764,0.657820
-557.8203,-4.9259,-17.3546,0.657921
-558.2372,-4.9297,-17.4332,0.658022
-558.6558,-4.9335,-17.5124,0.658120
-559.0760,-4.9372,-17.5921,0.658221
-559.4978,-4.9411,-17.6724,0.658318
-559.9213,-4.9449,-17.7532,0.658420
-560.3463,-4.9487,-17.8346,0.658523
-560.7728,-4.9526,-17.9164,0.658624
-561.2397,-4.9568,-18.0059,0.658736
-561.6688,-4.9607,-18.0880,0.658839
-562.0988,-4.9646,-18.1702,0.658941
-562.5300,-4.9685,-18.2523,0.659044
-562.9622,-4.9724,-18.3344,0.659147
-563.3955,-4.9763,-18.4165,0.659250
-563.8300,-4.9802,-18.4987,0.659354
-564.2656,-4.9842,-18.5810,0.659458
-564.7022,-4.9881,-18.6634,0.659563
-565.1799,-4.9925,-18.7534,0.659677
-565.6189,-4.9965,-18.8361,0.659782
-566.0591,-5.0005,-18.9191,0.659883
-566.5004,-5.0045,-19.0022,0.659991
-566.9426,-5.0085,-19.0854,0.660098
-567.3861,-5.0125,-19.1689,0.660203
-567.8306,-5.0165,-19.2525,0.660308
-568.2762,-5.0206,-19.3362,0.660415
-568.7230,-5.0247,-19.4200,0.660521
-569.2115,-5.0291,-19.5117,0.660639
-569.6605,-5.0332,-19.5958,0.660744
-570.1106,-5.0373,-19.6801,0.660853
-570.5618,-5.0415,-19.7645,0.660960
-571.0140,-5.0456,-19.8491,0.661069
-571.4673,-5.0497,-19.9338,0.661177
-571.9217,-5.0539,-20.0187,0.661284
-572.3771,-5.0582,-20.1039,0.661393
-572.8336,-5.0625,-20.1892,0.661502
-573.3326,-5.0672,-20.2826,0.661621
-573.7905,-5.0715,-20.3683,0.661732
-574.2490,-5.0759,-20.4542,0.661840
-574.7077,-5.0802,-20.5401,0.661949
-575.1669,-5.0846,-20.6261,0.662058
-575.6263,-5.0889,-20.7123,0.662168
-576.0861,-5.0933,-20.7986,0.662278
-576.5461,-5.0978,-20.8850,0.662388
-577.0065,-5.1023,-20.9714,0.662496
-577.5090,-5.1073,-21.0654,0.662615
-577.9701,-5.1118,-21.1515,0.662727
-578.4313,-5.1164,-21.2375,0.662836
-578.8932,-5.1209,-21.3234,0.662947
-579.3551,-5.1255,-21.4095,0.663054
-579.8176,-5.1300,-21.4956,0.663167
-580.2801,-5.1346,-21.5818,0.663275
-580.7432,-5.1392,-21.6681,0.663388
-581.2065,-5.1438,-21.7544,0.663498
-581.7125,-5.1489,-21.8487,0.663620
-582.1765,-5.1535,-21.9353,0.663728
-582.6412,-5.1581,-22.0221,0.663839
-583.1064,-5.1628,-22.1091,0.663952
-583.5724,-5.1674,-22.1963,0.664063
-584.0391,-5.1721,-22.2836,0.664172
-584.5063,-5.1767,-22.3709,0.664284
-584.9742,-5.1813,-22.4584,0.664395
-585.4427,-5.1859,-22.5459,0.664508
-585.9546,-5.1910,-22.6415,0.664631
-586.4244,-5.1956,-22.7291,0.664742
-586.8950,-5.2002,-22.8169,0.664852
-587.3661,-5.2048,-22.9048,0.664968
-587.8380,-5.2094,-22.9930,0.665080
-588.3105,-5.2141,-23.0815,0.665191
-588.7838,-5.2187,-23.1705,0.665305
-589.2576,-5.2231,-23.2597,0.665417
-589.7321,-5.2275,-23.3493,0.665530
-590.2504,-5.2324,-23.4473,0.665658
-590.7260,-5.2369,-23.5373,0.665767
-591.2021,-5.2413,-23.6273,0.665881
-591.6786,-5.2458,-23.7175,0.665992
-592.1548,-5.2503,-23.8075,0.666110
-592.6310,-5.2547,-23.8975,0.666222
-593.1072,-5.2589,-23.9876,0.666335
-593.5832,-5.2631,-24.0775,0.666448
-594.0592,-5.2672,-24.1673,0.666561
-594.5782,-5.2717,-24.2651,0.666685
-595.0536,-5.2758,-24.3546,0.666800
-595.5289,-5.2799,-24.4441,0.666912
-596.0042,-5.2840,-24.5335,0.667026
-596.4794,-5.2881,-24.6228,0.667138
-596.9546,-5.2923,-24.7122,0.667254
-597.4299,-5.2959,-24.8015,0.667367
-597.9045,-5.2996,-24.8908,0.667479
-598.3792,-5.3032,-24.9800,0.667593
-598.8970,-5.3072,-25.0772,0.667714
-599.3716,-5.3108,-25.1663,0.667826
-599.8460,-5.3144,-25.2553,0.667940
-600.3201,-5.3181,-25.3443,0.668055
-600.7941,-5.3217,-25.4334,0.668165
-601.2681,-5.3253,-25.5225,0.668277
-601.7421,-5.3289,-25.6116,0.668393
-602.2161,-5.3324,-25.7006,0.668504
-602.6899,-5.3359,-25.7896,0.668619
-603.2071,-5.3397,-25.8869,0.668743
-603.6811,-5.3433,-25.9761,0.668857
-604.1549,-5.3468,-26.0653,0.668970
-604.6280,-5.3503,-26.1547,0.669081
-605.1003,-5.3538,-26.2442,0.669194
-605.5718,-5.3574,-26.3337,0.669307
-606.0427,-5.3610,-26.4232,0.669419
-606.5128,-5.3646,-26.5126,0.669532
-606.9822,-5.3682,-26.6020,0.669644
-607.4934,-5.3721,-26.6992,0.669766
-607.9612,-5.3757,-26.7881,0.669879
-608.4283,-5.3793,-26.8767,0.669991
-608.8947,-5.3829,-26.9651,0.670102
-609.3604,-5.3865,-27.0533,0.670213
-609.8254,-5.3901,-27.1413,0.670324
-610.2898,-5.3935,-27.2292,0.670434
-610.7534,-5.3968,-27.3170,0.670544
-611.2164,-5.4002,-27.4047,0.670655
-611.7206,-5.4039,-27.5001,0.670775
-612.1823,-5.4073,-27.5875,0.670885
-612.6432,-5.4107,-27.6749,0.670995
-613.1035,-5.4140,-27.7623,0.671107
-613.5630,-5.4174,-27.8500,0.671216
-614.0223,-5.4207,-27.9378,0.671323
-614.4806,-5.4236,-28.0258,0.671433
-614.9382,-5.4265,-28.1138,0.671545
-615.3951,-5.4294,-28.2017,0.671650
-615.8928,-5.4325,-28.2976,0.671772
-616.3483,-5.4354,-28.3856,0.671881
-616.8030,-5.4382,-28.4735,0.671988
-617.2571,-5.4411,-28.5613,0.672097
-617.7104,-5.4439,-28.6492,0.672205
-618.1628,-5.4468,-28.7370,0.672312
-618.6150,-5.4490,-28.8248,0.672422
-619.0659,-5.4511,-28.9121,0.672529
-619.5159,-5.4532,-28.9992,0.672637
-620.0060,-5.4555,-29.0940,0.672752
-620.4546,-5.4575,-29.1807,0.672861
-620.9023,-5.4596,-29.2673,0.672968
-621.3492,-5.4617,-29.3537,0.673074
-621.7955,-5.4637,-29.4401,0.673182
-622.2410,-5.4658,-29.5262,0.673291
-622.6864,-5.4675,-29.6123,0.673394
-623.1305,-5.4685,-29.6981,0.673502
-623.5737,-5.4696,-29.7835,0.673605
-624.0562,-5.4707,-29.8763,0.673719
-624.4979,-5.4717,-29.9611,0.673825
-624.9388,-5.4727,-30.0456,0.673934
-625.3790,-5.4737,-30.1298,0.674038
-625.8184,-5.4747,-30.2139,0.674145
-626.2573,-5.4758,-30.2978,0.674245
-626.6954,-5.4768,-30.3816,0.674353
-627.1337,-5.4769,-30.4655,0.674459
-627.6102,-5.4766,-30.5567,0.674569
-628.0461,-5.4763,-30.6401,0.674675
-628.4813,-5.4760,-30.7234,0.674780
-628.9158,-5.4757,-30.8066,0.674883
-629.3497,-5.4754,-30.8897,0.674987
-629.7829,-5.4752,-30.9728,0.675090
-630.2153,-5.4749,-31.0558,0.675192
-630.6470,-5.4746,-31.1387,0.675294
-631.0780,-5.4743,-31.2214,0.675398
-631.5482,-5.4726,-31.3115,0.675510
-631.9776,-5.4708,-31.3936,0.675614
-632.4062,-5.4691,-31.4755,0.675716
-632.8341,-5.4674,-31.5573,0.675821
-633.2614,-5.4657,-31.6390,0.675922
-633.6879,-5.4640,-31.7207,0.676023
-634.1138,-5.4622,-31.8021,0.676129
-634.5389,-5.4605,-31.8832,0.676227
-634.9633,-5.4588,-31.9641,0.676326
-635.4255,-5.4570,-32.0520,0.676436
-635.8492,-5.4541,-32.1324,0.676538
-636.2715,-5.4512,-32.2123,0.676640
-636.6929,-5.4483,-32.2918,0.676739
-637.1136,-5.4454,-32.3709,0.676842
-637.5338,-5.4425,-32.4497,0.676941
-637.9531,-5.4396,-32.5280,0.677040
-638.3718,-5.4367,-32.6060,0.677143
-638.7898,-5.4338,-32.6837,0.677239
-639.2072,-5.4309,-32.7610,0.677339
-639.6617,-5.4278,-32.8449,0.677450
-640.0783,-5.4243,-32.9213,0.677548
-640.4936,-5.4205,-32.9968,0.677646
-640.9081,-5.4167,-33.0716,0.677746
-641.3220,-5.4129,-33.1457,0.677845
-641.7352,-5.4091,-33.2192,0.677945
-642.1479,-5.4054,-33.2922,0.678042
-642.5601,-5.4016,-33.3650,0.678140
-643.0090,-5.3975,-33.4441,0.678248
-643.4199,-5.3938,-33.5165,0.678346
-643.8303,-5.3900,-33.5887,0.678443
-644.2404,-5.3862,-33.6610,0.678541
-644.6495,-5.3818,-33.7332,0.678640
-645.0580,-5.3774,-33.8054,0.678734
-645.4659,-5.3730,-33.8774,0.678831
-645.8731,-5.3686,-33.9493,0.678930
-646.2797,-5.3642,-34.0211,0.679025
-646.7225,-5.3595,-34.0994,0.679129
-647.1278,-5.3551,-34.1711,0.679229
-647.5325,-5.3507,-34.2429,0.679326
-647.9364,-5.3464,-34.3147,0.679421
-648.3397,-5.3421,-34.3865,0.679517
-648.7426,-5.3375,-34.4583,0.679613
-649.1446,-5.3328,-34.5299,0.679711
-649.5459,-5.3281,-34.6011,0.679803
-649.9465,-5.3233,-34.6721,0.679898
-650.3828,-5.3182,-34.7495,0.680005
-650.7820,-5.3135,-34.8204,0.680101
-651.1808,-5.3088,-34.8913,0.680194
-651.5794,-5.3041,-34.9624,0.680288
-651.9775,-5.2994,-35.0336,0.680384
-652.3756,-5.2947,-35.1049,0.680478
-652.7731,-5.2900,-35.1763,0.680574
-653.1708,-5.2852,-35.2480,0.680668
-653.5677,-5.2803,-35.3199,0.680760
-654.0006,-5.2750,-35.3986,0.680866
-654.3969,-5.2701,-35.4709,0.680960
-654.7931,-5.2652,-35.5434,0.681053
-655.1887,-5.2604,-35.6159,0.681149
-655.5842,-5.2555,-35.6886,0.681241
-655.9791,-5.2507,-35.7613,0.681338
-656.3740,-5.2458,-35.8341,0.681433
-656.7683,-5.2410,-35.9069,0.681526
-657.1624,-5.2361,-35.9794,0.681619
-657.5919,-5.2309,-36.0582,0.681723
-657.9854,-5.2261,-36.1302,0.681820
-658.3785,-5.2214,-36.2023,0.681911
-658.7713,-5.2166,-36.2746,0.682005
-659.1640,-5.2118,-36.3471,0.682101
-659.5562,-5.2071,-36.4197,0.682193
-659.9484,-5.2023,-36.4923,0.682288
-660.3406,-5.1975,-36.5649,0.682379
-660.7331,-5.1928,-36.6373,0.682476
-661.1616,-5.1876,-36.7163,0.682577
-661.5544,-5.1828,-36.7887,0.682669
-661.9471,-5.1778,-36.8611,0.682766
-662.3400,-5.1729,-36.9335,0.682859
-662.7334,-5.1679,-37.0057,0.682953
-663.1268,-5.1630,-37.0775,0.683046
-663.5201,-5.1580,-37.1491,0.683141
-663.9138,-5.1531,-37.2207,0.683234
-664.3079,-5.1481,-37.2926,0.683329
-664.7380,-5.1427,-37.3717,0.683432
-665.1328,-5.1378,-37.4447,0.683527
-665.5282,-5.1328,-37.5180,0.683620
-665.9247,-5.1275,-37.5917,0.683715
-666.3217,-5.1221,-37.6655,0.683809
-666.7192,-5.1166,-37.7396,0.683904
-667.1169,-5.1112,-37.8139,0.684001
-667.5148,-5.1057,-37.8884,0.684095
-667.9130,-5.1002,-37.9631,0.684189
-668.3476,-5.0943,-38.0448,0.684294
-668.7460,-5.0888,-38.1200,0.684390
-669.1445,-5.0833,-38.1956,0.684484
-669.5431,-5.0778,-38.2717,0.684580
-669.9421,-5.0722,-38.3482,0.684675
-670.3409,-5.0664,-38.4250,0.684772
-670.7399,-5.0606,-38.5021,0.684865
-671.1390,-5.0547,-38.5794,0.684964
-671.5381,-5.0489,-38.6567,0.685059
-671.9735,-5.0426,-38.7410,0.685161
-672.3724,-5.0367,-38.8180,0.685257
-672.7714,-5.0309,-38.8948,0.685357
-673.1706,-5.0251,-38.9714,0.685451
-673.5700,-5.0193,-39.0478,0.685545
-673.9695,-5.0134,-39.1241,0.685640
-674.3690,-5.0073,-39.2003,0.685735
-674.7684,-5.0013,-39.2763,0.685829
-675.1680,-4.9953,-39.3521,0.685929
-675.6042,-4.9887,-39.4345,0.686034
-676.0042,-4.9826,-39.5098,0.686129
-676.4041,-4.9766,-39.5848,0.686223
-676.8042,-4.9706,-39.6598,0.686319
-677.2045,-4.9645,-39.7347,0.686413
-677.6051,-4.9585,-39.8096,0.686513
-678.0059,-4.9524,-39.8846,0.686606
-678.4067,-4.9463,-39.9596,0.686701
-678.8075,-4.9402,-40.0345,0.686795
-679.2449,-4.9335,-40.1160,0.686903
-679.6461,-4.9274,-40.1906,0.686997
-680.0475,-4.9213,-40.2653,0.687094
-680.4490,-4.9152,-40.3398,0.687192
-680.8505,-4.9090,-40.4145,0.687285
-681.2520,-4.9029,-40.4892,0.687380
-681.6536,-4.8968,-40.5641,0.687478
-682.0555,-4.8907,-40.6390,0.687573
-682.4577,-4.8846,-40.7140,0.687672
-682.8599,-4.8786,-40.7890,0.687765
-683.2986,-4.8719,-40.8709,0.687872
-683.7008,-4.8659,-40.9461,0.687967
-684.1030,-4.8598,-41.0213,0.688063
-684.5054,-4.8538,-41.0965,0.688160
-684.9081,-4.8477,-41.1717,0.688256
-685.3109,-4.8416,-41.2470,0.688353
-685.7137,-4.8356,-41.3222,0.688448
-686.1164,-4.8295,-41.3974,0.688546
-686.5559,-4.8232,-41.4795,0.688650
-686.9587,-4.8173,-41.5549,0.688746
-687.3619,-4.8114,-41.6304,0.688842
-687.7653,-4.8056,-41.7060,0.688938
-688.1688,-4.7997,-41.7817,0.689037
-688.5723,-4.7939,-41.8575,0.689134
-688.9760,-4.7880,-41.9334,0.689226
-689.3796,-4.7821,-42.0094,0.689323
-689.7832,-4.7763,-42.0854,0.689421
-690.2234,-4.7699,-42.1684,0.689528
-690.6273,-4.7642,-42.2446,0.689624
-691.0314,-4.7585,-42.3209,0.689720
-691.4355,-4.7528,-42.3973,0.689817
-691.8397,-4.7472,-42.4737,0.689910
-692.2441,-4.7415,-42.5502,0.690009
-692.6483,-4.7358,-42.6268,0.690108
-693.0526,-4.7301,-42.7035,0.690203
-693.4570,-4.7244,-42.7803,0.690300
-693.8983,-4.7182,-42.8641,0.690403
-694.3030,-4.7125,-42.9409,0.690502
-694.7079,-4.7069,-43.0175,0.690598
-695.1127,-4.7012,-43.0941,0.690694
-695.5176,-4.6956,-43.1707,0.690792
-695.9224,-4.6900,-43.2474,0.690888
-696.3273,-4.6843,-43.3242,0.690985
-696.7322,-4.6787,-43.4010,0.691080
-697.1375,-4.6731,-43.4779,0.691179
-697.5799,-4.6669,-43.5620,0.691284
-697.9854,-4.6613,-43.6390,0.691380
-698.3910,-4.6556,-43.7162,0.691478
-698.7966,-4.6500,-43.7935,0.691574
-699.2022,-4.6444,-43.8708,0.691673
-699.6078,-4.6387,-43.9482,0.691771
-700.0137,-4.6331,-44.0257,0.691867
-700.4197,-4.6275,-44.1035,0.691964
-700.8259,-4.6219,-44.1814,0.692062
-701.2690,-4.6157,-44.2668,0.692165
-701.6753,-4.6101,-44.3453,0.692263
-702.0817,-4.6045,-44.4240,0.692359
-702.4880,-4.5989,-44.5028,0.692458
-702.8944,-4.5932,-44.5815,0.692550
-703.3007,-4.5876,-44.6602,0.692650
-703.7071,-4.5820,-44.7388,0.692748
-704.1136,-4.5764,-44.8175,0.692844
-704.5201,-4.5708,-44.8962,0.692942
-704.9640,-4.5646,-44.9822,0.693046
-705.3708,-4.5590,-45.0610,0.693146
-705.7777,-4.5534,-45.1397,0.693241
-706.1846,-4.5477,-45.2184,0.693342
-706.5915,-4.5421,-45.2972,0.693439
-706.9985,-4.5365,-45.3761,0.693534
-707.4055,-4.5309,-45.4551,0.693632
-707.8126,-4.5252,-45.5342,0.693730
-708.2201,-4.5196,-45.6134,0.693824
-708.6647,-4.5134,-45.6998,0.693932
-709.0722,-4.5078,-45.7789,0.694029
-709.4797,-4.5021,-45.8579,0.694130
-709.8873,-4.4965,-45.9369,0.694224
-710.2948,-4.4909,-46.0158,0.694321
-710.7023,-4.4852,-46.0946,0.694417
-711.1101,-4.4796,-46.1733,0.694517
-711.5181,-4.4739,-46.2520,0.694613
-711.9263,-4.4682,-46.3306,0.694710
-712.3717,-4.4620,-46.4161,0.694817
-712.7805,-4.4563,-46.4943,0.694919
-713.1893,-4.4507,-46.5724,0.695013
-713.5987,-4.4450,-46.6503,0.695111
-714.0082,-4.4393,-46.7283,0.695210
-714.4183,-4.4336,-46.8063,0.695307
-714.8286,-4.4279,-46.8845,0.695404
-715.2393,-4.4221,-46.9627,0.695501
-715.6501,-4.4164,-47.0410,0.695602
-716.0988,-4.4101,-47.1263,0.695709
-716.5104,-4.4043,-47.2045,0.695806
-716.9222,-4.3986,-47.2826,0.695900
-717.3345,-4.3928,-47.3608,0.696002
-717.7469,-4.3870,-47.4390,0.696101
-718.1598,-4.3812,-47.5170,0.696200
-718.5728,-4.3754,-47.5951,0.696299
-718.9863,-4.3696,-47.6731,0.696397
-719.3998,-4.3638,-47.7511,0.696495
-719.8516,-4.3574,-47.8363,0.696606
-720.2659,-4.3516,-47.9146,0.696704
-720.6805,-4.3457,-47.9929,0.696805
-721.0955,-4.3398,-48.0713,0.696902
-721.5104,-4.3339,-48.1498,0.697001
-721.9260,-4.3280,-48.2284,0.697100
-722.3417,-4.3221,-48.3069,0.697198
-722.7578,-4.3161,-48.3855,0.697299
-723.1740,-4.3102,-48.4641,0.697397
-723.6285,-4.3038,-48.5499,0.697504
-724.0455,-4.2978,-48.6286,0.697604
-724.4625,-4.2919,-48.7076,0.697702
-724.8801,-4.2859,-48.7867,0.697805
-725.2979,-4.2799,-48.8659,0.697903
-725.7160,-4.2739,-48.9454,0.698007
-726.1343,-4.2679,-49.0251,0.698104
-726.5528,-4.2618,-49.1048,0.698204
-726.9717,-4.2558,-49.1845,0.698305
-727.4288,-4.2493,-49.2715,0.698414
-727.8481,-4.2432,-49.3513,0.698514
-728.2678,-4.2372,-49.4312,0.698615
-728.6875,-4.2311,-49.5112,0.698714
-729.1076,-4.2251,-49.5913,0.698811
-729.5279,-4.2190,-49.6714,0.698913
-729.9484,-4.2129,-49.7516,0.699013
-730.3693,-4.2069,-49.8320,0.699114
-730.7905,-4.2008,-49.9125,0.699217
-731.2502,-4.1941,-50.0006,0.699326
-731.6719,-4.1880,-50.0815,0.699425
-732.0938,-4.1820,-50.1627,0.699525
-732.5160,-4.1758,-50.2440,0.699628
-732.9383,-4.1697,-50.3252,0.699727
-733.3608,-4.1636,-50.4063,0.699829
-733.7836,-4.1575,-50.4873,0.699931
-734.2066,-4.1514,-50.5682,0.700031
-734.6297,-4.1453,-50.6491,0.700131
-735.0918,-4.1386,-50.7374,0.700243
-735.5154,-4.1325,-50.8184,0.700347
-735.9396,-4.1264,-50.8992,0.700446
-736.3639,-4.1202,-50.9800,0.700547
-736.7883,-4.1141,-51.0608,0.700648
-737.2132,-4.1080,-51.1417,0.700749
-737.6382,-4.1019,-51.2227,0.700851
-738.0634,-4.0958,-51.3037,0.700951
-738.5278,-4.0891,-51.3922,0.701061
-738.9534,-4.0830,-51.4733,0.701164
-739.3796,-4.0768,-51.5542,0.701269
-739.8059,-4.0707,-51.6351,0.701368
-740.2323,-4.0646,-51.7158,0.701470
-740.6591,-4.0585,-51.7963,0.701571
-741.0861,-4.0524,-51.8768,0.701675
-741.5134,-4.0463,-51.9573,0.701778
-741.9410,-4.0402,-52.0377,0.701880
-742.3687,-4.0341,-52.1180,0.701983
-742.8359,-4.0274,-52.2055,0.702093
-743.2641,-4.0213,-52.2856,0.702195
-743.6926,-4.0152,-52.3657,0.702297
-744.1216,-4.0091,-52.4457,0.702402
-744.5505,-4.0030,-52.5256,0.702502
-744.9799,-3.9969,-52.6054,0.702606
-745.4095,-3.9909,-52.6851,0.702709
-745.8394,-3.9849,-52.7647,0.702810
-746.3088,-3.9782,-52.8515,0.702925
-746.7391,-3.9722,-52.9310,0.703027
-747.1697,-3.9661,-53.0104,0.703131
-747.6007,-3.9601,-53.0900,0.703233
-748.0317,-3.9540,-53.1697,0.703334
-748.4633,-3.9479,-53.2494,0.703438
-748.8950,-3.9419,-53.3291,0.703540
-749.3267,-3.9359,-53.4087,0.703643
-749.7590,-3.9300,-53.4882,0.703747
-750.2307,-3.9234,-53.5748,0.703863
-750.6631,-3.9175,-53.6541,0.703964
-751.0962,-3.9115,-53.7334,0.704066
-751.5292,-3.9055,-53.8127,0.704172
-751.9626,-3.8995,-53.8923,0.704273
-752.3964,-3.8935,-53.9720,0.704376
-752.8301,-3.8875,-54.0521,0.704480
-753.2642,-3.8816,-54.1324,0.704582
-753.6987,-3.8756,-54.2129,0.704687
-754.1728,-3.8692,-54.3010,0.704799
-754.6077,-3.8633,-54.3819,0.704905
-755.0427,-3.8573,-54.4630,0.705009
-755.4779,-3.8514,-54.5441,0.705110
-755.9132,-3.8455,-54.6254,0.705214
-756.3489,-3.8395,-54.7068,0.705318
-756.7846,-3.8336,-54.7882,0.705423
-757.2206,-3.8276,-54.8699,0.705525
-757.6567,-3.8217,-54.9518,0.705632
-758.0931,-3.8158,-55.0339,0.705736
-758.5695,-3.8094,-55.1237,0.705848
-759.0062,-3.8035,-55.2062,0.705953
-759.4433,-3.7976,-55.2887,0.706059
-759.8804,-3.7917,-55.3712,0.706165
-760.3176,-3.7858,-55.4535,0.706270
-760.7550,-3.7798,-55.5358,0.706371
-761.1927,-3.7739,-55.6181,0.706478
-761.6305,-3.7680,-55.7003,0.706581
-762.1083,-3.7616,-55.7899,0.706697
-762.5467,-3.7557,-55.8720,0.706797
-762.9851,-3.7497,-55.9540,0.706905
-763.4238,-3.7438,-56.0357,0.707010
-763.8628,-3.7379,-56.1173,0.707113
-764.3018,-3.7320,-56.1988,0.707218
-764.7411,-3.7261,-56.2802,0.707324
-765.1807,-3.7202,-56.3614,0.707431
-765.6204,-3.7142,-56.4426,0.707533
-766.1005,-3.7078,-56.5310,0.707648
-766.5408,-3.7018,-56.6119,0.707753
-766.9813,-3.6959,-56.6928,0.707856
-767.4220,-3.6899,-56.7737,0.707964
-767.8631,-3.6839,-56.8547,0.708072
-768.3042,-3.6780,-56.9358,0.708175
-768.7456,-3.6720,-57.0168,0.708279
-769.1874,-3.6661,-57.0977,0.708384
-769.6292,-3.6601,-57.1787,0.708489
-770.1114,-3.6536,-57.2670,0.708607
-770.5538,-3.6476,-57.3480,0.708713
-770.9962,-3.6415,-57.4290,0.708820
-771.4388,-3.6355,-57.5100,0.708922
-771.8819,-3.6295,-57.5910,0.709028
-772.3250,-3.6234,-57.6720,0.709133
-772.7682,-3.6174,-57.7531,0.709240
-773.2117,-3.6113,-57.8344,0.709345
-773.6555,-3.6053,-57.9158,0.709453
-774.1398,-3.5987,-58.0050,0.709568
-774.5840,-3.5926,-58.0869,0.709674
-775.0285,-3.5865,-58.1691,0.709779
-775.4730,-3.5803,-58.2512,0.709885
-775.9177,-3.5742,-58.3334,0.709990
-776.3624,-3.5680,-58.4156,0.710100
-776.8076,-3.5619,-58.4978,0.710206
-777.2527,-3.5557,-58.5800,0.710310
-777.6979,-3.5496,-58.6624,0.710417
-778.1838,-3.5428,-58.7523,0.710534
-778.6296,-3.5367,-58.8349,0.710640
-779.0756,-3.5305,-58.9176,0.710746
-779.5216,-3.5242,-59.0004,0.710851
-779.9679,-3.5179,-59.0835,0.710958
-780.4144,-3.5116,-59.1666,0.711066
-780.8610,-3.5053,-59.2499,0.711172
-781.3077,-3.4990,-59.3334,0.711279
-781.7545,-3.4927,-59.4170,0.711386
-782.2423,-3.4858,-59.5083,0.711503
-782.6896,-3.4795,-59.5921,0.711608
-783.1370,-3.4732,-59.6761,0.711716
-783.5845,-3.4668,-59.7601,0.711824
-784.0322,-3.4604,-59.8443,0.711929
-784.4800,-3.4540,-59.9283,0.712037
-784.9279,-3.4476,-60.0124,0.712144
-785.3759,-3.4412,-60.0965,0.712252
-785.8242,-3.4348,-60.1808,0.712357
-786.3136,-3.4278,-60.2730,0.712477
-786.7626,-3.4214,-60.3579,0.712579
-787.2121,-3.4149,-60.4430,0.712689
-787.6620,-3.4084,-60.5284,0.712797
-788.1123,-3.4019,-60.6140,0.712905
-788.5630,-3.3954,-60.6998,0.713012
-789.0140,-3.3889,-60.7857,0.713117
-789.4653,-3.3824,-60.8718,0.713227
-789.9169,-3.3759,-60.9578,0.713335
-790.4100,-3.3688,-61.0517,0.713451
-790.8624,-3.3623,-61.1378,0.713563
-791.3154,-3.3557,-61.2241,0.713672
-791.7686,-3.3492,-61.3106,0.713778
-792.2216,-3.3426,-61.3971,0.713884
-792.6738,-3.3360,-61.4835,0.713992
-793.1250,-3.3295,-61.5697,0.714098
-793.5748,-3.3230,-61.6557,0.714210
-794.0230,-3.3165,-61.7415,0.714316
-794.5101,-3.3094,-61.8349,0.714430
-794.9551,-3.3030,-61.9203,0.714536
-795.3984,-3.2966,-62.0055,0.714643
-795.8402,-3.2902,-62.0904,0.714751
-796.2805,-3.2838,-62.1750,0.714856
-796.7192,-3.2774,-62.2592,0.714958
-797.1564,-3.2711,-62.3430,0.715065
-797.5920,-3.2648,-62.4264,0.715171
-798.0262,-3.2585,-62.5092,0.715275
-798.4980,-3.2517,-62.5989,0.715385
-798.9290,-3.2454,-62.6806,0.715488
-799.3585,-3.2392,-62.7617,0.715592
-799.7867,-3.2330,-62.8424,0.715690
-800.2134,-3.2269,-62.9227,0.715792
-800.6386,-3.2208,-63.0025,0.715897
-801.0625,-3.2147,-63.0818,0.716000
-801.4850,-3.2086,-63.1607,0.716096
-801.9061,-3.2025,-63.2391,0.716198
-802.3639,-3.1959,-63.3242,0.716304
-802.7822,-3.1899,-63.4019,0.716406
-803.1991,-3.1839,-63.4791,0.716505
-803.6146,-3.1779,-63.5560,0.716606
-804.0287,-3.1720,-63.6325,0.716704
-804.4417,-3.1662,-63.7086,0.716801
-804.8531,-3.1603,-63.7843,0.716902
-805.2634,-3.1545,-63.8596,0.716999
-805.6722,-3.1486,-63.9346,0.717096
-806.1169,-3.1423,-64.0163,0.717204
-806.5232,-3.1365,-64.0913,0.717300
-806.9283,-3.1307,-64.1663,0.717396
-807.3320,-3.1250,-64.2414,0.717490
-807.7344,-3.1193,-64.3163,0.717589
-808.1356,-3.1136,-64.3912,0.717683
-808.5354,-3.1079,-64.4659,0.717779
-808.9339,-3.1023,-64.5404,0.717876
-809.3311,-3.0967,-64.6147,0.717971
-809.7630,-3.0906,-64.6956,0.718074
-810.1575,-3.0850,-64.7696,0.718169
-810.5508,-3.0794,-64.8435,0.718260
-810.9427,-3.0739,-64.9172,0.718352
-811.3335,-3.0683,-64.9908,0.718443
-811.7230,-3.0628,-65.0642,0.718539
-812.1113,-3.0573,-65.1374,0.718635
-812.4983,-3.0518,-65.2106,0.718723
-812.8842,-3.0464,-65.2836,0.718817
-813.3037,-3.0404,-65.3630,0.718915
-813.6870,-3.0350,-65.4357,0.719009
-814.0691,-3.0296,-65.5082,0.719100
-814.4500,-3.0242,-65.5807,0.719189
-814.8297,-3.0188,-65.6529,0.719279
-815.2083,-3.0135,-65.7251,0.719371
-815.5856,-3.0081,-65.7971,0.719458
-815.9619,-3.0028,-65.8690,0.719550
-816.3368,-2.9975,-65.9408,0.719639
-816.7445,-2.9917,-66.0189,0.719739
-817.1171,-2.9865,-66.0904,0.719825
-817.4886,-2.9812,-66.1618,0.719915
-817.8590,-2.9760,-66.2333,0.720005
-818.2283,-2.9708,-66.3048,0.720088
-818.5964,-2.9656,-66.3765,0.720181
-818.9634,-2.9604,-66.4483,0.720266
-819.3293,-2.9552,-66.5200,0.720355
-819.6942,-2.9500,-66.5917,0.720442
-820.0908,-2.9444,-66.6697,0.720533
-820.4531,-2.9393,-66.7409,0.720622
-820.8145,-2.9342,-66.8119,0.720704
-821.1746,-2.9291,-66.8827,0.720795
-821.5338,-2.9241,-66.9533,0.720881
-821.8918,-2.9190,-67.0238,0.720964
-822.2488,-2.9140,-67.0941,0.721051
-822.6047,-2.9090,-67.1642,0.721136
-822.9596,-2.9040,-67.2341,0.721222
-823.3455,-2.8985,-67.3098,0.721313
-823.6982,-2.8936,-67.3789,0.721399
-824.0499,-2.8886,-67.4476,0.721483
-824.4005,-2.8837,-67.5159,0.721567
-824.7501,-2.8787,-67.5839,0.721649
-825.0987,-2.8738,-67.6515,0.721734
-825.4462,-2.8690,-67.7187,0.721816
-825.7928,-2.8641,-67.7854,0.721899
-826.1385,-2.8593,-67.8518,0.721983
-826.5145,-2.8540,-67.9237,0.722073
-826.8581,-2.8492,-67.9894,0.722153
-827.2009,-2.8444,-68.0548,0.722235
-827.5428,-2.8397,-68.1201,0.722319
-827.8838,-2.8349,-68.1854,0.722399
-828.2239,-2.8301,-68.2507,0.722479
-828.5632,-2.8254,-68.3160,0.722561
-828.9016,-2.8206,-68.3812,0.722646
-829.2388,-2.8159,-68.4462,0.722723
-829.6058,-2.8108,-68.5169,0.722812
-829.9410,-2.8062,-68.5814,0.722893
-830.2749,-2.8016,-68.6456,0.722973
-830.6073,-2.7970,-68.7095,0.723052
-830.9383,-2.7924,-68.7730,0.723134
-831.2678,-2.7878,-68.8363,0.723213
-831.5964,-2.7832,-68.8993,0.723289
-831.9241,-2.7787,-68.9621,0.723372
-832.2509,-2.7742,-69.0247,0.723446
-832.6064,-2.7692,-69.0927,0.723533
-832.9315,-2.7647,-69.1548,0.723607
-833.2556,-2.7602,-69.2167,0.723686
-833.5789,-2.7558,-69.2785,0.723765
-833.9015,-2.7514,-69.3403,0.723839
-834.2237,-2.7470,-69.4021,0.723921
-834.5453,-2.7426,-69.4637,0.723995
-834.8666,-2.7382,-69.5253,0.724076
-835.1861,-2.7338,-69.5864,0.724150
-835.5324,-2.7291,-69.6528,0.724231
-835.8484,-2.7247,-69.7133,0.724309
-836.1627,-2.7204,-69.7736,0.724384
-836.4756,-2.7162,-69.8335,0.724457
-836.7870,-2.7119,-69.8931,0.724535
-837.0969,-2.7077,-69.9525,0.724609
-837.4052,-2.7035,-70.0115,0.724682
-837.7122,-2.6994,-70.0703,0.724756
-838.0176,-2.6953,-70.1287,0.724833
-838.3492,-2.6909,-70.1921,0.724908
-838.6517,-2.6868,-70.2497,0.724982
-838.9526,-2.6828,-70.3068,0.725055
-839.2521,-2.6788,-70.3633,0.725129
-839.5502,-2.6748,-70.4192,0.725202
-839.8469,-2.6708,-70.4744,0.725275
-840.1423,-2.6669,-70.5292,0.725342
-840.4364,-2.6629,-70.5836,0.725416
-840.7292,-2.6590,-70.6375,0.725486
-841.0470,-2.6549,-70.6958,0.725562
-841.3372,-2.6511,-70.7489,0.725634
-841.6259,-2.6473,-70.8017,0.725703
-841.9135,-2.6436,-70.8542,0.725771
-842.1999,-2.6398,-70.9064,0.725842
-842.4850,-2.6361,-70.9585,0.725912
-842.7689,-2.6324,-71.0103,0.725981
-843.0516,-2.6287,-71.0618,0.726048
-843.3331,-2.6250,-71.1132,0.726115
-843.6389,-2.6210,-71.1690,0.726191
-843.9178,-2.6174,-71.2200,0.726258
-844.1956,-2.6138,-71.2708,0.726325
-844.4724,-2.6102,-71.3214,0.726391
-844.7479,-2.6066,-71.3717,0.726459
-845.0222,-2.6031,-71.4217,0.726526
-845.2953,-2.5996,-71.4715,0.726591
-845.5668,-2.5961,-71.5210,0.726656
-845.8609,-2.5924,-71.5745,0.726734
-846.1285,-2.5889,-71.6232,0.726796
-846.3939,-2.5855,-71.6714,0.726863
-846.6567,-2.5822,-71.7191,0.726925
-846.9175,-2.5788,-71.7665,0.726989
-847.1759,-2.5755,-71.8134,0.727052
-847.4321,-2.5722,-71.8600,0.727116
-847.6860,-2.5690,-71.9062,0.727175
-847.9376,-2.5658,-71.9520,0.727232
-848.2097,-2.5623,-72.0015,0.727302
-848.4568,-2.5592,-72.0465,0.727364
-848.7020,-2.5561,-72.0911,0.727423
-848.9453,-2.5530,-72.1354,0.727486
-849.1873,-2.5499,-72.1795,0.727541
-849.4282,-2.5469,-72.2235,0.727600
-849.6682,-2.5438,-72.2673,0.727662
-849.9075,-2.5408,-72.3110,0.727717
-850.1459,-2.5378,-72.3545,0.727777
-850.4050,-2.5345,-72.4018,0.727841
-850.6417,-2.5315,-72.4450,0.727901
-850.8774,-2.5285,-72.4881,0.727958
-851.1125,-2.5255,-72.5310,0.728017
-851.3467,-2.5226,-72.5737,0.728073
-851.5800,-2.5196,-72.6164,0.728132
-851.8127,-2.5167,-72.6588,0.728187
-852.0445,-2.5138,-72.7012,0.728244
-852.2755,-2.5109,-72.7434,0.728302
-852.5266,-2.5077,-72.7892,0.728364
-852.7560,-2.5048,-72.8312,0.728424
-852.9847,-2.5019,-72.8729,0.728481
-853.2125,-2.4991,-72.9146,0.728538
-853.4397,-2.4962,-72.9561,0.728592
-853.6661,-2.4933,-72.9974,0.728648
-853.8918,-2.4905,-73.0387,0.728708
-854.1168,-2.4876,-73.0798,0.728767
-854.3409,-2.4848,-73.1209,0.728820
-854.5847,-2.4817,-73.1657,0.728883
-854.8075,-2.4789,-73.2067,0.728940
-855.0295,-2.4761,-73.2478,0.728997
-855.2507,-2.4733,-73.2887,0.729050
-855.4714,-2.4705,-73.3296,0.729104
-855.6913,-2.4677,-73.3704,0.729158
-855.9105,-2.4649,-73.4109,0.729212
-856.1290,-2.4621,-73.4512,0.729266
-856.3469,-2.4594,-73.4913,0.729320
-856.5838,-2.4564,-73.5347,0.729381
-856.8003,-2.4536,-73.5744,0.729434
-857.0160,-2.4508,-73.6137,0.729486
-857.2311,-2.4480,-73.6528,0.729538
-857.4456,-2.4453,-73.6919,0.729593
-857.6591,-2.4425,-73.7307,0.729643
-857.8716,-2.4398,-73.7693,0.729696
-858.0835,-2.4371,-73.8077,0.729745
-858.2946,-2.4344,-73.8460,0.729800
-858.5242,-2.4314,-73.8877,0.729858
-858.7343,-2.4287,-73.9260,0.729909
-858.9437,-2.4261,-73.9643,0.729960
-859.1525,-2.4234,-74.0026,0.730012
-859.3608,-2.4206,-74.0410,0.730060
-859.5683,-2.4178,-74.0790,0.730112
-859.7753,-2.4151,-74.1169,0.730169
-859.9817,-2.4124,-74.1544,0.730220
-860.1876,-2.4097,-74.1918,0.730273
-860.4116,-2.4068,-74.2324,0.730328
-860.6162,-2.4041,-74.2695,0.730381
-860.8203,-2.4015,-74.3063,0.730436
-861.0239,-2.3988,-74.3430,0.730488
-861.2269,-2.3962,-74.3795,0.730543
-861.4297,-2.3934,-74.4162,0.730599
-861.6315,-2.3906,-74.4524,0.730653
-861.8330,-2.3880,-74.4886,0.730705
-862.0342,-2.3853,-74.5247,0.730757
-862.2531,-2.3824,-74.5640,0.730816
-862.4531,-2.3798,-74.6000,0.730870
-862.6525,-2.3772,-74.6357,0.730924
-862.8507,-2.3746,-74.6712,0.730976
-863.0478,-2.3719,-74.7068,0.731027
-863.2425,-2.3691,-74.7416,0.731081
-863.4359,-2.3666,-74.7762,0.731133
-863.6277,-2.3640,-74.8106,0.731184
-863.8180,-2.3614,-74.8446,0.731237
-864.0237,-2.3587,-74.8813,0.731291
-864.2107,-2.3562,-74.9147,0.731338
-864.3961,-2.3537,-74.9477,0.731389
-864.5801,-2.3510,-74.9807,0.731437
-864.7626,-2.3485,-75.0132,0.731486
-864.9435,-2.3461,-75.0454,0.731535
-865.1229,-2.3436,-75.0774,0.731582
-865.3008,-2.3412,-75.1090,0.731632
-865.4772,-2.3388,-75.1403,0.731671
-865.6677,-2.3362,-75.1740,0.731725
-865.8411,-2.3336,-75.2051,0.731773
-866.0135,-2.3312,-75.2359,0.731815
-866.1854,-2.3289,-75.2666,0.731863
-866.3565,-2.3265,-75.2974,0.731907
-866.5270,-2.3242,-75.3282,0.731951
-866.6967,-2.3218,-75.3588,0.731997
-866.8666,-2.3194,-75.3899,0.732042
-867.0344,-2.3168,-75.4203,0.732085
-867.2187,-2.3143,-75.4539,0.732135
-867.3882,-2.3119,-75.4848,0.732179
-867.5582,-2.3096,-75.5158,0.732223
-867.7288,-2.3072,-75.5469,0.732269
-867.8999,-2.3048,-75.5781,0.732313
-868.0717,-2.3024,-75.6095,0.732356
-868.2438,-2.2997,-75.6415,0.732402
-868.4166,-2.2973,-75.6735,0.732445
-868.5898,-2.2949,-75.7058,0.732490
-868.7793,-2.2922,-75.7412,0.732541
-868.9532,-2.2898,-75.7737,0.732585
-869.1268,-2.2874,-75.8060,0.732628
-869.3004,-2.2850,-75.8381,0.732674
-869.4737,-2.2826,-75.8702,0.732719
-869.6469,-2.2798,-75.9028,0.732766
-869.8201,-2.2775,-75.9350,0.732807
-869.9933,-2.2752,-75.9672,0.732855
-870.1659,-2.2729,-75.9994,0.732897
-870.3538,-2.2704,-76.0343,0.732949
-870.5251,-2.2681,-76.0661,0.732993
-870.6954,-2.2658,-76.0975,0.733038
-870.8646,-2.2635,-76.1286,0.733083
-871.0323,-2.2613,-76.1594,0.733130
-871.1995,-2.2588,-76.1905,0.733173
-871.3638,-2.2564,-76.2205,0.733217
-871.5269,-2.2541,-76.2503,0.733259
-871.6883,-2.2519,-76.2798,0.733301
-871.8623,-2.2494,-76.3115,0.733350
-872.0199,-2.2472,-76.3403,0.733394
-872.1755,-2.2451,-76.3687,0.733434
-872.3292,-2.2429,-76.3966,0.733478
-872.4810,-2.2408,-76.4242,0.733516
-872.6310,-2.2387,-76.4515,0.733557
-872.7793,-2.2366,-76.4783,0.733596
-872.9261,-2.2342,-76.5053,0.733636
-873.0713,-2.2321,-76.5315,0.733673
-873.2283,-2.2298,-76.5598,0.733719
-873.3708,-2.2277,-76.5855,0.733755
-873.5125,-2.2256,-76.6109,0.733795
-873.6534,-2.2235,-76.6363,0.733833
-873.7939,-2.2214,-76.6615,0.733870
-873.9341,-2.2194,-76.6866,0.733909
-874.0743,-2.2173,-76.7116,0.733945
-874.2145,-2.2152,-76.7364,0.733983
-874.3547,-2.2132,-76.7612,0.734018
-874.5085,-2.2107,-76.7885,0.734062
-874.6486,-2.2085,-76.8128,0.734097
-874.7892,-2.2063,-76.8371,0.734135
-874.9298,-2.2041,-76.8612,0.734177
-875.0705,-2.2019,-76.8851,0.734215
-875.2108,-2.1997,-76.9087,0.734251
-875.3506,-2.1975,-76.9322,0.734287
-875.4899,-2.1954,-76.9552,0.734324
-875.6286,-2.1932,-76.9779,0.734363
-875.7789,-2.1909,-77.0021,0.734403
-875.9156,-2.1888,-77.0236,0.734441
-876.0520,-2.1866,-77.0451,0.734474
-876.1863,-2.1843,-77.0654,0.734509
-876.3198,-2.1821,-77.0849,0.734543
-876.4520,-2.1799,-77.1035,0.734581
-876.5828,-2.1777,-77.1211,0.734614
-876.7122,-2.1756,-77.1374,0.734647
-876.8403,-2.1736,-77.1522,0.734682
-876.9782,-2.1714,-77.1665,0.734717
-877.1031,-2.1694,-77.1776,0.734749
-877.2267,-2.1676,-77.1866,0.734784
-877.3489,-2.1657,-77.1932,0.734815
-877.4698,-2.1639,-77.1975,0.734846
-877.5898,-2.1621,-77.1997,0.734883
-877.7079,-2.1602,-77.1989,0.734916
-877.8245,-2.1584,-77.1956,0.734947
-877.9398,-2.1566,-77.1899,0.734979
-878.0662,-2.1820,-77.1331,0.735013
-878.1794,-2.1772,-77.1247,0.735046
-878.2911,-2.1719,-77.1130,0.735077
-878.3954,-2.1671,-77.1324,0.735108
-878.5090,-2.1626,-77.1113,0.735140
-878.6182,-2.1595,-77.0953,0.735171
-878.7269,-2.1563,-77.0782,0.735201
-878.8419,-2.1511,-77.0496,0.735233
-878.9465,-2.1347,-77.0121,0.735267
-879.0629,-2.1298,-76.9839,0.735298
-879.1708,-2.1254,-76.9593,0.735330
-879.2795,-2.1211,-76.9353,0.735360
-879.3892,-2.1166,-76.9092,0.735393
-879.4984,-2.1118,-76.8806,0.735426
-879.6072,-2.1070,-76.8515,0.735454
-879.7173,-2.1022,-76.8226,0.735490
-879.8287,-2.0973,-76.7938,0.735521
-879.9405,-2.0924,-76.7649,0.735556
-880.0606,-2.0875,-76.7334,0.735585
-880.1740,-2.0836,-76.7048,0.735624
-880.2885,-2.0798,-76.6767,0.735652
-880.4039,-2.0759,-76.6491,0.735685
-880.5203,-2.0721,-76.6217,0.735720
-880.6378,-2.0682,-76.5942,0.735752
-880.7554,-2.0642,-76.5669,0.735784
-880.8737,-2.0602,-76.5394,0.735822
-880.9926,-2.0561,-76.5116,0.735853
-881.1203,-2.0521,-76.4816,0.735890
-881.2404,-2.0493,-76.4544,0.735923
-881.3610,-2.0464,-76.4269,0.735956
-881.4824,-2.0435,-76.3989,0.735990
-881.6050,-2.0405,-76.3710,0.736027
-881.7272,-2.0373,-76.3421,0.736057
-881.8500,-2.0342,-76.3129,0.736093
-881.9735,-2.0310,-76.2836,0.736125
-882.1083,-2.0275,-76.2506,0.736164
-882.2321,-2.0242,-76.2198,0.736199
-882.3540,-2.0216,-76.1890,0.736234
-882.4775,-2.0191,-76.1574,0.736271
-882.6011,-2.0165,-76.1249,0.736301
-882.7240,-2.0138,-76.0922,0.736336
-882.8464,-2.0111,-76.0590,0.736373
-882.9681,-2.0083,-76.0255,0.736406
-883.0891,-2.0055,-75.9917,0.736439
-883.2092,-2.0027,-75.9574,0.736472
-883.3394,-1.9996,-75.9196,0.736511
-883.4564,-1.9968,-75.8849,0.736541
-883.5740,-1.9945,-75.8497,0.736576
-883.6912,-1.9921,-75.8139,0.736607
-883.8074,-1.9896,-75.7780,0.736639
-883.9233,-1.9872,-75.7418,0.736674
-884.0391,-1.9847,-75.7055,0.736707
-884.1547,-1.9822,-75.6690,0.736737
-884.2707,-1.9797,-75.6322,0.736771
-884.3973,-1.9769,-75.5918,0.736804
-884.5135,-1.9743,-75.5544,0.736834
-884.6290,-1.9718,-75.5170,0.736869
-884.7462,-1.9696,-75.4785,0.736900
-884.8632,-1.9673,-75.4398,0.736936
-884.9802,-1.9649,-75.4006,0.736969
-885.0970,-1.9625,-75.3609,0.736999
-885.2133,-1.9601,-75.3206,0.737034
-885.3295,-1.9576,-75.2798,0.737064
-885.4503,-1.9583,-75.2177,0.737103
-885.5654,-1.9568,-75.1751,0.737136
-885.6784,-1.9549,-75.1305,0.737166
-885.7925,-1.9534,-75.0845,0.737201
-885.9071,-1.9519,-75.0381,0.737236
-886.0219,-1.9502,-74.9904,0.737266
-886.1362,-1.9481,-74.9412,0.737301
-886.2509,-1.9459,-74.8910,0.737335
-886.3759,-1.9433,-74.8354,0.737371
-886.4911,-1.9409,-74.7844,0.737403
-886.6057,-1.9383,-74.7317,0.737440
-886.7205,-1.9353,-74.6773,0.737474
-886.8360,-1.9323,-74.6228,0.737512
-886.9587,-1.9340,-74.5843,0.737544
-887.0745,-1.9311,-74.5284,0.737579
-887.1923,-1.9294,-74.4770,0.737611
-887.3090,-1.9268,-74.4196,0.737651
-887.4258,-1.9241,-74.3619,0.737683
-887.5535,-1.9209,-74.2981,0.737720
-887.6703,-1.9178,-74.2385,0.737754
-887.7867,-1.9152,-74.1817,0.737790
-887.9039,-1.9129,-74.1205,0.737826
-888.0211,-1.9105,-74.0584,0.737859
-888.1243,-1.9021,-73.9717,0.737897
-888.2397,-1.8993,-73.9065,0.737932
-888.3543,-1.8964,-73.8415,0.737965
-888.4789,-1.8930,-73.7697,0.738004
-888.5898,-1.8899,-73.7040,0.738036
-888.7016,-1.8874,-73.6365,0.738074
-888.8124,-1.8846,-73.5684,0.738107
-888.9221,-1.8815,-73.4995,0.738137
-889.0309,-1.8782,-73.4302,0.738175
-889.1387,-1.8747,-73.3605,0.738207
-889.2456,-1.8711,-73.2904,0.738242
-889.3516,-1.8672,-73.2201,0.738274
-889.4549,-1.8636,-73.1504,0.738308
-889.5682,-1.8601,-73.0726,0.738345
-889.6709,-1.8567,-73.0012,0.738377
-889.7728,-1.8533,-72.9292,0.738408
-889.8741,-1.8497,-72.8570,0.738442
-889.9749,-1.8460,-72.7846,0.738473
-890.0755,-1.8423,-72.7116,0.738509
-890.1763,-1.8385,-72.6379,0.738539
-890.2908,-1.8404,-72.5827,0.738572
-890.3872,-1.8314,-72.4836,0.738612
-890.4884,-1.8283,-72.4072,0.738641
-890.5892,-1.8251,-72.3303,0.738672
-890.6908,-1.8221,-72.2533,0.738707
-890.7925,-1.8190,-72.1751,0.738737
-890.8939,-1.8157,-72.0958,0.738772
-891.0109,-1.8185,-72.0360,0.738806
-891.1130,-1.8156,-71.9557,0.738840
-891.2142,-1.8128,-71.8744,0.738873
-891.3248,-1.8101,-71.7845,0.738911
-891.4258,-1.8076,-71.7011,0.738942
-891.5263,-1.8052,-71.6164,0.738978
-891.6265,-1.8028,-71.5305,0.739010
-891.7264,-1.8005,-71.4436,0.739046
-891.8255,-1.7982,-71.3555,0.739083
-891.9269,-1.7967,-71.2715,0.739117
-892.0265,-1.7948,-71.1804,0.739155
-892.1248,-1.7929,-71.0891,0.739184
-892.2314,-1.7909,-70.9882,0.739224
-892.3289,-1.7891,-70.8945,0.739260
-892.4258,-1.7873,-70.7999,0.739293
-892.5225,-1.7856,-70.7041,0.739327
-892.6167,-1.7839,-70.6067,0.739362
-892.7119,-1.7828,-70.5091,0.739398
-892.8059,-1.7817,-70.4111,0.739435
-892.8989,-1.7805,-70.3124,0.739468
-892.9905,-1.7793,-70.2133,0.739504
-893.0894,-1.7782,-70.1059,0.739540
-893.1777,-1.7776,-70.0070,0.739576
-893.2655,-1.7771,-69.9070,0.739612
-893.3519,-1.7765,-69.8068,0.739646
-893.4370,-1.7758,-69.7061,0.739678
-893.5213,-1.7751,-69.6049,0.739714
-893.6048,-1.7742,-69.5032,0.739747
-893.6882,-1.7737,-69.4021,0.739779
-893.7709,-1.7732,-69.2984,0.739815
-893.8604,-1.7724,-69.1841,0.739853
-893.9420,-1.7715,-69.0782,0.739888
-894.0235,-1.7705,-68.9715,0.739922
-894.1046,-1.7694,-68.8639,0.739959
-894.1837,-1.7680,-68.7549,0.739992
-894.2638,-1.7668,-68.6452,0.740028
-894.3433,-1.7655,-68.5345,0.740062
-894.3992,-1.7582,-68.4072,0.740096
-894.4765,-1.7564,-68.2938,0.740132
-894.5604,-1.7543,-68.1695,0.740172
-894.6607,-1.7579,-68.0705,0.740206
-894.7122,-1.7500,-67.9395,0.740241
-894.7867,-1.7478,-67.8216,0.740278
-894.8605,-1.7452,-67.7032,0.740315
-894.9339,-1.7424,-67.5839,0.740350
-895.0063,-1.7392,-67.4632,0.740387
-895.0778,-1.7357,-67.3417,0.740420
-895.1476,-1.7321,-67.2206,0.740459
-895.2231,-1.7283,-67.0867,0.740498
-895.2911,-1.7246,-66.9635,0.740539
-895.3580,-1.7205,-66.8400,0.740571
-895.4464,-1.7222,-66.7285,0.740608
-895.5124,-1.7182,-66.6046,0.740641
-895.5767,-1.7139,-66.4795,0.740681
-895.6406,-1.7095,-66.3547,0.740717
-895.7042,-1.7051,-66.2296,0.740752
-895.7671,-1.7006,-66.1034,0.740787
-895.8349,-1.6956,-65.9647,0.740828
-895.8962,-1.6909,-65.8369,0.740865
-895.9555,-1.6857,-65.7063,0.740896
-896.0154,-1.6803,-65.5775,0.740937
-896.0748,-1.6748,-65.4484,0.740973
-896.1335,-1.6694,-65.3192,0.741009
-896.1913,-1.6640,-65.1899,0.741045
-896.2487,-1.6588,-65.0610,0.741079
-896.3044,-1.6537,-64.9317,0.741115
-896.3391,-1.6424,-64.7811,0.741158
-896.3911,-1.6376,-64.6515,0.741191
-896.4426,-1.6329,-64.5224,0.741227
-896.4930,-1.6282,-64.3933,0.741263
-896.5413,-1.6237,-64.2660,0.741298
-896.5884,-1.6197,-64.1370,0.741331
-896.6345,-1.6157,-64.0086,0.741370
-896.6791,-1.6116,-63.8803,0.741402
-896.7221,-1.6074,-63.7525,0.741435
-896.7675,-1.6028,-63.6135,0.741474
-896.8068,-1.5988,-63.4884,0.741511
-896.8454,-1.5953,-63.3619,0.741542
-896.8823,-1.5917,-63.2358,0.741576
-896.9178,-1.5880,-63.1103,0.741610
-896.9520,-1.5843,-62.9853,0.741641
-896.9849,-1.5804,-62.8605,0.741677
-897.0170,-1.5765,-62.7354,0.741711
-897.0477,-1.5733,-62.6115,0.741741
-897.0806,-1.5698,-62.4733,0.741778
-897.1094,-1.5663,-62.3458,0.741812
-897.1374,-1.5628,-62.2178,0.741841
-897.1645,-1.5592,-62.0893,0.741877
-897.1908,-1.5555,-61.9602,0.741912
-897.2158,-1.5522,-61.8325,0.741950
-897.2401,-1.5492,-61.7019,0.741981
-897.2635,-1.5461,-61.5708,0.742014
-897.2858,-1.5428,-61.4391,0.742050
-897.3089,-1.5390,-61.2948,0.742083
-897.3290,-1.5354,-61.1619,0.742119
-897.3474,-1.5324,-61.0307,0.742156
-897.3657,-1.5297,-60.8971,0.742190
-897.4031,-1.5321,-60.7662,0.742225
-897.4200,-1.5293,-60.6320,0.742258
-897.4359,-1.5265,-60.4971,0.742292
-897.4507,-1.5242,-60.3640,0.742326
-897.4654,-1.5225,-60.2282,0.742364
-897.4804,-1.5204,-60.0792,0.742399
-897.4928,-1.5184,-59.9420,0.742435
-897.5065,-1.5168,-59.8054,0.742471
-897.5165,-1.5155,-59.6690,0.742505
-897.5255,-1.5143,-59.5315,0.742541
-897.5332,-1.5130,-59.3942,0.742575
-897.5397,-1.5116,-59.2572,0.742610
-897.5396,-1.5088,-59.1189,0.742646
-897.5435,-1.5075,-58.9861,0.742680
-897.5469,-1.5065,-58.8382,0.742720
-897.5489,-1.5056,-58.7029,0.742754
-897.5494,-1.5044,-58.5683,0.742788
-897.5532,-1.5045,-58.4353,0.742824
-897.5517,-1.5038,-58.3020,0.742859
-897.5493,-1.5031,-58.1691,0.742891
-897.5460,-1.5023,-58.0369,0.742929
-897.5416,-1.5014,-57.9054,0.742958
-897.5374,-1.5008,-57.7752,0.742993
-897.5302,-1.4999,-57.6337,0.743028
-897.5229,-1.4992,-57.5042,0.743063
-897.5146,-1.4983,-57.3751,0.743094
-897.5057,-1.4974,-57.2461,0.743128
-897.4944,-1.4960,-57.1164,0.743161
-897.4843,-1.4947,-56.9863,0.743195
-897.4737,-1.4937,-56.8569,0.743229
-897.4621,-1.4927,-56.7265,0.743262
-897.4486,-1.4914,-56.5951,0.743294
-897.4319,-1.4894,-56.4506,0.743333
-897.4184,-1.4877,-56.3178,0.743367
-897.4041,-1.4861,-56.1858,0.743405
-897.3887,-1.4847,-56.0530,0.743438
-897.3721,-1.4831,-55.9205,0.743468
-897.3627,-1.4829,-55.7889,0.743504
-897.3450,-1.4820,-55.6571,0.743536
-897.3250,-1.4808,-55.5245,0.743573
-897.3045,-1.4789,-55.3930,0.743603
-897.2817,-1.4768,-55.2488,0.743645
-897.2598,-1.4747,-55.1163,0.743679
-897.2369,-1.4725,-54.9834,0.743713
-897.2130,-1.4702,-54.8502,0.743746
-897.1883,-1.4684,-54.7184,0.743783
-897.1616,-1.4664,-54.5851,0.743816
-897.1338,-1.4644,-54.4509,0.743854
-897.1058,-1.4622,-54.3162,0.743886
-897.0708,-1.4590,-54.1805,0.743924
-897.0377,-1.4552,-54.0328,0.743963
-897.0070,-1.4529,-53.9006,0.743999
-896.9747,-1.4508,-53.7656,0.744030
-896.9413,-1.4486,-53.6307,0.744070
-896.9067,-1.4462,-53.4964,0.744104
-896.8720,-1.4438,-53.3629,0.744139
-896.8297,-1.4396,-53.2311,0.744173
-896.7913,-1.4361,-53.1003,0.744210
-896.7532,-1.4338,-52.9725,0.744242
-896.7101,-1.4312,-52.8311,0.744284
-896.6694,-1.4286,-52.7028,0.744316
-896.6276,-1.4260,-52.5755,0.744350
-896.5853,-1.4232,-52.4493,0.744385
-896.5529,-1.4227,-52.3216,0.744416
-896.5091,-1.4206,-52.1957,0.744454
-896.4639,-1.4183,-52.0687,0.744485
-896.4178,-1.4157,-51.9424,0.744518
-896.3710,-1.4131,-51.8160,0.744553
-896.3190,-1.4102,-51.6784,0.744586
-896.2695,-1.4076,-51.5524,0.744618
-896.2184,-1.4049,-51.4258,0.744655
-896.1661,-1.4022,-51.2988,0.744687
-896.1138,-1.3995,-51.1712,0.744720
-896.0604,-1.3972,-51.0443,0.744755
-896.0055,-1.3948,-50.9169,0.744791
-895.9495,-1.3925,-50.7895,0.744822
-895.8921,-1.3903,-50.6621,0.744861
-895.8280,-1.3878,-50.5229,0.744899
-895.7687,-1.3857,-50.3954,0.744933
-895.7079,-1.3835,-50.2685,0.744963
-895.6464,-1.3816,-50.1433,0.744999
-895.5836,-1.3798,-50.0186,0.745032
-895.5201,-1.3781,-49.8942,0.745066
-895.4560,-1.3765,-49.7704,0.745094
-895.3909,-1.3749,-49.6474,0.745132
-895.3192,-1.3733,-49.5137,0.745168
-895.2557,-1.3724,-49.3906,0.745203
-895.1883,-1.3713,-49.2677,0.745238
-895.1201,-1.3702,-49.1449,0.745273
-895.0260,-1.3633,-49.0380,0.745310
-894.9551,-1.3629,-48.9158,0.745345
-894.8837,-1.3626,-48.7933,0.745377
-894.8111,-1.3622,-48.6709,0.745410
-894.7373,-1.3616,-48.5490,0.745444
-894.6644,-1.3615,-48.4303,0.745481
-894.5823,-1.3622,-48.2990,0.745517
-894.5065,-1.3629,-48.1793,0.745558
-894.4298,-1.3633,-48.0604,0.745590
-894.3523,-1.3635,-47.9426,0.745628
-894.2741,-1.3636,-47.8256,0.745668
-894.1955,-1.3635,-47.7091,0.745696
-894.1162,-1.3633,-47.5933,0.745734
-894.0366,-1.3628,-47.4780,0.745770
-893.9504,-1.3629,-47.3545,0.745808
-893.8701,-1.3633,-47.2403,0.745847
-893.8023,-1.3520,-47.1155,0.745878
-893.7219,-1.3504,-47.0014,0.745916
-893.6422,-1.3488,-46.8875,0.745952
-893.5623,-1.3472,-46.7739,0.745986
-893.4813,-1.3455,-46.6605,0.746022
-893.4012,-1.3438,-46.5474,0.746057
-893.3213,-1.3421,-46.4343,0.746089
-893.2346,-1.3404,-46.3107,0.746134
-893.1558,-1.3390,-46.1981,0.746170
-893.0767,-1.3380,-46.0847,0.746206
-892.9977,-1.3369,-45.9717,0.746238
-892.9186,-1.3357,-45.8593,0.746278
-892.8395,-1.3346,-45.7471,0.746305
-892.7606,-1.3334,-45.6353,0.746336
-892.6817,-1.3322,-45.5239,0.746371
-892.6028,-1.3311,-45.4125,0.746417
-892.5173,-1.3299,-45.2905,0.746453
-892.4391,-1.3287,-45.1789,0.746486
-892.3607,-1.3276,-45.0680,0.746517
-892.2827,-1.3265,-44.9572,0.746550
-892.2052,-1.3256,-44.8470,0.746585
-892.1277,-1.3248,-44.7363,0.746625
-892.0504,-1.3240,-44.6260,0.746654
-891.9732,-1.3232,-44.5159,0.746692
-891.8964,-1.3225,-44.4064,0.746721
-891.8134,-1.3216,-44.2870,0.746756
-891.7372,-1.3209,-44.1778,0.746794
-891.6606,-1.3200,-44.0696,0.746829
-891.5843,-1.3192,-43.9615,0.746862
-891.5085,-1.3184,-43.8538,0.746893
-891.4327,-1.3176,-43.7468,0.746923
-891.3574,-1.3168,-43.6401,0.746962
-891.2825,-1.3160,-43.5337,0.746990
-891.2078,-1.3153,-43.4281,0.747025
-891.1266,-1.3146,-43.3133,0.747054
-891.0521,-1.3140,-43.2086,0.747094
-890.9778,-1.3133,-43.1046,0.747118
-890.9039,-1.3126,-43.0009,0.747154
-890.8304,-1.3120,-42.8972,0.747182
-890.7570,-1.3114,-42.7936,0.747217
-890.6838,-1.3107,-42.6901,0.747248
-890.6110,-1.3101,-42.5867,0.747274
-890.5383,-1.3095,-42.4837,0.747303
-890.4591,-1.3089,-42.3715,0.747341
-890.3865,-1.3083,-42.2687,0.747373
-890.3140,-1.3077,-42.1659,0.747398
-890.2415,-1.3071,-42.0630,0.747432
-890.1689,-1.3065,-41.9600,0.747460
-890.0964,-1.3060,-41.8568,0.747490
-890.0239,-1.3055,-41.7534,0.747517
-889.9515,-1.3050,-41.6500,0.747552
-889.8792,-1.3045,-41.5464,0.747581
-889.8004,-1.3040,-41.4331,0.747619
-889.7282,-1.3035,-41.3287,0.747646
-889.6561,-1.3031,-41.2241,0.747678
-889.5836,-1.3026,-41.1191,0.747712
-889.5107,-1.3022,-41.0136,0.747745
-889.4377,-1.3018,-40.9076,0.747769
-889.3643,-1.3013,-40.8010,0.747798
-889.2908,-1.3009,-40.6936,0.747826
-889.2170,-1.3005,-40.5856,0.747863
-889.1365,-1.3002,-40.4669,0.747896
-889.0625,-1.2998,-40.3573,0.747926
-888.9884,-1.2995,-40.2472,0.747954
-888.9332,-1.3008,-40.1200,0.747992
-888.8591,-1.2991,-40.0083,0.748022
-888.7843,-1.2974,-39.8964,0.748050
-888.7089,-1.2958,-39.7847,0.748084
-888.6330,-1.2941,-39.6730,0.748125
-888.5561,-1.2924,-39.5615,0.748154
-888.4764,-1.2902,-39.4356,0.748196
-888.3981,-1.2882,-39.3239,0.748222
-888.3190,-1.2862,-39.2121,0.748254
-888.2393,-1.2843,-39.1002,0.748292
-888.1591,-1.2823,-38.9881,0.748329
-888.0783,-1.2803,-38.8757,0.748362
-887.9968,-1.2785,-38.7635,0.748390
-887.9149,-1.2767,-38.6506,0.748433
-887.8324,-1.2748,-38.5376,0.748467
-887.7413,-1.2728,-38.4144,0.748506
-887.6572,-1.2709,-38.3016,0.748546
-887.5723,-1.2691,-38.1886,0.748592
-887.4866,-1.2673,-38.0753,0.748617
-887.4006,-1.2654,-37.9620,0.748654
-887.3140,-1.2636,-37.8488,0.748694
-887.2265,-1.2618,-37.7355,0.748744
-887.1385,-1.2599,-37.6219,0.748775
-887.0497,-1.2581,-37.5083,0.748812
-886.9519,-1.2562,-37.3847,0.748856
-886.8610,-1.2547,-37.2719,0.748902
-886.7694,-1.2530,-37.1589,0.748941
-886.6770,-1.2513,-37.0458,0.748974
-886.5839,-1.2496,-36.9327,0.749015
-886.4902,-1.2479,-36.8196,0.749062
-886.3956,-1.2462,-36.7067,0.749099
-886.2997,-1.2445,-36.5935,0.749140
-886.2028,-1.2428,-36.4786,0.749191
-886.0974,-1.2409,-36.3525,0.749240
-886.0004,-1.2392,-36.2365,0.749272
-885.9034,-1.2374,-36.1208,0.749318
-885.8066,-1.2357,-36.0051,0.749360
-885.7104,-1.2340,-35.8882,0.749404
-885.6139,-1.2325,-35.7728,0.749449
-885.5150,-1.2309,-35.6566,0.749504
-885.4143,-1.2291,-35.5391,0.749539
-885.3138,-1.2274,-35.4204,0.749593
-885.2037,-1.2255,-35.2902,0.749629
-885.1019,-1.2237,-35.1708,0.749680
-884.9999,-1.2220,-35.0513,0.749729
-884.8975,-1.2202,-34.9314,0.749776
-884.7943,-1.2184,-34.8115,0.749824
-884.6903,-1.2167,-34.6915,0.749867
-884.5856,-1.2150,-34.5715,0.749908
-884.4803,-1.2132,-34.4513,0.749957
-884.3743,-1.2115,-34.3309,0.750005
-884.2581,-1.2099,-34.1997,0.750057
-884.1507,-1.2081,-34.0778,0.750110
-884.0433,-1.2063,-33.9556,0.750152
-883.9356,-1.2045,-33.8329,0.750204
-883.8275,-1.2027,-33.7097,0.750244
-883.7190,-1.2009,-33.5859,0.750292
-883.6101,-1.1990,-33.4617,0.750338
-883.5006,-1.1972,-33.3371,0.750383
-883.3907,-1.1953,-33.2122,0.750439
-883.2702,-1.1933,-33.0756,0.750483
-883.1593,-1.1914,-32.9500,0.750525
-883.0479,-1.1896,-32.8239,0.750578
-882.9362,-1.1880,-32.6980,0.750619
-882.8235,-1.1861,-32.5703,0.750681
-882.7108,-1.1842,-32.4427,0.750717
-882.5978,-1.1822,-32.3145,0.750765
-882.4844,-1.1802,-32.1860,0.750820
-882.3707,-1.1782,-32.0569,0.750865
-882.2462,-1.1760,-31.9156,0.750920
-882.1317,-1.1740,-31.7855,0.750971
-882.0168,-1.1719,-31.6548,0.751015
-881.9017,-1.1699,-31.5236,0.751067
-881.7861,-1.1679,-31.3919,0.751116
-881.6702,-1.1659,-31.2606,0.751163
-881.5534,-1.1641,-31.1278,0.751210
-881.4370,-1.1619,-30.9956,0.751261
-881.3206,-1.1597,-30.8633,0.751311
-881.1935,-1.1573,-30.7192,0.751360
-881.0770,-1.1551,-30.5873,0.751405
-880.9604,-1.1529,-30.4554,0.751455
-880.8439,-1.1507,-30.3233,0.751510
-880.7272,-1.1485,-30.1911,0.751554
-880.6107,-1.1462,-30.0589,0.751607
-880.4943,-1.1440,-29.9267,0.751647
-880.3776,-1.1418,-29.7947,0.751700
-880.2610,-1.1400,-29.6633,0.751732
-880.1332,-1.1374,-29.5186,0.751790
-880.0164,-1.1350,-29.3868,0.751836
-879.8995,-1.1325,-29.2550,0.751885
-879.7827,-1.1301,-29.1234,0.751929
-879.6657,-1.1277,-28.9919,0.751974
-879.5486,-1.1253,-28.8604,0.752022
-879.4315,-1.1229,-28.7288,0.752066
-879.3143,-1.1205,-28.5974,0.752107
-879.1971,-1.1181,-28.4660,0.752147
-879.0694,-1.1157,-28.3235,0.752194
-878.9515,-1.1133,-28.1917,0.752243
-878.8340,-1.1108,-28.0606,0.752288
-878.7164,-1.1082,-27.9295,0.752329
-878.5989,-1.1057,-27.7984,0.752373
-878.4814,-1.1031,-27.6673,0.752414
-878.3639,-1.1006,-27.5361,0.752461
-878.2464,-1.0980,-27.4048,0.752507
-878.1288,-1.0955,-27.2734,0.752553
-878.0006,-1.0927,-27.1299,0.752594
-877.8832,-1.0903,-26.9991,0.752644
-877.7651,-1.0879,-26.8673,0.752679
-877.6473,-1.0852,-26.7364,0.752725
-877.5295,-1.0825,-26.6057,0.752773
-877.4116,-1.0799,-26.4754,0.752813
-877.2934,-1.0772,-26.3452,0.752862
-877.1750,-1.0746,-26.2151,0.752905
-877.0565,-1.0719,-26.0850,0.752946
-876.9270,-1.0690,-25.9433,0.752994
-876.8082,-1.0664,-25.8137,0.753044
-876.6895,-1.0639,-25.6848,0.753083
-876.5699,-1.0614,-25.5550,0.753131
-876.4506,-1.0587,-25.4259,0.753173
-876.3313,-1.0559,-25.2969,0.753219
-876.2120,-1.0532,-25.1680,0.753262
-876.0927,-1.0505,-25.0392,0.753310
-875.9731,-1.0478,-24.9105,0.753356
-875.8423,-1.0449,-24.7701,0.753404
-875.7224,-1.0421,-24.6414,0.753447
-875.6023,-1.0394,-24.5128,0.753495
-875.4824,-1.0369,-24.3849,0.753547
-875.3621,-1.0343,-24.2558,0.753576
-875.2423,-1.0315,-24.1268,0.753624
-875.1226,-1.0288,-23.9976,0.753663
-875.0031,-1.0260,-23.8682,0.753714
-874.8835,-1.0232,-23.7384,0.753763
-874.7532,-1.0202,-23.5967,0.753812
-874.6337,-1.0174,-23.4667,0.753851
-874.5142,-1.0147,-23.3368,0.753896
-874.3947,-1.0119,-23.2070,0.753934
-874.2753,-1.0092,-23.0777,0.753978
-874.1554,-1.0066,-22.9475,0.754030
-874.0358,-1.0039,-22.8179,0.754065
-873.9163,-1.0011,-22.6883,0.754117
-873.7966,-0.9984,-22.5589,0.754161
-873.6661,-0.9954,-22.4177,0.754204
-873.5465,-0.9926,-22.2884,0.754250
-873.4268,-0.9899,-22.1590,0.754290
-873.3069,-0.9871,-22.0297,0.754334
-873.1871,-0.9844,-21.9005,0.754381
-873.0673,-0.9816,-21.7714,0.754425
-872.9475,-0.9791,-21.6430,0.754468
-872.8271,-0.9764,-21.5139,0.754517
-872.7069,-0.9737,-21.3850,0.754561
-872.5758,-0.9707,-21.2446,0.754610
-872.4556,-0.9680,-21.1159,0.754657
-872.3353,-0.9653,-20.9872,0.754698
-872.2151,-0.9626,-20.8586,0.754741
-872.0947,-0.9599,-20.7300,0.754786
-871.9744,-0.9572,-20.6014,0.754834
-871.8539,-0.9545,-20.4728,0.754877
-871.7335,-0.9518,-20.3443,0.754923
-871.6131,-0.9491,-20.2158,0.754966
-871.4809,-0.9461,-20.0754,0.755021
-871.3604,-0.9429,-19.9470,0.755062
-871.2398,-0.9397,-19.8187,0.755111
-871.1192,-0.9365,-19.6905,0.755159
-870.9987,-0.9334,-19.5624,0.755196
-870.8781,-0.9302,-19.4343,0.755242
-870.7573,-0.9270,-19.3062,0.755290
-870.6364,-0.9238,-19.1782,0.755337
-870.5043,-0.9203,-19.0388,0.755390
-870.3831,-0.9172,-18.9116,0.755430
-870.2613,-0.9143,-18.7855,0.755479
-870.1393,-0.9112,-18.6597,0.755519
-870.0169,-0.9081,-18.5345,0.755573
-869.8939,-0.9049,-18.4100,0.755613
-869.7706,-0.9018,-18.2863,0.755663
-869.6467,-0.8987,-18.1634,0.755704
-869.5222,-0.8956,-18.0414,0.755751
-869.3970,-0.8926,-17.9199,0.755798
-869.2599,-0.8892,-17.7883,0.755849
-869.1337,-0.8861,-17.6683,0.755898
-869.0071,-0.8831,-17.5488,0.755945
-868.8798,-0.8804,-17.4302,0.755991
-868.7523,-0.8773,-17.3114,0.756032
-868.6247,-0.8743,-17.1928,0.756084
-868.4969,-0.8713,-17.0740,0.756128
-868.3689,-0.8683,-16.9552,0.756172
-868.2410,-0.8653,-16.8363,0.756218
-868.1013,-0.8620,-16.7067,0.756263
-867.9728,-0.8590,-16.5882,0.756321
-867.8442,-0.8559,-16.4700,0.756362
-867.7152,-0.8529,-16.3523,0.756410
-867.5858,-0.8499,-16.2352,0.756455
-867.4562,-0.8471,-16.1194,0.756501
-867.3257,-0.8443,-16.0031,0.756548
-867.1950,-0.8414,-15.8877,0.756596
-867.0640,-0.8385,-15.7729,0.756642
-866.9205,-0.8353,-15.6484,0.756692
-866.7886,-0.8324,-15.5349,0.756734
-866.6563,-0.8295,-15.4219,0.756789
-866.5234,-0.8266,-15.3095,0.756822
-866.3903,-0.8237,-15.1976,0.756870
-866.2567,-0.8208,-15.0862,0.756914
-866.1226,-0.8179,-14.9752,0.756962
-865.9884,-0.8150,-14.8647,0.757004
-865.8416,-0.8119,-14.7454,0.757056
-865.7066,-0.8093,-14.6360,0.757100
-865.5707,-0.8065,-14.5269,0.757146
-865.4348,-0.8037,-14.4185,0.757186
-865.2986,-0.8009,-14.3105,0.757233
-865.1620,-0.7981,-14.2030,0.757272
-865.0251,-0.7953,-14.0960,0.757316
-864.8877,-0.7925,-13.9894,0.757364
-864.7501,-0.7897,-13.8833,0.757404
-864.5994,-0.7866,-13.7680,0.757457
-864.4611,-0.7838,-13.6627,0.757496
-864.3223,-0.7810,-13.5579,0.757547
-864.1834,-0.7782,-13.4533,0.757586
-864.0441,-0.7754,-13.3490,0.757631
-863.9048,-0.7729,-13.2453,0.757674
-863.7646,-0.7702,-13.1412,0.757717
-863.6246,-0.7675,-13.0376,0.757762
-863.4842,-0.7648,-12.9342,0.757808
-863.3309,-0.7618,-12.8215,0.757853
-863.1902,-0.7591,-12.7185,0.757898
-863.0492,-0.7564,-12.6158,0.757944
-862.9081,-0.7536,-12.5132,0.757988
-862.7665,-0.7509,-12.4108,0.758031
-862.6250,-0.7482,-12.3086,0.758073
-862.4833,-0.7455,-12.2065,0.758122
-862.3412,-0.7427,-12.1049,0.758163
-862.1990,-0.7400,-12.0035,0.758207
-862.0439,-0.7371,-11.8937,0.758254
-861.9010,-0.7346,-11.7931,0.758301
-861.7579,-0.7320,-11.6927,0.758345
-861.6147,-0.7293,-11.5927,0.758387
-861.4713,-0.7267,-11.4930,0.758430
-861.3277,-0.7240,-11.3937,0.758478
-861.1837,-0.7214,-11.2949,0.758523
-861.0395,-0.7187,-11.1966,0.758566
-860.8950,-0.7161,-11.0990,0.758609
-860.7369,-0.7132,-10.9932,0.758662
-860.5919,-0.7106,-10.8967,0.758707
-860.4463,-0.7079,-10.8006,0.758749
-860.3007,-0.7053,-10.7048,0.758794
-860.1547,-0.7027,-10.6094,0.758836
-860.0085,-0.7000,-10.5144,0.758881
-859.8622,-0.6975,-10.4202,0.758926
-859.7153,-0.6950,-10.3260,0.758973
-859.5680,-0.6923,-10.2320,0.759016
-859.4072,-0.6892,-10.1303,0.759065
-859.2598,-0.6864,-10.0374,0.759106
-859.1121,-0.6836,-9.9449,0.759156
-858.9639,-0.6808,-9.8528,0.759200
-858.8157,-0.6780,-9.7608,0.759241
-858.6674,-0.6752,-9.6688,0.759283
-858.5189,-0.6724,-9.5766,0.759330
-858.3704,-0.6696,-9.4842,0.759375
-858.2217,-0.6668,-9.3917,0.759417
-858.0596,-0.6638,-9.2908,0.759464
-857.9109,-0.6609,-9.1986,0.759512
-857.7621,-0.6581,-9.1068,0.759551
-857.6132,-0.6555,-9.0157,0.759596
-857.4636,-0.6529,-8.9243,0.759644
-857.3141,-0.6502,-8.8335,0.759687
-857.1643,-0.6475,-8.7432,0.759731
-857.0143,-0.6447,-8.6534,0.759773
-856.8640,-0.6420,-8.5644,0.759815
-856.6997,-0.6390,-8.4680,0.759863
-856.5489,-0.6363,-8.3804,0.759905
-856.3976,-0.6336,-8.2935,0.759946
-856.2463,-0.6309,-8.2072,0.759993
-856.0945,-0.6282,-8.1215,0.760035
-855.9425,-0.6255,-8.0363,0.760077
-855.7903,-0.6227,-7.9516,0.760122
-855.6378,-0.6200,-7.8676,0.760164
-855.4849,-0.6173,-7.7840,0.760209
-855.3180,-0.6144,-7.6939,0.760255
-855.1647,-0.6119,-7.6114,0.760298
-855.0107,-0.6093,-7.5291,0.760339
-854.8568,-0.6066,-7.4473,0.760386
-854.7029,-0.6040,-7.3657,0.760429
-854.5486,-0.6013,-7.2843,0.760472
-854.3942,-0.5986,-7.2032,0.760518
-854.2396,-0.5960,-7.1221,0.760561
-854.0850,-0.5933,-7.0414,0.760599
-853.9158,-0.5904,-6.9539,0.760651
-853.7607,-0.5877,-6.8741,0.760689
-853.6053,-0.5851,-6.7947,0.760731
-853.4496,-0.5824,-6.7156,0.760777
-853.2938,-0.5797,-6.6368,0.760821
-853.1381,-0.5770,-6.5580,0.760860
-852.9819,-0.5744,-6.4794,0.760907
-852.8256,-0.5717,-6.4008,0.760942
-852.6693,-0.5692,-6.3230,0.760990
-852.4985,-0.5664,-6.2380,0.761033
-852.3418,-0.5638,-6.1609,0.761080
-852.1848,-0.5611,-6.0843,0.761120
-852.0278,-0.5585,-6.0084,0.761166
-851.8705,-0.5559,-5.9331,0.761207
-851.7129,-0.5532,-5.8581,0.761247
-851.5552,-0.5506,-5.7835,0.761292
-851.3975,-0.5480,-5.7093,0.761334
-851.2393,-0.5453,-5.6355,0.761375
-851.0666,-0.5425,-5.5552,0.761424
-850.9082,-0.5398,-5.4821,0.761461
-850.7495,-0.5372,-5.4096,0.761509
-850.5905,-0.5346,-5.3375,0.761550
-850.4313,-0.5320,-5.2659,0.761591
-850.2715,-0.5293,-5.1949,0.761634
-850.1112,-0.5267,-5.1245,0.761677
-849.9507,-0.5242,-5.0550,0.761718
-849.7894,-0.5217,-4.9857,0.761768
-849.6131,-0.5188,-4.9107,0.761807
-849.4509,-0.5162,-4.8425,0.761854
-849.2884,-0.5135,-4.7749,0.761897
-849.1254,-0.5109,-4.7077,0.761943
-848.9619,-0.5082,-4.6410,0.761987
-848.7981,-0.5056,-4.5749,0.762029
-848.6337,-0.5029,-4.5093,0.762070
-848.4690,-0.5003,-4.4444,0.762115
-848.3039,-0.4976,-4.3800,0.762158
-848.1389,-0.4950,-4.3165,0.762204
-847.9589,-0.4921,-4.2481,0.762255
-847.7938,-0.4895,-4.1862,0.762296
-847.6289,-0.4869,-4.1249,0.762342
-847.4640,-0.4842,-4.0642,0.762386
-847.2993,-0.4816,-4.0043,0.762428
-847.1345,-0.4791,-3.9445,0.762472
-846.9697,-0.4766,-3.8848,0.762516
-846.8051,-0.4740,-3.8255,0.762558
-846.6257,-0.4711,-3.7608,0.762603
-846.4611,-0.4685,-3.7020,0.762652
-846.2966,-0.4659,-3.6436,0.762690
-846.1321,-0.4633,-3.5859,0.762734
-845.9676,-0.4607,-3.5288,0.762778
-845.8029,-0.4581,-3.4725,0.762820
-845.6378,-0.4555,-3.4169,0.762864
-845.4726,-0.4529,-3.3618,0.762908
-845.3075,-0.4503,-3.3073,0.762949
-845.1267,-0.4475,-3.2484,0.762995
-844.9610,-0.4449,-3.1949,0.763033
-844.7953,-0.4423,-3.1420,0.763082
-844.6295,-0.4397,-3.0898,0.763124
-844.4636,-0.4372,-3.0386,0.763167
-844.2971,-0.4347,-2.9877,0.763208
-844.1306,-0.4321,-2.9376,0.763251
-843.9637,-0.4295,-2.8882,0.763292
-843.7969,-0.4269,-2.8394,0.763335
-843.6148,-0.4241,-2.7869,0.763381
-843.4476,-0.4215,-2.7394,0.763422
-843.2801,-0.4189,-2.6923,0.763468
-843.1125,-0.4163,-2.6454,0.763508
-842.9449,-0.4137,-2.5986,0.763551
-842.7771,-0.4111,-2.5517,0.763596
-842.6090,-0.4085,-2.5045,0.763640
-842.4408,-0.4059,-2.4568,0.763677
-842.2724,-0.4033,-2.4088,0.763722
-842.0886,-0.4004,-2.3560,0.763767
-841.9201,-0.3978,-2.3073,0.763813
-841.7516,-0.3953,-2.2588,0.763852
-841.5831,-0.3929,-2.2100,0.763895
-841.4142,-0.3905,-2.1613,0.763939
-841.2454,-0.3882,-2.1128,0.763976
-841.0767,-0.3859,-2.0645,0.764021
-840.9078,-0.3835,-2.0163,0.764070
-840.7389,-0.3812,-1.9683,0.764109
-840.5544,-0.3786,-1.9159,0.764154
-840.3853,-0.3763,-1.8681,0.764198
-840.2161,-0.3740,-1.8204,0.764238
-840.0470,-0.3716,-1.7729,0.764282
-839.8778,-0.3693,-1.7256,0.764324
-839.7086,-0.3669,-1.6784,0.764366
-839.5394,-0.3646,-1.6311,0.764407
-839.3701,-0.3623,-1.5838,0.764450
-839.2005,-0.3599,-1.5365,0.764495
-839.0153,-0.3573,-1.4847,0.764538
-838.8444,-0.3549,-1.4370,0.764579
-838.6719,-0.3525,-1.3890,0.764621
-838.4979,-0.3500,-1.3407,0.764665
-838.3221,-0.3476,-1.2920,0.764710
-838.1445,-0.3451,-1.2429,0.764753
-837.9651,-0.3425,-1.1935,0.764797
-837.7841,-0.3400,-1.1437,0.764840
-837.6011,-0.3374,-1.0936,0.764889
-837.3997,-0.3345,-1.0385,0.764938
-837.2131,-0.3319,-0.9877,0.764985
-837.0249,-0.3293,-0.9365,0.765033
-836.8349,-0.3266,-0.8850,0.765080
-836.6432,-0.3239,-0.8332,0.765125
-836.4499,-0.3211,-0.7811,0.765175
-836.2548,-0.3183,-0.7287,0.765220
-836.0581,-0.3155,-0.6760,0.765271
-835.8597,-0.3127,-0.6230,0.765320
-835.6415,-0.3095,-0.5649,0.765376
-835.4398,-0.3067,-0.5115,0.765423
-835.2368,-0.3037,-0.4578,0.765474
-835.0328,-0.3008,-0.4041,0.765525
-834.8276,-0.2979,-0.3502,0.765576
-834.6214,-0.2949,-0.2961,0.765625
-834.4139,-0.2920,-0.2416,0.765679
-834.2054,-0.2890,-0.1867,0.765733
-833.9958,-0.2860,-0.1312,0.765784
-833.7664,-0.2827,-0.0703,0.765836
-833.5552,-0.2797,-0.0140,0.765894
-833.3433,-0.2766,0.0426,0.765947
-833.1306,-0.2736,0.0994,0.765995
-832.9171,-0.2705,0.1564,0.766054
-832.7032,-0.2674,0.2134,0.766106
-832.4891,-0.2643,0.2704,0.766159
-832.2742,-0.2613,0.3274,0.766211
-832.0391,-0.2579,0.3895,0.766268
-831.8231,-0.2548,0.4464,0.766322
-831.6064,-0.2518,0.5031,0.766378
-831.3892,-0.2487,0.5598,0.766430
-831.1714,-0.2456,0.6164,0.766482
-830.9531,-0.2425,0.6731,0.766538
-830.7341,-0.2394,0.7300,0.766588
-830.5145,-0.2363,0.7870,0.766646
-830.2944,-0.2331,0.8443,0.766700
-830.0736,-0.2300,0.9017,0.766751
-829.8321,-0.2266,0.9645,0.766810
-829.6102,-0.2234,1.0222,0.766864
-829.3876,-0.2203,1.0798,0.766917
-829.1645,-0.2172,1.1376,0.766976
-828.9406,-0.2141,1.1955,0.767027
-828.7164,-0.2110,1.2535,0.767081
-828.4922,-0.2079,1.3115,0.767139
-828.2678,-0.2048,1.3695,0.767199
-828.0432,-0.2016,1.4276,0.767250
-827.7981,-0.1982,1.4911,0.767311
-827.5737,-0.1951,1.5493,0.767365
-827.3494,-0.1920,1.6075,0.767419
-827.1252,-0.1889,1.6656,0.767472
-826.9014,-0.1858,1.7237,0.767529
-826.6777,-0.1827,1.7817,0.767586
-826.4542,-0.1797,1.8397,0.767636
-826.2306,-0.1766,1.8979,0.767692
-826.0071,-0.1736,1.9562,0.767746
-825.7639,-0.1703,2.0200,0.767806
-825.5409,-0.1672,2.0785,0.767860
-825.3180,-0.1642,2.1370,0.767914
-825.0953,-0.1612,2.1955,0.767967
-824.8731,-0.1582,2.2539,0.768022
-824.6509,-0.1551,2.3124,0.768075
-824.4286,-0.1521,2.3708,0.768128
-824.2068,-0.1491,2.4292,0.768187
-823.9852,-0.1461,2.4876,0.768242
-823.7435,-0.1428,2.5511,0.768300
-823.5220,-0.1398,2.6092,0.768354
-823.3008,-0.1369,2.6672,0.768410
-823.0799,-0.1340,2.7252,0.768458
-822.8590,-0.1310,2.7832,0.768514
-822.6381,-0.1281,2.8411,0.768574
-822.4173,-0.1251,2.8991,0.768628
-822.1970,-0.1222,2.9570,0.768684
-821.9767,-0.1193,3.0147,0.768738
-821.7365,-0.1161,3.0776,0.768797
-821.5164,-0.1132,3.1351,0.768856
-821.2964,-0.1103,3.1925,0.768911
-821.0768,-0.1073,3.2498,0.768967
-820.8573,-0.1044,3.3070,0.769023
-820.6379,-0.1015,3.3640,0.769078
-820.4186,-0.0986,3.4209,0.769136
-820.1995,-0.0957,3.4777,0.769190
-819.9806,-0.0928,3.5345,0.769248
-819.7419,-0.0897,3.5963,0.769311
-819.5229,-0.0868,3.6529,0.769368
-819.3033,-0.0839,3.7096,0.769428
-819.0831,-0.0811,3.7666,0.769487
-818.8622,-0.0782,3.8238,0.769543
-818.6409,-0.0753,3.8812,0.769600
-818.4189,-0.0724,3.9387,0.769657
-818.1964,-0.0695,3.9963,0.769713
-817.9733,-0.0666,4.0541,0.769770
-817.7293,-0.0634,4.1173,0.769835
-817.5051,-0.0605,4.1754,0.769898
-817.2802,-0.0576,4.2335,0.769951
-817.0547,-0.0546,4.2918,0.770011
-816.8287,-0.0517,4.3501,0.770068
-816.6022,-0.0487,4.4085,0.770122
-816.3750,-0.0458,4.4670,0.770182
-816.1472,-0.0428,4.5257,0.770244
-815.8981,-0.0395,4.5899,0.770307
-815.6692,-0.0366,4.6491,0.770366
-815.4396,-0.0336,4.7087,0.770424
-815.2094,-0.0306,4.7686,0.770479
-814.9786,-0.0276,4.8289,0.770541
-814.7473,-0.0246,4.8894,0.770600
-814.5154,-0.0216,4.9501,0.770657
-814.2830,-0.0186,5.0110,0.770717
-814.0500,-0.0156,5.0722,0.770773
-813.7952,-0.0123,5.1391,0.770838
-813.5610,-0.0093,5.2006,0.770897
-813.3263,-0.0062,5.2623,0.770959
-813.0911,-0.0032,5.3241,0.771021
-812.8553,-0.0001,5.3858,0.771079
-812.6190,0.0029,5.4475,0.771139
-812.3821,0.0060,5.5091,0.771199
-812.1447,0.0091,5.5707,0.771257
-811.9066,0.0122,5.6323,0.771320
-811.6462,0.0155,5.6997,0.771386
-811.4069,0.0186,5.7616,0.771451
-811.1671,0.0217,5.8236,0.771506
-810.9266,0.0248,5.8856,0.771568
-810.6855,0.0280,5.9479,0.771628
-810.4438,0.0311,6.0103,0.771692
-810.2015,0.0342,6.0731,0.771752
-809.9587,0.0374,6.1361,0.771818
-809.7153,0.0405,6.1994,0.771877
-809.4492,0.0440,6.2686,0.771942
-809.2045,0.0471,6.3323,0.772009
-808.9594,0.0503,6.3962,0.772067
-808.7137,0.0535,6.4603,0.772128
-808.4673,0.0567,6.5245,0.772193
-808.2205,0.0599,6.5889,0.772252
-807.9729,0.0631,6.6535,0.772314
-807.7249,0.0663,6.7182,0.772375
-807.4763,0.0695,6.7831,0.772441
-807.2044,0.0730,6.8540,0.772504
-806.9546,0.0763,6.9192,0.772569
-806.7042,0.0795,6.9845,0.772628
-806.4532,0.0828,7.0501,0.772688
-806.2017,0.0860,7.1157,0.772753
-805.9495,0.0893,7.1816,0.772812
-805.6968,0.0926,7.2477,0.772878
-805.4436,0.0959,7.3139,0.772940
-805.1898,0.0992,7.3803,0.773000
-804.9122,0.1029,7.4529,0.773066
-804.6572,0.1062,7.5196,0.773132
-804.4016,0.1095,7.5864,0.773198
-804.1454,0.1129,7.6534,0.773259
-803.8887,0.1162,7.7206,0.773321
-803.6314,0.1196,7.7879,0.773386
-803.3735,0.1229,7.8554,0.773450
-803.1151,0.1263,7.9230,0.773511
-802.8561,0.1297,7.9907,0.773575
-802.5727,0.1334,8.0648,0.773644
-802.3119,0.1368,8.1330,0.773705
-802.0504,0.1402,8.2014,0.773774
-801.7880,0.1436,8.2700,0.773833
-801.5246,0.1471,8.3389,0.773898
-801.2604,0.1506,8.4080,0.773961
-800.9954,0.1541,8.4773,0.774027
-800.7293,0.1576,8.5468,0.774096
-800.4624,0.1611,8.6166,0.774155
-800.1703,0.1650,8.6930,0.774230
-799.9016,0.1685,8.7633,0.774298
-799.6320,0.1721,8.8338,0.774360
-799.3615,0.1756,8.9046,0.774428
-799.0901,0.1792,8.9756,0.774495
-798.8180,0.1828,9.0468,0.774565
-798.5450,0.1864,9.1181,0.774628
-798.2711,0.1900,9.1895,0.774697
-797.9963,0.1937,9.2609,0.774766
-797.6956,0.1976,9.3388,0.774839
-797.4192,0.2013,9.4105,0.774905
-797.1418,0.2049,9.4824,0.774971
-796.8635,0.2087,9.5547,0.775039
-796.5846,0.2124,9.6276,0.775110
-796.3047,0.2162,9.7010,0.775174
-796.0240,0.2200,9.7748,0.775245
-795.7426,0.2238,9.8491,0.775315
-795.4603,0.2276,9.9238,0.775381
-795.1516,0.2317,10.0057,0.775457
-794.8679,0.2356,10.0809,0.775524
-794.5834,0.2394,10.1563,0.775592
-794.2982,0.2433,10.2318,0.775665
-794.0123,0.2471,10.3075,0.775737
-793.7256,0.2510,10.3833,0.775804
-793.4382,0.2549,10.4593,0.775874
-793.1501,0.2587,10.5354,0.775946
-792.8612,0.2626,10.6118,0.776014
-792.5453,0.2669,10.6954,0.776091
-792.2548,0.2708,10.7722,0.776160
-791.9637,0.2748,10.8491,0.776235
-791.6719,0.2789,10.9264,0.776307
-791.3793,0.2829,11.0039,0.776376
-791.0861,0.2870,11.0818,0.776453
-790.7922,0.2910,11.1599,0.776523
-790.4976,0.2951,11.2383,0.776595
-790.2021,0.2992,11.3169,0.776668
-789.8792,0.3036,11.4029,0.776751
-789.5824,0.3077,11.4821,0.776825
-789.2850,0.3118,11.5614,0.776898
-788.9869,0.3159,11.6410,0.776970
-788.6881,0.3201,11.7208,0.777043
-788.3887,0.3242,11.8008,0.777116
-788.0892,0.3283,11.8810,0.777187
-787.7897,0.3325,11.9612,0.777260
-787.4901,0.3366,12.0415,0.777335
-787.1632,0.3412,12.1292,0.777414
-786.8633,0.3454,12.2097,0.777487
-786.5633,0.3496,12.2903,0.777561
-786.2632,0.3539,12.3709,0.777635
-785.9630,0.3581,12.4516,0.777709
-785.6627,0.3623,12.5324,0.777782
-785.3622,0.3665,12.6133,0.777858
-785.0616,0.3707,12.6944,0.777927
-784.7609,0.3749,12.7755,0.778002
-784.4327,0.3796,12.8640,0.778081
-784.1318,0.3838,12.9452,0.778158
-783.8309,0.3880,13.0266,0.778227
-783.5298,0.3922,13.1080,0.778301
-783.2286,0.3965,13.1893,0.778375
-782.9271,0.4007,13.2707,0.778448
-782.6257,0.4050,13.3520,0.778522
-782.3242,0.4093,13.4332,0.778597
-782.0228,0.4135,13.5142,0.778669
-781.6935,0.4182,13.6024,0.778753
-781.3915,0.4225,13.6832,0.778826
-781.0894,0.4268,13.7638,0.778899
-780.7874,0.4311,13.8443,0.778975
-780.4853,0.4354,13.9243,0.779049
-780.1828,0.4396,14.0038,0.779122
-779.8804,0.4439,14.0824,0.779198
-779.5778,0.4482,14.1601,0.779268
-779.2750,0.4525,14.2369,0.779344
-778.9446,0.4572,14.3196,0.779424
-778.6414,0.4614,14.3948,0.779498
-778.3379,0.4657,14.4694,0.779573
-778.0344,0.4700,14.5437,0.779648
-777.7303,0.4743,14.6178,0.779722
-777.4260,0.4787,14.6920,0.779794
-777.1215,0.4830,14.7664,0.779870
-776.8169,0.4873,14.8410,0.779941
-776.5118,0.4917,14.9159,0.780015
-776.1788,0.4964,14.9980,0.780097
-775.8733,0.5007,15.0737,0.780172
-775.5678,0.5051,15.1496,0.780243
-775.2623,0.5094,15.2258,0.780317
-774.9568,0.5138,15.3022,0.780393
-774.6508,0.5181,15.3787,0.780466
-774.3447,0.5225,15.4553,0.780541
-774.0385,0.5268,15.5319,0.780617
-773.7323,0.5312,15.6086,0.780688
-773.3982,0.5360,15.6925,0.780773
-773.0918,0.5403,15.7696,0.780844
-772.7854,0.5447,15.8470,0.780920
-772.4788,0.5491,15.9246,0.780994
-772.1722,0.5535,16.0024,0.781070
-771.8655,0.5578,16.0804,0.781146
-771.5587,0.5622,16.1585,0.781221
-771.2519,0.5666,16.2367,0.781296
-770.9454,0.5710,16.3148,0.781370
-770.6108,0.5758,16.4001,0.781451
-770.3046,0.5801,16.4783,0.781526
-769.9985,0.5845,16.5563,0.781603
-769.6928,0.5889,16.6341,0.781673
-769.3873,0.5932,16.7118,0.781747
-769.0823,0.5976,16.7893,0.781822
-768.7775,0.6019,16.8668,0.781897
-768.4731,0.6063,16.9444,0.781971
-768.1689,0.6106,17.0221,0.782046
-767.8375,0.6154,17.1071,0.782125
-767.5340,0.6197,17.1851,0.782198
-767.2308,0.6240,17.2634,0.782274
-766.9279,0.6283,17.3417,0.782347
-766.6252,0.6327,17.4202,0.782418
-766.3230,0.6370,17.4986,0.782492
-766.0205,0.6413,17.5772,0.782567
-765.7172,0.6456,17.6560,0.782641
-765.4131,0.6500,17.7351,0.782711
-765.0801,0.6547,17.8215,0.782790
-764.7738,0.6591,17.9009,0.782867
-764.4666,0.6635,17.9803,0.782940
-764.1583,0.6679,18.0600,0.783019
-763.8491,0.6723,18.1398,0.783094
-763.5387,0.6767,18.2198,0.783167
-763.2274,0.6811,18.3001,0.783244
-762.9149,0.6855,18.3805,0.783321
-762.6012,0.6900,18.4611,0.783397
-762.2577,0.6948,18.5493,0.783480
-761.9413,0.6993,18.6305,0.783558
-761.6237,0.7038,18.7121,0.783634
-761.3046,0.7084,18.7942,0.783711
-760.9838,0.7129,18.8769,0.783789
-760.6614,0.7175,18.9601,0.783867
-760.3372,0.7221,19.0440,0.783944
-760.0114,0.7267,19.1284,0.784024
-759.6839,0.7314,19.2135,0.784106
-759.3247,0.7365,19.3070,0.784190
-758.9937,0.7411,19.3935,0.784272
-758.6610,0.7458,19.4806,0.784351
-758.3268,0.7506,19.5684,0.784432
-757.9909,0.7553,19.6568,0.784516
-757.6535,0.7601,19.7458,0.784595
-757.3151,0.7649,19.8352,0.784677
-756.9768,0.7697,19.9248,0.784759
-756.6390,0.7744,20.0145,0.784841
-756.2713,0.7796,20.1122,0.784929
-755.9364,0.7844,20.2013,0.785012
-755.6033,0.7891,20.2900,0.785091
-755.2719,0.7938,20.3782,0.785173
-754.9421,0.7985,20.4658,0.785251
-754.6143,0.8031,20.5527,0.785331
-754.2584,0.8081,20.6469,0.785417
-753.9634,0.8123,20.7248,0.785487
-753.6111,0.8173,20.8178,0.785572
-753.2898,0.8218,20.9025,0.785650
-752.9702,0.8263,20.9868,0.785728
-752.6522,0.8308,21.0705,0.785806
-752.3357,0.8353,21.1538,0.785883
-752.0208,0.8397,21.2365,0.785957
-751.7074,0.8442,21.3189,0.786035
-751.3955,0.8486,21.4010,0.786109
-751.0851,0.8530,21.4828,0.786187
-750.7762,0.8573,21.5644,0.786259
-750.4408,0.8621,21.6532,0.786340
-750.1350,0.8664,21.7342,0.786414
-749.8307,0.8707,21.8149,0.786487
-749.5278,0.8750,21.8952,0.786560
-749.2264,0.8792,21.9752,0.786635
-748.9265,0.8835,22.0549,0.786708
-748.6279,0.8877,22.1343,0.786781
-748.3308,0.8919,22.2133,0.786851
-748.0083,0.8965,22.2991,0.786930
-747.7141,0.9006,22.3772,0.787000
-747.4211,0.9048,22.4550,0.787070
-747.1296,0.9089,22.5323,0.787142
-746.8394,0.9130,22.6092,0.787213
-746.5499,0.9171,22.6860,0.787282
-746.2607,0.9212,22.7625,0.787352
-745.9724,0.9252,22.8389,0.787421
-745.6846,0.9293,22.9151,0.787491
-745.3973,0.9334,22.9910,0.787559
-745.0845,0.9378,23.0735,0.787634
-744.7985,0.9418,23.1489,0.787705
-744.5130,0.9459,23.2240,0.787773
-744.2281,0.9499,23.2989,0.787842
-743.9437,0.9539,23.3736,0.787908
-743.6598,0.9579,23.4481,0.787979
-743.3764,0.9619,23.5224,0.788047
-743.0936,0.9659,23.5966,0.788116
-742.8114,0.9699,23.6705,0.788186
-742.5040,0.9742,23.7508,0.788256
-742.2227,0.9782,23.8242,0.788326
-741.9420,0.9822,23.8975,0.788394
-741.6618,0.9861,23.9706,0.788462
-741.3821,0.9901,24.0436,0.788529
-741.1029,0.9940,24.1164,0.788596
-740.8242,0.9980,24.1890,0.788663
-740.5459,1.0019,24.2615,0.788732
-740.2680,1.0058,24.3337,0.788799
-739.9656,1.0101,24.4123,0.788872
-739.6889,1.0140,24.4840,0.788939
-739.4127,1.0179,24.5554,0.789006
-739.1368,1.0218,24.6266,0.789072
-738.8610,1.0257,24.6977,0.789139
-738.5854,1.0296,24.7686,0.789206
-738.3101,1.0334,24.8395,0.789271
-738.0349,1.0373,24.9102,0.789338
-737.7348,1.0416,24.9871,0.789411
-737.4601,1.0454,25.0576,0.789477
-737.1855,1.0493,25.1280,0.789543
-736.9111,1.0532,25.1983,0.789608
-736.6368,1.0571,25.2684,0.789675
-736.3628,1.0609,25.3385,0.789742
-736.0889,1.0648,25.4085,0.789808
-735.8149,1.0686,25.4784,0.789873
-735.5411,1.0725,25.5483,0.789940
-735.2674,1.0764,25.6180,0.790006
-734.9687,1.0806,25.6940,0.790078
-734.6949,1.0844,25.7637,0.790143
-734.4211,1.0883,25.8333,0.790210
-734.1471,1.0922,25.9029,0.790276
-733.8726,1.0960,25.9726,0.790342
-733.5980,1.0999,26.0423,0.790406
-733.3228,1.1038,26.1122,0.790475
-733.0476,1.1077,26.1821,0.790541
-732.7479,1.1119,26.2586,0.790614
-732.4733,1.1158,26.3288,0.790679
-732.1989,1.1196,26.3990,0.790745
-731.9250,1.1235,26.4692,0.790812
-731.6511,1.1274,26.5394,0.790876
-731.3766,1.1312,26.6096,0.790943
-731.1011,1.1351,26.6800,0.791011
-730.8243,1.1390,26.7507,0.791076
-730.5461,1.1429,26.8215,0.791143
-730.2666,1.1469,26.8926,0.791211
-729.9601,1.1512,26.9706,0.791284
-729.6779,1.1552,27.0424,0.791352
-729.3945,1.1592,27.1146,0.791420
-729.1107,1.1632,27.1871,0.791490
-728.8264,1.1672,27.2600,0.791558
-728.5414,1.1712,27.3331,0.791627
-728.2561,1.1753,27.4066,0.791695
-727.9702,1.1793,27.4802,0.791766
-727.6578,1.1837,27.5607,0.791841
-727.3709,1.1878,27.6347,0.791909
-727.0836,1.1918,27.7090,0.791978
-726.7959,1.1959,27.7834,0.792048
-726.5076,1.1999,27.8580,0.792116
-726.2189,1.2040,27.9328,0.792185
-725.9298,1.2081,28.0078,0.792253
-725.6403,1.2122,28.0829,0.792327
-725.3502,1.2163,28.1580,0.792394
-725.0333,1.2208,28.2400,0.792472
-724.7424,1.2249,28.3151,0.792540
-724.4510,1.2290,28.3902,0.792612
-724.1591,1.2331,28.4653,0.792685
-723.8668,1.2372,28.5405,0.792753
-723.5741,1.2413,28.6158,0.792825
-723.2808,1.2455,28.6911,0.792897
-722.9872,1.2496,28.7664,0.792965
-722.6932,1.2538,28.8418,0.793034
-722.3717,1.2583,28.9241,0.793112
-722.0766,1.2625,28.9995,0.793184
-721.7805,1.2666,29.0750,0.793255
-721.4832,1.2708,29.1508,0.793327
-721.1846,1.2750,29.2271,0.793401
-720.8845,1.2792,29.3037,0.793472
-720.5834,1.2835,29.3806,0.793545
-720.2816,1.2877,29.4577,0.793617
-719.9789,1.2920,29.5349,0.793690
-719.6475,1.2966,29.6195,0.793769
-719.3420,1.3009,29.6974,0.793844
-719.0350,1.3053,29.7760,0.793918
-718.7260,1.3096,29.8551,0.793993
-718.4152,1.3140,29.9347,0.794068
-718.1024,1.3184,30.0148,0.794143
-717.7878,1.3228,30.0953,0.794216
-717.4713,1.3273,30.1763,0.794296
-717.1530,1.3317,30.2578,0.794373
-716.8035,1.3367,30.3472,0.794455
-716.4813,1.3412,30.4296,0.794533
-716.1572,1.3458,30.5125,0.794614
-715.8311,1.3503,30.5958,0.794690
-715.5032,1.3550,30.6796,0.794768
-715.1736,1.3596,30.7636,0.794850
-714.8420,1.3643,30.8481,0.794928
-714.5085,1.3689,30.9332,0.795010
-714.1732,1.3737,31.0188,0.795091
-713.8053,1.3788,31.1131,0.795180
-713.4661,1.3836,31.2002,0.795261
-713.1249,1.3884,31.2880,0.795344
-712.7821,1.3932,31.3766,0.795427
-712.4376,1.3981,31.4658,0.795509
-712.0921,1.4029,31.5555,0.795591
-711.7455,1.4078,31.6457,0.795677
-711.3983,1.4127,31.7363,0.795761
-711.0504,1.4176,31.8272,0.795844
-710.6704,1.4230,31.9268,0.795936
-710.3214,1.4279,32.0183,0.796020
-709.9708,1.4329,32.1104,0.796105
-709.6186,1.4378,32.2030,0.796190
-709.2650,1.4428,32.2960,0.796276
-708.9100,1.4478,32.3895,0.796362
-708.5542,1.4528,32.4830,0.796447
-708.1979,1.4579,32.5767,0.796533
-707.8412,1.4629,32.6705,0.796620
-707.4512,1.4684,32.7730,0.796713
-707.0933,1.4735,32.8670,0.796800
-706.7346,1.4785,32.9613,0.796886
-706.3754,1.4836,33.0556,0.796972
-706.0156,1.4887,33.1501,0.797060
-705.6551,1.4938,33.2447,0.797149
-705.2940,1.4989,33.3397,0.797235
-704.9323,1.5040,33.4350,0.797320
-704.5701,1.5091,33.5307,0.797410
-704.1743,1.5147,33.6355,0.797506
-703.8109,1.5199,33.7319,0.797595
-703.4468,1.5250,33.8286,0.797681
-703.0823,1.5302,33.9256,0.797769
-702.7173,1.5354,34.0228,0.797858
-702.3517,1.5405,34.1202,0.797947
-701.9856,1.5457,34.2180,0.798035
-701.6190,1.5510,34.3161,0.798123
-701.2523,1.5562,34.4142,0.798212
-700.8524,1.5619,34.5212,0.798310
-700.4852,1.5671,34.6193,0.798397
-700.1171,1.5723,34.7175,0.798486
-699.7485,1.5776,34.8158,0.798576
-699.3799,1.5828,34.9138,0.798665
-699.0114,1.5880,35.0117,0.798754
-698.6430,1.5933,35.1093,0.798842
-698.2746,1.5985,35.2067,0.798931
-697.9061,1.6037,35.3038,0.799021
-697.5042,1.6095,35.4096,0.799118
-697.1358,1.6147,35.5064,0.799207
-696.7675,1.6200,35.6031,0.799295
-696.3993,1.6252,35.6996,0.799387
-696.0311,1.6305,35.7960,0.799475
-695.6629,1.6358,35.8923,0.799563
-695.2946,1.6410,35.9884,0.799653
-694.9263,1.6463,36.0844,0.799743
-694.5582,1.6515,36.1803,0.799831
-694.1566,1.6573,36.2848,0.799927
-693.7886,1.6625,36.3805,0.800017
-693.4204,1.6678,36.4760,0.800107
-693.0524,1.6730,36.5714,0.800195
-692.6843,1.6783,36.6668,0.800285
-692.3162,1.6836,36.7622,0.800373
-691.9483,1.6889,36.8577,0.800462
-691.5804,1.6942,36.9534,0.800551
-691.2125,1.6996,37.0492,0.800639
-690.8110,1.7053,37.1539,0.800736
-690.4425,1.7107,37.2501,0.800826
-690.0739,1.7160,37.3464,0.800914
-689.7061,1.7213,37.4427,0.801003
-689.3391,1.7266,37.5388,0.801092
-688.9738,1.7318,37.6346,0.801181
-688.6105,1.7371,37.7298,0.801267
-688.2492,1.7423,37.8246,0.801356
-687.8899,1.7475,37.9188,0.801443
-687.5002,1.7532,38.0210,0.801537
-687.1450,1.7584,38.1141,0.801622
-686.7917,1.7635,38.2066,0.801708
-686.4403,1.7686,38.2986,0.801793
-686.0908,1.7737,38.3899,0.801878
-685.7432,1.7788,38.4806,0.801963
-685.3974,1.7838,38.5707,0.802045
-685.0533,1.7888,38.6601,0.802128
-684.7111,1.7938,38.7490,0.802212
-684.3397,1.7992,38.8455,0.802301
-684.0012,1.8041,38.9336,0.802384
-683.6642,1.8090,39.0213,0.802464
-683.3292,1.8139,39.1086,0.802545
-682.9958,1.8188,39.1954,0.802626
-682.6642,1.8236,39.2818,0.802706
-682.3340,1.8285,39.3677,0.802786
-682.0049,1.8333,39.4535,0.802865
-681.6758,1.8381,39.5392,0.802946
-681.3170,1.8433,39.6327,0.803033
-680.9880,1.8481,39.7184,0.803113
-680.6590,1.8530,39.8042,0.803192
-680.3300,1.8578,39.8900,0.803270
-680.0010,1.8626,39.9759,0.803350
-679.6721,1.8674,40.0618,0.803430
-679.3431,1.8722,40.1476,0.803510
-679.0141,1.8770,40.2334,0.803589
-678.6851,1.8818,40.3190,0.803669
-678.3262,1.8871,40.4122,0.803755
-677.9974,1.8919,40.4973,0.803834
-677.6683,1.8967,40.5824,0.803916
-677.3389,1.9015,40.6674,0.803994
-677.0099,1.9064,40.7522,0.804074
-676.6815,1.9112,40.8368,0.804154
-676.3534,1.9160,40.9211,0.804233
-676.0257,1.9208,41.0052,0.804313
-675.6980,1.9256,41.0892,0.804392
-675.3408,1.9308,41.1806,0.804478
-675.0137,1.9356,41.2643,0.804557
-674.6872,1.9403,41.3480,0.804636
-674.3610,1.9451,41.4317,0.804715
-674.0353,1.9499,41.5152,0.804794
-673.7098,1.9546,41.5987,0.804872
-673.3849,1.9593,41.6819,0.804949
-673.0605,1.9641,41.7651,0.805028
-672.7363,1.9688,41.8482,0.805106
-672.3833,1.9739,41.9387,0.805192
-672.0601,1.9787,42.0217,0.805270
-671.7372,1.9834,42.1046,0.805348
-671.4149,1.9881,42.1874,0.805426
-671.0930,1.9928,42.2701,0.805506
-670.7714,1.9975,42.3527,0.805583
-670.4503,2.0021,42.4353,0.805661
-670.1295,2.0068,42.5177,0.805739
-669.8093,2.0115,42.6000,0.805816
-669.4604,2.0165,42.6896,0.805900
-669.1408,2.0212,42.7716,0.805978
-668.8218,2.0258,42.8533,0.806055
-668.5032,2.0304,42.9349,0.806132
-668.1851,2.0350,43.0162,0.806209
-667.8674,2.0396,43.0974,0.806286
-667.5499,2.0442,43.1786,0.806363
-667.2321,2.0488,43.2599,0.806440
-666.9139,2.0534,43.3415,0.806517
-666.5667,2.0584,43.4308,0.806600
-666.2482,2.0631,43.5130,0.806678
-665.9297,2.0677,43.5955,0.806754
-665.6108,2.0723,43.6782,0.806832
-665.2919,2.0769,43.7612,0.806909
-664.9727,2.0815,43.8444,0.806986
-664.6530,2.0861,43.9278,0.807064
-664.3329,2.0907,44.0114,0.807141
-664.0125,2.0953,44.0952,0.807218
-663.6625,2.1003,44.1868,0.807303
-663.3411,2.1049,44.2709,0.807382
-663.0195,2.1095,44.3551,0.807459
-662.6974,2.1141,44.4395,0.807537
-662.3749,2.1187,44.5240,0.807615
-662.0520,2.1234,44.6087,0.807693
-661.7288,2.1280,44.6936,0.807772
-661.4050,2.1326,44.7787,0.807850
-661.0515,2.1377,44.8718,0.807936
-660.7271,2.1424,44.9572,0.808014
-660.4021,2.1470,45.0425,0.808093
-660.0769,2.1516,45.1279,0.808172
-659.7513,2.1562,45.2132,0.808250
-659.4252,2.1608,45.2985,0.808330
-659.0989,2.1654,45.3839,0.808409
-658.7720,2.1701,45.4693,0.808488
-658.4448,2.1747,45.5548,0.808567
-658.1171,2.1794,45.6403,0.808647
-657.7591,2.1844,45.7337,0.808734
-657.4307,2.1891,45.8192,0.808813
-657.1017,2.1937,45.9048,0.808893
-656.7723,2.1984,45.9903,0.808972
-656.4427,2.2031,46.0760,0.809052
-656.1124,2.2077,46.1616,0.809132
-655.7819,2.2124,46.2475,0.809212
-655.4509,2.2170,46.3337,0.809292
-655.1197,2.2217,46.4202,0.809373
-654.7578,2.2268,46.5149,0.809460
-654.4256,2.2314,46.6018,0.809541
-654.0929,2.2361,46.6889,0.809622
-653.7604,2.2408,46.7761,0.809702
-653.4282,2.2454,46.8630,0.809782
-653.0969,2.2501,46.9496,0.809863
-652.7665,2.2547,47.0359,0.809943
-652.4371,2.2593,47.1219,0.810022
-652.0786,2.2644,47.2154,0.810110
-651.7510,2.2690,47.3007,0.810189
-651.4243,2.2735,47.3858,0.810268
-651.0984,2.2781,47.4705,0.810347
-650.7734,2.2826,47.5549,0.810426
-650.4492,2.2871,47.6392,0.810504
-650.1259,2.2917,47.7232,0.810583
-649.8033,2.2962,47.8070,0.810660
-649.4816,2.3006,47.8907,0.810739
-649.1315,2.3055,47.9819,0.810823
-648.8115,2.3100,48.0652,0.810901
-648.4923,2.3144,48.1484,0.810978
-648.1739,2.3189,48.2315,0.811055
-647.8563,2.3233,48.3147,0.811132
-647.5396,2.3277,48.3978,0.811209
-647.2237,2.3321,48.4807,0.811285
-646.9085,2.3365,48.5636,0.811362
-646.5941,2.3409,48.6461,0.811438
-646.2521,2.3457,48.7359,0.811521
-645.9395,2.3500,48.8180,0.811597
-645.6276,2.3543,48.8998,0.811672
-645.3160,2.3587,48.9816,0.811747
-645.0042,2.3630,49.0633,0.811823
-644.6920,2.3673,49.1452,0.811899
-644.3798,2.3717,49.2270,0.811974
-644.0676,2.3760,49.3090,0.812050
-643.7554,2.3804,49.3909,0.812126
-643.4149,2.3851,49.4804,0.812208
-643.1026,2.3894,49.5623,0.812284
-642.7903,2.3938,49.6443,0.812359
-642.4781,2.3981,49.7263,0.812435
-642.1658,2.4024,49.8083,0.812511
-641.8533,2.4068,49.8904,0.812587
-641.5405,2.4111,49.9725,0.812662
-641.2276,2.4155,50.0545,0.812738
-640.9148,2.4198,50.1365,0.812814
-640.5735,2.4246,50.2259,0.812897
-640.2606,2.4289,50.3078,0.812973
-639.9478,2.4332,50.3896,0.813048
-639.6349,2.4376,50.4714,0.813124
-639.3220,2.4419,50.5533,0.813200
-639.0090,2.4463,50.6351,0.813276
-638.6959,2.4506,50.7170,0.813352
-638.3826,2.4550,50.7989,0.813428
-638.0691,2.4593,50.8808,0.813504
-637.7271,2.4641,50.9701,0.813587
-637.4136,2.4684,51.0519,0.813662
-637.1001,2.4728,51.1337,0.813738
-636.7866,2.4771,51.2154,0.813814
-636.4730,2.4815,51.2971,0.813890
-636.1594,2.4858,51.3788,0.813965
-635.8458,2.4902,51.4605,0.814041
-635.5320,2.4946,51.5422,0.814117
-635.2181,2.4989,51.6239,0.814194
-634.8754,2.5037,51.7130,0.814277
-634.5612,2.5081,51.7946,0.814354
-634.2471,2.5124,51.8761,0.814430
-633.9329,2.5168,51.9576,0.814506
-633.6187,2.5212,52.0391,0.814581
-633.3044,2.5255,52.1205,0.814657
-632.9903,2.5299,52.2019,0.814734
-632.6760,2.5343,52.2833,0.814810
-632.3616,2.5386,52.3646,0.814886
-632.0184,2.5434,52.4533,0.814968
-631.7037,2.5478,52.5345,0.815045
-631.3888,2.5522,52.6158,0.815120
-631.0740,2.5566,52.6970,0.815197
-630.7591,2.5610,52.7782,0.815273
-630.4442,2.5654,52.8594,0.815350
-630.1293,2.5698,52.9406,0.815426
-629.8145,2.5742,53.0220,0.815502
-629.4996,2.5785,53.1035,0.815579
-629.1561,2.5833,53.1923,0.815660
-628.8412,2.5877,53.2739,0.815737
-628.5261,2.5921,53.3556,0.815813
-628.2108,2.5965,53.4374,0.815890
-627.8953,2.6010,53.5193,0.815967
-627.5798,2.6054,53.6012,0.816042
-627.2643,2.6098,53.6832,0.816119
-626.9487,2.6142,53.7651,0.816195
-626.6331,2.6187,53.8469,0.816271
-626.2889,2.6235,53.9361,0.816354
-625.9733,2.6280,54.0178,0.816431
-625.6578,2.6324,54.0995,0.816508
-625.3422,2.6369,54.1813,0.816584
-625.0267,2.6414,54.2632,0.816660
-624.7111,2.6458,54.3451,0.816736
-624.3956,2.6503,54.4270,0.816813
-624.0800,2.6547,54.5090,0.816889
-623.7643,2.6592,54.5909,0.816966
-623.4197,2.6641,54.6802,0.817050
-623.1036,2.6685,54.7621,0.817124
-622.7875,2.6730,54.8440,0.817201
-622.4713,2.6775,54.9260,0.817278
-622.1550,2.6820,55.0080,0.817354
-621.8388,2.6865,55.0900,0.817431
-621.5226,2.6910,55.1721,0.817508
-621.2064,2.6955,55.2542,0.817584
-620.8901,2.7001,55.3364,0.817662
-620.5450,2.7050,55.4261,0.817744
-620.2288,2.7095,55.5084,0.817822
-619.9125,2.7140,55.5908,0.817898
-619.5962,2.7186,55.6732,0.817974
-619.2799,2.7231,55.7556,0.818050
-618.9636,2.7276,55.8379,0.818128
-618.6474,2.7321,55.9201,0.818203
-618.3311,2.7366,56.0023,0.818280
-618.0146,2.7412,56.0845,0.818358
-617.6693,2.7461,56.1741,0.818441
-617.3526,2.7506,56.2564,0.818518
-617.0358,2.7552,56.3387,0.818596
-616.7189,2.7597,56.4210,0.818672
-616.4020,2.7643,56.5033,0.818749
-616.0851,2.7688,56.5857,0.818825
-615.7682,2.7734,56.6680,0.818902
-615.4514,2.7779,56.7505,0.818978
-615.1345,2.7825,56.8329,0.819055
-614.7888,2.7874,56.9228,0.819140
-614.4718,2.7920,57.0053,0.819215
-614.1549,2.7965,57.0878,0.819292
-613.8380,2.8011,57.1703,0.819370
-613.5211,2.8056,57.2530,0.819445
-613.2040,2.8102,57.3357,0.819523
-612.8870,2.8147,57.4186,0.819600
-612.5701,2.8192,57.5015,0.819677
-612.2530,2.8238,57.5845,0.819754
-611.9071,2.8287,57.6749,0.819838
-611.5901,2.8333,57.7577,0.819914
-611.2731,2.8378,57.8406,0.819991
-610.9559,2.8423,57.9233,0.820069
-610.6384,2.8469,58.0058,0.820145
-610.3210,2.8514,58.0883,0.820221
-610.0035,2.8559,58.1707,0.820299
-609.6860,2.8605,58.2530,0.820376
-609.3685,2.8650,58.3353,0.820453
-609.0221,2.8699,58.4251,0.820536
-608.7045,2.8745,58.5076,0.820614
-608.3870,2.8790,58.5902,0.820690
-608.0695,2.8836,58.6728,0.820768
-607.7519,2.8880,58.7555,0.820844
-607.4343,2.8925,58.8382,0.820921
-607.1168,2.8970,58.9210,0.820998
-606.7992,2.9015,59.0037,0.821077
-606.4816,2.9060,59.0864,0.821153
-606.1352,2.9108,59.1765,0.821237
-605.8176,2.9153,59.2592,0.821314
-605.4999,2.9198,59.3419,0.821390
-605.1821,2.9243,59.4246,0.821467
-604.8643,2.9288,59.5074,0.821543
-604.5464,2.9333,59.5901,0.821621
-604.2283,2.9378,59.6729,0.821699
-603.9100,2.9422,59.7556,0.821775
-603.5918,2.9467,59.8384,0.821854
-603.2447,2.9516,59.9286,0.821936
-602.9265,2.9560,60.0113,0.822012
-602.6082,2.9604,60.0941,0.822090
-602.2900,2.9648,60.1768,0.822167
-601.9717,2.9692,60.2596,0.822244
-601.6535,2.9736,60.3423,0.822324
-601.3353,2.9780,60.4251,0.822398
-601.0170,2.9824,60.5078,0.822478
-600.6988,2.9868,60.5906,0.822553
-600.3516,2.9916,60.6808,0.822637
-600.0334,2.9960,60.7636,0.822713
-599.7151,3.0004,60.8463,0.822792
-599.3968,3.0048,60.9290,0.822869
-599.0786,3.0092,61.0118,0.822945
-598.7603,3.0136,61.0945,0.823023
-598.4418,3.0179,61.1771,0.823100
-598.1232,3.0222,61.2599,0.823177
-597.8043,3.0265,61.3426,0.823255
-597.4564,3.0311,61.4329,0.823336
-597.1375,3.0354,61.5157,0.823413
-596.8186,3.0397,61.5984,0.823496
-596.4997,3.0440,61.6812,0.823569
-596.1808,3.0482,61.7640,0.823645
-595.8619,3.0525,61.8468,0.823724
-595.5430,3.0568,61.9296,0.823802
-595.2241,3.0611,62.0124,0.823879
-594.9052,3.0654,62.0952,0.823957
-594.5573,3.0700,62.1858,0.824042
-594.2383,3.0743,62.2690,0.824119
-593.9193,3.0786,62.3523,0.824197
-593.6003,3.0829,62.4357,0.824272
-593.2813,3.0872,62.5189,0.824351
-592.9623,3.0915,62.6021,0.824427
-592.6434,3.0957,62.6852,0.824505
-592.3245,3.1000,62.7682,0.824583
-592.0055,3.1043,62.8513,0.824660
-591.6575,3.1090,62.9419,0.824742
-591.3384,3.1133,63.0249,0.824820
-591.0191,3.1176,63.1078,0.824897
-590.6998,3.1219,63.1906,0.824974
-590.3804,3.1262,63.2733,0.825052
-590.0609,3.1305,63.3559,0.825130
-589.7414,3.1348,63.4385,0.825207
-589.4219,3.1391,63.5212,0.825283
-589.1024,3.1434,63.6041,0.825362
-588.7537,3.1482,63.6947,0.825446
-588.4341,3.1525,63.7779,0.825523
-588.1144,3.1569,63.8613,0.825602
-587.7947,3.1613,63.9450,0.825679
-587.4750,3.1657,64.0288,0.825756
-587.1553,3.1701,64.1127,0.825834
-586.8356,3.1745,64.1968,0.825912
-586.5159,3.1789,64.2810,0.825989
-586.1961,3.1833,64.3654,0.826066
-585.8472,3.1881,64.4577,0.826151
-585.5275,3.1925,64.5424,0.826229
-585.2078,3.1969,64.6273,0.826303
-584.8881,3.2013,64.7123,0.826383
-584.5684,3.2057,64.7975,0.826460
-584.2488,3.2101,64.8829,0.826537
-583.9292,3.2144,64.9684,0.826614
-583.6096,3.2188,65.0540,0.826694
-583.2610,3.2235,65.1475,0.826780
-582.9414,3.2279,65.2333,0.826854
-582.6218,3.2323,65.3190,0.826933
-582.3022,3.2366,65.4046,0.827010
-581.9827,3.2410,65.4901,0.827088
-581.6631,3.2453,65.5755,0.827166
-581.3435,3.2497,65.6607,0.827242
-581.0239,3.2541,65.7458,0.827319
-580.7044,3.2584,65.8307,0.827397
-580.3849,3.2628,65.9154,0.827476
-580.0364,3.2675,66.0076,0.827558
-579.7169,3.2719,66.0918,0.827634
-579.3975,3.2762,66.1757,0.827714
-579.0780,3.2804,66.2593,0.827793
-578.7582,3.2846,66.3427,0.827870
-578.4382,3.2888,66.4258,0.827948
-578.1182,3.2930,66.5086,0.828026
-577.7982,3.2972,66.5913,0.828103
-577.4782,3.3014,66.6738,0.828180
-577.1291,3.3060,66.7635,0.828265
-576.8091,3.3101,66.8456,0.828341
-576.4890,3.3143,66.9275,0.828420
-576.1687,3.3185,67.0093,0.828497
-575.8483,3.3227,67.0911,0.828574
-575.5276,3.3269,67.1729,0.828653
-575.2070,3.3311,67.2547,0.828731
-574.8864,3.3353,67.3364,0.828809
-574.5656,3.3395,67.4180,0.828885
-574.2159,3.3438,67.5070,0.828968
-573.8950,3.3477,67.5885,0.829047
-573.5742,3.3516,67.6702,0.829126
-573.2533,3.3555,67.7520,0.829202
-572.9324,3.3594,67.8340,0.829281
-572.6115,3.3633,67.9161,0.829358
-572.2905,3.3672,67.9983,0.829434
-571.9696,3.3711,68.0805,0.829512
-571.6194,3.3753,68.1702,0.829598
-571.2985,3.3792,68.2524,0.829676
-570.9775,3.3832,68.3345,0.829752
-570.6565,3.3871,68.4167,0.829831
-570.3356,3.3910,68.4988,0.829910
-570.0145,3.3949,68.5809,0.829986
-569.6935,3.3986,68.6629,0.830062
-569.3721,3.4021,68.7451,0.830142
-569.0505,3.4055,68.8274,0.830219
-568.6997,3.4093,68.9172,0.830304
-568.3781,3.4128,68.9995,0.830380
-568.0566,3.4162,69.0817,0.830460
-567.7350,3.4197,69.1638,0.830539
-567.4135,3.4232,69.2458,0.830615
-567.0919,3.4266,69.3277,0.830694
-566.7703,3.4301,69.4095,0.830770
-566.4488,3.4335,69.4913,0.830850
-566.1272,3.4370,69.5730,0.830926
-565.7764,3.4408,69.6621,0.831010
-565.4547,3.4442,69.7436,0.831088
-565.1334,3.4476,69.8249,0.831166
-564.8115,3.4505,69.9063,0.831243
-564.4893,3.4533,69.9878,0.831319
-564.1678,3.4561,70.0691,0.831399
-563.8480,3.4590,70.1499,0.831476
-563.5297,3.4618,70.2303,0.831555
-563.2129,3.4646,70.3102,0.831627
-562.8691,3.4676,70.3969,0.831713
-562.5555,3.4704,70.4759,0.831789
-562.2434,3.4731,70.5545,0.831864
-561.9327,3.4759,70.6327,0.831938
-561.6235,3.4786,70.7105,0.832015
-561.3157,3.4813,70.7879,0.832087
-561.0094,3.4840,70.8649,0.832161
-560.7045,3.4867,70.9415,0.832234
-560.4017,3.4887,71.0176,0.832307
-560.0721,3.4908,71.1003,0.832388
-559.7714,3.4927,71.1758,0.832461
-559.4721,3.4946,71.2509,0.832532
-559.1741,3.4965,71.3256,0.832604
-558.8775,3.4984,71.4000,0.832675
-558.5822,3.5003,71.4740,0.832747
-558.2882,3.5021,71.5477,0.832818
-557.9955,3.5040,71.6210,0.832888
-557.7040,3.5059,71.6941,0.832957
-557.3876,3.5079,71.7734,0.833032
-557.0989,3.5097,71.8459,0.833103
-556.8113,3.5116,71.9181,0.833172
-556.5250,3.5134,71.9901,0.833241
-556.2405,3.5149,72.0615,0.833312
-555.9567,3.5160,72.1329,0.833379
-555.6741,3.5172,72.2040,0.833448
-555.3926,3.5183,72.2748,0.833515
-555.1122,3.5195,72.3453,0.833582
-554.8078,3.5207,72.4219,0.833658
-554.5300,3.5218,72.4918,0.833722
-554.2533,3.5230,72.5615,0.833790
-553.9777,3.5241,72.6310,0.833857
-553.7031,3.5252,72.7002,0.833923
-553.4289,3.5263,72.7695,0.833989
-553.1548,3.5274,72.8391,0.834056
-552.8806,3.5285,72.9091,0.834122
-552.6064,3.5297,72.9795,0.834186
-552.3322,3.5308,73.0504,0.834250
-552.0336,3.5317,73.1279,0.834325
-551.7594,3.5323,73.1992,0.834390
-551.4852,3.5329,73.2707,0.834457
-551.2112,3.5335,73.3421,0.834522
-550.9371,3.5341,73.4135,0.834591
-550.6630,3.5347,73.4848,0.834655
-550.3890,3.5354,73.5560,0.834721
-550.1149,3.5360,73.6272,0.834788
-549.8156,3.5367,73.7049,0.834859
-549.5405,3.5373,73.7764,0.834925
-549.2640,3.5379,73.8482,0.834993
-548.9860,3.5385,73.9205,0.835059
-548.7072,3.5391,73.9930,0.835126
-548.4275,3.5398,74.0658,0.835195
-548.1472,3.5404,74.1387,0.835261
-547.8665,3.5407,74.2116,0.835329
-547.5848,3.5409,74.2846,0.835396
-547.2766,3.5412,74.3644,0.835470
-546.9932,3.5415,74.4376,0.835539
-546.7092,3.5417,74.5110,0.835609
-546.4244,3.5420,74.5847,0.835677
-546.1389,3.5423,74.6587,0.835746
-545.8528,3.5425,74.7331,0.835815
-545.5662,3.5428,74.8080,0.835883
-545.2789,3.5431,74.8832,0.835953
-544.9911,3.5433,74.9586,0.836022
-544.6766,3.5436,75.0411,0.836099
-544.3877,3.5439,75.1170,0.836167
-544.0984,3.5441,75.1929,0.836239
-543.8084,3.5442,75.2689,0.836306
-543.5179,3.5443,75.3451,0.836379
-543.2269,3.5443,75.4213,0.836448
-542.9355,3.5444,75.4975,0.836518
-542.6450,3.5444,75.5734,0.836588
-542.3559,3.5445,75.6489,0.836659
-542.0419,3.5446,75.7310,0.836733
-541.7553,3.5446,75.8059,0.836801
-541.4700,3.5447,75.8807,0.836873
-541.1857,3.5447,75.9553,0.836940
-540.9028,3.5448,76.0296,0.837011
-540.6210,3.5449,76.1036,0.837079
-540.3403,3.5449,76.1773,0.837143
-540.0609,3.5449,76.2506,0.837213
-539.7825,3.5450,76.3236,0.837280
-539.4801,3.5450,76.4028,0.837355
-539.2041,3.5450,76.4750,0.837419
-538.9291,3.5451,76.5468,0.837485
-538.6554,3.5451,76.6184,0.837553
-538.3826,3.5451,76.6897,0.837617
-538.1109,3.5451,76.7605,0.837683
-537.8403,3.5452,76.8309,0.837748
-537.5707,3.5452,76.9009,0.837815
-537.3022,3.5452,76.9705,0.837879
-537.0104,3.5453,77.0460,0.837947
-536.7441,3.5453,77.1149,0.838014
-536.4787,3.5453,77.1835,0.838076
-536.2141,3.5454,77.2520,0.838141
-535.9506,3.5456,77.3203,0.838203
-535.6881,3.5458,77.3886,0.838265
-535.4266,3.5459,77.4569,0.838328
-535.1660,3.5461,77.5250,0.838390
-534.9065,3.5463,77.5931,0.838453
-534.6244,3.5465,77.6672,0.838519
-534.3668,3.5466,77.7349,0.838581
-534.1102,3.5468,77.8024,0.838643
-533.8546,3.5469,77.8697,0.838704
-533.5999,3.5471,77.9369,0.838767
-533.3461,3.5473,78.0040,0.838826
-533.0933,3.5474,78.0711,0.838889
-532.8412,3.5476,78.1381,0.838948
-532.5902,3.5478,78.2049,0.839009
-532.3173,3.5480,78.2777,0.839076
-532.0681,3.5482,78.3442,0.839137
-531.8199,3.5484,78.4107,0.839197
-531.5724,3.5486,78.4771,0.839257
-531.3259,3.5488,78.5436,0.839313
-531.0803,3.5490,78.6100,0.839373
-530.8354,3.5493,78.6766,0.839432
-530.5915,3.5495,78.7431,0.839493
-530.3484,3.5497,78.8096,0.839552
-530.0844,3.5499,78.8820,0.839614
-529.8430,3.5501,78.9483,0.839674
-529.6026,3.5503,79.0146,0.839727
-529.3630,3.5505,79.0808,0.839791
-529.1242,3.5507,79.1469,0.839847
-528.8862,3.5509,79.2128,0.839902
-528.6492,3.5511,79.2785,0.839958
-528.4130,3.5511,79.3439,0.840018
-528.1775,3.5512,79.4091,0.840075
-527.9214,3.5513,79.4800,0.840136
-527.6875,3.5514,79.5448,0.840192
-527.4543,3.5515,79.6095,0.840248
-527.2219,3.5515,79.6739,0.840304
-526.9892,3.5516,79.7383,0.840362
-526.7559,3.5517,79.8028,0.840420
-526.5222,3.5518,79.8674,0.840475
-526.2881,3.5519,79.9321,0.840530
-526.0538,3.5519,79.9970,0.840586
-525.7977,3.5520,80.0679,0.840650
-525.5627,3.5521,80.1331,0.840707
-525.3275,3.5522,80.1985,0.840760
-525.0919,3.5522,80.2642,0.840819
-524.8559,3.5522,80.3301,0.840875
-524.6196,3.5522,80.3964,0.840931
-524.3829,3.5522,80.4629,0.840988
-524.1461,3.5522,80.5297,0.841046
-523.9089,3.5522,80.5966,0.841104
-523.6498,3.5522,80.6698,0.841166
-523.4120,3.5522,80.7371,0.841223
-523.1740,3.5522,80.8044,0.841278
-522.9355,3.5521,80.8719,0.841339
-522.6970,3.5521,80.9395,0.841395
-522.4579,3.5521,81.0073,0.841453
-522.2187,3.5521,81.0751,0.841509
-521.9791,3.5521,81.1430,0.841566
-521.7394,3.5521,81.2110,0.841628
-521.4780,3.5521,81.2850,0.841690
-521.2382,3.5520,81.3529,0.841744
-520.9986,3.5519,81.4208,0.841803
-520.7595,3.5518,81.4887,0.841860
-520.5205,3.5518,81.5565,0.841918
-520.2816,3.5517,81.6243,0.841976
-520.0435,3.5516,81.6918,0.842033
-519.8063,3.5515,81.7591,0.842089
-519.5698,3.5515,81.8260,0.842145
-519.3126,3.5514,81.8988,0.842207
-519.0778,3.5513,81.9654,0.842265
-518.8436,3.5513,82.0320,0.842320
-518.6102,3.5512,82.0985,0.842377
-518.3776,3.5511,82.1651,0.842435
-518.1456,3.5510,82.2318,0.842492
-517.9145,3.5510,82.2983,0.842544
-517.6840,3.5509,82.3648,0.842602
-517.4542,3.5508,82.4312,0.842658
-517.2045,3.5507,82.5033,0.842717
-516.9763,3.5506,82.5693,0.842771
-516.7487,3.5505,82.6351,0.842827
-516.5220,3.5504,82.7009,0.842884
-516.2958,3.5503,82.7665,0.842936
-516.0704,3.5502,82.8321,0.842994
-515.8457,3.5501,82.8977,0.843045
-515.6216,3.5500,82.9633,0.843098
-515.3983,3.5500,83.0287,0.843156
-515.1553,3.5499,83.1000,0.843211
-514.9333,3.5498,83.1652,0.843266
-514.7120,3.5497,83.2303,0.843317
-514.4914,3.5496,83.2953,0.843370
-514.2713,3.5495,83.3601,0.843426
-514.0519,3.5494,83.4247,0.843475
-513.8331,3.5494,83.4892,0.843532
-513.6150,3.5493,83.5535,0.843582
-513.3975,3.5492,83.6177,0.843634
-513.1609,3.5491,83.6875,0.843693
-512.9446,3.5490,83.7513,0.843747
-512.7291,3.5490,83.8149,0.843798
-512.5140,3.5489,83.8784,0.843852
-512.2995,3.5488,83.9418,0.843901
-512.0856,3.5487,84.0050,0.843954
-511.8722,3.5487,84.0679,0.844003
-511.6595,3.5486,84.1307,0.844056
-511.4473,3.5485,84.1933,0.844107
-511.2164,3.5484,84.2616,0.844161
-511.0054,3.5484,84.3242,0.844212
-510.7948,3.5483,84.3869,0.844263
-510.5848,3.5483,84.4496,0.844313
-510.3754,3.5482,84.5124,0.844365
-510.1665,3.5482,84.5752,0.844417
-509.9582,3.5482,84.6381,0.844463
-509.7504,3.5482,84.7008,0.844512
-509.5431,3.5481,84.7635,0.844562
-509.3177,3.5481,84.8318,0.844618
-509.1115,3.5481,84.8943,0.844669
-508.9059,3.5480,84.9567,0.844712
-508.7008,3.5480,85.0191,0.844767
-508.4962,3.5480,85.0815,0.844813
-508.2922,3.5479,85.1438,0.844862
-508.0886,3.5479,85.2060,0.844911
-507.8856,3.5479,85.2682,0.844961
-507.6646,3.5478,85.3360,0.845011
-507.4625,3.5478,85.3982,0.845061
-507.2597,3.5478,85.4606,0.845109
-507.0558,3.5478,85.5234,0.845157
-506.8508,3.5478,85.5867,0.845205
-506.6446,3.5478,85.6505,0.845256
-506.4371,3.5478,85.7147,0.845307
-506.2287,3.5478,85.7794,0.845357
-506.0195,3.5478,85.8443,0.845407
-505.8095,3.5478,85.9096,0.845457
-505.5794,3.5478,85.9812,0.845512
-505.3677,3.5478,86.0470,0.845561
-505.1552,3.5478,86.1131,0.845612
-504.9419,3.5478,86.1794,0.845665
-504.7277,3.5478,86.2459,0.845717
-504.5127,3.5478,86.3127,0.845769
-504.2968,3.5478,86.3797,0.845820
-504.0800,3.5478,86.4470,0.845874
-503.8420,3.5478,86.5210,0.845929
-503.6224,3.5478,86.5893,0.845981
-503.4014,3.5478,86.6582,0.846036
-503.1788,3.5478,86.7278,0.846088
-502.9547,3.5478,86.7982,0.846145
-502.7292,3.5478,86.8694,0.846198
-502.5019,3.5478,86.9414,0.846252
-502.2734,3.5478,87.0142,0.846306
-502.0438,3.5478,87.0878,0.846362
-501.7920,3.5478,87.1690,0.846422
-501.5599,3.5478,87.2442,0.846482
-501.3268,3.5478,87.3202,0.846536
-501.0925,3.5478,87.3970,0.846596
-500.8569,3.5478,87.4744,0.846653
-500.6198,3.5478,87.5527,0.846708
-500.3816,3.5478,87.6316,0.846766
-500.1430,3.5478,87.7109,0.846823
-499.8828,3.5478,87.7976,0.846886
-499.6445,3.5478,87.8772,0.846944
-499.4063,3.5478,87.9567,0.847003
-499.1683,3.5478,88.0361,0.847060
-498.9304,3.5478,88.1155,0.847114
-498.6926,3.5478,88.1946,0.847174
-498.4548,3.5478,88.2737,0.847232
-498.2172,3.5478,88.3526,0.847288
-497.9798,3.5478,88.4316,0.847349
-497.7425,3.5478,88.5105,0.847405
-497.5054,3.5478,88.5894,0.847463
-497.2469,3.5478,88.6756,0.847523
-497.0102,3.5478,88.7547,0.847581
-496.7737,3.5478,88.8340,0.847638
-496.5373,3.5478,88.9135,0.847697
-496.3010,3.5478,88.9932,0.847757
-496.0642,3.5478,89.0731,0.847812
-495.8262,3.5478,89.1536,0.847874
-495.5651,3.5478,89.2419,0.847934
-495.3241,3.5478,89.3234,0.847992
-495.0817,3.5478,89.4055,0.848052
-494.8375,3.5478,89.4884,0.848108
-494.5913,3.5478,89.5722,0.848171
-494.3430,3.5478,89.6571,0.848232
-494.0923,3.5478,89.7432,0.848290
-493.8393,3.5478,89.8304,0.848353
-493.5840,3.5478,89.9186,0.848414
-493.3262,3.5478,90.0079,0.848478
-493.0423,3.5478,90.1064,0.848546
-492.7797,3.5478,90.1977,0.848608
-492.5148,3.5478,90.2899,0.848677
-492.2478,3.5478,90.3831,0.848738
-491.9787,3.5478,90.4773,0.848803
-491.7074,3.5478,90.5724,0.848870
-491.4340,3.5478,90.6684,0.848932
-491.1585,3.5478,90.7652,0.849003
-490.8810,3.5478,90.8629,0.849073
-490.5759,3.5478,90.9705,0.849149
-490.2941,3.5478,91.0700,0.849215
-490.0107,3.5478,91.1703,0.849284
-489.7256,3.5478,91.2713,0.849356
-489.4395,3.5478,91.3729,0.849424
-489.1526,3.5478,91.4750,0.849494
-488.8654,3.5478,91.5774,0.849567
-488.5789,3.5478,91.6797,0.849636
-488.2938,3.5478,91.7818,0.849707
-487.9841,3.5478,91.8929,0.849780
-487.7010,3.5478,91.9948,0.849853
-487.4182,3.5478,92.0968,0.849923
-487.1364,3.5478,92.1988,0.849988
-486.8559,3.5478,92.3006,0.850058
-486.5766,3.5478,92.4023,0.850128
-486.2986,3.5478,92.5037,0.850199
-486.0218,3.5478,92.6048,0.850264
-485.7463,3.5478,92.7056,0.850332
-485.4470,3.5478,92.8151,0.850407
-485.1739,3.5478,92.9152,0.850471
-484.9020,3.5478,93.0148,0.850541
-484.6313,3.5478,93.1141,0.850608
-484.3616,3.5478,93.2131,0.850673
-484.0931,3.5478,93.3119,0.850741
-483.8257,3.5478,93.4105,0.850802
-483.5594,3.5478,93.5089,0.850873
-483.2943,3.5478,93.6072,0.850937
-483.0062,3.5478,93.7142,0.851012
-482.7433,3.5478,93.8121,0.851072
-482.4815,3.5478,93.9097,0.851142
-482.2208,3.5478,94.0071,0.851202
-481.9611,3.5478,94.1043,0.851266
-481.7025,3.5478,94.2013,0.851331
-481.4449,3.5478,94.2981,0.851396
-481.1883,3.5478,94.3946,0.851464
-480.9327,3.5478,94.4910,0.851523
-480.6542,3.5478,94.5962,0.851591
-480.3989,3.5478,94.6929,0.851656
-480.1431,3.5478,94.7898,0.851718
-479.8868,3.5478,94.8872,0.851783
-479.6302,3.5478,94.9848,0.851847
-479.3732,3.5478,95.0828,0.851913
-479.1160,3.5478,95.1810,0.851972
-478.8592,3.5478,95.2793,0.852039
-478.6027,3.5478,95.3777,0.852104
-478.3230,3.5478,95.4851,0.852172
-478.0670,3.5478,95.5837,0.852235
-477.8119,3.5478,95.6820,0.852300
-477.5578,3.5478,95.7801,0.852362
-477.3048,3.5478,95.8781,0.852426
-477.0527,3.5478,95.9758,0.852488
-476.8017,3.5478,96.0733,0.852551
-476.5517,3.5478,96.1706,0.852612
-476.3026,3.5478,96.2676,0.852678
-476.0320,3.5478,96.3733,0.852744
-475.7849,3.5478,96.4699,0.852805
-475.5389,3.5478,96.5663,0.852867
-475.2937,3.5478,96.6623,0.852927
-475.0494,3.5478,96.7580,0.852991
-474.8061,3.5478,96.8533,0.853052
-474.5632,3.5478,96.9486,0.853116
-474.3201,3.5478,97.0440,0.853173
-474.0765,3.5478,97.1398,0.853232
-473.8096,3.5478,97.2451,0.853302
-473.5639,3.5478,97.3423,0.853365
-473.3172,3.5478,97.4402,0.853426
-473.0696,3.5478,97.5388,0.853486
-472.8211,3.5478,97.6379,0.853548
-472.5716,3.5478,97.7377,0.853613
-472.3213,3.5478,97.8379,0.853677
-472.0700,3.5478,97.9388,0.853736
-471.8178,3.5478,98.0402,0.853803
-471.5416,3.5478,98.1515,0.853870
-471.2876,3.5478,98.2541,0.853936
-471.0326,3.5478,98.3572,0.854002
-470.7768,3.5478,98.4609,0.854063
-470.5201,3.5478,98.5652,0.854127
-470.2626,3.5478,98.6700,0.854194
-470.0042,3.5478,98.7754,0.854260
-469.7450,3.5478,98.8814,0.854327
-469.4849,3.5478,98.9880,0.854389
-469.2002,3.5478,99.1052,0.854465
-468.9385,3.5478,99.2134,0.854529
-468.6766,3.5478,99.3222,0.854595
-468.4153,3.5478,99.4312,0.854660
-468.1549,3.5478,99.5403,0.854726
-467.8957,3.5478,99.6492,0.854791
-467.6377,3.5478,99.7580,0.854856
-467.3809,3.5478,99.8667,0.854925
-467.1251,3.5478,99.9752,0.854986
-466.8474,3.5478,100.0933,0.855056
-466.5939,3.5478,100.2013,0.855121
-466.3415,3.5478,100.3089,0.855182
-466.0901,3.5478,100.4160,0.855247
-465.8397,3.5478,100.5225,0.855309
-465.5903,3.5478,100.6287,0.855375
-465.3419,3.5478,100.7345,0.855436
-465.0945,3.5478,100.8401,0.855495
-464.8480,3.5478,100.9455,0.855559
-464.5802,3.5478,101.0604,0.855627
-464.3358,3.5478,101.1656,0.855690
-464.0923,3.5478,101.2708,0.855749
-463.8498,3.5478,101.3761,0.855808
-463.6083,3.5478,101.4814,0.855869
-463.3677,3.5478,101.5867,0.855931
-463.1281,3.5478,101.6919,0.855992
-462.8895,3.5478,101.7969,0.856053
-462.6518,3.5478,101.9017,0.856115
-462.3935,3.5478,102.0159,0.856178
-462.1578,3.5478,102.1204,0.856234
-461.9229,3.5478,102.2247,0.856299
-461.6889,3.5478,102.3288,0.856354
-461.4559,3.5478,102.4325,0.856415
-461.2237,3.5478,102.5357,0.856471
-460.9923,3.5478,102.6385,0.856531
-460.7617,3.5478,102.7410,0.856591
-460.5320,3.5478,102.8432,0.856651
-460.2822,3.5478,102.9545,0.856714
-460.0542,3.5478,103.0563,0.856773
-459.8269,3.5478,103.1580,0.856828
-459.6005,3.5478,103.2594,0.856887
-459.3748,3.5478,103.3607,0.856944
-459.1500,3.5478,103.4617,0.857006
-458.9258,3.5478,103.5625,0.857058
-458.7025,3.5478,103.6630,0.857119
-458.4799,3.5478,103.7631,0.857171
-458.2379,3.5478,103.8720,0.857236
-458.0168,3.5478,103.9714,0.857292
-457.7964,3.5478,104.0705,0.857348
-457.5768,3.5478,104.1695,0.857402
-457.3579,3.5478,104.2684,0.857457
-457.1397,3.5478,104.3673,0.857516
-456.9222,3.5478,104.4661,0.857567
-456.7055,3.5478,104.5649,0.857626
-456.4895,3.5478,104.6634,0.857678
-456.2546,3.5478,104.7706,0.857744
-456.0400,3.5478,104.8686,0.857794
-455.8261,3.5478,104.9663,0.857850
-455.6129,3.5478,105.0637,0.857903
-455.4003,3.5478,105.1608,0.857958
-455.1884,3.5478,105.2576,0.858011
-454.9771,3.5478,105.3540,0.858066
-454.7664,3.5478,105.4500,0.858119
-454.5563,3.5478,105.5456,0.858170
-454.3274,3.5478,105.6498,0.858231
-454.1176,3.5478,105.7453,0.858284
-453.9077,3.5478,105.8408,0.858340
-453.6977,3.5478,105.9363,0.858390
-453.4873,3.5478,106.0320,0.858445
-453.2765,3.5478,106.1278,0.858499
-453.0652,3.5478,106.2239,0.858551
-452.8535,3.5478,106.3204,0.858609
-452.6413,3.5478,106.4174,0.858661
-452.4095,3.5478,106.5238,0.858719
-452.1966,3.5478,106.6220,0.858775
-451.9834,3.5478,106.7207,0.858829
-451.7698,3.5478,106.8200,0.858887
-451.5559,3.5478,106.9196,0.858938
-451.3417,3.5478,107.0193,0.858993
-451.1270,3.5478,107.1192,0.859051
-450.9120,3.5478,107.2192,0.859101
-450.6964,3.5478,107.3193,0.859154
-450.4602,3.5478,107.4291,0.859219
-450.2429,3.5478,107.5302,0.859277
-450.0248,3.5478,107.6316,0.859332
-449.8059,3.5478,107.7335,0.859388
-449.5862,3.5478,107.8359,0.859441
-449.3656,3.5478,107.9387,0.859502
-449.1443,3.5478,108.0420,0.859557
-448.9221,3.5478,108.1457,0.859612
-448.6992,3.5478,108.2501,0.859670
-448.4550,3.5478,108.3647,0.859735
-448.2305,3.5478,108.4705,0.859793
-448.0051,3.5478,108.5769,0.859848
-447.7790,3.5478,108.6839,0.859908
-447.5521,3.5478,108.7914,0.859965
-447.3244,3.5478,108.8995,0.860025
-447.0959,3.5478,109.0081,0.860082
-446.8667,3.5478,109.1174,0.860143
-446.6157,3.5478,109.2373,0.860202
-446.3849,3.5478,109.3478,0.860269
-446.1532,3.5478,109.4589,0.860322
-445.9208,3.5478,109.5706,0.860383
-445.6876,3.5478,109.6829,0.860445
-445.4536,3.5478,109.7957,0.860506
-445.2189,3.5478,109.9092,0.860564
-444.9833,3.5478,110.0232,0.860623
-444.7471,3.5478,110.1378,0.860689
-444.5101,3.5478,110.2528,0.860751
-444.2516,3.5478,110.3783,0.860816
-444.0144,3.5478,110.4934,0.860878
-443.7769,3.5478,110.6087,0.860938
-443.5402,3.5478,110.7237,0.861002
-443.3046,3.5478,110.8383,0.861063
-443.0697,3.5478,110.9525,0.861127
-442.8358,3.5478,111.0663,0.861188
-442.6027,3.5478,111.1797,0.861244
-442.3494,3.5478,111.3033,0.861313
-442.1181,3.5478,111.4164,0.861370
-441.8877,3.5478,111.5295,0.861430
-441.6581,3.5478,111.6427,0.861486
-441.4296,3.5478,111.7561,0.861544
-441.2019,3.5478,111.8696,0.861607
-440.9751,3.5478,111.9831,0.861668
-440.7492,3.5478,112.0963,0.861726
-440.5242,3.5478,112.2093,0.861785
-440.2797,3.5478,112.3322,0.861849
-440.0564,3.5478,112.4445,0.861905
-439.8339,3.5478,112.5565,0.861965
-439.6122,3.5478,112.6683,0.862023
-439.3914,3.5478,112.7797,0.862080
-439.1712,3.5478,112.8909,0.862138
-438.9519,3.5478,113.0018,0.862200
-438.7334,3.5478,113.1122,0.862250
-438.5155,3.5478,113.2222,0.862309
-438.2984,3.5478,113.3319,0.862363
-438.0623,3.5478,113.4511,0.862429
-437.8460,3.5478,113.5604,0.862481
-437.6297,3.5478,113.6699,0.862543
-437.4132,3.5478,113.7796,0.862599
-437.1966,3.5478,113.8896,0.862655
-436.9797,3.5478,114.0000,0.862708
-436.7621,3.5478,114.1108,0.862767
-436.5439,3.5478,114.2220,0.862823
-436.3056,3.5478,114.3435,0.862887
-436.0860,3.5478,114.4555,0.862945
-435.8653,3.5478,114.5679,0.863003
-435.6437,3.5478,114.6809,0.863060
-435.4216,3.5478,114.7942,0.863117
-435.1991,3.5478,114.9079,0.863178
-434.9761,3.5478,115.0219,0.863235
-434.7527,3.5478,115.1364,0.863291
-434.5288,3.5478,115.2513,0.863350
-434.2840,3.5478,115.3770,0.863416
-434.0591,3.5478,115.4927,0.863473
-433.8339,3.5478,115.6089,0.863534
-433.6081,3.5478,115.7255,0.863591
-433.3820,3.5478,115.8426,0.863651
-433.1554,3.5478,115.9602,0.863707
-432.9284,3.5478,116.0782,0.863766
-432.7010,3.5478,116.1965,0.863826
-432.4731,3.5478,116.3151,0.863888
-432.2239,3.5478,116.4448,0.863951
-431.9951,3.5478,116.5638,0.864013
-431.7657,3.5478,116.6830,0.864072
-431.5359,3.5478,116.8024,0.864130
-431.3055,3.5478,116.9219,0.864192
-431.0747,3.5478,117.0417,0.864255
-430.8434,3.5478,117.1616,0.864308
-430.6115,3.5478,117.2818,0.864374
-430.3792,3.5478,117.4023,0.864434
-430.1252,3.5478,117.5342,0.864503
-429.8919,3.5478,117.6557,0.864558
-429.6582,3.5478,117.7779,0.864624
-429.4241,3.5478,117.9007,0.864683
-429.1895,3.5478,118.0242,0.864747
-428.9546,3.5478,118.1483,0.864808
-428.7193,3.5478,118.2730,0.864870
-428.4837,3.5478,118.3982,0.864930
-428.2476,3.5478,118.5238,0.864993
-427.9897,3.5478,118.6612,0.865059
-427.7528,3.5478,118.7876,0.865122
-427.5155,3.5478,118.9142,0.865184
-427.2779,3.5478,119.0411,0.865249
-427.0398,3.5478,119.1683,0.865310
-426.8013,3.5478,119.2957,0.865376
-426.5624,3.5478,119.4233,0.865437
-426.3231,3.5478,119.5513,0.865496
-426.0833,3.5478,119.6795,0.865562
-425.8213,3.5478,119.8198,0.865632
-425.5808,3.5478,119.9487,0.865692
-425.3397,3.5478,120.0781,0.865757
-425.0981,3.5478,120.2078,0.865824
-424.8564,3.5478,120.3377,0.865888
-424.6155,3.5478,120.4673,0.865950
-424.3757,3.5478,120.5964,0.866013
-424.1368,3.5478,120.7252,0.866073
-423.8989,3.5478,120.8535,0.866139
-423.6405,3.5478,120.9931,0.866210
-423.4045,3.5478,121.1207,0.866269
-423.1695,3.5478,121.2478,0.866333
-422.9353,3.5478,121.3745,0.866395
-422.7020,3.5478,121.5007,0.866455
-422.4696,3.5478,121.6265,0.866517
-422.2381,3.5478,121.7519,0.866577
-422.0074,3.5478,121.8768,0.866638
-421.7775,3.5478,122.0014,0.866700
-421.5278,3.5478,122.1370,0.866764
-421.2997,3.5478,122.2610,0.866825
-421.0725,3.5478,122.3847,0.866883
-420.8462,3.5478,122.5081,0.866941
-420.6206,3.5478,122.6312,0.867005
-420.3960,3.5478,122.7540,0.867061
-420.1721,3.5478,122.8764,0.867117
-419.9490,3.5478,122.9985,0.867176
-419.7268,3.5478,123.1203,0.867237
-419.4853,3.5478,123.2528,0.867299
-419.2646,3.5478,123.3738,0.867353
-419.0448,3.5478,123.4945,0.867412
-418.8257,3.5478,123.6148,0.867468
-418.6075,3.5478,123.7347,0.867532
-418.3898,3.5478,123.8542,0.867584
-418.1730,3.5478,123.9734,0.867639
-417.9568,3.5478,124.0922,0.867697
-417.7415,3.5478,124.2107,0.867756
-417.5073,3.5478,124.3395,0.867819
-417.2934,3.5478,124.4573,0.867872
-417.0802,3.5478,124.5746,0.867930
-416.8676,3.5478,124.6915,0.867987
-416.6558,3.5478,124.8081,0.868046
-416.4446,3.5478,124.9243,0.868097
-416.2341,3.5478,125.0402,0.868156
-416.0242,3.5478,125.1557,0.868210
-415.8150,3.5478,125.2709,0.868265
-415.5875,3.5478,125.3960,0.868326
-415.3796,3.5478,125.5103,0.868376
-415.1723,3.5478,125.6243,0.868436
-414.9656,3.5478,125.7379,0.868488
-414.7596,3.5478,125.8512,0.868541
-414.5542,3.5478,125.9643,0.868599
-414.3494,3.5478,126.0771,0.868649
-414.1453,3.5478,126.1897,0.868704
-413.9418,3.5478,126.3021,0.868761
-413.7205,3.5478,126.4242,0.868815
-413.5182,3.5478,126.5359,0.868870
-413.3165,3.5478,126.6471,0.868925
-413.1154,3.5478,126.7580,0.868980
-412.9147,3.5478,126.8685,0.869028
-412.7147,3.5478,126.9787,0.869080
-412.5152,3.5478,127.0884,0.869137
-412.3163,3.5478,127.1978,0.869190
-412.1179,3.5478,127.3069,0.869246
-411.9020,3.5478,127.4254,0.869300
-411.7047,3.5478,127.5336,0.869353
-411.5079,3.5478,127.6415,0.869403
-411.3116,3.5478,127.7491,0.869453
-411.1158,3.5478,127.8565,0.869507
-410.9206,3.5478,127.9636,0.869560
-410.7258,3.5478,128.0704,0.869608
-410.5314,3.5478,128.1771,0.869657
-410.3369,3.5478,128.2838,0.869713
-410.1245,3.5478,128.4002,0.869772
-409.9297,3.5478,128.5071,0.869817
-409.7349,3.5478,128.6139,0.869867
-409.5402,3.5478,128.7207,0.869925
-409.3455,3.5478,128.8274,0.869975
-409.1508,3.5478,128.9341,0.870028
-408.9561,3.5478,129.0408,0.870070
-408.7614,3.5478,129.1475,0.870125
-408.5667,3.5478,129.2542,0.870175
-408.3543,3.5478,129.3706,0.870231
-408.1596,3.5478,129.4774,0.870281
-407.9649,3.5478,129.5844,0.870330
-407.7704,3.5478,129.6914,0.870380
-407.5758,3.5478,129.7986,0.870433
-407.3814,3.5478,129.9059,0.870488
-407.1870,3.5478,130.0132,0.870531
-406.9927,3.5478,130.1207,0.870588
-406.7983,3.5478,130.2283,0.870634
-406.5863,3.5478,130.3457,0.870692
-406.3923,3.5478,130.4534,0.870740
-406.1983,3.5478,130.5611,0.870791
-406.0042,3.5478,130.6689,0.870842
-405.8102,3.5478,130.7767,0.870892
-405.6162,3.5478,130.8846,0.870941
-405.4222,3.5478,130.9925,0.870995
-405.2285,3.5478,131.1005,0.871044
-405.0348,3.5478,131.2085,0.871096
-404.8235,3.5478,131.3264,0.871152
-404.6298,3.5478,131.4344,0.871197
-404.4361,3.5478,131.5424,0.871248
-404.2424,3.5478,131.6504,0.871301
-404.0487,3.5478,131.7583,0.871355
-403.8553,3.5478,131.8664,0.871401
-403.6618,3.5478,131.9744,0.871457
-403.4684,3.5478,132.0825,0.871508
-403.2750,3.5478,132.1906,0.871559
-403.0640,3.5478,132.3086,0.871612
-402.8707,3.5478,132.4167,0.871667
-402.6773,3.5478,132.5248,0.871712
-402.4840,3.5478,132.6330,0.871766
-402.2908,3.5478,132.7412,0.871813
-402.0977,3.5478,132.8495,0.871870
-401.9046,3.5478,132.9578,0.871922
-401.7116,3.5478,133.0662,0.871968
-401.5186,3.5478,133.1746,0.872021
-401.3080,3.5478,133.2930,0.872077
-401.1144,3.5478,133.4018,0.872128
-400.9199,3.5478,133.5112,0.872178
-400.7244,3.5478,133.6213,0.872228
-400.5277,3.5478,133.7321,0.872279
-400.3299,3.5478,133.8435,0.872332
-400.1309,3.5478,133.9557,0.872389
-399.9309,3.5478,134.0685,0.872440
-399.7297,3.5478,134.1820,0.872489
-399.5089,3.5478,134.3067,0.872545
-399.3054,3.5478,134.4216,0.872604
-399.1007,3.5478,134.5374,0.872658
-398.8948,3.5478,134.6539,0.872714
-398.6878,3.5478,134.7711,0.872766
-398.4796,3.5478,134.8891,0.872820
-398.2703,3.5478,135.0078,0.872878
-398.0598,3.5478,135.1272,0.872935
-397.8481,3.5478,135.2472,0.872992
-397.6157,3.5478,135.3788,0.873048
-397.4015,3.5478,135.4999,0.873111
-397.1859,3.5478,135.6215,0.873164
-396.9690,3.5478,135.7437,0.873224
-396.7510,3.5478,135.8664,0.873278
-396.5318,3.5478,135.9898,0.873333
-396.3121,3.5478,136.1134,0.873392
-396.0919,3.5478,136.2373,0.873454
-395.8709,3.5478,136.3614,0.873510
-395.6290,3.5478,136.4974,0.873572
-395.4060,3.5478,136.6226,0.873637
-395.1827,3.5478,136.7480,0.873693
-394.9595,3.5478,136.8732,0.873753
-394.7366,3.5478,136.9983,0.873811
-394.5138,3.5478,137.1233,0.873871
-394.2913,3.5478,137.2482,0.873928
-394.0687,3.5478,137.3730,0.873992
-393.8465,3.5478,137.4977,0.874049
-393.6040,3.5478,137.6336,0.874109
-393.3821,3.5478,137.7581,0.874173
-393.1602,3.5478,137.8825,0.874234
-392.9384,3.5478,138.0069,0.874285
-392.7169,3.5478,138.1311,0.874350
-392.4955,3.5478,138.2551,0.874408
-392.2742,3.5478,138.3792,0.874468
-392.0534,3.5478,138.5029,0.874524
-391.8135,3.5478,138.6373,0.874588
-391.5943,3.5478,138.7601,0.874646
-391.3758,3.5478,138.8824,0.874702
-391.1581,3.5478,139.0043,0.874762
-390.9410,3.5478,139.1256,0.874823
-390.7247,3.5478,139.2466,0.874879
-390.5090,3.5478,139.3671,0.874934
-390.2940,3.5478,139.4874,0.874995
-390.0798,3.5478,139.6072,0.875052
-389.8468,3.5478,139.7376,0.875110
-389.6340,3.5478,139.8567,0.875168
-389.4218,3.5478,139.9755,0.875227
-389.2103,3.5478,140.0939,0.875283
-388.9994,3.5478,140.2119,0.875339
-388.7892,3.5478,140.3296,0.875395
-388.5797,3.5478,140.4471,0.875455
-388.3709,3.5478,140.5643,0.875506
-388.1627,3.5478,140.6813,0.875561
-387.9364,3.5478,140.8085,0.875623
-387.7296,3.5478,140.9249,0.875679
-387.5234,3.5478,141.0410,0.875731
-387.3179,3.5478,141.1568,0.875787
-387.1130,3.5478,141.2722,0.875842
-386.9087,3.5478,141.3873,0.875895
-386.7051,3.5478,141.5020,0.875951
-386.5020,3.5478,141.6164,0.876009
-386.2996,3.5478,141.7305,0.876063
-386.0794,3.5478,141.8545,0.876121
-385.8782,3.5478,141.9678,0.876173
-385.6775,3.5478,142.0808,0.876232
-385.4774,3.5478,142.1935,0.876279
-385.2778,3.5478,142.3058,0.876335
-385.0789,3.5478,142.4178,0.876387
-384.8804,3.5478,142.5295,0.876441
-384.6826,3.5478,142.6410,0.876497
-384.4853,3.5478,142.7523,0.876551
-384.2708,3.5478,142.8735,0.876607
-384.0746,3.5478,142.9844,0.876659
-383.8791,3.5478,143.0951,0.876715
-383.6841,3.5478,143.2057,0.876766
-383.4897,3.5478,143.3161,0.876822
-383.2959,3.5478,143.4262,0.876877
-383.1026,3.5478,143.5362,0.876932
-382.9099,3.5478,143.6460,0.876983
-382.7177,3.5478,143.7555,0.877033
-382.5086,3.5478,143.8747,0.877096
-382.3174,3.5478,143.9837,0.877144
-382.1268,3.5478,144.0925,0.877196
-381.9367,3.5478,144.2011,0.877243
-381.7472,3.5478,144.3095,0.877297
-381.5581,3.5478,144.4177,0.877351
-381.3695,3.5478,144.5257,0.877402
-381.1815,3.5478,144.6334,0.877452
-380.9939,3.5478,144.7410,0.877507
-380.7898,3.5478,144.8582,0.877558
-380.6025,3.5478,144.9658,0.877615
-380.4149,3.5478,145.0737,0.877663
-380.2273,3.5478,145.1817,0.877717
-380.0394,3.5478,145.2899,0.877766
-379.8512,3.5478,145.3982,0.877815
-379.6628,3.5478,145.5068,0.877864
-379.4738,3.5478,145.6156,0.877923
-379.2843,3.5478,145.7248,0.877973
-379.0770,3.5478,145.8442,0.878029
-378.8865,3.5478,145.9539,0.878078
-378.6954,3.5478,146.0639,0.878133
-378.5039,3.5478,146.1741,0.878189
-378.3118,3.5478,146.2847,0.878240
-378.1193,3.5478,146.3955,0.878292
-377.9263,3.5478,146.5066,0.878350
-377.7328,3.5478,146.6180,0.878397
-377.5388,3.5478,146.7298,0.878447
-377.3442,3.5478,146.8418,0.878504
-377.1315,3.5478,146.9643,0.878563
-376.9359,3.5478,147.0769,0.878615
-376.7399,3.5478,147.1897,0.878667
-376.5433,3.5478,147.3028,0.878721
-376.3463,3.5478,147.4161,0.878777
-376.1487,3.5478,147.5298,0.878829
-375.9506,3.5478,147.6437,0.878888
-375.7521,3.5478,147.7578,0.878940
-375.5357,3.5478,147.8824,0.878998
-375.3373,3.5478,147.9965,0.879051
-375.1388,3.5478,148.1107,0.879107
-374.9402,3.5478,148.2249,0.879160
-374.7415,3.5478,148.3392,0.879211
-374.5428,3.5478,148.4535,0.879268
-374.3440,3.5478,148.5678,0.879323
-374.1453,3.5478,148.6821,0.879375
-373.9465,3.5478,148.7964,0.879436
-373.7296,3.5478,148.9211,0.879491
-373.5306,3.5478,149.0354,0.879546
-373.3316,3.5478,149.1497,0.879603
-373.1325,3.5478,149.2641,0.879657
-372.9335,3.5478,149.3786,0.879710
-372.7344,3.5478,149.4931,0.879764
-372.5353,3.5478,149.6077,0.879814
-372.3363,3.5478,149.7223,0.879872
-372.1372,3.5478,149.8369,0.879926
-371.9200,3.5478,149.9619,0.879987
-371.7208,3.5478,150.0764,0.880037
-371.5214,3.5478,150.1909,0.880089
-371.3220,3.5478,150.3053,0.880148
-371.1226,3.5478,150.4196,0.880203
-370.9232,3.5478,150.5339,0.880256
-370.7237,3.5478,150.6482,0.880307
-370.5241,3.5478,150.7625,0.880363
-370.3245,3.5478,150.8768,0.880418
-370.1066,3.5478,151.0015,0.880477
-369.9069,3.5478,151.1158,0.880534
-369.7071,3.5478,151.2300,0.880584
-369.5074,3.5478,151.3442,0.880644
-369.3074,3.5478,151.4583,0.880696
-369.1074,3.5478,151.5722,0.880750
-368.9073,3.5478,151.6859,0.880807
-368.7072,3.5478,151.7996,0.880856
-368.5068,3.5478,151.9131,0.880916
-368.2882,3.5478,152.0370,0.880977
-368.0878,3.5478,152.1505,0.881029
-367.8873,3.5478,152.2641,0.881083
-367.6869,3.5478,152.3777,0.881136
-367.4863,3.5478,152.4914,0.881195
-367.2856,3.5478,152.6051,0.881245
-367.0849,3.5478,152.7187,0.881300
-366.8841,3.5478,152.8324,0.881357
-366.6834,3.5478,152.9460,0.881409
-366.4643,3.5478,153.0699,0.881469
-366.2634,3.5478,153.1836,0.881523
-366.0623,3.5478,153.2972,0.881576
-365.8613,3.5478,153.4109,0.881632
-365.6602,3.5478,153.5248,0.881684
-365.4591,3.5478,153.6387,0.881738
-365.2580,3.5478,153.7529,0.881794
-365.0569,3.5478,153.8670,0.881846
-364.8559,3.5478,153.9811,0.881902
-364.6364,3.5478,154.1056,0.881961
-364.4353,3.5478,154.2198,0.882019
-364.2340,3.5478,154.3339,0.882074
-364.0326,3.5478,154.4480,0.882128
-363.8312,3.5478,154.5621,0.882180
-363.6298,3.5478,154.6761,0.882238
-363.4284,3.5478,154.7900,0.882289
-363.2270,3.5478,154.9038,0.882345
-363.0254,3.5478,155.0176,0.882404
-362.8055,3.5478,155.1419,0.882458
-362.6039,3.5478,155.2560,0.882513
-362.4023,3.5478,155.3704,0.882568
-362.2007,3.5478,155.4850,0.882622
-361.9993,3.5478,155.5999,0.882680
-361.7977,3.5478,155.7149,0.882732
-361.5963,3.5478,155.8299,0.882791
-361.3948,3.5478,155.9450,0.882845
-361.1933,3.5478,156.0602,0.882901
-360.9735,3.5478,156.1858,0.882959
-360.7719,3.5478,156.3009,0.883013
-360.5703,3.5478,156.4159,0.883067
-360.3686,3.5478,156.5308,0.883122
-360.1669,3.5478,156.6456,0.883179
-359.9651,3.5478,156.7604,0.883230
-359.7634,3.5478,156.8753,0.883286
-359.5616,3.5478,156.9902,0.883340
-359.3599,3.5478,157.1049,0.883396
-359.1397,3.5478,157.2302,0.883455
-358.9378,3.5478,157.3450,0.883511
-358.7359,3.5478,157.4600,0.883568
-358.5339,3.5478,157.5751,0.883623
-358.3319,3.5478,157.6903,0.883678
-358.1301,3.5478,157.8057,0.883734
-357.9282,3.5478,157.9214,0.883791
-357.7264,3.5478,158.0371,0.883841
-357.5062,3.5478,158.1635,0.883903
-357.3044,3.5478,158.2794,0.883959
-357.1026,3.5478,158.3954,0.884013
-356.9008,3.5478,158.5114,0.884070
-356.6990,3.5478,158.6275,0.884120
-356.4972,3.5478,158.7436,0.884179
-356.2953,3.5478,158.8597,0.884231
-356.0934,3.5478,158.9757,0.884287
-355.8914,3.5478,159.0917,0.884345
-355.6893,3.5478,159.2076,0.884396
-355.4689,3.5478,159.3338,0.884457
-355.2668,3.5478,159.4495,0.884512
-355.0647,3.5478,159.5651,0.884568
-354.8626,3.5478,159.6807,0.884623
-354.6603,3.5478,159.7961,0.884681
-354.4580,3.5478,159.9114,0.884734
-354.2556,3.5478,160.0265,0.884789
-354.0531,3.5478,160.1415,0.884848
-353.8507,3.5478,160.2565,0.884901
-353.6298,3.5478,160.3819,0.884955
-353.4271,3.5478,160.4971,0.885018
-353.2244,3.5478,160.6124,0.885074
-353.0217,3.5478,160.7278,0.885127
-352.8190,3.5478,160.8433,0.885186
-352.6162,3.5478,160.9588,0.885238
-352.4135,3.5478,161.0744,0.885293
-352.2107,3.5478,161.1900,0.885350
-352.0079,3.5478,161.3056,0.885406
-351.7867,3.5478,161.4316,0.885463
-351.5840,3.5478,161.5470,0.885519
-351.3811,3.5478,161.6623,0.885576
-351.1781,3.5478,161.7775,0.885629
-350.9751,3.5478,161.8927,0.885690
-350.7720,3.5478,162.0080,0.885741
-350.5689,3.5478,162.1233,0.885798
-350.3658,3.5478,162.2387,0.885856
-350.1626,3.5478,162.3542,0.885907
-349.9405,3.5478,162.4806,0.885972
-349.7367,3.5478,162.5965,0.886026
-349.5321,3.5478,162.7129,0.886082
-349.3264,3.5478,162.8298,0.886138
-349.1192,3.5478,162.9475,0.886199
-348.9106,3.5478,163.0659,0.886254
-348.7011,3.5478,163.1846,0.886309
-348.4907,3.5478,163.3036,0.886370
-348.2794,3.5478,163.4230,0.886426
-348.0479,3.5478,163.5536,0.886483
-347.8348,3.5478,163.6738,0.886543
-347.6209,3.5478,163.7944,0.886599
-347.4061,3.5478,163.9155,0.886657
-347.1905,3.5478,164.0370,0.886723
-346.9741,3.5478,164.1591,0.886782
-346.7568,3.5478,164.2815,0.886841
-346.5387,3.5478,164.4044,0.886901
-346.3198,3.5478,164.5279,0.886959
-346.0801,3.5478,164.6632,0.887024
-345.8595,3.5478,164.7879,0.887086
-345.6382,3.5478,164.9133,0.887149
-345.4161,3.5478,165.0390,0.887207
-345.1933,3.5478,165.1652,0.887266
-344.9697,3.5478,165.2916,0.887329
-344.7455,3.5478,165.4184,0.887389
-344.5205,3.5478,165.5454,0.887453
-344.2947,3.5478,165.6728,0.887515
-344.0476,3.5478,165.8121,0.887582
-343.8204,3.5478,165.9403,0.887648
-343.5924,3.5478,166.0687,0.887706
-343.3636,3.5478,166.1976,0.887769
-343.1341,3.5478,166.3267,0.887833
-342.9038,3.5478,166.4561,0.887895
-342.6728,3.5478,166.5859,0.887961
-342.4411,3.5478,166.7160,0.888025
-342.1874,3.5478,166.8584,0.888096
-341.9542,3.5478,166.9893,0.888156
-341.7202,3.5478,167.1207,0.888223
-341.4855,3.5478,167.2525,0.888283
-341.2502,3.5478,167.3848,0.888349
-341.0141,3.5478,167.5174,0.888413
-340.7774,3.5478,167.6504,0.888478
-340.5400,3.5478,167.7839,0.888545
-340.3019,3.5478,167.9177,0.888608
-340.0632,3.5478,168.0519,0.888676
-339.8020,3.5478,168.1988,0.888748
-339.5619,3.5478,168.3338,0.888813
-339.3211,3.5478,168.4693,0.888879
-339.0797,3.5478,168.6051,0.888946
-338.8377,3.5478,168.7413,0.889013
-338.5950,3.5478,168.8777,0.889077
-338.3515,3.5478,169.0145,0.889148
-338.1069,3.5478,169.1518,0.889213
-337.8609,3.5478,169.2899,0.889281
-337.5912,3.5478,169.4412,0.889354
-337.3428,3.5478,169.5806,0.889423
-337.0932,3.5478,169.7206,0.889495
-336.8424,3.5478,169.8614,0.889560
-336.5904,3.5478,170.0029,0.889627
-336.3373,3.5478,170.1452,0.889701
-336.0831,3.5478,170.2883,0.889771
-335.8278,3.5478,170.4321,0.889839
-335.5714,3.5478,170.5766,0.889912
-335.2903,3.5478,170.7350,0.889986
-335.0316,3.5478,170.8807,0.890059
-334.7717,3.5478,171.0271,0.890130
-334.5107,3.5478,171.1739,0.890205
-334.2486,3.5478,171.3214,0.890272
-333.9854,3.5478,171.4694,0.890349
-333.7210,3.5478,171.6181,0.890418
-333.4557,3.5478,171.7673,0.890494
-333.1649,3.5478,171.9309,0.890571
-332.8972,3.5478,172.0814,0.890649
-332.6286,3.5478,172.2327,0.890725
-332.3589,3.5478,172.3846,0.890796
-332.0881,3.5478,172.5373,0.890872
-331.8164,3.5478,172.6908,0.890945
-331.5436,3.5478,172.8451,0.891021
-331.2699,3.5478,173.0000,0.891099
-330.9951,3.5478,173.1557,0.891174
-330.6943,3.5478,173.3260,0.891255
-330.4174,3.5478,173.4827,0.891331
-330.1396,3.5478,173.6399,0.891405
-329.8607,3.5478,173.7977,0.891490
-329.5808,3.5478,173.9559,0.891564
-329.2999,3.5478,174.1147,0.891640
-329.0180,3.5478,174.2740,0.891715
-328.7350,3.5478,174.4339,0.891800
-328.4511,3.5478,174.5944,0.891873
-328.1402,3.5478,174.7701,0.891959
-327.8542,3.5479,174.9318,0.892039
-327.5673,3.5479,175.0942,0.892121
-327.2793,3.5479,175.2572,0.892200
-326.9904,3.5479,175.4207,0.892281
-326.7004,3.5479,175.5848,0.892355
-326.4096,3.5479,175.7495,0.892439
-326.1177,3.5479,175.9147,0.892519
-325.8250,3.5479,176.0805,0.892597
-325.5045,3.5479,176.2619,0.892688
-325.2097,3.5479,176.4287,0.892770
-324.9139,3.5479,176.5961,0.892847
-324.6172,3.5479,176.7639,0.892935
-324.3195,3.5479,176.9323,0.893016
-324.0208,3.5479,177.1010,0.893098
-323.7214,3.5479,177.2701,0.893182
-323.4215,3.5479,177.4396,0.893260
-323.1209,3.5479,177.6095,0.893347
-322.7923,3.5479,177.7951,0.893438
-322.4909,3.5479,177.9654,0.893516
-322.1904,3.5479,178.1351,0.893600
-321.8915,3.5479,178.3039,0.893685
-321.5938,3.5479,178.4720,0.893764
-321.2971,3.5479,178.6395,0.893847
-321.0020,3.5479,178.8061,0.893930
-320.7082,3.5479,178.9719,0.894008
-320.4158,3.5480,179.1369,0.894090
-320.0984,3.5480,179.3161,0.894183
-319.8088,3.5480,179.4795,0.894257
-319.5206,3.5480,179.6423,0.894336
-319.2339,3.5480,179.8045,0.894417
-318.9484,3.5480,179.9660,0.894496
-318.6643,3.5480,180.1269,0.894571
-318.3815,3.5480,180.2870,0.894652
-318.1000,3.5480,180.4464,0.894723
-317.8199,3.5480,180.6050,0.894802
-317.5156,3.5480,180.7772,0.894887
-317.2381,3.5480,180.9342,0.894958
-316.9617,3.5480,181.0905,0.895036
-316.6866,3.5480,181.2460,0.895119
-316.4128,3.5480,181.4008,0.895190
-316.1402,3.5480,181.5548,0.895265
-315.8694,3.5480,181.7079,0.895338
-315.6008,3.5480,181.8596,0.895412
-315.3348,3.5480,182.0100,0.895484
-315.0474,3.5481,182.1724,0.895563
-314.7868,3.5481,182.3196,0.895633
-314.5289,3.5481,182.4653,0.895704
-314.2738,3.5481,182.6095,0.895774
-314.0213,3.5481,182.7520,0.895844
-313.7716,3.5481,182.8931,0.895912
-313.5247,3.5481,183.0326,0.895977
-313.2803,3.5481,183.1706,0.896044
-313.0386,3.5481,183.3071,0.896110
-312.7778,3.5481,183.4543,0.896176
-312.5416,3.5481,183.5877,0.896242
-312.3080,3.5481,183.7195,0.896302
-312.0770,3.5481,183.8497,0.896364
-311.8486,3.5481,183.9784,0.896431
-311.6228,3.5481,184.1057,0.896488
-311.3995,3.5481,184.2313,0.896547
-311.1787,3.5481,184.3555,0.896609
-310.9603,3.5481,184.4784,0.896664
-310.7245,3.5481,184.6110,0.896725
-310.5102,3.5481,184.7316,0.896786
-310.2976,3.5481,184.8513,0.896841
-310.0864,3.5481,184.9702,0.896898
-309.8765,3.5481,185.0885,0.896954
-309.6676,3.5481,185.2062,0.897010
-309.4601,3.5481,185.3232,0.897065
-309.2540,3.5481,185.4393,0.897120
-309.0492,3.5480,185.5547,0.897177
-308.8273,3.5480,185.6797,0.897233
-308.6254,3.5480,185.7936,0.897289
-308.4249,3.5480,185.9066,0.897342
-308.2256,3.5480,186.0190,0.897396
-308.0277,3.5479,186.1306,0.897447
-307.8311,3.5479,186.2414,0.897499
-307.6358,3.5479,186.3515,0.897553
-307.4418,3.5478,186.4610,0.897611
-307.2493,3.5478,186.5696,0.897660
-307.0410,3.5477,186.6871,0.897718
-306.8516,3.5476,186.7939,0.897770
-306.6638,3.5476,186.8997,0.897822
-306.4778,3.5475,187.0047,0.897871
-306.2935,3.5475,187.1086,0.897926
-306.1111,3.5474,187.2115,0.897978
-305.9303,3.5473,187.3135,0.898025
-305.7513,3.5473,187.4145,0.898077
-305.5742,3.5473,187.5145,0.898127
-305.3829,3.5472,187.6225,0.898176
-305.2093,3.5471,187.7205,0.898226
-305.0374,3.5470,187.8176,0.898272
-304.8673,3.5469,187.9140,0.898319
-304.6988,3.5468,188.0094,0.898364
-304.5319,3.5467,188.1041,0.898406
-304.3665,3.5466,188.1978,0.898453
-304.2026,3.5465,188.2907,0.898497
-304.0402,3.5464,188.3827,0.898540
-303.8646,3.5463,188.4821,0.898591
-303.7047,3.5463,188.5726,0.898631
-303.5456,3.5462,188.6626,0.898672
-303.3869,3.5461,188.7523,0.898713
-303.2282,3.5460,188.8419,0.898758
-303.0697,3.5459,188.9313,0.898800
-302.9112,3.5458,189.0205,0.898843
-302.7530,3.5456,189.1094,0.898886
-302.5950,3.5455,189.1980,0.898932
-302.4231,3.5454,189.2940,0.898976
-302.2661,3.5453,189.3815,0.899019
-302.1097,3.5452,189.4685,0.899058
-301.9538,3.5450,189.5549,0.899102
-301.7981,3.5449,189.6409,0.899145
-301.6425,3.5448,189.7267,0.899187
-301.4873,3.5447,189.8121,0.899228
-301.3329,3.5446,189.8969,0.899274
-301.1789,3.5445,189.9811,0.899312
-301.0114,3.5443,190.0725,0.899365
-300.8582,3.5442,190.1558,0.899402
-300.7053,3.5440,190.2387,0.899447
-300.5526,3.5439,190.3209,0.899486
-300.4004,3.5437,190.4025,0.899529
-300.2484,3.5436,190.4834,0.899570
-300.0966,3.5434,190.5634,0.899612
-299.9452,3.5433,190.6426,0.899651
-299.7940,3.5431,190.7209,0.899691
-299.6295,3.5430,190.8050,0.899737
-299.4789,3.5428,190.8809,0.899778
-299.3284,3.5427,190.9556,0.899820
-299.1784,3.5426,191.0286,0.899858
-299.0283,3.5424,191.1003,0.899898
-298.8785,3.5422,191.1703,0.899940
-298.7287,3.5420,191.2389,0.899980
-298.5790,3.5418,191.3058,0.900019
-298.4294,3.5417,191.3712,0.900057
-298.2664,3.5415,191.4408,0.900104
-298.1171,3.5413,191.5030,0.900142
-297.9679,3.5411,191.5637,0.900179
-297.8187,3.5409,191.6232,0.900218
-297.6694,3.5407,191.6814,0.900260
-297.5193,3.5245,191.7381,0.900299
-297.3690,3.5336,191.7928,0.900338
-297.2102,3.5398,191.8350,0.900379
-297.0592,3.5436,191.8789,0.900419
-296.8948,3.5446,191.9364,0.900464
-296.7433,3.5455,191.9891,0.900505
-296.5911,3.5465,192.0404,0.900543
-296.4387,3.5476,192.0903,0.900584
-296.2864,3.5488,192.1395,0.900625
-296.1339,3.5499,192.1882,0.900665
-295.9802,3.5511,192.2365,0.900706
-295.8271,3.5522,192.2858,0.900749
-295.6740,3.5533,192.3352,0.900790
-295.5074,3.5544,192.3894,0.900836
-295.3510,3.5566,192.4373,0.900877
-295.1947,3.5600,192.4873,0.900918
-295.0451,3.5624,192.5363,0.900959
-294.8912,3.5637,192.5882,0.901001
-294.7371,3.5649,192.6409,0.901043
-294.5829,3.5661,192.6940,0.901083
-294.4283,3.5672,192.7478,0.901124
-294.2737,3.5683,192.8026,0.901167
-294.1050,3.5695,192.8626,0.901214
-293.9501,3.5705,192.9180,0.901252
-293.7952,3.5714,192.9740,0.901295
-293.6402,3.5724,193.0301,0.901338
-293.4851,3.5734,193.0862,0.901379
-293.3300,3.5744,193.1420,0.901421
-293.1762,3.5751,193.1968,0.901459
-293.0214,3.5755,193.2514,0.901503
-292.8669,3.5760,193.3052,0.901542
-292.6986,3.5766,193.3630,0.901588
-292.5447,3.5772,193.4151,0.901625
-292.3911,3.5778,193.4664,0.901668
-292.2378,3.5785,193.5175,0.901706
-292.0847,3.5791,193.5683,0.901747
-291.9317,3.5798,193.6189,0.901788
-291.7784,3.5806,193.6692,0.901829
-291.6250,3.5813,193.7194,0.901868
-291.4713,3.5821,193.7693,0.901908
-291.3044,3.5827,193.8232,0.901952
-291.1502,3.5829,193.8729,0.901992
-290.9958,3.5831,193.9227,0.902034
-290.8411,3.5834,193.9724,0.902073
-290.6860,3.5836,194.0220,0.902114
-290.5303,3.5839,194.0715,0.902155
-290.3739,3.5842,194.1211,0.902194
-290.2168,3.5845,194.1703,0.902230
-290.0590,3.5848,194.2194,0.902274
-289.8861,3.5853,194.2726,0.902317
-289.7269,3.5857,194.3211,0.902358
-289.5669,3.5862,194.3695,0.902399
-289.4071,3.5865,194.4175,0.902441
-289.2457,3.5865,194.4658,0.902481
-289.0836,3.5865,194.5140,0.902523
-288.9208,3.5865,194.5622,0.902564
-288.7573,3.5866,194.6102,0.902604
-288.5930,3.5866,194.6581,0.902645
-288.4131,3.5868,194.7103,0.902692
-288.2475,3.5869,194.7582,0.902732
-288.0815,3.5870,194.8060,0.902772
-287.9154,3.5871,194.8538,0.902814
-287.7492,3.5873,194.9016,0.902855
-287.5830,3.5874,194.9491,0.902896
-287.4179,3.5872,194.9962,0.902938
-287.2520,3.5869,195.0430,0.902977
-287.0862,3.5866,195.0895,0.903019
-286.9056,3.5864,195.1396,0.903064
-286.7401,3.5862,195.1852,0.903104
-286.5748,3.5860,195.2304,0.903144
-286.4097,3.5858,195.2753,0.903185
-286.2447,3.5857,195.3198,0.903225
-286.0799,3.5856,195.3640,0.903266
-285.9153,3.5855,195.4076,0.903307
-285.7509,3.5855,195.4508,0.903344
-285.5726,3.5853,195.4971,0.903393
-285.4086,3.5849,195.5395,0.903432
-285.2447,3.5845,195.5817,0.903472
-285.0810,3.5841,195.6237,0.903511
-284.9174,3.5837,195.6656,0.903551
-284.7535,3.5834,195.7073,0.903591
-284.5894,3.5830,195.7489,0.903632
-284.4250,3.5827,195.7903,0.903672
-284.2601,3.5824,195.8315,0.903710
-284.0949,3.5821,195.8725,0.903752
-283.9143,3.5819,195.9171,0.903797
-283.7485,3.5816,195.9580,0.903837
-283.5831,3.5810,195.9986,0.903877
-283.4168,3.5804,196.0392,0.903918
-283.2502,3.5798,196.0796,0.903957
-283.0834,3.5792,196.1195,0.903999
-282.9166,3.5787,196.1587,0.904038
-282.7496,3.5782,196.1972,0.904079
-282.5676,3.5779,196.2381,0.904124
-282.4012,3.5776,196.2747,0.904163
-282.2350,3.5774,196.3103,0.904203
-282.0694,3.5772,196.3451,0.904243
-281.9041,3.5771,196.3790,0.904285
-281.7401,3.5768,196.4118,0.904325
-281.5756,3.5764,196.4438,0.904365
-281.4113,3.5761,196.4749,0.904405
-281.2467,3.5759,196.5051,0.904446
-281.0818,3.5758,196.5348,0.904486
-280.9014,3.5756,196.5668,0.904528
-280.7357,3.5756,196.5958,0.904570
-280.5694,3.5755,196.6247,0.904612
-280.4024,3.5754,196.6535,0.904651
-280.2347,3.5754,196.6822,0.904692
-280.0672,3.5753,196.7104,0.904733
-279.8985,3.5748,196.7384,0.904776
-279.7294,3.5743,196.7660,0.904818
-279.5444,3.5739,196.7957,0.904863
-279.3744,3.5735,196.8226,0.904904
-279.2041,3.5731,196.8494,0.904946
-279.0331,3.5728,196.8757,0.904988
-278.8616,3.5725,196.9017,0.905030
-278.6895,3.5723,196.9270,0.905071
-278.5173,3.5722,196.9515,0.905114
-278.3461,3.5718,196.9749,0.905156
-278.1742,3.5713,196.9976,0.905199
-277.9868,3.5708,197.0215,0.905244
-277.8153,3.5704,197.0426,0.905287
-277.6440,3.5700,197.0631,0.905328
-277.4731,3.5697,197.0828,0.905369
-277.3027,3.5695,197.1017,0.905411
-277.1327,3.5693,197.1196,0.905452
-276.9631,3.5692,197.1367,0.905495
-276.7939,3.5692,197.1530,0.905534
-276.6261,3.5688,197.1685,0.905576
-276.4424,3.5683,197.1849,0.905622
-276.2744,3.5679,197.1993,0.905660
-276.1067,3.5675,197.2131,0.905700
-275.9394,3.5672,197.2264,0.905743
-275.7726,3.5670,197.2390,0.905782
-275.6060,3.5668,197.2508,0.905823
-275.4398,3.5666,197.2620,0.905860
-275.2738,3.5665,197.2726,0.905902
-275.1089,3.5664,197.2827,0.905942
-274.9283,3.5659,197.2933,0.905985
-274.7629,3.5654,197.3026,0.906024
-274.5977,3.5650,197.3114,0.906065
-274.4325,3.5646,197.3196,0.906105
-274.2676,3.5643,197.3270,0.906144
-274.1029,3.5640,197.3338,0.906184
-273.9385,3.5638,197.3399,0.906226
-273.7745,3.5636,197.3455,0.906264
-273.6109,3.5635,197.3505,0.906302
-273.4336,3.5633,197.3556,0.906345
-273.2706,3.5628,197.3597,0.906386
-273.1078,3.5624,197.3633,0.906425
-272.9450,3.5620,197.3664,0.906464
-272.7825,3.5616,197.3689,0.906503
-272.6201,3.5613,197.3708,0.906544
-272.4576,3.5611,197.3723,0.906582
-272.2952,3.5608,197.3732,0.906621
-272.1325,3.5607,197.3737,0.906661
-271.9547,3.5605,197.3738,0.906703
-271.7915,3.5604,197.3732,0.906742
-271.6287,3.5600,197.3721,0.906782
-271.4649,3.5596,197.3703,0.906820
-271.3010,3.5593,197.3674,0.906860
-271.1369,3.5591,197.3636,0.906898
-270.9723,3.5589,197.3589,0.906940
-270.8071,3.5588,197.3533,0.906980
-270.6413,3.5588,197.3469,0.907019
-270.4597,3.5589,197.3391,0.907062
-270.2927,3.5590,197.3313,0.907103
-270.1254,3.5592,197.3228,0.907143
-269.9586,3.5594,197.3133,0.907183
-269.7913,3.5593,197.3029,0.907224
-269.6238,3.5593,197.2914,0.907264
-269.4563,3.5594,197.2789,0.907305
-269.2886,3.5596,197.2656,0.907345
-269.1208,3.5598,197.2517,0.907386
-268.9376,3.5601,197.2358,0.907429
-268.7694,3.5604,197.2205,0.907469
-268.6011,3.5608,197.2047,0.907512
-268.4326,3.5613,197.1881,0.907551
-268.2641,3.5618,197.1709,0.907592
-268.0961,3.5622,197.1532,0.907632
-267.9271,3.5623,197.1351,0.907674
-267.7578,3.5625,197.1169,0.907714
-267.5883,3.5627,197.0985,0.907755
-267.4032,3.5628,197.0783,0.907799
-267.2335,3.5630,197.0597,0.907841
-267.0639,3.5632,197.0408,0.907881
-266.8945,3.5635,197.0214,0.907922
-266.7255,3.5638,197.0013,0.907964
-266.5566,3.5641,196.9807,0.908004
-266.3880,3.5645,196.9596,0.908044
-266.2201,3.5649,196.9382,0.908085
-266.0517,3.5650,196.9165,0.908126
-265.8680,3.5650,196.8925,0.908170
-265.6999,3.5651,196.8704,0.908209
-265.5317,3.5652,196.8478,0.908252
-265.3634,3.5654,196.8246,0.908292
-265.1952,3.5656,196.8006,0.908333
-265.0270,3.5659,196.7761,0.908373
-264.8591,3.5663,196.7510,0.908414
-264.6915,3.5667,196.7254,0.908455
-264.5241,3.5671,196.6993,0.908497
-264.3419,3.5676,196.6703,0.908541
-264.1759,3.5678,196.6434,0.908582
-264.0095,3.5680,196.6158,0.908623
-263.8430,3.5682,196.5877,0.908663
-263.6762,3.5684,196.5592,0.908703
-263.5087,3.5686,196.5304,0.908744
-263.3405,3.5689,196.5014,0.908785
-263.1715,3.5691,196.4722,0.908827
-263.0020,3.5694,196.4426,0.908868
-262.8164,3.5698,196.4097,0.908913
-262.6458,3.5701,196.3790,0.908954
-262.4749,3.5706,196.3475,0.908996
-262.3044,3.5710,196.3156,0.909037
-262.1332,3.5710,196.2831,0.909079
-261.9623,3.5712,196.2502,0.909121
-261.7913,3.5713,196.2170,0.909162
-261.6203,3.5715,196.1836,0.909204
-261.4494,3.5717,196.1499,0.909245
-261.2630,3.5719,196.1127,0.909290
-261.0922,3.5722,196.0781,0.909333
-260.9216,3.5725,196.0430,0.909374
-260.7511,3.5729,196.0073,0.909417
-260.5809,3.5733,195.9712,0.909457
-260.4111,3.5738,195.9347,0.909498
-260.2422,3.5740,195.8981,0.909540
-260.0730,3.5740,195.8610,0.909581
-259.9042,3.5741,195.8236,0.909623
-259.7207,3.5743,195.7823,0.909668
-259.5532,3.5745,195.7440,0.909709
-259.3862,3.5748,195.7052,0.909750
-259.2199,3.5751,195.6662,0.909791
-259.0540,3.5754,195.6268,0.909832
-258.8887,3.5758,195.5873,0.909872
-258.7239,3.5762,195.5475,0.909913
-258.5593,3.5766,195.5074,0.909953
-258.3952,3.5770,195.4670,0.909994
-258.2175,3.5771,195.4225,0.910039
-258.0547,3.5773,195.3809,0.910077
-257.8925,3.5775,195.3388,0.910117
-257.7312,3.5778,195.2961,0.910157
-257.5707,3.5781,195.2528,0.910197
-257.4109,3.5785,195.2090,0.910238
-257.2519,3.5790,195.1648,0.910276
-257.0937,3.5795,195.1200,0.910315
-256.9362,3.5800,195.0748,0.910354
-256.7654,3.5807,195.0247,0.910398
-256.6097,3.5814,194.9782,0.910436
-256.4549,3.5822,194.9312,0.910476
-256.3020,3.5824,194.8841,0.910513
-256.1489,3.5827,194.8365,0.910553
-255.9966,3.5830,194.7887,0.910590
-255.8450,3.5833,194.7409,0.910629
-255.6944,3.5836,194.6929,0.910667
-255.5445,3.5840,194.6449,0.910703
-255.3822,3.5845,194.5922,0.910744
-255.2344,3.5849,194.5437,0.910783
-255.0876,3.5854,194.4950,0.910819
-254.9417,3.5859,194.4462,0.910856
-254.7967,3.5865,194.3974,0.910892
-254.6538,3.5869,194.3490,0.910930
-254.5105,3.5868,194.3001,0.910966
-254.3682,3.5868,194.2511,0.911002
-254.2270,3.5868,194.2021,0.911038
-254.0748,3.5869,194.1479,0.911076
-253.9365,3.5871,194.0968,0.911111
-253.7981,3.5874,194.0460,0.911145
-253.6600,3.5875,193.9965,0.911180
-253.5229,3.5877,193.9468,0.911216
-253.3864,3.5878,193.8970,0.911248
-253.2501,3.5880,193.8474,0.911284
-253.1140,3.5883,193.7974,0.911318
-252.9782,3.5885,193.7471,0.911352
-252.8312,3.5888,193.6925,0.911390
-252.6960,3.5886,193.6416,0.911424
-252.5610,3.5884,193.5905,0.911458
-252.4264,3.5882,193.5391,0.911492
-252.2923,3.5881,193.4875,0.911527
-252.1588,3.5880,193.4357,0.911561
-252.0259,3.5879,193.3836,0.911595
-251.8938,3.5879,193.3313,0.911629
-251.7625,3.5879,193.2790,0.911662
-251.6202,3.5879,193.2218,0.911698
-251.4906,3.5880,193.1694,0.911732
-251.3618,3.5881,193.1169,0.911766
-251.2336,3.5883,193.0644,0.911799
-251.1059,3.5884,193.0116,0.911831
-250.9785,3.5886,192.9586,0.911864
-250.8521,3.5885,192.9056,0.911897
-250.7250,3.5883,192.8521,0.911929
-250.5979,3.5881,192.7985,0.911964
-250.4594,3.5879,192.7402,0.912000
-250.3327,3.5877,192.6874,0.912032
-250.2055,3.5874,192.6357,0.912065
-250.0786,3.5872,192.5823,0.912099
-249.9514,3.5870,192.5288,0.912132
-249.8243,3.5867,192.4762,0.912164
-249.6974,3.5865,192.4235,0.912196
-249.5711,3.5862,192.3708,0.912230
-249.4449,3.5859,192.3188,0.912263
-249.3073,3.5856,192.2630,0.912299
-249.1813,3.5852,192.2122,0.912332
-249.0563,3.5848,192.1623,0.912364
-248.9306,3.5840,192.1123,0.912398
-248.8052,3.5832,192.0626,0.912430
-248.6799,3.5824,192.0132,0.912461
-248.5550,3.5816,191.9640,0.912494
-248.4306,3.5808,191.9149,0.912525
-248.3066,3.5799,191.8660,0.912558
-248.1719,3.5791,191.8129,0.912592
-248.0488,3.5783,191.7645,0.912624
-247.9262,3.5775,191.7161,0.912654
-247.8040,3.5767,191.6678,0.912688
-247.6823,3.5759,191.6195,0.912718
-247.5610,3.5752,191.5711,0.912751
-247.4400,3.5744,191.5229,0.912782
-247.3194,3.5737,191.4747,0.912814
-247.1991,3.5730,191.4265,0.912846
-247.0689,3.5719,191.3743,0.912880
-246.9493,3.5709,191.3263,0.912911
-246.8299,3.5699,191.2783,0.912940
-246.7108,3.5689,191.2303,0.912972
-246.5919,3.5679,191.1824,0.913004
-246.4729,3.5669,191.1346,0.913035
-246.3540,3.5658,191.0869,0.913065
-246.2351,3.5648,191.0393,0.913096
-246.1160,3.5638,190.9916,0.913127
-245.9859,3.5627,190.9395,0.913160
-245.8663,3.5617,190.8916,0.913192
-245.7464,3.5606,190.8436,0.913223
-245.6259,3.5596,190.7952,0.913254
-245.5047,3.5586,190.7465,0.913284
-245.3829,3.5576,190.6976,0.913314
-245.2640,3.5548,190.6502,0.913347
-245.1396,3.5521,190.6009,0.913378
-245.0111,3.5489,190.5542,0.913417
-244.8755,3.5480,190.4994,0.913445
-244.7506,3.5472,190.4489,0.913478
-244.6253,3.5463,190.3980,0.913512
-244.4996,3.5455,190.3466,0.913545
-244.3736,3.5447,190.2943,0.913577
-244.2475,3.5440,190.2413,0.913610
-244.1212,3.5433,190.1873,0.913644
-243.9947,3.5427,190.1326,0.913676
-243.8681,3.5421,190.0769,0.913711
-243.7298,3.5415,190.0151,0.913747
-243.6016,3.5403,189.9600,0.913780
-243.4741,3.5399,189.9019,0.913815
-243.3468,3.5396,189.8424,0.913850
-243.2195,3.5393,189.7819,0.913882
-243.0843,3.5386,189.7344,0.913918
-242.9563,3.5388,189.6723,0.913953
-242.8285,3.5391,189.6089,0.913986
-242.7006,3.5393,189.5446,0.914022
-242.5612,3.5396,189.4730,0.914060
-242.4333,3.5399,189.4063,0.914096
-242.3054,3.5402,189.3385,0.914130
-242.2169,3.5705,189.2088,0.914167
-242.0918,3.5694,189.1362,0.914202
-241.9238,3.5408,189.1288,0.914238
-241.7951,3.5411,189.0567,0.914275
-241.6670,3.5413,188.9822,0.914309
-241.5396,3.5415,188.9057,0.914348
-241.4018,3.5417,188.8209,0.914387
-241.2755,3.5420,188.7431,0.914422
-241.1486,3.5422,188.6641,0.914459
-241.0215,3.5424,188.5833,0.914498
-240.8952,3.5426,188.5012,0.914535
-240.7688,3.5428,188.4180,0.914572
-240.6422,3.5429,188.3339,0.914609
-240.5153,3.5431,188.2488,0.914646
-240.3766,3.5433,188.1548,0.914685
-240.2497,3.5435,188.0676,0.914725
-240.1222,3.5437,187.9803,0.914763
-239.9945,3.5438,187.8918,0.914799
-239.8669,3.5440,187.8016,0.914837
-239.7386,3.5442,187.7106,0.914876
-239.6098,3.5444,187.6190,0.914914
-239.4806,3.5445,187.5264,0.914952
-239.3505,3.5447,187.4332,0.914989
-239.2080,3.5448,187.3310,0.915032
-239.0770,3.5450,187.2363,0.915071
-238.9454,3.5451,187.1411,0.915110
-238.8130,3.5453,187.0454,0.915150
-238.6801,3.5454,186.9491,0.915187
-238.5467,3.5456,186.8521,0.915228
-238.4129,3.5457,186.7545,0.915267
-238.2785,3.5459,186.6562,0.915306
-238.1437,3.5460,186.5573,0.915347
-237.9963,3.5461,186.4487,0.915388
-237.8606,3.5462,186.3484,0.915430
-237.7245,3.5463,186.2475,0.915471
-237.5882,3.5464,186.1463,0.915510
-237.4518,3.5465,186.0447,0.915552
-237.3150,3.5466,185.9423,0.915591
-237.1777,3.5467,185.8392,0.915632
-237.0400,3.5468,185.7354,0.915674
-236.9021,3.5470,185.6308,0.915715
-236.7512,3.5471,185.5159,0.915761
-236.6127,3.5472,185.4100,0.915802
-236.4741,3.5472,185.3037,0.915843
-236.3356,3.5473,185.1971,0.915883
-236.1973,3.5473,185.0904,0.915927
-236.0592,3.5474,184.9834,0.915967
-235.9211,3.5475,184.8762,0.916009
-235.7831,3.5475,184.7689,0.916048
-235.6450,3.5476,184.6614,0.916093
-235.4942,3.5477,184.5441,0.916138
-235.3561,3.5477,184.4364,0.916178
-235.2179,3.5478,184.3286,0.916222
-235.0800,3.5478,184.2206,0.916263
-234.9422,3.5479,184.1123,0.916304
-234.8046,3.5479,184.0038,0.916346
-234.6674,3.5479,183.8950,0.916389
-234.5303,3.5479,183.7858,0.916431
-234.3936,3.5480,183.6764,0.916471
-234.2446,3.5480,183.5568,0.916517
-234.1082,3.5480,183.4469,0.916561
-233.9721,3.5480,183.3366,0.916603
-233.8362,3.5480,183.2262,0.916645
-233.7005,3.5481,183.1155,0.916685
-233.5650,3.5481,183.0045,0.916728
-233.4297,3.5481,182.8933,0.916770
-233.2946,3.5481,182.7818,0.916812
-233.1597,3.5481,182.6701,0.916853
-233.0126,3.5481,182.5480,0.916898
-232.8780,3.5481,182.4359,0.916939
-232.7434,3.5481,182.3235,0.916981
-232.6088,3.5481,182.2111,0.917025
-232.4742,3.5481,182.0986,0.917064
-232.3394,3.5481,181.9861,0.917108
-232.2045,3.5481,181.8735,0.917150
-232.0694,3.5481,181.7610,0.917190
-231.9342,3.5481,181.6486,0.917234
-231.7866,3.5480,181.5259,0.917277
-231.6511,3.5480,181.4134,0.917323
-231.5156,3.5480,181.3009,0.917362
-231.3802,3.5480,181.1884,0.917407
-231.2446,3.5480,181.0760,0.917446
-231.1091,3.5480,180.9634,0.917489
-230.9737,3.5480,180.8508,0.917532
-230.8382,3.5480,180.7381,0.917574
-230.7029,3.5480,180.6255,0.917616
-230.5511,3.5480,180.4991,0.917662
-230.4088,3.5480,180.3805,0.917710
-230.2679,3.5480,180.2631,0.917753
-230.1256,3.5480,180.1444,0.917798
-229.9836,3.5480,180.0257,0.917843
-229.8411,3.5480,179.9067,0.917884
-229.6981,3.5480,179.7872,0.917935
-229.5547,3.5480,179.6674,0.917977
-229.4108,3.5480,179.5474,0.918026
-229.2533,3.5480,179.4161,0.918075
-229.1086,3.5479,179.2954,0.918119
-228.9633,3.5479,179.1744,0.918167
-228.8177,3.5479,179.0531,0.918213
-228.6717,3.5479,178.9315,0.918261
-228.5253,3.5479,178.8095,0.918306
-228.3786,3.5479,178.6873,0.918351
-228.2314,3.5479,178.5646,0.918398
-228.0839,3.5479,178.4417,0.918442
-227.9226,3.5479,178.3071,0.918494
-227.7744,3.5479,178.1835,0.918544
-227.6258,3.5479,178.0594,0.918591
-227.4769,3.5479,177.9351,0.918637
-227.3273,3.5479,177.8102,0.918682
-227.1759,3.5479,177.6837,0.918730
-227.0216,3.5479,177.5549,0.918780
-226.8639,3.5479,177.4231,0.918829
-226.7026,3.5479,177.2884,0.918879
-226.5224,3.5479,177.1380,0.918933
-226.3533,3.5478,176.9970,0.918986
-226.1803,3.5478,176.8530,0.919038
-226.0034,3.5478,176.7059,0.919093
-225.8225,3.5478,176.5557,0.919152
-225.6379,3.5478,176.4026,0.919209
-225.4496,3.5478,176.2467,0.919265
-225.2579,3.5478,176.0881,0.919328
-225.0629,3.5478,175.9270,0.919389
-224.8468,3.5478,175.7487,0.919455
-224.6459,3.5478,175.5830,0.919517
-224.4426,3.5478,175.4156,0.919580
-224.2370,3.5478,175.2463,0.919645
-224.0290,3.5478,175.0752,0.919708
-223.8188,3.5478,174.9024,0.919775
-223.6064,3.5478,174.7277,0.919841
-223.3919,3.5479,174.5513,0.919907
-223.1754,3.5480,174.3731,0.919973
-222.9369,3.5481,174.1766,0.920050
-222.7161,3.5482,173.9945,0.920115
-222.4933,3.5483,173.8105,0.920186
-222.2682,3.5484,173.6248,0.920257
-222.0410,3.5485,173.4374,0.920329
-221.8116,3.5486,173.2480,0.920401
-221.5800,3.5487,173.0569,0.920471
-221.3461,3.5488,172.8638,0.920544
-221.1098,3.5489,172.6690,0.920619
-220.8492,3.5491,172.4542,0.920700
-220.6078,3.5493,172.2556,0.920776
-220.3639,3.5495,172.0550,0.920853
-220.1174,3.5497,171.8526,0.920928
-219.8683,3.5499,171.6483,0.921008
-219.6167,3.5501,171.4420,0.921085
-219.3627,3.5503,171.2337,0.921165
-219.1062,3.5505,171.0234,0.921244
-218.8472,3.5508,170.8109,0.921324
-218.5616,3.5510,170.5769,0.921416
-218.2971,3.5512,170.3601,0.921497
-218.0298,3.5515,170.1413,0.921581
-217.7597,3.5517,169.9204,0.921667
-217.4870,3.5519,169.6974,0.921750
-217.2118,3.5522,169.4725,0.921838
-216.9342,3.5524,169.2456,0.921926
-216.6548,3.5527,169.0170,0.922016
-216.3739,3.5529,168.7870,0.922101
-216.0664,3.5532,168.5346,0.922200
-215.7843,3.5534,168.3027,0.922292
-215.5030,3.5537,168.0709,0.922378
-215.2227,3.5539,167.8395,0.922466
-214.9435,3.5542,167.6086,0.922556
-214.6651,3.5544,167.3781,0.922646
-214.3876,3.5545,167.1479,0.922733
-214.1109,3.5547,166.9183,0.922817
-213.8350,3.5549,166.6890,0.922903
-213.5350,3.5551,166.4394,0.922998
-213.2608,3.5552,166.2112,0.923085
-212.9871,3.5554,165.9834,0.923169
-212.7140,3.5556,165.7563,0.923254
-212.4413,3.5558,165.5299,0.923341
-212.1691,3.5559,165.3041,0.923425
-211.8974,3.5561,165.0790,0.923506
-211.6263,3.5563,164.8545,0.923591
-211.3560,3.5563,164.6307,0.923677
-211.0619,3.5564,164.3870,0.923769
-210.7931,3.5564,164.1641,0.923852
-210.5252,3.5564,163.9416,0.923930
-210.2580,3.5565,163.7196,0.924016
-209.9916,3.5565,163.4981,0.924099
-209.7251,3.5565,163.2765,0.924182
-209.4575,3.5565,163.0540,0.924265
-209.1882,3.5566,162.8303,0.924350
-208.9172,3.5566,162.6055,0.924439
-208.6195,3.5566,162.3587,0.924530
-208.3449,3.5567,162.1312,0.924622
-208.0687,3.5567,161.9025,0.924709
-207.7908,3.5565,161.6724,0.924801
-207.5111,3.5563,161.4410,0.924888
-207.2299,3.5561,161.2083,0.924982
-206.9470,3.5559,160.9744,0.925073
-206.6625,3.5557,160.7393,0.925164
-206.3768,3.5555,160.5033,0.925257
-206.0644,3.5552,160.2453,0.925354
-205.7774,3.5550,160.0087,0.925445
-205.4902,3.5548,159.7723,0.925534
-205.2033,3.5546,159.5365,0.925625
-204.9170,3.5544,159.3014,0.925712
-204.6314,3.5542,159.0670,0.925804
-204.3468,3.5537,158.8335,0.925891
-204.0627,3.5532,158.6004,0.925979
-203.7795,3.5526,158.3679,0.926069
-203.4716,3.5520,158.1149,0.926164
-203.1901,3.5515,157.8836,0.926251
-202.9093,3.5510,157.6529,0.926342
-202.6292,3.5504,157.4229,0.926429
-202.3497,3.5499,157.1935,0.926515
-202.0708,3.5494,156.9647,0.926602
-201.7925,3.5488,156.7366,0.926688
-201.5149,3.5483,156.5091,0.926775
-201.2380,3.5478,156.2823,0.926863
-200.9366,3.5470,156.0356,0.926957
-200.6609,3.5463,155.8100,0.927036
-200.3858,3.5456,155.5851,0.927124
-200.1115,3.5449,155.3608,0.927212
-199.8377,3.5442,155.1370,0.927294
-199.5647,3.5436,154.9138,0.927375
-199.2925,3.5429,154.6911,0.927461
-199.0209,3.5422,154.4690,0.927544
-198.7500,3.5415,154.2474,0.927627
-198.4550,3.5408,154.0063,0.927718
-198.1852,3.5401,153.7860,0.927799
-197.9159,3.5394,153.5663,0.927884
-197.6472,3.5387,153.3472,0.927967
-197.3791,3.5380,153.1287,0.928048
-197.1115,3.5373,152.9107,0.928129
-196.8445,3.5366,152.6933,0.928209
-196.5781,3.5359,152.4765,0.928291
-196.3123,3.5352,152.2603,0.928374
-196.0230,3.5345,152.0250,0.928458
-195.7584,3.5338,151.8100,0.928537
-195.4944,3.5331,151.5954,0.928618
-195.2309,3.5324,151.3815,0.928699
-194.9679,3.5317,151.1676,0.928779
-194.7050,3.5310,150.9538,0.928858
-194.4423,3.5303,150.7399,0.928936
-194.1794,3.5295,150.5258,0.929016
-193.9165,3.5287,150.3116,0.929098
-193.6296,3.5278,150.0778,0.929185
-193.3666,3.5269,149.8634,0.929261
-193.1035,3.5261,149.6490,0.929343
-192.8404,3.5253,149.4344,0.929421
-192.5771,3.5245,149.2199,0.929501
-192.3137,3.5236,149.0054,0.929578
-192.0501,3.5228,148.7909,0.929661
-191.7863,3.5220,148.5764,0.929740
-191.5223,3.5211,148.3619,0.929820
-191.2343,3.5202,148.1279,0.929908
-190.9704,3.5194,147.9135,0.929987
-190.7063,3.5183,147.6989,0.930068
-190.4422,3.5172,147.4841,0.930147
-190.1781,3.5161,147.2693,0.930226
-189.9141,3.5150,147.0543,0.930307
-189.6501,3.5139,146.8392,0.930385
-189.3861,3.5128,146.6239,0.930464
-189.1222,3.5117,146.4086,0.930545
-188.8342,3.5105,146.1735,0.930635
-188.5702,3.5094,145.9579,0.930713
-188.3062,3.5083,145.7422,0.930794
-188.0422,3.5072,145.5264,0.930874
-187.7781,3.5061,145.3104,0.930953
-187.5144,3.5049,145.0945,0.931032
-187.2505,3.5034,144.8782,0.931114
-186.9866,3.5019,144.6618,0.931195
-186.7228,3.5004,144.4451,0.931274
-186.4350,3.4987,144.2086,0.931361
-186.1713,3.4972,143.9916,0.931441
-185.9075,3.4957,143.7745,0.931521
-185.6438,3.4942,143.5572,0.931600
-185.3800,3.4927,143.3397,0.931680
-185.1162,3.4911,143.1221,0.931763
-184.8523,3.4896,142.9043,0.931841
-184.5883,3.4881,142.6865,0.931922
-184.3002,3.4865,142.4488,0.932009
-184.0364,3.4847,142.2311,0.932089
-183.7722,3.4826,142.0129,0.932170
-183.5080,3.4805,141.7946,0.932251
-183.2436,3.4784,141.5762,0.932330
-182.9793,3.4763,141.3577,0.932413
-182.7149,3.4742,141.1390,0.932491
-182.4503,3.4721,140.9203,0.932572
-182.1856,3.4700,140.7016,0.932652
-181.9205,3.4679,140.4830,0.932735
-181.6311,3.4656,140.2445,0.932819
-181.3655,3.4635,140.0259,0.932905
-181.0997,3.4614,139.8074,0.932981
-180.8342,3.4591,139.5893,0.933063
-180.5680,3.4562,139.3708,0.933146
-180.3017,3.4533,139.1523,0.933225
-180.0351,3.4504,138.9338,0.933302
-179.7685,3.4476,138.7153,0.933388
-179.5016,3.4447,138.4969,0.933468
-179.2104,3.4415,138.2585,0.933559
-178.9434,3.4386,138.0399,0.933636
-178.6762,3.4357,137.8214,0.933719
-178.4091,3.4328,137.6027,0.933795
-178.1420,3.4299,137.3838,0.933879
-177.8748,3.4270,137.1649,0.933959
-177.6080,3.4237,136.9463,0.934042
-177.3406,3.4201,136.7272,0.934124
-177.0485,3.4162,136.4882,0.934210
-176.7805,3.4127,136.2692,0.934290
-176.5122,3.4091,136.0503,0.934375
-176.2437,3.4055,135.8313,0.934454
-175.9751,3.4019,135.6124,0.934535
-175.7063,3.3984,135.3933,0.934618
-175.4379,3.3948,135.1745,0.934697
-175.1701,3.3912,134.9563,0.934780
-174.9033,3.3877,134.7388,0.934857
-174.6126,3.3832,134.5018,0.934945
-174.3465,3.3792,134.2850,0.935031
-174.0810,3.3751,134.0688,0.935108
-173.8159,3.3711,133.8531,0.935189
-173.5514,3.3671,133.6380,0.935266
-173.2875,3.3631,133.4232,0.935351
-173.0242,3.3591,133.2089,0.935429
-172.7617,3.3551,132.9949,0.935507
-172.4761,3.3507,132.7618,0.935595
-172.2157,3.3465,132.5488,0.935674
-171.9554,3.3418,132.3358,0.935751
-171.6957,3.3372,132.1231,0.935832
-171.4367,3.3325,131.9106,0.935912
-171.1782,3.3278,131.6986,0.935993
-170.9203,3.3231,131.4869,0.936067
-170.6628,3.3185,131.2756,0.936147
-170.4058,3.3138,131.0647,0.936223
-170.1492,3.3092,130.8542,0.936304
-169.8698,3.3041,130.6251,0.936390
-169.6149,3.2989,130.4159,0.936464
-169.3598,3.2934,130.2067,0.936543
-169.1052,3.2880,129.9977,0.936619
-168.8511,3.2825,129.7892,0.936698
-168.5974,3.2771,129.5811,0.936774
-168.3442,3.2716,129.3734,0.936853
-168.0915,3.2662,129.1660,0.936926
-167.8392,3.2608,128.9589,0.937002
-167.5647,3.2549,128.7334,0.937090
-167.3141,3.2495,128.5276,0.937165
-167.0636,3.2432,128.3215,0.937239
-166.8135,3.2370,128.1158,0.937315
-166.5639,3.2307,127.9103,0.937393
-166.3147,3.2245,127.7051,0.937468
-166.0660,3.2183,127.5002,0.937541
-165.8179,3.2120,127.2957,0.937620
-165.5702,3.2058,127.0914,0.937695
-165.3005,3.1991,126.8688,0.937775
-165.0538,3.1929,126.6651,0.937851
-164.8075,3.1867,126.4617,0.937927
-164.5622,3.1799,126.2591,0.938002
-164.3166,3.1730,126.0564,0.938077
-164.0713,3.1661,125.8540,0.938154
-163.8263,3.1591,125.6519,0.938227
-163.5817,3.1522,125.4502,0.938302
-163.3376,3.1453,125.2488,0.938375
-163.0716,3.1378,125.0295,0.938458
-162.8282,3.1309,124.8287,0.938530
-162.5852,3.1241,124.6282,0.938608
-162.3426,3.1172,124.4281,0.938677
-162.1003,3.1104,124.2282,0.938752
-161.8585,3.1033,124.0287,0.938826
-161.6161,3.0958,123.8287,0.938900
-161.3737,3.0883,123.6288,0.938975
-161.1313,3.0808,123.4287,0.939050
-160.8668,3.0727,123.2106,0.939128
-160.6242,3.0652,123.0106,0.939203
-160.3815,3.0577,122.8107,0.939276
-160.1387,3.0502,122.6107,0.939350
-159.8957,3.0427,122.4107,0.939423
-159.6524,3.0352,122.2104,0.939496
-159.4089,3.0277,122.0099,0.939572
-159.1649,3.0202,121.8091,0.939651
-158.9205,3.0126,121.6080,0.939719
-158.6539,3.0039,121.3886,0.939798
-158.4083,2.9956,121.1868,0.939877
-158.1621,2.9872,120.9845,0.939951
-157.9151,2.9789,120.7816,0.940026
-157.6673,2.9705,120.5781,0.940104
-157.4186,2.9621,120.3740,0.940177
-157.1689,2.9536,120.1691,0.940256
-156.9182,2.9451,119.9634,0.940328
-156.6436,2.9358,119.7381,0.940412
-156.3908,2.9273,119.5309,0.940489
-156.1369,2.9187,119.3228,0.940566
-155.8820,2.9101,119.1140,0.940646
-155.6261,2.9014,118.9044,0.940723
-155.3692,2.8927,118.6940,0.940802
-155.1117,2.8834,118.4833,0.940879
-154.8525,2.8739,118.2711,0.940957
-154.5920,2.8643,118.0579,0.941037
-154.3302,2.8546,117.8436,0.941116
-154.0432,2.8441,117.6086,0.941204
-153.7787,2.8343,117.3920,0.941285
-153.5129,2.8246,117.1742,0.941364
-153.2459,2.8147,116.9552,0.941444
-152.9774,2.8048,116.7352,0.941530
-152.7076,2.7949,116.5140,0.941609
-152.4363,2.7849,116.2918,0.941691
-152.1635,2.7749,116.0684,0.941775
-151.8893,2.7648,115.8439,0.941857
-151.5885,2.7537,115.5978,0.941949
-151.3117,2.7431,115.3713,0.942034
-151.0332,2.7324,115.1434,0.942118
-150.7533,2.7215,114.9144,0.942201
-150.4722,2.7106,114.6843,0.942286
-150.1901,2.6997,114.4533,0.942374
-149.9072,2.6887,114.2216,0.942462
-149.6233,2.6777,113.9891,0.942544
-149.3384,2.6667,113.7557,0.942633
-149.0260,2.6546,113.5002,0.942728
-148.7385,2.6435,113.2652,0.942813
-148.4498,2.6323,113.0295,0.942899
-148.1600,2.6211,112.7931,0.942987
-147.8691,2.6099,112.5560,0.943077
-147.5772,2.5986,112.3181,0.943165
-147.2844,2.5870,112.0796,0.943253
-146.9904,2.5754,111.8401,0.943345
-146.6956,2.5636,111.5999,0.943432
-146.3730,2.5508,111.3367,0.943530
-146.0764,2.5390,111.0947,0.943618
-145.7794,2.5272,110.8521,0.943709
-145.4816,2.5154,110.6085,0.943799
-145.1829,2.5035,110.3640,0.943892
-144.8837,2.4915,110.1189,0.943982
-144.5847,2.4796,109.8739,0.944072
-144.2859,2.4677,109.6289,0.944166
-143.9870,2.4558,109.3838,0.944253
-143.6606,2.4428,109.1162,0.944356
-143.3612,2.4309,108.8708,0.944445
-143.0616,2.4188,108.6253,0.944535
-142.7617,2.4067,108.3795,0.944627
-142.4615,2.3947,108.1337,0.944718
-142.1613,2.3826,107.8876,0.944808
-141.8609,2.3705,107.6412,0.944899
-141.5604,2.3584,107.3947,0.944988
-141.2598,2.3462,107.1480,0.945081
-140.9316,2.3330,106.8787,0.945182
-140.6305,2.3209,106.6316,0.945272
-140.3292,2.3088,106.3844,0.945363
-140.0277,2.2966,106.1371,0.945456
-139.7260,2.2844,105.8896,0.945545
-139.4243,2.2723,105.6420,0.945637
-139.1230,2.2602,105.3946,0.945729
-138.8223,2.2481,105.1476,0.945818
-138.5222,2.2361,104.9011,0.945912
-138.1955,2.2230,104.6327,0.946012
-137.8959,2.2110,104.3865,0.946104
-137.5966,2.1990,104.1407,0.946194
-137.2980,2.1870,103.8955,0.946284
-137.0000,2.1750,103.6507,0.946376
-136.7026,2.1631,103.4065,0.946466
-136.4058,2.1512,103.1627,0.946554
-136.1095,2.1393,102.9196,0.946645
-135.8138,2.1275,102.6769,0.946735
-135.4918,2.1146,102.4128,0.946831
-135.1974,2.1028,102.1712,0.946920
-134.9036,2.0911,101.9299,0.947010
-134.6106,2.0796,101.6891,0.947099
-134.3184,2.0681,101.4487,0.947190
-134.0269,2.0566,101.2087,0.947277
-133.7361,2.0452,100.9691,0.947364
-133.4458,2.0338,100.7300,0.947453
-133.1561,2.0224,100.4913,0.947543
-132.8406,2.0100,100.2315,0.947638
-132.5520,1.9987,99.9938,0.947726
-132.2639,1.9874,99.7566,0.947813
-131.9763,1.9761,99.5199,0.947901
-131.6894,1.9648,99.2836,0.947988
-131.4030,1.9535,99.0477,0.948075
-131.1172,1.9423,98.8123,0.948163
-130.8319,1.9311,98.5774,0.948249
-130.5472,1.9200,98.3429,0.948336
-130.2372,1.9079,98.0876,0.948429
-129.9536,1.8968,97.8541,0.948517
-129.6702,1.8857,97.6212,0.948602
-129.3874,1.8746,97.3888,0.948687
-129.1049,1.8636,97.1569,0.948774
-128.8229,1.8526,96.9255,0.948860
-128.5415,1.8416,96.6946,0.948944
-128.2607,1.8306,96.4641,0.949031
-127.9803,1.8197,96.2340,0.949115
-127.6751,1.8077,95.9836,0.949206
-127.3958,1.7968,95.7545,0.949293
-127.1168,1.7859,95.5260,0.949377
-126.8384,1.7750,95.2980,0.949462
-126.5603,1.7640,95.0705,0.949545
-126.2826,1.7530,94.8435,0.949632
-126.0054,1.7420,94.6169,0.949715
-125.7288,1.7310,94.3907,0.949797
-125.4529,1.7200,94.1648,0.949881
-125.1525,1.7081,93.9189,0.949971
-124.8777,1.6972,93.6938,0.950054
-124.6035,1.6863,93.4690,0.950140
-124.3297,1.6754,93.2447,0.950221
-124.0565,1.6646,93.0207,0.950304
-123.7838,1.6537,92.7971,0.950387
-123.5115,1.6429,92.5739,0.950473
-123.2396,1.6321,92.3511,0.950552
-122.9680,1.6213,92.1289,0.950636
-122.6721,1.6096,91.8870,0.950726
-122.4012,1.5988,91.6657,0.950807
-122.1307,1.5880,91.4448,0.950889
-121.8607,1.5772,91.2243,0.950970
-121.5908,1.5665,91.0037,0.951052
-121.3208,1.5557,90.7829,0.951137
-121.0506,1.5450,90.5620,0.951217
-120.7802,1.5342,90.3409,0.951299
-120.4849,1.5224,90.0993,0.951388
-120.2137,1.5116,89.8774,0.951472
-119.9422,1.5008,89.6551,0.951551
-119.6703,1.4900,89.4325,0.951636
-119.3979,1.4791,89.2096,0.951719
-119.1252,1.4682,88.9863,0.951800
-118.8519,1.4574,88.7627,0.951885
-118.5783,1.4466,88.5389,0.951965
-118.3043,1.4357,88.3147,0.952050
-118.0049,1.4239,88.0697,0.952141
-117.7301,1.4131,87.8447,0.952222
-117.4550,1.4022,87.6194,0.952308
-117.1794,1.3913,87.3938,0.952391
-116.9036,1.3804,87.1678,0.952476
-116.6273,1.3695,86.9415,0.952557
-116.3508,1.3585,86.7148,0.952644
-116.0739,1.3476,86.4877,0.952726
-115.7967,1.3366,86.2602,0.952810
-115.5192,1.3256,86.0324,0.952893
-115.2162,1.3137,85.7834,0.952987
-114.9379,1.3027,85.5546,0.953072
-114.6595,1.2919,85.3256,0.953156
-114.3806,1.2811,85.0962,0.953243
-114.1013,1.2703,84.8666,0.953327
-113.8215,1.2594,84.6368,0.953411
-113.5412,1.2486,84.4067,0.953498
-113.2605,1.2377,84.1763,0.953580
-112.9795,1.2268,83.9455,0.953666
-112.6727,1.2149,83.6935,0.953760
-112.3911,1.2040,83.4620,0.953846
-112.1093,1.1931,83.2302,0.953928
-111.8272,1.1822,82.9980,0.954018
-111.5448,1.1712,82.7655,0.954102
-111.2621,1.1603,82.5326,0.954191
-110.9788,1.1493,82.2992,0.954275
-110.6955,1.1387,82.0657,0.954359
-110.4118,1.1281,81.8319,0.954447
-110.1021,1.1165,81.5764,0.954542
-109.8178,1.1059,81.3418,0.954627
-109.5333,1.0952,81.1070,0.954714
-109.2484,1.0846,80.8718,0.954801
-108.9632,1.0739,80.6363,0.954887
-108.6778,1.0632,80.4004,0.954975
-108.3920,1.0525,80.1643,0.955061
-108.1060,1.0418,79.9278,0.955149
-107.8197,1.0310,79.6910,0.955236
-107.5070,1.0193,79.4323,0.955331
-107.2201,1.0086,79.1949,0.955419
-106.9326,0.9979,78.9568,0.955506
-106.6451,0.9877,78.7187,0.955593
-106.3574,0.9774,78.4804,0.955680
-106.0694,0.9672,78.2417,0.955766
-105.7811,0.9569,78.0027,0.955855
-105.4925,0.9466,77.7634,0.955944
-105.2035,0.9363,77.5239,0.956030
-104.8878,0.9251,77.2624,0.956127
-104.5980,0.9148,77.0224,0.956219
-104.3079,0.9044,76.7822,0.956306
-104.0175,0.8941,76.5418,0.956394
-103.7268,0.8837,76.3010,0.956484
-103.4359,0.8734,76.0601,0.956570
-103.1446,0.8630,75.8189,0.956660
-102.8531,0.8526,75.5774,0.956749
-102.5612,0.8423,75.3358,0.956839
-102.2425,0.8311,75.0719,0.956934
-101.9501,0.8208,74.8297,0.957026
-101.6573,0.8104,74.5874,0.957115
-101.3643,0.8001,74.3448,0.957203
-101.0710,0.7897,74.1019,0.957292
-100.7773,0.7794,73.8589,0.957382
-100.4835,0.7690,73.6156,0.957471
-100.1894,0.7586,73.3720,0.957560
-99.8683,0.7473,73.1060,0.957658
-99.5737,0.7369,72.8620,0.957747
-99.2788,0.7265,72.6177,0.957839
-98.9838,0.7161,72.3732,0.957928
-98.6885,0.7054,72.1283,0.958019
-98.3930,0.6948,71.8832,0.958107
-98.0973,0.6842,71.6378,0.958200
-97.8013,0.6735,71.3922,0.958289
-97.5051,0.6629,71.1463,0.958378
-97.2087,0.6522,70.9001,0.958471
-96.8850,0.6406,70.6313,0.958569
-96.5881,0.6299,70.3846,0.958659
-96.2909,0.6192,70.1376,0.958750
-95.9935,0.6085,69.8904,0.958840
-95.6959,0.5978,69.6430,0.958932
-95.3980,0.5871,69.3953,0.959024
-95.0999,0.5764,69.1473,0.959114
-94.8015,0.5658,68.8990,0.959205
-94.5028,0.5552,68.6506,0.959296
-94.1767,0.5437,68.3794,0.959395
-93.8773,0.5332,68.1307,0.959487
-93.5775,0.5226,67.8818,0.959579
-93.2771,0.5120,67.6330,0.959671
-92.9761,0.5014,67.3842,0.959759
-92.6745,0.4908,67.1355,0.959854
-92.3723,0.4802,66.8869,0.959943
-92.0694,0.4696,66.6384,0.960036
-91.7385,0.4580,66.3674,0.960137
-91.4346,0.4473,66.1191,0.960228
-91.1304,0.4367,65.8707,0.960321
-90.8254,0.4263,65.6221,0.960413
-90.5207,0.4162,65.3736,0.960504
-90.2159,0.4062,65.1250,0.960596
-89.9110,0.3961,64.8762,0.960689
-89.6060,0.3861,64.6271,0.960783
-89.3009,0.3760,64.3779,0.960872
-88.9677,0.3650,64.1058,0.960973
-88.6621,0.3550,63.8563,0.961066
-88.3562,0.3449,63.6066,0.961158
-88.0500,0.3348,63.3568,0.961252
-87.7436,0.3247,63.1068,0.961344
-87.4370,0.3146,62.8567,0.961436
-87.1300,0.3045,62.6064,0.961529
-86.8221,0.2946,62.3553,0.961623
-86.5144,0.2855,62.1046,0.961716
-86.2069,0.2764,61.8540,0.961809
-85.8723,0.2665,61.5813,0.961912
-85.5663,0.2574,61.3319,0.962002
-85.2606,0.2484,61.0826,0.962096
-84.9545,0.2393,60.8329,0.962188
-84.6487,0.2303,60.5834,0.962281
-84.3431,0.2212,60.3340,0.962372
-84.0381,0.2122,60.0851,0.962464
-83.7335,0.2032,59.8366,0.962559
-83.4014,0.1934,59.5655,0.962657
-83.0970,0.1844,59.3169,0.962751
-82.7920,0.1756,59.0676,0.962841
-82.4881,0.1680,58.8187,0.962936
-82.1845,0.1604,58.5695,0.963028
-81.8811,0.1529,58.3202,0.963119
-81.5778,0.1453,58.0707,0.963212
-81.2744,0.1377,57.8211,0.963304
-80.9710,0.1302,57.5715,0.963397
-80.6398,0.1219,57.2991,0.963496
-80.3363,0.1144,57.0494,0.963590
-80.0327,0.1068,56.7996,0.963680
-79.7291,0.0992,56.5498,0.963772
-79.4256,0.0916,56.2999,0.963865
-79.1222,0.0841,56.0499,0.963958
-78.8188,0.0765,55.7999,0.964050
-78.5143,0.0707,55.5489,0.964141
-78.2110,0.0650,55.2987,0.964235
-77.8803,0.0587,55.0258,0.964334
-77.5769,0.0530,54.7756,0.964426
-77.2734,0.0473,54.5255,0.964517
-76.9698,0.0416,54.2755,0.964611
-76.6662,0.0359,54.0255,0.964702
-76.3626,0.0302,53.7756,0.964796
-76.0590,0.0245,53.5256,0.964888
-75.7553,0.0187,53.2757,0.964979
-75.4518,0.0130,53.0257,0.965073
-75.1208,0.0068,52.7531,0.965173
-74.8174,0.0011,52.5031,0.965265
-74.5127,-0.0026,52.2521,0.965357
-74.2095,-0.0060,52.0022,0.965451
-73.9064,-0.0094,51.7522,0.965541
-73.6034,-0.0128,51.5024,0.965635
-73.3002,-0.0162,51.2525,0.965726
-72.9970,-0.0196,51.0027,0.965818
-72.6937,-0.0230,50.7531,0.965910
-72.3629,-0.0268,50.4809,0.966009
-72.0596,-0.0302,50.2314,0.966103
-71.7562,-0.0336,49.9820,0.966194
-71.4530,-0.0370,49.7327,0.966287
-71.1498,-0.0404,49.4833,0.966379
-70.8468,-0.0438,49.2340,0.966471
-70.5430,-0.0456,48.9840,0.966563
-70.2411,-0.0469,48.7355,0.966654
-69.9400,-0.0482,48.4876,0.966746
-69.6118,-0.0497,48.2172,0.966844
-69.3111,-0.0510,47.9696,0.966937
-69.0107,-0.0523,47.7221,0.967027
-68.7104,-0.0536,47.4748,0.967120
-68.4105,-0.0549,47.2278,0.967210
-68.1109,-0.0562,46.9809,0.967300
-67.8114,-0.0576,46.7342,0.967392
-67.5123,-0.0589,46.4877,0.967483
-67.2135,-0.0602,46.2416,0.967574
-66.8880,-0.0616,45.9733,0.967673
-66.5892,-0.0619,45.7269,0.967763
-66.2916,-0.0617,45.4815,0.967854
-65.9945,-0.0615,45.2363,0.967944
-65.6978,-0.0613,44.9914,0.968034
-65.4013,-0.0612,44.7467,0.968125
-65.1049,-0.0610,44.5024,0.968214
-64.8087,-0.0608,44.2585,0.968304
-64.5131,-0.0606,44.0154,0.968394
-64.1915,-0.0604,43.7509,0.968491
-63.8975,-0.0602,43.5093,0.968581
-63.6042,-0.0600,43.2683,0.968670
-63.3117,-0.0598,43.0281,0.968758
-63.0199,-0.0597,42.7886,0.968847
-62.7283,-0.0592,42.5493,0.968935
-62.4380,-0.0581,42.3113,0.969022
-62.1485,-0.0570,42.0739,0.969111
-61.8597,-0.0560,41.8372,0.969199
-61.5455,-0.0548,41.5798,0.969293
-61.2583,-0.0537,41.3446,0.969381
-60.9717,-0.0526,41.1100,0.969467
-60.6859,-0.0515,40.8762,0.969555
-60.4009,-0.0505,40.6430,0.969640
-60.1168,-0.0494,40.4104,0.969726
-59.8336,-0.0483,40.1782,0.969812
-59.5513,-0.0473,39.9466,0.969898
-59.2700,-0.0462,39.7155,0.969983
-58.9641,-0.0451,39.4640,0.970076
-58.6842,-0.0438,39.2338,0.970161
-58.4055,-0.0424,39.0043,0.970245
-58.1276,-0.0410,38.7754,0.970332
-57.8506,-0.0396,38.5469,0.970414
-57.5743,-0.0383,38.3189,0.970498
-57.2989,-0.0369,38.0914,0.970584
-57.0243,-0.0355,37.8644,0.970666
-56.7506,-0.0341,37.6379,0.970749
-56.4531,-0.0326,37.3912,0.970841
-56.1811,-0.0312,37.1656,0.970923
-55.9100,-0.0299,36.9404,0.971005
-55.6397,-0.0285,36.7157,0.971088
-55.3700,-0.0272,36.4915,0.971170
-55.1010,-0.0258,36.2679,0.971254
-54.8325,-0.0245,36.0450,0.971334
-54.5645,-0.0233,35.8226,0.971416
-54.2729,-0.0220,35.5807,0.971502
-54.0062,-0.0208,35.3595,0.971583
-53.7402,-0.0197,35.1389,0.971666
-53.4749,-0.0185,34.9188,0.971746
-53.2103,-0.0173,34.6993,0.971826
-52.9463,-0.0162,34.4803,0.971907
-52.6830,-0.0150,34.2618,0.971987
-52.4203,-0.0139,34.0439,0.972069
-52.1582,-0.0127,33.8265,0.972149
-51.8966,-0.0115,33.6098,0.972230
-51.6117,-0.0103,33.3742,0.972316
-51.3509,-0.0092,33.1589,0.972394
-51.0907,-0.0080,32.9442,0.972473
-50.8315,-0.0070,32.7304,0.972553
-50.5724,-0.0065,32.5169,0.972631
-50.3139,-0.0060,32.3040,0.972710
-50.0559,-0.0055,32.0916,0.972787
-49.7985,-0.0050,31.8798,0.972865
-49.5417,-0.0045,31.6686,0.972944
-49.2621,-0.0040,31.4388,0.973029
-49.0064,-0.0035,31.2287,0.973105
-48.7513,-0.0031,31.0192,0.973184
-48.4966,-0.0026,30.8102,0.973261
-48.2425,-0.0021,30.6018,0.973339
-47.9890,-0.0016,30.3940,0.973416
-47.7359,-0.0012,30.1867,0.973492
-47.4835,-0.0007,29.9799,0.973567
-47.2317,-0.0002,29.7735,0.973645
-46.9579,0.0003,29.5488,0.973726
-46.7079,0.0005,29.3435,0.973804
-46.4582,0.0005,29.1383,0.973878
-46.2090,0.0005,28.9336,0.973955
-45.9604,0.0005,28.7293,0.974029
-45.7124,0.0005,28.5255,0.974106
-45.4649,0.0005,28.3221,0.974180
-45.2180,0.0005,28.1191,0.974255
-44.9492,0.0005,27.8982,0.974336
-44.7033,0.0005,27.6962,0.974410
-44.4580,0.0005,27.4946,0.974487
-44.2131,0.0005,27.2934,0.974560
-43.9687,0.0005,27.0927,0.974633
-43.7248,0.0005,26.8925,0.974709
-43.4815,0.0005,26.6927,0.974782
-43.2386,0.0005,26.4933,0.974855
-42.9963,0.0005,26.2943,0.974930
-42.7324,0.0005,26.0777,0.975010
-42.4911,0.0005,25.8796,0.975083
-42.2503,0.0005,25.6819,0.975155
-42.0099,0.0005,25.4846,0.975231
-41.7701,0.0005,25.2878,0.975302
-41.5307,0.0005,25.0914,0.975373
-41.2918,0.0005,24.8953,0.975447
-41.0534,0.0005,24.6997,0.975518
-40.8155,0.0005,24.5045,0.975590
-40.5782,0.0005,24.3096,0.975663
-40.3199,0.0005,24.0974,0.975741
-40.0838,0.0005,23.9032,0.975813
-39.8482,0.0005,23.7092,0.975884
-39.6133,0.0005,23.5156,0.975956
-39.3788,0.0005,23.3224,0.976028
-39.1448,0.0005,23.1295,0.976098
-38.9112,0.0005,22.9369,0.976170
-38.6781,0.0005,22.7447,0.976240
-38.4455,0.0005,22.5529,0.976311
-38.1923,0.0005,22.3439,0.976389
-37.9607,0.0005,22.1528,0.976459
-37.7295,0.0005,21.9620,0.976528
-37.4987,0.0005,21.7716,0.976599
-37.2684,0.0005,21.5815,0.976669
-37.0385,0.0005,21.3918,0.976738
-36.8091,0.0005,21.2025,0.976809
-36.5800,0.0005,21.0135,0.976877
-36.3307,0.0005,20.8077,0.976954
-36.1026,0.0005,20.6194,0.977023
-35.8749,0.0005,20.4314,0.977092
-35.6477,0.0005,20.2438,0.977161
-35.4209,0.0005,20.0565,0.977230
-35.1945,0.0005,19.8696,0.977298
-34.9685,0.0005,19.6830,0.977367
-34.7427,0.0005,19.4969,0.977436
-34.5174,0.0005,19.3111,0.977504
-34.2719,0.0005,19.1089,0.977579
-34.0474,0.0005,18.9239,0.977647
-33.8232,0.0005,18.7392,0.977716
-33.5994,0.0005,18.5549,0.977783
-33.3760,0.0005,18.3709,0.977851
-33.1530,0.0005,18.1873,0.977920
-32.9303,0.0005,18.0040,0.977986
-32.7081,0.0005,17.8211,0.978054
-32.4863,0.0005,17.6385,0.978121
-32.2649,0.0005,17.4561,0.978188
-32.0238,0.0005,17.2576,0.978262
-31.8033,0.0005,17.0759,0.978327
-31.5831,0.0005,16.8946,0.978395
-31.3633,0.0005,16.7136,0.978462
-31.1439,0.0005,16.5329,0.978528
-30.9248,0.0005,16.3525,0.978595
-30.7059,0.0005,16.1725,0.978660
-30.4873,0.0005,15.9929,0.978727
-30.2490,0.0005,15.7975,0.978799
-30.0308,0.0005,15.6189,0.978866
-29.8128,0.0005,15.4406,0.978931
-29.5952,0.0005,15.2627,0.978997
-29.3779,0.0005,15.0852,0.979063
-29.1608,0.0005,14.9080,0.979129
-28.9441,0.0005,14.7312,0.979194
-28.7278,0.0005,14.5547,0.979260
-28.5119,0.0005,14.3785,0.979325
-28.2769,0.0005,14.1865,0.979396
-28.0620,0.0005,14.0108,0.979461
-27.8475,0.0005,13.8354,0.979526
-27.6334,0.0005,13.6601,0.979591
-27.4196,0.0005,13.4852,0.979655
-27.2063,0.0005,13.3105,0.979720
-26.9932,0.0005,13.1360,0.979783
-26.7797,0.0005,12.9612,0.979850
-26.5656,0.0005,12.7858,0.979913
-26.3314,0.0005,12.5940,0.979984
-26.1163,0.0005,12.4175,0.980049
-25.9008,0.0005,12.2408,0.980115
-25.6851,0.0005,12.0638,0.980180
-25.4690,0.0005,11.8864,0.980245
-25.2526,0.0005,11.7087,0.980311
-25.0358,0.0005,11.5306,0.980376
-24.8187,0.0005,11.3523,0.980443
-24.6012,0.0005,11.1735,0.980509
-24.3633,0.0005,10.9781,0.980580
-24.1447,0.0005,10.7984,0.980647
-23.9256,0.0005,10.6181,0.980714
-23.7059,0.0005,10.4374,0.980781
-23.4857,0.0005,10.2560,0.980847
-23.2648,0.0005,10.0740,0.980914
-23.0430,0.0005,9.8913,0.980983
-22.8204,0.0005,9.7078,0.981049
-22.5969,0.0005,9.5237,0.981117
-22.3522,0.0005,9.3220,0.981191
-22.1273,0.0005,9.1367,0.981259
-21.9020,0.0005,8.9509,0.981328
-21.6761,0.0005,8.7646,0.981396
-21.4498,0.0005,8.5779,0.981466
-21.2231,0.0005,8.3908,0.981534
-20.9958,0.0005,8.2032,0.981603
-20.7680,0.0005,8.0152,0.981673
-20.5398,0.0005,7.8267,0.981742
-20.2903,0.0005,7.6206,0.981817
-20.0611,0.0005,7.4312,0.981886
-19.8314,0.0005,7.2414,0.981957
-19.6011,0.0005,7.0512,0.982027
-19.3702,0.0005,6.8607,0.982097
-19.1388,0.0005,6.6698,0.982167
-18.9070,0.0005,6.4785,0.982238
-18.6746,0.0005,6.2870,0.982309
-18.4418,0.0005,6.0951,0.982379
-18.1873,0.0005,5.8854,0.982456
-17.9535,0.0005,5.6928,0.982528
-17.7192,0.0005,5.4999,0.982598
-17.4844,0.0005,5.3066,0.982670
-17.2491,0.0005,5.1131,0.982741
-17.0133,0.0005,4.9193,0.982811
-16.7769,0.0005,4.7252,0.982883
-16.5401,0.0005,4.5308,0.982955
-16.3028,0.0005,4.3360,0.983026
-16.0434,0.0005,4.1232,0.983105
-15.8052,0.0005,3.9278,0.983177
-15.5664,0.0005,3.7321,0.983249
-15.3271,0.0005,3.5360,0.983321
-15.0874,0.0005,3.3397,0.983394
-14.8472,0.0005,3.1430,0.983467
-14.6065,0.0005,2.9460,0.983539
-14.3654,0.0005,2.7487,0.983612
-14.1237,0.0005,2.5511,0.983685
-13.8596,0.0005,2.3351,0.983766
-13.6169,0.0005,2.1369,0.983839
-13.3737,0.0005,1.9383,0.983912
-13.1301,0.0005,1.7394,0.983986
-12.8859,0.0005,1.5403,0.984060
-12.6411,0.0005,1.3409,0.984133
-12.3957,0.0005,1.1413,0.984207
-12.1496,0.0005,0.9414,0.984281
-11.9031,0.0005,0.7413,0.984355
-11.6337,0.0005,0.5227,0.984437
-11.3863,0.0005,0.3219,0.984511
-11.1386,0.0005,0.1207,0.984586
-10.8905,0.0005,-0.0809,0.984660
-10.6420,0.0005,-0.2828,0.984735
-10.3931,0.0005,-0.4852,0.984811
-10.1437,0.0005,-0.6878,0.984886
-9.8940,0.0005,-0.8909,0.984961
-9.6438,0.0005,-1.0943,0.985037
-9.3703,0.0005,-1.3166,0.985119
-9.1192,0.0005,-1.5208,0.985195
-8.8676,0.0005,-1.7253,0.985271
-8.6156,0.0005,-1.9302,0.985348
-8.3631,0.0005,-2.1354,0.985423
-8.1103,0.0005,-2.3411,0.985499
-7.8570,0.0005,-2.5471,0.985576
-7.6034,0.0005,-2.7535,0.985652
-7.3493,0.0005,-2.9604,0.985729
-7.0716,0.0005,-3.1864,0.985812
-6.8165,0.0005,-3.3940,0.985889
-6.5611,0.0005,-3.6020,0.985966
-6.3052,0.0005,-3.8103,0.986043
-6.0489,0.0005,-4.0190,0.986120
-5.7921,0.0005,-4.2282,0.986197
-5.5349,0.0005,-4.4376,0.986274
-5.2772,0.0005,-4.6475,0.986352
-5.0191,0.0005,-4.8578,0.986430
-4.7371,0.0005,-5.0875,0.986515
-4.4780,0.0005,-5.2986,0.986593
-4.2185,0.0005,-5.5099,0.986671
-3.9585,0.0005,-5.7216,0.986749
-3.6981,0.0005,-5.9337,0.986828
-3.4372,0.0005,-6.1462,0.986907
-3.1758,0.0005,-6.3590,0.986986
-2.9141,0.0005,-6.5722,0.987064
-2.6519,0.0005,-6.7858,0.987143
-2.3654,0.0005,-7.0192,0.987230
-2.1024,0.0005,-7.2336,0.987309
-1.8392,0.0005,-7.4484,0.987389
-1.5761,0.0005,-7.6632,0.987468
-1.3134,0.0005,-7.8782,0.987548
-1.0510,0.0005,-8.0932,0.987627
-0.7887,0.0005,-8.3082,0.987706
-0.5266,0.0005,-8.5231,0.987786
-0.2647,0.0005,-8.7378,0.987865
0.0208,0.0005,-8.9719,0.987952
0.2824,0.0005,-9.1864,0.988030
0.5438,0.0005,-9.4008,0.988110
0.8050,0.0005,-9.6150,0.988189
1.0661,0.0005,-9.8291,0.988268
1.3272,0.0005,-10.0429,0.988347
1.5882,0.0005,-10.2565,0.988425
1.8490,0.0005,-10.4700,0.988504
2.1097,0.0005,-10.6833,0.988584
2.3937,0.0005,-10.9159,0.988669
2.6538,0.0005,-11.1290,0.988748
2.9135,0.0005,-11.3421,0.988826
3.1728,0.0005,-11.5552,0.988905
3.4319,0.0005,-11.7683,0.988984
3.6906,0.0005,-11.9813,0.989062
3.9491,0.0005,-12.1943,0.989140
4.2073,0.0005,-12.4072,0.989219
4.4653,0.0005,-12.6200,0.989296
4.7466,0.0005,-12.8521,0.989382
5.0043,0.0005,-13.0647,0.989461
5.2620,0.0005,-13.2771,0.989539
5.5195,0.0005,-13.4894,0.989617
5.7769,0.0005,-13.7015,0.989695
6.0341,0.0005,-13.9135,0.989774
6.2911,0.0005,-14.1254,0.989851
6.5478,0.0005,-14.3372,0.989929
6.8044,0.0005,-14.5489,0.990007
7.0841,0.0005,-14.7797,0.990092
7.3403,0.0005,-14.9912,0.990169
7.5964,0.0005,-15.2025,0.990247
7.8520,0.0005,-15.4136,0.990324
8.1071,0.0005,-15.6242,0.990402
8.3617,0.0005,-15.8343,0.990479
8.6159,0.0005,-16.0439,0.990557
8.8702,0.0005,-16.2534,0.990633
9.1243,0.0005,-16.4627,0.990710
9.4009,0.0005,-16.6905,0.990794
9.6538,0.0005,-16.8988,0.990870
9.9061,0.0005,-17.1066,0.990946
10.1578,0.0005,-17.3140,0.991023
10.4089,0.0005,-17.5209,0.991099
10.6594,0.0005,-17.7274,0.991174
10.9093,0.0005,-17.9335,0.991250
11.1588,0.0005,-18.1390,0.991327
11.4076,0.0005,-18.3442,0.991402
11.6785,0.0005,-18.5674,0.991484
11.9263,0.0005,-18.7716,0.991558
12.1735,0.0005,-18.9754,0.991635
12.4202,0.0005,-19.1787,0.991709
12.6663,0.0005,-19.3816,0.991784
12.9119,0.0005,-19.5840,0.991858
13.1570,0.0005,-19.7860,0.991933
13.4016,0.0005,-19.9876,0.992008
13.6457,0.0005,-20.1888,0.992081
13.9113,0.0005,-20.4077,0.992161
14.1543,0.0005,-20.6080,0.992236
14.3969,0.0005,-20.8078,0.992309
14.6390,0.0005,-21.0071,0.992383
14.8807,0.0005,-21.2060,0.992456
15.1220,0.0005,-21.4044,0.992529
15.3628,0.0005,-21.6023,0.992602
15.6033,0.0005,-21.7997,0.992675
15.8433,0.0005,-21.9967,0.992748
16.1046,0.0005,-22.2110,0.992828
16.3436,0.0005,-22.4071,0.992899
16.5822,0.0005,-22.6027,0.992972
16.8204,0.0005,-22.7979,0.993043
17.0581,0.0005,-22.9926,0.993116
17.2953,0.0005,-23.1869,0.993187
17.5322,0.0005,-23.3807,0.993259
17.7686,0.0005,-23.5742,0.993330
18.0045,0.0005,-23.7671,0.993402
18.2614,0.0005,-23.9772,0.993479
18.4965,0.0005,-24.1693,0.993551
18.7311,0.0005,-24.3610,0.993621
18.9653,0.0005,-24.5523,0.993692
19.1990,0.0005,-24.7432,0.993763
19.4323,0.0005,-24.9337,0.993834
19.6651,0.0005,-25.1238,0.993904
19.8974,0.0005,-25.3135,0.993974
20.1293,0.0005,-25.5029,0.994045
20.3817,0.0005,-25.7091,0.994121
20.6126,0.0005,-25.8977,0.994191
20.8430,0.0005,-26.0860,0.994261
21.0729,0.0005,-26.2740,0.994330
21.3022,0.0005,-26.4618,0.994400
21.5310,0.0005,-26.6492,0.994469
21.7594,0.0005,-26.8363,0.994538
21.9873,0.0005,-27.0231,0.994606
22.2148,0.0005,-27.2095,0.994676
22.4625,0.0005,-27.4126,0.994752
22.6891,0.0005,-27.5983,0.994820
22.9153,0.0005,-27.7838,0.994889
23.1410,0.0005,-27.9689,0.994957
23.3662,0.0005,-28.1538,0.995025
23.5910,0.0005,-28.3383,0.995093
23.8153,0.0005,-28.5226,0.995161
24.0391,0.0005,-28.7067,0.995230
24.2828,0.0005,-28.9071,0.995303
24.5057,0.0005,-29.0905,0.995372
24.7283,0.0005,-29.2735,0.995439
24.9505,0.0005,-29.4563,0.995505
25.1723,0.0005,-29.6388,0.995574
25.3936,0.0005,-29.8210,0.995641
25.6146,0.0005,-30.0029,0.995708
25.8352,0.0005,-30.1844,0.995775
26.0556,0.0005,-30.3656,0.995841
26.2757,0.0005,-30.5464,0.995908
26.5155,0.0005,-30.7431,0.995980
26.7350,0.0005,-30.9231,0.996047
26.9543,0.0005,-31.1027,0.996114
27.1731,0.0005,-31.2820,0.996178
27.3916,0.0005,-31.4609,0.996245
27.6097,0.0005,-31.6396,0.996311
27.8274,0.0005,-31.8179,0.996377
28.0446,0.0005,-31.9961,0.996442
28.2614,0.0005,-32.1739,0.996508
28.4975,0.0005,-32.3676,0.996579
28.7136,0.0005,-32.5448,0.996644
28.9293,0.0005,-32.7217,0.996709
29.1447,0.0005,-32.8983,0.996774
29.3597,0.0005,-33.0747,0.996839
29.5744,0.0005,-33.2507,0.996904
29.7887,0.0005,-33.4264,0.996968
30.0027,0.0005,-33.6019,0.997033
30.2357,0.0005,-33.7930,0.997102
30.4490,0.0005,-33.9679,0.997166
30.6620,0.0005,-34.1424,0.997232
30.8747,0.0005,-34.3166,0.997294
31.0871,0.0005,-34.4905,0.997359
31.2993,0.0005,-34.6641,0.997422
31.5112,0.0005,-34.8374,0.997486
31.7227,0.0005,-35.0104,0.997548
31.9339,0.0005,-35.1831,0.997612
32.1448,0.0005,-35.3555,0.997675
32.3746,0.0005,-35.5432,0.997745
32.5848,0.0005,-35.7150,0.997807
32.7948,0.0005,-35.8865,0.997870
33.0045,0.0005,-36.0578,0.997932
33.2138,0.0005,-36.2287,0.997997
33.4229,0.0005,-36.3993,0.998059
33.6317,0.0005,-36.5697,0.998121
33.8401,0.0005,-36.7398,0.998182
34.0672,0.0005,-36.9251,0.998250
34.2748,0.0005,-37.0947,0.998312
34.4819,0.0005,-37.2642,0.998376
34.6885,0.0005,-37.4336,0.998436
34.8946,0.0005,-37.6029,0.998498
35.1003,0.0005,-37.7720,0.998560
35.3056,0.0005,-37.9410,0.998622
35.5105,0.0005,-38.1098,0.998683
35.7150,0.0005,-38.2785,0.998744
35.9376,0.0005,-38.4624,0.998811
36.1410,0.0005,-38.6309,0.998873
36.3439,0.0005,-38.7993,0.998933
36.5463,0.0005,-38.9678,0.998994
36.7481,0.0005,-39.1362,0.999056
36.9495,0.0005,-39.3045,0.999118
37.1505,0.0005,-39.4728,0.999178
37.3510,0.0005,-39.6410,0.999238
37.5512,0.0005,-39.8091,0.999299
37.7691,0.0005,-39.9923,0.999365
37.9686,0.0005,-40.1602,0.999428
38.1677,0.0005,-40.3279,0.999486
38.3666,0.0005,-40.4955,0.999546
38.5650,0.0005,-40.6629,0.999608
38.7631,0.0005,-40.8303,0.999667
38.9607,0.0005,-40.9975,0.999722
39.1580,0.0005,-41.1647,0.999777
39.3548,0.0005,-41.3318,0.999833
39.5690,0.0005,-41.5140,0.999893
39.7650,0.0005,-41.6810,0.999947
