39.6228,-0.1187,-26.8839,0.000497
39.6617,-0.1204,-27.0557,0.000571
39.7008,-0.1220,-27.2289,0.000654
39.7402,-0.1237,-27.4038,0.000732
39.7796,-0.1254,-27.5802,0.000810
39.8191,-0.1272,-27.7582,0.000885
39.8588,-0.1289,-27.9378,0.000967
39.8987,-0.1307,-28.1190,0.001045
39.9426,-0.1327,-28.3184,0.001132
39.9831,-0.1345,-28.5034,0.001214
40.0247,-0.1363,-28.6898,0.001293
40.0676,-0.1382,-28.8778,0.001375
40.1119,-0.1351,-29.0670,0.001458
40.1579,-0.1371,-29.2580,0.001540
40.2052,-0.1391,-29.4500,0.001623
40.2511,-0.1411,-29.6439,0.001705
40.2972,-0.1432,-29.8399,0.001792
40.3502,-0.1454,-30.0553,0.001883
40.4007,-0.1475,-30.2542,0.001965
40.4521,-0.1496,-30.4543,0.002052
40.5043,-0.1517,-30.6560,0.002138
40.5571,-0.1538,-30.8593,0.002225
40.6105,-0.1560,-31.0641,0.002311
40.6646,-0.1581,-31.2706,0.002398
40.7194,-0.1603,-31.4787,0.002489
40.7749,-0.1625,-31.6882,0.002580
40.8366,-0.1648,-31.9180,0.002674
40.8939,-0.1671,-32.1311,0.002765
40.9502,-0.1693,-32.3467,0.002860
41.0075,-0.1715,-32.5641,0.002947
41.0669,-0.1738,-32.7828,0.003041
41.1269,-0.1761,-33.0031,0.003136
41.1864,-0.1784,-33.2255,0.003231
41.2456,-0.1807,-33.4501,0.003330
41.3052,-0.1830,-33.6770,0.003429
41.3657,-0.1854,-33.9060,0.003524
41.4327,-0.1879,-34.1582,0.003635
41.4950,-0.1903,-34.3917,0.003734
41.5580,-0.1927,-34.6274,0.003837
41.6216,-0.1951,-34.8655,0.003940
41.6862,-0.1975,-35.1058,0.004044
41.7517,-0.1999,-35.3485,0.004155
41.8179,-0.2024,-35.5936,0.004258
41.8846,-0.2048,-35.8410,0.004365
41.9576,-0.2075,-36.1138,0.004485
42.0248,-0.2099,-36.3668,0.004600
42.0924,-0.2124,-36.6224,0.004707
42.1603,-0.2149,-36.8809,0.004823
42.2286,-0.2173,-37.1424,0.004938
42.2977,-0.2198,-37.4067,0.005054
42.3673,-0.2223,-37.6739,0.005169
42.4375,-0.2248,-37.9442,0.005289
42.5088,-0.2272,-38.2172,0.005408
42.5874,-0.2299,-38.5184,0.005540
42.6603,-0.2324,-38.7978,0.005664
42.7342,-0.2348,-39.0798,0.005788
42.8085,-0.2372,-39.3650,0.005911
42.8834,-0.2396,-39.6533,0.006039
42.9591,-0.2420,-39.9443,0.006163
43.0350,-0.2443,-40.2388,0.006295
43.1122,-0.2467,-40.5363,0.006427
43.1908,-0.2490,-40.8371,0.006559
43.2706,-0.2513,-41.1407,0.006686
43.3588,-0.2538,-41.4753,0.006839
43.4401,-0.2560,-41.7853,0.006975
43.5222,-0.2582,-42.0986,0.007111
43.6053,-0.2604,-42.4150,0.007247
43.6890,-0.2625,-42.7346,0.007387
43.7733,-0.2646,-43.0574,0.007528
43.8584,-0.2667,-43.3834,0.007672
43.9437,-0.2687,-43.7128,0.007816
44.0374,-0.2710,-44.0762,0.007977
44.1246,-0.2730,-44.4128,0.008121
44.2127,-0.2749,-44.7528,0.008274
44.3017,-0.2769,-45.0966,0.008422
44.3920,-0.2788,-45.4435,0.008575
44.4830,-0.2807,-45.7942,0.008727
44.5750,-0.2825,-46.1486,0.008884
44.6679,-0.2844,-46.5063,0.009041
44.7614,-0.2862,-46.8682,0.009197
44.8647,-0.2882,-47.2671,0.009375
44.9607,-0.2900,-47.6367,0.009536
45.0577,-0.2917,-48.0105,0.009701
45.1562,-0.2935,-48.3879,0.009866
45.2560,-0.2952,-48.7694,0.010035
45.3570,-0.2969,-49.1548,0.010200
45.4588,-0.2986,-49.5443,0.010373
45.5618,-0.3002,-49.9381,0.010542
45.6762,-0.3020,-50.3725,0.010731
45.7733,-0.3033,-50.7382,0.010892
45.8918,-0.3050,-51.1813,0.011090
46.0016,-0.3065,-51.5916,0.011268
46.1117,-0.3080,-52.0062,0.011449
46.2223,-0.3094,-52.4253,0.011630
46.3340,-0.3108,-52.8489,0.011816
46.4471,-0.3122,-53.2768,0.012006
46.5611,-0.3135,-53.7092,0.012191
46.6763,-0.3148,-54.1463,0.012381
46.8036,-0.3161,-54.6280,0.012591
46.9210,-0.3173,-55.0748,0.012786
47.0396,-0.3184,-55.5261,0.012982
47.1593,-0.3195,-55.9820,0.013182
47.2797,-0.3205,-56.4428,0.013382
47.4009,-0.3215,-56.9086,0.013586
47.5236,-0.3224,-57.3791,0.013790
47.6478,-0.3232,-57.8543,0.013999
47.7731,-0.3240,-58.3342,0.014207
47.8995,-0.3247,-58.8186,0.014419
48.0387,-0.3255,-59.3511,0.014649
48.1667,-0.3260,-59.8422,0.014861
48.2951,-0.3265,-60.3342,0.015082
48.4230,-0.3269,-60.8251,0.015294
48.5502,-0.3273,-61.3148,0.015507
48.6773,-0.3276,-61.8026,0.015719
48.8038,-0.3277,-62.2893,0.015932
48.9298,-0.3278,-62.7744,0.016144
49.0671,-0.3278,-63.3019,0.016378
49.1922,-0.3277,-63.7841,0.016590
49.3170,-0.3275,-64.2647,0.016807
49.4416,-0.3272,-64.7439,0.017013
49.5654,-0.3267,-65.2218,0.017221
49.6890,-0.3261,-65.6981,0.017425
49.8117,-0.3255,-66.1730,0.017634
49.9338,-0.3247,-66.6467,0.017842
50.0558,-0.3238,-67.1187,0.018046
50.1883,-0.3227,-67.6325,0.018270
50.3098,-0.3216,-68.1017,0.018478
50.4316,-0.3203,-68.5697,0.018682
50.5531,-0.3189,-69.0361,0.018886
50.6741,-0.3174,-69.5010,0.019090
50.7944,-0.3159,-69.9646,0.019298
50.9147,-0.3142,-70.4269,0.019498
51.0352,-0.3126,-70.8877,0.019707
51.1557,-0.3107,-71.3469,0.019906
51.2864,-0.3087,-71.8462,0.020131
51.4054,-0.3068,-72.3028,0.020327
51.5247,-0.3048,-72.7584,0.020531
51.6442,-0.3027,-73.2131,0.020731
51.7636,-0.3007,-73.6668,0.020931
51.8824,-0.2985,-74.1196,0.021110
52.0009,-0.2964,-74.5719,0.021329
52.1197,-0.2942,-75.0233,0.021523
52.2386,-0.2920,-75.4738,0.021721
52.3678,-0.2896,-75.9642,0.021939
52.4856,-0.2874,-76.4131,0.022133
52.6031,-0.2852,-76.8614,0.022331
52.7205,-0.2830,-77.3087,0.022525
52.8373,-0.2808,-77.7557,0.022727
52.9540,-0.2786,-78.2020,0.022921
53.0702,-0.2764,-78.6475,0.023123
53.1857,-0.2743,-79.0926,0.023317
53.3010,-0.2722,-79.5373,0.023510
53.4270,-0.2699,-80.0214,0.023725
53.5423,-0.2679,-80.4647,0.023923
53.6575,-0.2659,-80.9073,0.024121
53.7726,-0.2640,-81.3496,0.024315
53.8886,-0.2621,-81.7913,0.024513
54.0058,-0.2603,-82.2323,0.024711
54.1241,-0.2585,-82.6724,0.024904
54.2430,-0.2568,-83.1117,0.025102
54.3619,-0.2551,-83.5501,0.025300
54.4909,-0.2534,-84.0276,0.025515
54.6088,-0.2519,-84.4649,0.025704
54.7270,-0.2505,-84.9015,0.025898
54.8453,-0.2491,-85.3373,0.026092
54.9634,-0.2478,-85.7724,0.026286
55.0808,-0.2466,-86.2070,0.026475
55.1980,-0.2454,-86.6413,0.026669
55.3158,-0.2443,-87.0749,0.026863
55.4340,-0.2432,-87.5079,0.027057
55.5632,-0.2421,-87.9793,0.027267
55.6810,-0.2412,-88.4110,0.027461
55.7984,-0.2402,-88.8424,0.027651
55.9159,-0.2394,-89.2733,0.027844
56.0336,-0.2385,-89.7036,0.028038
56.1510,-0.2377,-90.1334,0.028236
56.2678,-0.2369,-90.5631,0.028426
56.3846,-0.2362,-90.9925,0.028619
56.5017,-0.2355,-91.4215,0.028813
56.6295,-0.2347,-91.8890,0.029028
56.7462,-0.2341,-92.3172,0.029221
56.8624,-0.2334,-92.7453,0.029419
56.9789,-0.2328,-93.1730,0.029609
57.0952,-0.2322,-93.6003,0.029795
57.2113,-0.2316,-94.0274,0.029980
57.3274,-0.2311,-94.4540,0.030170
57.4432,-0.2305,-94.8802,0.030359
57.5692,-0.2300,-95.3452,0.030570
57.6743,-0.2295,-95.7321,0.030743
57.8002,-0.2290,-96.1962,0.030949
57.9156,-0.2285,-96.6213,0.031139
58.0310,-0.2280,-97.0459,0.031333
58.1458,-0.2275,-97.4703,0.031522
58.2604,-0.2271,-97.8945,0.031720
58.3749,-0.2267,-98.3180,0.031910
58.4888,-0.2262,-98.7415,0.032108
58.6023,-0.2258,-99.1647,0.032306
58.7263,-0.2253,-99.6259,0.032516
58.8395,-0.2249,-100.0485,0.032714
58.9526,-0.2245,-100.4707,0.032916
59.0656,-0.2241,-100.8925,0.033110
59.1781,-0.2236,-101.3142,0.033312
59.2906,-0.2232,-101.7355,0.033510
59.4033,-0.2228,-102.1560,0.033708
59.5155,-0.2224,-102.5761,0.033910
59.6276,-0.2219,-102.9950,0.034099
59.7497,-0.2215,-103.4506,0.034306
59.8613,-0.2210,-103.8672,0.034491
59.9732,-0.2206,-104.2823,0.034685
60.0850,-0.2201,-104.6960,0.034875
60.1965,-0.2196,-105.1080,0.035064
60.3071,-0.2191,-105.5185,0.035254
60.4175,-0.2187,-105.9275,0.035444
60.5279,-0.2182,-106.3346,0.035633
60.6480,-0.2177,-106.7763,0.035840
60.7575,-0.2172,-107.1790,0.036025
60.8662,-0.2167,-107.5793,0.036215
60.9748,-0.2162,-107.9765,0.036400
61.0837,-0.2158,-108.3699,0.036586
61.1926,-0.2153,-108.7590,0.036771
61.3009,-0.2149,-109.1439,0.036953
61.4081,-0.2144,-109.5246,0.037130
61.5140,-0.2140,-109.9016,0.037316
61.6195,-0.2136,-110.2744,0.037489
61.7339,-0.2132,-110.6768,0.037683
61.8376,-0.2128,-111.0419,0.037856
61.9404,-0.2124,-111.4042,0.038029
62.0428,-0.2120,-111.7649,0.038194
62.1454,-0.2117,-112.1245,0.038363
62.2482,-0.2113,-112.4835,0.038528
62.3507,-0.2109,-112.8422,0.038693
62.4528,-0.2106,-113.2008,0.038858
62.5553,-0.2103,-113.5593,0.039027
62.6672,-0.2099,-113.9501,0.039208
62.7697,-0.2096,-114.3084,0.039373
62.8725,-0.2093,-114.6666,0.039542
62.9751,-0.2089,-115.0247,0.039711
63.0775,-0.2086,-115.3830,0.039880
63.1800,-0.2083,-115.7414,0.040045
63.2827,-0.2080,-116.0996,0.040210
63.3853,-0.2077,-116.4581,0.040379
63.4879,-0.2073,-116.8168,0.040548
63.5907,-0.2070,-117.1755,0.040717
63.7029,-0.2067,-117.5668,0.040899
63.8053,-0.2063,-117.9258,0.041068
63.9079,-0.2060,-118.2851,0.041237
64.0108,-0.2057,-118.6446,0.041402
64.1140,-0.2053,-119.0038,0.041571
64.2167,-0.2050,-119.3633,0.041744
64.3187,-0.2047,-119.7230,0.041913
64.4202,-0.2043,-120.0828,0.042082
64.5307,-0.2039,-120.4753,0.042264
64.6317,-0.2035,-120.8347,0.042420
64.7321,-0.2031,-121.1920,0.042573
64.8314,-0.2028,-121.5458,0.042730
64.9292,-0.2024,-121.8953,0.042882
65.0252,-0.2020,-122.2389,0.043035
65.1190,-0.2016,-122.5759,0.043184
65.2102,-0.2012,-122.9060,0.043336
65.2986,-0.2008,-123.2293,0.043481
65.3915,-0.2003,-123.5744,0.043637
65.4734,-0.1999,-123.8840,0.043778
65.5516,-0.1995,-124.1872,0.043918
65.6262,-0.1991,-124.4847,0.044058
65.6973,-0.1986,-124.7770,0.044190
65.7649,-0.1982,-125.0647,0.044339
65.8293,-0.1977,-125.3485,0.044462
65.8906,-0.1972,-125.6286,0.044594
65.9546,-0.1967,-125.9303,0.044739
66.0106,-0.1962,-126.2037,0.044875
66.0640,-0.1957,-126.4742,0.044999
66.1153,-0.1952,-126.7423,0.045131
66.1649,-0.1946,-127.0084,0.045263
66.2127,-0.1940,-127.2729,0.045395
66.2593,-0.1935,-127.5364,0.045522
66.3046,-0.1929,-127.7992,0.045650
66.3490,-0.1922,-128.0614,0.045778
66.3924,-0.1916,-128.3234,0.045914
66.4390,-0.1909,-128.6091,0.046055
66.4806,-0.1902,-128.8712,0.046187
66.5207,-0.1895,-129.1332,0.046319
66.5591,-0.1887,-129.3952,0.046451
66.5953,-0.1879,-129.6573,0.046574
66.6288,-0.1871,-129.9190,0.046690
66.6596,-0.1863,-130.1805,0.046809
66.6878,-0.1854,-130.4420,0.046929
66.7135,-0.1844,-130.7032,0.047044
66.7373,-0.1835,-130.9643,0.047164
66.7613,-0.1823,-131.2486,0.047296
66.7814,-0.1813,-131.5087,0.047415
66.7997,-0.1802,-131.7685,0.047531
66.8158,-0.1791,-132.0277,0.047655
66.8295,-0.1779,-132.2862,0.047774
66.8425,-0.1915,-132.5443,0.047894
66.8517,-0.1905,-132.8024,0.048013
66.8582,-0.1892,-133.0833,0.048145
66.8637,-0.1878,-133.3398,0.048265
66.8686,-0.1864,-133.5960,0.048389
66.8714,-0.1850,-133.8518,0.048508
66.8718,-0.1836,-134.1069,0.048628
66.8702,-0.1822,-134.3611,0.048752
66.8549,-0.1808,-134.6151,0.048871
66.8548,-0.1788,-134.8744,0.048991
66.8351,-0.1755,-135.1183,0.049114
66.8198,-0.1727,-135.3676,0.049234
66.8059,-0.1763,-135.6380,0.049366
66.7825,-0.1742,-135.8851,0.049494
66.7476,-0.1654,-136.1383,0.049617
66.7249,-0.1659,-136.3816,0.049733
66.6865,-0.1569,-136.6157,0.049861
66.6509,-0.1537,-136.8558,0.049980
66.6190,-0.1632,-137.0940,0.050100
66.5702,-0.1573,-137.3384,0.050220
66.5235,-0.1470,-137.5718,0.050347
66.4782,-0.1529,-137.8252,0.050483
66.4291,-0.1435,-138.0550,0.050599
66.3744,-0.1342,-138.2821,0.050718
66.3154,-0.1465,-138.5070,0.050834
66.2581,-0.1373,-138.7316,0.050945
66.2526,-0.1220,-138.9606,0.051052
66.1627,-0.1429,-139.1806,0.051164
66.1041,-0.1358,-139.4016,0.051275
66.0738,-0.1268,-139.6391,0.051390
65.9796,-0.1420,-139.8622,0.051498
65.9534,-0.1296,-140.0789,0.051609
65.8921,-0.1303,-140.2962,0.051716
65.7800,-0.1835,-140.5000,0.051819
65.7153,-0.1787,-140.7140,0.051926
65.6461,-0.1739,-140.9254,0.052034
65.5726,-0.1690,-141.1339,0.052137
65.4965,-0.1639,-141.3393,0.052244
65.4128,-0.1589,-141.5625,0.052355
65.3356,-0.1546,-141.7687,0.052467
65.2558,-0.1504,-141.9735,0.052570
65.1717,-0.1465,-142.1744,0.052673
65.0852,-0.1428,-142.3708,0.052784
64.9990,-0.1394,-142.5661,0.052883
64.9550,-0.1132,-142.7803,0.052982
64.8655,-0.1110,-142.9646,0.053085
64.7723,-0.1079,-143.1527,0.053184
64.6800,-0.1033,-143.3390,0.053287
64.5792,-0.0981,-143.5437,0.053394
64.4576,-0.1104,-143.7123,0.053497
64.3612,-0.1078,-143.8917,0.053600
64.2818,-0.0907,-144.0904,0.053699
64.1813,-0.0807,-144.2637,0.053798
64.0537,-0.0969,-144.4195,0.053897
63.9318,-0.0896,-144.5747,0.053996
63.8260,-0.0831,-144.7401,0.054099
63.7213,-0.0968,-144.9040,0.054194
63.6025,-0.0895,-145.0774,0.054301
63.4908,-0.0828,-145.2339,0.054396
63.3793,-0.0762,-145.3893,0.054491
63.2760,-0.0935,-145.5390,0.054594
63.1577,-0.0883,-145.6965,0.054689
63.0447,-0.0824,-145.8470,0.054784
62.9287,-0.0764,-145.9934,0.054887
62.8195,-0.0872,-146.1467,0.054977
62.7055,-0.0809,-146.2955,0.055072
62.5774,-0.0740,-146.4415,0.055179
62.4585,-0.0736,-146.5822,0.055269
62.3396,-0.0831,-146.7348,0.055364
62.2202,-0.0769,-146.8759,0.055459
62.0980,-0.0729,-147.0004,0.055549
61.9767,-0.0725,-147.1351,0.055636
61.8590,-0.0836,-147.2727,0.055726
61.7349,-0.0829,-147.4051,0.055817
61.5864,-0.0778,-147.5441,0.055916
61.4593,-0.0721,-147.6697,0.056002
61.3356,-0.0774,-147.7987,0.056089
61.2068,-0.0714,-147.9215,0.056179
61.0785,-0.0698,-148.0312,0.056266
60.9481,-0.0693,-148.1486,0.056352
60.8141,-0.0754,-148.2743,0.056434
60.6811,-0.0695,-148.3888,0.056525
60.5496,-0.0677,-148.4906,0.056607
60.4039,-0.0671,-148.6111,0.056698
60.2734,-0.0744,-148.7261,0.056784
60.1383,-0.0738,-148.8349,0.056867
60.0034,-0.0731,-148.9419,0.056953
59.8570,-0.0692,-149.0451,0.057040
59.7305,-0.0716,-149.1487,0.057122
59.5926,-0.0711,-149.2515,0.057204
59.4550,-0.0705,-149.3530,0.057287
59.3061,-0.0690,-149.4512,0.057365
59.1675,-0.0635,-149.5497,0.057451
59.0205,-0.0655,-149.6633,0.057538
58.8850,-0.0618,-149.7517,0.057624
58.7459,-0.0614,-149.8482,0.057706
58.6058,-0.0609,-149.9421,0.057785
58.4617,-0.0654,-150.0460,0.057867
58.3210,-0.0601,-150.1399,0.057953
58.1829,-0.0593,-150.2237,0.058036
58.0419,-0.0587,-150.3162,0.058118
57.8873,-0.0580,-150.4171,0.058209
57.7501,-0.0638,-150.5156,0.058287
57.6096,-0.0635,-150.6079,0.058369
57.4686,-0.0631,-150.6982,0.058452
57.3159,-0.0584,-150.7844,0.058534
57.1771,-0.0601,-150.8781,0.058616
57.0378,-0.0567,-150.9564,0.058698
56.8955,-0.0566,-151.0442,0.058781
56.7531,-0.0564,-151.1309,0.058863
56.6003,-0.0613,-151.2306,0.058950
56.4569,-0.0610,-151.3154,0.059036
56.3131,-0.0607,-151.3986,0.059118
56.1685,-0.0604,-151.4790,0.059205
56.0126,-0.0556,-151.5555,0.059288
55.8768,-0.0597,-151.6360,0.059374
55.7305,-0.0596,-151.7146,0.059461
55.5830,-0.0594,-151.7915,0.059543
55.4244,-0.0570,-151.8648,0.059626
55.2663,-0.0581,-151.9539,0.059725
55.1214,-0.0536,-152.0200,0.059803
54.9713,-0.0534,-152.0938,0.059890
54.8200,-0.0531,-152.1655,0.059968
54.6664,-0.0528,-152.2362,0.060059
54.5139,-0.0584,-152.3130,0.060141
54.3576,-0.0583,-152.3845,0.060228
54.1999,-0.0581,-152.4567,0.060315
54.0314,-0.0531,-152.5260,0.060397
53.8820,-0.0578,-152.6011,0.060484
53.7066,-0.0578,-152.6802,0.060583
53.5438,-0.0578,-152.7506,0.060665
53.3692,-0.0530,-152.8164,0.060756
53.2060,-0.0561,-152.8920,0.060839
53.0386,-0.0510,-152.9628,0.060925
52.8739,-0.0503,-153.0251,0.061012
52.7050,-0.0503,-153.0971,0.061103
52.5369,-0.0581,-153.1751,0.061193
52.3640,-0.0581,-153.2456,0.061284
52.1735,-0.0582,-153.3213,0.061379
51.9877,-0.0520,-153.3868,0.061470
51.8203,-0.0582,-153.4592,0.061561
51.6414,-0.0585,-153.5289,0.061651
51.4506,-0.0571,-153.5940,0.061742
51.2693,-0.0513,-153.6619,0.061833
51.0960,-0.0591,-153.7332,0.061924
50.9111,-0.0594,-153.8006,0.062019
50.6979,-0.0556,-153.8667,0.062118
50.5102,-0.0499,-153.9292,0.062217
50.3228,-0.0553,-153.9981,0.062307
50.1361,-0.0497,-154.0501,0.062402
49.9438,-0.0494,-154.1095,0.062497
49.7532,-0.0603,-154.1745,0.062592
49.5577,-0.0607,-154.2328,0.062691
49.3517,-0.0573,-154.2832,0.062786
49.1551,-0.0512,-154.3353,0.062881
48.9482,-0.0617,-154.3958,0.062988
48.7382,-0.0602,-154.4432,0.063083
48.5373,-0.0542,-154.4916,0.063182
48.3457,-0.0626,-154.5436,0.063277
48.1419,-0.0629,-154.5919,0.063380
47.9279,-0.0572,-154.6337,0.063479
47.7227,-0.0508,-154.6760,0.063586
47.5256,-0.0636,-154.7227,0.063685
47.3068,-0.0596,-154.7606,0.063784
47.0785,-0.0526,-154.8060,0.063895
46.8707,-0.0644,-154.8534,0.064003
46.6581,-0.0586,-154.8952,0.064102
46.4450,-0.0529,-154.9356,0.064209
46.2374,-0.0487,-154.9641,0.064312
46.0133,-0.0646,-155.0011,0.064419
45.7952,-0.0586,-155.0377,0.064522
45.5770,-0.0523,-155.0696,0.064630
45.3579,-0.0675,-155.0992,0.064737
45.1149,-0.0609,-155.1341,0.064852
44.8920,-0.0546,-155.1610,0.064960
44.6701,-0.0698,-155.1910,0.065067
44.4433,-0.0639,-155.2148,0.065174
44.2229,-0.0506,-155.2905,0.065285
43.9885,-0.0740,-155.2802,0.065397
43.7573,-0.0685,-155.2997,0.065504
43.5252,-0.0631,-155.3172,0.065624
43.3009,-0.0792,-155.3297,0.065735
43.0395,-0.0700,-155.3732,0.065859
42.8042,-0.0661,-155.3768,0.065974
42.5668,-0.0839,-155.3477,0.066081
42.3329,-0.0785,-155.3465,0.066197
42.1073,-0.0681,-155.3746,0.066312
41.8740,-0.0896,-155.3338,0.066428
41.6412,-0.0913,-155.3214,0.066547
41.4007,-0.0814,-155.3383,0.066659
41.1799,-0.0950,-155.2900,0.066770
40.9317,-0.0965,-155.2682,0.066890
40.6934,-0.0861,-155.2750,0.067009
40.4790,-0.1006,-155.1972,0.067125
40.2449,-0.0945,-155.1839,0.067236
40.0226,-0.0840,-155.1850,0.067348
39.7980,-0.0851,-155.1516,0.067459
39.5769,-0.1057,-155.0840,0.067578
39.3395,-0.0920,-155.0749,0.067694
39.1177,-0.0862,-155.0321,0.067809
38.8822,-0.1042,-154.9506,0.067933
38.6598,-0.0986,-154.9059,0.068044
38.4382,-0.0933,-154.8566,0.068155
38.2233,-0.1109,-154.7841,0.068267
38.0016,-0.1066,-154.7322,0.068378
37.7770,-0.1022,-154.6790,0.068493
37.5516,-0.1195,-154.6276,0.068605
37.3248,-0.1155,-154.5782,0.068720
37.1047,-0.1119,-154.5243,0.068839
36.8506,-0.1318,-154.4779,0.068963
36.6137,-0.1301,-154.4200,0.069079
36.3799,-0.1272,-154.3678,0.069194
36.1492,-0.1407,-154.3247,0.069318
35.9127,-0.1437,-154.2724,0.069433
35.6726,-0.1405,-154.2050,0.069557
35.4352,-0.1476,-154.1484,0.069676
35.2054,-0.1451,-154.0807,0.069800
34.9622,-0.1493,-154.0143,0.069923
34.7174,-0.1587,-153.9487,0.070047
34.4497,-0.1620,-153.8645,0.070187
34.2005,-0.1614,-153.7877,0.070315
33.9486,-0.1639,-153.7067,0.070443
33.6935,-0.1665,-153.6231,0.070579
33.4390,-0.1690,-153.5367,0.070715
33.1819,-0.1716,-153.4459,0.070851
32.9217,-0.1595,-153.3492,0.070987
32.6586,-0.1621,-153.2529,0.071131
32.3674,-0.1650,-153.1459,0.071287
32.0998,-0.1676,-153.0438,0.071428
31.8303,-0.1700,-152.9370,0.071576
31.5557,-0.1725,-152.8275,0.071724
31.2777,-0.1748,-152.7166,0.071881
30.9964,-0.1771,-152.6035,0.072042
30.7123,-0.1794,-152.4878,0.072207
30.4253,-0.2012,-152.3703,0.072363
30.1348,-0.2032,-152.2492,0.072532
29.8160,-0.2055,-152.1118,0.072714
29.5232,-0.2076,-151.9811,0.072883
29.2281,-0.2097,-151.8464,0.073056
28.9300,-0.2119,-151.7072,0.073216
28.6294,-0.2141,-151.5632,0.073390
28.3285,-0.2151,-151.4144,0.073559
28.0258,-0.2161,-151.2607,0.073732
27.7213,-0.2175,-151.1030,0.073905
27.4173,-0.2190,-150.9411,0.074078
27.0803,-0.2207,-150.7585,0.074268
26.7675,-0.2223,-150.5864,0.074445
26.4533,-0.2239,-150.4097,0.074622
26.1368,-0.2249,-150.2272,0.074804
25.8189,-0.2253,-150.0399,0.074981
25.4981,-0.2258,-149.8491,0.075166
25.1741,-0.2269,-149.6534,0.075348
24.8468,-0.2280,-149.4531,0.075525
24.5157,-0.2292,-149.2486,0.075719
24.1495,-0.2305,-149.0215,0.075921
23.8083,-0.2313,-148.8096,0.076127
23.4630,-0.2314,-148.5946,0.076337
23.1127,-0.2314,-148.3766,0.076560
22.7576,-0.2320,-148.1562,0.076778
22.3979,-0.2329,-147.9315,0.076993
22.0338,-0.2337,-147.7026,0.077216
21.6655,-0.2346,-147.4694,0.077438
21.2926,-0.2350,-147.2314,0.077653
20.9162,-0.2349,-146.9892,0.077875
20.5010,-0.2348,-146.7202,0.078106
20.1158,-0.2353,-146.4704,0.078333
19.7256,-0.2360,-146.2163,0.078560
19.3299,-0.2367,-145.9592,0.078783
18.9284,-0.2374,-145.6997,0.079009
18.5223,-0.2375,-145.4376,0.079228
18.1120,-0.2376,-145.1725,0.079455
17.6975,-0.2376,-144.9045,0.079673
17.2408,-0.2384,-144.6092,0.079921
16.8177,-0.2391,-144.3347,0.080144
16.3905,-0.2399,-144.0571,0.080387
15.9597,-0.2409,-143.7764,0.080642
15.5251,-0.2420,-143.4925,0.080898
15.0869,-0.2431,-143.2057,0.081150
14.6460,-0.2438,-142.9158,0.081393
14.2017,-0.2445,-142.6231,0.081657
13.7543,-0.2452,-142.3278,0.081908
13.2632,-0.2466,-142.0030,0.082185
12.8096,-0.2481,-141.7025,0.082436
12.3529,-0.2496,-141.3994,0.082692
11.8937,-0.2508,-141.0934,0.082947
11.4320,-0.2520,-140.7845,0.083195
10.9680,-0.2533,-140.4726,0.083442
10.5019,-0.2549,-140.1577,0.083694
10.0334,-0.2566,-139.8393,0.083949
9.5621,-0.2582,-139.5178,0.084201
9.0453,-0.2597,-139.1633,0.084477
8.5686,-0.2611,-138.8353,0.084745
8.0888,-0.2625,-138.5047,0.085009
7.6056,-0.2643,-138.1720,0.085281
7.1188,-0.2661,-137.8371,0.085545
6.6288,-0.2679,-137.4995,0.085813
6.1368,-0.2693,-137.1583,0.086086
5.6424,-0.2708,-136.8137,0.086362
5.1456,-0.2723,-136.4658,0.086638
4.6005,-0.2744,-136.0829,0.086935
4.0972,-0.2763,-135.7288,0.087220
3.5903,-0.2781,-135.3722,0.087488
3.0801,-0.2797,-135.0131,0.087777
2.5667,-0.2813,-134.6515,0.088057
2.0502,-0.2829,-134.2876,0.088342
1.5305,-0.2848,-133.9213,0.088626
1.0078,-0.2867,-133.5525,0.088919
0.4818,-0.2884,-133.1812,0.089212
-0.0953,-0.2902,-132.7734,0.089525
-0.6272,-0.2919,-132.3971,0.089823
-1.1616,-0.2935,-132.0188,0.090115
-1.6971,-0.2952,-131.6389,0.090412
-2.2312,-0.2969,-131.2584,0.090705
-2.7619,-0.2986,-130.8787,0.090994
-3.2889,-0.3004,-130.5003,0.091283
-3.8125,-0.3020,-130.1236,0.091576
-4.3327,-0.3035,-129.7493,0.091861
-4.8960,-0.3050,-129.3439,0.092166
-5.4075,-0.3068,-128.9744,0.092442
-5.9148,-0.3088,-128.6071,0.092714
-6.4173,-0.3108,-128.2418,0.092995
-6.9151,-0.3123,-127.8786,0.093271
-7.4078,-0.3135,-127.5183,0.093539
-7.8956,-0.3146,-127.1608,0.093811
-8.3778,-0.3166,-126.8057,0.094071
-8.8561,-0.3190,-126.4536,0.094334
-9.3296,-0.3213,-126.1042,0.094598
-9.8411,-0.3225,-125.7252,0.094874
-10.3047,-0.3234,-125.3805,0.095130
-10.7635,-0.3244,-125.0374,0.095385
-11.2160,-0.3259,-124.6952,0.095628
-11.6645,-0.3282,-124.3543,0.095884
-12.1075,-0.3306,-124.0139,0.096127
-12.5456,-0.3316,-123.6734,0.096370
-12.9779,-0.3324,-123.3335,0.096618
-13.4437,-0.3334,-122.9629,0.096877
-13.8657,-0.3342,-122.6232,0.097116
-14.2817,-0.3357,-122.2830,0.097360
-14.6945,-0.3379,-121.9428,0.097595
-15.1039,-0.3392,-121.6016,0.097830
-15.5095,-0.3400,-121.2600,0.098065
-15.9123,-0.3214,-120.9173,0.098300
-16.3141,-0.3224,-120.5746,0.098531
-16.7163,-0.3233,-120.2326,0.098761
-17.1543,-0.3243,-119.8584,0.099017
-17.5536,-0.3252,-119.5140,0.099248
-17.9515,-0.3260,-119.1693,0.099475
-18.3494,-0.3269,-118.8246,0.099706
-18.7467,-0.3278,-118.4806,0.099937
-19.1426,-0.3287,-118.1360,0.100163
-19.5363,-0.3296,-117.7904,0.100398
-19.9287,-0.3305,-117.4439,0.100621
-20.3200,-0.3315,-117.0964,0.100852
-20.7447,-0.3326,-116.7160,0.101099
-21.1334,-0.3482,-116.3671,0.101326
-21.5206,-0.3493,-116.0163,0.101557
-21.9055,-0.3504,-115.6645,0.101780
-22.2895,-0.3515,-115.3124,0.102007
-22.6728,-0.3527,-114.9601,0.102233
-23.0551,-0.3539,-114.6068,0.102460
-23.4360,-0.3551,-114.2526,0.102687
-23.8154,-0.3564,-113.8978,0.102914
-24.2280,-0.3577,-113.5097,0.103157
-24.6057,-0.3590,-113.1532,0.103380
-24.9824,-0.3602,-112.7962,0.103611
-25.3572,-0.3616,-112.4383,0.103833
-25.7301,-0.3629,-112.0793,0.104056
-26.1018,-0.3642,-111.7197,0.104283
-26.4719,-0.3656,-111.3598,0.104510
-26.8400,-0.3669,-110.9996,0.104737
-27.2060,-0.3682,-110.6397,0.104959
-27.6031,-0.3697,-110.2483,0.105198
-27.9647,-0.3711,-109.8909,0.105421
-28.3234,-0.3724,-109.5349,0.105644
-28.6794,-0.3738,-109.1803,0.105858
-29.0327,-0.3751,-108.8272,0.106073
-29.3832,-0.3764,-108.4754,0.106291
-29.7310,-0.3777,-108.1250,0.106501
-30.0761,-0.3791,-107.7760,0.106712
-30.4185,-0.3804,-107.4284,0.106926
-30.7889,-0.3818,-107.0507,0.107153
-31.1256,-0.3831,-106.7060,0.107359
-31.4595,-0.3843,-106.3626,0.107565
-31.7908,-0.3856,-106.0202,0.107771
-32.1196,-0.3869,-105.6787,0.107973
-32.4458,-0.3881,-105.3381,0.108176
-32.7696,-0.3893,-104.9984,0.108378
-33.0910,-0.3905,-104.6596,0.108580
-33.4100,-0.3917,-104.3217,0.108778
-33.7554,-0.3930,-103.9539,0.108992
-34.0695,-0.3942,-103.6178,0.109190
-34.3812,-0.3953,-103.2823,0.109384
-34.6903,-0.3963,-102.9477,0.109582
-34.9967,-0.3973,-102.6136,0.109771
-35.3001,-0.3983,-102.2800,0.109969
-35.5989,-0.3852,-101.9452,0.110163
-35.8965,-0.3862,-101.6120,0.110353
-36.1924,-0.3873,-101.2797,0.110546
-36.5116,-0.3884,-100.9162,0.110753
-36.7995,-0.3894,-100.5820,0.110942
-37.0845,-0.3903,-100.2481,0.111128
-37.3678,-0.3913,-99.9143,0.111318
-37.6486,-0.3922,-99.5805,0.111503
-37.9271,-0.3931,-99.2468,0.111689
-38.2049,-0.3940,-98.9138,0.111874
-38.4811,-0.3949,-98.5813,0.112060
-38.7550,-0.3958,-98.2489,0.112241
-39.0505,-0.3967,-97.8861,0.112439
-39.3185,-0.3976,-97.5535,0.112625
-39.5827,-0.3984,-97.2204,0.112802
-39.8434,-0.3993,-96.8866,0.112984
-40.1002,-0.4000,-96.5520,0.113165
-40.3537,-0.4008,-96.2168,0.113346
-40.6042,-0.4015,-95.8810,0.113524
-40.8519,-0.4023,-95.5447,0.113701
-41.0975,-0.4030,-95.2080,0.113878
-41.3630,-0.4038,-94.8400,0.114072
-41.6046,-0.4045,-94.5021,0.114249
-41.8445,-0.4052,-94.1633,0.114431
-42.0862,-0.4195,-93.8256,0.114608
-42.3237,-0.4204,-93.4835,0.114786
-42.5588,-0.4213,-93.1396,0.114963
-42.7926,-0.4222,-92.7940,0.115144
-43.0263,-0.4232,-92.4469,0.115322
-43.2599,-0.4241,-92.0980,0.115503
-43.5145,-0.4253,-91.7161,0.115697
-43.7484,-0.4265,-91.3653,0.115878
-43.9827,-0.4277,-91.0137,0.116056
-44.2183,-0.4290,-90.6610,0.116237
-44.4542,-0.4302,-90.3078,0.116418
-44.6883,-0.4315,-89.9532,0.116600
-44.9113,-0.4331,-89.5905,0.116781
-45.1412,-0.4336,-89.2324,0.116963
-45.3692,-0.4340,-88.8724,0.117144
-45.6161,-0.4350,-88.4780,0.117342
-45.8484,-0.4414,-88.1185,0.117524
-46.0751,-0.4429,-87.7537,0.117705
-46.3063,-0.4419,-87.3816,0.117886
-46.5235,-0.4393,-87.0173,0.118072
-46.7569,-0.4476,-86.6536,0.118253
-46.9821,-0.4434,-86.2742,0.118439
-47.2025,-0.4426,-85.9097,0.118625
-47.4320,-0.4528,-85.5417,0.118810
-47.6750,-0.4526,-85.1233,0.119013
-47.9063,-0.4527,-84.7526,0.119198
-48.1183,-0.4501,-84.3792,0.119384
-48.3469,-0.4536,-83.9990,0.119570
-48.5548,-0.4534,-83.6213,0.119756
-48.7727,-0.4552,-83.2398,0.119945
-48.9983,-0.4655,-82.8553,0.120131
-49.2045,-0.4599,-82.4753,0.120317
-49.4303,-0.4676,-82.0869,0.120507
-49.6647,-0.4780,-81.6717,0.120713
-49.8779,-0.4686,-81.2761,0.120899
-50.0899,-0.4802,-80.8856,0.121088
-50.2922,-0.4727,-80.4974,0.121278
-50.5062,-0.4880,-80.0980,0.121468
-50.7223,-0.4797,-79.7139,0.121658
-50.9289,-0.4848,-79.3110,0.121848
-51.1306,-0.5002,-78.9199,0.122038
-51.3334,-0.4921,-78.5101,0.122227
-51.5530,-0.5026,-78.0715,0.122438
-51.7560,-0.5105,-77.6789,0.122627
-51.9539,-0.5042,-77.2635,0.122821
-52.1540,-0.5159,-76.8565,0.123015
-52.3553,-0.5064,-76.4492,0.123208
-52.5551,-0.5181,-76.0403,0.123402
-52.7578,-0.5289,-75.6404,0.123596
-52.9551,-0.5200,-75.2183,0.123789
-53.1541,-0.5316,-74.8056,0.123983
-53.3789,-0.5222,-74.3640,0.124193
-53.5760,-0.5321,-73.9416,0.124391
-53.7678,-0.5443,-73.5217,0.124585
-53.9674,-0.5346,-73.1045,0.124782
-54.2202,-0.5377,-72.7134,0.124976
-54.3933,-0.5586,-72.2795,0.125174
-54.5949,-0.5499,-71.8591,0.125372
-54.7985,-0.5624,-71.4383,0.125569
-55.0323,-0.5491,-71.0401,0.125763
-55.2322,-0.5647,-70.5584,0.125981
-55.4410,-0.5768,-70.1368,0.126179
-55.6781,-0.5640,-69.7374,0.126377
-55.8599,-0.5797,-69.2916,0.126575
-56.0717,-0.5913,-68.8680,0.126777
-56.3097,-0.5764,-68.4660,0.126975
-56.4923,-0.5919,-68.0191,0.127177
-56.7061,-0.6027,-67.5949,0.127375
-56.9447,-0.5856,-67.1908,0.127577
-57.1497,-0.6021,-66.7038,0.127795
-57.3462,-0.6119,-66.2752,0.127997
-57.6045,-0.5947,-65.8714,0.128199
-57.7922,-0.6123,-65.4209,0.128402
-58.0351,-0.5973,-65.0143,0.128604
-58.2211,-0.6100,-64.5625,0.128806
-58.4359,-0.6196,-64.1324,0.129012
-58.6767,-0.6006,-63.7226,0.129214
-58.8616,-0.6176,-63.2684,0.129416
-59.0953,-0.6261,-62.7965,0.129639
-59.3073,-0.6145,-62.3621,0.129845
-59.5173,-0.6243,-61.9260,0.130047
-59.7110,-0.6363,-61.4883,0.130253
-59.9215,-0.6242,-61.0501,0.130459
-60.1302,-0.6339,-60.6103,0.130665
-60.3405,-0.6429,-60.1630,0.130872
-60.5504,-0.6316,-59.7221,0.131078
-60.7539,-0.6412,-59.2771,0.131284
-60.9918,-0.6504,-58.7976,0.131511
-61.2050,-0.6390,-58.3550,0.131721
-61.4159,-0.6496,-57.9105,0.131927
-61.6297,-0.6606,-57.4658,0.132133
-61.8478,-0.6503,-57.0230,0.132344
-62.0732,-0.6606,-56.5826,0.132550
-62.2954,-0.6714,-56.1394,0.132760
-62.5167,-0.6608,-55.6957,0.132966
-62.7390,-0.6716,-55.2516,0.133177
-62.9806,-0.6832,-54.7749,0.133404
-63.2019,-0.6743,-54.3199,0.133614
-63.4265,-0.6868,-53.8751,0.133820
-63.6573,-0.6977,-53.4412,0.134030
-63.8817,-0.6910,-52.9860,0.134241
-64.1099,-0.7038,-52.5410,0.134447
-64.3440,-0.7135,-52.1069,0.134657
-64.5712,-0.7083,-51.6512,0.134867
-64.8025,-0.7212,-51.2058,0.135074
-65.0589,-0.7276,-50.7300,0.135309
-65.2940,-0.7460,-50.2866,0.135519
-65.5249,-0.7534,-49.8396,0.135733
-65.7572,-0.7626,-49.3933,0.135944
-65.9890,-0.7736,-48.9462,0.136158
-66.2201,-0.7861,-48.4978,0.136368
-66.4513,-0.7997,-48.0495,0.136579
-66.6832,-0.8138,-47.6009,0.136793
-66.9170,-0.8278,-47.1527,0.137004
-67.1731,-0.8449,-46.6664,0.137234
-67.4075,-0.8601,-46.2207,0.137441
-67.6395,-0.8737,-45.7765,0.137651
-67.8702,-0.8855,-45.3349,0.137857
-68.1005,-0.8957,-44.8962,0.138063
-68.3296,-0.9044,-44.4604,0.138265
-68.5565,-0.9121,-44.0277,0.138467
-68.7813,-0.9192,-43.5984,0.138669
-69.0051,-0.9278,-43.1732,0.138867
-69.2483,-0.9387,-42.7109,0.139082
-69.4688,-0.9495,-42.2891,0.139276
-69.6866,-0.9615,-41.8691,0.139474
-69.9027,-0.9748,-41.4511,0.139671
-70.1183,-0.9893,-41.0357,0.139865
-70.3338,-1.0051,-40.6227,0.140059
-70.5487,-1.0217,-40.2124,0.140249
-70.7622,-1.0390,-39.8051,0.140438
-70.9781,-1.0069,-39.4011,0.140628
-71.2189,-1.0220,-38.9636,0.140830
-71.4439,-1.0358,-38.5668,0.141020
-71.6674,-1.0496,-38.1705,0.141205
-71.8923,-1.0632,-37.7786,0.141387
-72.1207,-1.0768,-37.3927,0.141568
-72.3341,-1.0823,-37.0018,0.141750
-72.5582,-1.0983,-36.6200,0.141931
-72.7795,-1.1142,-36.2390,0.142108
-72.9980,-1.1299,-35.8616,0.142286
-73.2370,-1.1471,-35.4540,0.142479
-73.4567,-1.1630,-35.0832,0.142653
-73.6748,-1.1787,-34.7142,0.142826
-73.8915,-1.1943,-34.3471,0.142995
-74.1080,-1.2099,-33.9825,0.143168
-74.3252,-1.2254,-33.6208,0.143337
-74.5417,-1.2409,-33.2618,0.143506
-74.7565,-1.2563,-32.9044,0.143671
-74.9678,-1.2926,-32.5483,0.143840
-75.1977,-1.3089,-32.1616,0.144021
-75.4078,-1.3233,-31.8091,0.144186
-75.6189,-1.3378,-31.4606,0.144347
-75.8294,-1.3523,-31.1140,0.144512
-76.0391,-1.3667,-30.7681,0.144673
-76.2469,-1.3809,-30.4246,0.144834
-76.4556,-1.3953,-30.0838,0.144994
-76.6648,-1.4097,-29.7458,0.145151
-76.8733,-1.4233,-29.4085,0.145308
-77.0989,-1.4371,-29.0438,0.145481
-77.3057,-1.4498,-28.7121,0.145633
-77.5113,-1.4621,-28.3822,0.145790
-77.7160,-1.4743,-28.0545,0.145943
-77.9199,-1.4864,-27.7288,0.146091
-78.1234,-1.4984,-27.4054,0.146244
-78.3263,-1.5105,-27.0842,0.146396
-78.5281,-1.5225,-26.7650,0.146545
-78.7288,-1.5345,-26.4474,0.146693
-78.9476,-1.5469,-26.1025,0.146854
-79.1474,-1.5576,-25.7893,0.147002
-79.3467,-1.5684,-25.4784,0.147143
-79.5449,-1.5786,-25.1686,0.147287
-79.7430,-1.5885,-24.8619,0.147427
-79.9405,-1.5983,-24.5574,0.147571
-80.1374,-1.6082,-24.2550,0.147712
-80.3339,-1.6181,-23.9548,0.147852
-80.5298,-1.6280,-23.6567,0.147988
-80.7429,-1.6388,-23.3338,0.148136
-80.9396,-1.6272,-23.0405,0.148272
-81.1351,-1.6368,-22.7491,0.148404
-81.3322,-1.6465,-22.4605,0.148540
-81.5290,-1.6560,-22.1726,0.148672
-81.7259,-1.6655,-21.8865,0.148804
-81.9244,-1.6751,-21.6029,0.148940
-82.1264,-1.6848,-21.3228,0.149068
-82.3306,-1.6946,-21.0457,0.149200
-82.5568,-1.7059,-20.7472,0.149344
-82.7659,-1.7161,-20.4763,0.149476
-82.9748,-1.7262,-20.2081,0.149604
-83.1846,-1.7366,-19.9422,0.149736
-83.3944,-1.7468,-19.6782,0.149864
-83.6026,-1.7568,-19.4163,0.149996
-83.8120,-1.7671,-19.1564,0.150124
-84.0204,-1.7769,-18.8971,0.150252
-84.2277,-1.7867,-18.6391,0.150379
-84.4573,-1.7979,-18.3609,0.150524
-84.6700,-1.8079,-18.1093,0.150652
-84.8829,-1.8182,-17.8597,0.150775
-85.0968,-1.8287,-17.6116,0.150903
-85.3106,-1.8387,-17.3647,0.151035
-85.5243,-1.8489,-17.1184,0.151163
-85.7398,-1.8594,-16.8731,0.151287
-85.9559,-1.8695,-16.6285,0.151423
-86.1724,-1.8797,-16.3834,0.151550
-86.4110,-1.8910,-16.1155,0.151695
-86.6315,-1.9012,-15.8701,0.151823
-86.8531,-1.9117,-15.6242,0.151959
-87.0770,-1.9221,-15.3776,0.152091
-87.3018,-1.9323,-15.1302,0.152218
-87.5291,-1.9430,-14.8827,0.152350
-87.7589,-1.9536,-14.6343,0.152482
-87.9899,-1.9641,-14.3853,0.152614
-88.2230,-1.9749,-14.1358,0.152750
-88.4797,-1.9865,-13.8623,0.152899
-88.7162,-1.9971,-13.6102,0.153035
-88.9562,-2.0081,-13.3573,0.153171
-89.1997,-2.0189,-13.1047,0.153307
-89.4466,-2.0302,-12.8521,0.153439
-89.6974,-2.0417,-12.5994,0.153584
-89.9503,-2.0532,-12.3464,0.153724
-90.2063,-2.0651,-12.0927,0.153860
-90.4642,-2.0766,-11.8384,0.154004
-90.7478,-2.0895,-11.5593,0.154157
-91.0114,-2.1013,-11.3027,0.154301
-91.2775,-2.1132,-11.0460,0.154441
-91.5469,-2.1255,-10.7886,0.154590
-91.8184,-2.1376,-10.5305,0.154730
-92.0926,-2.1499,-10.2718,0.154878
-92.3690,-2.1622,-10.0117,0.155027
-92.6476,-2.1746,-9.7503,0.155171
-92.9295,-2.1871,-9.4883,0.155324
-93.2406,-2.2009,-9.2018,0.155489
-93.5293,-2.2138,-8.9383,0.155637
-93.8208,-2.2268,-8.6741,0.155794
-94.1154,-2.2400,-8.4091,0.155942
-94.4129,-2.2533,-8.1433,0.156099
-94.7135,-2.2668,-7.8768,0.156252
-95.0170,-2.2804,-7.6096,0.156413
-95.3236,-2.2942,-7.3417,0.156573
-95.6334,-2.3080,-7.0730,0.156734
-95.9750,-2.3234,-6.7790,0.156912
-96.2916,-2.3376,-6.5090,0.157072
-96.6114,-2.3521,-6.2383,0.157237
-96.9346,-2.3666,-5.9672,0.157402
-97.2610,-2.3812,-5.6954,0.157567
-97.5909,-2.3959,-5.4232,0.157728
-97.9243,-2.4108,-5.1502,0.157893
-98.2613,-2.4256,-4.8771,0.158062
-98.6021,-2.4406,-4.6033,0.158227
-98.9788,-2.4570,-4.3049,0.158408
-99.3287,-2.4721,-4.0316,0.158577
-99.6822,-2.4874,-3.7592,0.158746
-100.0403,-2.5026,-3.4878,0.158915
-100.4019,-2.5179,-3.2174,0.159080
-100.7668,-2.5330,-2.9484,0.159254
-101.1350,-2.5480,-2.6799,0.159423
-101.5053,-2.5628,-2.4118,0.159592
-101.8778,-2.5772,-2.1435,0.159765
-102.2866,-2.5926,-1.8500,0.159946
-102.6650,-2.6063,-1.5817,0.160119
-103.0473,-2.6198,-1.3142,0.160289
-103.4332,-2.6332,-1.0482,0.160462
-103.8236,-2.6462,-0.7830,0.160639
-104.2182,-2.6591,-0.5193,0.160816
-104.6170,-2.6716,-0.2584,0.160994
-105.0208,-2.6840,-0.0001,0.161171
-105.4296,-2.6963,0.2537,0.161352
-105.8819,-2.7094,0.5246,0.161546
-106.3021,-2.7214,0.7664,0.161724
-106.7259,-2.7334,1.0012,0.161901
-107.1529,-2.7448,1.2302,0.162078
-107.5820,-2.7561,1.4531,0.162256
-108.0123,-2.7669,1.6698,0.162433
-108.4451,-2.7773,1.8803,0.162610
-108.8788,-2.7876,2.0840,0.162788
-109.3143,-2.7971,2.2818,0.162961
-109.7900,-2.8073,2.4910,0.163150
-110.2252,-2.8160,2.6780,0.163324
-110.6606,-2.8241,2.8615,0.163501
-111.0951,-2.8320,3.0412,0.163670
-111.5299,-2.8389,3.2176,0.163843
-111.9648,-2.8457,3.3904,0.164016
-112.3996,-2.8518,3.5591,0.164190
-112.8356,-2.8577,3.7241,0.164359
-113.2711,-2.8842,3.8862,0.164532
-113.7533,-2.8795,4.0383,0.164718
-114.1906,-2.8856,4.1901,0.164887
-114.6294,-2.8916,4.3348,0.165056
-115.0693,-2.8970,4.4756,0.165225
-115.5086,-2.9014,4.6124,0.165394
-115.9482,-2.9058,4.7449,0.165563
-116.3878,-2.9102,4.8737,0.165732
-116.8275,-2.9146,4.9990,0.165901
-117.2678,-2.9189,5.1201,0.166066
-117.7488,-2.9237,5.2465,0.166251
-118.1907,-2.9276,5.3580,0.166420
-118.6323,-2.9309,5.4651,0.166589
-119.0737,-2.9342,5.5684,0.166754
-119.5146,-2.9375,5.6687,0.166923
-119.9547,-2.9408,5.7671,0.167092
-120.3945,-2.9441,5.8638,0.167257
-120.8343,-2.9474,5.9591,0.167426
-121.2744,-2.9506,6.0505,0.167595
-121.7557,-2.9537,6.1440,0.167772
-122.1967,-2.9566,6.2271,0.167941
-122.6373,-2.9594,6.3097,0.168111
-123.0783,-2.9622,6.3897,0.168280
-123.5204,-2.9651,6.4657,0.168449
-123.9634,-2.9679,6.5379,0.168618
-124.4070,-2.9707,6.6065,0.168783
-124.8512,-2.9736,6.6718,0.168952
-125.2958,-2.9766,6.7338,0.169121
-125.7811,-2.9798,6.7983,0.169298
-126.2259,-2.9827,6.8551,0.169467
-126.6706,-2.9856,6.9101,0.169632
-127.1151,-2.9886,6.9638,0.169801
-127.5595,-2.9915,7.0163,0.169966
-128.0041,-2.9944,7.0675,0.170135
-128.4492,-2.9971,7.1168,0.170304
-128.8944,-2.9997,7.1639,0.170469
-129.3397,-3.0023,7.2091,0.170642
-129.8255,-3.0052,7.2568,0.170824
-130.2711,-3.0078,7.2996,0.170997
-130.7171,-3.0104,7.3409,0.171166
-131.1619,-3.0238,7.3996,0.171335
-131.6092,-3.0274,7.4373,0.171508
-132.0576,-3.0083,7.4692,0.171677
-132.5054,-3.0113,7.5000,0.171850
-132.9531,-3.0141,7.5300,0.172023
-133.4013,-3.0167,7.5602,0.172192
-133.8903,-3.0194,7.5923,0.172382
-134.3386,-3.0219,7.6194,0.172559
-134.7873,-3.0243,7.6448,0.172733
-135.2361,-3.0265,7.6692,0.172906
-135.6852,-3.0288,7.6928,0.173083
-136.1343,-3.0308,7.7158,0.173252
-136.5837,-3.0328,7.7376,0.173425
-137.0331,-3.0347,7.7588,0.173599
-137.5240,-3.0367,7.7813,0.173788
-137.9330,-3.0382,7.7989,0.173941
-138.4240,-3.0401,7.8192,0.174130
-138.8748,-3.0415,7.8373,0.174308
-139.3255,-3.0431,7.8544,0.174481
-139.7766,-3.0445,7.8707,0.174654
-140.2278,-3.0458,7.8868,0.174831
-140.6794,-3.0471,7.9019,0.175009
-141.1310,-3.0483,7.9162,0.175182
-141.5833,-3.0494,7.9299,0.175359
-142.0769,-3.0507,7.9432,0.175553
-142.5304,-3.0519,7.9534,0.175730
-142.9845,-3.0532,7.9606,0.175908
-143.4396,-3.0546,7.9643,0.176085
-143.8951,-3.0562,7.9639,0.176262
-144.3509,-3.0580,7.9599,0.176444
-144.8066,-3.0599,7.9530,0.176621
-145.2621,-3.0618,7.9440,0.176803
-145.7170,-3.0637,7.9339,0.176980
-146.2130,-3.0657,7.9229,0.177178
-146.6677,-3.0675,7.9121,0.177355
-147.1226,-3.0694,7.8995,0.177532
-147.5778,-3.0713,7.8844,0.177710
-148.0330,-3.0734,7.8668,0.177883
-148.4883,-3.0755,7.8468,0.178060
-148.9435,-3.0776,7.8251,0.178238
-149.3984,-3.0798,7.8021,0.178415
-149.8530,-3.0819,7.7783,0.178596
-150.3491,-3.0842,7.7517,0.178790
-150.8038,-3.0863,7.7258,0.178972
-151.2592,-3.1090,7.6985,0.179149
-151.7128,-3.1010,7.6524,0.179330
-152.1684,-3.1045,7.6197,0.179512
-152.6243,-3.1081,7.5806,0.179693
-153.0801,-3.1117,7.5387,0.179875
-153.5357,-3.1152,7.4949,0.180056
-153.9909,-3.1188,7.4488,0.180242
-154.4870,-3.1227,7.3970,0.180440
-154.9412,-3.1268,7.3491,0.180625
-155.3959,-3.1311,7.2995,0.180811
-155.8506,-3.1354,7.2470,0.180996
-156.3051,-3.1397,7.1914,0.181182
-156.7612,-3.1436,7.1444,0.181367
-157.2152,-3.1470,7.0834,0.181553
-157.6673,-3.1554,7.0128,0.181734
-158.1616,-3.1599,6.9437,0.181936
-158.6218,-3.1582,6.8785,0.182118
-159.0686,-3.1609,6.8207,0.182299
-159.5196,-3.1723,6.7458,0.182481
-159.9721,-3.1765,6.6772,0.182666
-160.4336,-3.1762,6.6116,0.182852
-160.8768,-3.1851,6.5327,0.183033
-161.3377,-3.1787,6.4626,0.183219
-161.7899,-3.1905,6.3871,0.183400
-162.2325,-3.1979,6.3044,0.183586
-162.7342,-3.1919,6.2237,0.183788
-163.1859,-3.2035,6.1443,0.183973
-163.6280,-3.2110,6.0555,0.184159
-164.0882,-3.2059,5.9751,0.184345
-164.5392,-3.2178,5.8876,0.184530
-164.9889,-3.2086,5.7970,0.184716
-165.4372,-3.2185,5.6980,0.184901
-165.8867,-3.2310,5.6028,0.185091
-166.3353,-3.2220,5.5064,0.185276
-166.8247,-3.2336,5.3995,0.185479
-167.2664,-3.2263,5.2962,0.185668
-167.7146,-3.2360,5.1768,0.185854
-168.1614,-3.2494,5.0725,0.186039
-168.6071,-3.2413,4.9665,0.186225
-169.0537,-3.2540,4.8603,0.186415
-169.4912,-3.2667,4.7520,0.186600
-169.9425,-3.2630,4.6591,0.186786
-170.3869,-3.2751,4.5483,0.186971
-170.8706,-3.2646,4.4247,0.187173
-171.3141,-3.2761,4.3107,0.187359
-171.7503,-3.2848,4.1790,0.187545
-172.1993,-3.2772,4.0802,0.187730
-172.6431,-3.2838,3.9472,0.187912
-173.0829,-3.2768,3.8470,0.188097
-173.5248,-3.2866,3.7294,0.188283
-173.9657,-3.2962,3.6107,0.188468
-174.4528,-3.2843,3.4811,0.188670
-174.8954,-3.2956,3.3673,0.188856
-175.3355,-3.3072,3.2455,0.189041
-175.7750,-3.2975,3.1227,0.189227
-176.2134,-3.3079,2.9930,0.189408
-176.6522,-3.2974,2.8676,0.189594
-177.0912,-3.3081,2.7418,0.189780
-177.5297,-3.3188,2.6154,0.189965
-177.9681,-3.3082,2.4884,0.190151
-178.4067,-3.3189,2.3622,0.190336
-178.8773,-3.3164,2.2209,0.190538
-179.3246,-3.3208,2.1030,0.190724
-179.7607,-3.3287,1.9689,0.190909
-180.1925,-3.3177,1.8481,0.191099
-180.6380,-3.3317,1.7170,0.191285
-181.0657,-3.3387,1.5817,0.191470
-181.5125,-3.3316,1.4561,0.191656
-181.9478,-3.3380,1.3179,0.191841
-182.3792,-3.3292,1.1937,0.192031
-182.8637,-3.3414,1.0479,0.192233
-183.2987,-3.3468,0.9093,0.192423
-183.7303,-3.3362,0.7858,0.192608
-184.1756,-3.3517,0.6520,0.192798
-184.6124,-3.3409,0.5188,0.192988
-185.0491,-3.3482,0.3828,0.193173
-185.4856,-3.3552,0.2453,0.193363
-185.9172,-3.3471,0.1186,0.193552
-186.3605,-3.3544,-0.0257,0.193738
-186.8301,-3.3643,-0.1733,0.193944
-187.2769,-3.3607,-0.3060,0.194134
-187.7054,-3.3682,-0.4481,0.194324
-188.1517,-3.3608,-0.5820,0.194513
-188.5890,-3.3716,-0.7211,0.194703
-189.0165,-3.3742,-0.8655,0.194893
-189.4633,-3.3718,-0.9988,0.195078
-189.8988,-3.3715,-1.1429,0.195272
-190.3310,-3.3714,-1.2717,0.195462
-190.8091,-3.3743,-1.4210,0.195668
-191.2532,-3.3804,-1.5651,0.195858
-191.6863,-3.3797,-1.6913,0.196051
-192.1240,-3.3892,-1.8318,0.196241
-192.5641,-3.3914,-1.9646,0.196435
-193.0046,-3.3936,-2.0977,0.196625
-193.4450,-3.3958,-2.2313,0.196818
-193.8853,-3.4256,-2.3688,0.197008
-194.3277,-3.4305,-2.5016,0.197202
-194.8114,-3.4350,-2.6461,0.197412
-195.2542,-3.4383,-2.7779,0.197606
-195.6968,-3.4406,-2.9128,0.197800
-196.1386,-3.4062,-3.0512,0.197994
-196.5803,-3.4083,-3.1904,0.198187
-197.0216,-3.4104,-3.3309,0.198381
-197.4644,-3.4124,-3.4694,0.198575
-197.9080,-3.4144,-3.6061,0.198769
-198.3530,-3.4164,-3.7390,0.198963
-198.8370,-3.4186,-3.8814,0.199173
-199.2812,-3.4206,-4.0075,0.199371
-199.7268,-3.4225,-4.1344,0.199565
-200.1730,-3.4245,-4.2640,0.199758
-200.6198,-3.4266,-4.3944,0.199956
-201.0694,-3.4174,-4.5144,0.200150
-201.5173,-3.4199,-4.6426,0.200348
-201.9653,-3.4224,-4.7715,0.200542
-202.4144,-3.4250,-4.8992,0.200740
-202.9047,-3.4277,-5.0371,0.200954
-203.3546,-3.4302,-5.1637,0.201152
-203.8052,-3.4328,-5.2896,0.201350
-204.2566,-3.4353,-5.4142,0.201548
-204.7086,-3.4378,-5.5386,0.201742
-205.1611,-3.4404,-5.6631,0.201944
-205.6144,-3.4430,-5.7873,0.202142
-206.0681,-3.4456,-5.9118,0.202340
-206.5225,-3.4483,-6.0367,0.202538
-207.0186,-3.4513,-6.1739,0.202756
-207.4738,-3.4542,-6.3004,0.202954
-207.9294,-3.4571,-6.4277,0.203152
-208.3851,-3.4601,-6.5552,0.203350
-208.8411,-3.4631,-6.6825,0.203552
-209.2977,-3.4662,-6.8090,0.203750
-209.7547,-3.4693,-6.9349,0.203952
-210.2124,-3.4724,-7.0606,0.204150
-210.6705,-3.4757,-7.1863,0.204352
-211.1708,-3.4792,-7.3236,0.204571
-211.6298,-3.4826,-7.4495,0.204773
-212.0893,-3.4861,-7.5755,0.204971
-212.5491,-3.4896,-7.7013,0.205173
-213.0094,-3.4932,-7.8268,0.205375
-213.4701,-3.4970,-7.9516,0.205577
-213.9314,-3.5007,-8.0758,0.205779
-214.3931,-3.5238,-8.1988,0.205981
-214.8561,-3.5278,-8.3208,0.206183
-215.3619,-3.5322,-8.4519,0.206406
-215.8254,-3.5361,-8.5704,0.206608
-216.2897,-3.5400,-8.6890,0.206810
-216.7550,-3.5439,-8.8086,0.207016
-217.2206,-3.5479,-8.9279,0.207219
-217.6862,-3.5520,-9.0453,0.207421
-218.1528,-3.5565,-9.1598,0.207627
-218.6203,-3.5610,-9.2734,0.207829
-219.0888,-3.5655,-9.3865,0.208035
-219.6006,-3.5704,-9.5097,0.208258
-220.0703,-3.5748,-9.6231,0.208460
-220.5409,-3.5792,-9.7373,0.208666
-221.0117,-3.5831,-9.8518,0.208868
-221.4822,-3.5874,-9.9670,0.209074
-221.9538,-3.5921,-10.0812,0.209281
-222.4259,-3.5969,-10.1948,0.209487
-222.8985,-3.6016,-10.3080,0.209693
-223.3716,-3.6063,-10.4207,0.209895
-223.8883,-3.6114,-10.5435,0.210122
-224.3631,-3.6160,-10.6564,0.210328
-224.8378,-3.6197,-10.7696,0.210534
-225.3121,-3.6237,-10.8842,0.210741
-225.7873,-3.6283,-10.9982,0.210947
-226.2631,-3.6135,-11.1117,0.211153
-226.7387,-3.6178,-11.2253,0.211363
-227.2143,-3.6221,-11.3398,0.211569
-227.6912,-3.6262,-11.4526,0.211776
-228.2119,-3.6307,-11.5729,0.212002
-228.6895,-3.6346,-11.6820,0.212209
-229.1678,-3.6385,-11.7914,0.212415
-229.6470,-3.6423,-11.9010,0.212625
-230.1259,-3.6461,-12.0110,0.212831
-230.6053,-3.6496,-12.1197,0.213042
-231.0847,-3.6532,-12.2263,0.213248
-231.5652,-3.6564,-12.3300,0.213458
-232.0453,-3.6596,-12.4309,0.213668
-232.5697,-3.6628,-12.5363,0.213895
-233.0511,-3.6657,-12.6298,0.214105
-233.5341,-3.6682,-12.7221,0.214312
-234.0178,-3.6708,-12.8134,0.214522
-234.5025,-3.6731,-12.9042,0.214732
-234.9877,-3.6754,-12.9950,0.214943
-235.4739,-3.6774,-13.0868,0.215153
-235.9604,-3.6794,-13.1792,0.215363
-236.4471,-3.6962,-13.2755,0.215573
-236.9793,-3.6978,-13.3757,0.215800
-237.4676,-3.6993,-13.4681,0.216011
-237.9557,-3.7009,-13.5633,0.216221
-238.4439,-3.7024,-13.6598,0.216431
-238.9324,-3.7039,-13.7564,0.216641
-239.4212,-3.7055,-13.8537,0.216852
-239.9100,-3.7067,-13.9524,0.217066
-240.3990,-3.7259,-14.0514,0.217276
-240.8881,-3.7240,-14.1500,0.217487
-241.4212,-3.7236,-14.2592,0.217713
-241.9093,-3.7245,-14.3609,0.217924
-242.3972,-3.7267,-14.4624,0.218134
-242.8856,-3.7297,-14.5633,0.218344
-243.3767,-3.7049,-14.6551,0.218554
-243.8722,-3.7100,-14.7603,0.218765
-244.3508,-3.7102,-14.8711,0.218975
-244.8413,-3.7019,-14.9696,0.219185
-245.3817,-3.7057,-15.0865,0.219416
-245.8611,-3.7085,-15.1976,0.219626
-246.3486,-3.7079,-15.3039,0.219841
-246.8447,-3.7029,-15.4033,0.220051
-247.3296,-3.6986,-15.5123,0.220261
-247.8169,-3.7048,-15.6115,0.220476
-248.2986,-3.6932,-15.7001,0.220686
-248.7925,-3.6960,-15.8049,0.220896
-249.2813,-3.7021,-15.9005,0.221107
-249.7644,-3.6880,-15.9868,0.221317
-250.3060,-3.6975,-16.0923,0.221548
-250.7860,-3.6995,-16.1944,0.221758
-251.2848,-3.6873,-16.2873,0.221968
-251.7747,-3.6928,-16.3861,0.222174
-252.2626,-3.6958,-16.4944,0.222385
-252.7519,-3.6808,-16.5972,0.222595
-253.2435,-3.6884,-16.6950,0.222801
-253.7233,-3.6948,-16.8071,0.223011
-254.2213,-3.6790,-16.9104,0.223218
-254.7378,-3.6758,-17.0886,0.223444
-255.2261,-3.6945,-17.1704,0.223655
-255.7116,-3.6764,-17.3178,0.223861
-256.1990,-3.6877,-17.4306,0.224071
-256.6863,-3.6986,-17.5143,0.224281
-257.1709,-3.6872,-17.6656,0.224487
-257.6580,-3.7009,-17.7514,0.224698
-258.1491,-3.6994,-17.8776,0.224908
-258.6163,-3.6897,-18.0327,0.225114
-259.1433,-3.6912,-18.1693,0.225341
-259.6253,-3.6924,-18.2956,0.225547
-260.1053,-3.6934,-18.4224,0.225753
-260.5812,-3.6943,-18.5484,0.225959
-261.0645,-3.7038,-18.6461,0.226161
-261.5052,-3.6937,-18.8059,0.226355
-261.9536,-3.6926,-18.9350,0.226549
-262.4057,-3.7065,-19.0356,0.226734
-262.8143,-3.6875,-19.1943,0.226916
-263.2731,-3.7054,-19.3061,0.227114
-263.6738,-3.6817,-19.4695,0.227287
-264.0803,-3.6978,-19.5477,0.227456
-264.4636,-3.6875,-19.6782,0.227621
-264.8404,-3.6988,-19.8085,0.227786
-265.2046,-3.6912,-19.9290,0.227946
-265.5739,-3.7005,-20.0638,0.228103
-265.9270,-3.6953,-20.1785,0.228264
-266.2871,-3.7028,-20.3076,0.228417
-266.6612,-3.7092,-20.4398,0.228586
-267.0134,-3.7048,-20.5555,0.228738
-267.3486,-3.7030,-20.6634,0.228887
-267.6829,-3.7168,-20.7846,0.229035
-268.0241,-3.7081,-20.8917,0.229179
-268.3431,-3.7190,-21.0069,0.229324
-268.6758,-3.7134,-21.1121,0.229464
-268.9868,-3.7211,-21.2250,0.229604
-269.3123,-3.7190,-21.3265,0.229740
-269.6441,-3.7233,-21.4463,0.229889
-269.9528,-3.7243,-21.5500,0.230025
-270.2597,-3.7253,-21.6523,0.230157
-270.5662,-3.7262,-21.7535,0.230293
-270.8808,-3.7229,-21.8515,0.230425
-271.1766,-3.7282,-21.9603,0.230557
-271.4810,-3.7292,-22.0640,0.230689
-271.7851,-3.7301,-22.1675,0.230821
-272.1178,-3.7311,-22.2799,0.230965
-272.4225,-3.7320,-22.3837,0.231097
-272.7260,-3.7291,-22.4917,0.231229
-273.0308,-3.7298,-22.5968,0.231361
-273.3361,-3.7305,-22.7012,0.231493
-273.6424,-3.7312,-22.8057,0.231625
-273.9485,-3.7319,-22.9109,0.231757
-274.2552,-3.7326,-23.0163,0.231889
-274.5629,-3.7334,-23.1214,0.232020
-274.8713,-3.7341,-23.2269,0.232152
-275.2088,-3.7348,-23.3422,0.232297
-275.5194,-3.7356,-23.4487,0.232433
-275.8306,-3.7363,-23.5562,0.232565
-276.1426,-3.7370,-23.6645,0.232701
-276.4556,-3.7376,-23.7729,0.232833
-276.7696,-3.7383,-23.8820,0.232969
-277.0844,-3.7389,-23.9922,0.233101
-277.4000,-3.7396,-24.1035,0.233237
-277.7452,-3.7403,-24.2257,0.233381
-278.0627,-3.7410,-24.3384,0.233517
-278.3812,-3.7417,-24.4517,0.233649
-278.7020,-3.7484,-24.5631,0.233785
-279.0231,-3.7491,-24.6777,0.233921
-279.3451,-3.7498,-24.7938,0.234058
-279.6680,-3.7506,-24.9117,0.234194
-279.9911,-3.7513,-25.0316,0.234326
-280.3157,-3.7518,-25.1518,0.234462
-280.6415,-3.7522,-25.2729,0.234602
-280.9982,-3.7525,-25.4095,0.234750
-281.3253,-3.7529,-25.5395,0.234882
-281.6523,-3.7534,-25.6732,0.235023
-281.9780,-3.7487,-25.8127,0.235159
-282.3044,-3.7493,-25.9521,0.235291
-282.6306,-3.7498,-26.0925,0.235431
-282.9557,-3.7503,-26.2343,0.235567
-283.2796,-3.7507,-26.3776,0.235699
-283.6021,-3.7512,-26.5224,0.235835
-283.9523,-3.7516,-26.6817,0.235975
-284.2719,-3.7519,-26.8295,0.236115
-284.5895,-3.7522,-26.9791,0.236247
-284.9054,-3.7524,-27.1308,0.236379
-285.2192,-3.7526,-27.2848,0.236511
-285.5310,-3.7528,-27.4413,0.236651
-285.8410,-3.7529,-27.5994,0.236788
-286.1485,-3.7530,-27.7602,0.236924
-286.4528,-3.7531,-27.9252,0.237056
-286.7820,-3.7531,-28.1077,0.237200
-287.0818,-3.7531,-28.2758,0.237328
-287.3853,-3.7533,-28.4359,0.237464
-287.6834,-3.7546,-28.6173,0.237596
-287.9742,-3.7520,-28.7799,0.237720
-288.2620,-3.7556,-28.9596,0.237843
-288.5557,-3.7504,-29.1288,0.237975
-288.8435,-3.7497,-29.3066,0.238095
-289.1292,-3.7488,-29.4868,0.238223
-289.4375,-3.7479,-29.6863,0.238359
-289.7195,-3.7478,-29.8816,0.238479
-289.9954,-3.7463,-30.0584,0.238598
-290.2649,-3.8002,-30.2558,0.238718
-290.5397,-3.8035,-30.4448,0.238837
-290.8140,-3.8065,-30.6345,0.238961
-291.0862,-3.8091,-30.8255,0.239077
-291.3550,-3.8112,-31.0167,0.239196
-291.6451,-3.8126,-31.2304,0.239324
-291.9092,-3.8131,-31.4300,0.239436
-292.1715,-3.8128,-31.6317,0.239551
-292.4318,-3.8117,-31.8358,0.239667
-292.6903,-3.8098,-32.0420,0.239782
-292.9478,-3.8073,-32.2461,0.239889
-293.2041,-3.8044,-32.4459,0.240005
-293.4567,-3.8010,-32.6492,0.240112
-293.7055,-3.7974,-32.8548,0.240219
-293.9532,-3.7937,-33.0595,0.240326
-294.2215,-3.7898,-33.2794,0.240438
-294.4628,-3.7866,-33.4817,0.240545
-294.7004,-3.7839,-33.6842,0.240648
-294.9349,-3.7816,-33.8865,0.240755
-295.1649,-3.7800,-34.0926,0.240867
-295.3899,-3.7791,-34.3049,0.240974
-295.6114,-3.7793,-34.5199,0.241077
-295.8298,-3.7801,-34.7366,0.241184
-296.0648,-3.7818,-34.9752,0.241299
-296.2769,-3.7839,-35.1960,0.241406
-296.4857,-3.7866,-35.4188,0.241505
-296.6911,-3.7896,-35.6436,0.241612
-296.8929,-3.7928,-35.8702,0.241711
-297.0916,-3.7961,-36.0981,0.241814
-297.2874,-3.7993,-36.3268,0.241917
-297.4807,-3.8023,-36.5562,0.242016
-297.6712,-3.8052,-36.7862,0.242115
-297.8767,-3.8081,-37.0385,0.242218
-298.0624,-3.8102,-37.2712,0.242321
-298.2462,-3.8118,-37.5051,0.242424
-298.4279,-3.8127,-37.7395,0.242518
-298.6074,-3.8129,-37.9749,0.242613
-298.7858,-3.8125,-38.2105,0.242712
-298.9634,-3.8115,-38.4461,0.242815
-299.1404,-3.8100,-38.6812,0.242910
-299.3171,-3.8080,-38.9160,0.243004
-299.4935,-3.8057,-39.1507,0.243099
-299.6849,-3.8034,-39.4066,0.243210
-299.8595,-3.8013,-39.6417,0.243305
-300.0329,-3.7992,-39.8773,0.243400
-300.2050,-3.7974,-40.1133,0.243499
-300.3749,-3.7959,-40.3499,0.243585
-300.5410,-3.7948,-40.5908,0.243680
-300.7030,-3.7941,-40.8372,0.243779
-300.8621,-3.7939,-41.0867,0.243873
-301.0331,-3.7943,-41.3616,0.243976
-301.1875,-3.7954,-41.6157,0.244067
-301.3397,-3.7970,-41.8719,0.244158
-301.4894,-3.7991,-42.1300,0.244252
-301.6368,-3.8020,-42.3905,0.244355
-301.7817,-3.8054,-42.6530,0.244442
-301.9241,-3.8089,-42.9176,0.244541
-302.0637,-3.8127,-43.1845,0.244631
-302.2003,-3.8164,-43.4536,0.244726
-302.3457,-3.8204,-43.7497,0.244825
-302.4756,-3.8238,-44.0229,0.244924
-302.6030,-3.8269,-44.2973,0.245015
-302.7282,-3.8295,-44.5724,0.245110
-302.8519,-3.8316,-44.8482,0.245213
-302.9745,-3.8331,-45.1243,0.245308
-303.0959,-3.8341,-45.4004,0.245407
-303.2167,-3.8348,-45.6773,0.245506
-303.3364,-3.8348,-45.9551,0.245596
-303.4651,-3.8343,-46.2596,0.245704
-303.5807,-3.8332,-46.5405,0.245794
-303.6936,-3.8317,-46.8233,0.245898
-303.8038,-3.8299,-47.1080,0.245997
-303.9113,-3.8278,-47.3944,0.246092
-304.0161,-3.8256,-47.6825,0.246182
-304.1186,-3.8234,-47.9724,0.246277
-304.2186,-3.8213,-48.2640,0.246372
-304.3164,-3.8195,-48.5575,0.246463
-304.4199,-3.8180,-48.8793,0.246570
-304.5122,-3.8174,-49.1764,0.246673
-304.6016,-3.8173,-49.4755,0.246764
-304.6876,-3.8179,-49.7767,0.246855
-304.7696,-3.8193,-50.0801,0.246962
-304.8471,-3.8159,-50.3856,0.247049
-304.9181,-3.8180,-50.6937,0.247144
-304.9837,-3.8202,-51.0031,0.247243
-305.0456,-3.8223,-51.3132,0.247342
-305.1082,-3.8247,-51.6522,0.247437
-305.1625,-3.8322,-51.9629,0.247536
-305.2133,-3.8345,-52.2736,0.247631
-305.2603,-3.8366,-52.5839,0.247721
-305.3045,-3.8191,-52.8941,0.247816
-305.3457,-3.8213,-53.2043,0.247907
-305.3855,-3.8236,-53.5140,0.247998
-305.4236,-3.8259,-53.8235,0.248093
-305.4587,-3.8281,-54.1337,0.248183
-305.4924,-3.8305,-54.4715,0.248278
-305.5182,-3.8328,-54.7816,0.248369
-305.5425,-3.8350,-55.0914,0.248468
-305.5654,-3.8372,-55.4011,0.248559
-305.5843,-3.8394,-55.7112,0.248641
-305.5974,-3.8417,-56.0219,0.248732
-305.6055,-3.8439,-56.3332,0.248827
-305.6093,-3.8461,-56.6445,0.248918
-305.6084,-3.8483,-56.9557,0.249013
-305.6020,-3.8507,-57.2951,0.249099
-305.5910,-3.8529,-57.6059,0.249194
-305.5755,-3.8551,-57.9161,0.249289
-305.5558,-3.8573,-58.2257,0.249379
-305.5318,-3.8594,-58.5348,0.249474
-305.5031,-3.8616,-58.8435,0.249569
-305.4705,-3.8638,-59.1517,0.249660
-305.4322,-3.8659,-59.4582,0.249758
-305.3853,-3.8680,-59.7631,0.249853
-305.3275,-3.8703,-60.0935,0.249948
-305.2708,-3.8924,-60.3934,0.250038
-305.2129,-3.8945,-60.6905,0.250121
-305.1503,-3.8965,-60.9837,0.250216
-305.0774,-3.8985,-61.2746,0.250302
-305.0029,-3.8958,-61.5613,0.250380
-304.9259,-3.8976,-61.8438,0.250467
-304.8457,-3.8994,-62.1230,0.250553
-304.7613,-3.9012,-62.3994,0.250636
-304.6653,-3.9031,-62.6970,0.250718
-304.5745,-3.9048,-62.9660,0.250805
-304.4803,-3.9064,-63.2315,0.250883
-304.3826,-3.9130,-63.4935,0.250965
-304.2824,-3.9147,-63.7517,0.251043
-304.1791,-3.9163,-64.0061,0.251126
-304.0732,-3.9180,-64.2568,0.251188
-303.9658,-3.9196,-64.5043,0.251266
-303.8572,-3.9211,-64.7497,0.251344
-303.7369,-3.9227,-65.0154,0.251431
-303.6257,-3.9243,-65.2577,0.251501
-303.5133,-3.9258,-65.4996,0.251575
-303.3980,-3.9273,-65.7399,0.251649
-303.2805,-3.9288,-65.9792,0.251727
-303.1628,-3.9303,-66.2184,0.251797
-303.0450,-3.9319,-66.4578,0.251871
-302.9250,-3.9334,-66.6969,0.251949
-302.8012,-3.9349,-66.9351,0.252024
-302.6622,-3.9366,-67.1940,0.252106
-302.5320,-3.9381,-67.4304,0.252176
-302.3993,-3.9397,-67.6664,0.252254
-302.2643,-3.9411,-67.9017,0.252328
-302.1261,-3.9425,-68.1359,0.252403
-301.9848,-3.9440,-68.3692,0.252477
-301.8412,-3.9454,-68.6018,0.252547
-301.6951,-3.9469,-68.8338,0.252617
-301.5462,-3.9484,-69.0649,0.252699
-301.3804,-3.9500,-69.3160,0.252777
-301.2253,-3.9515,-69.5453,0.252856
-301.0674,-3.9530,-69.7735,0.252926
-300.9061,-3.9545,-70.0005,0.253004
-300.7417,-3.9561,-70.2264,0.253074
-300.5742,-3.9577,-70.4510,0.253148
-300.4037,-3.9593,-70.6743,0.253222
-300.2305,-3.9609,-70.8964,0.253296
-300.0548,-3.9625,-71.1174,0.253370
-299.8603,-3.9643,-71.3572,0.253457
-299.6794,-3.9659,-71.5759,0.253531
-299.4959,-3.9675,-71.7934,0.253609
-299.3096,-3.9692,-72.0096,0.253687
-299.1204,-3.9709,-72.2244,0.253757
-298.9284,-3.9726,-72.4376,0.253843
-298.7336,-3.9743,-72.6492,0.253925
-298.5361,-3.9761,-72.8590,0.254007
-298.3360,-3.9778,-73.0672,0.254081
-298.1148,-3.9797,-73.2922,0.254167
-297.9095,-3.9813,-73.4968,0.254250
-297.7018,-3.9829,-73.6994,0.254336
-297.4915,-3.9846,-73.9002,0.254418
-297.2790,-3.9862,-74.0992,0.254492
-297.0640,-3.9878,-74.2962,0.254582
-296.8466,-3.9895,-74.4914,0.254669
-296.6269,-3.9912,-74.6846,0.254755
-296.4047,-3.9930,-74.8758,0.254837
-296.1594,-3.9949,-75.0819,0.254928
-295.9320,-3.9967,-75.2685,0.255018
-295.7022,-3.9985,-75.4529,0.255100
-295.4701,-4.0003,-75.6350,0.255186
-295.2359,-4.0021,-75.8148,0.255269
-294.9991,-4.0041,-75.9923,0.255355
-294.7602,-4.0060,-76.1675,0.255449
-294.5190,-4.0080,-76.3403,0.255536
-294.2755,-4.0099,-76.5107,0.255618
-294.0075,-4.0120,-76.6938,0.255717
-293.7823,-4.0138,-76.8442,0.255795
-293.5095,-4.0161,-77.0220,0.255893
-293.2573,-4.0182,-77.1823,0.255984
-293.0033,-4.0202,-77.3397,0.256078
-292.7474,-4.0223,-77.4943,0.256164
-292.4899,-4.0244,-77.6460,0.256255
-292.2308,-4.0265,-77.7946,0.256341
-291.9702,-4.0284,-77.9403,0.256436
-291.6841,-4.0305,-78.0954,0.256534
-291.4205,-4.0324,-78.2342,0.256625
-291.1556,-4.0343,-78.3698,0.256711
-290.8894,-4.0362,-78.5023,0.256805
-290.6222,-4.0381,-78.6317,0.256900
-290.3538,-4.0400,-78.7580,0.256994
-290.0843,-4.0419,-78.8812,0.257081
-289.8137,-4.0438,-79.0011,0.257175
-289.5421,-4.0456,-79.1179,0.257266
-289.2449,-4.0477,-79.2417,0.257364
-288.9716,-4.0496,-79.3518,0.257455
-288.6976,-4.0515,-79.4590,0.257541
-288.4228,-4.0535,-79.5629,0.257628
-288.1474,-4.0555,-79.6637,0.257710
-287.8713,-4.0575,-79.7616,0.257797
-287.5947,-4.0595,-79.8564,0.257884
-287.3177,-4.0615,-79.9483,0.257966
-287.0402,-4.0635,-80.0373,0.258049
-286.7621,-4.0654,-80.1233,0.258140
-286.4583,-4.0674,-80.2138,0.258235
-286.1794,-4.0692,-80.2937,0.258321
-285.9006,-4.0711,-80.3711,0.258408
-285.6221,-4.0729,-80.4465,0.258499
-285.3441,-4.0748,-80.5205,0.258586
-285.0666,-4.0767,-80.5936,0.258677
-284.7892,-4.0786,-80.6656,0.258767
-284.5118,-4.0805,-80.7365,0.258862
-284.2087,-4.0826,-80.8125,0.258957
-283.9302,-4.0846,-80.8805,0.259048
-283.6509,-4.0865,-80.9468,0.259147
-283.3704,-4.0884,-81.0114,0.259238
-283.0887,-4.0904,-81.0743,0.259342
-282.8060,-4.0922,-81.1355,0.259436
-282.5220,-4.0941,-81.1950,0.259536
-282.2368,-4.0960,-81.2530,0.259631
-281.9503,-4.0979,-81.3096,0.259730
-281.6365,-4.0999,-81.3702,0.259845
-281.3477,-4.1019,-81.4248,0.259944
-281.0574,-4.1039,-81.4782,0.260048
-280.7657,-4.1059,-81.5303,0.260159
-280.4725,-4.1079,-81.5808,0.260262
-280.1777,-4.1099,-81.6297,0.260370
-279.8815,-4.1119,-81.6769,0.260473
-279.5836,-4.1140,-81.7225,0.260589
-279.2843,-4.1160,-81.7665,0.260696
-278.9560,-4.1183,-81.8128,0.260820
-278.6536,-4.1204,-81.8538,0.260936
-278.3496,-4.1225,-81.8933,0.261055
-278.0441,-4.1246,-81.9315,0.261167
-277.7368,-4.1267,-81.9681,0.261287
-277.4279,-4.1288,-82.0029,0.261411
-277.1172,-4.1310,-82.0357,0.261534
-276.8049,-4.1331,-82.0662,0.261658
-276.4911,-4.1352,-82.0941,0.261786
-276.1473,-4.1375,-82.1214,0.261914
-275.8310,-4.1396,-82.1437,0.262030
-275.5137,-4.1417,-82.1639,0.262145
-275.1956,-4.1439,-82.1821,0.262265
-274.8766,-4.1462,-82.1986,0.262380
-274.5568,-4.1485,-82.2137,0.262500
-274.2361,-4.1508,-82.2273,0.262615
-273.9146,-4.1531,-82.2395,0.262735
-273.5920,-4.1554,-82.2501,0.262854
-273.2389,-4.1579,-82.2595,0.262986
-272.9141,-4.1602,-82.2662,0.263106
-272.5883,-4.1624,-82.2708,0.263225
-272.2615,-4.1646,-82.2735,0.263349
-271.9338,-4.1669,-82.2742,0.263464
-271.6054,-4.1693,-82.2730,0.263592
-271.2756,-4.1719,-82.2699,0.263712
-270.9448,-4.1746,-82.2648,0.263836
-270.6129,-4.1773,-82.2576,0.263959
-270.2495,-4.1802,-82.2469,0.264095
-269.9151,-4.1829,-82.2343,0.264219
-269.5795,-4.1856,-82.2183,0.264347
-269.2427,-4.1882,-82.1990,0.264475
-268.9053,-4.1907,-82.1761,0.264598
-268.5672,-4.1933,-82.1502,0.264726
-268.2286,-4.1959,-82.1217,0.264850
-267.8808,-4.1815,-82.1001,0.264978
-267.5409,-4.1743,-82.0664,0.265106
-267.1790,-4.1802,-81.9660,0.265246
-266.8372,-4.1773,-81.9299,0.265378
-266.4885,-4.1986,-81.9216,0.265510
-266.1579,-4.1864,-81.8461,0.265637
-265.8076,-4.2107,-81.8257,0.265769
-265.4628,-4.2149,-81.7732,0.265901
-265.1121,-4.2186,-81.7316,0.266033
-264.7812,-4.2105,-81.6196,0.266165
-264.4372,-4.2167,-81.5554,0.266293
-264.0483,-4.2322,-81.5369,0.266441
-263.7029,-4.2353,-81.4750,0.266573
-263.3554,-4.2384,-81.4107,0.266705
-263.0078,-4.2415,-81.3441,0.266841
-262.6596,-4.2445,-81.2763,0.266977
-262.3114,-4.2475,-81.2081,0.267113
-261.9631,-4.2504,-81.1392,0.267249
-261.6129,-4.2534,-81.0719,0.267389
-261.2604,-4.2564,-81.0048,0.267529
-260.8737,-4.2595,-80.9288,0.267678
-260.5178,-4.2623,-80.8496,0.267822
-260.1605,-4.2652,-80.7675,0.267962
-259.8024,-4.2680,-80.6847,0.268106
-259.4430,-4.2708,-80.6001,0.268247
-259.0814,-4.2737,-80.5139,0.268395
-258.7184,-4.2766,-80.4271,0.268539
-258.3544,-4.2796,-80.3376,0.268688
-257.9888,-4.2825,-80.2441,0.268832
-257.6217,-4.2855,-80.1473,0.268984
-257.2189,-4.2882,-80.0368,0.269145
-256.8502,-4.2906,-79.9280,0.269298
-256.4807,-4.2931,-79.8164,0.269450
-256.1101,-4.2955,-79.7036,0.269603
-255.7386,-4.2980,-79.5885,0.269755
-255.3662,-4.3005,-79.4710,0.269916
-254.9927,-4.3029,-79.3515,0.270068
-254.6187,-4.3054,-79.2299,0.270225
-254.2097,-4.3082,-79.0948,0.270394
-253.8315,-4.3098,-78.9690,0.270551
-253.4524,-4.3114,-78.8425,0.270707
-253.0719,-4.3131,-78.7137,0.270868
-252.6902,-4.3147,-78.5823,0.271029
-252.3069,-4.3164,-78.4491,0.271190
-251.9221,-4.3180,-78.3139,0.271351
-251.5356,-4.3197,-78.1765,0.271516
-251.1475,-4.3214,-78.0372,0.271681
-250.7214,-4.3228,-77.8835,0.271862
-250.3295,-4.3233,-77.7414,0.272031
-249.9356,-4.3239,-77.5987,0.272200
-249.5387,-4.3245,-77.4553,0.272374
-249.1402,-4.3250,-77.3082,0.272547
-248.7403,-4.3256,-77.1561,0.272720
-248.3388,-4.3262,-77.0011,0.272893
-247.9352,-4.3267,-76.8446,0.273071
-247.5284,-4.3273,-76.6867,0.273248
-247.1196,-4.3269,-76.5288,0.273425
-246.6718,-4.3265,-76.3562,0.273623
-246.2588,-4.3261,-76.1968,0.273805
-245.8421,-4.3257,-76.0372,0.273995
-245.4221,-4.3253,-75.8767,0.274180
-244.9996,-4.3249,-75.7151,0.274370
-244.5741,-4.3245,-75.5532,0.274555
-244.1447,-4.3239,-75.3907,0.274745
-243.7126,-4.3228,-75.2274,0.274935
-243.2374,-4.3216,-75.0482,0.275145
-242.7981,-4.3205,-74.8830,0.275339
-242.3552,-4.3193,-74.7159,0.275532
-241.9104,-4.3182,-74.5463,0.275726
-241.4624,-4.3170,-74.3764,0.275928
-241.0105,-4.3159,-74.2054,0.276126
-240.5555,-4.3144,-74.0320,0.276324
-240.0987,-4.3128,-73.8560,0.276530
-239.6395,-4.3112,-73.6778,0.276732
-239.1776,-4.3096,-73.4978,0.276938
-238.6725,-4.3078,-73.2992,0.277161
-238.2076,-4.3062,-73.1155,0.277371
-237.7391,-4.3046,-72.9304,0.277582
-237.2678,-4.3029,-72.7437,0.277792
-236.7955,-4.3012,-72.5538,0.278002
-236.3220,-4.2995,-72.3611,0.278216
-235.8649,-4.2866,-72.1191,0.278431
-235.3889,-4.2810,-71.9223,0.278645
-234.8674,-4.2747,-71.7066,0.278880
-234.3694,-4.2856,-71.5349,0.279095
-233.8894,-4.2908,-71.3547,0.279309
-233.4071,-4.2893,-71.1549,0.279524
-232.9247,-4.2878,-70.9524,0.279742
-232.4411,-4.2863,-70.7475,0.279961
-231.9554,-4.3207,-70.5410,0.280179
-231.4685,-4.3252,-70.3348,0.280398
-230.9801,-4.3297,-70.1285,0.280617
-230.4434,-4.3339,-69.9024,0.280860
-229.9483,-4.3363,-69.6948,0.281083
-229.4521,-4.3370,-69.4872,0.281309
-228.9551,-4.3355,-69.2794,0.281532
-228.4569,-4.3319,-69.0725,0.281759
-227.9544,-4.3263,-68.8652,0.281986
-227.4508,-4.3192,-68.6599,0.282213
-226.9480,-4.3109,-68.4611,0.282444
-226.4434,-4.3023,-68.2661,0.282670
-225.8901,-4.2933,-68.0554,0.282922
-225.3804,-4.2860,-67.8648,0.283145
-224.8678,-4.2802,-67.6764,0.283372
-224.3515,-4.2761,-67.4884,0.283603
-223.8327,-4.2738,-67.3002,0.283830
-223.3117,-4.2732,-67.1121,0.284061
-222.7884,-4.2740,-66.9240,0.284292
-222.2631,-4.2756,-66.7351,0.284527
-221.7357,-4.2776,-66.5450,0.284758
-221.1586,-4.2793,-66.3362,0.285014
-220.6283,-4.2798,-66.1430,0.285249
-220.0968,-4.2791,-65.9481,0.285484
-219.5644,-4.2768,-65.7514,0.285719
-219.0311,-4.2730,-65.5526,0.285959
-218.4970,-4.2681,-65.3520,0.286198
-217.9620,-4.2624,-65.1501,0.286437
-217.4258,-4.2567,-64.9478,0.286685
-216.8884,-4.2517,-64.7456,0.286924
-216.3495,-4.2481,-64.5441,0.287167
-215.7598,-4.2464,-64.3250,0.287427
-215.2177,-4.2470,-64.1249,0.287662
-214.6738,-4.2497,-63.9246,0.287901
-214.1290,-4.2542,-63.7230,0.288144
-213.5831,-4.2599,-63.5200,0.288387
-213.0363,-4.2663,-63.3160,0.288635
-212.4880,-4.2725,-63.1116,0.288878
-211.9383,-4.2775,-62.9070,0.289129
-211.3372,-4.2808,-62.6832,0.289401
-210.7842,-4.2814,-62.4777,0.289649
-210.2298,-4.2794,-62.2719,0.289904
-209.6748,-4.2750,-62.0659,0.290164
-209.1200,-4.2687,-61.8609,0.290419
-208.5660,-4.2612,-61.6562,0.290683
-208.0136,-4.2532,-61.4536,0.290939
-207.4632,-4.2455,-61.2531,0.291198
-206.9132,-4.2390,-61.0525,0.291454
-206.3136,-4.2336,-60.8347,0.291726
-205.7642,-4.2306,-60.6369,0.291978
-205.2149,-4.2295,-60.4408,0.292229
-204.6663,-4.2298,-60.2449,0.292481
-204.1185,-4.2312,-60.0487,0.292732
-203.5716,-4.2329,-59.8525,0.292988
-203.0255,-4.2344,-59.6572,0.293239
-202.4799,-4.2350,-59.4627,0.293495
-201.9352,-4.2343,-59.2679,0.293751
-201.3421,-4.2317,-59.0547,0.294027
-200.7997,-4.2276,-58.8585,0.294287
-200.2585,-4.2223,-58.6619,0.294547
-199.7183,-4.2162,-58.4653,0.294802
-199.1793,-4.2100,-58.2692,0.295066
-198.6411,-4.2047,-58.0736,0.295326
-198.1039,-4.2006,-57.8788,0.295586
-197.5683,-4.1883,-57.6852,0.295841
-197.0350,-4.1874,-57.4931,0.296089
-196.5054,-4.1866,-57.3025,0.296336
-195.9334,-4.1856,-57.0984,0.296612
-195.4160,-4.1851,-56.9138,0.296856
-194.9053,-4.1847,-56.7289,0.297099
-194.4021,-4.1843,-56.5463,0.297338
-193.9072,-4.1839,-56.3661,0.297573
-193.4204,-4.1835,-56.1877,0.297808
-192.9409,-4.1831,-56.0131,0.298039
-192.4685,-4.1827,-55.8436,0.298270
-191.9607,-4.1828,-55.6634,0.298518
-191.5021,-4.1829,-55.5014,0.298740
-191.0502,-4.1831,-55.3419,0.298959
-190.6050,-4.1883,-55.1842,0.299173
-190.1668,-4.1687,-55.0278,0.299392
-189.7343,-4.1691,-54.8733,0.299602
-189.3072,-4.1695,-54.7217,0.299813
-188.8853,-4.1700,-54.5763,0.300015
-188.4689,-4.1706,-54.4374,0.300213
-188.0200,-4.1714,-54.2907,0.300427
-187.6128,-4.1722,-54.1614,0.300621
-187.2099,-4.1730,-54.0360,0.300815
-186.8107,-4.1740,-53.9126,0.301004
-186.4152,-4.1750,-53.7907,0.301194
-186.0228,-4.1761,-53.6707,0.301379
-185.6335,-4.1773,-53.5525,0.301565
-185.2473,-4.1978,-53.4360,0.301746
-184.8617,-4.1945,-53.3225,0.301928
-184.4436,-4.1962,-53.2029,0.302130
-184.0610,-4.1976,-53.0959,0.302311
-183.6784,-4.1991,-52.9897,0.302497
-183.2950,-4.2006,-52.8842,0.302678
-182.9108,-4.2021,-52.7795,0.302860
-182.5262,-4.2036,-52.6746,0.303041
-182.1411,-4.2055,-52.5695,0.303227
-181.7543,-4.2074,-52.4643,0.303412
-181.3659,-4.2092,-52.3582,0.303598
-180.9405,-4.2147,-52.2472,0.303800
-180.5411,-4.2148,-52.1503,0.303985
-180.1569,-4.2126,-52.0552,0.304171
-179.7637,-4.2132,-51.9603,0.304352
-179.3712,-4.2207,-51.8597,0.304538
-178.9750,-4.2222,-51.7649,0.304724
-178.5780,-4.2240,-51.6810,0.304909
-178.1725,-4.2244,-51.5920,0.305091
-177.7783,-4.2169,-51.5153,0.305276
-177.3357,-4.2248,-51.4149,0.305478
-176.9396,-4.2180,-51.3427,0.305664
-176.5316,-4.2257,-51.2561,0.305853
-176.1326,-4.2191,-51.1881,0.306039
-175.7186,-4.2314,-51.1106,0.306225
-175.3203,-4.2210,-51.0267,0.306410
-174.9028,-4.2305,-50.9618,0.306600
-174.5036,-4.2392,-50.8842,0.306785
-174.0835,-4.2293,-50.8172,0.306975
-173.6342,-4.2381,-50.7418,0.307181
-173.2217,-4.2261,-50.6739,0.307371
-172.8101,-4.2362,-50.6039,0.307556
-172.4126,-4.2181,-50.4910,0.307746
-171.9821,-4.2370,-50.4612,0.307940
-171.5649,-4.2489,-50.4021,0.308130
-171.1599,-4.2338,-50.3156,0.308319
-170.7249,-4.2509,-50.2949,0.308509
-170.3172,-4.2395,-50.2120,0.308699
-169.8576,-4.2413,-50.1609,0.308905
-169.4250,-4.2579,-50.1469,0.309090
-169.0164,-4.2450,-50.0704,0.309280
-168.5833,-4.2571,-50.0626,0.309466
-168.1748,-4.2476,-49.9919,0.309655
-167.7539,-4.2474,-49.9576,0.309841
-167.3353,-4.2468,-49.9257,0.310027
-166.9171,-4.2469,-49.8976,0.310212
-166.4978,-4.2609,-49.9074,0.310398
-166.0433,-4.2610,-49.8875,0.310600
-165.6289,-4.2610,-49.8776,0.310785
-165.2170,-4.2607,-49.8755,0.310967
-164.8053,-4.2485,-49.8465,0.311152
-164.3960,-4.2483,-49.8554,0.311334
-163.9875,-4.2591,-49.9049,0.311519
-163.5734,-4.2574,-49.9276,0.311701
-163.1756,-4.2453,-49.9235,0.311882
-162.7671,-4.2532,-49.9919,0.312064
-162.3349,-4.2418,-50.0005,0.312262
-161.9386,-4.2397,-50.0479,0.312443
-161.5502,-4.2373,-50.0969,0.312616
-161.1634,-4.2424,-50.1826,0.312789
-160.7883,-4.2300,-50.2042,0.312959
-160.4139,-4.2375,-50.2951,0.313128
-160.0597,-4.2322,-50.3696,0.313293
-159.6863,-4.2328,-50.4175,0.313453
-159.3435,-4.2277,-50.4990,0.313614
-158.9547,-4.2323,-50.5833,0.313787
-158.6190,-4.2309,-50.6532,0.313944
-158.2789,-4.2351,-50.7446,0.314097
-157.9474,-4.2254,-50.8261,0.314253
-157.6206,-4.2372,-50.9146,0.314406
-157.2930,-4.2276,-51.0015,0.314558
-156.9647,-4.2347,-51.0852,0.314707
-156.6533,-4.2261,-51.1902,0.314859
-156.3364,-4.2403,-51.2960,0.315012
-155.9907,-4.2307,-51.4349,0.315177
-155.6880,-4.2389,-51.5501,0.315325
-155.3781,-4.2317,-51.6894,0.315478
-155.0820,-4.2372,-51.8157,0.315626
-154.7794,-4.2324,-51.9661,0.315775
-154.4838,-4.2218,-52.1096,0.315923
-154.1878,-4.2257,-52.2513,0.316076
-153.9076,-4.2200,-52.4051,0.316224
-153.6158,-4.2324,-52.5526,0.316373
-153.2971,-4.2219,-52.7347,0.316534
-153.0075,-4.2256,-52.8906,0.316686
-152.7289,-4.2166,-53.0582,0.316835
-152.4354,-4.2285,-53.2197,0.316987
-152.1380,-4.2229,-53.4001,0.317140
-151.8380,-4.2259,-53.5670,0.317292
-151.5382,-4.2144,-53.7420,0.317449
-151.2410,-4.2164,-53.9107,0.317606
-150.9320,-4.2227,-54.1034,0.317766
-150.5947,-4.2234,-54.2919,0.317940
-150.2797,-4.2228,-54.4773,0.318104
-149.9664,-4.2123,-54.6706,0.318265
-149.6409,-4.2215,-54.8554,0.318434
-149.3193,-4.2122,-55.0552,0.318603
-148.9866,-4.2207,-55.2463,0.318772
-148.6547,-4.2190,-55.4435,0.318945
-148.3233,-4.2204,-55.6513,0.319123
-147.9866,-4.2203,-55.8605,0.319300
-147.6148,-4.2201,-56.0940,0.319494
-147.2734,-4.2199,-56.3131,0.319675
-146.9283,-4.2160,-56.5351,0.319865
-146.5860,-4.2160,-56.7656,0.320050
-146.2423,-4.2161,-57.0024,0.320240
-145.8993,-4.2162,-57.2457,0.320430
-145.5571,-4.2163,-57.4966,0.320623
-145.2153,-4.2164,-57.7542,0.320821
-144.8724,-4.2165,-58.0176,0.321019
-144.4974,-4.2170,-58.3100,0.321242
-144.1505,-4.2179,-58.5832,0.321444
-143.8013,-4.2188,-58.8604,0.321650
-143.4507,-4.2197,-59.1419,0.321856
-143.0988,-4.2206,-59.4286,0.322062
-142.7457,-4.2215,-59.7205,0.322269
-142.3893,-4.2060,-60.0141,0.322479
-142.0351,-4.2072,-60.3165,0.322693
-141.6787,-4.2084,-60.6230,0.322904
-141.2888,-4.2098,-60.9637,0.323143
-140.9312,-4.2112,-61.2820,0.323353
-140.5716,-4.2127,-61.6047,0.323567
-140.2092,-4.2143,-61.9316,0.323794
-139.8443,-4.2159,-62.2629,0.324013
-139.4792,-4.2176,-62.5980,0.324231
-139.1152,-4.2194,-62.9380,0.324454
-138.7504,-4.2212,-63.2837,0.324681
-138.3851,-4.2232,-63.6357,0.324907
-137.9882,-4.2254,-64.0268,0.325159
-137.6257,-4.2276,-64.3917,0.325394
-137.2634,-4.2298,-64.7620,0.325629
-136.9005,-4.2321,-65.1368,0.325873
-136.5373,-4.2343,-65.5155,0.326112
-136.1747,-4.2367,-65.8980,0.326347
-135.8133,-4.2390,-66.2839,0.326591
-135.4541,-4.2414,-66.6732,0.326826
-135.0977,-4.2438,-67.0660,0.327065
-134.7124,-4.2465,-67.4988,0.327325
-134.3623,-4.2490,-67.8991,0.327564
-134.0147,-4.2514,-68.3028,0.327804
-133.6692,-4.2539,-68.7095,0.328035
-133.3256,-4.2563,-69.1187,0.328274
-132.9835,-4.2587,-69.5302,0.328509
-132.6433,-4.2611,-69.9440,0.328744
-132.3082,-4.2800,-70.3625,0.328979
-131.9723,-4.2822,-70.7812,0.329211
-131.6104,-4.2846,-71.2413,0.329474
-131.2848,-4.2869,-71.6667,0.329709
-130.9622,-4.2898,-72.0951,0.329948
-130.6421,-4.2927,-72.5265,0.330187
-130.3256,-4.2955,-72.9608,0.330427
-130.0134,-4.2984,-73.3973,0.330666
-129.7032,-4.3013,-73.8369,0.330905
-129.3947,-4.3050,-74.2790,0.331144
-129.0892,-4.3089,-74.7241,0.331383
-128.7606,-4.3132,-75.2128,0.331647
-128.4630,-4.3171,-75.6633,0.331890
-128.1683,-4.3211,-76.1160,0.332133
-127.8773,-4.3251,-76.5713,0.332372
-127.5909,-4.3290,-77.0297,0.332615
-127.3086,-4.3330,-77.4908,0.332858
-127.0294,-4.3666,-77.9545,0.333101
-126.7529,-4.3751,-78.4208,0.333345
-126.4809,-4.3814,-78.8903,0.333592
-126.1916,-4.3859,-79.4049,0.333856
-125.9298,-4.3880,-79.8789,0.334099
-125.6702,-4.3886,-80.3543,0.334346
-125.4130,-4.3882,-80.8309,0.334590
-125.1559,-4.3857,-81.3110,0.334829
-124.9002,-4.3830,-81.7915,0.335076
-124.6466,-4.3812,-82.2733,0.335319
-124.3955,-4.3810,-82.7567,0.335563
-124.1460,-4.3826,-83.2411,0.335806
-123.8756,-4.3847,-83.7717,0.336074
-123.6315,-4.3876,-84.2583,0.336317
-123.3909,-4.3920,-84.7462,0.336565
-123.1535,-4.3972,-85.2354,0.336808
-122.9196,-4.4025,-85.7260,0.337051
-122.6890,-4.4060,-86.2193,0.337294
-122.4630,-4.4061,-86.7130,0.337538
-122.2404,-4.4044,-87.2080,0.337785
-122.0204,-4.4006,-87.7045,0.338037
-121.7828,-4.3941,-88.2474,0.338305
-121.5673,-4.3860,-88.7462,0.338552
-121.3546,-4.3744,-89.2465,0.338795
-121.1450,-4.3614,-89.7466,0.339043
-120.9370,-4.3480,-90.2475,0.339290
-120.7306,-4.3350,-90.7492,0.339534
-120.5252,-4.2891,-91.2507,0.339773
-120.3193,-4.2815,-91.7528,0.340024
-120.1118,-4.2727,-92.2551,0.340263
-119.8888,-4.2629,-92.8048,0.340527
-119.6894,-4.2539,-93.3100,0.340771
-119.4933,-4.2450,-93.8147,0.341010
-119.3006,-4.2360,-94.3190,0.341261
-119.1132,-4.2271,-94.8237,0.341496
-118.9265,-4.2179,-95.3295,0.341736
-118.7376,-4.1932,-95.8355,0.341979
-118.5499,-4.1840,-96.3424,0.342218
-118.3654,-4.1750,-96.8498,0.342461
-118.1682,-4.1652,-97.4046,0.342729
-117.9913,-4.1563,-97.9138,0.342972
-117.8178,-4.1476,-98.4227,0.343215
-117.6473,-4.1389,-98.9315,0.343454
-117.4806,-4.1304,-99.4413,0.343697
-117.3174,-4.1221,-99.9516,0.343941
-117.1575,-4.1139,-100.4622,0.344180
-117.0021,-4.1060,-100.9740,0.344423
-116.8505,-4.0982,-101.4861,0.344662
-116.6878,-4.0899,-102.0453,0.344922
-116.5408,-4.0826,-102.5589,0.345165
-116.3956,-4.0755,-103.0729,0.345400
-116.2511,-4.0684,-103.5874,0.345643
-116.1068,-4.0617,-104.1024,0.345886
-115.9620,-4.0552,-104.6175,0.346121
-115.8158,-4.0488,-105.1324,0.346364
-115.6693,-4.0427,-105.6470,0.346599
-115.5223,-4.0367,-106.1613,0.346843
-115.3615,-4.0304,-106.7224,0.347099
-115.2131,-4.0248,-107.2359,0.347338
-115.0635,-4.0192,-107.7487,0.347577
-114.9131,-4.0139,-108.2606,0.347825
-114.7622,-4.0086,-108.7715,0.348056
-114.6115,-4.0035,-109.2817,0.348299
-114.4618,-3.9984,-109.7915,0.348538
-114.3122,-3.9935,-110.3006,0.348778
-114.1627,-3.9887,-110.8096,0.349017
-114.0002,-3.9835,-111.3640,0.349277
-113.8522,-3.9788,-111.8717,0.349512
-113.7056,-3.9743,-112.3792,0.349755
-113.5604,-3.9698,-112.8864,0.350003
-113.4168,-3.9654,-113.3939,0.350234
-113.2737,-3.9611,-113.9011,0.350482
-113.1311,-3.9568,-114.4085,0.350717
-112.9886,-3.9527,-114.9157,0.350956
-112.8459,-3.9485,-115.4226,0.351195
-112.6908,-3.9442,-115.9760,0.351459
-112.5489,-3.9403,-116.4832,0.351702
-112.4079,-3.9363,-116.9909,0.351937
-112.2676,-3.9326,-117.4990,0.352176
-112.1278,-3.9288,-118.0073,0.352416
-111.9884,-3.9251,-118.5164,0.352659
-111.8491,-3.9215,-119.0258,0.352894
-111.7098,-3.9178,-119.5361,0.353137
-111.5698,-3.9143,-120.0473,0.353372
-111.4162,-3.9105,-120.6061,0.353640
-111.2747,-3.9071,-121.1197,0.353884
-111.1332,-3.9038,-121.6346,0.354127
-110.9918,-3.9004,-122.1515,0.354366
-110.8501,-3.8971,-122.6703,0.354614
-110.7083,-3.8938,-123.1915,0.354853
-110.5661,-3.8906,-123.7148,0.355092
-110.4238,-3.8874,-124.2405,0.355331
-110.2813,-3.8841,-124.7687,0.355574
-110.1260,-3.8807,-125.3477,0.355842
-109.9835,-3.8776,-125.8808,0.356090
-109.8408,-3.8744,-126.4160,0.356346
-109.6982,-3.8714,-126.9526,0.356597
-109.5556,-3.8683,-127.4900,0.356857
-109.4136,-3.8654,-128.0266,0.357112
-109.2724,-3.8625,-128.5608,0.357368
-109.1316,-3.8597,-129.0929,0.357624
-108.9920,-3.8569,-129.6222,0.357879
-108.8403,-3.8540,-130.1956,0.358160
-108.7034,-3.8514,-130.7177,0.358420
-108.5699,-3.8488,-131.2365,0.358679
-108.4389,-3.8462,-131.7520,0.358931
-108.3098,-3.8437,-132.2640,0.359170
-108.1825,-3.8412,-132.7722,0.359409
-108.0567,-3.8389,-133.2763,0.359640
-107.9317,-3.8365,-133.7758,0.359883
-107.8075,-3.8343,-134.2702,0.360114
-107.6733,-3.8320,-134.8033,0.360365
-107.5525,-3.8299,-135.2858,0.360596
-107.4340,-3.8279,-135.7624,0.360822
-107.3181,-3.8260,-136.2329,0.361049
-107.2051,-3.8241,-136.6976,0.361268
-107.0947,-3.8222,-137.1566,0.361486
-106.9866,-3.8204,-137.6096,0.361713
-106.8807,-3.8187,-138.0565,0.361923
-106.7770,-3.8170,-138.4976,0.362137
-106.6665,-3.8152,-138.9723,0.362364
-106.5678,-3.8136,-139.4018,0.362574
-106.4719,-3.8121,-139.8262,0.362780
-106.3790,-3.8106,-140.2462,0.362990
-106.2897,-3.8091,-140.6622,0.363188
-106.2039,-3.8075,-141.0755,0.363386
-106.1214,-3.8060,-141.4868,0.363580
-106.0422,-3.8044,-141.8969,0.363770
-105.9667,-3.8029,-142.3057,0.363968
-105.8887,-3.8011,-142.7501,0.364174
-105.8215,-3.7995,-143.1560,0.364364
-105.7584,-3.7979,-143.5606,0.364549
-105.6995,-3.7962,-143.9637,0.364739
-105.6449,-3.7946,-144.3656,0.364925
-105.5946,-3.7928,-144.7659,0.365106
-105.5486,-3.7911,-145.1649,0.365292
-105.5067,-3.7893,-145.5627,0.365473
-105.4685,-3.7876,-145.9593,0.365655
-105.4240,-3.7987,-146.3902,0.365853
-105.3920,-3.7975,-146.7852,0.366030
-105.3626,-3.7963,-147.1793,0.366216
-105.3342,-3.7951,-147.5728,0.366389
-105.3069,-3.7939,-147.9661,0.366571
-105.2819,-3.7927,-148.3591,0.366744
-105.2598,-3.7915,-148.7510,0.366921
-105.2408,-3.7904,-149.1425,0.367099
-105.2246,-3.7893,-149.5337,0.367276
-105.2115,-3.8035,-149.9599,0.367470
-105.2046,-3.8012,-150.3499,0.367647
-105.2039,-3.7998,-150.7380,0.367821
-105.2058,-3.7992,-151.1258,0.367994
-105.2095,-3.7994,-151.5139,0.368171
-105.2164,-3.8003,-151.9015,0.368344
-105.2265,-3.8020,-152.2879,0.368517
-105.2421,-3.7733,-152.6807,0.368691
-105.2632,-3.7708,-153.0596,0.368864
-105.2776,-3.7784,-153.4894,0.369054
-105.2886,-3.7788,-153.8668,0.369223
-105.3153,-3.7664,-154.2574,0.369396
-105.3453,-3.7756,-154.6403,0.369569
-105.3744,-3.7630,-155.0225,0.369738
-105.4070,-3.7720,-155.4054,0.369911
-105.4397,-3.7599,-155.7868,0.370081
-105.4733,-3.7691,-156.1674,0.370250
-105.5072,-3.7570,-156.5475,0.370419
-105.5463,-3.7652,-156.9630,0.370604
-105.5821,-3.7531,-157.3425,0.370773
-105.6205,-3.7624,-157.7215,0.370943
-105.6591,-3.7504,-158.0995,0.371108
-105.7005,-3.7598,-158.4769,0.371277
-105.7424,-3.7478,-158.8530,0.371446
-105.7879,-3.7572,-159.2284,0.371615
-105.8346,-3.7453,-159.6024,0.371780
-105.8303,-3.7450,-159.9828,0.371945
-105.9401,-3.7417,-160.3813,0.372126
-106.0025,-3.7510,-160.7508,0.372291
-106.0613,-3.7393,-161.1190,0.372452
-106.1180,-3.7488,-161.4867,0.372617
-106.1840,-3.7371,-161.8517,0.372781
-106.2618,-3.7466,-162.2138,0.372942
-106.3351,-3.7348,-162.5749,0.373103
-106.4133,-3.7444,-162.9341,0.373264
-106.4937,-3.7327,-163.2916,0.373425
-106.5863,-3.7413,-163.6801,0.373598
-106.6734,-3.7296,-164.0349,0.373759
-106.7653,-3.7394,-164.3881,0.373919
-106.8600,-3.7277,-164.7392,0.374076
-106.9518,-3.7365,-165.0908,0.374237
-107.0576,-3.7256,-165.4300,0.374393
-107.1580,-3.7345,-165.7871,0.374554
-107.2703,-3.7235,-166.1236,0.374711
-107.3774,-3.7325,-166.4773,0.374867
-107.5055,-3.7214,-166.8413,0.375041
-107.6250,-3.7314,-167.1896,0.375197
-107.7436,-3.7201,-167.5292,0.375354
-107.8592,-3.7280,-167.8696,0.375511
-107.9865,-3.7176,-168.1967,0.375667
-108.1162,-3.7288,-168.5392,0.375820
-108.2449,-3.7175,-168.8728,0.375977
-108.3784,-3.7276,-169.2038,0.376133
-108.5135,-3.7162,-169.5333,0.376290
-108.6593,-3.7220,-169.8930,0.376459
-108.8048,-3.7115,-170.2087,0.376616
-108.9480,-3.7201,-170.5420,0.376768
-109.0994,-3.7091,-170.8528,0.376925
-109.2560,-3.7220,-171.1774,0.377077
-109.4109,-3.7110,-171.4944,0.377230
-109.5714,-3.7210,-171.8078,0.377387
-109.7334,-3.7097,-172.1199,0.377539
-109.8901,-3.7190,-172.4252,0.377692
-110.0839,-3.7068,-172.7641,0.377857
-110.2502,-3.7124,-173.0726,0.378009
-110.4238,-3.7001,-173.3761,0.378166
-110.5968,-3.7126,-173.6700,0.378314
-110.7854,-3.7016,-173.9746,0.378467
-110.9605,-3.7079,-174.2775,0.378619
-111.1428,-3.6964,-174.5753,0.378772
-111.3189,-3.7004,-174.8664,0.378924
-111.5188,-3.6979,-175.1645,0.379077
-111.7097,-3.6868,-175.4832,0.379242
-111.9089,-3.6910,-175.7801,0.379394
-112.1032,-3.6815,-176.0589,0.379547
-112.3028,-3.6913,-176.3534,0.379695
-112.4997,-3.6792,-176.6402,0.379848
-112.6946,-3.6857,-176.9280,0.380000
-112.8973,-3.6736,-177.2004,0.380153
-113.1004,-3.6829,-177.4920,0.380306
-113.3062,-3.6706,-177.7728,0.380458
-113.5345,-3.6787,-178.0763,0.380623
-113.7449,-3.6665,-178.3537,0.380776
-113.9647,-3.6786,-178.6245,0.380928
-114.1792,-3.6663,-178.9005,0.381081
-114.3867,-3.6757,-179.1723,0.381229
-114.6168,-3.6630,-179.4463,0.381382
-114.8334,-3.6685,-179.7217,0.381534
-115.0566,-3.6558,-179.9923,0.381687
-115.2775,-3.6662,-180.2555,0.381839
-115.5366,-3.6553,-180.5502,0.382009
-115.7557,-3.6611,-180.8164,0.382161
-115.9981,-3.6521,-181.0842,0.382314
-116.2203,-3.6561,-181.3503,0.382466
-116.4650,-3.6489,-181.6178,0.382619
-116.6853,-3.6451,-181.8846,0.382771
-116.9309,-3.6387,-182.1547,0.382924
-117.1674,-3.6336,-182.4090,0.383076
-117.4065,-3.6344,-182.6842,0.383233
-117.6683,-3.6299,-182.9603,0.383398
-117.9116,-3.6293,-183.2319,0.383555
-118.1554,-3.6264,-183.4815,0.383707
-118.4020,-3.6253,-183.7511,0.383860
-118.6490,-3.6227,-183.9986,0.384017
-118.8988,-3.6211,-184.2658,0.384169
-119.1488,-3.6186,-184.5107,0.384326
-119.4001,-3.6182,-184.7659,0.384483
-119.6486,-3.6519,-185.0254,0.384639
-119.9286,-3.6491,-185.2999,0.384812
-120.1883,-3.6475,-185.5496,0.384969
-120.4504,-3.6467,-185.7955,0.385122
-120.7136,-3.6466,-186.0393,0.385278
-120.9752,-3.6024,-186.2857,0.385435
-121.2380,-3.5994,-186.5322,0.385592
-121.5007,-3.5964,-186.7802,0.385748
-121.7658,-3.5934,-187.0295,0.385905
-122.0557,-3.5902,-187.2956,0.386074
-122.3250,-3.5873,-187.5316,0.386231
-122.5970,-3.5844,-187.7686,0.386388
-122.8716,-3.5815,-188.0071,0.386544
-123.1474,-3.5786,-188.2445,0.386701
-123.4228,-3.5757,-188.4812,0.386858
-123.6991,-3.5728,-188.7141,0.387010
-123.9755,-3.5699,-188.9459,0.387167
-124.2536,-3.5670,-189.1816,0.387323
-124.5589,-3.5639,-189.4404,0.387493
-124.8461,-3.5498,-189.6683,0.387649
-125.1295,-3.5472,-189.9020,0.387806
-125.4129,-3.5447,-190.1366,0.387963
-125.6975,-3.5421,-190.3708,0.388123
-125.9836,-3.5396,-190.6040,0.388280
-126.2711,-3.5370,-190.8373,0.388437
-126.5599,-3.5345,-191.0710,0.388594
-126.8499,-3.5320,-191.3056,0.388758
-127.1678,-3.5293,-191.5616,0.388932
-127.4611,-3.5269,-191.7971,0.389093
-127.7559,-3.5245,-192.0338,0.389257
-128.0524,-3.5222,-192.2716,0.389418
-128.3508,-3.5198,-192.5096,0.389583
-128.6510,-3.5176,-192.7483,0.389748
-128.9532,-3.5153,-192.9879,0.389913
-129.2573,-3.5131,-193.2283,0.390078
-129.5637,-3.5110,-193.4695,0.390247
-129.8720,-3.5089,-193.7116,0.390412
-130.2111,-3.5066,-193.9768,0.390602
-130.5240,-3.5046,-194.2212,0.390767
-130.8393,-3.5026,-194.4669,0.390936
-131.1565,-3.5007,-194.7142,0.391109
-131.4758,-3.4989,-194.9632,0.391282
-131.7972,-3.4971,-195.2134,0.391455
-132.1209,-3.4953,-195.4650,0.391629
-132.4468,-3.4935,-195.7178,0.391802
-132.7750,-3.4918,-195.9717,0.391975
-133.1358,-3.4899,-196.2501,0.392173
-133.4692,-3.4882,-196.5066,0.392346
-133.8049,-3.4865,-196.7645,0.392528
-134.1431,-3.4848,-197.0235,0.392709
-134.4838,-3.4832,-197.2840,0.392891
-134.8271,-3.4814,-197.5457,0.393076
-135.1728,-3.4798,-197.8089,0.393262
-135.5217,-3.4979,-198.0728,0.393447
-135.8731,-3.4960,-198.3386,0.393633
-136.2600,-3.4939,-198.6291,0.393839
-136.6172,-3.4919,-198.8954,0.394029
-136.9771,-3.4898,-199.1641,0.394218
-137.3391,-3.4878,-199.4334,0.394412
-137.7039,-3.4860,-199.7025,0.394606
-138.0730,-3.4844,-199.9756,0.394800
-138.4447,-3.4824,-200.2512,0.394997
-138.8191,-3.4799,-200.5265,0.395195
-139.2315,-3.4770,-200.8270,0.395414
-139.6130,-3.4742,-201.1035,0.395612
-139.9975,-3.4714,-201.3811,0.395814
-140.3854,-3.4686,-201.6591,0.396016
-140.7764,-3.4662,-201.9389,0.396218
-141.1704,-3.4638,-202.2201,0.396424
-141.5680,-3.4602,-202.5027,0.396634
-141.9679,-3.4564,-202.7857,0.396841
-142.3710,-3.4524,-203.0698,0.397051
-142.8142,-3.4481,-203.3813,0.397278
-143.2236,-3.4441,-203.6684,0.397484
-143.6357,-3.4402,-203.9572,0.397698
-144.0500,-3.4365,-204.2493,0.397909
-144.4667,-3.4323,-204.5442,0.398127
-144.8853,-3.4274,-204.8408,0.398342
-145.3056,-3.4226,-205.1393,0.398560
-145.7283,-3.4178,-205.4393,0.398783
-146.1532,-3.4129,-205.7411,0.399006
-146.6189,-3.4076,-206.0723,0.399249
-147.0479,-3.4030,-206.3780,0.399472
-147.4795,-3.3981,-206.6854,0.399703
-147.9127,-3.3927,-206.9943,0.399934
-148.3475,-3.3873,-207.3050,0.400165
-148.7843,-3.3819,-207.6171,0.400400
-149.2233,-3.3764,-207.9303,0.400635
-149.6646,-3.3709,-208.2447,0.400874
-150.1081,-3.3657,-208.5601,0.401117
-150.5945,-3.3599,-208.9066,0.401369
-151.0421,-3.3540,-209.2257,0.401600
-151.4916,-3.3480,-209.5462,0.401839
-151.9419,-3.3223,-209.8691,0.402074
-152.3949,-3.3164,-210.1931,0.402317
-152.8494,-3.3105,-210.5191,0.402561
-153.3071,-3.3043,-210.8438,0.402800
-153.7686,-3.2978,-211.1651,0.403047
-154.2334,-3.2911,-211.4842,0.403299
-154.7014,-3.2842,-211.8027,0.403550
-155.2149,-3.2764,-212.1492,0.403831
-155.6871,-3.2691,-212.4658,0.404086
-156.1599,-3.2618,-212.7814,0.404338
-156.6336,-3.2543,-213.0963,0.404598
-157.1079,-3.2469,-213.4125,0.404858
-157.5818,-3.2395,-213.7301,0.405117
-158.0557,-3.2320,-214.0473,0.405381
-158.5299,-3.2244,-214.3633,0.405633
-159.0044,-3.2167,-214.6779,0.405888
-159.5227,-3.2082,-215.0191,0.406169
-159.9984,-3.2002,-215.3295,0.406424
-160.4672,-3.2037,-215.6497,0.406680
-160.9447,-3.1962,-215.9562,0.406931
-161.4226,-3.1888,-216.2607,0.407183
-161.9006,-3.1814,-216.5641,0.407438
-162.3792,-3.1739,-216.8664,0.407690
-162.8586,-3.1665,-217.1670,0.407941
-163.3826,-3.1581,-217.4930,0.408217
-163.8629,-3.1498,-217.7894,0.408465
-164.3442,-3.1414,-218.0849,0.408716
-164.8265,-3.1330,-218.3790,0.408968
-165.3098,-3.1246,-218.6709,0.409215
-165.7946,-3.1762,-218.9603,0.409467
-166.2892,-3.1091,-219.2489,0.409714
-166.7726,-3.0963,-219.5234,0.409974
-167.2591,-3.0861,-219.8076,0.410221
-167.7917,-3.0749,-220.1169,0.410497
-168.2834,-3.0681,-220.4083,0.410745
-168.7701,-3.0541,-220.6779,0.410996
-169.2680,-3.0496,-220.9601,0.411239
-169.7491,-3.0411,-221.2392,0.411487
-170.2408,-3.0307,-221.5145,0.411730
-170.7438,-3.0111,-221.7851,0.411977
-171.2311,-2.9991,-222.0523,0.412217
-171.7283,-2.9902,-222.3318,0.412460
-172.2691,-2.9823,-222.6224,0.412715
-172.7525,-2.9650,-222.8835,0.412963
-173.2600,-2.9523,-223.1381,0.413198
-173.7620,-2.9442,-223.4064,0.413437
-174.2616,-2.9386,-223.6632,0.413676
-174.7484,-2.9179,-223.9142,0.413919
-175.2669,-2.9095,-224.1624,0.414167
-175.7651,-2.8995,-224.4179,0.414406
-176.2681,-2.8938,-224.6660,0.414649
-176.8182,-2.8856,-224.9332,0.414913
-177.3229,-2.8586,-225.1741,0.415152
-177.8294,-2.8522,-225.4133,0.415392
-178.3394,-2.8465,-225.6446,0.415631
-178.8472,-2.8405,-225.8797,0.415866
-179.3393,-2.8164,-226.1151,0.416101
-179.8485,-2.8154,-226.3448,0.416336
-180.3552,-2.8123,-226.5921,0.416571
-180.8753,-2.8020,-226.8202,0.416806
-181.4288,-2.7848,-227.0403,0.417062
-181.9413,-2.7745,-227.2623,0.417297
-182.4544,-2.7644,-227.4828,0.417528
-182.9724,-2.7563,-227.7233,0.417759
-183.4650,-2.7350,-227.9687,0.417994
-183.9780,-2.7254,-228.1872,0.418229
-184.5076,-2.7235,-228.3569,0.418468
-185.0200,-2.7144,-228.5949,0.418703
-185.5349,-2.6943,-228.7966,0.418938
-186.0954,-2.6816,-229.0363,0.419193
-186.6083,-2.6716,-229.2562,0.419428
-187.1203,-2.6615,-229.4763,0.419663
-187.6423,-2.6308,-229.6857,0.419894
-188.1600,-2.6246,-229.9097,0.420129
-188.6753,-2.6199,-230.1162,0.420360
-189.1878,-2.6151,-230.3260,0.420591
-189.6951,-2.5892,-230.5310,0.420822
-190.1979,-2.5847,-230.7295,0.421048
-190.7370,-2.5784,-230.9430,0.421292
-191.2114,-2.5740,-231.1408,0.421510
-191.6961,-2.5507,-231.3278,0.421720
-192.1628,-2.5483,-231.5179,0.421931
-192.6102,-2.5440,-231.7101,0.422133
-193.0695,-2.5234,-231.8885,0.422335
-193.5129,-2.5221,-232.0686,0.422537
-193.9460,-2.5146,-232.2537,0.422735
-194.3701,-2.4933,-232.4178,0.422924
-194.8290,-2.4965,-232.6135,0.423130
-195.2521,-2.4762,-232.7809,0.423320
-195.6572,-2.4685,-232.9560,0.423501
-196.0508,-2.4706,-233.1235,0.423679
-196.4534,-2.4578,-233.2880,0.423856
-196.8302,-2.4541,-233.4574,0.424029
-197.2186,-2.4401,-233.6191,0.424198
-197.5890,-2.4318,-233.7926,0.424367
-197.9489,-2.4216,-233.9483,0.424532
-198.3367,-2.4224,-234.1322,0.424705
-198.6974,-2.4079,-234.2906,0.424862
-199.0344,-2.4078,-234.4561,0.425019
-199.3851,-2.3947,-234.6145,0.425175
-199.7163,-2.3939,-234.7804,0.425328
-200.0638,-2.3812,-234.9398,0.425481
-200.3909,-2.3800,-235.1066,0.425633
-200.7366,-2.3680,-235.2660,0.425786
-201.0662,-2.3617,-235.4343,0.425934
-201.4364,-2.3458,-235.6143,0.426103
-201.7631,-2.3517,-235.7817,0.426252
-202.1073,-2.3405,-235.9449,0.426404
-202.4341,-2.3353,-236.1110,0.426557
-202.7646,-2.3555,-236.2873,0.426709
-203.1006,-2.3460,-236.4556,0.426862
-203.4354,-2.3149,-236.6233,0.427019
-203.7697,-2.3084,-236.7938,0.427167
-204.1030,-2.3019,-236.9680,0.427320
-204.4690,-2.2948,-237.1569,0.427485
-204.8049,-2.2882,-237.3292,0.427637
-205.1403,-2.2817,-237.5044,0.427790
-205.4763,-2.2751,-237.6803,0.427939
-205.8135,-2.2685,-237.8556,0.428095
-206.1515,-2.2621,-238.0307,0.428244
-206.4904,-2.2560,-238.2065,0.428396
-206.8306,-2.2498,-238.3827,0.428549
-207.1719,-2.2437,-238.5596,0.428702
-207.5452,-2.2370,-238.7536,0.428867
-207.8992,-2.2429,-238.9092,0.429019
-208.2421,-2.2183,-239.0898,0.429168
-208.5871,-2.2135,-239.2693,0.429320
-208.9332,-2.2086,-239.4495,0.429473
-209.2808,-2.2036,-239.6298,0.429621
-209.6299,-2.1985,-239.8109,0.429774
-209.9799,-2.1933,-239.9921,0.429927
-210.3316,-2.1880,-240.1740,0.430075
-210.7168,-2.1820,-240.3744,0.430240
-211.0704,-2.1766,-240.5599,0.430389
-211.4253,-2.1711,-240.7475,0.430537
-211.7803,-2.1656,-240.9377,0.430690
-212.1358,-2.1602,-241.1304,0.430846
-212.4916,-2.1545,-241.3256,0.430999
-212.8471,-2.1489,-241.5222,0.431152
-213.2036,-2.1431,-241.7204,0.431308
-213.5602,-2.1370,-241.9198,0.431457
-213.9173,-2.1311,-242.1218,0.431609
-214.3061,-2.1241,-242.3449,0.431778
-214.6626,-2.1179,-242.5517,0.431922
-215.0193,-2.1111,-242.7609,0.432075
-215.3754,-2.1044,-242.9717,0.432223
-215.7320,-2.0972,-243.1848,0.432368
-216.0877,-2.0900,-243.3995,0.432516
-216.4436,-2.0825,-243.6173,0.432660
-216.7981,-2.0746,-243.8374,0.432805
-217.1844,-2.0661,-244.0824,0.432961
-217.5356,-2.0579,-244.3118,0.433102
-217.8845,-2.0501,-244.5477,0.433250
-218.2278,-2.0418,-244.7883,0.433382
-218.5642,-2.0342,-245.0335,0.433522
-218.8924,-2.0261,-245.2830,0.433658
-219.2107,-2.0187,-245.5347,0.433790
-219.5198,-2.0108,-245.7891,0.433922
-219.8194,-2.0033,-246.0427,0.434046
-220.1367,-1.9948,-246.3205,0.434182
-220.4177,-1.9872,-246.5753,0.434301
-220.6905,-1.9796,-246.8313,0.434421
-220.9571,-1.9939,-247.0843,0.434536
-221.2169,-1.9870,-247.3371,0.434652
-221.4683,-1.9805,-247.5883,0.434759
-221.7096,-1.9749,-247.8444,0.434866
-221.9450,-1.9663,-248.1030,0.434986
-222.1543,-1.9504,-248.3687,0.435101
-222.3946,-1.9437,-248.6444,0.435225
-222.6104,-1.9376,-248.8949,0.435336
-222.8190,-1.9317,-249.1459,0.435443
-223.0190,-1.9258,-249.3990,0.435550
-223.2117,-1.9200,-249.6523,0.435649
-223.3973,-1.9143,-249.9052,0.435756
-223.5770,-1.9679,-250.1571,0.435859
-223.7533,-1.9634,-250.4065,0.435958
-223.9258,-1.9586,-250.6538,0.436057
-224.0939,-1.9532,-250.9024,0.436152
-224.2731,-1.9465,-251.1737,0.436259
-224.4333,-1.9399,-251.4218,0.436350
-224.5884,-1.9328,-251.6691,0.436445
-224.7386,-1.9254,-251.9187,0.436540
-224.8858,-1.9178,-252.1695,0.436630
-225.0298,-1.9100,-252.4200,0.436725
-225.1702,-1.9023,-252.6707,0.436812
-225.3077,-1.8946,-252.9222,0.436898
-225.4416,-1.8871,-253.1746,0.436989
-225.5855,-1.8792,-253.4531,0.437088
-225.7148,-1.8727,-253.7094,0.437174
-225.8422,-1.8668,-253.9658,0.437265
-225.9673,-1.8613,-254.2229,0.437352
-226.0924,-1.8559,-254.4796,0.437434
-226.2184,-1.8510,-254.7371,0.437525
-226.3414,-1.8465,-254.9955,0.437615
-226.4591,-1.8425,-255.2576,0.437698
-226.5870,-1.8385,-255.5437,0.437789
-226.7011,-1.8351,-255.8075,0.437875
-226.8115,-1.8320,-256.0742,0.437962
-226.9196,-1.8289,-256.3423,0.438044
-227.0245,-1.8259,-256.6125,0.438127
-227.1261,-1.8230,-256.8836,0.438213
-227.2244,-1.8204,-257.1559,0.438296
-227.3196,-1.8175,-257.4287,0.438374
-227.4106,-1.8143,-257.7032,0.438465
-227.5052,-1.8101,-258.0047,0.438555
-227.5887,-1.8055,-258.2809,0.438638
-227.6685,-1.8004,-258.5573,0.438716
-227.7434,-1.7948,-258.8340,0.438790
-227.8143,-1.7887,-259.1099,0.438869
-227.8814,-1.7821,-259.3864,0.438951
-227.9458,-1.7751,-259.6632,0.439033
-228.0076,-1.7676,-259.9420,0.439112
-228.0660,-1.7598,-260.2201,0.439190
-228.1261,-1.7514,-260.5198,0.439276
-228.1774,-1.7435,-260.7935,0.439359
-228.2254,-1.7355,-261.0659,0.439441
-228.2702,-1.7276,-261.3360,0.439519
-228.3112,-1.7199,-261.6031,0.439602
-228.3469,-1.7124,-261.8686,0.439676
-228.3763,-1.7051,-262.1339,0.439754
-228.4012,-1.6982,-262.3970,0.439828
-228.4229,-1.6920,-262.6586,0.439906
-228.4421,-1.6858,-262.9421,0.439989
-228.4559,-1.6806,-263.2010,0.440063
-228.4653,-1.6758,-263.4583,0.440133
-228.4702,-1.6716,-263.7138,0.440211
-228.4722,-1.6677,-263.9668,0.440281
-228.4708,-1.6643,-264.2175,0.440351
-228.4653,-1.6613,-264.4663,0.440425
-228.4565,-1.6588,-264.7131,0.440495
-228.4453,-1.6566,-264.9575,0.440569
-228.4302,-1.6547,-265.2215,0.440643
-228.4135,-1.6533,-265.4612,0.440713
-228.3942,-1.6522,-265.6985,0.440783
-228.3729,-1.6513,-265.9333,0.440845
-228.3494,-1.6509,-266.1652,0.440915
-228.3247,-1.6507,-266.3951,0.440981
-228.2985,-1.6505,-266.6228,0.441047
-228.2708,-1.6504,-266.8484,0.441117
-228.2414,-1.6503,-267.0721,0.441183
-228.2072,-1.6501,-267.3141,0.441253
-228.1738,-1.6501,-267.5336,0.441318
-228.1384,-1.6500,-267.7519,0.441380
-228.1011,-1.6498,-267.9685,0.441446
-228.0619,-1.6494,-268.1835,0.441512
-228.0209,-1.6488,-268.3965,0.441574
-227.9783,-1.6479,-268.6078,0.441640
-227.9339,-1.6465,-268.8175,0.441697
-227.8891,-1.6448,-269.0249,0.441755
-227.8390,-1.6427,-269.2493,0.441821
-227.7922,-1.6404,-269.4528,0.441887
-227.7442,-1.6379,-269.6544,0.441944
-227.6952,-1.6352,-269.8543,0.442006
-227.6455,-1.6322,-270.0525,0.442064
-227.5947,-1.6290,-270.2491,0.442130
-227.5430,-1.6256,-270.4441,0.442187
-227.4903,-1.6221,-270.6376,0.442241
-227.4366,-1.6184,-270.8296,0.442302
-227.3770,-1.6147,-271.0367,0.442368
-227.3212,-1.6115,-271.2257,0.442422
-227.2649,-1.6082,-271.4131,0.442484
-227.2081,-1.6048,-271.5986,0.442537
-227.1501,-1.6015,-271.7825,0.442599
-227.0911,-1.5982,-271.9662,0.442652
-227.0321,-1.5950,-272.1479,0.442710
-226.9714,-1.5916,-272.3282,0.442759
-226.9097,-1.5883,-272.5075,0.442821
-226.8404,-1.5849,-272.7011,0.442879
-226.7763,-1.5819,-272.8766,0.442932
-226.7113,-1.5790,-273.0511,0.442982
-226.6454,-1.5764,-273.2243,0.443044
-226.5791,-1.5739,-273.3958,0.443097
-226.5123,-1.5716,-273.5662,0.443146
-226.4451,-1.5694,-273.7351,0.443204
-226.3778,-1.5675,-273.9028,0.443254
-226.3102,-1.5657,-274.0695,0.443307
-226.2362,-1.5640,-274.2498,0.443365
-226.1678,-1.5626,-274.4137,0.443410
-226.0987,-1.5614,-274.5764,0.443464
-226.0292,-1.5606,-274.7371,0.443509
-225.9593,-1.5600,-274.8969,0.443558
-225.8894,-1.5595,-275.0552,0.443608
-225.8195,-1.5590,-275.2122,0.443657
-225.7495,-1.5587,-275.3677,0.443707
-225.6798,-1.5584,-275.5217,0.443760
-225.6043,-1.5580,-275.6884,0.443814
-225.5361,-1.5576,-275.8399,0.443859
-225.4689,-1.5572,-275.9904,0.443904
-225.4026,-1.5568,-276.1399,0.443954
-225.3371,-1.5563,-276.2883,0.444003
-225.2721,-1.5557,-276.4359,0.444049
-225.2074,-1.5550,-276.5828,0.444098
-225.1430,-1.5543,-276.7289,0.444143
-225.0786,-1.5534,-276.8745,0.444197
-225.0081,-1.5523,-277.0331,0.444246
-224.9433,-1.5512,-277.1786,0.444296
-224.8785,-1.5500,-277.3240,0.444341
-224.8137,-1.5485,-277.4693,0.444391
-224.7493,-1.5470,-277.6147,0.444432
-224.6852,-1.5452,-277.7598,0.444485
-224.6211,-1.5433,-277.9049,0.444535
-224.5571,-1.5413,-278.0496,0.444584
-224.4931,-1.5390,-278.1938,0.444630
-224.4236,-1.5365,-278.3506,0.444683
-224.3596,-1.5340,-278.4937,0.444728
-224.2956,-1.5315,-278.6361,0.444782
-224.2309,-1.5288,-278.7780,0.444827
-224.1657,-1.5260,-278.9191,0.444877
-224.1007,-1.5231,-279.0589,0.444926
-224.0338,-1.5201,-279.1975,0.444967
-223.9617,-1.5170,-279.3355,0.445017
-223.8886,-1.5138,-279.4727,0.445070
-223.8092,-1.5103,-279.6218,0.445120
-223.7362,-1.5070,-279.7583,0.445169
-223.6626,-1.5037,-279.8947,0.445215
-223.5880,-1.5004,-280.0308,0.445264
-223.5124,-1.4970,-280.1660,0.445309
-223.4355,-1.4937,-280.3000,0.445359
-223.3574,-1.4905,-280.4325,0.445408
-223.2787,-1.4874,-280.5630,0.445462
-223.1995,-1.4843,-280.6915,0.445503
-223.1130,-1.4812,-280.8289,0.445552
-223.0341,-1.4785,-280.9533,0.445602
-222.9555,-1.4759,-281.0764,0.445647
-222.8773,-1.4735,-281.1987,0.445693
-222.7993,-1.4712,-281.3208,0.445742
-222.7213,-1.4690,-281.4433,0.445787
-222.6428,-1.4669,-281.5672,0.445824
-222.5634,-1.4649,-281.6928,0.445878
-222.4828,-1.4631,-281.8201,0.445927
-222.3934,-1.4612,-281.9609,0.445981
-222.3098,-1.4596,-282.0915,0.446030
-222.2247,-1.4582,-282.2237,0.446084
-222.1381,-1.4569,-282.3573,0.446142
-222.0502,-1.4558,-282.4927,0.446187
-221.9610,-1.4548,-282.6299,0.446240
-221.8703,-1.4541,-282.7689,0.446294
-221.7777,-1.4535,-282.9097,0.446352
-221.6828,-1.4530,-283.0520,0.446401
-221.5765,-1.4527,-283.2089,0.446463
-221.4764,-1.4526,-283.3542,0.446529
-221.3737,-1.4526,-283.5007,0.446587
-221.2687,-1.4527,-283.6484,0.446644
-221.1615,-1.4528,-283.7975,0.446710
-221.0524,-1.4530,-283.9480,0.446776
-220.9413,-1.4532,-284.1002,0.446830
-220.8278,-1.4534,-284.2532,0.446896
-220.7120,-1.4536,-284.4076,0.446966
-220.5838,-1.4537,-284.5774,0.447040
-220.4644,-1.4537,-284.7347,0.447097
-220.3434,-1.4535,-284.8934,0.447167
-220.2204,-1.4530,-285.0533,0.447233
-220.0953,-1.4521,-285.2148,0.447312
-219.9689,-1.4508,-285.3773,0.447386
-219.8410,-1.4492,-285.5416,0.447456
-219.7111,-1.4473,-285.7073,0.447530
-219.5789,-1.4450,-285.8745,0.447600
-219.4319,-1.4421,-286.0584,0.447666
-219.2942,-1.4391,-286.2285,0.447732
-219.1536,-1.4357,-286.3997,0.447806
-219.0099,-1.4320,-286.5724,0.447876
-218.8624,-1.4279,-286.7460,0.447955
-218.7108,-1.4236,-286.9206,0.448025
-218.5550,-1.4190,-287.0961,0.448099
-218.3949,-1.4143,-287.2720,0.448173
-218.2305,-1.4096,-287.4492,0.448248
-218.0465,-1.4045,-287.6436,0.448330
-217.8735,-1.3998,-287.8231,0.448413
-217.6962,-1.3953,-288.0038,0.448495
-217.5144,-1.3909,-288.1855,0.448573
-217.3284,-1.3869,-288.3680,0.448660
-217.1383,-1.3832,-288.5511,0.448747
-216.9441,-1.3797,-288.7336,0.448833
-216.7469,-1.3767,-288.9148,0.448920
-216.5468,-1.3742,-289.0945,0.449007
-216.3255,-1.3721,-289.2889,0.449101
-216.1198,-1.3707,-289.4661,0.449188
-215.9117,-1.3698,-289.6429,0.449283
-215.7011,-1.3693,-289.8199,0.449370
-215.4879,-1.3691,-289.9982,0.449469
-215.2718,-1.3692,-290.1782,0.449559
-215.0530,-1.3694,-290.3595,0.449658
-214.8303,-1.3702,-290.5424,0.449761
-214.6038,-1.3708,-290.7267,0.449856
-214.3519,-1.3711,-290.9291,0.449963
-214.1172,-1.3710,-291.1157,0.450071
-213.8781,-1.3703,-291.3031,0.450178
-213.6344,-1.3690,-291.4915,0.450277
-213.3859,-1.3671,-291.6808,0.450392
-213.1326,-1.3645,-291.8709,0.450504
-212.8745,-1.3611,-292.0617,0.450615
-212.6115,-1.3569,-292.2531,0.450739
-212.3425,-1.3521,-292.4452,0.450850
-212.0424,-1.3463,-292.6550,0.450978
-211.7610,-1.3406,-292.8476,0.451102
-211.4734,-1.3347,-293.0402,0.451230
-211.1798,-1.3285,-293.2326,0.451353
-210.8797,-1.3224,-293.4249,0.451485
-210.5732,-1.3167,-293.6166,0.451626
-210.2602,-1.3116,-293.8080,0.451762
-209.9404,-1.3072,-293.9993,0.451894
-209.6139,-1.3038,-294.1899,0.452021
-209.2502,-1.3012,-294.3970,0.452170
-208.9107,-1.3001,-294.5853,0.452302
-208.5659,-1.3000,-294.7719,0.452438
-208.2159,-1.3008,-294.9566,0.452586
-207.8617,-1.3021,-295.1398,0.452722
-207.5035,-1.3038,-295.3214,0.452863
-207.1420,-1.3056,-295.5026,0.453007
-206.7780,-1.3072,-295.6842,0.453151
-206.4109,-1.3083,-295.8658,0.453300
-206.0065,-1.3087,-296.0646,0.453460
-205.6326,-1.3079,-296.2481,0.453605
-205.2556,-1.3058,-296.4326,0.453757
-204.8760,-1.3025,-296.6182,0.453914
-204.4942,-1.2979,-296.8047,0.454067
-204.1109,-1.2921,-296.9918,0.454223
-203.7277,-1.2854,-297.1787,0.454380
-203.3442,-1.2782,-297.3645,0.454528
-202.9610,-1.2707,-297.5487,0.454681
-202.5769,-1.2633,-297.7307,0.454842
-202.1558,-1.2556,-297.9260,0.455007
-201.7685,-1.2491,-298.0996,0.455151
-201.3839,-1.2434,-298.2701,0.455312
-200.9993,-1.2387,-298.4417,0.455468
-200.6153,-1.2349,-298.6125,0.455621
-200.2315,-1.2320,-298.7844,0.455774
-199.8482,-1.2298,-298.9554,0.455930
-199.4601,-1.2282,-299.1184,0.456083
-199.0684,-1.2268,-299.2737,0.456235
-198.6436,-1.2251,-299.4424,0.456396
-198.2576,-1.2229,-299.5974,0.456549
-197.8739,-1.2201,-299.7523,0.456705
-197.4898,-1.2165,-299.9018,0.456850
-197.1053,-1.2119,-300.0461,0.456998
-196.7233,-1.2062,-300.1899,0.457151
-196.3432,-1.1997,-300.3340,0.457299
-195.9629,-1.1921,-300.4752,0.457452
-195.5459,-1.1827,-300.6215,0.457613
-195.1642,-1.1734,-300.7523,0.457757
-194.7817,-1.1631,-300.8792,0.457905
-194.3986,-1.1525,-301.0005,0.458050
-194.0151,-1.1418,-301.1166,0.458198
-193.6311,-1.1315,-301.2271,0.458342
-193.2471,-1.1218,-301.3329,0.458495
-192.8632,-1.1128,-301.4341,0.458639
-192.4790,-1.1050,-301.5307,0.458779
-192.0598,-1.0977,-301.6307,0.458936
-191.6750,-1.0922,-301.7171,0.459089
-191.2900,-1.0878,-301.7985,0.459233
-190.9054,-1.0844,-301.8761,0.459386
-190.5206,-1.0820,-301.9480,0.459522
-190.1376,-1.0804,-302.0169,0.459666
-189.7559,-1.0796,-302.0837,0.459814
-189.3743,-1.0794,-302.1461,0.459955
-188.9926,-1.0795,-302.2031,0.460099
-188.6123,-1.0799,-302.2570,0.460247
-188.1994,-1.0803,-302.3141,0.460396
-187.8228,-1.0806,-302.3649,0.460536
-187.4482,-1.0804,-302.4148,0.460680
-187.0757,-1.0796,-302.4634,0.460820
-186.7054,-1.0781,-302.5112,0.460952
-186.3372,-1.0758,-302.5586,0.461097
-185.9697,-1.0726,-302.6057,0.461229
-185.6030,-1.0685,-302.6527,0.461369
-185.2030,-1.0631,-302.7040,0.461529
-184.8374,-1.0572,-302.7508,0.461666
-184.4722,-1.0505,-302.7976,0.461806
-184.1079,-1.0432,-302.8442,0.461938
-183.7444,-1.0354,-302.8907,0.462082
-183.3817,-1.0273,-302.9369,0.462218
-183.0189,-1.0190,-302.9826,0.462362
-182.6569,-1.0105,-303.0273,0.462498
-182.2948,-1.0020,-303.0721,0.462643
-181.9003,-0.9930,-303.1201,0.462799
-181.5383,-0.9851,-303.1627,0.462935
-181.1753,-0.9774,-303.2021,0.463075
-180.8112,-0.9702,-303.2381,0.463216
-180.4437,-0.9635,-303.2682,0.463356
-180.0730,-0.9573,-303.2949,0.463500
-179.6994,-0.9516,-303.3191,0.463653
-179.3229,-0.9467,-303.3381,0.463785
-178.9428,-0.9425,-303.3521,0.463933
-178.5240,-0.9387,-303.3627,0.464098
-178.1363,-0.9357,-303.3679,0.464246
-177.7455,-0.9336,-303.3698,0.464391
-177.3517,-0.9321,-303.3663,0.464551
-176.9571,-0.9311,-303.3624,0.464700
-176.5605,-0.9305,-303.3563,0.464852
-176.1636,-0.9301,-303.3480,0.465005
-175.7663,-0.9299,-303.3377,0.465157
-175.3679,-0.9296,-303.3254,0.465310
-174.9321,-0.9292,-303.3098,0.465475
-174.5319,-0.9287,-303.2930,0.465631
-174.1310,-0.9278,-303.2747,0.465788
-173.7291,-0.9263,-303.2564,0.465940
-173.3273,-0.9242,-303.2379,0.466097
-172.9239,-0.9219,-303.2168,0.466258
-172.5195,-0.9187,-303.1959,0.466406
-172.1150,-0.9147,-303.1751,0.466567
-171.7100,-0.9099,-303.1537,0.466720
-171.2693,-0.9036,-303.1276,0.466893
-170.8662,-0.8970,-303.1033,0.467053
-170.4629,-0.8898,-303.0788,0.467210
-170.0610,-0.8822,-303.0547,0.467367
-169.6591,-0.8743,-303.0249,0.467523
-169.2553,-0.8662,-302.9880,0.467680
-168.8493,-0.8581,-302.9458,0.467837
-168.4413,-0.8502,-302.8976,0.468006
-168.0318,-0.8431,-302.8442,0.468154
-167.5834,-0.8361,-302.7790,0.468331
-167.1706,-0.8304,-302.7111,0.468500
-166.7549,-0.8256,-302.6364,0.468661
-166.3376,-0.8218,-302.5557,0.468818
-165.9194,-0.8193,-302.4727,0.468979
-165.5005,-0.8178,-302.3819,0.469143
-165.0813,-0.8175,-302.2849,0.469308
-164.6626,-0.8183,-302.1828,0.469473
-164.2438,-0.8200,-302.0761,0.469638
-163.7867,-0.8227,-301.9562,0.469820
-163.3674,-0.8256,-301.8433,0.469997
-162.9483,-0.8287,-301.7274,0.470162
-162.5291,-0.8319,-301.6102,0.470331
-162.1097,-0.8345,-301.4914,0.470496
-161.6902,-0.8363,-301.3713,0.470669
-161.2705,-0.8369,-301.2507,0.470847
-160.8499,-0.8363,-301.1293,0.471016
-160.4287,-0.8342,-301.0074,0.471189
-159.9686,-0.8303,-300.8745,0.471383
-159.5463,-0.8254,-300.7529,0.471556
-159.1234,-0.8193,-300.6309,0.471733
-158.6999,-0.8123,-300.5062,0.471906
-158.2758,-0.8047,-300.3782,0.472092
-157.8512,-0.7967,-300.2466,0.472269
-157.4263,-0.7891,-300.1121,0.472442
-157.0007,-0.7818,-299.9747,0.472624
-156.5745,-0.7752,-299.8344,0.472809
-156.1091,-0.7691,-299.6782,0.473007
-155.6820,-0.7646,-299.5320,0.473180
-155.2542,-0.7612,-299.3831,0.473362
-154.8259,-0.7589,-299.2316,0.473539
-154.3970,-0.7575,-299.0778,0.473725
-153.9674,-0.7568,-298.9217,0.473906
-153.5372,-0.7565,-298.7637,0.474087
-153.1062,-0.7563,-298.6038,0.474273
-152.6748,-0.7557,-298.4422,0.474462
-152.2034,-0.7547,-298.2639,0.474660
-151.7706,-0.7528,-298.0987,0.474854
-151.3373,-0.7500,-297.9321,0.475039
-150.9032,-0.7460,-297.7645,0.475233
-150.4685,-0.7409,-297.5964,0.475419
-150.0326,-0.7350,-297.4275,0.475612
-149.5959,-0.7285,-297.2570,0.475806
-149.1585,-0.7217,-297.0853,0.476000
-148.7202,-0.7150,-296.9132,0.476194
-148.2403,-0.7084,-296.7258,0.476412
-147.7988,-0.7034,-296.5547,0.476606
-147.3555,-0.6997,-296.3832,0.476804
-146.9104,-0.6978,-296.2112,0.477006
-146.4643,-0.6974,-296.0380,0.477203
-146.0172,-0.6986,-295.8636,0.477401
-145.5687,-0.7012,-295.6892,0.477595
-145.1186,-0.7048,-295.5150,0.477797
-144.6675,-0.7091,-295.3407,0.477995
-144.1739,-0.7139,-295.1506,0.478214
-143.7203,-0.7180,-294.9771,0.478416
-143.2664,-0.7212,-294.8034,0.478618
-142.8127,-0.7231,-294.6288,0.478820
-142.3565,-0.7236,-294.4530,0.479026
-141.8991,-0.7228,-294.2782,0.479228
-141.4409,-0.7205,-294.1056,0.479434
-140.9883,-0.6624,-293.9188,0.479641
-140.5314,-0.6591,-293.7462,0.479847
-140.0332,-0.6553,-293.5572,0.480074
-139.5777,-0.6382,-293.3560,0.480280
-139.1192,-0.6405,-293.1907,0.480486
-138.6583,-0.6464,-293.0564,0.480692
-138.1971,-0.6231,-292.8553,0.480903
-137.7301,-0.6246,-292.6841,0.481117
-137.2445,-0.6393,-292.5661,0.481327
-136.7832,-0.6758,-292.3984,0.481538
-136.3105,-0.6761,-292.2315,0.481752
-135.7919,-0.6772,-292.0515,0.481983
-135.3154,-0.6786,-291.8828,0.482197
-134.8382,-0.6799,-291.7086,0.482412
-134.3599,-0.6806,-291.5321,0.482626
-133.8804,-0.6804,-291.3562,0.482840
-133.3988,-0.6788,-291.1795,0.483055
-132.9145,-0.6758,-291.0021,0.483273
-132.4296,-0.6713,-290.8232,0.483492
-131.9434,-0.6656,-290.6443,0.483710
-131.4113,-0.6586,-290.4486,0.483949
-130.9226,-0.6517,-290.2674,0.484168
-130.4328,-0.6449,-290.0844,0.484390
-129.9420,-0.6389,-289.9001,0.484609
-129.4500,-0.6340,-289.7146,0.484831
-128.9570,-0.6309,-289.5280,0.485054
-128.4630,-0.6297,-289.3404,0.485277
-127.9677,-0.6306,-289.1523,0.485503
-127.4714,-0.6334,-288.9640,0.485726
-126.9282,-0.6384,-288.7588,0.485974
-126.4288,-0.6441,-288.5705,0.486200
-125.9282,-0.6503,-288.3811,0.486423
-125.4266,-0.6563,-288.1903,0.486650
-124.9238,-0.6616,-287.9985,0.486877
-124.4196,-0.6655,-287.8060,0.487103
-123.9141,-0.6677,-287.6127,0.487334
-123.4076,-0.6681,-287.4191,0.487561
-122.8997,-0.6666,-287.2254,0.487792
-122.3447,-0.6632,-287.0135,0.488040
-121.8346,-0.6590,-286.8187,0.488270
-121.3233,-0.6539,-286.6244,0.488501
-120.8103,-0.6489,-286.4312,0.488736
-120.2956,-0.6447,-286.2388,0.488967
-119.7791,-0.6415,-286.0465,0.489198
-119.2615,-0.6397,-285.8539,0.489433
-118.7423,-0.6395,-285.6613,0.489660
-118.2214,-0.6405,-285.4691,0.489899
-117.6513,-0.6427,-285.2598,0.490155
-117.1268,-0.6451,-285.0679,0.490390
-116.6006,-0.6465,-284.8752,0.490625
-116.0737,-0.6471,-284.6819,0.490865
-115.5452,-0.6462,-284.4886,0.491104
-115.0156,-0.6435,-284.2956,0.491339
-114.4847,-0.6387,-284.1022,0.491578
-113.9525,-0.6321,-283.9085,0.491818
-113.4188,-0.6238,-283.7151,0.492057
-112.8344,-0.6136,-283.5049,0.492321
-112.2965,-0.6030,-283.3126,0.492560
-111.7578,-0.5759,-283.1206,0.492804
-111.2180,-0.5725,-282.9287,0.493043
-110.6768,-0.5691,-282.7368,0.493286
-110.1330,-0.5657,-282.5451,0.493534
-109.5869,-0.5623,-282.3571,0.493777
-109.0393,-0.5589,-282.1732,0.494021
-108.4901,-0.5551,-281.9923,0.494264
-107.8887,-0.5502,-281.7953,0.494536
-107.3349,-0.5456,-281.6118,0.494783
-106.7790,-0.5410,-281.4264,0.495030
-106.2211,-0.5364,-281.2414,0.495277
-105.6612,-0.5318,-281.0567,0.495529
-105.0995,-0.5271,-280.8712,0.495776
-104.5364,-0.5218,-280.6846,0.496027
-103.9722,-0.5164,-280.4974,0.496279
-103.4066,-0.5109,-280.3101,0.496530
-102.7875,-0.5050,-280.1057,0.496806
-102.2186,-0.4995,-279.9176,0.497057
-101.6482,-0.4940,-279.7287,0.497313
-101.0766,-0.4883,-279.5392,0.497564
-100.5037,-0.4826,-279.3496,0.497820
-99.9291,-0.4769,-279.1603,0.498075
-99.3530,-0.4711,-278.9706,0.498331
-98.7757,-0.4654,-278.7801,0.498590
-98.1971,-0.4597,-278.5896,0.498846
-97.5638,-0.4539,-278.3823,0.499126
-96.9816,-0.4486,-278.1919,0.499386
-96.3979,-0.4432,-278.0008,0.499646
-95.8130,-0.4378,-277.8089,0.499906
-95.2267,-0.4325,-277.6167,0.500165
-94.6391,-0.4279,-277.4247,0.500429
-94.0494,-0.4236,-277.2323,0.500689
-93.4584,-0.4193,-277.0389,0.500949
-92.8661,-0.4150,-276.8447,0.501217
-92.2185,-0.4102,-276.6328,0.501501
-91.6233,-0.4060,-276.4389,0.501765
-91.0262,-0.4025,-276.2443,0.502033
-90.4278,-0.3990,-276.0487,0.502297
-89.8280,-0.3955,-275.8522,0.502565
-89.2267,-0.3920,-275.6558,0.502829
-88.6238,-0.3885,-275.4595,0.503101
-88.0196,-0.3851,-275.2627,0.503365
-87.4139,-0.3820,-275.0652,0.503637
-86.7514,-0.3786,-274.8497,0.503930
-86.1422,-0.3754,-274.6523,0.504202
-85.5315,-0.3723,-274.4543,0.504470
-84.9196,-0.3691,-274.2557,0.504742
-84.3062,-0.3662,-274.0570,0.505014
-83.6910,-0.3635,-273.8585,0.505290
-83.0741,-0.3608,-273.6599,0.505563
-82.4556,-0.3580,-273.4609,0.505839
-81.8358,-0.3553,-273.2612,0.506115
-81.1578,-0.3523,-273.0435,0.506416
-80.5347,-0.3501,-272.8444,0.506692
-79.9096,-0.3478,-272.6453,0.506969
-79.2830,-0.3455,-272.4461,0.507245
-78.6543,-0.3433,-272.2463,0.507525
-78.0229,-0.3478,-272.0509,0.507806
-77.3921,-0.3262,-271.8513,0.508086
-76.7594,-0.3243,-271.6526,0.508362
-76.1252,-0.3226,-271.4529,0.508647
-75.4305,-0.3207,-271.2363,0.508952
-74.7917,-0.3191,-271.0388,0.509236
-74.1512,-0.3175,-270.8409,0.509521
-73.5090,-0.3162,-270.6421,0.509801
-72.8650,-0.3347,-270.4434,0.510086
-72.2204,-0.3269,-270.2406,0.510374
-71.5728,-0.3258,-270.0415,0.510659
-70.9240,-0.3247,-269.8407,0.510948
-70.2741,-0.3240,-269.6392,0.511236
-69.5625,-0.3235,-269.4198,0.511545
-68.9084,-0.3231,-269.2181,0.511838
-68.2529,-0.3227,-269.0149,0.512127
-67.5958,-0.3223,-268.8096,0.512415
-66.9378,-0.3221,-268.6020,0.512708
-66.2785,-0.3224,-268.3920,0.513001
-65.6181,-0.3227,-268.1801,0.513289
-64.9555,-0.3294,-267.9712,0.513586
-64.2936,-0.3101,-267.7569,0.513879
-63.5700,-0.3108,-267.5225,0.514200
-62.9053,-0.3115,-267.3074,0.514493
-62.2392,-0.3124,-267.0922,0.514786
-61.5716,-0.3134,-266.8764,0.515087
-60.9030,-0.3144,-266.6592,0.515384
-60.2331,-0.3156,-266.4408,0.515681
-59.5620,-0.3169,-266.2214,0.515977
-58.8898,-0.3182,-266.0020,0.516274
-58.2160,-0.3196,-265.7827,0.516575
-57.4791,-0.3213,-265.5430,0.516901
-56.8024,-0.3229,-265.3218,0.517206
-56.1245,-0.3246,-265.0994,0.517503
-55.4454,-0.3264,-264.8761,0.517808
-54.7650,-0.3282,-264.6528,0.518113
-54.0829,-0.3301,-264.4296,0.518414
-53.3996,-0.3321,-264.2057,0.518719
-52.7150,-0.3341,-263.9810,0.519020
-52.0292,-0.3362,-263.7559,0.519330
-51.2793,-0.3385,-263.5105,0.519664
-50.5902,-0.3406,-263.2855,0.519969
-49.8996,-0.3427,-263.0602,0.520274
-49.2080,-0.3503,-262.8344,0.520583
-48.5146,-0.3531,-262.6088,0.520892
-47.8197,-0.3560,-262.3830,0.521202
-47.1232,-0.3590,-262.1569,0.521507
-46.4255,-0.3621,-261.9301,0.521820
-45.7262,-0.3654,-261.7027,0.522133
-44.9618,-0.3691,-261.4537,0.522471
-44.2597,-0.3727,-261.2254,0.522781
-43.5561,-0.3764,-260.9977,0.523090
-42.8510,-0.3802,-260.7699,0.523407
-42.1448,-0.3841,-260.5415,0.523721
-41.4370,-0.3881,-260.3131,0.524034
-40.7277,-0.3921,-260.0850,0.524352
-40.0170,-0.3961,-259.8568,0.524665
-39.3047,-0.4002,-259.6282,0.524978
-38.5263,-0.4046,-259.3782,0.525329
-37.8114,-0.4086,-259.1490,0.525646
-37.0949,-0.4125,-258.9207,0.525964
-36.3768,-0.4164,-258.6927,0.526281
-35.6572,-0.4202,-258.4648,0.526599
-34.9362,-0.4238,-258.2363,0.526921
-34.2140,-0.4274,-258.0070,0.527242
-33.4901,-0.4307,-257.7776,0.527564
-32.7650,-0.4340,-257.5475,0.527885
-31.9726,-0.4372,-257.2957,0.528232
-31.2449,-0.4401,-257.0648,0.528557
-30.5159,-0.4426,-256.8337,0.528879
-29.7858,-0.4448,-256.6021,0.529201
-29.0544,-0.4468,-256.3703,0.529526
-28.3215,-0.4485,-256.1384,0.529848
-27.5876,-0.4499,-255.9061,0.530178
-26.8523,-0.4511,-255.6735,0.530504
-26.1160,-0.4519,-255.4405,0.530829
-25.3113,-0.4524,-255.1858,0.531184
-24.5723,-0.4527,-254.9521,0.531510
-23.8321,-0.4527,-254.7179,0.531839
-23.0908,-0.4677,-254.4830,0.532169
-22.3488,-0.4621,-254.2473,0.532495
-21.6048,-0.4618,-254.0123,0.532825
-20.8600,-0.4610,-253.7758,0.533155
-20.1143,-0.4602,-253.5376,0.533485
-19.3677,-0.4594,-253.2983,0.533814
-18.5524,-0.4585,-253.0361,0.534173
-17.8048,-0.4577,-252.7949,0.534507
-17.0583,-0.4569,-252.5537,0.534845
-16.3144,-0.4561,-252.3125,0.535171
-15.5731,-0.4553,-252.0713,0.535492
-14.8343,-0.4545,-251.8309,0.535826
-14.0985,-0.4541,-251.5913,0.536152
-13.3650,-0.4539,-251.3524,0.536474
-12.6340,-0.4537,-251.1144,0.536800
-11.8392,-0.4535,-250.8554,0.537154
-11.1135,-0.4534,-250.6177,0.537476
-10.3905,-0.4543,-250.3798,0.537797
-9.6697,-0.4553,-250.1420,0.538115
-8.9515,-0.4563,-249.9047,0.538437
-8.2358,-0.4572,-249.6684,0.538754
-7.5227,-0.4584,-249.4334,0.539072
-6.8114,-0.4996,-249.1995,0.539389
-6.1020,-0.4971,-248.9672,0.539702
-5.3305,-0.4971,-248.7141,0.540045
-4.6265,-0.4998,-248.4794,0.540358
-3.9260,-0.5048,-248.2426,0.540671
-3.2279,-0.5116,-248.0058,0.540981
-2.5320,-0.5180,-247.7705,0.541294
-1.8383,-0.5230,-247.5372,0.541599
-1.1472,-0.5255,-247.3053,0.541908
-0.4586,-0.5256,-247.0748,0.542218
0.2283,-0.5236,-246.8455,0.542519
0.9752,-0.5198,-246.5960,0.542853
1.6575,-0.5161,-246.3682,0.543158
2.3383,-0.5137,-246.1413,0.543463
3.0184,-0.5139,-245.9145,0.543764
3.6972,-0.5176,-245.6873,0.544065
4.3736,-0.5249,-245.4604,0.544370
5.0483,-0.5355,-245.2344,0.544667
5.7217,-0.5483,-245.0111,0.544964
6.3943,-0.5622,-244.7908,0.545265
7.1267,-0.5765,-244.5518,0.545590
7.7963,-0.5875,-244.3309,0.545887
8.4640,-0.5957,-244.1081,0.546184
9.1299,-0.6004,-243.8846,0.546481
9.7942,-0.6020,-243.6614,0.546774
10.4570,-0.6006,-243.4387,0.547071
11.1180,-0.5977,-243.2156,0.547363
11.7773,-0.5947,-242.9918,0.547660
12.4349,-0.5927,-242.7672,0.547949
13.1501,-0.5926,-242.5217,0.548270
13.8038,-0.5946,-242.2961,0.548559
14.4554,-0.5985,-242.0705,0.548848
15.1053,-0.6039,-241.8458,0.549141
15.7539,-0.6099,-241.6223,0.549429
16.4010,-0.6153,-241.3999,0.549718
17.0468,-0.6191,-241.1778,0.550006
17.6907,-0.6205,-240.9557,0.550295
18.3332,-0.6196,-240.7343,0.550584
19.0329,-0.6161,-240.4939,0.550893
19.6731,-0.6114,-240.2743,0.551178
20.3119,-0.6065,-240.0548,0.551466
20.9492,-0.5896,-239.8358,0.551751
21.5851,-0.5917,-239.6179,0.552035
22.2197,-0.5938,-239.4004,0.552316
22.8535,-0.5959,-239.1860,0.552600
23.4865,-0.5981,-238.9746,0.552885
24.1186,-0.6001,-238.7658,0.553165
24.8070,-0.6023,-238.5392,0.553474
25.4368,-0.6044,-238.3299,0.553751
26.0653,-0.6064,-238.1195,0.554031
26.6928,-0.6084,-237.9099,0.554311
27.3192,-0.6104,-237.7006,0.554592
27.9442,-0.6124,-237.4911,0.554868
28.5679,-0.6144,-237.2815,0.555144
29.1899,-0.6164,-237.0725,0.555425
29.8109,-0.6184,-236.8645,0.555701
30.4868,-0.6206,-236.6381,0.556002
31.1049,-0.6226,-236.4310,0.556274
31.7219,-0.6247,-236.2244,0.556550
32.3375,-0.6267,-236.0180,0.556826
32.9518,-0.6288,-235.8121,0.557103
33.5652,-0.6308,-235.6070,0.557371
34.1773,-0.6329,-235.4021,0.557647
34.7885,-0.6351,-235.1976,0.557915
35.3996,-0.6374,-234.9933,0.558191
36.0665,-0.6398,-234.7702,0.558484
36.6796,-0.6421,-234.5658,0.558760
37.2948,-0.6443,-234.3610,0.559032
37.9123,-0.6467,-234.1561,0.559309
38.5327,-0.6491,-233.9515,0.559585
39.1561,-0.6516,-233.7471,0.559865
39.7827,-0.6541,-233.5426,0.560142
40.4127,-0.6566,-233.3372,0.560422
41.0457,-0.6591,-233.1305,0.560703
41.7399,-0.6618,-232.9039,0.561012
42.3800,-0.6644,-232.6956,0.561296
43.0233,-0.6669,-232.4864,0.561581
43.6701,-0.6695,-232.2767,0.561869
44.3206,-0.6720,-232.0665,0.562158
44.9745,-0.6745,-231.8557,0.562451
45.6320,-0.6769,-231.6442,0.562744
46.2929,-0.6794,-231.4318,0.563036
46.9570,-0.6818,-231.2189,0.563329
47.6853,-0.6845,-230.9867,0.563655
48.3570,-0.6868,-230.7737,0.563952
49.0321,-0.6889,-230.5597,0.564253
49.7095,-0.6910,-230.3456,0.564550
50.3899,-0.6931,-230.1324,0.564855
51.0735,-0.6952,-229.9185,0.565156
51.7606,-0.6973,-229.7038,0.565461
52.4508,-0.6988,-229.4884,0.565766
53.2069,-0.7005,-229.2525,0.566100
53.9023,-0.7021,-229.0356,0.566409
54.6005,-0.7036,-228.8178,0.566714
55.3019,-0.7051,-228.5988,0.567028
56.0057,-0.7060,-228.3799,0.567337
56.7119,-0.7069,-228.1617,0.567650
57.4205,-0.7078,-227.9426,0.567964
58.1312,-0.7087,-227.7214,0.568277
58.8441,-0.7095,-227.4974,0.568590
59.5584,-0.7099,-227.2708,0.568908
60.3392,-0.7102,-227.0216,0.569254
61.0564,-0.7106,-226.7922,0.569568
61.7751,-0.7109,-226.5628,0.569893
62.4958,-0.7111,-226.3337,0.570211
63.2179,-0.7111,-226.1045,0.570528
63.9415,-0.7110,-225.8749,0.570850
64.6670,-0.7109,-225.6451,0.571172
65.3938,-0.7109,-225.4147,0.571493
66.1889,-0.7107,-225.1632,0.571844
66.9194,-0.7103,-224.9324,0.572169
67.6513,-0.7100,-224.7013,0.572495
68.3850,-0.7097,-224.4703,0.572817
69.1205,-0.7093,-224.2397,0.573143
69.8579,-0.7089,-224.0091,0.573472
70.5970,-0.7084,-223.7781,0.573798
71.3375,-0.7080,-223.5463,0.574132
72.0796,-0.7075,-223.3140,0.574454
72.8235,-0.7071,-223.0817,0.574784
73.6367,-0.7066,-222.8278,0.575142
74.3838,-0.7062,-222.5948,0.575476
75.1327,-0.7057,-222.3618,0.575806
75.8830,-0.7053,-222.1283,0.576140
76.6350,-0.7048,-221.8944,0.576474
77.3886,-0.7043,-221.6599,0.576804
78.1435,-0.7038,-221.4246,0.577138
78.8999,-0.7032,-221.1887,0.577472
79.6577,-0.7027,-220.9529,0.577810
80.4865,-0.7019,-220.6953,0.578177
81.2474,-0.7011,-220.4585,0.578511
82.0098,-0.7003,-220.2209,0.578849
82.7735,-0.6995,-219.9831,0.579187
83.5390,-0.6987,-219.7452,0.579526
84.3059,-0.6978,-219.5065,0.579864
85.0741,-0.6969,-219.2670,0.580206
85.8436,-0.6960,-219.0269,0.580544
86.6144,-0.6950,-218.7868,0.580886
87.4573,-0.6940,-218.5248,0.581257
88.2311,-0.6931,-218.2841,0.581600
89.0063,-0.6922,-218.0429,0.581946
89.7831,-0.6913,-217.8015,0.582288
90.5610,-0.6904,-217.5599,0.582630
91.3405,-0.6896,-217.3182,0.582977
92.1216,-0.6888,-217.0767,0.583323
92.9042,-0.6879,-216.8347,0.583669
93.6880,-0.6871,-216.5922,0.584016
94.5449,-0.6865,-216.3276,0.584395
95.3320,-0.6859,-216.0846,0.584741
96.1206,-0.7095,-215.8415,0.585088
96.9109,-0.7037,-215.5993,0.585438
97.7023,-0.7004,-215.3560,0.585793
98.4949,-0.7013,-215.1093,0.586139
99.2887,-0.7064,-214.8604,0.586490
100.0836,-0.7153,-214.6108,0.586840
100.9516,-0.7277,-214.3378,0.587224
101.7481,-0.7402,-214.0867,0.587578
102.5456,-0.7504,-213.8353,0.587933
103.3441,-0.7564,-213.5832,0.588283
104.1434,-0.7573,-213.3301,0.588638
104.9439,-0.7534,-213.0773,0.588993
105.7456,-0.7460,-212.8257,0.589347
106.5488,-0.7372,-212.5744,0.589706
107.3536,-0.7292,-212.3220,0.590061
108.1600,-0.7238,-212.0678,0.590416
109.0412,-0.7218,-211.7901,0.590807
109.8503,-0.7240,-211.5352,0.591166
110.6607,-0.7291,-211.2796,0.591525
111.4725,-0.7350,-211.0231,0.591888
112.2849,-0.7381,-210.7663,0.592247
113.0980,-0.7388,-210.5092,0.592605
113.9119,-0.7364,-210.2521,0.592964
114.7266,-0.7315,-209.9942,0.593327
115.6168,-0.7224,-209.7114,0.593723
116.4326,-0.7145,-209.4520,0.594082
117.2491,-0.7095,-209.1935,0.594445
118.0665,-0.7085,-208.9356,0.594807
118.8854,-0.7092,-208.6778,0.595170
119.7019,-0.7108,-208.4202,0.595529
120.5155,-0.7131,-208.1634,0.595892
121.3262,-0.7138,-207.9091,0.596250
122.1346,-0.7100,-207.6566,0.596609
123.0120,-0.6969,-207.3824,0.596997
123.8138,-0.6797,-207.1337,0.597351
124.6129,-0.6586,-206.8878,0.597706
125.4096,-0.6356,-206.6415,0.598056
126.2042,-0.6113,-206.3938,0.598411
126.9964,-0.5894,-206.1451,0.598757
127.7872,-0.5714,-205.8948,0.599108
128.5736,-0.5577,-205.6458,0.599454
129.3565,-0.5476,-205.3985,0.599800
130.1374,-0.5395,-205.1535,0.600147
130.9865,-0.5309,-204.8899,0.600522
131.7612,-0.5216,-204.6515,0.600864
132.5293,-0.5099,-204.4144,0.601207
133.2892,-0.4974,-204.1765,0.601541
134.0401,-0.4829,-203.9388,0.601871
134.7820,-0.4679,-203.7034,0.602196
135.5144,-0.4538,-203.4700,0.602522
136.2373,-0.4429,-203.2380,0.602840
136.9542,-0.4371,-203.0077,0.603157
137.7290,-0.4343,-202.7591,0.603504
138.4330,-0.4343,-202.5330,0.603813
139.1316,-0.4355,-202.3085,0.604122
139.8240,-0.4383,-202.0861,0.604431
140.5130,-0.4415,-201.8640,0.604736
141.1986,-0.4419,-201.6423,0.605041
141.8798,-0.4387,-201.4211,0.605342
142.5566,-0.4318,-201.2000,0.605639
143.2290,-0.4227,-200.9795,0.605939
143.9582,-0.4124,-200.7402,0.606265
144.6212,-0.4023,-200.5220,0.606557
145.2777,-0.3931,-200.3068,0.606850
145.9272,-0.3858,-200.0937,0.607138
146.5712,-0.3815,-199.8800,0.607423
147.2112,-0.3815,-199.6674,0.607707
147.8473,-0.3843,-199.4575,0.607991
148.4795,-0.3711,-199.2506,0.608272
149.1070,-0.3722,-199.0445,0.608552
149.7864,-0.3734,-198.8196,0.608853
150.4053,-0.3748,-198.6147,0.609130
151.0212,-0.3763,-198.4118,0.609402
151.6330,-0.3779,-198.2108,0.609674
152.2408,-0.3794,-198.0105,0.609947
152.8451,-0.3809,-197.8106,0.610215
153.4460,-0.3824,-197.6117,0.610483
154.0434,-0.3835,-197.4140,0.610747
154.6907,-0.3846,-197.1992,0.611036
155.2803,-0.3856,-197.0035,0.611300
155.8664,-0.3866,-196.8090,0.611560
156.4489,-0.3876,-196.6159,0.611819
157.0285,-0.3885,-196.4238,0.612075
157.6039,-0.3881,-196.2334,0.612331
158.1757,-0.3877,-196.0446,0.612582
158.7441,-0.3872,-195.8574,0.612838
159.3090,-0.3868,-195.6719,0.613090
159.9215,-0.3864,-195.4715,0.613362
160.4800,-0.3859,-195.2897,0.613609
161.0347,-0.3840,-195.1100,0.613857
161.5860,-0.3819,-194.9326,0.614100
162.1343,-0.3799,-194.7578,0.614343
162.6795,-0.3779,-194.5858,0.614586
163.2219,-0.3759,-194.4169,0.614826
163.7613,-0.3739,-194.2511,0.615065
164.2985,-0.3713,-194.0882,0.615304
164.8809,-0.3680,-193.9138,0.615560
165.4119,-0.3651,-193.7568,0.615795
165.9403,-0.3622,-193.6022,0.616030
166.4660,-0.3593,-193.4503,0.616261
166.9890,-0.3564,-193.3015,0.616492
167.5097,-0.3534,-193.1560,0.616722
168.0276,-0.3713,-193.0139,0.616949
168.5435,-0.3727,-192.8755,0.617176
169.0576,-0.3740,-192.7415,0.617403
169.5690,-0.3748,-192.6132,0.617625
170.1235,-0.3748,-192.4776,0.617869
170.6293,-0.3737,-192.3539,0.618091
171.1333,-0.3716,-192.2307,0.618310
171.6358,-0.3685,-192.1084,0.618532
172.1353,-0.3645,-191.9878,0.618747
172.6307,-0.3600,-191.8676,0.618965
173.1236,-0.3552,-191.7463,0.619180
173.6137,-0.3505,-191.6261,0.619390
174.1010,-0.3462,-191.5079,0.619600
174.6356,-0.2990,-191.3787,0.619827
175.1166,-0.3036,-191.2568,0.620037
175.5940,-0.2869,-191.1320,0.620243
176.0724,-0.2941,-191.0153,0.620449
176.5353,-0.2967,-190.8882,0.620655
177.0135,-0.2812,-190.7694,0.620857
177.4748,-0.2852,-190.6398,0.621060
177.9340,-0.2692,-190.5144,0.621262
178.3854,-0.2748,-190.3721,0.621459
178.8819,-0.2816,-190.2400,0.621678
179.3290,-0.2734,-190.1359,0.621872
179.7800,-0.2761,-189.9951,0.622066
180.2249,-0.2841,-189.8725,0.622263
180.6636,-0.2790,-189.7691,0.622457
181.1036,-0.2807,-189.6474,0.622647
181.5410,-0.2821,-189.5249,0.622837
181.9762,-0.2832,-189.4017,0.623026
182.3950,-0.2742,-189.2293,0.623216
182.8650,-0.2751,-189.0943,0.623422
183.2944,-0.2759,-188.9712,0.623612
183.7222,-0.2767,-188.8486,0.623797
184.1638,-0.2921,-188.7780,0.623983
184.5887,-0.2887,-188.6590,0.624168
185.0113,-0.2866,-188.5397,0.624354
185.4324,-0.2859,-188.4200,0.624531
185.8524,-0.2867,-188.3017,0.624721
186.3082,-0.2896,-188.1747,0.624919
186.7249,-0.2935,-188.0589,0.625100
187.1395,-0.2984,-187.9439,0.625286
187.5521,-0.3039,-187.8300,0.625463
187.9620,-0.3098,-187.7173,0.625644
188.3702,-0.3157,-187.6050,0.625822
188.7766,-0.3214,-187.4934,0.625999
189.1812,-0.3266,-187.3836,0.626176
189.5837,-0.3310,-187.2738,0.626350
189.9846,-0.3346,-187.1649,0.626527
190.4195,-0.3374,-187.0477,0.626713
190.8155,-0.3392,-186.9410,0.626886
191.2099,-0.3399,-186.8344,0.627055
191.6021,-0.3398,-186.7283,0.627224
191.9926,-0.3389,-186.6232,0.627397
192.3804,-0.3373,-186.5188,0.627562
192.7663,-0.3353,-186.4147,0.627727
193.1498,-0.3332,-186.3113,0.627892
193.5310,-0.3310,-186.2092,0.628057
193.9437,-0.3287,-186.0978,0.628234
194.3205,-0.3270,-185.9963,0.628391
194.6954,-0.3258,-185.8960,0.628552
195.0666,-0.3251,-185.7963,0.628713
195.4344,-0.3251,-185.6969,0.628869
195.7990,-0.3257,-185.5993,0.629022
196.1618,-0.3268,-185.5018,0.629183
196.5220,-0.3283,-185.4048,0.629339
196.8807,-0.3301,-185.3077,0.629496
197.2711,-0.3325,-185.2017,0.629669
197.6285,-0.3347,-185.1046,0.629817
197.9854,-0.3368,-185.0079,0.629978
198.3425,-0.3388,-184.9108,0.630131
198.6999,-0.3404,-184.8138,0.630283
199.0574,-0.3416,-184.7171,0.630436
199.4155,-0.3423,-184.6196,0.630592
199.7740,-0.3423,-184.5220,0.630745
200.1329,-0.3418,-184.4239,0.630897
200.5249,-0.3405,-184.3161,0.631062
200.8855,-0.3386,-184.2165,0.631219
201.2467,-0.3363,-184.1172,0.631371
201.6083,-0.3336,-184.0182,0.631524
201.9713,-0.3306,-183.9186,0.631672
202.3355,-0.3276,-183.8197,0.631829
202.7006,-0.3247,-183.7211,0.631977
203.0671,-0.3221,-183.6217,0.632134
203.4352,-0.3200,-183.5210,0.632286
203.8059,-0.3185,-183.4140,0.632439
204.2126,-0.3177,-183.2919,0.632604
204.5867,-0.3179,-183.1761,0.632760
204.9618,-0.3192,-183.0570,0.632913
205.3375,-0.3215,-182.9347,0.633065
205.7136,-0.3249,-182.8095,0.633218
206.0899,-0.3292,-182.6818,0.633374
206.4665,-0.3343,-182.5515,0.633535
206.8428,-0.3401,-182.4188,0.633692
207.2525,-0.3468,-182.2718,0.633865
207.6268,-0.3529,-182.1358,0.634022
207.9996,-0.3588,-181.9997,0.634183
208.3699,-0.3642,-181.8644,0.634336
208.7381,-0.3689,-181.7287,0.634492
209.1044,-0.3727,-181.5928,0.634645
209.4687,-0.3755,-181.4571,0.634798
209.8307,-0.3773,-181.3224,0.634946
210.1909,-0.3780,-181.1903,0.635099
210.5822,-0.3777,-181.0473,0.635256
210.9395,-0.3764,-180.9180,0.635408
211.2950,-0.3745,-180.7904,0.635549
211.6489,-0.3720,-180.6649,0.635697
212.0012,-0.3692,-180.5401,0.635837
212.3521,-0.3663,-180.4167,0.635986
212.7004,-0.3634,-180.2932,0.636122
213.0462,-0.3607,-180.1617,0.636258
213.4203,-0.3582,-180.0112,0.636407
213.7604,-0.3565,-179.8692,0.636547
214.0981,-0.3555,-179.7243,0.636679
214.4330,-0.3553,-179.5773,0.636815
214.7651,-0.3559,-179.4280,0.636943
215.0947,-0.3572,-179.2755,0.637079
215.4216,-0.3592,-179.1195,0.637211
215.7459,-0.3617,-178.9607,0.637343
216.0679,-0.3646,-178.7997,0.637475
216.3872,-0.3677,-178.6356,0.637603
216.7318,-0.3709,-178.4536,0.637751
217.0444,-0.3737,-178.2864,0.637879
217.3550,-0.3759,-178.1188,0.638007
217.6633,-0.3776,-177.9509,0.638143
217.9695,-0.3785,-177.7835,0.638271
218.2736,-0.3786,-177.6167,0.638398
218.5754,-0.3779,-177.4507,0.638530
218.8750,-0.3765,-177.2850,0.638650
219.1730,-0.3742,-177.1189,0.638777
219.4962,-0.3711,-176.9363,0.638913
219.7905,-0.3678,-176.7673,0.639037
220.0825,-0.3641,-176.5966,0.639161
220.3723,-0.3602,-176.4243,0.639280
220.6597,-0.3563,-176.2498,0.639400
220.9448,-0.3526,-176.0731,0.639523
221.2277,-0.3493,-175.8940,0.639643
221.5084,-0.3465,-175.7119,0.639762
221.8118,-0.3443,-175.5097,0.639894
222.0872,-0.3431,-175.3210,0.640010
222.3599,-0.3427,-175.1293,0.640125
222.6299,-0.3431,-174.9349,0.640240
222.8976,-0.3444,-174.7385,0.640360
223.1636,-0.3462,-174.5406,0.640475
223.4283,-0.3344,-174.3421,0.640591
223.6911,-0.3345,-174.1413,0.640710
223.9529,-0.3346,-173.9394,0.640830
224.2384,-0.3346,-173.7188,0.640949
224.4997,-0.3346,-173.5154,0.641065
224.7595,-0.3346,-173.3100,0.641184
225.0181,-0.3346,-173.1028,0.641300
225.2759,-0.3346,-172.8932,0.641407
225.5332,-0.3345,-172.6820,0.641526
225.7903,-0.3344,-172.4690,0.641642
226.0472,-0.3344,-172.2536,0.641761
226.3041,-0.3343,-172.0356,0.641872
226.5612,-0.3341,-171.8149,0.641992
226.8420,-0.3340,-171.5710,0.642120
227.0996,-0.3338,-171.3441,0.642239
227.3577,-0.3337,-171.1137,0.642359
227.6167,-0.3335,-170.8792,0.642479
227.8754,-0.3333,-170.6404,0.642598
228.1337,-0.3331,-170.3970,0.642726
228.3921,-0.3329,-170.1497,0.642850
228.6507,-0.3327,-169.8983,0.642969
228.9325,-0.3325,-169.6187,0.643105
229.1901,-0.3322,-169.3571,0.643229
229.4469,-0.3320,-169.0903,0.643357
229.7028,-0.3317,-168.8189,0.643489
229.9579,-0.3314,-168.5430,0.643613
230.2119,-0.3311,-168.2629,0.643740
230.4645,-0.3307,-167.9787,0.643868
230.7156,-0.3304,-167.6909,0.644004
230.9653,-0.3300,-167.3997,0.644136
231.2359,-0.3295,-167.0779,0.644276
231.4818,-0.3291,-166.7790,0.644417
231.7257,-0.3287,-166.4766,0.644540
231.9678,-0.3282,-166.1708,0.644676
232.2078,-0.3277,-165.8618,0.644813
232.4459,-0.3271,-165.5497,0.644949
232.6821,-0.3266,-165.2348,0.645085
232.9166,-0.3260,-164.9171,0.645221
233.1492,-0.3254,-164.5967,0.645353
233.4001,-0.3247,-164.2430,0.645501
233.6283,-0.3240,-163.9158,0.645645
233.8544,-0.3233,-163.5855,0.645786
234.0769,-0.3225,-163.2509,0.645922
234.2949,-0.3217,-162.9119,0.646058
234.5084,-0.3208,-162.5698,0.646190
234.7179,-0.3199,-162.2255,0.646326
234.9240,-0.3190,-161.8797,0.646458
235.1255,-0.3181,-161.5330,0.646594
235.3392,-0.3170,-161.1524,0.646742
235.5309,-0.3159,-160.8021,0.646878
235.7198,-0.3148,-160.4513,0.647014
235.9053,-0.3137,-160.0994,0.647142
236.0862,-0.3125,-159.7459,0.647274
236.2626,-0.3113,-159.3907,0.647410
236.4343,-0.3100,-159.0338,0.647546
236.6008,-0.3087,-158.6751,0.647678
236.7621,-0.3073,-158.3146,0.647822
236.9324,-0.3057,-157.9197,0.647962
237.0842,-0.3041,-157.5564,0.648098
237.2314,-0.3025,-157.1917,0.648239
237.3739,-0.3545,-156.8256,0.648371
237.5144,-0.3503,-156.4603,0.648507
237.6520,-0.3456,-156.0945,0.648638
237.7856,-0.3408,-155.7278,0.648770
237.9140,-0.3359,-155.3600,0.648906
238.0348,-0.3314,-154.9905,0.649042
238.1607,-0.3267,-154.5858,0.649187
238.2721,-0.3227,-154.2136,0.649331
238.3813,-0.3190,-153.8419,0.649459
238.4869,-0.3160,-153.4704,0.649599
238.5877,-0.3135,-153.0983,0.649735
238.6853,-0.3116,-152.7254,0.649875
238.7795,-0.3100,-152.3506,0.650015
238.8712,-0.3088,-151.9746,0.650156
238.9599,-0.3078,-151.5997,0.650279
239.0485,-0.3067,-151.1892,0.650415
239.1264,-0.3054,-150.8126,0.650551
239.2025,-0.3038,-150.4364,0.650679
239.2719,-0.3018,-150.0588,0.650807
239.3351,-0.2994,-149.6810,0.650939
239.3948,-0.2964,-149.3035,0.651063
239.4491,-0.2930,-148.9247,0.651190
239.4974,-0.2891,-148.5450,0.651322
239.5423,-0.2849,-148.1662,0.651459
239.5881,-0.2800,-147.7534,0.651599
239.6263,-0.2751,-147.3750,0.651731
239.6601,-0.2701,-146.9956,0.651867
239.6881,-0.2650,-146.6155,0.652003
239.7107,-0.2602,-146.2351,0.652131
239.7297,-0.2556,-145.8551,0.652271
239.7458,-0.2514,-145.4754,0.652403
239.7541,-0.2480,-145.0941,0.652543
239.7569,-0.2452,-144.7126,0.652679
239.7550,-0.2427,-144.2969,0.652827
239.7480,-0.2410,-143.9160,0.652968
239.7359,-0.2398,-143.5354,0.653100
239.7202,-0.2390,-143.1557,0.653244
239.7003,-0.2386,-142.7763,0.653380
239.6758,-0.2385,-142.3975,0.653520
239.6442,-0.2388,-142.0199,0.653664
239.6075,-0.2392,-141.6436,0.653800
239.5682,-0.2394,-141.2690,0.653949
239.5246,-0.2395,-140.8618,0.654093
239.4844,-0.2392,-140.4893,0.654250
239.4420,-0.2386,-140.1172,0.654382
239.3924,-0.2375,-139.7455,0.654526
239.3401,-0.2360,-139.3755,0.654662
239.2890,-0.2342,-139.0077,0.654798
239.2397,-0.2320,-138.6407,0.654934
239.1933,-0.2298,-138.2734,0.655075
239.1458,-0.2274,-137.9066,0.655207
239.0930,-0.2245,-137.5071,0.655359
239.0427,-0.2218,-137.1414,0.655495
238.9897,-0.2191,-136.7761,0.655631
238.9342,-0.2164,-136.4112,0.655772
238.8770,-0.2139,-136.0465,0.655908
238.8185,-0.2117,-135.6819,0.656040
238.7574,-0.1798,-135.3176,0.656184
238.6930,-0.1780,-134.9534,0.656320
238.6271,-0.1764,-134.5905,0.656456
238.5559,-0.1746,-134.1932,0.656613
238.4897,-0.1730,-133.8284,0.656745
238.4199,-0.1714,-133.4639,0.656885
238.3469,-0.2050,-133.1000,0.657025
238.2739,-0.2048,-132.7362,0.657157
238.2009,-0.2047,-132.3734,0.657298
238.1243,-0.2043,-132.0108,0.657434
238.0468,-0.2037,-131.6479,0.657578
237.9680,-0.2027,-131.2855,0.657718
237.8807,-0.2010,-130.8911,0.657875
237.8008,-0.1989,-130.5290,0.658011
237.7216,-0.1963,-130.1669,0.658147
237.6413,-0.1931,-129.8045,0.658292
237.5574,-0.1892,-129.4421,0.658432
237.4725,-0.1849,-129.0793,0.658572
237.3873,-0.1800,-128.7171,0.658716
237.3008,-0.1749,-128.3550,0.658865
237.2127,-0.1696,-127.9932,0.659005
237.1170,-0.1637,-127.5973,0.659157
237.0273,-0.1585,-127.2343,0.659302
236.9353,-0.1536,-126.8709,0.659446
236.8396,-0.1396,-126.5075,0.659595
236.7391,-0.1359,-126.1438,0.659739
236.6336,-0.1330,-125.7810,0.659879
236.5273,-0.1310,-125.4191,0.660027
236.4195,-0.1300,-125.0576,0.660164
236.3100,-0.1299,-124.6964,0.660308
236.1863,-0.1310,-124.3028,0.660465
236.0708,-0.1330,-123.9417,0.660609
235.9512,-0.1358,-123.5819,0.660753
235.8314,-0.1489,-123.2223,0.660902
235.7103,-0.1527,-122.8628,0.661042
235.5895,-0.1567,-122.5030,0.661186
235.4682,-0.1607,-122.1439,0.661335
235.3449,-0.1646,-121.7851,0.661475
235.2223,-0.1681,-121.4268,0.661623
235.0924,-0.1711,-121.0355,0.661784
234.9788,-0.1731,-120.6759,0.661924
234.8669,-0.1741,-120.3151,0.662073
234.7552,-0.1742,-119.9539,0.662221
234.6423,-0.1732,-119.5921,0.662365
234.5279,-0.1713,-119.2309,0.662514
234.4121,-0.1685,-118.8695,0.662666
234.2939,-0.1649,-118.5081,0.662815
234.1761,-0.1606,-118.1459,0.662963
234.0493,-0.1558,-117.7504,0.663128
233.9338,-0.1513,-117.3868,0.663281
233.8186,-0.1467,-117.0226,0.663429
233.7021,-0.1423,-116.6576,0.663582
233.5847,-0.1383,-116.2922,0.663734
233.4662,-0.1348,-115.9262,0.663883
233.3468,-0.1320,-115.5599,0.664039
233.2269,-0.1298,-115.1928,0.664192
233.1061,-0.1284,-114.8252,0.664344
232.9721,-0.1277,-114.4228,0.664517
232.8478,-0.1278,-114.0535,0.664670
232.7225,-0.1286,-113.6837,0.664827
232.5961,-0.1298,-113.3134,0.664983
232.4675,-0.1311,-112.9432,0.665136
232.3378,-0.1324,-112.5725,0.665297
232.2068,-0.1334,-112.2020,0.665453
232.0747,-0.1340,-111.8307,0.665614
231.9409,-0.1340,-111.4595,0.665775
231.7936,-0.1332,-111.0539,0.665948
231.6575,-0.1316,-110.6822,0.666105
231.5205,-0.1292,-110.3102,0.666265
231.3826,-0.0964,-109.9382,0.666426
231.2421,-0.0960,-109.5652,0.666587
231.0993,-0.0956,-109.1933,0.666752
230.9558,-0.0953,-108.8197,0.666913
230.8121,-0.0949,-108.4454,0.667073
230.6654,-0.0945,-108.0709,0.667238
230.5036,-0.0941,-107.6625,0.667416
230.3535,-0.0937,-107.2886,0.667576
230.2025,-0.0933,-106.9145,0.667741
230.0526,-0.0929,-106.5396,0.667902
229.9012,-0.0928,-106.1634,0.668067
229.7465,-0.0927,-105.7871,0.668232
229.5897,-0.0926,-105.4109,0.668397
229.4322,-0.0925,-105.0342,0.668566
229.2739,-0.0924,-104.6571,0.668731
229.1011,-0.0923,-104.2451,0.668917
228.9433,-0.0922,-103.8665,0.669086
228.7857,-0.0921,-103.4870,0.669255
228.6276,-0.0919,-103.1069,0.669424
228.4678,-0.0920,-102.7257,0.669597
228.3087,-0.0923,-102.3438,0.669766
228.1518,-0.0925,-101.9608,0.669939
227.9957,-0.0928,-101.5764,0.670112
227.8396,-0.0931,-101.1911,0.670286
227.6701,-0.0934,-100.7697,0.670475
227.5157,-0.0936,-100.3822,0.670653
227.3615,-0.0939,-99.9943,0.670830
227.2072,-0.0942,-99.6049,0.671007
227.0536,-0.1344,-99.2141,0.671180
226.9011,-0.1320,-98.8214,0.671362
226.7495,-0.1301,-98.4276,0.671535
226.5978,-0.1286,-98.0334,0.671712
226.4446,-0.1279,-97.6391,0.671890
226.2775,-0.1282,-97.2076,0.672083
226.1257,-0.1293,-96.8105,0.672261
225.9761,-0.1313,-96.4122,0.672438
225.8282,-0.1340,-96.0130,0.672615
225.6796,-0.1373,-95.6119,0.672797
225.5306,-0.1414,-95.2097,0.672974
225.3836,-0.1454,-94.8063,0.673155
225.2392,-0.1491,-94.4019,0.673337
225.0963,-0.1523,-93.9963,0.673518
224.9407,-0.1032,-93.5528,0.673716
224.7952,-0.1046,-93.1462,0.673893
224.6473,-0.1059,-92.7400,0.674079
224.4994,-0.1073,-92.3303,0.674260
224.3512,-0.1091,-91.9207,0.674446
224.2068,-0.1117,-91.5083,0.674631
224.0638,-0.1142,-91.0950,0.674817
223.9317,-0.1124,-90.6779,0.675002
223.7902,-0.1160,-90.2636,0.675188
223.6408,-0.1201,-89.8110,0.675390
223.5042,-0.1239,-89.3960,0.675576
223.3653,-0.1281,-88.9777,0.675765
223.2260,-0.1323,-88.5575,0.675951
223.0888,-0.1367,-88.1357,0.676136
222.9540,-0.1411,-87.7124,0.676322
222.8189,-0.1457,-87.2876,0.676508
222.6822,-0.1504,-86.8624,0.676697
222.5451,-0.1554,-86.4362,0.676883
222.3963,-0.1608,-85.9700,0.677089
222.2602,-0.1659,-85.5415,0.677279
222.1242,-0.1711,-85.1121,0.677468
221.9883,-0.1764,-84.6816,0.677658
221.8535,-0.1964,-84.2501,0.677844
221.7189,-0.2018,-83.8174,0.678038
221.5850,-0.2073,-83.3839,0.678231
221.4510,-0.2127,-82.9497,0.678425
221.3049,-0.2187,-82.4749,0.678635
221.1718,-0.2241,-82.0386,0.678825
221.0389,-0.2294,-81.6007,0.679019
220.9057,-0.2346,-81.1625,0.679213
220.7740,-0.2398,-80.7232,0.679407
220.6447,-0.2448,-80.2829,0.679600
220.5171,-0.2498,-79.8414,0.679794
220.3909,-0.2547,-79.3987,0.679988
220.2657,-0.2596,-78.9547,0.680182
220.1411,-0.2644,-78.5095,0.680376
220.0050,-0.2686,-78.0219,0.680590
219.8804,-0.2724,-77.5745,0.680784
219.7557,-0.2762,-77.1262,0.680982
219.6311,-0.2799,-76.6768,0.681176
219.5068,-0.2837,-76.2265,0.681374
219.3829,-0.2874,-75.7752,0.681567
219.2595,-0.2911,-75.3229,0.681769
219.1362,-0.2938,-74.8686,0.681963
219.0136,-0.2956,-74.4145,0.682165
218.8804,-0.2975,-73.9183,0.682380
218.7587,-0.2992,-73.4623,0.682582
218.6373,-0.3009,-73.0054,0.682784
218.5161,-0.3026,-72.5476,0.682982
218.3951,-0.3043,-72.0890,0.683184
218.2736,-0.3058,-71.6280,0.683386
218.1518,-0.3051,-71.1676,0.683588
218.0295,-0.3045,-70.7065,0.683790
217.9067,-0.3039,-70.2451,0.683996
217.7730,-0.3032,-69.7408,0.684211
217.6508,-0.3025,-69.2777,0.684413
217.5284,-0.3018,-68.8137,0.684611
217.4052,-0.3011,-68.3490,0.684813
217.2806,-0.2993,-67.8828,0.685015
217.1556,-0.2969,-67.4174,0.685221
217.0307,-0.2946,-66.9516,0.685427
216.9061,-0.2922,-66.4852,0.685629
216.7815,-0.2898,-66.0182,0.685835
216.6450,-0.2871,-65.5081,0.686062
216.5198,-0.2846,-65.0403,0.686268
216.3951,-0.2817,-64.5714,0.686474
216.2716,-0.2783,-64.1025,0.686684
216.1481,-0.2593,-63.6333,0.686891
216.0249,-0.2559,-63.1633,0.687109
215.9005,-0.2525,-62.6930,0.687319
215.7765,-0.2489,-62.2216,0.687534
215.6533,-0.2453,-61.7494,0.687748
215.5184,-0.2413,-61.2339,0.687983
215.3934,-0.2377,-60.7609,0.688202
215.2679,-0.2340,-60.2876,0.688412
215.1418,-0.2304,-59.8140,0.688622
215.0160,-0.2268,-59.3405,0.688832
214.8917,-0.2231,-58.8663,0.689043
214.7685,-0.2195,-58.3914,0.689257
214.6444,-0.2159,-57.9155,0.689471
214.5074,-0.2121,-57.3961,0.689706
214.3927,-0.2091,-56.9631,0.689904
214.2548,-0.2056,-56.4437,0.690143
214.1286,-0.2024,-55.9672,0.690357
214.0024,-0.1995,-55.4910,0.690572
213.8757,-0.1966,-55.0152,0.690794
213.7487,-0.1940,-54.5407,0.691013
213.6216,-0.1915,-54.0680,0.691235
213.4951,-0.1892,-53.5966,0.691450
213.3690,-0.1870,-53.1267,0.691676
213.2308,-0.1850,-52.6159,0.691911
213.1036,-0.1832,-52.1495,0.692134
212.9763,-0.1817,-51.6849,0.692352
212.8494,-0.1801,-51.2221,0.692575
212.7233,-0.1788,-50.7607,0.692789
212.5970,-0.1775,-50.3012,0.693008
212.4708,-0.1765,-49.8432,0.693218
212.3446,-0.1754,-49.3871,0.693433
212.2075,-0.1744,-48.8915,0.693660
212.0823,-0.1735,-48.4387,0.693870
211.9571,-0.1727,-47.9878,0.694081
211.8314,-0.1720,-47.5387,0.694291
211.7055,-0.1713,-47.0918,0.694497
211.5804,-0.1707,-46.6471,0.694703
211.4565,-0.1700,-46.2046,0.694910
211.3339,-0.1694,-45.7642,0.695116
211.2118,-0.1687,-45.3263,0.695310
211.0904,-0.1681,-44.8909,0.695508
210.9583,-0.1675,-44.4189,0.695726
210.8377,-0.1670,-43.9891,0.695924
210.7179,-0.1666,-43.5619,0.696122
210.6000,-0.1810,-43.1369,0.696316
210.4718,-0.1721,-42.7179,0.696506
210.3567,-0.1719,-42.2980,0.696700
210.2434,-0.1718,-41.8807,0.696889
210.1322,-0.1718,-41.4650,0.697079
210.0236,-0.1718,-41.0507,0.697273
209.9082,-0.1718,-40.6000,0.697475
209.8051,-0.1718,-40.1877,0.697665
209.7040,-0.1718,-39.7760,0.697850
209.6046,-0.1718,-39.3646,0.698032
209.5064,-0.1718,-38.9536,0.698221
209.4093,-0.1718,-38.5431,0.698407
209.3124,-0.1718,-38.1329,0.698593
209.2161,-0.1718,-37.7233,0.698778
209.1125,-0.1772,-37.2767,0.698976
209.0193,-0.1774,-36.8678,0.699162
208.9278,-0.1777,-36.4593,0.699347
208.8376,-0.1780,-36.0513,0.699525
208.7491,-0.1783,-35.6439,0.699706
208.6628,-0.1786,-35.2368,0.699892
208.5786,-0.1789,-34.8303,0.700073
208.4970,-0.1792,-34.4246,0.700254
208.4182,-0.1794,-34.0198,0.700440
208.3363,-0.1797,-33.5794,0.700634
208.2666,-0.1674,-33.1692,0.700815
208.2072,-0.1659,-32.7739,0.700993
208.1393,-0.1756,-32.3661,0.701170
208.0705,-0.1765,-31.9762,0.701343
208.0175,-0.1728,-31.5694,0.701520
207.9563,-0.1768,-31.1824,0.701698
207.9065,-0.1699,-30.7785,0.701867
207.8488,-0.1770,-30.3937,0.702044
207.8022,-0.1670,-29.9927,0.702217
207.7409,-0.1722,-29.5681,0.702403
207.6918,-0.1609,-29.1800,0.702572
207.6533,-0.1726,-28.7913,0.702741
207.6092,-0.1612,-28.4064,0.702914
207.5426,-0.1704,-28.0274,0.703083
207.4738,-0.1552,-27.6583,0.703248
207.4351,-0.1731,-27.2685,0.703417
207.4037,-0.1688,-26.8872,0.703582
207.3760,-0.1740,-26.5130,0.703751
207.3789,-0.1917,-26.0931,0.703932
207.3723,-0.1951,-25.7087,0.704093
207.3508,-0.1965,-25.3274,0.704262
207.3312,-0.1982,-24.9458,0.704431
207.3124,-0.1999,-24.5640,0.704596
207.2956,-0.2017,-24.1815,0.704765
207.2813,-0.2034,-23.7982,0.704934
207.2698,-0.2051,-23.4146,0.705099
207.2623,-0.2067,-23.0310,0.705272
207.2589,-0.2085,-22.6116,0.705458
207.2597,-0.2102,-22.2278,0.705627
207.2649,-0.2127,-21.8437,0.705796
207.2749,-0.2152,-21.4603,0.705965
207.2878,-0.2178,-21.0766,0.706130
207.3019,-0.2204,-20.6920,0.706299
207.3167,-0.2230,-20.3065,0.706468
207.3333,-0.2256,-19.9208,0.706637
207.3514,-0.2285,-19.5001,0.706818
207.3684,-0.2312,-19.1144,0.706983
207.3878,-0.2343,-18.7281,0.707152
207.4093,-0.2374,-18.3418,0.707317
207.4321,-0.2406,-17.9548,0.707486
207.4548,-0.2439,-17.5672,0.707651
207.4774,-0.2471,-17.1792,0.707816
207.5005,-0.2503,-16.7906,0.707981
207.5240,-0.2536,-16.4016,0.708150
207.5505,-0.2572,-15.9770,0.708331
207.5759,-0.2606,-15.5873,0.708496
207.6024,-0.2640,-15.1975,0.708661
207.6301,-0.2674,-14.8076,0.708826
207.6592,-0.2707,-14.4174,0.708995
207.6897,-0.2740,-14.0271,0.709160
207.7217,-0.2773,-13.6368,0.709325
207.7556,-0.3046,-13.2461,0.709494
207.7914,-0.3068,-12.8556,0.709663
207.8316,-0.3094,-12.4297,0.709849
207.8693,-0.3121,-12.0403,0.710014
207.9089,-0.3152,-11.6500,0.710183
207.9501,-0.3186,-11.2587,0.710352
207.9952,-0.3224,-10.8691,0.710521
208.0424,-0.3264,-10.4800,0.710686
208.0910,-0.3303,-10.0909,0.710855
208.1237,-0.3052,-9.6979,0.711024
208.1377,-0.2963,-9.2945,0.711189
208.1876,-0.2919,-8.8764,0.711370
208.2383,-0.2905,-8.4869,0.711539
208.3238,-0.2991,-8.0951,0.711708
208.3959,-0.3045,-7.7150,0.711873
208.4398,-0.2998,-7.3171,0.712042
208.5011,-0.3102,-6.9289,0.712211
208.5632,-0.2994,-6.5409,0.712376
208.6477,-0.3124,-6.1575,0.712545
208.7141,-0.3030,-5.7716,0.712710
208.7854,-0.3149,-5.3871,0.712879
208.8627,-0.3046,-4.9668,0.713060
208.9335,-0.3162,-4.5801,0.713225
209.0045,-0.3062,-4.1937,0.713394
209.0865,-0.3201,-3.8099,0.713559
209.1629,-0.3110,-3.4245,0.713728
209.2437,-0.3230,-3.0400,0.713898
209.3260,-0.3136,-2.6561,0.714067
209.4129,-0.3253,-2.2728,0.714236
209.4980,-0.3283,-1.8595,0.714417
209.6028,-0.3262,-1.4737,0.714586
209.6889,-0.3341,-1.0981,0.714755
209.7953,-0.3275,-0.7111,0.714924
209.8856,-0.3363,-0.3358,0.715089
209.9953,-0.3288,0.0505,0.715258
210.0894,-0.3383,0.4256,0.715427
210.2023,-0.3301,0.8116,0.715596
210.2990,-0.3403,1.1867,0.715761
210.4143,-0.3311,1.5726,0.715930
210.5326,-0.3412,1.9875,0.716112
210.6412,-0.3310,2.3678,0.716281
210.7521,-0.3419,2.7478,0.716446
210.8626,-0.3319,3.1281,0.716615
210.9751,-0.3431,3.5085,0.716784
211.0752,-0.3445,3.8854,0.716949
211.1975,-0.3408,4.2702,0.717118
211.3085,-0.3484,4.6515,0.717283
211.4384,-0.3373,5.0564,0.717464
211.5506,-0.3481,5.4456,0.717629
211.6726,-0.3394,5.8150,0.717798
211.7862,-0.3534,6.1950,0.717963
211.9171,-0.3461,6.5774,0.718132
212.0328,-0.3556,6.9485,0.718297
212.1671,-0.3471,7.3289,0.718466
212.2855,-0.3577,7.6987,0.718631
212.4236,-0.3478,8.0779,0.718800
212.5675,-0.3577,8.4852,0.718978
212.6877,-0.3495,8.8552,0.719147
212.8223,-0.3995,9.2272,0.719312
212.9591,-0.3990,9.6003,0.719477
213.0981,-0.3992,9.9727,0.719642
213.2399,-0.4003,10.3436,0.719806
213.3832,-0.4021,10.7135,0.719971
213.5267,-0.4046,11.0836,0.720136
213.6720,-0.4078,11.4535,0.720301
213.8329,-0.4117,11.8561,0.720479
213.9825,-0.4155,12.2234,0.720643
214.1333,-0.4198,12.5905,0.720808
214.2843,-0.4240,12.9599,0.720969
214.4366,-0.4276,13.3292,0.721134
214.5918,-0.4305,13.6967,0.721291
214.7488,-0.4326,14.0634,0.721456
214.9067,-0.4337,14.4305,0.721617
215.0648,-0.4339,14.7982,0.721773
215.2365,-0.4330,15.2003,0.721946
215.3935,-0.4316,15.5695,0.722111
215.5499,-0.4299,15.9396,0.722268
215.7057,-0.4277,16.3102,0.722433
215.8613,-0.4254,16.6811,0.722598
216.0171,-0.4234,17.0519,0.722755
216.1729,-0.4217,17.4229,0.722915
216.3288,-0.4208,17.7939,0.723080
216.4848,-0.4209,18.1650,0.723233
216.6548,-0.4223,18.5698,0.723410
216.8107,-0.4249,18.9412,0.723571
216.9664,-0.4287,19.3128,0.723728
217.1219,-0.4336,19.6845,0.723888
217.2772,-0.4396,20.0566,0.724049
217.4321,-0.4465,20.4290,0.724206
217.5863,-0.4539,20.8019,0.724363
217.7399,-0.4617,21.1752,0.724519
217.8927,-0.4695,21.5491,0.724676
218.0586,-0.4778,21.9572,0.724853
218.2104,-0.4848,22.3315,0.725006
218.3622,-0.4911,22.7062,0.725158
218.5128,-0.4966,23.0814,0.725315
218.6624,-0.5011,23.4575,0.725468
218.8108,-0.5047,23.8343,0.725624
218.9584,-0.5073,24.2115,0.725781
219.1053,-0.5088,24.5892,0.725934
219.2513,-0.5095,24.9670,0.726082
219.4093,-0.5098,25.3796,0.726255
219.5525,-0.5099,25.7584,0.726404
219.6936,-0.5100,26.1380,0.726556
219.8324,-0.5104,26.5186,0.726709
219.9684,-0.5113,26.9003,0.726865
220.1013,-0.5125,27.2835,0.727018
220.2310,-0.5139,27.6674,0.727166
220.3576,-0.5160,28.0524,0.727327
220.4816,-0.5190,28.4382,0.727476
220.6142,-0.5229,28.8598,0.727645
220.7335,-0.5270,29.2468,0.727797
220.8507,-0.5314,29.6342,0.727950
220.9661,-0.5356,30.0227,0.728098
221.0794,-0.5389,30.4108,0.728255
221.1909,-0.5418,30.7991,0.728412
221.3009,-0.5442,31.1874,0.728560
221.4095,-0.5458,31.5758,0.728717
221.5164,-0.5466,31.9642,0.728869
221.6311,-0.5463,32.3883,0.729038
221.7248,-0.5443,32.7426,0.729183
221.8342,-0.5408,33.1680,0.729348
221.9312,-0.5365,33.5590,0.729504
222.0243,-0.5315,33.9514,0.729657
222.1131,-0.5259,34.3451,0.729805
222.1967,-0.5200,34.7403,0.729962
222.2752,-0.5131,35.1372,0.730127
222.3485,-0.5064,35.5346,0.730275
222.4233,-0.4996,35.9689,0.730444
222.4874,-0.4940,36.3677,0.730601
222.5474,-0.4892,36.7671,0.730745
222.6029,-0.4854,37.1673,0.730898
222.6534,-0.4824,37.5676,0.731051
222.6987,-0.4806,37.9682,0.731207
222.7382,-0.4732,38.3693,0.731364
222.7700,-0.4712,38.7713,0.731517
222.7957,-0.4693,39.1731,0.731673
222.8182,-0.4672,39.6107,0.731842
222.8326,-0.4653,40.0119,0.731987
222.8429,-0.4634,40.4123,0.732139
222.8496,-0.4615,40.8117,0.732304
222.8513,-0.4596,41.2107,0.732453
222.8480,-0.4579,41.6092,0.732609
222.8410,-0.4562,42.0068,0.732758
222.8312,-0.4546,42.4036,0.732914
222.8190,-0.4531,42.7998,0.733079
222.8030,-0.4515,43.2316,0.733244
222.7858,-0.4500,43.6270,0.733405
222.7661,-0.4486,44.0223,0.733549
222.7441,-0.5113,44.4175,0.733714
222.7218,-0.5081,44.8122,0.733867
222.6985,-0.5040,45.2068,0.734032
222.6736,-0.4989,45.6004,0.734184
222.6453,-0.4930,45.9925,0.734345
222.6125,-0.4866,46.3849,0.734510
222.5733,-0.4791,46.8135,0.734679
222.5348,-0.4722,47.2064,0.734832
222.4928,-0.4654,47.5992,0.734984
222.4453,-0.4588,47.9919,0.735141
222.3934,-0.4528,48.3850,0.735293
222.3387,-0.4475,48.7781,0.735458
222.2805,-0.4432,49.1704,0.735607
222.2161,-0.4398,49.5619,0.735763
222.1466,-0.4376,49.9521,0.735920
222.0691,-0.4364,50.3762,0.736085
221.9955,-0.4365,50.7641,0.736242
221.9183,-0.4375,51.1510,0.736394
221.8384,-0.4392,51.5369,0.736555
221.7562,-0.4415,51.9219,0.736712
221.6715,-0.4443,52.3059,0.736864
221.5834,-0.4473,52.6891,0.737021
221.4936,-0.4502,53.0709,0.737182
221.4039,-0.4529,53.4517,0.737335
221.3027,-0.4555,53.8667,0.737504
221.2064,-0.4572,54.2460,0.737660
221.1080,-0.4583,54.6242,0.737817
221.0080,-0.4585,55.0014,0.737974
220.9071,-0.4580,55.3781,0.738122
220.8061,-0.4568,55.7544,0.738283
220.7047,-0.4549,56.1297,0.738440
220.6018,-0.4525,56.5045,0.738596
220.4956,-0.4496,56.8786,0.738753
220.3775,-0.4463,57.2857,0.738914
220.2674,-0.4431,57.6578,0.739075
220.1553,-0.4401,58.0293,0.739227
220.0410,-0.4374,58.4000,0.739384
219.9249,-0.4351,58.7696,0.739536
219.8070,-0.4334,59.1378,0.739697
219.6874,-0.4324,59.5051,0.739842
219.5657,-0.4320,59.8720,0.739998
219.4413,-0.4322,60.2380,0.740151
219.3027,-0.4333,60.6359,0.740324
219.1750,-0.4347,60.9994,0.740472
219.0468,-0.4364,61.3622,0.740629
218.9182,-0.4381,61.7243,0.740773
218.7896,-0.4397,62.0858,0.740930
218.6646,-0.4410,62.4449,0.741083
218.5444,-0.4417,62.8050,0.741231
218.4240,-0.4417,63.1641,0.741388
218.2997,-0.4410,63.5230,0.741532
218.1614,-0.4394,63.9140,0.741697
218.0356,-0.4370,64.2707,0.741854
217.9103,-0.4337,64.6263,0.741998
217.7860,-0.4295,64.9814,0.742151
217.6627,-0.4246,65.3365,0.742299
217.5409,-0.4192,65.6915,0.742460
217.4201,-0.4133,66.0459,0.742604
217.3001,-0.4073,66.4003,0.742761
217.1794,-0.4014,66.7541,0.742901
217.0421,-0.3954,67.1394,0.743070
216.9272,-0.3908,67.4593,0.743202
216.7888,-0.3861,67.8439,0.743367
216.6619,-0.3827,68.1968,0.743520
216.5367,-0.3802,68.5496,0.743668
216.4134,-0.3787,68.9016,0.743821
216.2912,-0.3782,69.2550,0.743965
216.1694,-0.3788,69.6093,0.744117
216.0470,-0.3803,69.9633,0.744274
215.9125,-0.3828,70.3494,0.744439
215.7901,-0.3857,70.7034,0.744587
215.6686,-0.3892,71.0578,0.744744
215.5467,-0.3929,71.4125,0.744893
215.4240,-0.3965,71.7675,0.745045
215.3007,-0.4000,72.1227,0.745198
215.1774,-0.4031,72.4779,0.745350
215.0538,-0.4057,72.8329,0.745503
214.9303,-0.4076,73.1880,0.745655
214.7963,-0.4088,73.5756,0.745820
214.6746,-0.4091,73.9303,0.745981
214.5533,-0.4087,74.2856,0.746130
214.4329,-0.4075,74.6410,0.746286
214.3134,-0.4057,74.9968,0.746439
214.1952,-0.4035,75.3519,0.746591
214.0773,-0.4010,75.7071,0.746744
213.9606,-0.3984,76.0620,0.746905
213.8452,-0.3958,76.4170,0.747049
213.7317,-0.3934,76.7726,0.747206
213.6093,-0.3913,77.1613,0.747379
213.4985,-0.3898,77.5181,0.747532
213.3878,-0.3888,77.8751,0.747688
213.2774,-0.3885,78.2325,0.747845
213.1673,-0.3886,78.5903,0.747997
213.0577,-0.3893,78.9490,0.748150
212.9476,-0.3905,79.3086,0.748307
212.8363,-0.3921,79.6686,0.748463
212.7129,-0.3941,80.0616,0.748637
212.5979,-0.3961,80.4217,0.748789
212.4819,-0.3980,80.7819,0.748942
212.3659,-0.3995,81.1422,0.749098
212.2500,-0.4006,81.5029,0.749255
212.1348,-0.4011,81.8638,0.749408
212.0200,-0.4006,82.2252,0.749568
211.9062,-0.3993,82.5868,0.749725
211.7931,-0.3969,82.9489,0.749878
211.6711,-0.3934,83.3439,0.750051
211.5593,-0.3892,83.7064,0.750208
211.4467,-0.3843,84.0693,0.750364
211.3329,-0.3788,84.4325,0.750521
211.2176,-0.3728,84.7956,0.750682
211.1006,-0.3666,85.1585,0.750834
210.9822,-0.3604,85.5215,0.750995
210.8625,-0.3543,85.8850,0.751148
210.7410,-0.3485,86.2484,0.751304
210.6177,-0.3434,86.6117,0.751461
210.4820,-0.3388,87.0083,0.751634
210.3567,-0.3356,87.3722,0.751791
210.2306,-0.3334,87.7365,0.751948
210.1040,-0.3323,88.1009,0.752108
209.9770,-0.3323,88.4658,0.752265
209.8498,-0.3334,88.8309,0.752426
209.7228,-0.3353,89.1964,0.752587
209.5959,-0.3378,89.5624,0.752747
209.4684,-0.3408,89.9294,0.752904
209.3286,-0.3444,90.3306,0.753082
209.1987,-0.3477,90.6982,0.753242
209.0677,-0.3508,91.0657,0.753399
208.9367,-0.3534,91.4335,0.753560
208.8066,-0.3554,91.8015,0.753725
208.6768,-0.3566,92.1701,0.753890
208.5475,-0.3570,92.5392,0.754050
208.4185,-0.3565,92.9084,0.754211
208.2901,-0.3552,93.2775,0.754376
208.1497,-0.3527,93.6809,0.754545
208.0213,-0.3499,94.0510,0.754714
207.8929,-0.3466,94.4210,0.754875
207.7649,-0.3431,94.7912,0.755040
207.6367,-0.3395,95.1619,0.755205
207.5075,-0.3360,95.5326,0.755366
207.3774,-0.3329,95.9035,0.755531
207.2462,-0.3303,96.2745,0.755696
207.1020,-0.3282,96.6791,0.755873
206.9688,-0.3269,97.0498,0.756034
206.8349,-0.3263,97.4205,0.756199
206.7003,-0.3264,97.7912,0.756364
206.5656,-0.3272,98.1619,0.756524
206.4309,-0.3284,98.5326,0.756689
206.2969,-0.3299,98.9033,0.756850
206.1635,-0.3314,99.2739,0.757015
206.0301,-0.3328,99.6449,0.757176
205.8851,-0.3339,100.0499,0.757357
205.7526,-0.3341,100.4213,0.757522
205.6202,-0.3334,100.7927,0.757691
205.4879,-0.3318,101.1645,0.757852
205.3559,-0.3292,101.5365,0.758021
205.2241,-0.3255,101.9082,0.758182
205.0910,-0.3208,102.2797,0.758347
204.9561,-0.3152,102.6513,0.758516
204.8199,-0.3089,103.0229,0.758681
204.6701,-0.3013,103.4283,0.758862
204.5320,-0.2939,103.8001,0.759027
204.3932,-0.2863,104.1719,0.759196
204.2535,-0.2789,104.5440,0.759361
204.1122,-0.2720,104.9164,0.759530
203.9699,-0.2658,105.2890,0.759699
203.8274,-0.2605,105.6616,0.759864
203.6842,-0.2563,106.0345,0.760033
203.5398,-0.2532,106.4078,0.760202
203.3811,-0.2512,106.8150,0.760384
203.2353,-0.2504,107.1887,0.760553
203.0895,-0.2503,107.5623,0.760718
202.9437,-0.2510,107.9360,0.760891
202.7978,-0.2523,108.3094,0.761056
202.6522,-0.2539,108.6838,0.761225
202.5068,-0.2555,109.0592,0.761394
202.3597,-0.2569,109.4345,0.761563
202.2108,-0.2579,109.8096,0.761728
202.0479,-0.2582,110.2188,0.761918
201.8991,-0.2576,110.5945,0.762087
201.7511,-0.2558,110.9706,0.762256
201.6036,-0.2531,111.3473,0.762425
201.4563,-0.2496,111.7248,0.762594
201.3086,-0.2454,112.1027,0.762763
201.1608,-0.2407,112.4808,0.762936
201.0137,-0.2357,112.8595,0.763109
200.8678,-0.2306,113.2389,0.763278
200.7094,-0.2252,113.6538,0.763468
200.5645,-0.2206,114.0351,0.763641
200.4197,-0.2166,114.4165,0.763810
200.2758,-0.2134,114.7986,0.763984
200.1328,-0.2110,115.1815,0.764157
199.9906,-0.2096,115.5652,0.764326
199.8492,-0.2090,115.9498,0.764499
199.7084,-0.2092,116.3351,0.764676
199.5679,-0.2100,116.7211,0.764845
199.4149,-0.2113,117.1431,0.765039
199.2749,-0.2125,117.5306,0.765212
199.1352,-0.2135,117.9186,0.765385
198.9960,-0.2140,118.3072,0.765563
198.8576,-0.2138,118.6963,0.765736
198.7198,-0.2127,119.0861,0.765909
198.5825,-0.2104,119.4764,0.766086
198.4459,-0.2069,119.8673,0.766260
198.3099,-0.2022,120.2588,0.766433
198.1624,-0.1957,120.6864,0.766627
198.0281,-0.1887,121.0786,0.766804
197.8946,-0.1808,121.4707,0.766973
197.7619,-0.1722,121.8633,0.767150
197.6311,-0.1633,122.2569,0.767327
197.5023,-0.1543,122.6516,0.767501
197.3747,-0.1455,123.0474,0.767678
197.2470,-0.1372,123.4439,0.767855
197.1187,-0.1298,123.8408,0.768028
196.9784,-0.1230,124.2747,0.768222
196.8498,-0.1178,124.6729,0.768399
196.7214,-0.1139,125.0717,0.768577
196.5931,-0.1111,125.4714,0.768754
196.4640,-0.1094,125.8715,0.768931
196.3333,-0.1086,126.2719,0.769109
196.2013,-0.1086,126.6723,0.769286
196.0686,-0.1090,127.0727,0.769463
195.9360,-0.1098,127.4732,0.769641
195.7919,-0.1104,127.9110,0.769834
195.6591,-0.1107,128.3127,0.770016
195.5247,-0.1105,128.7144,0.770193
195.3892,-0.1095,129.1160,0.770370
195.2531,-0.1076,129.5175,0.770548
195.1176,-0.1050,129.9192,0.770729
194.9830,-0.1015,130.3214,0.770907
194.8489,-0.0973,130.7242,0.771084
194.7147,-0.0926,131.1273,0.771261
194.5685,-0.0872,131.5673,0.771459
194.4353,-0.0822,131.9713,0.771640
194.3031,-0.0774,132.3760,0.771818
194.1711,-0.0731,132.7815,0.771999
194.0390,-0.0695,133.1875,0.772181
193.9066,-0.0667,133.5942,0.772358
193.7745,-0.0649,134.0013,0.772539
193.6430,-0.0640,134.4093,0.772721
193.5116,-0.0641,134.8181,0.772902
193.3677,-0.0650,135.2646,0.773100
193.2354,-0.0664,135.6745,0.773282
193.1028,-0.0681,136.0851,0.773463
192.9702,-0.0698,136.4962,0.773644
192.8377,-0.0712,136.9079,0.773826
192.7053,-0.0719,137.3200,0.774007
192.5727,-0.0717,137.7323,0.774193
192.4401,-0.0707,138.1448,0.774374
192.3083,-0.0683,138.5577,0.774556
192.1778,-0.0646,138.9714,0.774741
192.0369,-0.0591,139.4234,0.774939
191.9085,-0.0527,139.8381,0.775125
191.7796,-0.0453,140.2527,0.775306
191.6493,-0.0370,140.6677,0.775492
191.5182,-0.0283,141.0830,0.775673
191.3867,-0.0196,141.4984,0.775859
191.2548,-0.0113,141.9144,0.776044
191.1224,-0.0035,142.3307,0.776230
190.9772,0.0040,142.7852,0.776428
190.8434,0.0098,143.2022,0.776613
190.7093,0.0144,143.6196,0.776799
190.5748,0.0176,144.0373,0.776984
190.4401,0.0196,144.4552,0.777170
190.3054,0.0203,144.8731,0.777355
190.1707,0.0194,145.2916,0.777537
190.0360,0.0177,145.7107,0.777727
189.9007,0.0156,146.1302,0.777912
189.7514,0.0130,146.5882,0.778114
189.6132,0.0108,147.0081,0.778300
189.4737,0.0091,147.4280,0.778489
189.3336,0.0080,147.8480,0.778671
189.1934,0.0078,148.2682,0.778860
189.0531,0.0081,148.6887,0.779046
188.9118,0.0091,149.1096,0.779231
188.7695,0.0110,149.5307,0.779421
188.6263,0.0137,149.9518,0.779607
188.4695,0.0170,150.4111,0.779813
188.3258,0.0203,150.8322,0.779998
188.1827,0.0234,151.2534,0.780188
188.0404,0.0261,151.6750,0.780374
187.8986,0.0278,152.0966,0.780563
187.7567,0.0284,152.5186,0.780749
187.6149,0.0281,152.9408,0.780939
187.4737,0.0268,153.3633,0.781128
187.3326,0.0245,153.7863,0.781314
187.1780,0.0211,154.2478,0.781520
187.0358,0.0174,154.6709,0.781710
186.8936,0.0134,155.0941,0.781899
186.7518,0.0092,155.5175,0.782085
186.6099,0.0052,155.9412,0.782274
186.4681,0.0020,156.3647,0.782464
186.3267,-0.0003,156.7887,0.782650
186.1857,-0.0012,157.2126,0.782839
186.0452,-0.0008,157.6365,0.783029
185.9054,0.0010,158.0606,0.783215
185.7542,0.0046,158.5234,0.783421
185.6159,0.0088,158.9473,0.783610
185.4777,0.0139,159.3714,0.783800
185.3399,0.0197,159.7958,0.783986
185.2029,0.0257,160.2205,0.784175
185.0659,0.0317,160.6455,0.784365
184.9287,0.0373,161.0707,0.784555
184.7913,0.0421,161.4961,0.784744
184.6413,0.0461,161.9604,0.784946
184.5041,0.0482,162.3862,0.785140
184.3669,0.0488,162.8124,0.785326
184.2298,0.0481,163.2389,0.785515
184.0925,0.0461,163.6656,0.785705
183.9551,0.0429,164.0925,0.785895
183.8171,0.0389,164.5197,0.786085
183.6788,0.0342,164.9470,0.786274
183.5400,0.0294,165.3743,0.786464
183.3883,0.0238,165.8408,0.786670
183.2480,0.0192,166.2685,0.786860
183.1066,0.0152,166.6963,0.787049
182.9642,0.0120,167.1240,0.787239
182.8211,0.0099,167.5517,0.787429
182.6778,0.0087,167.9794,0.787623
182.5347,0.0084,168.4071,0.787812
182.3920,0.0088,168.8353,0.788002
182.2493,0.0092,169.2632,0.788192
182.0935,0.0098,169.7305,0.788398
181.9505,0.0102,170.1590,0.788592
181.8077,0.0102,170.5877,0.788781
181.6651,0.0095,171.0166,0.788971
181.5227,0.0080,171.4458,0.789161
181.3807,0.0054,171.8752,0.789350
181.2392,0.0018,172.3044,0.789544
181.0977,-0.0034,172.7345,0.789738
180.9557,-0.0094,173.1647,0.789927
180.8000,-0.0165,173.6342,0.790134
180.6569,-0.0233,174.0645,0.790327
180.5142,-0.0300,174.4951,0.790517
180.3719,-0.0362,174.9258,0.790711
180.2299,-0.0416,175.3567,0.790900
180.0883,-0.0460,175.7875,0.791094
179.9462,-0.0494,176.2181,0.791284
179.8044,-0.0514,176.6487,0.791477
179.6637,-0.0519,177.0797,0.791667
179.5116,-0.0509,177.5495,0.791877
179.3727,-0.0487,177.9802,0.792067
179.2343,-0.0456,178.4113,0.792257
179.0961,-0.0420,178.8427,0.792450
178.9580,-0.0382,179.2742,0.792640
178.8197,-0.0348,179.7059,0.792834
178.6810,-0.0319,180.1379,0.793023
178.5421,-0.0299,180.5701,0.793217
178.4033,-0.0291,181.0026,0.793407
178.2519,-0.0298,181.4746,0.793617
178.1135,-0.0319,181.9075,0.793806
177.9757,-0.0354,182.3407,0.794000
177.8380,-0.0402,182.7744,0.794194
177.6995,-0.0460,183.2082,0.794383
177.5602,-0.0525,183.6422,0.794577
177.4200,-0.0596,184.0761,0.794771
177.2795,-0.0667,184.5101,0.794961
177.1389,-0.0736,184.9446,0.795154
176.9845,-0.0804,185.4186,0.795364
176.8415,-0.0859,185.8531,0.795554
176.6974,-0.0901,186.2875,0.795748
176.5530,-0.0932,186.7216,0.795942
176.4090,-0.0952,187.1556,0.796135
176.2656,-0.0965,187.5900,0.796325
176.1220,-0.0970,188.0244,0.796519
175.9779,-0.0973,188.4589,0.796712
175.8334,-0.0974,188.8934,0.796906
175.6756,-0.0979,189.3676,0.797116
175.5309,-0.0986,189.8025,0.797306
175.3864,-0.0999,190.2374,0.797500
175.2421,-0.1022,190.6723,0.797693
175.0979,-0.1055,191.1074,0.797883
174.9539,-0.1098,191.5424,0.798077
174.8102,-0.1150,191.9771,0.798271
174.6668,-0.1208,192.4110,0.798465
174.5232,-0.1269,192.8432,0.798654
174.3665,-0.1333,193.3129,0.798861
174.2240,-0.1386,193.7411,0.799055
174.0833,-0.1433,194.1672,0.799245
173.9447,-0.1469,194.5912,0.799430
173.8075,-0.1494,195.0130,0.799616
173.6708,-0.1505,195.4322,0.799802
173.5350,-0.1502,195.8485,0.799987
173.4006,-0.1487,196.2617,0.800169
173.2673,-0.1459,196.6722,0.800350
173.1361,-0.1422,197.0803,0.800532
172.9950,-0.1375,197.5232,0.800726
172.8668,-0.1327,197.9270,0.800903
172.7391,-0.1280,198.3286,0.801081
172.6116,-0.1236,198.7278,0.801258
172.4845,-0.1198,199.1249,0.801432
172.3579,-0.1168,199.5199,0.801609
172.2320,-0.1148,199.9129,0.801782
172.1068,-0.1141,200.3037,0.801956
171.9709,-0.1146,200.7275,0.802141
171.8472,-0.1163,201.1138,0.802310
171.7243,-0.1191,201.4980,0.802479
171.6020,-0.1228,201.8803,0.802648
171.4796,-0.1272,202.2602,0.802817
171.3575,-0.1321,202.6379,0.802986
171.2360,-0.1374,203.0130,0.803151
171.1158,-0.1426,203.3861,0.803316
170.9968,-0.1480,203.7572,0.803480
170.8680,-0.1533,204.1598,0.803658
170.7504,-0.1577,204.5267,0.803818
170.6333,-0.1614,204.8913,0.803979
170.5172,-0.1644,205.2544,0.804140
170.4020,-0.1666,205.6162,0.804300
170.2870,-0.1682,205.9775,0.804457
170.1723,-0.1691,206.3383,0.804618
170.0582,-0.1695,206.6992,0.804774
169.9444,-0.1695,207.0600,0.804935
169.8201,-0.1696,207.4537,0.805104
169.7074,-0.1697,207.8134,0.805264
169.5947,-0.1698,208.1725,0.805421
169.4818,-0.1703,208.5323,0.805582
169.3699,-0.1711,208.8914,0.805738
169.2581,-0.1725,209.2495,0.805891
169.1452,-0.1744,209.6070,0.806047
169.0322,-0.1770,209.9636,0.806204
168.9182,-0.1802,210.3190,0.806360
168.7937,-0.1843,210.7059,0.806529
168.6797,-0.1887,211.0596,0.806682
168.5657,-0.1939,211.4128,0.806839
168.4529,-0.1992,211.7654,0.806996
168.3409,-0.2045,212.1178,0.807148
168.2292,-0.2098,212.4701,0.807305
168.1177,-0.2147,212.8219,0.807458
168.0061,-0.2191,213.1730,0.807610
167.8945,-0.2229,213.5234,0.807763
167.7728,-0.2261,213.9053,0.807932
167.6618,-0.2282,214.2550,0.808085
167.5519,-0.2294,214.6041,0.808237
167.4429,-0.2297,214.9525,0.808390
167.3342,-0.2291,215.3006,0.808543
167.2271,-0.2281,215.6470,0.808695
167.1206,-0.2263,215.9919,0.808844
167.0126,-0.2241,216.3366,0.808992
166.9025,-0.2216,216.6807,0.809141
166.7802,-0.2187,217.0550,0.809306
166.6663,-0.2160,217.3974,0.809454
166.5510,-0.2137,217.7386,0.809607
166.4346,-0.2118,218.0788,0.809751
166.3178,-0.2105,218.4184,0.809904
166.2003,-0.2099,218.7574,0.810048
166.0820,-0.2102,219.0957,0.810197
165.9633,-0.2114,219.4335,0.810345
165.8444,-0.2136,219.7710,0.810494
165.7148,-0.2170,220.1385,0.810655
165.5957,-0.2211,220.4751,0.810803
165.4764,-0.2260,220.8112,0.810952
165.3567,-0.2314,221.1471,0.811104
165.2361,-0.2374,221.4826,0.811253
165.1140,-0.2436,221.8175,0.811401
164.9899,-0.2499,222.1518,0.811550
164.8639,-0.2562,222.4853,0.811694
164.7365,-0.2621,222.8179,0.811843
164.5965,-0.2681,223.1798,0.812003
164.4680,-0.2730,223.5107,0.812148
164.3393,-0.2773,223.8410,0.812300
164.2105,-0.2809,224.1706,0.812445
164.0813,-0.2838,224.4995,0.812585
163.9515,-0.2860,224.8278,0.812733
163.8212,-0.2876,225.1553,0.812878
163.6913,-0.2887,225.4819,0.813022
163.5607,-0.2894,225.8080,0.813166
163.4170,-0.2900,226.1629,0.813323
163.2841,-0.2904,226.4872,0.813467
163.1503,-0.2910,226.8107,0.813608
163.0150,-0.2918,227.1333,0.813752
162.8783,-0.2930,227.4548,0.813896
162.7405,-0.2947,227.7752,0.814032
162.6016,-0.2971,228.0945,0.814173
162.4621,-0.3001,228.4128,0.814317
162.3220,-0.3038,228.7299,0.814457
162.1450,-0.3095,229.1326,0.814634
162.0306,-0.3137,229.3909,0.814754
161.8896,-0.3191,229.7053,0.814890
161.7482,-0.3249,230.0185,0.815034
161.6072,-0.3309,230.3310,0.815175
161.4663,-0.3369,230.6425,0.815315
161.3264,-0.3428,230.9529,0.815459
161.1862,-0.3484,231.2625,0.815599
161.0454,-0.3535,231.5717,0.815744
160.9039,-0.3580,231.8804,0.815880
160.7514,-0.3620,232.2169,0.816032
160.6126,-0.3649,232.5244,0.816168
160.4733,-0.3669,232.8308,0.816304
160.3333,-0.3680,233.1359,0.816449
160.1922,-0.3684,233.4400,0.816581
160.0520,-0.3680,233.7429,0.816717
159.9121,-0.3669,234.0448,0.816849
159.7731,-0.3651,234.3450,0.816981
159.6213,-0.3628,234.6702,0.817125
159.4816,-0.3605,234.9662,0.817257
159.3364,-0.3582,235.2601,0.817385
159.1852,-0.3560,235.5519,0.817517
159.0293,-0.3542,235.8412,0.817645
158.8700,-0.3529,236.1284,0.817773
158.7086,-0.3521,236.4135,0.817900
158.5448,-0.3520,236.6964,0.818028
158.3782,-0.3526,236.9771,0.818152
158.1937,-0.3542,237.2807,0.818292
158.0215,-0.3564,237.5571,0.818420
157.8456,-0.3593,237.8311,0.818540
157.6660,-0.3624,238.1032,0.818663
157.4836,-0.3659,238.3723,0.818787
157.2986,-0.3697,238.6382,0.818915
157.1108,-0.3738,238.9007,0.819039
156.9207,-0.3778,239.1598,0.819162
156.7290,-0.3817,239.4159,0.819278
156.5195,-0.3855,239.6927,0.819414
156.3246,-0.3886,239.9431,0.819542
156.1290,-0.3910,240.1903,0.819657
155.9344,-0.3928,240.4356,0.819777
155.7396,-0.3938,240.6790,0.819900
155.5441,-0.3942,240.9203,0.820020
155.3483,-0.3937,241.1596,0.820139
155.1526,-0.3923,241.3968,0.820259
154.9565,-0.3904,241.6315,0.820383
154.7422,-0.3880,241.8852,0.820511
154.5457,-0.3854,242.1166,0.820630
154.3484,-0.3828,242.3461,0.820750
154.1499,-0.3802,242.5737,0.820869
153.9506,-0.3778,242.8003,0.820989
153.7502,-0.3757,243.0258,0.821104
153.5490,-0.3740,243.2504,0.821220
153.3469,-0.3728,243.4741,0.821344
153.1440,-0.3722,243.6972,0.821463
152.9215,-0.3722,243.9398,0.821591
152.7167,-0.3728,244.1610,0.821715
152.5111,-0.3740,244.3811,0.821834
152.3049,-0.3759,244.6002,0.821950
152.0988,-0.3784,244.8186,0.822073
151.8935,-0.3813,245.0368,0.822189
151.6888,-0.3845,245.2553,0.822313
151.4844,-0.3880,245.4737,0.822432
151.2795,-0.3916,245.6916,0.822560
151.0555,-0.3954,245.9287,0.822684
150.8498,-0.3987,246.1455,0.822807
150.6438,-0.4016,246.3620,0.822931
150.4377,-0.4041,246.5782,0.823047
150.2315,-0.4060,246.7945,0.823170
150.0251,-0.4073,247.0109,0.823294
149.8182,-0.4079,247.2279,0.823418
149.6108,-0.4079,247.4453,0.823533
149.4028,-0.4072,247.6634,0.823657
149.1749,-0.4057,247.9018,0.823789
148.9650,-0.4038,248.1207,0.823908
148.7540,-0.4015,248.3398,0.824032
148.5419,-0.3988,248.5589,0.824155
148.3287,-0.3960,248.7779,0.824279
148.1144,-0.3933,248.9970,0.824403
147.8989,-0.3907,249.2159,0.824526
147.6824,-0.3884,249.4346,0.824650
147.4647,-0.3865,249.6531,0.824774
147.2260,-0.3850,249.8911,0.824910
147.0060,-0.3843,250.1087,0.825033
146.7848,-0.3843,250.3259,0.825161
146.5626,-0.3851,250.5426,0.825285
146.3395,-0.3865,250.7587,0.825412
146.1155,-0.3887,250.9744,0.825536
145.8911,-0.3915,251.1895,0.825664
145.6659,-0.3951,251.4045,0.825792
145.4401,-0.3990,251.6192,0.825915
145.1932,-0.4037,251.8532,0.826051
144.9663,-0.4080,252.0674,0.826183
144.7392,-0.4122,252.2814,0.826311
144.5116,-0.4161,252.4955,0.826439
144.2839,-0.4197,252.7099,0.826566
144.0560,-0.4227,252.9247,0.826694
143.8278,-0.4251,253.1403,0.826826
143.5989,-0.4268,253.3560,0.826954
143.3690,-0.4278,253.5721,0.827082
143.1173,-0.4283,253.8080,0.827226
142.8856,-0.4283,254.0252,0.827354
142.6534,-0.4276,254.2432,0.827490
142.4210,-0.4263,254.4625,0.827622
142.1880,-0.4247,254.6832,0.827754
141.9542,-0.4228,254.9049,0.827886
141.7192,-0.4209,255.1275,0.828022
141.4829,-0.4191,255.3510,0.828158
141.2453,-0.4175,255.5751,0.828290
140.9846,-0.4164,255.8203,0.828434
140.7443,-0.4160,256.0458,0.828570
140.5028,-0.4164,256.2718,0.828707
140.2599,-0.4178,256.4985,0.828847
140.0159,-0.4201,256.7259,0.828983
139.7707,-0.4232,256.9540,0.829119
139.5245,-0.4271,257.1827,0.829255
139.2771,-0.4316,257.4120,0.829395
139.0285,-0.4366,257.6417,0.829536
138.7560,-0.4425,257.8924,0.829684
138.5049,-0.4480,258.1221,0.829824
138.2529,-0.4535,258.3515,0.829965
137.9999,-0.4586,258.5809,0.830105
137.7463,-0.4632,258.8099,0.830241
137.4919,-0.4674,259.0391,0.830381
137.2369,-0.4708,259.2683,0.830521
136.9813,-0.4733,259.4975,0.830653
136.7249,-0.4750,259.7268,0.830798
136.4442,-0.4759,259.9767,0.830950
136.1858,-0.4759,260.2054,0.831095
135.9264,-0.4752,260.4340,0.831227
135.6660,-0.4741,260.6622,0.831371
135.4043,-0.4727,260.8899,0.831511
135.1413,-0.4712,261.1169,0.831652
134.8771,-0.4698,261.3430,0.831792
134.6116,-0.4688,261.5684,0.831936
134.3450,-0.4683,261.7927,0.832076
134.0529,-0.4686,262.0362,0.832233
133.7839,-0.4698,262.2583,0.832381
133.5142,-0.4718,262.4794,0.832517
133.2438,-0.4748,262.6996,0.832662
132.9730,-0.4787,262.9189,0.832806
132.7018,-0.4833,263.1376,0.832942
132.4303,-0.4885,263.3557,0.833086
132.1582,-0.4942,263.5729,0.833222
131.8855,-0.5001,263.7892,0.833371
131.5866,-0.5064,264.0239,0.833519
131.3115,-0.5119,264.2376,0.833659
131.0352,-0.5170,264.4497,0.833795
130.7579,-0.5215,264.6603,0.833936
130.4799,-0.5253,264.8696,0.834076
130.2014,-0.5282,265.0778,0.834212
129.9223,-0.5303,265.2847,0.834352
129.6427,-0.5315,265.4904,0.834492
129.3620,-0.5319,265.6945,0.834620
129.0545,-0.5316,265.9150,0.834777
128.7711,-0.5308,266.1148,0.834913
128.4861,-0.5295,266.3124,0.835049
128.1994,-0.5278,266.5079,0.835181
127.9117,-0.5261,266.7009,0.835317
127.6227,-0.5245,266.8918,0.835453
127.3327,-0.5235,267.0807,0.835589
127.0420,-0.5230,267.2679,0.835721
126.7509,-0.5232,267.4536,0.835853
126.4330,-0.5243,267.6548,0.835997
126.1415,-0.5262,267.8382,0.836137
125.8499,-0.5289,268.0206,0.836273
125.5583,-0.5323,268.2021,0.836405
125.2669,-0.5363,268.3828,0.836541
124.9759,-0.5408,268.5629,0.836677
124.6854,-0.5454,268.7430,0.836809
124.3957,-0.5500,268.9232,0.836945
124.1064,-0.5545,269.1030,0.837081
123.7911,-0.5591,269.2986,0.837230
123.5027,-0.5629,269.4778,0.837357
123.2146,-0.5661,269.6566,0.837498
122.9268,-0.5686,269.8351,0.837630
122.6396,-0.5703,270.0131,0.837762
122.3529,-0.5712,270.1913,0.837898
122.0666,-0.5712,270.3695,0.838029
121.7806,-0.5704,270.5474,0.838161
121.4947,-0.5688,270.7244,0.838293
121.1824,-0.5665,270.9161,0.838442
120.8952,-0.5637,271.0905,0.838574
120.6076,-0.5605,271.2635,0.838706
120.3195,-0.5573,271.4353,0.838838
120.0311,-0.5541,271.6060,0.838965
119.7418,-0.5512,271.7755,0.839097
119.4520,-0.5486,271.9438,0.839229
119.1614,-0.5466,272.1106,0.839361
118.8700,-0.5453,272.2760,0.839489
118.5515,-0.5446,272.4550,0.839633
118.2591,-0.5448,272.6179,0.839769
117.9664,-0.5456,272.7799,0.839897
117.6736,-0.5471,272.9411,0.840025
117.3808,-0.5492,273.1017,0.840157
117.0881,-0.5517,273.2617,0.840289
116.7953,-0.5543,273.4213,0.840420
116.5026,-0.5571,273.5805,0.840548
116.2097,-0.5599,273.7390,0.840680
115.8897,-0.5627,273.9110,0.840816
115.5958,-0.5648,274.0675,0.840948
115.3013,-0.5665,274.2227,0.841072
115.0063,-0.5675,274.3766,0.841212
114.7112,-0.5679,274.5296,0.841336
114.4159,-0.5675,274.6819,0.841463
114.1207,-0.5664,274.8336,0.841587
113.8258,-0.5646,274.9849,0.841719
113.5311,-0.5622,275.1361,0.841847
113.2096,-0.5589,275.3013,0.841983
112.9148,-0.5555,275.4527,0.842119
112.6194,-0.5517,275.6042,0.842242
112.3232,-0.5478,275.7554,0.842370
112.0256,-0.5439,275.9065,0.842502
111.7264,-0.5403,276.0576,0.842626
111.4250,-0.5371,276.2085,0.842762
111.1213,-0.5344,276.3596,0.842894
110.8153,-0.5325,276.5109,0.843021
110.4791,-0.5312,276.6766,0.843166
110.1687,-0.5309,276.8290,0.843306
109.8562,-0.5316,276.9825,0.843425
109.5417,-0.5331,277.1368,0.843574
109.2251,-0.5354,277.2921,0.843710
108.9062,-0.5385,277.4485,0.843850
108.5851,-0.5421,277.6058,0.843982
108.2614,-0.5460,277.7639,0.844126
107.9349,-0.5501,277.9225,0.844270
107.5754,-0.5545,278.0954,0.844423
107.2428,-0.5584,278.2533,0.844567
106.9075,-0.5617,278.4105,0.844703
106.5697,-0.5645,278.5666,0.844843
106.2296,-0.5666,278.7215,0.844988
105.8874,-0.5678,278.8755,0.845132
105.5434,-0.5683,279.0287,0.845276
105.1977,-0.5680,279.1813,0.845416
104.8502,-0.5670,279.3332,0.845561
104.4691,-0.5652,279.4977,0.845713
104.1178,-0.5633,279.6469,0.845853
103.7647,-0.5612,279.7939,0.846006
103.4097,-0.5592,279.9384,0.846146
103.0527,-0.5575,280.0799,0.846286
102.6938,-0.5564,280.2181,0.846435
102.3332,-0.5559,280.3530,0.846575
101.9710,-0.5562,280.4845,0.846715
101.6075,-0.5573,280.6125,0.846855
101.2096,-0.5594,280.7484,0.847012
100.8438,-0.5622,280.8694,0.847160
100.4771,-0.5656,280.9868,0.847304
100.1097,-0.5693,281.1008,0.847449
99.7418,-0.5733,281.2115,0.847589
99.3736,-0.5773,281.3191,0.847729
99.0054,-0.5812,281.4243,0.847878
98.6376,-0.5848,281.5278,0.848009
98.2703,-0.5878,281.6303,0.848158
97.8703,-0.5902,281.7413,0.848314
97.5042,-0.5915,281.8423,0.848463
97.1383,-0.5919,281.9422,0.848599
96.7725,-0.5913,282.0409,0.848739
96.4066,-0.5896,282.1380,0.848879
96.0408,-0.5867,282.2329,0.849019
95.6752,-0.5829,282.3258,0.849151
95.3092,-0.5784,282.4169,0.849300
94.9428,-0.5732,282.5056,0.849440
94.5427,-0.5671,282.6002,0.849597
94.1757,-0.5613,282.6849,0.849733
93.8082,-0.5556,282.7672,0.849869
93.4403,-0.5500,282.8467,0.850013
93.0716,-0.5449,282.9230,0.850153
92.7022,-0.5404,282.9959,0.850289
92.3324,-0.5364,283.0653,0.850425
91.9625,-0.5334,283.1313,0.850570
91.5590,-0.5312,283.1998,0.850714
91.1893,-0.5302,283.2597,0.850854
90.8198,-0.5303,283.3171,0.850999
90.4505,-0.5313,283.3722,0.851135
90.0816,-0.5332,283.4250,0.851271
89.7131,-0.5359,283.4756,0.851411
89.3450,-0.5393,283.5240,0.851547
88.9774,-0.5431,283.5700,0.851683
88.6103,-0.5473,283.6138,0.851819
88.2438,-0.5517,283.6557,0.851951
87.8447,-0.5565,283.6991,0.852104
87.4795,-0.5607,283.7367,0.852240
87.1148,-0.5646,283.7721,0.852384
86.7506,-0.5681,283.8052,0.852512
86.3870,-0.5710,283.8361,0.852656
86.0239,-0.5733,283.8648,0.852776
85.6615,-0.5749,283.8915,0.852924
85.2996,-0.5757,283.9161,0.853060
84.9383,-0.5758,283.9384,0.853196
84.5448,-0.5749,283.9602,0.853341
84.1846,-0.5733,283.9768,0.853472
83.8247,-0.5711,283.9894,0.853600
83.4651,-0.5681,283.9982,0.853732
83.1059,-0.5647,284.0029,0.853868
82.7470,-0.5607,284.0027,0.854004
82.3885,-0.5564,283.9977,0.854136
82.0306,-0.5518,283.9880,0.854264
81.6736,-0.5471,283.9735,0.854396
81.2848,-0.5421,283.9517,0.854540
80.9293,-0.5375,283.9268,0.854672
80.5749,-0.5332,283.8973,0.854792
80.2217,-0.5292,283.8637,0.854932
79.8697,-0.5256,283.8260,0.855052
79.5191,-0.5226,283.7843,0.855180
79.1700,-0.5203,283.7387,0.855307
78.8224,-0.5187,283.6895,0.855439
78.4765,-0.5178,283.6371,0.855555
78.1009,-0.5178,283.5774,0.855703
77.7583,-0.5188,283.5208,0.855819
77.4170,-0.5205,283.4629,0.855947
77.0771,-0.5231,283.4036,0.856074
76.7384,-0.5263,283.3429,0.856194
76.4009,-0.5301,283.2804,0.856322
76.0646,-0.5343,283.2159,0.856450
75.7295,-0.5389,283.1495,0.856569
75.3957,-0.5436,283.0813,0.856693
75.0330,-0.5489,283.0053,0.856821
74.7018,-0.5535,282.9349,0.856944
74.3718,-0.5579,282.8643,0.857068
74.0428,-0.5619,282.7938,0.857192
73.7148,-0.5654,282.7235,0.857324
73.3877,-0.5683,282.6533,0.857435
73.0613,-0.5704,282.5826,0.857559
72.7355,-0.5718,282.5106,0.857687
72.4105,-0.5723,282.4371,0.857810
72.0569,-0.5720,282.3548,0.857938
71.7340,-0.5708,282.2773,0.858066
71.4123,-0.5689,282.1983,0.858189
71.0919,-0.5663,282.1180,0.858313
70.7729,-0.5632,282.0357,0.858429
70.4548,-0.5595,281.9509,0.858548
70.1378,-0.5556,281.8643,0.858668
69.8217,-0.5514,281.7760,0.858783
69.5066,-0.5472,281.6863,0.858907
69.1639,-0.5428,281.5866,0.859035
68.8507,-0.5390,281.4935,0.859154
68.5384,-0.5355,281.3984,0.859282
68.2270,-0.5324,281.3013,0.859389
67.9164,-0.5300,281.2018,0.859505
67.6066,-0.5281,281.0992,0.859628
67.2980,-0.5269,280.9935,0.859744
66.9906,-0.5264,280.8843,0.859863
66.6845,-0.5265,280.7716,0.859983
66.3524,-0.5273,280.6449,0.860102
66.0495,-0.5286,280.5259,0.860226
65.7481,-0.5303,280.4050,0.860345
65.4482,-0.5323,280.2825,0.860457
65.1495,-0.5344,280.1590,0.860576
64.8520,-0.5365,280.0348,0.860688
64.5557,-0.5385,279.9099,0.860807
64.2605,-0.5402,279.7841,0.860923
63.9398,-0.5417,279.6459,0.861046
63.6469,-0.5426,279.5179,0.861166
63.3553,-0.5429,279.3885,0.861273
63.0649,-0.5427,279.2578,0.861388
62.7757,-0.5419,279.1257,0.861504
62.4877,-0.5406,278.9927,0.861623
62.2007,-0.5388,278.8592,0.861731
61.9147,-0.5365,278.7256,0.861850
61.6294,-0.5340,278.5921,0.861957
61.3189,-0.5310,278.4468,0.862077
61.0349,-0.5282,278.3137,0.862196
60.7515,-0.5255,278.1805,0.862312
60.4686,-0.5229,278.0467,0.862423
60.1865,-0.5207,277.9121,0.862543
59.9051,-0.5189,277.7766,0.862654
59.6244,-0.5177,277.6402,0.862769
59.3443,-0.5170,277.5029,0.862877
59.0648,-0.5170,277.3649,0.863000
58.7857,-0.5177,277.2262,0.863112
58.4819,-0.5193,277.0745,0.863239
58.2039,-0.5214,276.9351,0.863359
57.9263,-0.5241,276.7957,0.863474
57.6490,-0.5274,276.6564,0.863586
57.3718,-0.5311,276.5173,0.863701
57.0944,-0.5351,276.3781,0.863829
56.8173,-0.5393,276.2381,0.863944
56.5401,-0.5435,276.0973,0.864060
56.2627,-0.5476,275.9556,0.864183
55.9595,-0.5518,275.8001,0.864307
55.6807,-0.5553,275.6570,0.864427
55.4010,-0.5582,275.5132,0.864546
55.1204,-0.5606,275.3685,0.864666
54.8387,-0.5624,275.2229,0.864793
54.5562,-0.5634,275.0761,0.864921
54.2729,-0.5638,274.9279,0.865037
53.9889,-0.5634,274.7781,0.865160
53.7046,-0.5624,274.6265,0.865284
53.3940,-0.5607,274.4591,0.865437
53.1088,-0.5586,274.3041,0.865548
52.8232,-0.5563,274.1477,0.865676
52.5372,-0.5539,273.9902,0.865799
52.2504,-0.5515,273.8318,0.865919
51.9629,-0.5492,273.6728,0.866043
51.6746,-0.5473,273.5128,0.866171
51.3854,-0.5458,273.3519,0.866294
51.0691,-0.5449,273.1750,0.866430
50.7786,-0.5448,273.0114,0.866558
50.4874,-0.5453,272.8464,0.866678
50.1956,-0.5466,272.6801,0.866814
49.9031,-0.5485,272.5128,0.866946
49.6099,-0.5511,272.3446,0.867078
49.3161,-0.5542,272.1756,0.867201
49.0215,-0.5576,272.0057,0.867329
48.7263,-0.5613,271.8353,0.867461
48.4037,-0.5653,271.6489,0.867606
48.1076,-0.5687,271.4779,0.867737
47.8111,-0.5717,271.3070,0.867874
47.5145,-0.5742,271.1358,0.868010
47.2181,-0.5760,270.9642,0.868142
46.9218,-0.5770,270.7920,0.868274
46.6256,-0.5772,270.6193,0.868410
46.3296,-0.5764,270.4463,0.868546
46.0339,-0.5749,270.2730,0.868678
45.7120,-0.5723,270.0834,0.868826
45.4173,-0.5693,269.9084,0.868954
45.1231,-0.5658,269.7321,0.869094
44.8294,-0.5620,269.5543,0.869230
44.5363,-0.5581,269.3752,0.869370
44.2437,-0.5542,269.1944,0.869498
43.9519,-0.5507,269.0115,0.869634
43.6610,-0.5476,268.8265,0.869770
43.3710,-0.5451,268.6393,0.869906
43.0822,-0.5434,268.4495,0.870047
42.7684,-0.5425,268.2397,0.870195
42.4819,-0.5425,268.0450,0.870323
42.1967,-0.5435,267.8477,0.870455
41.9129,-0.5452,267.6479,0.870599
41.6308,-0.5476,267.4457,0.870727
41.3501,-0.5505,267.2415,0.870863
41.0707,-0.5538,267.0359,0.870991
40.7924,-0.5572,266.8293,0.871135
40.5149,-0.5605,266.6226,0.871263
40.2128,-0.5637,266.3971,0.871412
39.9362,-0.5661,266.1909,0.871543
39.6596,-0.5678,265.9848,0.871675
39.3835,-0.5687,265.7784,0.871816
39.1079,-0.5689,265.5712,0.871948
38.8329,-0.5681,265.3633,0.872084
38.5586,-0.5665,265.1548,0.872211
38.2849,-0.5642,264.9456,0.872356
37.9868,-0.5610,264.7170,0.872500
37.7139,-0.5575,264.5072,0.872636
37.4412,-0.5538,264.2974,0.872772
37.1687,-0.5501,264.0874,0.872896
36.8963,-0.5465,263.8771,0.873036
36.6241,-0.5433,263.6661,0.873168
36.3524,-0.5405,263.4542,0.873304
36.0812,-0.5385,263.2412,0.873440
35.8107,-0.5373,263.0269,0.873576
35.5164,-0.5370,262.7920,0.873721
35.2471,-0.5377,262.5758,0.873857
34.9783,-0.5392,262.3590,0.873997
34.7099,-0.5415,262.1418,0.874129
34.4417,-0.5443,261.9243,0.874269
34.1738,-0.5477,261.7065,0.874405
33.9063,-0.5513,261.4882,0.874533
33.6391,-0.5549,261.2697,0.874673
33.3721,-0.5584,261.0509,0.874801
33.0811,-0.5617,260.8121,0.874953
32.8145,-0.5642,260.5929,0.875089
32.5481,-0.5660,260.3734,0.875221
32.2818,-0.5669,260.1537,0.875358
32.0157,-0.5670,259.9339,0.875498
31.7496,-0.5663,259.7139,0.875630
31.4835,-0.5647,259.4937,0.875766
31.2175,-0.5624,259.2734,0.875902
30.9515,-0.5594,259.0529,0.876042
30.6615,-0.5558,258.8118,0.876186
30.3959,-0.5523,258.5900,0.876322
30.1307,-0.5488,258.3674,0.876463
29.8660,-0.5456,258.1439,0.876599
29.6018,-0.5428,257.9193,0.876731
29.3381,-0.5406,257.6938,0.876867
29.0749,-0.5391,257.4674,0.877003
28.8122,-0.5386,257.2401,0.877139
28.5501,-0.5389,257.0121,0.877279
28.2646,-0.5403,256.7626,0.877415
28.0032,-0.5424,256.5334,0.877555
27.7422,-0.5452,256.3039,0.877695
27.4814,-0.5486,256.0739,0.877827
27.2209,-0.5134,255.8432,0.877968
26.9928,-0.5120,255.5694,0.878100
26.7368,-0.5050,255.3341,0.878240
26.4801,-0.5194,255.0989,0.878376
26.2207,-0.5132,254.8659,0.878512
25.9447,-0.5338,254.6586,0.878648
25.6841,-0.5195,254.3702,0.878796
25.4120,-0.5358,254.1592,0.878932
25.1762,-0.5248,253.8900,0.879068
24.9064,-0.5373,253.6757,0.879205
24.6754,-0.5281,253.4016,0.879341
24.4030,-0.5352,253.1801,0.879481
24.1839,-0.5248,252.9164,0.879617
23.9118,-0.5397,252.6938,0.879749
23.6431,-0.5409,252.4216,0.879901
23.4009,-0.5415,252.1669,0.880033
23.1611,-0.5420,251.9109,0.880169
22.9429,-0.5314,251.6245,0.880310
22.6871,-0.5424,251.3943,0.880442
22.4710,-0.5326,251.1081,0.880578
22.2411,-0.5311,250.8568,0.880714
22.0061,-0.5311,250.6004,0.880846
21.7448,-0.5434,250.3682,0.880986
21.5082,-0.5437,250.1130,0.881122
21.2530,-0.5442,249.8321,0.881270
21.0212,-0.5449,249.5721,0.881406
20.8164,-0.5352,249.2884,0.881542
20.5878,-0.5363,249.0260,0.881683
20.3602,-0.5371,248.7631,0.881819
20.0928,-0.5752,248.5347,0.881951
19.8639,-0.5779,248.2733,0.882095
19.6343,-0.5798,248.0134,0.882223
19.4056,-0.5809,247.7532,0.882367
19.1588,-0.5811,247.4671,0.882511
18.9350,-0.5804,247.2039,0.882648
18.7121,-0.5789,246.9393,0.882784
18.4892,-0.5767,246.6750,0.882920
18.2661,-0.5739,246.4118,0.883056
18.0435,-0.5709,246.1504,0.883188
17.8218,-0.5677,245.8881,0.883328
17.5991,-0.5646,245.6260,0.883464
17.3569,-0.5615,245.3392,0.883608
17.1365,-0.5593,245.0749,0.883744
16.9173,-0.5577,244.8096,0.883880
16.6982,-0.5569,244.5440,0.884017
16.4796,-0.5569,244.2777,0.884153
16.2617,-0.5578,244.0110,0.884289
16.0447,-0.5597,243.7433,0.884425
15.8280,-0.5623,243.4749,0.884557
15.6118,-0.5654,243.2068,0.884689
15.3972,-0.5691,242.9379,0.884825
15.1639,-0.5735,242.6442,0.884973
14.9494,-0.5777,242.3759,0.885109
14.7361,-0.5817,242.1062,0.885241
14.5250,-0.5854,241.8344,0.885373
14.3156,-0.5886,241.5614,0.885509
14.1080,-0.5912,241.2876,0.885641
13.9015,-0.5931,241.0123,0.885781
13.6955,-0.5941,240.7368,0.885909
13.4902,-0.5943,240.4621,0.886041
13.2678,-0.5935,240.1632,0.886190
13.0647,-0.5920,239.8887,0.886322
12.8622,-0.5898,239.6144,0.886454
12.6617,-0.5873,239.3388,0.886586
12.4626,-0.5844,239.0627,0.886717
12.2648,-0.5815,238.7860,0.886849
12.0691,-0.5788,238.5077,0.886985
11.8758,-0.5764,238.2279,0.887117
11.6845,-0.5745,237.9469,0.887249
11.4780,-0.5732,237.6393,0.887394
11.2904,-0.5728,237.3563,0.887526
11.1043,-0.5732,237.0727,0.887658
10.9192,-0.5744,236.7888,0.887789
10.7351,-0.5764,236.5047,0.887921
10.5517,-0.5791,236.2203,0.888053
10.3691,-0.5824,235.9360,0.888189
10.1872,-0.5861,235.6517,0.888317
9.9895,-0.5906,235.3416,0.888462
9.8089,-0.5947,235.0578,0.888589
9.6286,-0.5988,234.7742,0.888721
9.4487,-0.6026,234.4909,0.888853
9.2694,-0.6059,234.2077,0.888985
9.0906,-0.6087,233.9249,0.889113
8.9125,-0.6107,233.6421,0.889245
8.7348,-0.6120,233.3591,0.889377
8.5578,-0.6125,233.0764,0.889509
8.3811,-0.6121,232.7940,0.889637
8.1888,-0.6109,232.4872,0.889777
8.0128,-0.6090,232.2060,0.889909
7.8370,-0.6065,231.9253,0.890037
7.6625,-0.6037,231.6450,0.890169
7.4899,-0.6006,231.3638,0.890296
7.3185,-0.5975,231.0824,0.890424
7.1492,-0.5945,230.7995,0.890552
6.9818,-0.5917,230.5155,0.890676
6.8165,-0.5894,230.2306,0.890808
6.6382,-0.5874,229.9188,0.890948
6.4762,-0.5863,229.6325,0.891076
6.3154,-0.5858,229.3456,0.891204
6.1561,-0.5860,229.0586,0.891327
5.9982,-0.5869,228.7718,0.891459
5.8406,-0.5884,228.4850,0.891583
5.6834,-0.5904,228.1981,0.891711
5.5274,-0.5928,227.9116,0.891838
5.3718,-0.5954,227.6250,0.891962
5.2033,-0.5985,227.3123,0.892102
5.0491,-0.6012,227.0261,0.892230
4.8958,-0.6038,226.7393,0.892362
4.7437,-0.6060,226.4521,0.892482
4.5927,-0.6076,226.1649,0.892605
4.4426,-0.6087,225.8777,0.892737
4.2939,-0.6091,225.5899,0.892865
4.1464,-0.6088,225.3025,0.892985
3.9993,-0.6077,225.0154,0.893113
3.8403,-0.6056,224.7022,0.893249
3.6960,-0.6031,224.4155,0.893372
3.5520,-0.5999,224.1288,0.893500
3.4093,-0.5963,223.8417,0.893628
3.2683,-0.5923,223.5540,0.893752
3.1288,-0.5880,223.2659,0.893875
2.9905,-0.5837,222.9774,0.893999
2.8538,-0.5794,222.6881,0.894127
2.7193,-0.5754,222.3981,0.894251
2.5747,-0.5713,222.0809,0.894387
2.4438,-0.5681,221.7895,0.894510
2.3144,-0.5655,221.4975,0.894634
2.1865,-0.5635,221.2048,0.894762
2.0600,-0.5622,220.9116,0.894890
1.9343,-0.5616,220.6189,0.895009
1.8086,-0.5617,220.3257,0.895133
1.6842,-0.5625,220.0318,0.895261
1.5621,-0.5639,219.7369,0.895385
1.4299,-0.5660,219.4152,0.895521
1.3091,-0.5683,219.1205,0.895644
1.1888,-0.5708,218.8258,0.895768
1.0687,-0.5735,218.5316,0.895892
0.9486,-0.5762,218.2372,0.896020
0.8278,-0.5787,217.9429,0.896143
0.7081,-0.5811,217.6483,0.896267
0.5901,-0.5830,217.3529,0.896391
0.4636,-0.5847,217.0296,0.896527
0.3488,-0.5858,216.7331,0.896650
0.2348,-0.5865,216.4366,0.896774
0.1208,-0.5867,216.1408,0.896902
0.0067,-0.5863,215.8447,0.897022
-0.1062,-0.5855,215.5487,0.897149
-0.2184,-0.5844,215.2524,0.897273
-0.3294,-0.5829,214.9559,0.897397
-0.4394,-0.5813,214.6590,0.897525
-0.5582,-0.5794,214.3348,0.897657
-0.6658,-0.5777,214.0373,0.897780
-0.7723,-0.5762,213.7393,0.897904
-0.8776,-0.5750,213.4412,0.898028
-0.9816,-0.5742,213.1425,0.898151
-1.0839,-0.5738,212.8433,0.898275
-1.1851,-0.5740,212.5442,0.898403
-1.2859,-0.5748,212.2450,0.898527
-1.3861,-0.5761,211.9461,0.898650
-1.4857,-0.5780,211.6473,0.898774
-1.5940,-0.5807,211.3221,0.898906
-1.6937,-0.5837,211.0244,0.899034
-1.7934,-0.5871,210.7268,0.899158
-1.8776,-0.5573,210.4164,0.899281
-1.9385,-0.5450,210.1123,0.899405
-2.0318,-0.5413,209.8127,0.899529
-2.1587,-0.5503,209.5174,0.899652
-2.2175,-0.5376,209.2129,0.899772
-2.3512,-0.5521,208.8885,0.899908
-2.4428,-0.5428,208.5887,0.900032
-2.5459,-0.5421,208.2999,0.900156
-2.6213,-0.5451,207.9861,0.900279
-2.7108,-0.5357,207.6859,0.900399
-2.7985,-0.5474,207.3848,0.900527
-2.9127,-0.5397,207.0935,0.900650
-2.9918,-0.5528,206.7893,0.900770
-3.0785,-0.5447,206.4886,0.900898
-3.1747,-0.5358,206.1679,0.901030
-3.2600,-0.5499,205.8579,0.901153
-3.3419,-0.5417,205.5552,0.901277
-3.4236,-0.5548,205.2519,0.901401
-3.5044,-0.5466,204.9494,0.901525
-3.5710,-0.5496,204.6496,0.901648
-3.6628,-0.5518,204.3424,0.901772
-3.7412,-0.5437,204.0394,0.901896
-3.8202,-0.5570,203.7362,0.902019
-3.9050,-0.5482,203.4058,0.902155
-3.9723,-0.5600,203.1070,0.902283
-4.0576,-0.5536,202.7980,0.902403
-4.1325,-0.5452,202.4941,0.902527
-4.2078,-0.5581,202.1902,0.902654
-4.2815,-0.5498,201.8863,0.902778
-4.3451,-0.5621,201.5875,0.902902
-4.4267,-0.5546,201.2785,0.903030
-4.4872,-0.5599,200.9792,0.903158
-4.5798,-0.5585,200.6443,0.903289
-4.6527,-0.5503,200.3412,0.903413
-4.7259,-0.5633,200.0383,0.903541
-4.7990,-0.5552,199.7359,0.903665
-4.8656,-0.5630,199.4310,0.903788
-4.9395,-0.5544,199.1290,0.903912
-5.0165,-0.5502,198.8344,0.904036
-5.0818,-0.5586,198.5214,0.904160
-5.1571,-0.5508,198.2262,0.904283
-5.2271,-0.5621,197.8852,0.904419
-5.2958,-0.5536,197.5813,0.904543
-5.3637,-0.5664,197.2764,0.904667
-5.4315,-0.5579,196.9726,0.904791
-5.5047,-0.5526,196.6769,0.904914
-5.5741,-0.5670,196.3648,0.905042
-5.6417,-0.5588,196.0604,0.905166
-5.7044,-0.5669,195.7541,0.905289
-5.7742,-0.5584,195.4489,0.905417
-5.8435,-0.5623,195.1201,0.905553
-5.9169,-0.5619,194.8056,0.905677
-5.9900,-0.5545,194.5044,0.905805
-6.0523,-0.5661,194.1854,0.905929
-6.1185,-0.5576,193.8745,0.906056
-6.1832,-0.5703,193.5616,0.906184
-6.2491,-0.5616,193.2439,0.906312
-6.3202,-0.5565,192.9327,0.906444
-6.3798,-0.5654,192.6017,0.906576
-6.4551,-0.5576,192.2560,0.906720
-6.5139,-0.5683,191.9185,0.906852
-6.5784,-0.5596,191.5860,0.906988
-6.6493,-0.5749,191.2505,0.907125
-6.7130,-0.5657,190.9107,0.907261
-6.7688,-0.5750,190.5657,0.907401
-6.8312,-0.5658,190.2180,0.907541
-6.8919,-0.5778,189.8663,0.907685
-6.9525,-0.5684,189.5114,0.907826
-7.0169,-0.5816,189.1284,0.907982
-7.0859,-0.5728,188.7604,0.908131
-7.1385,-0.5817,188.3952,0.908275
-7.1976,-0.5721,188.0292,0.908423
-7.2562,-0.5838,187.6612,0.908572
-7.3146,-0.5744,187.2923,0.908720
-7.3726,-0.5860,186.9212,0.908869
-7.4309,-0.5762,186.5494,0.909017
-7.4896,-0.5876,186.1760,0.909170
-7.5538,-0.5767,185.7670,0.909335
-7.6126,-0.5881,185.3900,0.909487
-7.6709,-0.5781,185.0126,0.909640
-7.7290,-0.5894,184.6332,0.909792
-7.7873,-0.5793,184.2524,0.909945
-7.8446,-0.5905,183.8698,0.910102
-7.9008,-0.5804,183.4861,0.910254
-7.9624,-0.5940,183.1017,0.910411
-8.0152,-0.5840,182.7167,0.910563
-8.0627,-0.5918,182.2946,0.910733
-8.1098,-0.5815,181.9102,0.910885
-8.1544,-0.5925,181.5256,0.911042
-8.1971,-0.5822,181.1426,0.911194
-8.2379,-0.5933,180.7598,0.911347
-8.2832,-0.5831,180.3871,0.911499
-8.3152,-0.5943,179.9979,0.911652
-8.3587,-0.5850,179.6272,0.911805
-8.3886,-0.5955,179.2409,0.911957
-8.4289,-0.5870,178.8722,0.912106
-8.4660,-0.5996,178.4543,0.912270
-8.4983,-0.5901,178.0791,0.912419
-8.5301,-0.6010,177.7037,0.912567
-8.5595,-0.5905,177.3296,0.912716
-8.5882,-0.6014,176.9557,0.912864
-8.6152,-0.5910,176.5825,0.913013
-8.6413,-0.6020,176.2095,0.913161
-8.6652,-0.5918,175.8371,0.913310
-8.6885,-0.6029,175.4647,0.913458
-8.7117,-0.5919,175.0592,0.913619
-8.7315,-0.6033,174.6877,0.913767
-8.7487,-0.5934,174.3169,0.913916
-8.7646,-0.6047,173.9463,0.914064
-8.7790,-0.5951,173.5767,0.914213
-8.7919,-0.6055,173.2060,0.914361
-8.8023,-0.5944,172.8376,0.914506
-8.8115,-0.6048,172.4690,0.914654
-8.8187,-0.5939,172.1015,0.914802
-8.8246,-0.6034,171.7006,0.914963
-8.8276,-0.5927,171.3341,0.915108
-8.8216,-0.6037,170.9749,0.915256
-8.8289,-0.5929,170.6020,0.915400
-8.8191,-0.6027,170.2438,0.915549
-8.8227,-0.5935,169.8722,0.915697
-8.8100,-0.5956,169.5075,0.915842
-8.8100,-0.5889,169.1513,0.915990
-8.7935,-0.5926,168.7469,0.916147
-8.7920,-0.5855,168.3916,0.916295
-8.7751,-0.5897,168.0216,0.916440
-8.7727,-0.5820,167.6672,0.916588
-8.7544,-0.5869,167.2978,0.916732
-8.7507,-0.5786,166.9439,0.916877
-8.7323,-0.5841,166.5751,0.917025
-8.7283,-0.5752,166.2218,0.917169
-8.7094,-0.5841,165.8606,0.917314
-8.7030,-0.5775,165.4596,0.917475
-8.6825,-0.5772,165.0974,0.917619
-8.6748,-0.5653,164.7434,0.917763
-8.6496,-0.5737,164.3824,0.917908
-8.6371,-0.5670,164.0129,0.918056
-8.6090,-0.5678,163.6593,0.918200
-8.5925,-0.5616,163.2898,0.918345
-8.5563,-0.5588,162.9390,0.918489
-8.5312,-0.5488,162.5679,0.918633
-8.5086,-0.5439,162.2137,0.918778
-8.4729,-0.5505,161.8131,0.918934
-8.4394,-0.5381,161.4530,0.919083
-8.3982,-0.5377,161.0926,0.919227
-8.3704,-0.5303,160.7398,0.919371
-8.3250,-0.5313,160.3740,0.919516
-8.2950,-0.5226,160.0214,0.919660
-8.2473,-0.5249,159.6559,0.919804
-8.2133,-0.5152,159.3040,0.919944
-8.1579,-0.5174,158.9064,0.920105
-8.1212,-0.5077,158.5550,0.920250
-8.0733,-0.5174,158.1901,0.920390
-8.0249,-0.5043,157.8336,0.920534
-7.9707,-0.5113,157.4849,0.920678
-7.9277,-0.4972,157.1208,0.920823
-7.8719,-0.5036,156.7739,0.920967
-7.8275,-0.4900,156.4108,0.921111
-7.7712,-0.4959,156.0649,0.921256
-7.7220,-0.4816,155.6704,0.921412
-7.6651,-0.4879,155.3252,0.921557
-7.6198,-0.4746,154.9636,0.921701
-7.5616,-0.4802,154.6189,0.921841
-7.5148,-0.4679,154.2580,0.921986
-7.4554,-0.4728,153.9135,0.922130
-7.4069,-0.4611,153.5529,0.922274
-7.3457,-0.4652,153.2096,0.922414
-7.2954,-0.4542,152.8491,0.922559
-7.2234,-0.4533,152.4775,0.922716
-7.1654,-0.4434,152.1156,0.922860
-7.1112,-0.4325,151.7710,0.923000
-7.0425,-0.4385,151.4135,0.923144
-6.9766,-0.4248,151.0633,0.923289
-6.9123,-0.4339,150.7125,0.923429
-6.8419,-0.4205,150.3636,0.923573
-6.7693,-0.4287,150.0146,0.923713
-6.6951,-0.4158,149.6669,0.923858
-6.6046,-0.4193,149.2891,0.924010
-6.5354,-0.4071,148.9491,0.924155
-6.4562,-0.4190,148.5952,0.924295
-6.3787,-0.4063,148.2504,0.924435
-6.2959,-0.4142,147.9140,0.924579
-6.2242,-0.4023,147.5613,0.924720
-6.1405,-0.4083,147.2260,0.924860
-6.0666,-0.3966,146.8744,0.925004
-5.9821,-0.4417,146.5403,0.925144
-5.8984,-0.4403,146.1661,0.925301
-5.8216,-0.4392,145.8229,0.925442
-5.7445,-0.4382,145.4799,0.925582
-5.6639,-0.4371,145.1372,0.925726
-5.5812,-0.4360,144.7957,0.925866
-5.4981,-0.4346,144.4545,0.926007
-5.4156,-0.4328,144.1138,0.926151
-5.3337,-0.4305,143.7731,0.926291
-5.2521,-0.4278,143.4321,0.926431
-5.1619,-0.4243,143.0605,0.926588
-5.0753,-0.4206,142.7203,0.926728
-4.9869,-0.4162,142.3808,0.926869
-4.8989,-0.4113,142.0414,0.927013
-4.8110,-0.4058,141.7025,0.927153
-4.7233,-0.4000,141.3640,0.927294
-4.6364,-0.3938,141.0260,0.927438
-4.5506,-0.3874,140.6879,0.927578
-4.4651,-0.3811,140.3502,0.927723
-4.3720,-0.3743,139.9816,0.927875
-4.2868,-0.3684,139.6439,0.928020
-4.2015,-0.3630,139.3062,0.928160
-4.1159,-0.3581,138.9685,0.928304
-4.0301,-0.3539,138.6310,0.928444
-3.9438,-0.3505,138.2933,0.928589
-3.8571,-0.3478,137.9558,0.928733
-3.7700,-0.3461,137.6184,0.928878
-3.6825,-0.3452,137.2811,0.929018
-3.5868,-0.3452,136.9133,0.929170
-3.4988,-0.3460,136.5763,0.929314
-3.4107,-0.3474,136.2395,0.929455
-3.3225,-0.3494,135.9027,0.929595
-3.2342,-0.3518,135.5662,0.929739
-3.1462,-0.3544,135.2297,0.929879
-3.0581,-0.3570,134.8930,0.930023
-2.9692,-0.3596,134.5564,0.930168
-2.8793,-0.3619,134.2200,0.930308
-2.7807,-0.3638,133.8535,0.930465
-2.6906,-0.3651,133.5177,0.930605
-2.6014,-0.3656,133.1819,0.930749
-2.5129,-0.3653,132.8461,0.930893
-2.4248,-0.3641,132.5106,0.931033
-2.3371,-0.3621,132.1756,0.931178
-2.2495,-0.3592,131.8408,0.931318
-2.1628,-0.3556,131.5058,0.931462
-2.0765,-0.3512,131.1714,0.931606
-1.9830,-0.3457,130.8065,0.931759
-1.8978,-0.3402,130.4722,0.931903
-1.8125,-0.3343,130.1380,0.932047
-1.7274,-0.3282,129.8040,0.932188
-1.6425,-0.3219,129.4699,0.932332
-1.5583,-0.3156,129.1360,0.932472
-1.4748,-0.3094,128.8019,0.932616
-1.3916,-0.3036,128.4679,0.932761
-1.3084,-0.2982,128.1338,0.932901
-1.2180,-0.2928,127.7694,0.933057
-1.1355,-0.2884,127.4353,0.933202
-1.0533,-0.2846,127.1010,0.933342
-0.9713,-0.2814,126.7666,0.933486
-0.8893,-0.2787,126.4322,0.933626
-0.8070,-0.2766,126.0978,0.933771
-0.7243,-0.2746,125.7632,0.933911
-0.6414,-0.2728,125.4288,0.934055
-0.5582,-0.2713,125.0945,0.934196
-0.4673,-0.2698,124.7298,0.934352
-0.3842,-0.2684,124.3956,0.934497
-0.3013,-0.2669,124.0612,0.934637
-0.2182,-0.2652,123.7268,0.934781
-0.1348,-0.2632,123.3926,0.934921
-0.0515,-0.2609,123.0585,0.935066
0.0311,-0.2582,122.7242,0.935210
0.1134,-0.2550,122.3897,0.935350
0.1955,-0.2512,122.0555,0.935494
0.2770,-0.2470,121.7211,0.935635
0.3658,-0.2421,121.3563,0.935791
0.4472,-0.2373,121.0220,0.935936
0.5285,-0.2323,120.6877,0.936080
0.6092,-0.2274,120.3535,0.936220
0.6895,-0.2224,120.0190,0.936365
0.7695,-0.2177,119.6844,0.936509
0.8497,-0.2132,119.3500,0.936649
0.9297,-0.2091,119.0155,0.936793
1.0163,-0.2051,118.6505,0.936950
1.0953,-0.2019,118.3157,0.937090
1.1743,-0.1993,117.9807,0.937235
1.2534,-0.1973,117.6455,0.937379
1.3324,-0.1959,117.3099,0.937523
1.4111,-0.1950,116.9736,0.937663
1.4901,-0.1946,116.6365,0.937808
1.5700,-0.1946,116.2988,0.937952
1.6507,-0.1949,115.9604,0.938092
1.7391,-0.1955,115.5906,0.938253
1.8198,-0.1960,115.2507,0.938397
1.9003,-0.1965,114.9098,0.938542
1.9813,-0.1968,114.5682,0.938686
2.0623,-0.1966,114.2262,0.938830
2.1429,-0.1958,113.8834,0.938979
2.2227,-0.1944,113.5399,0.939123
2.3024,-0.1922,113.1960,0.939272
2.3819,-0.1891,112.8514,0.939420
2.4609,-0.1852,112.5065,0.939564
2.5461,-0.1799,112.1296,0.939725
2.6234,-0.1741,111.7838,0.939874
2.6998,-0.1678,111.4373,0.940022
2.7757,-0.1608,111.0900,0.940170
2.8515,-0.1532,110.7421,0.940319
2.9270,-0.1452,110.3936,0.940467
3.0027,-0.1370,110.0444,0.940616
3.0781,-0.1286,109.6945,0.940768
3.1605,-0.1197,109.3121,0.940929
3.2365,-0.1117,108.9609,0.941082
3.3129,-0.1043,108.6091,0.941230
3.3899,-0.0974,108.2567,0.941383
3.4674,-0.0917,107.9042,0.941531
3.5455,-0.0869,107.5508,0.941684
3.6244,-0.0831,107.1969,0.941832
3.7041,-0.0802,106.8426,0.941981
3.7846,-0.0782,106.4879,0.942129
3.8735,-0.0771,106.1007,0.942294
3.9558,-0.0770,105.7455,0.942442
4.0389,-0.0775,105.3901,0.942595
4.1228,-0.0787,105.0344,0.942744
4.2078,-0.0802,104.6786,0.942896
4.2937,-0.0822,104.3231,0.943049
4.3807,-0.0845,103.9671,0.943201
4.4686,-0.0866,103.6112,0.943354
4.5571,-0.0884,103.2552,0.943502
4.6541,-0.0898,102.8669,0.943671
4.7431,-0.0905,102.5109,0.943824
4.8318,-0.0906,102.1546,0.943976
4.9209,-0.0899,101.7982,0.944133
5.0106,-0.0885,101.4417,0.944286
5.1007,-0.0863,101.0852,0.944438
5.1910,-0.0838,100.7288,0.944595
5.2817,-0.0808,100.3723,0.944752
5.3726,-0.0773,100.0157,0.944904
5.4718,-0.0732,99.6265,0.945073
5.5630,-0.0692,99.2697,0.945230
5.6547,-0.0652,98.9127,0.945387
5.7469,-0.0613,98.5555,0.945548
5.8399,-0.0576,98.1983,0.945700
5.9338,-0.0543,97.8411,0.945857
6.0285,-0.0514,97.4837,0.946014
6.1242,-0.0492,97.1265,0.946170
6.2212,-0.0477,96.7690,0.946323
6.3283,-0.0466,96.3790,0.946492
6.4279,-0.0460,96.0215,0.946649
6.5285,-0.0458,95.6640,0.946805
6.6300,-0.0459,95.3066,0.946962
6.7321,-0.0461,94.9492,0.947119
6.8348,-0.0463,94.5918,0.947275
6.9380,-0.0463,94.2345,0.947432
7.0415,-0.0459,93.8772,0.947589
7.1451,-0.0453,93.5200,0.947741
7.2487,-0.0441,93.1627,0.947902
7.3612,-0.0421,92.7729,0.948071
7.4639,-0.0395,92.4151,0.948228
7.5667,-0.0362,92.0573,0.948385
7.6699,-0.0322,91.6993,0.948541
7.7733,-0.0276,91.3411,0.948702
7.8769,-0.0225,90.9829,0.948859
7.9804,-0.0171,90.6246,0.949015
8.0832,-0.0115,90.2662,0.949172
8.1852,-0.0061,89.9074,0.949333
8.2960,-0.0005,89.5155,0.949506
8.3977,0.0042,89.1558,0.949663
8.4998,0.0083,88.7959,0.949820
8.6023,0.0117,88.4357,0.949976
8.7049,0.0142,88.0753,0.950137
8.8073,0.0157,87.7146,0.950298
8.9095,0.0162,87.3537,0.950455
9.0113,0.0157,86.9922,0.950615
9.1223,0.0140,86.5974,0.950789
9.2246,0.0115,86.2352,0.950945
9.3275,0.0082,85.8727,0.951106
9.4303,0.0043,85.5102,0.951267
9.5326,0.0001,85.1471,0.951424
9.6349,-0.0043,84.7836,0.951584
9.7374,-0.0086,84.4197,0.951745
9.8406,-0.0126,84.0558,0.951906
9.9439,-0.0160,83.6917,0.952063
10.0557,-0.0191,83.2940,0.952240
10.1574,-0.0212,82.9293,0.952397
10.2582,-0.0224,82.5641,0.952558
10.3588,-0.0226,82.1985,0.952718
10.4594,-0.0218,81.8326,0.952879
10.5601,-0.0201,81.4670,0.953040
10.6603,-0.0175,81.1014,0.953201
10.7596,-0.0142,80.7353,0.953362
10.8581,-0.0103,80.3689,0.953522
10.9652,-0.0055,79.9690,0.953696
11.0627,-0.0011,79.6023,0.953856
11.1596,0.0033,79.2349,0.954017
11.2564,0.0075,78.8671,0.954178
11.3536,0.0115,78.4988,0.954335
11.4514,0.0149,78.1304,0.954500
11.5501,0.0178,77.7618,0.954661
11.6491,0.0201,77.3931,0.954821
11.7483,0.0217,77.0243,0.954982
11.8565,0.0227,76.6217,0.955155
11.9556,0.0228,76.2527,0.955320
12.0546,0.0224,75.8833,0.955477
12.1535,0.0215,75.5138,0.955642
12.2522,0.0204,75.1441,0.955803
12.3509,0.0192,74.7743,0.955964
12.4498,0.0181,74.4043,0.956124
12.5491,0.0171,74.0342,0.956285
12.6486,0.0165,73.6642,0.956450
12.7572,0.0164,73.2607,0.956628
12.8565,0.0166,72.8907,0.956788
12.9554,0.0174,72.5204,0.956949
13.0545,0.0188,72.1502,0.957110
13.1536,0.0207,71.7799,0.957275
13.2522,0.0230,71.4096,0.957436
13.3501,0.0256,71.0389,0.957597
13.4479,0.0284,70.6682,0.957757
13.5455,0.0312,70.2973,0.957922
13.6516,0.0341,69.8927,0.958100
13.7485,0.0362,69.5216,0.958261
13.8450,0.0379,69.1502,0.958425
13.9414,0.0389,68.7785,0.958586
14.0384,0.0391,68.4066,0.958751
14.1360,0.0385,68.0347,0.958912
14.2339,0.0371,67.6627,0.959077
14.3315,0.0348,67.2907,0.959238
14.4285,0.0317,66.9183,0.959399
14.5344,0.0275,66.5118,0.959580
14.6319,0.0230,66.1392,0.959741
14.7294,0.0183,65.7663,0.959906
14.8268,0.0133,65.3932,0.960067
14.9245,0.0085,65.0200,0.960232
15.0224,0.0039,64.6468,0.960392
15.1199,-0.0002,64.2732,0.960557
15.2173,-0.0036,63.8998,0.960718
15.3140,-0.0061,63.5262,0.960883
15.4190,-0.0078,63.1186,0.961060
15.5147,-0.0082,62.7452,0.961225
15.6102,-0.0075,62.3719,0.961386
15.7046,-0.0057,61.9981,0.961547
15.7985,-0.0029,61.6245,0.961712
15.8924,0.0008,61.2510,0.961873
15.9860,0.0053,60.8774,0.962033
16.0795,0.0103,60.5036,0.962198
16.1730,0.0156,60.1296,0.962359
16.2754,0.0215,59.7214,0.962536
16.3704,0.0268,59.3470,0.962697
16.4668,0.0317,58.9725,0.962862
16.5648,0.0360,58.5980,0.963027
16.6644,0.0396,58.2235,0.963188
16.7653,0.0424,57.8491,0.963353
16.8672,0.0441,57.4748,0.963514
16.9696,0.0450,57.1006,0.963679
17.0724,0.0448,56.7264,0.963840
17.1752,0.0437,56.3524,0.964005
17.2871,0.0416,55.9444,0.964182
17.3894,0.0389,55.5704,0.964347
17.4913,0.0358,55.1961,0.964512
17.5934,0.0324,54.8217,0.964673
17.6963,0.0290,54.4472,0.964837
17.7997,0.0256,54.0728,0.965002
17.9033,0.0226,53.6986,0.965167
18.0065,0.0199,53.3242,0.965332
18.1186,0.0177,52.9154,0.965510
18.2216,0.0162,52.5407,0.965670
18.3248,0.0153,52.1659,0.965835
18.4278,0.0151,51.7910,0.966000
18.5305,0.0154,51.4161,0.966165
18.6325,0.0162,51.0407,0.966326
18.7342,0.0173,50.6652,0.966495
18.8362,0.0185,50.2895,0.966660
18.9384,0.0198,49.9137,0.966825
19.0498,0.0211,49.5035,0.967002
19.1518,0.0218,49.1274,0.967167
19.2536,0.0221,48.7512,0.967332
19.3551,0.0218,48.3748,0.967497
19.4563,0.0209,47.9982,0.967662
19.5573,0.0193,47.6215,0.967827
19.6580,0.0172,47.2444,0.967988
19.7588,0.0144,46.8671,0.968157
19.8602,0.0113,46.4897,0.968318
19.9711,0.0075,46.0781,0.968499
20.0724,0.0039,45.7006,0.968664
20.1734,0.0003,45.3228,0.968829
20.2744,-0.0030,44.9449,0.968998
20.3756,-0.0059,44.5672,0.969163
20.4760,-0.0082,44.1893,0.969328
20.5755,-0.0096,43.8114,0.969493
20.6743,-0.0101,43.4333,0.969658
20.7728,-0.0097,43.0551,0.969823
20.8803,-0.0081,42.6427,0.970004
20.9783,-0.0057,42.2646,0.970169
21.0754,-0.0025,41.8863,0.970334
21.1721,0.0013,41.5078,0.970499
21.2687,0.0057,41.1291,0.970664
21.3649,0.0104,40.7502,0.970829
21.4605,0.0153,40.3712,0.970998
21.5555,0.0200,39.9920,0.971163
21.6501,0.0244,39.6121,0.971328
21.7533,0.0285,39.1976,0.971510
21.8483,0.0314,38.8173,0.971671
21.9432,0.0334,38.4372,0.971840
22.0379,0.0341,38.0568,0.972005
22.1321,0.0337,37.6760,0.972170
22.2261,0.0321,37.2949,0.972335
22.3207,0.0295,36.9137,0.972505
22.4156,0.0258,36.5324,0.972670
22.5105,0.0212,36.1511,0.972835
22.6136,0.0155,35.7348,0.973016
22.7081,0.0097,35.3528,0.973186
22.8035,0.0036,34.9707,0.973347
22.9000,-0.0025,34.5886,0.973516
22.9972,-0.0084,34.2065,0.973681
23.0947,-0.0139,33.8244,0.973846
23.1922,-0.0188,33.4420,0.974015
23.2902,-0.0229,33.0595,0.974180
23.3892,-0.0261,32.6770,0.974350
23.4888,-0.0283,32.2948,0.974515
23.5972,-0.0297,31.8780,0.974696
23.6958,-0.0301,31.4958,0.974861
23.7939,-0.0296,31.1136,0.975031
23.8920,-0.0286,30.7317,0.975200
23.9899,-0.0270,30.3497,0.975361
24.0871,-0.0251,29.9677,0.975530
24.1837,-0.0231,29.5858,0.975699
24.2794,-0.0212,29.2033,0.975863
24.3838,-0.0194,28.7857,0.976045
24.4803,-0.0181,28.4028,0.976214
24.5775,-0.0173,28.0199,0.976378
24.6752,-0.0171,27.6368,0.976547
24.7729,-0.0173,27.2539,0.976712
24.8704,-0.0181,26.8709,0.976881
24.9675,-0.0195,26.4879,0.977050
25.0641,-0.0212,26.1046,0.977215
25.1608,-0.0233,25.7211,0.977384
25.2667,-0.0257,25.3027,0.977565
25.3640,-0.0278,24.9192,0.977734
25.4610,-0.0298,24.5356,0.977903
25.5576,-0.0314,24.1516,0.978067
25.6543,-0.0322,23.7675,0.978232
25.7513,-0.0325,23.3834,0.978401
25.8485,-0.0322,22.9993,0.978570
25.9456,-0.0312,22.6152,0.978739
26.0421,-0.0296,22.2309,0.978908
26.1474,-0.0273,21.8112,0.979089
26.2444,-0.0246,21.4264,0.979258
26.3419,-0.0217,21.0416,0.979427
26.4401,-0.0186,20.6564,0.979592
26.5384,-0.0152,20.2715,0.979761
26.6367,-0.0121,19.8866,0.979926
26.7348,-0.0095,19.5016,0.980095
26.8328,-0.0075,19.1165,0.980264
26.9306,-0.0064,18.7312,0.980433
27.0371,-0.0063,18.3108,0.980615
27.1348,-0.0073,17.9253,0.980784
27.2326,-0.0092,17.5397,0.980953
27.3307,-0.0122,17.1539,0.981122
27.4293,-0.0157,16.7677,0.981291
27.5285,-0.0198,16.3818,0.981456
27.6282,-0.0246,15.9960,0.981625
27.7282,-0.0297,15.6103,0.981794
27.8282,-0.0349,15.2245,0.981963
27.9374,-0.0403,14.8034,0.982145
28.0382,-0.0449,14.4175,0.982310
28.1393,-0.0488,14.0317,0.982483
28.2402,-0.0519,13.6461,0.982648
28.3403,-0.0539,13.2605,0.982817
28.4393,-0.0546,12.8749,0.982986
28.5382,-0.0543,12.4897,0.983155
28.6371,-0.0527,12.1043,0.983320
28.7354,-0.0500,11.7190,0.983489
28.8433,-0.0460,11.2990,0.983675
28.9423,-0.0414,10.9141,0.983840
29.0419,-0.0363,10.5292,0.984009
29.1423,-0.0307,10.1444,0.984174
29.2436,-0.0250,9.7598,0.984343
29.3459,-0.0195,9.3753,0.984512
29.4490,-0.0143,8.9909,0.984681
29.5527,-0.0096,8.6067,0.984846
29.6568,-0.0057,8.2227,0.985015
29.7705,-0.0023,7.8038,0.985196
29.8746,-0.0001,7.4198,0.985365
29.9787,0.0011,7.0359,0.985534
30.0825,0.0014,6.6519,0.985703
30.1862,0.0008,6.2683,0.985868
30.2898,-0.0007,5.8844,0.986037
30.3930,-0.0027,5.5005,0.986206
30.4962,-0.0050,5.1162,0.986375
30.5999,-0.0075,4.7320,0.986544
30.7137,-0.0101,4.3129,0.986730
30.8183,-0.0123,3.9289,0.986899
30.9225,-0.0141,3.5449,0.987064
31.0261,-0.0154,3.1607,0.987237
31.1297,-0.0163,2.7767,0.987406
31.2336,-0.0170,2.3925,0.987571
31.3373,-0.0170,2.0083,0.987740
31.4404,-0.0166,1.6239,0.987909
31.5428,-0.0158,1.2393,0.988082
31.6543,-0.0146,0.8197,0.988264
31.7565,-0.0133,0.4349,0.988433
31.8581,-0.0122,0.0501,0.988602
31.9590,-0.0113,-0.3351,0.988771
32.0597,-0.0109,-0.7201,0.988940
32.1609,-0.0115,-1.1057,0.989109
32.2626,-0.0127,-1.4914,0.989282
32.3646,-0.0147,-1.8770,0.989447
32.4666,-0.0175,-2.2627,0.989616
32.5773,-0.0213,-2.6836,0.989802
32.6790,-0.0254,-3.0699,0.989971
32.7816,-0.0300,-3.4562,0.990140
32.8854,-0.0350,-3.8425,0.990309
32.9899,-0.0401,-4.2283,0.990478
33.0947,-0.0455,-4.6141,0.990647
33.1989,-0.0507,-5.0001,0.990816
33.3025,-0.0552,-5.3862,0.990989
33.4060,-0.0591,-5.7719,0.991154
33.5182,-0.0623,-6.1929,0.991340
33.6205,-0.0642,-6.5787,0.991509
33.7226,-0.0650,-6.9643,0.991674
33.8241,-0.0646,-7.3496,0.991843
33.9247,-0.0632,-7.7353,0.992012
34.0249,-0.0612,-8.1206,0.992181
34.1245,-0.0583,-8.5060,0.992350
34.2237,-0.0549,-8.8917,0.992519
34.3223,-0.0510,-9.2779,0.992688
34.4304,-0.0467,-9.6990,0.992865
34.5300,-0.0428,-10.0852,0.993034
34.6300,-0.0393,-10.4715,0.993199
34.7302,-0.0364,-10.8579,0.993360
34.8304,-0.0343,-11.2444,0.993529
34.9303,-0.0334,-11.6307,0.993690
35.0301,-0.0337,-12.0174,0.993859
35.1294,-0.0351,-12.4042,0.994024
35.2283,-0.0377,-12.7912,0.994189
35.3361,-0.0418,-13.2139,0.994370
35.4356,-0.0466,-13.6015,0.994535
35.5357,-0.0522,-13.9891,0.994704
35.6360,-0.0584,-14.3766,0.994869
35.7360,-0.0650,-14.7642,0.995038
35.8356,-0.0720,-15.1520,0.995211
35.9356,-0.0790,-15.5401,0.995380
36.0361,-0.0857,-15.9281,0.995553
36.1368,-0.0920,-16.3162,0.995731
36.2464,-0.0980,-16.7399,0.995916
36.3469,-0.1028,-17.1285,0.996435
36.5490,-0.1098,-17.9058,0.996456
36.6500,-0.1121,-18.2944,0.996610
36.7505,-0.1138,-18.6829,0.996773
36.8505,-0.1150,-19.0719,0.996937
36.9509,-0.1158,-19.4610,0.997104
37.0519,-0.1163,-19.8501,0.997275
37.1628,-0.1168,-20.2746,0.997459
37.2646,-0.1173,-20.6636,0.997633
37.3663,-0.1182,-21.0525,0.997811
37.4674,-0.1195,-21.4401,0.997985
37.5673,-0.1213,-21.8230,0.998156
37.6652,-0.1238,-22.1984,0.998330
37.7611,-0.1271,-22.5657,0.998497
37.8552,-0.1308,-22.9240,0.998661
37.9478,-0.1348,-23.2729,0.998818
38.0472,-0.1393,-23.6422,0.998981
38.1366,-0.1436,-23.9698,0.999124
38.2239,-0.1479,-24.2871,0.999263
38.3085,-0.1519,-24.5939,0.999399
38.3902,-0.1557,-24.8906,0.999521
38.4694,-0.1592,-25.1771,0.999646
38.5465,-0.1624,-25.4535,0.999758
38.6214,-0.1654,-25.7193,0.999873
38.6941,-0.1682,-25.9755,0.999970
38.7709,-0.1707,-26.2436,0.999998
