-48.3243,5.5013,-94.3638,0.000137
-48.4609,5.5013,-94.4963,0.000223
-48.6124,5.5013,-94.6436,0.000326
-48.7635,5.5013,-94.7910,0.000426
-48.8993,5.5013,-94.9237,0.000519
-49.0500,5.5013,-95.0712,0.000619
-49.2004,5.5013,-95.2188,0.000718
-49.3355,5.5013,-95.3517,0.000808
-49.4853,5.5013,-95.4995,0.000906
-49.6349,5.5013,-95.6474,0.001010
-49.7842,5.5013,-95.7954,0.001107
-49.9183,5.5013,-95.9287,0.001197
-50.0522,5.5013,-96.0619,0.001286
-50.2007,5.5013,-96.2099,0.001385
-50.3193,5.5013,-96.3282,0.001464
-50.4675,5.5013,-96.4759,0.001562
-50.6156,5.5013,-96.6231,0.001664
-50.7341,5.5013,-96.7407,0.001742
-50.8822,5.5013,-96.8873,0.001841
-51.0156,5.5013,-97.0189,0.001931
-51.1637,5.5013,-97.1650,0.002028
-51.3119,5.5013,-97.3109,0.002127
-51.4452,5.5013,-97.4421,0.002215
-51.5933,5.5013,-97.5878,0.002314
-51.7413,5.5013,-97.7334,0.002414
-51.8744,5.5013,-97.8643,0.002502
-52.0222,5.5013,-98.0098,0.002597
-52.1551,5.5013,-98.1407,0.002688
-52.2879,5.5013,-98.2714,0.002775
-52.4354,5.5013,-98.4167,0.002873
-52.5828,5.5013,-98.5619,0.002970
-52.7154,5.5013,-98.6924,0.003058
-52.8626,5.5013,-98.8374,0.003154
-52.9951,5.5013,-98.9679,0.003241
-53.1421,5.5013,-99.1128,0.003340
-53.2891,5.5013,-99.2577,0.003436
-53.4065,5.5013,-99.3736,0.003515
-53.5386,5.5013,-99.5041,0.003602
-53.6851,5.5013,-99.6490,0.003696
-53.8023,5.5013,-99.7650,0.003773
-53.9485,5.5013,-99.9100,0.003872
-54.0654,5.5013,-100.0261,0.003948
-54.2114,5.5013,-100.1713,0.004043
-54.3571,5.5013,-100.3165,0.004141
-54.5027,5.5013,-100.4619,0.004237
-54.6479,5.5013,-100.6074,0.004333
-54.7785,5.5013,-100.7385,0.004419
-54.9234,5.5013,-100.8841,0.004516
-55.0680,5.5013,-101.0298,0.004610
-55.1981,5.5013,-101.1609,0.004698
-55.3424,5.5013,-101.3066,0.004793
-55.4866,5.5013,-101.4523,0.004889
-55.6161,5.5013,-101.5834,0.004974
-55.7600,5.5013,-101.7291,0.005070
-55.9036,5.5013,-101.8748,0.005166
-56.0327,5.5013,-102.0060,0.005248
-56.1761,5.5013,-102.1516,0.005346
-56.3192,5.5013,-102.2971,0.005442
-56.4623,5.5013,-102.4425,0.005535
-56.6053,5.5013,-102.5877,0.005631
-56.7482,5.5013,-102.7327,0.005723
-56.8768,5.5013,-102.8630,0.005809
-57.0054,5.5013,-102.9932,0.005896
-57.1483,5.5013,-103.1378,0.005990
-57.2625,5.5013,-103.2533,0.006069
-57.4052,5.5013,-103.3977,0.006162
-57.5336,5.5013,-103.5275,0.006247
-57.6762,5.5013,-103.6717,0.006341
-57.8187,5.5013,-103.8158,0.006437
-57.9611,5.5013,-103.9599,0.006529
-58.0892,5.5013,-104.0895,0.006614
-58.2315,5.5013,-104.2334,0.006711
-58.3736,5.5013,-104.3773,0.006804
-58.5015,5.5013,-104.5068,0.006890
-58.6435,5.5013,-104.6505,0.006985
-58.7854,5.5013,-104.7942,0.007079
-58.9272,5.5013,-104.9379,0.007173
-59.0690,5.5013,-105.0814,0.007269
-59.1964,5.5013,-105.2106,0.007352
-59.3380,5.5013,-105.3541,0.007447
-59.4653,5.5013,-105.4831,0.007529
-59.6067,5.5013,-105.6264,0.007623
-59.7480,5.5013,-105.7697,0.007717
-59.8751,5.5013,-105.8986,0.007804
-60.0163,5.5013,-106.0418,0.007898
-60.1573,5.5013,-106.1849,0.007989
-60.2983,5.5013,-106.3279,0.008084
-60.4251,5.5013,-106.4566,0.008170
-60.5659,5.5013,-106.5995,0.008261
-60.7067,5.5013,-106.7423,0.008359
-60.8332,5.5013,-106.8707,0.008443
-60.9739,5.5013,-107.0133,0.008534
-61.1144,5.5013,-107.1557,0.008630
-61.2409,5.5013,-107.2839,0.008714
-61.3814,5.5013,-107.4261,0.008809
-61.5218,5.5013,-107.5683,0.008902
-61.6482,5.5013,-107.6962,0.008987
-61.7885,5.5013,-107.8383,0.009078
-61.9288,5.5013,-107.9802,0.009172
-62.0409,5.5013,-108.0938,0.009248
-62.1810,5.5013,-108.2356,0.009341
-62.3211,5.5013,-108.3773,0.009432
-62.4611,5.5013,-108.5190,0.009526
-62.5872,5.5013,-108.6466,0.009612
-62.7272,5.5013,-108.7883,0.009703
-62.8672,5.5013,-108.9299,0.009798
-62.9932,5.5013,-109.0574,0.009883
-63.1333,5.5013,-109.1991,0.009975
-63.2733,5.5013,-109.3408,0.010069
-63.3854,5.5013,-109.4541,0.010143
-63.5114,5.5013,-109.5816,0.010226
-63.6514,5.5013,-109.7233,0.010321
-63.7915,5.5013,-109.8650,0.010413
-63.9175,5.5013,-109.9925,0.010497
-64.0575,5.5013,-110.1342,0.010594
-64.1836,5.5013,-110.2617,0.010676
-64.3236,5.5013,-110.4034,0.010768
-64.4637,5.5013,-110.5452,0.010861
-64.5897,5.5013,-110.6728,0.010945
-64.7297,5.5013,-110.8146,0.011040
-64.8697,5.5013,-110.9564,0.011133
-65.0097,5.5013,-111.0981,0.011227
-65.1357,5.5013,-111.2257,0.011310
-65.2757,5.5013,-111.3675,0.011404
-65.3877,5.5013,-111.4810,0.011478
-65.5276,5.5013,-111.6228,0.011573
-65.6676,5.5013,-111.7646,0.011662
-65.8076,5.5013,-111.9064,0.011758
-65.9337,5.5013,-112.0341,0.011844
-66.0738,5.5013,-112.1762,0.011938
-66.2142,5.5013,-112.3184,0.012030
-66.3407,5.5013,-112.4465,0.012113
-66.4816,5.5013,-112.5894,0.012211
-66.5946,5.5013,-112.7039,0.012284
-66.7363,5.5013,-112.8475,0.012381
-66.8783,5.5013,-112.9915,0.012472
-67.0065,5.5013,-113.1215,0.012559
-67.1350,5.5013,-113.2517,0.012646
-67.2781,5.5013,-113.3969,0.012740
-67.4216,5.5013,-113.5424,0.012837
-67.5512,5.5013,-113.6737,0.012921
-67.6955,5.5013,-113.8201,0.013019
-67.8402,5.5013,-113.9670,0.013114
-67.9855,5.5013,-114.1144,0.013213
-68.1312,5.5013,-114.2623,0.013309
-68.2481,5.5013,-114.3810,0.013389
-68.3654,5.5013,-114.5000,0.013467
-68.5125,5.5013,-114.6494,0.013567
-68.6603,5.5013,-114.7995,0.013664
-68.7939,5.5013,-114.9351,0.013752
-68.9431,5.5013,-115.0866,0.013852
-69.0931,5.5013,-115.2390,0.013954
-69.2289,5.5013,-115.3770,0.014044
-69.3806,5.5013,-115.5311,0.014145
-69.5180,5.5013,-115.6707,0.014236
-69.6714,5.5013,-115.8266,0.014339
-69.8257,5.5013,-115.9834,0.014443
-69.9653,5.5013,-116.1254,0.014535
-70.1213,5.5013,-116.2839,0.014639
-70.2782,5.5013,-116.4434,0.014744
-70.4359,5.5013,-116.6038,0.014851
-70.5786,5.5013,-116.7489,0.014947
-70.7381,5.5013,-116.9110,0.015052
-70.8823,5.5013,-117.0577,0.015147
-71.0434,5.5013,-117.2215,0.015257
-71.2054,5.5013,-117.3863,0.015363
-71.3520,5.5013,-117.5353,0.015461
-71.5156,5.5013,-117.7018,0.015574
-71.6802,5.5013,-117.8691,0.015683
-71.8290,5.5013,-118.0205,0.015781
-71.9952,5.5013,-118.1895,0.015893
-72.1623,5.5013,-118.3594,0.016006
-72.3303,5.5013,-118.5302,0.016117
-72.4822,5.5013,-118.6847,0.016220
-72.6519,5.5013,-118.8571,0.016345
-72.8224,5.5013,-119.0305,0.016516
-72.9766,5.5013,-119.1873,0.016653
-73.1488,5.5013,-119.3623,0.016749
-73.3045,5.5013,-119.5206,0.016835
-73.4784,5.5013,-119.6973,0.016902
-73.6356,5.5013,-119.8571,0.016921
-74.6835,5.5013,-120.9225,0.017732
-74.8642,5.5013,-121.1061,0.017833
-75.0274,5.5013,-121.2721,0.017930
-75.2097,5.5013,-121.4573,0.018033
-75.3926,5.5013,-121.6433,0.018138
-75.5579,5.5013,-121.8113,0.018233
-75.7237,5.5013,-121.9799,0.019031
-76.7677,5.5013,-123.0416,0.019058
-76.9560,5.5013,-123.2332,0.019135
-77.1259,5.5013,-123.4061,0.019221
-77.3151,5.5013,-123.5986,0.019349
-77.5047,5.5013,-123.7917,0.019523
-77.6758,5.5013,-123.9659,0.019682
-77.8664,5.5013,-124.1599,0.019813
-78.0574,5.5013,-124.3544,0.019943
-78.2297,5.5013,-124.5299,0.020057
-78.4216,5.5013,-124.7253,0.020187
-78.6140,5.5013,-124.9212,0.020315
-78.8069,5.5013,-125.1177,0.020442
-78.9808,5.5013,-125.2949,0.020560
-79.1745,5.5013,-125.4922,0.020687
-79.3687,5.5013,-125.6899,0.020819
-79.5634,5.5013,-125.8881,0.020950
-79.7390,5.5013,-126.0667,0.021066
-79.9151,5.5013,-126.2456,0.021183
-80.0917,5.5013,-126.4248,0.021302
-80.2883,5.5013,-126.6243,0.021436
-80.4658,5.5013,-126.8042,0.021549
-80.6634,5.5013,-127.0044,0.021683
-80.8616,5.5013,-127.2050,0.021813
-81.0603,5.5013,-127.4059,0.021946
-81.2396,5.5013,-127.5871,0.022068
-81.4393,5.5013,-127.7888,0.022203
-81.6397,5.5013,-127.9910,0.022333
-81.8205,5.5013,-128.1733,0.022456
-82.0219,5.5013,-128.3763,0.022588
-82.2238,5.5013,-128.5798,0.022721
-82.4061,5.5013,-128.7633,0.022844
-82.5684,5.5013,-128.9268,0.022953
-82.7514,5.5013,-129.1112,0.023070
-82.9348,5.5013,-129.2959,0.023194
-83.1186,5.5013,-129.4811,0.023314
-83.3028,5.5013,-129.6667,0.023442
-83.4873,5.5013,-129.8528,0.023562
-83.6928,5.5013,-130.0600,0.023701
-83.8781,5.5013,-130.2469,0.023823
-84.0845,5.5013,-130.4549,0.023960
-84.2913,5.5013,-130.6634,0.024093
-84.4778,5.5013,-130.8514,0.024220
-84.6855,5.5013,-131.0607,0.024361
-84.8728,5.5013,-131.2495,0.024485
-85.0813,5.5013,-131.4596,0.024620
-85.2903,5.5013,-131.6701,0.024759
-85.4997,5.5013,-131.8811,0.024900
-85.6886,5.5013,-132.0713,0.025025
-85.8988,5.5013,-132.2831,0.025166
-86.1096,5.5013,-132.4953,0.025307
-86.2996,5.5013,-132.6867,0.025432
-86.4900,5.5013,-132.8784,0.025558
-86.7020,5.5013,-133.0918,0.025701
-86.8932,5.5013,-133.2842,0.025826
-87.1060,5.5013,-133.4984,0.025968
-87.3193,5.5013,-133.7130,0.026108
-87.5116,5.5013,-133.9065,0.026237
-87.7257,5.5013,-134.1219,0.026377
-87.9402,5.5013,-134.3377,0.026522
-88.1552,5.5013,-134.5539,0.026665
-88.3490,5.5013,-134.7488,0.026792
-88.5432,5.5013,-134.9441,0.026923
-88.7594,5.5013,-135.1615,0.027063
-88.9327,5.5013,-135.3357,0.027175
-89.1496,5.5013,-135.5538,0.027325
-89.3453,5.5013,-135.7504,0.027451
-89.5631,5.5013,-135.9693,0.027594
-89.7594,5.5013,-136.1666,0.027724
-89.9780,5.5013,-136.3862,0.027899
-90.1751,5.5013,-136.5843,0.028000
-90.3726,5.5013,-136.7827,0.028134
-90.5484,5.5013,-136.9593,0.028248
-90.7685,5.5013,-137.1804,0.028398
-90.9669,5.5013,-137.3799,0.028530
-91.1878,5.5013,-137.6018,0.028674
-91.3869,5.5013,-137.8020,0.028810
-91.6084,5.5013,-138.0248,0.028956
-91.8082,5.5013,-138.2258,0.029089
-92.0305,5.5013,-138.4494,0.029236
-92.2533,5.5013,-138.6735,0.029382
-92.4541,5.5013,-138.8755,0.029517
-92.6328,5.5013,-139.0554,0.029637
-92.8565,5.5013,-139.2806,0.029786
-93.0358,5.5013,-139.4611,0.029904
-93.2378,5.5013,-139.6645,0.030035
-93.4401,5.5013,-139.8682,0.030172
-93.6651,5.5013,-140.0950,0.030322
-93.8680,5.5013,-140.2995,0.030458
-94.0938,5.5013,-140.5271,0.030604
-94.2973,5.5013,-140.7323,0.030743
-94.5238,5.5013,-140.9606,0.030893
-94.7507,5.5013,-141.1894,0.031043
-94.9552,5.5013,-141.3957,0.031180
-95.1827,5.5013,-141.6253,0.031335
-95.4106,5.5013,-141.8553,0.031480
-95.6389,5.5013,-142.0856,0.031634
-95.8675,5.5013,-142.3164,0.031784
-96.0736,5.5013,-142.5244,0.031922
-96.3030,5.5013,-142.7560,0.032075
-96.5327,5.5013,-142.9879,0.032229
-96.7398,5.5013,-143.1969,0.032367
-96.9702,5.5013,-143.4295,0.032523
-97.1779,5.5013,-143.6392,0.032662
-97.4091,5.5013,-143.8726,0.032813
-97.6406,5.5013,-144.1063,0.032968
-97.8493,5.5013,-144.3170,0.033105
-98.0815,5.5013,-144.5515,0.033261
-98.3140,5.5013,-144.7863,0.033417
-98.5469,5.5013,-145.0216,0.033568
-98.7802,5.5013,-145.2572,0.033727
-98.9905,5.5013,-145.4696,0.033870
-99.2010,5.5013,-145.6823,0.034008
-99.4354,5.5013,-145.9190,0.034164
-99.6700,5.5013,-146.1560,0.034319
-99.8815,5.5013,-146.3697,0.034461
-100.1168,5.5013,-146.6075,0.034621
-100.3289,5.5013,-146.8218,0.034760
-100.5649,5.5013,-147.0603,0.034921
-100.8013,5.5013,-147.2992,0.035075
-101.0143,5.5013,-147.5145,0.035218
-101.2513,5.5013,-147.7542,0.035373
-101.4649,5.5013,-147.9701,0.035518
-101.7025,5.5013,-148.2105,0.035679
-101.8929,5.5013,-148.4030,0.035803
-102.1311,5.5013,-148.6440,0.035964
-102.3459,5.5013,-148.8613,0.036105
-102.5848,5.5013,-149.1030,0.036268
-102.8240,5.5013,-149.3451,0.036426
-103.0396,5.5013,-149.5633,0.036570
-103.2795,5.5013,-149.8061,0.036732
-103.5197,5.5013,-150.0492,0.036892
-103.7121,5.5013,-150.2440,0.037021
-103.9529,5.5013,-150.4879,0.037183
-104.1941,5.5013,-150.7320,0.037340
-104.4114,5.5013,-150.9521,0.037485
-104.6532,5.5013,-151.1969,0.037646
-104.8710,5.5013,-151.4176,0.037795
-105.1134,5.5013,-151.6632,0.037959
-105.3319,5.5013,-151.8845,0.038102
-105.5749,5.5013,-152.1307,0.038266
-105.7939,5.5013,-152.3526,0.038410
-106.0375,5.5013,-152.5995,0.038574
-106.2815,5.5013,-152.8468,0.038741
-106.5258,5.5013,-153.0944,0.038902
-106.7459,5.5013,-153.3175,0.039050
-106.9909,5.5013,-153.5658,0.039213
-107.2115,5.5013,-153.7896,0.039361
-107.4571,5.5013,-154.0385,0.039525
-107.6783,5.5013,-154.2629,0.039675
-107.9244,5.5013,-154.5125,0.039842
-108.1708,5.5013,-154.7625,0.040004
-108.3929,5.5013,-154.9877,0.040152
-108.6399,5.5013,-155.2384,0.040319
-108.8625,5.5013,-155.4642,0.040469
-109.1102,5.5013,-155.7154,0.040635
-109.3085,5.5013,-155.9167,0.040768
-109.5567,5.5013,-156.1685,0.040937
-109.8052,5.5013,-156.4207,0.041098
-110.0540,5.5013,-156.6733,0.041267
-110.2783,5.5013,-156.9008,0.041419
-110.5277,5.5013,-157.1539,0.041582
-110.7525,5.5013,-157.3820,0.041732
-111.0025,5.5013,-157.6357,0.041898
-111.2279,5.5013,-157.8643,0.042053
-111.4786,5.5013,-158.1186,0.042225
-111.7044,5.5013,-158.3478,0.042375
-111.9557,5.5013,-158.6027,0.042540
-112.2073,5.5013,-158.8580,0.042713
-112.4340,5.5013,-159.0880,0.042864
-112.6862,5.5013,-159.3438,0.043030
-112.9386,5.5013,-159.6000,0.043202
-113.1915,5.5013,-159.8565,0.043371
-113.4446,5.5013,-160.1134,0.043540
-113.6726,5.5013,-160.3448,0.043690
-113.9263,5.5013,-160.6022,0.043859
-114.1295,5.5013,-160.8084,0.044001
-114.3837,5.5013,-161.0664,0.044165
-114.6382,5.5013,-161.3247,0.044335
-114.8676,5.5013,-161.5574,0.044495
-115.0972,5.5013,-161.7904,0.044648
-115.3015,5.5013,-161.9977,0.044784
-115.5571,5.5013,-162.2571,0.044956
-115.8130,5.5013,-162.5168,0.045126
-116.0436,5.5013,-162.7508,0.045282
-116.3001,5.5013,-163.0111,0.045453
-116.5569,5.5013,-163.2717,0.045626
-116.7883,5.5013,-163.5065,0.045780
-117.0456,5.5013,-163.7677,0.045955
-117.2517,5.5013,-163.9769,0.046094
-117.5096,5.5013,-164.2386,0.046268
-117.7678,5.5013,-164.5006,0.046440
-118.0004,5.5013,-164.7366,0.046595
-118.2333,5.5013,-164.9729,0.046750
-118.4664,5.5013,-165.2095,0.046909
-118.7256,5.5013,-165.4726,0.047082
-118.9592,5.5013,-165.7096,0.047240
-119.2190,5.5013,-165.9733,0.047411
-119.4531,5.5013,-166.2108,0.047568
-119.7135,5.5013,-166.4751,0.047742
-119.9742,5.5013,-166.7396,0.047916
-120.2090,5.5013,-166.9779,0.048074
-120.4702,5.5013,-167.2430,0.048247
-120.6794,5.5013,-167.4552,0.048388
-120.9411,5.5013,-167.7208,0.048565
-121.2030,5.5013,-167.9867,0.048739
-121.4391,5.5013,-168.2262,0.048900
-121.7016,5.5013,-168.4927,0.049077
-121.9381,5.5013,-168.7327,0.049232
-122.2011,5.5013,-168.9997,0.049407
-122.4381,5.5013,-169.2402,0.049566
-122.7017,5.5013,-169.5078,0.049742
-122.9391,5.5013,-169.7488,0.049900
-123.2032,5.5013,-170.0168,0.050079
-123.4676,5.5013,-170.2851,0.050257
-123.7322,5.5013,-170.5537,0.050432
-123.9971,5.5013,-170.8226,0.050609
-124.2093,5.5013,-171.0379,0.050754
-124.4747,5.5013,-171.3073,0.050930
-124.7138,5.5013,-171.5500,0.051090
-124.9797,5.5013,-171.8199,0.051267
-125.2193,5.5013,-172.0630,0.051424
-125.4857,5.5013,-172.3335,0.051605
-125.7524,5.5013,-172.6041,0.051783
-125.9927,5.5013,-172.8480,0.051944
-126.2599,5.5013,-173.1192,0.052124
-126.5274,5.5013,-173.3907,0.052303
-126.7683,5.5013,-173.6352,0.052461
-127.0363,5.5013,-173.9072,0.052638
-127.2509,5.5013,-174.1250,0.052787
-127.5193,5.5013,-174.3974,0.052965
-127.7881,5.5013,-174.6701,0.053143
-128.0302,5.5013,-174.9156,0.053306
-128.2995,5.5013,-175.1886,0.053484
-128.5691,5.5013,-175.4619,0.053666
-128.8120,5.5013,-175.7079,0.053826
-129.0823,5.5013,-175.9815,0.054006
-129.3528,5.5013,-176.2553,0.054186
-129.6236,5.5013,-176.5293,0.054368
-129.8947,5.5013,-176.8035,0.054547
-130.1390,5.5013,-177.0505,0.054709
-130.4107,5.5013,-177.3251,0.054894
-130.6826,5.5013,-177.5999,0.055073
-130.9277,5.5013,-177.8474,0.055238
-131.2003,5.5013,-178.1227,0.055417
-131.4458,5.5013,-178.3705,0.055578
-131.7190,5.5013,-178.6462,0.055761
-131.9650,5.5013,-178.8944,0.055925
-132.2387,5.5013,-179.1704,0.056107
-132.5127,5.5013,-179.4466,0.056288
-132.7596,5.5013,-179.6953,0.056452
-133.0341,5.5013,-179.9719,0.056635
-133.3090,5.5013,-180.2487,0.056818
-133.5291,5.5013,-180.4703,0.056962
-133.8045,5.5013,-180.7474,0.057145
-134.0526,5.5013,-180.9970,0.057309
-134.3285,5.5013,-181.2745,0.057491
-134.5771,5.5013,-181.5245,0.057657
-134.8536,5.5013,-181.8024,0.057838
-135.1027,5.5013,-182.0527,0.058005
-135.3797,5.5013,-182.3310,0.058186
-135.6570,5.5013,-182.6095,0.058370
-135.9068,5.5013,-182.8604,0.058534
-136.1846,5.5013,-183.1394,0.058722
-136.4626,5.5013,-183.4186,0.058900
-136.7409,5.5013,-183.6980,0.059087
-136.9916,5.5013,-183.9497,0.059252
-137.2425,5.5013,-184.2016,0.059419
-137.4936,5.5013,-184.4536,0.059584
-137.7728,5.5013,-184.7339,0.059770
-138.0243,5.5013,-184.9863,0.059937
-138.3040,5.5013,-185.2670,0.060120
-138.5840,5.5013,-185.5479,0.060306
-138.8362,5.5013,-185.8009,0.060472
-139.1166,5.5013,-186.0822,0.060659
-139.3692,5.5013,-186.3356,0.060822
-139.6501,5.5013,-186.6173,0.061011
-139.9313,5.5013,-186.8992,0.061195
-140.1845,5.5013,-187.1531,0.061364
-140.4380,5.5013,-187.4072,0.061534
-140.7198,5.5013,-187.6897,0.061717
-141.0019,5.5013,-187.9724,0.061903
-141.2560,5.5013,-188.2270,0.062073
-141.5385,5.5013,-188.5101,0.062259
-141.7930,5.5013,-188.7651,0.062425
-142.0760,5.5013,-189.0486,0.062615
-142.3310,5.5013,-189.3040,0.062784
-142.6144,5.5013,-189.5878,0.062969
-142.8981,5.5013,-189.8720,0.063157
-143.1820,5.5013,-190.1564,0.063345
-143.4377,5.5013,-190.4125,0.063515
-143.7220,5.5013,-190.6973,0.063702
-143.9781,5.5013,-190.9538,0.063871
-144.2629,5.5013,-191.2390,0.064059
-144.5193,5.5013,-191.4959,0.064230
-144.7760,5.5013,-191.7530,0.064398
-145.0327,5.5013,-192.0103,0.064567
-145.3183,5.5013,-192.2964,0.064755
-145.5754,5.5013,-192.5540,0.064925
-145.8614,5.5013,-192.8405,0.065116
-146.1475,5.5013,-193.1271,0.065306
-146.4339,5.5013,-193.4140,0.065496
-146.6918,5.5013,-193.6723,0.065662
-146.9786,5.5013,-193.9596,0.065855
-147.2369,5.5013,-194.2183,0.066024
-147.5241,5.5013,-194.5059,0.066216
-147.7827,5.5013,-194.7650,0.066388
-148.0703,5.5013,-195.0530,0.066574
-148.3293,5.5013,-195.3125,0.066748
-148.6172,5.5013,-195.6010,0.066936
-148.8766,5.5013,-195.8608,0.067109
-149.1649,5.5013,-196.1497,0.067300
-149.4535,5.5013,-196.4389,0.067492
-149.6844,5.5013,-196.6703,0.067645
-149.9444,5.5013,-196.9309,0.067818
-150.2335,5.5013,-197.2207,0.068008
-150.4938,5.5013,-197.4817,0.068182
-150.7831,5.5013,-197.7719,0.068372
-151.0437,5.5013,-198.0333,0.068544
-151.3334,5.5013,-198.3240,0.068736
-151.6233,5.5013,-198.6149,0.068929
-151.8843,5.5013,-198.8769,0.069102
-152.1745,5.5013,-199.1683,0.069292
-152.4358,5.5013,-199.4307,0.069468
-152.6682,5.5013,-199.6641,0.069620
-152.9589,5.5013,-199.9561,0.069810
-153.2497,5.5013,-200.2483,0.070006
-153.5116,5.5013,-200.5115,0.070179
-153.8027,5.5013,-200.8041,0.070371
-154.0649,5.5013,-201.0677,0.070546
-154.3564,5.5013,-201.3607,0.070738
-154.6188,5.5013,-201.6245,0.070913
-154.9107,5.5013,-201.9179,0.071106
-155.1735,5.5013,-202.1820,0.071283
-155.4657,5.5013,-202.4757,0.071477
-155.6996,5.5013,-202.7107,0.071629
-155.9922,5.5013,-203.0047,0.071825
-156.2556,5.5013,-203.2695,0.071996
-156.5486,5.5013,-203.5638,0.072190
-156.8124,5.5013,-203.8289,0.072368
-157.1057,5.5013,-204.1236,0.072562
-157.3698,5.5013,-204.3889,0.072735
-157.6635,5.5013,-204.6839,0.072927
-157.9280,5.5013,-204.9496,0.073104
-158.2220,5.5013,-205.2450,0.073300
-158.5163,5.5013,-205.5405,0.073491
-158.7812,5.5013,-205.8067,0.073669
-159.0464,5.5013,-206.0730,0.073846
-159.3412,5.5013,-206.3690,0.074045
-159.6361,5.5013,-206.6653,0.074240
-159.9017,5.5013,-206.9320,0.074415
-160.1971,5.5013,-207.2286,0.074611
-160.4630,5.5013,-207.4956,0.074788
-160.7587,5.5013,-207.7925,0.074982
-161.0250,5.5013,-208.0599,0.075158
-161.2914,5.5013,-208.3274,0.075335
-161.5876,5.5013,-208.6248,0.075532
-161.8543,5.5013,-208.8926,0.075710
-162.1509,5.5013,-209.1904,0.075905
-162.4476,5.5013,-209.4883,0.076103
-162.6852,5.5013,-209.7267,0.076260
-162.9525,5.5013,-209.9951,0.076437
-163.2199,5.5013,-210.2637,0.076617
-163.5173,5.5013,-210.5623,0.076814
-163.7850,5.5013,-210.8312,0.076989
-164.0827,5.5013,-211.1301,0.077186
-164.3508,5.5013,-211.3993,0.077366
-164.6488,5.5013,-211.6985,0.077563
-164.9171,5.5013,-211.9680,0.077739
-165.2155,5.5013,-212.2677,0.077938
-165.4841,5.5013,-212.5375,0.078116
-165.7827,5.5013,-212.8375,0.078314
-166.0815,5.5013,-213.1378,0.078512
-166.3804,5.5013,-213.4382,0.078711
-166.6495,5.5013,-213.7088,0.078890
-166.9487,5.5013,-214.0097,0.079087
-167.2180,5.5013,-214.2807,0.079267
-167.5174,5.5013,-214.5820,0.079466
-167.7869,5.5013,-214.8534,0.079645
-168.0865,5.5013,-215.1551,0.079844
-168.3563,5.5013,-215.4269,0.080022
-168.6261,5.5013,-215.6988,0.080203
-168.9261,5.5013,-216.0011,0.080402
-169.2262,5.5013,-216.3036,0.080598
-169.4964,5.5013,-216.5760,0.080778
-169.7967,5.5013,-216.8789,0.080979
-170.0972,5.5013,-217.1820,0.081179
-170.3677,5.5013,-217.4550,0.081359
-170.6684,5.5013,-217.7584,0.081557
-170.9391,5.5013,-218.0317,0.081738
-171.2400,5.5013,-218.3356,0.081937
-171.5411,5.5013,-218.6396,0.082138
-171.8121,5.5013,-218.9133,0.082317
-172.1135,5.5013,-219.2176,0.082517
-172.3848,5.5013,-219.4917,0.082700
-172.6865,5.5013,-219.7963,0.082901
-172.9882,5.5013,-220.1011,0.083099
-173.2599,5.5013,-220.3756,0.083283
-173.5619,5.5013,-220.6808,0.083482
-173.8339,5.5013,-220.9556,0.083666
-174.1059,5.5013,-221.2305,0.083843
-174.4083,5.5013,-221.5361,0.084044
-174.7109,5.5013,-221.8419,0.084247
-174.9833,5.5013,-222.1173,0.084428
-175.2861,5.5013,-222.4235,0.084629
-175.5588,5.5013,-222.6992,0.084809
-175.8618,5.5013,-223.0056,0.085011
-176.1651,5.5013,-223.3122,0.085214
-176.4381,5.5013,-223.5883,0.085398
-176.7416,5.5013,-223.8953,0.085598
-177.0148,5.5013,-224.1716,0.085780
-177.3186,5.5013,-224.4789,0.085983
-177.5921,5.5013,-224.7556,0.086163
-177.8657,5.5013,-225.0324,0.086348
-178.1698,5.5013,-225.3401,0.086549
-178.4741,5.5013,-225.6480,0.086753
-178.7480,5.5013,-225.9252,0.086937
-179.0526,5.5013,-226.2334,0.087142
-179.3268,5.5013,-226.5109,0.087321
-179.6315,5.5013,-226.8194,0.087524
-179.9364,5.5013,-227.1281,0.087728
-180.2110,5.5013,-227.4060,0.087911
-180.4857,5.5013,-227.6841,0.088094
-180.7604,5.5013,-227.9622,0.088276
-181.0658,5.5013,-228.2715,0.088480
-181.3408,5.5013,-228.5499,0.088663
-181.6465,5.5013,-228.8594,0.088867
-181.9217,5.5013,-229.1381,0.089051
-182.1971,5.5013,-229.4170,0.089234
-182.5031,5.5013,-229.7270,0.089443
-182.7786,5.5013,-230.0061,0.089623
-183.0849,5.5013,-230.3164,0.089831
-183.3913,5.5013,-230.6269,0.090031
-183.6978,5.5013,-230.9375,0.090241
-183.9738,5.5013,-231.2171,0.090424
-184.2806,5.5013,-231.5281,0.090626
-184.5568,5.5013,-231.8080,0.090812
-184.8331,5.5013,-232.0881,0.090996
-185.1402,5.5013,-232.3994,0.091203
-185.4168,5.5013,-232.6798,0.091387
-185.7241,5.5013,-232.9914,0.091591
-186.0008,5.5013,-233.2720,0.091775
-186.3084,5.5013,-233.5839,0.091982
-186.5854,5.5013,-233.8647,0.092165
-186.8932,5.5013,-234.1769,0.092375
-187.2012,5.5013,-234.4892,0.092579
-187.4785,5.5013,-234.7704,0.092763
-187.7867,5.5013,-235.0830,0.092977
-188.0642,5.5013,-235.3645,0.093158
-188.3418,5.5013,-235.6461,0.093345
-188.6503,5.5013,-235.9591,0.093553
-188.9590,5.5013,-236.2722,0.093756
-189.2368,5.5013,-236.5541,0.093940
-189.5456,5.5013,-236.8673,0.094146
-189.8234,5.5013,-237.1492,0.094332
-190.1320,5.5013,-237.4624,0.094540
-190.4407,5.5013,-237.7755,0.094744
-190.7183,5.5013,-238.0572,0.094931
-191.0264,5.5013,-238.3698,0.095136
-191.3032,5.5013,-238.6506,0.095323
-191.6099,5.5013,-238.9618,0.095525
-191.8852,5.5013,-239.2410,0.095711
-192.1903,5.5013,-239.5504,0.095914
-192.4641,5.5013,-239.8281,0.096097
-192.7674,5.5013,-240.1358,0.096303
-193.0397,5.5013,-240.4119,0.096483
-193.3414,5.5013,-240.7178,0.096686
-193.6422,5.5013,-241.0229,0.096884
-193.9122,5.5013,-241.2966,0.097069
-194.2114,5.5013,-241.5999,0.097266
-194.5097,5.5013,-241.9024,0.097466
-194.7774,5.5013,-242.1738,0.097644
-195.0444,5.5013,-242.4446,0.097824
-195.3403,5.5013,-242.7445,0.098021
-195.6059,5.5013,-243.0137,0.098198
-195.9001,5.5013,-243.3120,0.098394
-196.1643,5.5013,-243.5797,0.098574
-196.4570,5.5013,-243.8764,0.098766
-196.6905,5.5013,-244.1130,0.098926
-196.9817,5.5013,-244.4081,0.099118
-197.2720,5.5013,-244.7024,0.099314
-197.5037,5.5013,-244.9371,0.099473
-197.7925,5.5013,-245.2298,0.099666
-198.0518,5.5013,-245.4925,0.099836
-198.3104,5.5013,-245.7545,0.100011
-198.5970,5.5013,-246.0448,0.100202
-198.8542,5.5013,-246.3054,0.100370
-199.1392,5.5013,-246.5941,0.100563
-199.3951,5.5013,-246.8532,0.100732
-199.6786,5.5013,-247.1404,0.100922
-199.9330,5.5013,-247.3981,0.101088
-200.2150,5.5013,-247.6836,0.101280
-200.4962,5.5013,-247.9684,0.101468
-200.7486,5.5013,-248.2240,0.101637
-201.0283,5.5013,-248.5071,0.101822
-201.2794,5.5013,-248.7613,0.101992
-201.5298,5.5013,-249.0148,0.102159
-201.8073,5.5013,-249.2958,0.102343
-202.0565,5.5013,-249.5479,0.102510
-202.3049,5.5013,-249.7994,0.102677
-202.5528,5.5013,-250.0502,0.102842
-202.8000,5.5013,-250.3004,0.103007
-203.0740,5.5013,-250.5777,0.103189
-203.3200,5.5013,-250.8265,0.103354
-203.5926,5.5013,-251.1022,0.103538
-203.8644,5.5013,-251.3772,0.103717
-204.1084,5.5013,-251.6239,0.103882
-204.3788,5.5013,-251.8974,0.104066
-204.6485,5.5013,-252.1701,0.104233
-204.8906,5.5013,-252.4148,0.104405
-205.1589,5.5013,-252.6860,0.104585
-205.3997,5.5013,-252.9294,0.104744
-205.6666,5.5013,-253.1991,0.104919
-205.9062,5.5013,-253.4412,0.105077
-206.1718,5.5013,-253.7095,0.105255
-206.3837,5.5013,-253.9236,0.105392
-206.6479,5.5013,-254.1906,0.105571
-206.9115,5.5013,-254.4567,0.105748
-207.1481,5.5013,-254.6957,0.105905
-207.3841,5.5013,-254.9340,0.106062
-207.6456,5.5013,-255.1981,0.106233
-207.8804,5.5013,-255.4351,0.106392
-208.1407,5.5013,-255.6978,0.106563
-208.3743,5.5013,-255.9335,0.106715
-208.6332,5.5013,-256.1948,0.106891
-208.8656,5.5013,-256.4293,0.107047
-209.0975,5.5013,-256.6632,0.107200
-209.3545,5.5013,-256.9224,0.107373
-209.6109,5.5013,-257.1809,0.107540
-209.8154,5.5013,-257.3871,0.107676
-210.0451,5.5013,-257.6186,0.107830
-210.2996,5.5013,-257.8750,0.108001
-210.5535,5.5013,-258.1306,0.108167
-210.7816,5.5013,-258.3599,0.108319
-211.0344,5.5013,-258.6139,0.108487
-211.2615,5.5013,-258.8418,0.108638
-211.4880,5.5013,-259.0690,0.108788
-211.7392,5.5013,-259.3208,0.108957
-211.9898,5.5013,-259.5719,0.109119
-212.2148,5.5013,-259.7971,0.109269
-212.4643,5.5013,-260.0468,0.109433
-212.7132,5.5013,-260.2956,0.109597
-212.9367,5.5013,-260.5189,0.109742
-213.1845,5.5013,-260.7663,0.109909
-213.4071,5.5013,-260.9882,0.110055
-213.6539,5.5013,-261.2341,0.110218
-213.8755,5.5013,-261.4548,0.110366
-214.1212,5.5013,-261.6993,0.110526
-214.3418,5.5013,-261.9187,0.110672
-214.5620,5.5013,-262.1375,0.110818
-214.8062,5.5013,-262.3799,0.110979
-215.0497,5.5013,-262.6216,0.111136
-215.2685,5.5013,-262.8385,0.111284
-215.5110,5.5013,-263.0788,0.111442
-215.7289,5.5013,-263.2945,0.111585
-215.9462,5.5013,-263.5096,0.111731
-216.1872,5.5013,-263.7479,0.111889
-216.4037,5.5013,-263.9618,0.112029
-216.6436,5.5013,-264.1987,0.112189
-216.8591,5.5013,-264.4113,0.112333
-217.0742,5.5013,-264.6234,0.112469
-217.3127,5.5013,-264.8584,0.112626
-217.5268,5.5013,-265.0693,0.112765
-217.7643,5.5013,-265.3029,0.112922
-218.0012,5.5013,-265.5357,0.113077
-218.2141,5.5013,-265.7446,0.113214
-218.4501,5.5013,-265.9759,0.113369
-218.6622,5.5013,-266.1833,0.113509
-218.8974,5.5013,-266.4131,0.113661
-219.1322,5.5013,-266.6420,0.113817
-219.3432,5.5013,-266.8473,0.113952
-219.5538,5.5013,-267.0521,0.114089
-219.7874,5.5013,-267.2788,0.114242
-219.9973,5.5013,-267.4822,0.114380
-220.2301,5.5013,-267.7075,0.114532
-220.4624,5.5013,-267.9321,0.114685
-220.6712,5.5013,-268.1336,0.114820
-220.9027,5.5013,-268.3568,0.114971
-221.1338,5.5013,-268.5792,0.115120
-221.3414,5.5013,-268.7788,0.115254
-221.5716,5.5013,-268.9999,0.115402
-221.8015,5.5013,-269.2203,0.115551
-222.0080,5.5013,-269.4180,0.115686
-222.2370,5.5013,-269.6370,0.115831
-222.4655,5.5013,-269.8553,0.115979
-222.6709,5.5013,-270.0511,0.116112
-222.8986,5.5013,-270.2682,0.116260
-223.1032,5.5013,-270.4629,0.116391
-223.3301,5.5013,-270.6786,0.116538
-223.5566,5.5013,-270.8936,0.116682
-223.7601,5.5013,-271.0865,0.116818
-223.9632,5.5013,-271.2789,0.116947
-224.1885,5.5013,-271.4921,0.117095
-224.3909,5.5013,-271.6834,0.117223
-224.6153,5.5013,-271.8953,0.117367
-224.8169,5.5013,-272.0855,0.117497
-225.0405,5.5013,-272.2963,0.117638
-225.2413,5.5013,-272.4855,0.117768
-225.4640,5.5013,-272.6953,0.117908
-225.6862,5.5013,-272.9044,0.118052
-225.9079,5.5013,-273.1130,0.118193
-226.1144,5.5019,-273.2929,0.118320
-226.3330,5.5059,-273.5024,0.118464
-226.5313,5.5062,-273.6885,0.118593
-226.7511,5.5065,-273.8949,0.118729
-226.9488,5.5067,-274.0801,0.118857
-227.1681,5.5070,-274.2854,0.118999
-227.3650,5.5073,-274.4696,0.119124
-227.5831,5.5076,-274.6739,0.119262
-227.7790,5.5079,-274.8574,0.119388
-227.9961,5.5082,-275.0608,0.119528
-228.1912,5.5085,-275.2435,0.119655
-228.4075,5.5088,-275.4460,0.119792
-228.6231,5.5091,-275.6480,0.119927
-228.8168,5.5093,-275.8294,0.120053
-229.0315,5.5096,-276.0306,0.120195
-229.2247,5.5098,-276.2115,0.120312
-229.4388,5.5101,-276.4123,0.120448
-229.6310,5.5104,-276.5926,0.120571
-229.8226,5.5106,-276.7724,0.120697
-230.0348,5.5109,-276.9718,0.120829
-230.2252,5.5112,-277.1510,0.120949
-230.4363,5.5114,-277.3497,0.121087
-230.6259,5.5117,-277.5283,0.121208
-230.8359,5.5120,-277.7263,0.121340
-231.0245,5.5122,-277.9041,0.121465
-231.2335,5.5125,-278.1013,0.121598
-231.4211,5.5127,-278.2785,0.121716
-231.6083,5.5129,-278.4553,0.121833
-231.8158,5.5132,-278.6513,0.121969
-232.0021,5.5134,-278.8275,0.122089
-232.2086,5.5137,-279.0227,0.122224
-232.3940,5.5139,-279.1981,0.122337
-232.5790,5.5141,-279.3732,0.122459
-232.7839,5.5143,-279.5674,0.122595
-232.9680,5.5144,-279.7418,0.122710
-233.1721,5.5145,-279.9352,0.122842
-233.3553,5.5147,-280.1089,0.122959
-233.5583,5.5148,-280.3017,0.123090
-233.7406,5.5149,-280.4748,0.123205
-233.9225,5.5150,-280.6477,0.123320
-234.1240,5.5151,-280.8394,0.123449
-234.3049,5.5152,-281.0116,0.123565
-234.4855,5.5153,-281.1836,0.123682
-234.6855,5.5155,-281.3743,0.123812
-234.8652,5.5156,-281.5457,0.123927
-235.0643,5.5157,-281.7357,0.124054
-235.2629,5.5158,-281.9254,0.124182
-235.4411,5.5159,-282.0957,0.124299
-235.6387,5.5160,-282.2848,0.124428
-235.8358,5.5161,-282.4734,0.124557
-236.0128,5.5161,-282.6428,0.124673
-236.2090,5.5162,-282.8307,0.124797
-236.3850,5.5163,-282.9996,0.124906
-236.5802,5.5164,-283.1869,0.125034
-236.7555,5.5166,-283.3551,0.125147
-236.9497,5.5167,-283.5417,0.125274
-237.1241,5.5168,-283.7094,0.125385
-237.3174,5.5169,-283.8954,0.125513
-237.5102,5.5171,-284.0811,0.125637
-237.6832,5.5172,-284.2480,0.125749
-237.8750,5.5173,-284.4331,0.125870
-238.0472,5.5174,-284.5993,0.125982
-238.2190,5.5175,-284.7654,0.126091
-238.4094,5.5176,-284.9496,0.126218
-238.5803,5.5177,-285.1151,0.126329
-238.7508,5.5178,-285.2803,0.126438
-238.9397,5.5179,-285.4637,0.126563
-239.1094,5.5180,-285.6283,0.126672
-239.2975,5.5181,-285.8110,0.126789
-239.4663,5.5182,-285.9752,0.126904
-239.6534,5.5182,-286.1573,0.127023
-239.8214,5.5183,-286.3209,0.127136
-240.0076,5.5184,-286.5025,0.127255
-240.1933,5.5185,-286.6837,0.127379
-240.3600,5.5185,-286.8466,0.127484
-240.5448,5.5185,-287.0274,0.127605
-240.7106,5.5185,-287.1900,0.127711
-240.8759,5.5185,-287.3524,0.127821
-241.0592,5.5185,-287.5327,0.127941
-241.2418,5.5185,-287.7128,0.128057
-241.4057,5.5185,-287.8747,0.128166
-241.5873,5.5185,-288.0544,0.128283
-241.7322,5.5185,-288.1980,0.128376
-241.8768,5.5185,-288.3415,0.128470
-242.0570,5.5184,-288.5206,0.128589
-242.2188,5.5184,-288.6816,0.128694
-242.3980,5.5184,-288.8604,0.128814
-242.5766,5.5183,-289.0389,0.128927
-242.7370,5.5183,-289.1994,0.129029
-242.9146,5.5182,-289.3777,0.129151
-243.0740,5.5182,-289.5378,0.129251
-243.2506,5.5181,-289.7157,0.129370
-243.4267,5.5180,-289.8933,0.129486
-243.5848,5.5179,-290.0532,0.129591
-243.7423,5.5179,-290.2130,0.129691
-243.9164,5.5176,-290.3904,0.129808
-244.0728,5.5172,-290.5501,0.129909
-244.2286,5.5168,-290.7098,0.130010
-244.4013,5.5164,-290.8871,0.130124
-244.5562,5.5159,-291.0465,0.130228
-244.7106,5.5155,-291.2058,0.130328
-244.8816,5.5151,-291.3826,0.130436
-245.0351,5.5146,-291.5414,0.130537
-245.2051,5.5141,-291.7179,0.130653
-245.3577,5.5137,-291.8765,0.130749
-245.5267,5.5132,-292.0526,0.130858
-245.6952,5.5127,-292.2285,0.130970
-245.8296,5.5123,-292.3691,0.131054
-245.9971,5.5118,-292.5446,0.131168
-246.1474,5.5113,-292.7025,0.131264
-246.3140,5.5108,-292.8778,0.131375
-246.4634,5.5103,-293.0354,0.131474
-246.6289,5.5098,-293.2103,0.131582
-246.7775,5.5093,-293.3676,0.131682
-246.9420,5.5087,-293.5423,0.131786
-247.0896,5.5083,-293.6993,0.131889
-247.2532,5.5077,-293.8736,0.131995
-247.4162,5.5071,-294.0476,0.132101
-247.5625,5.5066,-294.2042,0.132196
-247.7085,5.5061,-294.3606,0.132292
-247.8539,5.5056,-294.5169,0.132385
-248.0110,5.5013,-294.6948,0.132496
-248.1720,5.5013,-294.8678,0.132600
-248.3164,5.5013,-295.0235,0.132700
-248.4761,5.5013,-295.1965,0.132805
-248.6192,5.5013,-295.3522,0.132898
-248.7778,5.5013,-295.5251,0.133004
-248.9203,5.5013,-295.6806,0.133096
-249.0784,5.5013,-295.8535,0.133199
-249.2356,5.5013,-296.0260,0.133310
-249.3920,5.5013,-296.1983,0.133407
-249.5322,5.5013,-296.3535,0.133504
-249.6875,5.5013,-296.5256,0.133610
-249.8269,5.5013,-296.6804,0.133707
-249.9814,5.5013,-296.8521,0.133806
-250.1200,5.5013,-297.0064,0.133899
-250.2582,5.5013,-297.1607,0.133995
-250.4113,5.5013,-297.3319,0.134099
-250.5639,5.5013,-297.5031,0.134193
-250.7008,5.5013,-297.6569,0.134285
-250.8524,5.5013,-297.8279,0.134384
-251.0035,5.5013,-297.9986,0.134485
-251.1390,5.5013,-298.1522,0.134575
-251.2740,5.5013,-298.3058,0.134669
-251.4086,5.5013,-298.4593,0.134752
-251.5577,5.5013,-298.6298,0.134851
-251.6914,5.5013,-298.7831,0.134937
-251.8395,5.5013,-298.9535,0.135037
-251.9869,5.5013,-299.1241,0.135128
-252.1336,5.5013,-299.2949,0.135222
-252.2504,5.5012,-299.4318,0.135295
-252.3813,5.5012,-299.5858,0.135384
-252.5259,5.5012,-299.7571,0.135473
-252.6698,5.5012,-299.9286,0.135567
-252.7986,5.5012,-300.0829,0.135649
-252.9270,5.5012,-300.2372,0.135731
-253.0548,5.5012,-300.3915,0.135816
-253.1962,5.5012,-300.5629,0.135908
-253.3229,5.5012,-300.7171,0.135990
-253.4631,5.5012,-300.8884,0.136083
-253.5887,5.5012,-301.0426,0.136160
-253.7277,5.5012,-301.2140,0.136253
-253.8383,5.5012,-301.3510,0.136328
-253.9760,5.5012,-301.5225,0.136409
-254.0994,5.5012,-301.6769,0.136491
-254.2358,5.5012,-301.8487,0.136578
-254.3713,5.5012,-302.0206,0.136660
-254.4792,5.5012,-302.1583,0.136733
-254.6133,5.5012,-302.3307,0.136819
-254.7465,5.5012,-302.5036,0.136906
-254.8655,5.5012,-302.6594,0.136983
-254.9968,5.5012,-302.8329,0.137065
-255.1271,5.5012,-303.0068,0.137150
-255.2563,5.5012,-303.1811,0.137235
-255.3719,5.5012,-303.3383,0.137310
-255.4992,5.5012,-303.5131,0.137392
-255.6131,5.5012,-303.6707,0.137464
-255.7385,5.5012,-303.8462,0.137551
-255.8630,5.5012,-304.0220,0.137633
-255.9618,5.5012,-304.1630,0.137703
-256.0720,5.5012,-304.3218,0.137769
-256.1814,5.5012,-304.4810,0.137843
-256.3019,5.5012,-304.6581,0.137922
-256.4094,5.5012,-304.8178,0.137996
-256.5278,5.5012,-304.9954,0.138078
-256.6335,5.5012,-305.1555,0.138148
-256.7500,5.5012,-305.3334,0.138226
-256.8655,5.5012,-305.5116,0.138304
-256.9686,5.5012,-305.6721,0.138379
-257.0822,5.5012,-305.8506,0.138456
-257.1724,5.5012,-305.9937,0.138516
-257.2730,5.5012,-306.1548,0.138589
-257.3727,5.5012,-306.3161,0.138664
-257.4825,5.5012,-306.4957,0.138742
-257.5911,5.5012,-306.6758,0.138816
-257.6983,5.5012,-306.8563,0.138889
-257.7938,5.5012,-307.0193,0.138965
-257.8985,5.5012,-307.2008,0.139036
-257.9915,5.5012,-307.3645,0.139111
-258.0937,5.5012,-307.5468,0.139186
-258.1945,5.5012,-307.7293,0.139259
-258.2842,5.5012,-307.8939,0.139324
-258.3828,5.5012,-308.0768,0.139401
-258.4705,5.5012,-308.2418,0.139470
-258.5667,5.5012,-308.4251,0.139547
-258.6618,5.5012,-308.6087,0.139620
-258.7464,5.5012,-308.7741,0.139689
-258.8394,5.5012,-308.9583,0.139763
-258.9224,5.5012,-309.1246,0.139836
-259.0139,5.5012,-309.3101,0.139904
-259.1046,5.5012,-309.4966,0.139977
-259.1856,5.5012,-309.6652,0.140052
-259.2749,5.5012,-309.8535,0.140125
-259.3547,5.5012,-310.0238,0.140199
-259.4425,5.5012,-310.2139,0.140271
-259.5296,5.5012,-310.4051,0.140350
-259.6159,5.5012,-310.5973,0.140424
-259.6928,5.5012,-310.7711,0.140489
-259.7776,5.5012,-310.9650,0.140573
-259.8533,5.5012,-311.1404,0.140641
-259.9365,5.5012,-311.3362,0.140719
-260.0107,5.5012,-311.5133,0.140798
-260.0924,5.5012,-311.7110,0.140876
-260.1651,5.5012,-311.8897,0.140957
-260.2452,5.5012,-312.0892,0.141030
-260.3243,5.5012,-312.2897,0.141112
-260.3948,5.5012,-312.4709,0.141182
-260.4722,5.5012,-312.6731,0.141256
-260.5488,5.5012,-312.8762,0.141343
-260.6170,5.5012,-313.0599,0.141424
-260.6920,5.5012,-313.2646,0.141501
-260.7661,5.5012,-313.4704,0.141593
-260.8319,5.5012,-313.6562,0.141665
-260.9043,5.5012,-313.8636,0.141748
-260.9758,5.5012,-314.0719,0.141831
-261.0394,5.5012,-314.2600,0.141907
-261.1093,5.5012,-314.4697,0.141990
-261.1646,5.5012,-314.6382,0.142058
-261.2330,5.5012,-314.8493,0.142148
-261.3006,5.5012,-315.0613,0.142232
-261.3674,5.5012,-315.2740,0.142312
-261.4334,5.5012,-315.4876,0.142403
-261.4921,5.5012,-315.6805,0.142482
-261.5564,5.5012,-315.8957,0.142565
-261.6135,5.5012,-316.0899,0.142656
-261.6761,5.5012,-316.3065,0.142734
-261.7316,5.5012,-316.5022,0.142815
-261.7923,5.5012,-316.7202,0.142902
-261.8462,5.5012,-316.9171,0.142975
-261.9051,5.5012,-317.1366,0.143058
-261.9631,5.5012,-317.3568,0.143150
-262.0145,5.5012,-317.5555,0.143232
-262.0707,5.5012,-317.7769,0.143316
-262.1260,5.5012,-317.9991,0.143406
-262.1751,5.5012,-318.1995,0.143487
-262.2288,5.5012,-318.4227,0.143570
-262.2713,5.5012,-318.6017,0.143636
-262.3237,5.5012,-318.8259,0.143718
-262.3755,5.5012,-319.0507,0.143810
-262.4214,5.5012,-319.2535,0.143883
-262.4717,5.5012,-319.4795,0.143964
-262.5211,5.5012,-319.7061,0.144056
-262.5697,5.5012,-319.9334,0.144143
-262.6126,5.5012,-320.1385,0.144214
-262.6594,5.5012,-320.3669,0.144301
-262.7052,5.5012,-320.5958,0.144388
-262.7457,5.5012,-320.8023,0.144461
-262.7899,5.5012,-321.0322,0.144550
-262.8289,5.5012,-321.2396,0.144629
-262.8714,5.5012,-321.4703,0.144702
-262.9088,5.5012,-321.6783,0.144790
-262.9496,5.5012,-321.9097,0.144872
-262.9855,5.5012,-322.1183,0.144944
-263.0246,5.5012,-322.3504,0.145030
-263.0627,5.5012,-322.5827,0.145109
-263.1000,5.5012,-322.8155,0.145200
-263.1327,5.5012,-323.0254,0.145271
-263.1682,5.5012,-323.2588,0.145353
-263.1993,5.5012,-323.4692,0.145429
-263.2330,5.5012,-323.7032,0.145509
-263.2625,5.5012,-323.9142,0.145585
-263.2943,5.5012,-324.1490,0.145668
-263.3222,5.5012,-324.3605,0.145753
-263.3493,5.5012,-324.5723,0.145816
-263.3784,5.5012,-324.8080,0.145886
-263.4066,5.5012,-325.0439,0.145982
-263.4338,5.5012,-325.2801,0.146064
-263.4548,5.5012,-325.4691,0.146132
-263.4801,5.5012,-325.7056,0.146221
-263.5021,5.5012,-325.9184,0.146288
-263.5255,5.5012,-326.1548,0.146366
-263.5458,5.5012,-326.3677,0.146438
-263.5674,5.5012,-326.6042,0.146518
-263.5860,5.5012,-326.8172,0.146594
-263.6038,5.5012,-327.0301,0.146664
-263.6226,5.5012,-327.2667,0.146745
-263.6385,5.5012,-327.4796,0.146808
-263.6554,5.5012,-327.7162,0.146901
-263.6697,5.5012,-327.9290,0.146965
-263.6847,5.5012,-328.1653,0.147051
-263.6986,5.5012,-328.4015,0.147125
-263.7103,5.5012,-328.6140,0.147202
-263.7212,5.5012,-328.8265,0.147270
-263.7323,5.5012,-329.0625,0.147353
-263.7414,5.5012,-329.2748,0.147412
-263.7497,5.5012,-329.4870,0.147481
-263.7580,5.5012,-329.7227,0.147565
-263.7652,5.5012,-329.9581,0.147636
-263.7708,5.5012,-330.1700,0.147716
-263.7760,5.5012,-330.4051,0.147787
-263.7798,5.5012,-330.6165,0.147862
-263.7830,5.5012,-330.8510,0.147954
-263.7850,5.5012,-331.0851,0.148043
-263.7859,5.5012,-331.2954,0.148111
-263.7859,5.5012,-331.5287,0.148189
-263.7849,5.5012,-331.7381,0.148258
-263.7831,5.5012,-331.9473,0.148329
-263.7800,5.5012,-332.1792,0.148410
-263.7763,5.5012,-332.3875,0.148483
-263.7712,5.5012,-332.6186,0.148574
-263.7657,5.5012,-332.8260,0.148647
-263.7585,5.5012,-333.0562,0.148738
-263.7502,5.5012,-333.2860,0.148818
-263.7426,5.5012,-333.4695,0.148880
-263.7321,5.5012,-333.6984,0.148966
-263.7203,5.5012,-333.9269,0.149052
-263.7087,5.5012,-334.1321,0.149123
-263.6960,5.5012,-334.3369,0.149209
-263.6809,5.5012,-334.5640,0.149294
-263.6662,5.5012,-334.7679,0.149359
-263.6487,5.5012,-334.9941,0.149442
-263.6301,5.5012,-335.2197,0.149530
-263.6123,5.5012,-335.4223,0.149603
-263.5936,5.5012,-335.6245,0.149680
-263.5716,5.5012,-335.8486,0.149752
-263.5532,5.5012,-336.0275,0.149836
-263.5317,5.5012,-336.2283,0.149906
-263.5067,5.5012,-336.4509,0.150000
-263.4832,5.5012,-336.6508,0.150077
-263.4588,5.5012,-336.8503,0.150158
-263.4306,5.5012,-337.0713,0.150234
-263.4042,5.5012,-337.2698,0.150305
-263.3769,5.5012,-337.4678,0.150385
-263.3455,5.5012,-337.6873,0.150469
-263.3162,5.5012,-337.8843,0.150549
-263.2825,5.5012,-338.1027,0.150626
-263.2476,5.5012,-338.3205,0.150709
-263.2189,5.5012,-338.4943,0.150775
-263.1818,5.5012,-338.7111,0.150841
-263.1474,5.5012,-338.9056,0.150924
-263.1120,5.5012,-339.0996,0.150999
-263.0758,5.5012,-339.2931,0.151081
-263.0345,5.5012,-339.5075,0.151162
-262.9963,5.5012,-339.6999,0.151235
-262.9573,5.5012,-339.8918,0.151302
-262.9129,5.5012,-340.1045,0.151378
-262.8720,5.5012,-340.2952,0.151423
-262.8256,5.5012,-340.5066,0.151495
-262.7828,5.5012,-340.6963,0.151560
-262.7393,5.5012,-340.8854,0.151620
-262.6948,5.5012,-341.0740,0.151684
-262.6494,5.5012,-341.2621,0.151738
-262.5979,5.5012,-341.4705,0.151825
-262.5505,5.5012,-341.6574,0.151876
-262.5023,5.5012,-341.8438,0.151947
-262.4532,5.5012,-342.0296,0.151999
-262.3976,5.5012,-342.2355,0.152066
-262.3467,5.5012,-342.4200,0.152131
-262.2892,5.5012,-342.6245,0.152201
-262.2306,5.5012,-342.8284,0.152266
-262.1770,5.5012,-343.0112,0.152321
-262.1165,5.5012,-343.2136,0.152391
-262.0611,5.5012,-343.3953,0.152448
-261.9985,5.5012,-343.5963,0.152518
-261.9414,5.5012,-343.7767,0.152585
-261.8770,5.5012,-343.9764,0.152635
-261.8181,5.5012,-344.1555,0.152700
-261.7517,5.5012,-344.3539,0.152764
-261.6911,5.5012,-344.5318,0.152819
-261.6227,5.5012,-344.7288,0.152885
-261.5602,5.5012,-344.9055,0.152931
-261.4967,5.5013,-345.0815,0.152993
-261.4251,5.5013,-345.2765,0.153051
-261.3524,5.5013,-345.4706,0.153120
-261.2858,5.5013,-345.6447,0.153178
-261.2108,5.5013,-345.8373,0.153243
-261.1422,5.5013,-346.0100,0.153295
-261.0651,5.5013,-346.2010,0.153364
-260.9947,5.5013,-346.3723,0.153421
-260.9156,5.5013,-346.5618,0.153480
-260.8434,5.5013,-346.7316,0.153534
-260.7622,5.5013,-346.9196,0.153605
-260.6965,5.5013,-347.0693,0.153645
-260.6134,5.5013,-347.2559,0.153706
-260.5375,5.5013,-347.4233,0.153753
-260.4606,5.5013,-347.5902,0.153818
-260.3825,5.5013,-347.7567,0.153868
-260.2946,5.5013,-347.9411,0.153924
-260.2144,5.5013,-348.1066,0.153982
-260.1240,5.5013,-348.2899,0.154036
-260.0323,5.5013,-348.4725,0.154101
-259.9485,5.5013,-348.6364,0.154156
-259.8542,5.5013,-348.8179,0.154210
-259.7681,5.5013,-348.9808,0.154285
-259.6811,5.5013,-349.1430,0.154328
-259.5830,5.5013,-349.3226,0.154379
-259.4838,5.5013,-349.5016,0.154453
-259.3935,5.5013,-349.6621,0.154499
-259.2920,5.5013,-349.8398,0.154561
-259.1996,5.5013,-349.9991,0.154618
-259.1062,5.5013,-350.1579,0.154660
-259.0013,5.5013,-350.3336,0.154718
-258.9058,5.5013,-350.4913,0.154777
-258.7987,5.5024,-350.6657,0.154841
-258.7030,5.5054,-350.8226,0.154895
-258.5999,5.5056,-350.9991,0.154952
-258.5006,5.5056,-351.1543,0.155003
-258.3886,5.5060,-351.3267,0.155073
-258.2871,5.5065,-351.4807,0.155121
-258.1731,5.5070,-351.6509,0.155184
-258.0578,5.5074,-351.8203,0.155239
-257.9529,5.5078,-351.9720,0.155292
-257.8354,5.5081,-352.1400,0.155354
-257.7286,5.5084,-352.2904,0.155403
-257.6207,5.5087,-352.4401,0.155451
-257.4996,5.5090,-352.6056,0.155521
-257.3896,5.5092,-352.7538,0.155572
-257.2661,5.5093,-352.9175,0.155626
-257.1537,5.5095,-353.0642,0.155691
-257.0277,5.5096,-353.2262,0.155743
-256.9005,5.5096,-353.3873,0.155802
-256.7715,5.5097,-353.5479,0.155851
-256.6545,5.5102,-353.6911,0.155906
-256.5234,5.5106,-353.8492,0.155974
-256.3908,5.5110,-354.0063,0.156031
-256.2703,5.5113,-354.1468,0.156090
-256.1348,5.5116,-354.3022,0.156140
-256.0116,5.5119,-354.4409,0.156200
-255.8737,5.5121,-354.5940,0.156250
-255.7486,5.5123,-354.7308,0.156312
-255.6084,5.5124,-354.8817,0.156371
-255.4670,5.5125,-355.0313,0.156420
-255.3387,5.5126,-355.1650,0.156484
-255.1949,5.5126,-355.3125,0.156541
-255.0496,5.5127,-355.4591,0.156586
-254.9182,5.5131,-355.5898,0.156651
-254.7858,5.5134,-355.7194,0.156704
-254.6376,5.5138,-355.8622,0.156772
-254.5033,5.5141,-355.9898,0.156820
-254.3529,5.5144,-356.1304,0.156880
-254.2166,5.5147,-356.2559,0.156923
-254.0795,5.5149,-356.3804,0.156981
-253.9261,5.5150,-356.5176,0.157041
-253.8025,5.5152,-356.6264,0.157091
-253.6471,5.5153,-356.7614,0.157141
-253.4906,5.5153,-356.8951,0.157211
-253.3488,5.5153,-357.0143,0.157259
-253.1903,5.5153,-357.1456,0.157338
-253.0467,5.5153,-357.2626,0.157380
-252.9023,5.5152,-357.3786,0.157424
-252.7405,5.5151,-357.5066,0.157487
-252.5944,5.5154,-357.6205,0.157538
-252.4311,5.5156,-357.7457,0.157600
-252.2668,5.5158,-357.8695,0.157666
-252.1180,5.5159,-357.9799,0.157706
-251.9519,5.5161,-358.1013,0.157772
-251.8015,5.5161,-358.2094,0.157822
-251.6336,5.5162,-358.3282,0.157880
-251.4817,5.5162,-358.4341,0.157938
-251.3120,5.5161,-358.5504,0.157993
-251.1415,5.5161,-358.6656,0.158059
-250.9872,5.5161,-358.7681,0.158111
-250.8322,5.5160,-358.8693,0.158164
-250.6592,5.5159,-358.9805,0.158237
-250.5022,5.5159,-359.0797,0.158284
-250.3275,5.5163,-359.1884,0.158343
-250.1695,5.5166,-359.2849,0.158393
-249.9932,5.5168,-359.3908,0.158450
-249.8160,5.5171,-359.4954,0.158520
-249.6559,5.5173,-359.5882,0.158564
-249.4771,5.5175,-359.6901,0.158630
-249.3156,5.5176,-359.7805,0.158680
-249.1353,5.5177,-359.8796,0.158732
-248.9723,5.5177,-359.9674,0.158783
-248.7905,5.5176,-360.0638,0.158843
-248.6262,5.5176,-360.1494,0.158908
-248.4431,5.5174,-360.2430,0.158968
-248.2775,5.5172,-360.3259,0.159014
-248.0923,5.5172,-360.4169,0.159079
-247.9069,5.5175,-360.5062,0.159130
-247.7394,5.5177,-360.5852,0.159190
-247.5526,5.5179,-360.6717,0.159253
-247.3652,5.5181,-360.7565,0.159303
-247.1959,5.5182,-360.8316,0.159374
-247.0261,5.5183,-360.9056,0.159407
-246.8367,5.5184,-360.9863,0.159481
-246.6658,5.5184,-361.0576,0.159539
-246.4944,5.5184,-361.1273,0.159584
-246.3033,5.5182,-361.2037,0.159653
-246.1308,5.5180,-361.2712,0.159704
-245.9387,5.5177,-361.3447,0.159763
-245.7652,5.5174,-361.4095,0.159822
-245.5714,5.5172,-361.4803,0.159878
-245.3775,5.5172,-361.5493,0.159939
-245.2025,5.5173,-361.6101,0.159994
-245.0076,5.5173,-361.6762,0.160054
-244.8317,5.5172,-361.7343,0.160113
-244.6359,5.5172,-361.7975,0.160161
-244.4592,5.5171,-361.8530,0.160220
-244.2624,5.5169,-361.9131,0.160279
-244.0849,5.5167,-361.9659,0.160333
-243.8873,5.5165,-362.0231,0.160406
-243.6891,5.5164,-362.0791,0.160461
-243.5105,5.5162,-362.1279,0.160506
-243.3116,5.5160,-362.1805,0.160578
-243.1521,5.5158,-362.2215,0.160616
-242.9520,5.5157,-362.2714,0.160681
-242.7518,5.5158,-362.3196,0.160736
-242.5712,5.5158,-362.3618,0.160795
-242.3902,5.5158,-362.4026,0.160855
-242.1884,5.5158,-362.4465,0.160919
-242.0065,5.5157,-362.4848,0.160973
-241.8038,5.5156,-362.5258,0.161037
-241.6210,5.5155,-362.5612,0.161090
-241.4173,5.5153,-362.5992,0.161145
-241.2132,5.5151,-362.6356,0.161206
-241.0086,5.5148,-362.6704,0.161269
-240.8446,5.5146,-362.6971,0.161322
-240.6391,5.5142,-362.7290,0.161387
-240.4539,5.5139,-362.7564,0.161440
-240.2678,5.5137,-362.7825,0.161497
-240.0610,5.5136,-362.8099,0.161557
-239.8746,5.5135,-362.8332,0.161611
-239.6671,5.5133,-362.8574,0.161676
-239.4801,5.5131,-362.8779,0.161740
-239.2723,5.5129,-362.8990,0.161795
-239.0642,5.5126,-362.9185,0.161865
-238.8759,5.5014,-362.9285,0.161922
-238.6680,5.5014,-362.9452,0.161990
-238.4807,5.5014,-362.9601,0.162034
-238.2723,5.5014,-362.9742,0.162100
-238.0847,5.5014,-362.9847,0.162156
-237.8972,5.5014,-362.9935,0.162220
-237.6885,5.5014,-363.0020,0.162287
-237.5005,5.5013,-363.0085,0.162343
-237.2916,5.5013,-363.0141,0.162398
-237.1037,5.5013,-363.0178,0.162456
-236.8949,5.5013,-363.0201,0.162519
-236.7069,5.5013,-363.0208,0.162577
-236.4975,5.5013,-363.0203,0.162635
-236.2886,5.5013,-363.0179,0.162696
-236.1007,5.5013,-363.0142,0.162749
-235.8920,5.5013,-363.0083,0.162809
-235.7042,5.5013,-363.0013,0.162867
-235.4957,5.5013,-362.9921,0.162937
-235.3081,5.5013,-362.9825,0.162987
-235.1206,5.5013,-362.9715,0.163047
-234.9125,5.5013,-362.9578,0.163120
-234.7046,5.5013,-362.9424,0.163171
-234.4968,5.5013,-362.9254,0.163235
-234.3100,5.5013,-362.9086,0.163301
-234.1026,5.5013,-362.8884,0.163363
-233.8954,5.5013,-362.8666,0.163419
-233.7092,5.5013,-362.8456,0.163485
-233.5025,5.5013,-362.8207,0.163543
-233.3167,5.5013,-362.7968,0.163603
-233.1105,5.5013,-362.7689,0.163661
-232.9251,5.5013,-362.7423,0.163728
-232.7194,5.5013,-362.7112,0.163787
-232.5345,5.5013,-362.6818,0.163840
-232.3296,5.5013,-362.6476,0.163907
-232.1250,5.5013,-362.6118,0.163970
-231.9415,5.5013,-362.5782,0.164024
-231.7382,5.5013,-362.5395,0.164088
-231.5356,5.5013,-362.4992,0.164144
-231.3741,5.5013,-362.4659,0.164202
-231.1728,5.5013,-362.4231,0.164267
-230.9722,5.5013,-362.3789,0.164321
-230.8121,5.5013,-362.3426,0.164362
-230.6123,5.5013,-362.2961,0.164427
-230.4130,5.5013,-362.2485,0.164497
-230.2339,5.5013,-362.2047,0.164549
-230.0354,5.5013,-362.1548,0.164624
-229.8372,5.5013,-362.1038,0.164679
-229.6591,5.5013,-362.0568,0.164742
-229.4813,5.5013,-362.0089,0.164797
-229.3038,5.5013,-361.9599,0.164852
-229.1267,5.5013,-361.9099,0.164912
-228.9695,5.5013,-361.8646,0.164951
-228.7733,5.5013,-361.8069,0.165025
-228.5776,5.5013,-361.7480,0.165080
-228.4018,5.5013,-361.6939,0.165136
-228.2070,5.5013,-361.6329,0.165204
-228.0126,5.5013,-361.5709,0.165265
-227.8573,5.5013,-361.5205,0.165315
-227.6636,5.5012,-361.4568,0.165370
-227.4896,5.5012,-361.3985,0.165444
-227.2966,5.5012,-361.3328,0.165501
-227.1039,5.5012,-361.2661,0.165566
-226.9118,5.5012,-361.1982,0.165624
-226.7583,5.5012,-361.1431,0.165675
-226.6051,5.5012,-361.0873,0.165731
-226.4140,5.5012,-361.0165,0.165788
-226.2233,5.5012,-360.9447,0.165862
-226.0522,5.5012,-360.8792,0.165917
-225.8623,5.5012,-360.8055,0.165979
-225.6728,5.5012,-360.7307,0.166045
-225.5027,5.5012,-360.6626,0.166108
-225.3141,5.5012,-360.5860,0.166168
-225.1259,5.5012,-360.5084,0.166232
-224.9382,5.5012,-360.4298,0.166297
-224.7509,5.5012,-360.3502,0.166362
-224.6014,5.5012,-360.2859,0.166409
-224.4149,5.5012,-360.2046,0.166483
-224.2290,5.5012,-360.1226,0.166549
-224.0806,5.5012,-360.0564,0.166596
-223.8954,5.5012,-359.9731,0.166663
-223.7476,5.5012,-359.9060,0.166721
-223.5816,5.5012,-359.8302,0.166773
-223.4344,5.5012,-359.7624,0.166827
-223.2506,5.5012,-359.6772,0.166894
-223.0672,5.5012,-359.5916,0.166963
-222.9207,5.5012,-359.5227,0.167018
-222.7380,5.5012,-359.4361,0.167094
-222.5920,5.5012,-359.3664,0.167142
-222.4279,5.5012,-359.2876,0.167198
-222.2460,5.5012,-359.1995,0.167263
-222.0826,5.5012,-359.1196,0.167330
-221.9013,5.5012,-359.0302,0.167402
-221.7204,5.5012,-358.9402,0.167470
-221.5578,5.5012,-358.8586,0.167528
-221.3775,5.5012,-358.7672,0.167607
-221.2156,5.5012,-358.6844,0.167661
-221.0359,5.5012,-358.5918,0.167734
-220.8567,5.5013,-358.4986,0.167795
-220.7135,5.5013,-358.4235,0.167849
-220.5349,5.5013,-358.3290,0.167926
-220.3566,5.5013,-358.2339,0.167994
-220.1787,5.5013,-358.1381,0.168071
-220.0011,5.5013,-358.0415,0.168140
-219.8239,5.5013,-357.9441,0.168213
-219.6647,5.5013,-357.8557,0.168278
-219.4883,5.5013,-357.7566,0.168346
-219.3124,5.5013,-357.6568,0.168419
-219.1544,5.5013,-357.5663,0.168485
-218.9793,5.5013,-357.4650,0.168551
-218.8220,5.5013,-357.3732,0.168622
-218.6477,5.5013,-357.2706,0.168694
-218.4737,5.5013,-357.1671,0.168760
-218.3175,5.5013,-357.0733,0.168836
-218.1444,5.5013,-356.9683,0.168903
-217.9890,5.5013,-356.8731,0.168970
-217.8167,5.5013,-356.7664,0.169047
-217.6621,5.5013,-356.6696,0.169112
-217.4909,5.5013,-356.5612,0.169181
-217.3202,5.5013,-356.4519,0.169253
-217.1670,5.5013,-356.3529,0.169321
-216.9974,5.5013,-356.2421,0.169399
-216.8282,5.5013,-356.1305,0.169475
-216.6595,5.5013,-356.0182,0.169548
-216.4913,5.5013,-355.9052,0.169625
-216.2567,5.5013,-355.7457,0.169729
-216.0897,5.5013,-355.6309,0.169808
-215.9233,5.5013,-355.5153,0.169884
-215.7527,5.5102,-355.4036,0.169954
-215.5878,5.5111,-355.2859,0.170033
-215.4565,5.5117,-355.1914,0.170097
-215.2925,5.5125,-355.0729,0.170171
-215.1285,5.5133,-354.9540,0.170250
-214.9976,5.5140,-354.8587,0.170311
-214.8345,5.5147,-354.7390,0.170392
-214.6883,5.5154,-354.6309,0.170455
-214.5424,5.5161,-354.5222,0.170529
-214.3967,5.5167,-354.4131,0.170600
-214.2673,5.5173,-354.3156,0.170660
-214.1062,5.5181,-354.1932,0.170739
-213.9458,5.5188,-354.0698,0.170826
-213.7858,5.5195,-353.9453,0.170903
-213.6262,5.5202,-353.8198,0.170980
-213.4831,5.5208,-353.7063,0.171058
-213.3248,5.5214,-353.5796,0.171130
-213.1673,5.5220,-353.4522,0.171211
-213.0260,5.5225,-353.3368,0.171286
-212.8696,5.5231,-353.2078,0.171363
-212.7293,5.5236,-353.0910,0.171437
-212.5739,5.5241,-352.9603,0.171521
-212.4348,5.5246,-352.8420,0.171589
-212.2962,5.5251,-352.7230,0.171669
-212.1429,5.5256,-352.5901,0.171744
-211.9901,5.5261,-352.4563,0.171829
-211.8381,5.5267,-352.3219,0.171912
-211.7019,5.5272,-352.2003,0.171981
-211.5511,5.5277,-352.0646,0.172067
-211.4010,5.5282,-351.9283,0.172150
-211.2515,5.5286,-351.7914,0.172231
-211.1026,5.5291,-351.6542,0.172318
-210.9839,5.5294,-351.5442,0.172384
-210.8506,5.5298,-351.4203,0.172461
-210.7324,5.5302,-351.3101,0.172523
-210.6146,5.5305,-351.1997,0.172590
-210.4821,5.5307,-351.0755,0.172667
-210.3352,5.5310,-350.9372,0.172753
-210.1887,5.5313,-350.7985,0.172835
-210.0572,5.5315,-350.6734,0.172913
-209.9115,5.5318,-350.5340,0.173000
-209.7662,5.5320,-350.3941,0.173084
-209.6359,5.5322,-350.2678,0.173161
-209.5059,5.5325,-350.1410,0.173240
-209.3619,5.5328,-349.9997,0.173326
-209.2184,5.5330,-349.8579,0.173413
-209.0754,5.5333,-349.7156,0.173502
-208.9614,5.5334,-349.6015,0.173566
-208.8193,5.5337,-349.4585,0.173657
-208.6776,5.5339,-349.3149,0.173743
-208.5646,5.5340,-349.1998,0.173810
-208.4238,5.5342,-349.0555,0.173900
-208.3114,5.5343,-348.9398,0.173971
-208.1714,5.5344,-348.7948,0.174059
-208.0598,5.5346,-348.6786,0.174130
-207.9344,5.5347,-348.5478,0.174208
-207.7955,5.5348,-348.4023,0.174298
-207.6845,5.5349,-348.2859,0.174370
-207.5598,5.5350,-348.1549,0.174450
-207.4491,5.5350,-348.0385,0.174520
-207.3248,5.5351,-347.9078,0.174602
-207.2142,5.5352,-347.7917,0.174673
-207.0760,5.5353,-347.6468,0.174765
-206.9379,5.5354,-347.5020,0.174857
-206.8135,5.5355,-347.3719,0.174937
-206.7031,5.5356,-347.2563,0.175010
-206.5650,5.5358,-347.1119,0.175102
-206.4269,5.5359,-346.9675,0.175193
-206.3026,5.5360,-346.8375,0.175276
-206.1647,5.5361,-346.6930,0.175368
-206.0407,5.5362,-346.5628,0.175451
-205.9030,5.5362,-346.4180,0.175543
-205.7655,5.5363,-346.2730,0.175636
-205.6555,5.5364,-346.1569,0.175710
-205.5183,5.5365,-346.0117,0.175801
-205.3811,5.5365,-345.8661,0.175896
-205.2579,5.5366,-345.7350,0.175978
-205.1211,5.5367,-345.5892,0.176071
-204.9846,5.5367,-345.4431,0.176166
-204.8482,5.5368,-345.2970,0.176259
-204.7256,5.5368,-345.1654,0.176344
-204.5894,5.5368,-345.0191,0.176439
-204.4534,5.5369,-344.8727,0.176532
-204.3174,5.5369,-344.7262,0.176626
-204.1952,5.5369,-344.5942,0.176712
-204.0595,5.5370,-344.4475,0.176807
-203.9375,5.5370,-344.3153,0.176892
-203.8021,5.5370,-344.1684,0.176985
-203.6668,5.5370,-344.0214,0.177080
-203.5315,5.5371,-343.8742,0.177174
-203.4099,5.5371,-343.7419,0.177260
-203.2884,5.5372,-343.6096,0.177346
-203.1534,5.5373,-343.4625,0.177443
-203.0185,5.5374,-343.3152,0.177536
-202.8837,5.5374,-343.1680,0.177632
-202.7759,5.5374,-343.0501,0.177709
-202.6413,5.5375,-342.9028,0.177804
-202.5067,5.5375,-342.7553,0.177900
-202.3722,5.5375,-342.6078,0.177994
-202.2513,5.5376,-342.4749,0.178080
-202.1170,5.5376,-342.3272,0.178177
-201.9828,5.5376,-342.1794,0.178273
-201.8621,5.5376,-342.0463,0.178358
-201.7281,5.5376,-341.8983,0.178453
-201.5942,5.5377,-341.7503,0.178548
-201.4603,5.5377,-341.6023,0.178642
-201.3266,5.5377,-341.4542,0.178736
-201.1929,5.5377,-341.3059,0.178831
-201.0859,5.5377,-341.1873,0.178905
-200.9791,5.5377,-341.0687,0.178981
-200.8456,5.5377,-340.9203,0.179076
-200.7122,5.5377,-340.7719,0.179168
-200.5789,5.5377,-340.6233,0.179263
-200.4590,5.5377,-340.4896,0.179346
-200.3258,5.5377,-340.3410,0.179439
-200.1927,5.5377,-340.1923,0.179531
-200.0598,5.5377,-340.0435,0.179624
-199.9401,5.5376,-339.9095,0.179708
-199.8073,5.5376,-339.7606,0.179801
-199.6746,5.5376,-339.6117,0.179895
-199.5419,5.5376,-339.4626,0.179987
-199.4358,5.5376,-339.3434,0.180060
-199.3031,5.5375,-339.1944,0.180155
-199.1707,5.5374,-339.0453,0.180247
-199.0382,5.5373,-338.8961,0.180340
-198.9058,5.5372,-338.7468,0.180433
-198.7734,5.5371,-338.5975,0.180525
-198.6542,5.5369,-338.4632,0.180608
-198.5220,5.5368,-338.3138,0.180701
-198.3897,5.5367,-338.1642,0.180794
-198.2576,5.5366,-338.0147,0.180886
-198.1255,5.5365,-337.8651,0.180978
-197.9935,5.5364,-337.7155,0.181069
-197.8880,5.5363,-337.5958,0.181143
-197.7824,5.5362,-337.4760,0.181216
-197.6506,5.5361,-337.3261,0.181310
-197.5188,5.5359,-337.1763,0.181404
-197.3870,5.5358,-337.0264,0.181495
-197.2685,5.5357,-336.8914,0.181578
-197.1369,5.5356,-336.7413,0.181672
-197.0052,5.5354,-336.5911,0.181763
-196.8999,5.5353,-336.4708,0.181838
-196.7683,5.5352,-336.3203,0.181931
-196.6367,5.5350,-336.1696,0.182024
-196.5051,5.5349,-336.0188,0.182119
-196.3997,5.5348,-335.8982,0.182193
-196.2812,5.5346,-335.7622,0.182278
-196.1628,5.5345,-335.6262,0.182361
-196.0311,5.5344,-335.4749,0.182456
-195.8994,5.5342,-335.3235,0.182549
-195.7676,5.5341,-335.1721,0.182644
-195.6622,5.5339,-335.0508,0.182719
-195.5304,5.5338,-334.8991,0.182814
-195.3986,5.5336,-334.7472,0.182907
-195.2668,5.5335,-334.5952,0.182999
-195.1481,5.5333,-334.4584,0.183086
-195.0163,5.5331,-334.3062,0.183181
-194.8844,5.5330,-334.1538,0.183277
-194.7789,5.5328,-334.0318,0.183353
-194.6469,5.5327,-333.8792,0.183446
-194.5150,5.5325,-333.7265,0.183541
-194.4094,5.5324,-333.6042,0.183614
-194.2773,5.5322,-333.4514,0.183711
-194.1453,5.5321,-333.2982,0.183803
-194.0133,5.5319,-333.1451,0.183900
-193.8813,5.5318,-332.9918,0.183995
-193.7493,5.5317,-332.8384,0.184088
-193.6436,5.5315,-332.7158,0.184164
-193.5114,5.5314,-332.5624,0.184259
-193.3923,5.5313,-332.4244,0.184346
-193.2863,5.5312,-332.3017,0.184423
-193.1669,5.5311,-332.1637,0.184510
-193.0473,5.5310,-332.0255,0.184592
-192.9144,5.5308,-331.8719,0.184690
-192.7812,5.5307,-331.7181,0.184785
-192.6479,5.5306,-331.5642,0.184882
-192.5143,5.5305,-331.4100,0.184979
-192.3804,5.5303,-331.2555,0.185073
-192.2732,5.5302,-331.1316,0.185149
-192.1388,5.5301,-330.9764,0.185248
-192.0040,5.5299,-330.8209,0.185345
-191.8689,5.5298,-330.6649,0.185441
-191.7470,5.5297,-330.5243,0.185529
-191.6249,5.5295,-330.3834,0.185615
-191.5025,5.5294,-330.2422,0.185701
-191.3661,5.5292,-330.0848,0.185799
-191.2294,5.5291,-329.9271,0.185898
-191.0925,5.5289,-329.7689,0.185996
-190.9827,5.5288,-329.6421,0.186074
-190.8452,5.5287,-329.4832,0.186174
-190.7074,5.5285,-329.3240,0.186272
-190.5831,5.5284,-329.1803,0.186361
-190.4447,5.5282,-329.0204,0.186460
-190.3060,5.5281,-328.8600,0.186560
-190.1669,5.5279,-328.6991,0.186651
-190.0277,5.5277,-328.5378,0.186755
-189.8882,5.5276,-328.3761,0.186853
-189.7764,5.5274,-328.2464,0.186934
-189.6364,5.5273,-328.0840,0.187032
-189.4961,5.5271,-327.9211,0.187133
-189.3695,5.5269,-327.7743,0.187223
-189.2286,5.5268,-327.6108,0.187326
-189.1015,5.5266,-327.4633,0.187416
-188.9601,5.5264,-327.2991,0.187514
-188.8184,5.5263,-327.1345,0.187615
-188.6763,5.5261,-326.9696,0.187715
-188.5624,5.5259,-326.8375,0.187801
-188.4198,5.5258,-326.6721,0.187901
-188.2768,5.5256,-326.5063,0.188004
-188.1479,5.5253,-326.3567,0.188097
-188.0044,5.5251,-326.1901,0.188200
-187.8605,5.5248,-326.0232,0.188303
-187.7308,5.5245,-325.8726,0.188393
-187.6008,5.5243,-325.7218,0.188485
-187.4561,5.5240,-325.5539,0.188587
-187.3256,5.5238,-325.4024,0.188682
-187.1803,5.5235,-325.2338,0.188786
-187.0349,5.5232,-325.0648,0.188887
-186.9036,5.5229,-324.9125,0.188982
-186.7721,5.5226,-324.7599,0.189080
-186.6403,5.5223,-324.6069,0.189172
-186.4936,5.5219,-324.4367,0.189277
-186.3612,5.5216,-324.2831,0.189372
-186.2138,5.5213,-324.1121,0.189476
-186.0661,5.5210,-323.9407,0.189580
-185.9181,5.5206,-323.7688,0.189685
-185.7994,5.5204,-323.6310,0.189772
-185.6508,5.5202,-323.4585,0.189878
-185.5168,5.5200,-323.3029,0.189971
-185.3676,5.5198,-323.1297,0.190078
-185.2330,5.5196,-322.9734,0.190173
-185.1132,5.5194,-322.8342,0.190268
-184.9782,5.5192,-322.6774,0.190359
-184.8428,5.5190,-322.5202,0.190456
-184.6922,5.5188,-322.3451,0.190565
-184.5563,5.5186,-322.1873,0.190663
-184.4202,5.5184,-322.0291,0.190759
-184.2686,5.5181,-321.8529,0.190870
-184.1167,5.5179,-321.6764,0.190979
-183.9949,5.5177,-321.5349,0.191071
-183.8424,5.5175,-321.3576,0.191179
-183.7047,5.5173,-321.1978,0.191280
-183.5517,5.5171,-321.0197,0.191388
-183.3982,5.5169,-320.8413,0.191498
-183.2445,5.5167,-320.6625,0.191608
-183.0904,5.5166,-320.4832,0.191721
-182.9361,5.5164,-320.3036,0.191831
-182.7969,5.5162,-320.1416,0.191935
-182.6419,5.5160,-319.9612,0.192048
-182.5069,5.5005,-319.7943,0.192141
-182.3508,5.5005,-319.6140,0.192255
-182.1935,5.5004,-319.4336,0.192370
-182.0523,5.5004,-319.2707,0.192474
-181.8959,5.5004,-319.0888,0.192585
-181.7707,5.5004,-318.9428,0.192678
-181.6136,5.5004,-318.7600,0.192792
-181.4716,5.5004,-318.5953,0.192895
-181.3450,5.5004,-318.4488,0.192986
-181.1866,5.5004,-318.2653,0.193104
-181.0433,5.5004,-318.0998,0.193205
-180.8839,5.5004,-317.9156,0.193318
-180.7244,5.5004,-317.7309,0.193437
-180.5811,5.5005,-317.5640,0.193539
-180.4218,5.5006,-317.3780,0.193656
-180.2624,5.5006,-317.1917,0.193774
-180.1026,5.5006,-317.0052,0.193890
-179.9422,5.5006,-316.8184,0.194007
-179.7815,5.5006,-316.6314,0.194120
-179.6527,5.5005,-316.4815,0.194210
-179.5077,5.5005,-316.3125,0.194320
-179.3463,5.5005,-316.1245,0.194434
-179.1845,5.5005,-315.9362,0.194552
-179.0386,5.5004,-315.7665,0.194662
-178.8761,5.5004,-315.5776,0.194776
-178.7133,5.5004,-315.3885,0.194895
-178.5502,5.5004,-315.1992,0.195012
-178.4194,5.5004,-315.0475,0.195107
-178.2555,5.5003,-314.8577,0.195228
-178.0913,5.5003,-314.6676,0.195345
-177.9266,5.5003,-314.4773,0.195465
-177.7616,5.5003,-314.2866,0.195585
-177.6294,5.5003,-314.1339,0.195679
-177.4803,5.5002,-313.9619,0.195790
-177.3310,5.5002,-313.7896,0.195899
-177.1652,5.5002,-313.5973,0.196018
-177.0153,5.5002,-313.4245,0.196130
-176.8651,5.5003,-313.2514,0.196236
-176.6979,5.5003,-313.0588,0.196356
-176.5303,5.5003,-312.8658,0.196477
-176.3624,5.5004,-312.6726,0.196597
-176.2277,5.5004,-312.5178,0.196693
-176.0591,5.5004,-312.3240,0.196811
-175.9239,5.5004,-312.1688,0.196912
-175.7715,5.5005,-311.9940,0.197023
-175.6187,5.5005,-311.8191,0.197132
-175.4826,5.5005,-311.6634,0.197230
-175.3292,5.5006,-311.4882,0.197342
-175.1582,5.5006,-311.2933,0.197463
-174.9868,5.5006,-311.0983,0.197584
-174.8149,5.5006,-310.9032,0.197707
-174.6770,5.5007,-310.7471,0.197803
-174.5040,5.5007,-310.5519,0.197927
-174.3304,5.5007,-310.3568,0.198053
-174.1737,5.5007,-310.1813,0.198177
-174.0163,5.5008,-310.0057,0.198270
-173.8761,5.5008,-309.8496,0.198373
-173.7002,5.5008,-309.6544,0.198497
-173.5592,5.5008,-309.4982,0.198597
-173.3823,5.5008,-309.3028,0.198724
-173.2049,5.5009,-309.1072,0.198846
-173.0448,5.5009,-308.9311,0.198961
-172.8663,5.5009,-308.7353,0.199087
-172.6873,5.5009,-308.5393,0.199209
-172.5258,5.5009,-308.3627,0.199325
-172.3459,5.5010,-308.1662,0.199447
-172.1836,5.5010,-307.9892,0.199560
-172.0028,5.5010,-307.7922,0.199688
-171.8216,5.5010,-307.5948,0.199811
-171.6400,5.5010,-307.3970,0.199940
-171.4946,5.5010,-307.2385,0.200041
-171.3307,5.5011,-307.0599,0.200155
-171.1665,5.5011,-306.8811,0.200274
-170.9837,5.5011,-306.6821,0.200397
-170.8006,5.5011,-306.4828,0.200527
-170.6170,5.5011,-306.2834,0.200654
-170.4514,5.5012,-306.1037,0.200773
-170.2671,5.5012,-305.9038,0.200897
-170.0823,5.5012,-305.7036,0.201026
-169.8972,5.5012,-305.5033,0.201153
-169.7117,5.5012,-305.3027,0.201281
-169.5257,5.5012,-305.1020,0.201410
-169.3766,5.5013,-304.9413,0.201511
-169.1898,5.5013,-304.7403,0.201647
-169.0027,5.5013,-304.5391,0.201771
-168.8335,5.5013,-304.3582,0.201890
-168.6454,5.5013,-304.1569,0.202021
-168.4568,5.5013,-303.9554,0.202155
-168.2677,5.5013,-303.7539,0.202282
-168.0781,5.5013,-303.5524,0.202409
-167.8879,5.5013,-303.3508,0.202544
-167.7163,5.5013,-303.1693,0.202660
-167.5251,5.5013,-302.9677,0.202795
-167.3334,5.5013,-302.7659,0.202924
-167.1412,5.5013,-302.5640,0.203054
-166.9678,5.5013,-302.3822,0.203170
-166.7747,5.5013,-302.1801,0.203305
-166.5810,5.5013,-301.9780,0.203436
-166.4063,5.5013,-301.7959,0.203560
-166.2118,5.5013,-301.5934,0.203691
-166.0167,5.5013,-301.3909,0.203823
-165.8407,5.5013,-301.2085,0.203943
-165.6447,5.5013,-301.0057,0.204073
-165.4483,5.5013,-300.8027,0.204205
-165.2514,5.5013,-300.5995,0.204339
-165.0738,5.5013,-300.4166,0.204458
-164.8562,5.5013,-300.1929,0.204607
-164.6778,5.5013,-300.0096,0.204729
-164.4791,5.5013,-299.8059,0.204862
-164.2801,5.5013,-299.6020,0.204993
-164.0806,5.5013,-299.3979,0.205133
-163.9007,5.5013,-299.2138,0.205251
-163.7005,5.5013,-299.0090,0.205390
-163.5000,5.5013,-298.8039,0.205520
-163.2993,5.5013,-298.5983,0.205656
-163.1184,5.5013,-298.4130,0.205785
-162.9172,5.5013,-298.2068,0.205917
-162.7157,5.5013,-298.0003,0.206053
-162.5341,5.5013,-297.8143,0.206176
-162.3319,5.5013,-297.6074,0.206313
-162.1295,5.5013,-297.4002,0.206450
-161.9469,5.5013,-297.2137,0.206573
-161.7439,5.5013,-297.0061,0.206707
-161.5404,5.5013,-296.7983,0.206846
-161.3366,5.5013,-296.5903,0.206986
-161.1530,5.5013,-296.4029,0.207110
-160.9485,5.5013,-296.1945,0.207248
-160.7643,5.5013,-296.0067,0.207366
-160.5593,5.5013,-295.7979,0.207505
-160.3540,5.5013,-295.5888,0.207644
-160.1483,5.5013,-295.3795,0.207786
-159.9629,5.5013,-295.1910,0.207910
-159.7566,5.5013,-294.9814,0.208050
-159.5706,5.5013,-294.7924,0.208175
-159.3637,5.5013,-294.5823,0.208313
-159.1772,5.5013,-294.3931,0.208440
-158.9697,5.5013,-294.1826,0.208575
-158.7619,5.5013,-293.9720,0.208717
-158.5745,5.5013,-293.7822,0.208840
-158.3660,5.5013,-293.5713,0.208982
-158.1990,5.5013,-293.4025,0.209093
-157.9898,5.5013,-293.1913,0.209233
-157.7802,5.5013,-292.9800,0.209371
-157.5912,5.5013,-292.7897,0.209502
-157.3810,5.5013,-292.5781,0.209642
-157.1703,5.5013,-292.3663,0.209783
-156.9805,5.5013,-292.1756,0.209910
-156.7692,5.5013,-291.9633,0.210052
-156.5788,5.5013,-291.7721,0.210179
-156.3670,5.5013,-291.5594,0.210321
-156.1761,5.5013,-291.3677,0.210448
-155.9637,5.5013,-291.1545,0.210585
-155.7511,5.5013,-290.9411,0.210727
-155.5595,5.5013,-290.7489,0.210860
-155.3889,5.5013,-290.5778,0.210974
-155.1755,5.5013,-290.3638,0.211114
-154.9617,5.5013,-290.1496,0.211261
-154.7691,5.5013,-289.9565,0.211388
-154.5548,5.5013,-289.7419,0.211534
-154.3617,5.5013,-289.5483,0.211660
-154.1469,5.5013,-289.3332,0.211805
-153.9319,5.5013,-289.1177,0.211947
-153.7381,5.5013,-288.9236,0.212078
-153.5226,5.5013,-288.7076,0.212217
-153.3284,5.5013,-288.5132,0.212350
-153.1123,5.5013,-288.2968,0.212495
-152.8960,5.5013,-288.0802,0.212641
-152.7011,5.5013,-287.8851,0.212769
-152.4843,5.5013,-287.6681,0.212915
-152.2673,5.5013,-287.4509,0.213056
-152.0717,5.5013,-287.2551,0.213187
-151.8541,5.5013,-287.0375,0.213333
-151.6363,5.5013,-286.8197,0.213481
-151.4400,5.5013,-286.6233,0.213612
-151.2434,5.5013,-286.4269,0.213737
-151.0249,5.5013,-286.2084,0.213886
-150.8060,5.5013,-285.9897,0.214032
-150.6308,5.5013,-285.8145,0.214151
-150.4334,5.5013,-285.6173,0.214282
-150.2359,5.5013,-285.4200,0.214408
-150.0161,5.5013,-285.2004,0.214559
-149.7961,5.5013,-284.9807,0.214703
-149.5979,5.5013,-284.7827,0.214840
-149.3774,5.5013,-284.5626,0.214987
-149.1788,5.5013,-284.3643,0.215118
-148.9578,5.5013,-284.1437,0.215263
-148.7587,5.5013,-283.9450,0.215396
-148.5373,5.5013,-283.7241,0.215543
-148.3156,5.5013,-283.5029,0.215694
-148.1159,5.5013,-283.3036,0.215822
-147.9159,5.5013,-283.1043,0.215958
-147.6936,5.5013,-282.8825,0.216102
-147.4932,5.5013,-282.6828,0.216237
-147.2704,5.5013,-282.4607,0.216384
-147.0696,5.5013,-282.2606,0.216516
-146.8461,5.5013,-282.0379,0.216665
-146.6219,5.5013,-281.8145,0.216815
-146.3966,5.5013,-281.5900,0.216963
-146.1926,5.5013,-281.3868,0.217100
-145.9647,5.5013,-281.1597,0.217246
-145.7351,5.5013,-280.9309,0.217401
-145.5271,5.5013,-280.7237,0.217544
-145.2942,5.5013,-280.4916,0.217702
-145.0594,5.5013,-280.2576,0.217853
-144.8464,5.5013,-280.0453,0.217994
-144.6078,5.5013,-279.8075,0.218152
-144.3914,5.5013,-279.5918,0.218299
-144.1490,5.5013,-279.3502,0.218458
-143.9047,5.5013,-279.1065,0.218620
-143.6831,5.5013,-278.8856,0.218765
-143.4598,5.5013,-278.6630,0.218916
-143.2099,5.5013,-278.4138,0.219078
-142.9580,5.5013,-278.1626,0.219245
-142.7297,5.5013,-277.9348,0.219399
-142.4741,5.5013,-277.6798,0.219570
-142.2167,5.5013,-277.4229,0.219742
-141.9834,5.5013,-277.1901,0.219896
-141.7488,5.5013,-276.9557,0.220047
-141.4863,5.5013,-276.6936,0.220225
-141.2486,5.5013,-276.4561,0.220384
-141.0094,5.5013,-276.2171,0.220540
-140.7419,5.5013,-275.9498,0.220720
-140.4997,5.5013,-275.7078,0.220880
-140.2293,5.5013,-275.4374,0.221059
-140.0119,5.5013,-275.2201,0.221203
-139.7389,5.5013,-274.9472,0.221385
-139.4646,5.5013,-274.6729,0.221561
-139.2165,5.5013,-274.4247,0.221728
-138.9397,5.5013,-274.1478,0.221915
-138.6895,5.5013,-273.8974,0.222077
-138.4103,5.5013,-273.6180,0.222264
-138.1579,5.5013,-273.3653,0.222435
-137.8764,5.5013,-273.0834,0.222619
-137.6219,5.5013,-272.8286,0.222782
-137.3380,5.5013,-272.5444,0.222972
-137.0528,5.5013,-272.2588,0.223161
-136.7950,5.5013,-272.0007,0.223339
-136.5075,5.5013,-271.7127,0.223527
-136.2187,5.5013,-271.4234,0.223715
-135.9578,5.5013,-271.1620,0.223888
-135.6667,5.5013,-270.8704,0.224085
-135.4037,5.5013,-270.6069,0.224259
-135.1103,5.5013,-270.3128,0.224452
-134.8452,5.5013,-270.0471,0.224629
-134.5495,5.5013,-269.7507,0.224824
-134.2824,5.5013,-269.4829,0.224998
-133.9845,5.5013,-269.1842,0.225195
-133.7154,5.5013,-268.9144,0.225370
-133.4153,5.5013,-268.6134,0.225571
-133.1140,5.5013,-268.3112,0.225775
-132.8115,5.5013,-268.0078,0.225970
-132.5383,5.5013,-267.7338,0.226153
-132.2337,5.5013,-267.4281,0.226357
-131.9586,5.5013,-267.1519,0.226535
-131.6519,5.5013,-266.8440,0.226743
-131.3748,5.5013,-266.5658,0.226923
-131.0659,5.5013,-266.2556,0.227130
-130.7869,5.5013,-265.9754,0.227315
-130.4759,5.5013,-265.6629,0.227523
-130.1637,5.5013,-265.3492,0.227731
-129.8505,5.5013,-265.0343,0.227937
-129.5676,5.5013,-264.7500,0.228124
-129.2838,5.5013,-264.4647,0.228313
-128.9991,5.5013,-264.1785,0.228504
-128.6817,5.5013,-263.8594,0.228714
-128.3950,5.5013,-263.5712,0.228903
-128.0755,5.5013,-263.2500,0.229116
-127.7869,5.5013,-262.9598,0.229306
-127.4652,5.5013,-262.6364,0.229520
-127.1747,5.5013,-262.3444,0.229714
-126.8508,5.5013,-262.0188,0.229926
-126.5584,5.5013,-261.7248,0.230120
-126.2325,5.5013,-261.3971,0.230339
-125.9054,5.5013,-261.0683,0.230553
-125.5773,5.5013,-260.7383,0.230768
-125.2810,5.5013,-260.4404,0.230969
-124.9838,5.5013,-260.1415,0.231165
-124.6526,5.5013,-259.8084,0.231385
-124.3535,5.5013,-259.5076,0.231582
-124.0202,5.5013,-259.1723,0.231808
-123.7193,5.5013,-258.8696,0.232003
-123.3840,5.5013,-258.5322,0.232224
-123.0476,5.5013,-258.1936,0.232452
-122.7439,5.5013,-257.8880,0.232651
-122.4055,5.5013,-257.5474,0.232876
-122.1000,5.5013,-257.2399,0.233081
-121.7596,5.5013,-256.8972,0.233303
-121.4523,5.5013,-256.5878,0.233508
-121.1099,5.5013,-256.2430,0.233736
-120.8009,5.5013,-255.9317,0.233942
-120.4565,5.5013,-255.5847,0.234167
-120.1457,5.5013,-255.2715,0.234375
-119.7994,5.5013,-254.9225,0.234606
-119.4869,5.5013,-254.6074,0.234813
-119.1387,5.5013,-254.2563,0.235043
-118.8245,5.5013,-253.9393,0.235248
-118.4744,5.5013,-253.5861,0.235483
-118.1234,5.5013,-253.2317,0.235718
-117.7714,5.5013,-252.8762,0.235952
-117.4538,5.5013,-252.5554,0.236158
-117.1355,5.5013,-252.2336,0.236369
-116.8164,5.5013,-251.9110,0.236582
-116.4610,5.5013,-251.5516,0.236818
-116.1404,5.5013,-251.2272,0.237031
-115.7833,5.5013,-250.8659,0.237271
-115.4613,5.5013,-250.5399,0.237486
-115.1027,5.5013,-250.1767,0.237724
-114.7794,5.5013,-249.8492,0.237939
-114.4194,5.5013,-249.4844,0.238178
-114.0947,5.5013,-249.1553,0.238395
-113.7332,5.5013,-248.7889,0.238635
-113.3710,5.5013,-248.4216,0.238876
-113.0806,5.5013,-248.1272,0.239069
-112.7533,5.5013,-247.7953,0.239289
-112.3890,5.5013,-247.4256,0.239530
-112.0605,5.5013,-247.0922,0.239750
-111.6948,5.5013,-246.7210,0.239996
-111.3649,5.5013,-246.3861,0.240214
-110.9977,5.5013,-246.0133,0.240456
-110.6666,5.5013,-245.6770,0.240679
-110.2980,5.5013,-245.3026,0.240923
-109.9286,5.5013,-244.9273,0.241168
-109.6325,5.5013,-244.6265,0.241366
-109.2618,5.5013,-244.2498,0.241615
-108.9274,5.5013,-243.9100,0.241836
-108.5552,5.5013,-243.5318,0.242083
-108.2196,5.5013,-243.1908,0.242306
-107.8833,5.5013,-242.8491,0.242532
-107.5089,5.5013,-242.4687,0.242782
-107.1714,5.5013,-242.1257,0.243007
-106.7956,5.5013,-241.7438,0.243256
-106.4567,5.5013,-241.3995,0.243483
-106.0795,5.5013,-241.0162,0.243734
-105.7393,5.5013,-240.6706,0.243960
-105.3606,5.5013,-240.2859,0.244213
-105.0191,5.5013,-239.9390,0.244445
-104.6770,5.5013,-239.5915,0.244669
-104.3343,5.5013,-239.2434,0.244897
-103.9528,5.5013,-238.8559,0.245151
-103.6088,5.5013,-238.5065,0.245382
-103.2258,5.5013,-238.1176,0.245637
-102.8805,5.5013,-237.7670,0.245863
-102.5346,5.5013,-237.4159,0.246097
-102.1495,5.5013,-237.0251,0.246357
-101.7635,5.5013,-236.6337,0.246615
-101.4155,5.5013,-236.2810,0.246844
-101.0667,5.5013,-235.9278,0.247076
-100.7173,5.5013,-235.5742,0.247310
-100.3282,5.5013,-235.1807,0.247570
-99.9775,5.5013,-234.8262,0.247800
-99.5872,5.5013,-234.4320,0.248064
-99.2355,5.5013,-234.0770,0.248296
-98.8443,5.5013,-233.6824,0.248554
-98.4920,5.5013,-233.3273,0.248792
-98.1003,5.5013,-232.9327,0.249052
-97.7475,5.5013,-232.5777,0.249286
-97.3554,5.5013,-232.1832,0.249545
-97.0024,5.5013,-231.8284,0.249784
-96.6101,5.5013,-231.4342,0.250042
-96.2568,5.5013,-231.0795,0.250272
-95.8641,5.5013,-230.6855,0.250533
-95.4712,5.5013,-230.2915,0.250792
-95.1175,5.5013,-229.9371,0.251030
-94.7244,5.5013,-229.5432,0.251296
-94.3705,5.5013,-229.1889,0.251530
-93.9772,5.5013,-228.7951,0.251788
-93.6231,5.5013,-228.4407,0.252025
-93.2690,5.5013,-228.0864,0.252259
-92.8754,5.5013,-227.6927,0.252519
-92.4817,5.5013,-227.2990,0.252781
-92.0879,5.5013,-226.9054,0.253042
-91.7334,5.5013,-226.5511,0.253277
-91.3396,5.5013,-226.1573,0.253540
-90.9850,5.5013,-225.8029,0.253774
-90.5911,5.5013,-225.4091,0.254034
-90.2366,5.5013,-225.0546,0.254272
-89.8427,5.5013,-224.6607,0.254531
-89.4883,5.5013,-224.3062,0.254766
-89.0945,5.5013,-223.9123,0.255027
-88.7402,5.5013,-223.5579,0.255261
-88.3467,5.5013,-223.1642,0.255523
-87.9926,5.5013,-222.8099,0.255758
-87.6386,5.5013,-222.4557,0.255991
-87.2847,5.5013,-222.1015,0.256230
-86.8916,5.5013,-221.7081,0.256488
-86.5380,5.5013,-221.3540,0.256723
-86.1844,5.5013,-221.0000,0.256958
-85.7916,5.5013,-220.6066,0.257220
-85.4382,5.5013,-220.2526,0.257451
-85.0850,5.5013,-219.8987,0.257684
-84.6925,5.5013,-219.5054,0.257947
-84.3394,5.5013,-219.1516,0.258183
-83.9473,5.5013,-218.7583,0.258443
-83.5552,5.5013,-218.3651,0.258706
-83.2024,5.5013,-218.0113,0.258937
-82.8106,5.5013,-217.6183,0.259199
-82.4581,5.5013,-217.2645,0.259430
-82.1056,5.5013,-216.9108,0.259669
-81.7141,5.5013,-216.5177,0.259927
-81.3618,5.5013,-216.1641,0.260161
-81.0097,5.5013,-215.8105,0.260393
-80.6184,5.5013,-215.4177,0.260653
-80.2664,5.5013,-215.0642,0.260887
-79.8754,5.5013,-214.6715,0.261146
-79.5235,5.5013,-214.3181,0.261379
-79.1326,5.5013,-213.9256,0.261639
-78.7809,5.5013,-213.5723,0.261875
-78.3902,5.5013,-213.1799,0.262132
-77.9995,5.5013,-212.7876,0.262394
-77.6480,5.5013,-212.4346,0.262624
-77.2965,5.5013,-212.0816,0.262859
-76.9060,5.5013,-211.6896,0.263118
-76.5546,5.5013,-211.3369,0.263353
-76.1642,5.5013,-210.9450,0.263608
-75.8129,5.5013,-210.5925,0.263844
-75.4616,5.5013,-210.2399,0.264078
-75.0714,5.5013,-209.8484,0.264336
-74.6812,5.5013,-209.4569,0.264594
-74.3300,5.5013,-209.1046,0.264828
-73.9399,5.5013,-208.7133,0.265088
-73.5888,5.5013,-208.3612,0.265321
-73.1988,5.5013,-207.9700,0.265579
-72.8478,5.5013,-207.6181,0.265811
-72.4968,5.5013,-207.2662,0.266044
-72.1460,5.5013,-206.9144,0.266278
-71.7561,5.5013,-206.5235,0.266536
-71.4053,5.5013,-206.1718,0.266768
-71.0155,5.5013,-205.7811,0.267026
-70.6649,5.5013,-205.4296,0.267260
-70.2752,5.5013,-205.0390,0.267514
-69.9246,5.5013,-204.6876,0.267754
-69.5351,5.5013,-204.2972,0.268009
-69.1846,5.5013,-203.9459,0.268241
-68.7952,5.5013,-203.5556,0.268498
-68.4448,5.5013,-203.2044,0.268733
-68.0555,5.5013,-202.8142,0.268992
-67.7052,5.5013,-202.4631,0.269223
-67.3550,5.5013,-202.1121,0.269456
-66.9659,5.5013,-201.7221,0.269717
-66.6158,5.5013,-201.3711,0.269947
-66.2268,5.5013,-200.9812,0.270205
-65.8380,5.5013,-200.5914,0.270464
-65.4880,5.5013,-200.2406,0.270695
-65.0993,5.5013,-199.8509,0.270953
-64.7495,5.5013,-199.5002,0.271186
-64.3997,5.5013,-199.1495,0.271417
-64.0111,5.5013,-198.7599,0.271675
-63.6615,5.5013,-198.4093,0.271908
-63.2731,5.5013,-198.0199,0.272163
-62.9236,5.5013,-197.6695,0.272396
-62.5353,5.5013,-197.2801,0.272656
-62.1859,5.5013,-196.9298,0.272887
-61.7977,5.5013,-196.5405,0.273146
-61.4096,5.5013,-196.1513,0.273400
-61.0604,5.5013,-195.8011,0.273633
-60.6724,5.5013,-195.4120,0.273891
-60.3233,5.5013,-195.0619,0.274121
-59.9355,5.5013,-194.6729,0.274381
-59.5865,5.5013,-194.3229,0.274615
-59.1988,5.5013,-193.9340,0.274867
-58.8499,5.5013,-193.5840,0.275100
-58.5011,5.5013,-193.2341,0.275333
-58.1136,5.5013,-192.8454,0.275589
-57.7649,5.5013,-192.4956,0.275822
-57.3775,5.5013,-192.1069,0.276077
-56.9902,5.5013,-191.7183,0.276337
-56.6417,5.5013,-191.3687,0.276566
-56.2932,5.5013,-191.0190,0.276796
-55.9061,5.5013,-190.6306,0.277053
-55.5577,5.5013,-190.2811,0.277281
-55.1707,5.5013,-189.8927,0.277538
-54.8224,5.5013,-189.5432,0.277770
-54.4742,5.5013,-189.1938,0.277999
-54.0874,5.5013,-188.8056,0.278261
-53.7393,5.5013,-188.4563,0.278493
-53.3526,5.5013,-188.0683,0.278750
-53.0046,5.5013,-187.7190,0.278980
-52.6180,5.5013,-187.3310,0.279236
-52.2701,5.5013,-186.9819,0.279467
-51.8836,5.5013,-186.5940,0.279725
-51.5359,5.5013,-186.2449,0.279956
-51.1882,5.5013,-185.8958,0.280188
-50.8019,5.5013,-185.5081,0.280442
-50.4543,5.5013,-185.1591,0.280672
-50.0681,5.5013,-184.7715,0.280931
-49.7206,5.5013,-184.4226,0.281160
-49.3346,5.5013,-184.0350,0.281415
-48.9872,5.5013,-183.6862,0.281648
-48.6784,5.5013,-183.3762,0.281850
-48.2925,5.5013,-182.9888,0.282105
-47.9453,5.5013,-182.6401,0.282338
-47.5595,5.5013,-182.2527,0.282592
-47.2124,5.5013,-181.9042,0.282822
-46.8653,5.5013,-181.5556,0.283054
-46.5183,5.5013,-181.2071,0.283283
-46.1327,5.5013,-180.8199,0.283540
-45.7858,5.5013,-180.4715,0.283769
-45.4004,5.5013,-180.0844,0.284025
-45.0535,5.5013,-179.7360,0.284257
-44.6682,5.5013,-179.3491,0.284511
-44.3215,5.5013,-179.0008,0.284741
-43.9362,5.5013,-178.6138,0.284998
-43.5896,5.5013,-178.2657,0.285227
-43.2045,5.5013,-177.8789,0.285481
-42.8579,5.5013,-177.5308,0.285712
-42.5114,5.5013,-177.1827,0.285945
-42.1265,5.5013,-176.7961,0.286198
-41.7800,5.5013,-176.4481,0.286429
-41.3951,5.5013,-176.0615,0.286684
-41.0488,5.5013,-175.7137,0.286911
-40.7025,5.5013,-175.3658,0.287143
-40.3178,5.5013,-174.9794,0.287398
-39.9716,5.5013,-174.6317,0.287629
-39.6254,5.5013,-174.2839,0.287857
-39.2793,5.5013,-173.9362,0.288088
-38.8948,5.5013,-173.5500,0.288344
-38.5488,5.5013,-173.2024,0.288570
-38.2028,5.5013,-172.8548,0.288802
-37.8184,5.5013,-172.4686,0.289057
-37.4725,5.5013,-172.1212,0.289288
-37.1267,5.5013,-171.7737,0.289515
-36.7425,5.5013,-171.3876,0.289771
-36.3583,5.5013,-171.0016,0.290027
-36.0126,5.5013,-170.6543,0.290254
-35.6285,5.5013,-170.2684,0.290508
-35.3213,5.5013,-169.9597,0.290713
-34.9374,5.5013,-169.5739,0.290971
-34.5918,5.5013,-169.2267,0.291197
-34.2463,5.5013,-168.8795,0.291427
-33.8625,5.5013,-168.4937,0.291680
-33.5171,5.5013,-168.1467,0.291912
-33.1334,5.5013,-167.7610,0.292165
-32.7881,5.5013,-167.4140,0.292394
-32.4044,5.5013,-167.0284,0.292648
-32.0592,5.5013,-166.6815,0.292877
-31.6757,5.5013,-166.2961,0.293130
-31.3306,5.5013,-165.9492,0.293363
-30.9471,5.5013,-165.5637,0.293615
-30.6021,5.5013,-165.2169,0.293845
-30.2187,5.5013,-164.8316,0.294099
-29.8738,5.5013,-164.4849,0.294326
-29.5289,5.5013,-164.1381,0.294556
-29.1457,5.5013,-163.7529,0.294811
-28.8008,5.5013,-163.4063,0.295039
-28.4560,5.5013,-163.0597,0.295269
-28.0730,5.5013,-162.6746,0.295523
-27.7283,5.5013,-162.3280,0.295754
-27.3836,5.5013,-161.9815,0.295981
-27.0007,5.5013,-161.5965,0.296234
-26.6178,5.5013,-161.2115,0.296490
-26.2733,5.5013,-160.8651,0.296718
-25.9288,5.5013,-160.5187,0.296945
-25.5461,5.5013,-160.1339,0.297197
-25.2017,5.5013,-159.7876,0.297428
-24.8573,5.5013,-159.4412,0.297656
-24.5130,5.5013,-159.0950,0.297886
-24.1305,5.5013,-158.7103,0.298139
-23.7862,5.5013,-158.3640,0.298368
-23.4420,5.5013,-158.0178,0.298596
-23.0596,5.5013,-157.6332,0.298849
-22.6773,5.5013,-157.2487,0.299103
-22.3332,5.5013,-156.9026,0.299333
-21.9509,5.5013,-156.5181,0.299585
-21.6070,5.5013,-156.1720,0.299814
-21.2630,5.5013,-155.8260,0.300042
-20.9191,5.5013,-155.4801,0.300272
-20.5370,5.5013,-155.0957,0.300525
-20.1932,5.5013,-154.7498,0.300753
-19.8112,5.5013,-154.3655,0.301008
-19.4674,5.5013,-154.0197,0.301234
-19.1237,5.5013,-153.6739,0.301463
-18.7418,5.5013,-153.2897,0.301717
-18.3982,5.5013,-152.9439,0.301944
-18.0164,5.5013,-152.5598,0.302197
-17.6728,5.5013,-152.2142,0.302426
-17.3293,5.5013,-151.8685,0.302655
-16.9476,5.5013,-151.4845,0.302907
-16.6041,5.5013,-151.1390,0.303136
-16.2607,5.5013,-150.7934,0.303364
-15.8791,5.5013,-150.4095,0.303617
-15.5358,5.5013,-150.0640,0.303845
-15.1925,5.5013,-149.7185,0.304075
-14.8110,5.5013,-149.3347,0.304327
-14.4678,5.5013,-148.9894,0.304555
-14.0864,5.5013,-148.6056,0.304809
-13.7051,5.5013,-148.2219,0.305065
-13.3620,5.5013,-147.8766,0.305289
-13.0189,5.5013,-147.5313,0.305521
-12.6377,5.5013,-147.1477,0.305771
-12.2947,5.5013,-146.8025,0.305997
-11.9136,5.5013,-146.4189,0.306249
-11.5706,5.5013,-146.0738,0.306478
-11.2277,5.5013,-145.7287,0.306705
-10.8467,5.5013,-145.3453,0.306958
-10.5038,5.5013,-145.0004,0.307186
-10.1609,5.5013,-144.6555,0.307413
-9.7799,5.5013,-144.2724,0.307667
-9.3988,5.5013,-143.8894,0.307920
-9.0559,5.5013,-143.5448,0.308147
-8.7130,5.5013,-143.2002,0.308376
-8.3700,5.5013,-142.8558,0.308601
-7.9890,5.5013,-142.4731,0.308856
-7.6460,5.5013,-142.1288,0.309083
-7.3030,5.5013,-141.7845,0.309310
-6.9219,5.5013,-141.4021,0.309562
-6.5789,5.5013,-141.0581,0.309791
-6.1977,5.5013,-140.6758,0.310044
-5.8547,5.5013,-140.3319,0.310271
-5.5116,5.5013,-139.9881,0.310499
-5.1304,5.5013,-139.6061,0.310750
-4.7873,5.5013,-139.2624,0.310979
-4.4442,5.5013,-138.9188,0.311206
-4.0629,5.5013,-138.5371,0.311459
-3.7198,5.5013,-138.1936,0.311685
-3.3385,5.5013,-137.8120,0.311939
-2.9954,5.5013,-137.4687,0.312163
-2.6522,5.5013,-137.1254,0.312391
-2.2709,5.5013,-136.7439,0.312647
-1.9277,5.5013,-136.4008,0.312871
-1.5464,5.5013,-136.0195,0.313124
-1.2032,5.5013,-135.6764,0.313351
-0.8219,5.5013,-135.2953,0.313604
-0.4406,5.5013,-134.9142,0.313856
-0.0974,5.5013,-134.5713,0.314083
0.2458,5.5013,-134.2285,0.314312
0.6271,5.5013,-133.8476,0.314565
0.9702,5.5013,-133.5048,0.314774
1.3134,5.5013,-133.1621,0.315021
1.6947,5.5013,-132.7814,0.315269
2.0378,5.5013,-132.4387,0.315494
2.4191,5.5013,-132.0581,0.315746
2.7622,5.5013,-131.7155,0.315972
3.1434,5.5013,-131.3350,0.316225
3.4865,5.5013,-130.9925,0.316453
3.8677,5.5013,-130.6120,0.316704
4.2107,5.5013,-130.2695,0.316931
4.5537,5.5013,-129.9271,0.317159
4.9348,5.5013,-129.5467,0.317410
5.2778,5.5013,-129.2043,0.317637
5.6207,5.5013,-128.8620,0.317862
6.0017,5.5013,-128.4816,0.318113
6.3446,5.5013,-128.1393,0.318341
6.7256,5.5013,-127.7590,0.318592
7.0684,5.5013,-127.4167,0.318819
7.4492,5.5013,-127.0364,0.319070
7.7919,5.5013,-126.6941,0.319298
8.1346,5.5013,-126.3518,0.319526
8.5152,5.5013,-125.9715,0.319776
8.8578,5.5013,-125.6291,0.320003
9.2384,5.5013,-125.2488,0.320254
9.5809,5.5013,-124.9065,0.320482
9.9613,5.5013,-124.5261,0.320734
10.3037,5.5013,-124.1838,0.320958
10.6460,5.5013,-123.8416,0.321185
11.0263,5.5013,-123.4612,0.321440
11.3685,5.5013,-123.1189,0.321664
11.7487,5.5013,-122.7386,0.321915
12.1288,5.5013,-122.3583,0.322168
12.4709,5.5013,-122.0160,0.322394
12.8129,5.5013,-121.6737,0.322620
13.1929,5.5013,-121.2934,0.322873
13.5348,5.5013,-120.9511,0.323096
13.8766,5.5013,-120.6088,0.323323
14.2564,5.5013,-120.2285,0.323576
14.5982,5.5013,-119.8862,0.323803
14.9779,5.5013,-119.5058,0.324054
15.3195,5.5013,-119.1636,0.324278
15.6991,5.5013,-118.7832,0.324532
16.0407,5.5013,-118.4410,0.324759
16.3822,5.5013,-118.0987,0.324987
16.7237,5.5013,-117.7564,0.325212
17.0651,5.5013,-117.4142,0.325441
17.4444,5.5013,-117.0338,0.325690
17.7857,5.5013,-116.6916,0.325919
18.1649,5.5013,-116.3113,0.326170
18.5062,5.5013,-115.9691,0.326393
18.8853,5.5013,-115.5888,0.326644
19.2264,5.5013,-115.2466,0.326869
19.6054,5.5013,-114.8663,0.327122
19.9465,5.5013,-114.5241,0.327349
20.3254,5.5013,-114.1438,0.327601
20.6664,5.5013,-113.8016,0.327827
21.0073,5.5013,-113.4594,0.328053
21.3861,5.5013,-113.0791,0.328303
21.7270,5.5013,-112.7369,0.328531
22.1056,5.5013,-112.3567,0.328781
22.4464,5.5013,-112.0144,0.329008
22.8250,5.5013,-111.6342,0.329260
23.1657,5.5013,-111.2920,0.329487
23.5064,5.5013,-110.9499,0.329711
23.8848,5.5013,-110.5697,0.329964
24.2254,5.5013,-110.2275,0.330190
24.6037,5.5013,-109.8473,0.330442
24.9442,5.5013,-109.5051,0.330668
25.3224,5.5013,-109.1250,0.330919
25.6629,5.5013,-108.7828,0.331145
26.0032,5.5013,-108.4407,0.331372
26.3814,5.5013,-108.0605,0.331623
26.7216,5.5013,-107.7183,0.331848
27.0619,5.5013,-107.3762,0.332077
27.4399,5.5013,-106.9960,0.332328
27.7801,5.5013,-106.6539,0.332553
28.1580,5.5013,-106.2738,0.332803
28.4981,5.5013,-105.9317,0.333032
28.8759,5.5013,-105.5516,0.333279
29.2160,5.5013,-105.2096,0.333507
29.5560,5.5013,-104.8675,0.333732
29.9337,5.5013,-104.4875,0.333985
30.2737,5.5013,-104.1456,0.334210
30.6514,5.5013,-103.7656,0.334460
30.9914,5.5013,-103.4237,0.334686
31.3690,5.5013,-103.0439,0.334940
31.7089,5.5013,-102.7020,0.335165
32.0866,5.5013,-102.3223,0.335417
32.4265,5.5013,-101.9805,0.335642
32.7664,5.5013,-101.6388,0.335866
33.1440,5.5013,-101.2591,0.336119
33.4839,5.5013,-100.9175,0.336344
33.8615,5.5013,-100.5380,0.336597
34.2014,5.5013,-100.1965,0.336822
34.5413,5.5013,-99.8550,0.337046
34.9190,5.5013,-99.4757,0.337298
35.2589,5.5013,-99.1344,0.337525
35.6366,5.5013,-98.7552,0.337778
35.9766,5.5013,-98.4140,0.338000
36.3543,5.5013,-98.0350,0.338252
36.6943,5.5013,-97.6939,0.338479
37.0721,5.5013,-97.3150,0.338727
37.4122,5.5013,-96.9741,0.338957
37.7522,5.5013,-96.6332,0.339180
38.1301,5.5013,-96.2544,0.339432
38.4702,5.5013,-95.9137,0.339657
38.8103,5.5013,-95.5729,0.339884
39.1505,5.5013,-95.2323,0.340108
39.5284,5.5013,-94.8539,0.340361
39.8686,5.5013,-94.5133,0.340586
40.2466,5.5013,-94.1350,0.340838
40.5869,5.5013,-93.7946,0.341063
40.9649,5.5013,-93.4165,0.341313
41.3430,5.5013,-93.0384,0.341564
41.6833,5.5013,-92.6981,0.341791
42.0236,5.5013,-92.3579,0.342017
42.3640,5.5013,-92.0178,0.342245
42.7421,5.5013,-91.6399,0.342494
43.0825,5.5013,-91.2999,0.342723
43.4607,5.5013,-90.9222,0.342971
43.8011,5.5013,-90.5823,0.343194
44.1415,5.5013,-90.2424,0.343421
44.5198,5.5013,-89.8648,0.343671
44.8603,5.5013,-89.5251,0.343896
45.2386,5.5013,-89.1476,0.344147
45.6169,5.5013,-88.7703,0.344396
45.9574,5.5013,-88.4307,0.344622
46.3357,5.5013,-88.0534,0.344873
46.6763,5.5013,-87.7139,0.345098
47.0168,5.5013,-87.3744,0.345324
47.3952,5.5013,-86.9973,0.345574
47.7357,5.5013,-86.6579,0.345800
48.0763,5.5013,-86.3185,0.346026
48.4169,5.5013,-85.9792,0.346253
48.7953,5.5013,-85.6022,0.346504
49.1358,5.5013,-85.2629,0.346732
49.5142,5.5013,-84.8859,0.346981
49.8547,5.5013,-84.5467,0.347207
50.2330,5.5013,-84.1698,0.347457
50.5736,5.5013,-83.8306,0.347681
50.9519,5.5013,-83.4538,0.347928
51.2924,5.5013,-83.1146,0.348155
51.6329,5.5013,-82.7756,0.348382
52.0112,5.5013,-82.3988,0.348630
52.3517,5.5013,-82.0597,0.348856
52.6921,5.5013,-81.7207,0.349083
53.0704,5.5013,-81.3440,0.349334
53.4108,5.5013,-81.0049,0.349558
53.7891,5.5013,-80.6283,0.349809
54.1673,5.5013,-80.2517,0.350061
54.5077,5.5013,-79.9127,0.350288
54.8481,5.5013,-79.5738,0.350513
55.2263,5.5013,-79.1973,0.350763
55.5666,5.5013,-78.8584,0.350988
55.9448,5.5013,-78.4819,0.351235
56.2851,5.5013,-78.1431,0.351462
56.6255,5.5013,-77.8044,0.351686
57.0037,5.5013,-77.4280,0.351937
57.3440,5.5013,-77.0893,0.352162
57.6843,5.5013,-76.7506,0.352386
58.0625,5.5013,-76.3744,0.352636
58.3650,5.5013,-76.0734,0.352839
58.7432,5.5013,-75.6972,0.353089
59.0835,5.5013,-75.3587,0.353315
59.4236,5.5013,-75.0204,0.353540
59.8015,5.5013,-74.6446,0.353790
60.1415,5.5013,-74.3065,0.354012
60.4813,5.5013,-73.9687,0.354239
60.8585,5.5013,-73.5935,0.354487
61.1977,5.5013,-73.2564,0.354713
61.5738,5.5013,-72.8824,0.354960
61.9116,5.5013,-72.5467,0.355183
62.2857,5.5013,-72.1749,0.355429
62.6586,5.5013,-71.8043,0.355675
62.9932,5.5013,-71.4718,0.355895
63.3637,5.5013,-71.1036,0.356142
63.7330,5.5013,-70.7367,0.356387
64.0641,5.5013,-70.4077,0.356604
64.3942,5.5013,-70.0799,0.356823
64.7595,5.5013,-69.7170,0.357065
65.0869,5.5013,-69.3919,0.357282
65.4491,5.5013,-69.0322,0.357519
65.8095,5.5013,-68.6743,0.357755
66.1323,5.5013,-68.3538,0.357969
66.4890,5.5013,-67.9997,0.358204
66.8082,5.5013,-67.6828,0.358412
67.1609,5.5013,-67.3327,0.358644
67.4764,5.5013,-67.0196,0.358854
67.8248,5.5013,-66.6738,0.359084
68.1364,5.5013,-66.3646,0.359288
68.4802,5.5013,-66.0233,0.359518
68.7876,5.5013,-65.7183,0.359721
69.1264,5.5013,-65.3819,0.359941
69.4290,5.5013,-65.0816,0.360141
69.7625,5.5013,-64.7505,0.360359
70.0600,5.5013,-64.4551,0.360555
70.3551,5.5013,-64.1621,0.360749
70.6802,5.5013,-63.8393,0.360963
70.9701,5.5013,-63.5514,0.361154
71.2892,5.5013,-63.2343,0.361362
71.5738,5.5013,-62.9517,0.361551
71.8556,5.5013,-62.6717,0.361735
72.1654,5.5013,-62.3638,0.361939
72.4413,5.5013,-62.0895,0.362116
72.7144,5.5013,-61.8181,0.362294
73.0143,5.5013,-61.5199,0.362490
73.2811,5.5013,-61.2545,0.362660
73.5741,5.5013,-60.9629,0.362850
73.8633,5.5013,-60.6751,0.363035
74.1203,5.5013,-60.4192,0.363204
74.3741,5.5013,-60.1664,0.363366
74.6526,5.5013,-59.8890,0.363546
74.9000,5.5013,-59.6425,0.363704
75.1443,5.5013,-59.3991,0.363861
75.4121,5.5013,-59.1320,0.364034
75.6500,5.5013,-58.8949,0.364185
75.9107,5.5013,-58.6348,0.364352
76.1421,5.5013,-58.4039,0.364501
76.3706,5.5013,-58.1759,0.364647
76.6208,5.5013,-57.9260,0.364806
76.8674,5.5013,-57.6796,0.364961
77.1103,5.5013,-57.4369,0.365119
77.3258,5.5013,-57.2215,0.365257
77.5383,5.5013,-57.0089,0.365390
77.7709,5.5013,-56.7760,0.365536
77.9771,5.5013,-56.5695,0.365664
78.2028,5.5013,-56.3433,0.365808
78.4026,5.5013,-56.1429,0.365933
78.6212,5.5013,-55.9237,0.366070
78.8147,5.5013,-55.7294,0.366190
79.0262,5.5013,-55.5170,0.366324
79.2133,5.5013,-55.3289,0.366442
79.4178,5.5013,-55.1232,0.366567
79.6185,5.5013,-54.9211,0.366694
79.7961,5.5013,-54.7422,0.366804
79.9900,5.5013,-54.5468,0.366927
80.1613,5.5013,-54.3739,0.367032
80.3483,5.5013,-54.1852,0.367150
80.5135,5.5013,-54.0183,0.367251
80.6937,5.5013,-53.8362,0.367365
80.8532,5.5013,-53.6750,0.367461
81.0283,5.5013,-53.4977,0.367572
81.2021,5.5013,-53.3216,0.367676
81.3578,5.5013,-53.1638,0.367774
81.5301,5.5013,-52.9889,0.367882
81.7018,5.5013,-52.8144,0.367987
81.8731,5.5013,-52.6402,0.368092
82.0268,5.5013,-52.4836,0.368189
82.1802,5.5013,-52.3273,0.368283
82.3502,5.5013,-52.1539,0.368388
82.5028,5.5013,-51.9981,0.368485
82.6551,5.5013,-51.8426,0.368578
82.8239,5.5013,-51.6700,0.368679
82.9754,5.5013,-51.5150,0.368773
83.1433,5.5013,-51.3431,0.368874
83.2941,5.5013,-51.1885,0.368966
83.4613,5.5013,-51.0171,0.369066
83.6279,5.5012,-50.8460,0.369168
83.7776,5.5012,-50.6922,0.369263
83.9434,5.5012,-50.5215,0.369361
84.0923,5.5012,-50.3682,0.369450
84.2409,5.5012,-50.2151,0.369541
84.4055,5.5012,-50.0451,0.369640
84.5696,5.5012,-49.8753,0.369736
84.7169,5.5012,-49.7227,0.369824
84.8801,5.5012,-49.5532,0.369920
85.0427,5.5012,-49.3840,0.370017
85.2045,5.5012,-49.2152,0.370115
85.3493,5.5012,-49.0638,0.370200
85.5090,5.5012,-48.8963,0.370295
85.6675,5.5012,-48.7295,0.370391
85.8091,5.5012,-48.5800,0.370474
85.9651,5.5012,-48.4145,0.370566
86.1199,5.5012,-48.2496,0.370659
86.2584,5.5012,-48.1014,0.370742
86.3963,5.5012,-47.9530,0.370824
86.5488,5.5012,-47.7880,0.370914
86.7007,5.5012,-47.6228,0.371004
86.8518,5.5012,-47.4574,0.371093
86.9871,5.5012,-47.3083,0.371172
87.1367,5.5012,-47.1425,0.371260
87.2855,5.5012,-46.9765,0.371348
87.4188,5.5012,-46.8270,0.371425
87.5662,5.5012,-46.6607,0.371514
87.6984,5.5012,-46.5105,0.371592
87.8450,5.5012,-46.3430,0.371681
87.9912,5.5012,-46.1744,0.371769
88.1371,5.5012,-46.0046,0.371851
88.2682,5.5012,-45.8506,0.371928
88.4134,5.5012,-45.6780,0.372014
88.5295,5.5012,-45.5388,0.372084
88.6600,5.5012,-45.3808,0.372163
88.8050,5.5012,-45.2034,0.372246
88.9355,5.5012,-45.0421,0.372329
89.0805,5.5012,-44.8610,0.372414
89.2258,5.5012,-44.6777,0.372501
89.3568,5.5012,-44.5107,0.372581
89.5027,5.5012,-44.3231,0.372666
89.6343,5.5012,-44.1523,0.372753
89.7809,5.5012,-43.9602,0.372839
89.9131,5.5012,-43.7853,0.372918
90.0604,5.5012,-43.5886,0.373008
90.1932,5.5012,-43.4094,0.373093
90.3261,5.5012,-43.2280,0.373176
90.4738,5.5012,-43.0238,0.373267
90.6065,5.5012,-42.8377,0.373351
90.7537,5.5012,-42.6284,0.373442
90.9000,5.5012,-42.4168,0.373533
91.0308,5.5012,-42.2245,0.373616
91.1752,5.5012,-42.0090,0.373712
91.3185,5.5012,-41.7916,0.373804
91.4464,5.5012,-41.5945,0.373886
91.5873,5.5012,-41.3738,0.373982
91.7130,5.5012,-41.1738,0.374063
91.8511,5.5012,-40.9500,0.374156
91.9742,5.5012,-40.7472,0.374237
92.1094,5.5012,-40.5204,0.374336
92.2298,5.5012,-40.3150,0.374417
92.3619,5.5012,-40.0853,0.374508
92.4794,5.5012,-39.8773,0.374596
92.5956,5.5012,-39.6682,0.374684
92.7232,5.5012,-39.4346,0.374776
92.8491,5.5012,-39.1996,0.374878
92.9610,5.5012,-38.9870,0.374963
93.0838,5.5012,-38.7495,0.375054
93.1929,5.5012,-38.5345,0.375152
93.3125,5.5012,-38.2945,0.375246
93.4186,5.5012,-38.0773,0.375331
93.5349,5.5012,-37.8348,0.375427
93.6495,5.5012,-37.5910,0.375529
93.7511,5.5012,-37.3705,0.375618
93.8623,5.5012,-37.1243,0.375717
93.9608,5.5012,-36.9017,0.375803
94.0686,5.5012,-36.6531,0.375900
94.1746,5.5012,-36.4034,0.376002
94.2684,5.5012,-36.1776,0.376089
94.3708,5.5011,-35.9256,0.376192
94.4714,5.5009,-35.6724,0.376293
94.5701,5.5008,-35.4181,0.376400
94.6573,5.5007,-35.1882,0.376492
94.7429,5.5006,-34.9575,0.376584
94.8177,5.5006,-34.7516,0.376663
94.9093,5.5003,-34.4934,0.376761
94.9902,5.5001,-34.2601,0.376853
95.0782,5.4998,-33.9998,0.376967
95.1556,5.4996,-33.7649,0.377062
95.2394,5.4994,-33.5033,0.377173
95.3129,5.4991,-33.2674,0.377264
95.3922,5.4987,-33.0052,0.377373
95.4695,5.4983,-32.7422,0.377480
95.5443,5.4979,-32.4791,0.377592
95.6165,5.4975,-32.2160,0.377700
95.6860,5.4972,-31.9526,0.377808
95.7463,5.4968,-31.7154,0.377913
95.8105,5.4961,-31.4521,0.378024
95.8724,5.4957,-31.1882,0.378126
95.9256,5.4952,-30.9508,0.378224
95.9821,5.4948,-30.6870,0.378331
96.0307,5.4944,-30.4497,0.378428
96.0821,5.4937,-30.1865,0.378535
96.1312,5.4930,-29.9227,0.378638
96.1731,5.4925,-29.6858,0.378737
96.2172,5.4920,-29.4226,0.378840
96.2588,5.4915,-29.1597,0.378947
96.2941,5.4908,-28.9237,0.379046
96.3311,5.4901,-28.6609,0.379151
96.3655,5.4895,-28.3988,0.379255
96.3944,5.4890,-28.1631,0.379350
96.4212,5.4886,-27.9277,0.379442
96.4487,5.4878,-27.6667,0.379544
96.4716,5.4871,-27.4316,0.379642
96.4945,5.4866,-27.1711,0.379743
96.5132,5.4861,-26.9369,0.379833
96.5298,5.4857,-26.7030,0.379936
96.5476,5.4849,-26.4179,0.380050
96.5601,5.4843,-26.1846,0.380149
96.5717,5.4838,-25.9262,0.380253
96.5810,5.4833,-25.6682,0.380364
96.5873,5.4829,-25.4364,0.380453
96.5922,5.4823,-25.1795,0.380555
96.5947,5.4819,-24.9485,0.380638
96.5953,5.4815,-24.7181,0.380734
96.5939,5.4811,-24.4627,0.380829
96.5906,5.4808,-24.2333,0.380913
96.5849,5.4804,-23.9791,0.381017
96.5770,5.4801,-23.7253,0.381118
96.5681,5.4798,-23.4975,0.381206
96.5561,5.4797,-23.2451,0.381310
96.5434,5.4795,-23.0186,0.381393
96.5272,5.4793,-22.7675,0.381494
96.5127,5.4792,-22.5671,0.381574
96.4928,5.4790,-22.3173,0.381671
96.4706,5.4791,-22.0680,0.381765
96.4464,5.4792,-21.8197,0.381864
96.4228,5.4793,-21.5968,0.381944
96.3945,5.4794,-21.3499,0.382044
96.3641,5.4795,-21.1039,0.382134
96.3350,5.4796,-20.8831,0.382215
96.3006,5.4800,-20.6383,0.382309
96.2643,5.4805,-20.3947,0.382400
96.2260,5.4810,-20.1520,0.382494
96.1899,5.4814,-19.9343,0.382580
96.1480,5.4819,-19.6933,0.382673
96.1042,5.4824,-19.4533,0.382764
96.0677,5.4830,-19.2615,0.382839
96.0208,5.4841,-19.0232,0.382936
95.9771,5.4850,-18.8092,0.383016
95.9269,5.4860,-18.5717,0.383111
95.8751,5.4871,-18.3345,0.383206
95.8270,5.4879,-18.1211,0.383287
95.7716,5.4891,-17.8832,0.383386
95.7208,5.4907,-17.6699,0.383476
95.6629,5.4924,-17.4328,0.383572
95.6035,5.4942,-17.1958,0.383674
95.5488,5.4956,-16.9827,0.383758
95.4866,5.4972,-16.7457,0.383854
95.4226,5.4992,-16.5082,0.383953
95.3642,5.5011,-16.2951,0.384037
95.2972,5.5040,-16.0573,0.384133
95.2359,5.5066,-15.8438,0.384227
95.1663,5.5097,-15.6069,0.384325
95.1021,5.5124,-15.3936,0.384417
95.0293,5.5154,-15.1567,0.384517
94.9548,5.5184,-14.9198,0.384618
94.8787,5.5215,-14.6828,0.384720
94.8168,5.5239,-14.4934,0.384799
94.7461,5.5266,-14.2803,0.384889
94.6741,5.5293,-14.0673,0.384980
94.5927,5.5323,-13.8306,0.385081
94.5098,5.5353,-13.5940,0.385180
94.4339,5.5380,-13.3811,0.385276
94.3480,5.5410,-13.1445,0.385375
94.2605,5.5440,-12.9079,0.385481
94.1804,5.5467,-12.6952,0.385568
94.0897,5.5497,-12.4589,0.385673
93.9973,5.5527,-12.2227,0.385785
93.9033,5.5557,-11.9866,0.385882
93.8135,5.5631,-11.7472,0.385983
93.7261,5.5668,-11.5351,0.386073
93.6273,5.5710,-11.2995,0.386179
93.5269,5.5751,-11.0640,0.386284
93.4351,5.5788,-10.8522,0.386377
93.3314,5.5829,-10.6172,0.386481
93.2367,5.5866,-10.4059,0.386577
93.1405,5.5902,-10.1948,0.386674
93.0321,5.5942,-9.9605,0.386779
92.9442,5.5974,-9.7730,0.386862
92.8328,5.6015,-9.5389,0.386964
92.7196,5.6054,-9.3049,0.387071
92.6160,5.6090,-9.0946,0.387160
92.4993,5.6129,-8.8612,0.387268
92.3929,5.6165,-8.6515,0.387365
92.2729,5.6201,-8.4186,0.387468
92.1635,5.6234,-8.2092,0.387565
92.0650,5.6263,-8.0232,0.387651
91.9404,5.6299,-7.7909,0.387755
91.8141,5.6335,-7.5587,0.387864
91.7119,5.6363,-7.3731,0.387944
91.5830,5.6398,-7.1412,0.388048
91.4658,5.6430,-6.9325,0.388143
91.3609,5.6458,-6.7469,0.388236
91.2421,5.6489,-6.5381,0.388333
91.1358,5.6517,-6.3523,0.388417
91.0156,5.6548,-6.1430,0.388516
90.8812,5.6583,-5.9101,0.388626
90.7595,5.6614,-5.7001,0.388720
90.6235,5.6648,-5.4663,0.388833
90.5002,5.6679,-5.2554,0.388925
90.3760,5.6711,-5.0442,0.389027
90.2510,5.6742,-4.8326,0.389130
90.1111,5.6776,-4.5971,0.389238
89.9985,5.6804,-4.4083,0.389327
89.8567,5.6838,-4.1719,0.389439
89.7281,5.6868,-3.9588,0.389540
89.6132,5.6894,-3.7690,0.389634
89.4831,5.6924,-3.5550,0.389733
89.3523,5.6954,-3.3407,0.389836
89.2061,5.6987,-3.1019,0.389951
89.0736,5.7017,-2.8866,0.390053
88.9553,5.7044,-2.6945,0.390147
88.8063,5.7078,-2.4540,0.390260
88.6563,5.7112,-2.2128,0.390380
88.5203,5.7142,-1.9951,0.390482
88.3681,5.7176,-1.7524,0.390602
88.2147,5.7210,-1.5089,0.390721
88.0602,5.7243,-1.2648,0.390832
87.9357,5.7270,-1.0689,0.390928
87.7948,5.7301,-0.8480,0.391042
87.6687,5.7328,-0.6511,0.391134
87.5102,5.7362,-0.4043,0.391257
87.3506,5.7396,-0.1568,0.391377
87.1901,5.7429,0.0916,0.391501
87.0287,5.7463,0.3407,0.391626
86.8828,5.7494,0.5657,0.391734
86.7363,5.7525,0.7915,0.391849
86.5727,5.7559,1.0433,0.391974
86.4080,5.7593,1.2959,0.392098
86.2590,5.7623,1.5242,0.392214
86.0925,5.7657,1.7788,0.392337
85.9417,5.7687,2.0087,0.392456
85.8068,5.7714,2.2139,0.392562
85.6371,5.7748,2.4713,0.392689
85.4832,5.7779,2.7040,0.392805
85.3110,5.7813,2.9637,0.392936
85.1375,5.7847,3.2247,0.393071
84.9802,5.7878,3.4605,0.393190
84.8042,5.7913,3.7237,0.393322
84.6268,5.7947,3.9881,0.393457
84.4480,5.7982,4.2537,0.393596
84.2860,5.8014,4.4938,0.393717
84.1047,5.8050,4.7616,0.393858
83.9221,5.8087,5.0305,0.393996
83.7750,5.8116,5.2465,0.394107
83.5897,5.8152,5.5173,0.394248
83.4034,5.8188,5.7895,0.394392
83.2533,5.8216,6.0080,0.394504
83.0644,5.8252,6.2823,0.394646
82.8742,5.8288,6.5577,0.394790
82.7018,5.8320,6.8067,0.394921
82.5088,5.8356,7.0845,0.395067
82.3142,5.8392,7.3636,0.395216
82.1181,5.8428,7.6443,0.395361
81.9203,5.8464,7.9265,0.395511
81.7607,5.8493,8.1536,0.395632
81.5798,5.8526,8.4104,0.395770
81.4177,5.8556,8.6399,0.395890
81.2134,5.8592,8.9285,0.396043
81.0486,5.8622,9.1607,0.396166
80.8410,5.8659,9.4527,0.396325
80.6317,5.8696,9.7466,0.396487
80.4207,5.8734,10.0427,0.396645
80.2290,5.8769,10.3105,0.396785
80.0141,5.8808,10.6099,0.396948
79.7974,5.8848,10.9112,0.397115
79.5788,5.8887,11.2143,0.397277
79.4025,5.8919,11.4582,0.397411
79.1804,5.8958,11.7646,0.397580
78.9790,5.8994,12.0418,0.397732
78.7762,5.9030,12.3204,0.397885
78.5491,5.9070,12.6315,0.398056
78.3202,5.9111,12.9443,0.398229
78.1127,5.9149,13.2272,0.398385
77.8805,5.9190,13.5430,0.398561
77.6467,5.9232,13.8606,0.398738
77.4112,5.9275,14.1798,0.398914
77.1741,5.9317,14.5008,0.399095
76.9353,5.9360,14.8235,0.399276
76.7430,5.9394,15.0831,0.399421
76.5253,5.9432,15.3765,0.399585
76.2818,5.9475,15.7043,0.399770
76.0858,5.9510,15.9679,0.399919
75.8392,5.9554,16.2990,0.400104
75.5910,5.9597,16.6321,0.400293
75.3412,5.9642,16.9672,0.400483
75.0899,5.9689,17.3041,0.400672
74.8626,5.9731,17.6089,0.400846
74.6088,5.9778,17.9496,0.401038
74.3536,5.9825,18.2924,0.401232
74.0972,5.9873,18.6373,0.401429
73.8395,5.9921,18.9843,0.401624
73.6064,5.9965,19.2984,0.401805
73.3461,6.0013,19.6493,0.402000
73.1107,6.0057,19.9670,0.402183
72.8742,6.0102,20.2862,0.402361
72.6101,6.0151,20.6429,0.402566
72.3447,6.0202,21.0017,0.402771
72.1051,6.0252,21.3258,0.402955
71.8381,6.0307,21.6872,0.403160
71.5703,6.0363,22.0500,0.403365
71.3286,6.0413,22.3778,0.403553
71.0593,6.0470,22.7433,0.403762
70.7892,6.0526,23.1102,0.403972
70.5182,6.0583,23.4784,0.404182
70.2465,6.0640,23.8480,0.404395
70.0012,6.0691,24.1819,0.404588
69.7280,6.0748,24.5541,0.404803
69.4545,6.0807,24.9283,0.405019
69.1740,6.0808,25.2995,0.405233
68.8988,6.0874,25.6763,0.405451
68.6504,6.0934,26.0167,0.405648
68.3732,6.1001,26.3958,0.405866
68.1228,6.1062,26.7381,0.406061
67.8439,6.1131,27.1201,0.406283
67.5644,6.1201,27.5034,0.406505
67.2839,6.1271,27.8881,0.406726
67.0588,6.1327,28.1967,0.406905
66.8050,6.1391,28.5450,0.407106
66.5224,6.1465,28.9331,0.407333
66.2676,6.1531,29.2838,0.407535
65.9840,6.1605,29.6749,0.407760
65.6997,6.1679,30.0674,0.407987
65.4433,6.1748,30.4221,0.408202
65.1865,6.1817,30.7779,0.408398
64.9006,6.1895,31.1745,0.408628
64.6142,6.1973,31.5727,0.408862
64.3274,6.2052,31.9726,0.409092
64.0979,6.2117,32.2935,0.409279
63.8107,6.2199,32.6961,0.409516
63.5522,6.2273,33.0599,0.409725
63.2649,6.2355,33.4657,0.409961
62.9776,6.2440,33.8733,0.410197
62.7191,6.2518,34.2416,0.410410
62.4318,6.2604,34.6525,0.410647
62.1733,6.2682,35.0236,0.410862
61.9146,6.2762,35.3963,0.411080
61.6561,6.2844,35.7702,0.411295
61.3974,6.2926,36.1454,0.411513
61.1387,6.3008,36.5219,0.411730
60.9085,6.3082,36.8579,0.411923
60.6496,6.3168,37.2369,0.412142
60.4193,6.3245,37.5749,0.412335
60.1601,6.3331,37.9563,0.412555
59.8719,6.3428,38.3816,0.412802
59.5834,6.3529,38.8086,0.413045
59.2946,6.3630,39.2370,0.413290
59.0055,6.3732,39.6668,0.413537
58.7448,6.3824,40.0548,0.413757
58.4545,6.3931,40.4874,0.414008
58.1638,6.4039,40.9212,0.414254
57.8724,6.4146,41.3562,0.414503
57.5803,6.4256,41.7926,0.414756
57.2878,6.4370,42.2300,0.415005
57.0533,6.4461,42.5809,0.415207
56.7892,6.4564,42.9765,0.415432
56.5245,6.4669,43.3731,0.415661
56.2301,6.4790,43.8146,0.415913
55.9648,6.4899,44.2127,0.416139
55.6695,6.5020,44.6561,0.416391
55.4032,6.5131,45.0560,0.416622
55.1069,6.5256,45.5012,0.416871
54.8399,6.5370,45.9028,0.417102
54.5428,6.5496,46.3498,0.417357
54.2749,6.5610,46.7530,0.417587
53.9769,6.5738,47.2018,0.417842
53.6784,6.5866,47.6516,0.418096
53.4093,6.5982,48.0573,0.418326
53.1099,6.6111,48.5089,0.418585
52.8101,6.6240,48.9615,0.418840
52.5398,6.6358,49.3696,0.419069
52.2391,6.6488,49.8239,0.419330
51.9680,6.6606,50.2336,0.419560
51.6663,6.6738,50.6897,0.419819
51.3944,6.6857,51.1009,0.420048
51.0917,6.6989,51.5587,0.420304
50.7885,6.7122,52.0174,0.420566
50.5152,6.7242,52.4309,0.420797
50.2110,6.7376,52.8912,0.421059
49.9063,6.7510,53.3524,0.421320
49.6315,6.7632,53.7682,0.421556
49.3257,6.7767,54.2310,0.421815
49.0501,6.7889,54.6482,0.422050
48.7433,6.8025,55.1126,0.422310
48.4667,6.8147,55.5312,0.422546
48.1588,6.8284,55.9972,0.422809
47.8505,6.8421,56.4639,0.423073
47.5724,6.8545,56.8847,0.423308
47.2630,6.8683,57.3530,0.423571
46.9841,6.8808,57.7751,0.423808
46.6736,6.8946,58.2448,0.424071
46.3626,6.9086,58.7155,0.424337
46.0822,6.9211,59.1397,0.424577
45.7701,6.9351,59.6117,0.424841
45.4888,6.9477,60.0373,0.425081
45.1757,6.9618,60.5109,0.425346
44.8935,6.9745,60.9377,0.425588
44.5794,6.9886,61.4127,0.425854
44.2963,7.0014,61.8409,0.426091
43.9811,7.0156,62.3174,0.426360
43.6655,7.0299,62.7945,0.426628
43.3810,7.0427,63.2248,0.426868
43.0643,7.0571,63.7034,0.427138
42.8106,7.0686,64.0869,0.427354
42.4930,7.0829,64.5668,0.427623
42.2068,7.0959,64.9996,0.427864
41.8882,7.1104,65.4810,0.428133
41.6010,7.1235,65.9149,0.428378
41.2814,7.1379,66.3978,0.428648
40.9934,7.1511,66.8329,0.428890
40.6728,7.1657,67.3172,0.429162
40.3517,7.1804,67.8021,0.429432
40.0302,7.1950,68.2878,0.429704
39.7403,7.2083,68.7256,0.429951
39.4177,7.2230,69.2126,0.430223
39.1593,7.2348,69.6027,0.430442
38.8358,7.2496,70.0911,0.430715
38.5442,7.2630,70.5313,0.430961
38.2196,7.2779,71.0209,0.431234
37.9272,7.2913,71.4621,0.431481
37.6017,7.3062,71.9533,0.431755
37.3083,7.3197,72.3958,0.432004
36.9818,7.3347,72.8880,0.432278
36.6876,7.3482,73.3316,0.432527
36.3929,7.3617,73.7760,0.432777
36.0650,7.3769,74.2702,0.433052
35.7365,7.3920,74.7651,0.433326
35.4734,7.4041,75.1614,0.433550
35.1441,7.4193,75.6576,0.433826
34.8472,7.4330,76.1047,0.434077
34.5168,7.4483,76.6020,0.434355
34.2191,7.4619,77.0501,0.434606
33.8878,7.4773,77.5489,0.434884
33.5892,7.4911,77.9981,0.435136
33.2569,7.5065,78.4980,0.435416
32.9574,7.5203,78.9483,0.435668
32.6242,7.5357,79.4495,0.435949
32.3239,7.5496,79.9010,0.436200
31.9897,7.5652,80.4033,0.436482
31.6550,7.5805,80.9062,0.436762
31.3534,7.5946,81.3595,0.437018
31.0178,7.6102,81.8637,0.437301
30.7153,7.6242,82.3179,0.437555
30.4125,7.6382,82.7726,0.437809
30.0756,7.6539,83.2787,0.438097
29.7719,7.6680,83.7346,0.438352
29.4339,7.6837,84.2416,0.438638
29.1294,7.6978,84.6985,0.438893
28.7907,7.7136,85.2069,0.439179
28.4853,7.7278,85.6649,0.439436
28.1456,7.7436,86.1743,0.439720
27.8394,7.7578,86.6333,0.439981
27.4988,7.7737,87.1440,0.440269
27.1919,7.7880,87.6041,0.440524
26.8503,7.8039,88.1159,0.440814
26.5426,7.8182,88.5769,0.441073
26.2002,7.8341,89.0900,0.441361
25.8574,7.8502,89.6035,0.441653
25.5484,7.8646,90.0661,0.441913
25.2392,7.8789,90.5292,0.442177
24.8953,7.8950,91.0447,0.442467
24.5509,7.9111,91.5605,0.442759
24.2406,7.9256,92.0253,0.443022
23.8955,7.9416,92.5422,0.443313
23.5845,7.9562,93.0083,0.443577
23.2386,7.9724,93.5265,0.443866
22.9268,7.9870,93.9934,0.444132
22.5802,8.0030,94.5126,0.444426
22.2679,8.0177,94.9808,0.444690
21.9204,8.0340,95.5013,0.444985
21.6074,8.0486,95.9703,0.445248
21.2592,8.0648,96.4919,0.445542
20.9804,8.0779,96.9098,0.445782
20.6316,8.0943,97.4326,0.446075
20.2823,8.1107,97.9560,0.446371
19.9677,8.1253,98.4274,0.446638
19.6177,8.1417,98.9521,0.446935
19.3024,8.1565,99.4247,0.447202
18.9867,8.1713,99.8977,0.447469
18.6357,8.1876,100.4238,0.447765
18.3195,8.2025,100.8980,0.448035
18.0030,8.2173,101.3725,0.448303
17.6508,8.2339,101.9003,0.448600
17.2984,8.2503,102.4288,0.448901
16.9809,8.2652,102.9049,0.449168
16.6277,8.2818,103.4343,0.449469
16.2741,8.2984,103.9644,0.449768
15.9556,8.3132,104.4420,0.450037
15.6014,8.3298,104.9731,0.450337
15.2822,8.3448,105.4516,0.450608
14.9627,8.3599,105.9305,0.450879
14.6075,8.3764,106.4633,0.451178
14.2874,8.3914,106.9432,0.451452
13.9314,8.4081,107.4770,0.451752
13.6108,8.4232,107.9577,0.452023
13.2543,8.4398,108.4927,0.452326
12.9332,8.4549,108.9746,0.452597
12.5761,8.4717,109.5105,0.452900
12.2188,8.4883,110.0469,0.453203
11.8613,8.5051,110.5842,0.453507
11.5394,8.5202,111.0681,0.453780
11.2174,8.5354,111.5525,0.454055
10.8596,8.5521,112.0914,0.454358
10.5375,8.5673,112.5768,0.454630
10.1794,8.5841,113.1167,0.454934
9.8571,8.5993,113.6031,0.455206
9.4988,8.6161,114.1443,0.455513
9.1404,8.6330,114.6860,0.455817
8.8178,8.6483,115.1740,0.456094
8.4593,8.6651,115.7167,0.456401
8.1007,8.6820,116.2603,0.456705
7.8137,8.6956,116.6954,0.456952
7.4548,8.7126,117.2399,0.457258
7.1319,8.7277,117.7306,0.457538
6.7729,8.7447,118.2762,0.457843
6.4497,8.7600,118.7678,0.458120
6.1266,8.7753,119.2598,0.458396
5.7673,8.7923,119.8072,0.458703
5.4439,8.8076,120.3003,0.458981
5.0845,8.8247,120.8487,0.459289
4.7610,8.8399,121.3428,0.459565
4.4013,8.8570,121.8923,0.459873
4.0774,8.8724,122.3874,0.460153
3.7536,8.8877,122.8828,0.460430
3.4296,8.9031,123.3788,0.460709
3.1055,8.9185,123.8752,0.460988
2.7454,8.9356,124.4272,0.461298
2.3851,8.9526,124.9799,0.461607
2.0609,8.9681,125.4778,0.461887
1.7005,8.9852,126.0315,0.462197
1.3762,9.0006,126.5304,0.462475
1.0158,9.0178,127.0852,0.462786
0.6914,9.0332,127.5850,0.463065
0.3309,9.0504,128.1409,0.463378
0.0064,9.0658,128.6417,0.463657
-0.3542,9.0831,129.1987,0.463969
-0.7149,9.1002,129.7562,0.464280
-1.0395,9.1157,130.2585,0.464560
-1.4004,9.1330,130.8171,0.464874
-1.7252,9.1484,131.3203,0.465153
-2.0862,9.1657,131.8799,0.465468
-2.4112,9.1812,132.3841,0.465747
-2.7362,9.1967,132.8886,0.466027
-3.0974,9.2140,133.4498,0.466343
-3.4587,9.2313,134.0114,0.466658
-3.7839,9.2468,134.5174,0.466937
-4.1454,9.2641,135.0801,0.467250
-4.4345,9.2779,135.5305,0.467500
-4.7599,9.2935,136.0379,0.467782
-5.0853,9.3091,136.5455,0.468067
-5.4468,9.3264,137.1101,0.468380
-5.7723,9.3420,137.6188,0.468664
-6.1339,9.3594,138.1844,0.468979
-6.4594,9.3750,138.6939,0.469261
-6.8211,9.3923,139.2606,0.469576
-7.1465,9.4080,139.7710,0.469860
-7.4721,9.4236,140.2819,0.470145
-7.8338,9.4410,140.8501,0.470459
-8.1955,9.4584,141.4188,0.470775
-8.5210,9.4741,141.9311,0.471061
-8.8828,9.4915,142.5008,0.471376
-9.2084,9.5072,143.0140,0.471661
-9.5340,9.5229,143.5276,0.471946
-9.8961,9.5440,144.0987,0.472265
-10.2583,9.5615,144.6702,0.472579
-10.5845,9.5773,145.1850,0.472867
-10.9472,9.5949,145.7575,0.473184
-11.2699,9.6077,146.2760,0.473469
-11.6325,9.6263,146.8494,0.473788
-11.9590,9.6430,147.3660,0.474072
-12.3223,9.6616,147.9403,0.474389
-12.6864,9.6802,148.5149,0.474709
-13.0512,9.6988,149.0898,0.475028
-13.3801,9.7155,149.6076,0.475315
-13.7462,9.7341,150.1831,0.475636
-14.0766,9.7509,150.7010,0.475922
-14.4417,9.7719,151.2795,0.476242
-14.7737,9.7909,151.7973,0.476528
-15.1438,9.8120,152.3723,0.476851
-15.4780,9.8310,152.8895,0.477137
-15.8488,9.8520,153.4639,0.477460
-16.2185,9.8731,154.0384,0.477779
-16.5515,9.8921,154.5554,0.478067
-16.9229,9.9141,155.1330,0.478386
-17.2564,9.9358,155.6508,0.478674
-17.6258,9.9600,156.2276,0.478996
-17.9582,9.9818,156.7463,0.479284
-18.3279,10.0060,157.3230,0.479605
-18.6611,10.0278,157.8430,0.479894
-18.9992,10.0544,158.3615,0.480182
-19.3313,10.0788,158.8824,0.480471
-19.6992,10.1058,159.4609,0.480792
-20.0295,10.1302,159.9815,0.481082
-20.3973,10.1573,160.5616,0.481404
-20.7664,10.1868,161.1435,0.481724
-21.0973,10.2130,161.6677,0.482016
-21.4653,10.2424,162.2497,0.482337
-21.8331,10.2727,162.8290,0.482661
-22.1649,10.2999,163.3515,0.482952
-22.4970,10.3279,163.8749,0.483243
-22.8654,10.3591,164.4571,0.483566
-23.1967,10.3877,164.9816,0.483857
-23.5646,10.4200,165.5649,0.484180
-23.8956,10.4500,166.0892,0.484470
-24.2634,10.4832,166.6723,0.484794
-24.6312,10.5163,167.2558,0.485112
-24.9622,10.5462,167.7813,0.485405
-25.2931,10.5761,168.3071,0.485695
-25.6238,10.6059,168.8332,0.485988
-25.9913,10.6392,169.4180,0.486314
-26.3221,10.6692,169.9444,0.486605
-26.6896,10.7026,170.5297,0.486928
-27.0204,10.7327,171.0566,0.487222
-27.3879,10.7661,171.6423,0.487546
-27.7553,10.7996,172.2283,0.487869
-28.0860,10.8297,172.7559,0.488161
-28.4534,10.8632,173.3424,0.488486
-28.7838,10.8925,173.8701,0.488778
-29.1513,10.9247,174.4572,0.489102
-29.5187,10.9570,175.0446,0.489426
-29.8493,10.9860,175.5735,0.489719
-30.1799,11.0150,176.1026,0.490011
-30.5471,11.0473,176.6906,0.490336
-30.8775,11.0763,177.2201,0.490629
-31.2445,11.1081,177.8086,0.490956
-31.5749,11.1366,178.3387,0.491247
-31.9419,11.1684,178.9280,0.491572
-32.2721,11.1970,179.4586,0.491865
-32.6389,11.2287,180.0484,0.492191
-32.9689,11.2573,180.5795,0.492485
-33.3356,11.2891,181.1699,0.492810
-33.6655,11.3178,181.7015,0.493105
-34.0319,11.3493,182.2924,0.493429
-34.3616,11.3776,182.8246,0.493722
-34.6914,11.4060,183.3570,0.494017
-35.0577,11.4376,183.9489,0.494342
-35.3873,11.4659,184.4818,0.494637
-35.7535,11.4975,185.0741,0.494962
-36.0830,11.5259,185.6075,0.495255
-36.4491,11.5575,186.2005,0.495584
-36.8152,11.5891,186.7937,0.495911
-37.1447,11.6173,187.3277,0.496205
-37.5107,11.6487,187.9215,0.496531
-37.8401,11.6770,188.4561,0.496826
-38.2061,11.7084,189.0503,0.497153
-38.5354,11.7367,189.5853,0.497446
-38.8647,11.7650,190.1206,0.497742
-39.2307,11.7964,190.7155,0.498069
-39.5600,11.8248,191.2512,0.498363
-39.8892,11.8531,191.7870,0.498658
-40.2550,11.8842,192.3827,0.498986
-40.5843,11.9124,192.9191,0.499282
-40.9502,11.9436,193.5152,0.499612
-41.2796,11.9718,194.0519,0.499905
-41.6455,12.0031,194.6485,0.500233
-41.9750,12.0312,195.1856,0.500529
-42.3411,12.0625,195.7825,0.500857
-42.6704,12.0907,196.3197,0.501152
-43.0000,12.1180,196.8573,0.501448
-43.3664,12.1484,197.4550,0.501779
-43.6961,12.1758,197.9930,0.502073
-44.0259,12.2031,198.5312,0.502373
-44.3558,12.2305,199.0695,0.502663
-44.7222,12.2604,199.6675,0.502994
-45.0523,12.2870,200.2061,0.503288
-45.4191,12.3167,200.8049,0.503618
-45.7493,12.3434,201.3440,0.503916
-46.1162,12.3730,201.9430,0.504248
-46.4466,12.3998,202.4823,0.504542
-46.7769,12.4264,203.0216,0.504839
-47.1441,12.4558,203.6212,0.505168
-47.5115,12.4853,204.2209,0.505498
-47.8421,12.5119,204.7609,0.505794
-48.1729,12.5385,205.3009,0.506094
-48.5404,12.5680,205.9011,0.506423
-48.8713,12.5946,206.4415,0.506719
-49.2023,12.6212,206.9820,0.507017
-49.5700,12.6509,207.5826,0.507349
-49.9009,12.6777,208.1232,0.507646
-50.2685,12.7074,208.7238,0.507974
-50.5993,12.7342,209.2642,0.508273
-50.9666,12.7640,209.8642,0.508602
-51.2966,12.7907,210.4036,0.508901
-51.6262,12.8174,210.9421,0.509197
-51.9917,12.8471,211.5394,0.509525
-52.3198,12.8741,212.0759,0.509819
-52.6474,12.9011,212.6113,0.510115
-53.0104,12.9310,213.2047,0.510439
-53.3723,12.9608,213.7962,0.510766
-53.6967,12.9875,214.3268,0.511057
-54.0559,13.0171,214.9140,0.511380
-54.3780,13.0436,215.4406,0.511670
-54.6990,13.0702,215.9655,0.511959
-55.0186,13.0972,216.4884,0.512245
-55.3372,13.1242,217.0093,0.512532
-55.6897,13.1540,217.5859,0.512847
-56.0058,13.1808,218.1029,0.513136
-56.3208,13.2074,218.6181,0.513415
-56.6695,13.2370,219.1884,0.513731
-56.9821,13.2634,219.6998,0.514010
-57.3282,13.2927,220.2658,0.514322
-57.6386,13.3195,220.7736,0.514603
-57.9818,13.3497,221.3353,0.514908
-58.3236,13.3798,221.8946,0.515219
-58.6301,13.4068,222.3959,0.515494
-58.9353,13.4336,222.8952,0.515769
-59.2393,13.4604,223.3927,0.516041
-59.5757,13.4900,223.9431,0.516345
-59.8772,13.5166,224.4363,0.516616
-60.1773,13.5430,224.9274,0.516886
-60.5094,13.5732,225.4709,0.517185
-60.8065,13.6008,225.9573,0.517452
-61.1350,13.6312,226.4949,0.517746
-61.4292,13.6585,226.9762,0.518011
-61.7543,13.6886,227.5081,0.518305
-62.0453,13.7156,227.9844,0.518566
-62.3349,13.7424,228.4584,0.518827
-62.6550,13.7721,228.9823,0.519114
-62.9416,13.7987,229.4513,0.519374
-63.2267,13.8249,229.9179,0.519629
-63.5418,13.8538,230.4337,0.519914
-63.8239,13.8798,230.8955,0.520167
-64.1357,13.9084,231.4059,0.520447
-64.4148,13.9341,231.8629,0.520699
-64.7234,13.9625,232.3680,0.520977
-64.9993,13.9874,232.8197,0.521226
-65.3045,14.0145,233.3195,0.521500
-65.5778,14.0388,233.7669,0.521746
-65.8497,14.0630,234.2121,0.521989
-66.1502,14.0897,234.7042,0.522261
-66.4192,14.1136,235.1447,0.522502
-66.7165,14.1400,235.6315,0.522770
-66.9826,14.1637,236.0673,0.523013
-67.2766,14.1898,236.5489,0.523273
-67.5398,14.2132,236.9800,0.523511
-67.8302,14.2386,237.4559,0.523771
-68.0900,14.2614,237.8817,0.524004
-68.3766,14.2865,238.3516,0.524266
-68.6327,14.3089,238.7717,0.524496
-68.9153,14.3337,239.2352,0.524752
-69.1677,14.3559,239.6495,0.524979
-69.4185,14.3779,240.0612,0.525204
-69.6951,14.4021,240.5154,0.525456
-69.9422,14.4238,240.9213,0.525679
-70.1876,14.4454,241.3246,0.525895
-70.4582,14.4692,241.7696,0.526141
-70.6999,14.4903,242.1671,0.526358
-70.9665,14.5135,242.6056,0.526601
-71.2045,14.5342,242.9974,0.526815
-71.4408,14.5548,243.3864,0.527030
-71.7013,14.5775,243.8154,0.527263
-71.9596,14.6001,244.2411,0.527498
-72.1902,14.6202,244.6214,0.527706
-72.4190,14.6402,244.9989,0.527914
-72.6711,14.6622,245.4153,0.528144
-72.8962,14.6819,245.7872,0.528343
-73.1444,14.7036,246.1976,0.528570
-73.3664,14.7230,246.5649,0.528772
-73.6118,14.7445,246.9711,0.528995
-73.8315,14.7637,247.3350,0.529193
-74.0743,14.7849,247.7377,0.529415
-74.3160,14.8060,248.1385,0.529633
-74.5323,14.8249,248.4978,0.529831
-74.7714,14.8458,248.8952,0.530049
-74.9854,14.8645,249.2511,0.530244
-75.2215,14.8851,249.6443,0.530459
-75.4325,14.9036,249.9960,0.530654
-75.6649,14.9240,250.3840,0.530867
-75.8724,14.9422,250.7309,0.531055
-76.0782,14.9603,251.0753,0.531244
-76.3050,14.9803,251.4554,0.531451
-76.5073,14.9982,251.7950,0.531636
-76.7303,15.0178,252.1697,0.531839
-76.9292,15.0353,252.5045,0.532021
-77.1482,15.0547,252.8739,0.532223
-77.3653,15.0739,253.2404,0.532422
-77.5589,15.0910,253.5677,0.532601
-77.7718,15.1099,253.9282,0.532798
-77.9614,15.1268,254.2498,0.532973
-78.1698,15.1453,254.6038,0.533167
-78.3554,15.1618,254.9194,0.533336
-78.5391,15.1782,255.2322,0.533509
-78.7409,15.1962,255.5765,0.533693
-78.9205,15.2122,255.8834,0.533861
-79.1173,15.2297,256.2205,0.534045
-79.3122,15.2460,256.5550,0.534225
-79.4857,15.2605,256.8531,0.534388
-79.6762,15.2764,257.1811,0.534564
-79.8456,15.2906,257.4734,0.534724
-80.0131,15.3046,257.7629,0.534880
-80.1913,15.3261,258.0841,0.535053
-80.3729,15.3411,258.3992,0.535222
-80.5349,15.3545,258.6797,0.535375
-80.6950,15.3677,258.9578,0.535525
-80.8705,15.3823,259.2636,0.535693
-81.0437,15.3967,259.5661,0.535856
-81.2149,15.4110,259.8653,0.536019
-81.3847,15.4251,260.1621,0.536176
-81.5536,15.4392,260.4571,0.536337
-81.7048,15.4518,260.7219,0.536481
-81.8721,15.4658,261.0145,0.536637
-82.0386,15.4797,261.3058,0.536792
-82.1878,15.4921,261.5667,0.536933
-82.3532,15.5059,261.8555,0.537087
-82.5182,15.5196,262.1431,0.537243
-82.6658,15.5321,262.4014,0.537383
-82.8298,15.5459,262.6871,0.537538
-82.9934,15.5596,262.9718,0.537691
-83.1400,15.5720,263.2271,0.537828
-83.3025,15.5857,263.5099,0.537980
-83.4645,15.5994,263.7916,0.538132
-83.6098,15.6116,264.0443,0.538268
-83.7709,15.6252,264.3242,0.538419
-83.9153,15.6374,264.5752,0.538555
-84.0754,15.6509,264.8532,0.538707
-84.2190,15.6630,265.1025,0.538840
-84.3622,15.6750,265.3510,0.538973
-84.5207,15.6884,265.6263,0.539123
-84.6788,15.7016,265.9004,0.539271
-84.8206,15.7136,266.1464,0.539402
-84.9619,15.7255,266.3916,0.539533
-85.1184,15.7386,266.6631,0.539681
-85.2584,15.7506,266.9072,0.539813
-85.4139,15.7639,267.1769,0.539957
-85.5534,15.7759,267.4189,0.540086
-85.7079,15.7891,267.6868,0.540231
-85.8465,15.8010,267.9272,0.540360
-86.0002,15.8144,268.1935,0.540505
-86.1381,15.8265,268.4323,0.540633
-86.2756,15.8385,268.6703,0.540760
-86.4279,15.8519,268.9338,0.540904
-86.5647,15.8638,269.1701,0.541029
-86.7012,15.8758,269.4057,0.541158
-86.8524,15.8889,269.6665,0.541299
-86.9880,15.9008,269.9005,0.541423
-87.1383,15.9139,270.1595,0.541564
-87.2732,15.9256,270.3918,0.541689
-87.4227,15.9386,270.6490,0.541825
-87.5570,15.9503,270.8796,0.541950
-87.7057,15.9632,271.1350,0.542087
-87.8392,15.9747,271.3641,0.542211
-87.9871,15.9876,271.6178,0.542346
-88.1199,15.9990,271.8453,0.542471
-88.2522,16.0105,272.0721,0.542591
-88.3989,16.0232,272.3233,0.542727
-88.5454,16.0365,272.5739,0.542862
-88.6768,16.0485,272.7982,0.542982
-88.8224,16.0617,273.0466,0.543113
-88.9532,16.0736,273.2693,0.543235
-89.0982,16.0867,273.5160,0.543368
-89.2429,16.0998,273.7616,0.543500
-89.3730,16.1116,273.9819,0.543617
-89.5029,16.1233,274.2014,0.543737
-89.6471,16.1362,274.4444,0.543869
-89.7911,16.1490,274.6862,0.544000
-89.9206,16.1606,274.9030,0.544114
-90.0641,16.1734,275.1431,0.544248
-90.1932,16.1849,275.3582,0.544362
-90.3363,16.1975,275.5963,0.544493
-90.4792,16.2102,275.8335,0.544619
-90.6075,16.2215,276.0461,0.544733
-90.7498,16.2341,276.2815,0.544861
-90.8777,16.2453,276.4926,0.544977
-91.0194,16.2577,276.7260,0.545101
-91.1609,16.2699,276.9586,0.545227
-91.2880,16.2808,277.1672,0.545339
-91.4291,16.2929,277.3985,0.545464
-91.5560,16.3037,277.6062,0.545574
-91.6971,16.3157,277.8366,0.545698
-91.8383,16.3278,278.0670,0.545824
-91.9655,16.3386,278.2744,0.545934
-92.0929,16.3494,278.4817,0.546047
-92.2348,16.3614,278.7121,0.546172
-92.3770,16.3734,278.9427,0.546300
-92.5053,16.3843,279.1504,0.546410
-92.6481,16.3963,279.3812,0.546535
-92.7770,16.4072,279.5889,0.546648
-92.9206,16.4193,279.8198,0.546772
-93.0647,16.4313,280.0508,0.546900
-93.1946,16.4422,280.2586,0.547011
-93.3393,16.4542,280.4895,0.547139
-93.4844,16.4662,280.7202,0.547261
-93.6151,16.4771,280.9279,0.547375
-93.7604,16.4888,281.1584,0.547502
-93.9062,16.5003,281.3894,0.547628
-94.0375,16.5107,281.5973,0.547740
-94.1838,16.5222,281.8283,0.547866
-94.3156,16.5325,282.0364,0.547979
-94.4624,16.5440,282.2677,0.548106
-94.5948,16.5544,282.4759,0.548218
-94.7421,16.5659,282.7075,0.548342
-94.8748,16.5763,282.9159,0.548459
-95.0223,16.5878,283.1471,0.548583
-95.1700,16.5992,283.3781,0.548707
-95.3029,16.6096,283.5859,0.548822
-95.4502,16.6213,283.8175,0.548948
-95.5835,16.6319,284.0252,0.549062
-95.7319,16.6436,284.2560,0.549187
-95.8805,16.6554,284.4868,0.549312
-96.0146,16.6659,284.6945,0.549422
-96.1640,16.6776,284.9252,0.549550
-96.3138,16.6893,285.1559,0.549673
-96.4484,16.6997,285.3628,0.549786
-96.5988,16.7103,285.5934,0.549914
-96.7495,16.7210,285.8240,0.550038
-96.8703,16.7295,286.0085,0.550138
-97.0215,16.7402,286.2389,0.550267
-97.1579,16.7498,286.4463,0.550376
-97.2945,16.7593,286.6535,0.550488
-97.4314,16.7689,286.8609,0.550603
-97.5838,16.7795,287.0915,0.550732
-97.7213,16.7891,287.2991,0.550843
-97.8742,16.7997,287.5299,0.550968
-98.0121,16.8093,287.7377,0.551079
-98.1657,16.8199,287.9688,0.551207
-98.3198,16.8305,288.2001,0.551333
-98.4583,16.8402,288.4090,0.551448
-98.5977,16.8500,288.6175,0.551562
-98.7530,16.8608,288.8495,0.551686
-98.8932,16.8706,289.0585,0.551802
-99.0495,16.8814,289.2910,0.551927
-99.1906,16.8912,289.5007,0.552041
-99.3477,16.9017,289.7336,0.552166
-99.4899,16.9110,289.9440,0.552284
-99.6485,16.9213,290.1782,0.552412
-99.7917,16.9306,290.3894,0.552526
-99.9515,16.9410,290.6245,0.552652
-100.1119,16.9513,290.8601,0.552777
-100.2570,16.9607,291.0725,0.552902
-100.4026,16.9700,291.2854,0.553013
-100.5651,16.9804,291.5223,0.553143
-100.6956,16.9888,291.7123,0.553244
-100.8594,16.9992,291.9502,0.553379
-101.0074,17.0086,292.1645,0.553493
-101.1723,17.0190,292.4032,0.553622
-101.3215,17.0284,292.6184,0.553740
-101.4882,17.0389,292.8581,0.553866
-101.6389,17.0483,293.0743,0.553987
-101.8071,17.0588,293.3151,0.554119
-101.9591,17.0682,293.5321,0.554232
-102.1287,17.0787,293.7739,0.554366
-102.2992,17.0892,294.0163,0.554498
-102.4707,17.1001,294.2597,0.554631
-102.6256,17.1099,294.4789,0.554751
-102.8020,17.1145,294.7203,0.554884
-102.9580,17.1244,294.9404,0.555003
-103.1325,17.1353,295.1855,0.555137
-103.3082,17.1462,295.4308,0.555268
-103.4673,17.1560,295.6522,0.555388
-103.6454,17.1674,295.8989,0.555524
-103.8061,17.1837,296.1202,0.555645
-103.9866,17.1949,296.3665,0.555775
-104.1502,17.2049,296.5884,0.555909
-104.3144,17.2150,296.8108,0.556023
-104.4794,17.2252,297.0336,0.556143
-104.6637,17.2364,297.2816,0.556274
-104.8498,17.2477,297.5294,0.556411
-105.0182,17.2579,297.7523,0.556531
-105.2070,17.2694,298.0010,0.556673
-105.3779,17.2798,298.2236,0.556796
-105.5687,17.2912,298.4720,0.556929
-105.7414,17.3015,298.6959,0.557055
-105.9344,17.3130,298.9448,0.557191
-106.1288,17.3244,299.1938,0.557329
-106.3048,17.3347,299.4179,0.557450
-106.4822,17.3457,299.6427,0.557581
-106.6806,17.3575,299.8908,0.557714
-106.8602,17.3678,300.1151,0.557838
-107.0408,17.3781,300.3395,0.557961
-107.2426,17.3895,300.5890,0.558101
-107.4460,17.4009,300.8384,0.558241
-107.6310,17.4121,301.0635,0.558365
-107.8378,17.4248,301.3124,0.558501
-108.0255,17.4362,301.5361,0.558628
-108.2358,17.4483,301.7841,0.558769
-108.4478,17.4605,302.0323,0.558908
-108.6400,17.4714,302.2555,0.559042
-108.8552,17.4835,302.5031,0.559174
-109.0717,17.4953,302.7495,0.559317
-109.2683,17.5053,302.9714,0.559443
-109.4883,17.5163,303.2177,0.559589
-109.6878,17.5262,303.4391,0.559713
-109.9109,17.5372,303.6846,0.559854
-110.1132,17.5467,303.9048,0.559982
-110.3169,17.5563,304.1250,0.560109
-110.5447,17.5668,304.3690,0.560258
-110.7742,17.5773,304.6125,0.560395
-110.9820,17.5866,304.8306,0.560524
-111.2144,17.5967,305.0724,0.560677
-111.4483,17.6066,305.3131,0.560814
-111.6602,17.6154,305.5293,0.560947
-111.8972,17.6253,305.7689,0.561092
-112.1116,17.6341,305.9835,0.561228
-112.3517,17.6438,306.2213,0.561370
-112.5691,17.6525,306.4346,0.561508
-112.8121,17.6619,306.6703,0.561648
-113.0325,17.6704,306.8820,0.561782
-113.2790,17.6799,307.1159,0.561933
-113.5023,17.6881,307.3252,0.562061
-113.7523,17.6975,307.5570,0.562210
-114.0038,17.7068,307.7873,0.562357
-114.2571,17.7159,308.0161,0.562508
-114.4863,17.7242,308.2209,0.562642
-114.7425,17.7334,308.4472,0.562786
-114.9746,17.7414,308.6497,0.562920
-115.2077,17.7496,308.8511,0.563057
-115.4683,17.7587,309.0735,0.563198
-115.7042,17.7667,309.2726,0.563324
-115.9677,17.7758,309.4924,0.563479
-116.2062,17.7839,309.6891,0.563611
-116.4463,17.7919,309.8848,0.563742
-116.7142,17.8010,310.1009,0.563885
-116.9568,17.8091,310.2943,0.564017
-117.2281,17.8180,310.5079,0.564163
-117.4735,17.8262,310.6989,0.564299
-117.7476,17.8352,310.9098,0.564448
-117.9959,17.8432,311.0984,0.564577
-118.2453,17.8514,311.2859,0.564707
-118.4961,17.8596,311.4722,0.564842
-118.7764,17.8686,311.6779,0.564990
-119.0298,17.8769,311.8617,0.565127
-119.2845,17.8852,312.0442,0.565250
-119.5692,17.8943,312.2457,0.565403
-119.8552,17.9037,312.4456,0.565539
-120.1140,17.9120,312.6243,0.565681
-120.4029,17.9212,312.8214,0.565830
-120.6645,17.9298,312.9974,0.565959
-120.9271,17.9383,313.1721,0.566093
-121.2203,17.9477,313.3649,0.566240
-121.4857,17.9565,313.5370,0.566376
-121.7521,17.9651,313.7077,0.566501
-122.0495,17.9747,313.8961,0.566657
-122.3187,17.9837,314.0641,0.566789
-122.5888,17.9925,314.2308,0.566925
-122.8601,18.0013,314.3962,0.567055
-123.1633,18.0114,314.5785,0.567207
-123.4371,18.0204,314.7410,0.567328
-123.7427,18.0304,314.9200,0.567488
-124.0199,18.0395,315.0804,0.567624
-124.3276,18.0501,315.2556,0.567768
-124.6063,18.0594,315.4124,0.567910
-124.9172,18.0696,315.5849,0.568055
-125.1986,18.0796,315.7388,0.568192
-125.4807,18.0891,315.8912,0.568316
-125.7955,18.0996,316.0589,0.568469
-126.0802,18.1098,316.2083,0.568609
-126.3974,18.1207,316.3727,0.568756
-126.6840,18.1304,316.5192,0.568892
-127.0048,18.1418,316.6809,0.569043
-127.3250,18.1532,316.8395,0.569193
-127.6150,18.1632,316.9814,0.569324
-127.9396,18.1746,317.1381,0.569475
-128.2310,18.1855,317.2762,0.569601
-128.5243,18.1959,317.4136,0.569749
-128.8186,18.2063,317.5497,0.569882
-129.1472,18.2189,317.6991,0.570038
-129.4439,18.2296,317.8319,0.570170
-129.7747,18.2415,317.9780,0.570316
-130.0748,18.2528,318.1084,0.570453
-130.4073,18.2656,318.2503,0.570603
-130.7420,18.2779,318.3911,0.570753
-131.0792,18.2905,318.5305,0.570904
-131.3817,18.3027,318.6533,0.571046
-131.6862,18.3142,318.7752,0.571184
-132.0258,18.3270,318.9089,0.571337
-132.2996,18.3384,319.0151,0.571449
-132.6063,18.3504,319.1319,0.571594
-132.9492,18.3636,319.2606,0.571745
-133.2604,18.3759,319.3754,0.571877
-133.5700,18.3890,319.4874,0.572022
-133.9164,18.4027,319.6108,0.572178
-134.2291,18.4150,319.7203,0.572315
-134.5094,18.4273,319.8167,0.572440
-134.7879,18.4387,319.9109,0.572558
-135.1385,18.4529,320.0275,0.572714
-135.4549,18.4656,320.1309,0.572857
-135.7727,18.4800,320.2325,0.572995
-136.1264,18.4947,320.3436,0.573149
-136.4454,18.5079,320.4418,0.573293
-136.7667,18.5222,320.5386,0.573435
-137.1215,18.5376,320.6431,0.573593
-137.4425,18.5512,320.7358,0.573731
-137.8012,18.5665,320.8370,0.573892
-138.1577,18.5831,320.9351,0.574043
-138.4801,18.5971,321.0220,0.574189
-138.8386,18.6126,321.1163,0.574349
-139.1633,18.6280,321.1996,0.574483
-139.5214,18.6441,321.2891,0.574647
-139.8450,18.6584,321.3681,0.574785
-140.1688,18.6727,321.4452,0.574928
-140.5294,18.6902,321.5286,0.575086
-140.8537,18.7050,321.6018,0.575234
-141.2142,18.7213,321.6810,0.575387
-141.5767,18.7387,321.7581,0.575546
-141.8999,18.7540,321.8249,0.575690
-142.2603,18.7707,321.8974,0.575859
-142.6203,18.7874,321.9676,0.576017
-142.9445,18.8036,322.0285,0.576158
-143.2679,18.8190,322.0879,0.576302
-143.6265,18.8361,322.1516,0.576458
-143.9844,18.8530,322.2132,0.576614
-144.3061,18.8694,322.2664,0.576757
-144.6619,18.8867,322.3237,0.576922
-145.0166,18.9039,322.3788,0.577083
-145.3722,18.9215,322.4319,0.577243
-145.6882,18.9375,322.4776,0.577382
-146.0397,18.9549,322.5268,0.577533
-146.3550,18.9705,322.5693,0.577678
-146.7064,18.9881,322.6147,0.577837
-146.9837,19.0023,322.6491,0.577962
-147.2964,19.0182,322.6868,0.578100
-147.6081,19.0340,322.7228,0.578238
-147.9534,19.0515,322.7611,0.578404
-148.2980,19.0693,322.7976,0.578557
-148.6407,19.0871,322.8325,0.578715
-148.9480,19.1031,322.8623,0.578852
-149.2882,19.1207,322.8942,0.579011
-149.6274,19.1381,322.9241,0.579170
-149.9310,19.1542,322.9503,0.579304
-150.2679,19.1721,322.9779,0.579461
-150.6022,19.1912,323.0045,0.579615
-150.8685,19.2063,323.0247,0.579740
-151.1668,19.2233,323.0465,0.579864
-151.4638,19.2402,323.0674,0.580005
-151.7924,19.2588,323.0898,0.580158
-152.1190,19.2770,323.1113,0.580302
-152.4120,19.2929,323.1299,0.580441
-152.7360,19.3106,323.1500,0.580586
-153.0580,19.3281,323.1693,0.580737
-153.3460,19.3437,323.1860,0.580871
-153.6638,19.3610,323.2038,0.581014
-153.9786,19.3775,323.2211,0.581155
-154.2917,19.3936,323.2377,0.581309
-154.5404,19.4064,323.2506,0.581419
-154.8490,19.4223,323.2667,0.581561
-155.1548,19.4378,323.2824,0.581703
-155.4278,19.4517,323.2967,0.581839
-155.7281,19.4666,323.3126,0.581971
-156.0263,19.4811,323.3283,0.582108
-156.2923,19.4940,323.3424,0.582233
-156.5557,19.5067,323.3561,0.582358
-156.8462,19.5203,323.3714,0.582493
-157.1051,19.5324,323.3849,0.582609
-157.3902,19.5457,323.3997,0.582743
-157.6725,19.5589,323.4143,0.582877
-157.9242,19.5707,323.4272,0.582989
-158.1460,19.5811,323.4384,0.583088
-158.4199,19.5932,323.4519,0.583222
-158.6647,19.6039,323.4645,0.583336
-158.9339,19.6158,323.4789,0.583467
-159.2003,19.6275,323.4935,0.583586
-159.4384,19.6384,323.5069,0.583700
-159.7003,19.6506,323.5218,0.583825
-159.9598,19.6622,323.5365,0.583944
-160.1935,19.6722,323.5503,0.584065
-160.4529,19.6832,323.5659,0.584181
-160.7121,19.6943,323.5820,0.584306
-160.9712,19.7053,323.5984,0.584425
-161.2313,19.7167,323.6147,0.584551
-161.4645,19.7274,323.6299,0.584661
-161.7224,19.7388,323.6463,0.584775
-161.9814,19.7496,323.6640,0.584901
-162.2145,19.7592,323.6807,0.585013
-162.4734,19.7700,323.7000,0.585138
-162.7064,19.7797,323.7180,0.585250
-162.9653,19.7905,323.7385,0.585375
-163.2255,19.8017,323.7593,0.585494
-163.4572,19.8124,323.7779,0.585608
-163.7160,19.8232,323.8001,0.585732
-163.9748,19.8341,323.8230,0.585858
-164.2076,19.8438,323.8444,0.585961
-164.4144,19.8525,323.8640,0.586064
-164.6728,19.8633,323.8895,0.586189
-164.9052,19.8731,323.9132,0.586307
-165.1648,19.8954,323.9683,0.586429
-165.4213,19.9122,323.9983,0.586548
-165.6517,19.9273,324.0255,0.586660
-165.8572,19.9405,324.0496,0.586761
-166.1128,19.9582,324.0812,0.586880
-166.3681,19.9760,324.1141,0.587007
-166.6193,19.9918,324.1461,0.587127
-166.8747,20.0059,324.1799,0.587254
-167.1300,20.0202,324.2141,0.587370
-167.3598,20.0331,324.2456,0.587485
-167.6155,20.0475,324.2813,0.587602
-167.8435,20.0583,324.3116,0.587713
-168.0993,20.0702,324.3479,0.587841
-168.3300,20.0813,324.3814,0.587950
-168.5858,20.0937,324.4193,0.588078
-168.8417,20.1058,324.4582,0.588200
-169.0721,20.1168,324.4935,0.588311
-169.3009,20.1275,324.5284,0.588420
-169.5572,20.1380,324.5688,0.588543
-169.8139,20.1491,324.6098,0.588670
-170.0172,20.1576,324.6422,0.588769
-170.2736,20.1669,324.6847,0.588893
-170.5059,20.1764,324.7235,0.589004
-170.7596,20.1862,324.7655,0.589126
-170.9906,20.1932,324.8053,0.589238
-171.2489,20.2021,324.8502,0.589363
-171.4767,20.2096,324.8889,0.589476
-171.7335,20.2156,324.9353,0.589604
-171.9683,20.2224,324.9782,0.589707
-172.2219,20.2315,325.0242,0.589842
-172.4530,20.2373,325.0681,0.589948
-172.7125,20.2445,325.1180,0.590079
-172.9692,20.2538,325.1680,0.590199
-173.2004,20.2621,325.2140,0.590315
-173.4573,20.2714,325.2659,0.590444
-173.6892,20.2802,325.3133,0.590558
-173.9456,20.2892,325.3660,0.590675
-174.1774,20.2972,325.4149,0.590794
-174.4091,20.3052,325.4643,0.590906
-174.6647,20.3127,325.5185,0.591030
-174.8967,20.3186,325.5697,0.591148
-175.1580,20.3263,325.6284,0.591271
-175.4128,20.3348,325.6849,0.591403
-175.6709,20.3414,325.7450,0.591528
-175.9324,20.3487,325.8065,0.591655
-176.1645,20.3575,325.8618,0.591771
-176.4235,20.3666,325.9249,0.591900
-176.6568,20.3749,325.9826,0.592017
-176.9175,20.3850,326.0481,0.592142
-177.1520,20.3951,326.1085,0.592258
-177.3862,20.4053,326.1692,0.592373
-177.6461,20.4166,326.2375,0.592505
-177.8798,20.4261,326.2988,0.592625
-178.1411,20.4359,326.3694,0.592757
-178.4044,20.4459,326.4419,0.592881
-178.6382,20.4562,326.5057,0.593001
-178.9008,20.4654,326.5805,0.593134
-179.1378,20.4737,326.6489,0.593251
-179.4046,20.4853,326.7269,0.593385
-179.6422,20.4949,326.7964,0.593504
-179.8820,20.5046,326.8684,0.593624
-180.1506,20.5162,326.9501,0.593761
-180.3924,20.5275,327.0250,0.593879
-180.6619,20.5402,327.1097,0.594012
-180.9052,20.5516,327.1871,0.594135
-181.1500,20.5632,327.2663,0.594258
-181.4226,20.5765,327.3552,0.594391
-181.6964,20.5899,327.4457,0.594531
-181.9702,20.6032,327.5363,0.594670
-182.2460,20.6153,327.6300,0.594812
-182.4960,20.6264,327.7162,0.594933
-182.7457,20.6384,327.8036,0.595064
-183.0236,20.6514,327.9016,0.595204
-183.3028,20.6642,328.0019,0.595346
-183.5562,20.6772,328.0942,0.595473
-183.8372,20.6921,328.1979,0.595614
-184.0907,20.7057,328.2927,0.595743
-184.3726,20.7204,328.3994,0.595888
-184.6282,20.7337,328.4984,0.596021
-184.8839,20.7480,328.5978,0.596148
-185.1683,20.7635,328.7097,0.596294
-185.4260,20.7778,328.8130,0.596427
-185.7124,20.7946,328.9285,0.596572
-185.9701,20.8089,329.0337,0.596704
-186.2579,20.8251,329.1526,0.596853
-186.5175,20.8397,329.2613,0.596988
-186.7777,20.8544,329.3716,0.597123
-187.0674,20.8709,329.4959,0.597270
-187.3284,20.8858,329.6091,0.597405
-187.5936,20.8835,329.7170,0.597541
-187.8851,20.8990,329.8466,0.597692
-188.1483,20.9130,329.9654,0.597831
-188.4407,20.9287,330.1000,0.597984
-188.7040,20.9429,330.2232,0.598122
-188.9972,20.9588,330.3613,0.598275
-189.2618,20.9733,330.4869,0.598414
-189.5272,20.9879,330.6143,0.598554
-189.8216,21.0042,330.7584,0.598711
-190.0866,21.0188,330.8904,0.598850
-190.3827,21.0353,331.0388,0.599008
-190.6501,21.0504,331.1733,0.599147
-190.9482,21.0672,331.3240,0.599305
-191.2471,21.0840,331.4764,0.599464
-191.5464,21.1010,331.6308,0.599623
-191.8164,21.1163,331.7715,0.599765
-192.1174,21.1335,331.9299,0.599925
-192.3890,21.1492,332.0737,0.600072
-192.6916,21.1666,332.2351,0.600236
-192.9649,21.1824,332.3817,0.600380
-193.2391,21.1983,332.5297,0.600530
-193.5450,21.2160,332.6958,0.600694
-193.8215,21.2321,332.8470,0.600842
-194.1300,21.2501,333.0164,0.601010
-194.4088,21.2665,333.1704,0.601160
-194.6886,21.2829,333.3258,0.601312
-195.0006,21.3012,333.5002,0.601481
-195.2824,21.3177,333.6587,0.601633
-195.5967,21.3363,333.8368,0.601804
-195.8806,21.3531,333.9985,0.601958
-196.1654,21.3700,334.1618,0.602112
-196.4512,21.3869,334.3266,0.602267
-196.7380,21.4040,334.4928,0.602425
-197.0258,21.4211,334.6605,0.602583
-197.3147,21.4383,334.8298,0.602739
-197.6367,21.4576,335.0195,0.602915
-197.9277,21.4751,335.1917,0.603076
-198.2521,21.4946,335.3846,0.603254
-198.5452,21.5122,335.5598,0.603414
-198.8720,21.5318,335.7561,0.603594
-199.1673,21.5495,335.9343,0.603757
-199.4637,21.5675,336.1137,0.603920
-199.7612,21.5854,336.2944,0.604084
-200.0931,21.6055,336.4966,0.604268
-200.3929,21.6237,336.6798,0.604433
-200.6937,21.6418,336.8643,0.604599
-200.9957,21.6601,337.0504,0.604766
-201.3323,21.6806,337.2585,0.604952
-201.6362,21.6992,337.4471,0.605121
-201.9752,21.7199,337.6583,0.605308
-202.2470,21.7365,337.8284,0.605460
-202.5540,21.7551,338.0211,0.605630
-202.8959,21.7759,338.2368,0.605820
-203.2045,21.7948,338.4320,0.605992
-203.5136,21.8137,338.6284,0.606165
-203.8232,21.8327,338.8260,0.606337
-204.1679,21.8538,339.0468,0.606531
-204.4787,21.8727,339.2468,0.606704
-204.7903,21.8919,339.4482,0.606879
-205.1022,21.9111,339.6505,0.607054
-205.4496,21.9325,339.8767,0.607249
-205.7976,21.9540,340.1043,0.607445
-206.1113,21.9733,340.3104,0.607622
-206.4605,21.9947,340.5412,0.607818
-206.7753,22.0142,340.7498,0.607996
-207.0908,22.0337,340.9597,0.608175
-207.4067,22.0533,341.1707,0.608354
-207.7231,22.0730,341.3830,0.608533
-208.0750,22.0946,341.6202,0.608733
-208.3925,22.1142,341.8353,0.608913
-208.7456,22.1361,342.0754,0.609115
-209.0638,22.1559,342.2927,0.609296
-209.4179,22.1780,342.5355,0.609498
-209.7367,22.1977,342.7552,0.609680
-210.0917,22.2196,343.0009,0.609884
-210.4115,22.2395,343.2231,0.610067
-210.7672,22.2616,343.4714,0.610271
-211.0878,22.2816,343.6962,0.610456
-211.4085,22.3016,343.9219,0.610641
-211.7297,22.3213,344.1489,0.610825
-212.0870,22.3436,344.4028,0.611032
-212.4089,22.3636,344.6324,0.611218
-212.7311,22.3838,344.8631,0.611404
-213.0537,22.4039,345.0950,0.611591
-213.4122,22.4261,345.3539,0.611800
-213.7714,22.4484,345.6147,0.612009
-214.0949,22.4686,345.8506,0.612197
-214.4547,22.4911,346.1139,0.612407
-214.7788,22.5114,346.3522,0.612596
-215.1029,22.5315,346.5916,0.612786
-215.4637,22.5538,346.8593,0.612997
-215.7886,22.5741,347.1015,0.613188
-216.1138,22.5944,347.3448,0.613379
-216.4755,22.6170,347.6165,0.613592
-216.8009,22.6371,347.8622,0.613783
-217.1270,22.6573,348.1096,0.613977
-217.4894,22.6799,348.3855,0.614191
-217.8159,22.7003,348.6352,0.614385
-218.1789,22.7230,348.9140,0.614601
-218.5056,22.7430,349.1664,0.614794
-218.8690,22.7656,349.4482,0.615010
-219.1963,22.7859,349.7030,0.615206
-219.5238,22.8062,349.9592,0.615401
-219.8510,22.8266,350.2165,0.615598
-220.1788,22.8466,350.4756,0.615795
-220.5066,22.8668,350.7357,0.615991
-220.8710,22.8894,351.0262,0.616211
-221.1991,22.9097,351.2890,0.616410
-221.5635,22.9319,351.5827,0.616629
-221.8918,22.9521,351.8484,0.616829
-222.2567,22.9745,352.1450,0.617051
-222.5852,22.9947,352.4133,0.617249
-222.9134,23.0146,352.6831,0.617448
-223.2785,23.0368,352.9844,0.617673
-223.6071,23.0568,353.2570,0.617874
-223.9358,23.0768,353.5309,0.618075
-224.2639,23.0965,353.8063,0.618275
-224.6289,23.1185,354.1140,0.618502
-224.9574,23.1383,354.3924,0.618706
-225.3222,23.1604,354.7032,0.618928
-225.6502,23.1792,354.9843,0.619134
-226.0150,23.2004,355.2986,0.619357
-226.3434,23.2195,355.5829,0.619564
-226.7087,23.2410,355.9008,0.619792
-227.0370,23.2616,356.1883,0.619998
-227.4015,23.2845,356.5091,0.620227
-227.7296,23.3052,356.7991,0.620434
-228.0580,23.3261,357.0907,0.620644
-228.4225,23.3502,357.4162,0.620871
-228.7506,23.3719,357.7105,0.621078
-229.1152,23.3962,358.0390,0.621311
-229.4435,23.4182,358.3361,0.621521
-229.8080,23.4433,358.6677,0.621754
-230.1361,23.4661,358.9673,0.621962
-230.5008,23.4914,359.3016,0.622194
-230.8656,23.5170,359.6375,0.622431
-231.1939,23.5405,359.9412,0.622639
-231.5586,23.5667,360.2798,0.622877
-231.8870,23.5904,360.5857,0.623088
-232.2154,23.6141,360.8927,0.623298
-232.5804,23.6405,361.2355,0.623537
-232.9090,23.6644,361.5450,0.623749
-233.2377,23.6883,361.8555,0.623964
-233.6031,23.7150,362.2018,0.624202
-233.9319,23.7392,362.5150,0.624416
-234.2972,23.7663,362.8639,0.624653
-234.6625,23.7935,363.2142,0.624895
-234.9911,23.8178,363.5305,0.625113
-235.3199,23.8420,363.8482,0.625326
-235.6853,23.8690,364.2024,0.625569
-236.0142,23.8934,364.5223,0.625787
-236.3430,23.9179,364.8433,0.626005
-236.6716,23.9417,365.1654,0.626224
-237.0369,23.9685,365.5247,0.626464
-237.3657,23.9926,365.8491,0.626683
-237.6945,24.0168,366.1747,0.626905
-238.0594,24.0428,366.5375,0.627150
-238.3881,24.0665,366.8658,0.627369
-238.7532,24.0929,367.2315,0.627614
-239.0818,24.1167,367.5618,0.627840
-239.4100,24.1394,367.8928,0.628057
-239.7386,24.1625,368.2257,0.628280
-240.1035,24.1882,368.5966,0.628529
-240.4319,24.2114,368.9315,0.628749
-240.7597,24.2329,369.2669,0.628976
-241.1247,24.2568,369.6417,0.629226
-241.4533,24.2784,369.9804,0.629452
-241.7816,24.3004,370.3200,0.629673
-242.1464,24.3250,370.6987,0.629922
-242.4746,24.3471,371.0406,0.630148
-242.8392,24.3718,371.4216,0.630399
-243.1673,24.3941,371.7657,0.630626
-243.4956,24.4164,372.1111,0.630853
-243.8237,24.4390,372.4575,0.631078
-244.1882,24.4641,372.8436,0.631330
-244.5161,24.4867,373.1922,0.631560
-244.8440,24.5095,373.5419,0.631789
-245.1717,24.5323,373.8926,0.632017
-245.4993,24.5552,374.2444,0.632246
-245.8631,24.5806,374.6366,0.632499
-246.1904,24.6037,374.9906,0.632734
-246.5537,24.6295,375.3852,0.632983
-246.8805,24.6527,375.7414,0.633214
-247.2070,24.6760,376.0986,0.633449
-247.5334,24.6993,376.4568,0.633678
-247.8958,24.7252,376.8560,0.633940
-248.2216,24.7486,377.2164,0.634167
-248.5472,24.7720,377.5776,0.634400
-248.9085,24.7982,377.9800,0.634656
-249.2328,24.8217,378.3426,0.634886
-249.5923,24.8479,378.7460,0.635141
-249.9149,24.8714,379.1094,0.635370
-250.2722,24.8976,379.5134,0.635627
-250.5928,24.9211,379.8773,0.635858
-250.9122,24.9446,380.2412,0.636090
-251.2659,24.9707,380.6456,0.636349
-251.5830,24.9941,381.0098,0.636573
-251.8989,25.0176,381.3740,0.636797
-252.2487,25.0437,381.7786,0.637054
-252.5623,25.0671,382.1428,0.637279
-252.8748,25.0905,382.5070,0.637509
-253.2208,25.1166,382.9118,0.637759
-253.5310,25.1400,383.2761,0.637993
-253.8399,25.1633,383.6402,0.638211
-254.1815,25.1892,384.0443,0.638467
-254.4875,25.2125,384.4076,0.638691
-254.8258,25.2383,384.8108,0.638940
-255.1287,25.2614,385.1729,0.639167
-255.4299,25.2845,385.5345,0.639386
-255.7628,25.3101,385.9354,0.639633
-256.0606,25.3330,386.2955,0.639851
-256.3568,25.3559,386.6547,0.640077
-256.6841,25.3813,387.0529,0.640318
-256.9772,25.4041,387.4103,0.640541
-257.3012,25.4293,387.8065,0.640779
-257.6235,25.4545,388.2016,0.641023
-257.9121,25.4771,388.5562,0.641239
-258.2314,25.5021,388.9490,0.641480
-258.5175,25.5246,389.3015,0.641697
-258.8339,25.5495,389.6920,0.641935
-259.1173,25.5719,390.0424,0.642148
-259.3994,25.5941,390.3919,0.642364
-259.6802,25.6164,390.7404,0.642576
-259.9908,25.6409,391.1264,0.642809
-260.2690,25.6630,391.4729,0.643021
-260.5459,25.6851,391.8183,0.643229
-260.8522,25.7095,392.2010,0.643462
-261.1265,25.7313,392.5443,0.643671
-261.4298,25.7556,392.9246,0.643904
-261.7017,25.7775,393.2660,0.644114
-262.0023,25.8018,393.6440,0.644338
-262.2716,25.8237,393.9832,0.644542
-262.5396,25.8454,394.3214,0.644748
-262.8362,25.8696,394.6963,0.644976
-263.0944,25.8962,395.0385,0.645181
-263.3871,25.9215,395.4110,0.645404
-263.6499,25.9446,395.7449,0.645602
-263.9112,25.9676,396.0779,0.645805
-264.1994,25.9935,396.4471,0.646021
-264.4863,26.0189,396.8148,0.646246
-264.7435,26.0413,397.1441,0.646446
-265.0275,26.0665,397.5094,0.646669
-265.2812,26.0933,397.8432,0.646864
-265.5589,26.1197,398.2031,0.647074
-265.8106,26.1418,398.5231,0.647275
-266.0635,26.1616,398.8509,0.647462
-266.3397,26.1870,399.2110,0.647679
-266.5866,26.2101,399.5344,0.647871
-266.8323,26.2329,399.8561,0.648057
-267.1043,26.2582,400.2127,0.648272
-267.3482,26.2809,400.5329,0.648462
-267.6177,26.3062,400.8878,0.648673
-267.8586,26.3292,401.2065,0.648863
-268.1249,26.3542,401.5590,0.649068
-268.3636,26.3767,401.8753,0.649256
-268.6014,26.3993,402.1909,0.649441
-268.8642,26.4247,402.5410,0.649646
-269.0991,26.4478,402.8542,0.649830
-269.3333,26.4702,403.1670,0.650015
-269.5665,26.4929,403.4793,0.650194
-269.8242,26.5179,403.8246,0.650399
-270.0551,26.5406,404.1350,0.650581
-270.3100,26.5654,404.4779,0.650782
-270.5388,26.5870,404.7857,0.650963
-270.7925,26.6107,405.1276,0.651160
-271.0191,26.6332,405.4337,0.651335
-271.2695,26.6590,405.7735,0.651538
-271.4933,26.6809,406.0768,0.651710
-271.7170,26.7025,406.3798,0.651891
-271.9644,26.7265,406.7154,0.652085
-272.1859,26.7482,407.0170,0.652256
-272.4062,26.7703,407.3169,0.652430
-272.6498,26.7943,407.6486,0.652624
-272.8681,26.8159,407.9460,0.652792
-273.0854,26.8372,408.2421,0.652970
-273.3255,26.8611,408.5706,0.653157
-273.5402,26.8825,408.8643,0.653330
-273.7777,26.9057,409.1893,0.653516
-273.9906,26.9263,409.4809,0.653683
-274.2024,26.9468,409.7714,0.653851
-274.4362,26.9714,410.0948,0.654035
-274.6449,26.9926,410.3820,0.654203
-274.8767,27.0156,410.7012,0.654382
-275.0843,27.0364,410.9870,0.654554
-275.3141,27.0591,411.3039,0.654733
-275.5199,27.0803,411.5887,0.654900
-275.7473,27.1028,411.9031,0.655082
-275.9514,27.1233,412.1856,0.655241
-276.1547,27.1436,412.4666,0.655403
-276.3797,27.1658,412.7784,0.655577
-276.5812,27.1858,413.0578,0.655744
-276.7818,27.2058,413.3366,0.655905
-276.9816,27.2260,413.6148,0.656065
-277.2025,27.2480,413.9217,0.656246
-277.4007,27.2672,414.1976,0.656400
-277.5981,27.2860,414.4723,0.656556
-277.7949,27.3054,414.7469,0.656714
-277.9904,27.3251,415.0215,0.656869
-278.2063,27.3472,415.3233,0.657041
-278.4005,27.3662,415.5946,0.657199
-278.6153,27.3873,415.8954,0.657368
-278.8077,27.4063,416.1651,0.657518
-278.9993,27.4252,416.4341,0.657676
-279.1902,27.4444,416.7025,0.657824
-279.4014,27.4650,416.9988,0.657993
-279.6117,27.4859,417.2950,0.658159
-279.8000,27.5046,417.5596,0.658310
-279.9879,27.5228,417.8238,0.658460
-280.1959,27.5433,418.1169,0.658624
-280.3821,27.5616,418.3785,0.658771
-280.5885,27.5817,418.6683,0.658934
-280.7734,27.5999,418.9284,0.659080
-280.9780,27.6201,419.2158,0.659246
-281.1614,27.6381,419.4734,0.659391
-281.3643,27.6581,419.7582,0.659550
-281.5462,27.6761,420.0131,0.659686
-281.7273,27.6940,420.2668,0.659836
-281.9276,27.7137,420.5472,0.659991
-282.1069,27.7311,420.7982,0.660132
-282.2858,27.7484,421.0480,0.660270
-282.4839,27.7675,421.3245,0.660428
-282.6614,27.7847,421.5712,0.660562
-282.8582,27.8036,421.8442,0.660710
-283.0347,27.8207,422.0894,0.660846
-283.2300,27.8393,422.3588,0.660998
-283.4257,27.8578,422.6273,0.661147
-283.6017,27.8742,422.8675,0.661281
-283.7970,27.8926,423.1333,0.661424
-283.9729,27.9089,423.3712,0.661559
-284.1485,27.9252,423.6081,0.661685
-284.3432,27.9433,423.8702,0.661825
-284.5230,27.9553,424.0841,0.661961
-284.6996,27.9713,424.3340,0.662087
-284.8934,27.9896,424.5924,0.662227
-285.0684,28.0061,424.8241,0.662353
-285.2632,28.0243,425.0799,0.662496
-285.4581,28.0423,425.3338,0.662636
-285.6528,28.0600,425.5863,0.662774
-285.8290,28.0761,425.8118,0.662901
-286.0253,28.0938,426.0605,0.663034
-286.2023,28.1096,426.2826,0.663154
-286.3996,28.1271,426.5273,0.663294
-286.5774,28.1427,426.7458,0.663407
-286.7755,28.1599,426.9866,0.663540
-286.9537,28.1751,427.2009,0.663662
-287.1326,28.1897,427.4148,0.663783
-287.3319,28.2065,427.6493,0.663906
-287.5316,28.2231,427.8814,0.664029
-287.7317,28.2395,428.1113,0.664161
-287.9120,28.2542,428.3165,0.664276
-288.0927,28.2688,428.5202,0.664386
-288.2938,28.2849,428.7448,0.664513
-288.4745,28.2990,428.9449,0.664625
-288.6560,28.3126,429.1442,0.664734
-288.8579,28.3277,429.3647,0.664854
-289.0403,28.3417,429.5608,0.664966
-289.2233,28.3557,429.7555,0.665079
-289.4070,28.3695,429.9488,0.665185
-289.6118,28.3847,430.1621,0.665302
-289.8175,28.3999,430.3736,0.665425
-290.0035,28.4134,430.5626,0.665528
-290.2091,28.4252,430.7686,0.665652
-290.3965,28.4353,430.9549,0.665764
-290.5844,28.4453,431.1400,0.665868
-290.7732,28.4552,431.3237,0.665974
-290.9837,28.4661,431.5261,0.666093
-291.1740,28.4757,431.7064,0.666201
-291.3650,28.4851,431.8856,0.666303
-291.5778,28.4955,432.0833,0.666422
-291.7699,28.5048,432.2597,0.666528
-291.9843,28.5151,432.4543,0.666643
-292.1782,28.5243,432.6282,0.666747
-292.3941,28.5350,432.8192,0.666861
-292.5892,28.5445,432.9895,0.666963
-292.7850,28.5539,433.1585,0.667066
-293.0033,28.5643,433.3448,0.667181
-293.2004,28.5735,433.5111,0.667285
-293.3983,28.5826,433.6760,0.667389
-293.5969,28.5915,433.8399,0.667484
-293.7961,28.6004,434.0025,0.667589
-294.0184,28.6101,434.1819,0.667704
-294.2197,28.6191,434.3423,0.667809
-294.4213,28.6282,434.5012,0.667900
-294.6463,28.6383,434.6764,0.668013
-294.8495,28.6473,434.8329,0.668118
-295.0536,28.6562,434.9882,0.668215
-295.2813,28.6661,435.1594,0.668322
-295.4870,28.6748,435.3123,0.668424
-295.6936,28.6834,435.4638,0.668524
-295.9241,28.6929,435.6309,0.668632
-296.1324,28.7013,435.7800,0.668735
-296.3419,28.7100,435.9281,0.668830
-296.5519,28.7188,436.0747,0.668928
-296.7862,28.7285,436.2361,0.669036
-296.9978,28.7371,436.3801,0.669135
-297.2340,28.7466,436.5388,0.669239
-297.4474,28.7551,436.6803,0.669331
-297.6617,28.7635,436.8206,0.669438
-297.9008,28.7727,436.9751,0.669540
-298.1169,28.7808,437.1130,0.669635
-298.3341,28.7891,437.2500,0.669735
-298.5762,28.7985,437.4005,0.669833
-298.7951,28.8070,437.5346,0.669933
-299.0150,28.8153,437.6674,0.670020
-299.2603,28.8245,437.8135,0.670137
-299.4821,28.8327,437.9436,0.670217
-299.7049,28.8408,438.0725,0.670319
-299.9536,28.8497,438.2143,0.670421
-300.2035,28.8585,438.3546,0.670516
-300.4299,28.8663,438.4798,0.670619
-300.6570,28.8746,438.6035,0.670707
-300.8851,28.8827,438.7259,0.670808
-301.1144,28.8907,438.8468,0.670899
-301.3705,28.8996,438.9796,0.671000
-301.6022,28.9075,439.0975,0.671089
-301.8350,28.9153,439.2138,0.671178
-302.0688,28.9229,439.3287,0.671276
-302.3299,28.9314,439.4547,0.671380
-302.5659,28.9389,439.5664,0.671475
-302.8297,28.9475,439.6891,0.671572
-303.0678,28.9553,439.7978,0.671662
-303.3071,28.9629,439.9052,0.671756
-303.5474,28.9705,440.0110,0.671840
-303.7889,28.9780,440.1155,0.671940
-304.0315,28.9854,440.2186,0.672022
-304.2752,28.9927,440.3202,0.672115
-304.5473,29.0008,440.4314,0.672220
-304.7933,29.0079,440.5299,0.672315
-305.0409,29.0154,440.6271,0.672398
-305.2891,29.0228,440.7227,0.672492
-305.5384,29.0302,440.8166,0.672589
-305.8166,29.0383,440.9192,0.672692
-306.0681,29.0455,441.0100,0.672793
-306.3206,29.0525,441.0992,0.672881
-306.5742,29.0595,441.1869,0.672965
-306.8572,29.0672,441.2824,0.673067
-307.1129,29.0740,441.3667,0.673168
-307.3702,29.0812,441.4496,0.673263
-307.6566,29.0891,441.5395,0.673362
-307.9155,29.0961,441.6187,0.673449
-308.1753,29.1030,441.6963,0.673545
-308.4360,29.1098,441.7723,0.673641
-308.7269,29.1173,441.8547,0.673757
-308.9898,29.1239,441.9272,0.673848
-309.2829,29.1311,442.0057,0.673952
-309.5482,29.1378,442.0745,0.674046
-309.8140,29.1446,442.1416,0.674140
-310.0806,29.1513,442.2068,0.674235
-310.3482,29.1579,442.2703,0.674322
-310.6165,29.1644,442.3320,0.674422
-310.9158,29.1716,442.3987,0.674518
-311.1861,29.1779,442.4567,0.674623
-311.4572,29.1841,442.5129,0.674711
-311.7293,29.1901,442.5672,0.674795
-312.0331,29.1973,442.6255,0.674907
-312.3070,29.2037,442.6758,0.675007
-312.5817,29.2100,442.7240,0.675085
-312.8880,29.2169,442.7752,0.675200
-313.1646,29.2229,442.8192,0.675283
-313.4419,29.2288,442.8609,0.675375
-313.7509,29.2353,442.9049,0.675482
-314.0295,29.2409,442.9422,0.675573
-314.3093,29.2468,442.9773,0.675669
-314.5890,29.2528,443.0103,0.675768
-314.8691,29.2587,443.0410,0.675856
-315.1808,29.2650,443.0727,0.675956
-315.4618,29.2706,443.0990,0.676050
-315.7744,29.2767,443.1257,0.676166
-316.0562,29.2820,443.1475,0.676256
-316.3384,29.2872,443.1671,0.676347
-316.6215,29.2925,443.1846,0.676449
-316.9043,29.2981,443.1999,0.676537
-317.1874,29.3035,443.2130,0.676629
-317.4708,29.3088,443.2238,0.676726
-317.7545,29.3140,443.2325,0.676814
-318.0701,29.3196,443.2398,0.676912
-318.3544,29.3245,443.2440,0.677013
-318.6389,29.3293,443.2459,0.677110
-318.9237,29.3339,443.2457,0.677199
-319.2410,29.3396,443.2426,0.677296
-319.5262,29.3447,443.2377,0.677390
-319.8115,29.3497,443.2304,0.677490
-320.1288,29.3550,443.2198,0.677588
-320.4144,29.3596,443.2079,0.677668
-320.7002,29.3641,443.1938,0.677755
-320.9861,29.3685,443.1774,0.677840
-321.2721,29.3727,443.1588,0.677938
-321.5588,29.3773,443.1379,0.678024
-321.8767,29.3826,443.1121,0.678113
-322.1628,29.3871,443.0864,0.678208
-322.4807,29.3920,443.0553,0.678306
-322.7668,29.3963,443.0249,0.678387
-323.0530,29.4004,442.9923,0.678475
-323.3391,29.4043,442.9574,0.678564
-323.6252,29.4081,442.9202,0.678640
-323.9118,29.4123,442.8805,0.678735
-324.2294,29.4171,442.8340,0.678829
-324.5151,29.4213,442.7896,0.678918
-324.8006,29.4254,442.7429,0.678998
-325.0858,29.4293,442.6939,0.679082
-325.4026,29.4335,442.6370,0.679186
-325.6875,29.4370,442.5833,0.679255
-326.0038,29.4409,442.5209,0.679366
-326.3205,29.4450,442.4554,0.679452
-326.6045,29.4490,442.3942,0.679534
-326.8882,29.4529,442.3307,0.679610
-327.1715,29.4566,442.2649,0.679702
-327.4545,29.4602,442.1969,0.679792
-327.7372,29.4636,442.1266,0.679861
-328.0195,29.4669,442.0541,0.679960
-328.3015,29.4700,441.9792,0.680043
-328.6151,29.4735,441.8929,0.680132
-328.8961,29.4773,441.8131,0.680215
-329.2078,29.4813,441.7216,0.680313
-329.5188,29.4851,441.6271,0.680403
-329.7982,29.4884,441.5396,0.680491
-330.1079,29.4918,441.4397,0.680599
-330.3859,29.4948,441.3473,0.680663
-330.6633,29.4975,441.2523,0.680766
-330.9716,29.5005,441.1438,0.680857
-331.2475,29.5040,441.0438,0.680926
-331.5227,29.5073,440.9415,0.681033
-331.7970,29.5104,440.8368,0.681112
-332.1010,29.5137,440.7177,0.681204
-332.3738,29.5164,440.6082,0.681296
-332.6760,29.5193,440.4838,0.681386
-332.9771,29.5220,440.3564,0.681473
-333.2473,29.5242,440.2394,0.681564
-333.5174,29.5273,440.1195,0.681647
-333.7857,29.5304,439.9978,0.681738
-334.0826,29.5335,439.8599,0.681837
-334.3490,29.5362,439.7333,0.681919
-334.6438,29.5390,439.5901,0.682029
-334.9081,29.5413,439.4587,0.682121
-335.2007,29.5437,439.3100,0.682205
-335.4629,29.5456,439.1736,0.682305
-335.7537,29.5484,439.0187,0.682389
-336.0423,29.5515,438.8615,0.682490
-336.3008,29.5541,438.7174,0.682579
-336.5865,29.5567,438.5545,0.682691
-336.8426,29.5589,438.4055,0.682782
-337.1256,29.5611,438.2372,0.682886
-337.3791,29.5629,438.0830,0.682988
-337.6592,29.5646,437.9088,0.683079
-337.9108,29.5665,437.7487,0.683182
-338.1875,29.5692,437.5684,0.683279
-338.4624,29.5717,437.3847,0.683378
-338.7081,29.5737,437.2169,0.683470
-338.9794,29.5757,437.0273,0.683580
-339.2487,29.5774,436.8347,0.683687
-339.4895,29.5787,436.6587,0.683775
-339.7550,29.5799,436.4602,0.683882
-340.0193,29.5812,436.2580,0.683986
-340.2546,29.5833,436.0741,0.684076
-340.4881,29.5851,435.8878,0.684184
-340.7454,29.5870,435.6780,0.684290
-341.0006,29.5885,435.4654,0.684397
-341.2283,29.5897,435.2715,0.684492
-341.4793,29.5907,435.0533,0.684587
-341.7279,29.5915,434.8322,0.684693
-341.9741,29.5920,434.6080,0.684790
-342.1944,29.5934,434.4027,0.684899
-342.4118,29.5949,434.1960,0.684979
-342.6270,29.5961,433.9869,0.685095
-342.8402,29.5972,433.7755,0.685184
-343.0746,29.5981,433.5381,0.685295
-343.3066,29.5986,433.2979,0.685398
-343.5131,29.5990,433.0793,0.685482
-343.7174,29.5990,432.8586,0.685576
-343.9426,29.5989,432.6097,0.685681
-344.1641,29.6001,432.3589,0.685779
-344.3611,29.6009,432.1310,0.685883
-344.5771,29.6016,431.8752,0.685985
-344.7903,29.6019,431.6170,0.686092
-344.9800,29.6020,431.3824,0.686169
-345.1879,29.6018,431.1193,0.686279
-345.3724,29.6014,430.8802,0.686372
-345.5746,29.6007,430.6122,0.686475
-345.7744,29.6002,430.3408,0.686577
-345.9510,29.6005,430.0953,0.686660
-346.1441,29.6006,429.8201,0.686760
-346.3153,29.6004,429.5705,0.686855
-346.5025,29.5999,429.2910,0.686962
-346.6867,29.5991,429.0092,0.687059
-346.8497,29.5982,428.7537,0.687141
-347.0278,29.5968,428.4676,0.687242
-347.1679,29.5956,428.2372,0.687325
-347.3407,29.5947,427.9462,0.687421
-347.5095,29.5942,427.6539,0.687515
-347.6585,29.5935,427.3891,0.687614
-347.8209,29.5926,427.0930,0.687707
-347.9643,29.5913,426.8249,0.687781
-348.1207,29.5897,426.5252,0.687883
-348.2736,29.5878,426.2236,0.687981
-348.4231,29.5857,425.9202,0.688077
-348.5696,29.5838,425.6140,0.688179
-348.6981,29.5828,425.3377,0.688260
-348.8099,29.5818,425.0910,0.688348
-348.9196,29.5806,424.8432,0.688431
-349.0536,29.5788,424.5321,0.688522
-349.1845,29.5767,424.2193,0.688606
-349.2995,29.5746,423.9365,0.688712
-349.4117,29.5723,423.6524,0.688795
-349.5211,29.5697,423.3671,0.688878
-349.6281,29.5678,423.0794,0.688962
-349.7318,29.5662,422.7915,0.689061
-349.8436,29.5642,422.4703,0.689151
-349.9413,29.5622,422.1799,0.689245
-350.0464,29.5597,421.8562,0.689342
-350.1484,29.5568,421.5311,0.689432
-350.2373,29.5540,421.2374,0.689529
-350.3138,29.5514,420.9756,0.689607
-350.4067,29.5484,420.6462,0.689703
-350.4958,29.5461,420.3166,0.689800
-350.5729,29.5438,420.0191,0.689893
-350.6555,29.5411,419.6875,0.689987
-350.7348,29.5381,419.3549,0.690078
-350.8106,29.5348,419.0215,0.690180
-350.8760,29.5316,418.7204,0.690260
-350.9386,29.5282,418.4184,0.690355
-350.9984,29.5251,418.1148,0.690438
-351.0612,29.5223,417.7775,0.690544
-351.1203,29.5192,417.4394,0.690643
-351.1705,29.5162,417.1344,0.690733
-351.2128,29.5134,416.8628,0.690808
-351.2623,29.5097,416.5226,0.690913
-351.3084,29.5056,416.1815,0.691006
-351.3507,29.5013,415.8398,0.691114
-351.3821,29.4983,415.5650,0.691183
-351.4178,29.4948,415.2222,0.691284
-351.4467,29.4915,414.9132,0.691377
-351.4755,29.4876,414.5693,0.691479
-351.4983,29.4839,414.2595,0.691569
-351.5183,29.4799,413.9492,0.691661
-351.5334,29.4762,413.6733,0.691739
-351.5478,29.4718,413.3625,0.691826
-351.5593,29.4680,413.0506,0.691918
-351.5679,29.4643,412.7393,0.691993
-351.5740,29.4601,412.3933,0.692107
-351.5766,29.4565,412.1164,0.692182
-351.5770,29.4523,411.8048,0.692279
-351.5749,29.4480,411.4930,0.692366
-351.5700,29.4434,411.1811,0.692454
-351.5635,29.4392,410.9038,0.692536
-351.5523,29.4345,410.5563,0.692622
-351.5377,29.4299,410.2095,0.692736
-351.5215,29.4256,409.8974,0.692826
-351.5028,29.4211,409.5853,0.692916
-351.4787,29.4159,409.2386,0.693022
-351.4514,29.4105,408.8918,0.693124
-351.4271,29.4060,408.6144,0.693199
-351.3971,29.4010,408.3017,0.693290
-351.3643,29.3964,407.9897,0.693394
-351.3289,29.3917,407.6779,0.693483
-351.2951,29.3874,407.4008,0.693573
-351.2500,29.3818,407.0546,0.693683
-351.2016,29.3760,406.7086,0.693783
-351.1553,29.3707,406.3974,0.693873
-351.1062,29.3651,406.0863,0.693964
-351.0484,29.3593,405.7403,0.694096
-350.9934,29.3541,405.4297,0.694187
-350.9423,29.3494,405.1538,0.694273
-350.8754,29.3432,404.8094,0.694392
-350.8125,29.3376,404.4996,0.694486
-350.7544,29.3324,404.2246,0.694576
-350.6940,29.3271,403.9499,0.694667
-350.6155,29.3204,403.6064,0.694774
-350.5337,29.3140,403.2639,0.694895
-350.4485,29.3075,402.9221,0.695009
-350.3690,29.3014,402.6149,0.695114
-350.2775,29.2945,402.2741,0.695222
-350.1828,29.2874,401.9341,0.695337
-350.1047,29.2816,401.6625,0.695431
-350.0143,29.2749,401.3571,0.695533
-349.9318,29.2693,401.0865,0.695634
-349.8365,29.2629,400.7828,0.695732
-349.7388,29.2563,400.4797,0.695848
-349.6387,29.2495,400.1773,0.695954
-349.5247,29.2419,399.8420,0.696073
-349.4198,29.2348,399.5410,0.696175
-349.3246,29.2285,399.2739,0.696279
-349.2155,29.2215,398.9738,0.696390
-349.1167,29.2153,398.7078,0.696481
-349.0161,29.2090,398.4424,0.696587
-348.8879,29.2010,398.1113,0.696704
-348.7570,29.1929,397.7811,0.696816
-348.6504,29.1862,397.5175,0.696913
-348.5282,29.1786,397.2217,0.697023
-348.3898,29.1701,396.8935,0.697158
-348.2769,29.1634,396.6318,0.697258
-348.1479,29.1558,396.3382,0.697368
-348.0018,29.1472,396.0129,0.697491
-347.8530,29.1384,395.6884,0.697620
-347.7015,29.1294,395.3651,0.697745
-347.5628,29.1212,395.0749,0.697856
-347.4218,29.1129,394.7853,0.697970
-347.2626,29.1038,394.4649,0.698097
-347.1005,29.0945,394.1457,0.698230
-346.9690,29.0870,393.8911,0.698325
-346.8190,29.0784,393.6056,0.698444
-346.6840,29.0707,393.3527,0.698552
-346.5129,29.0609,393.0375,0.698675
-346.3566,29.0519,392.7549,0.698790
-346.1806,29.0421,392.4422,0.698930
-346.0379,29.0341,392.1930,0.699033
-345.8756,29.0249,391.9135,0.699149
-345.7297,29.0167,391.6658,0.699253
-345.5453,29.0064,391.3575,0.699379
-345.3585,28.9958,391.0502,0.699513
-345.1694,28.9853,390.7441,0.699651
-345.0163,28.9768,390.5004,0.699751
-344.8228,28.9661,390.1970,0.699882
-344.6470,28.9564,389.9249,0.700007
-344.4895,28.9476,389.6839,0.700113
-344.3110,28.9377,389.4136,0.700231
-344.1313,28.9277,389.1442,0.700343
-343.9706,28.9189,388.9051,0.700464
-343.7888,28.9090,388.6374,0.700578
-343.6261,28.9000,388.3999,0.700683
-343.4218,28.8887,388.1037,0.700824
-343.2162,28.8774,387.8083,0.700958
-343.0092,28.8659,387.5137,0.701102
-342.8219,28.8556,387.2489,0.701224
-342.6121,28.8444,386.9559,0.701356
-342.4009,28.8329,386.6639,0.701493
-342.1878,28.8212,386.3727,0.701638
-341.9731,28.8093,386.0822,0.701777
-341.7568,28.7974,385.7926,0.701906
-341.5826,28.7878,385.5617,0.702028
-341.3633,28.7762,385.2735,0.702168
-341.1422,28.7645,384.9867,0.702311
-340.9216,28.7500,384.7029,0.702451
-340.6974,28.7340,384.4178,0.702592
-340.4717,28.7178,384.1334,0.702734
-340.2445,28.7012,383.8505,0.702883
-340.0385,28.6857,383.5964,0.703013
-339.8078,28.6684,383.3147,0.703159
-339.5760,28.6517,383.0344,0.703296
-339.3894,28.6383,382.8108,0.703419
-339.1784,28.6231,382.5606,0.703547
-338.9662,28.6071,382.3104,0.703675
-338.7766,28.5928,382.0886,0.703795
-338.5379,28.5748,381.8116,0.703935
-338.2980,28.5576,381.5359,0.704084
-338.0566,28.5402,381.2612,0.704234
-337.8381,28.5238,381.0157,0.704361
-337.5940,28.5054,380.7430,0.704519
-337.3977,28.4907,380.5253,0.704636
-337.1260,28.4705,380.2264,0.704797
-336.8779,28.4527,379.9559,0.704943
-336.6785,28.4380,379.7409,0.705058
-336.4532,28.4211,379.4989,0.705197
-336.2269,28.4041,379.2575,0.705337
-335.9996,28.3871,379.0165,0.705468
-335.7966,28.3719,378.8029,0.705588
-335.5414,28.3535,378.5361,0.705741
-335.3110,28.3364,378.2977,0.705881
-335.0538,28.3171,378.0328,0.706027
-334.8215,28.2997,377.7948,0.706162
-334.5625,28.2803,377.5306,0.706320
-334.3024,28.2609,377.2666,0.706474
-334.0419,28.2420,377.0040,0.706631
-333.8067,28.2245,376.7674,0.706770
-333.5708,28.2069,376.5310,0.706905
-333.3081,28.1873,376.2686,0.707066
-333.0445,28.1676,376.0064,0.707223
-332.8331,28.1518,375.7969,0.707352
-332.6206,28.1365,375.5880,0.707480
-332.3546,28.1167,375.3268,0.707637
-332.0879,28.0968,375.0659,0.707797
-331.8474,28.0789,374.8312,0.707946
-331.5795,28.0590,374.5706,0.708110
-331.3380,28.0411,374.3362,0.708259
-331.0686,28.0213,374.0762,0.708418
-330.8262,28.0033,373.8418,0.708571
-330.5834,27.9853,373.6073,0.708721
-330.3134,27.9653,373.3466,0.708883
-330.0278,27.9481,373.0826,0.709046
-329.8047,27.9325,372.8450,0.709198
-329.5336,27.9131,372.5841,0.709370
-329.2619,27.8937,372.3231,0.709536
-328.9896,27.8742,372.0619,0.709707
-328.7441,27.8566,371.8267,0.709858
-328.4708,27.8370,371.5655,0.710029
-328.1967,27.8174,371.3044,0.710200
-327.9219,27.7977,371.0434,0.710368
-327.6464,27.7779,370.7823,0.710543
-327.3698,27.7580,370.5215,0.710714
-327.1204,27.7399,370.2862,0.710867
-326.8426,27.7197,370.0251,0.711045
-326.6195,27.7038,369.8161,0.711183
-326.3404,27.6839,369.5554,0.711361
-326.0605,27.6640,369.2949,0.711535
-325.8361,27.6480,369.0865,0.711675
-325.5549,27.6280,368.8263,0.711857
-325.3013,27.6099,368.5923,0.712016
-325.0187,27.5898,368.3324,0.712193
-324.7353,27.5696,368.0728,0.712366
-324.4797,27.5514,367.8391,0.712531
-324.1942,27.5309,367.5811,0.712707
-323.9088,27.5100,367.3219,0.712885
-323.6799,27.4932,367.1146,0.713030
-323.3932,27.4721,366.8558,0.713211
-323.1342,27.4533,366.6226,0.713368
-322.8463,27.4329,366.3639,0.713549
-322.5867,27.4146,366.1311,0.713711
-322.2978,27.3941,365.8724,0.713891
-322.0084,27.3736,365.6139,0.714072
-321.7185,27.3531,365.3553,0.714250
-321.4571,27.3346,365.1224,0.714414
-321.1662,27.3140,364.8635,0.714591
-320.8749,27.2934,364.6047,0.714772
-320.6411,27.2767,364.3984,0.714922
-320.3490,27.2558,364.1399,0.715097
-320.0564,27.2348,363.8815,0.715277
-319.8221,27.2181,363.6748,0.715429
-319.5287,27.1971,363.4161,0.715606
-319.2354,27.1767,363.1576,0.715790
-318.9710,27.1584,362.9250,0.715950
-318.7063,27.1400,362.6925,0.716117
-318.4413,27.1215,362.4600,0.716285
-318.1465,27.1010,362.2014,0.716463
-317.8811,27.0826,361.9685,0.716631
-317.5859,27.0621,361.7097,0.716811
-317.2903,27.0415,361.4509,0.716993
-316.9942,27.0209,361.1922,0.717181
-316.7275,27.0023,360.9592,0.717346
-316.4606,26.9837,360.7260,0.717509
-316.1638,26.9629,360.4667,0.717695
-315.8961,26.9442,360.2332,0.717858
-315.5987,26.9240,359.9739,0.718040
-315.3306,26.9058,359.7404,0.718212
-315.0324,26.8856,359.4809,0.718391
-314.7637,26.8673,359.2473,0.718564
-314.4649,26.8470,358.9875,0.718741
-314.1657,26.8267,358.7277,0.718930
-313.9261,26.8104,358.5198,0.719079
-313.6263,26.7900,358.2600,0.719263
-313.3864,26.7737,358.0520,0.719413
-313.1156,26.7548,357.8193,0.719577
-312.8153,26.7338,357.5590,0.719766
-312.5149,26.7129,357.2985,0.719950
-312.2443,26.6940,357.0639,0.720116
-311.9430,26.6738,356.8026,0.720305
-311.6418,26.6539,356.5415,0.720494
-311.3705,26.6359,356.3064,0.720659
-311.0688,26.6158,356.0452,0.720846
-310.7669,26.5958,355.7837,0.721030
-310.4950,26.5778,355.5482,0.721193
-310.1926,26.5577,355.2864,0.721379
-309.8899,26.5377,355.0246,0.721571
-309.6476,26.5216,354.8151,0.721716
-309.3745,26.5033,354.5797,0.721883
-309.1016,26.4851,354.3436,0.722053
-308.7982,26.4648,354.0811,0.722242
-308.5250,26.4466,353.8447,0.722414
-308.2210,26.4268,353.5817,0.722599
-307.9475,26.4090,353.3451,0.722767
-307.6433,26.3892,353.0820,0.722953
-307.3389,26.3694,352.8186,0.723142
-307.0648,26.3516,352.5815,0.723306
-306.8210,26.3358,352.3706,0.723460
-306.5161,26.3160,352.1068,0.723645
-306.2109,26.2961,351.8429,0.723835
-305.9055,26.2763,351.5788,0.724021
-305.6000,26.2564,351.3145,0.724208
-305.3247,26.2385,351.0766,0.724380
-305.0186,26.2186,350.8120,0.724570
-304.7128,26.1985,350.5477,0.724755
-304.4369,26.1797,350.3094,0.724926
-304.1301,26.1588,350.0444,0.725113
-303.8231,26.1379,349.7793,0.725302
-303.5467,26.1190,349.5406,0.725472
-303.3009,26.1023,349.3283,0.725622
-302.9933,26.0813,349.0629,0.725814
-302.6855,26.0603,348.7973,0.726002
-302.3775,26.0393,348.5315,0.726191
-302.1001,26.0204,348.2922,0.726364
-301.7913,25.9993,348.0266,0.726553
-301.5133,25.9802,347.7871,0.726722
-301.2043,25.9590,347.5209,0.726918
-300.9259,25.9397,347.2814,0.727086
-300.6163,25.9181,347.0151,0.727277
-300.3374,25.8987,346.7753,0.727446
-300.0273,25.8771,346.5086,0.727638
-299.7169,25.8554,346.2420,0.727829
-299.4373,25.8359,346.0020,0.728000
-299.1263,25.8143,345.7352,0.728193
-298.8151,25.7926,345.4682,0.728382
-298.5035,25.7709,345.2013,0.728574
-298.2230,25.7513,344.9610,0.728747
-297.9107,25.7295,344.6942,0.728940
-297.6295,25.7097,344.4537,0.729114
-297.3170,25.6878,344.1866,0.729306
-297.0353,25.6678,343.9460,0.729479
-296.7221,25.6457,343.6785,0.729671
-296.4086,25.6235,343.4109,0.729865
-296.0947,25.6014,343.1435,0.730058
-295.8120,25.5814,342.9027,0.730231
-295.4977,25.5592,342.6350,0.730423
-295.1830,25.5369,342.3673,0.730616
-294.8680,25.5147,342.0995,0.730808
-294.5843,25.4946,341.8584,0.730980
-294.2687,25.4723,341.5906,0.731180
-293.9847,25.4524,341.3490,0.731350
-293.6686,25.4302,341.0810,0.731545
-293.3524,25.4077,340.8130,0.731740
-293.0674,25.3874,340.5718,0.731914
-292.7822,25.3671,340.3304,0.732088
-292.4968,25.3468,340.0891,0.732262
-292.1794,25.3242,339.8206,0.732456
-291.8618,25.3016,339.5522,0.732651
-291.5440,25.2790,339.2838,0.732845
-291.2577,25.2586,339.0420,0.733020
-290.9394,25.2359,338.7733,0.733216
-290.6208,25.2132,338.5045,0.733410
-290.3338,25.1928,338.2626,0.733585
-290.0145,25.1701,337.9938,0.733782
-289.7275,25.1491,337.7520,0.733959
-289.4079,25.1254,337.4830,0.734155
-289.0880,25.1018,337.2138,0.734350
-288.7994,25.0804,336.9708,0.734527
-288.4781,25.0566,336.7004,0.734723
-288.2047,25.0350,336.4824,0.734879
-287.8958,25.0107,336.2208,0.735075
-287.5745,24.9870,335.9515,0.735274
-287.2847,24.9658,335.7098,0.735449
-286.9623,24.9421,335.4413,0.735645
-286.6719,24.9207,335.1998,0.735823
-286.3493,24.8967,334.9309,0.736017
-286.0265,24.8726,334.6617,0.736216
-285.7360,24.8510,334.4191,0.736394
-285.4132,24.8269,334.1494,0.736589
-285.0902,24.8029,333.8798,0.736787
-284.7672,24.7787,333.6096,0.736986
-284.4442,24.7544,333.3391,0.737183
-284.1859,24.7350,333.1223,0.737340
-283.8628,24.7107,332.8511,0.737539
-283.5719,24.6889,332.6066,0.737718
-283.2489,24.6646,332.3352,0.737915
-282.9259,24.6402,332.0630,0.738113
-282.6352,24.6182,331.8177,0.738293
-282.3122,24.5938,331.5447,0.738488
-281.9890,24.5695,331.2717,0.738684
-281.6982,24.5474,331.0254,0.738865
-281.3753,24.5229,330.7514,0.739064
-281.0847,24.5008,330.5044,0.739241
-280.7942,24.4787,330.2570,0.739424
-280.4713,24.4541,329.9817,0.739620
-280.1483,24.4298,329.7062,0.739821
-279.8256,24.4054,329.4301,0.740023
-279.5352,24.3833,329.1812,0.740202
-279.2126,24.3589,328.9042,0.740400
-278.9223,24.3368,328.6545,0.740580
-278.5995,24.3124,328.3765,0.740781
-278.2771,24.2882,328.0986,0.740979
-277.9870,24.2663,327.8478,0.741159
-277.6647,24.2419,327.5687,0.741358
-277.3746,24.2200,327.3171,0.741539
-277.0843,24.1982,327.0650,0.741720
-276.8265,24.1790,326.8410,0.741879
-276.5042,24.1550,326.5605,0.742083
-276.2141,24.1333,326.3077,0.742262
-275.8920,24.1092,326.0263,0.742459
-275.5696,24.0852,325.7446,0.742661
-275.2796,24.0635,325.4909,0.742839
-274.9573,24.0394,325.2086,0.743042
-274.6351,24.0152,324.9259,0.743241
-274.3449,23.9935,324.6711,0.743422
-274.0226,23.9695,324.3878,0.743621
-273.7001,23.9453,324.1040,0.743823
-273.3774,23.9212,323.8200,0.744025
-273.1192,23.9018,323.5925,0.744185
-272.7962,23.8777,323.3077,0.744388
-272.4731,23.8536,323.0228,0.744589
-272.1821,23.8319,322.7660,0.744769
-271.8588,23.8078,322.4804,0.744972
-271.5676,23.7861,322.2232,0.745149
-271.2438,23.7619,321.9370,0.745356
-270.9523,23.7402,321.6792,0.745533
-270.6282,23.7160,321.3925,0.745737
-270.3040,23.6919,321.1057,0.745939
-269.9795,23.6677,320.8185,0.746142
-269.6548,23.6436,320.5310,0.746341
-269.3949,23.6244,320.3010,0.746502
-269.0698,23.6003,320.0132,0.746703
-268.7771,23.5787,319.7540,0.746886
-268.4516,23.5546,319.4658,0.747086
-268.1262,23.5304,319.1774,0.747289
-267.8329,23.5086,318.9176,0.747473
-267.5069,23.4844,318.6288,0.747678
-267.1806,23.4601,318.3397,0.747876
-266.8541,23.4359,318.0506,0.748082
-266.5274,23.4116,317.7611,0.748286
-266.2005,23.3874,317.4716,0.748486
-265.9061,23.3657,317.2109,0.748668
-265.6115,23.3439,316.9500,0.748850
-265.2840,23.3197,316.6600,0.749052
-264.9891,23.2979,316.3988,0.749238
-264.6612,23.2738,316.1082,0.749437
-264.3330,23.2496,315.8177,0.749644
-264.0375,23.2279,315.5561,0.749826
-263.7089,23.2037,315.2652,0.750028
-263.4130,23.1819,315.0033,0.750217
-263.0839,23.1577,314.7121,0.750413
-262.7544,23.1335,314.4210,0.750616
-262.4247,23.1093,314.1297,0.750823
-262.0946,23.0851,313.8383,0.751024
-261.7644,23.0609,313.5468,0.751228
-261.4669,23.0391,313.2842,0.751408
-261.1361,23.0151,312.9925,0.751614
-260.8382,22.9934,312.7299,0.751792
-260.5068,22.9692,312.4381,0.751997
-260.2084,22.9475,312.1753,0.752182
-259.9096,22.9259,311.9124,0.752361
-259.5774,22.9019,311.6205,0.752568
-259.2447,22.8779,311.3286,0.752765
-258.9782,22.8587,311.0951,0.752931
-258.6448,22.8346,310.8032,0.753137
-258.3109,22.8107,310.5113,0.753337
-257.9766,22.7868,310.2195,0.753536
-257.7088,22.7676,309.9861,0.753692
-257.3736,22.7437,309.6947,0.753902
-257.0379,22.7198,309.4033,0.754103
-256.7353,22.6983,309.1409,0.754289
-256.3986,22.6746,308.8499,0.754486
-256.0613,22.6508,308.5590,0.754690
-255.7234,22.6270,308.2684,0.754897
-255.4189,22.6057,308.0071,0.755075
-255.0800,22.5821,307.7169,0.755279
-254.7405,22.5585,307.4271,0.755475
-254.4006,22.5350,307.1376,0.755682
-254.0600,22.5114,306.8484,0.755880
-253.7190,22.4881,306.5594,0.756079
-253.4118,22.4672,306.2997,0.756269
-253.0702,22.4439,306.0117,0.756469
-252.7280,22.4207,305.7241,0.756670
-252.3854,22.3976,305.4366,0.756874
-252.0767,22.3769,305.1783,0.757050
-251.7332,22.3539,304.8916,0.757254
-251.3891,22.3309,304.6051,0.757447
-251.0445,22.3082,304.3189,0.757656
-250.7339,22.2879,304.0616,0.757832
-250.3884,22.2653,303.7762,0.758038
-250.0423,22.2427,303.4910,0.758229
-249.6957,22.2202,303.2061,0.758434
-249.4181,22.2023,302.9785,0.758594
-249.0706,22.1799,302.6942,0.758801
-248.7226,22.1577,302.4103,0.759006
-248.4090,22.1378,302.1550,0.759178
-248.0602,22.1158,301.8717,0.759380
-247.7108,22.0938,301.5888,0.759578
-247.3960,22.0740,301.3345,0.759759
-247.0458,22.0521,301.0522,0.759962
-246.6951,22.0304,300.7705,0.760162
-246.3792,22.0108,300.5173,0.760335
-246.0981,21.9935,300.2926,0.760504
-245.7814,21.9739,300.0402,0.760682
-245.4289,21.9522,299.7598,0.760885
-245.1111,21.9329,299.5080,0.761060
-244.7573,21.9114,299.2287,0.761256
-244.4028,21.8898,298.9500,0.761454
-244.0830,21.8702,298.6997,0.761644
-243.7267,21.8486,298.4219,0.761843
-243.4411,21.8315,298.2004,0.761992
-243.0833,21.8101,297.9242,0.762196
-242.7247,21.7885,297.6488,0.762401
-242.3652,21.7668,297.3742,0.762601
-242.0769,21.7495,297.1546,0.762761
-241.7158,21.7282,296.8813,0.762964
-241.3537,21.7068,296.6089,0.763160
-240.9909,21.6852,296.3375,0.763360
-240.6999,21.6679,296.1209,0.763519
-240.3353,21.6462,295.8508,0.763725
-240.0064,21.6270,295.6087,0.763900
-239.6401,21.6056,295.3408,0.764111
-239.2726,21.5840,295.0740,0.764307
-238.9040,21.5623,294.8084,0.764502
-238.5713,21.5428,294.5700,0.764684
-238.2377,21.5236,294.3328,0.764861
-237.8663,21.5020,294.0706,0.765072
-237.5683,21.4847,293.8617,0.765232
-237.1948,21.4630,293.6017,0.765425
-236.8204,21.4412,293.3427,0.765633
-236.4825,21.4220,293.1104,0.765819
-236.1064,21.4004,292.8541,0.766016
-235.7669,21.3808,292.6243,0.766209
-235.3887,21.3591,292.3703,0.766400
-235.0477,21.3395,292.1427,0.766588
-234.6681,21.3180,291.8908,0.766795
-234.2876,21.2963,291.6405,0.766996
-233.9444,21.2767,291.4164,0.767179
-233.5622,21.2550,291.1685,0.767380
-233.1793,21.2333,290.9219,0.767586
-232.7957,21.2116,290.6764,0.767790
-232.4500,21.1921,290.4565,0.767981
-232.0648,21.1704,290.2136,0.768188
-231.6788,21.1486,289.9720,0.768395
-231.3308,21.1291,289.7555,0.768574
-230.9436,21.1071,289.5160,0.768789
-230.5555,21.0855,289.2779,0.768983
-230.2055,21.0659,289.0648,0.769164
-229.8159,21.0442,288.8293,0.769384
-229.4256,21.0225,288.5949,0.769597
-229.0347,21.0004,288.3614,0.769801
-228.6430,20.9787,288.1295,0.770010
-228.2897,20.9592,287.9219,0.770202
-227.8965,20.9375,287.6925,0.770411
-227.5419,20.9180,287.4870,0.770591
-227.1474,20.8957,287.2596,0.770801
-226.7521,20.8741,287.0337,0.771022
-226.3956,20.8546,286.8316,0.771198
-225.9988,20.8330,286.6084,0.771413
-225.6417,20.8136,286.4089,0.771603
-225.2431,20.7911,286.1873,0.771817
-224.8443,20.7695,285.9676,0.772028
-224.4447,20.7480,285.7494,0.772226
-224.0443,20.7264,285.5326,0.772456
-223.6839,20.7067,285.3390,0.772644
-223.2817,20.6845,285.1237,0.772855
-222.8793,20.6631,284.9107,0.773068
-222.5166,20.6439,284.7203,0.773255
-222.1133,20.6225,284.5103,0.773465
-221.7104,20.6004,284.3024,0.773692
-221.3464,20.5808,284.1153,0.773884
-220.9427,20.5598,283.9100,0.774090
-220.5392,20.5388,283.7067,0.774303
-220.1761,20.5199,283.5255,0.774496
-219.7739,20.4977,283.3263,0.774711
-219.3702,20.4767,283.1273,0.774915
-218.9675,20.4562,282.9312,0.775132
-218.5650,20.4356,282.7372,0.775346
-218.2038,20.4170,282.5648,0.775527
-217.8009,20.3951,282.3734,0.775740
-217.4392,20.3770,282.2034,0.775938
-217.0375,20.3569,282.0164,0.776138
-216.6762,20.3388,281.8499,0.776319
-216.2767,20.3177,281.6674,0.776528
-215.9160,20.2968,281.5041,0.776717
-215.5158,20.2729,281.3242,0.776919
-215.1157,20.2490,281.1456,0.777133
-214.7158,20.2251,280.9690,0.777322
-214.3560,20.2036,280.8116,0.777516
-213.9576,20.1788,280.6390,0.777724
-213.5989,20.1552,280.4851,0.777899
-213.2399,20.1308,280.3318,0.778092
-212.8414,20.1038,280.1629,0.778287
-212.4829,20.0795,280.0126,0.778476
-212.1250,20.0551,279.8640,0.778663
-211.7270,20.0273,279.7006,0.778868
-211.3695,20.0012,279.5554,0.779051
-210.9718,19.9721,279.3948,0.779254
-210.5744,19.9431,279.2359,0.779456
-210.2566,19.9199,279.1102,0.779627
-209.8992,19.8938,278.9703,0.779816
-209.5028,19.8640,278.8171,0.780012
-209.1456,19.8369,278.6802,0.780204
-208.7489,19.8069,278.5294,0.780395
-208.3922,19.7799,278.3953,0.780582
-207.9952,19.7510,278.2478,0.780776
-207.6393,19.7241,278.1176,0.780958
-207.2434,19.6939,277.9739,0.781170
-206.8478,19.6638,277.8318,0.781362
-206.4920,19.6367,277.7053,0.781552
-206.0956,19.6088,277.5661,0.781755
-205.7016,19.5803,277.4303,0.781945
-205.3468,19.5541,277.3090,0.782130
-204.9528,19.5251,277.1757,0.782321
-204.5986,19.4990,277.0570,0.782501
-204.2034,19.4716,276.9263,0.782697
-203.8507,19.4488,276.8118,0.782877
-203.4582,19.4213,276.6857,0.783071
-203.1053,19.3967,276.5735,0.783251
-202.7529,19.3721,276.4623,0.783421
-202.3618,19.3449,276.3403,0.783629
-201.9697,19.3185,276.2199,0.783823
-201.6190,19.2961,276.1142,0.784012
-201.2289,19.2697,275.9978,0.784205
-200.8394,19.2433,275.8828,0.784410
-200.4892,19.2197,275.7805,0.784577
-200.1006,19.1935,275.6685,0.784783
-199.7125,19.1674,275.5584,0.784970
-199.3642,19.1436,275.4614,0.785136
-198.9774,19.1170,275.3548,0.785326
-198.5915,19.0906,275.2498,0.785520
-198.2450,19.0669,275.1568,0.785691
-197.8617,19.0401,275.0555,0.785881
-197.4785,19.0134,274.9556,0.786059
-197.1347,18.9896,274.8674,0.786233
-196.7535,18.9634,274.7711,0.786416
-196.3734,18.9372,274.6765,0.786607
-196.0334,18.9129,274.5932,0.786756
-195.6546,18.8856,274.5014,0.786946
-195.2778,18.8593,274.4116,0.787125
-194.9401,18.8358,274.3323,0.787295
-194.5669,18.8099,274.2461,0.787465
-194.2347,18.7861,274.1703,0.787621
-193.8659,18.7582,274.0870,0.787790
-193.5005,18.7316,274.0057,0.787965
-193.1385,18.7052,273.9266,0.788136
-192.8159,18.6817,273.8573,0.788302
-192.4626,18.6561,273.7826,0.788463
-192.1122,18.6287,273.7096,0.788625
-191.8007,18.6045,273.6454,0.788783
-191.4593,18.5778,273.5760,0.788945
-191.1567,18.5543,273.5155,0.789094
-190.8259,18.5286,273.4505,0.789245
-190.5012,18.5033,273.3876,0.789399
-190.2134,18.4804,273.3325,0.789529
-189.9000,18.4548,273.2735,0.789684
-189.5919,18.4294,273.2158,0.789827
-189.3204,18.4070,273.1655,0.789957
-189.0250,18.3827,273.1115,0.790091
-188.7650,18.3613,273.0645,0.790217
-188.5098,18.3405,273.0188,0.790334
-188.2345,18.3184,272.9703,0.790467
-187.9648,18.2952,272.9226,0.790581
-187.7279,18.2748,272.8807,0.790700
-187.4712,18.2527,272.8351,0.790824
-187.2215,18.2312,272.7908,0.790934
-187.0025,18.2123,272.7521,0.791032
-186.7657,18.1919,272.7102,0.791146
-186.5343,18.1727,272.6693,0.791252
-186.3126,18.1548,272.6303,0.791347
-186.1175,18.1374,272.5954,0.791444
-185.9276,18.1205,272.5613,0.791531
-185.7230,18.1023,272.5241,0.791625
-185.5444,18.0864,272.4916,0.791704
-185.3519,18.0692,272.4564,0.791795
-185.1836,18.0542,272.4257,0.791866
-185.0021,18.0380,272.3924,0.791951
-184.8259,18.0223,272.3599,0.792032
-184.6702,18.0084,272.3310,0.792107
-184.4969,17.9939,272.2988,0.792183
-184.3286,17.9803,272.2681,0.792258
-184.1584,17.9648,272.2364,0.792341
-183.9878,17.9492,272.2044,0.792425
-183.8511,17.9367,272.1786,0.792479
-183.6797,17.9210,272.1462,0.792562
-183.5076,17.9053,272.1137,0.792643
-183.3522,17.8911,272.0846,0.792709
-183.1787,17.8753,272.0520,0.792792
-183.0043,17.8594,272.0191,0.792871
-182.8465,17.8449,271.9893,0.792943
-182.6705,17.8289,271.9558,0.793019
-182.5089,17.8142,271.9253,0.793096
-182.3312,17.7997,271.8911,0.793179
-182.1550,17.7840,271.8579,0.793257
-182.0117,17.7709,271.8304,0.793327
-181.8499,17.7561,271.7990,0.793398
-181.6873,17.7412,271.7673,0.793478
-181.5060,17.7246,271.7318,0.793557
-181.3239,17.7079,271.6961,0.793640
-181.1593,17.6928,271.6637,0.793716
-180.9756,17.6759,271.6270,0.793797
-180.7914,17.6590,271.5898,0.793884
-180.6435,17.6454,271.5594,0.793955
-180.4579,17.6283,271.5207,0.794038
-180.2692,17.6112,271.4811,0.794123
-180.1219,17.5986,271.4499,0.794189
-179.9347,17.5815,271.4091,0.794278
-179.7468,17.5643,271.3676,0.794366
-179.5772,17.5487,271.3296,0.794447
-179.3880,17.5314,271.2867,0.794536
-179.1981,17.5139,271.2430,0.794619
-179.0266,17.4981,271.2029,0.794702
-178.8355,17.4805,271.1576,0.794790
-178.6441,17.4627,271.1104,0.794878
-178.4716,17.4468,271.0681,0.794959
-178.2798,17.4292,271.0206,0.795049
-178.1076,17.4133,270.9782,0.795127
-177.9142,17.3952,270.9294,0.795218
-177.7223,17.3781,270.8799,0.795312
-177.5689,17.3644,270.8400,0.795380
-177.3773,17.3472,270.7899,0.795474
-177.1863,17.3301,270.7393,0.795565
-176.9964,17.3130,270.6881,0.795653
-176.8076,17.2960,270.6362,0.795744
-176.6391,17.2807,270.5888,0.795820
-176.4534,17.2639,270.5356,0.795909
-176.2703,17.2471,270.4827,0.795996
-176.0889,17.2302,270.4288,0.796087
-175.9274,17.2150,270.3799,0.796161
-175.7498,17.1984,270.3253,0.796247
-175.5744,17.1818,270.2706,0.796333
-175.3991,17.1660,270.2156,0.796417
-175.2263,17.1508,270.1603,0.796501
-175.0709,17.1372,270.1103,0.796576
-174.8984,17.1220,270.0541,0.796658
-174.7432,17.1084,270.0028,0.796733
-174.5711,17.0931,269.9453,0.796818
-174.3991,17.0777,269.8868,0.796902
-174.2445,17.0639,269.8335,0.796977
-174.0729,17.0484,269.7735,0.797060
-173.9016,17.0330,269.7126,0.797148
-173.7481,17.0191,269.6572,0.797224
-173.5786,17.0037,269.5950,0.797308
-173.4271,16.9899,269.5387,0.797383
-173.2938,16.9778,269.4886,0.797448
-173.1288,16.9683,269.4090,0.797534
-172.9829,16.9587,269.3517,0.797605
-172.8228,16.9483,269.2891,0.797686
-172.6712,16.9389,269.2330,0.797764
-172.5164,16.9232,269.1713,0.797844
-172.3799,16.9093,269.1154,0.797914
-172.2464,16.8957,269.0588,0.797981
-172.1015,16.8809,268.9958,0.798055
-171.9602,16.8663,268.9331,0.798129
-171.8217,16.8518,268.8706,0.798202
-171.6856,16.8378,268.8082,0.798270
-171.5529,16.8241,268.7457,0.798343
-171.4506,16.8135,268.6967,0.798397
-171.3240,16.7994,268.6338,0.798467
-171.2131,16.7870,268.5769,0.798526
-171.0934,16.7737,268.5135,0.798592
-170.9789,16.7642,268.4548,0.798649
-170.8747,16.7559,268.3979,0.798708
-170.7697,16.7474,268.3398,0.798766
-170.6524,16.7378,268.2741,0.798830
-170.5583,16.7305,268.2196,0.798882
-170.4536,16.7228,268.1579,0.798943
-170.3374,16.7142,268.0878,0.799009
-170.2444,16.7073,268.0309,0.799060
-170.1389,16.6998,267.9664,0.799123
-170.0344,16.6923,267.9001,0.799181
-169.9184,16.6839,267.8250,0.799250
-169.8092,16.6702,267.7616,0.799304
-169.6931,16.6557,267.6840,0.799372
-169.5772,16.6400,267.6043,0.799443
-169.4845,16.6304,267.5389,0.799498
-169.3684,16.6192,267.4552,0.799569
-169.2523,16.6077,267.3704,0.799638
-169.1594,16.5979,267.3017,0.799695
-169.0551,16.5865,267.2237,0.799760
-168.9625,16.5760,267.1534,0.799816
-168.8586,16.5670,267.0728,0.799881
-168.7665,16.5586,266.9997,0.799940
-168.6524,16.5474,266.9068,0.800013
-168.5621,16.5377,266.8307,0.800071
-168.4609,16.5278,266.7433,0.800135
-168.3492,16.5219,266.6442,0.800211
-168.2655,16.5132,266.5665,0.800279
-168.1562,16.5006,266.4633,0.800352
-168.0588,16.4892,266.3678,0.800420
-167.9503,16.4764,266.2587,0.800496
-167.8642,16.4660,266.1735,0.800556
-167.7791,16.4553,266.0845,0.800619
-167.6846,16.4432,265.9835,0.800686
-167.6016,16.4324,265.8930,0.800749
-167.4997,16.4191,265.7787,0.800826
-167.4100,16.4068,265.6755,0.800891
-167.3202,16.3943,265.5746,0.800963
-167.2233,16.3790,265.4568,0.801036
-167.1282,16.3636,265.3379,0.801112
-167.0534,16.3514,265.2417,0.801171
-166.9702,16.3375,265.1323,0.801241
-166.8977,16.3250,265.0358,0.801302
-166.8064,16.3081,264.9111,0.801377
-166.7252,16.2929,264.7977,0.801445
-166.6358,16.2761,264.6721,0.801523
-166.5580,16.2603,264.5564,0.801591
-166.4735,16.2427,264.4260,0.801667
-166.4071,16.2284,264.3199,0.801731
-166.3347,16.2120,264.2027,0.801800
-166.2547,16.1918,264.0668,0.801878
-166.1916,16.1755,263.9566,0.801942
-166.1131,16.1550,263.8172,0.802020
-166.0346,16.1342,263.6747,0.802098
-165.9567,16.1131,263.5298,0.802179
-165.8800,16.0919,263.3827,0.802258
-165.8203,16.0748,263.2629,0.802322
-165.7442,16.0548,263.1022,0.802402
-165.6855,16.0425,262.9803,0.802466
-165.5988,16.0264,262.8443,0.802541
-165.5417,16.0169,262.7180,0.802605
-165.4775,16.0061,262.5739,0.802675
-165.4195,15.9964,262.4449,0.802749
-165.3543,15.9854,262.2991,0.802822
-165.2823,15.9730,262.1351,0.802909
-165.2179,15.9616,261.9849,0.802980
-165.1538,15.9501,261.8324,0.803061
-165.0832,15.9369,261.6603,0.803146
-165.0265,15.9263,261.5207,0.803216
-164.9624,15.9142,261.3622,0.803296
-164.9050,15.9034,261.2200,0.803368
-164.8398,15.8911,261.0583,0.803452
-164.7742,15.8787,260.8951,0.803531
-164.7010,15.8647,260.7113,0.803626
-164.6354,15.8519,260.5434,0.803710
-164.5773,15.8404,260.3928,0.803787
-164.5124,15.8272,260.2211,0.803872
-164.4400,15.8123,260.0280,0.803967
-164.3675,15.7972,259.8323,0.804068
-164.2949,15.7818,259.6338,0.804168
-164.2296,15.7678,259.4524,0.804260
-164.1642,15.7535,259.2684,0.804349
-164.0915,15.7375,259.0610,0.804455
-164.0188,15.7212,258.8505,0.804560
-163.9605,15.7079,258.6796,0.804644
-163.8949,15.6928,258.4847,0.804744
-163.8292,15.6774,258.2869,0.804840
-163.7708,15.6636,258.1087,0.804931
-163.7050,15.6477,257.9054,0.805027
-163.6464,15.6334,257.7224,0.805123
-163.5807,15.6169,257.5134,0.805229
-163.5076,15.5983,257.2774,0.805343
-163.4491,15.5832,257.0856,0.805436
-163.3759,15.5641,256.8423,0.805560
-163.3028,15.5447,256.5947,0.805680
-163.2297,15.5248,256.3428,0.805807
-163.1711,15.5087,256.1379,0.805904
-163.0978,15.4881,255.8778,0.806032
-163.0317,15.4693,255.6399,0.806147
-162.9727,15.4523,255.4256,0.806258
-162.9064,15.4327,255.1807,0.806372
-162.8473,15.4152,254.9599,0.806480
-162.7734,15.3930,254.6800,0.806613
-162.7068,15.3726,254.4242,0.806737
-162.6326,15.3497,254.1359,0.806884
-162.5583,15.3264,253.8430,0.807029
-162.4837,15.3027,253.5455,0.807173
-162.4239,15.2834,253.3045,0.807289
-162.3566,15.2613,253.0294,0.807419
-162.2819,15.2365,252.7197,0.807572
-162.2071,15.2114,252.4053,0.807731
-162.1471,15.1910,252.1507,0.807852
-162.0870,15.1703,251.8932,0.807984
-162.0192,15.1468,251.6000,0.808130
-161.9512,15.1230,251.3034,0.808278
-161.8756,15.0961,250.9691,0.808443
-161.7999,15.0688,250.6304,0.808613
-161.7392,15.0468,250.3563,0.808755
-161.6626,15.0189,250.0096,0.808932
-161.5859,14.9906,249.6584,0.809105
-161.5087,14.9620,249.3029,0.809297
-161.4316,14.9330,248.9429,0.809477
-161.3547,14.9037,248.5789,0.809664
-161.2780,14.8740,248.2113,0.809859
-161.2166,14.8501,247.9149,0.810011
-161.1553,14.8260,247.6163,0.810170
-161.0863,14.7987,247.2780,0.810340
-161.0253,14.7742,246.9750,0.810507
-160.9494,14.7433,246.5932,0.810704
-160.8735,14.7122,246.2083,0.810904
-160.7974,14.6807,245.8203,0.811113
-160.7285,14.6524,245.4683,0.811300
-160.6595,14.6237,245.1137,0.811493
-160.5904,14.5948,244.7565,0.811682
-160.5288,14.5689,244.4369,0.811859
-160.4513,14.5363,244.0346,0.812070
-160.3812,14.5068,243.6698,0.812272
-160.3184,14.4806,243.3435,0.812449
-160.2399,14.4474,242.9328,0.812682
-160.1690,14.4173,242.5605,0.812885
-160.1056,14.3904,242.2275,0.813067
-160.0257,14.3566,241.8087,0.813302
-159.9450,14.3228,241.3873,0.813539
-159.8640,14.2887,240.9636,0.813773
-159.7826,14.2544,240.5377,0.814019
-159.7089,14.2233,240.1526,0.814243
-159.6265,14.1890,239.7227,0.814487
-159.5522,14.1577,239.3341,0.814705
-159.4694,14.1229,238.9002,0.814950
-159.3863,14.0878,238.4643,0.815192
-159.3027,14.0526,238.0258,0.815449
-159.2355,14.0247,237.6746,0.815648
-159.1514,13.9893,237.2329,0.815901
-159.0672,13.9538,236.7893,0.816162
-158.9826,13.9181,236.3436,0.816408
-158.9061,13.8862,235.9407,0.816647
-158.8209,13.8504,235.4912,0.816901
-158.7442,13.8180,235.0849,0.817142
-158.6586,13.7818,234.6315,0.817396
-158.5812,13.7494,234.2217,0.817623
-158.4951,13.7131,233.7645,0.817886
-158.4088,13.6766,233.3053,0.818150
-158.3222,13.6400,232.8441,0.818418
-158.2352,13.6035,232.3807,0.818671
-158.1481,13.5667,231.9156,0.818947
-158.0695,13.5335,231.4951,0.819184
-157.9819,13.4964,231.0262,0.819452
-157.9028,13.4630,230.6020,0.819693
-157.8147,13.4260,230.1297,0.819970
-157.7264,13.3887,229.6552,0.820233
-157.6469,13.3550,229.2266,0.820484
-157.5582,13.3175,228.7483,0.820751
-157.4693,13.2802,228.2690,0.821021
-157.3804,13.2425,227.7876,0.821290
-157.3003,13.2085,227.3530,0.821527
-157.2200,13.1743,226.9165,0.821771
-157.1485,13.1443,226.5281,0.821973
-157.0591,13.1064,226.0410,0.822244
-156.9697,13.0684,225.5525,0.822506
-156.8891,13.0341,225.1119,0.822743
-156.7995,12.9963,224.6213,0.823012
-156.7100,12.9583,224.1301,0.823275
-156.6294,12.9241,223.6873,0.823511
-156.5398,12.8860,223.1946,0.823769
-156.4501,12.8482,222.7010,0.824030
-156.3604,12.8102,222.2068,0.824291
-156.2707,12.7722,221.7119,0.824542
-156.1990,12.7417,221.3154,0.824747
-156.1092,12.7039,220.8190,0.825011
-156.0195,12.6660,220.3219,0.825264
-155.9297,12.6281,219.8242,0.825520
-155.8399,12.5900,219.3256,0.825776
-155.7590,12.5560,218.8764,0.825993
-155.6690,12.5181,218.3765,0.826247
-155.5880,12.4840,217.9260,0.826470
-155.4980,12.4460,217.4248,0.826707
-155.4077,12.4082,216.9227,0.826960
-155.3174,12.3704,216.4201,0.827201
-155.2450,12.3402,216.0174,0.827392
-155.1544,12.3023,215.5135,0.827638
-155.0819,12.2720,215.1098,0.827833
-154.9910,12.2342,214.6047,0.828071
-154.9091,12.2001,214.1495,0.828285
-154.8179,12.1623,213.6431,0.828524
-154.7357,12.1282,213.1867,0.828737
-154.6443,12.0903,212.6790,0.828976
-154.5526,12.0524,212.1707,0.829211
-154.4700,12.0183,211.7126,0.829424
-154.3781,11.9803,211.2030,0.829661
-154.2860,11.9425,210.6929,0.829895
-154.2123,11.9122,210.2844,0.830080
-154.1200,11.8743,209.7734,0.830314
-154.0368,11.8402,209.3132,0.830524
-153.9442,11.8023,208.8014,0.830760
-153.8607,11.7683,208.3405,0.830971
-153.7677,11.7304,207.8282,0.831208
-153.6838,11.6964,207.3670,0.831417
-153.5903,11.6586,206.8543,0.831650
-153.4965,11.6209,206.3416,0.831881
-153.4211,11.5908,205.9314,0.832069
-153.3263,11.5531,205.4186,0.832299
-153.2308,11.5155,204.9056,0.832530
-153.1346,11.4780,204.3926,0.832760
-153.0474,11.4444,203.9312,0.832974
-152.9497,11.4070,203.4189,0.833200
-152.8710,11.3772,203.0096,0.833388
-152.7719,11.3401,202.4988,0.833617
-152.6820,11.3069,202.0402,0.833829
-152.5814,11.2702,201.5318,0.834057
-152.4799,11.2335,201.0247,0.834289
-152.3879,11.2007,200.5693,0.834498
-152.2847,11.1645,200.0646,0.834726
-152.1806,11.1284,199.5612,0.834954
-152.0862,11.0960,199.1093,0.835155
-151.9803,11.0602,198.6085,0.835386
-151.8735,11.0247,198.1089,0.835617
-151.7658,10.9893,197.6107,0.835836
-151.6680,10.9576,197.1635,0.836037
-151.5584,10.9225,196.6679,0.836267
-151.4480,10.8876,196.1736,0.836493
-151.3478,10.8563,195.7300,0.836693
-151.2356,10.8217,195.2383,0.836919
-151.1225,10.7873,194.7480,0.837149
-151.0199,10.7564,194.3078,0.837341
-150.9157,10.7255,193.8725,0.837547
-150.7998,10.6848,193.3868,0.837761
-150.6841,10.6443,192.9025,0.837985
-150.5909,10.6120,192.5118,0.838160
-150.4736,10.5789,192.0333,0.838380
-150.3671,10.5440,191.6014,0.838581
-150.2603,10.5092,191.1705,0.838771
-150.1419,10.4722,190.6882,0.838983
-150.0226,10.4417,190.2156,0.839203
-149.9267,10.4124,189.8366,0.839368
-149.8063,10.3758,189.3640,0.839587
-149.6863,10.3420,188.8876,0.839807
-149.5905,10.3198,188.5106,0.839975
-149.4798,10.2918,188.0923,0.840174
-149.3576,10.2578,187.6248,0.840380
-149.2363,10.2254,187.1532,0.840599
-149.1395,10.2051,186.7797,0.840771
-149.0158,10.1807,186.3184,0.840984
-148.9043,10.1525,185.9018,0.841178
-148.7927,10.1244,185.4859,0.841371
-148.6707,10.0999,185.0189,0.841580
-148.5478,10.0772,184.5582,0.841796
-148.4360,10.0569,184.1452,0.841986
-148.3086,10.0299,183.6916,0.842194
-148.1972,10.0076,183.2755,0.842379
-148.0731,9.9875,182.8191,0.842596
-147.9482,9.9677,182.3647,0.842798
-147.8222,9.9479,181.9119,0.843012
-147.7061,9.9290,181.5090,0.843197
-147.5685,9.9081,181.0082,0.843425
-147.4549,9.8928,180.6035,0.843611
-147.3269,9.8765,180.1550,0.843817
-147.1995,9.8608,179.7084,0.844022
-147.0846,9.8468,179.3075,0.844211
-146.9584,9.8354,178.8594,0.844410
-146.8410,9.8249,178.4627,0.844597
-146.7117,9.8122,178.0209,0.844799
-146.5819,9.7997,177.5803,0.845006
-146.4651,9.7884,177.1850,0.845188
-146.3367,9.7764,176.7438,0.845388
-146.2201,9.7699,176.3511,0.845573
-146.1027,9.7636,175.9595,0.845757
-145.9711,9.7567,175.5255,0.845955
-145.8370,9.7501,175.0947,0.846156
-145.7178,9.7417,174.7062,0.846340
-145.5853,9.7325,174.2759,0.846542
-145.4544,9.7263,173.8442,0.846741
-145.3345,9.7225,173.4600,0.846922
-145.2136,9.7188,173.0771,0.847104
-145.0787,9.7148,172.6528,0.847300
-144.9706,9.7116,172.3143,0.847465
-144.8346,9.7088,171.8914,0.847666
-144.7131,9.7068,171.5129,0.847843
-144.5783,9.7049,171.0925,0.848046
-144.4692,9.7051,170.7585,0.848204
-144.3320,9.7055,170.3423,0.848400
-144.1941,9.7060,169.9274,0.848601
-144.0691,9.7065,169.5550,0.848771
-143.9286,9.7072,169.1424,0.848971
-143.8043,9.6882,168.7687,0.849147
-143.6627,9.6878,168.3639,0.849349
-143.5482,9.6841,168.0367,0.849504
-143.4039,9.6796,167.6302,0.849707
-143.2730,9.6756,167.2667,0.849879
-143.1289,9.6726,166.8642,0.850071
-142.9835,9.6699,166.4631,0.850269
-142.8680,9.6676,166.1434,0.850424
-142.7240,9.6649,165.7446,0.850612
-142.5796,9.6622,165.3471,0.850806
-142.4488,9.6598,164.9907,0.850978
-142.3027,9.6572,164.5960,0.851168
-142.1706,9.6550,164.2419,0.851340
-142.0235,9.6525,163.8497,0.851533
-141.8909,9.6507,163.4975,0.851698
-141.7436,9.6489,163.1080,0.851886
-141.5961,9.6471,162.7199,0.852072
-141.4779,9.6457,162.4106,0.852228
-141.3448,9.6442,162.0637,0.852395
-141.2134,9.6440,161.7158,0.852567
-141.0651,9.6442,161.3326,0.852745
-140.9162,9.6444,160.9508,0.852935
-140.7819,9.6447,160.6084,0.853100
-140.6322,9.6450,160.2290,0.853287
-140.4819,9.6453,159.8506,0.853467
-140.3459,9.6456,159.5108,0.853630
-140.1938,9.6464,159.1335,0.853818
-140.0563,9.6477,158.7947,0.853977
-139.9181,9.6489,158.4564,0.854143
-139.7641,9.6504,158.0809,0.854328
-139.6096,9.6518,157.7059,0.854515
-139.4700,9.6532,157.3687,0.854680
-139.3162,9.6564,156.9923,0.854863
-139.1755,9.6596,156.6556,0.855024
-139.0185,9.6631,156.2818,0.855204
-138.8608,9.6666,155.9082,0.855384
-138.7024,9.6702,155.5347,0.855573
-138.5591,9.6736,155.1989,0.855736
-138.3991,9.6773,154.8262,0.855918
-138.2542,9.6807,154.4913,0.856081
-138.0926,9.6845,154.1196,0.856265
-137.9466,9.6880,153.7854,0.856424
-137.7841,9.6918,153.4145,0.856610
-137.6373,9.6952,153.0810,0.856771
-137.4919,9.6987,152.7460,0.856936
-137.3445,9.7036,152.4131,0.857096
-137.1965,9.7086,152.0804,0.857260
-137.0481,9.7136,151.7480,0.857423
-136.8999,9.7171,151.4177,0.857587
-136.7505,9.7191,151.0857,0.857747
-136.6174,9.7209,150.7907,0.857895
-136.4503,9.7232,150.4220,0.858078
-136.2825,9.7254,150.0538,0.858263
-136.1308,9.7275,149.7229,0.858425
-135.9786,9.7295,149.3924,0.858591
-135.8261,9.7316,149.0620,0.858753
-135.6735,9.7337,148.7320,0.858918
-135.5207,9.7358,148.4023,0.859082
-135.3504,9.7381,148.0363,0.859266
-135.1797,9.7404,147.6706,0.859450
-135.0274,9.7436,147.3398,0.859615
-134.8571,9.7466,146.9771,0.859794
-134.7022,9.7457,146.6486,0.859959
-134.5298,9.7448,146.2834,0.860143
-134.3568,9.7439,145.9182,0.860331
-134.2005,9.7430,145.5898,0.860493
-134.0261,9.7421,145.2253,0.860679
-133.8510,9.7412,144.8613,0.860859
-133.6752,9.7403,144.4976,0.861042
-133.5164,9.7395,144.1704,0.861206
-133.3395,9.7386,143.8072,0.861396
-133.1621,9.7377,143.4444,0.861575
-132.9840,9.7368,143.0820,0.861753
-132.8230,9.7360,142.7562,0.861923
-132.6435,9.7351,142.3946,0.862102
-132.4842,9.7326,142.0710,0.862266
-132.3034,9.7270,141.7097,0.862450
-132.1220,9.7214,141.3484,0.862634
-131.9581,9.7163,141.0232,0.862798
-131.7751,9.7107,140.6623,0.862977
-131.5912,9.7051,140.3020,0.863164
-131.4065,9.6995,139.9420,0.863348
-131.2204,9.6939,139.5826,0.863526
-131.0527,9.6889,139.2592,0.863685
-130.8843,9.6839,138.9361,0.863854
-130.7153,9.6789,138.6134,0.864016
-130.5268,9.6733,138.2552,0.864202
-130.3374,9.6677,137.8974,0.864383
-130.1664,9.6627,137.5757,0.864548
-129.9774,9.6567,137.2220,0.864728
-129.7860,9.6449,136.8650,0.864913
-129.6131,9.6343,136.5438,0.865082
-129.4395,9.6238,136.2227,0.865244
-129.2650,9.6132,135.9018,0.865412
-129.0701,9.6015,135.5459,0.865591
-128.8741,9.5898,135.1906,0.865776
-128.6969,9.5792,134.8710,0.865941
-128.4991,9.5675,134.5163,0.866125
-128.3002,9.5558,134.1620,0.866309
-128.1200,9.5452,133.8436,0.866470
-127.9186,9.5335,133.4903,0.866657
-127.7159,9.5218,133.1376,0.866839
-127.5119,9.5101,132.7857,0.867025
-127.3273,9.4996,132.4696,0.867190
-127.1233,9.4861,132.1231,0.867371
-126.9157,9.4673,131.7745,0.867553
-126.7080,9.4482,131.4257,0.867743
-126.5202,9.4310,131.1122,0.867902
-126.3315,9.4138,130.7997,0.868073
-126.1417,9.3967,130.4882,0.868233
-125.9299,9.3777,130.1431,0.868417
-125.7385,9.3606,129.8332,0.868588
-125.5251,9.3416,129.4896,0.868766
-125.3107,9.3226,129.1470,0.868949
-125.1169,9.3056,128.8394,0.869114
-124.9006,9.2867,128.4985,0.869295
-124.6831,9.2678,128.1585,0.869477
-124.4647,9.2489,127.8194,0.869669
-124.2672,9.2320,127.5149,0.869833
-124.0490,9.2119,127.1807,0.870008
-123.8495,9.1891,126.8789,0.870176
-123.6499,9.1659,126.5767,0.870342
-123.4272,9.1401,126.2413,0.870526
-123.2258,9.1169,125.9404,0.870690
-123.0009,9.0912,125.6071,0.870872
-122.7977,9.0680,125.3080,0.871037
-122.5710,9.0424,124.9764,0.871222
-122.3434,9.0167,124.6455,0.871400
-122.1150,8.9911,124.3154,0.871586
-121.8854,8.9655,123.9862,0.871772
-121.6778,8.9425,123.6906,0.871937
-121.4469,8.9152,123.3641,0.872121
-121.2371,8.8898,123.0708,0.872285
-121.0037,8.8616,122.7446,0.872468
-120.7692,8.8333,122.4192,0.872656
-120.5573,8.8080,122.1272,0.872819
-120.3209,8.7798,121.8036,0.873000
-120.0836,8.7517,121.4809,0.873184
-119.8695,8.7264,121.1909,0.873347
-119.6307,8.6983,120.8694,0.873531
-119.4392,8.6758,120.6127,0.873671
-119.1989,8.6478,120.2925,0.873850
-118.9577,8.6198,119.9731,0.874032
-118.7398,8.5946,119.6863,0.874192
-118.5211,8.5695,119.4000,0.874358
-118.2773,8.5415,119.0826,0.874535
-118.0318,8.5154,118.7647,0.874712
-117.8109,8.4925,118.4804,0.874875
-117.5648,8.4670,118.1653,0.875051
-117.3180,8.4416,117.8510,0.875230
-117.0707,8.4162,117.5372,0.875406
-116.8230,8.3909,117.2240,0.875587
-116.5747,8.3655,116.9113,0.875766
-116.3515,8.3427,116.6299,0.875921
-116.1023,8.3175,116.3183,0.876099
-115.8525,8.2922,116.0072,0.876278
-115.6273,8.2695,115.7278,0.876439
-115.4016,8.2469,115.4488,0.876598
-115.1503,8.2217,115.1393,0.876773
-114.9236,8.1990,114.8613,0.876937
-114.6708,8.1743,114.5526,0.877113
-114.4432,8.1524,114.2755,0.877273
-114.1898,8.1282,113.9683,0.877453
-113.9360,8.1040,113.6616,0.877630
-113.6816,8.0798,113.3554,0.877805
-113.4522,8.0580,113.0803,0.877966
-113.1969,8.0338,112.7751,0.878146
-112.9666,8.0121,112.5010,0.878303
-112.7102,7.9880,112.1968,0.878481
-112.4790,7.9663,111.9236,0.878639
-112.2215,7.9422,111.6206,0.878821
-111.9893,7.9205,111.3483,0.878982
-111.7308,7.8965,111.0464,0.879157
-111.4972,7.8745,110.7761,0.879314
-111.2376,7.8498,110.4754,0.879494
-111.0035,7.8276,110.2053,0.879655
-110.7430,7.8029,109.9058,0.879833
-110.4821,7.7783,109.6068,0.880006
-110.2470,7.7561,109.3382,0.880165
-109.9853,7.7315,109.0403,0.880346
-109.7495,7.7094,108.7726,0.880506
-109.4868,7.6849,108.4756,0.880686
-109.2499,7.6628,108.2087,0.880842
-108.9859,7.6383,107.9126,0.881019
-108.7477,7.6162,107.6467,0.881179
-108.4812,7.5917,107.3553,0.881356
-108.2152,7.5644,107.0614,0.881536
-107.9489,7.5373,106.7682,0.881712
-107.7354,7.5155,106.5341,0.881854
-107.4681,7.4884,106.2420,0.882033
-107.2251,7.4663,105.9777,0.882189
-106.9569,7.4438,105.6866,0.882362
-106.7150,7.4236,105.4255,0.882522
-106.4459,7.4011,105.1358,0.882702
-106.2033,7.3809,104.8754,0.882863
-105.9329,7.3585,104.5865,0.883040
-105.6888,7.3384,104.3269,0.883199
-105.4156,7.3166,104.0431,0.883378
-105.1428,7.2912,103.7567,0.883557
-104.8968,7.2685,103.4996,0.883716
-104.6231,7.2432,103.2144,0.883889
-104.3765,7.2206,102.9584,0.884050
-104.1019,7.1955,102.6747,0.884223
-103.8544,7.1729,102.4199,0.884384
-103.5755,7.1478,102.1344,0.884561
-103.3276,7.1319,101.8800,0.884719
-103.0516,7.1144,101.5982,0.884897
-102.7748,7.0969,101.3175,0.885072
-102.5251,7.0812,101.0655,0.885236
-102.2468,7.0640,100.7875,0.885414
-102.0238,7.0491,100.5644,0.885551
-101.7446,7.0306,100.2865,0.885729
-101.4928,7.0140,100.0375,0.885890
-101.2405,6.9976,99.7894,0.886048
-100.9596,6.9793,99.5147,0.886221
-100.7064,6.9630,99.2683,0.886380
-100.4248,6.9449,98.9953,0.886554
-100.1427,6.9269,98.7233,0.886732
-99.8884,6.9108,98.4794,0.886885
-99.6033,6.8941,98.2077,0.887064
-99.3197,6.8802,97.9384,0.887236
-99.0643,6.8799,97.6844,0.887393
-98.7793,6.8792,97.4172,0.887568
-98.4927,6.8787,97.1524,0.887743
-98.2334,6.8784,96.9154,0.887899
-97.9444,6.8783,96.6532,0.888070
-97.6846,6.8781,96.4184,0.888228
-97.3966,6.8780,96.1593,0.888398
-97.1371,6.8780,95.9281,0.888551
-96.8482,6.8782,95.6732,0.888722
-96.5881,6.8784,95.4451,0.888877
-96.2994,6.8786,95.1924,0.889048
-96.0403,6.8788,94.9653,0.889202
-95.7532,6.8792,94.7136,0.889372
-95.4668,6.8796,94.4631,0.889538
-95.1804,6.8800,94.2142,0.889708
-94.8939,6.8804,93.9671,0.889877
-94.6360,6.8808,93.7459,0.890024
-94.3494,6.8816,93.5013,0.890191
-94.0918,6.8824,93.2824,0.890342
-93.8061,6.8833,93.0403,0.890512
-93.5489,6.8840,92.8238,0.890658
-93.2634,6.8848,92.5846,0.890823
-92.9778,6.8858,92.3468,0.890989
-92.7210,6.8870,92.1340,0.891136
-92.4360,6.8882,91.8991,0.891300
-92.1796,6.8894,91.6889,0.891446
-91.8951,6.8906,91.4567,0.891608
-91.6388,6.8918,91.2487,0.891752
-91.3831,6.8932,91.0419,0.891896
-91.0992,6.8948,90.8135,0.892060
-90.8158,6.8964,90.5865,0.892219
-90.5327,6.8980,90.3608,0.892381
-90.2782,6.8996,90.1585,0.892522
-89.9964,6.9013,89.9349,0.892681
-89.7712,6.9027,89.7567,0.892812
-89.4903,6.9045,89.5349,0.892962
-89.2099,6.9063,89.3142,0.893125
-88.9579,6.9079,89.1166,0.893266
-88.6781,6.9102,88.8978,0.893424
-88.3992,6.9123,88.6803,0.893581
-88.1484,6.9141,88.4855,0.893717
-87.8702,6.9162,88.2700,0.893881
-87.6202,6.9180,88.0770,0.894014
-87.3426,6.9205,87.8633,0.894171
-87.0657,6.9230,87.6509,0.894327
-86.8172,6.9253,87.4607,0.894470
-86.5412,6.9276,87.2503,0.894623
-86.2932,6.9296,87.0618,0.894766
-86.0179,6.9323,86.8530,0.894922
-85.7708,6.9348,86.6662,0.895062
-85.5242,6.9373,86.4802,0.895202
-85.2781,6.9399,86.2950,0.895347
-85.0600,6.9419,86.1310,0.895467
-84.8148,6.9442,85.9472,0.895603
-84.5700,6.9470,85.7636,0.895740
-84.3532,6.9494,85.6012,0.895870
-84.0828,6.9524,85.3988,0.896022
-83.8132,6.9555,85.1973,0.896177
-83.5712,6.9581,85.0166,0.896314
-83.3024,6.9612,84.8163,0.896465
-83.0613,6.9641,84.6368,0.896606
-82.7940,6.9674,84.4382,0.896761
-82.5275,6.9707,84.2403,0.896914
-82.3147,6.9733,84.0827,0.897031
-82.0757,6.9763,83.9055,0.897166
-81.8377,6.9794,83.7291,0.897304
-81.5741,6.9829,83.5336,0.897453
-81.3114,6.9863,83.3385,0.897605
-81.0759,6.9894,83.1633,0.897741
-80.8149,6.9930,82.9686,0.897889
-80.5548,6.9968,82.7747,0.898041
-80.2957,7.0005,82.5815,0.898190
-80.0631,7.0039,82.4079,0.898326
-79.8054,7.0075,82.2156,0.898471
-79.5482,7.0114,82.0233,0.898623
-79.3176,7.0151,81.8510,0.898755
-79.0621,7.0193,81.6601,0.898905
-78.8076,7.0233,81.4699,0.899050
-78.5791,7.0268,81.2991,0.899185
-78.3256,7.0309,81.1092,0.899332
-78.0985,7.0349,80.9390,0.899465
-77.8469,7.0394,80.7504,0.899612
-77.6211,7.0434,80.5811,0.899746
-77.3962,7.0472,80.4123,0.899877
-77.1465,7.0514,80.2246,0.900021
-76.8979,7.0561,80.0377,0.900172
-76.6749,7.0604,79.8699,0.900300
-76.4279,7.0651,79.6839,0.900446
-76.2063,7.0694,79.5169,0.900581
-75.9857,7.0735,79.3504,0.900704
-75.7406,7.0783,79.1651,0.900852
-75.5210,7.0828,78.9991,0.900985
-75.2777,7.0877,78.8151,0.901127
-75.0595,7.0922,78.6499,0.901260
-74.8242,7.1034,78.4552,0.901403
-74.6078,7.1101,78.2907,0.901528
-74.3677,7.1175,78.1084,0.901673
-74.1522,7.1242,77.9446,0.901804
-73.9133,7.1317,77.7629,0.901948
-73.6753,7.1391,77.5817,0.902087
-73.4380,7.1465,77.4011,0.902229
-73.2011,7.1538,77.2209,0.902372
-72.9880,7.1604,77.0590,0.902494
-72.7513,7.1681,76.8788,0.902636
-72.5384,7.1750,76.7175,0.902767
-72.3256,7.1819,76.5564,0.902896
-72.1129,7.1888,76.3952,0.903021
-71.8774,7.1956,76.2165,0.903162
-71.6410,7.2022,76.0373,0.903302
-71.4280,7.2082,75.8759,0.903432
-71.1913,7.2149,75.6966,0.903573
-70.9781,7.2209,75.5352,0.903700
-70.7412,7.2276,75.3558,0.903845
-70.5043,7.2343,75.1758,0.903986
-70.2909,7.2405,75.0139,0.904113
-70.0538,7.2473,74.8340,0.904258
-69.8403,7.2535,74.6718,0.904383
-69.6031,7.2603,74.4915,0.904522
-69.3659,7.2671,74.3109,0.904668
-69.1530,7.2727,74.1486,0.904796
-68.9394,7.2781,73.9857,0.904921
-68.7021,7.2841,73.8045,0.905067
-68.4648,7.2902,73.6230,0.905208
-68.2514,7.2957,73.4594,0.905335
-68.0379,7.3012,73.2956,0.905466
-67.8009,7.3074,73.1134,0.905612
-67.5877,7.3130,72.9491,0.905740
-67.3510,7.3191,72.7661,0.905885
-67.1149,7.3252,72.5832,0.906027
-66.9021,7.3301,72.4178,0.906157
-66.6659,7.3355,72.2335,0.906301
-66.4536,7.3404,72.0671,0.906433
-66.2179,7.3458,71.8817,0.906579
-66.0060,7.3509,71.7137,0.906708
-65.7705,7.3568,71.5276,0.906851
-65.5351,7.3627,71.3411,0.906996
-65.3234,7.3680,71.1729,0.907129
-65.0884,7.3739,70.9854,0.907272
-64.8780,7.3785,70.8171,0.907407
-64.6433,7.3828,70.6286,0.907551
-64.4322,7.3867,70.4585,0.907683
-64.1978,7.3910,70.2692,0.907829
-63.9871,7.3949,70.0983,0.907960
-63.7531,7.3993,69.9080,0.908110
-63.5194,7.4037,69.7171,0.908255
-63.3091,7.4077,69.5449,0.908389
-63.0758,7.4121,69.3528,0.908518
-62.8657,7.4163,69.1798,0.908668
-62.6558,7.4204,69.0065,0.908798
-62.4227,7.4251,68.8134,0.908941
-62.2140,7.4288,68.6401,0.909074
-62.0045,7.4315,68.4656,0.909206
-61.7719,7.4346,68.2712,0.909353
-61.5627,7.4374,68.0958,0.909484
-61.3305,7.4405,67.9007,0.909634
-61.1217,7.4433,67.7246,0.909764
-60.8898,7.4464,67.5286,0.909916
-60.6580,7.4495,67.3320,0.910061
-60.4497,7.4524,67.1547,0.910192
-60.2118,7.4519,66.9639,0.910339
-60.0273,7.4553,66.8058,0.910458
-59.7966,7.4596,66.6081,0.910604
-59.5890,7.4634,66.4303,0.910739
-59.3583,7.4677,66.2327,0.910886
-59.1512,7.4711,66.0547,0.911018
-58.9209,7.4751,65.8567,0.911167
-58.7141,7.4787,65.6782,0.911299
-58.4846,7.4826,65.4802,0.911449
-58.2781,7.4862,65.3022,0.911579
-58.0493,7.4900,65.1049,0.911726
-57.8203,7.4934,64.9065,0.911875
-57.5914,7.4971,64.7081,0.912024
-57.4084,7.5001,64.5490,0.912137
-57.1797,7.5038,64.3498,0.912289
-56.9738,7.5072,64.1704,0.912420
-56.7454,7.5106,63.9713,0.912567
-56.5165,7.5136,63.7715,0.912710
-56.2876,7.5170,63.5709,0.912861
-56.0815,7.5202,63.3905,0.912992
-55.8524,7.5237,63.1901,0.913140
-55.6230,7.5272,62.9896,0.913287
-55.4168,7.5300,62.8095,0.913423
-55.1873,7.5328,62.6088,0.913572
-54.9807,7.5354,62.4279,0.913704
-54.7512,7.5386,62.2261,0.913851
-54.5218,7.5418,62.0246,0.913998
-54.2923,7.5450,61.8230,0.914148
-54.0862,7.5478,61.6418,0.914284
-53.8568,7.5504,61.4398,0.914429
-53.6503,7.5528,61.2576,0.914566
-53.4212,7.5554,61.0549,0.914714
-53.2151,7.5579,60.8720,0.914851
-52.9862,7.5609,60.6690,0.915000
-52.7572,7.5639,60.4660,0.915148
-52.5514,7.5662,60.2833,0.915279
-52.3222,7.5686,60.0796,0.915432
-52.0931,7.5709,59.8756,0.915579
-51.8640,7.5732,59.6712,0.915730
-51.6578,7.5754,59.4865,0.915864
-51.4285,7.5781,59.2816,0.916011
-51.2221,7.5805,59.0968,0.916145
-50.9929,7.5828,58.8915,0.916296
-50.7863,7.5847,58.7060,0.916431
-50.5566,7.5867,58.4995,0.916585
-50.3500,7.5886,58.3132,0.916716
-50.1205,7.5907,58.1057,0.916869
-49.8910,7.5929,57.8974,0.917019
-49.6846,7.5951,57.7099,0.917155
-49.4554,7.5971,57.5013,0.917308
-49.2261,7.5989,57.2919,0.917461
-48.9967,7.6008,57.0819,0.917614
-48.7902,7.6024,56.8925,0.917757
-48.5609,7.6042,56.6815,0.917907
-48.3545,7.6059,56.4912,0.918045
-48.1480,7.6076,56.3002,0.918187
-47.9190,7.6095,56.0882,0.918334
-47.6896,7.6110,55.8753,0.918489
-47.4832,7.6124,55.6833,0.918628
-47.2539,7.6140,55.4694,0.918785
-47.0246,7.6155,55.2550,0.918938
-46.7954,7.6171,55.0400,0.919094
-46.5892,7.6185,54.8462,0.919231
-46.3606,7.6200,54.6304,0.919389
-46.1546,7.6212,54.4358,0.919530
-45.9259,7.6224,54.2193,0.919686
-45.7203,7.6235,54.0239,0.919826
-45.4919,7.6248,53.8065,0.919982
-45.2638,7.6260,53.5887,0.920138
-45.0587,7.6271,53.3923,0.920281
-44.8308,7.6284,53.1737,0.920436
-44.6034,7.6294,52.9547,0.920590
-44.3985,7.6302,52.7571,0.920730
-44.1938,7.6311,52.5592,0.920872
-43.9892,7.6319,52.3609,0.921011
-43.7620,7.6329,52.1401,0.921167
-43.5576,7.6337,51.9410,0.921308
-43.3307,7.6347,51.7193,0.921465
-43.1266,7.6355,51.5194,0.921604
-42.9228,7.6361,51.3193,0.921749
-42.6962,7.6368,51.0963,0.921904
-42.4924,7.6374,50.8953,0.922043
-42.2888,7.6379,50.6939,0.922186
-42.0626,7.6386,50.4696,0.922346
-41.8591,7.6392,50.2673,0.922487
-41.6558,7.6397,50.0648,0.922626
-41.4299,7.6404,49.8393,0.922787
-41.2269,7.6407,49.6361,0.922927
-41.0238,7.6411,49.4325,0.923070
-40.7983,7.6414,49.2057,0.923227
-40.5728,7.6418,48.9786,0.923388
-40.3701,7.6421,48.7737,0.923532
-40.1449,7.6425,48.5457,0.923691
-39.9424,7.6428,48.3401,0.923830
-39.7176,7.6432,48.1114,0.923989
-39.4928,7.6433,47.8820,0.924150
-39.2682,7.6435,47.6523,0.924308
-39.0887,7.6436,47.4682,0.924435
-38.8868,7.6438,47.2607,0.924582
-38.6851,7.6439,47.0529,0.924724
-38.4612,7.6441,46.8216,0.924882
-38.2375,7.6443,46.5898,0.925041
-38.0364,7.6443,46.3810,0.925188
-37.8130,7.6443,46.1485,0.925348
-37.6122,7.6442,45.9388,0.925491
-37.3891,7.6442,45.7054,0.925651
-37.1886,7.6441,45.4950,0.925797
-36.9659,7.6441,45.2608,0.925960
-36.7435,7.6440,45.0261,0.926121
-36.5213,7.6440,44.7910,0.926282
-36.3216,7.6437,44.5792,0.926427
-36.1219,7.6435,44.3669,0.926574
-35.9003,7.6432,44.1305,0.926736
-35.7011,7.6429,43.9174,0.926882
-35.4799,7.6426,43.6802,0.927044
-35.2811,7.6424,43.4663,0.927189
-35.0824,7.6421,43.2521,0.927339
-34.8619,7.6418,43.0136,0.927500
-34.6418,7.6413,42.7749,0.927664
-34.4437,7.6408,42.5595,0.927808
-34.2238,7.6402,42.3198,0.927973
-34.0481,7.6398,42.1278,0.928103
-33.8286,7.6392,41.8873,0.928266
-33.6093,7.6387,41.6464,0.928427
-33.4122,7.6382,41.4292,0.928574
-33.2153,7.6376,41.2119,0.928722
-32.9967,7.6368,40.9698,0.928886
-32.7783,7.6360,40.7273,0.929051
-32.5819,7.6352,40.5086,0.929196
-32.3857,7.6345,40.2896,0.929343
-32.1679,7.6337,40.0459,0.929504
-31.9504,7.6328,39.8018,0.929666
-31.7332,7.6320,39.5573,0.929833
-31.5381,7.6310,39.3371,0.929982
-31.3216,7.6299,39.0919,0.930143
-31.1270,7.6289,38.8711,0.930288
-30.9113,7.6277,38.6255,0.930452
-30.6963,7.6266,38.3799,0.930611
-30.5032,7.6256,38.1588,0.930755
-30.2893,7.6244,37.9130,0.930916
-30.0762,7.6232,37.6674,0.931076
-29.8849,7.6219,37.4462,0.931222
-29.6730,7.6204,37.2005,0.931380
-29.4621,7.6190,36.9549,0.931539
-29.2521,7.6175,36.7094,0.931698
-29.0850,7.6164,36.5133,0.931824
-28.8771,7.6149,36.2683,0.931983
-28.7116,7.6138,36.0724,0.932108
-28.5060,7.6121,35.8279,0.932265
-28.3218,7.6105,35.6078,0.932406
-28.1182,7.6087,35.3633,0.932560
-27.9158,7.6069,35.1190,0.932713
-27.7147,7.6051,34.8748,0.932867
-27.5148,7.6034,34.6307,0.933020
-27.3360,7.6018,34.4112,0.933159
-27.1586,7.6001,34.1920,0.933294
-26.9625,7.5980,33.9483,0.933446
-26.8068,7.5962,33.7535,0.933566
-26.6329,7.5943,33.5344,0.933700
-26.4603,7.5924,33.3154,0.933834
-26.2703,7.5903,33.0722,0.933983
-26.1007,7.5884,32.8536,0.934117
-25.9140,7.5863,32.6111,0.934263
-25.7476,7.5843,32.3934,0.934395
-25.5642,7.5818,32.1517,0.934540
-25.3826,7.5793,31.9106,0.934685
-25.2029,7.5769,31.6700,0.934828
-25.0428,7.5747,31.4541,0.934956
-24.8841,7.5725,31.2387,0.935086
-24.7097,7.5700,31.0002,0.935226
-24.5374,7.5676,30.7627,0.935366
-24.3837,7.5651,30.5493,0.935491
-24.2147,7.5623,30.3130,0.935629
-24.0642,7.5597,30.1009,0.935754
-23.8987,7.5570,29.8659,0.935890
-23.7350,7.5542,29.6317,0.936025
-23.5892,7.5517,29.4216,0.936147
-23.4289,7.5490,29.1890,0.936280
-23.2863,7.5464,28.9806,0.936401
-23.1449,7.5435,28.7727,0.936520
-23.0050,7.5407,28.5655,0.936638
-22.8514,7.5376,28.3363,0.936766
-22.7148,7.5348,28.1309,0.936883
-22.5800,7.5320,27.9265,0.936999
-22.4321,7.5289,27.7004,0.937127
-22.3008,7.5262,27.4979,0.937240
-22.1575,7.5230,27.2743,0.937366
-22.0161,7.5195,27.0515,0.937488
-21.8772,7.5160,26.8298,0.937611
-21.7407,7.5126,26.6092,0.937732
-21.6201,7.5096,26.4118,0.937841
-21.4883,7.5062,26.1936,0.937961
-21.3589,7.5029,25.9766,0.938079
-21.2571,7.5002,25.8040,0.938173
-21.1323,7.4968,25.5898,0.938304
-21.0094,7.4930,25.3765,0.938405
-20.9007,7.4897,25.1856,0.938508
-20.7938,7.4863,24.9958,0.938610
-20.6772,7.4826,24.7860,0.938724
-20.5740,7.4794,24.5985,0.938826
-20.4613,7.4758,24.3913,0.938937
-20.3506,7.4722,24.1856,0.939046
-20.2526,7.4690,24.0016,0.939145
-20.1459,7.4651,23.7990,0.939253
-20.0511,7.4614,23.6175,0.939349
-19.9477,7.4574,23.4170,0.939455
-19.8462,7.4535,23.2179,0.939560
-19.7461,7.4495,23.0196,0.939664
-19.6473,7.4456,22.8219,0.939768
-19.5690,7.4425,22.6639,0.939851
-19.4718,7.4387,22.4668,0.939954
-19.3756,7.4347,22.2704,0.940058
-19.2986,7.4310,22.1130,0.940139
-19.2029,7.4266,21.9165,0.940242
-19.1172,7.4225,21.7398,0.940333
-19.0226,7.4181,21.5437,0.940435
-18.9288,7.4136,21.3479,0.940537
-18.8450,7.4096,21.1718,0.940628
-18.7619,7.4057,20.9959,0.940719
-18.6886,7.4021,20.8397,0.940801
-18.5983,7.3974,20.6454,0.940901
-18.5173,7.3928,20.4702,0.940991
-18.4284,7.3877,20.2761,0.941091
-18.3407,7.3826,20.0827,0.941190
-18.2627,7.3781,19.9094,0.941280
-18.1772,7.3732,19.7179,0.941377
-18.1012,7.3687,19.5465,0.941465
-18.0179,7.3638,19.3572,0.941562
-17.9446,7.3593,19.1887,0.941649
-17.8634,7.3536,19.0018,0.941744
-17.7915,7.3486,18.8347,0.941829
-17.7127,7.3430,18.6501,0.941923
-17.6429,7.3381,18.4851,0.942007
-17.5664,7.3326,18.3029,0.942099
-17.4983,7.3278,18.1396,0.942183
-17.4308,7.3229,17.9768,0.942265
-17.3573,7.3176,17.7976,0.942356
-17.2909,7.3119,17.6358,0.942438
-17.2252,7.3062,17.4747,0.942519
-17.1531,7.3000,17.2963,0.942609
-17.0817,7.2939,17.1188,0.942699
-17.0180,7.2883,16.9596,0.942779
-16.9480,7.2823,16.7834,0.942868
-16.8854,7.2768,16.6255,0.942948
-16.8273,7.2808,16.4679,0.943027
-16.7590,7.2737,16.2940,0.943114
-16.6972,7.2673,16.1386,0.943192
-16.6358,7.2609,15.9834,0.943269
-16.5688,7.2539,15.8115,0.943355
-16.5029,7.2469,15.6403,0.943441
-16.4368,7.2407,15.4693,0.943526
-16.3784,7.2352,15.3170,0.943601
-16.3140,7.2287,15.1499,0.943685
-16.2626,7.2231,15.0158,0.943751
-16.1988,7.2161,14.8487,0.943835
-16.1417,7.2102,14.6984,0.943909
-16.0856,7.2045,14.5496,0.943984
-16.0236,7.1981,14.3853,0.944087
-15.9621,7.1918,14.2216,0.944148
-15.9074,7.1861,14.0749,0.944220
-15.8470,7.1804,13.9118,0.944301
-15.7938,7.1753,13.7668,0.944373
-15.7351,7.1695,13.6060,0.944454
-15.6769,7.1638,13.4461,0.944534
-15.6256,7.1584,13.3037,0.944606
-15.5743,7.1522,13.1624,0.944678
-15.5183,7.1452,13.0048,0.944756
-15.4633,7.1384,12.8480,0.944833
-15.4144,7.1322,12.7075,0.944903
-15.3613,7.1255,12.5530,0.944981
-15.3084,7.1178,12.3993,0.945057
-15.2566,7.1100,12.2453,0.945134
-15.2108,7.1031,12.1073,0.945202
-15.1608,7.0954,11.9546,0.945277
-15.1117,7.0878,11.8028,0.945352
-15.0638,7.0785,11.6555,0.945427
-15.0216,7.0697,11.5201,0.945494
-14.9760,7.0600,11.3702,0.945568
-14.9317,7.0503,11.2208,0.945641
-14.8969,7.0427,11.1017,0.945701
-14.8540,7.0330,10.9538,0.945775
-14.8121,7.0233,10.8061,0.945847
-14.7750,7.0146,10.6736,0.945912
-14.7385,7.0060,10.5415,0.945977
-14.7028,6.9974,10.4099,0.946043
-14.6643,6.9869,10.2677,0.946114
-14.6288,6.9766,10.1383,0.946179
-14.5914,6.9647,9.9934,0.946250
-14.5547,6.9528,9.8487,0.946321
-14.5222,6.9421,9.7185,0.946386
-14.4866,6.9303,9.5739,0.946457
-14.4587,6.9208,9.4583,0.946513
-14.4278,6.9102,9.3282,0.946577
-14.3942,6.8985,9.1836,0.946648
-14.3646,6.8883,9.0514,0.946712
-14.3321,6.8778,8.9071,0.946783
-14.3031,6.8684,8.7769,0.946847
-14.2728,6.8588,8.6480,0.946912
-14.2445,6.8487,8.5170,0.946976
-14.2137,6.8373,8.3709,0.947047
-14.1833,6.8260,8.2241,0.947119
-14.1531,6.8145,8.0761,0.947192
-14.1266,6.8063,7.9365,0.947257
-14.0970,6.7978,7.7860,0.947330
-14.0678,6.7893,7.6344,0.947404
-14.0418,6.7815,7.4968,0.947471
-14.0132,6.7729,7.3424,0.947546
-13.9878,6.7651,7.2021,0.947613
-13.9598,6.7563,7.0450,0.947690
-13.9257,6.7318,6.9024,0.947760
-13.8987,6.7246,6.7428,0.947837
-13.8754,6.7179,6.5976,0.947908
-13.8499,6.7105,6.4348,0.947986
-13.8264,6.7038,6.2873,0.948057
-13.8002,6.6962,6.1223,0.948136
-13.7743,6.6886,5.9557,0.948215
-13.7492,6.6809,5.7871,0.948294
-13.7246,6.6731,5.6166,0.948374
-13.7028,6.6661,5.4620,0.948448
-13.6787,6.6582,5.2890,0.948531
-13.6547,6.6505,5.1137,0.948613
-13.6332,6.6436,4.9549,0.948688
-13.6096,6.6360,4.7765,0.948772
-13.5893,6.6289,4.6141,0.948848
-13.5667,6.6211,4.4316,0.948932
-13.5461,6.6139,4.2656,0.949009
-13.5273,6.6075,4.1164,0.949077
-13.5035,6.5994,3.9281,0.949165
-13.4822,6.5920,3.7569,0.949245
-13.4612,6.5845,3.5838,0.949325
-13.4382,6.5761,3.3893,0.949416
-13.4155,6.5676,3.1923,0.949508
-13.3952,6.5598,3.0131,0.949592
-13.3728,6.5511,2.8118,0.949686
-13.3528,6.5432,2.6287,0.949770
-13.3309,6.5343,2.4229,0.949867
-13.3094,6.5253,2.2147,0.949963
-13.2904,6.5172,2.0247,0.950051
-13.2694,6.5086,1.8121,0.950151
-13.2486,6.4998,1.5972,0.950251
-13.2322,6.4928,1.4235,0.950333
-13.2120,6.4838,1.2045,0.950436
-13.1942,6.4757,1.0052,0.950530
-13.1748,6.4666,0.7816,0.950633
-13.1577,6.4584,0.5783,0.950728
-13.1390,6.4491,0.3502,0.950835
-13.1225,6.4406,0.1428,0.950933
-13.1046,6.4311,-0.0898,0.951043
-13.0888,6.4225,-0.3013,0.951142
-13.0716,6.4128,-0.5386,0.951254
-13.0548,6.4031,-0.7783,0.951369
-13.0416,6.3951,-0.9724,0.951460
-13.0270,6.3868,-1.1919,0.951564
-13.0143,6.3792,-1.3886,0.951656
-13.0002,6.3707,-1.6117,0.951762
-12.9850,6.3612,-1.8618,0.951880
-12.9718,6.3525,-2.0888,0.951987
-12.9576,6.3428,-2.3434,0.952108
-12.9453,6.3340,-2.5745,0.952218
-12.9321,6.3241,-2.8334,0.952341
-12.9208,6.3151,-3.0684,0.952452
-12.9087,6.3050,-3.3317,0.952576
-12.8972,6.2949,-3.5973,0.952700
-12.8873,6.2856,-3.8383,0.952813
-12.8772,6.2759,-4.1089,0.952941
-12.8676,6.2662,-4.3809,0.953069
-12.8596,6.2574,-4.6274,0.953184
-12.8513,6.2476,-4.9032,0.953313
-12.8445,6.2387,-5.1532,0.953430
-12.8376,6.2287,-5.4330,0.953560
-12.8315,6.2187,-5.7149,0.953691
-12.8266,6.2096,-5.9702,0.953810
-12.8219,6.1994,-6.2559,0.953942
-12.8180,6.1891,-6.5437,0.954077
-12.8152,6.1802,-6.8051,0.954200
-12.8129,6.1705,-7.0967,0.954336
-12.8114,6.1608,-7.3903,0.954472
-12.8108,6.1530,-7.6266,0.954583
-12.8107,6.1432,-7.9238,0.954723
-12.8114,6.1333,-8.2230,0.954865
-12.8128,6.1244,-8.4940,0.954993
-12.8151,6.1144,-8.7970,0.955134
-12.8178,6.1053,-9.0715,0.955264
-12.8217,6.0952,-9.3790,0.955407
-12.8253,6.0878,-9.6260,0.955523
-12.8306,6.0783,-9.9364,0.955668
-12.8367,6.0688,-10.2487,0.955814
-12.8436,6.0593,-10.5629,0.955962
-12.8505,6.0507,-10.8474,0.956096
-12.8590,6.0410,-11.1654,0.956245
-12.8682,6.0313,-11.4854,0.956395
-12.8782,6.0215,-11.8072,0.956546
-12.8879,6.0132,-12.0994,0.956683
-12.8992,6.0041,-12.4251,0.956835
-12.9098,5.9960,-12.7200,0.956974
-12.9219,5.9868,-13.0495,0.957128
-12.9344,5.9777,-13.3810,0.957284
-12.9472,5.9684,-13.7144,0.957440
-12.9593,5.9601,-14.0161,0.957582
-12.9732,5.9507,-14.3538,0.957739
-12.9878,5.9423,-14.6926,0.957898
-13.0033,5.9338,-15.0332,0.958058
-13.0178,5.9260,-15.3412,0.958203
-13.0348,5.9174,-15.6850,0.958365
-13.0508,5.9097,-15.9960,0.958510
-13.0694,5.9010,-16.3432,0.958674
-13.0871,5.8931,-16.6572,0.958821
-13.1058,5.8860,-16.9731,0.958969
-13.1275,5.8781,-17.3250,0.959135
-13.1505,5.8702,-17.6785,0.959300
-13.1723,5.8630,-17.9980,0.959451
-13.1977,5.8550,-18.3545,0.959619
-13.2246,5.8470,-18.7127,0.959787
-13.2501,5.8400,-19.0371,0.959940
-13.2765,5.8336,-19.3622,0.960093
-13.3071,5.8264,-19.7249,0.960265
-13.3357,5.8199,-20.0527,0.960419
-13.3687,5.8127,-20.4184,0.960591
-13.3995,5.8061,-20.7489,0.960747
-13.4350,5.7989,-21.1184,0.960921
-13.4681,5.7932,-21.4517,0.961079
-13.5061,5.7868,-21.8235,0.961254
-13.5373,5.7816,-22.1221,0.961394
-13.5775,5.7751,-22.4968,0.961571
-13.6148,5.7693,-22.8353,0.961732
-13.6574,5.7630,-23.2135,0.961910
-13.6970,5.7579,-23.5547,0.962071
-13.7422,5.7523,-23.9353,0.962251
-13.7839,5.7472,-24.2790,0.962413
-13.8316,5.7415,-24.6622,0.962595
-13.8757,5.7364,-25.0084,0.962758
-13.9211,5.7319,-25.3563,0.962922
-13.9730,5.7271,-25.7436,0.963105
-14.0263,5.7222,-26.1322,0.963287
-14.0756,5.7179,-26.4832,0.963452
-14.1317,5.7130,-26.8744,0.963640
-14.1894,5.7088,-27.2673,0.963824
-14.2486,5.7047,-27.6610,0.964011
-14.3032,5.7011,-28.0163,0.964180
-14.3590,5.6974,-28.3727,0.964351
-14.4224,5.6934,-28.7702,0.964539
-14.4808,5.6904,-29.1286,0.964710
-14.5406,5.6875,-29.4879,0.964880
-14.6084,5.6842,-29.8882,0.965070
-14.6707,5.6812,-30.2495,0.965243
-14.7414,5.6782,-30.6525,0.965434
-14.8138,5.6756,-31.0561,0.965626
-14.8804,5.6733,-31.4203,0.965799
-14.9558,5.6707,-31.8261,0.965994
-15.0328,5.6683,-32.2335,0.966187
-15.1035,5.6665,-32.6007,0.966363
-15.1838,5.6645,-33.0097,0.966558
-15.2656,5.6625,-33.4199,0.966754
-15.3407,5.6608,-33.7903,0.966931
-15.4172,5.6595,-34.1611,0.967108
-15.5037,5.6580,-34.5737,0.967306
-15.5918,5.6565,-34.9868,0.967504
-15.6815,5.6552,-35.3999,0.967702
-15.7728,5.6541,-35.8125,0.967899
-15.8656,5.6530,-36.2246,0.968098
-15.9598,5.6519,-36.6363,0.968295
-16.0460,5.6511,-37.0067,0.968474
-16.1432,5.6502,-37.4177,0.968672
-16.2320,5.6494,-37.7872,0.968850
-16.3321,5.6485,-38.1974,0.969049
-16.4235,5.6477,-38.5662,0.969227
-16.5265,5.6468,-38.9755,0.969424
-16.6311,5.6460,-39.3845,0.969623
-16.7265,5.6450,-39.7520,0.969800
-16.8339,5.6439,-40.1602,0.969999
-16.9429,5.6428,-40.5678,0.970197
-17.0423,5.6416,-40.9341,0.970375
-17.1542,5.6401,-41.3409,0.970572
-17.2676,5.6385,-41.7473,0.970771
-17.3709,5.6368,-42.1123,0.970950
-17.4871,5.6346,-42.5178,0.971147
-17.5930,5.6326,-42.8824,0.971325
-17.7121,5.6300,-43.2865,0.971524
-17.8205,5.6271,-43.6504,0.971702
-17.9424,5.6239,-44.0543,0.971900
-18.0534,5.6208,-44.4170,0.972078
-18.1780,5.6169,-44.8200,0.972276
-18.2787,5.6138,-45.1420,0.972434
-18.3929,5.6101,-45.5037,0.972612
-18.4954,5.6069,-45.8249,0.972768
-18.6118,5.6032,-46.1861,0.972946
-18.7293,5.6000,-46.5463,0.973127
-18.8610,5.5964,-46.9458,0.973322
-18.9806,5.5931,-47.3046,0.973500
-19.1146,5.5894,-47.7026,0.973698
-19.2500,5.5858,-48.0999,0.973897
-19.3727,5.5829,-48.4564,0.974074
-19.5100,5.5795,-48.8515,0.974270
-19.6483,5.5762,-49.2457,0.974465
-19.7873,5.5728,-49.6389,0.974661
-19.9273,5.5697,-50.0313,0.974857
-20.0397,5.5673,-50.3442,0.975012
-20.1526,5.5649,-50.6564,0.975168
-20.2944,5.5619,-51.0456,0.975362
-20.4367,5.5589,-51.4337,0.975556
-20.5653,5.5564,-51.7822,0.975729
-20.7089,5.5537,-52.1679,0.975922
-20.8386,5.5513,-52.5140,0.976095
-20.9690,5.5490,-52.8590,0.976268
-21.1142,5.5464,-53.2412,0.976460
-21.2601,5.5439,-53.6224,0.976650
-21.3920,5.5418,-53.9642,0.976821
-21.5390,5.5395,-54.3427,0.977012
-21.6718,5.5374,-54.6824,0.977183
-21.8199,5.5351,-55.0586,0.977372
-21.9687,5.5331,-55.4337,0.977562
-22.1030,5.5313,-55.7700,0.977731
-22.2378,5.5295,-56.1054,0.977901
-22.3881,5.5275,-56.4768,0.978088
-22.5237,5.5257,-56.8100,0.978257
-22.6751,5.5239,-57.1792,0.978444
-22.8117,5.5224,-57.5103,0.978611
-22.9640,5.5207,-57.8768,0.978798
-23.1167,5.5189,-58.2422,0.978983
-23.2547,5.5174,-58.5700,0.979150
-23.4083,5.5160,-58.9329,0.979334
-23.5625,5.5146,-59.2945,0.979518
-23.7017,5.5133,-59.6188,0.979684
-23.8567,5.5118,-59.9779,0.979868
-23.9968,5.5106,-60.3002,0.980033
-24.1528,5.5094,-60.6568,0.980215
-24.2937,5.5083,-60.9767,0.980380
-24.4507,5.5072,-61.3307,0.980561
-24.6083,5.5060,-61.6835,0.980743
-24.7506,5.5050,-62.0000,0.980906
-24.9091,5.5041,-62.3502,0.981086
-25.0681,5.5031,-62.6990,0.981266
-25.2116,5.5022,-63.0118,0.981427
-25.3715,5.5013,-63.3581,0.981606
-25.5318,5.5005,-63.7031,0.981784
-25.6765,5.4998,-64.0123,0.981944
-25.8376,5.4991,-64.3547,0.982121
-25.9830,5.4984,-64.6616,0.982280
-26.1449,5.4977,-65.0014,0.982458
-26.2911,5.4971,-65.3061,0.982615
-26.4538,5.4965,-65.6433,0.982790
-26.6170,5.4960,-65.9790,0.982966
-26.7641,5.4955,-66.2801,0.983125
-26.9116,5.4950,-66.5799,0.983281
-27.0758,5.4945,-66.9118,0.983455
-27.2075,5.4942,-67.1762,0.983594
-27.3724,5.4939,-67.5052,0.983768
-27.5378,5.4935,-67.8325,0.983940
-27.7038,5.4931,-68.1580,0.984112
-27.8540,5.4928,-68.4494,0.984266
-28.0215,5.4926,-68.7711,0.984437
-28.1729,5.4923,-69.0589,0.984590
-28.3418,5.4921,-69.3767,0.984760
-28.4943,5.4919,-69.6610,0.984912
-28.6644,5.4917,-69.9751,0.985080
-28.8350,5.4916,-70.2871,0.985248
-29.0060,5.4915,-70.5973,0.985415
-29.1776,5.4914,-70.9056,0.985581
-29.3323,5.4913,-71.1814,0.985730
-29.5048,5.4912,-71.4861,0.985895
-29.6604,5.4911,-71.7587,0.986043
-29.8337,5.4911,-72.0598,0.986207
-29.9901,5.4911,-72.3292,0.986354
-30.1642,5.4911,-72.6267,0.986517
-30.3388,5.4911,-72.9224,0.986679
-30.4962,5.4911,-73.1869,0.986824
-30.6716,5.4912,-73.4790,0.986985
-30.8473,5.4913,-73.7691,0.987144
-31.0235,5.4914,-74.0575,0.987305
-31.1647,5.4914,-74.2868,0.987431
-31.3414,5.4915,-74.5718,0.987589
-31.5009,5.4916,-74.8268,0.987731
-31.6783,5.4918,-75.1083,0.987889
-31.8383,5.4919,-75.3601,0.988030
-32.0164,5.4921,-75.6381,0.988186
-32.1770,5.4922,-75.8867,0.988326
-32.3557,5.4923,-76.1612,0.988480
-32.5347,5.4925,-76.4339,0.988634
-32.6960,5.4927,-76.6777,0.988772
-32.8756,5.4929,-76.9470,0.988925
-33.0554,5.4931,-77.2144,0.989078
-33.1995,5.4932,-77.4270,0.989199
-33.3798,5.4934,-77.6912,0.989350
-33.5423,5.4936,-77.9274,0.989486
-33.7231,5.4938,-78.1882,0.989636
-33.9041,5.4941,-78.4472,0.989785
-34.0672,5.4943,-78.6788,0.989919
-34.2485,5.4945,-78.9345,0.990067
-34.4301,5.4947,-79.1884,0.990215
-34.5937,5.4949,-79.4155,0.990348
-34.7756,5.4951,-79.6661,0.990494
-34.9394,5.4953,-79.8902,0.990625
-35.1216,5.4956,-80.1376,0.990771
-35.2674,5.4958,-80.3343,0.990887
-35.4498,5.4960,-80.5786,0.991031
-35.6323,5.4962,-80.8213,0.991175
-35.8148,5.4964,-81.0622,0.991318
-35.9791,5.4966,-81.2775,0.991446
-36.1617,5.4969,-81.5151,0.991588
-36.3259,5.4971,-81.7273,0.991716
-36.5083,5.4973,-81.9614,0.991856
-36.6906,5.4975,-82.1935,0.991997
-36.8544,5.4977,-82.4008,0.992122
-37.0361,5.4979,-82.6291,0.992260
-37.1811,5.4981,-82.8103,0.992370
-37.3441,5.4983,-83.0125,0.992494
-37.5248,5.4985,-83.2352,0.992629
-37.6871,5.4986,-83.4339,0.992753
-37.8671,5.4988,-83.6527,0.992887
-38.0287,5.4990,-83.8480,0.993007
-38.1899,5.4991,-84.0416,0.993128
-38.3687,5.4993,-84.2549,0.993259
-38.5471,5.4995,-84.4661,0.993391
-38.7072,5.4996,-84.6545,0.993508
-38.8846,5.4998,-84.8620,0.993639
-39.0439,5.4999,-85.0471,0.993755
-39.2205,5.5000,-85.2510,0.993884
-39.3965,5.5002,-85.4528,0.994012
-39.5370,5.5003,-85.6129,0.994113
-39.7122,5.5004,-85.8112,0.994240
-39.8694,5.5005,-85.9881,0.994353
-40.0436,5.5006,-86.1826,0.994478
-40.2174,5.5007,-86.3753,0.994601
-40.3906,5.5008,-86.5659,0.994726
-40.5462,5.5009,-86.7358,0.994835
-40.7185,5.5009,-86.9228,0.994956
-40.8904,5.5010,-87.1078,0.995077
-41.0446,5.5011,-87.2727,0.995187
-41.2154,5.5012,-87.4542,0.995307
-41.3856,5.5012,-87.6338,0.995427
-41.5383,5.5012,-87.7939,0.995533
-41.6906,5.5012,-87.9526,0.995638
-41.8592,5.5013,-88.1271,0.995755
-41.9936,5.5013,-88.2655,0.995848
-42.1444,5.5013,-88.4199,0.995953
-42.3116,5.5013,-88.5902,0.996067
-42.4789,5.5013,-88.7595,0.996181
-42.6464,5.5013,-88.9280,0.996296
-42.8142,5.5013,-89.0960,0.996412
-42.9656,5.5013,-89.2468,0.996515
-43.1341,5.5013,-89.4144,0.996631
-43.3030,5.5013,-89.5818,0.996745
-43.4552,5.5013,-89.7324,0.996848
-43.6077,5.5013,-89.8829,0.996954
-43.7775,5.5013,-90.0500,0.997068
-43.9477,5.5013,-90.2169,0.997185
-44.1182,5.5013,-90.3838,0.997299
-44.2719,5.5013,-90.5339,0.997403
-44.4430,5.5013,-90.7009,0.997518
-44.6141,5.5013,-90.8680,0.997632
-44.7681,5.5013,-91.0185,0.997736
-44.9389,5.5013,-91.1860,0.997852
-45.0925,5.5013,-91.3368,0.997956
-45.2287,5.5013,-91.4709,0.998047
-45.3986,5.5013,-91.6384,0.998164
-45.5682,5.5013,-91.8057,0.998276
-45.7207,5.5013,-91.9560,0.998378
-45.8899,5.5013,-92.1227,0.998493
-46.0421,5.5013,-92.2725,0.998597
-46.2111,5.5013,-92.4387,0.998712
-46.3798,5.5013,-92.6046,0.998826
-46.5315,5.5013,-92.7537,0.998929
-46.6831,5.5013,-92.9027,0.999029
-46.8344,5.5013,-93.0516,0.999130
-46.9855,5.5013,-93.2004,0.999235
-47.1530,5.5013,-93.3656,0.999355
-47.2868,5.5013,-93.4977,0.999454
-47.4538,5.5013,-93.6627,0.999573
-47.6039,5.5013,-93.8110,0.999679
-47.7704,5.5013,-93.9755,0.999800
-47.9367,5.5013,-94.1397,0.999917
