-48.6627,5.5013,-94.8808,0.000070
-48.7154,5.5013,-94.9346,0.000111
-48.7682,5.5013,-94.9885,0.000157
-48.8107,5.5013,-95.0318,0.000190
-48.8640,5.5013,-95.0862,0.000233
-48.9175,5.5013,-95.1408,0.000277
-48.9658,5.5013,-95.1900,0.000314
-49.0197,5.5013,-95.2450,0.000361
-49.0739,5.5013,-95.3003,0.000404
-49.1228,5.5013,-95.3501,0.000444
-49.1774,5.5013,-95.4057,0.000489
-49.2322,5.5013,-95.4616,0.000535
-49.2872,5.5013,-95.5176,0.000578
-49.3313,5.5013,-95.5627,0.000615
-49.3812,5.5013,-95.6135,0.000657
-49.4368,5.5013,-95.6701,0.000701
-49.4926,5.5013,-95.7270,0.000749
-49.5431,5.5013,-95.7784,0.000790
-49.5993,5.5013,-95.8357,0.000836
-49.6558,5.5013,-95.8932,0.000882
-49.7125,5.5013,-95.9510,0.000931
-49.7695,5.5013,-96.0090,0.000977
-49.8268,5.5013,-96.0673,0.001027
-49.8729,5.5013,-96.1142,0.001062
-49.9308,5.5013,-96.1732,0.001107
-49.9775,5.5013,-96.2207,0.001150
-50.0363,5.5013,-96.2806,0.001197
-50.0956,5.5013,-96.3410,0.001244
-50.1495,5.5013,-96.3958,0.001289
-50.2039,5.5013,-96.4512,0.001335
-50.2650,5.5013,-96.5134,0.001385
-50.3270,5.5013,-96.5764,0.001436
-50.3897,5.5013,-96.6402,0.001488
-50.4470,5.5013,-96.6984,0.001532
-50.5115,5.5013,-96.7640,0.001590
-50.5769,5.5013,-96.8305,0.001644
-50.6434,5.5013,-96.8979,0.001700
-50.7109,5.5013,-96.9665,0.001755
-50.7797,5.5013,-97.0363,0.001812
-50.8497,5.5013,-97.1074,0.001873
-50.9067,5.5013,-97.1653,0.001922
-50.9792,5.5013,-97.2389,0.001980
-51.0458,5.5013,-97.3065,0.002038
-51.1136,5.5013,-97.3754,0.002092
-51.1904,5.5013,-97.4535,0.002155
-51.2609,5.5013,-97.5252,0.002215
-51.3407,5.5013,-97.6065,0.002280
-51.4222,5.5013,-97.6895,0.002348
-51.4973,5.5013,-97.7659,0.002411
-51.5827,5.5013,-97.8528,0.002484
-51.6616,5.5013,-97.9332,0.002554
-51.7518,5.5013,-98.0249,0.002625
-51.8259,5.5013,-98.1003,0.002691
-51.9115,5.5013,-98.1874,0.002763
-52.0092,5.5013,-98.2868,0.002853
-52.0997,5.5013,-98.3788,0.002922
-52.2031,5.5013,-98.4839,0.003014
-52.3094,5.5013,-98.5920,0.003101
-52.3967,5.5013,-98.6806,0.003177
-52.5085,5.5013,-98.7941,0.003272
-52.6234,5.5013,-98.9107,0.003372
-52.7295,5.5013,-99.0183,0.003460
-52.8502,5.5013,-99.1408,0.003566
-52.9741,5.5013,-99.2664,0.003675
-53.0882,5.5013,-99.3820,0.003772
-53.1918,5.5013,-99.4869,0.003862
-53.3242,5.5013,-99.6209,0.003972
-53.4597,5.5013,-99.7581,0.004091
-53.5983,5.5013,-99.8984,0.004210
-53.7258,5.5013,-100.0275,0.004322
-53.8705,5.5013,-100.1739,0.004448
-54.0035,5.5013,-100.3085,0.004565
-54.1543,5.5013,-100.4611,0.004702
-54.3084,5.5013,-100.6169,0.004833
-54.4498,5.5013,-100.7600,0.004957
-54.6101,5.5013,-100.9220,0.005095
-54.7737,5.5013,-101.0874,0.005239
-54.9406,5.5013,-101.2561,0.005388
-55.1109,5.5013,-101.4282,0.005537
-55.2670,5.5013,-101.5859,0.005678
-55.4436,5.5013,-101.7644,0.005829
-55.6055,5.5013,-101.9279,0.005978
-55.7886,5.5013,-102.1128,0.006136
-55.9562,5.5013,-102.2822,0.006287
-56.1458,5.5013,-102.4737,0.006456
-56.3388,5.5013,-102.6686,0.006623
-56.5351,5.5013,-102.8671,0.006802
-56.7344,5.5013,-103.0686,0.006978
-56.9364,5.5013,-103.2730,0.007157
-57.1199,5.5013,-103.4589,0.007320
-57.3052,5.5013,-103.6466,0.007484
-57.5126,5.5013,-103.8568,0.007672
-57.7007,5.5013,-104.0475,0.007838
-57.9113,5.5013,-104.2610,0.008025
-58.1235,5.5013,-104.4761,0.008213
-58.3374,5.5013,-104.6929,0.008404
-58.5312,5.5013,-104.8894,0.008573
-58.7483,5.5013,-105.1093,0.008765
-58.9450,5.5013,-105.3086,0.008936
-59.1652,5.5013,-105.5315,0.009132
-59.3871,5.5013,-105.7562,0.009326
-59.6107,5.5013,-105.9825,0.009525
-59.8359,5.5013,-106.2104,0.009722
-60.0401,5.5013,-106.4170,0.009904
-60.2685,5.5013,-106.6481,0.010102
-60.4755,5.5013,-106.8576,0.010284
-60.7071,5.5013,-107.0919,0.010479
-60.9170,5.5013,-107.3042,0.010668
-61.1517,5.5013,-107.5416,0.010876
-61.3645,5.5013,-107.7568,0.011056
-61.6024,5.5013,-107.9974,0.011265
-61.8180,5.5013,-108.2154,0.011450
-62.0591,5.5013,-108.4592,0.011658
-62.3019,5.5013,-108.7047,0.011869
-62.5464,5.5013,-108.9518,0.012077
-62.7679,5.5013,-109.1756,0.012270
-63.0155,5.5013,-109.4259,0.012481
-63.2398,5.5013,-109.6526,0.012677
-63.4906,5.5013,-109.9061,0.012895
-63.7178,5.5013,-110.1357,0.013089
-63.9717,5.5013,-110.3923,0.013306
-64.1761,5.5013,-110.5989,0.013480
-64.4330,5.5013,-110.8585,0.013704
-64.6916,5.5013,-111.1198,0.013921
-64.9258,5.5013,-111.3564,0.014121
-65.1875,5.5013,-111.6208,0.014350
-65.4510,5.5013,-111.8869,0.014576
-65.6894,5.5013,-112.1279,0.014778
-65.9560,5.5013,-112.3971,0.015009
-66.1973,5.5013,-112.6409,0.015210
-66.4670,5.5013,-112.9133,0.015445
-66.7112,5.5013,-113.1598,0.015648
-66.9841,5.5013,-113.4353,0.015885
-67.2586,5.5013,-113.7125,0.016120
-67.5071,5.5013,-113.9632,0.016327
-67.7849,5.5013,-114.2434,0.016570
-68.0643,5.5013,-114.5252,0.016808
-68.3172,5.5013,-114.7802,0.017021
-68.5432,5.5013,-115.0080,0.017212
-68.8271,5.5013,-115.2942,0.017454
-69.1127,5.5013,-115.5820,0.017698
-69.3712,5.5013,-115.8424,0.017917
-69.6599,5.5013,-116.1333,0.018165
-69.9212,5.5013,-116.3965,0.018379
-70.2132,5.5013,-116.6904,0.018633
-70.5068,5.5013,-116.9860,0.018883
-70.7724,5.5013,-117.2533,0.019105
-71.0692,5.5013,-117.5520,0.019359
-71.3676,5.5013,-117.8522,0.019609
-71.6376,5.5013,-118.1238,0.019841
-71.9089,5.5013,-118.3967,0.020069
-72.1816,5.5013,-118.6708,0.020298
-72.4861,5.5013,-118.9770,0.020553
-72.7616,5.5013,-119.2539,0.020874
-73.0693,5.5013,-119.5631,0.021176
-73.3477,5.5013,-119.8427,0.021323
-73.6585,5.5013,-120.1549,0.021342
-74.5376,5.5013,-121.0376,0.022350
-74.8548,5.5013,-121.3558,0.022582
-75.1735,5.5013,-121.6757,0.022811
-75.4297,5.5013,-121.9327,0.022993
-75.7514,5.5013,-122.2555,0.024012
-76.6607,5.5013,-123.1680,0.024043
-76.9884,5.5013,-123.4970,0.024240
-77.2847,5.5013,-123.7945,0.024539
-77.6155,5.5013,-124.1267,0.024888
-77.9478,5.5013,-124.4605,0.025166
-78.2482,5.5013,-124.7623,0.025421
-78.5499,5.5013,-125.0654,0.025670
-78.8529,5.5013,-125.3698,0.025921
-79.1910,5.5013,-125.7096,0.026208
-79.5302,5.5013,-126.0505,0.026489
-79.8352,5.5013,-126.3570,0.026747
-80.1403,5.5013,-126.6638,0.026999
-80.4468,5.5013,-126.9720,0.027258
-80.7873,5.5013,-127.3145,0.027546
-81.0946,5.5013,-127.6237,0.027798
-81.4372,5.5013,-127.9684,0.028083
-81.7810,5.5013,-128.3145,0.028372
-82.1260,5.5013,-128.6618,0.028661
-82.4376,5.5013,-128.9754,0.028920
-82.7849,5.5013,-129.3251,0.029212
-83.1335,5.5013,-129.6760,0.029502
-83.4833,5.5013,-130.0282,0.029794
-83.7991,5.5013,-130.3463,0.030058
-84.1512,5.5013,-130.7008,0.030350
-84.5046,5.5013,-131.0564,0.030644
-84.8238,5.5013,-131.3776,0.030917
-85.1796,5.5013,-131.7355,0.031208
-85.5366,5.5013,-132.0947,0.031503
-85.8591,5.5013,-132.4189,0.031773
-86.2185,5.5013,-132.7803,0.032073
-86.5431,5.5013,-133.1066,0.032342
-86.9049,5.5013,-133.4703,0.032646
-87.2680,5.5013,-133.8352,0.032942
-87.5594,5.5013,-134.1279,0.033181
-87.9248,5.5013,-134.4949,0.033488
-88.2915,5.5013,-134.8632,0.033792
-88.6225,5.5013,-135.1956,0.034061
-88.9915,5.5013,-135.5661,0.034366
-89.3618,5.5013,-135.9378,0.034674
-89.6961,5.5013,-136.2733,0.034952
-90.0687,5.5013,-136.6472,0.035256
-90.4427,5.5013,-137.0224,0.035562
-90.7802,5.5013,-137.3610,0.035839
-91.1564,5.5013,-137.7386,0.036150
-91.4960,5.5013,-138.0794,0.036429
-91.8366,5.5013,-138.4212,0.036710
-92.1781,5.5013,-138.7640,0.036992
-92.5587,5.5013,-139.1462,0.037303
-92.9405,5.5013,-139.5295,0.037616
-93.2851,5.5013,-139.8756,0.037902
-93.6691,5.5013,-140.2613,0.038216
-94.0157,5.5013,-140.6094,0.038496
-94.4019,5.5013,-140.9974,0.038811
-94.7893,5.5013,-141.3866,0.039134
-95.1389,5.5013,-141.7379,0.039421
-95.5284,5.5013,-142.1295,0.039740
-95.9191,5.5013,-142.5223,0.040059
-96.2324,5.5013,-142.8375,0.040318
-96.6249,5.5013,-143.2327,0.040636
-97.0186,5.5013,-143.6291,0.040961
-97.3738,5.5013,-143.9870,0.041250
-97.7695,5.5013,-144.3858,0.041581
-98.1266,5.5013,-144.7458,0.041875
-98.5244,5.5013,-145.1470,0.042200
-98.8833,5.5013,-145.5092,0.042498
-99.2832,5.5013,-145.9128,0.042828
-99.6840,5.5013,-146.3177,0.043156
-100.0457,5.5013,-146.6832,0.043456
-100.4486,5.5013,-147.0904,0.043787
-100.8525,5.5013,-147.4990,0.044120
-101.1764,5.5013,-147.8267,0.044385
-101.5417,5.5013,-148.1964,0.044686
-101.9484,5.5013,-148.6084,0.045022
-102.3154,5.5013,-148.9803,0.045326
-102.7241,5.5013,-149.3948,0.045662
-103.0928,5.5013,-149.7689,0.045965
-103.5035,5.5013,-150.1858,0.046303
-103.9151,5.5013,-150.6040,0.046648
-104.2864,5.5013,-150.9816,0.046950
-104.6999,5.5013,-151.4024,0.047295
-105.0314,5.5013,-151.7399,0.047572
-105.4466,5.5013,-152.1631,0.047916
-105.8628,5.5013,-152.5876,0.048254
-106.2382,5.5013,-152.9707,0.048571
-106.6562,5.5013,-153.3977,0.048919
-107.0332,5.5013,-153.7830,0.049227
-107.4111,5.5013,-154.1693,0.049546
-107.8319,5.5013,-154.5996,0.049892
-108.2538,5.5013,-155.0310,0.050243
-108.6345,5.5013,-155.4201,0.050559
-109.0585,5.5013,-155.8535,0.050913
-109.4838,5.5013,-156.2878,0.051265
-109.8675,5.5013,-156.6796,0.051587
-110.2949,5.5013,-157.1159,0.051940
-110.7236,5.5013,-157.5532,0.052296
-111.1535,5.5013,-157.9915,0.052656
-111.5415,5.5013,-158.3867,0.052977
-111.9305,5.5013,-158.7829,0.053301
-112.3638,5.5013,-159.2239,0.053664
-112.7548,5.5013,-159.6217,0.053986
-113.1905,5.5013,-160.0647,0.054350
-113.5837,5.5013,-160.4642,0.054676
-114.0217,5.5013,-160.9089,0.055040
-114.3730,5.5013,-161.2655,0.055330
-114.8133,5.5013,-161.7120,0.055699
-115.2106,5.5013,-162.1147,0.056023
-115.6532,5.5013,-162.5631,0.056394
-116.0971,5.5013,-163.0125,0.056761
-116.4977,5.5013,-163.4177,0.057095
-116.9439,5.5013,-163.8689,0.057464
-117.3465,5.5013,-164.2757,0.057797
-117.7502,5.5013,-164.6834,0.058133
-118.1999,5.5013,-165.1372,0.058505
-118.6057,5.5013,-165.5464,0.058841
-119.0578,5.5013,-166.0021,0.059216
-119.4657,5.5013,-166.4129,0.059555
-119.9201,5.5013,-166.8704,0.059933
-120.3757,5.5013,-167.3288,0.060307
-120.8325,5.5013,-167.7882,0.060684
-121.2447,5.5013,-168.2025,0.061031
-121.7038,5.5013,-168.6637,0.061407
-122.1179,5.5013,-169.0797,0.061752
-122.5793,5.5013,-169.5429,0.062136
-122.9954,5.5013,-169.9606,0.062482
-123.4590,5.5013,-170.4257,0.062864
-123.9237,5.5013,-170.8918,0.063248
-124.3429,5.5013,-171.3121,0.063597
-124.8098,5.5013,-171.7801,0.063984
-125.2310,5.5013,-172.2021,0.064335
-125.7000,5.5013,-172.6720,0.064720
-126.1702,5.5013,-173.1429,0.065109
-126.6414,5.5013,-173.6149,0.065502
-127.0665,5.5013,-174.0406,0.065855
-127.4925,5.5013,-174.4671,0.066207
-127.9668,5.5013,-174.9421,0.066604
-128.4421,5.5013,-175.4181,0.066996
-128.8709,5.5013,-175.8475,0.067354
-129.3482,5.5013,-176.3256,0.067743
-129.7787,5.5013,-176.7568,0.068106
-130.2580,5.5013,-177.2370,0.068501
-130.7383,5.5013,-177.7182,0.068903
-131.1715,5.5013,-178.1523,0.069262
-131.6538,5.5013,-178.6356,0.069660
-132.0887,5.5013,-179.0715,0.070026
-132.5728,5.5013,-179.5569,0.070424
-133.0094,5.5013,-179.9947,0.070789
-133.4467,5.5013,-180.4334,0.071154
-133.9336,5.5013,-180.9220,0.071559
-134.3726,5.5013,-181.3626,0.071928
-134.8614,5.5013,-181.8531,0.072333
-135.3021,5.5013,-182.2956,0.072700
-135.7927,5.5013,-182.7883,0.073107
-136.2351,5.5013,-183.2327,0.073472
-136.7275,5.5013,-183.7275,0.073891
-137.2209,5.5013,-184.2233,0.074299
-137.6658,5.5013,-184.6705,0.074672
-138.1609,5.5013,-185.1685,0.075085
-138.6074,5.5013,-185.6176,0.075457
-139.1044,5.5013,-186.1177,0.075870
-139.5524,5.5013,-186.5686,0.076247
-140.0512,5.5013,-187.0708,0.076662
-140.5009,5.5013,-187.5236,0.077041
-141.0015,5.5013,-188.0278,0.077461
-141.4528,5.5013,-188.4825,0.077834
-141.9552,5.5013,-188.9887,0.078259
-142.4081,5.5013,-189.4453,0.078634
-142.9122,5.5013,-189.9536,0.079061
-143.4173,5.5013,-190.4630,0.079477
-143.8726,5.5013,-190.9223,0.079853
-144.3288,5.5013,-191.3825,0.080236
-144.8365,5.5013,-191.8948,0.080671
-145.2942,5.5013,-192.3568,0.081039
-145.7527,5.5013,-192.8196,0.081430
-146.2631,5.5013,-193.3348,0.081852
-146.7744,5.5013,-193.8511,0.082292
-147.2354,5.5013,-194.3166,0.082676
-147.6971,5.5013,-194.7830,0.083061
-148.2111,5.5013,-195.3021,0.083490
-148.7260,5.5013,-195.8223,0.083925
-149.1903,5.5013,-196.2914,0.084310
-149.7070,5.5013,-196.8135,0.084739
-150.1729,5.5013,-197.2843,0.085128
-150.6396,5.5013,-197.7559,0.085520
-151.1589,5.5013,-198.2809,0.085961
-151.6792,5.5013,-198.8069,0.086393
-152.1483,5.5013,-199.2812,0.086781
-152.6704,5.5013,-199.8091,0.087220
-153.1411,5.5013,-200.2851,0.087616
-153.6650,5.5013,-200.8150,0.088054
-154.1373,5.5013,-201.2928,0.088447
-154.6629,5.5013,-201.8246,0.088881
-155.0841,5.5013,-202.2507,0.089235
-155.5586,5.5013,-202.7309,0.089637
-156.0867,5.5013,-203.2654,0.090073
-156.5628,5.5013,-203.7473,0.090471
-157.0396,5.5013,-204.2299,0.090872
-157.5703,5.5013,-204.7672,0.091311
-158.0487,5.5013,-205.2516,0.091712
-158.5811,5.5013,-205.7907,0.092152
-159.0611,5.5013,-206.2767,0.092556
-159.5953,5.5013,-206.8175,0.093006
-160.1304,5.5013,-207.3591,0.093448
-160.6664,5.5013,-207.9016,0.093893
-161.1496,5.5013,-208.3905,0.094302
-161.6874,5.5013,-208.9343,0.094751
-162.1720,5.5013,-209.4243,0.095151
-162.7112,5.5013,-209.9693,0.095601
-163.1971,5.5013,-210.4601,0.096008
-163.7372,5.5013,-211.0056,0.096458
-164.2775,5.5013,-211.5510,0.096905
-164.7636,5.5013,-212.0415,0.097310
-165.3036,5.5013,-212.5861,0.097757
-165.8432,5.5013,-213.1302,0.098211
-166.3286,5.5013,-213.6193,0.098615
-166.8673,5.5013,-214.1619,0.099058
-167.4051,5.5013,-214.7034,0.099509
-167.8883,5.5013,-215.1898,0.099910
-168.4243,5.5013,-215.7292,0.100350
-168.9058,5.5013,-216.2137,0.100748
-169.4398,5.5013,-216.7509,0.101195
-169.9195,5.5013,-217.2336,0.101590
-170.4516,5.5013,-217.7687,0.102033
-170.9296,5.5013,-218.2495,0.102434
-171.4597,5.5013,-218.7826,0.102869
-171.9360,5.5013,-219.2615,0.103261
-172.4641,5.5013,-219.7926,0.103705
-172.9386,5.5013,-220.2697,0.104095
-173.3596,5.5013,-220.6931,0.104447
-173.8849,5.5013,-221.2214,0.104881
-174.3568,5.5013,-221.6960,0.105273
-174.8278,5.5013,-222.1698,0.105665
-175.3501,5.5013,-222.6952,0.106098
-175.8193,5.5013,-223.1673,0.106486
-176.3396,5.5013,-223.6908,0.106914
-176.8069,5.5013,-224.1611,0.107304
-177.3253,5.5013,-224.6827,0.107734
-177.7908,5.5013,-225.1513,0.108120
-178.2555,5.5013,-225.6190,0.108506
-178.7709,5.5013,-226.1377,0.108941
-179.2853,5.5013,-226.6554,0.109365
-179.7474,5.5013,-227.1204,0.109743
-180.2598,5.5013,-227.6362,0.110165
-180.7202,5.5013,-228.0995,0.110547
-181.2307,5.5013,-228.6133,0.110975
-181.6893,5.5013,-229.0749,0.111353
-182.1471,5.5013,-229.5357,0.111730
-182.6549,5.5013,-230.0467,0.112153
-183.1110,5.5013,-230.5058,0.112531
-183.6172,5.5013,-231.0153,0.112951
-184.0723,5.5013,-231.4734,0.113327
-184.5773,5.5013,-231.9817,0.113745
-185.0314,5.5013,-232.4387,0.114124
-185.4862,5.5013,-232.8965,0.114499
-185.9924,5.5013,-233.4059,0.114919
-186.4475,5.5013,-233.8639,0.115294
-186.9521,5.5013,-234.3716,0.115712
-187.4050,5.5013,-234.8275,0.116091
-187.9070,5.5013,-235.3327,0.116506
-188.3577,5.5013,-235.7863,0.116876
-188.8072,5.5013,-236.2387,0.117250
-189.3054,5.5013,-236.7402,0.117665
-189.7525,5.5013,-237.1904,0.118033
-190.2481,5.5013,-237.6892,0.118444
-190.6928,5.5013,-238.1370,0.118812
-191.1854,5.5013,-238.6330,0.119219
-191.6274,5.5013,-239.0780,0.119587
-192.1169,5.5013,-239.5709,0.119988
-192.5559,5.5013,-240.0130,0.120352
-193.0419,5.5013,-240.5024,0.120762
-193.4775,5.5013,-240.9413,0.121118
-193.9115,5.5013,-241.3786,0.121482
-194.3918,5.5013,-241.8627,0.121877
-194.8224,5.5013,-242.2966,0.122231
-195.2512,5.5013,-242.7289,0.122585
-195.7258,5.5013,-243.2075,0.122974
-196.1983,5.5013,-243.6840,0.123366
-196.6218,5.5013,-244.1113,0.123720
-197.0437,5.5013,-244.5370,0.124068
-197.5105,5.5013,-245.0081,0.124458
-197.9289,5.5013,-245.4305,0.124800
-198.3456,5.5013,-245.8513,0.125146
-198.7607,5.5013,-246.2705,0.125488
-199.2200,5.5013,-246.7345,0.125871
-199.6316,5.5013,-247.1504,0.126210
-200.0870,5.5013,-247.6106,0.126589
-200.4950,5.5013,-248.0230,0.126925
-200.9464,5.5013,-248.4793,0.127296
-201.3956,5.5013,-248.9336,0.127672
-201.7982,5.5013,-249.3408,0.128006
-202.2435,5.5013,-249.7912,0.128375
-202.6425,5.5013,-250.1949,0.128701
-203.0397,5.5013,-250.5970,0.129035
-203.4792,5.5013,-251.0418,0.129400
-203.8731,5.5013,-251.4404,0.129724
-204.2652,5.5013,-251.8374,0.130047
-204.6991,5.5013,-252.2766,0.130408
-205.0878,5.5013,-252.6701,0.130733
-205.5178,5.5013,-253.1054,0.131094
-205.9458,5.5013,-253.5388,0.131448
-206.3293,5.5013,-253.9271,0.131766
-206.7536,5.5013,-254.3566,0.132115
-207.1338,5.5013,-254.7415,0.132427
-207.5124,5.5013,-255.1247,0.132742
-207.9312,5.5013,-255.5486,0.133090
-208.3065,5.5013,-255.9284,0.133400
-208.7220,5.5013,-256.3486,0.133743
-209.0946,5.5013,-256.7254,0.134054
-209.5074,5.5013,-257.1427,0.134395
-209.9190,5.5013,-257.5587,0.134739
-210.2886,5.5013,-257.9321,0.135044
-210.6983,5.5013,-258.3459,0.135386
-211.1070,5.5013,-258.7586,0.135721
-211.5149,5.5013,-259.1701,0.136062
-211.8811,5.5013,-259.5397,0.136361
-212.2467,5.5013,-259.9084,0.136662
-212.6520,5.5013,-260.3171,0.137005
-213.0159,5.5013,-260.6839,0.137307
-213.3793,5.5013,-261.0498,0.137605
-213.7822,5.5013,-261.4552,0.137941
-214.1843,5.5013,-261.8589,0.138272
-214.5455,5.5013,-262.2209,0.138571
-214.9458,5.5013,-262.6211,0.138895
-215.2653,5.5013,-262.9399,0.139159
-215.6636,5.5013,-263.3364,0.139487
-215.9813,5.5013,-263.6519,0.139751
-216.3772,5.5013,-264.0443,0.140077
-216.7323,5.5013,-264.3954,0.140368
-217.0862,5.5013,-264.7444,0.140661
-217.4782,5.5013,-265.1296,0.140980
-217.8298,5.5013,-265.4740,0.141266
-218.2192,5.5013,-265.8539,0.141590
-218.5684,5.5013,-266.1933,0.141872
-218.9551,5.5013,-266.5677,0.142184
-219.3019,5.5013,-266.9021,0.142464
-219.6859,5.5013,-267.2709,0.142781
-220.0303,5.5013,-267.6005,0.143064
-220.4116,5.5013,-267.9640,0.143372
-220.7914,5.5013,-268.3247,0.143678
-221.1321,5.5013,-268.6470,0.143950
-221.5091,5.5013,-269.0026,0.144253
-221.8473,5.5013,-269.3202,0.144525
-222.2218,5.5013,-269.6709,0.144828
-222.5580,5.5013,-269.9846,0.145094
-222.9308,5.5013,-270.3316,0.145393
-223.2659,5.5013,-270.6425,0.145665
-223.6375,5.5013,-270.9867,0.145959
-224.0087,5.5013,-271.3298,0.146261
-224.3792,5.5013,-271.6720,0.146555
-224.7491,5.5013,-272.0132,0.146848
-225.0816,5.5013,-272.3195,0.147112
-225.4504,5.5013,-272.6591,0.147404
-225.7864,5.5057,-272.9592,0.147671
-226.1546,5.5063,-273.2962,0.147960
-226.5217,5.5070,-273.6328,0.148248
-226.8517,5.5076,-273.9350,0.148512
-227.1813,5.5082,-274.2365,0.148782
-227.5105,5.5088,-274.5372,0.149037
-227.8754,5.5094,-274.8705,0.149326
-228.2032,5.5100,-275.1699,0.149588
-228.5667,5.5107,-275.5020,0.149878
-228.8571,5.5111,-275.7672,0.150110
-229.2196,5.5118,-276.0981,0.150403
-229.5449,5.5123,-276.3950,0.150652
-229.9051,5.5130,-276.7239,0.150941
-230.2278,5.5136,-277.0190,0.151189
-230.5847,5.5142,-277.3457,0.151478
-230.9397,5.5148,-277.6713,0.151757
-231.2577,5.5153,-277.9633,0.152011
-231.5741,5.5159,-278.2543,0.152263
-231.9237,5.5164,-278.5765,0.152543
-232.2368,5.5169,-278.8655,0.152802
-232.5828,5.5175,-279.1855,0.153069
-232.8585,5.5179,-279.4407,0.153295
-233.2020,5.5182,-279.7593,0.153569
-233.5100,5.5185,-280.0457,0.153813
-233.8512,5.5188,-280.3638,0.154081
-234.1910,5.5191,-280.6819,0.154352
-234.4957,5.5194,-280.9683,0.154597
-234.8328,5.5196,-281.2869,0.154869
-235.1683,5.5198,-281.6058,0.155139
-235.4688,5.5200,-281.8929,0.155381
-235.8008,5.5201,-282.2119,0.155657
-236.1307,5.5202,-282.5305,0.155925
-236.4258,5.5203,-282.8168,0.156162
-236.7514,5.5204,-283.1342,0.156423
-237.0422,5.5205,-283.4192,0.156662
-237.3631,5.5206,-283.7349,0.156924
-237.6497,5.5207,-284.0183,0.157159
-237.9659,5.5207,-284.3324,0.157424
-238.2484,5.5207,-284.6143,0.157655
-238.5601,5.5207,-284.9269,0.157914
-238.8389,5.5207,-285.2079,0.158146
-239.1472,5.5206,-285.5199,0.158402
-239.4539,5.5205,-285.8320,0.158654
-239.7289,5.5204,-286.1130,0.158880
-240.0329,5.5202,-286.4253,0.159137
-240.3356,5.5200,-286.7377,0.159382
-240.6068,5.5198,-287.0192,0.159621
-240.8769,5.5195,-287.3005,0.159848
-241.1757,5.5192,-287.6133,0.160099
-241.4434,5.5188,-287.8949,0.160317
-241.7101,5.5185,-288.1765,0.160549
-242.0051,5.5181,-288.4895,0.160799
-242.2694,5.5177,-288.7713,0.161016
-242.5326,5.5173,-289.0532,0.161236
-242.8239,5.5168,-289.3665,0.161479
-243.0848,5.5164,-289.6484,0.161700
-243.3734,5.5158,-289.9618,0.161949
-243.6321,5.5153,-290.2440,0.162171
-243.9180,5.5145,-290.5573,0.162405
-244.1744,5.5135,-290.8394,0.162628
-244.4297,5.5124,-291.1214,0.162842
-244.7120,5.5112,-291.4346,0.163083
-244.9926,5.5100,-291.7473,0.163327
-245.2435,5.5089,-292.0281,0.163545
-245.5202,5.5077,-292.3391,0.163774
-245.7949,5.5064,-292.6492,0.164014
-246.0361,5.5030,-292.9320,0.164221
-246.2799,5.5013,-293.2089,0.164428
-246.5487,5.5013,-293.5156,0.164658
-246.7882,5.5013,-293.7912,0.164850
-247.0255,5.5013,-294.0661,0.165055
-247.2612,5.5013,-294.3405,0.165259
-247.4946,5.5013,-294.6140,0.165463
-247.7511,5.5013,-294.9168,0.165679
-247.9794,5.5012,-295.1888,0.165879
-248.2304,5.5012,-295.4901,0.166091
-248.4539,5.5012,-295.7604,0.166284
-248.6998,5.5012,-296.0600,0.166501
-248.9435,5.5012,-296.3588,0.166712
-249.1852,5.5012,-296.6573,0.166931
-249.4250,5.5012,-296.9559,0.167138
-249.6395,5.5012,-297.2248,0.167327
-249.8527,5.5012,-297.4940,0.167514
-250.0647,5.5012,-297.7635,0.167703
-250.2986,5.5012,-298.0634,0.167913
-250.5078,5.5012,-298.3336,0.168104
-250.7387,5.5012,-298.6342,0.168304
-250.9450,5.5012,-298.9051,0.168494
-251.1728,5.5012,-299.2064,0.168691
-251.3763,5.5012,-299.4780,0.168881
-251.6008,5.5012,-299.7802,0.169082
-251.8014,5.5012,-300.0526,0.169259
-252.0226,5.5012,-300.3559,0.169465
-252.2418,5.5012,-300.6598,0.169669
-252.4373,5.5012,-300.9340,0.169843
-252.6312,5.5012,-301.2089,0.170022
-252.8445,5.5012,-301.5150,0.170220
-253.0555,5.5012,-301.8219,0.170417
-253.2433,5.5012,-302.0984,0.170596
-253.4289,5.5012,-302.3752,0.170774
-253.6326,5.5012,-302.6830,0.170959
-253.8336,5.5012,-302.9909,0.171156
-254.0122,5.5012,-303.2682,0.171323
-254.2082,5.5012,-303.5764,0.171516
-254.4017,5.5012,-303.8846,0.171704
-254.5926,5.5012,-304.1931,0.171897
-254.7437,5.5012,-304.4403,0.172038
-254.8934,5.5012,-304.6879,0.172187
-255.0783,5.5012,-304.9979,0.172376
-255.2609,5.5012,-305.3087,0.172553
-255.4232,5.5012,-305.5890,0.172728
-255.6011,5.5012,-305.9011,0.172900
-255.7591,5.5012,-306.1826,0.173063
-255.9151,5.5012,-306.4646,0.173226
-256.0862,5.5012,-306.7785,0.173413
-256.2379,5.5012,-307.0615,0.173574
-256.4044,5.5012,-307.3765,0.173749
-256.5521,5.5012,-307.6604,0.173910
-256.7139,5.5012,-307.9763,0.174089
-256.8734,5.5012,-308.2926,0.174264
-257.0149,5.5012,-308.5777,0.174427
-257.1544,5.5012,-308.8631,0.174578
-257.3072,5.5012,-309.1806,0.174749
-257.4427,5.5012,-309.4668,0.174912
-257.5762,5.5012,-309.7532,0.175062
-257.7223,5.5012,-310.0718,0.175235
-257.8518,5.5012,-310.3588,0.175394
-257.9794,5.5012,-310.6461,0.175537
-258.1190,5.5012,-310.9656,0.175715
-258.2289,5.5012,-311.2214,0.175846
-258.3508,5.5012,-311.5095,0.175995
-258.4841,5.5012,-311.8298,0.176164
-258.6150,5.5012,-312.1503,0.176340
-258.7308,5.5012,-312.4390,0.176491
-258.8573,5.5012,-312.7600,0.176654
-258.9692,5.5012,-313.0491,0.176811
-259.0793,5.5012,-313.3383,0.176953
-259.1993,5.5012,-313.6599,0.177108
-259.3055,5.5012,-313.9494,0.177258
-259.4212,5.5012,-314.2712,0.177422
-259.5234,5.5012,-314.5609,0.177573
-259.6238,5.5012,-314.8508,0.177725
-259.7332,5.5012,-315.1730,0.177872
-259.8404,5.5012,-315.4952,0.178046
-259.9453,5.5012,-315.8176,0.178202
-260.0379,5.5012,-316.1078,0.178343
-260.1386,5.5012,-316.4305,0.178502
-260.2276,5.5012,-316.7214,0.178645
-260.3245,5.5012,-317.0452,0.178801
-260.4101,5.5012,-317.3373,0.178948
-260.4940,5.5012,-317.6299,0.179079
-260.5855,5.5012,-317.9558,0.179241
-260.6662,5.5012,-318.2497,0.179379
-260.7452,5.5012,-318.5442,0.179529
-260.8312,5.5012,-318.8721,0.179690
-260.9152,5.5012,-319.2008,0.179834
-260.9891,5.5012,-319.4972,0.179985
-261.0613,5.5012,-319.7941,0.180126
-261.1397,5.5012,-320.1245,0.180281
-261.2085,5.5012,-320.4223,0.180420
-261.2755,5.5012,-320.7205,0.180567
-261.3481,5.5012,-321.0522,0.180715
-261.4117,5.5012,-321.3512,0.180851
-261.4735,5.5012,-321.6504,0.180987
-261.5401,5.5012,-321.9832,0.181145
-261.5984,5.5012,-322.2828,0.181281
-261.6609,5.5012,-322.6160,0.181432
-261.7155,5.5012,-322.9159,0.181574
-261.7740,5.5012,-323.2493,0.181724
-261.8248,5.5012,-323.5493,0.181869
-261.8793,5.5012,-323.8827,0.182004
-261.9265,5.5012,-324.1829,0.182138
-261.9719,5.5012,-324.4830,0.182268
-262.0204,5.5012,-324.8165,0.182419
-262.0621,5.5012,-325.1166,0.182553
-262.1065,5.5012,-325.4500,0.182699
-262.1447,5.5012,-325.7499,0.182829
-262.1811,5.5012,-326.0498,0.182958
-262.2195,5.5012,-326.3830,0.183108
-262.2559,5.5012,-326.7160,0.183256
-262.2868,5.5012,-327.0156,0.183381
-262.3191,5.5012,-327.3483,0.183523
-262.3463,5.5012,-327.6477,0.183639
-262.3719,5.5012,-327.9468,0.183776
-262.3958,5.5012,-328.2458,0.183897
-262.4203,5.5012,-328.5779,0.184039
-262.4406,5.5012,-328.8764,0.184169
-262.4612,5.5012,-329.2077,0.184304
-262.4778,5.5012,-329.5054,0.184435
-262.4945,5.5012,-329.8357,0.184566
-262.5077,5.5012,-330.1326,0.184689
-262.5203,5.5012,-330.4620,0.184833
-262.5308,5.5012,-330.7910,0.184958
-262.5385,5.5012,-331.0866,0.185082
-262.5449,5.5012,-331.4146,0.185214
-262.5487,5.5012,-331.7095,0.185342
-262.5507,5.5012,-332.0367,0.185480
-262.5502,5.5012,-332.3309,0.185594
-262.5471,5.5012,-332.6575,0.185735
-262.5417,5.5012,-332.9510,0.185860
-262.5328,5.5012,-333.2769,0.185983
-262.5221,5.5012,-333.5698,0.186112
-262.5052,5.5012,-333.9275,0.186264
-262.4881,5.5012,-334.2196,0.186378
-262.4656,5.5012,-334.5438,0.186512
-262.4393,5.5012,-334.8674,0.186640
-262.4124,5.5012,-335.1581,0.186764
-262.3787,5.5012,-335.4804,0.186893
-262.3410,5.5012,-335.8019,0.187026
-262.3038,5.5012,-336.0905,0.187146
-262.2586,5.5012,-336.4101,0.187273
-262.2147,5.5012,-336.6970,0.187401
-262.1677,5.5012,-336.9828,0.187512
-262.1121,5.5012,-337.2993,0.187647
-262.0588,5.5012,-337.5832,0.187759
-261.9963,5.5012,-337.8973,0.187908
-261.9301,5.5012,-338.2101,0.188049
-261.8677,5.5012,-338.4905,0.188162
-261.8023,5.5012,-338.7697,0.188275
-261.7342,5.5012,-339.0478,0.188396
-261.6552,5.5012,-339.3554,0.188525
-261.5810,5.5012,-339.6310,0.188654
-261.5039,5.5012,-339.9055,0.188766
-261.4149,5.5012,-340.2088,0.188909
-261.3221,5.5012,-340.5106,0.189022
-261.2355,5.5012,-340.7808,0.189147
-261.1461,5.5012,-341.0495,0.189258
-261.0433,5.5012,-341.3464,0.189392
-260.9478,5.5012,-341.6121,0.189503
-260.8496,5.5012,-341.8763,0.189619
-260.7488,5.5012,-342.1389,0.189733
-260.6336,5.5012,-342.4290,0.189870
-260.5271,5.5012,-342.6883,0.189976
-260.4181,5.5012,-342.9460,0.190093
-260.2941,5.5012,-343.2304,0.190217
-260.1671,5.5012,-343.5129,0.190348
-260.0504,5.5012,-343.7654,0.190452
-259.9179,5.5012,-344.0443,0.190587
-259.7962,5.5012,-344.2939,0.190698
-259.6584,5.5012,-344.5697,0.190824
-259.5177,5.5012,-344.8439,0.190951
-259.3888,5.5012,-345.0894,0.191064
-259.2427,5.5012,-345.3605,0.191186
-259.1089,5.5012,-345.6032,0.191297
-258.9727,5.5012,-345.8446,0.191407
-258.8187,5.5012,-346.1113,0.191515
-258.6776,5.5012,-346.3499,0.191636
-258.5343,5.5012,-346.5872,0.191749
-258.3723,5.5012,-346.8490,0.191880
-258.2241,5.5012,-347.0833,0.191980
-258.0568,5.5012,-347.3418,0.192104
-257.9038,5.5012,-347.5729,0.192216
-257.7313,5.5012,-347.8279,0.192343
-257.5736,5.5012,-348.0559,0.192459
-257.3958,5.5012,-348.3073,0.192589
-257.2336,5.5012,-348.5320,0.192692
-257.0691,5.5012,-348.7551,0.192797
-256.8839,5.5012,-349.0011,0.192907
-256.7148,5.5012,-349.2207,0.193018
-256.5245,5.5012,-349.4629,0.193138
-256.3511,5.5012,-349.6790,0.193256
-256.1560,5.5012,-349.9172,0.193383
-255.9583,5.5012,-350.1533,0.193498
-255.7782,5.5012,-350.3639,0.193606
-255.5758,5.5012,-350.5960,0.193741
-255.3709,5.5012,-350.8260,0.193854
-255.1844,5.5012,-351.0313,0.193961
-254.9959,5.5012,-351.2350,0.194076
-254.7840,5.5012,-351.4595,0.194200
-254.5914,5.5012,-351.6598,0.194289
-254.3750,5.5012,-351.8804,0.194426
-254.1782,5.5012,-352.0773,0.194536
-253.9795,5.5012,-352.2724,0.194646
-253.7565,5.5012,-352.4873,0.194773
-253.5313,5.5012,-352.7002,0.194878
-253.3267,5.5012,-352.8900,0.194993
-253.1203,5.5012,-353.0782,0.195121
-252.9121,5.5012,-353.2648,0.195225
-252.7020,5.5012,-353.4496,0.195326
-252.4664,5.5012,-353.6529,0.195463
-252.2525,5.5012,-353.8340,0.195573
-252.0366,5.5012,-354.0134,0.195690
-251.8190,5.5012,-354.1909,0.195796
-251.5751,5.5012,-354.3861,0.195910
-251.3537,5.5012,-354.5598,0.196034
-251.1057,5.5012,-354.7505,0.196153
-250.8805,5.5012,-354.9203,0.196267
-250.6537,5.5012,-355.0881,0.196376
-250.4251,5.5012,-355.2541,0.196491
-250.1948,5.5012,-355.4180,0.196606
-249.9629,5.5012,-355.5801,0.196711
-249.7032,5.5012,-355.7578,0.196831
-249.4677,5.5012,-355.9156,0.196949
-249.2305,5.5012,-356.0714,0.197058
-248.9918,5.5012,-356.2252,0.197176
-248.7246,5.5012,-356.3936,0.197294
-248.4825,5.5012,-356.5430,0.197408
-248.2116,5.5012,-356.7065,0.197543
-247.9662,5.5012,-356.8515,0.197647
-247.6918,5.5012,-357.0099,0.197776
-247.4434,5.5012,-357.1502,0.197898
-247.1658,5.5012,-357.3032,0.198011
-246.8869,5.5012,-357.4532,0.198139
-246.6347,5.5012,-357.5857,0.198258
-246.3533,5.5012,-357.7296,0.198383
-246.0992,5.5012,-357.8563,0.198506
-245.8159,5.5012,-357.9940,0.198621
-245.5601,5.5012,-358.1150,0.198738
-245.3034,5.5012,-358.2334,0.198841
-245.0174,5.5012,-358.3616,0.198967
-244.7304,5.5012,-358.4866,0.199088
-244.4715,5.5012,-358.5961,0.199193
-244.1830,5.5012,-358.7146,0.199322
-243.9226,5.5012,-358.8184,0.199440
-243.6327,5.5012,-358.9306,0.199543
-243.3712,5.5012,-359.0287,0.199659
-243.1092,5.5012,-359.1241,0.199761
-242.8175,5.5012,-359.2268,0.199899
-242.5545,5.5012,-359.3165,0.200008
-242.2910,5.5012,-359.4035,0.200110
-241.9978,5.5012,-359.4970,0.200230
-241.7335,5.5012,-359.5783,0.200330
-241.4395,5.5012,-359.6654,0.200448
-241.1451,5.5012,-359.7494,0.200574
-240.8799,5.5012,-359.8221,0.200664
-240.5849,5.5012,-359.8997,0.200792
-240.3191,5.5012,-359.9668,0.200911
-240.0531,5.5012,-360.0311,0.201008
-239.7869,5.5012,-360.0930,0.201121
-239.5206,5.5012,-360.1521,0.201236
-239.2244,5.5012,-360.2145,0.201346
-238.9577,5.5012,-360.2680,0.201440
-238.6909,5.5012,-360.3187,0.201544
-238.3945,5.5012,-360.3719,0.201659
-238.1275,5.5012,-360.4169,0.201775
-237.8310,5.5012,-360.4637,0.201882
-237.5641,5.5012,-360.5031,0.201992
-237.2676,5.5012,-360.5437,0.202100
-237.0009,5.5012,-360.5775,0.202204
-236.7343,5.5012,-360.6087,0.202320
-236.4382,5.5012,-360.6403,0.202433
-236.1719,5.5012,-360.6659,0.202534
-235.9058,5.5012,-360.6890,0.202636
-235.6104,5.5012,-360.7116,0.202747
-235.3447,5.5012,-360.7292,0.202858
-235.0499,5.5012,-360.7459,0.202976
-234.7849,5.5012,-360.7581,0.203063
-234.4908,5.5012,-360.7688,0.203173
-234.2264,5.5012,-360.7757,0.203272
-233.9331,5.5012,-360.7805,0.203398
-233.6695,5.5012,-360.7821,0.203501
-233.3772,5.5012,-360.7810,0.203610
-233.1145,5.5012,-360.7775,0.203706
-232.8524,5.5012,-360.7714,0.203813
-232.5615,5.5012,-360.7618,0.203928
-232.3004,5.5012,-360.7506,0.204026
-232.0397,5.5012,-360.7369,0.204131
-231.7507,5.5012,-360.7189,0.204234
-231.4913,5.5012,-360.7002,0.204335
-231.2325,5.5012,-360.6792,0.204426
-230.9456,5.5012,-360.6531,0.204544
-230.6596,5.5012,-360.6242,0.204646
-230.4028,5.5012,-360.5958,0.204754
-230.1182,5.5012,-360.5617,0.204865
-229.8624,5.5012,-360.5289,0.204977
-229.5782,5.5012,-360.4899,0.205081
-229.3226,5.5012,-360.4526,0.205182
-229.0387,5.5012,-360.4088,0.205287
-228.7834,5.5012,-360.3672,0.205407
-228.4998,5.5012,-360.3184,0.205510
-228.2447,5.5012,-360.2723,0.205608
-227.9615,5.5012,-360.2187,0.205725
-227.7067,5.5012,-360.1681,0.205835
-227.4239,5.5012,-360.1095,0.205955
-227.1696,5.5012,-360.0545,0.206062
-226.9155,5.5012,-359.9973,0.206151
-226.6334,5.5012,-359.9312,0.206280
-226.3798,5.5012,-359.8694,0.206379
-226.0983,5.5012,-359.7982,0.206496
-225.8455,5.5012,-359.7319,0.206609
-225.5931,5.5012,-359.6634,0.206714
-225.3134,5.5012,-359.5847,0.206822
-225.0624,5.5012,-359.5118,0.206932
-224.7843,5.5012,-359.4283,0.207059
-224.5071,5.5012,-359.3422,0.207194
-224.2584,5.5012,-359.2625,0.207289
-223.9830,5.5012,-359.1717,0.207406
-223.7359,5.5012,-359.0878,0.207524
-223.4896,5.5012,-359.0018,0.207632
-223.2169,5.5012,-358.9039,0.207749
-222.9723,5.5012,-358.8137,0.207864
-222.7286,5.5012,-358.7214,0.207971
-222.4588,5.5012,-358.6165,0.208090
-222.1900,5.5012,-358.5091,0.208207
-221.9491,5.5012,-358.4104,0.208317
-221.6826,5.5012,-358.2983,0.208446
-221.4173,5.5012,-358.1837,0.208566
-221.1797,5.5012,-358.0785,0.208675
-220.9173,5.5012,-357.9594,0.208788
-220.6824,5.5012,-357.8501,0.208902
-220.4229,5.5012,-357.7264,0.209030
-220.1909,5.5012,-357.6130,0.209147
-219.9346,5.5012,-357.4847,0.209268
-219.7055,5.5012,-357.3672,0.209372
-219.4525,5.5012,-357.2344,0.209490
-219.2263,5.5012,-357.1129,0.209608
-219.0015,5.5012,-356.9896,0.209720
-218.7535,5.5012,-356.8504,0.209846
-218.5072,5.5012,-356.7090,0.209965
-218.2629,5.5012,-356.5653,0.210095
-218.0445,5.5012,-356.4341,0.210206
-217.8037,5.5012,-356.2864,0.210327
-217.5884,5.5012,-356.1516,0.210443
-217.3507,5.5012,-355.9998,0.210565
-217.1142,5.5013,-355.8459,0.210693
-216.9024,5.5013,-355.7056,0.210808
-216.6681,5.5013,-355.5478,0.210945
-216.4348,5.5013,-355.3882,0.211064
-216.2258,5.5013,-355.2429,0.211188
-216.0176,5.5013,-355.0963,0.211301
-215.7871,5.5013,-354.9317,0.211423
-215.5574,5.5013,-354.7656,0.211554
-215.3515,5.5013,-354.6145,0.211673
-215.1235,5.5013,-354.4451,0.211800
-214.9417,5.5036,-354.3084,0.211909
-214.7105,5.5063,-354.1410,0.212036
-214.4850,5.5073,-353.9668,0.212176
-214.2826,5.5081,-353.8086,0.212293
-214.0585,5.5091,-353.6312,0.212426
-213.8576,5.5099,-353.4699,0.212539
-213.6353,5.5107,-353.2890,0.212677
-213.4140,5.5115,-353.1063,0.212808
-213.1936,5.5122,-352.9219,0.212945
-213.0179,5.5128,-352.7733,0.213064
-212.7989,5.5135,-352.5859,0.213193
-212.5806,5.5142,-352.3971,0.213327
-212.3632,5.5149,-352.2066,0.213462
-212.1680,5.5155,-352.0339,0.213590
-211.9515,5.5161,-351.8407,0.213742
-211.7351,5.5168,-351.6460,0.213875
-211.5190,5.5176,-351.4498,0.214019
-211.3031,5.5182,-351.2519,0.214160
-211.1089,5.5188,-351.0724,0.214286
-210.9145,5.5194,-350.8914,0.214418
-210.7202,5.5199,-350.7089,0.214549
-210.5043,5.5204,-350.5043,0.214702
-210.2883,5.5208,-350.2977,0.214849
-210.0723,5.5211,-350.0891,0.214998
-209.8563,5.5215,-349.8785,0.215149
-209.6620,5.5219,-349.6875,0.215287
-209.4460,5.5223,-349.4737,0.215430
-209.2515,5.5226,-349.2799,0.215579
-209.0568,5.5229,-349.0851,0.215713
-208.8401,5.5232,-348.8676,0.215876
-208.6447,5.5235,-348.6708,0.216021
-208.4487,5.5238,-348.4734,0.216160
-208.2522,5.5241,-348.2751,0.216300
-208.0332,5.5244,-348.0539,0.216464
-207.8576,5.5247,-347.8761,0.216594
-207.6374,5.5250,-347.6528,0.216760
-207.4387,5.5252,-347.4507,0.216907
-207.2174,5.5255,-347.2246,0.217075
-206.9957,5.5258,-346.9972,0.217242
-206.7735,5.5260,-346.7683,0.217412
-206.5730,5.5262,-346.5609,0.217562
-206.3497,5.5264,-346.3291,0.217734
-206.1258,5.5266,-346.0957,0.217902
-205.9236,5.5268,-345.8842,0.218058
-205.7206,5.5269,-345.6712,0.218219
-205.5394,5.5270,-345.4808,0.218365
-205.3119,5.5272,-345.2411,0.218541
-205.1061,5.5273,-345.0238,0.218709
-204.8992,5.5274,-344.8052,0.218870
-204.6682,5.5276,-344.5605,0.219057
-204.4359,5.5277,-344.3141,0.219242
-204.2256,5.5278,-344.0905,0.219417
-203.9907,5.5279,-343.8403,0.219602
-203.7782,5.5280,-343.6132,0.219769
-203.5410,5.5283,-343.3590,0.219970
-203.3263,5.5284,-343.1286,0.220146
-203.0867,5.5286,-342.8705,0.220338
-202.8458,5.5288,-342.6104,0.220540
-202.6037,5.5290,-342.3482,0.220742
-202.3848,5.5291,-342.1105,0.220923
-202.1405,5.5292,-341.8442,0.221131
-201.9195,5.5293,-341.6029,0.221313
-201.6728,5.5294,-341.3329,0.221515
-201.4249,5.5294,-341.0607,0.221729
-201.2008,5.5295,-340.8140,0.221917
-200.9507,5.5295,-340.5379,0.222131
-200.7246,5.5295,-340.2875,0.222324
-200.4723,5.5295,-340.0074,0.222537
-200.2442,5.5295,-339.7535,0.222727
-200.0152,5.5295,-339.4978,0.222930
-199.7852,5.5295,-339.2405,0.223125
-199.5287,5.5294,-338.9525,0.223345
-199.2711,5.5292,-338.6625,0.223570
-199.0123,5.5290,-338.3703,0.223799
-198.7785,5.5287,-338.1054,0.224001
-198.5176,5.5284,-337.8091,0.224228
-198.2819,5.5281,-337.5406,0.224430
-198.0190,5.5278,-337.2402,0.224658
-197.7813,5.5275,-336.9682,0.224873
-197.5162,5.5272,-336.6640,0.225106
-197.2767,5.5269,-336.3884,0.225314
-197.0094,5.5266,-336.0803,0.225552
-196.7679,5.5263,-335.8013,0.225764
-196.5255,5.5260,-335.5208,0.225978
-196.2549,5.5256,-335.2072,0.226221
-196.0103,5.5253,-334.9233,0.226435
-195.7374,5.5249,-334.6061,0.226678
-195.4907,5.5246,-334.3190,0.226895
-195.2153,5.5242,-333.9981,0.227139
-194.9665,5.5238,-333.7077,0.227361
-194.6888,5.5234,-333.3832,0.227609
-194.4098,5.5230,-333.0568,0.227860
-194.1576,5.5226,-332.7615,0.228084
-193.8762,5.5222,-332.4315,0.228339
-193.6500,5.5219,-332.1662,0.228538
-193.3663,5.5215,-331.8329,0.228793
-193.1097,5.5212,-331.5315,0.229023
-192.8233,5.5208,-331.1951,0.229283
-192.5643,5.5205,-330.8909,0.229512
-192.2749,5.5201,-330.5515,0.229773
-192.0132,5.5197,-330.2446,0.230011
-191.7209,5.5193,-329.9021,0.230273
-191.4565,5.5189,-329.5926,0.230510
-191.1612,5.5185,-329.2470,0.230778
-190.8644,5.5181,-328.8999,0.231040
-190.5960,5.5177,-328.5860,0.231282
-190.2962,5.5173,-328.2356,0.231550
-190.0553,5.5170,-327.9542,0.231767
-189.7527,5.5166,-327.6008,0.232040
-189.4486,5.5162,-327.2459,0.232313
-189.1736,5.5158,-326.9250,0.232559
-188.8666,5.5154,-326.5670,0.232834
-188.5580,5.5150,-326.2074,0.233109
-188.2788,5.5144,-325.8824,0.233364
-187.9675,5.5138,-325.5203,0.233643
-187.6563,5.5132,-325.1586,0.233920
-187.3758,5.5127,-324.8330,0.234176
-187.0627,5.5121,-324.4698,0.234455
-186.7493,5.5115,-324.1068,0.234739
-186.4663,5.5109,-323.7791,0.234990
-186.1503,5.5102,-323.4139,0.235273
-185.8329,5.5098,-323.0477,0.235559
-185.5141,5.5093,-322.6805,0.235843
-185.1938,5.5089,-322.3123,0.236125
-184.9044,5.5086,-321.9799,0.236386
-184.5815,5.5082,-321.6097,0.236676
-184.2895,5.5078,-321.2757,0.236936
-183.9638,5.5075,-320.9034,0.237227
-183.6367,5.5071,-320.5302,0.237519
-183.3080,5.5067,-320.1560,0.237811
-183.0108,5.5065,-319.8184,0.238076
-182.6841,5.5003,-319.4380,0.238371
-182.3508,5.5003,-319.0612,0.238666
-182.0496,5.5002,-318.7211,0.238936
-181.7140,5.5002,-318.3419,0.239232
-181.4108,5.5002,-317.9997,0.239503
-181.0723,5.5002,-317.6186,0.239803
-180.7324,5.5002,-317.2365,0.240103
-180.4257,5.5002,-316.8913,0.240379
-180.0834,5.5003,-316.5071,0.240677
-179.7397,5.5003,-316.1222,0.240985
-179.4289,5.5004,-315.7751,0.241259
-179.1167,5.5004,-315.4276,0.241537
-178.8380,5.5004,-315.1183,0.241780
-178.4878,5.5005,-314.7314,0.242085
-178.1710,5.5005,-314.3829,0.242364
-177.8526,5.5005,-314.0339,0.242646
-177.4971,5.5006,-313.6458,0.242956
-177.1754,5.5006,-313.2960,0.243236
-176.8162,5.5007,-312.9069,0.243548
-176.4550,5.5007,-312.5174,0.243860
-176.1283,5.5007,-312.1663,0.244143
-175.7635,5.5007,-311.7757,0.244455
-175.3968,5.5008,-311.3845,0.244776
-175.0281,5.5008,-310.9926,0.245089
-174.6577,5.5008,-310.6000,0.245409
-174.2856,5.5008,-310.2065,0.245729
-173.9867,5.5009,-309.8911,0.245986
-173.6492,5.5009,-309.5354,0.246275
-173.3105,5.5009,-309.1788,0.246563
-172.9328,5.5009,-308.7817,0.246887
-172.5916,5.5009,-308.4234,0.247177
-172.2111,5.5010,-308.0243,0.247501
-171.8674,5.5010,-307.6643,0.247793
-171.4842,5.5010,-307.2635,0.248118
-171.0995,5.5010,-306.8617,0.248444
-170.7520,5.5010,-306.4994,0.248740
-170.3645,5.5010,-306.0958,0.249071
-170.0145,5.5011,-305.7319,0.249368
-169.6243,5.5011,-305.3266,0.249697
-169.2326,5.5011,-304.9204,0.250028
-168.8789,5.5011,-304.5541,0.250326
-168.4845,5.5011,-304.1461,0.250655
-168.0887,5.5011,-303.7372,0.250992
-167.7313,5.5011,-303.3682,0.251288
-167.3329,5.5012,-302.9572,0.251630
-166.9333,5.5012,-302.5451,0.251965
-166.5725,5.5012,-302.1732,0.252271
-166.1705,5.5012,-301.7589,0.252606
-165.8076,5.5012,-301.3851,0.252911
-165.4032,5.5012,-300.9687,0.253252
-164.9976,5.5012,-300.5513,0.253593
-164.6721,5.5012,-300.2166,0.253869
-164.2642,5.5013,-299.7973,0.254209
-163.8550,5.5013,-299.3770,0.254551
-163.4855,5.5013,-298.9979,0.254863
-163.1151,5.5013,-298.6180,0.255170
-162.7022,5.5013,-298.1950,0.255517
-162.3292,5.5013,-297.8137,0.255833
-161.9139,5.5013,-297.3888,0.256180
-161.5390,5.5013,-297.0055,0.256498
-161.1213,5.5013,-296.5786,0.256845
-160.7442,5.5013,-296.1935,0.257161
-160.3240,5.5013,-295.7646,0.257512
-159.9027,5.5013,-295.3346,0.257865
-159.5225,5.5013,-294.9466,0.258184
-159.0989,5.5013,-294.5144,0.258533
-158.7166,5.5013,-294.1244,0.258853
-158.3335,5.5013,-293.7336,0.259181
-157.9066,5.5013,-293.2982,0.259532
-157.5215,5.5013,-292.9053,0.259859
-157.0925,5.5013,-292.4678,0.260218
-156.7054,5.5013,-292.0730,0.260540
-156.2743,5.5013,-291.6333,0.260904
-155.8853,5.5013,-291.2366,0.261226
-155.4520,5.5013,-290.7947,0.261590
-155.0176,5.5013,-290.3517,0.261953
-154.6258,5.5013,-289.9521,0.262281
-154.2330,5.5013,-289.5516,0.262612
-153.7955,5.5013,-289.1055,0.262977
-153.4008,5.5013,-288.7030,0.263305
-153.0052,5.5013,-288.2996,0.263635
-152.5647,5.5013,-287.8503,0.264007
-152.1672,5.5013,-287.4449,0.264338
-151.7689,5.5013,-287.0387,0.264672
-151.3252,5.5013,-286.5863,0.265039
-150.9250,5.5013,-286.1783,0.265377
-150.4792,5.5013,-285.7239,0.265751
-150.0324,5.5013,-285.2684,0.266124
-149.6292,5.5013,-284.8575,0.266460
-149.1802,5.5013,-284.4000,0.266835
-148.7751,5.5013,-283.9873,0.267175
-148.3691,5.5013,-283.5738,0.267512
-147.9169,5.5013,-283.1133,0.267892
-147.5090,5.5013,-282.6980,0.268233
-147.1002,5.5013,-282.2818,0.268575
-146.6449,5.5013,-281.8183,0.268953
-146.2342,5.5013,-281.4003,0.269295
-145.7768,5.5013,-280.9348,0.269677
-145.3642,5.5013,-280.5149,0.270024
-144.9046,5.5013,-280.0474,0.270404
-144.4901,5.5013,-279.6257,0.270755
-144.0285,5.5013,-279.1562,0.271141
-143.6121,5.5013,-278.7326,0.271489
-143.1484,5.5013,-278.2610,0.271877
-142.7302,5.5013,-277.8358,0.272224
-142.3110,5.5013,-277.4096,0.272576
-141.8442,5.5013,-276.9351,0.272966
-141.4232,5.5013,-276.5072,0.273317
-140.9543,5.5013,-276.0308,0.273706
-140.5313,5.5013,-275.6012,0.274061
-140.0603,5.5013,-275.1229,0.274456
-139.6355,5.5013,-274.6915,0.274807
-139.1624,5.5013,-274.2112,0.275202
-138.7357,5.5013,-273.7780,0.275559
-138.3081,5.5013,-273.3440,0.275916
-137.8319,5.5013,-272.8608,0.276312
-137.4024,5.5013,-272.4250,0.276671
-136.9242,5.5013,-271.9398,0.277072
-136.4449,5.5013,-271.4536,0.277467
-136.0127,5.5013,-271.0151,0.277827
-135.5795,5.5013,-270.5757,0.278191
-135.0973,5.5013,-270.0866,0.278594
-134.6623,5.5013,-269.6455,0.278957
-134.1780,5.5013,-269.1544,0.279360
-133.7412,5.5013,-268.7114,0.279723
-133.2550,5.5013,-268.2183,0.280128
-132.8164,5.5013,-267.7736,0.280495
-132.3771,5.5013,-267.3280,0.280860
-131.8879,5.5013,-266.8320,0.281269
-131.4467,5.5013,-266.3846,0.281635
-131.0048,5.5013,-265.9365,0.282004
-130.5127,5.5013,-265.4376,0.282408
-130.0689,5.5013,-264.9877,0.282781
-129.5749,5.5013,-264.4868,0.283194
-129.1294,5.5013,-264.0351,0.283565
-128.6334,5.5013,-263.5323,0.283979
-128.1862,5.5013,-263.0789,0.284352
-127.7381,5.5013,-262.6246,0.284727
-127.2392,5.5013,-262.1190,0.285142
-126.7393,5.5013,-261.6123,0.285559
-126.2885,5.5013,-261.1554,0.285936
-125.8369,5.5013,-260.6977,0.286312
-125.3341,5.5013,-260.1880,0.286732
-124.8808,5.5013,-259.7285,0.287110
-124.3761,5.5013,-259.2168,0.287530
-123.9212,5.5013,-258.7554,0.287910
-123.4148,5.5013,-258.2417,0.288333
-122.9582,5.5013,-257.7784,0.288711
-122.4501,5.5013,-257.2625,0.289134
-121.9920,5.5013,-256.7972,0.289518
-121.4821,5.5013,-256.2791,0.289941
-121.0225,5.5013,-255.8119,0.290327
-120.5110,5.5013,-255.2918,0.290752
-120.0499,5.5013,-254.8227,0.291139
-119.5881,5.5013,-254.3526,0.291525
-119.0741,5.5013,-253.8293,0.291955
-118.6108,5.5013,-253.3574,0.292343
-118.0952,5.5013,-252.8319,0.292774
-117.6304,5.5013,-252.3581,0.293163
-117.1132,5.5013,-251.8305,0.293594
-116.6470,5.5013,-251.3548,0.293985
-116.1281,5.5013,-250.8252,0.294419
-115.6604,5.5013,-250.3477,0.294811
-115.1398,5.5013,-249.8162,0.295245
-114.6704,5.5013,-249.3370,0.295638
-114.1480,5.5013,-248.8036,0.296075
-113.6246,5.5013,-248.2693,0.296514
-113.1528,5.5013,-247.7876,0.296910
-112.6802,5.5013,-247.3051,0.297304
-112.2068,5.5013,-246.8218,0.297700
-111.6799,5.5013,-246.2839,0.298145
-111.1521,5.5013,-245.7451,0.298583
-110.7291,5.5013,-245.3133,0.298940
-110.1995,5.5013,-244.7728,0.299382
-109.7221,5.5013,-244.2854,0.299779
-109.1906,5.5013,-243.7431,0.300223
-108.7114,5.5013,-243.2543,0.300624
-108.2315,5.5013,-242.7646,0.301028
-107.7508,5.5013,-242.2742,0.301430
-107.2157,5.5013,-241.7285,0.301878
-106.7334,5.5013,-241.2365,0.302284
-106.2502,5.5013,-240.7438,0.302689
-105.7124,5.5013,-240.1955,0.303139
-105.1737,5.5013,-239.6463,0.303589
-104.6880,5.5013,-239.1512,0.303995
-104.2015,5.5013,-238.6554,0.304402
-103.6601,5.5013,-238.1037,0.304855
-103.1720,5.5013,-237.6063,0.305263
-102.6831,5.5013,-237.1082,0.305673
-102.1935,5.5013,-236.6094,0.306078
-101.7031,5.5013,-236.1098,0.306491
-101.1573,5.5013,-235.5539,0.306946
-100.6653,5.5013,-235.0528,0.307360
-100.1177,5.5013,-234.4952,0.307816
-99.6240,5.5013,-233.9927,0.308228
-99.0747,5.5013,-233.4334,0.308688
-98.5794,5.5013,-232.9293,0.309100
-98.0834,5.5013,-232.4244,0.309516
-97.5314,5.5013,-231.8627,0.309975
-97.0338,5.5013,-231.3563,0.310393
-96.5354,5.5013,-230.8492,0.310808
-95.9809,5.5013,-230.2849,0.311273
-95.4810,5.5013,-229.7762,0.311690
-94.9804,5.5013,-229.2669,0.312107
-94.4790,5.5013,-228.7568,0.312528
-93.9212,5.5013,-228.1892,0.312992
-93.3624,5.5013,-227.6206,0.313460
-92.8587,5.5013,-227.1082,0.313880
-92.2983,5.5013,-226.5380,0.314348
-91.7931,5.5013,-226.0240,0.314773
-91.2873,5.5013,-225.5094,0.315194
-90.7807,5.5013,-224.9940,0.315615
-90.2170,5.5013,-224.4204,0.316087
-89.7089,5.5013,-223.9035,0.316512
-89.2002,5.5013,-223.3859,0.316935
-88.6341,5.5013,-222.8099,0.317409
-88.1239,5.5013,-222.2907,0.317835
-87.6129,5.5013,-221.7709,0.318260
-87.0444,5.5013,-221.1924,0.318736
-86.5321,5.5013,-220.6710,0.319165
-85.9620,5.5013,-220.0908,0.319641
-85.4482,5.5013,-219.5679,0.320070
-84.9337,5.5013,-219.0443,0.320499
-84.4186,5.5013,-218.5200,0.320927
-83.9027,5.5013,-217.9949,0.321362
-83.3288,5.5013,-217.4107,0.321839
-82.8116,5.5013,-216.8841,0.322274
-82.2937,5.5013,-216.3569,0.322704
-81.7751,5.5013,-215.8289,0.323138
-81.1982,5.5013,-215.2414,0.323621
-80.6782,5.5013,-214.7120,0.324052
-80.0997,5.5013,-214.1229,0.324537
-79.5784,5.5013,-213.5919,0.324973
-78.9983,5.5013,-213.0012,0.325457
-78.4756,5.5013,-212.4688,0.325896
-77.9522,5.5013,-211.9356,0.326331
-77.3699,5.5013,-211.3424,0.326819
-76.8452,5.5013,-210.8078,0.327255
-76.3198,5.5013,-210.2725,0.327696
-75.7938,5.5013,-209.7365,0.328137
-75.2671,5.5013,-209.1998,0.328576
-74.6812,5.5013,-208.6026,0.329065
-74.1532,5.5013,-208.0644,0.329506
-73.5658,5.5013,-207.4657,0.329997
-73.0365,5.5013,-206.9260,0.330440
-72.5065,5.5013,-206.3857,0.330883
-71.9170,5.5013,-205.7846,0.331375
-71.3857,5.5013,-205.2429,0.331820
-70.7948,5.5013,-204.6402,0.332316
-70.2622,5.5013,-204.0970,0.332755
-69.7291,5.5013,-203.5532,0.333202
-69.1953,5.5013,-203.0087,0.333648
-68.6016,5.5013,-202.4030,0.334147
-68.0665,5.5013,-201.8570,0.334598
-67.4714,5.5013,-201.2497,0.335092
-66.8755,5.5013,-200.6415,0.335592
-66.3386,5.5013,-200.0935,0.336040
-65.7412,5.5013,-199.4838,0.336542
-65.2030,5.5013,-198.9343,0.336990
-64.6643,5.5013,-198.3843,0.337441
-64.1249,5.5013,-197.8336,0.337894
-63.5849,5.5013,-197.2822,0.338345
-62.9842,5.5013,-196.6688,0.338847
-62.4429,5.5013,-196.1161,0.339301
-61.8408,5.5013,-195.5012,0.339805
-61.2983,5.5013,-194.9472,0.340256
-60.7552,5.5013,-194.3925,0.340710
-60.1511,5.5013,-193.7754,0.341218
-59.6673,5.5013,-193.2812,0.341623
-59.1224,5.5013,-192.7246,0.342080
-58.5769,5.5013,-192.1673,0.342535
-57.9701,5.5013,-191.5475,0.343044
-57.4234,5.5013,-190.9890,0.343503
-56.8761,5.5013,-190.4298,0.343961
-56.2673,5.5013,-189.8078,0.344469
-55.7187,5.5013,-189.2474,0.344930
-55.1696,5.5013,-188.6863,0.345390
-54.5588,5.5013,-188.0622,0.345900
-54.0084,5.5013,-187.4999,0.346361
-53.3961,5.5013,-186.8745,0.346874
-52.8444,5.5013,-186.3110,0.347335
-52.2921,5.5013,-185.7469,0.347796
-51.7392,5.5013,-185.1823,0.348260
-51.1241,5.5013,-184.5543,0.348775
-50.5699,5.5013,-183.9884,0.349237
-50.0151,5.5013,-183.4221,0.349703
-49.3979,5.5013,-182.7921,0.350220
-48.8418,5.5013,-182.2246,0.350684
-48.2850,5.5013,-181.6565,0.351150
-47.7277,5.5013,-181.0878,0.351616
-47.1077,5.5013,-180.4553,0.352137
-46.5490,5.5013,-179.8855,0.352603
-45.9276,5.5013,-179.2518,0.353123
-45.3054,5.5013,-178.6173,0.353644
-44.7448,5.5013,-178.0458,0.354113
-44.1835,5.5013,-177.4737,0.354582
-43.6217,5.5013,-176.9010,0.355053
-42.9967,5.5013,-176.2642,0.355575
-42.4336,5.5013,-175.6904,0.356046
-41.8698,5.5013,-175.1162,0.356519
-41.2426,5.5013,-174.4777,0.357042
-40.6775,5.5013,-173.9024,0.357515
-40.0489,5.5013,-173.2627,0.358040
-39.4825,5.5013,-172.6865,0.358513
-38.8524,5.5013,-172.0457,0.359041
-38.2846,5.5013,-171.4685,0.359513
-37.7161,5.5013,-170.8909,0.359989
-37.1471,5.5013,-170.3127,0.360464
-36.5140,5.5013,-169.6699,0.360993
-35.9435,5.5013,-169.0908,0.361472
-35.3725,5.5013,-168.5113,0.361946
-34.7371,5.5013,-167.8669,0.362475
-34.1646,5.5013,-167.2865,0.362956
-33.5915,5.5013,-166.7057,0.363434
-33.0177,5.5013,-166.1245,0.363911
-32.3793,5.5013,-165.4782,0.364443
-31.7401,5.5013,-164.8316,0.364977
-31.1640,5.5013,-164.2492,0.365457
-30.5872,5.5013,-163.6665,0.365938
-30.0098,5.5013,-163.0835,0.366421
-29.4316,5.5013,-162.5001,0.366899
-28.7883,5.5013,-161.8515,0.367437
-28.2086,5.5013,-161.2675,0.367916
-27.6282,5.5013,-160.6831,0.368400
-27.0471,5.5013,-160.0984,0.368883
-26.4005,5.5013,-159.4484,0.369421
-25.8179,5.5013,-158.8630,0.369905
-25.1696,5.5013,-158.2123,0.370443
-24.5855,5.5013,-157.6264,0.370928
-24.0006,5.5013,-157.0402,0.371407
-23.3500,5.5013,-156.3886,0.371949
-22.7636,5.5013,-155.8019,0.372434
-22.1766,5.5013,-155.2150,0.372924
-21.5236,5.5013,-154.5625,0.373465
-20.9351,5.5013,-153.9751,0.373954
-20.3460,5.5013,-153.3874,0.374439
-19.6906,5.5013,-152.7342,0.374981
-19.1001,5.5013,-152.1462,0.375467
-18.5091,5.5013,-151.5581,0.375957
-17.8519,5.5013,-150.9048,0.376502
-17.2602,5.5013,-150.3170,0.376988
-16.6028,5.5013,-149.6644,0.377531
-16.0113,5.5013,-149.0778,0.378019
-15.3545,5.5013,-148.4269,0.378559
-14.7638,5.5013,-147.8420,0.379048
-14.1736,5.5013,-147.2581,0.379533
-13.5185,5.5013,-146.6104,0.380072
-12.9296,5.5013,-146.0288,0.380556
-12.2763,5.5013,-145.3841,0.381094
-11.6893,5.5013,-144.8053,0.381576
-11.1033,5.5013,-144.2279,0.382058
-10.4532,5.5013,-143.5880,0.382592
-9.8690,5.5013,-143.0135,0.383072
-9.2211,5.5013,-142.3767,0.383605
-8.6390,5.5013,-141.8050,0.384081
-7.9932,5.5013,-141.1714,0.384610
-7.4131,5.5013,-140.6025,0.385087
-6.8339,5.5013,-140.0349,0.385560
-6.2556,5.5013,-139.4685,0.386036
-5.6143,5.5013,-138.8406,0.386560
-5.0382,5.5013,-138.2769,0.387032
-4.4630,5.5013,-137.7144,0.387503
-3.8888,5.5013,-137.1530,0.387972
-3.2521,5.5013,-136.5306,0.388495
-2.6801,5.5013,-135.9717,0.388961
-2.0458,5.5013,-135.3520,0.389481
-1.4760,5.5013,-134.7954,0.389946
-0.9073,5.5013,-134.2399,0.390411
-0.2768,5.5013,-133.6238,0.390928
0.2895,5.5013,-133.0704,0.391390
0.8547,5.5013,-132.5181,0.391853
1.4813,5.5013,-131.9055,0.392366
2.0440,5.5013,-131.3552,0.392831
2.6056,5.5013,-130.8058,0.393288
3.2281,5.5013,-130.1966,0.393800
3.7872,5.5013,-129.6492,0.394252
4.4069,5.5013,-129.0421,0.394760
4.9633,5.5013,-128.4967,0.395215
5.5799,5.5013,-127.8919,0.395720
6.1334,5.5013,-127.3485,0.396174
6.6855,5.5013,-126.8063,0.396628
7.2361,5.5013,-126.2651,0.397078
7.8460,5.5013,-125.6653,0.397580
8.3931,5.5013,-125.1267,0.398027
8.9385,5.5013,-124.5895,0.398476
9.5425,5.5013,-123.9943,0.398973
10.0842,5.5013,-123.4601,0.399416
10.6838,5.5013,-122.8684,0.399911
11.2216,5.5013,-122.3375,0.400350
11.8168,5.5013,-121.7496,0.400841
12.3506,5.5013,-121.2222,0.401279
12.9414,5.5013,-120.6381,0.401765
13.4711,5.5013,-120.1143,0.402200
13.9988,5.5013,-119.5920,0.402636
14.5247,5.5013,-119.0716,0.403073
15.1067,5.5013,-118.4953,0.403548
15.6284,5.5013,-117.9785,0.403979
16.1482,5.5013,-117.4636,0.404404
16.7233,5.5013,-116.8938,0.404877
17.2387,5.5013,-116.3830,0.405301
17.8091,5.5013,-115.8178,0.405770
18.3203,5.5013,-115.3113,0.406193
18.8860,5.5013,-114.7509,0.406658
19.3931,5.5013,-114.2489,0.407074
19.8984,5.5013,-113.7490,0.407491
20.4018,5.5013,-113.2513,0.407904
20.9590,5.5013,-112.7007,0.408362
21.4585,5.5013,-112.2075,0.408774
21.9563,5.5013,-111.7165,0.409183
22.4523,5.5013,-111.2275,0.409590
23.0013,5.5013,-110.6868,0.410042
23.4935,5.5013,-110.2025,0.410444
24.0384,5.5013,-109.6669,0.410893
24.5270,5.5013,-109.1871,0.411295
25.0138,5.5013,-108.7096,0.411694
25.4988,5.5013,-108.2343,0.412093
25.9821,5.5013,-107.7612,0.412488
26.5170,5.5013,-107.2382,0.412922
26.9966,5.5013,-106.7699,0.413312
27.5273,5.5013,-106.2523,0.413748
28.0030,5.5013,-105.7890,0.414132
28.4769,5.5013,-105.3282,0.414524
29.0012,5.5013,-104.8190,0.414949
29.4712,5.5013,-104.3634,0.415334
29.9911,5.5013,-103.8601,0.415756
30.4570,5.5013,-103.4098,0.416138
30.9211,5.5013,-102.9619,0.416512
31.4348,5.5013,-102.4669,0.416930
31.8952,5.5013,-102.0240,0.417303
32.3539,5.5013,-101.5833,0.417678
32.8635,5.5013,-101.0946,0.418091
33.3217,5.5013,-100.6558,0.418464
33.8286,5.5013,-100.1711,0.418870
34.2824,5.5013,-99.7379,0.419236
34.7340,5.5013,-99.3076,0.419601
35.2328,5.5013,-98.8330,0.420008
35.7287,5.5013,-98.3619,0.420404
36.1725,5.5013,-97.9410,0.420760
36.6628,5.5013,-97.4767,0.421158
37.1016,5.5013,-97.0620,0.421508
37.5378,5.5013,-96.6501,0.421859
38.0196,5.5013,-96.1959,0.422246
38.4506,5.5013,-95.7901,0.422593
38.8789,5.5013,-95.3873,0.422935
39.3517,5.5013,-94.9430,0.423316
39.7744,5.5013,-94.5461,0.423657
40.2411,5.5013,-94.1083,0.424028
40.6583,5.5013,-93.7173,0.424364
41.0728,5.5013,-93.3291,0.424695
41.5303,5.5013,-92.9010,0.425059
41.9393,5.5013,-92.5186,0.425389
42.3457,5.5013,-92.1389,0.425714
42.7494,5.5013,-91.7620,0.426037
43.1949,5.5013,-91.3463,0.426391
43.5930,5.5013,-90.9751,0.426716
43.9885,5.5013,-90.6065,0.427031
44.4249,5.5013,-90.2001,0.427381
44.8149,5.5013,-89.8371,0.427690
45.2022,5.5013,-89.4767,0.427997
45.6294,5.5013,-89.0793,0.428337
46.0534,5.5013,-88.6851,0.428675
46.4322,5.5013,-88.3330,0.428976
46.8502,5.5013,-87.9446,0.429313
47.2242,5.5013,-87.5971,0.429611
47.5963,5.5013,-87.2513,0.429908
48.0080,5.5014,-86.8688,0.430235
48.3769,5.5014,-86.5260,0.430530
48.7852,5.5014,-86.1466,0.430854
49.1514,5.5014,-85.8063,0.431146
49.5570,5.5014,-85.4294,0.431474
49.9208,5.5014,-85.0912,0.431763
50.3237,5.5014,-84.7166,0.432087
50.6852,5.5014,-84.3804,0.432373
51.0856,5.5014,-84.0080,0.432692
51.4449,5.5014,-83.6738,0.432982
51.8030,5.5014,-83.3405,0.433268
52.2001,5.5014,-82.9710,0.433583
52.5565,5.5014,-82.6393,0.433869
52.9514,5.5014,-82.2718,0.434187
53.3451,5.5014,-81.9056,0.434499
53.6998,5.5014,-81.5755,0.434789
54.0549,5.5014,-81.2451,0.435068
54.4480,5.5015,-80.8792,0.435380
54.7997,5.5015,-80.5518,0.435659
55.1882,5.5015,-80.1899,0.435972
55.5404,5.5065,-79.8713,0.436250
55.9243,5.5070,-79.5145,0.436556
56.2679,5.5074,-79.1949,0.436833
56.6094,5.5079,-78.8769,0.437103
56.9868,5.5084,-78.5256,0.437406
57.3246,5.5088,-78.2109,0.437678
57.6607,5.5092,-77.8973,0.437944
58.0324,5.5096,-77.5501,0.438245
58.3659,5.5100,-77.2384,0.438515
58.7352,5.5105,-76.8928,0.438812
59.0663,5.5108,-76.5826,0.439065
59.4328,5.5113,-76.2388,0.439369
59.7613,5.5117,-75.9302,0.439631
60.1246,5.5122,-75.5881,0.439923
60.4503,5.5125,-75.2808,0.440186
60.7749,5.5128,-74.9742,0.440445
61.1342,5.5132,-74.6343,0.440737
61.4564,5.5135,-74.3291,0.440997
61.7774,5.5138,-74.0246,0.441255
62.0974,5.5141,-73.7209,0.441514
62.4516,5.5145,-73.3841,0.441802
62.7692,5.5147,-73.0817,0.442057
63.0854,5.5149,-72.7799,0.442318
63.4358,5.5150,-72.4455,0.442597
63.7849,5.5151,-72.1120,0.442885
64.0978,5.5154,-71.8127,0.443138
64.4442,5.5156,-71.4810,0.443416
64.7547,5.5158,-71.1833,0.443666
65.0641,5.5161,-70.8864,0.443917
65.3724,5.5163,-70.5903,0.444165
65.7137,5.5165,-70.2622,0.444439
66.0197,5.5167,-69.9678,0.444696
66.3246,5.5169,-69.6742,0.444943
66.6624,5.5172,-69.3491,0.445218
66.9651,5.5175,-69.0572,0.445465
67.3003,5.5178,-68.7340,0.445736
67.6010,5.5181,-68.4439,0.445985
67.9337,5.5184,-68.1225,0.446255
68.2322,5.5186,-67.8341,0.446499
68.5296,5.5189,-67.5465,0.446742
68.8590,5.5192,-67.2279,0.447002
69.1543,5.5194,-66.9419,0.447244
69.4487,5.5197,-66.6568,0.447484
69.7420,5.5199,-66.3726,0.447723
70.0664,5.5202,-66.0580,0.447990
70.3568,5.5204,-65.7761,0.448226
70.6777,5.5207,-65.4646,0.448487
70.9964,5.5209,-65.1551,0.448745
71.2812,5.5211,-64.8782,0.448970
71.5641,5.5213,-64.6030,0.449205
71.8761,5.5216,-64.2994,0.449456
72.1548,5.5218,-64.0279,0.449678
72.4316,5.5220,-63.7583,0.449905
72.7369,5.5222,-63.4607,0.450149
73.0096,5.5224,-63.1947,0.450365
73.2803,5.5226,-62.9304,0.450583
73.5492,5.5228,-62.6679,0.450792
73.8457,5.5230,-62.3783,0.451034
74.1401,5.5232,-62.0906,0.451270
74.4035,5.5233,-61.8331,0.451478
74.6948,5.5235,-61.5482,0.451708
74.9558,5.5237,-61.2928,0.451916
75.2447,5.5239,-61.0101,0.452144
75.5038,5.5241,-60.7562,0.452352
75.7625,5.5242,-60.5027,0.452554
76.0495,5.5244,-60.2214,0.452782
76.3074,5.5246,-59.9684,0.452982
76.5649,5.5247,-59.7158,0.453185
76.8507,5.5249,-59.4354,0.453413
77.1075,5.5250,-59.1831,0.453609
77.3924,5.5252,-58.9031,0.453831
77.6484,5.5253,-58.6512,0.454025
77.9324,5.5255,-58.3716,0.454246
78.1877,5.5256,-58.1201,0.454449
78.4425,5.5258,-57.8689,0.454643
78.7253,5.5259,-57.5899,0.454862
78.9794,5.5260,-57.3390,0.455059
79.2331,5.5262,-57.0883,0.455250
79.5146,5.5263,-56.8098,0.455467
79.7675,5.5264,-56.5593,0.455660
80.0480,5.5265,-56.2810,0.455871
80.3277,5.5266,-56.0025,0.456087
80.5790,5.5266,-55.7520,0.456278
80.8576,5.5266,-55.4734,0.456486
81.0798,5.5266,-55.2505,0.456649
81.3566,5.5266,-54.9720,0.456865
81.6047,5.5265,-54.7213,0.457043
81.8792,5.5264,-54.4431,0.457255
82.1250,5.5264,-54.1929,0.457442
82.3698,5.5263,-53.9429,0.457621
82.6403,5.5262,-53.6653,0.457821
82.8825,5.5261,-53.4158,0.458005
83.1502,5.5260,-53.1386,0.458206
83.4164,5.5259,-52.8617,0.458401
83.6810,5.5258,-52.5848,0.458600
83.9179,5.5256,-52.3355,0.458776
84.1800,5.5255,-52.0583,0.458968
84.4406,5.5253,-51.7804,0.459163
84.6999,5.5251,-51.5018,0.459349
84.9322,5.5249,-51.2506,0.459523
85.1634,5.5246,-50.9987,0.459696
85.3935,5.5243,-50.7463,0.459861
85.6480,5.5240,-50.4653,0.460045
85.8758,5.5237,-50.2119,0.460217
86.1026,5.5232,-49.9581,0.460380
86.3533,5.5226,-49.6754,0.460571
86.5779,5.5220,-49.4205,0.460732
86.8261,5.5214,-49.1367,0.460914
87.0482,5.5208,-48.8808,0.461083
87.2938,5.5200,-48.5956,0.461259
87.5378,5.5193,-48.3097,0.461439
87.7561,5.5185,-48.0514,0.461598
87.9970,5.5177,-47.7634,0.461772
88.2122,5.5169,-47.5029,0.461931
88.4494,5.5159,-47.2123,0.462113
88.6609,5.5150,-46.9492,0.462268
88.8936,5.5139,-46.6554,0.462438
89.1239,5.5128,-46.3599,0.462612
89.3518,5.5116,-46.0628,0.462782
89.5545,5.5105,-45.7941,0.462935
89.7771,5.5092,-45.4943,0.463108
89.9962,5.5078,-45.1942,0.463278
90.1879,5.5065,-44.9270,0.463426
90.3958,5.5050,-44.6319,0.463587
90.5749,5.5013,-44.3616,0.463733
90.7759,5.5013,-44.0659,0.463895
90.9535,5.5013,-43.7989,0.464038
91.1474,5.5013,-43.5012,0.464211
91.3382,5.5013,-43.2024,0.464369
91.5075,5.5012,-42.9326,0.464509
91.6924,5.5012,-42.6322,0.464663
91.8558,5.5012,-42.3611,0.464808
92.0343,5.5012,-42.0591,0.464967
92.1922,5.5012,-41.7865,0.465109
92.3647,5.5012,-41.4828,0.465273
92.5173,5.5012,-41.2089,0.465405
92.6837,5.5012,-40.9038,0.465566
92.8306,5.5012,-40.6285,0.465704
92.9906,5.5012,-40.3218,0.465863
93.1317,5.5012,-40.0450,0.465992
93.2852,5.5012,-39.7365,0.466154
93.4349,5.5012,-39.4270,0.466304
93.5809,5.5012,-39.1166,0.466460
93.7090,5.5012,-38.8364,0.466603
93.8477,5.5012,-38.5243,0.466753
93.9559,5.5012,-38.2741,0.466874
94.0878,5.5012,-37.9606,0.467028
94.2033,5.5012,-37.6779,0.467167
94.3156,5.5012,-37.3946,0.467301
94.4366,5.5012,-37.0793,0.467451
94.5422,5.5012,-36.7950,0.467590
94.6558,5.5011,-36.4787,0.467745
94.7547,5.5010,-36.1936,0.467879
94.8505,5.5009,-35.9080,0.468016
94.9535,5.5008,-35.5898,0.468163
95.0431,5.5007,-35.3027,0.468305
95.1392,5.5006,-34.9826,0.468463
95.2227,5.5003,-34.6937,0.468591
95.3123,5.5000,-34.3714,0.468754
95.3900,5.4997,-34.0803,0.468880
95.4647,5.4995,-33.7884,0.469026
95.5445,5.4992,-33.4630,0.469171
95.6130,5.4988,-33.1694,0.469310
95.6790,5.4983,-32.8746,0.469446
95.7488,5.4979,-32.5463,0.469600
95.8150,5.4974,-32.2170,0.469757
95.8714,5.4970,-31.9198,0.469894
95.9304,5.4963,-31.5891,0.470052
95.9808,5.4958,-31.2902,0.470189
96.0331,5.4952,-30.9577,0.470341
96.0815,5.4946,-30.6251,0.470486
96.1216,5.4940,-30.3263,0.470625
96.1627,5.4931,-29.9941,0.470781
96.1964,5.4925,-29.6957,0.470920
96.2269,5.4920,-29.3977,0.471047
96.2572,5.4913,-29.0671,0.471207
96.2811,5.4903,-28.7704,0.471343
96.3044,5.4896,-28.4405,0.471487
96.3220,5.4890,-28.1440,0.471617
96.3382,5.4884,-27.8143,0.471761
96.3495,5.4874,-27.5179,0.471903
96.3589,5.4867,-27.1876,0.472049
96.3646,5.4860,-26.8576,0.472204
96.3666,5.4853,-26.5606,0.472342
96.3656,5.4845,-26.2631,0.472479
96.3612,5.4838,-25.9327,0.472631
96.3540,5.4833,-25.6355,0.472772
96.3427,5.4826,-25.3053,0.472923
96.3294,5.4819,-25.0078,0.473066
96.3111,5.4814,-24.6777,0.473224
96.2939,5.4810,-24.4137,0.473345
96.2692,5.4805,-24.0839,0.473500
96.2468,5.4801,-23.8202,0.473624
96.2158,5.4798,-23.4909,0.473788
96.1850,5.4795,-23.1948,0.473921
96.1514,5.4793,-22.8990,0.474061
96.1152,5.4791,-22.6035,0.474204
96.0718,5.4791,-22.2751,0.474364
96.0300,5.4792,-21.9801,0.474507
95.9803,5.4793,-21.6526,0.474659
95.9272,5.4795,-21.3255,0.474806
95.8708,5.4796,-20.9987,0.474969
95.8171,5.4803,-20.7045,0.475102
95.7610,5.4809,-20.4108,0.475247
95.6958,5.4816,-20.0848,0.475401
95.6279,5.4823,-19.7589,0.475554
95.5642,5.4833,-19.4652,0.475698
95.4989,5.4846,-19.1719,0.475829
95.4317,5.4858,-18.8786,0.475968
95.3549,5.4873,-18.5524,0.476121
95.2840,5.4885,-18.2588,0.476255
95.2024,5.4909,-17.9313,0.476413
95.1273,5.4931,-17.6370,0.476552
95.0501,5.4953,-17.3424,0.476698
94.9618,5.4976,-17.0150,0.476855
94.8796,5.5003,-16.7193,0.477002
94.7859,5.5041,-16.3906,0.477160
94.6898,5.5082,-16.0622,0.477318
94.6109,5.5115,-15.7994,0.477448
94.5098,5.5157,-15.4710,0.477612
94.4165,5.5195,-15.1756,0.477762
94.3104,5.5238,-14.8477,0.477931
94.2016,5.5279,-14.5204,0.478090
94.1013,5.5316,-14.2262,0.478241
93.9874,5.5357,-13.8999,0.478398
93.8707,5.5398,-13.5743,0.478570
93.7634,5.5436,-13.2817,0.478718
93.6418,5.5477,-12.9573,0.478876
93.5174,5.5518,-12.6337,0.479042
93.4161,5.5550,-12.3753,0.479180
93.2871,5.5591,-12.0532,0.479346
93.1555,5.5632,-11.7320,0.479508
93.0348,5.5669,-11.4437,0.479659
92.8984,5.5709,-11.1241,0.479822
92.7593,5.5749,-10.8054,0.479998
92.6320,5.5786,-10.5193,0.480149
92.4883,5.5826,-10.2022,0.480323
92.3567,5.5862,-9.9175,0.480475
92.2083,5.5903,-9.6021,0.480641
92.0576,5.5943,-9.2876,0.480806
91.9044,5.5982,-8.9740,0.480972
91.7861,5.6059,-8.7201,0.481108
91.6290,5.6109,-8.4081,0.481285
91.4855,5.6153,-8.1281,0.481434
91.3242,5.6202,-7.8176,0.481603
91.1774,5.6246,-7.5389,0.481755
91.0124,5.6293,-7.2299,0.481933
90.8456,5.6341,-6.9217,0.482102
90.6942,5.6383,-6.6449,0.482258
90.5073,5.6435,-6.3071,0.482444
90.3355,5.6481,-6.0001,0.482619
90.1621,5.6527,-5.6935,0.482797
90.0046,5.6569,-5.4177,0.482961
89.8279,5.6614,-5.1113,0.483131
89.6492,5.6659,-4.8049,0.483310
89.4866,5.6700,-4.5293,0.483470
89.3224,5.6739,-4.2537,0.483634
89.1378,5.6782,-3.9475,0.483813
88.9511,5.6825,-3.6413,0.484009
88.7813,5.6863,-3.3656,0.484163
88.5906,5.6905,-3.0594,0.484345
88.4172,5.6943,-2.7838,0.484514
88.2421,5.6980,-2.5081,0.484681
88.0653,5.7017,-2.2323,0.484853
87.8868,5.7054,-1.9562,0.485025
87.7067,5.7091,-1.6797,0.485196
87.5046,5.7133,-1.3721,0.485385
87.3415,5.7166,-1.1256,0.485540
87.1565,5.7203,-0.8478,0.485714
86.9909,5.7236,-0.6003,0.485869
86.7824,5.7277,-0.2901,0.486064
86.5722,5.7318,0.0211,0.486257
86.3604,5.7359,0.3334,0.486453
86.1898,5.7392,0.5842,0.486618
85.9752,5.7433,0.8991,0.486820
85.7592,5.7474,1.2157,0.487014
85.5418,5.7516,1.5342,0.487221
85.3232,5.7558,1.8546,0.487432
85.1474,5.7591,2.1124,0.487601
84.9488,5.7630,2.4040,0.487785
84.7714,5.7664,2.6645,0.487954
84.5710,5.7702,2.9594,0.488147
84.3472,5.7744,3.2892,0.488366
84.1447,5.7783,3.5879,0.488563
83.9184,5.7826,3.9218,0.488779
83.6906,5.7871,4.2579,0.488997
83.4613,5.7917,4.5961,0.489220
83.2536,5.7959,4.9021,0.489421
83.0214,5.8005,5.2441,0.489650
82.7876,5.8052,5.5882,0.489877
82.5760,5.8094,5.8997,0.490080
82.3631,5.8137,6.2128,0.490288
82.1251,5.8184,6.5626,0.490520
81.8855,5.8232,6.9146,0.490757
81.6925,5.8269,7.1975,0.490944
81.4500,5.8316,7.5533,0.491176
81.2305,5.8358,7.8754,0.491395
80.9849,5.8405,8.2354,0.491634
80.7378,5.8453,8.5976,0.491879
80.5139,5.8496,8.9254,0.492101
80.2637,5.8544,9.2918,0.492342
80.0118,5.8592,9.6605,0.492592
79.7838,5.8636,9.9942,0.492823
79.5289,5.8685,10.3670,0.493077
79.2723,5.8734,10.7421,0.493330
79.0658,5.8773,11.0437,0.493534
78.8324,5.8818,11.3850,0.493765
78.5711,5.8869,11.7659,0.494024
78.3345,5.8916,12.1106,0.494257
78.0697,5.8968,12.4956,0.494522
77.8566,5.9011,12.8050,0.494740
77.5885,5.9065,13.1937,0.495005
77.3185,5.9119,13.5843,0.495270
77.0738,5.9168,13.9376,0.495515
76.8001,5.9223,14.3319,0.495791
76.5246,5.9278,14.7283,0.496064
76.2471,5.9333,15.1266,0.496347
75.9959,5.9382,15.4867,0.496597
75.7150,5.9438,15.8887,0.496879
75.4322,5.9493,16.2926,0.497161
75.1760,5.9544,16.6578,0.497421
74.9184,5.9596,17.0245,0.497686
74.6594,5.9649,17.3927,0.497947
74.3698,5.9709,17.8036,0.498240
74.1076,5.9762,18.1749,0.498508
73.8146,5.9821,18.5892,0.498804
73.5197,5.9881,19.0053,0.499104
73.2528,5.9935,19.3813,0.499378
72.9546,5.9995,19.8008,0.499679
72.6545,6.0055,20.2219,0.499986
72.3528,6.0116,20.6450,0.500292
72.0493,6.0180,21.0700,0.500607
71.7748,6.0240,21.4538,0.500884
71.4683,6.0307,21.8819,0.501194
71.1603,6.0374,22.3118,0.501507
70.8508,6.0442,22.7436,0.501819
70.5711,6.0503,23.1338,0.502100
70.2886,6.0611,23.5886,0.502422
69.9408,6.0599,24.0033,0.502739
69.6579,6.0666,24.3991,0.503020
69.3419,6.0741,24.8400,0.503342
69.0236,6.0818,25.2823,0.503664
68.7035,6.0896,25.7260,0.503985
68.3819,6.0974,26.1713,0.504305
68.0914,6.1045,26.5736,0.504601
67.7675,6.1125,27.0225,0.504924
67.4423,6.1207,27.4731,0.505251
67.1485,6.1281,27.8802,0.505549
66.8208,6.1364,28.3343,0.505875
66.4919,6.1449,28.7903,0.506204
66.1949,6.1527,29.2022,0.506501
65.8639,6.1613,29.6617,0.506831
65.5650,6.1692,30.0769,0.507132
65.2318,6.1782,30.5401,0.507468
64.8977,6.1873,31.0051,0.507808
64.5960,6.1955,31.4253,0.508104
64.2934,6.2038,31.8472,0.508410
63.9563,6.2134,32.3176,0.508751
63.6859,6.2210,32.6953,0.509018
63.3478,6.2306,33.1680,0.509358
63.0104,6.2404,33.6404,0.509696
62.7059,6.2494,34.0671,0.510003
62.3664,6.2595,34.5432,0.510345
62.0269,6.2696,35.0200,0.510686
61.7206,6.2790,35.4506,0.510991
61.4138,6.2885,35.8824,0.511302
61.1064,6.2980,36.3156,0.511611
60.7640,6.3088,36.7987,0.511959
60.4211,6.3199,37.2834,0.512304
60.0774,6.3311,37.7698,0.512650
59.7331,6.3423,38.2579,0.512995
59.4226,6.3528,38.6988,0.513313
59.0770,6.3646,39.1901,0.513659
58.7654,6.3753,39.6338,0.513976
58.4184,6.3874,40.1286,0.514323
58.1057,6.3986,40.5752,0.514641
57.7576,6.4111,41.0730,0.514992
57.4087,6.4237,41.5727,0.515352
57.0942,6.4356,42.0238,0.515672
56.7442,6.4489,42.5265,0.516029
56.3935,6.4621,43.0309,0.516386
56.0420,6.4761,43.5372,0.516742
55.7253,6.4887,43.9940,0.517066
55.3727,6.5028,44.5032,0.517426
55.0548,6.5158,44.9630,0.517751
54.7010,6.5304,45.4754,0.518112
54.3821,6.5436,45.9379,0.518440
54.0272,6.5584,46.4534,0.518804
53.6716,6.5732,46.9705,0.519167
53.3511,6.5866,47.4373,0.519499
52.9944,6.6016,47.9575,0.519866
52.6371,6.6167,48.4794,0.520233
52.3151,6.6304,48.9504,0.520566
51.9567,6.6456,49.4754,0.520938
51.5977,6.6609,50.0019,0.521307
51.2742,6.6747,50.4772,0.521644
50.9141,6.6901,51.0069,0.522017
50.5896,6.7041,51.4850,0.522352
50.2285,6.7196,52.0177,0.522727
49.9031,6.7337,52.4985,0.523067
49.5409,6.7494,53.0343,0.523443
49.1783,6.7651,53.5717,0.523822
48.8514,6.7794,54.0567,0.524163
48.4878,6.7953,54.5972,0.524543
48.1236,6.8112,55.1392,0.524922
47.7953,6.8256,55.6284,0.525265
47.4302,6.8417,56.1735,0.525653
47.1012,6.8561,56.6653,0.525993
46.7352,6.8723,57.2134,0.526382
46.3687,6.8886,57.7629,0.526770
46.0385,6.9032,58.2587,0.527117
45.6712,6.9196,58.8112,0.527505
45.3402,6.9344,59.3097,0.527855
44.9720,6.9508,59.8650,0.528244
44.6403,6.9657,60.3661,0.528595
44.3081,6.9806,60.8683,0.528949
44.0126,6.9939,61.3157,0.529262
43.6428,7.0106,61.8762,0.529655
43.3097,7.0257,62.3818,0.530010
42.9392,7.0424,62.9447,0.530403
42.6054,7.0575,63.4525,0.530760
42.2342,7.0744,64.0178,0.531156
41.8999,7.0896,64.5274,0.531512
41.5282,7.1065,65.0950,0.531908
41.1934,7.1219,65.6065,0.532266
40.8213,7.1389,66.1758,0.532664
40.5235,7.1525,66.6319,0.532981
40.1512,7.1697,67.2026,0.533382
39.8161,7.1851,67.7169,0.533739
39.4437,7.2022,68.2892,0.534139
39.1084,7.2177,68.8049,0.534500
38.7360,7.2350,69.3785,0.534900
38.3635,7.2522,69.9528,0.535300
38.0284,7.2678,70.4699,0.535661
37.6565,7.2852,71.0447,0.536061
37.3221,7.3006,71.5620,0.536422
36.9510,7.3180,72.1368,0.536822
36.6176,7.3337,72.6539,0.537180
36.2476,7.3510,73.2281,0.537581
35.8783,7.3683,73.8024,0.537982
35.5094,7.3857,74.3763,0.538380
35.1781,7.4013,74.8926,0.538739
34.8472,7.4168,75.4088,0.539097
34.4802,7.4343,75.9818,0.539495
34.1503,7.4499,76.4972,0.539848
33.7844,7.4672,77.0694,0.540258
33.4555,7.4828,77.5843,0.540603
33.0907,7.5003,78.1557,0.541004
32.7629,7.5159,78.6694,0.541362
32.3993,7.5331,79.2398,0.541758
32.0364,7.5505,79.8096,0.542151
31.7088,7.5663,80.3242,0.542509
31.3453,7.5835,80.8957,0.542904
30.9826,7.6010,81.4668,0.543301
30.6208,7.6184,82.0367,0.543696
30.2962,7.6341,82.5486,0.544051
29.9723,7.6496,83.0599,0.544403
29.6136,7.6670,83.6267,0.544797
29.2916,7.6826,84.1359,0.545148
28.9350,7.6997,84.7006,0.545538
28.6150,7.7153,85.2081,0.545889
28.2604,7.7326,85.7707,0.546279
27.9422,7.7481,86.2761,0.546630
27.5898,7.7651,86.8367,0.547017
27.2734,7.7806,87.3401,0.547365
26.9230,7.7978,87.8983,0.547749
26.6085,7.8132,88.3994,0.548097
26.2601,7.8302,88.9554,0.548480
25.9474,7.8456,89.4544,0.548824
25.6009,7.8626,90.0075,0.549204
25.2556,7.8795,90.5589,0.549587
24.9459,7.8948,91.0541,0.549929
24.6028,7.9117,91.6024,0.550305
24.2951,7.9269,92.0944,0.550646
23.9545,7.9436,92.6393,0.551023
23.6150,7.9604,93.1821,0.551395
23.2770,7.9771,93.7227,0.551767
22.9739,7.9921,94.2074,0.552104
22.6387,8.0086,94.7438,0.552476
22.3382,8.0235,95.2243,0.552784
22.0059,8.0400,95.7556,0.553175
21.7082,8.0547,96.2314,0.553500
21.4119,8.0693,96.7050,0.553824
21.0843,8.0856,97.2283,0.554185
20.7911,8.1001,97.6965,0.554506
20.4671,8.1161,98.2136,0.554865
20.1453,8.1320,98.7272,0.555219
19.8574,8.1463,99.1863,0.555538
19.5394,8.1620,99.6930,0.555887
19.2233,8.1777,100.1959,0.556232
18.9406,8.1916,100.6454,0.556543
18.6280,8.2071,101.1413,0.556887
18.3169,8.2224,101.6333,0.557228
18.0073,8.2376,102.1214,0.557567
17.7299,8.2512,102.5574,0.557868
17.4230,8.2662,103.0380,0.558199
17.1479,8.2796,103.4672,0.558494
16.8740,8.2928,103.8932,0.558789
16.5713,8.3075,104.3628,0.559115
16.2700,8.3221,104.8284,0.559438
15.9705,8.3365,105.2901,0.559761
15.7322,8.3480,105.6567,0.560015
15.4656,8.3608,106.0663,0.560302
15.1711,8.3749,106.5178,0.560619
14.9077,8.3875,106.9209,0.560899
14.6167,8.4014,107.3652,0.561211
14.3564,8.4139,107.7620,0.561488
14.0978,8.4262,108.1559,0.561759
13.8121,8.4398,108.5899,0.562061
13.5284,8.4533,109.0203,0.562361
13.2748,8.4653,109.4046,0.562632
12.9952,8.4786,109.8283,0.562930
12.7179,8.4918,110.2485,0.563223
12.4428,8.5048,110.6654,0.563516
12.1972,8.5165,111.0377,0.563777
11.9534,8.5280,111.4073,0.564034
11.6847,8.5408,111.8149,0.564325
11.4448,8.5522,112.1788,0.564573
11.1802,8.5647,112.5800,0.564857
10.9439,8.5759,112.9382,0.565106
10.6835,8.5883,113.3331,0.565380
10.4510,8.5993,113.6859,0.565626
10.1948,8.6115,114.0746,0.565898
9.9660,8.6224,114.4217,0.566139
9.7139,8.6343,114.8042,0.566408
9.4887,8.6450,115.1457,0.566645
9.2407,8.6568,115.5222,0.566911
9.0193,8.6673,115.8582,0.567145
8.7753,8.6788,116.2284,0.567402
8.5575,8.6891,116.5589,0.567632
8.3415,8.6994,116.8868,0.567860
8.1035,8.7107,117.2482,0.568109
7.8911,8.7208,117.5706,0.568331
7.6571,8.7318,117.9258,0.568581
7.4483,8.7417,118.2427,0.568801
7.2183,8.7526,118.5919,0.569046
6.9904,8.7634,118.9379,0.569285
6.8096,8.7720,119.2126,0.569476
6.5850,8.7826,119.5536,0.569711
6.3841,8.7921,119.8587,0.569923
6.1619,8.8026,120.1960,0.570155
5.9627,8.8120,120.4982,0.570362
5.7421,8.8225,120.8330,0.570592
5.5441,8.8319,121.1334,0.570804
5.3246,8.8422,121.4663,0.571034
5.1054,8.8526,121.7985,0.571263
4.9085,8.8619,122.0969,0.571471
4.6900,8.8722,122.4279,0.571699
4.4715,8.8825,122.7591,0.571926
4.2722,8.8919,123.0608,0.572135
4.0496,8.9024,123.3977,0.572365
3.8495,8.9118,123.7004,0.572571
3.6276,8.9222,124.0359,0.572803
3.4283,8.9316,124.3371,0.573010
3.2071,8.9420,124.6708,0.573239
3.0085,8.9513,124.9703,0.573445
2.7880,8.9616,125.3022,0.573668
2.5900,8.9708,125.6002,0.573873
2.3703,8.9811,125.9305,0.574097
2.1729,8.9903,126.2269,0.574295
1.9540,9.0005,126.5554,0.574527
1.7354,9.0106,126.8828,0.574739
1.5173,9.0207,127.2091,0.574960
1.3213,9.0298,127.5016,0.575158
1.1041,9.0399,127.8253,0.575378
0.8872,9.0498,128.1473,0.575595
0.6706,9.0598,128.4676,0.575811
0.4757,9.0686,128.7545,0.576005
0.2592,9.0785,129.0715,0.576213
0.0426,9.0882,129.3868,0.576426
-0.1525,9.0970,129.6688,0.576615
-0.3695,9.1066,129.9805,0.576822
-0.5652,9.1153,130.2595,0.577010
-0.7832,9.1248,130.5680,0.577212
-1.0021,9.1343,130.8750,0.577422
-1.1998,9.1428,131.1499,0.577599
-1.4204,9.1522,131.4537,0.577804
-1.6198,9.1606,131.7258,0.577989
-1.8425,9.1699,132.0264,0.578189
-2.0666,9.1791,132.3251,0.578392
-2.2921,9.1883,132.6217,0.578588
-2.5190,9.1974,132.9159,0.578786
-2.7473,9.2064,133.2074,0.578986
-2.9769,9.2153,133.4959,0.579183
-3.1616,9.2224,133.7246,0.579338
-3.3936,9.2311,134.0077,0.579528
-3.5801,9.2380,134.2320,0.579682
-3.8146,9.2466,134.5095,0.579870
-4.0269,9.2542,134.7564,0.580047
-4.2403,9.2617,135.0005,0.580214
-4.4548,9.2692,135.2417,0.580383
-4.6943,9.2773,135.5062,0.580570
-4.9351,9.2853,135.7671,0.580755
-5.1772,9.2932,136.0242,0.580935
-5.3960,9.3002,136.2524,0.581106
-5.6402,9.3079,136.5023,0.581287
-5.8609,9.3147,136.7241,0.581450
-6.0580,9.3207,136.9190,0.581594
-6.3057,9.3281,137.1600,0.581768
-6.5301,9.3347,137.3744,0.581927
-6.7558,9.3412,137.5863,0.582088
-7.0083,9.3483,137.8189,0.582269
-7.2627,9.3553,138.0485,0.582440
-7.5189,9.3622,138.2750,0.582619
-7.7511,9.3684,138.4760,0.582778
-7.9586,9.3738,138.6527,0.582918
-8.2194,9.3804,138.8705,0.583094
-8.4818,9.3870,139.0853,0.583269
-8.7192,9.3928,139.2760,0.583424
-8.9844,9.3991,139.4849,0.583602
-9.2510,9.4054,139.6908,0.583774
-9.4653,9.4103,139.8532,0.583914
-9.7344,9.4164,140.0534,0.584088
-10.0047,9.4224,140.2505,0.584260
-10.2764,9.4283,140.4444,0.584436
-10.5219,9.4335,140.6164,0.584586
-10.7959,9.4392,140.8045,0.584761
-11.0711,9.4447,140.9895,0.584930
-11.3197,9.4497,141.1533,0.585087
-11.5967,9.4551,141.3322,0.585259
-11.8746,9.4604,141.5079,0.585425
-12.1531,9.4655,141.6803,0.585591
-12.4047,9.4701,141.8329,0.585749
-12.6854,9.4751,141.9997,0.585919
-12.9673,9.4800,142.1638,0.586088
-13.2224,9.4844,142.3092,0.586240
-13.4788,9.4887,142.4525,0.586395
-13.7367,9.4929,142.5938,0.586549
-14.0249,9.4975,142.7485,0.586717
-14.3149,9.5021,142.9007,0.586889
-14.5481,9.5056,143.0207,0.587028
-14.8413,9.5100,143.1685,0.587196
-15.1362,9.5144,143.3137,0.587375
-15.4031,9.5182,143.4422,0.587531
-15.7011,9.5224,143.5824,0.587706
-15.9706,9.5261,143.7063,0.587862
-16.2110,9.5294,143.8146,0.588004
-16.4524,9.5326,143.9211,0.588144
-16.7553,9.5365,144.0518,0.588314
-17.0594,9.5403,144.1797,0.588488
-17.3033,9.5429,144.2788,0.588629
-17.6095,9.5456,144.4020,0.588806
-17.9176,9.5489,144.5237,0.588988
-18.2260,9.5531,144.6418,0.589169
-18.5356,9.5572,144.7571,0.589349
-18.8149,9.5608,144.8586,0.589511
-19.0947,9.5643,144.9580,0.589670
-19.3443,9.5675,145.0443,0.589822
-19.6252,9.5713,145.1400,0.589979
-19.8754,9.5746,145.2232,0.590120
-20.1580,9.5795,145.3145,0.590287
-20.4406,9.5837,145.4037,0.590444
-20.7240,9.5879,145.4909,0.590612
-20.9766,9.5915,145.5670,0.590753
-21.2614,9.5956,145.6512,0.590919
-21.5787,9.6001,145.7428,0.591100
-21.8333,9.6036,145.8146,0.591242
-22.1547,9.6103,145.9037,0.591419
-22.4110,9.6154,145.9708,0.591564
-22.7022,9.6200,146.0465,0.591732
-23.0279,9.6252,146.1295,0.591906
-23.3560,9.6303,146.2114,0.592094
-23.6201,9.6343,146.2760,0.592240
-23.8875,9.6395,146.3407,0.592388
-24.1885,9.6465,146.4106,0.592560
-24.5249,9.6539,146.4848,0.592749
-24.8653,9.6599,146.5587,0.592933
-25.1740,9.6653,146.6246,0.593108
-25.5193,9.6713,146.6971,0.593307
-25.8691,9.6802,146.7694,0.593501
-26.2196,9.6892,146.8387,0.593696
-26.5364,9.6964,146.8983,0.593873
-26.8922,9.7036,146.9645,0.594070
-27.2527,9.7113,147.0309,0.594281
-27.5407,9.7199,147.0827,0.594440
-27.8298,9.7284,147.1331,0.594598
-28.1545,9.7376,147.1870,0.594783
-28.4811,9.7454,147.2398,0.594965
-28.8108,9.7534,147.2921,0.595142
-29.1744,9.7661,147.3480,0.595348
-29.5019,9.7776,147.3967,0.595531
-29.7913,9.7870,147.4376,0.595690
-30.1550,9.7972,147.4883,0.595886
-30.5222,9.8103,147.5384,0.596079
-30.8492,9.8242,147.5819,0.596251
-31.2096,9.8392,147.6275,0.596450
-31.4988,9.8488,147.6634,0.596609
-31.8281,9.8598,147.7030,0.596780
-32.1158,9.8746,147.7376,0.596933
-32.4389,9.8911,147.7756,0.597108
-32.7222,9.9041,147.8073,0.597261
-33.0790,9.9179,147.8468,0.597459
-33.4036,9.9317,147.8816,0.597632
-33.7192,9.9472,147.9172,0.597815
-34.0412,9.9652,147.9514,0.597987
-34.3184,9.9784,147.9823,0.598143
-34.6732,9.9981,148.0191,0.598339
-34.9859,10.0188,148.0536,0.598518
-35.2584,10.0324,148.0838,0.598676
-35.5691,10.0471,148.1175,0.598854
-35.8442,10.0601,148.1478,0.599010
-36.1872,10.0767,148.1857,0.599210
-36.4600,10.0901,148.2161,0.599365
-36.7668,10.1054,148.2501,0.599542
-37.0718,10.1211,148.2838,0.599718
-37.3759,10.1367,148.3168,0.599898
-37.7129,10.1540,148.3533,0.600093
-38.0488,10.1713,148.3899,0.600289
-38.3505,10.1871,148.4229,0.600461
-38.6844,10.2050,148.4600,0.600654
-39.0171,10.2229,148.4971,0.600850
-39.3488,10.2408,148.5340,0.601042
-39.6464,10.2568,148.5672,0.601212
-39.9432,10.2727,148.6004,0.601386
-40.2727,10.2910,148.6371,0.601565
-40.5349,10.3058,148.6667,0.601716
-40.8288,10.3223,148.6998,0.601875
-41.1538,10.3406,148.7363,0.602064
-41.4769,10.3588,148.7728,0.602249
-41.7985,10.3770,148.8092,0.602433
-42.0855,10.3936,148.8421,0.602595
-42.4023,10.4120,148.8786,0.602779
-42.7168,10.4303,148.9150,0.602961
-42.9666,10.4448,148.9441,0.603109
-43.2461,10.4608,148.9768,0.603273
-43.5239,10.4767,149.0096,0.603433
-43.8006,10.4928,149.0426,0.603596
-44.0452,10.5072,149.0721,0.603744
-44.3192,10.5232,149.1053,0.603906
-44.5610,10.5373,149.1350,0.604050
-44.8635,10.5539,149.1724,0.604231
-45.1650,10.5705,149.2103,0.604414
-45.4652,10.5869,149.2490,0.604586
-45.7649,10.6036,149.2881,0.604770
-46.0031,10.6174,149.3202,0.604907
-46.2998,10.6345,149.3607,0.605090
-46.5937,10.6497,149.4016,0.605265
-46.8884,10.6645,149.4434,0.605445
-47.1525,10.6778,149.4818,0.605606
-47.4442,10.6925,149.5256,0.605780
-47.7338,10.7071,149.5703,0.605958
-47.9638,10.7187,149.6067,0.606097
-48.2209,10.7317,149.6484,0.606256
-48.5027,10.7453,149.6945,0.606427
-48.7848,10.7583,149.7439,0.606603
-49.0645,10.7713,149.7927,0.606772
-49.3149,10.7830,149.8376,0.606925
-49.5643,10.7947,149.8832,0.607084
-49.7853,10.8050,149.9244,0.607214
-50.0606,10.8178,149.9767,0.607386
-50.3349,10.8307,150.0299,0.607557
-50.6062,10.8411,150.0831,0.607723
-50.8511,10.8504,150.1330,0.607880
-51.0676,10.8587,150.1783,0.608014
-51.3099,10.8679,150.2307,0.608166
-51.5243,10.8761,150.2784,0.608300
-51.7686,10.8867,150.3318,0.608454
-52.0090,10.8999,150.3882,0.608604
-52.2733,10.9158,150.4519,0.608769
-52.5365,10.9316,150.5163,0.608935
-52.7945,10.9437,150.5829,0.609100
-53.0299,10.9539,150.6435,0.609252
-53.2641,10.9635,150.7039,0.609397
-53.5235,10.9735,150.7746,0.609563
-53.7536,10.9802,150.8399,0.609714
-54.0107,10.9875,150.9121,0.609877
-54.2668,10.9942,150.9858,0.610041
-54.4963,11.0046,151.0577,0.610190
-54.7219,11.0107,151.1272,0.610333
-54.9743,11.0170,151.2049,0.610495
-55.2257,11.0232,151.2843,0.610658
-55.4507,11.0288,151.3577,0.610803
-55.7275,11.0376,151.4525,0.610977
-55.9499,11.0474,151.5286,0.611121
-56.1914,11.0533,151.6134,0.611282
-56.4372,11.0591,151.6996,0.611443
-56.6609,11.0667,151.7815,0.611587
-56.9043,11.0768,151.8709,0.611747
-57.1430,11.0836,151.9604,0.611904
-57.3849,11.0896,152.0513,0.612062
-57.6287,11.0992,152.1467,0.612223
-57.8443,11.1083,152.2310,0.612367
-58.0779,11.1176,152.3241,0.612518
-58.3196,11.1240,152.4229,0.612676
-58.5326,11.1339,152.5096,0.612821
-58.7680,11.1450,152.6076,0.612975
-58.9973,11.1525,152.7056,0.613134
-59.2326,11.1634,152.8090,0.613291
-59.4637,11.1741,152.9107,0.613449
-59.6674,11.1820,153.0022,0.613592
-59.8749,11.1906,153.0976,0.613731
-60.1020,11.2003,153.2031,0.613889
-60.3274,11.2101,153.3107,0.614044
-60.5278,11.2176,153.4106,0.614186
-60.7500,11.2273,153.5210,0.614339
-60.9707,11.2370,153.6332,0.614492
-61.1896,11.2468,153.7473,0.614649
-61.4044,11.2560,153.8624,0.614801
-61.5979,11.2637,153.9690,0.614941
-61.7900,11.2716,154.0766,0.615076
-61.9808,11.2795,154.1859,0.615218
-62.1703,11.2876,154.2971,0.615353
-62.3779,11.2962,154.4204,0.615509
-62.5646,11.3024,154.5353,0.615647
-62.7502,11.3087,154.6518,0.615784
-62.9552,11.3159,154.7835,0.615938
-63.1599,11.3243,154.9157,0.616092
-63.3618,11.3318,155.0519,0.616246
-63.5421,11.3387,155.1763,0.616384
-63.7442,11.3485,155.3192,0.616543
-63.9203,11.3550,155.4418,0.616678
-64.1168,11.3626,155.5863,0.616831
-64.3121,11.3703,155.7333,0.616986
-64.4699,11.3789,155.8552,0.617109
-64.6610,11.3879,156.0026,0.617262
-64.8517,11.3967,156.1558,0.617415
-65.0036,11.4038,156.2801,0.617540
-65.1765,11.4143,156.4248,0.617680
-65.3634,11.4251,156.5788,0.617836
-65.5309,11.4330,156.7244,0.617978
-65.7155,11.4418,156.8882,0.618133
-65.9017,11.4530,157.0580,0.618288
-66.0645,11.4655,157.2094,0.618430
-66.2440,11.4757,157.3732,0.618583
-66.3869,11.4834,157.5104,0.618712
-66.5665,11.4939,157.6877,0.618868
-66.7406,11.5080,157.8630,0.619020
-66.9130,11.5218,158.0363,0.619175
-67.0674,11.5320,158.1973,0.619321
-67.2399,11.5443,158.3821,0.619472
-67.4089,11.5599,158.5661,0.619629
-67.5599,11.5739,158.7338,0.619773
-67.7273,11.5888,158.9188,0.619930
-67.8951,11.6025,159.1122,0.620092
-68.0440,11.6172,159.2861,0.620233
-68.2086,11.6336,159.4822,0.620393
-68.3561,11.6484,159.6608,0.620535
-68.5204,11.6641,159.8574,0.620702
-68.6850,11.6814,160.0645,0.620862
-68.8291,11.6930,160.2511,0.621012
-68.9906,11.7099,160.4603,0.621177
-69.1348,11.7254,160.6512,0.621327
-69.2625,11.7392,160.8231,0.621463
-69.4060,11.7549,161.0190,0.621611
-69.5656,11.7724,161.2397,0.621778
-69.7092,11.7882,161.4412,0.621932
-69.8682,11.8059,161.6685,0.622105
-70.0082,11.8209,161.8772,0.622266
-70.1648,11.8350,162.1086,0.622437
-70.3215,11.8485,162.3472,0.622616
-70.4620,11.8607,162.5652,0.622782
-70.5866,11.8716,162.7612,0.622925
-70.7418,11.8853,163.0093,0.623106
-70.8806,11.8976,163.2353,0.623272
-71.0033,11.9084,163.4391,0.623424
-71.1555,11.9220,163.6978,0.623608
-71.2915,11.9345,163.9341,0.623778
-71.4415,11.9483,164.2006,0.623967
-71.5907,11.9623,164.4711,0.624158
-71.7243,11.9747,164.7176,0.624335
-71.8722,11.9885,164.9957,0.624532
-72.0191,12.0024,165.2785,0.624728
-72.1502,12.0152,165.5363,0.624905
-72.3091,12.0308,165.8563,0.625131
-72.4380,12.0435,166.1217,0.625316
-72.5805,12.0575,166.4210,0.625521
-72.7081,12.0702,166.6942,0.625710
-72.8490,12.0845,167.0025,0.625921
-72.9891,12.0990,167.3152,0.626139
-73.1146,12.1121,167.6003,0.626332
-73.2537,12.1265,167.9218,0.626551
-73.3925,12.1410,168.2478,0.626776
-73.5170,12.1541,168.5452,0.626977
-73.6548,12.1690,168.8803,0.627202
-73.7925,12.1840,169.2194,0.627432
-73.9027,12.1958,169.4940,0.627634
-74.0406,12.2108,169.8413,0.627853
-74.1784,12.2259,170.1931,0.628092
-74.3158,12.2412,170.5496,0.628333
-74.4257,12.2535,170.8375,0.628528
-74.5633,12.2689,171.2019,0.628773
-74.7011,12.2844,171.5707,0.629021
-74.8250,12.2984,171.9065,0.629246
-74.9622,12.3142,172.2845,0.629496
-75.0856,12.3284,172.6279,0.629731
-75.2230,12.3443,173.0141,0.629987
-75.3467,12.3587,173.3654,0.630223
-75.4837,12.3747,173.7602,0.630482
-75.6188,12.3908,174.1601,0.630748
-75.7554,12.4069,174.5642,0.631018
-75.8787,12.4215,174.9317,0.631262
-75.9883,12.4346,175.2614,0.631479
-76.1254,12.4511,175.6777,0.631755
-76.2485,12.4658,176.0564,0.632003
-76.3858,12.4824,176.4812,0.632282
-76.5098,12.4976,176.8673,0.632538
-76.6477,12.5145,177.3005,0.632824
-76.7716,12.5298,177.6943,0.633083
-76.9089,12.5466,178.1363,0.633370
-77.0467,12.5638,178.5823,0.633660
-77.1707,12.5795,178.9874,0.633923
-77.3082,12.5969,179.4416,0.634215
-77.4175,12.6104,179.8080,0.634452
-77.5408,12.6263,180.2230,0.634718
-77.6642,12.6423,180.6412,0.634984
-77.8012,12.6601,181.1097,0.635287
-77.9239,12.6761,181.5339,0.635564
-78.0600,12.6936,182.0110,0.635866
-78.1826,12.7099,182.4427,0.636139
-78.3186,12.7281,182.9262,0.636446
-78.4405,12.7446,183.3649,0.636724
-78.5751,12.7622,183.8561,0.637035
-78.6962,12.7789,184.3013,0.637317
-78.8307,12.7974,184.7997,0.637624
-78.9514,12.8143,185.2517,0.637910
-79.0712,12.8303,185.7071,0.638199
-79.1913,12.8473,186.1655,0.638484
-79.3114,12.8643,186.6268,0.638773
-79.4448,12.8834,187.1434,0.639095
-79.5775,12.9019,187.6630,0.639417
-79.6968,12.9190,188.1356,0.639710
-79.8163,12.9364,188.6102,0.639999
-79.9356,12.9539,189.0881,0.640295
-80.0674,12.9732,189.6220,0.640618
-80.1858,12.9903,190.1074,0.640915
-80.3173,13.0100,190.6492,0.641249
-80.4487,13.0299,191.1950,0.641581
-80.5793,13.0494,191.7439,0.641919
-80.7095,13.0690,192.2983,0.642253
-80.8269,13.0871,192.7996,0.642557
-80.9571,13.1074,193.3604,0.642897
-81.0736,13.1252,193.8677,0.643207
-81.2028,13.1454,194.4366,0.643546
-81.3194,13.1638,194.9510,0.643856
-81.4486,13.1844,195.5264,0.644201
-81.5641,13.2025,196.0456,0.644510
-81.6913,13.2231,196.6237,0.644861
-81.8179,13.2436,197.2016,0.645206
-81.9314,13.2622,197.7236,0.645523
-82.0562,13.2824,198.3041,0.645871
-82.1561,13.2989,198.7703,0.646149
-82.2810,13.3196,199.3558,0.646496
-82.3929,13.3384,199.8854,0.646812
-82.5164,13.3590,200.4765,0.647166
-82.6278,13.3778,201.0110,0.647484
-82.7514,13.3988,201.6075,0.647838
-82.8624,13.4177,202.1470,0.648160
-82.9849,13.4387,202.7493,0.648520
-83.0955,13.4578,203.2936,0.648843
-83.2205,13.4789,203.9007,0.649202
-83.3430,13.5000,204.5113,0.649566
-83.4530,13.5189,205.0632,0.649894
-83.5756,13.5400,205.6792,0.650260
-83.6982,13.5612,206.2981,0.650628
-83.8203,13.5826,206.9199,0.650994
-83.9307,13.6017,207.4819,0.651331
-84.0537,13.6230,208.1090,0.651702
-84.1644,13.6423,208.6758,0.652042
-84.2750,13.6618,209.2449,0.652381
-84.3985,13.6832,209.8798,0.652758
-84.5098,13.7026,210.4536,0.653098
-84.6334,13.7245,211.0941,0.653478
-84.7574,13.7461,211.7369,0.653860
-84.8817,13.7677,212.3826,0.654245
-84.9812,13.7851,212.9014,0.654555
-85.1058,13.8071,213.5520,0.654942
-85.2185,13.8267,214.1400,0.655294
-85.3440,13.8485,214.7959,0.655684
-85.4571,13.8684,215.3888,0.656037
-85.5834,13.8903,216.0498,0.656427
-85.6977,13.9100,216.6471,0.656787
-85.8250,13.9321,217.3136,0.657182
-85.9400,13.9521,217.9154,0.657539
-86.0685,13.9740,218.5868,0.657942
-86.1975,13.9961,219.2610,0.658343
-86.3141,14.0162,219.8698,0.658706
-86.4313,14.0360,220.4808,0.659069
-86.5489,14.0558,221.0938,0.659436
-86.6802,14.0781,221.7772,0.659843
-86.7989,14.0980,222.3943,0.660209
-86.9314,14.1201,223.0822,0.660618
-87.0512,14.1400,223.7034,0.660990
-87.1848,14.1622,224.3956,0.661399
-87.3190,14.1845,225.0900,0.661818
-87.4404,14.2045,225.7168,0.662190
-87.5760,14.2269,226.4154,0.662605
-87.7123,14.2495,227.1160,0.663025
-87.8357,14.2700,227.7481,0.663403
-87.9737,14.2928,228.4523,0.663820
-88.1126,14.3158,229.1579,0.664241
-88.2384,14.3366,229.7940,0.664620
-88.3790,14.3598,230.5017,0.665043
-88.5061,14.3807,231.1393,0.665423
-88.6479,14.4042,231.8479,0.665847
-88.7760,14.4253,232.4854,0.666227
-88.9187,14.4489,233.1933,0.666650
-89.0618,14.4726,233.9003,0.667072
-89.1908,14.4938,234.5357,0.667449
-89.3342,14.5176,235.2407,0.667870
-89.4777,14.5415,235.9440,0.668293
-89.6210,14.5652,236.6455,0.668708
-89.7640,14.5891,237.3451,0.669130
-89.8926,14.6106,237.9731,0.669500
-90.0350,14.6345,238.6691,0.669919
-90.1630,14.6561,239.2938,0.670294
-90.2906,14.6777,239.9170,0.670664
-90.4320,14.7016,240.6077,0.671078
-90.5730,14.7257,241.2965,0.671490
-90.6994,14.7472,241.9147,0.671860
-90.8394,14.7714,242.6002,0.672269
-90.9649,14.7932,243.2154,0.672640
-91.1036,14.8173,243.8974,0.673045
-91.2418,14.8415,244.5774,0.673449
-91.3656,14.8633,245.1879,0.673816
-91.5022,14.8875,245.8642,0.674221
-91.6381,14.9118,246.5382,0.674623
-91.7576,14.9339,247.1431,0.674983
-91.8916,14.9584,247.8119,0.675384
-92.0249,14.9833,248.4792,0.675780
-92.1436,15.0092,249.0754,0.676138
-92.2617,15.0350,249.6689,0.676493
-92.3921,15.0636,250.3252,0.676888
-92.5087,15.0876,250.9129,0.677235
-92.6387,15.1155,251.5621,0.677625
-92.7664,15.1428,252.2096,0.678009
-92.8794,15.1667,252.7866,0.678353
-93.0055,15.1900,253.4268,0.678735
-93.1181,15.2110,254.0003,0.679077
-93.2418,15.2341,254.6344,0.679453
-93.3509,15.2577,255.2038,0.679794
-93.4600,15.2819,255.7688,0.680129
-93.5807,15.3086,256.3934,0.680507
-93.6878,15.3306,256.9514,0.680838
-93.8058,15.3542,257.5722,0.681210
-93.9118,15.3783,258.1261,0.681537
-94.0309,15.4042,258.7369,0.681898
-94.1355,15.4258,259.2852,0.682225
-94.2508,15.4497,259.8917,0.682588
-94.3642,15.4753,260.4959,0.682949
-94.4660,15.4988,261.0358,0.683272
-94.5781,15.5240,261.6322,0.683626
-94.6785,15.5465,262.1666,0.683943
-94.7891,15.5714,262.7573,0.684290
-94.8868,15.5941,263.2872,0.684605
-94.9953,15.6208,263.8716,0.684953
-95.0921,15.6448,264.3947,0.685263
-95.1990,15.6712,264.9726,0.685608
-95.3074,15.6953,265.5461,0.685952
-95.4020,15.7168,266.0604,0.686256
-95.5052,15.7408,266.6292,0.686596
-95.6080,15.7659,267.1933,0.686926
-95.6996,15.7884,267.6978,0.687227
-95.8004,15.8133,268.2547,0.687558
-95.8899,15.8352,268.7526,0.687854
-95.9883,15.8591,269.3025,0.688179
-96.0753,15.8824,269.7952,0.688473
-96.1717,15.9085,270.3375,0.688796
-96.2676,15.9344,270.8761,0.689113
-96.3542,15.9568,271.3573,0.689399
-96.4486,15.9826,271.8899,0.689712
-96.5423,16.0080,272.4174,0.690025
-96.6359,16.0331,272.9417,0.690334
-96.7204,16.0557,273.4140,0.690613
-96.8142,16.0814,273.9395,0.690923
-96.9079,16.1080,274.4611,0.691229
-96.9921,16.1317,274.9272,0.691501
-97.0853,16.1567,275.4403,0.691799
-97.1795,16.1805,275.9505,0.692100
-97.2727,16.2044,276.4581,0.692391
-97.3583,16.2277,276.9095,0.692650
-97.4545,16.2534,277.4072,0.692940
-97.5535,16.2777,277.9000,0.693225
-97.6419,16.2993,278.3412,0.693483
-97.7411,16.3231,278.8278,0.693760
-97.8418,16.3466,279.3100,0.694038
-97.9342,16.3676,279.7402,0.694280
-98.0379,16.3925,280.2152,0.694553
-98.1449,16.4171,280.6850,0.694822
-98.2432,16.4391,281.1044,0.695061
-98.3549,16.4633,281.5670,0.695321
-98.4696,16.4873,282.0266,0.695579
-98.5759,16.5087,282.4376,0.695816
-98.6968,16.5305,282.8905,0.696068
-98.8202,16.5530,283.3445,0.696324
-98.9519,16.5761,283.7926,0.696576
-99.0722,16.5959,284.1951,0.696802
-99.1961,16.6155,284.5955,0.697028
-99.3235,16.6350,284.9938,0.697252
-99.4692,16.6565,285.4339,0.697499
-99.6041,16.6756,285.8275,0.697722
-99.7426,16.6946,286.2187,0.697944
-99.9006,16.7155,286.6504,0.698190
-100.0459,16.7344,287.0371,0.698409
-100.2117,16.7558,287.4633,0.698646
-100.3644,16.7748,287.8442,0.698867
-100.5380,16.7957,288.2643,0.699106
-100.7155,16.8164,288.6813,0.699349
-100.8968,16.8365,289.0949,0.699586
-101.0446,16.8523,289.4236,0.699773
-101.2135,16.8700,289.7908,0.699987
-101.4045,16.8894,290.1959,0.700219
-101.5988,16.9087,290.5981,0.700458
-101.7766,16.9258,290.9581,0.700668
-101.9569,16.9429,291.3163,0.700879
-102.1604,16.9616,291.7120,0.701109
-102.3667,16.9800,292.1058,0.701342
-102.5548,17.0007,292.4585,0.701550
-102.7675,17.0190,292.8482,0.701787
-102.9615,17.0355,293.1972,0.701989
-103.1796,17.0537,293.5831,0.702221
-103.4007,17.0717,293.9671,0.702448
-103.6026,17.0878,294.3105,0.702660
-103.8299,17.1058,294.6902,0.702884
-104.0366,17.1218,295.0304,0.703090
-104.2689,17.1395,295.4065,0.703317
-104.4802,17.1552,295.7433,0.703524
-104.6937,17.1709,296.0783,0.703727
-104.9338,17.1890,296.4485,0.703955
-105.1762,17.2062,296.8167,0.704178
-105.3967,17.2216,297.1465,0.704383
-105.6440,17.2386,297.5111,0.704605
-105.8689,17.2543,297.8381,0.704809
-106.1211,17.2722,298.1987,0.705025
-106.3506,17.2871,298.5206,0.705219
-106.6078,17.3036,298.8773,0.705456
-106.8416,17.3186,299.1974,0.705655
-107.1032,17.3362,299.5503,0.705870
-107.3410,17.3518,299.8649,0.706069
-107.6076,17.3678,300.2137,0.706289
-107.8493,17.3822,300.5260,0.706485
-108.1205,17.3994,300.8720,0.706695
-108.3936,17.4170,301.2149,0.706921
-108.6691,17.4343,301.5550,0.707145
-108.9187,17.4494,301.8580,0.707340
-109.1976,17.4658,302.1929,0.707559
-109.4775,17.4817,302.5241,0.707775
-109.7311,17.4950,302.8199,0.707969
-110.0141,17.5097,303.1453,0.708187
-110.2985,17.5241,303.4672,0.708393
-110.5556,17.5370,303.7539,0.708588
-110.8423,17.5507,304.0687,0.708804
-111.1012,17.5628,304.3495,0.708987
-111.3896,17.5759,304.6577,0.709200
-111.6499,17.5875,304.9321,0.709382
-111.9400,17.5999,305.2332,0.709591
-112.2020,17.6110,305.5013,0.709775
-112.4936,17.6232,305.7955,0.709979
-112.7862,17.6350,306.0865,0.710183
-113.0500,17.6456,306.3453,0.710364
-113.3439,17.6570,306.6294,0.710562
-113.6091,17.6673,306.8825,0.710734
-113.9050,17.6784,307.1607,0.710928
-114.1722,17.6885,307.4086,0.711110
-114.4701,17.6995,307.6810,0.711302
-114.7394,17.7094,307.9243,0.711464
-115.0396,17.7202,308.1916,0.711657
-115.3108,17.7298,308.4298,0.711832
-115.5827,17.7395,308.6657,0.711996
-115.8859,17.7501,308.9251,0.712184
-116.1902,17.7607,309.1817,0.712369
-116.4650,17.7702,309.4102,0.712532
-116.7712,17.7807,309.6615,0.712715
-117.0476,17.7901,309.8853,0.712870
-117.3247,17.7994,310.1067,0.713032
-117.6027,17.8089,310.3260,0.713194
-117.9123,17.8192,310.5669,0.713363
-118.1923,17.8285,310.7819,0.713527
-118.5033,17.8388,311.0169,0.713699
-118.7843,17.8480,311.2266,0.713858
-119.0975,17.8584,311.4568,0.714036
-119.4114,17.8687,311.6843,0.714194
-119.6946,17.8779,311.8865,0.714349
-120.0104,17.8884,312.1085,0.714510
-120.2952,17.8976,312.3058,0.714662
-120.6125,17.9077,312.5222,0.714824
-120.8991,17.9173,312.7145,0.714976
-121.1862,17.9265,312.9043,0.715130
-121.5068,17.9367,313.1129,0.715291
-121.7948,17.9464,313.2969,0.715432
-122.1162,17.9567,313.4992,0.715587
-122.4071,17.9660,313.6793,0.715728
-122.7296,17.9767,313.8750,0.715888
-123.0213,17.9860,314.0489,0.716031
-123.3149,17.9952,314.2207,0.716181
-123.6079,18.0051,314.3884,0.716310
-123.9352,18.0155,314.5719,0.716458
-124.2308,18.0247,314.7339,0.716586
-124.5604,18.0358,314.9104,0.716742
-124.8576,18.0452,315.0661,0.716869
-125.1554,18.0544,315.2190,0.717014
-125.4873,18.0657,315.3855,0.717158
-125.7863,18.0751,315.5322,0.717294
-126.1193,18.0854,315.6920,0.717436
-126.4197,18.0959,315.8327,0.717561
-126.7538,18.1064,315.9857,0.717710
-127.0549,18.1158,316.1203,0.717841
-127.3576,18.1261,316.2527,0.717972
-127.6590,18.1359,316.3809,0.718097
-127.9955,18.1464,316.5204,0.718233
-128.3337,18.1576,316.6567,0.718373
-128.6369,18.1679,316.7747,0.718495
-128.9755,18.1785,316.9026,0.718645
-129.2469,18.1868,317.0020,0.718751
-129.5880,18.1992,317.1230,0.718885
-129.9279,18.2098,317.2381,0.719024
-130.2010,18.2181,317.3276,0.719140
-130.5442,18.2299,317.4360,0.719295
-130.8516,18.2402,317.5283,0.719410
-131.1605,18.2497,317.6173,0.719546
-131.4710,18.2595,317.7031,0.719686
-131.7805,18.2706,317.7845,0.719792
-132.1241,18.2813,317.8694,0.719943
-132.4689,18.2917,317.9503,0.720068
-132.7808,18.3027,318.0194,0.720191
-133.0560,18.3121,318.0762,0.720310
-133.4016,18.3226,318.1433,0.720453
-133.7486,18.3336,318.2061,0.720591
-134.0595,18.3446,318.2577,0.720711
-134.4041,18.3556,318.3092,0.720840
-134.7495,18.3659,318.3564,0.720981
-135.0961,18.3779,318.3991,0.721107
-135.4399,18.3898,318.4354,0.721244
-135.7500,18.3990,318.4640,0.721359
-136.0957,18.4100,318.4917,0.721498
-136.4049,18.4209,318.5118,0.721624
-136.7469,18.4323,318.5282,0.721749
-137.0894,18.4423,318.5401,0.721883
-137.3986,18.4530,318.5470,0.722000
-137.7394,18.4649,318.5491,0.722122
-138.0444,18.4748,318.5457,0.722238
-138.3854,18.4850,318.5384,0.722363
-138.7233,18.4970,318.5258,0.722494
-138.9928,18.5063,318.5121,0.722598
-139.3275,18.5172,318.4897,0.722727
-139.6305,18.5267,318.4664,0.722856
-139.9637,18.5384,318.4357,0.722984
-140.2956,18.5499,318.4000,0.723105
-140.5588,18.5587,318.3674,0.723216
-140.8897,18.5694,318.3236,0.723346
-141.2170,18.5810,318.2753,0.723482
-141.4776,18.5900,318.2335,0.723591
-141.8018,18.6011,318.1775,0.723737
-142.1246,18.6122,318.1174,0.723874
-142.3810,18.6214,318.0671,0.723993
-142.6998,18.6327,318.0008,0.724135
-143.0168,18.6440,317.9317,0.724283
-143.3637,18.6571,317.8520,0.724413
-143.6455,18.6675,317.7845,0.724539
-143.9570,18.6790,317.7065,0.724660
-144.2667,18.6903,317.6256,0.724789
-144.5443,18.7018,317.5498,0.724920
-144.8504,18.7135,317.4630,0.725055
-145.1549,18.7250,317.3728,0.725181
-145.4575,18.7362,317.2795,0.725315
-145.7003,18.7470,317.2028,0.725394
-145.9678,18.7578,317.1132,0.725502
-146.2652,18.7693,317.0110,0.725601
-146.5019,18.7783,316.9269,0.725709
-146.7980,18.7906,316.8190,0.725828
-147.0878,18.8039,316.7071,0.725948
-147.3775,18.8153,316.5918,0.726059
-147.6364,18.8254,316.4850,0.726161
-147.9239,18.8371,316.3633,0.726275
-148.2065,18.8505,316.2381,0.726390
-148.4849,18.8627,316.1090,0.726491
-148.7351,18.8726,315.9905,0.726593
-149.0108,18.8834,315.8565,0.726704
-149.2857,18.8965,315.7195,0.726824
-149.5544,18.9074,315.5795,0.726928
-149.7688,18.9158,315.4655,0.727007
-150.0081,18.9250,315.3355,0.727116
-150.2449,18.9340,315.2036,0.727198
-150.4788,18.9428,315.0697,0.727296
-150.7354,18.9523,314.9186,0.727399
-150.9884,18.9615,314.7653,0.727509
-151.1882,18.9687,314.6412,0.727583
-151.4334,18.9769,314.4845,0.727689
-151.6751,18.9847,314.3258,0.727794
-151.8655,18.9907,314.1976,0.727869
-152.0532,18.9965,314.0683,0.727958
-152.2838,19.0036,313.9051,0.728065
-152.5102,19.0104,313.7404,0.728159
-152.7102,19.0162,313.5911,0.728250
-152.9069,19.0219,313.4408,0.728342
-153.1002,19.0273,313.2898,0.728419
-153.3114,19.0332,313.1213,0.728519
-153.5192,19.0388,312.9518,0.728613
-153.7241,19.0442,312.7811,0.728709
-153.9265,19.0495,312.6091,0.728803
-154.1265,19.0546,312.4358,0.728896
-154.2851,19.0585,312.2963,0.728973
-154.4619,19.0629,312.1387,0.729067
-154.6572,19.0677,311.9627,0.729159
-154.8499,19.0730,311.7855,0.729253
-155.0025,19.0771,311.6424,0.729327
-155.1726,19.0815,311.4800,0.729415
-155.3413,19.0859,311.3168,0.729504
-155.5087,19.0902,311.1531,0.729590
-155.6747,19.0943,310.9888,0.729681
-155.8575,19.0988,310.8050,0.729769
-156.0429,19.0979,310.6253,0.729863
-156.2048,19.1008,310.4582,0.729941
-156.3608,19.0980,310.2952,0.730028
-156.5014,19.0945,310.1458,0.730088
-156.6773,19.0899,309.9577,0.730200
-156.8520,19.0851,309.7686,0.730286
-157.0256,19.0803,309.5786,0.730393
-157.1980,19.0753,309.3877,0.730483
-157.3521,19.0707,309.2151,0.730572
-157.5227,19.0655,309.0225,0.730672
-157.6924,19.0602,308.8286,0.730767
-157.8443,19.0553,308.6532,0.730865
-158.0115,19.0497,308.4568,0.730960
-158.1760,19.0436,308.2600,0.731056
-158.3395,19.0366,308.0613,0.731158
-158.4693,19.0309,307.9017,0.731235
-158.6137,19.0241,307.7212,0.731314
-158.7420,19.0179,307.5600,0.731406
-158.9011,19.0100,307.3576,0.731494
-159.0587,19.0020,307.1542,0.731602
-159.2147,18.9938,306.9496,0.731708
-159.3692,18.9855,306.7439,0.731788
-159.5223,18.9770,306.5371,0.731905
-159.6739,18.9684,306.3292,0.732003
-159.8238,18.9597,306.1206,0.732098
-159.9724,18.9504,305.9107,0.732204
-160.1195,18.9409,305.6996,0.732312
-160.2652,18.9313,305.4874,0.732406
-160.4092,18.9215,305.2740,0.732513
-160.5519,18.9114,305.0594,0.732626
-160.6931,18.9013,304.8439,0.732723
-160.8050,18.8930,304.6707,0.732810
-160.9297,18.8837,304.4752,0.732906
-161.0395,18.8752,304.3007,0.732988
-161.1618,18.8657,304.1038,0.733082
-161.2964,18.8550,303.8843,0.733194
-161.4162,18.8452,303.6860,0.733283
-161.5479,18.8343,303.4650,0.733400
-161.6653,18.8243,303.2654,0.733500
-161.7945,18.8132,303.0429,0.733608
-161.9098,18.8032,302.8420,0.733707
-162.0363,18.7920,302.6181,0.733821
-162.1490,18.7818,302.4160,0.733914
-162.2728,18.7704,302.1906,0.734027
-162.3708,18.7612,302.0098,0.734107
-162.4799,18.7508,301.8057,0.734204
-162.5879,18.7404,301.6007,0.734306
-162.6827,18.7311,301.4182,0.734405
-162.7882,18.7206,301.2122,0.734487
-162.8925,18.7099,301.0057,0.734582
-163.0069,18.6980,300.7755,0.734702
-163.1199,18.6860,300.5447,0.734803
-163.2210,18.6756,300.3361,0.734908
-163.3201,18.6651,300.1271,0.735001
-163.4179,18.6545,299.9175,0.735097
-163.5251,18.6426,299.6840,0.735212
-163.6197,18.6315,299.4741,0.735285
-163.7344,18.6170,299.2157,0.735415
-163.8166,18.6064,299.0271,0.735493
-163.9081,18.5943,298.8144,0.735596
-163.9884,18.5836,298.6248,0.735677
-164.0873,18.5700,298.3873,0.735778
-164.1845,18.5563,298.1493,0.735892
-164.2718,18.5443,297.9341,0.735984
-164.3661,18.5311,297.6946,0.736084
-164.4587,18.5178,297.4545,0.736190
-164.5497,18.5043,297.2138,0.736294
-164.6203,18.4920,297.0234,0.736385
-164.7087,18.4756,296.7819,0.736478
-164.7958,18.4590,296.5397,0.736590
-164.8644,18.4457,296.3453,0.736671
-164.9486,18.4290,296.1018,0.736775
-165.0229,18.4138,295.8822,0.736870
-165.0879,18.4002,295.6865,0.736954
-165.1682,18.3833,295.4412,0.737068
-165.2466,18.3664,295.1952,0.737166
-165.3235,18.3494,294.9483,0.737266
-165.3910,18.3336,294.7270,0.737361
-165.4654,18.3146,294.4785,0.737472
-165.5385,18.2953,294.2291,0.737586
-165.5958,18.2799,294.0289,0.737665
-165.6661,18.2604,293.7776,0.737773
-165.7348,18.2407,293.5255,0.737893
-165.8018,18.2210,293.2724,0.738001
-165.8672,18.2010,293.0186,0.738128
-165.9185,18.1849,292.8149,0.738220
-165.9689,18.1687,292.6107,0.738309
-166.0303,18.1482,292.3554,0.738426
-166.0903,18.1270,292.0988,0.738540
-166.1488,18.1058,291.8417,0.738660
-166.2000,18.0865,291.6096,0.738761
-166.2552,18.0650,291.3508,0.738883
-166.3087,18.0433,291.0912,0.739014
-166.3600,18.0215,290.8312,0.739126
-166.4103,17.9991,290.5702,0.739251
-166.4590,17.9765,290.3086,0.739374
-166.4969,17.9584,290.0981,0.739476
-166.5383,17.9384,289.8615,0.739581
-166.5740,17.9207,289.6507,0.739686
-166.6168,17.8983,289.3868,0.739806
-166.6578,17.8758,289.1221,0.739940
-166.6931,17.8555,288.8831,0.740054
-166.7308,17.8328,288.6169,0.740176
-166.7661,17.8093,288.3507,0.740302
-166.8005,17.7855,288.0833,0.740437
-166.8270,17.7664,287.8688,0.740537
-166.8587,17.7435,287.5981,0.740657
-166.8828,17.7257,287.3824,0.740778
-166.9083,17.7055,287.1392,0.740892
-166.9296,17.6875,286.9225,0.740991
-166.9547,17.6649,286.6505,0.741129
-166.9736,17.6467,286.4321,0.741236
-166.9949,17.6232,286.1591,0.741362
-167.0156,17.5991,285.8843,0.741491
-167.0330,17.5774,285.6362,0.741619
-167.0509,17.5542,285.3568,0.741749
-167.0641,17.5371,285.1347,0.741858
-167.0787,17.5157,284.8564,0.741990
-167.0903,17.4962,284.6052,0.742114
-167.1008,17.4767,284.3531,0.742238
-167.1102,17.4546,284.0730,0.742371
-167.1182,17.4339,283.8192,0.742502
-167.1244,17.4154,283.5931,0.742613
-167.1308,17.3923,283.3097,0.742750
-167.1354,17.3718,283.0529,0.742874
-167.1384,17.3540,282.8249,0.742987
-167.1421,17.3359,282.5325,0.743120
-167.1423,17.3209,282.2454,0.743260
-167.1406,17.3057,281.9577,0.743401
-167.1383,17.2916,281.6989,0.743523
-167.1358,17.2789,281.4681,0.743645
-167.1323,17.2629,281.1784,0.743795
-167.1277,17.2475,280.8884,0.743927
-167.1223,17.2335,280.6270,0.744056
-167.1147,17.2180,280.3360,0.744197
-167.1066,17.2039,280.0739,0.744335
-167.0976,17.1898,279.8110,0.744459
-167.0871,17.1740,279.5179,0.744605
-167.0758,17.1581,279.2242,0.744747
-167.0672,17.1448,278.9898,0.744859
-167.0555,17.1294,278.7247,0.744988
-167.0442,17.1157,278.4887,0.745111
-167.0291,17.0984,278.1931,0.745261
-167.0129,17.0811,277.8968,0.745407
-166.9993,17.0671,277.6593,0.745528
-166.9850,17.0532,277.4215,0.745648
-166.9664,17.0356,277.1237,0.745809
-166.9437,17.0208,276.8535,0.745934
-166.9229,17.0057,276.5543,0.746094
-166.9031,16.9920,276.2845,0.746230
-166.8856,16.9798,276.0451,0.746346
-166.8642,16.9651,275.7743,0.746486
-166.8398,16.9487,275.4728,0.746645
-166.8147,16.9325,275.1701,0.746788
-166.7909,16.9182,274.8977,0.746938
-166.7661,16.9039,274.6252,0.747087
-166.7375,16.8879,274.3221,0.747244
-166.7081,16.8719,274.0186,0.747408
-166.6842,16.8591,273.7754,0.747536
-166.6571,16.8446,273.5014,0.747675
-166.6288,16.8268,273.1985,0.747841
-166.6044,16.8119,272.9545,0.747978
-166.5719,16.7966,272.6767,0.748128
-166.5471,16.7849,272.4316,0.748259
-166.5152,16.7702,272.1247,0.748427
-166.4819,16.7555,271.8171,0.748595
-166.4547,16.7438,271.5705,0.748727
-166.4233,16.7262,271.2654,0.748889
-166.3889,16.7068,270.9562,0.749065
-166.3613,16.6911,270.7084,0.749195
-166.3216,16.6736,270.3944,0.749366
-166.2847,16.6591,270.0833,0.749534
-166.2570,16.6435,269.8398,0.749665
-166.2214,16.6240,269.5599,0.749829
-166.1828,16.6023,269.2482,0.749988
-166.1477,16.5865,268.9929,0.750123
-166.1201,16.5714,268.7471,0.750262
-166.0845,16.5517,268.4645,0.750416
-166.0438,16.5298,268.1511,0.750590
-166.0044,16.5087,267.8400,0.750761
-165.9684,16.4907,267.5847,0.750902
-165.9310,16.4714,267.3000,0.751050
-165.8936,16.4520,267.0148,0.751220
-165.8561,16.4287,266.7343,0.751377
-165.8164,16.4060,266.4470,0.751535
-165.7730,16.3816,266.1287,0.751716
-165.7288,16.3520,265.8146,0.751896
-165.6932,16.3275,265.5581,0.752038
-165.6534,16.3013,265.2702,0.752203
-165.6161,16.2752,265.0193,0.752348
-165.5754,16.2430,264.7306,0.752510
-165.5300,16.2073,264.4079,0.752699
-165.4915,16.1805,264.1550,0.752849
-165.4453,16.1400,263.8329,0.753033
-165.4083,16.1075,263.5743,0.753178
-165.3608,16.0654,263.2397,0.753368
-165.3158,16.0388,262.9137,0.753555
-165.2698,16.0119,262.5872,0.753733
-165.2326,15.9904,262.3255,0.753885
-165.1859,15.9634,261.9977,0.754075
-165.1487,15.9418,261.7346,0.754226
-165.1071,15.9174,261.4376,0.754394
-165.0703,15.8955,261.1727,0.754541
-165.0333,15.8738,260.9072,0.754697
-164.9864,15.8464,260.5749,0.754888
-164.9388,15.8189,260.2415,0.755075
-164.8904,15.7914,259.9073,0.755261
-164.8416,15.7638,259.5725,0.755443
-164.7974,15.7389,259.2704,0.755614
-164.7480,15.7112,258.9340,0.755802
-164.6982,15.6835,258.5971,0.755994
-164.6531,15.6583,258.2931,0.756162
-164.6024,15.6304,257.9547,0.756352
-164.5616,15.6080,257.6834,0.756501
-164.5154,15.5827,257.3777,0.756671
-164.4689,15.5574,257.0713,0.756851
-164.4220,15.5321,256.7642,0.757026
-164.3694,15.5039,256.4226,0.757217
-164.3218,15.4784,256.1144,0.757389
-164.2685,15.4500,255.7712,0.757590
-164.2148,15.4216,255.4273,0.757793
-164.1607,15.3931,255.0826,0.757991
-164.1116,15.3675,254.7717,0.758172
-164.0564,15.3389,254.4259,0.758374
-164.0009,15.3103,254.0793,0.758580
-163.9506,15.2844,253.7666,0.758758
-163.9000,15.2585,253.4534,0.758939
-163.8490,15.2325,253.1396,0.759124
-163.7977,15.2066,252.8251,0.759311
-163.7400,15.1778,252.4754,0.759516
-163.6879,15.1517,252.1599,0.759704
-163.6295,15.1226,251.8086,0.759907
-163.5767,15.0964,251.4919,0.760091
-163.5175,15.0672,251.1393,0.760308
-163.4639,15.0411,250.8211,0.760497
-163.4037,15.0119,250.4675,0.760703
-163.3432,14.9826,250.1129,0.760915
-163.2884,14.9562,249.7932,0.761108
-163.2272,14.9268,249.4373,0.761315
-163.1656,14.8974,249.0807,0.761524
-163.1032,14.8681,248.7235,0.761742
-163.0406,14.8386,248.3657,0.761951
-162.9839,14.8120,248.0430,0.762144
-162.9206,14.7823,247.6838,0.762362
-162.8633,14.7556,247.3599,0.762551
-162.7992,14.7260,246.9993,0.762764
-162.7345,14.6964,246.6384,0.762979
-162.6759,14.6696,246.3128,0.763171
-162.6105,14.6397,245.9505,0.763394
-162.5513,14.6128,245.6237,0.763583
-162.4851,14.5829,245.2601,0.763805
-162.4182,14.5533,244.8957,0.764029
-162.3578,14.5263,244.5673,0.764223
-162.2903,14.4963,244.2018,0.764438
-162.2223,14.4662,243.8356,0.764662
-162.1608,14.4391,243.5055,0.764860
-162.0919,14.4092,243.1378,0.765077
-162.0225,14.3793,242.7700,0.765293
-161.9597,14.3522,242.4382,0.765495
-161.8896,14.3220,242.0690,0.765715
-161.8192,14.2918,241.6991,0.765940
-161.7626,14.2676,241.4025,0.766116
-161.6915,14.2377,241.0318,0.766335
-161.6203,14.2075,240.6603,0.766558
-161.5632,14.1832,240.3627,0.766739
-161.4989,14.1559,240.0273,0.766939
-161.4346,14.1285,239.6915,0.767136
-161.3632,14.0984,239.3174,0.767358
-161.2915,14.0681,238.9433,0.767579
-161.2270,14.0407,238.6058,0.767785
-161.1553,14.0102,238.2301,0.768008
-161.0907,13.9827,237.8914,0.768211
-161.0188,13.9523,237.5141,0.768434
-160.9539,13.9250,237.1745,0.768636
-160.8817,13.8944,236.7964,0.768859
-160.8237,13.8699,236.4934,0.769044
-160.7513,13.8392,236.1140,0.769274
-160.6787,13.8086,235.7336,0.769500
-160.6134,13.7813,235.3909,0.769699
-160.5404,13.7507,235.0098,0.769930
-160.4746,13.7231,234.6661,0.770137
-160.4015,13.6923,234.2836,0.770358
-160.3356,13.6647,233.9384,0.770569
-160.2697,13.6372,233.5930,0.770774
-160.1961,13.6066,233.2089,0.771004
-160.1298,13.5789,232.8627,0.771211
-160.0562,13.5480,232.4775,0.771441
-159.9824,13.5172,232.0916,0.771676
-159.9160,13.4898,231.7444,0.771884
-159.8421,13.4592,231.3586,0.772114
-159.7682,13.4285,230.9725,0.772346
-159.7016,13.4008,230.6249,0.772546
-159.6277,13.3702,230.2383,0.772779
-159.5539,13.3399,229.8519,0.773013
-159.4873,13.3126,229.5046,0.773219
-159.4208,13.2851,229.1573,0.773425
-159.3469,13.2546,228.7716,0.773664
-159.2731,13.2242,228.3858,0.773891
-159.2067,13.1972,228.0390,0.774094
-159.1402,13.1701,227.6926,0.774304
-159.0664,13.1399,227.3077,0.774537
-158.9926,13.1097,226.9231,0.774764
-158.9188,13.0795,226.5384,0.774992
-158.8525,13.0527,226.1925,0.775196
-158.7787,13.0230,225.8086,0.775430
-158.7124,12.9961,225.4632,0.775636
-158.6460,12.9691,225.1179,0.775840
-158.5723,12.9393,224.7343,0.776068
-158.5060,12.9127,224.3894,0.776274
-158.4324,12.8832,224.0064,0.776504
-158.3660,12.8566,223.6620,0.776713
-158.2924,12.8270,223.2795,0.776945
-158.2188,12.7974,222.8971,0.777168
-158.1525,12.7711,222.5529,0.777374
-158.0790,12.7419,222.1710,0.777605
-158.0054,12.7127,221.7894,0.777830
-157.9392,12.6864,221.4461,0.778038
-157.8730,12.6601,221.1030,0.778244
-157.7994,12.6311,220.7217,0.778470
-157.7333,12.6051,220.3789,0.778679
-157.6671,12.5791,220.0364,0.778881
-157.5935,12.5502,219.6560,0.779108
-157.5200,12.5213,219.2758,0.779335
-157.4538,12.4954,218.9336,0.779536
-157.3803,12.4668,218.5538,0.779764
-157.3069,12.4383,218.1742,0.779990
-157.2333,12.4097,217.7950,0.780221
-157.1671,12.3840,217.4537,0.780422
-157.0935,12.3555,217.0746,0.780647
-157.0273,12.3300,216.7338,0.780854
-156.9537,12.3018,216.3553,0.781075
-156.8874,12.2764,216.0148,0.781283
-156.8137,12.2482,215.6368,0.781508
-156.7473,12.2228,215.2968,0.781709
-156.6735,12.1947,214.9190,0.781935
-156.5996,12.1667,214.5416,0.782162
-156.5330,12.1415,214.2022,0.782360
-156.4588,12.1136,213.8252,0.782585
-156.3846,12.0856,213.4485,0.782809
-156.3101,12.0577,213.0719,0.783029
-156.2429,12.0327,212.7333,0.783238
-156.1680,12.0050,212.3572,0.783459
-156.1003,11.9800,212.0190,0.783663
-156.0324,11.9551,211.6809,0.783864
-155.9566,11.9274,211.3055,0.784081
-155.8805,11.8998,210.9303,0.784304
-155.8118,11.8751,210.5930,0.784516
-155.7351,11.8477,210.2184,0.784730
-155.6583,11.8203,209.8441,0.784955
-155.5812,11.7929,209.4701,0.785178
-155.5116,11.7683,209.1338,0.785381
-155.4340,11.7411,208.7602,0.785601
-155.3640,11.7166,208.4243,0.785798
-155.2938,11.6922,208.0887,0.785997
-155.2155,11.6651,207.7160,0.786220
-155.1449,11.6407,207.3809,0.786424
-155.0741,11.6164,207.0460,0.786619
-154.9952,11.5895,206.6740,0.786837
-154.9160,11.5626,206.3025,0.787060
-154.8446,11.5384,205.9683,0.787255
-154.7650,11.5116,205.5972,0.787480
-154.6851,11.4848,205.2265,0.787701
-154.6051,11.4580,204.8560,0.787922
-154.5328,11.4341,204.5228,0.788115
-154.4604,11.4101,204.1899,0.788318
-154.3797,11.3836,203.8203,0.788538
-154.3069,11.3597,203.4878,0.788733
-154.2258,11.3332,203.1187,0.788951
-154.1446,11.3067,202.7498,0.789175
-154.0713,11.2830,202.4181,0.789366
-153.9978,11.2594,202.0866,0.789563
-153.9159,11.2331,201.7186,0.789781
-153.8338,11.2069,201.3509,0.790001
-153.7598,11.1833,201.0201,0.790192
-153.6856,11.1597,200.6896,0.790391
-153.6112,11.1363,200.3593,0.790584
-153.5284,11.1102,199.9926,0.790800
-153.4537,11.0869,199.6628,0.790996
-153.3705,11.0609,199.2966,0.791214
-153.2954,11.0376,198.9673,0.791404
-153.2118,11.0117,198.6017,0.791624
-153.1363,10.9884,198.2728,0.791816
-153.0523,10.9627,197.9077,0.792027
-152.9681,10.9370,197.5429,0.792246
-152.8921,10.9139,197.2148,0.792438
-152.8074,10.8882,196.8505,0.792660
-152.7310,10.8652,196.5228,0.792844
-152.6458,10.8396,196.1591,0.793063
-152.5689,10.8167,195.8319,0.793257
-152.4831,10.7913,195.4686,0.793473
-152.3971,10.7659,195.1057,0.793688
-152.3194,10.7431,194.7793,0.793879
-152.2327,10.7177,194.4169,0.794092
-152.1463,10.6925,194.0582,0.794309
-152.0675,10.6652,193.7331,0.794504
-151.9803,10.6348,193.3720,0.794718
-151.8931,10.6044,193.0110,0.794929
-151.8055,10.5741,192.6502,0.795144
-151.7336,10.5493,192.3617,0.795315
-151.6541,10.5228,192.0375,0.795507
-151.5747,10.4963,191.7134,0.795699
-151.4854,10.4672,191.3534,0.795909
-151.4062,10.4410,191.0296,0.796102
-151.3162,10.4132,190.6698,0.796320
-151.2359,10.3880,190.3465,0.796510
-151.1461,10.3602,189.9876,0.796718
-151.0566,10.3323,189.6286,0.796929
-150.9763,10.3072,189.3057,0.797126
-150.8871,10.2814,188.9423,0.797340
-150.7952,10.2568,188.5878,0.797549
-150.7032,10.2307,188.2303,0.797760
-150.6296,10.2098,187.9442,0.797926
-150.5381,10.1836,187.5866,0.798139
-150.4473,10.1597,187.2243,0.798349
-150.3538,10.1400,186.8706,0.798561
-150.2691,10.1182,186.5502,0.798746
-150.1744,10.0941,186.1944,0.798957
-150.0898,10.0723,185.8740,0.799141
-149.9972,10.0493,185.5132,0.799352
-149.9041,10.0316,185.1571,0.799561
-149.8165,10.0165,184.8413,0.799749
-149.7289,9.9968,184.5229,0.799936
-149.6410,9.9771,184.2044,0.800123
-149.5538,9.9574,183.8857,0.800311
-149.4589,9.9388,183.5265,0.800515
-149.3625,9.9233,183.1727,0.800723
-149.2733,9.9096,182.8555,0.800910
-149.1698,9.8946,182.5072,0.801117
-149.0670,9.8754,182.1558,0.801321
-148.9646,9.8562,181.8043,0.801528
-148.8745,9.8434,181.4829,0.801713
-148.7719,9.8304,181.1322,0.801916
-148.6774,9.8189,180.8181,0.802093
-148.5704,9.8063,180.4698,0.802305
-148.4621,9.7938,180.1220,0.802511
-148.3511,9.7802,179.7777,0.802709
-148.2442,9.7671,179.4257,0.802917
-148.1463,9.7577,179.1139,0.803099
-148.0359,9.7475,178.7687,0.803303
-147.9339,9.7391,178.4586,0.803484
-147.8205,9.7303,178.1152,0.803690
-147.7182,9.7224,177.8066,0.803870
-147.6042,9.7137,177.4643,0.804069
-147.5143,9.7077,177.1876,0.804231
-147.3994,9.7031,176.8467,0.804431
-147.3042,9.6999,176.5769,0.804597
-147.1861,9.6938,176.2381,0.804798
-147.0909,9.6889,175.9674,0.804961
-146.9718,9.6829,175.6297,0.805160
-146.8525,9.6770,175.2927,0.805364
-146.7567,9.6723,175.0239,0.805516
-146.6364,9.6665,174.6893,0.805722
-146.5293,9.6641,174.3856,0.805903
-146.4076,9.6621,174.0526,0.806101
-146.2975,9.6604,173.7535,0.806277
-146.1746,9.6585,173.4217,0.806475
-146.0759,9.6571,173.1568,0.806640
-145.9520,9.6554,172.8263,0.806835
-145.8274,9.6537,172.4968,0.807030
-145.7271,9.6525,172.2341,0.807191
-145.6264,9.6513,171.9722,0.807345
-145.5106,9.6493,171.6804,0.807523
-145.3861,9.6492,171.3516,0.807720
-145.2586,9.6511,171.0262,0.807923
-145.1320,9.6531,170.7024,0.808126
-145.0179,9.6549,170.4115,0.808296
-144.8912,9.6569,170.0890,0.808494
-144.7643,9.6589,169.7671,0.808689
-144.6500,9.6608,169.4780,0.808865
-144.5238,9.6625,169.1573,0.809073
-144.3949,9.6646,168.8380,0.809268
-144.2645,9.6669,168.5196,0.809465
-144.1518,9.6607,168.2349,0.809642
-144.0343,9.6589,167.9476,0.809814
-143.9159,9.6575,167.6620,0.809998
-143.7977,9.6562,167.3776,0.810174
-143.6788,9.6550,167.0950,0.810350
-143.5590,9.6538,166.8140,0.810525
-143.4251,9.6525,166.5036,0.810714
-143.3045,9.6514,166.2238,0.810880
-143.1715,9.6501,165.9128,0.811079
-143.0529,9.6489,165.6331,0.811249
-142.9214,9.6476,165.3229,0.811441
-142.7893,9.6463,165.0136,0.811634
-142.6563,9.6450,164.7052,0.811824
-142.5494,9.6441,164.4590,0.811975
-142.4290,9.6430,164.1824,0.812147
-142.2953,9.6419,163.8758,0.812333
-142.1617,9.6409,163.5694,0.812522
-142.0416,9.6403,163.2947,0.812691
-141.9212,9.6397,163.0207,0.812858
-141.8006,9.6392,162.7473,0.813029
-141.6665,9.6385,162.4443,0.813218
-141.5477,9.6384,162.1700,0.813391
-141.4135,9.6391,161.8680,0.813576
-141.2790,9.6399,161.5668,0.813762
-141.1577,9.6406,161.2964,0.813930
-141.0363,9.6413,161.0265,0.814093
-140.9281,9.6420,160.7871,0.814245
-140.7926,9.6428,160.4885,0.814429
-140.6569,9.6436,160.1907,0.814615
-140.5345,9.6444,159.9233,0.814782
-140.3981,9.6453,159.6270,0.814969
-140.2751,9.6461,159.3611,0.815133
-140.1380,9.6476,159.0658,0.815319
-140.0146,9.6492,158.8012,0.815480
-139.8773,9.6509,158.5079,0.815664
-139.7400,9.6526,158.2155,0.815849
-139.6026,9.6543,157.9239,0.816032
-139.4790,9.6559,157.6621,0.816198
-139.3554,9.6574,157.4008,0.816360
-139.2333,9.6591,157.1383,0.816520
-139.0959,9.6622,156.8494,0.816707
-138.9721,9.6651,156.5900,0.816869
-138.8344,9.6682,156.3024,0.817048
-138.6965,9.6714,156.0154,0.817230
-138.5724,9.6743,155.7576,0.817389
-138.4342,9.6776,155.4720,0.817571
-138.2959,9.6809,155.1872,0.817753
-138.1711,9.6839,154.9316,0.817916
-138.0322,9.6872,154.6484,0.818097
-137.8930,9.6906,154.3659,0.818271
-137.7535,9.6939,154.0842,0.818452
-137.6279,9.6969,153.8310,0.818612
-137.4882,9.7003,153.5503,0.818787
-137.3625,9.7033,153.2982,0.818948
-137.2366,9.7063,153.0465,0.819108
-137.0966,9.7097,152.7674,0.819288
-136.9565,9.7131,152.4887,0.819462
-136.8302,9.7161,152.2384,0.819622
-136.6917,9.7198,151.9588,0.819795
-136.5660,9.7237,151.7110,0.819955
-136.4254,9.7257,151.4340,0.820136
-136.2988,9.7275,151.1851,0.820287
-136.1577,9.7294,150.9089,0.820469
-136.0447,9.7310,150.6882,0.820607
-135.9025,9.7330,150.4131,0.820784
-135.7747,9.7349,150.1658,0.820943
-135.6324,9.7370,149.8916,0.821122
-135.4897,9.7390,149.6178,0.821293
-135.3611,9.7409,149.3718,0.821448
-135.2177,9.7430,149.0991,0.821624
-135.0884,9.7449,148.8542,0.821783
-134.9444,9.7470,148.5827,0.821963
-134.8002,9.7491,148.3116,0.822141
-134.6704,9.7511,148.0681,0.822300
-134.5261,9.7532,147.7980,0.822474
-134.3817,9.7553,147.5285,0.822645
-134.2383,9.7568,147.2623,0.822819
-134.1080,9.7553,147.0206,0.822976
-133.9778,9.7538,146.7790,0.823130
-133.8329,9.7521,146.5107,0.823307
-133.7042,9.7510,146.2676,0.823465
-133.5591,9.7505,146.0000,0.823636
-133.4138,9.7500,145.7331,0.823812
-133.2827,9.7495,145.4932,0.823971
-133.1514,9.7490,145.2535,0.824126
-133.0053,9.7485,144.9875,0.824294
-132.8589,9.7480,144.7219,0.824472
-132.7269,9.7476,144.4834,0.824621
-132.5798,9.7471,144.2189,0.824790
-132.4471,9.7467,143.9812,0.824949
-132.2994,9.7462,143.7176,0.825122
-132.1662,9.7458,143.4807,0.825279
-132.0327,9.7454,143.2441,0.825432
-131.8842,9.7449,142.9817,0.825604
-131.7504,9.7445,142.7458,0.825752
-131.6030,9.7416,142.4876,0.825926
-131.4539,9.7368,142.2264,0.826094
-131.3049,9.7319,141.9653,0.826271
-131.1706,9.7276,141.7306,0.826418
-131.0211,9.7228,141.4703,0.826595
-130.8715,9.7180,141.2104,0.826762
-130.7367,9.7137,140.9768,0.826919
-130.5868,9.7090,140.7175,0.827086
-130.4530,9.7049,140.4827,0.827244
-130.3029,9.7008,140.2237,0.827411
-130.1676,9.6972,139.9910,0.827566
-130.0169,9.6931,139.7329,0.827734
-129.8658,9.6891,139.4750,0.827898
-129.7297,9.6855,139.2432,0.828051
-129.5781,9.6814,138.9858,0.828221
-129.4263,9.6774,138.7288,0.828392
-129.2895,9.6738,138.4978,0.828540
-129.1370,9.6697,138.2414,0.828716
-128.9996,9.6661,138.0111,0.828869
-128.8484,9.6610,137.7589,0.829034
-128.7104,9.6531,137.5293,0.829187
-128.5570,9.6444,137.2740,0.829357
-128.4187,9.6365,137.0444,0.829511
-128.2649,9.6278,136.7897,0.829679
-128.1262,9.6200,136.5608,0.829834
-127.9718,9.6112,136.3069,0.830001
-127.8172,9.6025,136.0531,0.830170
-127.6779,9.5947,135.8249,0.830316
-127.5230,9.5860,135.5715,0.830486
-127.3678,9.5773,135.3183,0.830650
-127.2278,9.5695,135.0908,0.830808
-127.0723,9.5609,134.8378,0.830973
-126.9318,9.5532,134.6106,0.831124
-126.7754,9.5447,134.3584,0.831294
-126.6345,9.5370,134.1315,0.831446
-126.4776,9.5286,133.8797,0.831612
-126.3362,9.5209,133.6533,0.831769
-126.1787,9.5124,133.4019,0.831935
-126.0210,9.5039,133.1508,0.832108
-125.8808,9.4959,132.9286,0.832252
-125.7225,9.4823,132.6781,0.832418
-125.5640,9.4688,132.4276,0.832591
-125.4211,9.4566,132.2020,0.832742
-125.2620,9.4431,131.9516,0.832908
-125.1185,9.4309,131.7266,0.833065
-124.9586,9.4174,131.4769,0.833224
-124.8145,9.4052,131.2523,0.833380
-124.6541,9.3917,131.0028,0.833549
-124.5094,9.3795,130.7783,0.833696
-124.3644,9.3674,130.5541,0.833851
-124.2029,9.3539,130.3051,0.834019
-124.0410,9.3403,130.0563,0.834187
-123.8787,9.3268,129.8076,0.834355
-123.7317,9.3146,129.5846,0.834512
-123.5686,9.3007,129.3363,0.834676
-123.4215,9.2882,129.1129,0.834825
-123.2577,9.2744,128.8649,0.834995
-123.1100,9.2619,128.6418,0.835148
-122.9619,9.2494,128.4189,0.835299
-122.7970,9.2355,128.1713,0.835474
-122.6505,9.2200,127.9520,0.835619
-122.4849,9.2014,127.7049,0.835785
-122.3357,9.1848,127.4822,0.835935
-122.1696,9.1662,127.2349,0.836107
-122.0030,9.1477,126.9878,0.836294
-121.8527,9.1310,126.7657,0.836432
-121.6852,9.1125,126.5190,0.836603
-121.5342,9.0958,126.2970,0.836754
-121.3659,9.0773,126.0504,0.836930
-121.2141,9.0606,125.8285,0.837084
-121.0615,9.0439,125.6076,0.837238
-120.8920,9.0248,125.3614,0.837406
-120.7390,9.0076,125.1397,0.837559
-120.5686,8.9885,124.8936,0.837731
-120.3978,8.9694,124.6475,0.837906
-120.2444,8.9513,124.4273,0.838061
-120.0728,8.9306,124.1815,0.838239
-119.9352,8.9141,123.9848,0.838374
-119.7627,8.8934,123.7390,0.838550
-119.6071,8.8747,123.5178,0.838696
-119.4339,8.8541,123.2721,0.838872
-119.2775,8.8354,123.0510,0.839029
-119.1208,8.8168,122.8300,0.839189
-118.9461,8.7961,122.5845,0.839362
-118.7885,8.7774,122.3636,0.839517
-118.6128,8.7567,122.1182,0.839691
-118.4542,8.7380,121.8974,0.839842
-118.2776,8.7172,121.6522,0.840011
-118.0999,8.6962,121.4079,0.840189
-117.9400,8.6770,121.1874,0.840343
-117.7798,8.6579,120.9669,0.840499
-117.6013,8.6366,120.7220,0.840665
-117.4402,8.6174,120.5017,0.840823
-117.2607,8.5961,120.2570,0.840993
-117.0989,8.5769,120.0368,0.841148
-116.9357,8.5587,119.8154,0.841298
-116.7731,8.5411,119.5952,0.841457
-116.5919,8.5215,119.3507,0.841619
-116.4284,8.5039,119.1307,0.841776
-116.2463,8.4843,118.8863,0.841947
-116.0820,8.4667,118.6664,0.842099
-115.8990,8.4471,118.4221,0.842273
-115.7154,8.4275,118.1780,0.842436
-115.5498,8.4098,117.9584,0.842595
-115.3837,8.3922,117.7389,0.842750
-115.2173,8.3745,117.5194,0.842899
-115.0504,8.3569,117.3001,0.843057
-114.8646,8.3373,117.0565,0.843222
-114.6969,8.3197,116.8375,0.843378
-114.5101,8.3001,116.5942,0.843547
-114.3416,8.2825,116.3753,0.843706
-114.1539,8.2629,116.1322,0.843878
-113.9845,8.2453,115.9136,0.844029
-113.7958,8.2257,115.6709,0.844199
-113.6251,8.2087,115.4519,0.844356
-113.4544,8.1919,115.2337,0.844506
-113.2643,8.1732,114.9914,0.844688
-113.0927,8.1564,114.7735,0.844835
-112.9207,8.1395,114.5557,0.844988
-112.7290,8.1208,114.3139,0.845159
-112.5561,8.1040,114.0965,0.845314
-112.3634,8.0853,113.8550,0.845485
-112.1893,8.0684,113.6384,0.845641
-112.0149,8.0513,113.4215,0.845793
-111.8207,8.0323,113.1807,0.845967
-111.6259,8.0133,112.9401,0.846130
-111.4502,7.9961,112.7238,0.846289
-111.2739,7.9790,112.5077,0.846448
-111.0776,7.9600,112.2678,0.846621
-110.9004,7.9429,112.0520,0.846776
-110.7228,7.9258,111.8365,0.846931
-110.5249,7.9068,111.5973,0.847103
-110.3463,7.8897,111.3822,0.847260
-110.1667,7.8728,111.1668,0.847408
-109.9672,7.8547,110.9282,0.847583
-109.7671,7.8366,110.6900,0.847753
-109.5865,7.8204,110.4759,0.847914
-109.4054,7.8042,110.2619,0.848068
-109.2229,7.7881,110.0509,0.848222
-109.0206,7.7683,109.8138,0.848393
-108.8382,7.7505,109.6007,0.848553
-108.6351,7.7307,109.3641,0.848724
-108.4518,7.7129,109.1514,0.848879
-108.2478,7.6931,108.9154,0.849046
-108.0637,7.6753,108.7032,0.849205
-107.8587,7.6556,108.4677,0.849382
-107.6738,7.6378,108.2560,0.849536
-107.4679,7.6181,108.0209,0.849708
-107.2614,7.5984,107.7860,0.849879
-107.0956,7.5826,107.5983,0.850017
-106.8875,7.5629,107.3640,0.850197
-106.6996,7.5452,107.1534,0.850349
-106.4881,7.5268,106.9180,0.850521
-106.2989,7.5121,106.7079,0.850682
-106.0872,7.4948,106.4780,0.850856
-105.8968,7.4783,106.2692,0.851018
-105.6848,7.4601,106.0374,0.851188
-105.4935,7.4437,105.8291,0.851349
-105.3018,7.4273,105.6212,0.851503
-105.0882,7.4091,105.3905,0.851679
-104.8955,7.3928,105.1831,0.851837
-104.6824,7.3745,104.9514,0.852014
-104.4674,7.3567,104.7217,0.852188
-104.2733,7.3407,104.5153,0.852349
-104.0787,7.3247,104.3092,0.852508
-103.8617,7.3069,104.0807,0.852688
-103.6657,7.2910,103.8752,0.852844
-103.4473,7.2732,103.6474,0.853017
-103.2501,7.2573,103.4427,0.853175
-103.0292,7.2384,103.2196,0.853355
-102.8273,7.2205,103.0131,0.853513
-102.6066,7.2064,102.7869,0.853690
-102.4074,7.1938,102.5841,0.853854
-102.1854,7.1798,102.3595,0.854028
-102.0075,7.1687,102.1802,0.854174
-101.7846,7.1548,101.9563,0.854349
-101.5836,7.1423,101.7550,0.854513
-101.3821,7.1298,101.5542,0.854668
-101.1576,7.1160,101.3313,0.854845
-100.9551,7.1037,101.1313,0.855008
-100.7520,7.0913,100.9318,0.855171
-100.5256,7.0777,100.7107,0.855354
-100.3213,7.0654,100.5122,0.855511
-100.0936,7.0518,100.2922,0.855686
-99.8879,7.0391,100.0963,0.855846
-99.6592,7.0247,99.8775,0.856020
-99.4759,7.0132,99.7029,0.856172
-99.2462,6.9988,99.4853,0.856349
-99.0391,6.9859,99.2899,0.856507
-98.8297,6.9749,99.0933,0.856661
-98.6219,6.9649,98.8987,0.856828
-98.3905,6.9539,98.6832,0.857007
-98.1819,6.9440,98.4897,0.857168
-97.9496,6.9331,98.2752,0.857342
-97.7400,6.9233,98.0825,0.857508
-97.5065,6.9174,97.8567,0.857689
-97.2728,6.9172,97.6429,0.857865
-97.0611,6.9171,97.4522,0.858022
-96.8245,6.9171,97.2418,0.858201
-96.6105,6.9170,97.0531,0.858361
-96.3713,6.9171,96.8438,0.858538
-96.1556,6.9174,96.6560,0.858700
-95.9163,6.9176,96.4486,0.858877
-95.7009,6.9179,96.2634,0.859034
-95.4608,6.9182,96.0596,0.859210
-95.2436,6.9186,95.8770,0.859370
-95.0020,6.9192,95.6752,0.859551
-94.7845,6.9198,95.4939,0.859714
-94.5433,6.9204,95.2927,0.859885
-94.3265,6.9209,95.1113,0.860052
-94.0857,6.9214,94.9099,0.860225
-93.8685,6.9220,94.7292,0.860383
-93.6267,6.9228,94.5293,0.860558
-93.4082,6.9235,94.3500,0.860719
-93.1647,6.9243,94.1511,0.860898
-92.9450,6.9251,93.9723,0.861061
-92.7004,6.9259,93.7738,0.861237
-92.4795,6.9267,93.5952,0.861398
-92.2337,6.9279,93.3974,0.861579
-92.0117,6.9291,93.2197,0.861742
-91.7643,6.9302,93.0225,0.861922
-91.5408,6.9312,92.8453,0.862083
-91.2916,6.9324,92.6486,0.862268
-91.0415,6.9336,92.4521,0.862445
-90.8159,6.9349,92.2756,0.862609
-90.5897,6.9364,92.0994,0.862770
-90.3375,6.9379,91.9040,0.862958
-90.1099,6.9394,91.7284,0.863115
-89.8565,6.9408,91.5336,0.863299
-89.6021,6.9423,91.3387,0.863481
-89.3729,6.9440,91.1637,0.863650
-89.1177,6.9458,90.9693,0.863830
-88.8621,6.9477,90.7750,0.864013
-88.6316,6.9494,90.6002,0.864182
-88.3750,6.9513,90.4059,0.864363
-88.1180,6.9532,90.2115,0.864550
-87.8864,6.9550,90.0365,0.864715
-87.6287,6.9571,89.8421,0.864896
-87.3964,6.9589,89.6671,0.865060
-87.1379,6.9609,89.4725,0.865242
-86.9049,6.9627,89.2972,0.865413
-86.6452,6.9650,89.1023,0.865603
-86.4117,6.9671,88.9270,0.865770
-86.1517,6.9693,88.7319,0.865954
-85.8913,6.9715,88.5367,0.866142
-85.6307,6.9738,88.3413,0.866334
-85.4219,6.9756,88.1848,0.866480
-85.1605,6.9782,87.9887,0.866673
-84.8991,6.9809,87.7926,0.866864
-84.6639,6.9831,87.6158,0.867034
-84.4022,6.9855,87.4190,0.867222
-84.1665,6.9876,87.2414,0.867393
-83.9042,6.9902,87.0434,0.867582
-83.6681,6.9928,86.8652,0.867753
-83.4056,6.9957,86.6668,0.867942
-83.1693,6.9982,86.4882,0.868117
-82.9061,7.0008,86.2893,0.868311
-82.6690,7.0031,86.1099,0.868475
-82.4050,7.0061,85.9100,0.868668
-82.1410,7.0093,85.7101,0.868865
-81.9032,7.0121,85.5299,0.869036
-81.6651,7.0150,85.3495,0.869216
-81.4006,7.0178,85.1489,0.869407
-81.1351,7.0208,84.9475,0.869600
-80.8964,7.0239,84.7662,0.869779
-80.6576,7.0271,84.5845,0.869956
-80.3922,7.0305,84.3823,0.870146
-80.1266,7.0340,84.1797,0.870342
-79.8613,7.0371,83.9768,0.870545
-79.6216,7.0404,83.7932,0.870717
-79.3558,7.0442,83.5891,0.870919
-79.1166,7.0476,83.4052,0.871095
-78.8506,7.0514,83.2004,0.871292
-78.6112,7.0548,83.0159,0.871470
-78.3451,7.0586,82.8101,0.871671
-78.1055,7.0623,82.6253,0.871849
-77.8662,7.0658,82.4399,0.872024
-77.6004,7.0698,82.2335,0.872234
-77.3348,7.0737,82.0266,0.872427
-77.1222,7.0771,81.8602,0.872586
-76.8574,7.0815,81.6525,0.872784
-76.6191,7.0853,81.4650,0.872964
-76.3546,7.0895,81.2561,0.873163
-76.0905,7.0937,81.0465,0.873365
-75.8529,7.0977,80.8568,0.873543
-75.5893,7.1026,80.6460,0.873742
-75.3524,7.1067,80.4562,0.873924
-75.0892,7.1111,80.2446,0.874131
-74.8524,7.1151,80.0537,0.874311
-74.5893,7.1199,79.8403,0.874514
-74.3531,7.1246,79.6483,0.874694
-74.0906,7.1298,79.4345,0.874901
-73.8549,7.1340,79.2420,0.875083
-73.5926,7.1387,79.0274,0.875281
-73.3303,7.1439,78.8116,0.875483
-73.0684,7.1494,78.5959,0.875684
-72.8328,7.1543,78.4015,0.875870
-72.5715,7.1596,78.1854,0.876068
-72.3360,7.1640,77.9903,0.876253
-72.0742,7.1696,77.7724,0.876453
-71.8390,7.1748,77.5764,0.876640
-71.5778,7.1806,77.3583,0.876836
-71.3427,7.1858,77.1618,0.877022
-71.0820,7.1911,76.9434,0.877230
-70.8468,7.1963,76.7455,0.877411
-70.5857,7.2024,76.5260,0.877614
-70.3508,7.2079,76.3282,0.877797
-70.0899,7.2140,76.1083,0.878003
-69.8293,7.2198,75.8884,0.878211
-69.5942,7.2252,75.6891,0.878388
-69.3331,7.2315,75.4682,0.878595
-69.0981,7.2372,75.2692,0.878779
-68.8369,7.2435,75.0481,0.878984
-68.6018,7.2492,74.8489,0.879172
-68.3408,7.2555,74.6268,0.879375
-68.1056,7.2613,74.4272,0.879563
-67.8442,7.2678,74.2053,0.879761
-67.6161,7.2783,73.9964,0.879947
-67.3555,7.2857,73.7738,0.880151
-67.1208,7.2924,73.5733,0.880336
-66.8599,7.2998,73.3502,0.880542
-66.6257,7.3064,73.1494,0.880723
-66.3910,7.3123,72.9481,0.880916
-66.1303,7.3189,72.7242,0.881118
-65.8957,7.3249,72.5226,0.881302
-65.6351,7.3315,72.2982,0.881505
-65.4004,7.3374,72.0961,0.881691
-65.1654,7.3434,71.8935,0.881879
-64.9041,7.3501,71.6684,0.882081
-64.6691,7.3560,71.4657,0.882265
-64.4093,7.3622,71.2402,0.882472
-64.1744,7.3670,71.0371,0.882656
-63.9133,7.3723,70.8112,0.882863
-63.6766,7.3737,70.6156,0.883050
-63.4361,7.3789,70.4113,0.883232
-63.2016,7.3847,70.2080,0.883421
-62.9402,7.3910,69.9807,0.883629
-62.7048,7.3968,69.7769,0.883815
-62.4691,7.4025,69.5729,0.883993
-62.2333,7.4083,69.3686,0.884182
-61.9714,7.4147,69.1419,0.884391
-61.7363,7.4198,68.9383,0.884577
-61.4742,7.4253,68.7116,0.884784
-61.2383,7.4302,68.5074,0.884973
-61.0024,7.4351,68.3031,0.885159
-60.7407,7.4399,68.0759,0.885369
-60.5049,7.4445,67.8712,0.885551
-60.2691,7.4491,67.6663,0.885738
-60.0072,7.4542,67.4383,0.885947
-59.7719,7.4581,67.2334,0.886132
-59.5362,7.4624,67.0273,0.886317
-59.3006,7.4667,66.8215,0.886505
-59.0387,7.4716,66.5927,0.886713
-58.8034,7.4755,66.3870,0.886898
-58.5678,7.4791,66.1806,0.887085
-58.3059,7.4837,65.9506,0.887293
-58.0704,7.4878,65.7437,0.887478
-57.8088,7.4924,65.5136,0.887687
-57.5738,7.4959,65.3067,0.887875
-57.3386,7.4993,65.0991,0.888064
-57.0774,7.5034,64.8675,0.888274
-56.8166,7.5076,64.6359,0.888480
-56.5822,7.5115,64.4270,0.888666
-56.3482,7.5148,64.2183,0.888854
-56.0880,7.5183,63.9856,0.889062
-55.8539,7.5214,63.7751,0.889251
-55.5941,7.5254,63.5413,0.889457
-55.3345,7.5294,63.3072,0.889667
-55.1013,7.5327,63.0966,0.889854
-54.8418,7.5359,62.8618,0.890064
-54.6083,7.5388,62.6501,0.890249
-54.3489,7.5421,62.4140,0.890463
-54.1158,7.5454,62.2015,0.890650
-53.8827,7.5488,61.9888,0.890838
-53.6499,7.5516,61.7763,0.891027
-53.3909,7.5545,61.5393,0.891238
-53.1321,7.5575,61.3019,0.891443
-52.8994,7.5601,61.0877,0.891633
-52.6410,7.5634,60.8490,0.891846
-52.4085,7.5664,60.6343,0.892034
-52.1505,7.5691,60.3958,0.892249
-51.9181,7.5715,60.1804,0.892438
-51.6600,7.5742,59.9407,0.892649
-51.4279,7.5766,59.7246,0.892836
-51.1702,7.5793,59.4836,0.893052
-50.9384,7.5821,59.2668,0.893235
-50.7070,7.5843,59.0501,0.893424
-50.4497,7.5867,58.8084,0.893634
-50.1925,7.5890,58.5663,0.893845
-49.9613,7.5912,58.3479,0.894034
-49.7047,7.5935,58.1048,0.894244
-49.4482,7.5961,57.8609,0.894455
-49.2179,7.5981,57.6417,0.894645
-48.9618,7.6001,57.3974,0.894856
-48.7314,7.6020,57.1771,0.895045
-48.5011,7.6038,56.9564,0.895239
-48.2455,7.6059,56.7107,0.895447
-48.0156,7.6077,56.4891,0.895640
-47.7608,7.6098,56.2425,0.895850
-47.5314,7.6114,56.0201,0.896036
-47.3021,7.6129,55.7974,0.896228
-47.0477,7.6147,55.5493,0.896440
-46.8189,7.6162,55.3256,0.896634
-46.5651,7.6179,55.0765,0.896841
-46.3116,7.6197,54.8269,0.897054
-46.0839,7.6210,54.6018,0.897247
-45.8562,7.6222,54.3763,0.897438
-45.6034,7.6236,54.1251,0.897651
-45.3761,7.6249,53.8986,0.897843
-45.1491,7.6261,53.6715,0.898034
-44.8972,7.6275,53.4187,0.898248
-44.6456,7.6289,53.1653,0.898460
-44.4196,7.6298,52.9369,0.898656
-44.1935,7.6308,52.7080,0.898850
-43.9425,7.6318,52.4532,0.899063
-43.6917,7.6329,52.1978,0.899275
-43.4661,7.6339,51.9674,0.899468
-43.2157,7.6349,51.7110,0.899680
-42.9907,7.6358,51.4801,0.899870
-42.7406,7.6365,51.2227,0.900088
-42.5157,7.6372,50.9907,0.900279
-42.2660,7.6379,50.7325,0.900489
-42.0414,7.6386,50.4997,0.900686
-41.8170,7.6392,50.2664,0.900878
-41.5678,7.6399,50.0068,0.901094
-41.3439,7.6405,49.7729,0.901289
-41.1199,7.6409,49.5384,0.901480
-40.8713,7.6413,49.2774,0.901697
-40.6230,7.6417,49.0159,0.901910
-40.3996,7.6421,48.7802,0.902105
-40.1765,7.6425,48.5440,0.902299
-39.9287,7.6429,48.2811,0.902516
-39.7061,7.6432,48.0442,0.902710
-39.4587,7.6434,47.7804,0.902925
-39.2363,7.6435,47.5426,0.903118
-39.0140,7.6437,47.3043,0.903313
-38.7673,7.6439,47.0391,0.903529
-38.5456,7.6441,46.8000,0.903723
-38.2995,7.6443,46.5339,0.903939
-38.0538,7.6443,46.2674,0.904154
-37.8083,7.6443,46.0003,0.904372
-37.5877,7.6442,45.7595,0.904567
-37.3673,7.6441,45.5184,0.904761
-37.1227,7.6441,45.2501,0.904977
-36.9029,7.6440,45.0081,0.905171
-36.6589,7.6440,44.7389,0.905391
-36.4397,7.6438,44.4962,0.905586
-36.2206,7.6435,44.2531,0.905782
-35.9775,7.6431,43.9824,0.905999
-35.7589,7.6428,43.7383,0.906197
-35.5163,7.6425,43.4667,0.906413
-35.2983,7.6422,43.2218,0.906609
-35.0563,7.6419,42.9492,0.906828
-34.8389,7.6414,42.7036,0.907024
-34.5975,7.6408,42.4301,0.907243
-34.3804,7.6402,42.1835,0.907442
-34.1636,7.6397,41.9365,0.907638
-33.9230,7.6391,41.6616,0.907857
-33.7068,7.6385,41.4138,0.908052
-33.4668,7.6379,41.1381,0.908271
-33.2513,7.6371,40.8898,0.908470
-33.0123,7.6362,40.6134,0.908686
-32.7738,7.6352,40.3369,0.908907
-32.5598,7.6344,40.0879,0.909104
-32.3227,7.6335,39.8112,0.909323
-32.0863,7.6325,39.5345,0.909540
-31.8745,7.6317,39.2858,0.909737
-31.6633,7.6305,39.0370,0.909934
-31.4295,7.6293,38.7608,0.910149
-31.2198,7.6281,38.5122,0.910347
-30.9877,7.6269,38.2362,0.910563
-30.7795,7.6258,37.9880,0.910755
-30.5720,7.6246,37.7399,0.910951
-30.3425,7.6233,37.4646,0.911165
-30.1137,7.6217,37.1892,0.911382
-29.9085,7.6202,36.9415,0.911571
-29.6813,7.6186,36.6664,0.911790
-29.4549,7.6170,36.3914,0.912004
-29.2520,7.6156,36.1441,0.912195
-29.0273,7.6140,35.8695,0.912409
-28.8259,7.6124,35.6227,0.912601
-28.6251,7.6106,35.3758,0.912789
-28.4027,7.6086,35.1016,0.913003
-28.2033,7.6068,34.8549,0.913192
-28.0046,7.6051,34.6083,0.913383
-27.8066,7.6033,34.3619,0.913573
-27.5874,7.6013,34.0883,0.913783
-27.3693,7.5991,33.8150,0.913994
-27.1735,7.5969,33.5690,0.914181
-26.9567,7.5946,33.2958,0.914393
-26.7624,7.5924,33.0500,0.914580
-26.5474,7.5900,32.7770,0.914787
-26.3760,7.5881,32.5586,0.914955
-26.1625,7.5858,32.2859,0.915160
-25.9713,7.5833,32.0408,0.915349
-25.7593,7.5805,31.7682,0.915553
-25.5694,7.5779,31.5230,0.915740
-25.3801,7.5754,31.2779,0.915926
-25.1705,7.5726,31.0056,0.916131
-24.9618,7.5698,30.7336,0.916337
-24.7750,7.5671,30.4891,0.916521
-24.5678,7.5638,30.2172,0.916724
-24.3615,7.5605,29.9455,0.916930
-24.1767,7.5575,29.7010,0.917112
-23.9926,7.5545,29.4566,0.917294
-23.7891,7.5513,29.1850,0.917496
-23.6069,7.5483,28.9407,0.917681
-23.4057,7.5446,28.6695,0.917882
-23.2254,7.5411,28.4251,0.918063
-23.0261,7.5373,28.1535,0.918264
-22.8477,7.5338,27.9089,0.918444
-22.6506,7.5300,27.6372,0.918643
-22.4741,7.5266,27.3926,0.918824
-22.3183,7.5234,27.1755,0.918985
-22.1435,7.5194,26.9309,0.919164
-21.9505,7.5150,26.6592,0.919361
-21.7781,7.5110,26.4147,0.919540
-21.5884,7.5066,26.1432,0.919737
-21.4006,7.5022,25.8719,0.919934
-21.2333,7.4982,25.6280,0.920110
-21.0497,7.4932,25.3576,0.920304
-20.8858,7.4887,25.1140,0.920481
-20.7056,7.4836,24.8434,0.920675
-20.5450,7.4791,24.6001,0.920848
-20.3684,7.4741,24.3300,0.921041
-20.2110,7.4696,24.0872,0.921215
-20.0383,7.4640,23.8181,0.921403
-19.8840,7.4588,23.5757,0.921575
-19.7145,7.4531,23.3064,0.921766
-19.5637,7.4480,23.0638,0.921936
-19.3981,7.4423,22.7939,0.922128
-19.2342,7.4366,22.5237,0.922318
-19.0888,7.4308,22.2807,0.922487
-18.9283,7.4242,22.0096,0.922653
-18.7856,7.4183,21.7651,0.922845
-18.6289,7.4117,21.4930,0.923033
-18.4895,7.4058,21.2477,0.923200
-18.3522,7.4000,21.0027,0.923366
-18.2155,7.3931,20.7567,0.923534
-18.0653,7.3856,20.4828,0.923721
-17.9316,7.3787,20.2360,0.923888
-17.7849,7.3712,19.9612,0.924075
-17.6400,7.3637,19.6860,0.924260
-17.5116,7.3563,19.4388,0.924429
-17.3695,7.3475,19.1629,0.924613
-17.2431,7.3396,18.9141,0.924779
-17.1045,7.3309,18.6373,0.924964
-16.9812,7.3231,18.3878,0.925130
-16.8465,7.3139,18.1113,0.925315
-16.7257,7.3046,17.8611,0.925481
-16.5932,7.2945,17.5828,0.925666
-16.4756,7.2853,17.3320,0.925830
-16.3467,7.2752,17.0530,0.926014
-16.2204,7.2642,16.7746,0.926198
-16.1077,7.2524,16.5242,0.926362
-15.9845,7.2392,16.2441,0.926546
-15.8758,7.2274,15.9916,0.926711
-15.7601,7.2203,15.7070,0.926893
-15.6568,7.2109,15.4534,0.927058
-15.5434,7.1999,15.1724,0.927240
-15.4319,7.1889,14.8900,0.927422
-15.3227,7.1780,14.6069,0.927605
-15.2264,7.1686,14.3507,0.927769
-15.1226,7.1589,14.0665,0.927951
-15.0308,7.1499,13.8108,0.928115
-14.9305,7.1390,13.5264,0.928297
-14.8417,7.1290,13.2693,0.928460
-14.7546,7.1182,13.0130,0.928624
-14.6605,7.1054,12.7277,0.928805
-14.5773,7.0933,12.4697,0.928968
-14.4959,7.0807,12.2122,0.929132
-14.4084,7.0660,11.9268,0.929312
-14.3221,7.0492,11.6393,0.929494
-14.2459,7.0331,11.3819,0.929656
-14.1644,7.0146,11.0936,0.929836
-14.0930,6.9979,10.8337,0.929999
-14.0233,6.9811,10.5740,0.930161
-13.9485,6.9606,10.2880,0.930341
-13.8829,6.9403,10.0270,0.930503
-13.8192,6.9199,9.7652,0.930665
-13.7504,6.8973,9.4731,0.930846
-13.6828,6.8739,9.1810,0.931027
-13.6253,6.8538,8.9137,0.931190
-13.5636,6.8325,8.6180,0.931372
-13.5038,6.8112,8.3209,0.931554
-13.4412,6.7872,8.0476,0.931718
-13.3849,6.7736,7.7471,0.931900
-13.3364,6.7613,7.4757,0.932064
-13.2840,6.7475,7.1734,0.932247
-13.2379,6.7351,6.9001,0.932412
-13.1878,6.7212,6.5948,0.932597
-13.1441,6.7086,6.3190,0.932764
-13.0974,6.6946,6.0117,0.932950
-13.0570,6.6820,5.7343,0.933117
-13.0134,6.6679,5.4250,0.933305
-12.9714,6.6538,5.1138,0.933493
-12.9349,6.6417,4.8334,0.933663
-12.8959,6.6282,4.5210,0.933853
-12.8584,6.6147,4.2077,0.934043
-12.8225,6.6011,3.8933,0.934234
-12.7916,6.5888,3.6093,0.934406
-12.7589,6.5751,3.2928,0.934601
-12.7310,6.5628,3.0071,0.934774
-12.7016,6.5490,2.6888,0.934969
-12.6738,6.5351,2.3695,0.935162
-12.6502,6.5226,2.0812,0.935337
-12.6255,6.5093,1.7592,0.935532
-12.6023,6.4961,1.4368,0.935728
-12.5826,6.4843,1.1459,0.935903
-12.5599,6.4697,0.7894,0.936119
-12.5445,6.4591,0.5293,0.936276
-12.5263,6.4458,0.2033,0.936473
-12.5112,6.4338,-0.0909,0.936650
-12.4955,6.4204,-0.4186,0.936850
-12.4825,6.4083,-0.7143,0.937027
-12.4694,6.3948,-1.0444,0.937226
-12.4576,6.3821,-1.3747,0.937425
-12.4481,6.3707,-1.6727,0.937604
-12.4388,6.3580,-2.0046,0.937803
-12.4315,6.3465,-2.3040,0.937985
-12.4245,6.3337,-2.6375,0.938185
-12.4193,6.3222,-2.9384,0.938366
-12.4154,6.3119,-3.2065,0.938527
-12.4121,6.3016,-3.4751,0.938688
-12.4089,6.2887,-3.8116,0.938892
-12.4070,6.2775,-4.1159,0.939075
-12.4058,6.2654,-4.4540,0.939279
-12.4056,6.2545,-4.7589,0.939464
-12.4063,6.2424,-5.0983,0.939668
-12.4079,6.2314,-5.4045,0.939852
-12.4107,6.2192,-5.7455,0.940061
-12.4141,6.2082,-6.0529,0.940248
-12.4189,6.1960,-6.3952,0.940455
-12.4247,6.1838,-6.7388,0.940663
-12.4301,6.1747,-7.0137,0.940831
-12.4378,6.1633,-7.3579,0.941040
-12.4455,6.1530,-7.6682,0.941229
-12.4550,6.1416,-8.0136,0.941438
-12.4645,6.1312,-8.3251,0.941631
-12.4759,6.1197,-8.6717,0.941841
-12.4872,6.1094,-8.9842,0.942034
-12.5007,6.0979,-9.3321,0.942249
-12.5138,6.0882,-9.6463,0.942443
-12.5293,6.0775,-9.9954,0.942652
-12.5457,6.0669,-10.3450,0.942871
-12.5595,6.0584,-10.6252,0.943042
-12.5775,6.0477,-10.9760,0.943256
-12.5943,6.0380,-11.2924,0.943448
-12.6097,6.0294,-11.5742,0.943622
-12.6294,6.0187,-11.9278,0.943840
-12.6475,6.0098,-12.2460,0.944036
-12.6680,6.0000,-12.6001,0.944254
-12.6890,5.9902,-12.9548,0.944473
-12.7084,5.9813,-13.2744,0.944670
-12.7283,5.9724,-13.5944,0.944869
-12.7510,5.9625,-13.9504,0.945089
-12.7745,5.9526,-14.3069,0.945311
-12.7963,5.9444,-14.6288,0.945509
-12.8212,5.9354,-14.9861,0.945732
-12.8470,5.9265,-15.3437,0.945955
-12.8735,5.9175,-15.7017,0.946177
-12.8982,5.9094,-16.0242,0.946378
-12.9263,5.9004,-16.3829,0.946603
-12.9525,5.8923,-16.7066,0.946804
-12.9822,5.8842,-17.0658,0.947029
-13.0097,5.8769,-17.3893,0.947232
-13.0409,5.8689,-17.7491,0.947458
-13.0697,5.8616,-18.0731,0.947662
-13.0991,5.8543,-18.3973,0.947865
-13.1326,5.8462,-18.7579,0.948092
-13.1670,5.8386,-19.1193,0.948319
-13.1986,5.8322,-19.4443,0.948523
-13.2344,5.8250,-19.8056,0.948752
-13.2674,5.8185,-20.1308,0.948958
-13.3047,5.8114,-20.4922,0.949187
-13.3390,5.8049,-20.8173,0.949392
-13.3780,5.7980,-21.1788,0.949621
-13.4177,5.7918,-21.5390,0.949849
-13.4540,5.7862,-21.8627,0.950054
-13.4909,5.7806,-22.1859,0.950261
-13.5283,5.7750,-22.5085,0.950465
-13.5706,5.7689,-22.8663,0.950692
-13.6094,5.7634,-23.1884,0.950897
-13.6531,5.7582,-23.5450,0.951124
-13.6976,5.7529,-23.9008,0.951350
-13.7382,5.7482,-24.2205,0.951555
-13.7793,5.7434,-24.5397,0.951759
-13.8257,5.7382,-24.8936,0.951985
-13.8682,5.7337,-25.2122,0.952189
-13.9112,5.7298,-25.5296,0.952390
-13.9547,5.7258,-25.8465,0.952595
-14.0037,5.7215,-26.1978,0.952819
-14.0484,5.7175,-26.5135,0.953022
-14.0987,5.7132,-26.8636,0.953246
-14.1447,5.7097,-27.1785,0.953448
-14.1965,5.7061,-27.5272,0.953673
-14.2436,5.7029,-27.8404,0.953874
-14.2966,5.6994,-28.1877,0.954097
-14.3449,5.6962,-28.4997,0.954299
-14.3938,5.6931,-28.8116,0.954500
-14.4488,5.6902,-29.1569,0.954720
-14.4989,5.6877,-29.4670,0.954922
-14.5551,5.6849,-29.8109,0.955143
-14.6063,5.6823,-30.1198,0.955344
-14.6579,5.6798,-30.4282,0.955542
-14.7161,5.6775,-30.7705,0.955761
-14.7690,5.6755,-31.0776,0.955960
-14.8283,5.6734,-31.4180,0.956178
-14.8882,5.6712,-31.7578,0.956400
-14.9427,5.6692,-32.0629,0.956596
-15.0040,5.6675,-32.4017,0.956814
-15.0596,5.6660,-32.7055,0.957009
-15.1157,5.6645,-33.0088,0.957205
-15.1787,5.6629,-33.3450,0.957423
-15.2358,5.6615,-33.6471,0.957617
-15.3000,5.6602,-33.9822,0.957833
-15.3583,5.6591,-34.2829,0.958026
-15.4236,5.6579,-34.6163,0.958242
-15.4830,5.6568,-34.9157,0.958436
-15.5495,5.6557,-35.2478,0.958648
-15.6167,5.6548,-35.5790,0.958861
-15.6777,5.6540,-35.8764,0.959055
-15.7461,5.6531,-36.2061,0.959265
-15.8081,5.6523,-36.5023,0.959459
-15.8636,5.6517,-36.7651,0.959626
-15.9336,5.6509,-37.0927,0.959837
-15.9972,5.6503,-37.3869,0.960027
-16.0684,5.6496,-37.7131,0.960235
-16.1330,5.6490,-38.0059,0.960423
-16.2055,5.6483,-38.3306,0.960633
-16.2786,5.6476,-38.6544,0.960840
-16.3524,5.6469,-38.9775,0.961046
-16.4194,5.6462,-39.2675,0.961234
-16.4944,5.6455,-39.5890,0.961440
-16.5625,5.6447,-39.8777,0.961625
-16.6388,5.6439,-40.1978,0.961830
-16.7080,5.6431,-40.4852,0.962015
-16.7854,5.6422,-40.8036,0.962218
-16.8556,5.6411,-41.0897,0.962401
-16.9343,5.6399,-41.4069,0.962605
-17.0056,5.6388,-41.6918,0.962788
-17.0853,5.6376,-42.0071,0.962989
-17.1576,5.6360,-42.2906,0.963170
-17.2385,5.6343,-42.6050,0.963370
-17.3199,5.6326,-42.9187,0.963572
-17.3855,5.6312,-43.1685,0.963731
-17.4679,5.6287,-43.4808,0.963930
-17.5426,5.6265,-43.7613,0.964108
-17.6262,5.6240,-44.0723,0.964305
-17.7019,5.6217,-44.3511,0.964484
-17.7780,5.6191,-44.6297,0.964663
-17.8632,5.6161,-44.9386,0.964860
-17.9489,5.6131,-45.2468,0.965056
-18.0265,5.6104,-45.5235,0.965234
-18.1133,5.6074,-45.8303,0.965429
-18.1919,5.6046,-46.1059,0.965605
-18.2711,5.6020,-46.3811,0.965784
-18.3506,5.5996,-46.6555,0.965961
-18.4395,5.5969,-46.9596,0.966155
-18.5198,5.5944,-47.2327,0.966331
-18.6096,5.5916,-47.5357,0.966528
-18.6909,5.5891,-47.8077,0.966701
-18.7818,5.5863,-48.1093,0.966895
-18.8641,5.5841,-48.3804,0.967071
-18.9467,5.5820,-48.6507,0.967244
-19.0389,5.5795,-48.9503,0.967437
-19.1223,5.5773,-49.2193,0.967609
-19.2155,5.5747,-49.5177,0.967802
-19.2998,5.5725,-49.7856,0.967974
-19.3941,5.5701,-50.0829,0.968167
-19.4793,5.5682,-50.3496,0.968338
-19.5744,5.5660,-50.6452,0.968527
-19.6699,5.5637,-50.9402,0.968718
-19.7563,5.5617,-51.2051,0.968887
-19.8432,5.5597,-51.4695,0.969057
-19.9402,5.5575,-51.7625,0.969247
-20.0280,5.5557,-52.0258,0.969415
-20.1260,5.5538,-52.3173,0.969601
-20.2146,5.5520,-52.5790,0.969770
-20.3137,5.5500,-52.8692,0.969958
-20.4033,5.5482,-53.1296,0.970125
-20.5035,5.5463,-53.4184,0.970310
-20.5942,5.5446,-53.6778,0.970477
-20.6954,5.5429,-53.9651,0.970660
-20.7869,5.5414,-54.2229,0.970829
-20.8892,5.5396,-54.5086,0.971010
-20.9922,5.5379,-54.7935,0.971193
-21.0856,5.5363,-55.0491,0.971357
-21.1902,5.5346,-55.3322,0.971540
-21.2850,5.5333,-55.5864,0.971705
-21.3911,5.5318,-55.8677,0.971886
-21.4872,5.5305,-56.1202,0.972049
-21.5948,5.5290,-56.4000,0.972231
-21.7031,5.5275,-56.6789,0.972409
-21.8011,5.5261,-56.9293,0.972572
-21.9108,5.5248,-57.2069,0.972752
-22.0100,5.5236,-57.4558,0.972915
-22.1097,5.5225,-57.7041,0.973074
-22.2212,5.5212,-57.9791,0.973251
-22.3222,5.5201,-58.2260,0.973413
-22.4237,5.5189,-58.4723,0.973573
-22.5371,5.5176,-58.7450,0.973750
-22.6398,5.5167,-58.9900,0.973909
-22.7546,5.5156,-59.2611,0.974085
-22.8585,5.5146,-59.5044,0.974242
-22.9747,5.5136,-59.7738,0.974419
-23.0916,5.5125,-60.0424,0.974594
-23.1975,5.5115,-60.2834,0.974753
-23.3040,5.5106,-60.5239,0.974910
-23.4229,5.5097,-60.7900,0.975083
-23.5305,5.5089,-61.0288,0.975239
-23.6386,5.5081,-61.2670,0.975394
-23.7594,5.5073,-61.5308,0.975565
-23.8687,5.5065,-61.7675,0.975719
-23.9908,5.5056,-62.0297,0.975894
-24.1136,5.5048,-62.2912,0.976067
-24.2246,5.5042,-62.5257,0.976217
-24.3486,5.5035,-62.7854,0.976391
-24.4607,5.5028,-63.0184,0.976547
-24.5859,5.5021,-63.2766,0.976717
-24.6991,5.5015,-63.5082,0.976870
-24.8128,5.5009,-63.7392,0.977023
-24.9398,5.5003,-63.9951,0.977192
-25.0545,5.4998,-64.2246,0.977346
-25.1825,5.4992,-64.4789,0.977514
-25.2982,5.4987,-64.7070,0.977667
-25.4273,5.4982,-64.9597,0.977839
-25.5440,5.4977,-65.1864,0.977990
-25.6743,5.4972,-65.4377,0.978159
-25.7919,5.4968,-65.6630,0.978309
-25.9232,5.4964,-65.9125,0.978476
-26.0550,5.4960,-66.1612,0.978642
-26.1741,5.4956,-66.3844,0.978793
-26.3069,5.4952,-66.6315,0.978956
-26.4270,5.4948,-66.8531,0.979105
-26.5475,5.4945,-67.0742,0.979254
-26.6819,5.4942,-67.3190,0.979420
-26.8034,5.4940,-67.5385,0.979567
-26.9389,5.4937,-67.7816,0.979730
-27.0749,5.4934,-68.0238,0.979895
-27.1978,5.4931,-68.2412,0.980044
-27.3348,5.4928,-68.4818,0.980206
-27.4724,5.4926,-68.7218,0.980369
-27.5966,5.4925,-68.9369,0.980516
-27.7213,5.4923,-69.1514,0.980662
-27.8603,5.4921,-69.3889,0.980825
-27.9858,5.4920,-69.6019,0.980969
-28.1117,5.4918,-69.8143,0.981115
-28.2521,5.4916,-70.0494,0.981275
-28.3789,5.4915,-70.2604,0.981422
-28.5202,5.4915,-70.4939,0.981584
-28.6479,5.4914,-70.7034,0.981729
-28.7759,5.4913,-70.9121,0.981873
-28.9186,5.4912,-71.1433,0.982032
-29.0618,5.4912,-71.3737,0.982193
-29.1911,5.4911,-71.5803,0.982336
-29.3208,5.4911,-71.7862,0.982479
-29.4654,5.4911,-72.0142,0.982639
-29.5958,5.4911,-72.2187,0.982781
-29.7267,5.4911,-72.4226,0.982926
-29.8724,5.4911,-72.6484,0.983084
-30.0040,5.4911,-72.8509,0.983227
-30.1505,5.4911,-73.0752,0.983383
-30.2827,5.4911,-73.2765,0.983527
-30.4299,5.4911,-73.4994,0.983684
-30.5774,5.4912,-73.7215,0.983841
-30.7253,5.4913,-73.9429,0.983997
-30.8588,5.4913,-74.1415,0.984140
-31.0073,5.4914,-74.3615,0.984296
-31.1413,5.4915,-74.5589,0.984436
-31.2756,5.4915,-74.7557,0.984577
-31.4101,5.4916,-74.9518,0.984717
-31.5599,5.4918,-75.1691,0.984872
-31.6949,5.4919,-75.3640,0.985013
-31.8452,5.4920,-75.5799,0.985169
-31.9808,5.4921,-75.7735,0.985307
-32.1166,5.4922,-75.9665,0.985447
-32.2678,5.4923,-76.1803,0.985602
-32.4193,5.4925,-76.3933,0.985756
-32.5559,5.4926,-76.5844,0.985895
-32.6927,5.4927,-76.7749,0.986033
-32.8450,5.4929,-76.9859,0.986186
-32.9823,5.4930,-77.1751,0.986324
-33.1199,5.4932,-77.3638,0.986463
-33.2729,5.4933,-77.5727,0.986615
-33.4110,5.4935,-77.7601,0.986752
-33.5492,5.4936,-77.9469,0.986888
-33.7030,5.4938,-78.1538,0.987041
-33.8417,5.4940,-78.3393,0.987178
-33.9961,5.4942,-78.5448,0.987330
-34.1507,5.4943,-78.7495,0.987482
-34.2901,5.4945,-78.9332,0.987616
-34.4297,5.4947,-79.1162,0.987754
-34.5850,5.4948,-79.3189,0.987904
-34.7251,5.4950,-79.5008,0.988038
-34.8653,5.4952,-79.6820,0.988175
-35.0213,5.4954,-79.8827,0.988324
-35.1620,5.4956,-80.0627,0.988460
-35.3185,5.4957,-80.2621,0.988609
-35.4595,5.4959,-80.4410,0.988742
-35.6164,5.4961,-80.6391,0.988891
-35.7734,5.4963,-80.8365,0.989041
-35.9149,5.4965,-81.0137,0.989174
-36.0724,5.4967,-81.2098,0.989323
-36.2142,5.4968,-81.3858,0.989455
-36.3721,5.4970,-81.5806,0.989604
-36.5143,5.4972,-81.7554,0.989736
-36.6567,5.4974,-81.9297,0.989869
-36.8153,5.4975,-82.1229,0.990016
-36.9584,5.4977,-82.2965,0.990148
-37.1176,5.4979,-82.4890,0.990295
-37.2773,5.4980,-82.6811,0.990443
-37.4374,5.4982,-82.8730,0.990590
-37.5817,5.4984,-83.0454,0.990721
-37.7424,5.4986,-83.2368,0.990869
-37.9034,5.4987,-83.4280,0.991017
-38.0647,5.4989,-83.6191,0.991163
-38.2101,5.4990,-83.7908,0.991295
-38.3720,5.4992,-83.9815,0.991442
-38.5341,5.4993,-84.1719,0.991588
-38.6803,5.4995,-84.3430,0.991718
-38.8430,5.4996,-84.5328,0.991867
-38.9898,5.4998,-84.7034,0.991999
-39.1532,5.4999,-84.8927,0.992145
-39.3170,5.5000,-85.0817,0.992292
-39.4647,5.5001,-85.2515,0.992423
-39.6291,5.5002,-85.4400,0.992570
-39.7773,5.5004,-85.6093,0.992700
-39.9423,5.5005,-85.7972,0.992848
-40.0911,5.5006,-85.9661,0.992979
-40.2568,5.5007,-86.1534,0.993125
-40.4062,5.5007,-86.3217,0.993255
-40.5724,5.5008,-86.5086,0.993401
-40.7391,5.5009,-86.6951,0.993547
-40.8893,5.5010,-86.8627,0.993678
-41.0565,5.5010,-87.0486,0.993825
-41.2240,5.5011,-87.2343,0.993971
-41.3751,5.5012,-87.4011,0.994099
-41.5264,5.5012,-87.5678,0.994232
-41.6780,5.5012,-87.7342,0.994361
-41.8298,5.5012,-87.9003,0.994493
-41.9988,5.5013,-88.0847,0.994637
-42.1512,5.5013,-88.2504,0.994766
-42.3208,5.5013,-88.4342,0.994913
-42.4737,5.5013,-88.5993,0.995041
-42.6440,5.5013,-88.7825,0.995187
-42.7974,5.5013,-88.9472,0.995316
-42.9683,5.5013,-89.1299,0.995458
-43.1394,5.5013,-89.3123,0.995605
-43.2937,5.5013,-89.4762,0.995735
-43.4654,5.5013,-89.6580,0.995879
-43.6375,5.5013,-89.8395,0.996021
-43.7926,5.5013,-90.0026,0.996150
-43.9479,5.5013,-90.1655,0.996279
-44.1209,5.5013,-90.3462,0.996423
-44.2768,5.5013,-90.5086,0.996553
-44.4503,5.5013,-90.6888,0.996699
-44.6241,5.5013,-90.8688,0.996839
-44.7633,5.5013,-91.0128,0.996952
-44.9374,5.5013,-91.1926,0.997094
-45.1118,5.5013,-91.3724,0.997237
-45.2514,5.5013,-91.5162,0.997353
-45.4260,5.5013,-91.6960,0.997497
-45.6007,5.5013,-91.8758,0.997639
-45.7754,5.5013,-92.0556,0.997782
-45.9153,5.5013,-92.1996,0.997895
-46.0901,5.5013,-92.3795,0.998036
-46.2475,5.5013,-92.5416,0.998166
-46.4224,5.5013,-92.7217,0.998309
-46.5972,5.5013,-92.9019,0.998451
-46.7546,5.5013,-93.0642,0.998579
-46.9294,5.5013,-93.2446,0.998720
-47.1042,5.5013,-93.4250,0.998864
-47.2790,5.5013,-93.6056,0.999007
-47.4538,5.5013,-93.7862,0.999150
-47.6286,5.5013,-93.9668,0.999295
-47.7858,5.5013,-94.1294,0.999424
-47.9430,5.5013,-94.2920,0.999556
-48.1177,5.5013,-94.4727,0.999700
-48.2749,5.5013,-94.6353,0.999834
-48.4497,5.5013,-94.8160,0.999978
