146.8073,1.7527,-30.6513,0.000844
146.9184,1.7525,-31.8577,0.001370
147.0285,1.7522,-33.0641,0.001892
147.1267,1.7520,-34.1497,0.002360
147.2347,1.7518,-35.3557,0.002862
147.3309,1.7516,-36.4410,0.003326
147.4261,1.7514,-37.5261,0.003786
147.5307,1.7511,-38.7316,0.004291
147.6238,1.7509,-39.8165,0.004758
147.7257,1.7507,-41.0217,0.005264
147.8261,1.7504,-42.2268,0.005778
147.9249,1.7502,-43.4316,0.006288
148.0124,1.7500,-44.5156,0.006747
148.1081,1.7498,-45.7196,0.007257
148.2021,1.7495,-46.9231,0.007766
148.2946,1.7493,-48.1261,0.008276
148.3766,1.7491,-49.2082,0.008741
148.4665,1.7489,-50.4097,0.009246
148.5549,1.7487,-51.6106,0.009761
148.6331,1.7485,-52.6908,0.010219
148.7183,1.7482,-53.8903,0.010729
148.8017,1.7480,-55.0891,0.011236
148.8833,1.7477,-56.2873,0.011750
148.9625,1.7475,-57.4856,0.012253
149.0302,1.7472,-58.5642,0.012709
149.1000,1.7470,-59.7623,0.013218
149.1641,1.7468,-60.9603,0.013801
149.2236,1.7465,-62.1570,0.014123
149.3312,1.7461,-64.4284,0.015186
149.3862,1.7454,-65.6209,0.016047
149.4395,1.7438,-66.8121,0.016142
149.4865,1.7435,-67.8831,0.016664
149.5379,1.7419,-69.0709,0.017169
149.5877,1.7407,-70.2582,0.017675
149.6321,1.7397,-71.3249,0.018122
149.6801,1.7380,-72.5078,0.018617
149.7234,1.7373,-73.5689,0.019064
149.7706,1.7355,-74.7438,0.019566
149.8132,1.7342,-75.7980,0.020014
149.8605,1.7342,-76.9649,0.020510
149.9028,1.7342,-78.0114,0.020954
149.9449,1.7341,-79.0541,0.021397
149.9916,1.7342,-80.2075,0.021891
150.0335,1.7345,-81.2403,0.022330
150.0753,1.7348,-82.2672,0.022761
150.1216,1.7352,-83.4008,0.023240
150.1631,1.7354,-84.4134,0.023668
150.2044,1.7357,-85.4186,0.024100
150.2457,1.7358,-86.4160,0.024524
150.2871,1.7359,-87.4057,0.024947
150.3338,1.7360,-88.4961,0.025410
150.3777,1.7350,-89.4694,0.025826
150.4224,1.7342,-90.4352,0.026238
150.4726,1.7340,-91.4993,0.026694
150.5172,1.7347,-92.4490,0.027099
150.5626,1.7352,-93.3911,0.027507
150.6123,1.7361,-94.4283,0.027950
150.6569,1.7368,-95.3527,0.028342
150.7061,1.7375,-96.3700,0.028778
150.7502,1.7381,-97.2767,0.029164
150.7932,1.7392,-98.1751,0.029546
150.8403,1.7403,-99.1628,0.029965
150.8824,1.7414,-100.0419,0.030336
150.9283,1.7419,-101.0068,0.030745
150.9743,1.7397,-101.9614,0.031150
151.0152,1.7380,-102.8113,0.031511
151.0597,1.7360,-103.7452,0.031907
151.1041,1.7332,-104.6682,0.032302
151.1433,1.7309,-105.4900,0.032651
151.1860,1.7286,-106.3926,0.033036
151.2236,1.7267,-107.1947,0.033378
151.2650,1.7238,-108.0733,0.033752
151.3058,1.7216,-108.9416,0.034119
151.3413,1.7199,-109.7120,0.034446
151.3798,1.7181,-110.5568,0.034801
151.4138,1.7165,-111.3070,0.035120
151.4517,1.7143,-112.1282,0.035464
151.4888,1.7117,-112.9386,0.035805
151.5213,1.7103,-113.6589,0.036109
151.5564,1.7088,-114.4471,0.036439
151.5907,1.7074,-115.2236,0.036762
151.6243,1.7061,-115.9885,0.037080
151.6581,1.7038,-116.7416,0.037393
151.6876,1.7022,-117.4095,0.037666
151.7198,1.7005,-118.1413,0.037970
151.7511,1.6994,-118.8623,0.038264
151.7815,1.6983,-119.5723,0.038554
151.8077,1.6973,-120.2027,0.038810
151.8337,1.6963,-120.8942,0.039087
151.8548,1.6953,-121.5757,0.039362
151.8693,1.6943,-122.1801,0.039605
151.8803,1.6923,-122.8426,0.039863
151.8860,1.6894,-123.4953,0.040123
151.8858,1.6870,-124.0782,0.040352
151.8782,1.6849,-124.7191,0.040603
151.8610,1.6825,-125.3561,0.040856
151.8379,1.6796,-125.9267,0.041076
151.8050,1.6761,-126.5591,0.041325
151.7700,1.6728,-127.1253,0.041546
151.7258,1.6687,-127.7526,0.041793
151.6819,1.6652,-128.3156,0.042017
151.6283,1.6615,-128.9380,0.042257
151.5765,1.6581,-129.4968,0.042471
151.5153,1.6541,-130.1163,0.042715
151.4501,1.6498,-130.7344,0.042953
151.3878,1.6455,-131.2906,0.043166
151.3137,1.6404,-131.9068,0.043403
151.2415,1.6355,-132.4614,0.043620
151.1541,1.6296,-133.0756,0.043857
151.0681,1.6250,-133.6276,0.044070
150.9645,1.6194,-134.2404,0.044315
150.8644,1.6141,-134.7911,0.044528
150.7463,1.6079,-135.4019,0.044767
150.6342,1.6026,-135.9507,0.044988
150.5033,1.5965,-136.5580,0.045227
150.3797,1.5908,-137.1028,0.045448
150.2360,1.5842,-137.7049,0.045690
150.0868,1.5773,-138.3010,0.045924
149.9491,1.5709,-138.8303,0.046141
149.7915,1.5642,-139.4112,0.046372
149.6297,1.5593,-139.9813,0.046603
149.4807,1.5542,-140.4840,0.046810
149.3101,1.5446,-141.0368,0.047035
149.1365,1.5347,-141.5829,0.047262
148.9779,1.5249,-142.0688,0.047459
148.7961,1.5180,-142.6075,0.047672
148.6080,1.5121,-143.1373,0.047895
148.4328,1.5061,-143.6100,0.048093
148.2324,1.4975,-144.1342,0.048297
148.0260,1.4902,-144.6581,0.048516
147.8157,1.4838,-145.1737,0.048722
147.6210,1.4747,-145.6378,0.048911
147.3991,1.4660,-146.1535,0.049119
147.1714,1.4601,-146.6625,0.049325
146.9364,1.4539,-147.1687,0.049524
146.7186,1.4479,-147.6219,0.049705
146.4713,1.4391,-148.1217,0.049908
146.2204,1.4294,-148.6186,0.050104
145.9924,1.4215,-149.0683,0.050295
145.7394,1.4174,-149.5623,0.050490
145.4857,1.4131,-150.0541,0.050694
145.2558,1.4092,-150.4947,0.050871
144.9976,1.4047,-150.9835,0.051075
144.7356,1.3981,-151.4705,0.051274
144.4954,1.3912,-151.9076,0.051440
144.2216,1.3837,-152.3950,0.051616
143.9412,1.3816,-152.8753,0.051799
143.6786,1.3791,-153.3026,0.051963
143.3744,1.3756,-153.7705,0.052147
143.0900,1.3718,-154.1864,0.052307
142.7654,1.3647,-154.6417,0.052487
142.4337,1.3566,-155.0935,0.052656
142.1293,1.3515,-155.4987,0.052816
141.7870,1.3495,-155.9373,0.052983
141.4339,1.3467,-156.3660,0.053146
141.1063,1.3435,-156.7436,0.053305
140.7340,1.3385,-157.1539,0.053467
140.3537,1.3308,-157.5588,0.053622
139.9665,1.3229,-157.9608,0.053787
139.6167,1.3217,-158.3123,0.053926
139.2216,1.3197,-158.6922,0.054087
138.8182,1.3169,-159.0594,0.054251
138.4471,1.3138,-159.3820,0.054391
138.0287,1.3098,-159.7321,0.054553
137.6051,1.3040,-160.0757,0.054712
137.2213,1.2985,-160.3787,0.054849
136.7891,1.2953,-160.7069,0.055000
136.3539,1.2934,-161.0217,0.055156
135.9563,1.2911,-161.2966,0.055288
135.5099,1.2881,-161.5946,0.055448
135.0613,1.2838,-161.8848,0.055597
134.6512,1.2793,-162.1431,0.055734
134.1917,1.2748,-162.4239,0.055895
133.7773,1.2741,-162.6675,0.056042
133.3122,1.2727,-162.9285,0.056211
132.8896,1.2710,-163.1560,0.056351
132.4173,1.2686,-163.4015,0.056515
131.9417,1.2650,-163.6419,0.056677
131.5112,1.2616,-163.8552,0.056828
131.0287,1.2597,-164.0878,0.056993
130.5947,1.2598,-164.2911,0.057141
130.1094,1.2595,-164.5116,0.057311
129.6696,1.2590,-164.7061,0.057466
129.1788,1.2575,-164.9177,0.057628
128.7336,1.2553,-165.1046,0.057790
128.2338,1.2562,-165.3083,0.057954
127.7831,1.2568,-165.4862,0.058114
127.2803,1.2555,-165.6787,0.058283
126.8225,1.2557,-165.8484,0.058436
126.3117,1.2568,-166.0312,0.058607
125.8493,1.2569,-166.1902,0.058766
125.3293,1.2570,-166.3612,0.058938
124.8593,1.2583,-166.5085,0.059092
124.3342,1.2591,-166.6643,0.059271
123.8584,1.2592,-166.7973,0.059431
123.3255,1.2606,-166.9367,0.059607
122.8442,1.2616,-167.0537,0.059766
122.3064,1.2621,-167.1747,0.059945
121.8204,1.2631,-167.2756,0.060099
121.2792,1.2643,-167.3784,0.060283
120.7364,1.2651,-167.4719,0.060459
120.2462,1.2659,-167.5479,0.060615
119.7015,1.2672,-167.6229,0.060788
119.2099,1.2681,-167.6819,0.060943
118.6634,1.2689,-167.7381,0.061114
118.1713,1.2702,-167.7802,0.061265
117.6235,1.2711,-167.8177,0.061441
117.0757,1.2722,-167.8457,0.061606
116.5817,1.2734,-167.8628,0.061758
116.0333,1.2743,-167.8726,0.061940
115.5389,1.2755,-167.8733,0.062093
114.9901,1.2767,-167.8649,0.062262
114.4963,1.2777,-167.8493,0.062417
113.9464,1.2788,-167.8230,0.062604
113.4515,1.2799,-167.7915,0.062760
112.9015,1.2813,-167.7478,0.062945
112.4058,1.2823,-167.7007,0.063102
111.8552,1.2837,-167.6396,0.063269
111.3600,1.2851,-167.5768,0.063425
110.8094,1.2863,-167.4981,0.063602
110.3147,1.2878,-167.4194,0.063760
109.7651,1.2894,-167.3230,0.063953
109.2703,1.2905,-167.2282,0.064117
108.7225,1.2927,-167.1143,0.064312
108.1760,1.2943,-166.9913,0.064505
107.6841,1.2955,-166.8728,0.064697
107.1394,1.2981,-166.7332,0.064891
106.6503,1.2999,-166.6003,0.065072
106.1079,1.3013,-166.4445,0.065284
105.6196,1.3042,-166.2968,0.065462
105.0806,1.3065,-166.1249,0.065665
104.5963,1.3079,-165.9629,0.065850
104.0585,1.3112,-165.7745,0.066046
103.5245,1.3140,-165.5779,0.066247
103.0459,1.3156,-165.3942,0.066428
102.5149,1.3190,-165.1833,0.066626
102.0397,1.3224,-164.9902,0.066809
101.5110,1.3249,-164.7728,0.067012
101.0334,1.3284,-164.5742,0.067186
100.5051,1.3338,-164.3512,0.067379
100.0284,1.3371,-164.1466,0.067558
99.4953,1.3409,-163.9140,0.067757
99.0164,1.3484,-163.7009,0.067932
98.4839,1.3564,-163.4583,0.068134
97.9522,1.3621,-163.2099,0.068336
97.4716,1.3668,-162.9801,0.068522
96.9348,1.3728,-162.7174,0.068723
96.4540,1.3807,-162.4751,0.068908
95.9217,1.3889,-162.1979,0.069113
95.4422,1.3936,-161.9405,0.069302
94.9097,1.3985,-161.6475,0.069507
94.4290,1.4039,-161.3763,0.069704
93.8979,1.4119,-161.0684,0.069908
93.4227,1.4186,-160.7851,0.070107
92.8950,1.4231,-160.4623,0.070313
92.4214,1.4269,-160.1658,0.070508
91.8956,1.4322,-159.8291,0.070721
91.4261,1.4384,-159.5218,0.070916
90.9062,1.4451,-159.1771,0.071137
90.4370,1.4488,-158.8645,0.071339
89.9153,1.4529,-158.5155,0.071562
89.4437,1.4573,-158.1982,0.071782
88.9214,1.4642,-157.8452,0.072020
88.3976,1.4710,-157.4879,0.072263
87.9272,1.4751,-157.1646,0.072486
87.4026,1.4794,-156.8000,0.072739
86.9290,1.4835,-156.4670,0.072965
86.4037,1.4899,-156.0923,0.073218
85.9312,1.4952,-155.7500,0.073447
85.4067,1.4998,-155.3645,0.073701
84.9342,1.5032,-155.0126,0.073937
84.4083,1.5071,-154.6163,0.074196
83.9356,1.5118,-154.2557,0.074430
83.4112,1.5171,-153.8501,0.074689
82.9398,1.5207,-153.4810,0.074926
82.4160,1.5240,-153.0654,0.075189
81.9448,1.5269,-152.6871,0.075421
81.4213,1.5312,-152.2613,0.075682
80.9514,1.5350,-151.8739,0.075926
80.4825,1.5381,-151.4826,0.076160
79.9616,1.5408,-151.0418,0.076426
79.4933,1.5431,-150.6393,0.076659
78.9752,1.5461,-150.1850,0.076928
78.5119,1.5486,-149.7698,0.077175
78.0003,1.5507,-149.3009,0.077438
77.5430,1.5520,-148.8730,0.077687
77.0371,1.5532,-148.3917,0.077963
76.5818,1.5549,-147.9544,0.078212
76.1273,1.5565,-147.5149,0.078461
75.6232,1.5579,-147.0230,0.078739
75.1705,1.5588,-146.5767,0.078992
74.7188,1.5595,-146.1268,0.079249
74.2179,1.5604,-145.6222,0.079532
73.7681,1.5614,-145.1639,0.079790
73.3196,1.5621,-144.7018,0.080047
72.8221,1.5624,-144.1835,0.080340
72.3752,1.5625,-143.7131,0.080601
71.9290,1.5626,-143.2394,0.080866
71.4331,1.5630,-142.7102,0.081160
70.9860,1.5633,-142.2319,0.081427
70.5381,1.5634,-141.7516,0.081694
70.0897,1.5634,-141.2690,0.081963
69.5905,1.5635,-140.7293,0.082262
69.1410,1.5638,-140.2405,0.082528
68.6919,1.5639,-139.7481,0.082800
68.1927,1.5636,-139.1966,0.083104
67.7435,1.5632,-138.6964,0.083375
67.2942,1.5631,-138.1925,0.083645
66.7955,1.5631,-137.6295,0.083956
66.3460,1.5626,-137.1203,0.084228
65.8952,1.5621,-136.6090,0.084511
65.3933,1.5617,-136.0385,0.084822
64.9409,1.5618,-135.5226,0.085103
64.4878,1.5615,-135.0043,0.085387
63.9833,1.5607,-134.4257,0.085701
63.5281,1.5605,-133.9019,0.085986
63.0726,1.5606,-133.3758,0.086270
62.5654,1.5599,-132.7888,0.086591
62.1074,1.5590,-132.2576,0.086875
61.6483,1.5591,-131.7230,0.087166
61.1375,1.5589,-131.1272,0.087488
60.6761,1.5577,-130.5878,0.087777
60.2133,1.5576,-130.0451,0.088069
59.6988,1.5570,-129.4403,0.088394
59.2338,1.5554,-128.8927,0.088687
58.7671,1.5564,-128.3414,0.088982
58.2484,1.5576,-127.7266,0.089311
57.7808,1.5574,-127.1712,0.089608
57.3111,1.5563,-126.6124,0.089906
56.7875,1.5560,-125.9865,0.090236
56.3177,1.5578,-125.4197,0.090537
55.8486,1.5592,-124.8499,0.090838
55.3265,1.5576,-124.2112,0.091172
54.8566,1.5561,-123.6322,0.091478
54.3860,1.5578,-123.0481,0.091788
53.8652,1.5605,-122.3954,0.092128
53.3975,1.5594,-121.8055,0.092438
52.9293,1.5576,-121.2108,0.092748
52.4086,1.5586,-120.5442,0.093098
51.9410,1.5616,-119.9399,0.093415
51.4774,1.5613,-119.3350,0.093727
50.9610,1.5593,-118.6558,0.094084
50.4952,1.5595,-118.0381,0.094409
49.9813,1.5624,-117.3493,0.094764
49.5220,1.5629,-116.7282,0.095088
49.0604,1.5611,-116.1021,0.095412
48.5970,1.5603,-115.4713,0.095743
48.0849,1.5635,-114.7699,0.096104
47.6242,1.5645,-114.1358,0.096430
47.1627,1.5629,-113.4980,0.096758
46.6487,1.5619,-112.7843,0.097127
46.1869,1.5644,-112.1398,0.097453
45.7265,1.5655,-111.4936,0.097784
45.2645,1.5640,-110.8434,0.098113
44.7500,1.5628,-110.1165,0.098481
44.2872,1.5642,-109.4601,0.098814
43.8251,1.5651,-108.8019,0.099143
43.3621,1.5639,-108.1404,0.099481
42.8479,1.5626,-107.4021,0.099857
42.3861,1.5628,-106.7349,0.100198
41.9261,1.5628,-106.0660,0.100536
41.4672,1.5617,-105.3947,0.100876
40.9591,1.5605,-104.6467,0.101255
40.5033,1.5587,-103.9721,0.101597
40.0492,1.5567,-103.2959,0.101943
39.5965,1.5549,-102.6182,0.102284
39.1459,1.5537,-101.9385,0.102630
38.6487,1.5524,-101.1806,0.103012
38.2048,1.5512,-100.4954,0.103356
37.7645,1.5460,-99.8092,0.103702
37.3263,1.5404,-99.1195,0.104046
36.8407,1.5350,-98.3499,0.104429
36.4085,1.5335,-97.6553,0.104768
35.9807,1.5319,-96.9566,0.105107
35.5575,1.5297,-96.2549,0.105443
35.1369,1.5241,-95.5487,0.105779
34.6730,1.5178,-94.7617,0.106150
34.2579,1.5137,-94.0516,0.106487
33.8473,1.5119,-93.3412,0.106826
33.4397,1.5100,-92.6283,0.107166
32.9905,1.5063,-91.8343,0.107545
32.5875,1.5014,-91.1169,0.107887
32.1871,1.4964,-90.3979,0.108229
31.7888,1.4941,-89.6764,0.108573
31.3942,1.4923,-88.9541,0.108918
30.9598,1.4902,-88.1485,0.109303
30.5719,1.4860,-87.4211,0.109643
30.1864,1.4815,-86.6907,0.109989
29.8039,1.4778,-85.9573,0.110335
29.3841,1.4760,-85.1407,0.110713
29.0109,1.4742,-84.4026,0.111061
28.6450,1.4640,-83.6686,0.111401
28.2771,1.4431,-82.9275,0.111747
27.8699,1.4199,-82.1052,0.112135
27.5043,1.4008,-81.3658,0.112480
27.1415,1.3821,-80.6268,0.112827
26.7433,1.3610,-79.7997,0.113204
26.3925,1.3462,-79.0510,0.113545
26.0103,1.3295,-78.2132,0.113917
25.6722,1.3144,-77.4556,0.114257
25.3033,1.2978,-76.6121,0.114631
24.9767,1.2827,-75.8526,0.114962
24.6188,1.2701,-75.0059,0.115344
24.3044,1.2617,-74.2442,0.115681
23.9634,1.2520,-73.3945,0.116066
23.6298,1.2400,-72.5425,0.116451
23.3336,1.2289,-71.7733,0.116796
23.0088,1.2166,-70.9164,0.117182
22.6902,1.2085,-70.0601,0.117564
22.4092,1.2009,-69.2875,0.117907
22.1035,1.1906,-68.4285,0.118287
21.8312,1.1784,-67.6526,0.118630
21.5317,1.1648,-66.7904,0.119011
21.2360,1.1524,-65.9274,0.119390
20.9750,1.1432,-65.1524,0.119728
20.6894,1.1320,-64.2871,0.120107
20.4096,1.1184,-63.4242,0.120485
20.1597,1.1025,-62.6461,0.120824
19.8840,1.0848,-61.7829,0.121201
19.6102,1.0683,-60.9198,0.121579
19.3412,1.0550,-60.0601,0.121959
19.0760,1.0421,-59.2029,0.122337
18.8385,1.0250,-58.4334,0.122677
18.5763,1.0057,-57.5800,0.123053
18.3163,0.9864,-56.7299,0.123430
18.0844,0.9677,-55.9682,0.123768
17.8288,0.9470,-55.1243,0.124149
17.5754,0.9276,-54.2829,0.124522
17.3508,0.9127,-53.5315,0.124860
17.1042,0.9009,-52.6978,0.125232
16.8626,0.8960,-51.8815,0.125602
16.6462,0.8838,-51.1509,0.125929
16.4077,0.8704,-50.3469,0.126288
16.1727,0.8518,-49.5535,0.126644
15.9613,0.8330,-48.8420,0.126963
15.7284,0.8122,-48.0574,0.127317
15.4988,0.7965,-47.2771,0.127667
15.2727,0.7816,-46.5056,0.128012
15.0711,0.7652,-45.8186,0.128320
14.8463,0.7438,-45.0590,0.128664
14.6237,0.7227,-44.3092,0.129005
14.4049,0.7046,-43.5698,0.129339
14.1881,0.6831,-42.8390,0.129666
13.9723,0.6620,-42.1157,0.129992
13.7584,0.6448,-41.4002,0.130313
13.5466,0.6274,-40.6950,0.130630
13.3359,0.6099,-40.0005,0.130944
13.1461,0.5937,-39.3808,0.131222
12.9363,0.5762,-38.7037,0.131529
12.7268,0.5554,-38.0331,0.131829
12.5183,0.5349,-37.3707,0.132129
12.3103,0.5153,-36.7155,0.132424
12.1039,0.4965,-36.0710,0.132717
11.8986,0.4783,-35.4351,0.133002
11.6947,0.4595,-34.8071,0.133289
11.4921,0.4396,-34.1864,0.133569
11.3110,0.4219,-33.6338,0.133820
11.1110,0.4031,-33.0250,0.134097
10.9121,0.3851,-32.4236,0.134371
10.7142,0.3676,-31.8281,0.134643
10.5173,0.3503,-31.2414,0.134909
10.3208,0.3313,-30.6606,0.135175
10.1451,0.3144,-30.1440,0.135410
9.9514,0.2958,-29.5772,0.135669
9.7590,0.2775,-29.0178,0.135925
9.5676,0.2595,-28.4657,0.136177
9.3766,0.2416,-27.9208,0.136427
9.2046,0.2242,-27.4348,0.136651
9.0137,0.2049,-26.9003,0.136896
8.8220,0.1860,-26.3705,0.137142
8.6301,0.1677,-25.8474,0.137386
8.4550,0.1513,-25.3818,0.137604
8.2579,0.1320,-24.8710,0.137846
8.0582,0.1124,-24.3644,0.138086
7.8767,0.0950,-23.9113,0.138300
7.6739,0.0765,-23.4134,0.138539
7.4682,0.0579,-22.9168,0.138777
7.2603,0.0381,-22.4244,0.139014
7.0722,0.0201,-21.9812,0.139227
6.8637,0.0009,-21.4890,0.139463
6.6548,-0.0180,-20.9958,0.139700
6.4667,-0.0350,-20.5545,0.139912
6.2562,-0.0550,-20.0634,0.140148
6.0664,-0.0731,-19.6217,0.140360
5.8555,-0.0914,-19.1306,0.140597
5.6653,-0.1084,-18.6893,0.140809
5.4536,-0.1274,-18.1993,0.141046
5.2623,-0.1451,-17.7589,0.141258
5.0487,-0.1641,-17.2681,0.141492
4.8576,-0.1801,-16.8294,0.141705
4.6439,-0.1983,-16.3401,0.141941
4.4514,-0.2145,-15.9025,0.142152
4.2574,-0.2315,-15.4646,0.142363
4.0395,-0.2500,-14.9776,0.142598
3.8428,-0.2648,-14.5436,0.142809
3.6196,-0.2820,-14.0614,0.143044
3.4165,-0.2973,-13.6318,0.143254
3.2099,-0.3134,-13.2024,0.143467
2.9769,-0.3314,-12.7246,0.143703
2.7639,-0.3468,-12.2917,0.143915
2.5238,-0.3630,-11.8097,0.144154
2.3036,-0.3780,-11.3733,0.144366
2.0810,-0.3927,-10.9379,0.144582
1.8291,-0.4101,-10.4521,0.144823
1.5995,-0.4258,-10.0144,0.145041
1.3677,-0.4417,-9.5774,0.145257
1.1069,-0.4574,-9.0929,0.145500
0.8688,-0.4713,-8.6608,0.145717
0.6259,-0.4854,-8.2322,0.145934
0.3506,-0.5013,-7.7603,0.146176
0.0984,-0.5163,-7.3390,0.146392
-0.1858,-0.5331,-6.8746,0.146632
-0.4457,-0.5483,-6.4591,0.146848
-0.7109,-0.5600,-6.0444,0.147063
-1.0105,-0.5727,-5.5918,0.147304
-1.2856,-0.5844,-5.1895,0.147518
-1.5969,-0.5978,-4.7474,0.147758
-1.9131,-0.6114,-4.3094,0.147995
-2.2016,-0.6227,-3.9175,0.148210
-2.5270,-0.6356,-3.4860,0.148448
-2.8243,-0.6475,-3.1007,0.148662
-3.1588,-0.6610,-2.6757,0.148900
-3.4625,-0.6732,-2.2953,0.149113
-3.8134,-0.6850,-1.8807,0.149350
-4.1570,-0.6961,-1.4611,0.149587
-4.4680,-0.7062,-1.0837,0.149800
-4.8351,-0.7144,-0.6701,0.150035
-5.1430,-0.7134,-0.2976,0.150248
-5.4919,-0.7223,0.1218,0.150485
-5.8421,-0.7312,0.5410,0.150720
-6.1581,-0.7391,0.9180,0.150933
-6.5099,-0.7478,1.3363,0.151169
-6.8273,-0.7561,1.7114,0.151381
-7.1815,-0.7653,2.1274,0.151617
-7.5007,-0.7736,2.5008,0.151830
-7.8562,-0.7826,2.9143,0.152067
-8.1776,-0.7909,3.2841,0.152280
-8.5007,-0.7993,3.6514,0.152492
-8.8629,-0.8081,4.0557,0.152729
-9.1911,-0.8155,4.4156,0.152942
-9.5593,-0.8235,4.8103,0.153178
-9.8941,-0.8310,5.1609,0.153391
-10.2322,-0.8380,5.5071,0.153604
-10.6122,-0.8454,5.8867,0.153840
-10.9575,-0.8517,6.2244,0.154053
-11.3055,-0.8580,6.5599,0.154266
-11.6550,-0.8643,6.8946,0.154478
-12.0440,-0.8712,7.2670,0.154715
-12.3950,-0.8774,7.6028,0.154927
-12.7465,-0.8837,7.9392,0.155140
-13.1388,-0.8908,8.3131,0.155376
-13.4917,-0.8968,8.6501,0.155589
-13.8454,-0.9027,8.9868,0.155801
-14.2392,-0.9092,9.3599,0.156038
-14.5928,-0.9167,9.6929,0.156250
-14.9490,-0.9258,10.0259,0.156463
-15.3454,-0.9356,10.3947,0.156700
-15.7034,-0.9442,10.7240,0.156912
-16.1028,-0.9534,11.0856,0.157148
-16.4648,-0.9613,11.4068,0.157360
-16.8691,-0.9714,11.7574,0.157595
-17.2360,-0.9806,12.0684,0.157807
-17.6058,-0.9893,12.3743,0.158019
-18.0206,-0.9986,12.7080,0.158255
-18.3978,-1.0064,13.0017,0.158466
-18.8202,-1.0145,13.3215,0.158700
-19.2029,-1.0222,13.6036,0.158911
-19.5892,-1.0299,13.8809,0.159122
-20.0220,-1.0377,14.1823,0.159356
-20.4150,-1.0443,14.4473,0.159567
-20.8561,-1.0506,14.7338,0.159801
-21.2555,-1.0557,14.9864,0.160011
-21.7018,-1.0615,15.2600,0.160244
-22.1075,-1.0670,15.5012,0.160453
-22.5623,-1.0726,15.7634,0.160686
-22.9745,-1.0773,15.9952,0.160895
-23.4347,-1.0822,16.2507,0.161127
-23.8502,-1.0865,16.4806,0.161336
-24.3086,-1.0926,16.7350,0.161567
-24.7269,-1.1040,16.9663,0.161776
-25.1934,-1.1168,17.2238,0.162008
-25.6622,-1.1294,17.4807,0.162241
-26.1338,-1.1418,17.7349,0.162473
-26.6085,-1.1538,17.9856,0.162708
-27.0308,-1.2204,18.2278,0.162919
-27.5019,-1.1722,18.4956,0.163154
-27.9849,-1.1774,18.7388,0.163391
-28.4702,-1.1827,18.9792,0.163628
-28.9591,-1.1883,19.2155,0.163866
-29.4022,-1.1937,19.4243,0.164082
-29.8989,-1.1998,19.6516,0.164322
-30.3973,-1.2035,19.8718,0.164565
-30.9000,-1.2076,20.0855,0.164807
-31.4062,-1.2122,20.2922,0.165050
-31.9155,-1.2172,20.4928,0.165293
-32.4287,-1.2224,20.6884,0.165537
-32.9468,-1.2269,20.8806,0.165783
-33.4667,-1.2294,21.0694,0.166029
-33.9382,-1.2320,21.2361,0.166251
-34.4664,-1.2351,21.4176,0.166500
-34.9988,-1.2384,21.5948,0.166748
-35.5352,-1.2421,21.7676,0.166998
-36.0780,-1.2434,21.9367,0.167251
-36.5684,-1.2441,22.0843,0.167478
-37.1171,-1.2452,22.2433,0.167732
-37.6695,-1.2466,22.3973,0.167987
-38.1699,-1.2481,22.5318,0.168218
-38.7307,-1.2495,22.6775,0.168476
-39.2946,-1.2496,22.8185,0.168735
-39.8056,-1.2500,22.9415,0.168968
-40.3761,-1.2506,23.0731,0.169228
-40.8940,-1.2514,23.1869,0.169464
-41.4718,-1.2495,23.3067,0.169726
-41.9943,-1.2481,23.4086,0.169963
-42.5782,-1.2468,23.5158,0.170226
-43.1658,-1.2459,23.6172,0.170491
-43.6999,-1.2426,23.7038,0.170733
-44.2955,-1.2390,23.7955,0.171000
-44.8353,-1.2359,23.8762,0.171244
-45.4386,-1.2323,23.9667,0.171514
-45.9868,-1.2273,24.0492,0.171759
-46.5979,-1.2205,24.1415,0.172031
-47.2128,-1.2138,24.2337,0.172306
-47.7690,-1.2077,24.3163,0.172553
-48.3914,-1.1997,24.4072,0.172829
-48.9523,-1.1910,24.4881,0.173079
-49.5781,-1.1814,24.5764,0.173358
-50.1431,-1.1728,24.6542,0.173609
-50.7681,-1.1637,24.7365,0.173891
-51.3364,-1.1637,24.8071,0.174148
-51.9715,-1.1639,24.8828,0.174429
-52.5456,-1.1641,24.9491,0.174684
-53.1856,-1.1646,25.0184,0.174968
-53.7627,-1.1641,25.0746,0.175224
-54.4052,-1.1628,25.1291,0.175511
-54.9864,-1.1619,25.1713,0.175765
-55.6328,-1.1607,25.2119,0.176049
-56.2847,-1.1590,25.2481,0.176338
-56.8740,-1.1555,25.2793,0.176598
-57.5333,-1.1519,25.3123,0.176890
-58.1305,-1.1482,25.3405,0.177153
-58.7976,-1.1441,25.3687,0.177448
-59.4019,-1.1387,25.3901,0.177716
-60.0741,-1.1322,25.4096,0.178015
-60.6815,-1.1265,25.4225,0.178286
-61.3589,-1.1199,25.4318,0.178584
-62.0389,-1.1121,25.4356,0.178886
-62.6539,-1.1038,25.4351,0.179154
-63.3419,-1.0952,25.4325,0.179457
-63.9626,-1.0865,25.4293,0.179725
-64.6558,-1.0769,25.4244,0.180027
-65.2813,-1.0717,25.4183,0.180299
-65.9813,-1.0656,25.4103,0.180601
-66.6846,-1.0596,25.4008,0.180907
-67.3202,-1.0538,25.3908,0.181181
-68.0314,-1.0456,25.3773,0.181487
-68.7420,-1.0352,25.3617,0.181795
-69.4580,-1.0248,25.3444,0.182106
-70.1766,-1.0138,25.3262,0.182417
-70.8267,-1.0041,25.3088,0.182696
-71.5522,-0.9931,25.2884,0.183012
-72.2809,-0.9824,25.2670,0.183329
-72.9392,-0.9723,25.2469,0.183618
-73.6752,-0.9602,25.2227,0.183937
-74.3390,-0.9450,25.1989,0.184228
-75.0783,-0.9285,25.1707,0.184552
-75.7464,-0.9129,25.1439,0.184844
-76.4879,-0.8984,25.1125,0.185169
-77.2372,-0.8913,25.0793,0.185500
-77.9142,-0.8844,25.0493,0.185793
-78.6693,-0.8761,25.0153,0.186121
-79.3504,-0.8690,24.9815,0.186416
-80.1084,-0.8611,24.9391,0.186746
-80.8667,-0.8531,24.8918,0.187075
-81.5501,-0.8461,24.8459,0.187373
-82.3155,-0.8406,24.7926,0.187712
-83.0101,-0.8346,24.7439,0.188016
-83.7952,-0.8246,24.6885,0.188357
-84.5727,-0.7971,24.6311,0.188700
-85.2751,-0.7699,24.5784,0.189010
-85.9710,-0.7479,24.5240,0.189323
-86.7580,-0.7364,24.4588,0.189669
-87.4717,-0.7260,24.3995,0.189986
-88.2666,-0.7148,24.3341,0.190335
-88.9830,-0.7035,24.2752,0.190655
-89.7835,-0.6916,24.2103,0.191002
-90.5022,-0.6797,24.1518,0.191323
-91.2204,-0.6679,24.0921,0.191634
-92.0192,-0.6547,24.0241,0.191986
-92.7413,-0.6427,23.9614,0.192303
-93.5427,-0.6417,23.8904,0.192660
-94.2713,-0.6420,23.8257,0.192977
-95.0028,-0.6410,23.7614,0.193296
-95.8180,-0.6412,23.6895,0.193648
-96.5535,-0.6416,23.6251,0.193967
-97.2901,-0.6405,23.5619,0.194286
-98.1104,-0.6393,23.4926,0.194646
-98.8521,-0.6382,23.4306,0.194971
-99.5985,-0.6371,23.3690,0.195303
-100.4317,-0.6363,23.3009,0.195672
-101.1839,-0.6348,23.2393,0.196005
-101.9387,-0.6330,23.1782,0.196345
-102.7783,-0.6317,23.1114,0.196722
-103.5347,-0.6305,23.0523,0.197056
-104.3789,-0.6282,22.9879,0.197431
-105.1394,-0.6260,22.9311,0.197767
-105.9862,-0.6234,22.8686,0.198138
-106.7494,-0.6212,22.8126,0.198473
-107.5125,-0.6200,22.7569,0.198807
-108.3627,-0.6201,22.6946,0.199181
-109.1291,-0.6201,22.6388,0.199522
-109.9812,-0.6203,22.5773,0.199899
-110.7486,-0.6205,22.5227,0.200231
-111.6033,-0.6203,22.4627,0.200605
-112.3733,-0.6200,22.4091,0.200943
-113.1443,-0.6197,22.3559,0.201277
-114.0020,-0.6193,22.2970,0.201653
-114.7728,-0.6208,22.2440,0.201994
-115.5462,-0.6255,22.1910,0.202334
-116.4064,-0.6306,22.1319,0.202712
-117.1807,-0.6352,22.0785,0.203051
-118.0426,-0.6401,22.0190,0.203426
-118.8192,-0.6455,21.9651,0.203766
-119.5966,-0.6510,21.9111,0.204102
-120.4611,-0.6571,21.8514,0.204474
-121.2390,-0.6625,21.7980,0.204813
-122.0191,-0.6661,21.7449,0.205146
-122.8827,-0.6660,21.6869,0.205520
-123.6596,-0.6657,21.6350,0.205856
-124.5224,-0.6656,21.5777,0.206237
-125.2980,-0.6654,21.5264,0.206573
-126.0731,-0.6659,21.4750,0.206907
-126.9329,-0.6665,21.4183,0.207286
-127.7048,-0.6671,21.3678,0.207622
-128.5594,-0.6677,21.3123,0.207997
-129.3263,-0.6671,21.2632,0.208335
-130.1723,-0.6644,21.2097,0.208704
-130.9291,-0.6619,21.1620,0.209044
-131.7648,-0.6592,21.1098,0.209404
-132.5121,-0.6567,21.0632,0.209731
-133.3368,-0.6548,21.0123,0.210100
-134.0746,-0.6532,20.9669,0.210424
-134.8893,-0.6514,20.9172,0.210777
-135.6180,-0.6499,20.8733,0.211095
-136.4242,-0.6477,20.8251,0.211447
-137.1440,-0.6429,20.7826,0.211762
-137.9386,-0.6376,20.7362,0.212111
-138.6489,-0.6328,20.6948,0.212424
-139.3545,-0.6280,20.6533,0.212730
-140.1329,-0.6229,20.6067,0.213077
-140.8288,-0.6190,20.5647,0.213379
-141.5968,-0.6146,20.5177,0.213718
-142.2834,-0.6107,20.4753,0.214018
-142.9661,-0.6068,20.4327,0.214315
-143.7187,-0.6029,20.3851,0.214650
-144.3942,-0.6026,20.3417,0.214942
-145.1410,-0.6023,20.2932,0.215271
-145.8096,-0.6020,20.2494,0.215567
-146.4747,-0.6018,20.2053,0.215860
-147.2097,-0.6015,20.1559,0.216184
-147.8670,-0.6012,20.1111,0.216472
-148.5201,-0.6010,20.0659,0.216757
-149.2404,-0.6008,20.0152,0.217074
-149.8832,-0.6006,19.9694,0.217361
-150.5195,-0.6004,19.9236,0.217639
-151.1487,-0.6002,19.8778,0.217912
-151.8390,-0.5999,19.8269,0.218215
-152.4525,-0.5996,19.7811,0.218485
-153.0586,-0.5993,19.7351,0.218753
-153.7234,-0.5991,19.6840,0.219045
-154.3139,-0.5989,19.6381,0.219305
-154.8970,-0.5987,19.5922,0.219563
-155.5369,-0.5980,19.5412,0.219850
-156.1049,-0.5971,19.4954,0.220101
-156.6660,-0.5962,19.4496,0.220351
-157.2815,-0.5951,19.3987,0.220625
-157.8281,-0.5941,19.3529,0.220877
-158.4272,-0.5930,19.3023,0.221149
-158.9586,-0.5920,19.2569,0.221394
-159.5372,-0.5947,19.2069,0.221658
-160.0545,-0.5985,19.1623,0.221897
-160.6190,-0.6026,19.1133,0.222159
-161.1191,-0.6065,19.0696,0.222387
-161.6673,-0.6125,19.0208,0.222641
-162.1532,-0.6178,18.9769,0.222864
-162.6852,-0.6237,18.9284,0.223108
-163.1581,-0.6283,18.8850,0.223329
-163.6754,-0.6324,18.8373,0.223566
-164.1346,-0.6360,18.7944,0.223775
-164.6382,-0.6400,18.7466,0.224009
-165.1336,-0.6451,18.6990,0.224238
-165.5745,-0.6502,18.6560,0.224441
-166.0573,-0.6558,18.6088,0.224666
-166.4847,-0.6607,18.5668,0.224861
-166.9512,-0.6663,18.5207,0.225074
-167.3642,-0.6713,18.4796,0.225262
-167.8153,-0.6768,18.4341,0.225478
-168.2144,-0.6816,18.3934,0.225661
-168.6496,-0.6878,18.3485,0.225864
-169.0354,-0.6934,18.3083,0.226040
-169.4579,-0.6996,18.2641,0.226245
-169.8333,-0.7051,18.2248,0.226420
-170.2045,-0.7104,18.1856,0.226600
-170.6115,-0.7161,18.1424,0.226801
-170.9733,-0.7212,18.1036,0.226975
-171.3315,-0.7263,18.0648,0.227152
-171.7256,-0.7322,18.0217,0.227349
-172.0794,-0.7382,17.9824,0.227528
-172.4712,-0.7450,17.9386,0.227722
-172.8229,-0.7510,17.8991,0.227893
-173.1714,-0.7570,17.8599,0.228069
-173.5546,-0.7624,17.8162,0.228257
-173.8970,-0.7671,17.7764,0.228428
-174.2369,-0.7719,17.7359,0.228602
-174.6131,-0.7771,17.6902,0.228795
-174.9503,-0.7825,17.6486,0.228960
-175.2873,-0.7883,17.6059,0.229129
-175.6607,-0.7947,17.5572,0.229331
-175.9956,-0.8005,17.5121,0.229513
-176.3305,-0.8059,17.4657,0.229687
-176.6997,-0.8111,17.4126,0.229884
-177.0305,-0.8157,17.3627,0.230060
-177.3596,-0.8204,17.3102,0.230232
-177.7222,-0.8257,17.2484,0.230426
-178.0481,-0.8315,17.1895,0.230606
-178.4083,-0.8379,17.1209,0.230811
-178.7310,-0.8438,17.0565,0.230990
-179.0522,-0.8496,16.9895,0.231169
-179.4088,-0.8550,16.9120,0.231367
-179.7271,-0.8598,16.8398,0.231531
-180.0439,-0.8647,16.7654,0.231702
-180.3922,-0.8700,16.6811,0.231895
-180.6986,-0.8755,16.6060,0.232070
-180.9998,-0.8811,16.5312,0.232239
-181.2941,-0.8866,16.4569,0.232401
-181.6123,-0.8927,16.3745,0.232578
-181.8916,-0.8975,16.3008,0.232721
-182.1620,-0.9016,16.2269,0.232874
-182.4258,-0.9058,16.1513,0.233021
-182.7175,-0.9108,16.0624,0.233175
-182.9778,-0.9159,15.9783,0.233326
-183.2363,-0.9211,15.8916,0.233473
-183.4936,-0.9264,15.8027,0.233617
-183.7802,-0.9314,15.7010,0.233780
-184.0356,-0.9358,15.6090,0.233925
-184.2909,-0.9402,15.5168,0.234066
-184.5446,-0.9451,15.4240,0.234208
-184.8268,-0.9508,15.3190,0.234365
-185.0799,-0.9560,15.2231,0.234505
-185.3322,-0.9607,15.1257,0.234642
-185.5807,-0.9651,15.0262,0.234785
-185.8279,-0.9698,14.9232,0.234919
-186.1000,-0.9751,14.8053,0.235075
-186.3432,-0.9803,14.6966,0.235214
-186.5851,-0.9857,14.5861,0.235357
-186.8272,-0.9906,14.4732,0.235488
-187.0931,-0.9959,14.3464,0.235647
-187.3296,-1.0005,14.2305,0.235778
-187.5656,-1.0054,14.1123,0.235918
-187.8002,-1.0107,13.9922,0.236059
-188.0590,-1.0167,13.8569,0.236208
-188.2919,-1.0217,13.7321,0.236347
-188.5216,-1.0267,13.6055,0.236488
-188.7483,-1.0314,13.4770,0.236623
-188.9745,-1.0364,13.3459,0.236757
-189.1995,-1.0419,13.2127,0.236883
-189.4483,-1.0479,13.0624,0.237034
-189.6717,-1.0531,12.9251,0.237167
-189.8948,-1.0583,12.7854,0.237301
-190.1142,-1.0632,12.6446,0.237439
-190.3333,-1.0684,12.5012,0.237576
-190.5511,-1.0739,12.3556,0.237704
-190.7678,-1.0794,12.2080,0.237840
-190.9839,-1.0847,12.0585,0.237979
-191.1983,-1.0901,11.9071,0.238108
-191.4112,-1.0951,11.7538,0.238245
-191.6225,-1.1005,11.5983,0.238379
-191.8553,-1.1066,11.4233,0.238522
-192.0623,-1.1122,11.2639,0.238664
-192.2672,-1.1176,11.1015,0.238800
-192.4679,-1.1230,10.9356,0.238933
-192.6644,-1.1285,10.7660,0.239066
-192.8569,-1.1341,10.5930,0.239199
-193.0288,-1.1340,10.3891,0.239341
-193.2141,-1.1342,10.2106,0.239475
-193.3953,-1.1344,10.0304,0.239606
-193.5751,-1.1350,9.8476,0.239739
-193.7528,-1.1354,9.6629,0.239871
-193.9285,-1.1357,9.4764,0.240008
-194.1023,-1.1357,9.2888,0.240140
-194.2752,-1.1356,9.0997,0.240274
-194.4479,-1.1355,8.9089,0.240405
-194.6207,-1.1362,8.7192,0.240534
-194.7965,-1.1373,8.5304,0.240667
-194.9740,-1.1385,8.3428,0.240798
-195.1521,-1.1398,8.1558,0.240925
-195.3298,-1.1410,7.9686,0.241050
-195.5066,-1.1422,7.7811,0.241179
-195.6806,-1.1443,7.5949,0.241309
-195.8546,-1.1471,7.4067,0.241432
-196.0268,-1.1497,7.2175,0.241561
-196.1961,-1.1521,7.0278,0.241687
-196.4010,-1.1558,6.8763,0.241811
-196.5656,-1.1619,6.6841,0.241932
-196.7285,-1.1665,6.4882,0.242053
-196.8853,-1.1708,6.2928,0.242176
-197.0370,-1.1756,6.0952,0.242296
-197.1839,-1.1809,5.8950,0.242420
-197.3258,-1.1866,5.6927,0.242543
-197.4639,-1.1926,5.4888,0.242660
-197.6147,-1.1969,5.2581,0.242789
-197.7445,-1.2011,5.0513,0.242909
-197.8703,-1.2055,4.8431,0.243025
-197.9925,-1.2104,4.6332,0.243144
-198.1114,-1.2155,4.4219,0.243259
-198.2286,-1.2204,4.2065,0.243376
-198.3410,-1.2238,3.9922,0.243494
-198.4500,-1.2276,3.7768,0.243610
-198.5666,-1.2319,3.5355,0.243740
-198.6691,-1.2359,3.3181,0.243853
-198.7688,-1.2401,3.0998,0.243967
-198.8670,-1.2429,2.8774,0.244080
-198.9607,-1.2451,2.6573,0.244192
-199.0514,-1.2475,2.4365,0.244303
-199.1386,-1.2502,2.2148,0.244419
-199.2225,-1.2532,1.9926,0.244528
-199.3044,-1.2563,1.7661,0.244640
-199.3815,-1.2572,1.5423,0.244749
-199.4634,-1.2586,1.2933,0.244870
-199.5330,-1.2602,1.0683,0.244983
-199.5989,-1.2621,0.8427,0.245092
-199.6614,-1.2643,0.6168,0.245200
-199.7215,-1.2648,0.3869,0.245312
-199.7773,-1.2649,0.1603,0.245418
-199.8296,-1.2653,-0.0664,0.245529
-199.8772,-1.2662,-0.2930,0.245633
-199.9259,-1.2677,-0.5445,0.245754
-199.9650,-1.2674,-0.7747,0.245860
-199.9980,-1.2667,-1.0010,0.245965
-200.0253,-1.2664,-1.2268,0.246072
-200.0450,-1.2668,-1.4514,0.246174
-200.0573,-1.2678,-1.6751,0.246278
-200.0617,-1.2679,-1.9261,0.246395
-200.0566,-1.2677,-2.1466,0.246500
-200.0427,-1.2683,-2.3645,0.246605
-200.0205,-1.2695,-2.5804,0.246707
-199.9862,-1.2717,-2.8181,0.246822
-199.9476,-1.2723,-3.0324,0.246925
-199.9023,-1.2730,-3.2395,0.247024
-199.8501,-1.2741,-3.4432,0.247123
-199.7905,-1.2759,-3.6436,0.247222
-199.7165,-1.2785,-3.8615,0.247331
-199.6434,-1.2788,-4.0583,0.247428
-199.5646,-1.2798,-4.2474,0.247524
-199.4379,-1.2983,-4.4436,0.247630
-199.3509,-1.2948,-4.6268,0.247725
-199.2595,-1.2914,-4.8060,0.247822
-199.1507,-1.2876,-4.9999,0.247927
-199.0465,-1.2842,-5.1692,0.248019
-198.9245,-1.2805,-5.3518,0.248123
-198.8101,-1.2771,-5.5122,0.248217
-198.6787,-1.2739,-5.6878,0.248317
-198.5440,-1.2708,-5.8613,0.248418
-198.4074,-1.2680,-6.0326,0.248520
-198.2840,-1.2658,-6.1860,0.248614
-198.1473,-1.2636,-6.3572,0.248713
-198.0123,-1.2622,-6.5303,0.248817
-197.8786,-1.2612,-6.7073,0.248916
-197.7463,-1.2606,-6.8882,0.249025
-197.6162,-1.2605,-7.0724,0.249126
-197.4882,-1.2608,-7.2568,0.249232
-197.3574,-1.2617,-7.4411,0.249338
-197.2220,-1.2627,-7.6220,0.249449
-197.0669,-1.2638,-7.8153,0.249563
-196.9200,-1.2648,-7.9848,0.249675
-196.7521,-1.2658,-8.1640,0.249794
-196.6131,-1.2441,-8.3465,0.249899
-196.4479,-1.2397,-8.4915,0.250007
-196.2590,-1.2358,-8.6421,0.250123
-196.0823,-1.2329,-8.7732,0.250229
-195.8841,-1.2303,-8.9121,0.250346
-195.7004,-1.2285,-9.0331,0.250454
-195.4890,-1.2266,-9.1611,0.250572
-195.2951,-1.2238,-9.2673,0.250678
-195.0786,-1.2216,-9.3758,0.250795
-194.8790,-1.2201,-9.4702,0.250898
-194.6550,-1.2186,-9.5744,0.251014
-194.4476,-1.2170,-9.6731,0.251123
-194.2155,-1.2148,-9.7876,0.251246
-194.0003,-1.2125,-9.8975,0.251365
-193.7792,-1.2093,-10.0134,0.251487
-193.5337,-1.2043,-10.1474,0.251620
-193.3058,-1.1995,-10.2751,0.251750
-193.0740,-1.1943,-10.4089,0.251885
-192.8155,-1.1882,-10.5623,0.252034
-192.5759,-1.1822,-10.7069,0.252180
-192.3310,-1.1761,-10.8552,0.252318
-192.0809,-1.1697,-11.0059,0.252475
-191.8225,-1.1631,-11.1618,0.252630
-191.5563,-1.1564,-11.3215,0.252797
-191.2842,-1.1497,-11.4826,0.252970
-191.0076,-1.1431,-11.6441,0.253137
-190.7058,-1.1446,-11.7519,0.253314
-190.4196,-1.1463,-11.9116,0.253489
-190.1271,-1.1478,-12.0690,0.253674
-189.8283,-1.1487,-12.2224,0.253867
-189.5240,-1.1489,-12.3699,0.254050
-189.2135,-1.1482,-12.5090,0.254241
-188.8992,-1.1480,-12.6389,0.254439
-188.5789,-1.1475,-12.7616,0.254631
-188.2542,-1.1463,-12.8775,0.254823
-187.9260,-1.1446,-12.9872,0.255013
-187.5929,-1.1421,-13.0903,0.255213
-187.2554,-1.1390,-13.1869,0.255404
-186.8797,-1.1348,-13.2843,0.255596
-186.5440,-1.1415,-13.3627,0.255780
-186.1777,-1.1443,-13.5011,0.255965
-185.8310,-1.1250,-13.5110,0.256135
-185.4385,-1.1200,-13.5759,0.256315
-185.0785,-1.1145,-13.6247,0.256483
-184.7158,-1.1085,-13.6672,0.256656
-184.3500,-1.1022,-13.7068,0.256827
-183.9816,-1.0959,-13.7463,0.256988
-183.6076,-1.0911,-13.7879,0.257155
-183.1929,-1.0860,-13.8383,0.257340
-182.8098,-1.0816,-13.8882,0.257522
-182.4183,-1.0772,-13.9405,0.257710
-182.0204,-1.0728,-13.9949,0.257899
-181.6239,-1.0737,-14.0684,0.258094
-181.2153,-1.0740,-14.1216,0.258303
-180.7591,-1.0743,-14.1788,0.258523
-180.3352,-1.0871,-14.2311,0.258741
-179.9071,-1.0811,-14.2872,0.258967
-179.4742,-1.0740,-14.3425,0.259192
-178.9908,-1.0673,-14.4053,0.259455
-178.5457,-1.0620,-14.4631,0.259705
-178.0955,-1.0575,-14.5209,0.259963
-177.6398,-1.0534,-14.5779,0.260220
-177.1348,-1.0277,-14.6511,0.260500
-176.6736,-1.0194,-14.7026,0.260776
-176.2085,-1.0112,-14.7458,0.261068
-175.6904,-1.0008,-14.7842,0.261365
-175.2180,-0.9912,-14.8107,0.261615
-174.7447,-0.9820,-14.8306,0.261875
-174.2229,-0.9718,-14.8428,0.262142
-173.7466,-0.9630,-14.8434,0.262401
-173.2668,-0.9545,-14.8345,0.262645
-172.7840,-0.9459,-14.8168,0.262874
-172.2511,-0.9365,-14.7890,0.263134
-171.7645,-0.9281,-14.7584,0.263383
-171.2730,-0.9196,-14.7268,0.263631
-170.7739,-0.9107,-14.6973,0.263890
-170.2687,-0.9002,-14.6702,0.264170
-169.7552,-0.8898,-14.6429,0.264453
-169.1814,-0.8783,-14.6110,0.264751
-168.6522,-0.8673,-14.5801,0.265039
-168.1163,-0.8567,-14.5463,0.265327
-167.5740,-0.8461,-14.5103,0.265615
-167.0249,-0.8349,-14.4730,0.265897
-166.4693,-0.8235,-14.4339,0.266179
-165.9076,-0.8121,-14.3931,0.266465
-165.3395,-0.8006,-14.3506,0.266743
-164.7650,-0.7889,-14.3060,0.267032
-164.1835,-0.7772,-14.2578,0.267315
-163.5966,-0.7642,-14.2079,0.267597
-163.0049,-0.7523,-14.1541,0.267895
-162.4048,-0.7393,-14.0941,0.268191
-161.8006,-0.7262,-14.0304,0.268494
-161.1907,-0.7130,-13.9625,0.268808
-160.5763,-0.7013,-13.8915,0.269125
-159.9525,-0.6879,-13.8200,0.269453
-159.3245,-0.6756,-13.7472,0.269778
-158.6888,-0.6625,-13.6741,0.270094
-158.0542,-0.6489,-13.6005,0.270406
-157.4196,-0.6354,-13.5263,0.270699
-156.7843,-0.6218,-13.4509,0.270996
-156.1446,-0.6081,-13.3739,0.271296
-155.4993,-0.5943,-13.2955,0.271590
-154.7900,-0.5792,-13.2089,0.271938
-154.1430,-0.5654,-13.1295,0.272252
-153.4923,-0.5524,-13.0493,0.272574
-152.8345,-0.5402,-12.9675,0.272899
-152.1735,-0.5282,-12.8856,0.273212
-151.5064,-0.5156,-12.8022,0.273521
-150.8361,-0.5039,-12.7175,0.273825
-150.1610,-0.4909,-12.6298,0.274132
-149.4809,-0.4791,-12.5394,0.274440
-148.7971,-0.4659,-12.4469,0.274750
-148.1082,-0.4526,-12.3520,0.275063
-147.4836,-0.4405,-12.2646,0.275338
-146.7841,-0.4270,-12.1659,0.275650
-146.0792,-0.4133,-12.0666,0.275965
-145.4398,-0.4010,-11.9766,0.276250
-144.7242,-0.3871,-11.8757,0.276568
-144.0077,-0.3753,-11.7736,0.276888
-143.2782,-0.3660,-11.6697,0.277210
-142.6209,-0.3562,-11.5763,0.277504
-141.8841,-0.3456,-11.4708,0.277834
-141.1439,-0.3346,-11.3647,0.278169
-140.3973,-0.3239,-11.2577,0.278497
-139.7225,-0.3148,-11.1604,0.278799
-138.9655,-0.3032,-11.0513,0.279135
-138.2032,-0.2913,-10.9413,0.279476
-137.4358,-0.2793,-10.8298,0.279815
-136.7410,-0.2684,-10.7277,0.280122
-135.9646,-0.2563,-10.6119,0.280466
-135.1853,-0.2449,-10.4938,0.280813
-134.3989,-0.2367,-10.3727,0.281162
-133.6080,-0.2286,-10.2497,0.281514
-132.8126,-0.2200,-10.1248,0.281868
-132.0119,-0.2117,-9.9977,0.282224
-131.2872,-0.2041,-9.8817,0.282543
-130.4780,-0.1949,-9.7509,0.282899
-129.6633,-0.1857,-9.6178,0.283255
-128.8430,-0.1763,-9.4826,0.283612
-128.0176,-0.1669,-9.3454,0.283968
-127.1897,-0.1604,-9.2070,0.284331
-126.3564,-0.1553,-9.0671,0.284693
-125.5196,-0.1502,-8.9263,0.285052
-124.6796,-0.1451,-8.7844,0.285418
-123.8367,-0.1400,-8.6417,0.285780
-122.9907,-0.1348,-8.4979,0.286143
-122.1411,-0.1297,-8.3533,0.286508
-121.2026,-0.1240,-8.1933,0.286913
-120.3462,-0.1187,-8.0472,0.287280
-119.4870,-0.1133,-7.9009,0.287648
-118.6253,-0.1079,-7.7545,0.288020
-117.7613,-0.1026,-7.6080,0.288387
-116.8954,-0.0972,-7.4617,0.288763
-116.0275,-0.0918,-7.3154,0.289126
-115.1579,-0.0864,-7.1694,0.289489
-114.2861,-0.0809,-7.0240,0.289850
-113.4117,-0.0754,-6.8804,0.290209
-112.5347,-0.0698,-6.7407,0.290567
-111.6552,-0.0643,-6.6061,0.290929
-110.7732,-0.0588,-6.4765,0.291289
-109.8902,-0.0534,-6.3520,0.291646
-109.0068,-0.0480,-6.2309,0.292009
-108.1233,-0.0423,-6.1110,0.292363
-107.2405,-0.0367,-5.9924,0.292720
-106.3580,-0.0311,-5.8762,0.293067
-105.4752,-0.0255,-5.7633,0.293414
-104.5913,-0.0200,-5.6554,0.293760
-103.7057,-0.0145,-5.5549,0.294105
-102.7299,-0.0082,-5.4550,0.294479
-101.9307,-0.0032,-5.3825,0.294785
-101.0416,0.0024,-5.3118,0.295125
-100.1531,0.0079,-5.2512,0.295463
-99.2654,0.0132,-5.1989,0.295803
-98.3780,0.0186,-5.1517,0.296142
-97.4919,0.0242,-5.1083,0.296479
-96.6068,0.0298,-5.0704,0.296818
-95.7222,0.0353,-5.0399,0.297157
-94.9269,0.0402,-5.0202,0.297466
-94.0442,0.0456,-5.0075,0.297807
-93.1621,0.0508,-5.0045,0.298147
-92.2807,0.0560,-5.0112,0.298490
-91.3998,0.0615,-5.0277,0.298834
-90.5216,0.0670,-5.0537,0.299178
-89.6448,0.0725,-5.0872,0.299521
-88.7692,0.0780,-5.1252,0.299865
-87.9829,0.0829,-5.1627,0.300172
-87.1109,0.0882,-5.2086,0.300515
-86.2404,0.0935,-5.2603,0.300857
-85.3714,0.0994,-5.3187,0.301200
-84.5040,0.1051,-5.3848,0.301539
-83.6378,0.1108,-5.4585,0.301883
-82.8592,0.1159,-5.5311,0.302187
-81.9111,0.1220,-5.6279,0.302560
-81.1399,0.1270,-5.7144,0.302858
-80.2900,0.1330,-5.8189,0.303189
-79.4476,0.1388,-5.9324,0.303513
-78.6958,0.1439,-6.0421,0.303803
-77.8676,0.1495,-6.1719,0.304120
-77.0468,0.1550,-6.3100,0.304434
-76.3154,0.1603,-6.4407,0.304713
-75.5122,0.1662,-6.5925,0.305018
-74.7182,0.1719,-6.7513,0.305320
-73.9333,0.1775,-6.9173,0.305623
-73.2345,0.1825,-7.0726,0.305890
-72.4671,0.1884,-7.2516,0.306184
-71.7091,0.1942,-7.4377,0.306475
-70.9596,0.2000,-7.6319,0.306761
-70.2916,0.2050,-7.8142,0.307019
-69.5556,0.2110,-8.0262,0.307300
-68.8253,0.2169,-8.2485,0.307582
-68.1006,0.2228,-8.4808,0.307864
-67.4527,0.2280,-8.6981,0.308116
-66.7389,0.2343,-8.9483,0.308396
-66.0310,0.2404,-9.2084,0.308675
-65.3979,0.2459,-9.4519,0.308933
-64.7003,0.2522,-9.7316,0.309214
-64.0090,0.2587,-10.0210,0.309490
-63.3933,0.2643,-10.2883,0.309739
-62.7157,0.2709,-10.5934,0.310016
-62.0451,0.2773,-10.9071,0.310290
-61.4480,0.2830,-11.1961,0.310540
-60.7923,0.2892,-11.5244,0.310810
-60.1437,0.2954,-11.8613,0.311086
-59.5657,0.3010,-12.1723,0.311332
-58.9286,0.3073,-12.5280,0.311603
-58.2968,0.3136,-12.8946,0.311871
-57.7342,0.3192,-13.2321,0.312115
-57.1162,0.3253,-13.6148,0.312384
-56.5066,0.3312,-14.0044,0.312650
-55.9047,0.3373,-14.4016,0.312915
-55.3699,0.3427,-14.7657,0.313154
-54.7829,0.3485,-15.1781,0.313415
-54.2038,0.3544,-15.5979,0.313678
-53.6326,0.3601,-16.0253,0.313939
-53.1255,0.3650,-16.4157,0.314175
-52.5707,0.3690,-16.8552,0.314432
-52.0226,0.3725,-17.3017,0.314692
-51.5367,0.3753,-17.7085,0.314928
-51.0041,0.3774,-18.1665,0.315186
-50.4795,0.3792,-18.6307,0.315441
-49.9630,0.3808,-19.1013,0.315696
-49.5051,0.3825,-19.5311,0.315929
-49.0053,0.3846,-20.0149,0.316183
-48.5151,0.3863,-20.5054,0.316440
-48.0335,0.3867,-21.0018,0.316694
-47.5602,0.3868,-21.5026,0.316942
-47.0957,0.3868,-22.0067,0.317192
-46.6398,0.3878,-22.5167,0.317445
-46.1938,0.3894,-23.0336,0.317692
-45.8000,0.3904,-23.5066,0.317919
-45.3693,0.3904,-24.0410,0.318172
-44.9444,0.3901,-24.5824,0.318426
-44.5251,0.3898,-25.1287,0.318678
-44.1121,0.3907,-25.6804,0.318929
-43.7078,0.3919,-26.2381,0.319183
-43.3125,0.3923,-26.8022,0.319438
-42.9224,0.3920,-27.3747,0.319699
-42.5371,0.3915,-27.9529,0.319957
-42.1563,0.3920,-28.5362,0.320216
-41.7816,0.3931,-29.1244,0.320474
-41.4140,0.3934,-29.7168,0.320739
-41.0514,0.3930,-30.3149,0.321003
-40.6918,0.3927,-30.9179,0.321268
-40.3349,0.3937,-31.5244,0.321540
-39.9816,0.3944,-32.1334,0.321810
-39.6310,0.3944,-32.7454,0.322083
-39.2816,0.3944,-33.3607,0.322357
-38.9331,0.3948,-33.9781,0.322634
-38.6200,0.3951,-34.5360,0.322885
-38.2730,0.3954,-35.1582,0.323164
-37.9266,0.3955,-35.7842,0.323443
-37.5819,0.3956,-36.4147,0.323724
-37.2403,0.3957,-37.0502,0.324005
-36.9018,0.3958,-37.6912,0.324290
-36.5667,0.3958,-38.3375,0.324576
-36.2680,0.3958,-38.9237,0.324829
-35.9394,0.3957,-39.5798,0.325118
-35.6142,0.3957,-40.2407,0.325406
-35.2924,0.3956,-40.9064,0.325696
-34.9742,0.3955,-41.5769,0.325988
-34.6598,0.3955,-42.2521,0.326281
-34.3494,0.3954,-42.9320,0.326573
-34.0735,0.3952,-43.5481,0.326840
-33.7711,0.3952,-44.2369,0.327135
-33.4732,0.3952,-44.9297,0.327434
-33.1788,0.3951,-45.6260,0.327734
-32.9154,0.3951,-46.2555,0.328003
-32.6246,0.3952,-46.9576,0.328307
-32.3362,0.3953,-47.6630,0.328608
-32.0507,0.3953,-48.3727,0.328923
-31.7691,0.3955,-49.0873,0.329229
-31.4932,0.3957,-49.8071,0.329547
-31.2501,0.3958,-50.4595,0.329828
-30.9856,0.3959,-51.1898,0.330146
-30.7268,0.3961,-51.9254,0.330464
-30.4736,0.3963,-52.6650,0.330783
-30.2247,0.3965,-53.4084,0.331105
-29.9780,0.3967,-54.1546,0.331427
-29.7568,0.3970,-54.8284,0.331722
-29.5123,0.3974,-55.5790,0.332047
-29.2693,0.3977,-56.3321,0.332376
-29.0284,0.3981,-57.0886,0.332702
-28.8139,0.3984,-57.7726,0.332997
-28.5787,0.3990,-58.5362,0.333321
-28.3463,0.3996,-59.3037,0.333652
-28.1395,0.4000,-59.9978,0.333945
-27.9119,0.4005,-60.7721,0.334273
-27.6858,0.4010,-61.5502,0.334602
-27.4609,0.4016,-62.3319,0.334931
-27.2597,0.4022,-63.0385,0.335231
-27.0377,0.4029,-63.8276,0.335563
-26.8400,0.4035,-64.5415,0.335863
-26.6231,0.4041,-65.3396,0.336200
-26.4103,0.4047,-66.1431,0.336534
-26.2232,0.4052,-66.8712,0.336837
-26.0215,0.4057,-67.6853,0.337176
-25.8265,0.4063,-68.5052,0.337519
-25.6570,0.4067,-69.2478,0.337830
-25.4754,0.4072,-70.0778,0.338175
-25.3011,0.4076,-70.9123,0.338524
-25.1501,0.4079,-71.6671,0.338839
-24.9891,0.4082,-72.5094,0.339187
-24.8355,0.4085,-73.3552,0.339542
-24.7040,0.4086,-74.1193,0.339861
-24.5655,0.4088,-74.9713,0.340218
-24.4353,0.4090,-75.8262,0.340576
-24.3253,0.4091,-76.5973,0.340897
-24.2106,0.4091,-77.4563,0.341256
-24.1031,0.4091,-78.3180,0.341616
-24.0027,0.4090,-79.1818,0.341977
-23.9097,0.4089,-80.0476,0.342337
-23.8241,0.4087,-80.9155,0.342696
-23.7457,0.4084,-81.7846,0.343053
-23.6733,0.4082,-82.6550,0.343408
-23.6116,0.4080,-83.4396,0.343731
-23.5463,0.4078,-84.3122,0.344090
-23.4843,0.4076,-85.1858,0.344450
-23.4254,0.4073,-86.0605,0.344811
-23.3696,0.4070,-86.9365,0.345170
-23.3163,0.4067,-87.8141,0.345532
-23.2653,0.4064,-88.6933,0.345895
-23.2162,0.4060,-89.5736,0.346258
-23.1688,0.4056,-90.4547,0.346622
-23.1273,0.4055,-91.2479,0.346949
-23.0826,0.4053,-92.1291,0.347315
-23.0390,0.4050,-93.0098,0.347681
-22.9964,0.4048,-93.8901,0.348047
-22.9587,0.4046,-94.6817,0.348377
-22.9176,0.4044,-95.5606,0.348745
-22.8773,0.4042,-96.4387,0.349111
-22.8420,0.4039,-97.2284,0.349439
-22.8044,0.4037,-98.1059,0.349805
-22.7699,0.4034,-98.9825,0.350169
-22.7389,0.4033,-99.8587,0.350538
-22.7113,0.4032,-100.7343,0.350903
-22.6893,0.4030,-101.5217,0.351231
-22.6679,0.4029,-102.3957,0.351596
-22.6498,0.4027,-103.2687,0.351956
-22.6349,0.4024,-104.1406,0.352319
-22.6234,0.4022,-105.0114,0.352675
-22.6160,0.4019,-105.8814,0.353034
-22.6145,0.4016,-106.6633,0.353352
-22.6208,0.4012,-107.5311,0.353706
-22.6370,0.4010,-108.3971,0.354055
-22.6638,0.4007,-109.2609,0.354401
-22.6970,0.4003,-110.0367,0.354711
-22.7440,0.3998,-110.8967,0.355053
-22.7954,0.3993,-111.6686,0.355359
-22.8626,0.3987,-112.5238,0.355697
-22.9322,0.3981,-113.2912,0.356000
-23.0198,0.3973,-114.1412,0.356337
-23.1077,0.3964,-114.9035,0.356638
-23.2157,0.3955,-115.7474,0.356974
-23.3222,0.3948,-116.5038,0.357271
-23.4504,0.3940,-117.3388,0.357601
-23.5743,0.3932,-118.0865,0.357897
-23.7196,0.3923,-118.9137,0.358227
-23.8555,0.3914,-119.6554,0.358522
-24.0117,0.3903,-120.4754,0.358849
-24.1739,0.3893,-121.2909,0.359173
-24.3423,0.3881,-122.1021,0.359502
-24.4991,0.3871,-122.8285,0.359793
-24.6790,0.3858,-123.6322,0.360115
-24.8646,0.3851,-124.4317,0.360441
-25.0557,0.3844,-125.2277,0.360760
-25.2319,0.3837,-125.9414,0.361053
-25.4317,0.3829,-126.7315,0.361377
-25.6353,0.3821,-127.5190,0.361700
-25.8217,0.3813,-128.2263,0.361995
-26.0334,0.3804,-129.0107,0.362320
-26.2516,0.3794,-129.7935,0.362644
-26.4553,0.3789,-130.4969,0.362932
-26.6904,0.3784,-131.2745,0.363256
-26.9350,0.3777,-132.0471,0.363579
-27.1626,0.3771,-132.7363,0.363874
-27.4237,0.3763,-133.4947,0.364191
-27.6939,0.3755,-134.2453,0.364509
-27.9451,0.3747,-134.9143,0.364795
-28.2335,0.3743,-135.6507,0.365112
-28.5020,0.3739,-136.3078,0.365392
-28.8095,0.3733,-137.0321,0.365709
-29.0941,0.3726,-137.6783,0.365989
-29.4186,0.3715,-138.3897,0.366302
-29.7510,0.3705,-139.0928,0.366612
-30.0575,0.3695,-139.7193,0.366890
-30.4054,0.3689,-140.4094,0.367197
-30.7232,0.3683,-141.0261,0.367471
-31.0802,0.3677,-141.7066,0.367778
-31.4408,0.3671,-142.3814,0.368081
-31.7687,0.3666,-142.9837,0.368353
-32.1369,0.3660,-143.6475,0.368656
-32.4715,0.3660,-144.2399,0.368925
-32.8474,0.3659,-144.8931,0.369227
-33.1892,0.3657,-145.4767,0.369496
-33.5727,0.3658,-146.1212,0.369801
-33.9206,0.3661,-146.6975,0.370066
-34.3098,0.3665,-147.3346,0.370361
-34.6624,0.3664,-147.9056,0.370628
-35.0581,0.3660,-148.5378,0.370923
-35.4190,0.3657,-149.1043,0.371190
-35.8256,0.3665,-149.7293,0.371483
-36.1973,0.3671,-150.2883,0.371749
-36.6156,0.3673,-150.9052,0.372047
-36.9954,0.3672,-151.4570,0.372311
-37.4189,0.3677,-152.0683,0.372605
-37.7989,0.3687,-152.6169,0.372866
-38.2200,0.3697,-153.2241,0.373158
-38.5992,0.3701,-153.7690,0.373423
-39.0213,0.3707,-154.3728,0.373713
-39.4014,0.3720,-154.9140,0.373980
-39.8243,0.3734,-155.5135,0.374268
-40.2065,0.3742,-156.0518,0.374535
-40.5911,0.3752,-156.5886,0.374796
-41.0222,0.3765,-157.1821,0.375085
-41.4155,0.3776,-157.7134,0.375348
-41.8596,0.3787,-158.2997,0.375635
-42.2660,0.3796,-158.8222,0.375896
-42.6793,0.3807,-159.3398,0.376158
-43.1462,0.3820,-159.9087,0.376448
-43.5733,0.3831,-160.4149,0.376706
-44.0551,0.3841,-160.9706,0.376993
-44.4948,0.3848,-161.4645,0.377251
-44.9900,0.3855,-162.0060,0.377537
-45.4417,0.3860,-162.4863,0.377800
-45.8991,0.3868,-162.9599,0.378051
-46.4139,0.3876,-163.4776,0.378339
-46.8832,0.3883,-163.9359,0.378598
-47.4109,0.3890,-164.4364,0.378877
-47.8912,0.3895,-164.8788,0.379132
-48.3763,0.3900,-165.3135,0.379387
-48.9211,0.3905,-165.7873,0.379669
-49.4164,0.3909,-166.2054,0.379922
-49.9165,0.3912,-166.6153,0.380173
-50.4774,0.3915,-167.0611,0.380453
-50.9855,0.3917,-167.4529,0.380709
-51.4971,0.3917,-167.8370,0.380961
-52.0688,0.3917,-168.2566,0.381233
-52.5851,0.3916,-168.6298,0.381488
-53.1028,0.3916,-168.9987,0.381736
-53.6219,0.3915,-169.3631,0.381988
-54.2007,0.3914,-169.7627,0.382268
-54.7234,0.3913,-170.1177,0.382516
-55.2476,0.3912,-170.4683,0.382768
-55.7733,0.3910,-170.8146,0.383023
-56.3004,0.3908,-171.1572,0.383271
-56.8876,0.3906,-171.5340,0.383552
-57.4178,0.3903,-171.8704,0.383802
-57.9506,0.3900,-172.2040,0.384058
-58.5468,0.3897,-172.5700,0.384333
-59.0873,0.3893,-172.8935,0.384588
-59.6319,0.3889,-173.2115,0.384845
-60.1806,0.3884,-173.5241,0.385098
-60.7931,0.3878,-173.8650,0.385386
-61.3463,0.3872,-174.1677,0.385638
-61.8997,0.3867,-174.4686,0.385893
-62.4522,0.3861,-174.7684,0.386149
-63.0647,0.3854,-175.1005,0.386434
-63.6150,0.3849,-175.3986,0.386694
-64.1652,0.3843,-175.6958,0.386951
-64.7161,0.3838,-175.9925,0.387211
-65.3295,0.3832,-176.3215,0.387502
-65.8826,0.3826,-176.6175,0.387762
-66.4368,0.3820,-176.9133,0.388023
-67.0533,0.3814,-177.2419,0.388315
-67.6086,0.3809,-177.5374,0.388574
-68.1640,0.3803,-177.8328,0.388838
-68.7199,0.3798,-178.1283,0.389097
-69.3386,0.3792,-178.4570,0.389390
-69.8967,0.3787,-178.7536,0.389652
-70.4565,0.3782,-179.0509,0.389916
-71.0801,0.3776,-179.3821,0.390209
-71.6431,0.3771,-179.6811,0.390476
-72.2077,0.3766,-179.9808,0.390743
-72.7738,0.3761,-180.2812,0.391008
-73.4048,0.3756,-180.6160,0.391308
-73.9746,0.3751,-180.9180,0.391574
-74.5464,0.3746,-181.2206,0.391844
-75.1845,0.3736,-181.5572,0.392140
-75.7618,0.3725,-181.8599,0.392410
-76.3423,0.3714,-182.1617,0.392678
-76.9261,0.3702,-182.4623,0.392948
-77.5783,0.3689,-182.7952,0.393251
-78.1679,0.3676,-183.0935,0.393523
-78.7590,0.3663,-183.3911,0.393791
-79.4167,0.3649,-183.7220,0.394094
-80.0088,0.3635,-184.0199,0.394368
-80.6015,0.3622,-184.3176,0.394640
-81.2608,0.3604,-184.6478,0.394942
-81.8552,0.3586,-184.9446,0.395215
-82.4504,0.3568,-185.2412,0.395489
-83.1128,0.3548,-185.5703,0.395791
-83.7096,0.3529,-185.8662,0.396062
-84.3072,0.3509,-186.1618,0.396336
-84.9719,0.3487,-186.4898,0.396635
-85.5704,0.3466,-186.7845,0.396910
-86.1698,0.3443,-187.0789,0.397181
-86.8365,0.3416,-187.4057,0.397482
-87.4374,0.3392,-187.6994,0.397756
-88.0396,0.3368,-187.9928,0.398031
-88.6432,0.3341,-188.2849,0.398301
-89.2485,0.3314,-188.5748,0.398573
-89.9233,0.3285,-188.8943,0.398875
-90.5325,0.3254,-189.1793,0.399154
-91.1433,0.3224,-189.4620,0.399428
-91.7553,0.3193,-189.7422,0.399700
-92.3680,0.3162,-190.0198,0.399969
-92.9805,0.3130,-190.2955,0.400246
-93.5930,0.3096,-190.5703,0.400516
-94.2733,0.3058,-190.8736,0.400828
-94.8854,0.3024,-191.1445,0.401101
-95.4985,0.2988,-191.4130,0.401372
-96.1131,0.2951,-191.6790,0.401654
-96.7980,0.2910,-191.9705,0.401958
-97.4167,0.2874,-192.2289,0.402236
-98.0373,0.2834,-192.4841,0.402520
-98.6597,0.2793,-192.7359,0.402796
-99.2837,0.2753,-192.9840,0.403082
-99.9790,0.2707,-193.2551,0.403392
-100.6057,0.2668,-193.4944,0.403669
-101.2335,0.2628,-193.7296,0.403951
-101.8616,0.2586,-193.9603,0.404229
-102.4905,0.2541,-194.1873,0.404514
-103.1897,0.2491,-194.4349,0.404828
-103.8192,0.2446,-194.6532,0.405102
-104.4496,0.2404,-194.8669,0.405386
-105.1501,0.2359,-195.0988,0.405699
-105.7813,0.2320,-195.3031,0.405978
-106.4123,0.2277,-195.5036,0.406251
-107.1136,0.2224,-195.7225,0.406565
-107.7446,0.2176,-195.9159,0.406845
-108.3757,0.2130,-196.1056,0.407123
-109.0769,0.2087,-196.3114,0.407434
-109.7081,0.2050,-196.4914,0.407715
-110.3394,0.2015,-196.6662,0.407981
-111.0397,0.1963,-196.8548,0.408288
-111.6689,0.1915,-197.0203,0.408557
-112.2950,0.1867,-197.1816,0.408824
-112.9185,0.1830,-197.3398,0.409092
-113.6068,0.1795,-197.5135,0.409391
-114.2210,0.1766,-197.6677,0.409650
-114.8292,0.1724,-197.8192,0.409913
-115.4330,0.1678,-197.9688,0.410175
-116.0969,0.1627,-198.1322,0.410472
-116.6885,0.1586,-198.2767,0.410724
-117.3379,0.1544,-198.4336,0.411005
-117.9174,0.1508,-198.5726,0.411258
-118.4906,0.1472,-198.7089,0.411503
-119.1200,0.1435,-198.8581,0.411781
-119.6795,0.1401,-198.9899,0.412021
-120.2308,0.1362,-199.1191,0.412274
-120.8367,0.1302,-199.2606,0.412541
-121.3745,0.1248,-199.3859,0.412773
-121.9052,0.1196,-199.5093,0.413013
-122.4869,0.1139,-199.6437,0.413266
-123.0032,0.1088,-199.7627,0.413494
-123.5693,0.1033,-199.8923,0.413747
-124.0724,0.0984,-200.0067,0.413973
-124.6236,0.0930,-200.1296,0.414217
-125.1132,0.0877,-200.2366,0.414436
-125.6500,0.0822,-200.3511,0.414667
-126.1266,0.0771,-200.4508,0.414876
-126.5969,0.0723,-200.5469,0.415082
-127.1117,0.0670,-200.6502,0.415311
-127.5673,0.0625,-200.7404,0.415512
-128.0654,0.0573,-200.8396,0.415729
-128.5053,0.0527,-200.9279,0.415926
-128.9857,0.0472,-201.0251,0.416130
-129.4100,0.0425,-201.1113,0.416327
-129.8270,0.0377,-201.1967,0.416510
-130.2823,0.0326,-201.2904,0.416709
-130.6852,0.0280,-201.3738,0.416889
-131.0825,0.0236,-201.4563,0.417063
-131.5173,0.0186,-201.5470,0.417258
-131.9026,0.0141,-201.6275,0.417427
-132.3241,0.0089,-201.7160,0.417610
-132.6968,0.0044,-201.7944,0.417779
-133.0625,-0.0001,-201.8718,0.417946
-133.4599,-0.0049,-201.9561,0.418118
-133.8092,-0.0093,-202.0306,0.418276
-134.1507,-0.0134,-202.1036,0.418429
-134.5209,-0.0180,-202.1832,0.418588
-134.8456,-0.0220,-202.2532,0.418737
-135.1628,-0.0261,-202.3220,0.418877
-135.5059,-0.0304,-202.3965,0.419029
-135.8062,-0.0343,-202.4622,0.419173
-136.1003,-0.0381,-202.5268,0.419300
-136.4232,-0.0422,-202.5977,0.419444
-136.7111,-0.0460,-202.6614,0.419577
-136.9956,-0.0496,-202.7243,0.419711
-137.3096,-0.0537,-202.7941,0.419856
-137.5912,-0.0573,-202.8568,0.419994
-137.8715,-0.0610,-202.9194,0.420124
-138.1815,-0.0650,-202.9888,0.420274
-138.4591,-0.0685,-203.0510,0.420403
-138.7354,-0.0721,-203.1133,0.420540
-139.0104,-0.0756,-203.1752,0.420671
-139.3141,-0.0796,-203.2440,0.420817
-139.5858,-0.0831,-203.3062,0.420947
-139.8558,-0.0866,-203.3685,0.421079
-140.1237,-0.0902,-203.4315,0.421208
-140.4191,-0.0941,-203.5029,0.421353
-140.6825,-0.0975,-203.5694,0.421481
-140.9437,-0.1009,-203.6378,0.421617
-141.2028,-0.1044,-203.7078,0.421746
-141.4882,-0.1083,-203.7879,0.421892
-141.7430,-0.1119,-203.8622,0.422017
-141.9963,-0.1155,-203.9389,0.422144
-142.2479,-0.1192,-204.0180,0.422274
-142.4977,-0.1229,-204.0986,0.422411
-142.7479,-0.1267,-204.1810,0.422548
-143.0240,-0.1309,-204.2741,0.422690
-143.2724,-0.1347,-204.3593,0.422822
-143.5179,-0.1377,-204.4456,0.422960
-143.7600,-0.1410,-204.5322,0.423089
-143.9960,-0.1441,-204.6181,0.423228
-144.2268,-0.1472,-204.7029,0.423352
-144.4496,-0.1503,-204.7852,0.423478
-144.6893,-0.1535,-204.8750,0.423619
-144.8975,-0.1569,-204.9544,0.423739
-145.1017,-0.1605,-205.0327,0.423863
-145.3009,-0.1641,-205.1102,0.423974
-145.4954,-0.1677,-205.1870,0.424089
-145.6863,-0.1712,-205.2634,0.424198
-145.8738,-0.1747,-205.3402,0.424309
-146.0593,-0.1782,-205.4177,0.424426
-146.2640,-0.1821,-205.5045,0.424538
-146.4491,-0.1850,-205.5837,0.424649
-146.6314,-0.1881,-205.6627,0.424755
-146.8150,-0.1911,-205.7429,0.424864
-146.9963,-0.1942,-205.8232,0.424975
-147.1788,-0.1974,-205.9046,0.425087
-147.3589,-0.2004,-205.9862,0.425193
-147.5394,-0.2039,-206.0689,0.425305
-147.7191,-0.2069,-206.1519,0.425409
-147.8982,-0.2104,-206.2361,0.425517
-148.0954,-0.2147,-206.3306,0.425640
-148.2533,-0.2184,-206.4068,0.425754
-148.4487,-0.2229,-206.5030,0.425870
-148.6234,-0.2271,-206.5919,0.425982
-148.7963,-0.2314,-206.6830,0.426094
-148.9678,-0.2357,-206.7758,0.426207
-149.1384,-0.2400,-206.8699,0.426312
-149.3082,-0.2443,-206.9649,0.426417
-149.4773,-0.2487,-207.0608,0.426521
-149.6486,-0.2523,-207.1584,0.426623
-149.8158,-0.2550,-207.2565,0.426724
-149.9807,-0.2577,-207.3554,0.426832
-150.1474,-0.2606,-207.4560,0.426937
-150.3121,-0.2637,-207.5569,0.427052
-150.4746,-0.2669,-207.6584,0.427165
-150.6378,-0.2705,-207.7612,0.427271
-150.8181,-0.2746,-207.8765,0.427394
-150.9794,-0.2783,-207.9814,0.427499
-151.1414,-0.2819,-208.0880,0.427603
-151.3008,-0.2851,-208.1949,0.427700
-151.4579,-0.2882,-208.3025,0.427801
-151.6169,-0.2916,-208.4118,0.427910
-151.7732,-0.2951,-208.5213,0.428008
-151.9261,-0.2985,-208.6317,0.428106
-152.0782,-0.3025,-208.7451,0.428212
-152.2277,-0.3065,-208.8611,0.428310
-152.3750,-0.3106,-208.9791,0.428413
-152.5226,-0.3145,-209.0993,0.428512
-152.6657,-0.3183,-209.2193,0.428614
-152.8091,-0.3221,-209.3409,0.428710
-152.9512,-0.3260,-209.4638,0.428818
-153.0920,-0.3300,-209.5880,0.428916
-153.2313,-0.3342,-209.7137,0.429020
-153.3692,-0.3385,-209.8405,0.429123
-153.5058,-0.3429,-209.9685,0.429220
-153.6265,-0.3426,-210.1255,0.429320
-153.7448,-0.3419,-210.2417,0.429407
-153.8762,-0.3409,-210.3736,0.429495
-154.0068,-0.3399,-210.5065,0.429594
-154.1375,-0.3388,-210.6408,0.429687
-154.2689,-0.3377,-210.7751,0.429781
-154.4013,-0.3368,-210.9078,0.429870
-154.5200,-0.3360,-211.0249,0.429956
-154.6531,-0.3359,-211.1565,0.430049
-154.7876,-0.3361,-211.2887,0.430145
-154.9227,-0.3363,-211.4214,0.430234
-155.0584,-0.3363,-211.5532,0.430321
-155.1950,-0.3364,-211.6844,0.430412
-155.3325,-0.3365,-211.8149,0.430502
-155.4689,-0.3373,-211.9433,0.430595
-155.6071,-0.3389,-212.0718,0.430683
-155.7287,-0.3404,-212.1862,0.430763
-155.8628,-0.3419,-212.3160,0.430852
-155.9934,-0.3431,-212.4478,0.430935
-156.1193,-0.3440,-212.5815,0.431024
-156.2392,-0.3447,-212.7174,0.431111
-156.3556,-0.3453,-212.8568,0.431200
-156.4922,-0.3486,-212.9404,0.431274
-156.6014,-0.3551,-213.0843,0.431361
-156.7082,-0.3619,-213.2300,0.431445
-156.8123,-0.3688,-213.3792,0.431536
-156.9167,-0.3748,-213.5294,0.431624
-157.0176,-0.3804,-213.6790,0.431709
-157.1060,-0.3854,-213.8126,0.431790
-157.2043,-0.3912,-213.9644,0.431874
-157.3025,-0.3972,-214.1179,0.431965
-157.4017,-0.4031,-214.2717,0.432048
-157.5045,-0.4080,-214.4260,0.432138
-157.5974,-0.4119,-214.5622,0.432212
-157.7060,-0.4155,-214.7115,0.432299
-157.8174,-0.4188,-214.8599,0.432385
-157.9292,-0.4221,-215.0079,0.432471
-158.0415,-0.4244,-215.1592,0.432555
-158.1490,-0.4265,-215.3086,0.432641
-158.2531,-0.4290,-215.4594,0.432725
-158.3426,-0.4314,-215.5949,0.432807
-158.4396,-0.4345,-215.7487,0.432890
-158.5336,-0.4379,-215.9046,0.432977
-158.6251,-0.4415,-216.0616,0.433064
-158.7175,-0.4446,-216.2188,0.433151
-158.8075,-0.4476,-216.3793,0.433237
-158.8853,-0.4496,-216.5208,0.433315
-158.9716,-0.4520,-216.6806,0.433406
-159.0562,-0.4546,-216.8413,0.433490
-159.1394,-0.4573,-217.0027,0.433577
-159.2210,-0.4602,-217.1647,0.433667
-159.2930,-0.4629,-217.3101,0.433742
-159.3745,-0.4659,-217.4747,0.433831
-159.4577,-0.4687,-217.6408,0.433916
-159.5410,-0.4698,-217.8043,0.434004
-159.6241,-0.4711,-217.9691,0.434089
-159.6969,-0.4721,-218.1145,0.434164
-159.7761,-0.4735,-218.2781,0.434255
-159.8508,-0.4753,-218.4421,0.434338
-159.9205,-0.4776,-218.6076,0.434425
-159.9924,-0.4806,-218.7929,0.434518
-160.0594,-0.4840,-218.9810,0.434615
-160.1144,-0.4860,-219.1498,0.434700
-160.1697,-0.4889,-219.3390,0.434794
-160.2195,-0.4922,-219.5291,0.434893
-160.2605,-0.4955,-219.7009,0.434979
-160.3033,-0.4995,-219.8922,0.435074
-160.3435,-0.5036,-220.0841,0.435167
-160.3811,-0.5080,-220.2766,0.435263
-160.4169,-0.5117,-220.4719,0.435361
-160.4517,-0.5154,-220.6853,0.435460
-160.4493,-0.5250,-220.8883,0.435556
-160.4796,-0.5289,-221.0847,0.435653
-160.5125,-0.5329,-221.2805,0.435746
-160.5482,-0.5373,-221.4762,0.435842
-160.5848,-0.5418,-221.6725,0.435936
-160.6203,-0.5465,-221.8692,0.436031
-160.6536,-0.5513,-222.0657,0.436126
-160.6843,-0.5562,-222.2622,0.436221
-160.7095,-0.5606,-222.4387,0.436305
-160.7323,-0.5651,-222.6162,0.436387
-160.7545,-0.5701,-222.8146,0.436481
-160.7718,-0.5746,-222.9936,0.436567
-160.7879,-0.5796,-223.1935,0.436664
-160.8009,-0.5845,-223.3939,0.436758
-160.8100,-0.5889,-223.5739,0.436841
-160.8162,-0.5931,-223.7546,0.436927
-160.8191,-0.5973,-223.9346,0.437012
-160.8183,-0.6013,-224.1144,0.437098
-160.8130,-0.6051,-224.2942,0.437185
-160.8029,-0.6087,-224.4738,0.437269
-160.7881,-0.6122,-224.6526,0.437352
-160.7669,-0.6158,-224.8509,0.437450
-160.7444,-0.6189,-225.0288,0.437534
-160.7193,-0.6219,-225.2066,0.437622
-160.6888,-0.6249,-225.4038,0.437715
-160.6589,-0.6266,-225.5829,0.437802
-160.6263,-0.6277,-225.7596,0.437889
-160.5868,-0.6285,-225.9553,0.437983
-160.5442,-0.6293,-226.1507,0.438080
-160.5031,-0.6296,-226.3263,0.438162
-160.4592,-0.6297,-226.5017,0.438247
-160.4071,-0.6295,-226.6962,0.438345
-160.3573,-0.6289,-226.8712,0.438429
-160.3049,-0.6281,-227.0464,0.438516
-160.2502,-0.6269,-227.2227,0.438601
-160.1954,-0.6256,-227.3998,0.438688
-160.1419,-0.6240,-227.5773,0.438775
-160.0888,-0.6221,-227.7563,0.438865
-160.0347,-0.6200,-227.9357,0.438951
-159.9789,-0.6177,-228.1152,0.439040
-159.9211,-0.6153,-228.2945,0.439127
-159.8611,-0.6127,-228.4734,0.439215
-159.7991,-0.6100,-228.6521,0.439306
-159.7349,-0.6072,-228.8306,0.439395
-159.6687,-0.6043,-229.0086,0.439485
-159.6287,-0.5655,-229.1995,0.439573
-159.5607,-0.5632,-229.3780,0.439667
-159.4903,-0.5610,-229.5563,0.439756
-159.4187,-0.5590,-229.7347,0.439846
-159.3461,-0.5569,-229.9135,0.439938
-159.2707,-0.5545,-230.0940,0.440029
-159.1937,-0.5516,-230.2720,0.440119
-159.1138,-0.5489,-230.4491,0.440211
-159.0313,-0.5465,-230.6251,0.440304
-158.9464,-0.5442,-230.8006,0.440399
-158.8497,-0.5419,-230.9958,0.440500
-158.7609,-0.5400,-231.1717,0.440594
-158.6599,-0.5379,-231.3674,0.440700
-158.5657,-0.5351,-231.5449,0.440795
-158.4595,-0.5321,-231.7394,0.440900
-158.3612,-0.5296,-231.9140,0.440995
-158.2489,-0.5270,-232.1085,0.441105
-158.1469,-0.5246,-232.2844,0.441200
-158.0341,-0.5218,-232.4834,0.441307
-157.9227,-0.5188,-232.6850,0.441415
-157.8222,-0.5157,-232.8705,0.441513
-157.7225,-0.5116,-233.0557,0.441614
-157.6107,-0.5070,-233.2621,0.441722
-157.5084,-0.5031,-233.4457,0.441820
-157.3583,-0.5022,-233.5950,0.441917
-157.2481,-0.5024,-233.7747,0.442020
-157.1349,-0.5023,-233.9531,0.442115
-157.0178,-0.5020,-234.1310,0.442215
-156.8967,-0.5014,-234.3100,0.442317
-156.7739,-0.5013,-234.4893,0.442415
-156.6514,-0.5016,-234.6708,0.442519
-156.5279,-0.5019,-234.8537,0.442620
-156.4035,-0.5021,-235.0367,0.442722
-156.2776,-0.5023,-235.2194,0.442824
-156.1344,-0.5022,-235.4231,0.442940
-156.0023,-0.5021,-235.6077,0.443047
-155.8686,-0.5018,-235.7916,0.443150
-155.7329,-0.5015,-235.9750,0.443253
-155.5933,-0.5012,-236.1604,0.443360
-155.4501,-0.5006,-236.3466,0.443466
-155.3061,-0.4999,-236.5334,0.443572
-155.1612,-0.4991,-236.7216,0.443681
-155.0152,-0.4983,-236.9121,0.443785
-154.8526,-0.4985,-237.1251,0.443910
-154.7039,-0.4987,-237.3186,0.444019
-154.5529,-0.4986,-237.5117,0.444125
-154.3995,-0.4983,-237.7033,0.444236
-154.2419,-0.4976,-237.8929,0.444349
-154.0799,-0.4969,-238.0793,0.444457
-153.8944,-0.4959,-238.2840,0.444584
-153.7232,-0.4947,-238.4672,0.444697
-153.5491,-0.4934,-238.6510,0.444814
-153.3736,-0.4921,-238.8361,0.444930
-153.1864,-0.4964,-239.0351,0.445063
-153.0120,-0.5041,-239.2487,0.445180
-152.8311,-0.5019,-239.4392,0.445298
-152.6273,-0.4994,-239.6497,0.445436
-152.4399,-0.4970,-239.8369,0.445556
-152.2476,-0.5085,-240.0216,0.445680
-152.0518,-0.5089,-240.2049,0.445805
-151.8302,-0.5092,-240.4074,0.445942
-151.6272,-0.5093,-240.5889,0.446068
-151.3975,-0.5090,-240.7895,0.446213
-151.1873,-0.5083,-240.9685,0.446337
-150.9740,-0.5071,-241.1452,0.446470
-150.7324,-0.5052,-241.3389,0.446616
-150.5093,-0.5028,-241.5130,0.446747
-150.2575,-0.4994,-241.7068,0.446895
-150.0307,-0.4957,-241.8815,0.447028
-149.8021,-0.4915,-242.0570,0.447162
-149.5441,-0.4862,-242.2522,0.447317
-149.3082,-0.4808,-242.4278,0.447453
-149.0430,-0.4744,-242.6225,0.447608
-148.8017,-0.4685,-242.7971,0.447747
-148.5300,-0.4618,-242.9902,0.447901
-148.2822,-0.4558,-243.1630,0.448041
-148.0033,-0.4493,-243.3541,0.448202
-147.7489,-0.4437,-243.5251,0.448346
-147.4620,-0.4382,-243.7151,0.448507
-147.1727,-0.4334,-243.9053,0.448665
-146.9188,-0.4240,-244.0924,0.448807
-146.6241,-0.4198,-244.2856,0.448970
-146.3559,-0.4157,-244.4599,0.449114
-146.0560,-0.4111,-244.6517,0.449279
-145.7820,-0.4071,-244.8221,0.449424
-145.4747,-0.4029,-245.0061,0.449588
-145.1933,-0.3992,-245.1671,0.449742
-144.8762,-0.3955,-245.3394,0.449908
-144.5539,-0.3918,-245.5052,0.450079
-144.2601,-0.3884,-245.6495,0.450228
-143.9211,-0.4232,-245.7917,0.450403
-143.6192,-0.4226,-245.9321,0.450554
-143.2809,-0.4214,-246.0894,0.450726
-142.9743,-0.4195,-246.2331,0.450883
-142.6312,-0.4166,-246.3954,0.451057
-142.3191,-0.4132,-246.5432,0.451216
-142.0035,-0.4089,-246.6917,0.451378
-141.6490,-0.4032,-246.8568,0.451556
-141.3271,-0.3974,-247.0052,0.451717
-140.9666,-0.3902,-247.1696,0.451895
-140.6397,-0.3836,-247.3171,0.452062
-140.3098,-0.3767,-247.4646,0.452225
-139.9410,-0.3692,-247.6286,0.452405
-139.6069,-0.3626,-247.7766,0.452564
-139.2330,-0.3557,-247.9411,0.452749
-138.8949,-0.3502,-248.0882,0.452912
-138.5161,-0.3449,-248.2493,0.453099
-138.1727,-0.3409,-248.3909,0.453264
-137.7874,-0.3373,-248.5440,0.453451
-137.4382,-0.3345,-248.6769,0.453618
-137.0470,-0.3320,-248.8187,0.453803
-136.6927,-0.3301,-248.9405,0.453979
-136.2947,-0.3281,-249.0698,0.454162
-135.9328,-0.3262,-249.1809,0.454342
-135.5272,-0.3235,-249.2992,0.454537
-135.1595,-0.3205,-249.4025,0.454707
-134.7480,-0.3166,-249.5153,0.454909
-134.3746,-0.3123,-249.6158,0.455086
-133.9559,-0.3065,-249.7259,0.455280
-133.5759,-0.3002,-249.8229,0.455461
-133.1931,-0.2930,-249.9173,0.455638
-132.7645,-0.2839,-250.0186,0.455843
-132.3755,-0.2752,-250.1067,0.456023
-131.9397,-0.2648,-250.2016,0.456232
-131.5448,-0.2551,-250.2849,0.456416
-131.1032,-0.2442,-250.3751,0.456624
-130.7034,-0.2346,-250.4534,0.456809
-130.2570,-0.2247,-250.5361,0.457023
-129.8520,-0.2166,-250.6060,0.457207
-129.3995,-0.2086,-250.6785,0.457424
-128.9901,-0.2026,-250.7390,0.457611
-128.5329,-0.1973,-250.8006,0.457829
-128.1184,-0.1934,-250.8512,0.458021
-127.6549,-0.1848,-250.9137,0.458238
-127.2340,-0.1790,-250.9589,0.458428
-126.7634,-0.1725,-251.0118,0.458649
-126.2890,-0.1659,-251.0683,0.458871
-125.8585,-0.1599,-251.1212,0.459073
-125.3766,-0.1531,-251.1804,0.459297
-124.9396,-0.1469,-251.2330,0.459499
-124.4511,-0.1393,-251.2898,0.459719
-124.0087,-0.1326,-251.3399,0.459926
-123.5152,-0.1251,-251.3943,0.460157
-123.0193,-0.1177,-251.4468,0.460374
-122.5714,-0.1109,-251.4922,0.460579
-122.0724,-0.1034,-251.5391,0.460802
-121.6219,-0.0966,-251.5768,0.461013
-121.1193,-0.0891,-251.6125,0.461250
-120.6656,-0.0823,-251.6382,0.461455
-120.1600,-0.0748,-251.6607,0.461689
-119.7025,-0.0681,-251.6759,0.461893
-119.1915,-0.0607,-251.6887,0.462123
-118.7286,-0.0537,-251.6992,0.462333
-118.2108,-0.0458,-251.7123,0.462570
-117.7414,-0.0387,-251.7260,0.462783
-117.2166,-0.0307,-251.7425,0.463024
-116.7398,-0.0232,-251.7575,0.463244
-116.2079,-0.0150,-251.7742,0.463481
-115.7264,-0.0076,-251.7888,0.463699
-115.2424,-0.0002,-251.8029,0.463915
-114.7019,0.0085,-251.8181,0.464158
-114.1584,0.0173,-251.8321,0.464406
-113.6671,0.0252,-251.8433,0.464629
-113.1192,0.0338,-251.8535,0.464882
-112.6229,0.0418,-251.8597,0.465097
-112.0693,0.0504,-251.8626,0.465351
-111.5125,0.0590,-251.8611,0.465596
-111.0087,0.0666,-251.8562,0.465826
-110.4457,0.0757,-251.8470,0.466081
-109.9358,0.0840,-251.8354,0.466308
-109.3656,0.0932,-251.8199,0.466570
-108.8494,0.1011,-251.8045,0.466806
-108.2694,0.1099,-251.7856,0.467061
-107.6858,0.1194,-251.7664,0.467323
-107.1552,0.1275,-251.7482,0.467555
-106.5596,0.1368,-251.7267,0.467825
-106.0207,0.1456,-251.7057,0.468065
-105.4177,0.1555,-251.6791,0.468328
-104.8121,0.1653,-251.6483,0.468600
-104.2628,0.1736,-251.6160,0.468838
-103.7093,0.1820,-251.5799,0.469084
-103.0907,0.1914,-251.5356,0.469356
-102.4670,0.2009,-251.4873,0.469639
-101.9016,0.2101,-251.4421,0.469880
-101.2688,0.2203,-251.3907,0.470161
-100.6948,0.2297,-251.3432,0.470425
-100.0517,0.2394,-251.2887,0.470708
-99.4681,0.2481,-251.2382,0.470971
-98.8140,0.2580,-251.1806,0.471256
-98.2203,0.2668,-251.1272,0.471525
-97.5556,0.2775,-251.0663,0.471824
-96.8908,0.2882,-251.0039,0.472111
-96.2928,0.2978,-250.9466,0.472374
-95.6288,0.3077,-250.8815,0.472662
-94.9627,0.3175,-250.8149,0.472948
-94.2907,0.3274,-250.7464,0.473251
-93.6842,0.3363,-250.6839,0.473511
-93.0116,0.3468,-250.6141,0.473807
-92.4038,0.3564,-250.5500,0.474070
-91.7241,0.3670,-250.4771,0.474373
-91.0392,0.3766,-250.4025,0.474674
-90.4177,0.3852,-250.3341,0.474943
-89.7222,0.3951,-250.2570,0.475251
-89.0911,0.4039,-250.1863,0.475530
-88.3848,0.4142,-250.1064,0.475838
-87.7457,0.4238,-250.0332,0.476116
-87.0309,0.4345,-249.9499,0.476426
-86.3831,0.4443,-249.8735,0.476711
-85.6587,0.4541,-249.7871,0.477033
-85.0011,0.4630,-249.7075,0.477321
-84.2651,0.4726,-249.6178,0.477646
-83.5240,0.4822,-249.5265,0.477979
-82.8522,0.4912,-249.4429,0.478273
-82.1016,0.5017,-249.3490,0.478616
-81.4217,0.5112,-249.2636,0.478912
-80.6606,0.5219,-249.1677,0.479247
-79.8938,0.5313,-249.0706,0.479589
-79.1986,0.5397,-248.9823,0.479894
-78.4204,0.5489,-248.8831,0.480243
-77.6371,0.5581,-248.7829,0.480601
-76.9275,0.5670,-248.6921,0.480911
-76.1347,0.5771,-248.5903,0.481263
-75.3366,0.5872,-248.4874,0.481614
-74.5321,0.5980,-248.3834,0.481976
-73.8036,0.6088,-248.2890,0.482285
-72.9890,0.6210,-248.1829,0.482641
-72.1694,0.6332,-248.0750,0.482997
-71.4275,0.6445,-247.9760,0.483335
-70.5987,0.6573,-247.8640,0.483702
-69.8487,0.6689,-247.7615,0.484032
-69.0072,0.6825,-247.6451,0.484398
-68.2487,0.7018,-247.5392,0.484742
-67.4009,0.7233,-247.4200,0.485112
-66.6330,0.7428,-247.3113,0.485449
-65.7742,0.7648,-247.1891,0.485840
-64.9962,0.7850,-247.0779,0.486176
-64.2141,0.8053,-246.9651,0.486518
-63.3415,0.8278,-246.8377,0.486903
-62.5517,0.8460,-246.7206,0.487244
-61.7585,0.8642,-246.6013,0.487595
-60.8733,0.8845,-246.4663,0.487976
-60.0725,0.9030,-246.3425,0.488347
-59.2680,0.9217,-246.2165,0.488702
-58.4591,0.9405,-246.0891,0.489059
-57.5555,0.9611,-245.9463,0.489462
-56.7363,0.9782,-245.8162,0.489816
-55.9123,0.9954,-245.6848,0.490193
-55.0839,1.0127,-245.5521,0.490561
-54.2514,1.0301,-245.4184,0.490930
-53.4150,1.0476,-245.2836,0.491305
-52.5746,1.0652,-245.1478,0.491682
-51.7303,1.0823,-245.0112,0.492054
-50.8808,1.0985,-244.8734,0.492447
-50.0267,1.1149,-244.7349,0.492820
-49.1682,1.1314,-244.5956,0.493205
-48.2096,1.1498,-244.4402,0.493630
-47.3427,1.1664,-244.2999,0.494017
-46.4723,1.1829,-244.1592,0.494399
-45.5969,1.1980,-244.0181,0.494781
-44.6190,1.2149,-243.8611,0.495206
-43.7343,1.2301,-243.7196,0.495595
-42.7465,1.2471,-243.5625,0.496025
-41.8531,1.2625,-243.4212,0.496405
-40.9564,1.2775,-243.2803,0.496797
-39.9542,1.2924,-243.1235,0.497223
-39.0477,1.3059,-242.9824,0.497624
-38.1371,1.3195,-242.8414,0.498014
-37.1206,1.3346,-242.6850,0.498456
-36.2016,1.3483,-242.5447,0.498852
-35.2785,1.3620,-242.4048,0.499257
-34.2478,1.3774,-242.2498,0.499696
-33.3158,1.3912,-242.1105,0.500104
-32.3796,1.4051,-241.9716,0.500517
-31.4394,1.4191,-241.8331,0.500926
-30.3904,1.4347,-241.6797,0.501392
-29.4425,1.4487,-241.5417,0.501805
-28.4958,1.4626,-241.4043,0.502219
-27.5487,1.4737,-241.2673,0.502632
-26.6022,1.4849,-241.1307,0.503050
-25.6551,1.4960,-240.9944,0.503469
-24.7055,1.5072,-240.8581,0.503888
-23.7568,1.5184,-240.7222,0.504305
-22.7039,1.5308,-240.5716,0.504756
-21.7556,1.5419,-240.4363,0.505171
-20.8040,1.5531,-240.3005,0.505584
-19.8489,1.5643,-240.1643,0.505994
-18.8904,1.5756,-240.0277,0.506413
-17.8215,1.5882,-239.8755,0.506879
-16.8560,1.5995,-239.7385,0.507286
-15.8871,1.6109,-239.6014,0.507704
-14.9147,1.6223,-239.4645,0.508116
-13.9389,1.6338,-239.3276,0.508540
-12.8505,1.6466,-239.1755,0.509004
-11.8674,1.6581,-239.0386,0.509425
-10.8808,1.6697,-238.9017,0.509862
-9.8910,1.6813,-238.7648,0.510285
-8.8978,1.6929,-238.6281,0.510714
-7.9014,1.7046,-238.4914,0.511139
-6.7904,1.7177,-238.3395,0.511630
-5.7874,1.7294,-238.2025,0.512057
-4.7813,1.7412,-238.0646,0.512502
-3.7722,1.7530,-237.9258,0.512929
-2.7601,1.7649,-237.7861,0.513367
-1.6321,1.7781,-237.6298,0.513849
-0.6136,1.7901,-237.4881,0.514296
0.4069,1.8007,-237.3457,0.514733
1.4321,1.8084,-237.2026,0.515171
2.5752,1.8170,-237.0434,0.515662
3.6076,1.8247,-236.8998,0.516115
4.6430,1.8325,-236.7560,0.516556
5.6817,1.8403,-236.6119,0.516997
6.7240,1.8481,-236.4674,0.517451
7.7699,1.8559,-236.3224,0.517908
8.8194,1.8638,-236.1767,0.518353
9.8721,1.8717,-236.0304,0.518795
10.9280,1.8796,-235.8836,0.519253
11.9870,1.8875,-235.7363,0.519702
13.1673,1.8964,-235.5722,0.520220
14.2329,1.9044,-235.4241,0.520674
15.3018,1.9124,-235.2755,0.521130
16.3741,1.9204,-235.1266,0.521593
17.4496,1.9285,-234.9773,0.522056
18.5284,1.9366,-234.8277,0.522516
19.6103,1.9447,-234.6776,0.522985
20.6955,1.9528,-234.5273,0.523447
21.7840,1.9610,-234.3765,0.523920
22.8756,1.9692,-234.2254,0.524387
23.9704,1.9774,-234.0739,0.524854
25.1906,1.9865,-233.9051,0.525387
26.2919,1.9948,-233.7526,0.525855
27.3962,2.0031,-233.5988,0.526340
28.5034,2.0114,-233.4439,0.526820
29.7369,2.0206,-233.2703,0.527360
30.8500,2.0290,-233.1127,0.527848
31.9662,2.0374,-232.9538,0.528334
33.0854,2.0459,-232.7937,0.528821
34.2078,2.0543,-232.6327,0.529302
35.4587,2.0637,-232.4530,0.529857
36.5880,2.0723,-232.2908,0.530340
37.7206,2.0808,-232.1280,0.530829
38.8564,2.0894,-231.9647,0.531318
39.9954,2.0979,-231.8009,0.531814
41.1359,2.1022,-231.6368,0.532305
42.2813,2.1048,-231.4720,0.532807
43.4296,2.1074,-231.3069,0.533304
44.7087,2.1103,-231.1234,0.533854
45.8628,2.1129,-230.9584,0.534351
47.0201,2.1155,-230.7935,0.534859
48.1811,2.1181,-230.6285,0.535361
49.3457,2.1207,-230.4637,0.535860
50.5133,2.1234,-230.2990,0.536366
51.6840,2.1260,-230.1347,0.536867
52.9882,2.1289,-229.9526,0.537426
54.1649,2.1315,-229.7890,0.537934
55.3445,2.1342,-229.6256,0.538441
56.5270,2.1368,-229.4623,0.538955
57.7125,2.1394,-229.2990,0.539465
58.9009,2.1421,-229.1360,0.539977
60.0923,2.1447,-228.9731,0.540490
61.4194,2.1477,-228.7922,0.541068
62.6167,2.1503,-228.6296,0.541575
63.8169,2.1530,-228.4670,0.542098
65.0199,2.1556,-228.3044,0.542616
66.2255,2.1583,-228.1416,0.543143
67.4337,2.1609,-227.9782,0.543662
68.6445,2.1636,-227.8141,0.544182
69.8578,2.1663,-227.6491,0.544710
71.0735,2.1690,-227.4832,0.545242
72.4273,2.1720,-227.2976,0.545825
73.6484,2.1747,-227.1296,0.546352
74.8722,2.1775,-226.9609,0.546891
76.0987,2.1802,-226.7916,0.547422
77.3279,2.1829,-226.6217,0.547950
78.5597,2.1857,-226.4511,0.548485
79.7926,2.1885,-226.2800,0.549020
81.0249,2.1912,-226.1087,0.549550
82.2564,2.1940,-225.9372,0.550089
83.4874,2.1967,-225.7654,0.550616
84.7200,2.1995,-225.5930,0.551145
85.9521,2.2023,-225.4203,0.551683
87.1830,2.2050,-225.2477,0.552214
88.4111,2.2028,-225.0752,0.552739
89.6425,2.1984,-224.9019,0.553272
90.8759,2.1941,-224.7284,0.553798
92.1110,2.1897,-224.5547,0.554331
93.4855,2.1848,-224.3616,0.554922
94.7250,2.1804,-224.1876,0.555458
95.9668,2.1760,-224.0131,0.555985
97.2104,2.1715,-223.8379,0.556523
98.4558,2.1671,-223.6615,0.557063
99.7026,2.1627,-223.4840,0.557598
100.9510,2.1583,-223.3054,0.558133
102.2009,2.1539,-223.1256,0.558681
103.4524,2.1495,-222.9445,0.559220
104.7054,2.1450,-222.7621,0.559765
105.9603,2.1406,-222.5781,0.560302
107.2170,2.1362,-222.3929,0.560848
108.4757,2.1318,-222.2068,0.561405
109.8766,2.1269,-221.9992,0.562006
111.1397,2.1224,-221.8117,0.562551
112.4047,2.1180,-221.6237,0.563102
113.6720,2.1136,-221.4352,0.563646
114.9412,2.1091,-221.2466,0.564198
116.2126,2.1047,-221.0581,0.564750
117.4860,2.1002,-220.8696,0.565305
118.7615,2.0957,-220.6815,0.565859
120.1810,2.0907,-220.4728,0.566470
121.4606,2.0862,-220.2856,0.567028
122.7420,2.0817,-220.0988,0.567585
124.0251,2.0772,-219.9121,0.568144
125.3099,2.0726,-219.7255,0.568705
126.5963,2.0681,-219.5392,0.569265
127.8844,2.0636,-219.3532,0.569823
129.1740,2.0590,-219.1675,0.570382
130.4652,2.0544,-218.9820,0.570948
131.9015,2.0493,-218.7761,0.571566
133.1957,2.0448,-218.5909,0.572127
134.4912,2.0402,-218.4058,0.572686
135.7879,2.0356,-218.2208,0.573255
137.0860,2.0310,-218.0357,0.573812
138.3832,2.0197,-217.8506,0.574376
139.6834,2.0075,-217.6651,0.574938
140.9844,1.9953,-217.4795,0.575499
142.2860,1.9832,-217.2940,0.576059
143.7331,1.9696,-217.0880,0.576693
145.0361,1.9575,-216.9026,0.577248
146.3394,1.9453,-216.7172,0.577814
147.6422,1.9331,-216.5320,0.578377
148.9443,1.9209,-216.3474,0.578936
150.2456,1.9087,-216.1632,0.579496
151.5459,1.8966,-215.9795,0.580054
152.8452,1.8844,-215.7964,0.580619
154.1436,1.8723,-215.6139,0.581174
155.5850,1.8588,-215.4119,0.581802
156.8812,1.8466,-215.2309,0.582361
158.1763,1.8345,-215.0506,0.582917
159.4704,1.8224,-214.8712,0.583482
160.7634,1.8103,-214.6926,0.584033
162.0552,1.7981,-214.5146,0.584598
163.3454,1.7860,-214.3371,0.585156
164.6329,1.7740,-214.1602,0.585711
165.9171,1.7619,-213.9839,0.586268
167.1975,1.7499,-213.8082,0.586833
168.4736,1.7379,-213.6333,0.587386
169.7449,1.7260,-213.4591,0.587950
171.1518,1.7128,-213.2663,0.588556
172.4127,1.7010,-213.0935,0.589104
173.5292,1.6905,-212.9404,0.589589
174.9191,1.6774,-212.7497,0.590196
176.1640,1.6658,-212.5787,0.590740
177.4026,1.6541,-212.4083,0.591275
178.6345,1.6426,-212.2387,0.591809
179.8593,1.6311,-212.0697,0.592343
181.0771,1.6197,-211.9015,0.592868
182.2876,1.6083,-211.7338,0.593391
183.4909,1.5971,-211.5669,0.593921
184.6869,1.5858,-211.4005,0.594429
185.8749,1.5727,-211.2349,0.594948
187.0562,1.5593,-211.0698,0.595454
188.2300,1.5461,-210.9055,0.595963
189.5254,1.5315,-210.7237,0.596526
190.6831,1.5184,-210.5607,0.597021
191.8329,1.5054,-210.3976,0.597523
192.9747,1.4926,-210.2342,0.598017
194.1087,1.4798,-210.0701,0.598513
195.3593,1.4657,-209.8869,0.599048
196.4769,1.4531,-209.7214,0.599536
197.5868,1.4406,-209.5557,0.600020
198.6893,1.4283,-209.3902,0.600496
199.9057,1.4146,-209.2064,0.601031
200.9926,1.4024,-209.0411,0.601502
202.0724,1.3903,-208.8758,0.601968
203.1447,1.3782,-208.7107,0.602429
204.3277,1.3650,-208.5274,0.602944
205.3847,1.3531,-208.3625,0.603403
206.4343,1.3413,-208.1978,0.603856
207.4767,1.3296,-208.0333,0.604318
208.6262,1.3167,-207.8509,0.604815
209.6531,1.3052,-207.6871,0.605276
210.6727,1.2937,-207.5240,0.605717
211.6851,1.2824,-207.3614,0.606160
212.8015,1.2699,-207.1816,0.606649
213.7985,1.2587,-207.0206,0.607081
214.7877,1.2476,-206.8604,0.607524
215.7680,1.2366,-206.7014,0.607953
216.8458,1.2245,-206.5266,0.608433
217.8049,1.2138,-206.3708,0.608852
218.7533,1.2031,-206.2166,0.609271
219.6910,1.1926,-206.0641,0.609692
220.7204,1.1811,-205.8964,0.610150
221.6358,1.1708,-205.7469,0.610549
222.5411,1.1607,-205.5993,0.610955
223.4359,1.1507,-205.4534,0.611355
224.4177,1.1397,-205.2932,0.611802
225.2899,1.1299,-205.1509,0.612184
226.1551,1.1261,-205.0099,0.612571
227.0976,1.1272,-204.8568,0.612985
227.9322,1.1282,-204.7210,0.613359
228.7544,1.1292,-204.5864,0.613729
229.6533,1.1303,-204.4390,0.614136
230.4508,1.1312,-204.3081,0.614485
231.2390,1.1322,-204.1789,0.614835
232.0179,1.1331,-204.0513,0.615181
232.8721,1.1341,-203.9113,0.615554
233.6306,1.1351,-203.7866,0.615886
234.3795,1.1360,-203.6635,0.616219
235.2006,1.1369,-203.5287,0.616573
235.9291,1.1378,-203.4091,0.616891
236.6472,1.1387,-203.2912,0.617211
237.4331,1.1397,-203.1621,0.617562
238.1299,1.1405,-203.0476,0.617878
238.8172,1.1413,-202.9346,0.618181
239.4949,1.1422,-202.8230,0.618493
240.2363,1.1431,-202.7008,0.618812
240.8931,1.1439,-202.5925,0.619117
241.5399,1.1446,-202.4859,0.619411
242.1768,1.1454,-202.3808,0.619696
242.8729,1.1463,-202.2660,0.620019
243.4891,1.1470,-202.1642,0.620301
244.0956,1.1478,-202.0641,0.620568
244.7579,1.1486,-201.9546,0.620871
245.3438,1.1493,-201.8577,0.621135
245.9197,1.1500,-201.7624,0.621401
246.4859,1.1507,-201.6687,0.621655
247.1037,1.1514,-201.5665,0.621951
247.6495,1.1521,-201.4762,0.622189
248.1855,1.1527,-201.3874,0.622424
248.7119,1.1534,-201.3002,0.622676
249.2287,1.1540,-201.2146,0.622916
249.7359,1.1546,-201.1306,0.623149
250.2334,1.1552,-201.0481,0.623367
250.7213,1.1558,-200.9672,0.623592
251.1997,1.1564,-200.8879,0.623811
251.6685,1.1569,-200.8102,0.624032
252.1278,1.1575,-200.7340,0.624244
252.6268,1.1581,-200.6512,0.624477
253.0659,1.1586,-200.5784,0.624683
253.4955,1.1592,-200.5072,0.624891
253.9156,1.1597,-200.4375,0.625085
254.3262,1.1602,-200.3693,0.625278
254.7275,1.1607,-200.3028,0.625466
255.1199,1.1611,-200.2377,0.625649
255.5041,1.1616,-200.1740,0.625827
255.8802,1.1621,-200.1114,0.626007
256.2495,1.1626,-200.0497,0.626179
256.6119,1.1631,-199.9895,0.626358
256.9696,1.1635,-199.9300,0.626519
257.3239,1.1640,-199.8710,0.626697
257.6769,1.1645,-199.8122,0.626859
257.9902,1.1649,-199.7599,0.627009
258.3424,1.1653,-199.7008,0.627180
258.6940,1.1658,-199.6415,0.627343
259.0429,1.1663,-199.5822,0.627506
259.3871,1.1667,-199.5232,0.627673
259.7297,1.1672,-199.4639,0.627837
260.0735,1.1677,-199.4033,0.627992
260.4170,1.1681,-199.3419,0.628158
260.7589,1.1686,-199.2803,0.628316
261.1001,1.1691,-199.2183,0.628480
261.4405,1.1696,-199.1561,0.628638
261.7800,1.1701,-199.0936,0.628801
262.0811,1.1705,-199.0377,0.628946
262.4188,1.1710,-198.9744,0.629100
262.7553,1.1715,-198.9104,0.629257
263.0909,1.1720,-198.8452,0.629418
263.4253,1.1725,-198.7790,0.629572
263.7585,1.1730,-198.7120,0.629726
264.0905,1.1735,-198.6439,0.629885
264.4208,1.1740,-198.5746,0.630036
264.7127,1.1745,-198.5113,0.630168
265.0391,1.1751,-198.4368,0.630326
265.3633,1.1756,-198.3584,0.630476
265.6852,1.1762,-198.2767,0.630631
266.0052,1.1769,-198.1921,0.630779
266.2882,1.1774,-198.1147,0.630906
266.6051,1.1781,-198.0254,0.631066
266.9206,1.1787,-197.9340,0.631212
267.2354,1.1794,-197.8404,0.631364
267.5490,1.1801,-197.7458,0.631512
267.8271,1.1807,-197.6613,0.631642
268.1393,1.1814,-197.5652,0.631792
268.4506,1.1821,-197.4678,0.631944
268.7613,1.1828,-197.3688,0.632084
269.0716,1.1834,-197.2693,0.632231
269.3479,1.1839,-197.1819,0.632369
269.6591,1.1844,-197.0853,0.632507
269.9707,1.1849,-196.9900,0.632650
270.2821,1.1854,-196.8952,0.632801
270.5929,1.1858,-196.8006,0.632941
270.9030,1.1863,-196.7059,0.633076
271.2117,1.1868,-196.6111,0.633226
271.4845,1.1873,-196.5260,0.633361
271.7895,1.1878,-196.4278,0.633493
272.0923,1.1883,-196.3266,0.633636
272.3926,1.1889,-196.2227,0.633784
272.6911,1.1894,-196.1167,0.633923
272.9880,1.1900,-196.0088,0.634060
273.2504,1.1905,-195.9115,0.634193
273.5445,1.1911,-195.8004,0.634331
273.8372,1.1917,-195.6877,0.634472
274.1284,1.1924,-195.5735,0.634610
274.4182,1.1930,-195.4579,0.634751
274.7067,1.1936,-195.3407,0.634900
274.9937,1.1943,-195.2218,0.635035
275.2791,1.1949,-195.1013,0.635169
275.5317,1.1955,-194.9929,0.635296
275.8142,1.1962,-194.8695,0.635433
276.0952,1.1968,-194.7444,0.635568
276.3741,1.1975,-194.6172,0.635707
276.6449,1.1999,-194.4695,0.635848
276.8895,1.2023,-194.3527,0.635963
277.1627,1.2051,-194.2192,0.636101
277.4340,1.2081,-194.0839,0.636243
277.7037,1.2113,-193.9467,0.636382
277.9717,1.2146,-193.8077,0.636516
278.2088,1.2178,-193.6820,0.636632
278.4742,1.2216,-193.5402,0.636768
278.7372,1.2251,-193.3978,0.636909
279.0009,1.2279,-193.2536,0.637043
279.2645,1.2307,-193.1089,0.637175
279.4988,1.2332,-192.9811,0.637295
279.7627,1.2362,-192.8375,0.637424
280.0264,1.2392,-192.6947,0.637564
280.2892,1.2422,-192.5515,0.637698
280.5207,1.2447,-192.4243,0.637813
280.7815,1.2465,-192.2801,0.637946
281.0407,1.2485,-192.1352,0.638079
281.2695,1.2505,-192.0055,0.638192
281.5245,1.2528,-191.8578,0.638328
281.7772,1.2554,-191.7077,0.638459
282.0273,1.2582,-191.5555,0.638593
282.2742,1.2600,-191.4027,0.638721
282.4933,1.2615,-191.2649,0.638837
282.7385,1.2634,-191.1088,0.638969
282.9822,1.2653,-190.9516,0.639092
283.2244,1.2673,-190.7932,0.639222
283.4380,1.2693,-190.6516,0.639336
283.6749,1.2705,-190.4921,0.639467
283.9104,1.2718,-190.3289,0.639593
284.1726,1.2741,-190.2087,0.639723
284.3768,1.2737,-190.0603,0.639837
284.6037,1.2729,-189.8913,0.639961
284.8292,1.2725,-189.7191,0.640088
285.0505,1.2735,-189.5448,0.640218
285.2657,1.2735,-189.3664,0.640344
285.4534,1.2731,-189.2056,0.640456
285.6615,1.2723,-189.0225,0.640579
285.8687,1.2722,-188.8354,0.640709
286.0708,1.2730,-188.6480,0.640832
286.2462,1.2728,-188.4786,0.640942
286.4427,1.2726,-188.2873,0.641072
286.6358,1.2720,-188.0936,0.641193
286.8256,1.2709,-187.8976,0.641318
287.0117,1.2695,-187.6995,0.641441
287.1744,1.2679,-187.5215,0.641553
287.3541,1.2658,-187.3192,0.641674
287.5333,1.2664,-187.1112,0.641803
287.7059,1.2674,-186.9046,0.641921
287.8759,1.2680,-186.6960,0.642047
288.0431,1.2684,-186.4863,0.642168
288.1906,1.2686,-186.2994,0.642277
288.3544,1.2687,-186.0879,0.642399
288.5157,1.2685,-185.8750,0.642522
288.6764,1.2694,-185.6572,0.642640
288.8316,1.2719,-185.4415,0.642763
288.9671,1.2739,-185.2486,0.642870
289.1160,1.2756,-185.0294,0.642990
289.2629,1.2775,-184.8099,0.643113
289.4072,1.2791,-184.5893,0.643230
289.5492,1.2804,-184.3671,0.643354
289.6917,1.2837,-184.1395,0.643471
289.8313,1.2885,-183.9168,0.643591
289.9555,1.2928,-183.7190,0.643697
290.0946,1.2975,-183.4961,0.643815
290.2322,1.3020,-183.2727,0.643934
290.3681,1.3064,-183.0487,0.644053
290.5034,1.3109,-182.8254,0.644170
290.5842,1.3101,-182.5793,0.644283
290.6986,1.3082,-182.3784,0.644392
290.8250,1.3063,-182.1515,0.644509
290.9494,1.3045,-181.9239,0.644625
291.0721,1.3029,-181.6962,0.644743
291.1937,1.3012,-181.4687,0.644863
291.3136,1.2996,-181.2431,0.644979
291.4194,1.2968,-181.0401,0.645082
291.5363,1.2938,-180.8118,0.645199
291.6504,1.2910,-180.5822,0.645313
291.7601,1.2885,-180.3525,0.645432
291.8647,1.2863,-180.1211,0.645553
291.9819,1.2808,-179.9022,0.645670
292.0754,1.2746,-179.6680,0.645782
292.1660,1.2496,-179.4221,0.645900
292.2498,1.2470,-179.1845,0.646016
292.3291,1.2762,-178.9455,0.646129
292.4042,1.2772,-178.7054,0.646246
292.4745,1.2781,-178.4636,0.646361
292.5414,1.2791,-178.2211,0.646475
292.6056,1.2801,-177.9777,0.646590
292.6672,1.2810,-177.7334,0.646707
292.7260,1.2819,-177.4877,0.646822
292.7817,1.2828,-177.2405,0.646939
292.8341,1.2837,-176.9914,0.647052
292.8825,1.2846,-176.7416,0.647172
292.9312,1.2856,-176.4623,0.647302
292.9715,1.2865,-176.2073,0.647414
293.0092,1.2874,-175.9485,0.647544
293.0446,1.2882,-175.6861,0.647659
293.0768,1.2890,-175.4205,0.647785
293.1049,1.2899,-175.1513,0.647904
293.1348,1.2908,-174.8424,0.648052
293.1593,1.2917,-174.5605,0.648175
293.1801,1.2917,-174.2784,0.648310
293.1975,1.2917,-173.9627,0.648456
293.2080,1.2916,-173.6768,0.648587
293.2149,1.2916,-173.3557,0.648742
293.2183,1.2915,-173.0613,0.648872
293.2209,1.2915,-172.7614,0.649006
293.2244,1.2915,-172.4215,0.649170
293.2293,1.2914,-172.0738,0.649324
293.2371,1.2914,-171.7561,0.649462
293.2479,1.2913,-171.4331,0.649606
293.2615,1.2913,-171.0675,0.649769
293.2740,1.2912,-170.7330,0.649917
293.2877,1.2912,-170.3550,0.650091
293.2995,1.2911,-170.0098,0.650250
293.3123,1.2911,-169.6199,0.650421
293.3233,1.2910,-169.2630,0.650580
293.3351,1.2909,-168.8599,0.650771
293.3451,1.2909,-168.4919,0.650940
293.3533,1.2908,-168.1196,0.651116
293.3580,1.2908,-167.6999,0.651304
293.3571,1.2907,-167.3172,0.651482
293.3508,1.2907,-166.8881,0.651688
293.3405,1.2906,-166.4978,0.651870
293.3243,1.2906,-166.0592,0.652078
293.3058,1.2906,-165.6599,0.652261
293.2809,1.2905,-165.2111,0.652477
293.2551,1.2905,-164.8029,0.652658
293.2218,1.2905,-164.3439,0.652869
293.1888,1.2905,-163.9256,0.653067
293.1508,1.2905,-163.4548,0.653286
293.1174,1.2905,-163.0255,0.653477
293.0811,1.2905,-162.5415,0.653708
293.0478,1.2905,-162.0994,0.653902
293.0093,1.2905,-161.6012,0.654121
292.9731,1.2905,-161.1469,0.654333
292.9311,1.2905,-160.6355,0.654568
292.8916,1.2905,-160.1694,0.654779
292.8458,1.2904,-159.6449,0.655028
292.8029,1.2904,-159.1670,0.655246
292.7584,1.2904,-158.6835,0.655475
292.7073,1.2905,-158.1395,0.655720
292.6601,1.2905,-157.6441,0.655950
292.6064,1.2905,-157.0868,0.656201
292.5568,1.2905,-156.5793,0.656449
292.4999,1.2905,-156.0091,0.656709
292.4466,1.2905,-155.4906,0.656939
292.3904,1.2905,-154.9667,0.657186
292.3243,1.2905,-154.3787,0.657454
292.2617,1.2906,-153.8443,0.657693
292.1891,1.2906,-153.2442,0.657965
292.1214,1.2906,-152.6985,0.658200
292.0444,1.2910,-152.0849,0.658488
291.9738,1.2919,-151.5267,0.658729
291.8945,1.2929,-150.8994,0.659007
291.8221,1.2937,-150.3293,0.659265
291.7415,1.2949,-149.6957,0.659538
291.6685,1.2957,-149.1253,0.659794
291.5870,1.2969,-148.4916,0.660088
291.5127,1.2979,-147.9183,0.660350
291.4290,1.2991,-147.2754,0.660638
291.3532,1.3001,-146.6944,0.660909
291.2686,1.3025,-146.0471,0.661206
291.1920,1.3094,-145.4632,0.661474
291.1154,1.3164,-144.8762,0.661745
291.0287,1.3247,-144.2171,0.662052
290.9499,1.3316,-143.6198,0.662321
290.8620,1.3398,-142.9516,0.662627
290.7821,1.3474,-142.3438,0.662901
290.6939,1.3563,-141.6639,0.663210
290.6157,1.3643,-141.0475,0.663486
290.5309,1.3730,-140.3561,0.663801
290.4562,1.3806,-139.7291,0.664081
290.3745,1.3896,-139.0280,0.664396
290.3007,1.3976,-138.3911,0.664690
290.2178,1.4056,-137.6809,0.665015
290.1418,1.4120,-137.0354,0.665309
290.0577,1.4193,-136.3155,0.665640
289.9807,1.4262,-135.6616,0.665933
289.8954,1.4345,-134.9311,0.666268
289.8176,1.4409,-134.2702,0.666568
289.7310,1.4490,-133.5290,0.666914
289.6520,1.4553,-132.8582,0.667219
289.5642,1.4639,-132.1072,0.667561
289.4844,1.4716,-131.4267,0.667878
289.3949,1.4803,-130.6655,0.668211
289.3136,1.4881,-129.9758,0.668530
289.2224,1.4969,-129.2044,0.668876
289.1393,1.5049,-128.5053,0.669180
289.0463,1.5123,-127.7246,0.669530
288.9613,1.5187,-127.0155,0.669844
288.8664,1.5251,-126.2232,0.670194
288.7811,1.5319,-125.5055,0.670510
288.6853,1.5385,-124.7030,0.670877
288.5994,1.5453,-123.9761,0.671199
288.5034,1.5529,-123.1637,0.671569
288.4177,1.5589,-122.4250,0.671890
288.3244,1.5666,-121.5986,0.672266
288.2435,1.5735,-120.8491,0.672579
288.1576,1.5811,-120.0103,0.672957
288.0838,1.5879,-119.2504,0.673301
288.0047,1.5955,-118.4018,0.673662
287.9337,1.6023,-117.6339,0.673984
287.8614,1.6060,-116.8637,0.674326
287.7821,1.6114,-116.0049,0.674704
287.7021,1.6157,-115.1399,0.675071
287.6319,1.6194,-114.3604,0.675403
287.5613,1.6241,-113.5752,0.675738
287.4840,1.6278,-112.7000,0.676108
287.4164,1.6328,-111.9081,0.676450
287.3425,1.6383,-111.0237,0.676823
287.2773,1.6433,-110.2240,0.677165
287.2130,1.6483,-109.4211,0.677497
287.1428,1.6537,-108.5254,0.677876
287.0805,1.6586,-107.7165,0.678217
287.0123,1.6640,-106.8145,0.678600
286.9511,1.6658,-106.0008,0.678947
286.8846,1.6686,-105.0938,0.679341
286.8246,1.6706,-104.2733,0.679687
286.7593,1.6720,-103.3605,0.680082
286.7004,1.6743,-102.5358,0.680437
286.6354,1.6762,-101.6156,0.680827
286.5782,1.6791,-100.7853,0.681169
286.5150,1.6822,-99.8598,0.681555
286.4586,1.6851,-99.0247,0.681899
286.3965,1.6882,-98.0951,0.682284
286.3350,1.6913,-97.1644,0.682672
286.2801,1.6940,-96.3262,0.683007
286.2193,1.6944,-95.3957,0.683402
286.1653,1.6947,-94.5570,0.683746
286.1064,1.6948,-93.6247,0.684153
286.0559,1.6944,-92.7847,0.684504
286.0032,1.6939,-91.8524,0.684892
285.9593,1.6944,-91.0116,0.685243
285.9142,1.6950,-90.0777,0.685627
285.8767,1.6955,-89.2372,0.685973
285.8385,1.6958,-88.3038,0.686349
285.8073,1.6960,-87.4643,0.686686
285.7759,1.6965,-86.5319,0.687067
285.7512,1.6971,-85.6937,0.687404
285.7277,1.6977,-84.7630,0.687772
285.7102,1.6980,-83.9260,0.688109
285.6962,1.6975,-83.0901,0.688450
285.6839,1.6957,-82.1617,0.688819
285.6760,1.6937,-81.3271,0.689163
285.6715,1.6915,-80.4933,0.689499
285.6709,1.6887,-79.5675,0.689882
285.6757,1.6851,-78.7340,0.690217
285.6884,1.6807,-77.8084,0.690598
285.7072,1.6763,-76.9743,0.690937
285.7371,1.6724,-76.0495,0.691309
285.7723,1.6686,-75.2182,0.691659
285.8190,1.6643,-74.2961,0.692022
285.8651,1.6616,-73.4681,0.692357
285.9131,1.6588,-72.6418,0.692693
285.9692,1.6555,-71.7263,0.693061
286.0227,1.6524,-70.9046,0.693394
286.0789,1.6491,-70.0847,0.693723
286.1449,1.6452,-69.1759,0.694091
286.2071,1.6406,-68.3590,0.694429
286.2801,1.6356,-67.4522,0.694803
286.3506,1.6308,-66.6367,0.695140
286.4342,1.6229,-65.7335,0.695525
286.5148,1.6131,-64.9200,0.695864
286.6095,1.6071,-64.0153,0.696238
286.7006,1.6016,-63.2037,0.696565
286.7974,1.5957,-62.3929,0.696893
286.9111,1.5886,-61.4932,0.697252
287.0183,1.5823,-60.6844,0.697573
287.1430,1.5767,-59.7891,0.697932
287.2732,1.5708,-58.8971,0.698282
287.3934,1.5653,-58.0964,0.698608
287.5286,1.5591,-57.2088,0.698967
287.6519,1.5536,-56.4117,0.699300
287.7906,1.5482,-55.5291,0.699660
287.9172,1.5433,-54.7374,0.699984
288.0600,1.5377,-53.8601,0.700351
288.2056,1.5319,-52.9843,0.700711
288.3405,1.5277,-52.1991,0.701025
288.4968,1.5228,-51.3302,0.701390
288.6433,1.5179,-50.5517,0.701723
288.8117,1.5121,-49.6910,0.702070
288.9668,1.5076,-48.9208,0.702404
289.1400,1.5043,-48.0705,0.702757
289.2955,1.5013,-47.3098,0.703082
289.4686,1.4980,-46.4697,0.703434
289.6424,1.4946,-45.6350,0.703777
289.7994,1.4916,-44.8884,0.704088
289.9747,1.4881,-44.0639,0.704441
290.1332,1.4849,-43.3260,0.704744
290.3109,1.4828,-42.5090,0.705082
290.4718,1.4836,-41.7793,0.705370
290.6510,1.4841,-40.9728,0.705713
290.8123,1.4844,-40.2508,0.706017
290.9910,1.4835,-39.4533,0.706338
291.1695,1.4824,-38.6599,0.706671
291.3301,1.4813,-37.9498,0.706960
291.5097,1.4805,-37.1624,0.707288
291.6715,1.4841,-36.4605,0.707576
291.8531,1.4878,-35.6833,0.707895
292.0196,1.4908,-34.9872,0.708180
292.2078,1.4916,-34.2192,0.708501
292.3803,1.4917,-33.5312,0.708798
292.5753,1.4916,-32.7718,0.709130
292.7557,1.4924,-32.0907,0.709412
292.9604,1.4970,-31.3426,0.709746
293.1667,1.5008,-30.5987,0.710074
293.3502,1.5030,-29.9342,0.710365
293.5540,1.5034,-29.1989,0.710692
293.7386,1.5037,-28.5413,0.710978
293.9495,1.5049,-27.8135,0.711296
294.1471,1.5081,-27.1676,0.711593
294.3793,1.5111,-26.4548,0.711905
294.6208,1.5103,-25.7477,0.712219
294.8434,1.5085,-25.1163,0.712505
295.0939,1.5064,-24.4204,0.712825
295.3188,1.5067,-23.8036,0.713085
295.5677,1.5067,-23.1220,0.713396
295.7892,1.5040,-22.5140,0.713672
296.0361,1.5002,-21.8419,0.713969
296.2602,1.4984,-21.2403,0.714243
296.5104,1.4990,-20.5798,0.714548
296.7378,1.4992,-19.9904,0.714818
296.9924,1.4966,-19.3414,0.715115
297.2485,1.4934,-18.6961,0.715408
297.4801,1.4909,-18.1181,0.715671
297.7366,1.4902,-17.4826,0.715970
297.9666,1.4896,-16.9145,0.716224
298.2203,1.4857,-16.2883,0.716514
298.4494,1.4820,-15.7257,0.716771
298.7067,1.4790,-15.1053,0.717056
298.9700,1.4767,-14.4892,0.717338
299.2100,1.4732,-13.9426,0.717592
299.4796,1.4678,-13.3382,0.717875
299.7221,1.4629,-12.7981,0.718119
299.9910,1.4592,-12.2005,0.718393
300.2299,1.4552,-11.6685,0.718638
300.4914,1.4504,-11.0829,0.718909
300.7256,1.4453,-10.5574,0.719152
300.9856,1.4398,-9.9756,0.719418
301.2180,1.4356,-9.4593,0.719662
301.4775,1.4308,-8.8875,0.719921
301.7098,1.4253,-8.3758,0.720157
301.9671,1.4191,-7.8107,0.720419
302.1982,1.4141,-7.3055,0.720649
302.4554,1.4081,-6.7461,0.720914
302.6844,1.4031,-6.2492,0.721153
302.9378,1.3966,-5.6981,0.721405
303.1647,1.3908,-5.2050,0.721637
303.4171,1.3854,-4.6592,0.721889
303.6427,1.3827,-4.1726,0.722116
303.8927,1.3797,-3.6357,0.722365
304.1403,1.3764,-3.1026,0.722614
304.3607,1.3735,-2.6269,0.722838
304.5873,1.3744,-2.0928,0.723082
304.8014,1.3774,-1.6278,0.723303
305.0347,1.3808,-1.1183,0.723536
305.2620,1.3842,-0.6162,0.723776
305.4826,1.3879,-0.1211,0.724005
305.6762,1.3912,0.3182,0.724210
305.8864,1.3950,0.7988,0.724436
306.0912,1.3989,1.2712,0.724651
306.2896,1.4029,1.7353,0.724868
306.4810,1.4071,2.1921,0.725079
306.6657,1.4114,2.6416,0.725289
306.8436,1.4159,3.0833,0.725494
307.0141,1.4190,3.5160,0.725690
307.1790,1.4217,3.9431,0.725889
307.3379,1.4246,4.3630,0.726086
307.5419,1.4241,4.7510,0.726274
307.6873,1.4198,5.1571,0.726461
307.8264,1.4152,5.5568,0.726639
307.9594,1.4103,5.9500,0.726821
308.0878,1.4052,6.3407,0.726999
308.1953,1.4050,6.6826,0.727150
308.3087,1.4045,7.0549,0.727322
308.4153,1.4035,7.4198,0.727489
308.5151,1.4020,7.7782,0.727653
308.6092,1.4002,8.1300,0.727814
308.6969,1.3979,8.4748,0.727964
308.7774,1.3951,8.8117,0.728120
308.8521,1.3923,9.1477,0.728265
308.9199,1.3932,9.4731,0.728413
308.9854,1.3938,9.7942,0.728556
309.0499,1.3944,10.1156,0.728700
309.1071,1.3948,10.4058,0.728830
309.1697,1.3951,10.7285,0.728977
309.2314,1.3954,11.0521,0.729118
309.2907,1.3950,11.3765,0.729261
309.3443,1.3956,11.6736,0.729392
309.4010,1.3999,11.9986,0.729538
309.4548,1.4038,12.3245,0.729682
309.5009,1.4071,12.6182,0.729810
309.5520,1.4108,12.9444,0.729957
309.5985,1.4137,13.2719,0.730101
309.6385,1.4160,13.5671,0.730233
309.6807,1.4184,13.8958,0.730375
309.7203,1.4224,14.2290,0.730521
309.7543,1.4276,14.5263,0.730651
309.7909,1.4332,14.8571,0.730801
309.8234,1.4382,15.1553,0.730931
309.7980,1.4347,15.4858,0.731077
309.8311,1.4323,15.8195,0.731223
309.8606,1.4301,16.1199,0.731352
309.8933,1.4277,16.4543,0.731501
309.9224,1.4251,16.7545,0.731633
309.9535,1.4213,17.0903,0.731781
309.9804,1.4180,17.3926,0.731914
310.0087,1.4144,17.7294,0.732059
310.0345,1.4110,18.0672,0.732208
310.0554,1.4081,18.3726,0.732342
310.0760,1.4049,18.7130,0.732495
310.0905,1.4023,19.0215,0.732627
310.1019,1.3997,19.3671,0.732778
310.1086,1.3968,19.7164,0.732934
310.1107,1.3942,20.0349,0.733075
310.1092,1.3915,20.3926,0.733227
310.1223,1.3899,20.7207,0.733371
310.1132,1.3899,21.0865,0.733534
310.1000,1.3899,21.4568,0.733694
310.0850,1.3900,21.7943,0.733843
310.0647,1.3901,22.1743,0.734011
310.0416,1.3903,22.5603,0.734175
310.0197,1.3904,22.9120,0.734335
309.9951,1.3906,23.3079,0.734506
309.9691,1.3908,23.7100,0.734681
309.9437,1.3909,24.0773,0.734839
309.9130,1.3912,24.4917,0.735016
309.8827,1.3914,24.8705,0.735183
309.8463,1.3917,25.2974,0.735367
309.8063,1.3920,25.7303,0.735558
309.7673,1.3924,26.1251,0.735726
309.7204,1.3929,26.5689,0.735922
309.6697,1.3935,27.0193,0.736119
309.6222,1.3940,27.4308,0.736298
309.5693,1.3946,27.8944,0.736502
309.5161,1.3951,28.3657,0.736707
309.4672,1.3956,28.7962,0.736889
309.4112,1.3959,29.2805,0.737102
309.3582,1.3957,29.7225,0.737294
309.2959,1.3958,30.2198,0.737507
309.2368,1.3957,30.6727,0.737703
309.1681,1.3956,31.1824,0.737920
309.1046,1.3957,31.6469,0.738123
309.0331,1.3957,32.1702,0.738348
308.9685,1.3957,32.6469,0.738558
308.9034,1.3956,33.1299,0.738765
308.8300,1.3955,33.6736,0.739003
308.7630,1.3955,34.1691,0.739216
308.6870,1.3954,34.7264,0.739459
308.6173,1.3953,35.2337,0.739676
308.5374,1.3953,35.8039,0.739920
308.4632,1.3953,36.3227,0.740150
308.3870,1.3956,36.8466,0.740379
308.2997,1.3956,37.4348,0.740635
308.2194,1.3959,37.9701,0.740865
308.1371,1.3960,38.5105,0.741098
308.0529,1.3963,39.0569,0.741336
307.9668,1.3964,39.6085,0.741573
307.8689,1.3967,40.2282,0.741842
307.7784,1.3969,40.7913,0.742086
307.6859,1.3970,41.3599,0.742335
307.5816,1.3972,41.9927,0.742613
307.4866,1.3973,42.5619,0.742853
307.3907,1.3974,43.1307,0.743110
307.2938,1.3976,43.7005,0.743356
307.1843,1.3978,44.3388,0.743629
307.0848,1.3979,44.9181,0.743876
306.9855,1.3981,45.4970,0.744134
306.8750,1.3984,46.1423,0.744415
306.7748,1.3989,46.7276,0.744672
306.6742,1.3994,47.3174,0.744937
306.5614,1.3996,47.9784,0.745223
306.4593,1.4001,48.5783,0.745487
306.3568,1.4003,49.1824,0.745761
306.2537,1.4007,49.7911,0.746025
306.1502,1.4011,50.4038,0.746301
306.0462,1.4012,51.0210,0.746571
305.9301,1.4014,51.7119,0.746886
305.8253,1.4016,52.3385,0.747152
305.7200,1.4018,52.9696,0.747441
305.6144,1.4019,53.6051,0.747716
305.5085,1.4021,54.2451,0.748006
305.4023,1.4023,54.8896,0.748286
305.2958,1.4024,55.5384,0.748579
305.1770,1.4026,56.2646,0.748901
305.0694,1.4022,56.9220,0.749192
304.9612,1.4008,57.5837,0.749486
304.8509,1.3988,58.2506,0.749789
304.7394,1.3979,58.9211,0.750088
304.6273,1.3958,59.5952,0.750395
304.5134,1.3945,60.2746,0.750697
304.3860,1.3926,61.0331,0.751034
304.2693,1.3910,61.7215,0.751341
304.1523,1.3896,62.4136,0.751650
304.0340,1.3874,63.1108,0.751958
303.9019,1.3850,63.8913,0.752301
303.7825,1.3828,64.5985,0.752613
303.6627,1.3806,65.3104,0.752931
303.5423,1.3783,66.0268,0.753245
303.4214,1.3761,66.7476,0.753562
303.2864,1.3736,67.5538,0.753915
303.1643,1.3713,68.2843,0.754238
303.0417,1.3690,69.0195,0.754563
302.9184,1.3677,69.7605,0.754881
302.7812,1.3680,70.5879,0.755249
302.6574,1.3683,71.3373,0.755584
302.5332,1.3686,72.0912,0.755920
302.4086,1.3688,72.8498,0.756257
302.2836,1.3691,73.6130,0.756581
302.1582,1.3694,74.3807,0.756922
302.0186,1.3697,75.2388,0.757301
301.8925,1.3700,76.0155,0.757632
301.7659,1.3704,76.7965,0.757973
301.6388,1.3707,77.5817,0.758319
301.5110,1.3710,78.3715,0.758658
301.3825,1.3713,79.1658,0.758997
301.2534,1.3717,79.9646,0.759360
301.1094,1.3721,80.8573,0.759741
300.9791,1.3724,81.6654,0.760099
300.8481,1.3727,82.4777,0.760445
300.7165,1.3730,83.2938,0.760803
300.5833,1.3726,84.1145,0.761154
300.4489,1.3719,84.9392,0.761508
300.3129,1.3714,85.7681,0.761866
300.1603,1.3706,86.6939,0.762275
300.0213,1.3701,87.5314,0.762635
299.8810,1.3694,88.3731,0.762997
299.7392,1.3689,89.2193,0.763370
299.5967,1.3682,90.0698,0.763738
299.4532,1.3674,90.9250,0.764113
299.2928,1.3666,91.8804,0.764525
299.1474,1.3658,92.7449,0.764899
299.0011,1.3650,93.6136,0.765274
298.8538,1.3642,94.4867,0.765650
298.7057,1.3634,95.3641,0.766042
298.5571,1.3626,96.2458,0.766425
298.4080,1.3619,97.1325,0.766815
298.2589,1.3622,98.0233,0.767213
298.1098,1.3625,98.9188,0.767596
297.9615,1.3629,99.8189,0.767990
297.8140,1.3632,100.7236,0.768389
297.6671,1.3635,101.6329,0.768774
297.5044,1.3639,102.6481,0.769225
297.3582,1.3643,103.5661,0.769626
297.2120,1.3649,104.4880,0.770020
297.0660,1.3653,105.4136,0.770422
296.9197,1.3660,106.3433,0.770831
296.7574,1.3665,107.3809,0.771275
296.6114,1.3672,108.3188,0.771676
296.4653,1.3677,109.2609,0.772094
296.3194,1.3683,110.2066,0.772498
296.1735,1.3709,111.1561,0.772913
296.0124,1.3762,112.2090,0.773375
295.8680,1.3807,113.1559,0.773790
295.7242,1.3855,114.1027,0.774197
295.5801,1.3902,115.0530,0.774612
295.4211,1.3952,116.1083,0.775090
295.2788,1.4002,117.0575,0.775502
295.1221,1.4058,118.1118,0.775978
294.9816,1.4108,119.0634,0.776387
294.8415,1.4159,120.0185,0.776815
294.6859,1.4216,121.0834,0.777264
294.5457,1.4267,122.0443,0.777688
294.3898,1.4323,123.1140,0.778170
294.2497,1.4341,124.0758,0.778583
294.1092,1.4347,125.0392,0.779006
293.9533,1.4354,126.1086,0.779477
293.8131,1.4363,127.0698,0.779891
293.6729,1.4370,128.0305,0.780315
293.5172,1.4376,129.0965,0.780774
293.3767,1.4380,130.0548,0.781200
293.2203,1.4385,131.1185,0.781676
293.0795,1.4389,132.0746,0.782086
292.9385,1.4393,133.0297,0.782519
292.7816,1.4397,134.0897,0.782972
292.6401,1.4408,135.0429,0.783387
292.4826,1.4423,136.1006,0.783853
292.3405,1.4437,137.0513,0.784273
292.1980,1.4449,138.0010,0.784687
292.0553,1.4464,138.9498,0.785103
291.8964,1.4481,140.0025,0.785562
291.7531,1.4495,140.9488,0.785976
291.6096,1.4511,141.8938,0.786392
291.4500,1.4531,142.9411,0.786851
291.3061,1.4546,143.8814,0.787269
291.1621,1.4558,144.8187,0.787669
291.0181,1.4569,145.7527,0.788082
290.8583,1.4582,146.7863,0.788536
290.7147,1.4596,147.7131,0.788937
290.5712,1.4611,148.6357,0.789353
290.4276,1.4628,149.5554,0.789745
290.2689,1.4642,150.5727,0.790197
290.1267,1.4653,151.4851,0.790597
289.9854,1.4663,152.3940,0.790997
289.8450,1.4674,153.2993,0.791398
289.6902,1.4690,154.3011,0.791827
289.5519,1.4704,155.1986,0.792221
289.3992,1.4721,156.1913,0.792652
289.2621,1.4734,157.0793,0.793047
289.1252,1.4744,157.9632,0.793435
288.9738,1.4756,158.9400,0.793858
288.8380,1.4768,159.8146,0.794249
288.7029,1.4784,160.6839,0.794624
288.5538,1.4796,161.6435,0.795042
288.4202,1.4811,162.5006,0.795425
288.2873,1.4823,163.3510,0.795794
288.1403,1.4834,164.2887,0.796201
288.0087,1.4843,165.1260,0.796564
287.8634,1.4857,166.0491,0.796969
287.7336,1.4871,166.8728,0.797337
287.6044,1.4881,167.6896,0.797697
287.4616,1.4896,168.5902,0.798088
287.3336,1.4909,169.3927,0.798447
287.1919,1.4919,170.2765,0.798833
287.0649,1.4928,171.0645,0.799179
286.9385,1.4937,171.8456,0.799531
286.7986,1.4952,172.7051,0.799915
286.6730,1.4965,173.4712,0.800252
286.5476,1.4977,174.2303,0.800607
286.4081,1.4991,175.0645,0.800990
286.2823,1.5000,175.8079,0.801318
286.1565,1.5008,176.5440,0.801663
286.0166,1.5017,177.3536,0.802041
285.8904,1.5024,178.0746,0.802376
285.7639,1.5036,178.7886,0.802713
285.6230,1.5049,179.5736,0.803080
285.4956,1.5060,180.2731,0.803403
285.3680,1.5070,180.9653,0.803733
285.2399,1.5079,181.6502,0.804061
285.0974,1.5086,182.4034,0.804429
284.9693,1.5092,183.0727,0.804743
284.8410,1.5099,183.7341,0.805061
284.7122,1.5108,184.3884,0.805366
284.5682,1.5119,185.1080,0.805713
284.4388,1.5125,185.7476,0.806030
284.3092,1.5134,186.3807,0.806334
284.1800,1.5142,187.0073,0.806637
284.0513,1.5149,187.6262,0.806933
283.9229,1.5154,188.2388,0.807226
283.7805,1.5159,188.9114,0.807547
283.6529,1.5164,189.5097,0.807834
283.5256,1.5169,190.1015,0.808109
283.3987,1.5176,190.6864,0.808395
283.2714,1.5182,191.2655,0.808683
283.1439,1.5188,191.8389,0.808958
283.0161,1.5194,192.4070,0.809228
282.8881,1.5198,192.9700,0.809514
282.7598,1.5201,193.5283,0.809784
282.6313,1.5206,194.0825,0.810057
282.5022,1.5211,194.6337,0.810324
282.3722,1.5214,195.1831,0.810598
282.2268,1.5218,195.7909,0.810881
282.0952,1.5225,196.3370,0.811157
281.9627,1.5231,196.8818,0.811426
281.8290,1.5234,197.4256,0.811701
281.6944,1.5240,197.9690,0.811974
281.5590,1.5244,198.5108,0.812240
281.4221,1.5248,199.0504,0.812495
281.2825,1.5251,199.5891,0.812752
281.1405,1.5252,200.1260,0.813028
280.9960,1.5253,200.6612,0.813291
280.8492,1.5253,201.1947,0.813561
280.7000,1.5258,201.7267,0.813826
280.5484,1.5262,202.2570,0.814092
280.3943,1.5264,202.7857,0.814357
280.2379,1.5267,203.3130,0.814621
280.0793,1.5270,203.8390,0.814880
279.9184,1.5270,204.3635,0.815141
279.7550,1.5269,204.8866,0.815399
279.5895,1.5268,205.4083,0.815657
279.4212,1.5267,205.9288,0.815917
279.2501,1.5271,206.4466,0.816165
279.0755,1.5273,206.9616,0.816431
278.8972,1.5274,207.4747,0.816681
278.7154,1.5275,207.9854,0.816934
278.5297,1.5273,208.4937,0.817197
278.3405,1.5270,208.9997,0.817456
278.1476,1.5266,209.5033,0.817701
277.9506,1.5261,210.0051,0.817947
277.7725,1.5262,210.4477,0.818175
277.5678,1.5262,210.9434,0.818409
277.3589,1.5261,211.4362,0.818655
277.1461,1.5259,211.9264,0.818904
276.9294,1.5253,212.4140,0.819137
276.7089,1.5247,212.8994,0.819394
276.4850,1.5239,213.3824,0.819633
276.2573,1.5233,213.8636,0.819872
276.0261,1.5231,214.3420,0.820116
275.7913,1.5227,214.8179,0.820348
275.5534,1.5223,215.2915,0.820591
275.3128,1.5219,215.7632,0.820827
275.0692,1.5214,216.2330,0.821068
274.8223,1.5208,216.7012,0.821306
274.5722,1.5201,217.1674,0.821546
274.3476,1.5202,217.5796,0.821755
274.0922,1.5200,218.0405,0.821989
273.8335,1.5198,218.4991,0.822219
273.5710,1.5195,218.9547,0.822460
273.3047,1.5189,219.4068,0.822690
273.0343,1.5181,219.8559,0.822924
272.7600,1.5171,220.3015,0.823153
272.4816,1.5167,220.7443,0.823398
272.1994,1.5165,221.1839,0.823631
271.9141,1.5160,221.6217,0.823871
271.6276,1.5156,222.0580,0.824101
271.3403,1.5150,222.4934,0.824338
271.0833,1.5145,222.8803,0.824546
270.7603,1.5137,223.3629,0.824815
270.4999,1.5131,223.7488,0.825029
270.2061,1.5132,224.1807,0.825261
269.9107,1.5131,224.6105,0.825496
269.6132,1.5130,225.0389,0.825734
269.3141,1.5129,225.4657,0.825966
269.0134,1.5125,225.8908,0.826205
268.7113,1.5121,226.3146,0.826437
268.4081,1.5116,226.7368,0.826676
268.1029,1.5118,227.1581,0.826912
267.7958,1.5131,227.5762,0.827144
267.4867,1.5144,227.9902,0.827375
267.1742,1.5154,228.4012,0.827608
266.8591,1.5164,228.8093,0.827844
266.5769,1.5173,229.1698,0.828052
266.2569,1.5179,229.5729,0.828279
265.9344,1.5184,229.9738,0.828515
265.6093,1.5188,230.3721,0.828740
265.2815,1.5190,230.7678,0.828971
264.9507,1.5201,231.1614,0.829201
264.6176,1.5213,231.5518,0.829439
264.2817,1.5222,231.9396,0.829662
263.9435,1.5232,232.3251,0.829890
263.6024,1.5240,232.7088,0.830114
263.2594,1.5247,233.0895,0.830365
262.9135,1.5251,233.4682,0.830575
262.5650,1.5254,233.8445,0.830806
262.2139,1.5255,234.2181,0.831034
261.8596,1.5256,234.5897,0.831262
261.5436,1.5265,234.9163,0.831463
261.1447,1.5274,235.3210,0.831719
260.7822,1.5278,235.6812,0.831953
260.4576,1.5282,235.9985,0.832157
260.0898,1.5285,236.3524,0.832385
259.7189,1.5285,236.7036,0.832608
259.3459,1.5283,237.0530,0.832840
258.9721,1.5280,237.4015,0.833071
258.5972,1.5278,237.7500,0.833297
258.2213,1.5279,238.0986,0.833527
257.8448,1.5285,238.4470,0.833758
257.4684,1.5291,238.7943,0.833987
257.0910,1.5295,239.1409,0.834222
256.7131,1.5301,239.4866,0.834445
256.3347,1.5306,239.8312,0.834678
255.9557,1.5309,240.1746,0.834907
255.5766,1.5311,240.5168,0.835132
255.1971,1.5313,240.8577,0.835362
254.8170,1.5314,241.1969,0.835590
254.4360,1.5323,241.5343,0.835824
254.0545,1.5332,241.8693,0.836046
253.6722,1.5337,242.2012,0.836275
253.2460,1.5344,242.5662,0.836533
252.8602,1.5348,242.8906,0.836756
252.4726,1.5348,243.2109,0.836986
252.0834,1.5347,243.5274,0.837210
251.6926,1.5344,243.8404,0.837437
251.3001,1.5339,244.1499,0.837664
250.9056,1.5339,244.4561,0.837890
250.5096,1.5337,244.7585,0.838113
250.1120,1.5334,245.0575,0.838340
249.6683,1.5328,245.3858,0.838595
249.2673,1.5323,245.6779,0.838817
248.8646,1.5316,245.9666,0.839041
248.4599,1.5306,246.2516,0.839263
248.0082,1.5294,246.5643,0.839517
247.5995,1.5286,246.8423,0.839742
247.1892,1.5278,247.1163,0.839960
246.7771,1.5266,247.3867,0.840192
246.3633,1.5253,247.6538,0.840418
245.9016,1.5237,247.9464,0.840662
245.4844,1.5219,248.2059,0.840885
245.0657,1.5199,248.4612,0.841104
244.6446,1.5177,248.7119,0.841329
244.2168,1.5227,248.9597,0.841551
243.7917,1.5280,249.1988,0.841772
243.3448,1.5343,249.4018,0.841996
242.9155,1.5436,249.6294,0.842220
242.4844,1.5533,249.8519,0.842443
242.0670,1.5587,250.0848,0.842658
241.6326,1.5579,250.2999,0.842887
241.1965,1.5567,250.5138,0.843105
240.7590,1.5556,250.7257,0.843325
240.3199,1.5544,250.9330,0.843544
239.8788,1.5533,251.1347,0.843762
239.4857,1.5523,251.3105,0.843955
238.9985,1.5444,251.5254,0.844195
238.5554,1.5357,251.7199,0.844414
238.0979,1.5302,251.8973,0.844623
237.6525,1.5301,252.0886,0.844838
237.2053,1.5302,252.2763,0.845051
236.7564,1.5305,252.4612,0.845268
236.3077,1.5304,252.6432,0.845482
235.8067,1.5288,252.8428,0.845721
235.3550,1.5274,253.0196,0.845943
234.9008,1.5261,253.1926,0.846161
234.4453,1.5250,253.3628,0.846379
233.9380,1.5239,253.5496,0.846626
233.4820,1.5229,253.7155,0.846842
233.0241,1.5202,253.8798,0.847064
232.5654,1.5177,254.0412,0.847282
232.0552,1.5154,254.2165,0.847525
231.5953,1.5137,254.3690,0.847740
231.1341,1.5122,254.5163,0.847957
230.6229,1.5110,254.6733,0.848195
230.1603,1.5078,254.8094,0.848409
229.6967,1.5050,254.9394,0.848629
229.1802,1.5026,255.0756,0.848863
228.7147,1.5009,255.1910,0.849082
228.2483,1.4997,255.2995,0.849293
227.7811,1.4989,255.4017,0.849509
227.2625,1.4963,255.5083,0.849746
226.7926,1.4939,255.5994,0.849970
226.3225,1.4918,255.6862,0.850178
225.8509,1.4901,255.7688,0.850396
225.3785,1.4886,255.8478,0.850610
224.8526,1.4872,255.9314,0.850848
224.3797,1.4848,256.0025,0.851068
223.9050,1.4819,256.0697,0.851286
223.4294,1.4794,256.1322,0.851500
222.9535,1.4771,256.1897,0.851718
222.4241,1.4750,256.2466,0.851955
221.9473,1.4733,256.2927,0.852167
221.4713,1.4712,256.3344,0.852386
220.9938,1.4684,256.3722,0.852606
220.4622,1.4656,256.4101,0.852843
219.9829,1.4633,256.4411,0.853061
219.5028,1.4612,256.4701,0.853280
219.0222,1.4592,256.4987,0.853496
218.5421,1.4567,256.5261,0.853712
218.0065,1.4525,256.5547,0.853949
217.5251,1.4489,256.5781,0.854171
217.0439,1.4456,256.5975,0.854390
216.5628,1.4426,256.6112,0.854604
216.0824,1.4401,256.6192,0.854819
215.5505,1.4371,256.6232,0.855061
215.0681,1.4360,256.6610,0.855279
214.5899,1.4369,256.6535,0.855497
214.1122,1.4376,256.6409,0.855713
213.6348,1.4379,256.6228,0.855931
213.1048,1.4379,256.5964,0.856171
212.6283,1.4376,256.5674,0.856387
212.1510,1.4387,256.5334,0.856602
211.6758,1.4395,256.4935,0.856822
211.2016,1.4400,256.4476,0.857036
210.6757,1.4402,256.3898,0.857278
210.2032,1.4400,256.3320,0.857488
209.7314,1.4394,256.2692,0.857703
209.2080,1.4385,256.1934,0.857944
208.7378,1.4373,256.1193,0.858158
208.2672,1.4369,256.0392,0.858377
207.7472,1.4368,255.9432,0.858618
207.2805,1.4364,255.8501,0.858834
206.7617,1.4355,255.7402,0.859073
206.2942,1.4345,255.6375,0.859285
205.7725,1.4333,255.5218,0.859528
205.3006,1.4323,255.4186,0.859739
204.7727,1.4312,255.3050,0.859982
204.2405,1.4317,255.1917,0.860223
203.7608,1.4327,255.0899,0.860437
203.2263,1.4337,254.9757,0.860683
202.7446,1.4346,254.8715,0.860901
202.2090,1.4354,254.7536,0.861144
201.7267,1.4360,254.6448,0.861360
201.1913,1.4365,254.5201,0.861608
200.7088,1.4367,254.4024,0.861830
200.2285,1.4381,254.2793,0.862049
199.6957,1.4393,254.1349,0.862292
199.2169,1.4399,253.9983,0.862519
198.6850,1.4402,253.8401,0.862767
198.2059,1.4402,253.6924,0.862990
197.6724,1.4399,253.5228,0.863245
197.1367,1.4392,253.3471,0.863501
196.6526,1.4398,253.1847,0.863729
196.1144,1.4405,253.0004,0.863983
195.6287,1.4409,252.8304,0.864213
195.0876,1.4411,252.6367,0.864475
194.5444,1.4411,252.4380,0.864735
194.0538,1.4410,252.2556,0.864968
193.5057,1.4408,252.0490,0.865231
192.9567,1.4420,251.8384,0.865494
192.4613,1.4428,251.6448,0.865736
191.9097,1.4435,251.4250,0.866003
191.3569,1.4440,251.2008,0.866270
190.8587,1.4442,250.9949,0.866511
190.3035,1.4446,250.7604,0.866785
189.7490,1.4459,250.5189,0.867059
189.2505,1.4466,250.2955,0.867304
188.6971,1.4469,250.0405,0.867579
188.1992,1.4469,249.8053,0.867826
187.6458,1.4463,249.5377,0.868103
187.1466,1.4467,249.2911,0.868353
186.5926,1.4474,249.0104,0.868631
186.0932,1.4478,248.7519,0.868886
185.5370,1.4477,248.4604,0.869170
185.0343,1.4476,248.1954,0.869422
184.4715,1.4482,247.8964,0.869708
183.9641,1.4495,247.6236,0.869970
183.3990,1.4506,247.3156,0.870254
182.8896,1.4512,247.0345,0.870515
182.3206,1.4521,246.7174,0.870807
181.8080,1.4540,246.4288,0.871072
181.2367,1.4561,246.1041,0.871368
180.6639,1.4578,245.7751,0.871663
180.1475,1.4590,245.4756,0.871929
179.5734,1.4604,245.1386,0.872225
179.0580,1.4623,244.8298,0.872500
178.4881,1.4639,244.4792,0.872796
177.9777,1.4647,244.1561,0.873069
177.4141,1.4650,243.7893,0.873373
176.8523,1.4649,243.4146,0.873679
176.3484,1.4655,243.0704,0.873958
175.7901,1.4658,242.6798,0.874265
175.2885,1.4655,242.3227,0.874544
174.7312,1.4649,241.9212,0.874854
174.1719,1.4642,241.5140,0.875166
173.6678,1.4644,241.1422,0.875445
173.1081,1.4643,240.7231,0.875765
172.5492,1.4638,240.2973,0.876077
171.9910,1.4628,239.8652,0.876400
171.4889,1.4618,239.4709,0.876685
170.9310,1.4616,239.0266,0.877004
170.3740,1.4611,238.5761,0.877326
169.8732,1.4603,238.1657,0.877620
169.3166,1.4591,237.7047,0.877937
168.7592,1.4579,237.2382,0.878266
168.2028,1.4577,236.7666,0.878590
167.7033,1.4573,236.3370,0.878881
167.1507,1.4561,235.8533,0.879205
166.5996,1.4547,235.3630,0.879534
166.1050,1.4536,234.9164,0.879832
165.5578,1.4530,234.4146,0.880158
165.0126,1.4520,233.9068,0.880491
164.5232,1.4507,233.4450,0.880782
163.9805,1.4491,232.9268,0.881118
163.4382,1.4484,232.4027,0.881455
162.9524,1.4483,231.9263,0.881754
162.4155,1.4477,231.3916,0.882090
161.8820,1.4467,230.8507,0.882429
161.4035,1.4456,230.3578,0.882732
160.8747,1.4457,229.8041,0.883072
160.3503,1.4458,229.2439,0.883411
159.8292,1.4453,228.6774,0.883752
159.3602,1.4447,228.1624,0.884059
158.8383,1.4446,227.5864,0.884408
158.3159,1.4455,227.0067,0.884750
157.8458,1.4462,226.4816,0.885061
157.3224,1.4469,225.8930,0.885412
156.8000,1.4473,225.3010,0.885755
156.2788,1.4489,224.7044,0.886103
155.7620,1.4504,224.1030,0.886455
155.3015,1.4512,223.5563,0.886771
154.7954,1.4517,222.9435,0.887122
154.2924,1.4530,222.3235,0.887474
153.7962,1.4548,221.6985,0.887835
153.3545,1.4558,221.1305,0.888155
152.8686,1.4566,220.4937,0.888509
152.3837,1.4582,219.8485,0.888874
151.9082,1.4680,219.1994,0.889233
151.4405,1.4773,218.5433,0.889595
151.0260,1.4846,217.9466,0.889919
150.5700,1.4924,217.2776,0.890284
150.1166,1.4997,216.6029,0.890650
149.6667,1.5064,215.9218,0.891010
149.2225,1.5124,215.2345,0.891376
148.8282,1.5172,214.6111,0.891701
148.3954,1.5229,213.9132,0.892069
147.9702,1.5300,213.2103,0.892434
147.5524,1.5368,212.5014,0.892800
147.1413,1.5424,211.7865,0.893170
146.7753,1.5472,211.1377,0.893498
146.3729,1.5529,210.4115,0.893868
145.9777,1.5583,209.6795,0.894243
145.5911,1.5630,208.9418,0.894615
145.2126,1.5673,208.1981,0.894988
144.8397,1.5716,207.4478,0.895359
144.4715,1.5772,206.6929,0.895734
144.1063,1.5826,205.9336,0.896107
143.7435,1.5876,205.1694,0.896481
143.3838,1.5924,204.4011,0.896863
143.0292,1.5978,203.6274,0.897234
142.6822,1.6046,202.8492,0.897610
142.3454,1.6110,202.0663,0.897992
142.0191,1.6169,201.2787,0.898372
141.7004,1.6226,200.4848,0.898756
141.4186,1.6288,199.7674,0.899099
141.1107,1.6363,198.9658,0.899487
140.8071,1.6440,198.1607,0.899874
140.5092,1.6515,197.3513,0.900255
140.2171,1.6587,196.5379,0.900637
139.9596,1.6650,195.8023,0.900982
139.6794,1.6719,194.9816,0.901366
139.4057,1.6788,194.1569,0.901751
139.1402,1.6854,193.3280,0.902139
138.8828,1.6917,192.4952,0.902527
138.6589,1.6939,191.7432,0.902879
138.4142,1.6957,190.9037,0.903268
138.1730,1.6973,190.0618,0.903659
137.9387,1.6984,189.2150,0.904052
137.7129,1.6987,188.3660,0.904443
137.4954,1.6971,187.5142,0.904842
137.3081,1.6984,186.7423,0.905194
137.1069,1.7022,185.8837,0.905598
136.9148,1.7054,185.0217,0.905995
136.7307,1.7071,184.1553,0.906407
136.5534,1.7084,183.2844,0.906802
136.3817,1.7096,182.4093,0.907207
136.2154,1.7088,181.5305,0.907610
136.0531,1.7085,180.6484,0.908012
135.8946,1.7079,179.7633,0.908412
135.7400,1.7067,178.8761,0.908811
135.5882,1.7081,177.9824,0.909215
135.4405,1.7109,177.0877,0.909620
135.2967,1.7137,176.1899,0.910026
135.1560,1.7163,175.2892,0.910441
135.0179,1.7188,174.3857,0.910846
134.8822,1.7213,173.4797,0.911258
134.7497,1.7238,172.5722,0.911661
134.6216,1.7260,171.6630,0.912061
134.5109,1.7281,170.8436,0.912426
134.3938,1.7304,169.9317,0.912824
134.2832,1.7326,169.0182,0.913228
134.1789,1.7347,168.1028,0.913638
134.0809,1.7367,167.1855,0.914045
133.9884,1.7387,166.2661,0.914454
133.9018,1.7405,165.3446,0.914859
133.8294,1.7422,164.5136,0.915232
133.7556,1.7441,163.5883,0.915644
133.6882,1.7459,162.6610,0.916061
133.6255,1.7476,161.7308,0.916477
133.5662,1.7494,160.7979,0.916895
133.5104,1.7511,159.8620,0.917318
133.4587,1.7528,158.9233,0.917734
133.4114,1.7544,157.9821,0.918154
133.3724,1.7559,157.1331,0.918537
133.3329,1.7575,156.1877,0.918958
133.2943,1.7593,155.2406,0.919383
133.2646,1.7617,154.2915,0.919813
133.2392,1.7639,153.3405,0.920242
133.2199,1.7659,152.4833,0.920629
133.2029,1.7681,151.5295,0.921056
133.1911,1.7699,150.5741,0.921483
133.1837,1.7718,149.6172,0.921910
133.1809,1.7733,148.7546,0.922301
133.1817,1.7754,147.7942,0.922735
133.1868,1.7774,146.8320,0.923170
133.1948,1.7768,145.8689,0.923609
133.2053,1.7759,144.9026,0.924053
133.2169,1.7751,144.0306,0.924446
133.2323,1.7741,143.0600,0.924886
133.2509,1.7731,142.0877,0.925329
133.2728,1.7730,141.1132,0.925771
133.2953,1.7731,140.2351,0.926166
133.3231,1.7732,139.2579,0.926598
133.3535,1.7735,138.2782,0.927043
133.3865,1.7739,137.2970,0.927487
133.4222,1.7740,136.3141,0.927934
133.4604,1.7742,135.3296,0.928391
133.4969,1.7744,134.4422,0.928792
133.5399,1.7746,133.4547,0.929237
133.5855,1.7747,132.4656,0.929686
133.6335,1.7746,131.4749,0.930133
133.6839,1.7744,130.4824,0.930574
133.7367,1.7741,129.4885,0.931026
133.7863,1.7739,128.5923,0.931435
133.8438,1.7737,127.5953,0.931877
133.9037,1.7737,126.5968,0.932330
133.9663,1.7738,125.5966,0.932771
134.0246,1.7734,124.6951,0.933175
134.0909,1.7732,123.6914,0.933626
134.1584,1.7730,122.6855,0.934071
134.2266,1.7730,121.6780,0.934516
134.2956,1.7730,120.6690,0.934963
134.3654,1.7726,119.6580,0.935412
134.4431,1.7723,118.5445,0.935902
134.5143,1.7723,117.5304,0.936353
134.5860,1.7723,116.5151,0.936810
134.6582,1.7721,115.4986,0.937265
134.7381,1.7718,114.3787,0.937783
134.8111,1.7716,113.3591,0.938251
134.8841,1.7716,112.3382,0.938719
134.9646,1.7716,111.2137,0.939226
135.0378,1.7714,110.1901,0.939697
135.1111,1.7712,109.1650,0.940170
135.1844,1.7711,108.1385,0.940626
135.2649,1.7711,107.0079,0.941146
135.3381,1.7711,105.9788,0.941606
135.4113,1.7709,104.9481,0.942072
135.4846,1.7707,103.9163,0.942537
135.5652,1.7707,102.7799,0.943046
135.6395,1.7707,101.7460,0.943505
135.7156,1.7707,100.7111,0.943967
135.7934,1.7707,99.6754,0.944433
135.8807,1.7706,98.5351,0.944931
135.9618,1.7705,97.4974,0.945393
136.0443,1.7703,96.4585,0.945855
136.1286,1.7702,95.4186,0.946317
136.2230,1.7702,94.2733,0.946831
136.3104,1.7701,93.2309,0.947296
136.3995,1.7701,92.1874,0.947761
136.4902,1.7701,91.1428,0.948220
136.5827,1.7700,90.0971,0.948685
136.6865,1.7700,88.9456,0.949186
136.7827,1.7700,87.8978,0.949643
136.8806,1.7699,86.8490,0.950096
136.9799,1.7698,85.7990,0.950558
137.0799,1.7697,84.7479,0.951007
137.1904,1.7696,83.5902,0.951501
137.2913,1.7695,82.5363,0.951960
137.3923,1.7694,81.4813,0.952405
137.4935,1.7694,80.4250,0.952863
137.5947,1.7693,79.3677,0.953320
137.6959,1.7692,78.3093,0.953771
137.8071,1.7691,77.1438,0.954278
137.9080,1.7690,76.0833,0.954730
138.0085,1.7689,75.0219,0.955192
138.1087,1.7687,73.9595,0.955647
138.2084,1.7686,72.8961,0.956106
138.3172,1.7684,71.7253,0.956614
138.4153,1.7683,70.6599,0.957073
138.5126,1.7681,69.5935,0.957537
138.6092,1.7680,68.5264,0.958005
138.7051,1.7679,67.4584,0.958466
138.8001,1.7677,66.3897,0.958932
138.9038,1.7676,65.2131,0.959435
138.9971,1.7675,64.1428,0.959898
139.0896,1.7673,63.0717,0.960360
139.1812,1.7672,62.0000,0.960817
139.2720,1.7671,60.9275,0.961276
139.3710,1.7669,59.7471,0.961775
139.4601,1.7668,58.6733,0.962237
139.5486,1.7667,57.5989,0.962697
139.6364,1.7665,56.5238,0.963155
139.7235,1.7664,55.4482,0.963609
139.8099,1.7662,54.3719,0.964065
139.8956,1.7661,53.2951,0.964524
139.9896,1.7659,52.1099,0.965031
140.0748,1.7658,51.0320,0.965489
140.1599,1.7656,49.9535,0.965951
140.2447,1.7655,48.8746,0.966413
140.3294,1.7653,47.7950,0.966871
140.4139,1.7652,46.7150,0.967333
140.4984,1.7651,45.6343,0.967802
140.5828,1.7649,44.5530,0.968270
140.6671,1.7648,43.4712,0.968737
140.7598,1.7646,42.2805,0.969251
140.8441,1.7644,41.1975,0.969726
140.9285,1.7643,40.1139,0.970191
141.0129,1.7642,39.0297,0.970671
141.0973,1.7640,37.9449,0.971141
141.1817,1.7639,36.8596,0.971614
141.2662,1.7637,35.7737,0.972091
141.3507,1.7636,34.6873,0.972565
141.4353,1.7634,33.6002,0.973039
141.5199,1.7633,32.5127,0.973507
141.6046,1.7631,31.4246,0.973987
141.6893,1.7630,30.3359,0.974454
141.7740,1.7628,29.2467,0.974938
141.8588,1.7626,28.1569,0.975404
141.9437,1.7625,27.0666,0.975881
142.0285,1.7623,25.9757,0.976360
142.1135,1.7621,24.8843,0.976830
142.1985,1.7620,23.7923,0.977298
142.2834,1.7618,22.6997,0.977773
142.3679,1.7616,21.6064,0.978245
142.4520,1.7615,20.5125,0.978716
142.5355,1.7613,19.4181,0.979183
142.6185,1.7612,18.3242,0.979651
142.7008,1.7610,17.2307,0.980122
142.7824,1.7608,16.1374,0.980582
142.8636,1.7607,15.0412,0.981050
142.9444,1.7605,13.9460,0.981520
143.0249,1.7603,12.8522,0.981983
143.1052,1.7602,11.7590,0.982454
143.1852,1.7600,10.6654,0.982917
143.2652,1.7599,9.5711,0.983388
143.3451,1.7597,8.4763,0.983849
143.4171,1.7596,7.4905,0.984271
143.5051,1.7594,6.2850,0.984783
143.5773,1.7592,5.2982,0.985206
143.6575,1.7591,4.2012,0.985672
143.7378,1.7589,3.1036,0.986143
143.8183,1.7587,2.0053,0.986618
143.8990,1.7586,0.9064,0.987087
143.9798,1.7584,-0.1931,0.987557
144.0610,1.7582,-1.2931,0.988028
144.1424,1.7580,-2.3937,0.988505
144.2244,1.7578,-3.4947,0.988979
144.3073,1.7577,-4.5962,0.989449
144.3911,1.7575,-5.6981,0.989928
144.4759,1.7573,-6.8004,0.990396
144.5617,1.7571,-7.9032,0.990873
144.6395,1.7569,-8.8962,0.991307
144.7264,1.7568,-10.0002,0.991782
144.8139,1.7566,-11.1048,0.992263
144.9020,1.7564,-12.2099,0.992737
144.9913,1.7562,-13.3155,0.993212
145.0820,1.7560,-14.4215,0.993687
145.1740,1.7558,-15.5278,0.994175
145.2674,1.7556,-16.6346,0.994650
145.3621,1.7554,-17.7417,0.995130
145.4583,1.7552,-18.8491,0.995614
145.5559,1.7550,-19.9571,0.996101
145.6549,1.7549,-21.0654,0.996587
145.7554,1.7547,-22.1741,0.997077
145.8573,1.7545,-23.2835,0.997574
145.9598,1.7542,-24.3935,0.998065
146.0628,1.7540,-25.5042,0.998565
146.1664,1.7538,-26.6155,0.999061
146.2705,1.7536,-27.7275,0.999552
